bin,go_term,n_genes
expanded,GO:0000002,37
expanded,GO:0000003,3924
expanded,GO:0000009,22
expanded,GO:0000011,2
expanded,GO:0000012,27
expanded,GO:0000014,30
expanded,GO:0000015,42
expanded,GO:0000018,67
expanded,GO:0000019,3
expanded,GO:0000023,1
expanded,GO:0000025,1
expanded,GO:0000026,25
expanded,GO:0000027,1235
expanded,GO:0000028,192
expanded,GO:0000030,118
expanded,GO:0000033,15
expanded,GO:0000035,44
expanded,GO:0000036,135
expanded,GO:0000038,3
expanded,GO:0000041,56
expanded,GO:0000045,337
expanded,GO:0000048,1
expanded,GO:0000049,337
expanded,GO:0000050,40
expanded,GO:0000053,36
expanded,GO:0000054,93
expanded,GO:0000055,229
expanded,GO:0000056,81
expanded,GO:0000060,14
expanded,GO:0000062,44
expanded,GO:0000064,32
expanded,GO:0000070,80
expanded,GO:0000075,64
expanded,GO:0000076,120
expanded,GO:0000077,109
expanded,GO:0000079,94
expanded,GO:0000082,97
expanded,GO:0000086,24
expanded,GO:0000095,14
expanded,GO:0000096,160
expanded,GO:0000097,120
expanded,GO:0000098,15
expanded,GO:0000103,134
expanded,GO:0000104,16
expanded,GO:0000105,85
expanded,GO:0000107,7
expanded,GO:0000109,13
expanded,GO:0000110,29
expanded,GO:0000111,16
expanded,GO:0000112,21
expanded,GO:0000118,650
expanded,GO:0000120,67
expanded,GO:0000122,450
expanded,GO:0000123,248
expanded,GO:0000124,194
expanded,GO:0000125,1
expanded,GO:0000126,86
expanded,GO:0000127,114
expanded,GO:0000131,10
expanded,GO:0000138,1
expanded,GO:0000139,1353
expanded,GO:0000145,593
expanded,GO:0000146,205
expanded,GO:0000147,1
expanded,GO:0000148,164
expanded,GO:0000149,833
expanded,GO:0000150,51
expanded,GO:0000151,270
expanded,GO:0000152,40
expanded,GO:0000153,7
expanded,GO:0000154,1023
expanded,GO:0000155,228
expanded,GO:0000156,5
expanded,GO:0000159,202
expanded,GO:0000160,1211
expanded,GO:0000162,2551
expanded,GO:0000165,250
expanded,GO:0000166,2172
expanded,GO:0000172,44
expanded,GO:0000175,282
expanded,GO:0000176,244
expanded,GO:0000177,180
expanded,GO:0000178,143
expanded,GO:0000179,44
expanded,GO:0000182,2
expanded,GO:0000184,160
expanded,GO:0000186,3
expanded,GO:0000187,1
expanded,GO:0000188,1
expanded,GO:0000209,599
expanded,GO:0000212,33
expanded,GO:0000213,26
expanded,GO:0000214,64
expanded,GO:0000215,17
expanded,GO:0000217,17
expanded,GO:0000220,17
expanded,GO:0000221,34
expanded,GO:0000224,9
expanded,GO:0000225,21
expanded,GO:0000226,671
expanded,GO:0000228,411
expanded,GO:0000229,14
expanded,GO:0000243,36
expanded,GO:0000244,132
expanded,GO:0000245,168
expanded,GO:0000247,11
expanded,GO:0000253,12
expanded,GO:0000254,38
expanded,GO:0000256,2
expanded,GO:0000257,23
expanded,GO:0000266,120
expanded,GO:0000271,167
expanded,GO:0000272,483
expanded,GO:0000275,49
expanded,GO:0000276,5
expanded,GO:0000278,558
expanded,GO:0000280,219
expanded,GO:0000281,84
expanded,GO:0000285,44
expanded,GO:0000287,1495
expanded,GO:0000288,22
expanded,GO:0000289,9
expanded,GO:0000290,103
expanded,GO:0000291,19
expanded,GO:0000293,89
expanded,GO:0000295,75
expanded,GO:0000301,34
expanded,GO:0000302,744
expanded,GO:0000303,313
expanded,GO:0000304,36
expanded,GO:0000305,315
expanded,GO:0000306,33
expanded,GO:0000307,289
expanded,GO:0000309,31
expanded,GO:0000311,1
expanded,GO:0000312,4
expanded,GO:0000313,47
expanded,GO:0000314,28
expanded,GO:0000315,17
expanded,GO:0000322,25
expanded,GO:0000323,255
expanded,GO:0000324,4
expanded,GO:0000325,350
expanded,GO:0000326,21
expanded,GO:0000329,1
expanded,GO:0000331,28
expanded,GO:0000333,14
expanded,GO:0000338,55
expanded,GO:0000339,27
expanded,GO:0000340,21
expanded,GO:0000346,9
expanded,GO:0000347,31
expanded,GO:0000349,33
expanded,GO:0000350,87
expanded,GO:0000354,1
expanded,GO:0000373,80
expanded,GO:0000375,288
expanded,GO:0000377,211
expanded,GO:0000379,64
expanded,GO:0000380,38
expanded,GO:0000381,82
expanded,GO:0000387,145
expanded,GO:0000388,8
expanded,GO:0000390,38
expanded,GO:0000393,68
expanded,GO:0000395,61
expanded,GO:0000398,1387
expanded,GO:0000400,94
expanded,GO:0000404,1
expanded,GO:0000407,174
expanded,GO:0000408,45
expanded,GO:0000413,450
expanded,GO:0000414,20
expanded,GO:0000416,20
expanded,GO:0000417,22
expanded,GO:0000418,4
expanded,GO:0000419,35
expanded,GO:0000421,13
expanded,GO:0000422,119
expanded,GO:0000423,91
expanded,GO:0000427,50
expanded,GO:0000428,132
expanded,GO:0000439,65
expanded,GO:0000444,35
expanded,GO:0000445,86
expanded,GO:0000447,49
expanded,GO:0000448,26
expanded,GO:0000454,11
expanded,GO:0000455,98
expanded,GO:0000459,2
expanded,GO:0000460,176
expanded,GO:0000462,441
expanded,GO:0000463,260
expanded,GO:0000466,83
expanded,GO:0000467,165
expanded,GO:0000469,6
expanded,GO:0000470,1110
expanded,GO:0000472,33
expanded,GO:0000478,4
expanded,GO:0000479,57
expanded,GO:0000480,33
expanded,GO:0000481,18
expanded,GO:0000488,13
expanded,GO:0000489,13
expanded,GO:0000492,44
expanded,GO:0000493,24
expanded,GO:0000494,30
expanded,GO:0000495,21
expanded,GO:0000500,53
expanded,GO:0000502,79
expanded,GO:0000506,92
expanded,GO:0000578,50
expanded,GO:0000700,1
expanded,GO:0000701,11
expanded,GO:0000703,23
expanded,GO:0000706,46
expanded,GO:0000707,30
expanded,GO:0000709,19
expanded,GO:0000712,228
expanded,GO:0000715,14
expanded,GO:0000719,34
expanded,GO:0000722,37
expanded,GO:0000723,692
expanded,GO:0000724,876
expanded,GO:0000725,362
expanded,GO:0000726,55
expanded,GO:0000727,141
expanded,GO:0000729,2
expanded,GO:0000730,51
expanded,GO:0000731,53
expanded,GO:0000740,3
expanded,GO:0000741,51
expanded,GO:0000746,14
expanded,GO:0000747,14
expanded,GO:0000755,9
expanded,GO:0000774,130
expanded,GO:0000775,112
expanded,GO:0000776,143
expanded,GO:0000777,21
expanded,GO:0000778,21
expanded,GO:0000779,66
expanded,GO:0000780,31
expanded,GO:0000781,117
expanded,GO:0000782,59
expanded,GO:0000783,69
expanded,GO:0000784,83
expanded,GO:0000785,1411
expanded,GO:0000786,723
expanded,GO:0000790,203
expanded,GO:0000791,26
expanded,GO:0000792,19
expanded,GO:0000793,97
expanded,GO:0000794,115
expanded,GO:0000795,8
expanded,GO:0000796,138
expanded,GO:0000800,2
expanded,GO:0000802,2
expanded,GO:0000808,41
expanded,GO:0000811,22
expanded,GO:0000812,45
expanded,GO:0000813,59
expanded,GO:0000814,41
expanded,GO:0000815,59
expanded,GO:0000818,2
expanded,GO:0000819,163
expanded,GO:0000820,2
expanded,GO:0000822,65
expanded,GO:0000828,24
expanded,GO:0000829,24
expanded,GO:0000835,7
expanded,GO:0000836,7
expanded,GO:0000839,1
expanded,GO:0000900,5
expanded,GO:0000902,879
expanded,GO:0000904,628
expanded,GO:0000905,11
expanded,GO:0000906,11
expanded,GO:0000910,127
expanded,GO:0000911,163
expanded,GO:0000914,21
expanded,GO:0000917,9
expanded,GO:0000919,14
expanded,GO:0000920,7
expanded,GO:0000922,100
expanded,GO:0000923,3
expanded,GO:0000930,88
expanded,GO:0000931,13
expanded,GO:0000932,247
expanded,GO:0000935,5
expanded,GO:0000936,5
expanded,GO:0000938,99
expanded,GO:0000940,43
expanded,GO:0000943,742
expanded,GO:0000949,69
expanded,GO:0000956,173
expanded,GO:0000958,22
expanded,GO:0000959,121
expanded,GO:0000963,66
expanded,GO:0000965,44
expanded,GO:0000966,63
expanded,GO:0000967,49
expanded,GO:0000972,35
expanded,GO:0000973,64
expanded,GO:0000974,230
expanded,GO:0000976,1381
expanded,GO:0000977,1026
expanded,GO:0000978,1819
expanded,GO:0000979,1
expanded,GO:0000981,2877
expanded,GO:0000982,12
expanded,GO:0000987,306
expanded,GO:0000988,795
expanded,GO:0000989,788
expanded,GO:0000990,8
expanded,GO:0000991,7
expanded,GO:0000993,172
expanded,GO:0000994,12
expanded,GO:0000995,24
expanded,GO:0001002,11
expanded,GO:0001003,11
expanded,GO:0001006,66
expanded,GO:0001012,78
expanded,GO:0001016,12
expanded,GO:0001025,5
expanded,GO:0001032,12
expanded,GO:0001042,19
expanded,GO:0001046,86
expanded,GO:0001047,26
expanded,GO:0001054,189
expanded,GO:0001055,168
expanded,GO:0001056,176
expanded,GO:0001067,1116
expanded,GO:0001076,786
expanded,GO:0001077,11
expanded,GO:0001078,1
expanded,GO:0001085,137
expanded,GO:0001091,13
expanded,GO:0001093,12
expanded,GO:0001094,1
expanded,GO:0001096,24
expanded,GO:0001097,23
expanded,GO:0001098,16
expanded,GO:0001099,16
expanded,GO:0001101,2657
expanded,GO:0001102,35
expanded,GO:0001103,45
expanded,GO:0001129,5
expanded,GO:0001132,5
expanded,GO:0001134,769
expanded,GO:0001135,769
expanded,GO:0001156,32
expanded,GO:0001158,45
expanded,GO:0001164,44
expanded,GO:0001181,20
expanded,GO:0001188,33
expanded,GO:0001190,11
expanded,GO:0001193,14
expanded,GO:0001207,1
expanded,GO:0001208,1
expanded,GO:0001227,1
expanded,GO:0001228,241
expanded,GO:0001300,25
expanded,GO:0001302,26
expanded,GO:0001401,8
expanded,GO:0001405,33
expanded,GO:0001411,1
expanded,GO:0001501,4
expanded,GO:0001503,11
expanded,GO:0001504,30
expanded,GO:0001505,419
expanded,GO:0001508,1
expanded,GO:0001510,1168
expanded,GO:0001516,1
expanded,GO:0001522,281
expanded,GO:0001523,30
expanded,GO:0001525,1
expanded,GO:0001539,1
expanded,GO:0001541,19
expanded,GO:0001556,1
expanded,GO:0001558,234
expanded,GO:0001561,13
expanded,GO:0001568,1
expanded,GO:0001578,21
expanded,GO:0001649,4
expanded,GO:0001650,28
expanded,GO:0001653,7
expanded,GO:0001654,85
expanded,GO:0001655,1
expanded,GO:0001664,64
expanded,GO:0001666,92
expanded,GO:0001667,2
expanded,GO:0001669,2
expanded,GO:0001671,117
expanded,GO:0001672,1
expanded,GO:0001673,9
expanded,GO:0001674,7
expanded,GO:0001676,232
expanded,GO:0001678,84
expanded,GO:0001680,41
expanded,GO:0001682,83
expanded,GO:0001700,69
expanded,GO:0001701,14
expanded,GO:0001704,12
expanded,GO:0001706,12
expanded,GO:0001708,671
expanded,GO:0001709,195
expanded,GO:0001727,37
expanded,GO:0001729,23
expanded,GO:0001731,89
expanded,GO:0001732,41
expanded,GO:0001735,14
expanded,GO:0001736,33
expanded,GO:0001738,33
expanded,GO:0001745,14
expanded,GO:0001750,3
expanded,GO:0001751,14
expanded,GO:0001754,14
expanded,GO:0001756,2
expanded,GO:0001763,56
expanded,GO:0001764,3
expanded,GO:0001775,68
expanded,GO:0001776,26
expanded,GO:0001779,3
expanded,GO:0001780,3
expanded,GO:0001786,176
expanded,GO:0001817,31
expanded,GO:0001818,12
expanded,GO:0001819,19
expanded,GO:0001824,4
expanded,GO:0001825,2
expanded,GO:0001829,1
expanded,GO:0001832,1
expanded,GO:0001833,1
expanded,GO:0001838,1
expanded,GO:0001841,1
expanded,GO:0001871,100
expanded,GO:0001872,21
expanded,GO:0001881,14
expanded,GO:0001882,42
expanded,GO:0001883,42
expanded,GO:0001887,3
expanded,GO:0001889,12
expanded,GO:0001891,15
expanded,GO:0001894,7
expanded,GO:0001896,11
expanded,GO:0001906,1
expanded,GO:0001932,218
expanded,GO:0001933,79
expanded,GO:0001934,123
expanded,GO:0001941,23
expanded,GO:0001944,1
expanded,GO:0001947,13
expanded,GO:0001952,5
expanded,GO:0001953,5
expanded,GO:0001959,26
expanded,GO:0001960,23
expanded,GO:0001961,3
expanded,GO:0001974,3
expanded,GO:0002009,145
expanded,GO:0002011,15
expanded,GO:0002020,13
expanded,GO:0002039,8
expanded,GO:0002052,1
expanded,GO:0002058,11
expanded,GO:0002064,63
expanded,GO:0002065,63
expanded,GO:0002066,63
expanded,GO:0002084,23
expanded,GO:0002090,1
expanded,GO:0002092,1
expanded,GO:0002097,20
expanded,GO:0002098,148
expanded,GO:0002100,45
expanded,GO:0002119,115
expanded,GO:0002130,11
expanded,GO:0002143,37
expanded,GO:0002144,12
expanded,GO:0002151,33
expanded,GO:0002161,182
expanded,GO:0002164,116
expanded,GO:0002165,65
expanded,GO:0002168,1
expanded,GO:0002177,8
expanded,GO:0002178,5
expanded,GO:0002181,387
expanded,GO:0002182,17
expanded,GO:0002183,32
expanded,GO:0002184,2
expanded,GO:0002188,41
expanded,GO:0002189,56
expanded,GO:0002200,6
expanded,GO:0002204,1
expanded,GO:0002208,1
expanded,GO:0002213,200
expanded,GO:0002218,48
expanded,GO:0002224,5
expanded,GO:0002229,65
expanded,GO:0002230,3
expanded,GO:0002237,78
expanded,GO:0002238,29
expanded,GO:0002239,87
expanded,GO:0002250,1
expanded,GO:0002252,363
expanded,GO:0002253,63
expanded,GO:0002260,23
expanded,GO:0002262,8
expanded,GO:0002263,39
expanded,GO:0002274,41
expanded,GO:0002275,38
expanded,GO:0002283,38
expanded,GO:0002285,1
expanded,GO:0002312,1
expanded,GO:0002366,39
expanded,GO:0002376,1615
expanded,GO:0002377,6
expanded,GO:0002381,1
expanded,GO:0002429,19
expanded,GO:0002440,6
expanded,GO:0002443,39
expanded,GO:0002444,38
expanded,GO:0002446,38
expanded,GO:0002449,1
expanded,GO:0002460,1
expanded,GO:0002478,97
expanded,GO:0002495,98
expanded,GO:0002504,98
expanded,GO:0002520,44
expanded,GO:0002521,30
expanded,GO:0002532,31
expanded,GO:0002538,31
expanded,GO:0002539,31
expanded,GO:0002562,1
expanded,GO:0002566,5
expanded,GO:0002573,4
expanded,GO:0002576,18
expanded,GO:0002637,21
expanded,GO:0002639,21
expanded,GO:0002682,433
expanded,GO:0002683,149
expanded,GO:0002684,274
expanded,GO:0002685,96
expanded,GO:0002686,5
expanded,GO:0002687,91
expanded,GO:0002688,91
expanded,GO:0002690,91
expanded,GO:0002694,47
expanded,GO:0002695,3
expanded,GO:0002696,47
expanded,GO:0002697,26
expanded,GO:0002698,2
expanded,GO:0002699,21
expanded,GO:0002700,21
expanded,GO:0002702,21
expanded,GO:0002703,21
expanded,GO:0002705,21
expanded,GO:0002706,21
expanded,GO:0002708,21
expanded,GO:0002712,21
expanded,GO:0002714,21
expanded,GO:0002757,19
expanded,GO:0002761,5
expanded,GO:0002763,5
expanded,GO:0002764,19
expanded,GO:0002768,19
expanded,GO:0002790,1
expanded,GO:0002791,14
expanded,GO:0002792,4
expanded,GO:0002793,7
expanded,GO:0002819,21
expanded,GO:0002821,21
expanded,GO:0002822,21
expanded,GO:0002824,21
expanded,GO:0002831,87
expanded,GO:0002832,12
expanded,GO:0002833,48
expanded,GO:0002889,21
expanded,GO:0002891,21
expanded,GO:0002926,26
expanded,GO:0002938,11
expanded,GO:0002939,40
expanded,GO:0002940,28
expanded,GO:0002943,11
expanded,GO:0002949,38
expanded,GO:0002953,46
expanded,GO:0003002,270
expanded,GO:0003006,3644
expanded,GO:0003007,14
expanded,GO:0003008,357
expanded,GO:0003013,198
expanded,GO:0003014,93
expanded,GO:0003018,177
expanded,GO:0003073,1
expanded,GO:0003085,1
expanded,GO:0003096,2
expanded,GO:0003143,13
expanded,GO:0003158,2
expanded,GO:0003228,2
expanded,GO:0003333,693
expanded,GO:0003341,12
expanded,GO:0003352,11
expanded,GO:0003356,11
expanded,GO:0003400,23
expanded,GO:0003407,6
expanded,GO:0003674,21944
expanded,GO:0003676,46422
expanded,GO:0003677,16328
expanded,GO:0003678,1004
expanded,GO:0003680,624
expanded,GO:0003681,28
expanded,GO:0003682,1576
expanded,GO:0003684,309
expanded,GO:0003688,105
expanded,GO:0003689,187
expanded,GO:0003690,1687
expanded,GO:0003691,180
expanded,GO:0003696,1
expanded,GO:0003697,786
expanded,GO:0003700,11825
expanded,GO:0003711,12
expanded,GO:0003712,1220
expanded,GO:0003713,733
expanded,GO:0003714,766
expanded,GO:0003720,14
expanded,GO:0003721,14
expanded,GO:0003723,14069
expanded,GO:0003724,652
expanded,GO:0003725,200
expanded,GO:0003726,11
expanded,GO:0003727,160
expanded,GO:0003729,3367
expanded,GO:0003730,31
expanded,GO:0003735,4329
expanded,GO:0003743,821
expanded,GO:0003746,719
expanded,GO:0003747,140
expanded,GO:0003755,846
expanded,GO:0003756,182
expanded,GO:0003774,334
expanded,GO:0003777,865
expanded,GO:0003779,623
expanded,GO:0003785,30
expanded,GO:0003824,18331
expanded,GO:0003825,40
expanded,GO:0003827,11
expanded,GO:0003830,40
expanded,GO:0003837,33
expanded,GO:0003838,3
expanded,GO:0003841,44
expanded,GO:0003842,15
expanded,GO:0003843,166
expanded,GO:0003844,28
expanded,GO:0003846,10
expanded,GO:0003848,14
expanded,GO:0003849,26
expanded,GO:0003850,11
expanded,GO:0003852,24
expanded,GO:0003855,20
expanded,GO:0003856,34
expanded,GO:0003857,28
expanded,GO:0003860,63
expanded,GO:0003861,17
expanded,GO:0003862,15
expanded,GO:0003864,32
expanded,GO:0003865,29
expanded,GO:0003866,11
expanded,GO:0003867,12
expanded,GO:0003868,12
expanded,GO:0003871,39
expanded,GO:0003872,154
expanded,GO:0003873,35
expanded,GO:0003876,53
expanded,GO:0003878,13
expanded,GO:0003879,26
expanded,GO:0003881,14
expanded,GO:0003883,47
expanded,GO:0003885,68
expanded,GO:0003886,169
expanded,GO:0003887,957
expanded,GO:0003896,21
expanded,GO:0003899,629
expanded,GO:0003904,88
expanded,GO:0003905,14
expanded,GO:0003906,72
expanded,GO:0003909,35
expanded,GO:0003910,76
expanded,GO:0003916,88
expanded,GO:0003917,134
expanded,GO:0003918,181
expanded,GO:0003919,23
expanded,GO:0003921,23
expanded,GO:0003922,12
expanded,GO:0003923,23
expanded,GO:0003924,2663
expanded,GO:0003934,36
expanded,GO:0003935,40
expanded,GO:0003937,23
expanded,GO:0003938,12
expanded,GO:0003939,5
expanded,GO:0003941,73
expanded,GO:0003942,12
expanded,GO:0003948,13
expanded,GO:0003949,11
expanded,GO:0003950,101
expanded,GO:0003951,49
expanded,GO:0003952,8
expanded,GO:0003954,189
expanded,GO:0003955,105
expanded,GO:0003958,33
expanded,GO:0003959,2
expanded,GO:0003960,21
expanded,GO:0003962,30
expanded,GO:0003964,795
expanded,GO:0003968,112
expanded,GO:0003972,12
expanded,GO:0003973,72
expanded,GO:0003975,4
expanded,GO:0003977,54
expanded,GO:0003978,111
expanded,GO:0003979,57
expanded,GO:0003980,19
expanded,GO:0003983,91
expanded,GO:0003984,39
expanded,GO:0003985,32
expanded,GO:0003987,45
expanded,GO:0003988,28
expanded,GO:0003989,92
expanded,GO:0003993,399
expanded,GO:0003994,57
expanded,GO:0003995,39
expanded,GO:0003997,57
expanded,GO:0003998,12
expanded,GO:0003999,39
expanded,GO:0004000,41
expanded,GO:0004001,26
expanded,GO:0004003,369
expanded,GO:0004004,219
expanded,GO:0004012,2
expanded,GO:0004013,34
expanded,GO:0004014,76
expanded,GO:0004015,27
expanded,GO:0004016,56
expanded,GO:0004017,27
expanded,GO:0004018,20
expanded,GO:0004019,12
expanded,GO:0004020,74
expanded,GO:0004021,20
expanded,GO:0004024,137
expanded,GO:0004029,122
expanded,GO:0004031,1
expanded,GO:0004033,198
expanded,GO:0004034,32
expanded,GO:0004038,13
expanded,GO:0004040,18
expanded,GO:0004042,29
expanded,GO:0004044,23
expanded,GO:0004045,81
expanded,GO:0004046,42
expanded,GO:0004048,12
expanded,GO:0004049,2380
expanded,GO:0004055,36
expanded,GO:0004056,14
expanded,GO:0004057,12
expanded,GO:0004061,22
expanded,GO:0004064,1
expanded,GO:0004066,53
expanded,GO:0004069,73
expanded,GO:0004070,19
expanded,GO:0004072,33
expanded,GO:0004073,10
expanded,GO:0004076,4
expanded,GO:0004077,12
expanded,GO:0004084,57
expanded,GO:0004088,38
expanded,GO:0004089,140
expanded,GO:0004090,12
expanded,GO:0004096,15
expanded,GO:0004097,23
expanded,GO:0004103,30
expanded,GO:0004105,29
expanded,GO:0004106,51
expanded,GO:0004107,16
expanded,GO:0004108,49
expanded,GO:0004109,14
expanded,GO:0004112,13
expanded,GO:0004113,13
expanded,GO:0004123,10
expanded,GO:0004124,99
expanded,GO:0004126,21
expanded,GO:0004127,18
expanded,GO:0004128,60
expanded,GO:0004129,16
expanded,GO:0004130,1
expanded,GO:0004132,13
expanded,GO:0004133,4
expanded,GO:0004134,25
expanded,GO:0004140,42
expanded,GO:0004141,16
expanded,GO:0004142,7
expanded,GO:0004143,80
expanded,GO:0004144,175
expanded,GO:0004146,33
expanded,GO:0004148,48
expanded,GO:0004149,7
expanded,GO:0004150,27
expanded,GO:0004151,9
expanded,GO:0004152,11
expanded,GO:0004156,14
expanded,GO:0004157,24
expanded,GO:0004159,92
expanded,GO:0004160,3
expanded,GO:0004161,18
expanded,GO:0004163,14
expanded,GO:0004164,20
expanded,GO:0004165,19
expanded,GO:0004168,10
expanded,GO:0004170,17
expanded,GO:0004174,39
expanded,GO:0004175,402
expanded,GO:0004176,455
expanded,GO:0004177,82
expanded,GO:0004180,36
expanded,GO:0004181,22
expanded,GO:0004185,629
expanded,GO:0004190,868
expanded,GO:0004197,500
expanded,GO:0004198,12
expanded,GO:0004222,732
expanded,GO:0004252,1826
expanded,GO:0004298,11
expanded,GO:0004300,11
expanded,GO:0004301,212
expanded,GO:0004305,43
expanded,GO:0004306,22
expanded,GO:0004309,15
expanded,GO:0004310,12
expanded,GO:0004311,18
expanded,GO:0004312,19
expanded,GO:0004315,132
expanded,GO:0004316,17
expanded,GO:0004318,29
expanded,GO:0004321,1
expanded,GO:0004322,19
expanded,GO:0004325,58
expanded,GO:0004326,55
expanded,GO:0004329,4
expanded,GO:0004331,35
expanded,GO:0004332,103
expanded,GO:0004333,15
expanded,GO:0004334,17
expanded,GO:0004335,13
expanded,GO:0004337,18
expanded,GO:0004338,1
expanded,GO:0004340,44
expanded,GO:0004343,9
expanded,GO:0004345,106
expanded,GO:0004346,11
expanded,GO:0004347,25
expanded,GO:0004348,18
expanded,GO:0004350,45
expanded,GO:0004351,51
expanded,GO:0004352,46
expanded,GO:0004353,4
expanded,GO:0004354,20
expanded,GO:0004356,132
expanded,GO:0004357,37
expanded,GO:0004358,18
expanded,GO:0004359,21
expanded,GO:0004360,13
expanded,GO:0004362,24
expanded,GO:0004363,34
expanded,GO:0004364,711
expanded,GO:0004365,56
expanded,GO:0004366,36
expanded,GO:0004368,28
expanded,GO:0004370,12
expanded,GO:0004371,12
expanded,GO:0004372,99
expanded,GO:0004373,66
expanded,GO:0004375,2
expanded,GO:0004376,35
expanded,GO:0004377,10
expanded,GO:0004378,15
expanded,GO:0004379,19
expanded,GO:0004383,8
expanded,GO:0004385,37
expanded,GO:0004386,1246
expanded,GO:0004392,12
expanded,GO:0004396,66
expanded,GO:0004399,14
expanded,GO:0004400,12
expanded,GO:0004402,286
expanded,GO:0004407,146
expanded,GO:0004411,8
expanded,GO:0004412,40
expanded,GO:0004413,11
expanded,GO:0004416,37
expanded,GO:0004417,7
expanded,GO:0004418,11
expanded,GO:0004419,34
expanded,GO:0004420,94
expanded,GO:0004421,22
expanded,GO:0004422,4
expanded,GO:0004424,3
expanded,GO:0004425,12
expanded,GO:0004427,99
expanded,GO:0004430,62
expanded,GO:0004435,105
expanded,GO:0004438,13
expanded,GO:0004439,237
expanded,GO:0004445,193
expanded,GO:0004449,24
expanded,GO:0004450,36
expanded,GO:0004451,12
expanded,GO:0004452,13
expanded,GO:0004455,24
expanded,GO:0004458,11
expanded,GO:0004459,18
expanded,GO:0004462,70
expanded,GO:0004467,112
expanded,GO:0004470,87
expanded,GO:0004471,40
expanded,GO:0004473,46
expanded,GO:0004474,17
expanded,GO:0004475,25
expanded,GO:0004476,13
expanded,GO:0004477,48
expanded,GO:0004478,21
expanded,GO:0004479,11
expanded,GO:0004482,35
expanded,GO:0004484,33
expanded,GO:0004485,27
expanded,GO:0004488,52
expanded,GO:0004489,25
expanded,GO:0004491,41
expanded,GO:0004496,13
expanded,GO:0004497,4417
expanded,GO:0004499,294
expanded,GO:0004506,58
expanded,GO:0004512,46
expanded,GO:0004514,5
expanded,GO:0004515,15
expanded,GO:0004516,29
expanded,GO:0004518,1957
expanded,GO:0004519,1176
expanded,GO:0004520,53
expanded,GO:0004521,368
expanded,GO:0004523,4716
expanded,GO:0004525,278
expanded,GO:0004526,38
expanded,GO:0004527,177
expanded,GO:0004529,2
expanded,GO:0004532,7
expanded,GO:0004534,98
expanded,GO:0004535,117
expanded,GO:0004536,14
expanded,GO:0004540,1205
expanded,GO:0004550,60
expanded,GO:0004551,12
expanded,GO:0004553,3862
expanded,GO:0004555,2
expanded,GO:0004556,37
expanded,GO:0004557,1
expanded,GO:0004559,112
expanded,GO:0004560,64
expanded,GO:0004563,36
expanded,GO:0004564,24
expanded,GO:0004565,97
expanded,GO:0004566,93
expanded,GO:0004568,352
expanded,GO:0004571,100
expanded,GO:0004573,23
expanded,GO:0004575,84
expanded,GO:0004576,23
expanded,GO:0004577,26
expanded,GO:0004582,26
expanded,GO:0004585,5
expanded,GO:0004586,18
expanded,GO:0004587,16
expanded,GO:0004588,33
expanded,GO:0004590,34
expanded,GO:0004591,35
expanded,GO:0004592,57
expanded,GO:0004594,65
expanded,GO:0004595,19
expanded,GO:0004596,74
expanded,GO:0004601,1572
expanded,GO:0004602,14
expanded,GO:0004604,14
expanded,GO:0004605,43
expanded,GO:0004609,28
expanded,GO:0004610,11
expanded,GO:0004611,48
expanded,GO:0004612,35
expanded,GO:0004614,27
expanded,GO:0004615,34
expanded,GO:0004616,24
expanded,GO:0004617,63
expanded,GO:0004618,23
expanded,GO:0004619,23
expanded,GO:0004620,167
expanded,GO:0004622,10
expanded,GO:0004623,40
expanded,GO:0004629,1
expanded,GO:0004630,144
expanded,GO:0004631,11
expanded,GO:0004632,28
expanded,GO:0004633,71
expanded,GO:0004634,42
expanded,GO:0004635,11
expanded,GO:0004636,11
expanded,GO:0004637,42
expanded,GO:0004638,12
expanded,GO:0004639,20
expanded,GO:0004640,27
expanded,GO:0004641,23
expanded,GO:0004642,26
expanded,GO:0004643,23
expanded,GO:0004644,19
expanded,GO:0004647,5
expanded,GO:0004648,2
expanded,GO:0004649,15
expanded,GO:0004650,777
expanded,GO:0004652,28
expanded,GO:0004654,22
expanded,GO:0004655,20
expanded,GO:0004656,157
expanded,GO:0004657,27
expanded,GO:0004659,141
expanded,GO:0004660,46
expanded,GO:0004661,8
expanded,GO:0004662,39
expanded,GO:0004663,28
expanded,GO:0004664,54
expanded,GO:0004668,26
expanded,GO:0004671,11
expanded,GO:0004672,15116
expanded,GO:0004673,31
expanded,GO:0004674,4775
expanded,GO:0004675,111
expanded,GO:0004683,100
expanded,GO:0004691,11
expanded,GO:0004693,141
expanded,GO:0004694,9
expanded,GO:0004705,2
expanded,GO:0004707,16
expanded,GO:0004708,63
expanded,GO:0004709,160
expanded,GO:0004712,41
expanded,GO:0004713,273
expanded,GO:0004714,306
expanded,GO:0004719,23
expanded,GO:0004721,205
expanded,GO:0004722,1126
expanded,GO:0004725,35
expanded,GO:0004729,13
expanded,GO:0004730,23
expanded,GO:0004733,25
expanded,GO:0004735,11
expanded,GO:0004737,69
expanded,GO:0004738,23
expanded,GO:0004739,74
expanded,GO:0004740,27
expanded,GO:0004742,38
expanded,GO:0004743,118
expanded,GO:0004745,18
expanded,GO:0004746,20
expanded,GO:0004747,15
expanded,GO:0004748,35
expanded,GO:0004749,25
expanded,GO:0004750,15
expanded,GO:0004751,41
expanded,GO:0004753,16
expanded,GO:0004758,23
expanded,GO:0004760,3
expanded,GO:0004764,21
expanded,GO:0004765,14
expanded,GO:0004766,65
expanded,GO:0004768,21
expanded,GO:0004769,11
expanded,GO:0004775,46
expanded,GO:0004776,12
expanded,GO:0004777,16
expanded,GO:0004781,42
expanded,GO:0004784,37
expanded,GO:0004788,10
expanded,GO:0004789,11
expanded,GO:0004791,163
expanded,GO:0004792,41
expanded,GO:0004794,15
expanded,GO:0004795,14
expanded,GO:0004797,20
expanded,GO:0004798,14
expanded,GO:0004799,33
expanded,GO:0004801,34
expanded,GO:0004802,25
expanded,GO:0004803,6
expanded,GO:0004805,209
expanded,GO:0004806,99
expanded,GO:0004807,23
expanded,GO:0004809,41
expanded,GO:0004812,758
expanded,GO:0004813,57
expanded,GO:0004814,69
expanded,GO:0004815,53
expanded,GO:0004816,45
expanded,GO:0004817,38
expanded,GO:0004818,47
expanded,GO:0004819,12
expanded,GO:0004820,48
expanded,GO:0004821,47
expanded,GO:0004822,28
expanded,GO:0004823,44
expanded,GO:0004824,30
expanded,GO:0004825,51
expanded,GO:0004826,49
expanded,GO:0004827,63
expanded,GO:0004828,57
expanded,GO:0004829,43
expanded,GO:0004830,27
expanded,GO:0004831,61
expanded,GO:0004832,40
expanded,GO:0004834,79
expanded,GO:0004838,23
expanded,GO:0004839,13
expanded,GO:0004842,3668
expanded,GO:0004843,714
expanded,GO:0004844,48
expanded,GO:0004845,12
expanded,GO:0004846,4
expanded,GO:0004848,39
expanded,GO:0004849,469
expanded,GO:0004851,3
expanded,GO:0004852,22
expanded,GO:0004853,31
expanded,GO:0004856,34
expanded,GO:0004857,1023
expanded,GO:0004860,15
expanded,GO:0004861,56
expanded,GO:0004864,374
expanded,GO:0004865,9
expanded,GO:0004866,355
expanded,GO:0004867,487
expanded,GO:0004869,220
expanded,GO:0004888,202
expanded,GO:0004930,38
expanded,GO:0005034,1
expanded,GO:0005047,41
expanded,GO:0005048,82
expanded,GO:0005049,135
expanded,GO:0005052,12
expanded,GO:0005053,12
expanded,GO:0005078,1
expanded,GO:0005085,395
expanded,GO:0005086,25
expanded,GO:0005088,2
expanded,GO:0005092,35
expanded,GO:0005093,2
expanded,GO:0005094,66
expanded,GO:0005096,879
expanded,GO:0005102,466
expanded,GO:0005109,5
expanded,GO:0005112,60
expanded,GO:0005126,23
expanded,GO:0005133,23
expanded,GO:0005154,3
expanded,GO:0005179,6
expanded,GO:0005198,565
expanded,GO:0005199,80
expanded,GO:0005200,160
expanded,GO:0005215,1838
expanded,GO:0005216,508
expanded,GO:0005217,3
expanded,GO:0005221,3
expanded,GO:0005222,1
expanded,GO:0005223,2
expanded,GO:0005227,150
expanded,GO:0005242,1
expanded,GO:0005244,100
expanded,GO:0005245,14
expanded,GO:0005247,5
expanded,GO:0005249,237
expanded,GO:0005253,1
expanded,GO:0005254,22
expanded,GO:0005261,172
expanded,GO:0005262,136
expanded,GO:0005267,152
expanded,GO:0005274,35
expanded,GO:0005310,69
expanded,GO:0005313,73
expanded,GO:0005315,155
expanded,GO:0005319,252
expanded,GO:0005324,12
expanded,GO:0005326,51
expanded,GO:0005337,133
expanded,GO:0005338,110
expanded,GO:0005342,547
expanded,GO:0005344,26
expanded,GO:0005345,27
expanded,GO:0005346,75
expanded,GO:0005347,74
expanded,GO:0005351,55
expanded,GO:0005355,24
expanded,GO:0005363,10
expanded,GO:0005365,2
expanded,GO:0005366,89
expanded,GO:0005375,49
expanded,GO:0005381,59
expanded,GO:0005384,269
expanded,GO:0005385,249
expanded,GO:0005388,240
expanded,GO:0005391,1
expanded,GO:0005402,2
expanded,GO:0005451,13
expanded,GO:0005452,95
expanded,GO:0005457,47
expanded,GO:0005458,11
expanded,GO:0005459,74
expanded,GO:0005460,48
expanded,GO:0005464,26
expanded,GO:0005469,9
expanded,GO:0005471,120
expanded,GO:0005483,61
expanded,GO:0005484,591
expanded,GO:0005488,9724
expanded,GO:0005496,5
expanded,GO:0005504,166
expanded,GO:0005506,4717
expanded,GO:0005507,823
expanded,GO:0005509,2804
expanded,GO:0005515,39868
expanded,GO:0005516,775
expanded,GO:0005522,1
expanded,GO:0005524,23138
expanded,GO:0005525,3108
expanded,GO:0005527,23
expanded,GO:0005528,23
expanded,GO:0005536,72
expanded,GO:0005539,12
expanded,GO:0005542,34
expanded,GO:0005543,586
expanded,GO:0005544,200
expanded,GO:0005545,174
expanded,GO:0005546,514
expanded,GO:0005548,152
expanded,GO:0005575,25825
expanded,GO:0005576,1687
expanded,GO:0005615,776
expanded,GO:0005618,1139
expanded,GO:0005622,22820
expanded,GO:0005623,25301
expanded,GO:0005628,136
expanded,GO:0005634,29167
expanded,GO:0005635,380
expanded,GO:0005637,14
expanded,GO:0005640,1
expanded,GO:0005643,389
expanded,GO:0005654,1286
expanded,GO:0005655,231
expanded,GO:0005656,44
expanded,GO:0005657,614
expanded,GO:0005658,37
expanded,GO:0005662,67
expanded,GO:0005663,156
expanded,GO:0005664,74
expanded,GO:0005665,183
expanded,GO:0005666,339
expanded,GO:0005667,459
expanded,GO:0005669,219
expanded,GO:0005672,35
expanded,GO:0005673,49
expanded,GO:0005674,45
expanded,GO:0005675,125
expanded,GO:0005677,2
expanded,GO:0005680,282
expanded,GO:0005681,606
expanded,GO:0005682,161
expanded,GO:0005684,216
expanded,GO:0005685,123
expanded,GO:0005686,136
expanded,GO:0005687,59
expanded,GO:0005688,22
expanded,GO:0005689,63
expanded,GO:0005694,1344
expanded,GO:0005697,43
expanded,GO:0005700,19
expanded,GO:0005701,7
expanded,GO:0005719,25
expanded,GO:0005720,10
expanded,GO:0005721,8
expanded,GO:0005722,7
expanded,GO:0005730,3950
expanded,GO:0005732,86
expanded,GO:0005736,190
expanded,GO:0005737,30680
expanded,GO:0005739,6596
expanded,GO:0005740,580
expanded,GO:0005741,541
expanded,GO:0005742,89
expanded,GO:0005743,1192
expanded,GO:0005744,104
expanded,GO:0005745,54
expanded,GO:0005746,50
expanded,GO:0005747,254
expanded,GO:0005749,41
expanded,GO:0005750,69
expanded,GO:0005751,1
expanded,GO:0005753,77
expanded,GO:0005758,39
expanded,GO:0005759,416
expanded,GO:0005761,73
expanded,GO:0005762,332
expanded,GO:0005763,133
expanded,GO:0005764,243
expanded,GO:0005765,101
expanded,GO:0005766,38
expanded,GO:0005768,1474
expanded,GO:0005769,109
expanded,GO:0005770,218
expanded,GO:0005771,85
expanded,GO:0005773,1849
expanded,GO:0005774,978
expanded,GO:0005775,165
expanded,GO:0005776,93
expanded,GO:0005777,1193
expanded,GO:0005778,345
expanded,GO:0005782,233
expanded,GO:0005783,4769
expanded,GO:0005784,15
expanded,GO:0005785,32
expanded,GO:0005786,109
expanded,GO:0005787,74
expanded,GO:0005788,120
expanded,GO:0005789,2546
expanded,GO:0005791,5
expanded,GO:0005793,141
expanded,GO:0005794,4077
expanded,GO:0005795,40
expanded,GO:0005797,38
expanded,GO:0005798,626
expanded,GO:0005801,632
expanded,GO:0005802,1146
expanded,GO:0005811,217
expanded,GO:0005813,123
expanded,GO:0005814,6
expanded,GO:0005815,269
expanded,GO:0005816,28
expanded,GO:0005819,358
expanded,GO:0005826,5
expanded,GO:0005828,10
expanded,GO:0005829,11348
expanded,GO:0005832,23
expanded,GO:0005834,50
expanded,GO:0005838,42
expanded,GO:0005839,292
expanded,GO:0005840,3281
expanded,GO:0005844,111
expanded,GO:0005845,47
expanded,GO:0005846,15
expanded,GO:0005847,67
expanded,GO:0005848,12
expanded,GO:0005849,99
expanded,GO:0005850,87
expanded,GO:0005851,79
expanded,GO:0005852,282
expanded,GO:0005853,39
expanded,GO:0005854,54
expanded,GO:0005856,793
expanded,GO:0005858,1
expanded,GO:0005868,70
expanded,GO:0005871,136
expanded,GO:0005872,1
expanded,GO:0005873,5
expanded,GO:0005874,874
expanded,GO:0005875,217
expanded,GO:0005876,217
expanded,GO:0005879,5
expanded,GO:0005880,144
expanded,GO:0005881,81
expanded,GO:0005884,101
expanded,GO:0005885,119
expanded,GO:0005886,13718
expanded,GO:0005887,236
expanded,GO:0005905,172
expanded,GO:0005911,1031
expanded,GO:0005912,2
expanded,GO:0005923,1
expanded,GO:0005929,30
expanded,GO:0005930,18
expanded,GO:0005933,10
expanded,GO:0005934,10
expanded,GO:0005935,10
expanded,GO:0005937,15
expanded,GO:0005938,233
expanded,GO:0005947,37
expanded,GO:0005948,27
expanded,GO:0005950,2366
expanded,GO:0005951,25
expanded,GO:0005952,11
expanded,GO:0005953,39
expanded,GO:0005956,58
expanded,GO:0005958,13
expanded,GO:0005960,23
expanded,GO:0005965,46
expanded,GO:0005967,12
expanded,GO:0005968,49
expanded,GO:0005971,34
expanded,GO:0005975,6228
expanded,GO:0005976,213
expanded,GO:0005977,33
expanded,GO:0005978,145
expanded,GO:0005980,52
expanded,GO:0005982,114
expanded,GO:0005983,55
expanded,GO:0005984,52
expanded,GO:0005985,180
expanded,GO:0005986,78
expanded,GO:0005987,89
expanded,GO:0005990,17
expanded,GO:0005991,6
expanded,GO:0005992,213
expanded,GO:0005993,2
expanded,GO:0005994,1
expanded,GO:0005995,1
expanded,GO:0005996,162
expanded,GO:0005997,34
expanded,GO:0006000,239
expanded,GO:0006002,77
expanded,GO:0006003,36
expanded,GO:0006004,29
expanded,GO:0006006,219
expanded,GO:0006007,12
expanded,GO:0006011,92
expanded,GO:0006012,124
expanded,GO:0006013,109
expanded,GO:0006014,15
expanded,GO:0006015,56
expanded,GO:0006020,38
expanded,GO:0006021,46
expanded,GO:0006022,24
expanded,GO:0006023,2
expanded,GO:0006024,57
expanded,GO:0006026,22
expanded,GO:0006029,5
expanded,GO:0006030,22
expanded,GO:0006032,238
expanded,GO:0006040,22
expanded,GO:0006044,40
expanded,GO:0006047,13
expanded,GO:0006048,65
expanded,GO:0006063,22
expanded,GO:0006065,2
expanded,GO:0006066,164
expanded,GO:0006067,1
expanded,GO:0006071,24
expanded,GO:0006072,77
expanded,GO:0006073,135
expanded,GO:0006074,6
expanded,GO:0006075,165
expanded,GO:0006076,5
expanded,GO:0006081,173
expanded,GO:0006082,3685
expanded,GO:0006083,27
expanded,GO:0006084,24
expanded,GO:0006085,47
expanded,GO:0006086,107
expanded,GO:0006089,37
expanded,GO:0006090,199
expanded,GO:0006091,175
expanded,GO:0006094,169
expanded,GO:0006096,619
expanded,GO:0006097,42
expanded,GO:0006098,149
expanded,GO:0006099,356
expanded,GO:0006101,74
expanded,GO:0006102,117
expanded,GO:0006103,73
expanded,GO:0006104,34
expanded,GO:0006106,15
expanded,GO:0006107,36
expanded,GO:0006108,154
expanded,GO:0006109,187
expanded,GO:0006110,37
expanded,GO:0006111,7
expanded,GO:0006112,36
expanded,GO:0006114,30
expanded,GO:0006116,95
expanded,GO:0006119,17
expanded,GO:0006120,79
expanded,GO:0006121,57
expanded,GO:0006122,72
expanded,GO:0006123,44
expanded,GO:0006139,6077
expanded,GO:0006140,39
expanded,GO:0006144,42
expanded,GO:0006145,17
expanded,GO:0006152,85
expanded,GO:0006154,29
expanded,GO:0006163,86
expanded,GO:0006164,211
expanded,GO:0006165,17
expanded,GO:0006166,26
expanded,GO:0006168,39
expanded,GO:0006177,23
expanded,GO:0006178,4
expanded,GO:0006182,8
expanded,GO:0006183,45
expanded,GO:0006188,68
expanded,GO:0006189,137
expanded,GO:0006193,5
expanded,GO:0006195,5
expanded,GO:0006203,38
expanded,GO:0006206,473
expanded,GO:0006207,104
expanded,GO:0006208,24
expanded,GO:0006210,52
expanded,GO:0006212,11
expanded,GO:0006213,473
expanded,GO:0006220,482
expanded,GO:0006221,606
expanded,GO:0006222,502
expanded,GO:0006225,24
expanded,GO:0006226,17
expanded,GO:0006227,13
expanded,GO:0006228,33
expanded,GO:0006231,33
expanded,GO:0006233,14
expanded,GO:0006235,13
expanded,GO:0006241,80
expanded,GO:0006244,1
expanded,GO:0006259,1929
expanded,GO:0006260,1570
expanded,GO:0006261,628
expanded,GO:0006264,99
expanded,GO:0006265,279
expanded,GO:0006266,75
expanded,GO:0006268,179
expanded,GO:0006269,18
expanded,GO:0006270,209
expanded,GO:0006271,95
expanded,GO:0006272,48
expanded,GO:0006273,90
expanded,GO:0006274,13
expanded,GO:0006275,95
expanded,GO:0006276,16
expanded,GO:0006277,1
expanded,GO:0006278,769
expanded,GO:0006279,7
expanded,GO:0006281,2787
expanded,GO:0006282,32
expanded,GO:0006283,235
expanded,GO:0006284,571
expanded,GO:0006285,55
expanded,GO:0006287,25
expanded,GO:0006289,445
expanded,GO:0006294,8
expanded,GO:0006297,65
expanded,GO:0006298,249
expanded,GO:0006301,17
expanded,GO:0006302,581
expanded,GO:0006303,171
expanded,GO:0006304,160
expanded,GO:0006305,152
expanded,GO:0006306,152
expanded,GO:0006307,50
expanded,GO:0006308,94
expanded,GO:0006310,604
expanded,GO:0006311,6
expanded,GO:0006312,94
expanded,GO:0006313,6
expanded,GO:0006315,42
expanded,GO:0006323,57
expanded,GO:0006325,795
expanded,GO:0006333,79
expanded,GO:0006334,404
expanded,GO:0006335,35
expanded,GO:0006336,8
expanded,GO:0006337,19
expanded,GO:0006338,685
expanded,GO:0006342,90
expanded,GO:0006344,8
expanded,GO:0006346,35
expanded,GO:0006349,21
expanded,GO:0006351,1804
expanded,GO:0006352,499
expanded,GO:0006353,165
expanded,GO:0006354,69
expanded,GO:0006355,16863
expanded,GO:0006356,53
expanded,GO:0006357,4574
expanded,GO:0006359,13
expanded,GO:0006360,94
expanded,GO:0006361,20
expanded,GO:0006362,97
expanded,GO:0006363,21
expanded,GO:0006364,2208
expanded,GO:0006366,646
expanded,GO:0006367,377
expanded,GO:0006368,279
expanded,GO:0006369,231
expanded,GO:0006370,70
expanded,GO:0006376,20
expanded,GO:0006378,271
expanded,GO:0006379,9
expanded,GO:0006382,12
expanded,GO:0006383,231
expanded,GO:0006384,91
expanded,GO:0006386,19
expanded,GO:0006388,67
expanded,GO:0006390,70
expanded,GO:0006396,3222
expanded,GO:0006397,830
expanded,GO:0006398,38
expanded,GO:0006399,240
expanded,GO:0006400,404
expanded,GO:0006401,352
expanded,GO:0006402,256
expanded,GO:0006403,132
expanded,GO:0006404,6
expanded,GO:0006405,208
expanded,GO:0006406,302
expanded,GO:0006408,11
expanded,GO:0006409,35
expanded,GO:0006412,3580
expanded,GO:0006413,560
expanded,GO:0006414,458
expanded,GO:0006415,141
expanded,GO:0006417,216
expanded,GO:0006418,678
expanded,GO:0006419,57
expanded,GO:0006420,69
expanded,GO:0006421,45
expanded,GO:0006422,53
expanded,GO:0006423,38
expanded,GO:0006424,47
expanded,GO:0006425,12
expanded,GO:0006426,48
expanded,GO:0006427,47
expanded,GO:0006428,28
expanded,GO:0006429,44
expanded,GO:0006430,30
expanded,GO:0006431,51
expanded,GO:0006432,49
expanded,GO:0006433,63
expanded,GO:0006434,57
expanded,GO:0006435,43
expanded,GO:0006436,27
expanded,GO:0006437,52
expanded,GO:0006438,40
expanded,GO:0006446,25
expanded,GO:0006448,3
expanded,GO:0006450,48
expanded,GO:0006457,1519
expanded,GO:0006458,47
expanded,GO:0006464,3631
expanded,GO:0006465,284
expanded,GO:0006468,15140
expanded,GO:0006469,42
expanded,GO:0006470,1345
expanded,GO:0006471,35
expanded,GO:0006473,128
expanded,GO:0006474,50
expanded,GO:0006475,127
expanded,GO:0006476,79
expanded,GO:0006479,191
expanded,GO:0006480,10
expanded,GO:0006481,11
expanded,GO:0006482,65
expanded,GO:0006486,945
expanded,GO:0006487,259
expanded,GO:0006488,119
expanded,GO:0006490,59
expanded,GO:0006491,77
expanded,GO:0006493,17
expanded,GO:0006497,27
expanded,GO:0006499,19
expanded,GO:0006501,15
expanded,GO:0006505,1
expanded,GO:0006506,325
expanded,GO:0006508,8256
expanded,GO:0006509,22
expanded,GO:0006511,3410
expanded,GO:0006513,24
expanded,GO:0006515,223
expanded,GO:0006516,10
expanded,GO:0006517,89
expanded,GO:0006518,238
expanded,GO:0006520,3048
expanded,GO:0006521,3
expanded,GO:0006525,18
expanded,GO:0006526,102
expanded,GO:0006527,2
expanded,GO:0006528,40
expanded,GO:0006529,78
expanded,GO:0006530,25
expanded,GO:0006531,26
expanded,GO:0006532,25
expanded,GO:0006533,25
expanded,GO:0006534,163
expanded,GO:0006535,159
expanded,GO:0006536,85
expanded,GO:0006537,35
expanded,GO:0006538,122
expanded,GO:0006541,47
expanded,GO:0006542,122
expanded,GO:0006544,4
expanded,GO:0006545,28
expanded,GO:0006546,4
expanded,GO:0006549,2
expanded,GO:0006551,12
expanded,GO:0006552,56
expanded,GO:0006553,3
expanded,GO:0006555,58
expanded,GO:0006556,32
expanded,GO:0006559,58
expanded,GO:0006560,5
expanded,GO:0006561,49
expanded,GO:0006562,27
expanded,GO:0006563,100
expanded,GO:0006564,6
expanded,GO:0006565,13
expanded,GO:0006566,11
expanded,GO:0006567,41
expanded,GO:0006568,2450
expanded,GO:0006570,9
expanded,GO:0006571,20
expanded,GO:0006572,52
expanded,GO:0006573,46
expanded,GO:0006574,120
expanded,GO:0006575,76
expanded,GO:0006576,2399
expanded,GO:0006586,2366
expanded,GO:0006591,6
expanded,GO:0006592,18
expanded,GO:0006595,49
expanded,GO:0006596,61
expanded,GO:0006597,76
expanded,GO:0006598,49
expanded,GO:0006605,511
expanded,GO:0006606,665
expanded,GO:0006607,24
expanded,GO:0006611,233
expanded,GO:0006612,186
expanded,GO:0006613,12
expanded,GO:0006614,156
expanded,GO:0006616,46
expanded,GO:0006617,19
expanded,GO:0006620,29
expanded,GO:0006621,113
expanded,GO:0006622,10
expanded,GO:0006623,194
expanded,GO:0006624,187
expanded,GO:0006625,205
expanded,GO:0006626,55
expanded,GO:0006627,53
expanded,GO:0006629,2584
expanded,GO:0006631,744
expanded,GO:0006633,892
expanded,GO:0006635,229
expanded,GO:0006636,18
expanded,GO:0006637,51
expanded,GO:0006638,25
expanded,GO:0006639,25
expanded,GO:0006641,32
expanded,GO:0006643,34
expanded,GO:0006644,218
expanded,GO:0006646,78
expanded,GO:0006649,3
expanded,GO:0006650,103
expanded,GO:0006654,59
expanded,GO:0006655,27
expanded,GO:0006656,121
expanded,GO:0006657,31
expanded,GO:0006659,13
expanded,GO:0006661,50
expanded,GO:0006664,22
expanded,GO:0006665,59
expanded,GO:0006666,20
expanded,GO:0006667,5
expanded,GO:0006670,5
expanded,GO:0006672,99
expanded,GO:0006677,1
expanded,GO:0006679,37
expanded,GO:0006680,18
expanded,GO:0006684,5
expanded,GO:0006686,5
expanded,GO:0006687,1
expanded,GO:0006690,186
expanded,GO:0006692,4
expanded,GO:0006693,4
expanded,GO:0006694,125
expanded,GO:0006695,34
expanded,GO:0006696,34
expanded,GO:0006702,1
expanded,GO:0006706,3
expanded,GO:0006707,3
expanded,GO:0006714,66
expanded,GO:0006720,456
expanded,GO:0006721,450
expanded,GO:0006723,4
expanded,GO:0006725,8367
expanded,GO:0006726,37
expanded,GO:0006727,3
expanded,GO:0006728,1
expanded,GO:0006729,64
expanded,GO:0006730,90
expanded,GO:0006732,171
expanded,GO:0006733,35
expanded,GO:0006734,24
expanded,GO:0006739,46
expanded,GO:0006740,4
expanded,GO:0006741,49
expanded,GO:0006742,23
expanded,GO:0006743,1
expanded,GO:0006744,191
expanded,GO:0006747,22
expanded,GO:0006749,608
expanded,GO:0006750,71
expanded,GO:0006751,84
expanded,GO:0006753,645
expanded,GO:0006754,35
expanded,GO:0006757,3
expanded,GO:0006760,63
expanded,GO:0006761,8
expanded,GO:0006766,170
expanded,GO:0006767,66
expanded,GO:0006771,23
expanded,GO:0006772,10
expanded,GO:0006775,98
expanded,GO:0006777,83
expanded,GO:0006778,57
expanded,GO:0006779,102
expanded,GO:0006780,10
expanded,GO:0006782,14
expanded,GO:0006783,94
expanded,GO:0006784,34
expanded,GO:0006787,13
expanded,GO:0006788,12
expanded,GO:0006790,386
expanded,GO:0006792,1
expanded,GO:0006793,2299
expanded,GO:0006796,2311
expanded,GO:0006801,84
expanded,GO:0006805,179
expanded,GO:0006807,12939
expanded,GO:0006808,42
expanded,GO:0006809,345
expanded,GO:0006810,4184
expanded,GO:0006811,1760
expanded,GO:0006812,1480
expanded,GO:0006813,583
expanded,GO:0006814,27
expanded,GO:0006816,123
expanded,GO:0006817,88
expanded,GO:0006820,1184
expanded,GO:0006821,97
expanded,GO:0006826,108
expanded,GO:0006828,125
expanded,GO:0006829,45
expanded,GO:0006833,221
expanded,GO:0006835,69
expanded,GO:0006836,54
expanded,GO:0006839,398
expanded,GO:0006842,9
expanded,GO:0006850,43
expanded,GO:0006851,27
expanded,GO:0006855,206
expanded,GO:0006857,39
expanded,GO:0006862,229
expanded,GO:0006865,558
expanded,GO:0006868,24
expanded,GO:0006869,636
expanded,GO:0006873,369
expanded,GO:0006874,322
expanded,GO:0006875,296
expanded,GO:0006878,4
expanded,GO:0006879,174
expanded,GO:0006880,47
expanded,GO:0006882,52
expanded,GO:0006883,32
expanded,GO:0006884,6
expanded,GO:0006885,502
expanded,GO:0006886,2729
expanded,GO:0006887,1006
expanded,GO:0006888,1248
expanded,GO:0006890,922
expanded,GO:0006891,874
expanded,GO:0006892,25
expanded,GO:0006893,209
expanded,GO:0006895,3
expanded,GO:0006896,114
expanded,GO:0006897,255
expanded,GO:0006898,132
expanded,GO:0006900,320
expanded,GO:0006901,38
expanded,GO:0006903,84
expanded,GO:0006904,38
expanded,GO:0006906,488
expanded,GO:0006907,7
expanded,GO:0006909,28
expanded,GO:0006911,16
expanded,GO:0006913,296
expanded,GO:0006914,265
expanded,GO:0006915,145
expanded,GO:0006919,23
expanded,GO:0006921,5
expanded,GO:0006924,23
expanded,GO:0006928,291
expanded,GO:0006935,61
expanded,GO:0006949,35
expanded,GO:0006950,5971
expanded,GO:0006952,6780
expanded,GO:0006954,233
expanded,GO:0006955,1446
expanded,GO:0006959,1
expanded,GO:0006970,1328
expanded,GO:0006971,2
expanded,GO:0006972,112
expanded,GO:0006974,970
expanded,GO:0006977,7
expanded,GO:0006978,3
expanded,GO:0006979,2573
expanded,GO:0006984,1
expanded,GO:0006986,12
expanded,GO:0006990,10
expanded,GO:0006995,132
expanded,GO:0006996,4211
expanded,GO:0006997,138
expanded,GO:0006998,3
expanded,GO:0006999,71
expanded,GO:0007000,4
expanded,GO:0007004,91
expanded,GO:0007005,673
expanded,GO:0007006,47
expanded,GO:0007007,11
expanded,GO:0007009,11
expanded,GO:0007010,749
expanded,GO:0007015,450
expanded,GO:0007017,1062
expanded,GO:0007018,907
expanded,GO:0007019,84
expanded,GO:0007020,98
expanded,GO:0007021,65
expanded,GO:0007023,66
expanded,GO:0007026,3
expanded,GO:0007028,10
expanded,GO:0007029,64
expanded,GO:0007030,278
expanded,GO:0007031,372
expanded,GO:0007032,65
expanded,GO:0007033,222
expanded,GO:0007034,199
expanded,GO:0007035,80
expanded,GO:0007039,14
expanded,GO:0007040,28
expanded,GO:0007041,28
expanded,GO:0007043,24
expanded,GO:0007044,3
expanded,GO:0007049,836
expanded,GO:0007050,1
expanded,GO:0007051,131
expanded,GO:0007052,108
expanded,GO:0007053,1
expanded,GO:0007059,346
expanded,GO:0007060,19
expanded,GO:0007062,155
expanded,GO:0007063,21
expanded,GO:0007064,208
expanded,GO:0007076,120
expanded,GO:0007079,1
expanded,GO:0007080,21
expanded,GO:0007088,63
expanded,GO:0007091,63
expanded,GO:0007093,37
expanded,GO:0007094,114
expanded,GO:0007095,83
expanded,GO:0007096,12
expanded,GO:0007097,51
expanded,GO:0007098,4
expanded,GO:0007100,3
expanded,GO:0007112,19
expanded,GO:0007114,1
expanded,GO:0007117,1
expanded,GO:0007118,1
expanded,GO:0007127,95
expanded,GO:0007129,82
expanded,GO:0007130,6
expanded,GO:0007131,315
expanded,GO:0007135,1
expanded,GO:0007140,91
expanded,GO:0007141,1
expanded,GO:0007142,60
expanded,GO:0007143,32
expanded,GO:0007154,2805
expanded,GO:0007155,64
expanded,GO:0007156,2
expanded,GO:0007162,14
expanded,GO:0007163,104
expanded,GO:0007164,33
expanded,GO:0007165,5838
expanded,GO:0007166,556
expanded,GO:0007167,125
expanded,GO:0007169,14
expanded,GO:0007175,1
expanded,GO:0007176,1
expanded,GO:0007178,111
expanded,GO:0007186,153
expanded,GO:0007187,1
expanded,GO:0007188,48
expanded,GO:0007189,10
expanded,GO:0007200,78
expanded,GO:0007204,11
expanded,GO:0007219,61
expanded,GO:0007220,3
expanded,GO:0007221,60
expanded,GO:0007231,17
expanded,GO:0007254,3
expanded,GO:0007258,2
expanded,GO:0007263,9
expanded,GO:0007264,169
expanded,GO:0007265,32
expanded,GO:0007266,68
expanded,GO:0007267,65
expanded,GO:0007268,9
expanded,GO:0007269,3
expanded,GO:0007272,19
expanded,GO:0007275,6375
expanded,GO:0007276,938
expanded,GO:0007277,1
expanded,GO:0007279,1
expanded,GO:0007281,696
expanded,GO:0007283,76
expanded,GO:0007286,21
expanded,GO:0007288,1
expanded,GO:0007289,1
expanded,GO:0007292,602
expanded,GO:0007297,2
expanded,GO:0007298,2
expanded,GO:0007308,10
expanded,GO:0007309,10
expanded,GO:0007314,10
expanded,GO:0007315,10
expanded,GO:0007316,1
expanded,GO:0007317,9
expanded,GO:0007318,9
expanded,GO:0007319,1
expanded,GO:0007323,2
expanded,GO:0007346,279
expanded,GO:0007349,4
expanded,GO:0007350,10
expanded,GO:0007351,10
expanded,GO:0007368,20
expanded,GO:0007369,13
expanded,GO:0007389,925
expanded,GO:0007398,61
expanded,GO:0007399,276
expanded,GO:0007409,12
expanded,GO:0007411,12
expanded,GO:0007417,75
expanded,GO:0007420,56
expanded,GO:0007422,61
expanded,GO:0007423,158
expanded,GO:0007444,144
expanded,GO:0007446,1
expanded,GO:0007447,1
expanded,GO:0007450,1
expanded,GO:0007455,1
expanded,GO:0007469,1
expanded,GO:0007472,64
expanded,GO:0007474,1
expanded,GO:0007476,64
expanded,GO:0007492,12
expanded,GO:0007498,61
expanded,GO:0007507,21
expanded,GO:0007517,62
expanded,GO:0007519,62
expanded,GO:0007528,23
expanded,GO:0007530,1
expanded,GO:0007531,1
expanded,GO:0007533,1
expanded,GO:0007535,1
expanded,GO:0007548,84
expanded,GO:0007549,3
expanded,GO:0007552,64
expanded,GO:0007560,64
expanded,GO:0007565,2
expanded,GO:0007566,2
expanded,GO:0007568,681
expanded,GO:0007569,50
expanded,GO:0007584,66
expanded,GO:0007588,1
expanded,GO:0007596,4
expanded,GO:0007599,4
expanded,GO:0007600,31
expanded,GO:0007602,3
expanded,GO:0007610,222
expanded,GO:0007611,154
expanded,GO:0007612,93
expanded,GO:0007613,153
expanded,GO:0007616,61
expanded,GO:0007617,1
expanded,GO:0007618,1
expanded,GO:0007623,319
expanded,GO:0007626,1
expanded,GO:0007632,8
expanded,GO:0007634,7
expanded,GO:0008013,1
expanded,GO:0008015,198
expanded,GO:0008017,1706
expanded,GO:0008021,76
expanded,GO:0008022,3
expanded,GO:0008023,60
expanded,GO:0008026,453
expanded,GO:0008028,143
expanded,GO:0008033,453
expanded,GO:0008037,2
expanded,GO:0008038,2
expanded,GO:0008039,1
expanded,GO:0008045,4
expanded,GO:0008047,316
expanded,GO:0008052,61
expanded,GO:0008055,3
expanded,GO:0008057,1
expanded,GO:0008061,229
expanded,GO:0008064,75
expanded,GO:0008066,38
expanded,GO:0008079,12
expanded,GO:0008080,170
expanded,GO:0008081,331
expanded,GO:0008083,31
expanded,GO:0008088,2
expanded,GO:0008089,2
expanded,GO:0008092,249
expanded,GO:0008093,13
expanded,GO:0008094,666
expanded,GO:0008097,169
expanded,GO:0008104,1815
expanded,GO:0008106,56
expanded,GO:0008107,83
expanded,GO:0008108,21
expanded,GO:0008113,48
expanded,GO:0008115,2
expanded,GO:0008117,11
expanded,GO:0008120,37
expanded,GO:0008121,30
expanded,GO:0008124,28
expanded,GO:0008131,128
expanded,GO:0008134,440
expanded,GO:0008135,27
expanded,GO:0008137,174
expanded,GO:0008138,25
expanded,GO:0008139,61
expanded,GO:0008143,60
expanded,GO:0008144,378
expanded,GO:0008146,173
expanded,GO:0008150,26711
expanded,GO:0008152,16177
expanded,GO:0008153,16
expanded,GO:0008154,5
expanded,GO:0008156,13
expanded,GO:0008157,9
expanded,GO:0008168,3443
expanded,GO:0008169,968
expanded,GO:0008170,92
expanded,GO:0008171,723
expanded,GO:0008172,1
expanded,GO:0008173,1249
expanded,GO:0008174,4
expanded,GO:0008175,66
expanded,GO:0008176,47
expanded,GO:0008177,15
expanded,GO:0008179,12
expanded,GO:0008180,107
expanded,GO:0008184,53
expanded,GO:0008186,219
expanded,GO:0008187,9
expanded,GO:0008193,19
expanded,GO:0008194,2335
expanded,GO:0008195,62
expanded,GO:0008198,118
expanded,GO:0008199,43
expanded,GO:0008202,198
expanded,GO:0008203,37
expanded,GO:0008204,34
expanded,GO:0008207,1
expanded,GO:0008209,1
expanded,GO:0008213,152
expanded,GO:0008214,54
expanded,GO:0008215,1
expanded,GO:0008216,1
expanded,GO:0008217,197
expanded,GO:0008219,739
expanded,GO:0008233,1835
expanded,GO:0008234,1516
expanded,GO:0008235,37
expanded,GO:0008236,1365
expanded,GO:0008237,472
expanded,GO:0008238,17
expanded,GO:0008239,123
expanded,GO:0008240,25
expanded,GO:0008242,18
expanded,GO:0008250,93
expanded,GO:0008251,56
expanded,GO:0008252,44
expanded,GO:0008253,83
expanded,GO:0008263,1
expanded,GO:0008265,11
expanded,GO:0008266,7
expanded,GO:0008270,23290
expanded,GO:0008272,58
expanded,GO:0008274,1
expanded,GO:0008275,3
expanded,GO:0008276,138
expanded,GO:0008277,1
expanded,GO:0008278,145
expanded,GO:0008283,168
expanded,GO:0008284,1091
expanded,GO:0008285,152
expanded,GO:0008287,1
expanded,GO:0008289,1447
expanded,GO:0008290,17
expanded,GO:0008295,143
expanded,GO:0008296,51
expanded,GO:0008298,15
expanded,GO:0008299,588
expanded,GO:0008300,29
expanded,GO:0008301,24
expanded,GO:0008306,91
expanded,GO:0008308,143
expanded,GO:0008309,1
expanded,GO:0008310,10
expanded,GO:0008311,38
expanded,GO:0008312,118
expanded,GO:0008318,84
expanded,GO:0008320,191
expanded,GO:0008324,704
expanded,GO:0008327,34
expanded,GO:0008330,30
expanded,GO:0008333,45
expanded,GO:0008334,2
expanded,GO:0008340,13
expanded,GO:0008347,7
expanded,GO:0008352,23
expanded,GO:0008353,235
expanded,GO:0008354,3
expanded,GO:0008356,133
expanded,GO:0008358,10
expanded,GO:0008360,56
expanded,GO:0008361,24
expanded,GO:0008366,19
expanded,GO:0008373,36
expanded,GO:0008374,497
expanded,GO:0008375,11
expanded,GO:0008378,261
expanded,GO:0008379,69
expanded,GO:0008380,406
expanded,GO:0008381,59
expanded,GO:0008406,24
expanded,GO:0008408,363
expanded,GO:0008409,56
expanded,GO:0008417,95
expanded,GO:0008418,32
expanded,GO:0008419,15
expanded,GO:0008420,91
expanded,GO:0008422,760
expanded,GO:0008425,11
expanded,GO:0008429,1
expanded,GO:0008430,20
expanded,GO:0008440,23
expanded,GO:0008441,51
expanded,GO:0008442,16
expanded,GO:0008443,43
expanded,GO:0008444,20
expanded,GO:0008446,16
expanded,GO:0008453,39
expanded,GO:0008455,15
expanded,GO:0008460,35
expanded,GO:0008465,13
expanded,GO:0008466,28
expanded,GO:0008469,18
expanded,GO:0008470,11
expanded,GO:0008474,34
expanded,GO:0008477,18
expanded,GO:0008478,11
expanded,GO:0008479,10
expanded,GO:0008482,58
expanded,GO:0008483,415
expanded,GO:0008490,3
expanded,GO:0008495,11
expanded,GO:0008496,34
expanded,GO:0008506,79
expanded,GO:0008509,741
expanded,GO:0008514,712
expanded,GO:0008515,1
expanded,GO:0008517,13
expanded,GO:0008519,123
expanded,GO:0008525,135
expanded,GO:0008526,183
expanded,GO:0008531,26
expanded,GO:0008534,9
expanded,GO:0008535,4
expanded,GO:0008536,2
expanded,GO:0008540,80
expanded,GO:0008541,82
expanded,GO:0008543,2
expanded,GO:0008544,8
expanded,GO:0008553,81
expanded,GO:0008565,161
expanded,GO:0008568,1
expanded,GO:0008569,5
expanded,GO:0008574,113
expanded,GO:0008582,2
expanded,GO:0008584,1
expanded,GO:0008585,20
expanded,GO:0008587,1
expanded,GO:0008589,3
expanded,GO:0008593,124
expanded,GO:0008595,10
expanded,GO:0008608,21
expanded,GO:0008610,967
expanded,GO:0008612,35
expanded,GO:0008614,12
expanded,GO:0008615,51
expanded,GO:0008616,17
expanded,GO:0008622,32
expanded,GO:0008623,30
expanded,GO:0008630,64
expanded,GO:0008637,27
expanded,GO:0008641,117
expanded,GO:0008643,496
expanded,GO:0008645,2
expanded,GO:0008649,1030
expanded,GO:0008650,34
expanded,GO:0008652,2604
expanded,GO:0008654,225
expanded,GO:0008655,473
expanded,GO:0008661,51
expanded,GO:0008663,22
expanded,GO:0008670,10
expanded,GO:0008676,12
expanded,GO:0008685,12
expanded,GO:0008686,40
expanded,GO:0008690,11
expanded,GO:0008696,9
expanded,GO:0008703,12
expanded,GO:0008716,16
expanded,GO:0008720,11
expanded,GO:0008721,60
expanded,GO:0008725,94
expanded,GO:0008728,1
expanded,GO:0008732,28
expanded,GO:0008734,13
expanded,GO:0008757,1748
expanded,GO:0008773,4
expanded,GO:0008780,23
expanded,GO:0008783,31
expanded,GO:0008792,2
expanded,GO:0008793,23
expanded,GO:0008800,1
expanded,GO:0008810,1
expanded,GO:0008821,62
expanded,GO:0008824,3
expanded,GO:0008825,2
expanded,GO:0008832,24
expanded,GO:0008835,13
expanded,GO:0008836,25
expanded,GO:0008837,20
expanded,GO:0008839,48
expanded,GO:0008840,61
expanded,GO:0008841,31
expanded,GO:0008863,17
expanded,GO:0008864,20
expanded,GO:0008865,186
expanded,GO:0008878,96
expanded,GO:0008883,35
expanded,GO:0008886,1
expanded,GO:0008887,12
expanded,GO:0008889,61
expanded,GO:0008893,22
expanded,GO:0008897,18
expanded,GO:0008898,37
expanded,GO:0008902,14
expanded,GO:0008909,18
expanded,GO:0008911,26
expanded,GO:0008915,11
expanded,GO:0008922,39
expanded,GO:0008930,10
expanded,GO:0008934,13
expanded,GO:0008935,16
expanded,GO:0008936,47
expanded,GO:0008942,11
expanded,GO:0008962,15
expanded,GO:0008963,4
expanded,GO:0008964,90
expanded,GO:0008970,92
expanded,GO:0008972,14
expanded,GO:0008987,11
expanded,GO:0008988,11
expanded,GO:0009000,6
expanded,GO:0009001,72
expanded,GO:0009007,1
expanded,GO:0009008,4
expanded,GO:0009011,35
expanded,GO:0009019,40
expanded,GO:0009020,11
expanded,GO:0009029,11
expanded,GO:0009039,10
expanded,GO:0009041,19
expanded,GO:0009044,164
expanded,GO:0009045,23
expanded,GO:0009048,3
expanded,GO:0009051,89
expanded,GO:0009052,41
expanded,GO:0009055,1094
expanded,GO:0009056,2381
expanded,GO:0009057,1875
expanded,GO:0009058,8493
expanded,GO:0009059,2257
expanded,GO:0009060,161
expanded,GO:0009061,1
expanded,GO:0009062,45
expanded,GO:0009063,56
expanded,GO:0009064,43
expanded,GO:0009065,25
expanded,GO:0009066,41
expanded,GO:0009067,80
expanded,GO:0009068,25
expanded,GO:0009069,155
expanded,GO:0009070,113
expanded,GO:0009071,17
expanded,GO:0009072,2396
expanded,GO:0009073,2504
expanded,GO:0009074,1
expanded,GO:0009081,119
expanded,GO:0009082,54
expanded,GO:0009083,37
expanded,GO:0009084,13
expanded,GO:0009085,3
expanded,GO:0009086,152
expanded,GO:0009088,10
expanded,GO:0009089,190
expanded,GO:0009090,59
expanded,GO:0009093,15
expanded,GO:0009094,54
expanded,GO:0009097,78
expanded,GO:0009098,50
expanded,GO:0009099,63
expanded,GO:0009100,95
expanded,GO:0009101,50
expanded,GO:0009102,34
expanded,GO:0009107,6
expanded,GO:0009108,133
expanded,GO:0009110,78
expanded,GO:0009112,478
expanded,GO:0009113,42
expanded,GO:0009116,554
expanded,GO:0009117,613
expanded,GO:0009119,497
expanded,GO:0009123,495
expanded,GO:0009124,473
expanded,GO:0009126,26
expanded,GO:0009127,4
expanded,GO:0009129,469
expanded,GO:0009130,469
expanded,GO:0009132,17
expanded,GO:0009134,112
expanded,GO:0009135,3
expanded,GO:0009141,37
expanded,GO:0009142,4
expanded,GO:0009143,34
expanded,GO:0009144,37
expanded,GO:0009145,4
expanded,GO:0009146,5
expanded,GO:0009150,93
expanded,GO:0009152,44
expanded,GO:0009154,5
expanded,GO:0009156,473
expanded,GO:0009161,495
expanded,GO:0009163,487
expanded,GO:0009165,588
expanded,GO:0009166,9
expanded,GO:0009167,26
expanded,GO:0009168,4
expanded,GO:0009173,469
expanded,GO:0009174,469
expanded,GO:0009179,3
expanded,GO:0009185,3
expanded,GO:0009187,21
expanded,GO:0009190,8
expanded,GO:0009199,37
expanded,GO:0009200,5
expanded,GO:0009201,4
expanded,GO:0009203,5
expanded,GO:0009204,5
expanded,GO:0009205,37
expanded,GO:0009206,4
expanded,GO:0009207,5
expanded,GO:0009218,469
expanded,GO:0009219,1
expanded,GO:0009220,480
expanded,GO:0009223,1
expanded,GO:0009225,124
expanded,GO:0009226,82
expanded,GO:0009228,60
expanded,GO:0009229,10
expanded,GO:0009231,138
expanded,GO:0009234,23
expanded,GO:0009240,20
expanded,GO:0009245,51
expanded,GO:0009247,83
expanded,GO:0009249,47
expanded,GO:0009250,107
expanded,GO:0009251,140
expanded,GO:0009259,551
expanded,GO:0009260,513
expanded,GO:0009261,5
expanded,GO:0009262,1
expanded,GO:0009263,79
expanded,GO:0009264,14
expanded,GO:0009266,739
expanded,GO:0009267,301
expanded,GO:0009268,93
expanded,GO:0009269,68
expanded,GO:0009272,16
expanded,GO:0009273,9
expanded,GO:0009292,111
expanded,GO:0009294,111
expanded,GO:0009295,103
expanded,GO:0009298,49
expanded,GO:0009299,180
expanded,GO:0009301,3
expanded,GO:0009303,20
expanded,GO:0009304,21
expanded,GO:0009306,61
expanded,GO:0009308,2522
expanded,GO:0009309,2390
expanded,GO:0009310,2
expanded,GO:0009311,118
expanded,GO:0009312,23
expanded,GO:0009313,41
expanded,GO:0009314,1933
expanded,GO:0009317,29
expanded,GO:0009328,37
expanded,GO:0009330,23
expanded,GO:0009337,8
expanded,GO:0009341,17
expanded,GO:0009346,1
expanded,GO:0009349,16
expanded,GO:0009353,1
expanded,GO:0009361,12
expanded,GO:0009368,136
expanded,GO:0009378,334
expanded,GO:0009383,979
expanded,GO:0009394,1
expanded,GO:0009395,169
expanded,GO:0009396,81
expanded,GO:0009398,11
expanded,GO:0009403,14
expanded,GO:0009404,32
expanded,GO:0009405,52
expanded,GO:0009407,18
expanded,GO:0009408,710
expanded,GO:0009409,655
expanded,GO:0009410,206
expanded,GO:0009411,401
expanded,GO:0009414,899
expanded,GO:0009415,736
expanded,GO:0009416,2086
expanded,GO:0009423,46
expanded,GO:0009435,75
expanded,GO:0009436,27
expanded,GO:0009438,19
expanded,GO:0009439,3
expanded,GO:0009443,13
expanded,GO:0009446,26
expanded,GO:0009448,12
expanded,GO:0009450,16
expanded,GO:0009451,4927
expanded,GO:0009452,2
expanded,GO:0009501,45
expanded,GO:0009504,45
expanded,GO:0009505,702
expanded,GO:0009506,1884
expanded,GO:0009507,6798
expanded,GO:0009508,14
expanded,GO:0009509,38
expanded,GO:0009510,17
expanded,GO:0009511,17
expanded,GO:0009512,4
expanded,GO:0009513,12
expanded,GO:0009514,14
expanded,GO:0009521,35
expanded,GO:0009522,146
expanded,GO:0009523,418
expanded,GO:0009524,63
expanded,GO:0009526,1106
expanded,GO:0009527,134
expanded,GO:0009528,192
expanded,GO:0009531,35
expanded,GO:0009532,686
expanded,GO:0009534,640
expanded,GO:0009535,1619
expanded,GO:0009536,3550
expanded,GO:0009537,12
expanded,GO:0009538,65
expanded,GO:0009539,19
expanded,GO:0009540,13
expanded,GO:0009543,73
expanded,GO:0009547,6
expanded,GO:0009553,152
expanded,GO:0009554,15
expanded,GO:0009555,559
expanded,GO:0009556,67
expanded,GO:0009558,3
expanded,GO:0009559,54
expanded,GO:0009561,65
expanded,GO:0009566,77
expanded,GO:0009567,115
expanded,GO:0009569,12
expanded,GO:0009570,1719
expanded,GO:0009574,57
expanded,GO:0009579,778
expanded,GO:0009581,5
expanded,GO:0009582,5
expanded,GO:0009583,3
expanded,GO:0009584,39
expanded,GO:0009585,34
expanded,GO:0009590,1
expanded,GO:0009593,54
expanded,GO:0009594,9
expanded,GO:0009595,2
expanded,GO:0009605,2952
expanded,GO:0009606,111
expanded,GO:0009607,2413
expanded,GO:0009608,17
expanded,GO:0009609,10
expanded,GO:0009610,11
expanded,GO:0009611,684
expanded,GO:0009612,13
expanded,GO:0009615,400
expanded,GO:0009616,249
expanded,GO:0009617,1223
expanded,GO:0009620,955
expanded,GO:0009623,4
expanded,GO:0009624,298
expanded,GO:0009625,171
expanded,GO:0009626,309
expanded,GO:0009627,194
expanded,GO:0009628,3841
expanded,GO:0009629,104
expanded,GO:0009630,183
expanded,GO:0009631,86
expanded,GO:0009635,23
expanded,GO:0009636,530
expanded,GO:0009637,220
expanded,GO:0009638,65
expanded,GO:0009639,554
expanded,GO:0009640,141
expanded,GO:0009641,143
expanded,GO:0009642,292
expanded,GO:0009643,57
expanded,GO:0009644,205
expanded,GO:0009646,16
expanded,GO:0009647,1
expanded,GO:0009648,523
expanded,GO:0009649,46
expanded,GO:0009650,1
expanded,GO:0009651,1373
expanded,GO:0009653,2644
expanded,GO:0009654,231
expanded,GO:0009657,285
expanded,GO:0009658,555
expanded,GO:0009660,1
expanded,GO:0009662,14
expanded,GO:0009664,510
expanded,GO:0009668,26
expanded,GO:0009670,31
expanded,GO:0009671,21
expanded,GO:0009674,1
expanded,GO:0009678,19
expanded,GO:0009682,47
expanded,GO:0009683,18
expanded,GO:0009684,18
expanded,GO:0009685,312
expanded,GO:0009686,309
expanded,GO:0009687,83
expanded,GO:0009688,92
expanded,GO:0009690,177
expanded,GO:0009691,342
expanded,GO:0009692,63
expanded,GO:0009693,63
expanded,GO:0009694,178
expanded,GO:0009695,101
expanded,GO:0009696,187
expanded,GO:0009697,1
expanded,GO:0009698,115
expanded,GO:0009699,112
expanded,GO:0009700,2
expanded,GO:0009702,1
expanded,GO:0009703,5
expanded,GO:0009704,29
expanded,GO:0009705,427
expanded,GO:0009706,374
expanded,GO:0009707,387
expanded,GO:0009718,111
expanded,GO:0009719,3021
expanded,GO:0009720,31
expanded,GO:0009723,893
expanded,GO:0009725,3350
expanded,GO:0009726,31
expanded,GO:0009727,30
expanded,GO:0009729,1
expanded,GO:0009733,1019
expanded,GO:0009734,328
expanded,GO:0009735,290
expanded,GO:0009736,635
expanded,GO:0009737,1046
expanded,GO:0009738,505
expanded,GO:0009739,604
expanded,GO:0009740,346
expanded,GO:0009741,110
expanded,GO:0009742,237
expanded,GO:0009743,193
expanded,GO:0009744,108
expanded,GO:0009746,80
expanded,GO:0009749,105
expanded,GO:0009750,29
expanded,GO:0009751,519
expanded,GO:0009753,962
expanded,GO:0009755,1384
expanded,GO:0009756,76
expanded,GO:0009757,4
expanded,GO:0009765,243
expanded,GO:0009767,138
expanded,GO:0009772,91
expanded,GO:0009773,107
expanded,GO:0009784,17
expanded,GO:0009785,46
expanded,GO:0009786,44
expanded,GO:0009787,383
expanded,GO:0009788,201
expanded,GO:0009789,290
expanded,GO:0009790,2205
expanded,GO:0009791,3119
expanded,GO:0009792,605
expanded,GO:0009793,1083
expanded,GO:0009798,91
expanded,GO:0009799,20
expanded,GO:0009800,9
expanded,GO:0009803,9
expanded,GO:0009806,1
expanded,GO:0009807,1
expanded,GO:0009808,73
expanded,GO:0009809,57
expanded,GO:0009810,177
expanded,GO:0009812,198
expanded,GO:0009813,236
expanded,GO:0009814,750
expanded,GO:0009815,51
expanded,GO:0009816,354
expanded,GO:0009817,42
expanded,GO:0009819,9
expanded,GO:0009820,13
expanded,GO:0009824,7
expanded,GO:0009825,85
expanded,GO:0009826,553
expanded,GO:0009827,39
expanded,GO:0009828,37
expanded,GO:0009832,199
expanded,GO:0009833,6
expanded,GO:0009834,457
expanded,GO:0009835,3
expanded,GO:0009838,47
expanded,GO:0009840,1
expanded,GO:0009845,165
expanded,GO:0009846,77
expanded,GO:0009847,2
expanded,GO:0009850,214
expanded,GO:0009851,87
expanded,GO:0009852,16
expanded,GO:0009853,88
expanded,GO:0009854,3
expanded,GO:0009855,20
expanded,GO:0009856,407
expanded,GO:0009859,41
expanded,GO:0009860,387
expanded,GO:0009861,236
expanded,GO:0009862,76
expanded,GO:0009863,122
expanded,GO:0009864,45
expanded,GO:0009865,23
expanded,GO:0009866,13
expanded,GO:0009867,646
expanded,GO:0009868,2
expanded,GO:0009870,7
expanded,GO:0009871,13
expanded,GO:0009873,780
expanded,GO:0009875,100
expanded,GO:0009877,24
expanded,GO:0009880,623
expanded,GO:0009881,31
expanded,GO:0009884,19
expanded,GO:0009885,17
expanded,GO:0009886,64
expanded,GO:0009887,150
expanded,GO:0009888,2008
expanded,GO:0009889,6419
expanded,GO:0009890,755
expanded,GO:0009891,989
expanded,GO:0009892,1397
expanded,GO:0009893,1624
expanded,GO:0009894,233
expanded,GO:0009895,51
expanded,GO:0009896,123
expanded,GO:0009897,58
expanded,GO:0009898,103
expanded,GO:0009900,172
expanded,GO:0009901,172
expanded,GO:0009902,78
expanded,GO:0009903,225
expanded,GO:0009904,178
expanded,GO:0009905,2
expanded,GO:0009908,791
expanded,GO:0009909,714
expanded,GO:0009910,135
expanded,GO:0009911,81
expanded,GO:0009913,8
expanded,GO:0009914,108
expanded,GO:0009916,59
expanded,GO:0009917,1
expanded,GO:0009920,4
expanded,GO:0009921,1
expanded,GO:0009922,65
expanded,GO:0009923,1
expanded,GO:0009925,1
expanded,GO:0009926,284
expanded,GO:0009927,158
expanded,GO:0009931,96
expanded,GO:0009932,315
expanded,GO:0009933,653
expanded,GO:0009934,21
expanded,GO:0009937,65
expanded,GO:0009938,39
expanded,GO:0009939,39
expanded,GO:0009940,3
expanded,GO:0009941,1444
expanded,GO:0009942,29
expanded,GO:0009943,17
expanded,GO:0009944,29
expanded,GO:0009945,2
expanded,GO:0009948,10
expanded,GO:0009952,12
expanded,GO:0009953,1
expanded,GO:0009954,23
expanded,GO:0009955,46
expanded,GO:0009956,38
expanded,GO:0009958,32
expanded,GO:0009959,83
expanded,GO:0009960,158
expanded,GO:0009961,10
expanded,GO:0009962,95
expanded,GO:0009963,50
expanded,GO:0009965,88
expanded,GO:0009966,2242
expanded,GO:0009967,464
expanded,GO:0009968,411
expanded,GO:0009969,118
expanded,GO:0009970,4
expanded,GO:0009971,1
expanded,GO:0009972,34
expanded,GO:0009973,1
expanded,GO:0009974,13
expanded,GO:0009975,108
expanded,GO:0009976,12
expanded,GO:0009977,12
expanded,GO:0009979,10
expanded,GO:0009982,244
expanded,GO:0009986,89
expanded,GO:0009987,20559
expanded,GO:0009991,433
expanded,GO:0009992,6
expanded,GO:0009994,537
expanded,GO:0010001,22
expanded,GO:0010005,22
expanded,GO:0010008,142
expanded,GO:0010009,1
expanded,GO:0010011,31
expanded,GO:0010013,1
expanded,GO:0010014,611
expanded,GO:0010015,598
expanded,GO:0010016,209
expanded,GO:0010017,40
expanded,GO:0010018,19
expanded,GO:0010019,203
expanded,GO:0010020,200
expanded,GO:0010021,10
expanded,GO:0010022,16
expanded,GO:0010023,22
expanded,GO:0010024,12
expanded,GO:0010025,251
expanded,GO:0010026,358
expanded,GO:0010027,191
expanded,GO:0010028,23
expanded,GO:0010029,185
expanded,GO:0010030,119
expanded,GO:0010031,14
expanded,GO:0010032,66
expanded,GO:0010033,4059
expanded,GO:0010034,1
expanded,GO:0010035,1803
expanded,GO:0010036,5
expanded,GO:0010037,2
expanded,GO:0010038,941
expanded,GO:0010039,186
expanded,GO:0010042,3
expanded,GO:0010043,58
expanded,GO:0010044,91
expanded,GO:0010045,11
expanded,GO:0010048,56
expanded,GO:0010050,212
expanded,GO:0010051,50
expanded,GO:0010052,262
expanded,GO:0010053,182
expanded,GO:0010054,179
expanded,GO:0010065,11
expanded,GO:0010067,16
expanded,GO:0010068,5
expanded,GO:0010069,15
expanded,GO:0010070,15
expanded,GO:0010071,34
expanded,GO:0010072,3
expanded,GO:0010073,2709
expanded,GO:0010074,60
expanded,GO:0010075,56
expanded,GO:0010076,36
expanded,GO:0010077,41
expanded,GO:0010078,33
expanded,GO:0010082,9
expanded,GO:0010083,1
expanded,GO:0010086,17
expanded,GO:0010087,163
expanded,GO:0010088,148
expanded,GO:0010089,100
expanded,GO:0010090,355
expanded,GO:0010091,14
expanded,GO:0010093,34
expanded,GO:0010094,16
expanded,GO:0010097,22
expanded,GO:0010098,1
expanded,GO:0010099,39
expanded,GO:0010100,11
expanded,GO:0010101,396
expanded,GO:0010102,396
expanded,GO:0010103,65
expanded,GO:0010104,89
expanded,GO:0010105,92
expanded,GO:0010106,136
expanded,GO:0010107,1
expanded,GO:0010109,94
expanded,GO:0010112,27
expanded,GO:0010113,36
expanded,GO:0010114,229
expanded,GO:0010115,39
expanded,GO:0010116,3
expanded,GO:0010117,98
expanded,GO:0010118,195
expanded,GO:0010119,229
expanded,GO:0010120,2
expanded,GO:0010121,16
expanded,GO:0010124,28
expanded,GO:0010133,42
expanded,GO:0010142,33
expanded,GO:0010143,347
expanded,GO:0010148,10
expanded,GO:0010150,558
expanded,GO:0010151,3
expanded,GO:0010152,39
expanded,GO:0010154,1355
expanded,GO:0010155,19
expanded,GO:0010158,95
expanded,GO:0010160,61
expanded,GO:0010161,2
expanded,GO:0010162,25
expanded,GO:0010165,15
expanded,GO:0010166,211
expanded,GO:0010167,48
expanded,GO:0010168,27
expanded,GO:0010171,1
expanded,GO:0010172,1
expanded,GO:0010179,121
expanded,GO:0010181,394
expanded,GO:0010182,88
expanded,GO:0010183,76
expanded,GO:0010185,23
expanded,GO:0010187,35
expanded,GO:0010188,9
expanded,GO:0010189,16
expanded,GO:0010190,48
expanded,GO:0010191,61
expanded,GO:0010192,46
expanded,GO:0010193,373
expanded,GO:0010196,11
expanded,GO:0010197,66
expanded,GO:0010198,16
expanded,GO:0010199,8
expanded,GO:0010200,380
expanded,GO:0010201,2
expanded,GO:0010204,11
expanded,GO:0010205,39
expanded,GO:0010206,92
expanded,GO:0010207,72
expanded,GO:0010208,17
expanded,GO:0010209,3
expanded,GO:0010212,80
expanded,GO:0010213,1
expanded,GO:0010214,87
expanded,GO:0010215,101
expanded,GO:0010216,52
expanded,GO:0010218,247
expanded,GO:0010219,5
expanded,GO:0010220,5
expanded,GO:0010222,22
expanded,GO:0010223,45
expanded,GO:0010224,305
expanded,GO:0010225,8
expanded,GO:0010226,29
expanded,GO:0010227,56
expanded,GO:0010228,705
expanded,GO:0010229,18
expanded,GO:0010230,59
expanded,GO:0010231,1
expanded,GO:0010232,44
expanded,GO:0010233,44
expanded,GO:0010234,2
expanded,GO:0010235,4
expanded,GO:0010236,33
expanded,GO:0010239,12
expanded,GO:0010240,23
expanded,GO:0010241,17
expanded,GO:0010242,22
expanded,GO:0010243,658
expanded,GO:0010247,4
expanded,GO:0010252,292
expanded,GO:0010253,2
expanded,GO:0010255,4
expanded,GO:0010256,193
expanded,GO:0010257,13
expanded,GO:0010258,22
expanded,GO:0010259,18
expanded,GO:0010262,11
expanded,GO:0010264,35
expanded,GO:0010265,5
expanded,GO:0010267,252
expanded,GO:0010268,327
expanded,GO:0010270,10
expanded,GO:0010271,2
expanded,GO:0010272,34
expanded,GO:0010273,31
expanded,GO:0010274,115
expanded,GO:0010275,23
expanded,GO:0010276,15
expanded,GO:0010277,77
expanded,GO:0010279,102
expanded,GO:0010280,2
expanded,GO:0010286,48
expanded,GO:0010287,188
expanded,GO:0010288,3
expanded,GO:0010289,1
expanded,GO:0010290,1
expanded,GO:0010291,29
expanded,GO:0010293,1
expanded,GO:0010294,24
expanded,GO:0010295,44
expanded,GO:0010296,20
expanded,GO:0010297,1
expanded,GO:0010301,11
expanded,GO:0010303,4
expanded,GO:0010304,26
expanded,GO:0010305,105
expanded,GO:0010306,11
expanded,GO:0010309,26
expanded,GO:0010310,18
expanded,GO:0010311,42
expanded,GO:0010314,6
expanded,GO:0010315,191
expanded,GO:0010319,29
expanded,GO:0010321,13
expanded,GO:0010324,19
expanded,GO:0010325,36
expanded,GO:0010328,33
expanded,GO:0010329,189
expanded,GO:0010330,55
expanded,GO:0010331,36
expanded,GO:0010332,16
expanded,GO:0010333,568
expanded,GO:0010334,3
expanded,GO:0010337,15
expanded,GO:0010338,2
expanded,GO:0010343,25
expanded,GO:0010344,33
expanded,GO:0010345,146
expanded,GO:0010346,45
expanded,GO:0010349,12
expanded,GO:0010351,9
expanded,GO:0010352,9
expanded,GO:0010358,13
expanded,GO:0010359,2
expanded,GO:0010363,9
expanded,GO:0010364,1
expanded,GO:0010365,1
expanded,GO:0010369,12
expanded,GO:0010370,3
expanded,GO:0010371,9
expanded,GO:0010372,3
expanded,GO:0010373,4
expanded,GO:0010374,389
expanded,GO:0010375,3
expanded,GO:0010377,2
expanded,GO:0010380,95
expanded,GO:0010383,91
expanded,GO:0010384,1
expanded,GO:0010385,15
expanded,GO:0010387,3
expanded,GO:0010389,89
expanded,GO:0010390,1
expanded,GO:0010393,28
expanded,GO:0010394,1
expanded,GO:0010395,1
expanded,GO:0010396,1
expanded,GO:0010400,1
expanded,GO:0010404,1
expanded,GO:0010405,1
expanded,GO:0010410,57
expanded,GO:0010411,463
expanded,GO:0010412,10
expanded,GO:0010413,27
expanded,GO:0010417,119
expanded,GO:0010420,13
expanded,GO:0010421,6
expanded,GO:0010424,148
expanded,GO:0010427,324
expanded,GO:0010428,1
expanded,GO:0010429,1
expanded,GO:0010430,1
expanded,GO:0010431,100
expanded,GO:0010432,3
expanded,GO:0010433,3
expanded,GO:0010434,3
expanded,GO:0010436,120
expanded,GO:0010438,1
expanded,GO:0010439,11
expanded,GO:0010440,70
expanded,GO:0010444,36
expanded,GO:0010445,4
expanded,GO:0010447,148
expanded,GO:0010449,18
expanded,GO:0010452,15
expanded,GO:0010453,21
expanded,GO:0010454,10
expanded,GO:0010458,1
expanded,GO:0010466,32
expanded,GO:0010467,2635
expanded,GO:0010468,5167
expanded,GO:0010469,2
expanded,GO:0010470,11
expanded,GO:0010476,276
expanded,GO:0010478,9
expanded,GO:0010482,12
expanded,GO:0010483,14
expanded,GO:0010484,20
expanded,GO:0010485,29
expanded,GO:0010486,14
expanded,GO:0010487,42
expanded,GO:0010488,12
expanded,GO:0010491,58
expanded,GO:0010492,81
expanded,GO:0010493,1
expanded,GO:0010494,175
expanded,GO:0010496,27
expanded,GO:0010497,58
expanded,GO:0010498,1352
expanded,GO:0010499,4
expanded,GO:0010501,61
expanded,GO:0010506,131
expanded,GO:0010507,23
expanded,GO:0010508,36
expanded,GO:0010517,3
expanded,GO:0010518,3
expanded,GO:0010520,13
expanded,GO:0010521,22
expanded,GO:0010540,17
expanded,GO:0010541,2
expanded,GO:0010555,11
expanded,GO:0010556,3862
expanded,GO:0010557,943
expanded,GO:0010558,679
expanded,GO:0010559,4
expanded,GO:0010561,1
expanded,GO:0010562,111
expanded,GO:0010563,81
expanded,GO:0010564,156
expanded,GO:0010565,111
expanded,GO:0010569,23
expanded,GO:0010570,1
expanded,GO:0010574,1
expanded,GO:0010575,1
expanded,GO:0010581,24
expanded,GO:0010582,26
expanded,GO:0010584,3
expanded,GO:0010586,13
expanded,GO:0010587,2
expanded,GO:0010588,10
expanded,GO:0010589,3
expanded,GO:0010594,92
expanded,GO:0010595,91
expanded,GO:0010598,64
expanded,GO:0010599,1
expanded,GO:0010600,2397
expanded,GO:0010601,1
expanded,GO:0010603,1
expanded,GO:0010604,1513
expanded,GO:0010605,1254
expanded,GO:0010606,1
expanded,GO:0010608,597
expanded,GO:0010622,5
expanded,GO:0010623,18
expanded,GO:0010628,1119
expanded,GO:0010629,1131
expanded,GO:0010631,2
expanded,GO:0010632,92
expanded,GO:0010634,91
expanded,GO:0010638,158
expanded,GO:0010639,102
expanded,GO:0010640,5
expanded,GO:0010642,5
expanded,GO:0010646,2227
expanded,GO:0010647,556
expanded,GO:0010648,414
expanded,GO:0010654,1
expanded,GO:0010675,61
expanded,GO:0010677,7
expanded,GO:0010720,112
expanded,GO:0010721,4
expanded,GO:0010725,1
expanded,GO:0010726,1
expanded,GO:0010727,3
expanded,GO:0010731,70
expanded,GO:0010767,1
expanded,GO:0010769,141
expanded,GO:0010770,9
expanded,GO:0010771,3
expanded,GO:0010774,19
expanded,GO:0010792,12
expanded,GO:0010810,5
expanded,GO:0010812,5
expanded,GO:0010817,3084
expanded,GO:0010821,1
expanded,GO:0010824,1
expanded,GO:0010826,1
expanded,GO:0010827,21
expanded,GO:0010830,3
expanded,GO:0010831,3
expanded,GO:0010833,40
expanded,GO:0010847,1
expanded,GO:0010857,96
expanded,GO:0010876,210
expanded,GO:0010883,536
expanded,GO:0010888,11
expanded,GO:0010889,2
expanded,GO:0010891,2
expanded,GO:0010896,2
expanded,GO:0010898,2
expanded,GO:0010906,34
expanded,GO:0010913,11
expanded,GO:0010914,11
expanded,GO:0010921,3
expanded,GO:0010923,12
expanded,GO:0010927,186
expanded,GO:0010928,43
expanded,GO:0010929,5
expanded,GO:0010939,3
expanded,GO:0010940,3
expanded,GO:0010941,347
expanded,GO:0010942,101
expanded,GO:0010945,12
expanded,GO:0010948,54
expanded,GO:0010950,115
expanded,GO:0010951,32
expanded,GO:0010952,115
expanded,GO:0010959,100
expanded,GO:0010960,103
expanded,GO:0010962,43
expanded,GO:0010964,24
expanded,GO:0010965,55
expanded,GO:0010966,23
expanded,GO:0010968,12
expanded,GO:0010970,30
expanded,GO:0010971,16
expanded,GO:0010972,1
expanded,GO:0010973,1
expanded,GO:0010975,43
expanded,GO:0010976,38
expanded,GO:0010977,3
expanded,GO:0010981,19
expanded,GO:0010984,4
expanded,GO:0010985,4
expanded,GO:0010988,4
expanded,GO:0010989,4
expanded,GO:0010992,36
expanded,GO:0010997,116
expanded,GO:0012501,811
expanded,GO:0012502,1
expanded,GO:0012505,4775
expanded,GO:0012506,657
expanded,GO:0012507,132
expanded,GO:0012510,1
expanded,GO:0012511,56
expanded,GO:0014002,3
expanded,GO:0014003,19
expanded,GO:0014012,5
expanded,GO:0014069,15
expanded,GO:0014070,1031
expanded,GO:0014074,1
expanded,GO:0014706,62
expanded,GO:0014731,2
expanded,GO:0014812,1
expanded,GO:0014909,1
expanded,GO:0015012,4
expanded,GO:0015015,13
expanded,GO:0015018,53
expanded,GO:0015020,128
expanded,GO:0015030,21
expanded,GO:0015031,1969
expanded,GO:0015035,287
expanded,GO:0015036,140
expanded,GO:0015037,2
expanded,GO:0015038,70
expanded,GO:0015074,11902
expanded,GO:0015075,995
expanded,GO:0015077,143
expanded,GO:0015078,168
expanded,GO:0015079,387
expanded,GO:0015081,32
expanded,GO:0015085,146
expanded,GO:0015086,95
expanded,GO:0015093,10
expanded,GO:0015095,301
expanded,GO:0015098,79
expanded,GO:0015101,34
expanded,GO:0015103,51
expanded,GO:0015105,3
expanded,GO:0015108,96
expanded,GO:0015112,36
expanded,GO:0015114,50
expanded,GO:0015116,41
expanded,GO:0015117,24
expanded,GO:0015120,95
expanded,GO:0015121,31
expanded,GO:0015131,24
expanded,GO:0015137,29
expanded,GO:0015140,26
expanded,GO:0015141,24
expanded,GO:0015142,9
expanded,GO:0015144,473
expanded,GO:0015145,190
expanded,GO:0015149,34
expanded,GO:0015152,35
expanded,GO:0015154,1
expanded,GO:0015157,1
expanded,GO:0015165,133
expanded,GO:0015166,2
expanded,GO:0015171,601
expanded,GO:0015172,82
expanded,GO:0015174,21
expanded,GO:0015175,121
expanded,GO:0015179,340
expanded,GO:0015180,39
expanded,GO:0015183,6
expanded,GO:0015184,56
expanded,GO:0015185,30
expanded,GO:0015186,24
expanded,GO:0015189,43
expanded,GO:0015193,38
expanded,GO:0015194,24
expanded,GO:0015204,10
expanded,GO:0015205,54
expanded,GO:0015211,95
expanded,GO:0015215,76
expanded,GO:0015216,75
expanded,GO:0015217,53
expanded,GO:0015228,29
expanded,GO:0015230,1
expanded,GO:0015231,13
expanded,GO:0015232,1
expanded,GO:0015234,23
expanded,GO:0015238,202
expanded,GO:0015245,45
expanded,GO:0015248,115
expanded,GO:0015250,181
expanded,GO:0015267,605
expanded,GO:0015271,52
expanded,GO:0015276,232
expanded,GO:0015288,1
expanded,GO:0015291,266
expanded,GO:0015292,70
expanded,GO:0015293,16
expanded,GO:0015294,3
expanded,GO:0015295,2
expanded,GO:0015297,1525
expanded,GO:0015298,30
expanded,GO:0015299,30
expanded,GO:0015301,34
expanded,GO:0015318,840
expanded,GO:0015334,1
expanded,GO:0015350,13
expanded,GO:0015355,31
expanded,GO:0015367,2
expanded,GO:0015368,17
expanded,GO:0015369,127
expanded,GO:0015370,1
expanded,GO:0015377,11
expanded,GO:0015385,90
expanded,GO:0015386,143
expanded,GO:0015399,188
expanded,GO:0015405,136
expanded,GO:0015421,226
expanded,GO:0015431,1
expanded,GO:0015446,3
expanded,GO:0015450,29
expanded,GO:0015485,10
expanded,GO:0015491,38
expanded,GO:0015505,35
expanded,GO:0015556,32
expanded,GO:0015562,9
expanded,GO:0015605,203
expanded,GO:0015616,36
expanded,GO:0015629,513
expanded,GO:0015630,720
expanded,GO:0015631,168
expanded,GO:0015633,1
expanded,GO:0015643,177
expanded,GO:0015645,3
expanded,GO:0015662,43
expanded,GO:0015665,15
expanded,GO:0015671,26
expanded,GO:0015672,239
expanded,GO:0015689,79
expanded,GO:0015692,4
expanded,GO:0015693,301
expanded,GO:0015695,34
expanded,GO:0015698,91
expanded,GO:0015700,3
expanded,GO:0015706,45
expanded,GO:0015709,24
expanded,GO:0015711,970
expanded,GO:0015712,35
expanded,GO:0015713,95
expanded,GO:0015714,66
expanded,GO:0015717,104
expanded,GO:0015718,155
expanded,GO:0015721,7
expanded,GO:0015729,24
expanded,GO:0015740,56
expanded,GO:0015741,9
expanded,GO:0015742,2
expanded,GO:0015743,268
expanded,GO:0015744,33
expanded,GO:0015746,7
expanded,GO:0015748,374
expanded,GO:0015749,222
expanded,GO:0015760,35
expanded,GO:0015766,1
expanded,GO:0015770,1
expanded,GO:0015772,1
expanded,GO:0015780,245
expanded,GO:0015783,47
expanded,GO:0015786,50
expanded,GO:0015790,26
expanded,GO:0015791,2
expanded,GO:0015798,89
expanded,GO:0015800,82
expanded,GO:0015801,24
expanded,GO:0015802,21
expanded,GO:0015804,121
expanded,GO:0015805,14
expanded,GO:0015807,44
expanded,GO:0015808,30
expanded,GO:0015809,21
expanded,GO:0015810,24
expanded,GO:0015811,56
expanded,GO:0015812,30
expanded,GO:0015813,30
expanded,GO:0015824,38
expanded,GO:0015825,24
expanded,GO:0015827,24
expanded,GO:0015833,1374
expanded,GO:0015849,559
expanded,GO:0015850,28
expanded,GO:0015851,27
expanded,GO:0015853,27
expanded,GO:0015854,27
expanded,GO:0015858,1
expanded,GO:0015865,106
expanded,GO:0015866,83
expanded,GO:0015867,75
expanded,GO:0015868,106
expanded,GO:0015880,29
expanded,GO:0015884,13
expanded,GO:0015885,13
expanded,GO:0015886,10
expanded,GO:0015893,207
expanded,GO:0015908,46
expanded,GO:0015909,1
expanded,GO:0015910,12
expanded,GO:0015914,154
expanded,GO:0015918,66
expanded,GO:0015919,29
expanded,GO:0015923,35
expanded,GO:0015924,34
expanded,GO:0015925,66
expanded,GO:0015926,19
expanded,GO:0015928,1
expanded,GO:0015929,1
expanded,GO:0015930,15
expanded,GO:0015931,434
expanded,GO:0015932,187
expanded,GO:0015934,440
expanded,GO:0015935,451
expanded,GO:0015936,120
expanded,GO:0015937,206
expanded,GO:0015938,12
expanded,GO:0015939,46
expanded,GO:0015940,89
expanded,GO:0015969,39
expanded,GO:0015977,102
expanded,GO:0015979,768
expanded,GO:0015980,79
expanded,GO:0015986,271
expanded,GO:0015988,14
expanded,GO:0015990,115
expanded,GO:0015994,73
expanded,GO:0015995,143
expanded,GO:0015996,118
expanded,GO:0016002,8
expanded,GO:0016004,12
expanded,GO:0016018,200
expanded,GO:0016020,29740
expanded,GO:0016021,1104
expanded,GO:0016024,23
expanded,GO:0016028,3
expanded,GO:0016031,1
expanded,GO:0016032,61
expanded,GO:0016034,33
expanded,GO:0016035,26
expanded,GO:0016036,228
expanded,GO:0016040,3
expanded,GO:0016042,132
expanded,GO:0016043,5486
expanded,GO:0016045,2
expanded,GO:0016049,618
expanded,GO:0016050,249
expanded,GO:0016051,197
expanded,GO:0016052,87
expanded,GO:0016053,3202
expanded,GO:0016054,110
expanded,GO:0016055,5
expanded,GO:0016063,34
expanded,GO:0016064,1
expanded,GO:0016070,4173
expanded,GO:0016071,557
expanded,GO:0016072,1377
expanded,GO:0016073,142
expanded,GO:0016074,156
expanded,GO:0016075,144
expanded,GO:0016077,12
expanded,GO:0016078,14
expanded,GO:0016079,18
expanded,GO:0016080,1
expanded,GO:0016081,1
expanded,GO:0016082,2
expanded,GO:0016094,32
expanded,GO:0016095,12
expanded,GO:0016098,1
expanded,GO:0016099,1
expanded,GO:0016101,344
expanded,GO:0016102,595
expanded,GO:0016103,29
expanded,GO:0016104,124
expanded,GO:0016106,66
expanded,GO:0016108,92
expanded,GO:0016109,89
expanded,GO:0016114,971
expanded,GO:0016115,29
expanded,GO:0016116,116
expanded,GO:0016117,135
expanded,GO:0016119,17
expanded,GO:0016120,53
expanded,GO:0016121,120
expanded,GO:0016122,77
expanded,GO:0016123,120
expanded,GO:0016125,602
expanded,GO:0016126,214
expanded,GO:0016127,3
expanded,GO:0016128,34
expanded,GO:0016129,34
expanded,GO:0016131,11
expanded,GO:0016132,347
expanded,GO:0016137,1
expanded,GO:0016139,30
expanded,GO:0016143,109
expanded,GO:0016144,63
expanded,GO:0016149,25
expanded,GO:0016150,2
expanded,GO:0016151,38
expanded,GO:0016157,135
expanded,GO:0016160,7
expanded,GO:0016161,112
expanded,GO:0016166,19
expanded,GO:0016168,36
expanded,GO:0016174,125
expanded,GO:0016180,164
expanded,GO:0016192,2549
expanded,GO:0016197,225
expanded,GO:0016202,2
expanded,GO:0016207,12
expanded,GO:0016208,100
expanded,GO:0016209,162
expanded,GO:0016211,5
expanded,GO:0016212,28
expanded,GO:0016226,290
expanded,GO:0016229,1
expanded,GO:0016233,10
expanded,GO:0016234,10
expanded,GO:0016236,97
expanded,GO:0016239,12
expanded,GO:0016241,12
expanded,GO:0016242,2
expanded,GO:0016246,283
expanded,GO:0016251,193
expanded,GO:0016255,77
expanded,GO:0016272,83
expanded,GO:0016273,8
expanded,GO:0016274,107
expanded,GO:0016278,80
expanded,GO:0016279,236
expanded,GO:0016281,75
expanded,GO:0016282,3
expanded,GO:0016289,2
expanded,GO:0016290,1
expanded,GO:0016297,78
expanded,GO:0016298,142
expanded,GO:0016300,1
expanded,GO:0016301,2306
expanded,GO:0016303,14
expanded,GO:0016307,1
expanded,GO:0016308,88
expanded,GO:0016310,2139
expanded,GO:0016311,627
expanded,GO:0016314,14
expanded,GO:0016320,34
expanded,GO:0016323,5
expanded,GO:0016324,53
expanded,GO:0016331,1
expanded,GO:0016333,14
expanded,GO:0016358,10
expanded,GO:0016360,61
expanded,GO:0016363,90
expanded,GO:0016405,281
expanded,GO:0016407,141
expanded,GO:0016408,5
expanded,GO:0016409,259
expanded,GO:0016410,139
expanded,GO:0016411,23
expanded,GO:0016412,13
expanded,GO:0016413,668
expanded,GO:0016420,77
expanded,GO:0016421,1
expanded,GO:0016422,4
expanded,GO:0016423,42
expanded,GO:0016433,2
expanded,GO:0016434,967
expanded,GO:0016435,58
expanded,GO:0016436,1
expanded,GO:0016441,317
expanded,GO:0016442,34
expanded,GO:0016444,38
expanded,GO:0016445,6
expanded,GO:0016446,5
expanded,GO:0016447,1
expanded,GO:0016454,4
expanded,GO:0016458,465
expanded,GO:0016459,199
expanded,GO:0016460,115
expanded,GO:0016462,1013
expanded,GO:0016469,4
expanded,GO:0016471,56
expanded,GO:0016477,133
expanded,GO:0016480,12
expanded,GO:0016482,43
expanded,GO:0016485,206
expanded,GO:0016491,7398
expanded,GO:0016504,5
expanded,GO:0016514,17
expanded,GO:0016530,2
expanded,GO:0016531,5
expanded,GO:0016538,322
expanded,GO:0016540,6
expanded,GO:0016553,2
expanded,GO:0016554,83
expanded,GO:0016556,104
expanded,GO:0016558,76
expanded,GO:0016559,152
expanded,GO:0016560,37
expanded,GO:0016567,5014
expanded,GO:0016569,350
expanded,GO:0016570,346
expanded,GO:0016571,143
expanded,GO:0016573,302
expanded,GO:0016574,2
expanded,GO:0016575,157
expanded,GO:0016577,54
expanded,GO:0016578,2
expanded,GO:0016579,796
expanded,GO:0016581,47
expanded,GO:0016584,3
expanded,GO:0016586,4
expanded,GO:0016589,32
expanded,GO:0016590,9
expanded,GO:0016591,34
expanded,GO:0016592,656
expanded,GO:0016593,104
expanded,GO:0016594,3
expanded,GO:0016597,119
expanded,GO:0016598,12
expanded,GO:0016602,171
expanded,GO:0016603,16
expanded,GO:0016604,292
expanded,GO:0016605,18
expanded,GO:0016607,176
expanded,GO:0016614,353
expanded,GO:0016615,53
expanded,GO:0016616,1576
expanded,GO:0016618,126
expanded,GO:0016620,448
expanded,GO:0016623,1
expanded,GO:0016624,129
expanded,GO:0016627,307
expanded,GO:0016628,405
expanded,GO:0016629,12
expanded,GO:0016630,4
expanded,GO:0016634,2
expanded,GO:0016635,3
expanded,GO:0016638,83
expanded,GO:0016639,47
expanded,GO:0016641,64
expanded,GO:0016645,6
expanded,GO:0016646,4
expanded,GO:0016647,2
expanded,GO:0016651,327
expanded,GO:0016653,23
expanded,GO:0016655,75
expanded,GO:0016667,128
expanded,GO:0016668,111
expanded,GO:0016670,14
expanded,GO:0016671,197
expanded,GO:0016679,446
expanded,GO:0016681,14
expanded,GO:0016682,432
expanded,GO:0016684,3
expanded,GO:0016701,30
expanded,GO:0016702,557
expanded,GO:0016703,18
expanded,GO:0016705,4828
expanded,GO:0016706,465
expanded,GO:0016707,89
expanded,GO:0016709,350
expanded,GO:0016710,14
expanded,GO:0016717,93
expanded,GO:0016719,12
expanded,GO:0016722,52
expanded,GO:0016723,17
expanded,GO:0016724,2
expanded,GO:0016725,5
expanded,GO:0016730,59
expanded,GO:0016740,7472
expanded,GO:0016741,1341
expanded,GO:0016742,1
expanded,GO:0016743,44
expanded,GO:0016744,51
expanded,GO:0016746,1481
expanded,GO:0016747,1814
expanded,GO:0016755,5
expanded,GO:0016756,30
expanded,GO:0016757,2557
expanded,GO:0016758,541
expanded,GO:0016759,6
expanded,GO:0016760,376
expanded,GO:0016762,434
expanded,GO:0016763,102
expanded,GO:0016765,290
expanded,GO:0016769,26
expanded,GO:0016772,2538
expanded,GO:0016773,1184
expanded,GO:0016774,1
expanded,GO:0016775,31
expanded,GO:0016776,14
expanded,GO:0016778,1
expanded,GO:0016779,1082
expanded,GO:0016780,112
expanded,GO:0016781,3
expanded,GO:0016782,35
expanded,GO:0016783,70
expanded,GO:0016784,1
expanded,GO:0016787,6636
expanded,GO:0016788,4106
expanded,GO:0016790,91
expanded,GO:0016791,1272
expanded,GO:0016796,9
expanded,GO:0016798,539
expanded,GO:0016799,254
expanded,GO:0016801,196
expanded,GO:0016803,196
expanded,GO:0016807,12
expanded,GO:0016810,264
expanded,GO:0016811,374
expanded,GO:0016812,25
expanded,GO:0016813,30
expanded,GO:0016814,1
expanded,GO:0016817,974
expanded,GO:0016818,1040
expanded,GO:0016819,5
expanded,GO:0016822,12
expanded,GO:0016823,12
expanded,GO:0016829,3387
expanded,GO:0016830,2602
expanded,GO:0016831,174
expanded,GO:0016832,26
expanded,GO:0016833,2403
expanded,GO:0016835,113
expanded,GO:0016836,183
expanded,GO:0016837,2
expanded,GO:0016838,18
expanded,GO:0016840,3
expanded,GO:0016841,3
expanded,GO:0016843,28
expanded,GO:0016846,180
expanded,GO:0016847,20
expanded,GO:0016849,64
expanded,GO:0016851,9
expanded,GO:0016853,498
expanded,GO:0016854,16
expanded,GO:0016855,35
expanded,GO:0016857,40
expanded,GO:0016859,52
expanded,GO:0016860,100
expanded,GO:0016864,61
expanded,GO:0016866,200
expanded,GO:0016868,92
expanded,GO:0016872,89
expanded,GO:0016874,336
expanded,GO:0016875,4
expanded,GO:0016877,51
expanded,GO:0016878,42
expanded,GO:0016879,190
expanded,GO:0016880,5
expanded,GO:0016881,373
expanded,GO:0016884,45
expanded,GO:0016885,1
expanded,GO:0016886,35
expanded,GO:0016887,6347
expanded,GO:0016889,6
expanded,GO:0016891,189
expanded,GO:0016893,80
expanded,GO:0016894,6
expanded,GO:0016895,2
expanded,GO:0016896,7
expanded,GO:0016899,33
expanded,GO:0016903,33
expanded,GO:0016905,4
expanded,GO:0016909,2
expanded,GO:0016920,21
expanded,GO:0016922,34
expanded,GO:0016925,163
expanded,GO:0016926,134
expanded,GO:0016929,134
expanded,GO:0016971,24
expanded,GO:0016972,30
expanded,GO:0016973,115
expanded,GO:0016984,36
expanded,GO:0016985,163
expanded,GO:0016987,1
expanded,GO:0016992,6
expanded,GO:0016998,143
expanded,GO:0016999,148
expanded,GO:0017000,22
expanded,GO:0017001,24
expanded,GO:0017003,9
expanded,GO:0017004,128
expanded,GO:0017005,10
expanded,GO:0017006,31
expanded,GO:0017009,10
expanded,GO:0017015,62
expanded,GO:0017016,43
expanded,GO:0017017,29
expanded,GO:0017022,151
expanded,GO:0017025,150
expanded,GO:0017038,177
expanded,GO:0017040,41
expanded,GO:0017048,18
expanded,GO:0017049,1
expanded,GO:0017053,118
expanded,GO:0017056,218
expanded,GO:0017057,51
expanded,GO:0017059,18
expanded,GO:0017062,55
expanded,GO:0017069,34
expanded,GO:0017070,89
expanded,GO:0017075,3
expanded,GO:0017076,279
expanded,GO:0017077,80
expanded,GO:0017091,6
expanded,GO:0017095,13
expanded,GO:0017101,130
expanded,GO:0017102,28
expanded,GO:0017103,58
expanded,GO:0017108,95
expanded,GO:0017110,116
expanded,GO:0017111,940
expanded,GO:0017112,2
expanded,GO:0017113,11
expanded,GO:0017116,170
expanded,GO:0017119,138
expanded,GO:0017121,10
expanded,GO:0017125,10
expanded,GO:0017126,14
expanded,GO:0017128,10
expanded,GO:0017136,20
expanded,GO:0017137,23
expanded,GO:0017144,787
expanded,GO:0017145,1
expanded,GO:0017148,145
expanded,GO:0017150,38
expanded,GO:0017156,3
expanded,GO:0017157,23
expanded,GO:0017168,14
expanded,GO:0017171,88
expanded,GO:0017176,26
expanded,GO:0017177,22
expanded,GO:0017178,11
expanded,GO:0017182,3
expanded,GO:0017183,137
expanded,GO:0017186,16
expanded,GO:0017196,83
expanded,GO:0018008,19
expanded,GO:0018022,143
expanded,GO:0018023,14
expanded,GO:0018024,110
expanded,GO:0018025,10
expanded,GO:0018026,135
expanded,GO:0018027,1
expanded,GO:0018105,434
expanded,GO:0018106,31
expanded,GO:0018107,209
expanded,GO:0018108,5
expanded,GO:0018114,60
expanded,GO:0018117,14
expanded,GO:0018126,16
expanded,GO:0018130,4407
expanded,GO:0018131,1
expanded,GO:0018175,19
expanded,GO:0018177,19
expanded,GO:0018193,551
expanded,GO:0018195,11
expanded,GO:0018196,7
expanded,GO:0018199,1
expanded,GO:0018202,34
expanded,GO:0018205,345
expanded,GO:0018206,41
expanded,GO:0018208,35
expanded,GO:0018209,110
expanded,GO:0018210,6
expanded,GO:0018212,5
expanded,GO:0018216,100
expanded,GO:0018230,157
expanded,GO:0018258,1
expanded,GO:0018279,62
expanded,GO:0018282,2
expanded,GO:0018283,19
expanded,GO:0018293,20
expanded,GO:0018315,6
expanded,GO:0018342,86
expanded,GO:0018343,46
expanded,GO:0018344,88
expanded,GO:0018345,58
expanded,GO:0018364,15
expanded,GO:0018393,127
expanded,GO:0018394,127
expanded,GO:0018401,157
expanded,GO:0018410,1
expanded,GO:0018444,2
expanded,GO:0018455,12
expanded,GO:0018479,1
expanded,GO:0018488,1
expanded,GO:0018580,11
expanded,GO:0018738,38
expanded,GO:0018773,14
expanded,GO:0018812,23
expanded,GO:0018822,23
expanded,GO:0018858,12
expanded,GO:0018904,177
expanded,GO:0018958,46
expanded,GO:0018973,2
expanded,GO:0018974,2
expanded,GO:0018991,60
expanded,GO:0018995,108
expanded,GO:0019001,109
expanded,GO:0019003,8
expanded,GO:0019005,936
expanded,GO:0019048,4
expanded,GO:0019058,30
expanded,GO:0019068,1
expanded,GO:0019079,19
expanded,GO:0019094,1
expanded,GO:0019098,61
expanded,GO:0019104,118
expanded,GO:0019135,10
expanded,GO:0019136,10
expanded,GO:0019139,107
expanded,GO:0019144,1
expanded,GO:0019148,22
expanded,GO:0019150,27
expanded,GO:0019156,12
expanded,GO:0019171,12
expanded,GO:0019172,19
expanded,GO:0019185,57
expanded,GO:0019187,16
expanded,GO:0019199,287
expanded,GO:0019200,25
expanded,GO:0019203,51
expanded,GO:0019205,579
expanded,GO:0019206,469
expanded,GO:0019207,83
expanded,GO:0019208,3
expanded,GO:0019209,45
expanded,GO:0019210,60
expanded,GO:0019212,12
expanded,GO:0019213,68
expanded,GO:0019216,333
expanded,GO:0019217,22
expanded,GO:0019218,196
expanded,GO:0019219,3859
expanded,GO:0019220,229
expanded,GO:0019221,12
expanded,GO:0019222,8079
expanded,GO:0019233,31
expanded,GO:0019237,23
expanded,GO:0019239,53
expanded,GO:0019240,5
expanded,GO:0019243,104
expanded,GO:0019249,19
expanded,GO:0019252,72
expanded,GO:0019264,98
expanded,GO:0019265,3
expanded,GO:0019266,25
expanded,GO:0019287,39
expanded,GO:0019288,40
expanded,GO:0019310,35
expanded,GO:0019318,69
expanded,GO:0019319,1
expanded,GO:0019320,1
expanded,GO:0019321,19
expanded,GO:0019322,1
expanded,GO:0019326,2
expanded,GO:0019336,23
expanded,GO:0019344,112
expanded,GO:0019346,53
expanded,GO:0019353,1
expanded,GO:0019354,3
expanded,GO:0019355,1
expanded,GO:0019359,5
expanded,GO:0019362,34
expanded,GO:0019363,5
expanded,GO:0019365,27
expanded,GO:0019367,63
expanded,GO:0019369,183
expanded,GO:0019373,177
expanded,GO:0019374,4
expanded,GO:0019375,41
expanded,GO:0019377,1
expanded,GO:0019379,14
expanded,GO:0019388,1
expanded,GO:0019395,14
expanded,GO:0019408,31
expanded,GO:0019419,1
expanded,GO:0019427,9
expanded,GO:0019430,3
expanded,GO:0019432,219
expanded,GO:0019433,12
expanded,GO:0019438,4483
expanded,GO:0019439,300
expanded,GO:0019441,46
expanded,GO:0019448,15
expanded,GO:0019450,15
expanded,GO:0019464,23
expanded,GO:0019478,7
expanded,GO:0019481,27
expanded,GO:0019499,14
expanded,GO:0019500,14
expanded,GO:0019509,63
expanded,GO:0019511,4
expanded,GO:0019538,5294
expanded,GO:0019544,16
expanded,GO:0019563,35
expanded,GO:0019566,1
expanded,GO:0019567,1
expanded,GO:0019586,22
expanded,GO:0019605,37
expanded,GO:0019627,4
expanded,GO:0019628,19
expanded,GO:0019632,19
expanded,GO:0019637,739
expanded,GO:0019646,21
expanded,GO:0019673,16
expanded,GO:0019674,68
expanded,GO:0019676,15
expanded,GO:0019677,23
expanded,GO:0019682,8
expanded,GO:0019684,200
expanded,GO:0019692,1
expanded,GO:0019693,584
expanded,GO:0019695,23
expanded,GO:0019706,157
expanded,GO:0019722,429
expanded,GO:0019724,1
expanded,GO:0019725,654
expanded,GO:0019730,1
expanded,GO:0019740,5
expanded,GO:0019747,47
expanded,GO:0019748,513
expanded,GO:0019750,51
expanded,GO:0019751,30
expanded,GO:0019752,3973
expanded,GO:0019757,109
expanded,GO:0019758,63
expanded,GO:0019760,109
expanded,GO:0019761,63
expanded,GO:0019773,125
expanded,GO:0019774,21
expanded,GO:0019776,41
expanded,GO:0019781,24
expanded,GO:0019783,121
expanded,GO:0019784,27
expanded,GO:0019786,15
expanded,GO:0019787,1685
expanded,GO:0019788,13
expanded,GO:0019789,54
expanded,GO:0019797,4
expanded,GO:0019798,4
expanded,GO:0019825,169
expanded,GO:0019827,146
expanded,GO:0019829,273
expanded,GO:0019835,1
expanded,GO:0019840,2
expanded,GO:0019842,117
expanded,GO:0019843,550
expanded,GO:0019852,3
expanded,GO:0019853,15
expanded,GO:0019856,89
expanded,GO:0019858,4
expanded,GO:0019863,20
expanded,GO:0019865,20
expanded,GO:0019866,688
expanded,GO:0019867,298
expanded,GO:0019877,19
expanded,GO:0019878,34
expanded,GO:0019882,98
expanded,GO:0019884,97
expanded,GO:0019886,97
expanded,GO:0019887,131
expanded,GO:0019888,269
expanded,GO:0019889,1
expanded,GO:0019897,140
expanded,GO:0019898,356
expanded,GO:0019899,943
expanded,GO:0019900,405
expanded,GO:0019901,288
expanded,GO:0019902,39
expanded,GO:0019903,34
expanded,GO:0019904,254
expanded,GO:0019905,275
expanded,GO:0019912,23
expanded,GO:0019915,118
expanded,GO:0019918,6
expanded,GO:0019919,87
expanded,GO:0019932,178
expanded,GO:0019933,12
expanded,GO:0019941,1445
expanded,GO:0019948,37
expanded,GO:0019953,1236
expanded,GO:0019954,12
expanded,GO:0019985,44
expanded,GO:0019988,11
expanded,GO:0020002,100
expanded,GO:0020016,1
expanded,GO:0020018,1
expanded,GO:0020037,5900
expanded,GO:0021536,1
expanded,GO:0021537,6
expanded,GO:0021543,6
expanded,GO:0021675,4
expanded,GO:0021700,342
expanded,GO:0021761,7
expanded,GO:0021766,6
expanded,GO:0021769,1
expanded,GO:0021782,22
expanded,GO:0021885,3
expanded,GO:0021895,1
expanded,GO:0021915,1
expanded,GO:0021953,1
expanded,GO:0021983,1
expanded,GO:0022008,232
expanded,GO:0022402,774
expanded,GO:0022406,25
expanded,GO:0022407,32
expanded,GO:0022408,9
expanded,GO:0022409,23
expanded,GO:0022411,62
expanded,GO:0022412,901
expanded,GO:0022413,177
expanded,GO:0022414,3897
expanded,GO:0022416,16
expanded,GO:0022417,11
expanded,GO:0022603,376
expanded,GO:0022604,202
expanded,GO:0022607,2058
expanded,GO:0022610,39
expanded,GO:0022611,20
expanded,GO:0022613,1528
expanded,GO:0022616,37
expanded,GO:0022618,1230
expanded,GO:0022619,2
expanded,GO:0022622,989
expanded,GO:0022624,7
expanded,GO:0022625,1037
expanded,GO:0022626,170
expanded,GO:0022627,463
expanded,GO:0022803,158
expanded,GO:0022804,451
expanded,GO:0022821,87
expanded,GO:0022829,1
expanded,GO:0022832,100
expanded,GO:0022834,4
expanded,GO:0022836,104
expanded,GO:0022838,155
expanded,GO:0022839,101
expanded,GO:0022840,2
expanded,GO:0022841,54
expanded,GO:0022842,2
expanded,GO:0022843,113
expanded,GO:0022853,34
expanded,GO:0022857,5726
expanded,GO:0022858,30
expanded,GO:0022884,63
expanded,GO:0022889,24
expanded,GO:0022890,283
expanded,GO:0022898,94
expanded,GO:0022900,173
expanded,GO:0022904,85
expanded,GO:0023014,39
expanded,GO:0023041,1
expanded,GO:0023051,2232
expanded,GO:0023052,2470
expanded,GO:0023056,556
expanded,GO:0023057,414
expanded,GO:0023061,3
expanded,GO:0030001,671
expanded,GO:0030003,350
expanded,GO:0030004,45
expanded,GO:0030007,12
expanded,GO:0030008,72
expanded,GO:0030010,3
expanded,GO:0030011,3
expanded,GO:0030014,269
expanded,GO:0030015,70
expanded,GO:0030016,22
expanded,GO:0030017,22
expanded,GO:0030018,11
expanded,GO:0030026,214
expanded,GO:0030029,232
expanded,GO:0030030,145
expanded,GO:0030031,43
expanded,GO:0030036,340
expanded,GO:0030041,43
expanded,GO:0030042,113
expanded,GO:0030048,84
expanded,GO:0030054,1047
expanded,GO:0030060,87
expanded,GO:0030062,1
expanded,GO:0030071,55
expanded,GO:0030091,67
expanded,GO:0030093,2
expanded,GO:0030097,37
expanded,GO:0030098,26
expanded,GO:0030099,9
expanded,GO:0030100,93
expanded,GO:0030101,3
expanded,GO:0030104,30
expanded,GO:0030111,13
expanded,GO:0030117,730
expanded,GO:0030118,1
expanded,GO:0030119,32
expanded,GO:0030120,531
expanded,GO:0030121,37
expanded,GO:0030122,6
expanded,GO:0030123,33
expanded,GO:0030124,17
expanded,GO:0030125,101
expanded,GO:0030126,764
expanded,GO:0030127,150
expanded,GO:0030130,64
expanded,GO:0030131,88
expanded,GO:0030132,64
expanded,GO:0030133,683
expanded,GO:0030134,95
expanded,GO:0030135,636
expanded,GO:0030136,239
expanded,GO:0030137,574
expanded,GO:0030139,37
expanded,GO:0030140,46
expanded,GO:0030141,104
expanded,GO:0030144,8
expanded,GO:0030145,570
expanded,GO:0030148,128
expanded,GO:0030149,12
expanded,GO:0030150,188
expanded,GO:0030151,81
expanded,GO:0030154,3848
expanded,GO:0030155,55
expanded,GO:0030162,199
expanded,GO:0030163,1805
expanded,GO:0030165,1
expanded,GO:0030166,4
expanded,GO:0030168,3
expanded,GO:0030170,1074
expanded,GO:0030171,12
expanded,GO:0030173,5
expanded,GO:0030174,88
expanded,GO:0030176,65
expanded,GO:0030178,13
expanded,GO:0030182,46
expanded,GO:0030198,149
expanded,GO:0030201,4
expanded,GO:0030203,38
expanded,GO:0030217,23
expanded,GO:0030218,5
expanded,GO:0030224,3
expanded,GO:0030234,416
expanded,GO:0030239,1
expanded,GO:0030242,56
expanded,GO:0030243,16
expanded,GO:0030244,415
expanded,GO:0030246,1499
expanded,GO:0030247,908
expanded,GO:0030258,291
expanded,GO:0030259,40
expanded,GO:0030260,4
expanded,GO:0030261,217
expanded,GO:0030262,5
expanded,GO:0030263,5
expanded,GO:0030267,126
expanded,GO:0030272,12
expanded,GO:0030275,9
expanded,GO:0030276,293
expanded,GO:0030282,1
expanded,GO:0030283,1
expanded,GO:0030286,71
expanded,GO:0030289,32
expanded,GO:0030291,2
expanded,GO:0030295,163
expanded,GO:0030307,70
expanded,GO:0030308,7
expanded,GO:0030312,669
expanded,GO:0030317,1
expanded,GO:0030322,54
expanded,GO:0030323,11
expanded,GO:0030324,11
expanded,GO:0030327,16
expanded,GO:0030328,14
expanded,GO:0030330,29
expanded,GO:0030331,1
expanded,GO:0030332,79
expanded,GO:0030334,163
expanded,GO:0030335,94
expanded,GO:0030336,68
expanded,GO:0030337,15
expanded,GO:0030366,15
expanded,GO:0030371,5
expanded,GO:0030374,10
expanded,GO:0030378,60
expanded,GO:0030388,63
expanded,GO:0030410,43
expanded,GO:0030414,9
expanded,GO:0030418,43
expanded,GO:0030422,573
expanded,GO:0030424,14
expanded,GO:0030425,27
expanded,GO:0030426,2
expanded,GO:0030427,209
expanded,GO:0030428,6
expanded,GO:0030430,5
expanded,GO:0030433,91
expanded,GO:0030435,188
expanded,GO:0030436,11
expanded,GO:0030437,167
expanded,GO:0030447,3
expanded,GO:0030448,2
expanded,GO:0030476,6
expanded,GO:0030479,1
expanded,GO:0030488,309
expanded,GO:0030490,254
expanded,GO:0030491,6
expanded,GO:0030496,38
expanded,GO:0030497,69
expanded,GO:0030507,2
expanded,GO:0030510,4
expanded,GO:0030511,61
expanded,GO:0030512,1
expanded,GO:0030513,4
expanded,GO:0030515,263
expanded,GO:0030516,3
expanded,GO:0030517,3
expanded,GO:0030518,28
expanded,GO:0030521,28
expanded,GO:0030522,106
expanded,GO:0030527,631
expanded,GO:0030532,48
expanded,GO:0030539,55
expanded,GO:0030540,4
expanded,GO:0030544,209
expanded,GO:0030545,1
expanded,GO:0030554,204
expanded,GO:0030570,399
expanded,GO:0030574,117
expanded,GO:0030582,11
expanded,GO:0030584,11
expanded,GO:0030587,47
expanded,GO:0030595,1
expanded,GO:0030599,953
expanded,GO:0030604,29
expanded,GO:0030611,1
expanded,GO:0030619,76
expanded,GO:0030620,68
expanded,GO:0030621,28
expanded,GO:0030623,58
expanded,GO:0030626,11
expanded,GO:0030627,41
expanded,GO:0030628,40
expanded,GO:0030639,192
expanded,GO:0030641,14
expanded,GO:0030656,71
expanded,GO:0030658,49
expanded,GO:0030659,657
expanded,GO:0030660,606
expanded,GO:0030662,538
expanded,GO:0030663,529
expanded,GO:0030665,5
expanded,GO:0030667,45
expanded,GO:0030672,44
expanded,GO:0030674,184
expanded,GO:0030677,232
expanded,GO:0030681,215
expanded,GO:0030684,154
expanded,GO:0030686,222
expanded,GO:0030687,232
expanded,GO:0030688,130
expanded,GO:0030690,21
expanded,GO:0030691,21
expanded,GO:0030692,39
expanded,GO:0030695,160
expanded,GO:0030696,13
expanded,GO:0030702,7
expanded,GO:0030705,77
expanded,GO:0030707,63
expanded,GO:0030718,76
expanded,GO:0030742,1
expanded,GO:0030785,22
expanded,GO:0030808,39
expanded,GO:0030811,37
expanded,GO:0030832,71
expanded,GO:0030833,113
expanded,GO:0030834,13
expanded,GO:0030835,2
expanded,GO:0030837,40
expanded,GO:0030838,8
expanded,GO:0030851,1
expanded,GO:0030855,73
expanded,GO:0030856,1
expanded,GO:0030863,63
expanded,GO:0030864,32
expanded,GO:0030865,71
expanded,GO:0030866,19
expanded,GO:0030867,2
expanded,GO:0030870,41
expanded,GO:0030879,1
expanded,GO:0030880,178
expanded,GO:0030888,1
expanded,GO:0030890,1
expanded,GO:0030891,13
expanded,GO:0030894,9
expanded,GO:0030896,33
expanded,GO:0030897,82
expanded,GO:0030898,28
expanded,GO:0030900,12
expanded,GO:0030903,7
expanded,GO:0030904,31
expanded,GO:0030906,11
expanded,GO:0030914,1
expanded,GO:0030915,129
expanded,GO:0030941,60
expanded,GO:0030942,65
expanded,GO:0030943,47
expanded,GO:0030947,3
expanded,GO:0030949,3
expanded,GO:0030950,1
expanded,GO:0030951,35
expanded,GO:0030952,1
expanded,GO:0030955,118
expanded,GO:0030956,20
expanded,GO:0030964,37
expanded,GO:0030968,140
expanded,GO:0030970,67
expanded,GO:0030971,23
expanded,GO:0030974,23
expanded,GO:0030975,8
expanded,GO:0030976,153
expanded,GO:0030981,44
expanded,GO:0030983,160
expanded,GO:0030994,5
expanded,GO:0031001,12
expanded,GO:0031010,41
expanded,GO:0031011,105
expanded,GO:0031012,114
expanded,GO:0031016,11
expanded,GO:0031021,10
expanded,GO:0031022,47
expanded,GO:0031023,66
expanded,GO:0031028,1
expanded,GO:0031032,1
expanded,GO:0031033,4
expanded,GO:0031035,4
expanded,GO:0031037,4
expanded,GO:0031038,4
expanded,GO:0031047,551
expanded,GO:0031048,34
expanded,GO:0031050,299
expanded,GO:0031053,59
expanded,GO:0031054,23
expanded,GO:0031056,136
expanded,GO:0031057,10
expanded,GO:0031058,119
expanded,GO:0031060,129
expanded,GO:0031061,2
expanded,GO:0031062,117
expanded,GO:0031063,2
expanded,GO:0031064,2
expanded,GO:0031071,21
expanded,GO:0031072,187
expanded,GO:0031074,8
expanded,GO:0031080,97
expanded,GO:0031082,13
expanded,GO:0031083,39
expanded,GO:0031086,1
expanded,GO:0031087,49
expanded,GO:0031090,2498
expanded,GO:0031091,17
expanded,GO:0031093,17
expanded,GO:0031098,14
expanded,GO:0031099,19
expanded,GO:0031100,14
expanded,GO:0031102,5
expanded,GO:0031103,5
expanded,GO:0031109,24
expanded,GO:0031110,21
expanded,GO:0031111,3
expanded,GO:0031112,3
expanded,GO:0031113,3
expanded,GO:0031114,3
expanded,GO:0031116,3
expanded,GO:0031118,28
expanded,GO:0031119,77
expanded,GO:0031120,27
expanded,GO:0031122,168
expanded,GO:0031123,327
expanded,GO:0031124,362
expanded,GO:0031125,2
expanded,GO:0031126,138
expanded,GO:0031128,1
expanded,GO:0031129,1
expanded,GO:0031136,2
expanded,GO:0031137,2
expanded,GO:0031139,2
expanded,GO:0031145,263
expanded,GO:0031146,1438
expanded,GO:0031154,5
expanded,GO:0031156,1
expanded,GO:0031163,14
expanded,GO:0031167,1094
expanded,GO:0031175,29
expanded,GO:0031176,16
expanded,GO:0031177,42
expanded,GO:0031179,35
expanded,GO:0031201,622
expanded,GO:0031204,12
expanded,GO:0031207,2
expanded,GO:0031209,25
expanded,GO:0031210,30
expanded,GO:0031211,5
expanded,GO:0031213,25
expanded,GO:0031214,1
expanded,GO:0031222,159
expanded,GO:0031224,1475
expanded,GO:0031225,350
expanded,GO:0031226,555
expanded,GO:0031227,66
expanded,GO:0031228,5
expanded,GO:0031234,4
expanded,GO:0031235,19
expanded,GO:0031248,15
expanded,GO:0031253,1
expanded,GO:0031261,22
expanded,GO:0031262,35
expanded,GO:0031267,435
expanded,GO:0031279,36
expanded,GO:0031293,17
expanded,GO:0031297,61
expanded,GO:0031298,29
expanded,GO:0031300,162
expanded,GO:0031301,162
expanded,GO:0031304,39
expanded,GO:0031305,39
expanded,GO:0031306,56
expanded,GO:0031307,56
expanded,GO:0031312,9
expanded,GO:0031313,7
expanded,GO:0031314,1
expanded,GO:0031321,161
expanded,GO:0031322,161
expanded,GO:0031323,7362
expanded,GO:0031324,923
expanded,GO:0031325,1382
expanded,GO:0031326,6386
expanded,GO:0031327,754
expanded,GO:0031328,976
expanded,GO:0031329,217
expanded,GO:0031330,51
expanded,GO:0031331,117
expanded,GO:0031332,43
expanded,GO:0031333,40
expanded,GO:0031334,38
expanded,GO:0031335,1
expanded,GO:0031337,1
expanded,GO:0031338,19
expanded,GO:0031341,12
expanded,GO:0031343,12
expanded,GO:0031344,43
expanded,GO:0031345,3
expanded,GO:0031346,38
expanded,GO:0031347,592
expanded,GO:0031348,267
expanded,GO:0031349,131
expanded,GO:0031350,61
expanded,GO:0031351,61
expanded,GO:0031354,61
expanded,GO:0031355,61
expanded,GO:0031358,61
expanded,GO:0031359,61
expanded,GO:0031365,31
expanded,GO:0031369,196
expanded,GO:0031371,1
expanded,GO:0031380,112
expanded,GO:0031386,19
expanded,GO:0031390,23
expanded,GO:0031396,67
expanded,GO:0031397,24
expanded,GO:0031398,53
expanded,GO:0031399,393
expanded,GO:0031400,106
expanded,GO:0031401,282
expanded,GO:0031404,38
expanded,GO:0031405,12
expanded,GO:0031406,95
expanded,GO:0031408,12
expanded,GO:0031410,1653
expanded,GO:0031414,1
expanded,GO:0031415,64
expanded,GO:0031416,29
expanded,GO:0031417,23
expanded,GO:0031418,209
expanded,GO:0031422,66
expanded,GO:0031425,2
expanded,GO:0031428,85
expanded,GO:0031429,38
expanded,GO:0031430,11
expanded,GO:0031435,1
expanded,GO:0031436,51
expanded,GO:0031440,25
expanded,GO:0031445,12
expanded,GO:0031452,1
expanded,GO:0031461,89
expanded,GO:0031463,3
expanded,GO:0031464,172
expanded,GO:0031468,27
expanded,GO:0031490,648
expanded,GO:0031491,167
expanded,GO:0031492,145
expanded,GO:0031497,12
expanded,GO:0031499,39
expanded,GO:0031501,11
expanded,GO:0031503,108
expanded,GO:0031505,12
expanded,GO:0031507,147
expanded,GO:0031509,13
expanded,GO:0031510,37
expanded,GO:0031511,10
expanded,GO:0031514,8
expanded,GO:0031515,56
expanded,GO:0031519,33
expanded,GO:0031534,4
expanded,GO:0031537,38
expanded,GO:0031540,37
expanded,GO:0031543,4
expanded,GO:0031544,4
expanded,GO:0031567,1
expanded,GO:0031569,1
expanded,GO:0031570,44
expanded,GO:0031571,7
expanded,GO:0031572,3
expanded,GO:0031573,36
expanded,GO:0031577,19
expanded,GO:0031579,1
expanded,GO:0031581,3
expanded,GO:0031588,1
expanded,GO:0031589,3
expanded,GO:0031591,25
expanded,GO:0031593,218
expanded,GO:0031594,23
expanded,GO:0031595,4
expanded,GO:0031597,4
expanded,GO:0031617,1
expanded,GO:0031618,1
expanded,GO:0031619,1
expanded,GO:0031624,94
expanded,GO:0031625,686
expanded,GO:0031627,65
expanded,GO:0031638,91
expanded,GO:0031640,1
expanded,GO:0031647,123
expanded,GO:0031667,420
expanded,GO:0031668,339
expanded,GO:0031669,326
expanded,GO:0031670,29
expanded,GO:0031672,11
expanded,GO:0031674,11
expanded,GO:0031683,68
expanded,GO:0031901,4
expanded,GO:0031902,145
expanded,GO:0031903,15
expanded,GO:0031904,94
expanded,GO:0031907,206
expanded,GO:0031929,44
expanded,GO:0031930,156
expanded,GO:0031931,30
expanded,GO:0031932,16
expanded,GO:0031934,1
expanded,GO:0031935,53
expanded,GO:0031936,2
expanded,GO:0031937,26
expanded,GO:0031956,58
expanded,GO:0031957,3
expanded,GO:0031960,6
expanded,GO:0031965,148
expanded,GO:0031966,582
expanded,GO:0031967,1771
expanded,GO:0031968,205
expanded,GO:0031969,469
expanded,GO:0031970,18
expanded,GO:0031974,3348
expanded,GO:0031975,1771
expanded,GO:0031976,458
expanded,GO:0031977,93
expanded,GO:0031978,7
expanded,GO:0031981,2819
expanded,GO:0031982,1857
expanded,GO:0031983,55
expanded,GO:0031984,2013
expanded,GO:0031985,25
expanded,GO:0031991,1
expanded,GO:0031998,5
expanded,GO:0032012,87
expanded,GO:0032029,1
expanded,GO:0032036,4
expanded,GO:0032039,11
expanded,GO:0032040,707
expanded,GO:0032042,23
expanded,GO:0032044,93
expanded,GO:0032045,10
expanded,GO:0032048,2
expanded,GO:0032049,26
expanded,GO:0032050,208
expanded,GO:0032051,61
expanded,GO:0032055,1
expanded,GO:0032065,1
expanded,GO:0032069,17
expanded,GO:0032074,17
expanded,GO:0032088,23
expanded,GO:0032091,1
expanded,GO:0032092,6
expanded,GO:0032095,3
expanded,GO:0032101,247
expanded,GO:0032102,17
expanded,GO:0032103,199
expanded,GO:0032104,64
expanded,GO:0032106,60
expanded,GO:0032107,64
expanded,GO:0032109,60
expanded,GO:0032131,22
expanded,GO:0032135,1
expanded,GO:0032147,152
expanded,GO:0032148,3
expanded,GO:0032153,172
expanded,GO:0032155,13
expanded,GO:0032182,69
expanded,GO:0032183,91
expanded,GO:0032184,1
expanded,GO:0032194,9
expanded,GO:0032196,803
expanded,GO:0032197,744
expanded,GO:0032200,103
expanded,GO:0032202,1
expanded,GO:0032203,1
expanded,GO:0032204,31
expanded,GO:0032205,4
expanded,GO:0032206,13
expanded,GO:0032210,20
expanded,GO:0032211,14
expanded,GO:0032212,7
expanded,GO:0032216,14
expanded,GO:0032239,1
expanded,GO:0032241,1
expanded,GO:0032259,1586
expanded,GO:0032260,5
expanded,GO:0032263,4
expanded,GO:0032264,57
expanded,GO:0032266,74
expanded,GO:0032268,652
expanded,GO:0032269,172
expanded,GO:0032270,448
expanded,GO:0032271,63
expanded,GO:0032272,40
expanded,GO:0032273,11
expanded,GO:0032279,20
expanded,GO:0032280,5
expanded,GO:0032296,57
expanded,GO:0032299,37
expanded,GO:0032300,46
expanded,GO:0032301,45
expanded,GO:0032309,1
expanded,GO:0032324,12
expanded,GO:0032328,30
expanded,GO:0032329,24
expanded,GO:0032350,2458
expanded,GO:0032351,4
expanded,GO:0032352,6
expanded,GO:0032353,4
expanded,GO:0032357,11
expanded,GO:0032366,43
expanded,GO:0032367,27
expanded,GO:0032368,34
expanded,GO:0032386,32
expanded,GO:0032387,5
expanded,GO:0032388,24
expanded,GO:0032389,30
expanded,GO:0032391,1
expanded,GO:0032392,384
expanded,GO:0032409,94
expanded,GO:0032412,94
expanded,GO:0032418,28
expanded,GO:0032422,12
expanded,GO:0032429,3
expanded,GO:0032430,3
expanded,GO:0032432,75
expanded,GO:0032434,52
expanded,GO:0032435,27
expanded,GO:0032436,52
expanded,GO:0032440,134
expanded,GO:0032441,14
expanded,GO:0032446,2010
expanded,GO:0032451,112
expanded,GO:0032452,165
expanded,GO:0032453,4
expanded,GO:0032454,275
expanded,GO:0032456,45
expanded,GO:0032465,26
expanded,GO:0032467,10
expanded,GO:0032468,41
expanded,GO:0032469,22
expanded,GO:0032472,41
expanded,GO:0032479,15
expanded,GO:0032480,2
expanded,GO:0032481,13
expanded,GO:0032483,13
expanded,GO:0032496,10
expanded,GO:0032501,6899
expanded,GO:0032502,7925
expanded,GO:0032504,1223
expanded,GO:0032505,178
expanded,GO:0032506,58
expanded,GO:0032507,18
expanded,GO:0032508,1010
expanded,GO:0032509,21
expanded,GO:0032511,107
expanded,GO:0032515,2
expanded,GO:0032526,60
expanded,GO:0032535,95
expanded,GO:0032541,10
expanded,GO:0032542,9
expanded,GO:0032543,285
expanded,GO:0032544,70
expanded,GO:0032545,42
expanded,GO:0032549,182
expanded,GO:0032550,42
expanded,GO:0032553,244
expanded,GO:0032555,244
expanded,GO:0032559,225
expanded,GO:0032561,42
expanded,GO:0032574,148
expanded,GO:0032575,135
expanded,GO:0032585,1
expanded,GO:0032586,2
expanded,GO:0032588,97
expanded,GO:0032592,96
expanded,GO:0032642,5
expanded,GO:0032647,6
expanded,GO:0032648,7
expanded,GO:0032649,3
expanded,GO:0032677,2
expanded,GO:0032680,8
expanded,GO:0032682,5
expanded,GO:0032689,3
expanded,GO:0032717,2
expanded,GO:0032720,3
expanded,GO:0032727,6
expanded,GO:0032728,7
expanded,GO:0032760,5
expanded,GO:0032774,525
expanded,GO:0032775,1
expanded,GO:0032776,44
expanded,GO:0032780,6
expanded,GO:0032781,65
expanded,GO:0032783,12
expanded,GO:0032784,101
expanded,GO:0032786,11
expanded,GO:0032787,624
expanded,GO:0032790,67
expanded,GO:0032797,56
expanded,GO:0032801,96
expanded,GO:0032806,1
expanded,GO:0032807,15
expanded,GO:0032814,3
expanded,GO:0032816,3
expanded,GO:0032823,3
expanded,GO:0032825,3
expanded,GO:0032838,18
expanded,GO:0032870,1406
expanded,GO:0032872,41
expanded,GO:0032873,34
expanded,GO:0032875,82
expanded,GO:0032876,1
expanded,GO:0032877,11
expanded,GO:0032878,16
expanded,GO:0032879,1147
expanded,GO:0032880,106
expanded,GO:0032881,44
expanded,GO:0032885,43
expanded,GO:0032886,20
expanded,GO:0032890,34
expanded,GO:0032922,80
expanded,GO:0032928,24
expanded,GO:0032933,5
expanded,GO:0032934,186
expanded,GO:0032940,391
expanded,GO:0032943,1
expanded,GO:0032944,24
expanded,GO:0032946,24
expanded,GO:0032947,1
expanded,GO:0032950,19
expanded,GO:0032951,19
expanded,GO:0032952,9
expanded,GO:0032953,9
expanded,GO:0032954,2
expanded,GO:0032955,13
expanded,GO:0032956,89
expanded,GO:0032957,53
expanded,GO:0032958,74
expanded,GO:0032963,19
expanded,GO:0032968,260
expanded,GO:0032970,85
expanded,GO:0032977,45
expanded,GO:0032979,23
expanded,GO:0032981,108
expanded,GO:0032984,84
expanded,GO:0032988,5
expanded,GO:0032989,1026
expanded,GO:0032990,14
expanded,GO:0032991,5895
expanded,GO:0032993,120
expanded,GO:0032995,9
expanded,GO:0033013,57
expanded,GO:0033014,152
expanded,GO:0033015,13
expanded,GO:0033036,1815
expanded,GO:0033037,43
expanded,GO:0033043,385
expanded,GO:0033044,259
expanded,GO:0033045,86
expanded,GO:0033046,38
expanded,GO:0033047,62
expanded,GO:0033048,26
expanded,GO:0033059,14
expanded,GO:0033060,3
expanded,GO:0033061,9
expanded,GO:0033063,67
expanded,GO:0033065,34
expanded,GO:0033077,23
expanded,GO:0033095,91
expanded,GO:0033108,59
expanded,GO:0033116,38
expanded,GO:0033119,15
expanded,GO:0033120,70
expanded,GO:0033135,29
expanded,GO:0033138,29
expanded,GO:0033142,1
expanded,GO:0033143,6
expanded,GO:0033144,5
expanded,GO:0033146,5
expanded,GO:0033147,5
expanded,GO:0033157,28
expanded,GO:0033169,26
expanded,GO:0033170,6
expanded,GO:0033177,54
expanded,GO:0033178,40
expanded,GO:0033179,68
expanded,GO:0033180,3
expanded,GO:0033182,1
expanded,GO:0033184,1
expanded,GO:0033185,16
expanded,GO:0033186,19
expanded,GO:0033188,12
expanded,GO:0033202,2
expanded,GO:0033204,27
expanded,GO:0033206,29
expanded,GO:0033210,3
expanded,GO:0033218,101
expanded,GO:0033233,3
expanded,GO:0033234,3
expanded,GO:0033238,3
expanded,GO:0033240,1
expanded,GO:0033260,104
expanded,GO:0033262,1
expanded,GO:0033263,21
expanded,GO:0033267,4
expanded,GO:0033273,14
expanded,GO:0033275,28
expanded,GO:0033276,1
expanded,GO:0033281,12
expanded,GO:0033290,37
expanded,GO:0033293,6
expanded,GO:0033306,2
expanded,GO:0033313,6
expanded,GO:0033314,111
expanded,GO:0033316,22
expanded,GO:0033317,46
expanded,GO:0033328,9
expanded,GO:0033331,1
expanded,GO:0033333,4
expanded,GO:0033334,4
expanded,GO:0033339,4
expanded,GO:0033341,9
expanded,GO:0033342,9
expanded,GO:0033353,34
expanded,GO:0033354,3
expanded,GO:0033355,6
expanded,GO:0033356,118
expanded,GO:0033365,532
expanded,GO:0033387,18
expanded,GO:0033388,13
expanded,GO:0033389,31
expanded,GO:0033396,33
expanded,GO:0033478,2
expanded,GO:0033481,22
expanded,GO:0033499,32
expanded,GO:0033500,77
expanded,GO:0033503,46
expanded,GO:0033517,24
expanded,GO:0033523,2
expanded,GO:0033528,37
expanded,GO:0033539,30
expanded,GO:0033540,48
expanded,GO:0033549,12
expanded,GO:0033550,29
expanded,GO:0033554,1860
expanded,GO:0033557,11
expanded,GO:0033558,68
expanded,GO:0033559,222
expanded,GO:0033565,11
expanded,GO:0033566,12
expanded,GO:0033567,44
expanded,GO:0033574,1
expanded,GO:0033588,89
expanded,GO:0033590,14
expanded,GO:0033593,1
expanded,GO:0033599,1
expanded,GO:0033600,1
expanded,GO:0033612,558
expanded,GO:0033613,60
expanded,GO:0033615,75
expanded,GO:0033617,40
expanded,GO:0033619,108
expanded,GO:0033643,108
expanded,GO:0033644,100
expanded,GO:0033646,105
expanded,GO:0033647,100
expanded,GO:0033673,29
expanded,GO:0033674,107
expanded,GO:0033677,135
expanded,GO:0033678,135
expanded,GO:0033680,135
expanded,GO:0033682,135
expanded,GO:0033687,4
expanded,GO:0033692,154
expanded,GO:0033699,1
expanded,GO:0033729,10
expanded,GO:0033730,20
expanded,GO:0033743,14
expanded,GO:0033750,53
expanded,GO:0033759,12
expanded,GO:0033762,14
expanded,GO:0033764,1
expanded,GO:0033765,1
expanded,GO:0033768,90
expanded,GO:0033809,58
expanded,GO:0033819,26
expanded,GO:0033843,28
expanded,GO:0033857,24
expanded,GO:0033862,24
expanded,GO:0033865,36
expanded,GO:0033866,31
expanded,GO:0033875,36
expanded,GO:0033897,218
expanded,GO:0033925,23
expanded,GO:0033926,85
expanded,GO:0033962,70
expanded,GO:0033971,11
expanded,GO:0033993,1491
expanded,GO:0034002,1
expanded,GO:0034020,18
expanded,GO:0034030,31
expanded,GO:0034032,36
expanded,GO:0034033,31
expanded,GO:0034038,25
expanded,GO:0034039,20
expanded,GO:0034045,33
expanded,GO:0034046,2
expanded,GO:0034050,197
expanded,GO:0034051,6
expanded,GO:0034052,16
expanded,GO:0034058,63
expanded,GO:0034059,1
expanded,GO:0034061,764
expanded,GO:0034062,51
expanded,GO:0034063,53
expanded,GO:0034066,11
expanded,GO:0034067,27
expanded,GO:0034080,9
expanded,GO:0034085,10
expanded,GO:0034086,1
expanded,GO:0034087,11
expanded,GO:0034088,11
expanded,GO:0034090,21
expanded,GO:0034097,51
expanded,GO:0034098,72
expanded,GO:0034101,8
expanded,GO:0034196,26
expanded,GO:0034198,44
expanded,GO:0034203,13
expanded,GO:0034204,2
expanded,GO:0034212,53
expanded,GO:0034213,5
expanded,GO:0034219,119
expanded,GO:0034220,1074
expanded,GO:0034227,38
expanded,GO:0034237,40
expanded,GO:0034243,5
expanded,GO:0034244,118
expanded,GO:0034245,70
expanded,GO:0034247,38
expanded,GO:0034248,147
expanded,GO:0034249,42
expanded,GO:0034250,23
expanded,GO:0034256,25
expanded,GO:0034260,11
expanded,GO:0034271,48
expanded,GO:0034272,48
expanded,GO:0034274,26
expanded,GO:0034284,80
expanded,GO:0034285,108
expanded,GO:0034293,229
expanded,GO:0034305,11
expanded,GO:0034308,34
expanded,GO:0034311,5
expanded,GO:0034312,5
expanded,GO:0034314,86
expanded,GO:0034329,27
expanded,GO:0034330,27
expanded,GO:0034338,25
expanded,GO:0034340,2
expanded,GO:0034341,32
expanded,GO:0034353,13
expanded,GO:0034355,21
expanded,GO:0034356,17
expanded,GO:0034357,425
expanded,GO:0034388,81
expanded,GO:0034389,74
expanded,GO:0034397,8
expanded,GO:0034398,38
expanded,GO:0034399,132
expanded,GO:0034401,7
expanded,GO:0034402,11
expanded,GO:0034404,496
expanded,GO:0034414,20
expanded,GO:0034427,180
expanded,GO:0034432,22
expanded,GO:0034440,347
expanded,GO:0034442,5
expanded,GO:0034443,5
expanded,GO:0034446,3
expanded,GO:0034450,24
expanded,GO:0034453,3
expanded,GO:0034455,27
expanded,GO:0034456,42
expanded,GO:0034457,52
expanded,GO:0034458,1
expanded,GO:0034462,16
expanded,GO:0034470,1414
expanded,GO:0034471,7
expanded,GO:0034472,13
expanded,GO:0034473,61
expanded,GO:0034475,168
expanded,GO:0034476,61
expanded,GO:0034477,22
expanded,GO:0034485,207
expanded,GO:0034486,1
expanded,GO:0034497,60
expanded,GO:0034498,20
expanded,GO:0034501,40
expanded,GO:0034502,46
expanded,GO:0034504,42
expanded,GO:0034508,13
expanded,GO:0034511,189
expanded,GO:0034513,11
expanded,GO:0034515,58
expanded,GO:0034517,13
expanded,GO:0034551,88
expanded,GO:0034553,51
expanded,GO:0034587,16
expanded,GO:0034593,7
expanded,GO:0034594,2
expanded,GO:0034595,7
expanded,GO:0034599,498
expanded,GO:0034605,564
expanded,GO:0034606,1
expanded,GO:0034607,1
expanded,GO:0034612,4
expanded,GO:0034613,1393
expanded,GO:0034614,85
expanded,GO:0034620,12
expanded,GO:0034622,1475
expanded,GO:0034625,63
expanded,GO:0034626,63
expanded,GO:0034627,1
expanded,GO:0034628,12
expanded,GO:0034629,7
expanded,GO:0034635,36
expanded,GO:0034637,158
expanded,GO:0034638,1
expanded,GO:0034641,8656
expanded,GO:0034643,27
expanded,GO:0034644,65
expanded,GO:0034645,2020
expanded,GO:0034647,84
expanded,GO:0034648,3
expanded,GO:0034654,1928
expanded,GO:0034655,84
expanded,GO:0034657,58
expanded,GO:0034660,1454
expanded,GO:0034661,18
expanded,GO:0034663,32
expanded,GO:0034702,1
expanded,GO:0034703,1
expanded,GO:0034704,1
expanded,GO:0034708,25
expanded,GO:0034715,23
expanded,GO:0034719,35
expanded,GO:0034720,5
expanded,GO:0034721,2
expanded,GO:0034722,15
expanded,GO:0034724,8
expanded,GO:0034727,118
expanded,GO:0034728,89
expanded,GO:0034754,54
expanded,GO:0034755,154
expanded,GO:0034756,7
expanded,GO:0034757,2
expanded,GO:0034762,134
expanded,GO:0034765,127
expanded,GO:0034768,1
expanded,GO:0034774,55
expanded,GO:0034775,3
expanded,GO:0034785,12
expanded,GO:0034820,12
expanded,GO:0034968,139
expanded,GO:0034969,90
expanded,GO:0034971,3
expanded,GO:0034975,92
expanded,GO:0034976,337
expanded,GO:0034979,9
expanded,GO:0034982,76
expanded,GO:0034986,19
expanded,GO:0035010,34
expanded,GO:0035014,3
expanded,GO:0035019,1
expanded,GO:0035023,24
expanded,GO:0035024,24
expanded,GO:0035050,13
expanded,GO:0035060,12
expanded,GO:0035064,62
expanded,GO:0035065,28
expanded,GO:0035066,22
expanded,GO:0035067,7
expanded,GO:0035068,6
expanded,GO:0035082,21
expanded,GO:0035088,2
expanded,GO:0035090,2
expanded,GO:0035091,384
expanded,GO:0035092,1
expanded,GO:0035093,1
expanded,GO:0035097,44
expanded,GO:0035098,11
expanded,GO:0035101,50
expanded,GO:0035102,43
expanded,GO:0035107,72
expanded,GO:0035108,4
expanded,GO:0035112,54
expanded,GO:0035113,3
expanded,GO:0035114,64
expanded,GO:0035118,3
expanded,GO:0035120,64
expanded,GO:0035136,4
expanded,GO:0035138,4
expanded,GO:0035145,53
expanded,GO:0035148,1
expanded,GO:0035150,177
expanded,GO:0035178,1
expanded,GO:0035194,318
expanded,GO:0035195,59
expanded,GO:0035196,62
expanded,GO:0035197,4
expanded,GO:0035198,7
expanded,GO:0035203,61
expanded,GO:0035204,61
expanded,GO:0035214,61
expanded,GO:0035220,80
expanded,GO:0035222,1
expanded,GO:0035239,83
expanded,GO:0035241,6
expanded,GO:0035242,8
expanded,GO:0035243,31
expanded,GO:0035246,18
expanded,GO:0035247,8
expanded,GO:0035250,56
expanded,GO:0035251,1235
expanded,GO:0035252,40
expanded,GO:0035257,132
expanded,GO:0035258,97
expanded,GO:0035264,16
expanded,GO:0035265,22
expanded,GO:0035266,36
expanded,GO:0035267,179
expanded,GO:0035269,25
expanded,GO:0035270,1
expanded,GO:0035279,3
expanded,GO:0035281,6
expanded,GO:0035282,12
expanded,GO:0035295,163
expanded,GO:0035296,177
expanded,GO:0035299,3
expanded,GO:0035303,40
expanded,GO:0035304,3
expanded,GO:0035305,2
expanded,GO:0035308,38
expanded,GO:0035312,61
expanded,GO:0035315,1
expanded,GO:0035316,1
expanded,GO:0035317,1
expanded,GO:0035326,45
expanded,GO:0035327,14
expanded,GO:0035335,30
expanded,GO:0035336,126
expanded,GO:0035337,3
expanded,GO:0035339,1
expanded,GO:0035349,29
expanded,GO:0035350,1
expanded,GO:0035371,77
expanded,GO:0035383,6
expanded,GO:0035384,1
expanded,GO:0035434,49
expanded,GO:0035435,110
expanded,GO:0035436,104
expanded,GO:0035437,6
expanded,GO:0035443,3
expanded,GO:0035452,1
expanded,GO:0035455,3
expanded,GO:0035457,3
expanded,GO:0035459,1
expanded,GO:0035461,36
expanded,GO:0035469,11
expanded,GO:0035485,11
expanded,GO:0035493,48
expanded,GO:0035494,50
expanded,GO:0035510,8
expanded,GO:0035511,11
expanded,GO:0035513,30
expanded,GO:0035514,89
expanded,GO:0035515,30
expanded,GO:0035516,41
expanded,GO:0035524,38
expanded,GO:0035529,92
expanded,GO:0035539,14
expanded,GO:0035542,7
expanded,GO:0035550,11
expanded,GO:0035551,23
expanded,GO:0035552,30
expanded,GO:0035556,1374
expanded,GO:0035561,27
expanded,GO:0035563,27
expanded,GO:0035567,5
expanded,GO:0035578,38
expanded,GO:0035591,1
expanded,GO:0035596,22
expanded,GO:0035597,12
expanded,GO:0035598,12
expanded,GO:0035600,12
expanded,GO:0035601,91
expanded,GO:0035615,22
expanded,GO:0035618,41
expanded,GO:0035619,41
expanded,GO:0035627,106
expanded,GO:0035639,159
expanded,GO:0035649,135
expanded,GO:0035657,22
expanded,GO:0035658,23
expanded,GO:0035670,46
expanded,GO:0035671,11
expanded,GO:0035672,6
expanded,GO:0035673,253
expanded,GO:0035674,9
expanded,GO:0035690,218
expanded,GO:0035725,13
expanded,GO:0035728,91
expanded,GO:0035729,91
expanded,GO:0035753,25
expanded,GO:0035770,190
expanded,GO:0035794,27
expanded,GO:0035821,338
expanded,GO:0035822,6
expanded,GO:0035825,60
expanded,GO:0035838,178
expanded,GO:0035839,1
expanded,GO:0035845,1
expanded,GO:0035859,15
expanded,GO:0035861,135
expanded,GO:0035869,1
expanded,GO:0035870,5
expanded,GO:0035914,60
expanded,GO:0035924,3
expanded,GO:0035925,81
expanded,GO:0035927,1
expanded,GO:0035964,45
expanded,GO:0035966,41
expanded,GO:0035967,41
expanded,GO:0035970,1
expanded,GO:0035973,15
expanded,GO:0035974,27
expanded,GO:0035987,11
expanded,GO:0035999,161
expanded,GO:0036002,26
expanded,GO:0036003,3
expanded,GO:0036015,3
expanded,GO:0036016,3
expanded,GO:0036017,3
expanded,GO:0036018,3
expanded,GO:0036019,91
expanded,GO:0036021,91
expanded,GO:0036033,9
expanded,GO:0036064,1
expanded,GO:0036065,12
expanded,GO:0036066,15
expanded,GO:0036071,28
expanded,GO:0036080,47
expanded,GO:0036089,3
expanded,GO:0036091,3
expanded,GO:0036092,16
expanded,GO:0036094,684
expanded,GO:0036099,14
expanded,GO:0036126,7
expanded,GO:0036158,11
expanded,GO:0036159,11
expanded,GO:0036168,1
expanded,GO:0036170,1
expanded,GO:0036176,1
expanded,GO:0036177,1
expanded,GO:0036178,1
expanded,GO:0036180,3
expanded,GO:0036211,3755
expanded,GO:0036220,5
expanded,GO:0036222,5
expanded,GO:0036228,26
expanded,GO:0036230,38
expanded,GO:0036244,1
expanded,GO:0036257,1
expanded,GO:0036258,12
expanded,GO:0036260,2
expanded,GO:0036261,13
expanded,GO:0036265,49
expanded,GO:0036293,93
expanded,GO:0036294,10
expanded,GO:0036296,14
expanded,GO:0036297,112
expanded,GO:0036361,22
expanded,GO:0036374,45
expanded,GO:0036376,1
expanded,GO:0036377,66
expanded,GO:0036396,50
expanded,GO:0036402,4
expanded,GO:0036424,3
expanded,GO:0036435,12
expanded,GO:0036442,5
expanded,GO:0036444,97
expanded,GO:0036452,2
expanded,GO:0036456,47
expanded,GO:0036459,62
expanded,GO:0036464,184
expanded,GO:0036473,6
expanded,GO:0036474,6
expanded,GO:0036477,28
expanded,GO:0036498,29
expanded,GO:0036500,1
expanded,GO:0036501,2
expanded,GO:0036503,466
expanded,GO:0036513,8
expanded,GO:0038018,5
expanded,GO:0038023,552
expanded,GO:0038111,3
expanded,GO:0038199,79
expanded,GO:0039531,2
expanded,GO:0039532,2
expanded,GO:0039535,2
expanded,GO:0039536,2
expanded,GO:0039702,1
expanded,GO:0040001,1
expanded,GO:0040007,715
expanded,GO:0040008,642
expanded,GO:0040011,241
expanded,GO:0040012,163
expanded,GO:0040013,68
expanded,GO:0040014,92
expanded,GO:0040015,92
expanded,GO:0040017,94
expanded,GO:0040020,15
expanded,GO:0040025,114
expanded,GO:0040029,613
expanded,GO:0040031,11
expanded,GO:0040034,74
expanded,GO:0042023,55
expanded,GO:0042026,183
expanded,GO:0042030,6
expanded,GO:0042040,6
expanded,GO:0042044,72
expanded,GO:0042054,529
expanded,GO:0042058,4
expanded,GO:0042059,1
expanded,GO:0042060,10
expanded,GO:0042063,29
expanded,GO:0042078,1
expanded,GO:0042100,1
expanded,GO:0042102,23
expanded,GO:0042110,23
expanded,GO:0042113,1
expanded,GO:0042117,3
expanded,GO:0042119,38
expanded,GO:0042127,1270
expanded,GO:0042128,35
expanded,GO:0042129,23
expanded,GO:0042132,63
expanded,GO:0042133,340
expanded,GO:0042134,127
expanded,GO:0042135,2
expanded,GO:0042136,338
expanded,GO:0042138,138
expanded,GO:0042144,13
expanded,GO:0042147,213
expanded,GO:0042148,63
expanded,GO:0042149,41
expanded,GO:0042157,16
expanded,GO:0042158,16
expanded,GO:0042159,12
expanded,GO:0042162,187
expanded,GO:0042165,1
expanded,GO:0042168,10
expanded,GO:0042170,397
expanded,GO:0042171,20
expanded,GO:0042175,1013
expanded,GO:0042176,116
expanded,GO:0042177,15
expanded,GO:0042178,2
expanded,GO:0042180,52
expanded,GO:0042181,20
expanded,GO:0042182,19
expanded,GO:0042214,4
expanded,GO:0042219,3
expanded,GO:0042221,5538
expanded,GO:0042244,6
expanded,GO:0042246,5
expanded,GO:0042254,1645
expanded,GO:0042255,1081
expanded,GO:0042256,54
expanded,GO:0042262,1
expanded,GO:0042268,12
expanded,GO:0042272,6
expanded,GO:0042273,1694
expanded,GO:0042274,348
expanded,GO:0042276,73
expanded,GO:0042277,125
expanded,GO:0042278,7
expanded,GO:0042281,11
expanded,GO:0042283,16
expanded,GO:0042284,13
expanded,GO:0042285,86
expanded,GO:0042286,9
expanded,GO:0042287,1
expanded,GO:0042289,1
expanded,GO:0042292,11
expanded,GO:0042300,51
expanded,GO:0042301,14
expanded,GO:0042303,60
expanded,GO:0042304,12
expanded,GO:0042306,16
expanded,GO:0042307,11
expanded,GO:0042308,5
expanded,GO:0042325,228
expanded,GO:0042326,79
expanded,GO:0042327,111
expanded,GO:0042330,61
expanded,GO:0042335,104
expanded,GO:0042351,16
expanded,GO:0042352,13
expanded,GO:0042359,91
expanded,GO:0042360,7
expanded,GO:0042362,7
expanded,GO:0042364,65
expanded,GO:0042371,9
expanded,GO:0042372,80
expanded,GO:0042374,6
expanded,GO:0042391,140
expanded,GO:0042392,18
expanded,GO:0042393,764
expanded,GO:0042398,91
expanded,GO:0042401,2390
expanded,GO:0042402,2
expanded,GO:0042405,7
expanded,GO:0042407,3
expanded,GO:0042425,23
expanded,GO:0042430,2398
expanded,GO:0042435,2386
expanded,GO:0042439,1
expanded,GO:0042440,341
expanded,GO:0042441,37
expanded,GO:0042445,489
expanded,GO:0042446,312
expanded,GO:0042447,68
expanded,GO:0042448,1
expanded,GO:0042450,19
expanded,GO:0042451,1
expanded,GO:0042455,487
expanded,GO:0042461,1
expanded,GO:0042471,3
expanded,GO:0042472,3
expanded,GO:0042478,61
expanded,GO:0042493,1596
expanded,GO:0042500,130
expanded,GO:0042537,35
expanded,GO:0042538,110
expanded,GO:0042539,2
expanded,GO:0042542,115
expanded,GO:0042543,10
expanded,GO:0042545,1046
expanded,GO:0042546,735
expanded,GO:0042548,72
expanded,GO:0042549,62
expanded,GO:0042550,2
expanded,GO:0042552,19
expanded,GO:0042555,127
expanded,GO:0042558,24
expanded,GO:0042559,9
expanded,GO:0042562,22
expanded,GO:0042565,19
expanded,GO:0042572,30
expanded,GO:0042574,18
expanded,GO:0042575,12
expanded,GO:0042577,196
expanded,GO:0042578,491
expanded,GO:0042579,456
expanded,GO:0042582,38
expanded,GO:0042585,7
expanded,GO:0042586,39
expanded,GO:0042588,45
expanded,GO:0042589,45
expanded,GO:0042592,1104
expanded,GO:0042593,39
expanded,GO:0042594,378
expanded,GO:0042597,1
expanded,GO:0042623,787
expanded,GO:0042625,34
expanded,GO:0042626,1211
expanded,GO:0042631,9
expanded,GO:0042632,177
expanded,GO:0042641,28
expanded,GO:0042644,97
expanded,GO:0042645,85
expanded,GO:0042646,16
expanded,GO:0042651,494
expanded,GO:0042659,11
expanded,GO:0042692,2
expanded,GO:0042698,3
expanded,GO:0042709,34
expanded,GO:0042710,1
expanded,GO:0042719,10
expanded,GO:0042720,53
expanded,GO:0042721,79
expanded,GO:0042723,1
expanded,GO:0042724,1
expanded,GO:0042726,25
expanded,GO:0042727,13
expanded,GO:0042732,65
expanded,GO:0042737,51
expanded,GO:0042742,1264
expanded,GO:0042743,1
expanded,GO:0042744,1257
expanded,GO:0042752,144
expanded,GO:0042753,60
expanded,GO:0042754,12
expanded,GO:0042759,218
expanded,GO:0042760,12
expanded,GO:0042761,108
expanded,GO:0042762,40
expanded,GO:0042763,136
expanded,GO:0042764,136
expanded,GO:0042765,77
expanded,GO:0042766,12
expanded,GO:0042770,32
expanded,GO:0042771,63
expanded,GO:0042772,3
expanded,GO:0042773,102
expanded,GO:0042775,17
expanded,GO:0042776,75
expanded,GO:0042779,21
expanded,GO:0042780,21
expanded,GO:0042781,35
expanded,GO:0042788,56
expanded,GO:0042790,33
expanded,GO:0042791,20
expanded,GO:0042793,66
expanded,GO:0042795,60
expanded,GO:0042796,57
expanded,GO:0042797,145
expanded,GO:0042800,49
expanded,GO:0042802,737
expanded,GO:0042803,507
expanded,GO:0042809,61
expanded,GO:0042814,1
expanded,GO:0042816,3
expanded,GO:0042819,43
expanded,GO:0042822,3
expanded,GO:0042823,43
expanded,GO:0042826,86
expanded,GO:0042834,12
expanded,GO:0042866,4
expanded,GO:0042873,106
expanded,GO:0042879,106
expanded,GO:0042886,1387
expanded,GO:0042887,79
expanded,GO:0042891,7
expanded,GO:0042895,7
expanded,GO:0042903,1
expanded,GO:0042910,709
expanded,GO:0042937,70
expanded,GO:0042938,70
expanded,GO:0042939,39
expanded,GO:0042946,3
expanded,GO:0042947,3
expanded,GO:0042973,5
expanded,GO:0042974,61
expanded,GO:0042981,206
expanded,GO:0042989,30
expanded,GO:0042995,261
expanded,GO:0043001,43
expanded,GO:0043005,35
expanded,GO:0043007,26
expanded,GO:0043009,19
expanded,GO:0043010,10
expanded,GO:0043014,16
expanded,GO:0043015,76
expanded,GO:0043021,79
expanded,GO:0043022,467
expanded,GO:0043023,184
expanded,GO:0043024,39
expanded,GO:0043025,13
expanded,GO:0043027,3
expanded,GO:0043028,3
expanded,GO:0043029,23
expanded,GO:0043033,2
expanded,GO:0043036,49
expanded,GO:0043038,4
expanded,GO:0043039,176
expanded,GO:0043041,12
expanded,GO:0043043,171
expanded,GO:0043044,21
expanded,GO:0043047,73
expanded,GO:0043048,10
expanded,GO:0043060,1
expanded,GO:0043062,32
expanded,GO:0043065,30
expanded,GO:0043066,191
expanded,GO:0043067,385
expanded,GO:0043068,88
expanded,GO:0043069,223
expanded,GO:0043073,16
expanded,GO:0043076,122
expanded,GO:0043078,122
expanded,GO:0043085,489
expanded,GO:0043086,421
expanded,GO:0043087,201
expanded,GO:0043090,44
expanded,GO:0043094,548
expanded,GO:0043097,469
expanded,GO:0043102,6
expanded,GO:0043111,29
expanded,GO:0043112,101
expanded,GO:0043113,25
expanded,GO:0043122,26
expanded,GO:0043123,1
expanded,GO:0043124,25
expanded,GO:0043130,558
expanded,GO:0043136,30
expanded,GO:0043137,18
expanded,GO:0043138,407
expanded,GO:0043139,202
expanded,GO:0043140,215
expanded,GO:0043141,135
expanded,GO:0043142,5
expanded,GO:0043144,144
expanded,GO:0043153,54
expanded,GO:0043154,26
expanded,GO:0043155,39
expanded,GO:0043157,4
expanded,GO:0043161,1916
expanded,GO:0043162,25
expanded,GO:0043167,1468
expanded,GO:0043168,768
expanded,GO:0043169,951
expanded,GO:0043170,9470
expanded,GO:0043171,47
expanded,GO:0043174,469
expanded,GO:0043175,15
expanded,GO:0043177,95
expanded,GO:0043178,7
expanded,GO:0043181,20
expanded,GO:0043182,20
expanded,GO:0043186,8
expanded,GO:0043187,5
expanded,GO:0043189,52
expanded,GO:0043190,14
expanded,GO:0043195,2
expanded,GO:0043197,8
expanded,GO:0043200,51
expanded,GO:0043201,1
expanded,GO:0043202,125
expanded,GO:0043204,1
expanded,GO:0043207,2407
expanded,GO:0043225,3
expanded,GO:0043226,17813
expanded,GO:0043227,17303
expanded,GO:0043228,3723
expanded,GO:0043229,17678
expanded,GO:0043230,111
expanded,GO:0043231,18187
expanded,GO:0043232,3723
expanded,GO:0043233,3348
expanded,GO:0043242,5
expanded,GO:0043244,16
expanded,GO:0043247,2
expanded,GO:0043248,61
expanded,GO:0043253,3
expanded,GO:0043254,99
expanded,GO:0043255,121
expanded,GO:0043266,93
expanded,GO:0043269,178
expanded,GO:0043271,2
expanded,GO:0043277,3
expanded,GO:0043280,23
expanded,GO:0043281,26
expanded,GO:0043288,62
expanded,GO:0043289,62
expanded,GO:0043291,16
expanded,GO:0043292,22
expanded,GO:0043295,127
expanded,GO:0043296,1
expanded,GO:0043299,38
expanded,GO:0043312,38
expanded,GO:0043324,37
expanded,GO:0043328,180
expanded,GO:0043330,5
expanded,GO:0043331,304
expanded,GO:0043332,15
expanded,GO:0043335,45
expanded,GO:0043337,13
expanded,GO:0043385,11
expanded,GO:0043386,11
expanded,GO:0043388,2
expanded,GO:0043392,1
expanded,GO:0043393,19
expanded,GO:0043399,11
expanded,GO:0043401,76
expanded,GO:0043405,7
expanded,GO:0043406,5
expanded,GO:0043407,13
expanded,GO:0043408,54
expanded,GO:0043409,65
expanded,GO:0043410,9
expanded,GO:0043412,5732
expanded,GO:0043413,46
expanded,GO:0043414,1291
expanded,GO:0043419,24
expanded,GO:0043424,268
expanded,GO:0043425,1
expanded,GO:0043426,1
expanded,GO:0043433,71
expanded,GO:0043434,14
expanded,GO:0043436,3685
expanded,GO:0043446,4
expanded,GO:0043447,4
expanded,GO:0043448,10
expanded,GO:0043449,63
expanded,GO:0043450,63
expanded,GO:0043455,56
expanded,GO:0043457,24
expanded,GO:0043461,15
expanded,GO:0043462,38
expanded,GO:0043467,88
expanded,GO:0043470,37
expanded,GO:0043473,66
expanded,GO:0043474,37
expanded,GO:0043476,30
expanded,GO:0043478,16
expanded,GO:0043479,16
expanded,GO:0043480,16
expanded,GO:0043481,16
expanded,GO:0043482,14
expanded,GO:0043484,108
expanded,GO:0043485,7
expanded,GO:0043486,45
expanded,GO:0043487,45
expanded,GO:0043488,43
expanded,GO:0043489,27
expanded,GO:0043491,6
expanded,GO:0043492,131
expanded,GO:0043495,46
expanded,GO:0043496,12
expanded,GO:0043515,2
expanded,GO:0043516,1
expanded,GO:0043518,1
expanded,GO:0043523,97
expanded,GO:0043524,97
expanded,GO:0043527,49
expanded,GO:0043529,25
expanded,GO:0043530,5
expanded,GO:0043531,4358
expanded,GO:0043535,1
expanded,GO:0043539,67
expanded,GO:0043541,48
expanded,GO:0043543,142
expanded,GO:0043546,58
expanded,GO:0043547,186
expanded,GO:0043548,19
expanded,GO:0043549,160
expanded,GO:0043550,3
expanded,GO:0043551,3
expanded,GO:0043555,1
expanded,GO:0043562,116
expanded,GO:0043564,15
expanded,GO:0043565,4884
expanded,GO:0043570,42
expanded,GO:0043572,30
expanded,GO:0043574,205
expanded,GO:0043583,3
expanded,GO:0043596,70
expanded,GO:0043601,9
expanded,GO:0043603,292
expanded,GO:0043604,247
expanded,GO:0043609,1
expanded,GO:0043610,3
expanded,GO:0043614,29
expanded,GO:0043618,139
expanded,GO:0043619,3
expanded,GO:0043620,139
expanded,GO:0043621,137
expanded,GO:0043622,138
expanded,GO:0043624,24
expanded,GO:0043625,59
expanded,GO:0043626,15
expanded,GO:0043627,1
expanded,GO:0043628,159
expanded,GO:0043629,14
expanded,GO:0043630,12
expanded,GO:0043631,173
expanded,GO:0043632,1463
expanded,GO:0043633,18
expanded,GO:0043634,44
expanded,GO:0043647,24
expanded,GO:0043648,45
expanded,GO:0043649,26
expanded,GO:0043650,37
expanded,GO:0043651,32
expanded,GO:0043656,105
expanded,GO:0043657,108
expanded,GO:0043666,75
expanded,GO:0043679,2
expanded,GO:0043680,1
expanded,GO:0043682,23
expanded,GO:0043686,28
expanded,GO:0043687,95
expanded,GO:0043692,1
expanded,GO:0043693,1
expanded,GO:0043719,12
expanded,GO:0043743,13
expanded,GO:0043812,19
expanded,GO:0043813,52
expanded,GO:0043855,3
expanded,GO:0043864,18
expanded,GO:0043874,9
expanded,GO:0043879,11
expanded,GO:0043891,1
expanded,GO:0043900,281
expanded,GO:0043901,24
expanded,GO:0043902,124
expanded,GO:0043903,73
expanded,GO:0043916,22
expanded,GO:0043921,60
expanded,GO:0043923,60
expanded,GO:0043928,119
expanded,GO:0043933,1729
expanded,GO:0043934,261
expanded,GO:0043935,167
expanded,GO:0043937,11
expanded,GO:0043938,11
expanded,GO:0043949,1
expanded,GO:0043951,1
expanded,GO:0043953,30
expanded,GO:0043954,26
expanded,GO:0043966,49
expanded,GO:0043967,15
expanded,GO:0043968,11
expanded,GO:0043971,14
expanded,GO:0043972,14
expanded,GO:0043981,1
expanded,GO:0043982,1
expanded,GO:0043984,1
expanded,GO:0043998,28
expanded,GO:0044000,17
expanded,GO:0044003,276
expanded,GO:0044010,1
expanded,GO:0044011,1
expanded,GO:0044027,190
expanded,GO:0044030,42
expanded,GO:0044036,93
expanded,GO:0044038,78
expanded,GO:0044042,563
expanded,GO:0044070,70
expanded,GO:0044085,2598
expanded,GO:0044087,218
expanded,GO:0044088,7
expanded,GO:0044089,79
expanded,GO:0044090,7
expanded,GO:0044092,140
expanded,GO:0044093,475
expanded,GO:0044106,2399
expanded,GO:0044107,34
expanded,GO:0044108,34
expanded,GO:0044110,12
expanded,GO:0044116,12
expanded,GO:0044117,12
expanded,GO:0044126,12
expanded,GO:0044130,12
expanded,GO:0044144,12
expanded,GO:0044146,12
expanded,GO:0044154,14
expanded,GO:0044156,100
expanded,GO:0044163,100
expanded,GO:0044182,3
expanded,GO:0044183,176
expanded,GO:0044208,12
expanded,GO:0044212,1116
expanded,GO:0044215,108
expanded,GO:0044216,108
expanded,GO:0044217,108
expanded,GO:0044218,100
expanded,GO:0044219,100
expanded,GO:0044228,3
expanded,GO:0044232,15
expanded,GO:0044233,12
expanded,GO:0044237,14434
expanded,GO:0044238,13506
expanded,GO:0044242,56
expanded,GO:0044247,21
expanded,GO:0044248,2210
expanded,GO:0044249,6718
expanded,GO:0044255,1130
expanded,GO:0044257,1659
expanded,GO:0044260,7342
expanded,GO:0044262,274
expanded,GO:0044264,182
expanded,GO:0044265,1732
expanded,GO:0044267,4285
expanded,GO:0044270,111
expanded,GO:0044271,4926
expanded,GO:0044272,187
expanded,GO:0044273,18
expanded,GO:0044275,22
expanded,GO:0044277,5
expanded,GO:0044279,100
expanded,GO:0044281,4575
expanded,GO:0044282,133
expanded,GO:0044283,3814
expanded,GO:0044297,14
expanded,GO:0044306,2
expanded,GO:0044309,8
expanded,GO:0044320,3
expanded,GO:0044321,3
expanded,GO:0044322,6
expanded,GO:0044325,18
expanded,GO:0044344,2
expanded,GO:0044347,5
expanded,GO:0044364,1
expanded,GO:0044389,308
expanded,GO:0044390,9
expanded,GO:0044391,156
expanded,GO:0044396,1
expanded,GO:0044403,461
expanded,GO:0044409,6
expanded,GO:0044417,6
expanded,GO:0044419,513
expanded,GO:0044421,226
expanded,GO:0044422,9159
expanded,GO:0044424,22459
expanded,GO:0044425,2878
expanded,GO:0044426,36
expanded,GO:0044427,715
expanded,GO:0044428,3806
expanded,GO:0044429,730
expanded,GO:0044430,568
expanded,GO:0044431,1186
expanded,GO:0044432,1098
expanded,GO:0044433,872
expanded,GO:0044434,1769
expanded,GO:0044435,1802
expanded,GO:0044436,458
expanded,GO:0044437,726
expanded,GO:0044438,221
expanded,GO:0044439,221
expanded,GO:0044440,156
expanded,GO:0044441,23
expanded,GO:0044444,13715
expanded,GO:0044445,189
expanded,GO:0044446,9134
expanded,GO:0044447,6
expanded,GO:0044448,164
expanded,GO:0044449,22
expanded,GO:0044450,10
expanded,GO:0044451,509
expanded,GO:0044452,280
expanded,GO:0044454,333
expanded,GO:0044455,149
expanded,GO:0044456,102
expanded,GO:0044457,5
expanded,GO:0044458,11
expanded,GO:0044459,892
expanded,GO:0044462,36
expanded,GO:0044463,119
expanded,GO:0044464,25301
expanded,GO:0044528,5
expanded,GO:0044530,2
expanded,GO:0044545,49
expanded,GO:0044548,9
expanded,GO:0044550,307
expanded,GO:0044571,24
expanded,GO:0044594,11
expanded,GO:0044611,32
expanded,GO:0044613,32
expanded,GO:0044614,53
expanded,GO:0044615,18
expanded,GO:0044620,3
expanded,GO:0044665,1
expanded,GO:0044666,20
expanded,GO:0044703,1253
expanded,GO:0044706,409
expanded,GO:0044715,15
expanded,GO:0044728,159
expanded,GO:0044732,27
expanded,GO:0044743,42
expanded,GO:0044764,127
expanded,GO:0044766,29
expanded,GO:0044770,87
expanded,GO:0044772,249
expanded,GO:0044773,33
expanded,GO:0044774,8
expanded,GO:0044778,19
expanded,GO:0044780,1
expanded,GO:0044782,24
expanded,GO:0044783,7
expanded,GO:0044786,109
expanded,GO:0044788,1
expanded,GO:0044794,1
expanded,GO:0044798,121
expanded,GO:0044804,16
expanded,GO:0044815,2
expanded,GO:0044818,15
expanded,GO:0044819,7
expanded,GO:0044821,1
expanded,GO:0044827,1
expanded,GO:0044829,1
expanded,GO:0044839,33
expanded,GO:0044843,52
expanded,GO:0044853,132
expanded,GO:0044877,320
expanded,GO:0045003,60
expanded,GO:0045004,25
expanded,GO:0045005,148
expanded,GO:0045008,1
expanded,GO:0045010,137
expanded,GO:0045017,183
expanded,GO:0045019,4
expanded,GO:0045022,9
expanded,GO:0045025,22
expanded,GO:0045026,17
expanded,GO:0045036,214
expanded,GO:0045037,265
expanded,GO:0045038,25
expanded,GO:0045039,102
expanded,GO:0045040,77
expanded,GO:0045041,11
expanded,GO:0045046,20
expanded,GO:0045047,87
expanded,GO:0045048,20
expanded,GO:0045053,48
expanded,GO:0045055,104
expanded,GO:0045069,1
expanded,GO:0045070,1
expanded,GO:0045087,1551
expanded,GO:0045088,179
expanded,GO:0045089,111
expanded,GO:0045103,7
expanded,GO:0045104,7
expanded,GO:0045116,86
expanded,GO:0045117,23
expanded,GO:0045128,4
expanded,GO:0045132,121
expanded,GO:0045137,24
expanded,GO:0045140,7
expanded,GO:0045141,1
expanded,GO:0045143,66
expanded,GO:0045144,21
expanded,GO:0045145,15
expanded,GO:0045156,130
expanded,GO:0045159,89
expanded,GO:0045165,863
expanded,GO:0045168,32
expanded,GO:0045171,11
expanded,GO:0045174,6
expanded,GO:0045176,12
expanded,GO:0045177,145
expanded,GO:0045178,1
expanded,GO:0045182,16
expanded,GO:0045184,1347
expanded,GO:0045185,18
expanded,GO:0045190,1
expanded,GO:0045191,21
expanded,GO:0045197,4
expanded,GO:0045199,2
expanded,GO:0045202,107
expanded,GO:0045211,24
expanded,GO:0045216,24
expanded,GO:0045223,1
expanded,GO:0045225,1
expanded,GO:0045229,191
expanded,GO:0045239,1
expanded,GO:0045240,1
expanded,GO:0045252,83
expanded,GO:0045254,80
expanded,GO:0045257,4
expanded,GO:0045259,6
expanded,GO:0045261,190
expanded,GO:0045263,60
expanded,GO:0045271,88
expanded,GO:0045273,36
expanded,GO:0045275,33
expanded,GO:0045277,37
expanded,GO:0045281,4
expanded,GO:0045283,4
expanded,GO:0045292,153
expanded,GO:0045293,4
expanded,GO:0045296,11
expanded,GO:0045300,77
expanded,GO:0045314,61
expanded,GO:0045321,68
expanded,GO:0045324,57
expanded,GO:0045332,174
expanded,GO:0045333,55
expanded,GO:0045334,7
expanded,GO:0045337,18
expanded,GO:0045338,14
expanded,GO:0045346,1
expanded,GO:0045347,1
expanded,GO:0045428,4
expanded,GO:0045430,39
expanded,GO:0045435,9
expanded,GO:0045436,12
expanded,GO:0045445,1
expanded,GO:0045446,2
expanded,GO:0045451,1
expanded,GO:0045454,487
expanded,GO:0045460,11
expanded,GO:0045461,11
expanded,GO:0045471,14
expanded,GO:0045486,43
expanded,GO:0045487,29
expanded,GO:0045488,53
expanded,GO:0045489,20
expanded,GO:0045490,284
expanded,GO:0045491,49
expanded,GO:0045492,166
expanded,GO:0045493,180
expanded,GO:0045495,2
expanded,GO:0045505,77
expanded,GO:0045540,7
expanded,GO:0045543,102
expanded,GO:0045544,96
expanded,GO:0045547,51
expanded,GO:0045549,10
expanded,GO:0045550,21
expanded,GO:0045552,21
expanded,GO:0045595,397
expanded,GO:0045596,93
expanded,GO:0045597,149
expanded,GO:0045604,1
expanded,GO:0045610,61
expanded,GO:0045611,61
expanded,GO:0045613,61
expanded,GO:0045614,61
expanded,GO:0045619,3
expanded,GO:0045621,3
expanded,GO:0045637,8
expanded,GO:0045639,6
expanded,GO:0045646,1
expanded,GO:0045648,1
expanded,GO:0045652,3
expanded,GO:0045654,1
expanded,GO:0045655,5
expanded,GO:0045657,5
expanded,GO:0045661,2
expanded,GO:0045663,2
expanded,GO:0045664,104
expanded,GO:0045665,3
expanded,GO:0045666,38
expanded,GO:0045682,1
expanded,GO:0045691,1
expanded,GO:0045697,1
expanded,GO:0045703,44
expanded,GO:0045717,18
expanded,GO:0045721,21
expanded,GO:0045723,1
expanded,GO:0045727,125
expanded,GO:0045732,73
expanded,GO:0045735,113
expanded,GO:0045736,67
expanded,GO:0045737,21
expanded,GO:0045738,5
expanded,GO:0045739,35
expanded,GO:0045740,24
expanded,GO:0045742,3
expanded,GO:0045744,1
expanded,GO:0045746,1
expanded,GO:0045747,121
expanded,GO:0045764,1
expanded,GO:0045765,1
expanded,GO:0045766,1
expanded,GO:0045776,1
expanded,GO:0045777,31
expanded,GO:0045785,23
expanded,GO:0045786,117
expanded,GO:0045787,146
expanded,GO:0045793,12
expanded,GO:0045798,1
expanded,GO:0045806,42
expanded,GO:0045807,5
expanded,GO:0045814,149
expanded,GO:0045815,21
expanded,GO:0045824,39
expanded,GO:0045827,4
expanded,GO:0045828,33
expanded,GO:0045830,21
expanded,GO:0045833,10
expanded,GO:0045834,36
expanded,GO:0045835,4
expanded,GO:0045839,26
expanded,GO:0045840,3
expanded,GO:0045841,19
expanded,GO:0045842,69
expanded,GO:0045844,2
expanded,GO:0045851,1
expanded,GO:0045859,157
expanded,GO:0045860,107
expanded,GO:0045861,47
expanded,GO:0045862,181
expanded,GO:0045875,19
expanded,GO:0045876,2
expanded,GO:0045879,3
expanded,GO:0045886,2
expanded,GO:0045892,1078
expanded,GO:0045893,1981
expanded,GO:0045898,4
expanded,GO:0045899,4
expanded,GO:0045900,24
expanded,GO:0045901,49
expanded,GO:0045903,1
expanded,GO:0045905,61
expanded,GO:0045910,187
expanded,GO:0045911,24
expanded,GO:0045912,67
expanded,GO:0045919,12
expanded,GO:0045921,1
expanded,GO:0045922,6
expanded,GO:0045923,1
expanded,GO:0045926,177
expanded,GO:0045927,232
expanded,GO:0045930,58
expanded,GO:0045931,114
expanded,GO:0045934,696
expanded,GO:0045935,944
expanded,GO:0045936,81
expanded,GO:0045937,111
expanded,GO:0045943,109
expanded,GO:0045944,1801
expanded,GO:0045948,14
expanded,GO:0045951,23
expanded,GO:0045962,1
expanded,GO:0045995,26
expanded,GO:0046011,1
expanded,GO:0046027,1
expanded,GO:0046028,10
expanded,GO:0046031,3
expanded,GO:0046033,47
expanded,GO:0046034,154
expanded,GO:0046039,7
expanded,GO:0046040,13
expanded,GO:0046041,5
expanded,GO:0046049,469
expanded,GO:0046068,8
expanded,GO:0046081,17
expanded,GO:0046084,23
expanded,GO:0046087,4
expanded,GO:0046098,1
expanded,GO:0046100,4
expanded,GO:0046103,29
expanded,GO:0046104,19
expanded,GO:0046112,4
expanded,GO:0046116,17
expanded,GO:0046128,7
expanded,GO:0046129,1
expanded,GO:0046131,473
expanded,GO:0046132,469
expanded,GO:0046134,469
expanded,GO:0046136,11
expanded,GO:0046137,60
expanded,GO:0046148,341
expanded,GO:0046149,13
expanded,GO:0046152,3
expanded,GO:0046154,34
expanded,GO:0046158,3
expanded,GO:0046164,3
expanded,GO:0046165,125
expanded,GO:0046166,23
expanded,GO:0046167,12
expanded,GO:0046168,46
expanded,GO:0046173,29
expanded,GO:0046177,26
expanded,GO:0046184,24
expanded,GO:0046185,19
expanded,GO:0046189,23
expanded,GO:0046209,310
expanded,GO:0046217,2
expanded,GO:0046219,2366
expanded,GO:0046244,23
expanded,GO:0046246,15
expanded,GO:0046256,2
expanded,GO:0046260,2
expanded,GO:0046263,2
expanded,GO:0046272,177
expanded,GO:0046283,91
expanded,GO:0046292,21
expanded,GO:0046293,21
expanded,GO:0046294,175
expanded,GO:0046316,26
expanded,GO:0046320,10
expanded,GO:0046322,5
expanded,GO:0046323,2
expanded,GO:0046324,21
expanded,GO:0046328,41
expanded,GO:0046329,34
expanded,GO:0046332,61
expanded,GO:0046337,3
expanded,GO:0046338,1
expanded,GO:0046339,5
expanded,GO:0046340,5
expanded,GO:0046341,12
expanded,GO:0046348,22
expanded,GO:0046351,5
expanded,GO:0046352,7
expanded,GO:0046364,27
expanded,GO:0046365,1
expanded,GO:0046373,94
expanded,GO:0046386,1
expanded,GO:0046390,513
expanded,GO:0046394,3202
expanded,GO:0046395,110
expanded,GO:0046398,60
expanded,GO:0046403,9
expanded,GO:0046404,9
expanded,GO:0046406,10
expanded,GO:0046416,1
expanded,GO:0046417,51
expanded,GO:0046422,23
expanded,GO:0046423,58
expanded,GO:0046429,20
expanded,GO:0046434,11
expanded,GO:0046437,1
expanded,GO:0046439,15
expanded,GO:0046443,1
expanded,GO:0046452,8
expanded,GO:0046456,1
expanded,GO:0046457,1
expanded,GO:0046459,37
expanded,GO:0046460,17
expanded,GO:0046461,7
expanded,GO:0046463,17
expanded,GO:0046464,9
expanded,GO:0046466,1
expanded,GO:0046467,67
expanded,GO:0046470,105
expanded,GO:0046471,27
expanded,GO:0046474,93
expanded,GO:0046475,13
expanded,GO:0046477,1
expanded,GO:0046479,1
expanded,GO:0046481,38
expanded,GO:0046483,8278
expanded,GO:0046484,1
expanded,GO:0046486,115
expanded,GO:0046487,25
expanded,GO:0046488,160
expanded,GO:0046490,7
expanded,GO:0046493,3
expanded,GO:0046496,34
expanded,GO:0046500,3
expanded,GO:0046503,8
expanded,GO:0046506,23
expanded,GO:0046510,23
expanded,GO:0046511,5
expanded,GO:0046512,79
expanded,GO:0046513,96
expanded,GO:0046514,42
expanded,GO:0046519,6
expanded,GO:0046520,5
expanded,GO:0046521,19
expanded,GO:0046522,25
expanded,GO:0046523,13
expanded,GO:0046524,2
expanded,GO:0046527,291
expanded,GO:0046530,15
expanded,GO:0046532,61
expanded,GO:0046537,12
expanded,GO:0046540,289
expanded,GO:0046545,20
expanded,GO:0046546,1
expanded,GO:0046556,273
expanded,GO:0046577,49
expanded,GO:0046578,43
expanded,GO:0046580,43
expanded,GO:0046592,61
expanded,GO:0046593,1
expanded,GO:0046599,1
expanded,GO:0046600,1
expanded,GO:0046605,1
expanded,GO:0046606,1
expanded,GO:0046618,2
expanded,GO:0046620,20
expanded,GO:0046621,54
expanded,GO:0046622,6
expanded,GO:0046626,9
expanded,GO:0046649,27
expanded,GO:0046651,1
expanded,GO:0046653,99
expanded,GO:0046654,81
expanded,GO:0046655,1
expanded,GO:0046656,9
expanded,GO:0046658,299
expanded,GO:0046660,24
expanded,GO:0046661,55
expanded,GO:0046676,2
expanded,GO:0046677,1011
expanded,GO:0046683,1
expanded,GO:0046685,7
expanded,GO:0046686,552
expanded,GO:0046687,3
expanded,GO:0046688,45
expanded,GO:0046689,17
expanded,GO:0046695,14
expanded,GO:0046700,97
expanded,GO:0046715,12
expanded,GO:0046717,1
expanded,GO:0046718,4
expanded,GO:0046739,61
expanded,GO:0046741,15
expanded,GO:0046755,1
expanded,GO:0046777,543
expanded,GO:0046782,60
expanded,GO:0046784,6
expanded,GO:0046785,54
expanded,GO:0046786,19
expanded,GO:0046794,23
expanded,GO:0046820,16
expanded,GO:0046822,25
expanded,GO:0046823,5
expanded,GO:0046824,18
expanded,GO:0046825,8
expanded,GO:0046827,6
expanded,GO:0046831,1
expanded,GO:0046833,1
expanded,GO:0046834,29
expanded,GO:0046835,81
expanded,GO:0046838,25
expanded,GO:0046839,223
expanded,GO:0046854,234
expanded,GO:0046855,13
expanded,GO:0046856,312
expanded,GO:0046863,39
expanded,GO:0046864,8
expanded,GO:0046865,8
expanded,GO:0046870,3
expanded,GO:0046872,4907
expanded,GO:0046873,657
expanded,GO:0046883,2
expanded,GO:0046885,2418
expanded,GO:0046886,6
expanded,GO:0046888,2
expanded,GO:0046889,34
expanded,GO:0046890,66
expanded,GO:0046898,34
expanded,GO:0046900,23
expanded,GO:0046901,32
expanded,GO:0046902,28
expanded,GO:0046903,392
expanded,GO:0046906,32
expanded,GO:0046907,1501
expanded,GO:0046910,129
expanded,GO:0046912,65
expanded,GO:0046914,450
expanded,GO:0046915,37
expanded,GO:0046916,60
expanded,GO:0046920,12
expanded,GO:0046921,28
expanded,GO:0046922,15
expanded,GO:0046923,71
expanded,GO:0046928,44
expanded,GO:0046931,7
expanded,GO:0046933,224
expanded,GO:0046938,27
expanded,GO:0046939,26
expanded,GO:0046942,559
expanded,GO:0046943,547
expanded,GO:0046949,11
expanded,GO:0046951,34
expanded,GO:0046961,235
expanded,GO:0046963,32
expanded,GO:0046964,32
expanded,GO:0046966,34
expanded,GO:0046967,2
expanded,GO:0046975,23
expanded,GO:0046976,84
expanded,GO:0046982,1188
expanded,GO:0046983,5397
expanded,GO:0046999,2
expanded,GO:0047038,4
expanded,GO:0047134,111
expanded,GO:0047184,1
expanded,GO:0047209,14
expanded,GO:0047230,2
expanded,GO:0047262,246
expanded,GO:0047268,45
expanded,GO:0047274,34
expanded,GO:0047293,24
expanded,GO:0047325,53
expanded,GO:0047334,43
expanded,GO:0047338,58
expanded,GO:0047350,58
expanded,GO:0047364,3
expanded,GO:0047372,103
expanded,GO:0047412,13
expanded,GO:0047429,58
expanded,GO:0047453,12
expanded,GO:0047484,260
expanded,GO:0047485,1
expanded,GO:0047493,12
expanded,GO:0047496,3
expanded,GO:0047497,27
expanded,GO:0047499,1
expanded,GO:0047517,1
expanded,GO:0047545,12
expanded,GO:0047560,20
expanded,GO:0047598,12
expanded,GO:0047617,123
expanded,GO:0047627,16
expanded,GO:0047631,91
expanded,GO:0047632,26
expanded,GO:0047634,158
expanded,GO:0047641,12
expanded,GO:0047661,1
expanded,GO:0047734,22
expanded,GO:0047746,57
expanded,GO:0047750,11
expanded,GO:0047760,37
expanded,GO:0047769,54
expanded,GO:0047782,9
expanded,GO:0047793,12
expanded,GO:0047874,30
expanded,GO:0047884,12
expanded,GO:0047912,12
expanded,GO:0047918,22
expanded,GO:0047938,99
expanded,GO:0047940,1
expanded,GO:0047952,48
expanded,GO:0047958,9
expanded,GO:0047974,67
expanded,GO:0048002,98
expanded,GO:0048010,3
expanded,GO:0048013,9
expanded,GO:0048015,163
expanded,GO:0048017,8
expanded,GO:0048018,1
expanded,GO:0048024,219
expanded,GO:0048025,15
expanded,GO:0048026,94
expanded,GO:0048027,19
expanded,GO:0048029,31
expanded,GO:0048032,3
expanded,GO:0048037,536
expanded,GO:0048038,203
expanded,GO:0048039,63
expanded,GO:0048040,61
expanded,GO:0048046,811
expanded,GO:0048066,43
expanded,GO:0048069,43
expanded,GO:0048072,1
expanded,GO:0048102,2
expanded,GO:0048132,1
expanded,GO:0048138,14
expanded,GO:0048140,14
expanded,GO:0048167,133
expanded,GO:0048168,42
expanded,GO:0048188,101
expanded,GO:0048190,1
expanded,GO:0048193,935
expanded,GO:0048194,109
expanded,GO:0048199,83
expanded,GO:0048205,22
expanded,GO:0048207,38
expanded,GO:0048208,38
expanded,GO:0048209,1
expanded,GO:0048211,12
expanded,GO:0048213,11
expanded,GO:0048219,38
expanded,GO:0048226,35
expanded,GO:0048229,641
expanded,GO:0048232,276
expanded,GO:0048235,194
expanded,GO:0048236,76
expanded,GO:0048244,82
expanded,GO:0048250,10
expanded,GO:0048254,9
expanded,GO:0048255,18
expanded,GO:0048256,2
expanded,GO:0048257,12
expanded,GO:0048259,1
expanded,GO:0048260,1
expanded,GO:0048268,174
expanded,GO:0048269,11
expanded,GO:0048270,11
expanded,GO:0048278,229
expanded,GO:0048280,23
expanded,GO:0048281,7
expanded,GO:0048283,5
expanded,GO:0048284,225
expanded,GO:0048285,342
expanded,GO:0048302,1
expanded,GO:0048304,1
expanded,GO:0048308,3
expanded,GO:0048309,1
expanded,GO:0048315,11
expanded,GO:0048316,1389
expanded,GO:0048317,2
expanded,GO:0048354,59
expanded,GO:0048359,59
expanded,GO:0048363,2
expanded,GO:0048364,1192
expanded,GO:0048365,2
expanded,GO:0048366,950
expanded,GO:0048367,1816
expanded,GO:0048384,61
expanded,GO:0048385,61
expanded,GO:0048437,510
expanded,GO:0048438,417
expanded,GO:0048439,16
expanded,GO:0048440,75
expanded,GO:0048441,71
expanded,GO:0048442,14
expanded,GO:0048443,293
expanded,GO:0048444,152
expanded,GO:0048445,21
expanded,GO:0048446,24
expanded,GO:0048447,1
expanded,GO:0048448,67
expanded,GO:0048449,48
expanded,GO:0048451,11
expanded,GO:0048453,1
expanded,GO:0048455,24
expanded,GO:0048457,1
expanded,GO:0048462,16
expanded,GO:0048464,14
expanded,GO:0048465,71
expanded,GO:0048466,293
expanded,GO:0048467,83
expanded,GO:0048468,1689
expanded,GO:0048469,193
expanded,GO:0048471,233
expanded,GO:0048475,539
expanded,GO:0048476,23
expanded,GO:0048477,602
expanded,GO:0048478,55
expanded,GO:0048479,15
expanded,GO:0048480,6
expanded,GO:0048481,58
expanded,GO:0048482,5
expanded,GO:0048487,30
expanded,GO:0048489,5
expanded,GO:0048490,2
expanded,GO:0048497,18
expanded,GO:0048498,13
expanded,GO:0048500,110
expanded,GO:0048506,61
expanded,GO:0048507,3339
expanded,GO:0048508,17
expanded,GO:0048509,160
expanded,GO:0048510,61
expanded,GO:0048511,255
expanded,GO:0048513,362
expanded,GO:0048514,1
expanded,GO:0048515,22
expanded,GO:0048518,3528
expanded,GO:0048519,2492
expanded,GO:0048522,2880
expanded,GO:0048523,1696
expanded,GO:0048524,61
expanded,GO:0048527,438
expanded,GO:0048528,471
expanded,GO:0048529,11
expanded,GO:0048530,3
expanded,GO:0048531,13
expanded,GO:0048532,653
expanded,GO:0048534,38
expanded,GO:0048539,1
expanded,GO:0048544,971
expanded,GO:0048545,76
expanded,GO:0048548,3
expanded,GO:0048549,3
expanded,GO:0048555,12
expanded,GO:0048556,3
expanded,GO:0048559,13
expanded,GO:0048560,13
expanded,GO:0048562,17
expanded,GO:0048563,64
expanded,GO:0048564,41
expanded,GO:0048565,11
expanded,GO:0048568,24
expanded,GO:0048569,178
expanded,GO:0048571,49
expanded,GO:0048572,49
expanded,GO:0048573,453
expanded,GO:0048574,42
expanded,GO:0048575,49
expanded,GO:0048577,2
expanded,GO:0048578,38
expanded,GO:0048579,5
expanded,GO:0048580,964
expanded,GO:0048581,204
expanded,GO:0048582,194
expanded,GO:0048583,2770
expanded,GO:0048584,787
expanded,GO:0048585,834
expanded,GO:0048586,23
expanded,GO:0048587,4
expanded,GO:0048588,334
expanded,GO:0048589,609
expanded,GO:0048592,14
expanded,GO:0048598,63
expanded,GO:0048599,537
expanded,GO:0048608,2390
expanded,GO:0048609,1218
expanded,GO:0048634,2
expanded,GO:0048636,2
expanded,GO:0048638,450
expanded,GO:0048639,35
expanded,GO:0048640,136
expanded,GO:0048641,2
expanded,GO:0048643,2
expanded,GO:0048645,61
expanded,GO:0048646,448
expanded,GO:0048653,267
expanded,GO:0048654,34
expanded,GO:0048655,34
expanded,GO:0048656,2
expanded,GO:0048657,2
expanded,GO:0048658,86
expanded,GO:0048660,6
expanded,GO:0048661,1
expanded,GO:0048662,5
expanded,GO:0048666,31
expanded,GO:0048667,13
expanded,GO:0048678,5
expanded,GO:0048699,203
expanded,GO:0048701,3
expanded,GO:0048702,3
expanded,GO:0048704,3
expanded,GO:0048705,3
expanded,GO:0048706,3
expanded,GO:0048707,64
expanded,GO:0048708,3
expanded,GO:0048709,19
expanded,GO:0048729,145
expanded,GO:0048731,3904
expanded,GO:0048732,14
expanded,GO:0048736,72
expanded,GO:0048737,64
expanded,GO:0048749,75
expanded,GO:0048753,1
expanded,GO:0048757,7
expanded,GO:0048764,179
expanded,GO:0048765,179
expanded,GO:0048766,2
expanded,GO:0048767,111
expanded,GO:0048768,75
expanded,GO:0048771,3
expanded,GO:0048786,2
expanded,GO:0048800,1
expanded,GO:0048806,58
expanded,GO:0048808,54
expanded,GO:0048812,14
expanded,GO:0048813,1
expanded,GO:0048814,13
expanded,GO:0048825,22
expanded,GO:0048826,14
expanded,GO:0048827,1240
expanded,GO:0048829,35
expanded,GO:0048830,28
expanded,GO:0048831,676
expanded,GO:0048839,3
expanded,GO:0048856,7109
expanded,GO:0048858,14
expanded,GO:0048859,75
expanded,GO:0048863,4
expanded,GO:0048868,316
expanded,GO:0048869,3888
expanded,GO:0048870,62
expanded,GO:0048871,20
expanded,GO:0048872,38
expanded,GO:0048873,7
expanded,GO:0048878,661
expanded,GO:0050000,30
expanded,GO:0050017,14
expanded,GO:0050072,11
expanded,GO:0050080,15
expanded,GO:0050105,3
expanded,GO:0050113,35
expanded,GO:0050126,13
expanded,GO:0050136,2
expanded,GO:0050152,11
expanded,GO:0050178,48
expanded,GO:0050200,1
expanded,GO:0050201,13
expanded,GO:0050220,24
expanded,GO:0050242,21
expanded,GO:0050265,29
expanded,GO:0050291,44
expanded,GO:0050302,1
expanded,GO:0050307,14
expanded,GO:0050308,11
expanded,GO:0050309,11
expanded,GO:0050311,8
expanded,GO:0050313,12
expanded,GO:0050373,1
expanded,GO:0050377,2
expanded,GO:0050378,13
expanded,GO:0050385,2
expanded,GO:0050403,1
expanded,GO:0050404,1
expanded,GO:0050434,60
expanded,GO:0050464,31
expanded,GO:0050482,33
expanded,GO:0050486,11
expanded,GO:0050515,11
expanded,GO:0050518,10
expanded,GO:0050550,1
expanded,GO:0050551,1
expanded,GO:0050552,1
expanded,GO:0050567,71
expanded,GO:0050577,12
expanded,GO:0050589,10
expanded,GO:0050613,3
expanded,GO:0050636,13
expanded,GO:0050650,4
expanded,GO:0050654,4
expanded,GO:0050657,111
expanded,GO:0050658,111
expanded,GO:0050660,1408
expanded,GO:0050661,629
expanded,GO:0050662,147
expanded,GO:0050664,113
expanded,GO:0050667,1
expanded,GO:0050670,24
expanded,GO:0050671,24
expanded,GO:0050678,3
expanded,GO:0050680,3
expanded,GO:0050681,97
expanded,GO:0050684,186
expanded,GO:0050685,70
expanded,GO:0050686,15
expanded,GO:0050687,2
expanded,GO:0050688,5
expanded,GO:0050691,3
expanded,GO:0050707,8
expanded,GO:0050708,14
expanded,GO:0050709,4
expanded,GO:0050710,2
expanded,GO:0050714,7
expanded,GO:0050715,6
expanded,GO:0050727,5
expanded,GO:0050728,5
expanded,GO:0050730,1
expanded,GO:0050732,1
expanded,GO:0050733,7
expanded,GO:0050734,8
expanded,GO:0050736,77
expanded,GO:0050746,5
expanded,GO:0050748,5
expanded,GO:0050764,42
expanded,GO:0050766,4
expanded,GO:0050767,165
expanded,GO:0050768,4
expanded,GO:0050769,99
expanded,GO:0050770,3
expanded,GO:0050771,3
expanded,GO:0050773,14
expanded,GO:0050774,3
expanded,GO:0050775,9
expanded,GO:0050776,262
expanded,GO:0050777,78
expanded,GO:0050778,151
expanded,GO:0050779,24
expanded,GO:0050780,11
expanded,GO:0050789,12818
expanded,GO:0050790,614
expanded,GO:0050792,61
expanded,GO:0050793,1912
expanded,GO:0050794,11099
expanded,GO:0050796,2
expanded,GO:0050801,545
expanded,GO:0050803,2
expanded,GO:0050804,136
expanded,GO:0050805,1
expanded,GO:0050806,91
expanded,GO:0050807,2
expanded,GO:0050808,136
expanded,GO:0050810,7
expanded,GO:0050811,5
expanded,GO:0050817,4
expanded,GO:0050821,203
expanded,GO:0050826,26
expanded,GO:0050829,23
expanded,GO:0050830,1
expanded,GO:0050832,951
expanded,GO:0050848,11
expanded,GO:0050850,11
expanded,GO:0050851,19
expanded,GO:0050852,19
expanded,GO:0050863,23
expanded,GO:0050864,21
expanded,GO:0050865,47
expanded,GO:0050866,3
expanded,GO:0050867,47
expanded,GO:0050870,23
expanded,GO:0050871,21
expanded,GO:0050877,187
expanded,GO:0050878,17
expanded,GO:0050879,7
expanded,GO:0050880,177
expanded,GO:0050881,7
expanded,GO:0050890,156
expanded,GO:0050891,13
expanded,GO:0050896,9611
expanded,GO:0050897,21
expanded,GO:0050900,4
expanded,GO:0050918,48
expanded,GO:0050920,91
expanded,GO:0050921,91
expanded,GO:0050931,7
expanded,GO:0050982,47
expanded,GO:0050992,18
expanded,GO:0050994,7
expanded,GO:0050996,2
expanded,GO:0050997,1
expanded,GO:0051010,54
expanded,GO:0051011,121
expanded,GO:0051012,5
expanded,GO:0051013,22
expanded,GO:0051014,50
expanded,GO:0051015,807
expanded,GO:0051016,17
expanded,GO:0051017,216
expanded,GO:0051018,5
expanded,GO:0051020,73
expanded,GO:0051026,53
expanded,GO:0051028,54
expanded,GO:0051030,6
expanded,GO:0051031,7
expanded,GO:0051046,80
expanded,GO:0051047,8
expanded,GO:0051048,4
expanded,GO:0051049,428
expanded,GO:0051050,41
expanded,GO:0051051,53
expanded,GO:0051052,259
expanded,GO:0051053,28
expanded,GO:0051054,53
expanded,GO:0051055,5
expanded,GO:0051056,43
expanded,GO:0051058,43
expanded,GO:0051059,39
expanded,GO:0051060,4
expanded,GO:0051082,944
expanded,GO:0051083,83
expanded,GO:0051084,36
expanded,GO:0051085,395
expanded,GO:0051087,587
expanded,GO:0051090,75
expanded,GO:0051091,33
expanded,GO:0051092,1
expanded,GO:0051093,347
expanded,GO:0051094,424
expanded,GO:0051095,6
expanded,GO:0051096,62
expanded,GO:0051097,6
expanded,GO:0051098,78
expanded,GO:0051099,38
expanded,GO:0051100,10
expanded,GO:0051101,22
expanded,GO:0051103,24
expanded,GO:0051117,240
expanded,GO:0051119,355
expanded,GO:0051123,101
expanded,GO:0051125,1
expanded,GO:0051127,1
expanded,GO:0051128,740
expanded,GO:0051129,156
expanded,GO:0051130,210
expanded,GO:0051131,123
expanded,GO:0051139,17
expanded,GO:0051146,1
expanded,GO:0051147,3
expanded,GO:0051149,3
expanded,GO:0051153,3
expanded,GO:0051155,3
expanded,GO:0051156,67
expanded,GO:0051168,111
expanded,GO:0051169,173
expanded,GO:0051170,27
expanded,GO:0051171,4337
expanded,GO:0051172,795
expanded,GO:0051173,1294
expanded,GO:0051174,229
expanded,GO:0051176,27
expanded,GO:0051177,25
expanded,GO:0051179,4534
expanded,GO:0051180,36
expanded,GO:0051181,127
expanded,GO:0051182,43
expanded,GO:0051184,44
expanded,GO:0051185,43
expanded,GO:0051186,289
expanded,GO:0051187,17
expanded,GO:0051188,177
expanded,GO:0051192,3
expanded,GO:0051193,217
expanded,GO:0051194,29
expanded,GO:0051195,69
expanded,GO:0051196,99
expanded,GO:0051198,60
expanded,GO:0051205,45
expanded,GO:0051209,105
expanded,GO:0051211,56
expanded,GO:0051213,491
expanded,GO:0051214,33
expanded,GO:0051216,1
expanded,GO:0051222,28
expanded,GO:0051223,42
expanded,GO:0051224,9
expanded,GO:0051225,294
expanded,GO:0051228,54
expanded,GO:0051231,166
expanded,GO:0051233,1
expanded,GO:0051234,4035
expanded,GO:0051235,88
expanded,GO:0051236,111
expanded,GO:0051238,28
expanded,GO:0051239,1595
expanded,GO:0051240,492
expanded,GO:0051241,346
expanded,GO:0051245,23
expanded,GO:0051246,721
expanded,GO:0051247,448
expanded,GO:0051248,178
expanded,GO:0051249,47
expanded,GO:0051250,3
expanded,GO:0051251,47
expanded,GO:0051252,3698
expanded,GO:0051253,668
expanded,GO:0051254,919
expanded,GO:0051258,22
expanded,GO:0051259,162
expanded,GO:0051260,124
expanded,GO:0051261,7
expanded,GO:0051262,17
expanded,GO:0051267,17
expanded,GO:0051270,174
expanded,GO:0051271,68
expanded,GO:0051272,94
expanded,GO:0051273,22
expanded,GO:0051274,16
expanded,GO:0051275,5
expanded,GO:0051276,1362
expanded,GO:0051285,2
expanded,GO:0051286,193
expanded,GO:0051287,695
expanded,GO:0051289,4
expanded,GO:0051291,1
expanded,GO:0051292,7
expanded,GO:0051295,11
expanded,GO:0051298,4
expanded,GO:0051299,3
expanded,GO:0051301,454
expanded,GO:0051302,147
expanded,GO:0051303,23
expanded,GO:0051304,18
expanded,GO:0051305,1
expanded,GO:0051306,13
expanded,GO:0051307,43
expanded,GO:0051310,22
expanded,GO:0051311,1
expanded,GO:0051312,12
expanded,GO:0051315,54
expanded,GO:0051316,2
expanded,GO:0051321,535
expanded,GO:0051336,327
expanded,GO:0051338,212
expanded,GO:0051341,3
expanded,GO:0051345,290
expanded,GO:0051346,59
expanded,GO:0051347,123
expanded,GO:0051348,31
expanded,GO:0051351,13
expanded,GO:0051354,3
expanded,GO:0051365,23
expanded,GO:0051377,43
expanded,GO:0051382,49
expanded,GO:0051383,3
expanded,GO:0051385,6
expanded,GO:0051403,3
expanded,GO:0051410,37
expanded,GO:0051415,13
expanded,GO:0051418,3
expanded,GO:0051427,132
expanded,GO:0051438,6
expanded,GO:0051443,6
expanded,GO:0051445,54
expanded,GO:0051446,1
expanded,GO:0051447,4
expanded,GO:0051452,1
expanded,GO:0051453,95
expanded,GO:0051455,24
expanded,GO:0051457,22
expanded,GO:0051480,11
expanded,GO:0051483,1
expanded,GO:0051484,29
expanded,GO:0051493,84
expanded,GO:0051494,44
expanded,GO:0051495,13
expanded,GO:0051499,27
expanded,GO:0051500,13
expanded,GO:0051501,1
expanded,GO:0051502,1
expanded,GO:0051503,106
expanded,GO:0051510,128
expanded,GO:0051511,2
expanded,GO:0051512,1
expanded,GO:0051513,55
expanded,GO:0051516,1
expanded,GO:0051518,1
expanded,GO:0051519,1
expanded,GO:0051536,901
expanded,GO:0051537,237
expanded,GO:0051539,238
expanded,GO:0051540,353
expanded,GO:0051552,64
expanded,GO:0051553,64
expanded,GO:0051554,52
expanded,GO:0051555,52
expanded,GO:0051560,97
expanded,GO:0051561,1
expanded,GO:0051562,1
expanded,GO:0051567,17
expanded,GO:0051568,54
expanded,GO:0051569,86
expanded,GO:0051570,38
expanded,GO:0051571,85
expanded,GO:0051572,1
expanded,GO:0051573,2
expanded,GO:0051574,27
expanded,GO:0051575,5
expanded,GO:0051588,44
expanded,GO:0051591,1
expanded,GO:0051592,130
expanded,GO:0051596,19
expanded,GO:0051598,16
expanded,GO:0051601,12
expanded,GO:0051603,2194
expanded,GO:0051604,152
expanded,GO:0051606,61
expanded,GO:0051607,287
expanded,GO:0051639,74
expanded,GO:0051640,328
expanded,GO:0051641,1769
expanded,GO:0051644,51
expanded,GO:0051645,49
expanded,GO:0051646,35
expanded,GO:0051647,51
expanded,GO:0051648,111
expanded,GO:0051649,1487
expanded,GO:0051650,111
expanded,GO:0051651,66
expanded,GO:0051654,27
expanded,GO:0051656,297
expanded,GO:0051666,9
expanded,GO:0051667,51
expanded,GO:0051668,24
expanded,GO:0051674,58
expanded,GO:0051693,2
expanded,GO:0051697,14
expanded,GO:0051701,305
expanded,GO:0051702,61
expanded,GO:0051703,62
expanded,GO:0051704,4192
expanded,GO:0051707,2404
expanded,GO:0051709,12
expanded,GO:0051710,12
expanded,GO:0051712,12
expanded,GO:0051714,12
expanded,GO:0051715,1
expanded,GO:0051716,4786
expanded,GO:0051721,27
expanded,GO:0051723,31
expanded,GO:0051726,576
expanded,GO:0051728,1
expanded,GO:0051729,1
expanded,GO:0051731,38
expanded,GO:0051740,79
expanded,GO:0051741,27
expanded,GO:0051743,10
expanded,GO:0051745,18
expanded,GO:0051747,11
expanded,GO:0051748,58
expanded,GO:0051750,11
expanded,GO:0051751,24
expanded,GO:0051752,3
expanded,GO:0051753,59
expanded,GO:0051754,60
expanded,GO:0051761,3
expanded,GO:0051762,25
expanded,GO:0051764,11
expanded,GO:0051765,23
expanded,GO:0051775,11
expanded,GO:0051776,10
expanded,GO:0051777,95
expanded,GO:0051781,26
expanded,GO:0051782,14
expanded,GO:0051783,89
expanded,GO:0051784,30
expanded,GO:0051785,3
expanded,GO:0051787,34
expanded,GO:0051788,30
expanded,GO:0051791,1
expanded,GO:0051802,12
expanded,GO:0051804,12
expanded,GO:0051806,4
expanded,GO:0051814,17
expanded,GO:0051817,337
expanded,GO:0051828,6
expanded,GO:0051836,6
expanded,GO:0051839,12
expanded,GO:0051841,12
expanded,GO:0051851,61
expanded,GO:0051861,60
expanded,GO:0051864,24
expanded,GO:0051865,36
expanded,GO:0051879,60
expanded,GO:0051880,20
expanded,GO:0051881,19
expanded,GO:0051893,5
expanded,GO:0051895,5
expanded,GO:0051896,3
expanded,GO:0051897,3
expanded,GO:0051899,1
expanded,GO:0051903,137
expanded,GO:0051920,30
expanded,GO:0051938,30
expanded,GO:0051958,13
expanded,GO:0051959,1
expanded,GO:0051960,167
expanded,GO:0051961,6
expanded,GO:0051962,99
expanded,GO:0051963,2
expanded,GO:0051964,2
expanded,GO:0051966,1
expanded,GO:0051967,1
expanded,GO:0051972,45
expanded,GO:0051973,10
expanded,GO:0051974,11
expanded,GO:0051980,51
expanded,GO:0051983,90
expanded,GO:0051984,5
expanded,GO:0051985,38
expanded,GO:0051996,58
expanded,GO:0051997,15
expanded,GO:0052018,249
expanded,GO:0052031,23
expanded,GO:0052033,21
expanded,GO:0052126,17
expanded,GO:0052166,21
expanded,GO:0052167,23
expanded,GO:0052169,23
expanded,GO:0052173,23
expanded,GO:0052192,17
expanded,GO:0052200,23
expanded,GO:0052249,249
expanded,GO:0052255,23
expanded,GO:0052257,21
expanded,GO:0052305,21
expanded,GO:0052306,23
expanded,GO:0052308,23
expanded,GO:0052312,60
expanded,GO:0052314,3
expanded,GO:0052315,3
expanded,GO:0052317,2
expanded,GO:0052324,49
expanded,GO:0052325,55
expanded,GO:0052381,195
expanded,GO:0052386,32
expanded,GO:0052472,60
expanded,GO:0052482,15
expanded,GO:0052509,21
expanded,GO:0052510,21
expanded,GO:0052541,9
expanded,GO:0052542,15
expanded,GO:0052543,32
expanded,GO:0052544,15
expanded,GO:0052545,43
expanded,GO:0052546,23
expanded,GO:0052547,124
expanded,GO:0052548,124
expanded,GO:0052552,23
expanded,GO:0052553,23
expanded,GO:0052555,21
expanded,GO:0052556,21
expanded,GO:0052564,23
expanded,GO:0052572,23
expanded,GO:0052573,58
expanded,GO:0052575,2
expanded,GO:0052576,2
expanded,GO:0052578,1
expanded,GO:0052592,8
expanded,GO:0052597,10
expanded,GO:0052615,17
expanded,GO:0052622,2
expanded,GO:0052623,2
expanded,GO:0052624,10
expanded,GO:0052634,28
expanded,GO:0052635,74
expanded,GO:0052636,35
expanded,GO:0052637,13
expanded,GO:0052650,30
expanded,GO:0052652,8
expanded,GO:0052662,32
expanded,GO:0052684,11
expanded,GO:0052689,488
expanded,GO:0052691,60
expanded,GO:0052692,19
expanded,GO:0052694,1
expanded,GO:0052717,27
expanded,GO:0052725,53
expanded,GO:0052726,53
expanded,GO:0052742,204
expanded,GO:0052745,19
expanded,GO:0052746,56
expanded,GO:0052751,12
expanded,GO:0052767,34
expanded,GO:0052793,91
expanded,GO:0052815,1
expanded,GO:0052837,1
expanded,GO:0052838,1
expanded,GO:0052856,1
expanded,GO:0052857,1
expanded,GO:0052861,87
expanded,GO:0052866,7
expanded,GO:0052906,24
expanded,GO:0052907,1
expanded,GO:0052925,10
expanded,GO:0052927,41
expanded,GO:0052929,41
expanded,GO:0055001,2
expanded,GO:0055002,1
expanded,GO:0055028,222
expanded,GO:0055029,66
expanded,GO:0055035,390
expanded,GO:0055037,106
expanded,GO:0055038,59
expanded,GO:0055044,1029
expanded,GO:0055046,213
expanded,GO:0055047,12
expanded,GO:0055048,1
expanded,GO:0055062,23
expanded,GO:0055063,1
expanded,GO:0055065,346
expanded,GO:0055067,64
expanded,GO:0055069,7
expanded,GO:0055070,27
expanded,GO:0055071,28
expanded,GO:0055072,115
expanded,GO:0055073,3
expanded,GO:0055074,192
expanded,GO:0055075,48
expanded,GO:0055076,85
expanded,GO:0055078,36
expanded,GO:0055080,408
expanded,GO:0055081,74
expanded,GO:0055082,351
expanded,GO:0055083,3
expanded,GO:0055085,10182
expanded,GO:0055086,710
expanded,GO:0055087,26
expanded,GO:0055088,336
expanded,GO:0055089,1
expanded,GO:0055091,11
expanded,GO:0055092,177
expanded,GO:0055093,14
expanded,GO:0055105,27
expanded,GO:0055106,6
expanded,GO:0055114,1834
expanded,GO:0055120,9
expanded,GO:0055122,14
expanded,GO:0055123,11
expanded,GO:0055129,11
expanded,GO:0060026,1
expanded,GO:0060027,1
expanded,GO:0060034,7
expanded,GO:0060035,7
expanded,GO:0060036,7
expanded,GO:0060041,10
expanded,GO:0060049,3
expanded,GO:0060052,7
expanded,GO:0060055,1
expanded,GO:0060065,60
expanded,GO:0060068,3
expanded,GO:0060070,5
expanded,GO:0060071,5
expanded,GO:0060089,205
expanded,GO:0060090,134
expanded,GO:0060099,1
expanded,GO:0060100,1
expanded,GO:0060142,1
expanded,GO:0060143,1
expanded,GO:0060145,13
expanded,GO:0060147,63
expanded,GO:0060148,7
expanded,GO:0060149,38
expanded,GO:0060151,8
expanded,GO:0060170,1
expanded,GO:0060173,7
expanded,GO:0060178,21
expanded,GO:0060179,1
expanded,GO:0060184,1
expanded,GO:0060187,135
expanded,GO:0060191,3
expanded,GO:0060193,3
expanded,GO:0060205,55
expanded,GO:0060213,14
expanded,GO:0060216,1
expanded,GO:0060229,12
expanded,GO:0060236,104
expanded,GO:0060237,10
expanded,GO:0060249,109
expanded,GO:0060255,4941
expanded,GO:0060260,26
expanded,GO:0060261,66
expanded,GO:0060263,1
expanded,GO:0060267,1
expanded,GO:0060271,24
expanded,GO:0060281,9
expanded,GO:0060284,315
expanded,GO:0060285,1
expanded,GO:0060293,2
expanded,GO:0060294,1
expanded,GO:0060297,2
expanded,GO:0060298,2
expanded,GO:0060305,3
expanded,GO:0060322,56
expanded,GO:0060326,1
expanded,GO:0060330,23
expanded,GO:0060331,23
expanded,GO:0060333,5
expanded,GO:0060334,23
expanded,GO:0060336,23
expanded,GO:0060337,2
expanded,GO:0060341,153
expanded,GO:0060348,1
expanded,GO:0060359,1
expanded,GO:0060384,4
expanded,GO:0060401,2
expanded,GO:0060429,236
expanded,GO:0060537,62
expanded,GO:0060538,62
expanded,GO:0060541,11
expanded,GO:0060547,3
expanded,GO:0060548,222
expanded,GO:0060560,543
expanded,GO:0060562,82
expanded,GO:0060581,61
expanded,GO:0060582,61
expanded,GO:0060587,5
expanded,GO:0060588,5
expanded,GO:0060589,197
expanded,GO:0060590,37
expanded,GO:0060627,139
expanded,GO:0060628,12
expanded,GO:0060629,1
expanded,GO:0060631,14
expanded,GO:0060632,11
expanded,GO:0060688,69
expanded,GO:0060700,17
expanded,GO:0060701,17
expanded,GO:0060759,26
expanded,GO:0060760,3
expanded,GO:0060761,23
expanded,GO:0060765,1
expanded,GO:0060776,3
expanded,GO:0060810,10
expanded,GO:0060811,10
expanded,GO:0060828,13
expanded,GO:0060850,1
expanded,GO:0060860,1
expanded,GO:0060862,1
expanded,GO:0060918,105
expanded,GO:0060919,33
expanded,GO:0060962,13
expanded,GO:0060964,45
expanded,GO:0060965,34
expanded,GO:0060966,84
expanded,GO:0060967,34
expanded,GO:0060968,140
expanded,GO:0060969,61
expanded,GO:0060972,11
expanded,GO:0060992,34
expanded,GO:0061008,12
expanded,GO:0061013,30
expanded,GO:0061014,24
expanded,GO:0061015,18
expanded,GO:0061024,527
expanded,GO:0061025,219
expanded,GO:0061053,2
expanded,GO:0061061,69
expanded,GO:0061077,211
expanded,GO:0061085,28
expanded,GO:0061087,28
expanded,GO:0061088,1
expanded,GO:0061097,1
expanded,GO:0061099,1
expanded,GO:0061133,14
expanded,GO:0061134,10
expanded,GO:0061135,10
expanded,GO:0061136,42
expanded,GO:0061157,119
expanded,GO:0061158,23
expanded,GO:0061178,2
expanded,GO:0061179,2
expanded,GO:0061213,2
expanded,GO:0061217,2
expanded,GO:0061245,2
expanded,GO:0061356,1
expanded,GO:0061357,1
expanded,GO:0061370,1
expanded,GO:0061371,13
expanded,GO:0061387,6
expanded,GO:0061448,1
expanded,GO:0061458,2404
expanded,GO:0061462,10
expanded,GO:0061503,11
expanded,GO:0061504,11
expanded,GO:0061505,2
expanded,GO:0061512,1
expanded,GO:0061513,6
expanded,GO:0061522,24
expanded,GO:0061542,11
expanded,GO:0061564,17
expanded,GO:0061572,46
expanded,GO:0061574,19
expanded,GO:0061578,55
expanded,GO:0061599,16
expanded,GO:0061608,157
expanded,GO:0061617,11
expanded,GO:0061628,1
expanded,GO:0061630,3115
expanded,GO:0061631,208
expanded,GO:0061635,11
expanded,GO:0061640,110
expanded,GO:0061645,1
expanded,GO:0061647,17
expanded,GO:0061650,7
expanded,GO:0061651,11
expanded,GO:0061657,11
expanded,GO:0061659,934
expanded,GO:0061665,64
expanded,GO:0061666,11
expanded,GO:0061676,6
expanded,GO:0061685,12
expanded,GO:0061687,4
expanded,GO:0061695,159
expanded,GO:0061709,48
expanded,GO:0061716,2
expanded,GO:0061723,35
expanded,GO:0061726,1
expanded,GO:0061727,19
expanded,GO:0061733,78
expanded,GO:0061739,20
expanded,GO:0061745,2
expanded,GO:0061752,1
expanded,GO:0061775,11
expanded,GO:0061794,11
expanded,GO:0061798,12
expanded,GO:0061799,12
expanded,GO:0061806,6
expanded,GO:0061817,170
expanded,GO:0061842,1
expanded,GO:0061844,1
expanded,GO:0061863,35
expanded,GO:0061908,54
expanded,GO:0061912,13
expanded,GO:0061919,63
expanded,GO:0061927,25
expanded,GO:0061928,39
expanded,GO:0061929,15
expanded,GO:0061936,17
expanded,GO:0061951,5
expanded,GO:0061980,8
expanded,GO:0061982,95
expanded,GO:0061983,1
expanded,GO:0062012,362
expanded,GO:0062013,19
expanded,GO:0062014,77
expanded,GO:0062033,3
expanded,GO:0062064,20
expanded,GO:0065001,19
expanded,GO:0065002,131
expanded,GO:0065003,1672
expanded,GO:0065004,64
expanded,GO:0065007,13626
expanded,GO:0065008,5555
expanded,GO:0065009,802
expanded,GO:0070001,37
expanded,GO:0070006,144
expanded,GO:0070008,105
expanded,GO:0070009,3
expanded,GO:0070011,472
expanded,GO:0070012,33
expanded,GO:0070013,3348
expanded,GO:0070034,75
expanded,GO:0070035,453
expanded,GO:0070037,41
expanded,GO:0070042,66
expanded,GO:0070043,14
expanded,GO:0070059,45
expanded,GO:0070062,111
expanded,GO:0070063,52
expanded,GO:0070069,14
expanded,GO:0070070,4
expanded,GO:0070071,7
expanded,GO:0070072,29
expanded,GO:0070076,54
expanded,GO:0070085,115
expanded,GO:0070122,15
expanded,GO:0070125,410
expanded,GO:0070126,3
expanded,GO:0070137,25
expanded,GO:0070138,15
expanded,GO:0070139,25
expanded,GO:0070140,15
expanded,GO:0070141,63
expanded,GO:0070150,37
expanded,GO:0070160,1
expanded,GO:0070176,10
expanded,GO:0070178,1
expanded,GO:0070179,60
expanded,GO:0070180,176
expanded,GO:0070181,97
expanded,GO:0070182,67
expanded,GO:0070192,149
expanded,GO:0070193,6
expanded,GO:0070197,1
expanded,GO:0070198,2
expanded,GO:0070199,1
expanded,GO:0070200,1
expanded,GO:0070201,51
expanded,GO:0070204,9
expanded,GO:0070205,7
expanded,GO:0070212,49
expanded,GO:0070227,23
expanded,GO:0070231,23
expanded,GO:0070252,28
expanded,GO:0070260,12
expanded,GO:0070262,1
expanded,GO:0070273,2
expanded,GO:0070274,27
expanded,GO:0070279,114
expanded,GO:0070286,17
expanded,GO:0070291,13
expanded,GO:0070293,2
expanded,GO:0070294,2
expanded,GO:0070297,65
expanded,GO:0070298,45
expanded,GO:0070300,48
expanded,GO:0070301,11
expanded,GO:0070302,41
expanded,GO:0070303,34
expanded,GO:0070316,1
expanded,GO:0070317,1
expanded,GO:0070336,9
expanded,GO:0070370,29
expanded,GO:0070371,3
expanded,GO:0070372,4
expanded,GO:0070373,1
expanded,GO:0070374,3
expanded,GO:0070382,76
expanded,GO:0070390,40
expanded,GO:0070401,12
expanded,GO:0070402,91
expanded,GO:0070403,107
expanded,GO:0070405,1
expanded,GO:0070413,40
expanded,GO:0070417,55
expanded,GO:0070449,43
expanded,GO:0070451,1
expanded,GO:0070461,39
expanded,GO:0070469,38
expanded,GO:0070475,1150
expanded,GO:0070476,40
expanded,GO:0070478,14
expanded,GO:0070481,24
expanded,GO:0070482,114
expanded,GO:0070491,51
expanded,GO:0070492,23
expanded,GO:0070498,1
expanded,GO:0070507,9
expanded,GO:0070509,2
expanded,GO:0070510,1
expanded,GO:0070512,1
expanded,GO:0070522,14
expanded,GO:0070525,18
expanded,GO:0070531,99
expanded,GO:0070534,21
expanded,GO:0070536,55
expanded,GO:0070537,2
expanded,GO:0070542,40
expanded,GO:0070544,24
expanded,GO:0070545,30
expanded,GO:0070547,1
expanded,GO:0070552,48
expanded,GO:0070555,9
expanded,GO:0070562,61
expanded,GO:0070564,60
expanded,GO:0070566,42
expanded,GO:0070567,22
expanded,GO:0070569,118
expanded,GO:0070577,18
expanded,GO:0070585,37
expanded,GO:0070588,257
expanded,GO:0070589,57
expanded,GO:0070590,6
expanded,GO:0070591,6
expanded,GO:0070592,57
expanded,GO:0070593,1
expanded,GO:0070603,114
expanded,GO:0070611,26
expanded,GO:0070615,12
expanded,GO:0070628,114
expanded,GO:0070646,202
expanded,GO:0070647,1980
expanded,GO:0070651,24
expanded,GO:0070652,109
expanded,GO:0070661,1
expanded,GO:0070663,24
expanded,GO:0070665,24
expanded,GO:0070676,12
expanded,GO:0070678,2
expanded,GO:0070681,37
expanded,GO:0070682,12
expanded,GO:0070696,27
expanded,GO:0070717,9
expanded,GO:0070726,23
expanded,GO:0070727,1431
expanded,GO:0070733,14
expanded,GO:0070734,32
expanded,GO:0070761,9
expanded,GO:0070762,43
expanded,GO:0070765,76
expanded,GO:0070772,33
expanded,GO:0070773,12
expanded,GO:0070775,1
expanded,GO:0070776,1
expanded,GO:0070778,6
expanded,GO:0070813,12
expanded,GO:0070816,237
expanded,GO:0070823,2
expanded,GO:0070827,26
expanded,GO:0070828,35
expanded,GO:0070829,26
expanded,GO:0070838,115
expanded,GO:0070840,11
expanded,GO:0070847,112
expanded,GO:0070848,97
expanded,GO:0070851,3
expanded,GO:0070860,33
expanded,GO:0070861,4
expanded,GO:0070863,4
expanded,GO:0070868,7
expanded,GO:0070871,5
expanded,GO:0070876,15
expanded,GO:0070883,6
expanded,GO:0070887,2536
expanded,GO:0070897,96
expanded,GO:0070898,32
expanded,GO:0070914,14
expanded,GO:0070918,299
expanded,GO:0070919,15
expanded,GO:0070920,45
expanded,GO:0070925,1166
expanded,GO:0070932,1
expanded,GO:0070934,3
expanded,GO:0070935,1
expanded,GO:0070936,8
expanded,GO:0070937,3
expanded,GO:0070938,5
expanded,GO:0070939,27
expanded,GO:0070940,91
expanded,GO:0070966,24
expanded,GO:0070971,143
expanded,GO:0070972,18
expanded,GO:0070973,54
expanded,GO:0070979,81
expanded,GO:0070985,38
expanded,GO:0070987,12
expanded,GO:0070988,74
expanded,GO:0070990,22
expanded,GO:0070993,4
expanded,GO:0071004,145
expanded,GO:0071005,22
expanded,GO:0071006,76
expanded,GO:0071007,153
expanded,GO:0071008,35
expanded,GO:0071010,13
expanded,GO:0071011,286
expanded,GO:0071012,11
expanded,GO:0071013,599
expanded,GO:0071014,160
expanded,GO:0071021,13
expanded,GO:0071025,42
expanded,GO:0071027,18
expanded,GO:0071028,118
expanded,GO:0071029,18
expanded,GO:0071030,2
expanded,GO:0071031,15
expanded,GO:0071033,4
expanded,GO:0071034,57
expanded,GO:0071035,182
expanded,GO:0071036,50
expanded,GO:0071037,50
expanded,GO:0071038,166
expanded,GO:0071039,50
expanded,GO:0071040,49
expanded,GO:0071043,4
expanded,GO:0071044,51
expanded,GO:0071046,18
expanded,GO:0071048,2
expanded,GO:0071049,2
expanded,GO:0071050,1
expanded,GO:0071051,156
expanded,GO:0071074,12
expanded,GO:0071076,29
expanded,GO:0071077,29
expanded,GO:0071103,457
expanded,GO:0071106,29
expanded,GO:0071108,72
expanded,GO:0071140,13
expanded,GO:0071141,61
expanded,GO:0071156,8
expanded,GO:0071158,8
expanded,GO:0071163,81
expanded,GO:0071164,13
expanded,GO:0071165,26
expanded,GO:0071166,107
expanded,GO:0071168,27
expanded,GO:0071169,11
expanded,GO:0071173,19
expanded,GO:0071174,19
expanded,GO:0071203,1
expanded,GO:0071204,3
expanded,GO:0071214,191
expanded,GO:0071215,234
expanded,GO:0071216,68
expanded,GO:0071217,34
expanded,GO:0071218,75
expanded,GO:0071219,31
expanded,GO:0071222,6
expanded,GO:0071229,1308
expanded,GO:0071230,52
expanded,GO:0071236,136
expanded,GO:0071241,281
expanded,GO:0071247,3
expanded,GO:0071248,246
expanded,GO:0071249,23
expanded,GO:0071260,20
expanded,GO:0071265,6
expanded,GO:0071267,6
expanded,GO:0071275,1
expanded,GO:0071276,3
expanded,GO:0071277,173
expanded,GO:0071280,3
expanded,GO:0071281,117
expanded,GO:0071289,11
expanded,GO:0071294,3
expanded,GO:0071300,60
expanded,GO:0071310,2077
expanded,GO:0071311,1
expanded,GO:0071320,1
expanded,GO:0071322,109
expanded,GO:0071323,4
expanded,GO:0071324,19
expanded,GO:0071326,18
expanded,GO:0071329,19
expanded,GO:0071331,18
expanded,GO:0071333,18
expanded,GO:0071339,27
expanded,GO:0071340,23
expanded,GO:0071342,1
expanded,GO:0071345,27
expanded,GO:0071346,9
expanded,GO:0071347,5
expanded,GO:0071356,3
expanded,GO:0071357,2
expanded,GO:0071359,299
expanded,GO:0071363,97
expanded,GO:0071365,96
expanded,GO:0071367,56
expanded,GO:0071368,33
expanded,GO:0071369,361
expanded,GO:0071370,276
expanded,GO:0071383,76
expanded,GO:0071384,6
expanded,GO:0071389,6
expanded,GO:0071394,1
expanded,GO:0071395,635
expanded,GO:0071396,703
expanded,GO:0071398,40
expanded,GO:0071407,512
expanded,GO:0071417,154
expanded,GO:0071421,71
expanded,GO:0071422,24
expanded,GO:0071423,26
expanded,GO:0071424,16
expanded,GO:0071426,107
expanded,GO:0071427,54
expanded,GO:0071428,53
expanded,GO:0071431,6
expanded,GO:0071432,2
expanded,GO:0071439,61
expanded,GO:0071446,124
expanded,GO:0071450,3
expanded,GO:0071451,3
expanded,GO:0071452,10
expanded,GO:0071453,10
expanded,GO:0071456,10
expanded,GO:0071458,3
expanded,GO:0071459,18
expanded,GO:0071462,9
expanded,GO:0071465,2
expanded,GO:0071466,179
expanded,GO:0071467,1
expanded,GO:0071470,62
expanded,GO:0071472,20
expanded,GO:0071478,120
expanded,GO:0071479,16
expanded,GO:0071480,2
expanded,GO:0071482,127
expanded,GO:0071483,81
expanded,GO:0071484,64
expanded,GO:0071486,75
expanded,GO:0071489,87
expanded,GO:0071490,79
expanded,GO:0071491,62
expanded,GO:0071492,63
expanded,GO:0071493,15
expanded,GO:0071495,1557
expanded,GO:0071496,375
expanded,GO:0071513,71
expanded,GO:0071514,21
expanded,GO:0071522,10
expanded,GO:0071528,11
expanded,GO:0071540,29
expanded,GO:0071541,65
expanded,GO:0071554,407
expanded,GO:0071555,290
expanded,GO:0071556,3
expanded,GO:0071561,18
expanded,GO:0071562,2
expanded,GO:0071564,9
expanded,GO:0071565,9
expanded,GO:0071566,20
expanded,GO:0071567,12
expanded,GO:0071568,23
expanded,GO:0071569,49
expanded,GO:0071577,224
expanded,GO:0071586,94
expanded,GO:0071588,1
expanded,GO:0071596,18
expanded,GO:0071599,3
expanded,GO:0071600,3
expanded,GO:0071616,1
expanded,GO:0071617,1
expanded,GO:0071618,30
expanded,GO:0071637,5
expanded,GO:0071638,5
expanded,GO:0071668,16
expanded,GO:0071669,321
expanded,GO:0071675,91
expanded,GO:0071677,91
expanded,GO:0071680,1
expanded,GO:0071681,1
expanded,GO:0071695,283
expanded,GO:0071702,2501
expanded,GO:0071704,14385
expanded,GO:0071705,2184
expanded,GO:0071709,11
expanded,GO:0071712,3
expanded,GO:0071715,1
expanded,GO:0071722,1
expanded,GO:0071731,65
expanded,GO:0071732,64
expanded,GO:0071763,69
expanded,GO:0071766,9
expanded,GO:0071774,2
expanded,GO:0071782,25
expanded,GO:0071786,35
expanded,GO:0071804,119
expanded,GO:0071805,543
expanded,GO:0071806,175
expanded,GO:0071816,25
expanded,GO:0071818,18
expanded,GO:0071819,11
expanded,GO:0071821,13
expanded,GO:0071824,81
expanded,GO:0071826,1214
expanded,GO:0071840,5851
expanded,GO:0071852,21
expanded,GO:0071853,5
expanded,GO:0071887,23
expanded,GO:0071894,1
expanded,GO:0071897,777
expanded,GO:0071900,39
expanded,GO:0071901,4
expanded,GO:0071902,26
expanded,GO:0071907,11
expanded,GO:0071910,11
expanded,GO:0071916,67
expanded,GO:0071917,104
expanded,GO:0071918,10
expanded,GO:0071922,19
expanded,GO:0071923,19
expanded,GO:0071932,8
expanded,GO:0071933,35
expanded,GO:0071934,23
expanded,GO:0071940,7
expanded,GO:0071941,4
expanded,GO:0071942,16
expanded,GO:0071944,5934
expanded,GO:0071949,370
expanded,GO:0071951,11
expanded,GO:0071985,31
expanded,GO:0071997,1
expanded,GO:0072001,1
expanded,GO:0072089,5
expanded,GO:0072091,1
expanded,GO:0072175,1
expanded,GO:0072318,93
expanded,GO:0072319,1
expanded,GO:0072321,10
expanded,GO:0072329,62
expanded,GO:0072330,456
expanded,GO:0072331,91
expanded,GO:0072332,63
expanded,GO:0072334,74
expanded,GO:0072337,49
expanded,GO:0072341,19
expanded,GO:0072344,48
expanded,GO:0072347,2
expanded,GO:0072348,131
expanded,GO:0072349,13
expanded,GO:0072350,74
expanded,GO:0072354,10
expanded,GO:0072358,3
expanded,GO:0072359,22
expanded,GO:0072361,34
expanded,GO:0072362,34
expanded,GO:0072367,34
expanded,GO:0072368,34
expanded,GO:0072380,17
expanded,GO:0072384,30
expanded,GO:0072387,1
expanded,GO:0072388,1
expanded,GO:0072395,11
expanded,GO:0072396,3
expanded,GO:0072401,10
expanded,GO:0072402,3
expanded,GO:0072413,8
expanded,GO:0072422,10
expanded,GO:0072423,15
expanded,GO:0072425,3
expanded,GO:0072431,7
expanded,GO:0072453,1
expanded,GO:0072471,1
expanded,GO:0072488,123
expanded,GO:0072490,2
expanded,GO:0072491,2
expanded,GO:0072503,196
expanded,GO:0072505,4
expanded,GO:0072506,3
expanded,GO:0072507,198
expanded,GO:0072509,5
expanded,GO:0072511,115
expanded,GO:0072521,87
expanded,GO:0072522,48
expanded,GO:0072523,5
expanded,GO:0072524,36
expanded,GO:0072525,7
expanded,GO:0072527,487
expanded,GO:0072528,486
expanded,GO:0072529,1
expanded,GO:0072530,29
expanded,GO:0072531,23
expanded,GO:0072542,22
expanded,GO:0072546,80
expanded,GO:0072553,22
expanded,GO:0072582,11
expanded,GO:0072583,323
expanded,GO:0072593,525
expanded,GO:0072594,456
expanded,GO:0072595,17
expanded,GO:0072596,140
expanded,GO:0072598,166
expanded,GO:0072599,12
expanded,GO:0072655,37
expanded,GO:0072657,195
expanded,GO:0072659,48
expanded,GO:0072662,205
expanded,GO:0072663,205
expanded,GO:0072665,34
expanded,GO:0072666,34
expanded,GO:0072686,175
expanded,GO:0072699,74
expanded,GO:0072710,1
expanded,GO:0072711,1
expanded,GO:0072756,3
expanded,GO:0075136,23
expanded,GO:0075259,11
expanded,GO:0075306,11
expanded,GO:0075307,11
expanded,GO:0075733,6
expanded,GO:0080001,9
expanded,GO:0080005,10
expanded,GO:0080006,4
expanded,GO:0080008,170
expanded,GO:0080009,73
expanded,GO:0080015,1
expanded,GO:0080019,126
expanded,GO:0080020,2
expanded,GO:0080021,1
expanded,GO:0080022,15
expanded,GO:0080024,12
expanded,GO:0080026,14
expanded,GO:0080027,1
expanded,GO:0080028,4
expanded,GO:0080029,5
expanded,GO:0080030,163
expanded,GO:0080031,163
expanded,GO:0080032,163
expanded,GO:0080036,1
expanded,GO:0080037,31
expanded,GO:0080041,10
expanded,GO:0080042,10
expanded,GO:0080043,904
expanded,GO:0080044,904
expanded,GO:0080048,23
expanded,GO:0080050,145
expanded,GO:0080051,2
expanded,GO:0080052,1
expanded,GO:0080053,1
expanded,GO:0080054,1
expanded,GO:0080065,37
expanded,GO:0080072,61
expanded,GO:0080084,28
expanded,GO:0080086,1
expanded,GO:0080089,61
expanded,GO:0080090,4632
expanded,GO:0080091,15
expanded,GO:0080092,119
expanded,GO:0080111,8
expanded,GO:0080113,92
expanded,GO:0080115,1
expanded,GO:0080116,3
expanded,GO:0080117,3
expanded,GO:0080119,1
expanded,GO:0080120,8
expanded,GO:0080121,11
expanded,GO:0080122,11
expanded,GO:0080124,16
expanded,GO:0080131,3
expanded,GO:0080132,26
expanded,GO:0080134,821
expanded,GO:0080135,92
expanded,GO:0080140,10
expanded,GO:0080141,10
expanded,GO:0080142,133
expanded,GO:0080143,58
expanded,GO:0080144,47
expanded,GO:0080145,45
expanded,GO:0080146,60
expanded,GO:0080147,192
expanded,GO:0080148,1
expanded,GO:0080149,1
expanded,GO:0080153,24
expanded,GO:0080154,1
expanded,GO:0080155,1
expanded,GO:0080156,164
expanded,GO:0080161,42
expanded,GO:0080162,139
expanded,GO:0080163,1
expanded,GO:0080167,381
expanded,GO:0080168,8
expanded,GO:0080169,5
expanded,GO:0080171,13
expanded,GO:0080175,17
expanded,GO:0080177,36
expanded,GO:0080178,17
expanded,GO:0080183,58
expanded,GO:0080186,14
expanded,GO:0080188,491
expanded,GO:0080190,3
expanded,GO:0085020,31
expanded,GO:0085029,17
expanded,GO:0086010,1
expanded,GO:0089701,32
expanded,GO:0089718,30
expanded,GO:0089721,31
expanded,GO:0089722,31
expanded,GO:0090025,91
expanded,GO:0090026,91
expanded,GO:0090033,1
expanded,GO:0090036,9
expanded,GO:0090038,9
expanded,GO:0090042,1
expanded,GO:0090056,97
expanded,GO:0090059,10
expanded,GO:0090063,3
expanded,GO:0090065,1
expanded,GO:0090066,271
expanded,GO:0090068,30
expanded,GO:0090069,3
expanded,GO:0090070,2
expanded,GO:0090071,25
expanded,GO:0090079,5
expanded,GO:0090087,42
expanded,GO:0090090,13
expanded,GO:0090092,66
expanded,GO:0090100,65
expanded,GO:0090101,1
expanded,GO:0090109,5
expanded,GO:0090110,124
expanded,GO:0090114,101
expanded,GO:0090116,3
expanded,GO:0090130,2
expanded,GO:0090132,2
expanded,GO:0090143,25
expanded,GO:0090150,42
expanded,GO:0090151,19
expanded,GO:0090158,170
expanded,GO:0090160,3
expanded,GO:0090169,1
expanded,GO:0090173,12
expanded,GO:0090174,152
expanded,GO:0090175,6
expanded,GO:0090181,184
expanded,GO:0090183,2
expanded,GO:0090184,2
expanded,GO:0090189,2
expanded,GO:0090190,2
expanded,GO:0090207,2
expanded,GO:0090208,2
expanded,GO:0090213,11
expanded,GO:0090220,1
expanded,GO:0090224,2
expanded,GO:0090228,14
expanded,GO:0090230,1
expanded,GO:0090234,1
expanded,GO:0090239,3
expanded,GO:0090240,1
expanded,GO:0090241,2
expanded,GO:0090263,1
expanded,GO:0090266,4
expanded,GO:0090276,2
expanded,GO:0090278,2
expanded,GO:0090287,69
expanded,GO:0090288,1
expanded,GO:0090293,19
expanded,GO:0090304,4915
expanded,GO:0090305,1762
expanded,GO:0090306,1
expanded,GO:0090307,207
expanded,GO:0090308,2
expanded,GO:0090309,1
expanded,GO:0090311,2
expanded,GO:0090316,21
expanded,GO:0090317,5
expanded,GO:0090322,38
expanded,GO:0090329,36
expanded,GO:0090332,9
expanded,GO:0090333,218
expanded,GO:0090334,9
expanded,GO:0090342,3
expanded,GO:0090351,211
expanded,GO:0090352,4
expanded,GO:0090354,2409
expanded,GO:0090355,1
expanded,GO:0090364,14
expanded,GO:0090365,2
expanded,GO:0090367,2
expanded,GO:0090374,207
expanded,GO:0090376,3
expanded,GO:0090378,3
expanded,GO:0090382,5
expanded,GO:0090391,11
expanded,GO:0090404,42
expanded,GO:0090406,177
expanded,GO:0090407,612
expanded,GO:0090415,3
expanded,GO:0090421,577
expanded,GO:0090422,23
expanded,GO:0090428,13
expanded,GO:0090430,10
expanded,GO:0090435,1
expanded,GO:0090436,33
expanded,GO:0090440,4
expanded,GO:0090447,126
expanded,GO:0090451,2
expanded,GO:0090471,27
expanded,GO:0090480,135
expanded,GO:0090481,146
expanded,GO:0090482,36
expanded,GO:0090501,862
expanded,GO:0090502,95
expanded,GO:0090503,9
expanded,GO:0090506,34
expanded,GO:0090522,40
expanded,GO:0090529,9
expanded,GO:0090545,47
expanded,GO:0090549,7
expanded,GO:0090558,631
expanded,GO:0090559,32
expanded,GO:0090560,26
expanded,GO:0090567,737
expanded,GO:0090568,50
expanded,GO:0090575,219
expanded,GO:0090576,37
expanded,GO:0090596,71
expanded,GO:0090597,54
expanded,GO:0090598,54
expanded,GO:0090599,11
expanded,GO:0090605,1
expanded,GO:0090609,1
expanded,GO:0090610,22
expanded,GO:0090615,100
expanded,GO:0090626,369
expanded,GO:0090627,231
expanded,GO:0090630,190
expanded,GO:0090656,13
expanded,GO:0090657,12
expanded,GO:0090662,34
expanded,GO:0090669,6
expanded,GO:0090691,14
expanded,GO:0090693,525
expanded,GO:0090694,11
expanded,GO:0090696,587
expanded,GO:0090697,512
expanded,GO:0090698,596
expanded,GO:0090700,18
expanded,GO:0090701,34
expanded,GO:0090702,47
expanded,GO:0090707,13
expanded,GO:0090708,11
expanded,GO:0090711,12
expanded,GO:0090730,12
expanded,GO:0090734,22
expanded,GO:0090735,14
expanded,GO:0097014,18
expanded,GO:0097027,108
expanded,GO:0097028,3
expanded,GO:0097035,13
expanded,GO:0097036,10
expanded,GO:0097039,1
expanded,GO:0097060,24
expanded,GO:0097061,91
expanded,GO:0097064,8
expanded,GO:0097120,2
expanded,GO:0097150,9
expanded,GO:0097157,59
expanded,GO:0097159,5568
expanded,GO:0097164,55
expanded,GO:0097176,177
expanded,GO:0097177,14
expanded,GO:0097184,10
expanded,GO:0097185,10
expanded,GO:0097190,114
expanded,GO:0097193,87
expanded,GO:0097194,5
expanded,GO:0097196,37
expanded,GO:0097202,91
expanded,GO:0097212,3
expanded,GO:0097213,3
expanded,GO:0097214,3
expanded,GO:0097223,9
expanded,GO:0097224,1
expanded,GO:0097231,1
expanded,GO:0097237,155
expanded,GO:0097240,1
expanded,GO:0097248,1
expanded,GO:0097250,14
expanded,GO:0097264,91
expanded,GO:0097272,54
expanded,GO:0097305,937
expanded,GO:0097306,235
expanded,GO:0097327,2
expanded,GO:0097329,1
expanded,GO:0097339,11
expanded,GO:0097345,27
expanded,GO:0097346,13
expanded,GO:0097350,3
expanded,GO:0097352,63
expanded,GO:0097354,4
expanded,GO:0097355,1
expanded,GO:0097359,1
expanded,GO:0097361,14
expanded,GO:0097363,16
expanded,GO:0097366,65
expanded,GO:0097367,426
expanded,GO:0097384,34
expanded,GO:0097386,3
expanded,GO:0097428,39
expanded,GO:0097431,2
expanded,GO:0097435,198
expanded,GO:0097437,1
expanded,GO:0097447,27
expanded,GO:0097449,3
expanded,GO:0097450,3
expanded,GO:0097452,3
expanded,GO:0097458,113
expanded,GO:0097468,6
expanded,GO:0097472,34
expanded,GO:0097479,5
expanded,GO:0097480,5
expanded,GO:0097485,12
expanded,GO:0097501,17
expanded,GO:0097502,26
expanded,GO:0097504,30
expanded,GO:0097510,45
expanded,GO:0097525,28
expanded,GO:0097526,52
expanded,GO:0097546,1
expanded,GO:0097549,7
expanded,GO:0097550,108
expanded,GO:0097552,15
expanded,GO:0097577,28
expanded,GO:0097581,1
expanded,GO:0097599,21
expanded,GO:0097602,68
expanded,GO:0097659,517
expanded,GO:0097681,5
expanded,GO:0097708,1640
expanded,GO:0097711,1
expanded,GO:0097722,1
expanded,GO:0097729,7
expanded,GO:0097730,4
expanded,GO:0097731,4
expanded,GO:0097733,4
expanded,GO:0097746,177
expanded,GO:0097747,51
expanded,GO:0097755,177
expanded,GO:0098505,10
expanded,GO:0098532,1
expanded,GO:0098542,2767
expanded,GO:0098543,2
expanded,GO:0098552,120
expanded,GO:0098553,100
expanded,GO:0098554,101
expanded,GO:0098556,1
expanded,GO:0098562,52
expanded,GO:0098572,10
expanded,GO:0098573,96
expanded,GO:0098581,2
expanded,GO:0098586,249
expanded,GO:0098588,1637
expanded,GO:0098590,81
expanded,GO:0098599,12
expanded,GO:0098609,20
expanded,GO:0098655,433
expanded,GO:0098656,882
expanded,GO:0098657,106
expanded,GO:0098659,9
expanded,GO:0098660,370
expanded,GO:0098661,42
expanded,GO:0098662,836
expanded,GO:0098679,34
expanded,GO:0098687,132
expanded,GO:0098693,3
expanded,GO:0098712,30
expanded,GO:0098719,90
expanded,GO:0098722,1
expanded,GO:0098727,146
expanded,GO:0098728,1
expanded,GO:0098732,91
expanded,GO:0098734,12
expanded,GO:0098739,39
expanded,GO:0098740,15
expanded,GO:0098742,2
expanded,GO:0098754,150
expanded,GO:0098760,3
expanded,GO:0098761,3
expanded,GO:0098771,362
expanded,GO:0098772,373
expanded,GO:0098781,24
expanded,GO:0098787,3
expanded,GO:0098789,40
expanded,GO:0098791,1122
expanded,GO:0098793,61
expanded,GO:0098794,44
expanded,GO:0098795,3
expanded,GO:0098796,902
expanded,GO:0098797,49
expanded,GO:0098798,158
expanded,GO:0098799,7
expanded,GO:0098800,67
expanded,GO:0098803,41
expanded,GO:0098805,1434
expanded,GO:0098807,25
expanded,GO:0098813,159
expanded,GO:0098827,1012
expanded,GO:0098847,13
expanded,GO:0098849,27
expanded,GO:0098852,4
expanded,GO:0098869,136
expanded,GO:0098876,41
expanded,GO:0098916,9
expanded,GO:0098927,9
expanded,GO:0098930,2
expanded,GO:0098984,20
expanded,GO:0099003,5
expanded,GO:0099023,163
expanded,GO:0099024,19
expanded,GO:0099078,28
expanded,GO:0099080,254
expanded,GO:0099081,254
expanded,GO:0099086,8
expanded,GO:0099094,3
expanded,GO:0099111,30
expanded,GO:0099116,2
expanded,GO:0099120,47
expanded,GO:0099131,34
expanded,GO:0099132,34
expanded,GO:0099133,3
expanded,GO:0099134,1
expanded,GO:0099135,1
expanded,GO:0099136,1
expanded,GO:0099139,1
expanded,GO:0099172,22
expanded,GO:0099173,114
expanded,GO:0099177,136
expanded,GO:0099402,2246
expanded,GO:0099501,44
expanded,GO:0099503,180
expanded,GO:0099504,3
expanded,GO:0099512,254
expanded,GO:0099513,232
expanded,GO:0099514,2
expanded,GO:0099515,47
expanded,GO:0099516,63
expanded,GO:0099517,2
expanded,GO:0099518,3
expanded,GO:0099536,9
expanded,GO:0099537,9
expanded,GO:0099568,207
expanded,GO:0099572,15
expanded,GO:0099587,9
expanded,GO:0099606,1
expanded,GO:0099607,1
expanded,GO:0099636,1
expanded,GO:0099643,3
expanded,GO:0099738,2
expanded,GO:0101005,195
expanded,GO:0101016,13
expanded,GO:0101030,41
expanded,GO:0101031,20
expanded,GO:0102043,12
expanded,GO:0103117,14
expanded,GO:0104004,191
expanded,GO:0106018,15
expanded,GO:0106019,7
expanded,GO:0106027,91
expanded,GO:0106035,9
expanded,GO:0106050,11
expanded,GO:0106073,10
expanded,GO:0106074,1
expanded,GO:0106111,7
expanded,GO:0106112,7
expanded,GO:0106118,7
expanded,GO:0106245,13
expanded,GO:0106300,13
expanded,GO:0106335,11
expanded,GO:0106364,14
expanded,GO:0106388,11
expanded,GO:0110020,3
expanded,GO:0110029,4
expanded,GO:0110051,12
expanded,GO:0110053,71
expanded,GO:0110102,27
expanded,GO:0110155,13
expanded,GO:0120009,253
expanded,GO:0120010,135
expanded,GO:0120013,118
expanded,GO:0120025,261
expanded,GO:0120029,76
expanded,GO:0120031,24
expanded,GO:0120035,43
expanded,GO:0120036,144
expanded,GO:0120038,119
expanded,GO:0120039,14
expanded,GO:0120091,29
expanded,GO:0120105,1
expanded,GO:0120114,58
expanded,GO:0120230,19
expanded,GO:0120231,19
expanded,GO:0120330,33
expanded,GO:0140013,143
expanded,GO:0140014,83
expanded,GO:0140021,75
expanded,GO:0140027,28
expanded,GO:0140029,10
expanded,GO:0140030,49
expanded,GO:0140033,14
expanded,GO:0140034,36
expanded,GO:0140042,1
expanded,GO:0140053,125
expanded,GO:0140056,25
expanded,GO:0140082,90
expanded,GO:0140083,1
expanded,GO:0140096,4281
expanded,GO:0140097,1215
expanded,GO:0140098,2104
expanded,GO:0140101,13
expanded,GO:0140102,970
expanded,GO:0140104,13
expanded,GO:0140110,2811
expanded,GO:0140115,9
expanded,GO:0140142,8
expanded,GO:0140146,1
expanded,GO:0140326,170
expanded,GO:0140358,12
expanded,GO:0140359,1829
expanded,GO:0140492,41
expanded,GO:0140496,9
expanded,GO:0140566,118
expanded,GO:0140575,22
expanded,GO:0140588,11
expanded,GO:0140647,60
expanded,GO:0140658,91
expanded,GO:0140662,845
expanded,GO:0140663,49
expanded,GO:0140664,152
expanded,GO:0140673,63
expanded,GO:0140818,26
expanded,GO:0140933,11
expanded,GO:0141166,89
expanded,GO:0150034,4
expanded,GO:0160107,32
expanded,GO:0180022,10
expanded,GO:0180047,10
expanded,GO:0198738,5
expanded,GO:1900006,9
expanded,GO:1900015,5
expanded,GO:1900016,5
expanded,GO:1900032,10
expanded,GO:1900033,10
expanded,GO:1900034,21
expanded,GO:1900036,7
expanded,GO:1900044,3
expanded,GO:1900045,3
expanded,GO:1900049,7
expanded,GO:1900055,16
expanded,GO:1900056,13
expanded,GO:1900057,2
expanded,GO:1900067,1
expanded,GO:1900076,9
expanded,GO:1900101,3
expanded,GO:1900103,3
expanded,GO:1900109,32
expanded,GO:1900111,25
expanded,GO:1900140,189
expanded,GO:1900150,51
expanded,GO:1900180,17
expanded,GO:1900181,5
expanded,GO:1900182,12
expanded,GO:1900190,1
expanded,GO:1900192,1
expanded,GO:1900231,1
expanded,GO:1900233,1
expanded,GO:1900247,3
expanded,GO:1900259,1
expanded,GO:1900260,1
expanded,GO:1900271,91
expanded,GO:1900273,91
expanded,GO:1900363,25
expanded,GO:1900364,13
expanded,GO:1900367,3
expanded,GO:1900368,15
expanded,GO:1900370,1
expanded,GO:1900371,39
expanded,GO:1900376,35
expanded,GO:1900377,11
expanded,GO:1900378,12
expanded,GO:1900384,50
expanded,GO:1900386,50
expanded,GO:1900390,4
expanded,GO:1900393,4
expanded,GO:1900400,4
expanded,GO:1900402,34
expanded,GO:1900407,8
expanded,GO:1900424,52
expanded,GO:1900425,6
expanded,GO:1900426,45
expanded,GO:1900428,1
expanded,GO:1900430,1
expanded,GO:1900431,1
expanded,GO:1900433,1
expanded,GO:1900440,1
expanded,GO:1900442,1
expanded,GO:1900457,65
expanded,GO:1900458,56
expanded,GO:1900459,9
expanded,GO:1900542,39
expanded,GO:1900618,84
expanded,GO:1900673,240
expanded,GO:1900674,63
expanded,GO:1900704,1
expanded,GO:1900706,1
expanded,GO:1900741,1
expanded,GO:1900743,1
expanded,GO:1900750,5
expanded,GO:1900864,77
expanded,GO:1900865,15
expanded,GO:1900866,11
expanded,GO:1900908,1
expanded,GO:1900910,1
expanded,GO:1900911,1
expanded,GO:1900913,1
expanded,GO:1901000,203
expanded,GO:1901001,113
expanded,GO:1901002,80
expanded,GO:1901006,38
expanded,GO:1901016,92
expanded,GO:1901031,39
expanded,GO:1901068,7
expanded,GO:1901070,1
expanded,GO:1901071,22
expanded,GO:1901072,22
expanded,GO:1901096,26
expanded,GO:1901135,1077
expanded,GO:1901136,39
expanded,GO:1901137,744
expanded,GO:1901141,1
expanded,GO:1901181,7
expanded,GO:1901184,95
expanded,GO:1901185,92
expanded,GO:1901186,3
expanded,GO:1901214,97
expanded,GO:1901215,97
expanded,GO:1901255,15
expanded,GO:1901259,134
expanded,GO:1901261,1
expanded,GO:1901264,429
expanded,GO:1901265,455
expanded,GO:1901269,3
expanded,GO:1901271,3
expanded,GO:1901292,9
expanded,GO:1901293,532
expanded,GO:1901332,13
expanded,GO:1901334,3
expanded,GO:1901336,3
expanded,GO:1901342,1
expanded,GO:1901348,28
expanded,GO:1901360,8532
expanded,GO:1901361,303
expanded,GO:1901362,4536
expanded,GO:1901363,5562
expanded,GO:1901371,22
expanded,GO:1901376,11
expanded,GO:1901378,11
expanded,GO:1901379,92
expanded,GO:1901401,97
expanded,GO:1901402,6
expanded,GO:1901403,27
expanded,GO:1901404,2
expanded,GO:1901407,21
expanded,GO:1901409,21
expanded,GO:1901419,374
expanded,GO:1901420,38
expanded,GO:1901421,290
expanded,GO:1901463,95
expanded,GO:1901464,6
expanded,GO:1901465,27
expanded,GO:1901474,23
expanded,GO:1901483,1
expanded,GO:1901485,1
expanded,GO:1901505,284
expanded,GO:1901522,3
expanded,GO:1901527,1
expanded,GO:1901535,2
expanded,GO:1901537,41
expanded,GO:1901562,21
expanded,GO:1901564,8765
expanded,GO:1901565,1848
expanded,GO:1901566,3580
expanded,GO:1901567,1
expanded,GO:1901568,398
expanded,GO:1901570,211
expanded,GO:1901571,1
expanded,GO:1901575,2271
expanded,GO:1901576,6939
expanded,GO:1901600,3
expanded,GO:1901601,25
expanded,GO:1901605,2616
expanded,GO:1901606,44
expanded,GO:1901607,2545
expanded,GO:1901615,389
expanded,GO:1901616,26
expanded,GO:1901617,235
expanded,GO:1901618,17
expanded,GO:1901642,133
expanded,GO:1901648,1
expanded,GO:1901652,105
expanded,GO:1901653,91
expanded,GO:1901654,35
expanded,GO:1901655,1
expanded,GO:1901656,3
expanded,GO:1901657,617
expanded,GO:1901658,1
expanded,GO:1901659,550
expanded,GO:1901660,1
expanded,GO:1901661,19
expanded,GO:1901663,19
expanded,GO:1901671,23
expanded,GO:1901672,1
expanded,GO:1901678,9
expanded,GO:1901679,76
expanded,GO:1901681,6
expanded,GO:1901682,78
expanded,GO:1901683,5
expanded,GO:1901684,5
expanded,GO:1901698,1084
expanded,GO:1901699,551
expanded,GO:1901700,3470
expanded,GO:1901701,1606
expanded,GO:1901725,2
expanded,GO:1901726,2
expanded,GO:1901739,1
expanded,GO:1901741,1
expanded,GO:1901796,991
expanded,GO:1901797,2
expanded,GO:1901798,1
expanded,GO:1901799,15
expanded,GO:1901800,17
expanded,GO:1901861,2
expanded,GO:1901863,2
expanded,GO:1901879,16
expanded,GO:1901880,5
expanded,GO:1901888,6
expanded,GO:1901889,5
expanded,GO:1901890,1
expanded,GO:1901891,1
expanded,GO:1901893,1
expanded,GO:1901917,17
expanded,GO:1901918,17
expanded,GO:1901957,15
expanded,GO:1901959,13
expanded,GO:1901962,14
expanded,GO:1901970,3
expanded,GO:1901974,11
expanded,GO:1901975,11
expanded,GO:1901979,92
expanded,GO:1901981,113
expanded,GO:1901983,28
expanded,GO:1901984,7
expanded,GO:1901985,22
expanded,GO:1901987,90
expanded,GO:1901988,30
expanded,GO:1901989,19
expanded,GO:1901990,82
expanded,GO:1901991,27
expanded,GO:1901992,19
expanded,GO:1901998,525
expanded,GO:1902000,17
expanded,GO:1902001,1
expanded,GO:1902003,45
expanded,GO:1902025,5
expanded,GO:1902041,1
expanded,GO:1902042,1
expanded,GO:1902065,1
expanded,GO:1902066,2
expanded,GO:1902074,6
expanded,GO:1902099,55
expanded,GO:1902100,19
expanded,GO:1902101,3
expanded,GO:1902105,8
expanded,GO:1902107,8
expanded,GO:1902108,27
expanded,GO:1902110,27
expanded,GO:1902115,12
expanded,GO:1902116,1
expanded,GO:1902117,10
expanded,GO:1902165,2
expanded,GO:1902166,2
expanded,GO:1902170,87
expanded,GO:1902171,36
expanded,GO:1902175,6
expanded,GO:1902182,1
expanded,GO:1902183,11
expanded,GO:1902229,2
expanded,GO:1902230,2
expanded,GO:1902253,2
expanded,GO:1902254,2
expanded,GO:1902265,22
expanded,GO:1902275,170
expanded,GO:1902280,6
expanded,GO:1902281,6
expanded,GO:1902288,3
expanded,GO:1902290,3
expanded,GO:1902298,5
expanded,GO:1902325,6
expanded,GO:1902326,27
expanded,GO:1902347,13
expanded,GO:1902348,3
expanded,GO:1902356,24
expanded,GO:1902358,41
expanded,GO:1902369,28
expanded,GO:1902373,7
expanded,GO:1902387,106
expanded,GO:1902388,106
expanded,GO:1902400,7
expanded,GO:1902402,7
expanded,GO:1902403,7
expanded,GO:1902410,54
expanded,GO:1902412,2
expanded,GO:1902415,3
expanded,GO:1902416,3
expanded,GO:1902417,3
expanded,GO:1902418,3
expanded,GO:1902446,6
expanded,GO:1902456,16
expanded,GO:1902458,3
expanded,GO:1902459,48
expanded,GO:1902464,2
expanded,GO:1902466,2
expanded,GO:1902471,1
expanded,GO:1902475,44
expanded,GO:1902476,10
expanded,GO:1902477,36
expanded,GO:1902478,1
expanded,GO:1902479,35
expanded,GO:1902493,15
expanded,GO:1902494,3301
expanded,GO:1902495,1
expanded,GO:1902531,1201
expanded,GO:1902532,154
expanded,GO:1902533,25
expanded,GO:1902554,22
expanded,GO:1902555,205
expanded,GO:1902562,11
expanded,GO:1902570,6
expanded,GO:1902579,29
expanded,GO:1902584,26
expanded,GO:1902600,1097
expanded,GO:1902626,9
expanded,GO:1902644,62
expanded,GO:1902645,62
expanded,GO:1902652,37
expanded,GO:1902653,34
expanded,GO:1902659,12
expanded,GO:1902679,623
expanded,GO:1902680,892
expanded,GO:1902686,27
expanded,GO:1902692,1
expanded,GO:1902739,6
expanded,GO:1902741,6
expanded,GO:1902749,26
expanded,GO:1902750,4
expanded,GO:1902751,16
expanded,GO:1902806,7
expanded,GO:1902807,7
expanded,GO:1902809,2
expanded,GO:1902811,2
expanded,GO:1902816,12
expanded,GO:1902817,12
expanded,GO:1902850,30
expanded,GO:1902875,9
expanded,GO:1902882,53
expanded,GO:1902883,45
expanded,GO:1902884,3
expanded,GO:1902903,79
expanded,GO:1902904,43
expanded,GO:1902905,13
expanded,GO:1902911,22
expanded,GO:1902914,3
expanded,GO:1902915,3
expanded,GO:1902930,32
expanded,GO:1902932,14
expanded,GO:1902936,5
expanded,GO:1902969,83
expanded,GO:1902975,48
expanded,GO:1902977,10
expanded,GO:1902979,13
expanded,GO:1902983,2
expanded,GO:1902991,45
expanded,GO:1903008,6
expanded,GO:1903018,4
expanded,GO:1903019,1
expanded,GO:1903037,23
expanded,GO:1903039,23
expanded,GO:1903046,380
expanded,GO:1903047,277
expanded,GO:1903050,67
expanded,GO:1903051,15
expanded,GO:1903052,55
expanded,GO:1903066,1
expanded,GO:1903067,1
expanded,GO:1903076,1
expanded,GO:1903077,1
expanded,GO:1903085,11
expanded,GO:1903086,11
expanded,GO:1903094,12
expanded,GO:1903104,9
expanded,GO:1903131,3
expanded,GO:1903146,1
expanded,GO:1903173,2
expanded,GO:1903189,12
expanded,GO:1903201,6
expanded,GO:1903212,1
expanded,GO:1903224,11
expanded,GO:1903293,1
expanded,GO:1903311,157
expanded,GO:1903312,22
expanded,GO:1903313,94
expanded,GO:1903314,4
expanded,GO:1903320,70
expanded,GO:1903321,15
expanded,GO:1903322,53
expanded,GO:1903329,2
expanded,GO:1903335,7
expanded,GO:1903338,85
expanded,GO:1903340,28
expanded,GO:1903348,1
expanded,GO:1903358,1
expanded,GO:1903361,3
expanded,GO:1903362,67
expanded,GO:1903363,15
expanded,GO:1903364,55
expanded,GO:1903391,5
expanded,GO:1903392,5
expanded,GO:1903409,310
expanded,GO:1903421,3
expanded,GO:1903423,3
expanded,GO:1903424,29
expanded,GO:1903425,29
expanded,GO:1903426,10
expanded,GO:1903427,4
expanded,GO:1903429,9
expanded,GO:1903436,2
expanded,GO:1903438,1
expanded,GO:1903457,11
expanded,GO:1903461,25
expanded,GO:1903490,1
expanded,GO:1903505,1
expanded,GO:1903506,3616
expanded,GO:1903507,623
expanded,GO:1903508,892
expanded,GO:1903509,22
expanded,GO:1903530,80
expanded,GO:1903531,4
expanded,GO:1903532,8
expanded,GO:1903555,8
expanded,GO:1903556,3
expanded,GO:1903557,5
expanded,GO:1903561,111
expanded,GO:1903578,37
expanded,GO:1903600,12
expanded,GO:1903664,11
expanded,GO:1903666,11
expanded,GO:1903705,1
expanded,GO:1903706,72
expanded,GO:1903707,61
expanded,GO:1903708,9
expanded,GO:1903725,3
expanded,GO:1903730,10
expanded,GO:1903756,13
expanded,GO:1903758,13
expanded,GO:1903798,44
expanded,GO:1903799,34
expanded,GO:1903800,6
expanded,GO:1903825,547
expanded,GO:1903827,83
expanded,GO:1903828,37
expanded,GO:1903829,34
expanded,GO:1903844,62
expanded,GO:1903845,1
expanded,GO:1903846,61
expanded,GO:1903859,28
expanded,GO:1903861,28
expanded,GO:1903866,2
expanded,GO:1903900,1
expanded,GO:1903902,1
expanded,GO:1903959,2
expanded,GO:1903963,1
expanded,GO:1904018,1
expanded,GO:1904029,32
expanded,GO:1904030,2
expanded,GO:1904031,21
expanded,GO:1904062,111
expanded,GO:1904095,1
expanded,GO:1904143,16
expanded,GO:1904158,1
expanded,GO:1904161,13
expanded,GO:1904263,15
expanded,GO:1904276,1
expanded,GO:1904278,1
expanded,GO:1904294,49
expanded,GO:1904355,1
expanded,GO:1904356,11
expanded,GO:1904357,4
expanded,GO:1904358,7
expanded,GO:1904368,1
expanded,GO:1904369,1
expanded,GO:1904375,1
expanded,GO:1904376,1
expanded,GO:1904380,26
expanded,GO:1904382,66
expanded,GO:1904396,2
expanded,GO:1904397,2
expanded,GO:1904400,1
expanded,GO:1904401,1
expanded,GO:1904406,4
expanded,GO:1904423,19
expanded,GO:1904430,12
expanded,GO:1904502,5
expanded,GO:1904504,5
expanded,GO:1904541,5
expanded,GO:1904580,16
expanded,GO:1904587,1
expanded,GO:1904588,1
expanded,GO:1904589,16
expanded,GO:1904590,5
expanded,GO:1904591,11
expanded,GO:1904645,91
expanded,GO:1904646,91
expanded,GO:1904659,24
expanded,GO:1904666,6
expanded,GO:1904667,9
expanded,GO:1904668,108
expanded,GO:1904669,1
expanded,GO:1904680,66
expanded,GO:1904749,1
expanded,GO:1904751,1
expanded,GO:1904812,33
expanded,GO:1904872,2
expanded,GO:1904874,6
expanded,GO:1904888,3
expanded,GO:1904895,1
expanded,GO:1904902,1
expanded,GO:1904949,114
expanded,GO:1904950,9
expanded,GO:1904951,28
expanded,GO:1904963,11
expanded,GO:1904964,11
expanded,GO:1904965,11
expanded,GO:1904966,11
expanded,GO:1905011,22
expanded,GO:1905037,37
expanded,GO:1905039,547
expanded,GO:1905114,5
expanded,GO:1905153,1
expanded,GO:1905155,1
expanded,GO:1905156,39
expanded,GO:1905177,20
expanded,GO:1905181,2
expanded,GO:1905182,2
expanded,GO:1905183,2
expanded,GO:1905202,10
expanded,GO:1905214,3
expanded,GO:1905216,3
expanded,GO:1905267,20
expanded,GO:1905268,13
expanded,GO:1905269,119
expanded,GO:1905330,8
expanded,GO:1905332,2
expanded,GO:1905348,205
expanded,GO:1905354,4
expanded,GO:1905360,3
expanded,GO:1905368,16
expanded,GO:1905369,15
expanded,GO:1905392,779
expanded,GO:1905393,148
expanded,GO:1905405,7
expanded,GO:1905412,7
expanded,GO:1905421,28
expanded,GO:1905428,69
expanded,GO:1905475,1
expanded,GO:1905476,1
expanded,GO:1905499,1
expanded,GO:1905515,1
expanded,GO:1905538,1
expanded,GO:1905613,11
expanded,GO:1905614,10
expanded,GO:1905622,23
expanded,GO:1905623,2
expanded,GO:1905634,19
expanded,GO:1905642,1
expanded,GO:1905666,12
expanded,GO:1905668,12
expanded,GO:1905710,30
expanded,GO:1905762,1
expanded,GO:1905777,17
expanded,GO:1905778,17
expanded,GO:1905786,102
expanded,GO:1905809,2
expanded,GO:1905818,55
expanded,GO:1905819,19
expanded,GO:1905820,3
expanded,GO:1905868,2
expanded,GO:1905870,2
expanded,GO:1905879,9
expanded,GO:1905897,19
expanded,GO:1905898,3
expanded,GO:1905952,570
expanded,GO:1905953,11
expanded,GO:1905957,374
expanded,GO:1905958,38
expanded,GO:1905959,290
expanded,GO:1905961,5
expanded,GO:1990019,39
expanded,GO:1990023,1
expanded,GO:1990050,2
expanded,GO:1990052,26
expanded,GO:1990066,11
expanded,GO:1990067,5
expanded,GO:1990069,13
expanded,GO:1990070,14
expanded,GO:1990071,34
expanded,GO:1990072,39
expanded,GO:1990089,1
expanded,GO:1990090,1
expanded,GO:1990112,35
expanded,GO:1990113,11
expanded,GO:1990114,11
expanded,GO:1990115,11
expanded,GO:1990116,25
expanded,GO:1990119,6
expanded,GO:1990133,10
expanded,GO:1990138,1
expanded,GO:1990140,15
expanded,GO:1990165,1
expanded,GO:1990169,4
expanded,GO:1990180,15
expanded,GO:1990188,19
expanded,GO:1990189,64
expanded,GO:1990190,36
expanded,GO:1990204,63
expanded,GO:1990221,1
expanded,GO:1990234,396
expanded,GO:1990246,97
expanded,GO:1990247,14
expanded,GO:1990248,135
expanded,GO:1990251,3
expanded,GO:1990259,30
expanded,GO:1990269,58
expanded,GO:1990316,59
expanded,GO:1990351,11
expanded,GO:1990359,13
expanded,GO:1990380,27
expanded,GO:1990381,6
expanded,GO:1990388,2
expanded,GO:1990391,11
expanded,GO:1990404,49
expanded,GO:1990414,48
expanded,GO:1990423,12
expanded,GO:1990426,1
expanded,GO:1990428,5
expanded,GO:1990429,38
expanded,GO:1990439,1
expanded,GO:1990440,16
expanded,GO:1990481,84
expanded,GO:1990482,4
expanded,GO:1990498,31
expanded,GO:1990505,5
expanded,GO:1990518,37
expanded,GO:1990529,23
expanded,GO:1990532,13
expanded,GO:1990542,138
expanded,GO:1990544,75
expanded,GO:1990547,61
expanded,GO:1990559,29
expanded,GO:1990564,1
expanded,GO:1990570,11
expanded,GO:1990573,1
expanded,GO:1990575,32
expanded,GO:1990592,29
expanded,GO:1990604,29
expanded,GO:1990610,12
expanded,GO:1990619,1
expanded,GO:1990635,2
expanded,GO:1990641,83
expanded,GO:1990714,47
expanded,GO:1990715,2
expanded,GO:1990716,1
expanded,GO:1990726,38
expanded,GO:1990745,19
expanded,GO:1990748,118
expanded,GO:1990752,61
expanded,GO:1990756,37
expanded,GO:1990757,108
expanded,GO:1990778,13
expanded,GO:1990782,23
expanded,GO:1990810,13
expanded,GO:1990811,13
expanded,GO:1990817,85
expanded,GO:1990819,5
expanded,GO:1990822,21
expanded,GO:1990823,1
expanded,GO:1990825,2
expanded,GO:1990830,1
expanded,GO:1990837,260
expanded,GO:1990841,36
expanded,GO:1990845,14
expanded,GO:1990861,1
expanded,GO:1990879,24
expanded,GO:1990883,33
expanded,GO:1990904,1309
expanded,GO:1990918,2
expanded,GO:1990937,46
expanded,GO:1990939,34
expanded,GO:1990961,427
expanded,GO:1990966,15
expanded,GO:2000001,24
expanded,GO:2000008,4
expanded,GO:2000010,4
expanded,GO:2000011,5
expanded,GO:2000012,74
expanded,GO:2000014,12
expanded,GO:2000022,387
expanded,GO:2000023,13
expanded,GO:2000024,143
expanded,GO:2000025,2
expanded,GO:2000026,1359
expanded,GO:2000027,69
expanded,GO:2000028,105
expanded,GO:2000030,20
expanded,GO:2000031,155
expanded,GO:2000032,137
expanded,GO:2000033,38
expanded,GO:2000034,39
expanded,GO:2000035,17
expanded,GO:2000036,51
expanded,GO:2000038,7
expanded,GO:2000039,9
expanded,GO:2000042,15
expanded,GO:2000045,7
expanded,GO:2000050,6
expanded,GO:2000051,5
expanded,GO:2000058,37
expanded,GO:2000059,15
expanded,GO:2000060,21
expanded,GO:2000067,11
expanded,GO:2000068,3
expanded,GO:2000069,30
expanded,GO:2000070,42
expanded,GO:2000071,1
expanded,GO:2000073,1
expanded,GO:2000082,60
expanded,GO:2000083,60
expanded,GO:2000095,1
expanded,GO:2000097,5
expanded,GO:2000098,5
expanded,GO:2000099,1
expanded,GO:2000100,1
expanded,GO:2000104,4
expanded,GO:2000106,3
expanded,GO:2000107,3
expanded,GO:2000112,3792
expanded,GO:2000113,667
expanded,GO:2000114,3
expanded,GO:2000116,117
expanded,GO:2000117,26
expanded,GO:2000121,2
expanded,GO:2000122,2
expanded,GO:2000123,12
expanded,GO:2000134,21
expanded,GO:2000142,27
expanded,GO:2000144,26
expanded,GO:2000145,163
expanded,GO:2000146,68
expanded,GO:2000147,94
expanded,GO:2000171,3
expanded,GO:2000177,1
expanded,GO:2000179,1
expanded,GO:2000191,34
expanded,GO:2000214,2
expanded,GO:2000232,3
expanded,GO:2000234,2
expanded,GO:2000241,856
expanded,GO:2000242,98
expanded,GO:2000243,85
expanded,GO:2000247,1
expanded,GO:2000272,1
expanded,GO:2000278,55
expanded,GO:2000279,4
expanded,GO:2000280,78
expanded,GO:2000295,3
expanded,GO:2000296,3
expanded,GO:2000300,15
expanded,GO:2000325,3
expanded,GO:2000327,3
expanded,GO:2000374,3
expanded,GO:2000376,3
expanded,GO:2000377,450
expanded,GO:2000378,8
expanded,GO:2000379,23
expanded,GO:2000401,5
expanded,GO:2000402,5
expanded,GO:2000404,5
expanded,GO:2000405,5
expanded,GO:2000482,2
expanded,GO:2000483,2
expanded,GO:2000573,17
expanded,GO:2000601,35
expanded,GO:2000615,1
expanded,GO:2000617,1
expanded,GO:2000618,1
expanded,GO:2000620,1
expanded,GO:2000628,10
expanded,GO:2000630,6
expanded,GO:2000634,6
expanded,GO:2000636,36
expanded,GO:2000637,6
expanded,GO:2000640,11
expanded,GO:2000641,16
expanded,GO:2000648,1
expanded,GO:2000652,64
expanded,GO:2000653,2
expanded,GO:2000668,3
expanded,GO:2000669,3
expanded,GO:2000692,1
expanded,GO:2000694,30
expanded,GO:2000736,2
expanded,GO:2000738,2
expanded,GO:2000756,28
expanded,GO:2000757,7
expanded,GO:2000758,22
expanded,GO:2000762,97
expanded,GO:2000765,5
expanded,GO:2000766,2
expanded,GO:2000769,13
expanded,GO:2000771,1
expanded,GO:2000772,3
expanded,GO:2000779,37
expanded,GO:2000780,5
expanded,GO:2000785,7
expanded,GO:2000786,7
expanded,GO:2000810,1
expanded,GO:2000816,19
expanded,GO:2000896,10
expanded,GO:2000904,47
expanded,GO:2001006,63
expanded,GO:2001009,10
expanded,GO:2001014,2
expanded,GO:2001016,2
expanded,GO:2001020,20
expanded,GO:2001021,7
expanded,GO:2001022,3
expanded,GO:2001023,13
expanded,GO:2001024,7
expanded,GO:2001026,91
expanded,GO:2001028,91
expanded,GO:2001038,13
expanded,GO:2001039,7
expanded,GO:2001056,114
expanded,GO:2001057,310
expanded,GO:2001066,11
expanded,GO:2001070,144
expanded,GO:2001071,11
expanded,GO:2001135,2
expanded,GO:2001137,2
expanded,GO:2001141,3616
expanded,GO:2001169,37
expanded,GO:2001222,3
expanded,GO:2001224,3
expanded,GO:2001233,11
expanded,GO:2001234,3
expanded,GO:2001235,2
expanded,GO:2001236,1
expanded,GO:2001237,1
expanded,GO:2001242,8
expanded,GO:2001243,2
expanded,GO:2001251,55
expanded,GO:2001252,137
expanded,GO:2001257,92
expanded,GO:2001279,1
expanded,GO:2001280,1
expanded,GO:2001294,15
expanded,GO:2001295,23
lost,GO:0000003,82
lost,GO:0000012,1
lost,GO:0000015,1
lost,GO:0000018,4
lost,GO:0000019,1
lost,GO:0000027,12
lost,GO:0000028,9
lost,GO:0000035,2
lost,GO:0000036,3
lost,GO:0000038,1
lost,GO:0000041,1
lost,GO:0000045,6
lost,GO:0000049,5
lost,GO:0000054,3
lost,GO:0000055,6
lost,GO:0000056,1
lost,GO:0000062,1
lost,GO:0000070,6
lost,GO:0000075,3
lost,GO:0000076,4
lost,GO:0000077,1
lost,GO:0000082,3
lost,GO:0000083,1
lost,GO:0000095,1
lost,GO:0000096,3
lost,GO:0000097,2
lost,GO:0000103,1
lost,GO:0000118,18
lost,GO:0000120,2
lost,GO:0000122,13
lost,GO:0000123,2
lost,GO:0000124,4
lost,GO:0000126,2
lost,GO:0000139,26
lost,GO:0000145,8
lost,GO:0000146,1
lost,GO:0000147,1
lost,GO:0000148,1
lost,GO:0000149,14
lost,GO:0000150,2
lost,GO:0000151,5
lost,GO:0000153,2
lost,GO:0000154,6
lost,GO:0000155,2
lost,GO:0000156,1
lost,GO:0000159,5
lost,GO:0000160,13
lost,GO:0000162,18
lost,GO:0000165,1
lost,GO:0000166,57
lost,GO:0000172,2
lost,GO:0000175,7
lost,GO:0000176,8
lost,GO:0000177,5
lost,GO:0000178,3
lost,GO:0000184,1
lost,GO:0000209,13
lost,GO:0000213,1
lost,GO:0000214,2
lost,GO:0000215,1
lost,GO:0000217,1
lost,GO:0000225,3
lost,GO:0000226,13
lost,GO:0000228,18
lost,GO:0000229,2
lost,GO:0000243,1
lost,GO:0000244,4
lost,GO:0000245,4
lost,GO:0000247,1
lost,GO:0000257,1
lost,GO:0000266,2
lost,GO:0000271,2
lost,GO:0000272,13
lost,GO:0000278,21
lost,GO:0000280,9
lost,GO:0000281,3
lost,GO:0000287,16
lost,GO:0000288,3
lost,GO:0000289,3
lost,GO:0000290,1
lost,GO:0000291,2
lost,GO:0000293,3
lost,GO:0000295,2
lost,GO:0000302,16
lost,GO:0000303,2
lost,GO:0000304,1
lost,GO:0000305,2
lost,GO:0000307,5
lost,GO:0000309,1
lost,GO:0000311,2
lost,GO:0000313,5
lost,GO:0000314,2
lost,GO:0000315,2
lost,GO:0000322,1
lost,GO:0000323,19
lost,GO:0000325,8
lost,GO:0000326,1
lost,GO:0000331,1
lost,GO:0000346,3
lost,GO:0000349,1
lost,GO:0000354,1
lost,GO:0000373,2
lost,GO:0000375,11
lost,GO:0000377,10
lost,GO:0000379,2
lost,GO:0000381,1
lost,GO:0000387,5
lost,GO:0000390,1
lost,GO:0000395,1
lost,GO:0000398,39
lost,GO:0000404,1
lost,GO:0000407,1
lost,GO:0000413,8
lost,GO:0000418,1
lost,GO:0000419,1
lost,GO:0000421,2
lost,GO:0000422,4
lost,GO:0000428,13
lost,GO:0000445,4
lost,GO:0000447,2
lost,GO:0000455,3
lost,GO:0000460,5
lost,GO:0000462,7
lost,GO:0000463,5
lost,GO:0000466,5
lost,GO:0000467,6
lost,GO:0000469,2
lost,GO:0000470,9
lost,GO:0000472,2
lost,GO:0000478,2
lost,GO:0000479,2
lost,GO:0000480,2
lost,GO:0000500,2
lost,GO:0000502,3
lost,GO:0000506,4
lost,GO:0000578,1
lost,GO:0000706,2
lost,GO:0000709,1
lost,GO:0000712,7
lost,GO:0000722,1
lost,GO:0000723,4
lost,GO:0000724,16
lost,GO:0000725,8
lost,GO:0000726,4
lost,GO:0000727,3
lost,GO:0000730,2
lost,GO:0000731,1
lost,GO:0000740,1
lost,GO:0000741,3
lost,GO:0000746,3
lost,GO:0000747,3
lost,GO:0000774,3
lost,GO:0000775,2
lost,GO:0000776,2
lost,GO:0000777,2
lost,GO:0000778,2
lost,GO:0000779,5
lost,GO:0000780,2
lost,GO:0000781,1
lost,GO:0000784,1
lost,GO:0000785,37
lost,GO:0000786,30
lost,GO:0000790,9
lost,GO:0000792,1
lost,GO:0000793,7
lost,GO:0000794,7
lost,GO:0000795,1
lost,GO:0000796,7
lost,GO:0000811,2
lost,GO:0000813,1
lost,GO:0000815,2
lost,GO:0000819,10
lost,GO:0000835,2
lost,GO:0000836,2
lost,GO:0000902,17
lost,GO:0000904,10
lost,GO:0000910,4
lost,GO:0000911,5
lost,GO:0000920,3
lost,GO:0000922,1
lost,GO:0000930,1
lost,GO:0000931,1
lost,GO:0000932,7
lost,GO:0000935,3
lost,GO:0000936,3
lost,GO:0000938,2
lost,GO:0000943,8
lost,GO:0000949,1
lost,GO:0000956,8
lost,GO:0000959,5
lost,GO:0000963,1
lost,GO:0000965,1
lost,GO:0000966,4
lost,GO:0000967,3
lost,GO:0000972,1
lost,GO:0000973,2
lost,GO:0000974,2
lost,GO:0000976,23
lost,GO:0000977,10
lost,GO:0000978,19
lost,GO:0000981,26
lost,GO:0000982,1
lost,GO:0000987,4
lost,GO:0000988,8
lost,GO:0000989,8
lost,GO:0000993,5
lost,GO:0001012,4
lost,GO:0001025,1
lost,GO:0001047,1
lost,GO:0001054,2
lost,GO:0001055,1
lost,GO:0001056,2
lost,GO:0001067,20
lost,GO:0001076,8
lost,GO:0001077,1
lost,GO:0001085,5
lost,GO:0001096,1
lost,GO:0001098,3
lost,GO:0001099,3
lost,GO:0001101,60
lost,GO:0001102,2
lost,GO:0001103,1
lost,GO:0001129,3
lost,GO:0001132,3
lost,GO:0001134,5
lost,GO:0001135,5
lost,GO:0001156,1
lost,GO:0001228,10
lost,GO:0001302,1
lost,GO:0001405,1
lost,GO:0001504,1
lost,GO:0001505,7
lost,GO:0001510,10
lost,GO:0001522,7
lost,GO:0001558,6
lost,GO:0001578,1
lost,GO:0001650,3
lost,GO:0001653,1
lost,GO:0001666,4
lost,GO:0001667,1
lost,GO:0001671,1
lost,GO:0001676,4
lost,GO:0001678,1
lost,GO:0001682,1
lost,GO:0001704,1
lost,GO:0001706,1
lost,GO:0001708,8
lost,GO:0001709,2
lost,GO:0001735,1
lost,GO:0001736,2
lost,GO:0001738,2
lost,GO:0001775,9
lost,GO:0001786,3
lost,GO:0001817,2
lost,GO:0001819,2
lost,GO:0001871,6
lost,GO:0001881,2
lost,GO:0001882,2
lost,GO:0001883,2
lost,GO:0001894,1
lost,GO:0001906,1
lost,GO:0001932,5
lost,GO:0001933,3
lost,GO:0001934,3
lost,GO:0002009,2
lost,GO:0002020,2
lost,GO:0002039,1
lost,GO:0002064,1
lost,GO:0002065,1
lost,GO:0002066,1
lost,GO:0002084,1
lost,GO:0002090,1
lost,GO:0002092,1
lost,GO:0002098,1
lost,GO:0002130,1
lost,GO:0002143,1
lost,GO:0002151,1
lost,GO:0002161,3
lost,GO:0002164,1
lost,GO:0002181,11
lost,GO:0002182,2
lost,GO:0002183,1
lost,GO:0002184,1
lost,GO:0002213,15
lost,GO:0002218,1
lost,GO:0002252,14
lost,GO:0002253,1
lost,GO:0002262,1
lost,GO:0002263,9
lost,GO:0002274,9
lost,GO:0002275,9
lost,GO:0002283,9
lost,GO:0002366,9
lost,GO:0002376,55
lost,GO:0002443,9
lost,GO:0002444,9
lost,GO:0002446,9
lost,GO:0002478,2
lost,GO:0002495,2
lost,GO:0002504,2
lost,GO:0002520,2
lost,GO:0002532,1
lost,GO:0002538,1
lost,GO:0002539,1
lost,GO:0002576,2
lost,GO:0002682,13
lost,GO:0002683,1
lost,GO:0002684,6
lost,GO:0002685,2
lost,GO:0002687,2
lost,GO:0002688,2
lost,GO:0002690,2
lost,GO:0002761,1
lost,GO:0002763,1
lost,GO:0002791,2
lost,GO:0002793,1
lost,GO:0002926,1
lost,GO:0002940,1
lost,GO:0002953,1
lost,GO:0003002,6
lost,GO:0003006,72
lost,GO:0003007,1
lost,GO:0003008,6
lost,GO:0003013,3
lost,GO:0003014,2
lost,GO:0003018,3
lost,GO:0003170,1
lost,GO:0003176,1
lost,GO:0003179,1
lost,GO:0003180,1
lost,GO:0003333,10
lost,GO:0003674,586
lost,GO:0003676,569
lost,GO:0003677,288
lost,GO:0003678,10
lost,GO:0003680,7
lost,GO:0003682,32
lost,GO:0003684,4
lost,GO:0003688,1
lost,GO:0003690,32
lost,GO:0003691,3
lost,GO:0003697,15
lost,GO:0003700,146
lost,GO:0003712,26
lost,GO:0003713,18
lost,GO:0003714,18
lost,GO:0003723,273
lost,GO:0003724,13
lost,GO:0003725,3
lost,GO:0003727,7
lost,GO:0003729,110
lost,GO:0003730,3
lost,GO:0003735,84
lost,GO:0003743,11
lost,GO:0003746,13
lost,GO:0003747,4
lost,GO:0003755,18
lost,GO:0003756,1
lost,GO:0003774,2
lost,GO:0003777,8
lost,GO:0003779,6
lost,GO:0003824,420
lost,GO:0003837,2
lost,GO:0003843,1
lost,GO:0003872,1
lost,GO:0003876,1
lost,GO:0003883,1
lost,GO:0003886,3
lost,GO:0003887,14
lost,GO:0003896,1
lost,GO:0003899,17
lost,GO:0003909,4
lost,GO:0003910,5
lost,GO:0003916,2
lost,GO:0003917,2
lost,GO:0003918,5
lost,GO:0003923,1
lost,GO:0003924,44
lost,GO:0003934,1
lost,GO:0003937,1
lost,GO:0003938,1
lost,GO:0003939,2
lost,GO:0003950,2
lost,GO:0003954,12
lost,GO:0003955,1
lost,GO:0003959,1
lost,GO:0003964,9
lost,GO:0003968,2
lost,GO:0003973,1
lost,GO:0003975,1
lost,GO:0003979,5
lost,GO:0003983,1
lost,GO:0003987,1
lost,GO:0003993,7
lost,GO:0003994,1
lost,GO:0003995,1
lost,GO:0003997,3
lost,GO:0003999,1
lost,GO:0004000,3
lost,GO:0004003,6
lost,GO:0004004,7
lost,GO:0004012,2
lost,GO:0004014,2
lost,GO:0004016,1
lost,GO:0004020,1
lost,GO:0004024,4
lost,GO:0004033,9
lost,GO:0004045,1
lost,GO:0004046,1
lost,GO:0004049,16
lost,GO:0004089,1
lost,GO:0004103,2
lost,GO:0004106,1
lost,GO:0004124,1
lost,GO:0004128,1
lost,GO:0004129,1
lost,GO:0004134,1
lost,GO:0004140,1
lost,GO:0004142,1
lost,GO:0004143,1
lost,GO:0004144,3
lost,GO:0004148,1
lost,GO:0004149,1
lost,GO:0004161,1
lost,GO:0004175,23
lost,GO:0004176,6
lost,GO:0004177,3
lost,GO:0004180,2
lost,GO:0004185,9
lost,GO:0004190,4
lost,GO:0004197,20
lost,GO:0004222,7
lost,GO:0004252,21
lost,GO:0004301,3
lost,GO:0004305,2
lost,GO:0004312,1
lost,GO:0004332,3
lost,GO:0004334,2
lost,GO:0004337,1
lost,GO:0004345,3
lost,GO:0004350,2
lost,GO:0004351,2
lost,GO:0004352,1
lost,GO:0004354,1
lost,GO:0004356,1
lost,GO:0004357,1
lost,GO:0004364,21
lost,GO:0004372,2
lost,GO:0004383,1
lost,GO:0004386,25
lost,GO:0004396,1
lost,GO:0004402,1
lost,GO:0004407,5
lost,GO:0004413,1
lost,GO:0004417,1
lost,GO:0004419,1
lost,GO:0004420,1
lost,GO:0004425,1
lost,GO:0004427,3
lost,GO:0004430,4
lost,GO:0004435,5
lost,GO:0004439,1
lost,GO:0004452,1
lost,GO:0004462,2
lost,GO:0004467,2
lost,GO:0004482,1
lost,GO:0004485,1
lost,GO:0004497,56
lost,GO:0004499,2
lost,GO:0004506,1
lost,GO:0004512,1
lost,GO:0004515,1
lost,GO:0004516,1
lost,GO:0004518,47
lost,GO:0004519,34
lost,GO:0004520,1
lost,GO:0004521,10
lost,GO:0004523,83
lost,GO:0004525,5
lost,GO:0004526,1
lost,GO:0004527,5
lost,GO:0004532,2
lost,GO:0004534,2
lost,GO:0004535,2
lost,GO:0004536,1
lost,GO:0004540,18
lost,GO:0004549,1
lost,GO:0004553,70
lost,GO:0004559,4
lost,GO:0004563,1
lost,GO:0004566,5
lost,GO:0004568,4
lost,GO:0004571,2
lost,GO:0004575,1
lost,GO:0004582,2
lost,GO:0004585,1
lost,GO:0004587,1
lost,GO:0004592,4
lost,GO:0004594,1
lost,GO:0004595,1
lost,GO:0004596,3
lost,GO:0004601,26
lost,GO:0004604,1
lost,GO:0004605,1
lost,GO:0004611,2
lost,GO:0004612,2
lost,GO:0004618,1
lost,GO:0004620,7
lost,GO:0004630,3
lost,GO:0004633,2
lost,GO:0004634,1
lost,GO:0004637,2
lost,GO:0004640,1
lost,GO:0004641,2
lost,GO:0004642,1
lost,GO:0004643,1
lost,GO:0004650,15
lost,GO:0004652,1
lost,GO:0004655,2
lost,GO:0004656,1
lost,GO:0004659,3
lost,GO:0004672,223
lost,GO:0004673,1
lost,GO:0004674,110
lost,GO:0004675,9
lost,GO:0004683,3
lost,GO:0004693,6
lost,GO:0004709,1
lost,GO:0004712,1
lost,GO:0004713,4
lost,GO:0004714,1
lost,GO:0004721,10
lost,GO:0004722,11
lost,GO:0004737,1
lost,GO:0004739,1
lost,GO:0004743,2
lost,GO:0004746,1
lost,GO:0004748,2
lost,GO:0004753,1
lost,GO:0004758,2
lost,GO:0004766,1
lost,GO:0004768,1
lost,GO:0004777,1
lost,GO:0004781,1
lost,GO:0004791,2
lost,GO:0004792,1
lost,GO:0004794,1
lost,GO:0004806,1
lost,GO:0004809,1
lost,GO:0004812,12
lost,GO:0004813,2
lost,GO:0004814,1
lost,GO:0004816,1
lost,GO:0004817,1
lost,GO:0004818,2
lost,GO:0004820,2
lost,GO:0004821,3
lost,GO:0004824,1
lost,GO:0004825,2
lost,GO:0004827,2
lost,GO:0004829,2
lost,GO:0004832,1
lost,GO:0004834,1
lost,GO:0004842,72
lost,GO:0004843,9
lost,GO:0004844,1
lost,GO:0004849,3
lost,GO:0004851,2
lost,GO:0004856,3
lost,GO:0004857,14
lost,GO:0004861,1
lost,GO:0004864,11
lost,GO:0004866,6
lost,GO:0004867,11
lost,GO:0004869,4
lost,GO:0004888,15
lost,GO:0004930,1
lost,GO:0005034,1
lost,GO:0005048,3
lost,GO:0005049,1
lost,GO:0005085,9
lost,GO:0005086,5
lost,GO:0005088,1
lost,GO:0005094,1
lost,GO:0005096,18
lost,GO:0005102,17
lost,GO:0005154,1
lost,GO:0005198,18
lost,GO:0005199,11
lost,GO:0005200,5
lost,GO:0005215,50
lost,GO:0005216,6
lost,GO:0005249,7
lost,GO:0005261,3
lost,GO:0005262,2
lost,GO:0005310,1
lost,GO:0005313,4
lost,GO:0005315,3
lost,GO:0005319,4
lost,GO:0005326,2
lost,GO:0005337,3
lost,GO:0005338,1
lost,GO:0005342,11
lost,GO:0005344,4
lost,GO:0005346,2
lost,GO:0005347,2
lost,GO:0005375,1
lost,GO:0005384,4
lost,GO:0005385,3
lost,GO:0005388,9
lost,GO:0005459,1
lost,GO:0005483,2
lost,GO:0005484,13
lost,GO:0005488,303
lost,GO:0005504,4
lost,GO:0005506,58
lost,GO:0005507,12
lost,GO:0005509,48
lost,GO:0005515,758
lost,GO:0005516,20
lost,GO:0005524,311
lost,GO:0005525,43
lost,GO:0005527,4
lost,GO:0005528,4
lost,GO:0005536,1
lost,GO:0005543,6
lost,GO:0005544,4
lost,GO:0005546,6
lost,GO:0005548,4
lost,GO:0005575,692
lost,GO:0005576,49
lost,GO:0005615,22
lost,GO:0005618,27
lost,GO:0005622,597
lost,GO:0005623,677
lost,GO:0005628,2
lost,GO:0005634,521
lost,GO:0005635,7
lost,GO:0005643,4
lost,GO:0005654,70
lost,GO:0005655,2
lost,GO:0005657,16
lost,GO:0005658,1
lost,GO:0005662,2
lost,GO:0005665,1
lost,GO:0005666,2
lost,GO:0005667,16
lost,GO:0005669,9
lost,GO:0005674,1
lost,GO:0005675,1
lost,GO:0005677,1
lost,GO:0005680,6
lost,GO:0005681,19
lost,GO:0005682,6
lost,GO:0005684,3
lost,GO:0005685,2
lost,GO:0005686,5
lost,GO:0005687,2
lost,GO:0005688,3
lost,GO:0005689,2
lost,GO:0005694,36
lost,GO:0005700,1
lost,GO:0005720,1
lost,GO:0005730,61
lost,GO:0005732,4
lost,GO:0005736,3
lost,GO:0005737,654
lost,GO:0005739,147
lost,GO:0005740,14
lost,GO:0005741,6
lost,GO:0005742,1
lost,GO:0005743,23
lost,GO:0005744,4
lost,GO:0005746,2
lost,GO:0005747,8
lost,GO:0005751,1
lost,GO:0005753,7
lost,GO:0005758,6
lost,GO:0005759,7
lost,GO:0005761,2
lost,GO:0005762,1
lost,GO:0005763,6
lost,GO:0005764,18
lost,GO:0005766,9
lost,GO:0005768,41
lost,GO:0005769,7
lost,GO:0005770,15
lost,GO:0005771,3
lost,GO:0005773,66
lost,GO:0005774,27
lost,GO:0005775,12
lost,GO:0005776,1
lost,GO:0005777,16
lost,GO:0005778,5
lost,GO:0005782,3
lost,GO:0005783,83
lost,GO:0005786,2
lost,GO:0005787,1
lost,GO:0005788,10
lost,GO:0005789,38
lost,GO:0005791,1
lost,GO:0005793,9
lost,GO:0005794,86
lost,GO:0005797,2
lost,GO:0005798,17
lost,GO:0005801,9
lost,GO:0005802,21
lost,GO:0005811,10
lost,GO:0005813,11
lost,GO:0005815,13
lost,GO:0005819,11
lost,GO:0005829,233
lost,GO:0005839,3
lost,GO:0005840,75
lost,GO:0005844,4
lost,GO:0005845,1
lost,GO:0005849,4
lost,GO:0005851,1
lost,GO:0005852,6
lost,GO:0005853,1
lost,GO:0005856,33
lost,GO:0005871,1
lost,GO:0005874,16
lost,GO:0005875,2
lost,GO:0005876,2
lost,GO:0005879,2
lost,GO:0005880,2
lost,GO:0005881,5
lost,GO:0005884,2
lost,GO:0005886,295
lost,GO:0005887,9
lost,GO:0005911,41
lost,GO:0005929,2
lost,GO:0005930,2
lost,GO:0005937,3
lost,GO:0005938,7
lost,GO:0005947,1
lost,GO:0005950,16
lost,GO:0005967,1
lost,GO:0005971,2
lost,GO:0005975,106
lost,GO:0005976,6
lost,GO:0005978,3
lost,GO:0005980,1
lost,GO:0005984,2
lost,GO:0005985,2
lost,GO:0005987,1
lost,GO:0005991,2
lost,GO:0005992,2
lost,GO:0005996,3
lost,GO:0005997,3
lost,GO:0006000,4
lost,GO:0006006,3
lost,GO:0006011,1
lost,GO:0006013,4
lost,GO:0006021,1
lost,GO:0006024,5
lost,GO:0006032,2
lost,GO:0006066,1
lost,GO:0006073,4
lost,GO:0006074,3
lost,GO:0006075,1
lost,GO:0006076,3
lost,GO:0006081,4
lost,GO:0006082,51
lost,GO:0006083,1
lost,GO:0006084,1
lost,GO:0006085,1
lost,GO:0006086,1
lost,GO:0006090,3
lost,GO:0006091,6
lost,GO:0006094,3
lost,GO:0006096,8
lost,GO:0006099,1
lost,GO:0006101,1
lost,GO:0006102,1
lost,GO:0006103,1
lost,GO:0006109,1
lost,GO:0006110,1
lost,GO:0006116,4
lost,GO:0006119,1
lost,GO:0006120,1
lost,GO:0006123,1
lost,GO:0006139,141
lost,GO:0006140,1
lost,GO:0006152,3
lost,GO:0006154,3
lost,GO:0006163,5
lost,GO:0006164,7
lost,GO:0006168,1
lost,GO:0006182,1
lost,GO:0006183,1
lost,GO:0006188,1
lost,GO:0006189,4
lost,GO:0006203,1
lost,GO:0006206,5
lost,GO:0006213,5
lost,GO:0006220,3
lost,GO:0006221,5
lost,GO:0006222,3
lost,GO:0006225,1
lost,GO:0006241,1
lost,GO:0006259,35
lost,GO:0006260,37
lost,GO:0006261,11
lost,GO:0006264,2
lost,GO:0006265,6
lost,GO:0006266,4
lost,GO:0006268,3
lost,GO:0006269,1
lost,GO:0006270,3
lost,GO:0006271,4
lost,GO:0006272,1
lost,GO:0006273,4
lost,GO:0006275,3
lost,GO:0006276,1
lost,GO:0006278,9
lost,GO:0006279,1
lost,GO:0006281,41
lost,GO:0006282,1
lost,GO:0006283,7
lost,GO:0006284,13
lost,GO:0006287,1
lost,GO:0006289,9
lost,GO:0006297,6
lost,GO:0006298,8
lost,GO:0006302,14
lost,GO:0006303,8
lost,GO:0006304,3
lost,GO:0006305,3
lost,GO:0006306,3
lost,GO:0006307,1
lost,GO:0006308,1
lost,GO:0006310,17
lost,GO:0006312,3
lost,GO:0006315,1
lost,GO:0006323,2
lost,GO:0006325,29
lost,GO:0006333,4
lost,GO:0006334,6
lost,GO:0006335,1
lost,GO:0006338,15
lost,GO:0006342,1
lost,GO:0006349,1
lost,GO:0006351,38
lost,GO:0006352,10
lost,GO:0006353,3
lost,GO:0006354,1
lost,GO:0006355,255
lost,GO:0006356,2
lost,GO:0006357,65
lost,GO:0006364,24
lost,GO:0006366,15
lost,GO:0006367,9
lost,GO:0006368,3
lost,GO:0006369,4
lost,GO:0006370,1
lost,GO:0006376,1
lost,GO:0006378,7
lost,GO:0006379,3
lost,GO:0006383,2
lost,GO:0006384,2
lost,GO:0006388,2
lost,GO:0006390,4
lost,GO:0006396,63
lost,GO:0006397,18
lost,GO:0006399,6
lost,GO:0006400,5
lost,GO:0006401,11
lost,GO:0006402,9
lost,GO:0006403,11
lost,GO:0006405,9
lost,GO:0006406,15
lost,GO:0006412,85
lost,GO:0006413,9
lost,GO:0006414,13
lost,GO:0006415,4
lost,GO:0006417,9
lost,GO:0006418,11
lost,GO:0006419,2
lost,GO:0006420,1
lost,GO:0006421,1
lost,GO:0006423,1
lost,GO:0006424,2
lost,GO:0006426,2
lost,GO:0006427,3
lost,GO:0006430,1
lost,GO:0006431,2
lost,GO:0006433,2
lost,GO:0006435,2
lost,GO:0006438,1
lost,GO:0006450,1
lost,GO:0006457,21
lost,GO:0006458,2
lost,GO:0006464,151
lost,GO:0006465,3
lost,GO:0006468,228
lost,GO:0006469,2
lost,GO:0006470,15
lost,GO:0006471,1
lost,GO:0006473,1
lost,GO:0006474,3
lost,GO:0006475,1
lost,GO:0006476,4
lost,GO:0006479,8
lost,GO:0006482,3
lost,GO:0006486,14
lost,GO:0006487,3
lost,GO:0006488,3
lost,GO:0006491,1
lost,GO:0006493,1
lost,GO:0006497,1
lost,GO:0006506,11
lost,GO:0006508,144
lost,GO:0006509,4
lost,GO:0006511,69
lost,GO:0006515,1
lost,GO:0006517,2
lost,GO:0006518,13
lost,GO:0006520,37
lost,GO:0006531,1
lost,GO:0006534,2
lost,GO:0006535,2
lost,GO:0006536,3
lost,GO:0006537,1
lost,GO:0006538,3
lost,GO:0006541,1
lost,GO:0006549,1
lost,GO:0006551,1
lost,GO:0006552,2
lost,GO:0006553,1
lost,GO:0006555,1
lost,GO:0006559,2
lost,GO:0006560,3
lost,GO:0006561,3
lost,GO:0006563,1
lost,GO:0006566,1
lost,GO:0006568,17
lost,GO:0006572,2
lost,GO:0006573,4
lost,GO:0006575,5
lost,GO:0006576,17
lost,GO:0006586,16
lost,GO:0006591,1
lost,GO:0006595,2
lost,GO:0006596,1
lost,GO:0006597,2
lost,GO:0006598,2
lost,GO:0006605,21
lost,GO:0006606,3
lost,GO:0006611,10
lost,GO:0006612,2
lost,GO:0006613,1
lost,GO:0006614,3
lost,GO:0006616,1
lost,GO:0006622,2
lost,GO:0006623,6
lost,GO:0006624,3
lost,GO:0006625,4
lost,GO:0006626,2
lost,GO:0006629,45
lost,GO:0006631,12
lost,GO:0006633,9
lost,GO:0006635,3
lost,GO:0006637,2
lost,GO:0006643,4
lost,GO:0006644,8
lost,GO:0006646,2
lost,GO:0006650,2
lost,GO:0006656,2
lost,GO:0006664,2
lost,GO:0006665,2
lost,GO:0006666,2
lost,GO:0006690,3
lost,GO:0006694,2
lost,GO:0006714,1
lost,GO:0006720,6
lost,GO:0006721,4
lost,GO:0006725,167
lost,GO:0006726,3
lost,GO:0006727,2
lost,GO:0006728,1
lost,GO:0006729,1
lost,GO:0006730,1
lost,GO:0006732,12
lost,GO:0006733,5
lost,GO:0006743,3
lost,GO:0006744,5
lost,GO:0006749,15
lost,GO:0006750,1
lost,GO:0006751,1
lost,GO:0006753,9
lost,GO:0006754,1
lost,GO:0006766,7
lost,GO:0006767,5
lost,GO:0006775,2
lost,GO:0006777,1
lost,GO:0006778,3
lost,GO:0006779,3
lost,GO:0006790,12
lost,GO:0006793,86
lost,GO:0006796,88
lost,GO:0006805,3
lost,GO:0006807,358
lost,GO:0006809,2
lost,GO:0006810,139
lost,GO:0006811,45
lost,GO:0006812,25
lost,GO:0006813,12
lost,GO:0006816,9
lost,GO:0006820,28
lost,GO:0006821,1
lost,GO:0006828,2
lost,GO:0006829,1
lost,GO:0006833,3
lost,GO:0006835,1
lost,GO:0006836,3
lost,GO:0006839,8
lost,GO:0006850,1
lost,GO:0006851,1
lost,GO:0006855,9
lost,GO:0006862,4
lost,GO:0006865,10
lost,GO:0006868,1
lost,GO:0006869,12
lost,GO:0006873,8
lost,GO:0006874,4
lost,GO:0006875,6
lost,GO:0006879,2
lost,GO:0006882,1
lost,GO:0006883,1
lost,GO:0006885,6
lost,GO:0006886,63
lost,GO:0006887,31
lost,GO:0006888,27
lost,GO:0006890,10
lost,GO:0006891,12
lost,GO:0006892,5
lost,GO:0006893,5
lost,GO:0006896,4
lost,GO:0006897,17
lost,GO:0006898,9
lost,GO:0006900,13
lost,GO:0006901,9
lost,GO:0006903,10
lost,GO:0006904,4
lost,GO:0006906,14
lost,GO:0006907,1
lost,GO:0006909,2
lost,GO:0006913,9
lost,GO:0006914,2
lost,GO:0006915,1
lost,GO:0006928,8
lost,GO:0006935,1
lost,GO:0006949,1
lost,GO:0006950,167
lost,GO:0006952,155
lost,GO:0006954,4
lost,GO:0006955,50
lost,GO:0006959,1
lost,GO:0006970,28
lost,GO:0006972,6
lost,GO:0006974,24
lost,GO:0006977,1
lost,GO:0006979,48
lost,GO:0006986,2
lost,GO:0006995,2
lost,GO:0006996,110
lost,GO:0006997,4
lost,GO:0006999,1
lost,GO:0007004,2
lost,GO:0007005,17
lost,GO:0007006,1
lost,GO:0007007,1
lost,GO:0007010,17
lost,GO:0007015,8
lost,GO:0007017,14
lost,GO:0007018,9
lost,GO:0007019,1
lost,GO:0007021,1
lost,GO:0007023,1
lost,GO:0007030,4
lost,GO:0007031,7
lost,GO:0007032,6
lost,GO:0007033,6
lost,GO:0007034,14
lost,GO:0007035,1
lost,GO:0007040,3
lost,GO:0007041,3
lost,GO:0007044,1
lost,GO:0007049,25
lost,GO:0007050,1
lost,GO:0007051,1
lost,GO:0007059,7
lost,GO:0007062,7
lost,GO:0007063,3
lost,GO:0007064,4
lost,GO:0007076,7
lost,GO:0007080,2
lost,GO:0007088,3
lost,GO:0007093,3
lost,GO:0007094,1
lost,GO:0007112,1
lost,GO:0007127,2
lost,GO:0007129,1
lost,GO:0007131,10
lost,GO:0007140,1
lost,GO:0007154,89
lost,GO:0007155,3
lost,GO:0007163,5
lost,GO:0007164,2
lost,GO:0007165,129
lost,GO:0007166,15
lost,GO:0007167,9
lost,GO:0007178,9
lost,GO:0007186,6
lost,GO:0007200,1
lost,GO:0007220,2
lost,GO:0007231,1
lost,GO:0007264,3
lost,GO:0007265,1
lost,GO:0007266,1
lost,GO:0007267,5
lost,GO:0007268,1
lost,GO:0007269,1
lost,GO:0007275,132
lost,GO:0007276,12
lost,GO:0007281,8
lost,GO:0007283,4
lost,GO:0007286,1
lost,GO:0007292,7
lost,GO:0007297,1
lost,GO:0007298,1
lost,GO:0007346,7
lost,GO:0007349,1
lost,GO:0007369,1
lost,GO:0007389,16
lost,GO:0007399,2
lost,GO:0007417,1
lost,GO:0007420,1
lost,GO:0007423,2
lost,GO:0007444,3
lost,GO:0007492,1
lost,GO:0007507,2
lost,GO:0007517,1
lost,GO:0007519,1
lost,GO:0007548,1
lost,GO:0007568,23
lost,GO:0007569,1
lost,GO:0007584,1
lost,GO:0007600,1
lost,GO:0007610,5
lost,GO:0007611,3
lost,GO:0007612,3
lost,GO:0007613,3
lost,GO:0007623,7
lost,GO:0007632,2
lost,GO:0007634,2
lost,GO:0008013,1
lost,GO:0008015,3
lost,GO:0008017,29
lost,GO:0008021,3
lost,GO:0008022,2
lost,GO:0008023,1
lost,GO:0008026,13
lost,GO:0008028,3
lost,GO:0008033,5
lost,GO:0008047,8
lost,GO:0008055,2
lost,GO:0008057,1
lost,GO:0008061,6
lost,GO:0008064,7
lost,GO:0008066,2
lost,GO:0008079,2
lost,GO:0008080,1
lost,GO:0008081,8
lost,GO:0008083,2
lost,GO:0008088,1
lost,GO:0008089,1
lost,GO:0008092,11
lost,GO:0008093,1
lost,GO:0008094,15
lost,GO:0008097,4
lost,GO:0008104,60
lost,GO:0008107,1
lost,GO:0008115,1
lost,GO:0008131,2
lost,GO:0008134,15
lost,GO:0008135,2
lost,GO:0008137,7
lost,GO:0008138,1
lost,GO:0008139,1
lost,GO:0008143,3
lost,GO:0008144,12
lost,GO:0008146,1
lost,GO:0008150,692
lost,GO:0008152,421
lost,GO:0008168,48
lost,GO:0008169,6
lost,GO:0008170,8
lost,GO:0008171,5
lost,GO:0008173,11
lost,GO:0008175,1
lost,GO:0008176,1
lost,GO:0008180,3
lost,GO:0008184,1
lost,GO:0008186,7
lost,GO:0008187,2
lost,GO:0008194,27
lost,GO:0008195,3
lost,GO:0008202,6
lost,GO:0008213,8
lost,GO:0008214,3
lost,GO:0008217,3
lost,GO:0008219,14
lost,GO:0008233,41
lost,GO:0008234,39
lost,GO:0008235,3
lost,GO:0008236,20
lost,GO:0008237,5
lost,GO:0008238,2
lost,GO:0008239,1
lost,GO:0008250,1
lost,GO:0008252,5
lost,GO:0008266,1
lost,GO:0008270,188
lost,GO:0008272,4
lost,GO:0008276,7
lost,GO:0008278,4
lost,GO:0008283,5
lost,GO:0008284,9
lost,GO:0008285,2
lost,GO:0008289,25
lost,GO:0008295,3
lost,GO:0008298,1
lost,GO:0008299,8
lost,GO:0008300,1
lost,GO:0008306,2
lost,GO:0008308,1
lost,GO:0008310,1
lost,GO:0008312,2
lost,GO:0008320,6
lost,GO:0008324,19
lost,GO:0008327,1
lost,GO:0008333,3
lost,GO:0008340,2
lost,GO:0008352,1
lost,GO:0008353,4
lost,GO:0008360,2
lost,GO:0008374,8
lost,GO:0008378,3
lost,GO:0008380,18
lost,GO:0008381,3
lost,GO:0008408,5
lost,GO:0008417,1
lost,GO:0008418,1
lost,GO:0008420,2
lost,GO:0008422,28
lost,GO:0008430,1
lost,GO:0008443,1
lost,GO:0008474,1
lost,GO:0008477,1
lost,GO:0008483,3
lost,GO:0008496,1
lost,GO:0008509,18
lost,GO:0008514,13
lost,GO:0008519,4
lost,GO:0008525,2
lost,GO:0008526,3
lost,GO:0008540,1
lost,GO:0008541,2
lost,GO:0008553,2
lost,GO:0008565,5
lost,GO:0008574,1
lost,GO:0008589,1
lost,GO:0008593,1
lost,GO:0008608,3
lost,GO:0008610,16
lost,GO:0008612,6
lost,GO:0008622,1
lost,GO:0008641,2
lost,GO:0008643,3
lost,GO:0008649,6
lost,GO:0008652,23
lost,GO:0008654,5
lost,GO:0008655,5
lost,GO:0008725,2
lost,GO:0008757,21
lost,GO:0008783,1
lost,GO:0008825,1
lost,GO:0008832,1
lost,GO:0008839,1
lost,GO:0008865,4
lost,GO:0008878,3
lost,GO:0008909,1
lost,GO:0008915,1
lost,GO:0008936,1
lost,GO:0008970,1
lost,GO:0009001,1
lost,GO:0009007,1
lost,GO:0009044,3
lost,GO:0009051,1
lost,GO:0009055,9
lost,GO:0009056,86
lost,GO:0009057,71
lost,GO:0009058,149
lost,GO:0009059,65
lost,GO:0009060,5
lost,GO:0009062,2
lost,GO:0009063,1
lost,GO:0009064,4
lost,GO:0009066,3
lost,GO:0009067,2
lost,GO:0009069,2
lost,GO:0009070,1
lost,GO:0009072,18
lost,GO:0009073,17
lost,GO:0009081,6
lost,GO:0009082,1
lost,GO:0009083,2
lost,GO:0009084,3
lost,GO:0009085,1
lost,GO:0009086,2
lost,GO:0009088,1
lost,GO:0009089,1
lost,GO:0009092,1
lost,GO:0009097,1
lost,GO:0009100,4
lost,GO:0009101,2
lost,GO:0009108,9
lost,GO:0009110,5
lost,GO:0009112,5
lost,GO:0009116,8
lost,GO:0009117,9
lost,GO:0009119,5
lost,GO:0009123,5
lost,GO:0009124,4
lost,GO:0009126,2
lost,GO:0009127,1
lost,GO:0009129,3
lost,GO:0009130,3
lost,GO:0009141,2
lost,GO:0009142,1
lost,GO:0009143,2
lost,GO:0009144,2
lost,GO:0009145,1
lost,GO:0009150,6
lost,GO:0009152,2
lost,GO:0009156,4
lost,GO:0009161,5
lost,GO:0009163,3
lost,GO:0009165,6
lost,GO:0009167,2
lost,GO:0009168,1
lost,GO:0009173,3
lost,GO:0009174,3
lost,GO:0009187,1
lost,GO:0009190,1
lost,GO:0009199,2
lost,GO:0009201,1
lost,GO:0009205,2
lost,GO:0009206,1
lost,GO:0009218,3
lost,GO:0009220,3
lost,GO:0009225,1
lost,GO:0009228,2
lost,GO:0009231,2
lost,GO:0009240,3
lost,GO:0009245,4
lost,GO:0009247,5
lost,GO:0009251,16
lost,GO:0009259,8
lost,GO:0009260,5
lost,GO:0009263,2
lost,GO:0009266,29
lost,GO:0009267,7
lost,GO:0009268,2
lost,GO:0009292,2
lost,GO:0009294,2
lost,GO:0009295,3
lost,GO:0009299,1
lost,GO:0009303,1
lost,GO:0009304,1
lost,GO:0009307,1
lost,GO:0009308,20
lost,GO:0009309,16
lost,GO:0009310,1
lost,GO:0009311,5
lost,GO:0009312,4
lost,GO:0009313,1
lost,GO:0009314,41
lost,GO:0009349,1
lost,GO:0009368,1
lost,GO:0009378,6
lost,GO:0009383,6
lost,GO:0009395,3
lost,GO:0009403,2
lost,GO:0009404,3
lost,GO:0009405,1
lost,GO:0009407,1
lost,GO:0009408,24
lost,GO:0009409,18
lost,GO:0009410,4
lost,GO:0009411,6
lost,GO:0009414,19
lost,GO:0009415,16
lost,GO:0009416,41
lost,GO:0009435,1
lost,GO:0009450,1
lost,GO:0009451,72
lost,GO:0009504,4
lost,GO:0009505,16
lost,GO:0009506,50
lost,GO:0009507,166
lost,GO:0009508,2
lost,GO:0009509,1
lost,GO:0009512,1
lost,GO:0009514,1
lost,GO:0009521,2
lost,GO:0009522,6
lost,GO:0009523,9
lost,GO:0009524,2
lost,GO:0009526,33
lost,GO:0009527,6
lost,GO:0009528,4
lost,GO:0009531,1
lost,GO:0009532,26
lost,GO:0009534,23
lost,GO:0009535,37
lost,GO:0009536,114
lost,GO:0009538,3
lost,GO:0009539,2
lost,GO:0009540,1
lost,GO:0009543,1
lost,GO:0009547,3
lost,GO:0009553,9
lost,GO:0009554,1
lost,GO:0009555,6
lost,GO:0009558,1
lost,GO:0009559,3
lost,GO:0009561,5
lost,GO:0009566,1
lost,GO:0009567,1
lost,GO:0009570,33
lost,GO:0009574,1
lost,GO:0009579,25
lost,GO:0009593,1
lost,GO:0009605,79
lost,GO:0009606,4
lost,GO:0009607,65
lost,GO:0009611,32
lost,GO:0009612,1
lost,GO:0009615,5
lost,GO:0009616,3
lost,GO:0009617,31
lost,GO:0009620,25
lost,GO:0009624,7
lost,GO:0009625,10
lost,GO:0009626,8
lost,GO:0009627,8
lost,GO:0009628,96
lost,GO:0009629,3
lost,GO:0009630,5
lost,GO:0009631,3
lost,GO:0009636,13
lost,GO:0009637,2
lost,GO:0009639,12
lost,GO:0009641,9
lost,GO:0009642,7
lost,GO:0009643,1
lost,GO:0009644,6
lost,GO:0009648,6
lost,GO:0009651,25
lost,GO:0009653,48
lost,GO:0009654,2
lost,GO:0009657,6
lost,GO:0009658,5
lost,GO:0009664,11
lost,GO:0009682,2
lost,GO:0009685,3
lost,GO:0009686,3
lost,GO:0009687,1
lost,GO:0009688,1
lost,GO:0009690,3
lost,GO:0009691,6
lost,GO:0009692,1
lost,GO:0009693,1
lost,GO:0009694,5
lost,GO:0009696,5
lost,GO:0009698,6
lost,GO:0009699,5
lost,GO:0009700,2
lost,GO:0009705,6
lost,GO:0009706,5
lost,GO:0009707,6
lost,GO:0009718,4
lost,GO:0009719,77
lost,GO:0009720,1
lost,GO:0009723,8
lost,GO:0009725,81
lost,GO:0009726,1
lost,GO:0009727,1
lost,GO:0009733,31
lost,GO:0009734,12
lost,GO:0009735,9
lost,GO:0009736,9
lost,GO:0009737,32
lost,GO:0009738,11
lost,GO:0009739,10
lost,GO:0009740,3
lost,GO:0009741,4
lost,GO:0009742,4
lost,GO:0009743,3
lost,GO:0009744,2
lost,GO:0009746,1
lost,GO:0009749,2
lost,GO:0009751,7
lost,GO:0009753,20
lost,GO:0009755,32
lost,GO:0009756,1
lost,GO:0009765,4
lost,GO:0009767,3
lost,GO:0009772,2
lost,GO:0009773,1
lost,GO:0009784,1
lost,GO:0009787,5
lost,GO:0009788,2
lost,GO:0009789,4
lost,GO:0009790,49
lost,GO:0009791,71
lost,GO:0009792,7
lost,GO:0009793,33
lost,GO:0009798,2
lost,GO:0009806,1
lost,GO:0009807,1
lost,GO:0009808,2
lost,GO:0009809,2
lost,GO:0009810,3
lost,GO:0009812,4
lost,GO:0009813,6
lost,GO:0009814,22
lost,GO:0009815,1
lost,GO:0009816,3
lost,GO:0009817,2
lost,GO:0009819,1
lost,GO:0009825,2
lost,GO:0009826,7
lost,GO:0009832,6
lost,GO:0009834,5
lost,GO:0009838,1
lost,GO:0009845,2
lost,GO:0009850,2
lost,GO:0009851,3
lost,GO:0009853,1
lost,GO:0009856,5
lost,GO:0009859,1
lost,GO:0009860,2
lost,GO:0009861,15
lost,GO:0009862,4
lost,GO:0009863,5
lost,GO:0009864,1
lost,GO:0009865,1
lost,GO:0009867,15
lost,GO:0009873,10
lost,GO:0009875,2
lost,GO:0009880,9
lost,GO:0009884,1
lost,GO:0009885,1
lost,GO:0009887,1
lost,GO:0009888,53
lost,GO:0009889,117
lost,GO:0009890,17
lost,GO:0009891,34
lost,GO:0009892,35
lost,GO:0009893,56
lost,GO:0009894,15
lost,GO:0009896,14
lost,GO:0009897,3
lost,GO:0009898,1
lost,GO:0009900,12
lost,GO:0009901,12
lost,GO:0009903,1
lost,GO:0009904,1
lost,GO:0009908,16
lost,GO:0009909,22
lost,GO:0009910,6
lost,GO:0009911,6
lost,GO:0009914,4
lost,GO:0009916,1
lost,GO:0009922,1
lost,GO:0009923,1
lost,GO:0009926,5
lost,GO:0009927,4
lost,GO:0009931,3
lost,GO:0009932,2
lost,GO:0009933,8
lost,GO:0009937,1
lost,GO:0009938,1
lost,GO:0009941,38
lost,GO:0009942,1
lost,GO:0009955,2
lost,GO:0009958,1
lost,GO:0009959,1
lost,GO:0009960,3
lost,GO:0009961,1
lost,GO:0009962,1
lost,GO:0009966,35
lost,GO:0009967,5
lost,GO:0009968,8
lost,GO:0009969,1
lost,GO:0009970,2
lost,GO:0009975,2
lost,GO:0009982,6
lost,GO:0009986,7
lost,GO:0009987,523
lost,GO:0009991,9
lost,GO:0009994,6
lost,GO:0010008,8
lost,GO:0010011,1
lost,GO:0010014,8
lost,GO:0010015,10
lost,GO:0010016,5
lost,GO:0010017,1
lost,GO:0010019,9
lost,GO:0010023,1
lost,GO:0010025,4
lost,GO:0010026,7
lost,GO:0010027,1
lost,GO:0010029,5
lost,GO:0010030,2
lost,GO:0010032,3
lost,GO:0010033,102
lost,GO:0010035,43
lost,GO:0010038,22
lost,GO:0010039,1
lost,GO:0010043,1
lost,GO:0010048,3
lost,GO:0010050,2
lost,GO:0010051,2
lost,GO:0010052,6
lost,GO:0010053,4
lost,GO:0010054,4
lost,GO:0010065,3
lost,GO:0010067,2
lost,GO:0010068,1
lost,GO:0010071,2
lost,GO:0010073,34
lost,GO:0010074,1
lost,GO:0010075,1
lost,GO:0010078,2
lost,GO:0010082,2
lost,GO:0010086,1
lost,GO:0010087,11
lost,GO:0010088,3
lost,GO:0010090,7
lost,GO:0010091,1
lost,GO:0010099,1
lost,GO:0010101,4
lost,GO:0010102,4
lost,GO:0010103,5
lost,GO:0010109,2
lost,GO:0010112,1
lost,GO:0010113,1
lost,GO:0010114,3
lost,GO:0010115,2
lost,GO:0010117,2
lost,GO:0010118,9
lost,GO:0010119,3
lost,GO:0010120,2
lost,GO:0010121,1
lost,GO:0010143,3
lost,GO:0010150,10
lost,GO:0010154,37
lost,GO:0010158,1
lost,GO:0010162,1
lost,GO:0010166,4
lost,GO:0010167,1
lost,GO:0010181,5
lost,GO:0010182,1
lost,GO:0010183,1
lost,GO:0010187,2
lost,GO:0010191,1
lost,GO:0010192,1
lost,GO:0010193,2
lost,GO:0010197,4
lost,GO:0010198,1
lost,GO:0010200,5
lost,GO:0010205,1
lost,GO:0010206,3
lost,GO:0010207,1
lost,GO:0010208,2
lost,GO:0010212,1
lost,GO:0010214,1
lost,GO:0010215,1
lost,GO:0010216,1
lost,GO:0010218,11
lost,GO:0010224,3
lost,GO:0010227,1
lost,GO:0010228,13
lost,GO:0010230,1
lost,GO:0010231,1
lost,GO:0010243,10
lost,GO:0010252,6
lost,GO:0010256,9
lost,GO:0010259,2
lost,GO:0010267,3
lost,GO:0010268,4
lost,GO:0010273,1
lost,GO:0010274,1
lost,GO:0010275,1
lost,GO:0010277,3
lost,GO:0010279,5
lost,GO:0010286,4
lost,GO:0010287,3
lost,GO:0010291,1
lost,GO:0010296,1
lost,GO:0010304,1
lost,GO:0010305,8
lost,GO:0010311,2
lost,GO:0010315,2
lost,GO:0010319,1
lost,GO:0010328,1
lost,GO:0010329,2
lost,GO:0010332,1
lost,GO:0010333,4
lost,GO:0010345,7
lost,GO:0010363,1
lost,GO:0010374,9
lost,GO:0010375,2
lost,GO:0010380,2
lost,GO:0010383,6
lost,GO:0010389,3
lost,GO:0010410,3
lost,GO:0010411,8
lost,GO:0010413,2
lost,GO:0010417,2
lost,GO:0010424,1
lost,GO:0010427,8
lost,GO:0010431,2
lost,GO:0010445,1
lost,GO:0010447,2
lost,GO:0010453,1
lost,GO:0010467,73
lost,GO:0010468,121
lost,GO:0010469,1
lost,GO:0010470,1
lost,GO:0010476,3
lost,GO:0010487,1
lost,GO:0010492,3
lost,GO:0010494,5
lost,GO:0010498,40
lost,GO:0010501,4
lost,GO:0010506,4
lost,GO:0010508,1
lost,GO:0010540,2
lost,GO:0010556,100
lost,GO:0010557,33
lost,GO:0010558,17
lost,GO:0010562,2
lost,GO:0010563,3
lost,GO:0010564,6
lost,GO:0010594,2
lost,GO:0010595,2
lost,GO:0010600,16
lost,GO:0010604,53
lost,GO:0010605,35
lost,GO:0010608,20
lost,GO:0010623,1
lost,GO:0010628,34
lost,GO:0010629,30
lost,GO:0010631,1
lost,GO:0010632,2
lost,GO:0010634,2
lost,GO:0010638,4
lost,GO:0010639,8
lost,GO:0010646,39
lost,GO:0010647,9
lost,GO:0010648,9
lost,GO:0010731,6
lost,GO:0010769,2
lost,GO:0010774,1
lost,GO:0010817,28
lost,GO:0010821,1
lost,GO:0010833,1
lost,GO:0010857,3
lost,GO:0010876,8
lost,GO:0010883,6
lost,GO:0010923,1
lost,GO:0010927,5
lost,GO:0010928,1
lost,GO:0010941,8
lost,GO:0010942,1
lost,GO:0010948,5
lost,GO:0010950,2
lost,GO:0010952,2
lost,GO:0010959,2
lost,GO:0010960,1
lost,GO:0010965,2
lost,GO:0010970,1
lost,GO:0010997,5
lost,GO:0012501,12
lost,GO:0012505,123
lost,GO:0012506,12
lost,GO:0012507,1
lost,GO:0014069,1
lost,GO:0014070,20
lost,GO:0014706,1
lost,GO:0014731,1
lost,GO:0015030,1
lost,GO:0015031,59
lost,GO:0015035,5
lost,GO:0015036,1
lost,GO:0015038,1
lost,GO:0015074,53
lost,GO:0015075,28
lost,GO:0015077,2
lost,GO:0015078,3
lost,GO:0015079,2
lost,GO:0015081,3
lost,GO:0015085,7
lost,GO:0015086,2
lost,GO:0015095,1
lost,GO:0015098,1
lost,GO:0015103,4
lost,GO:0015108,1
lost,GO:0015112,1
lost,GO:0015116,3
lost,GO:0015120,1
lost,GO:0015144,6
lost,GO:0015145,2
lost,GO:0015152,1
lost,GO:0015165,1
lost,GO:0015171,10
lost,GO:0015172,1
lost,GO:0015174,1
lost,GO:0015175,2
lost,GO:0015179,3
lost,GO:0015180,4
lost,GO:0015184,1
lost,GO:0015185,4
lost,GO:0015186,1
lost,GO:0015189,3
lost,GO:0015193,2
lost,GO:0015194,1
lost,GO:0015215,2
lost,GO:0015216,2
lost,GO:0015217,1
lost,GO:0015232,1
lost,GO:0015238,9
lost,GO:0015248,3
lost,GO:0015250,1
lost,GO:0015267,5
lost,GO:0015276,1
lost,GO:0015291,4
lost,GO:0015293,1
lost,GO:0015297,11
lost,GO:0015298,1
lost,GO:0015299,1
lost,GO:0015318,26
lost,GO:0015399,9
lost,GO:0015405,9
lost,GO:0015421,5
lost,GO:0015450,1
lost,GO:0015491,3
lost,GO:0015562,1
lost,GO:0015605,3
lost,GO:0015616,1
lost,GO:0015629,10
lost,GO:0015630,26
lost,GO:0015631,4
lost,GO:0015643,3
lost,GO:0015662,6
lost,GO:0015665,1
lost,GO:0015671,4
lost,GO:0015672,4
lost,GO:0015689,1
lost,GO:0015693,1
lost,GO:0015698,5
lost,GO:0015706,1
lost,GO:0015711,20
lost,GO:0015712,1
lost,GO:0015713,1
lost,GO:0015714,1
lost,GO:0015717,1
lost,GO:0015718,5
lost,GO:0015721,2
lost,GO:0015740,1
lost,GO:0015743,3
lost,GO:0015748,7
lost,GO:0015749,2
lost,GO:0015760,1
lost,GO:0015780,2
lost,GO:0015800,1
lost,GO:0015801,1
lost,GO:0015802,1
lost,GO:0015804,2
lost,GO:0015805,1
lost,GO:0015807,2
lost,GO:0015808,1
lost,GO:0015809,1
lost,GO:0015810,1
lost,GO:0015811,1
lost,GO:0015812,4
lost,GO:0015813,1
lost,GO:0015824,2
lost,GO:0015825,1
lost,GO:0015827,1
lost,GO:0015833,50
lost,GO:0015849,13
lost,GO:0015850,3
lost,GO:0015865,2
lost,GO:0015866,1
lost,GO:0015867,2
lost,GO:0015868,2
lost,GO:0015886,1
lost,GO:0015893,9
lost,GO:0015914,4
lost,GO:0015919,1
lost,GO:0015923,2
lost,GO:0015924,1
lost,GO:0015926,3
lost,GO:0015929,1
lost,GO:0015931,13
lost,GO:0015932,3
lost,GO:0015934,8
lost,GO:0015935,10
lost,GO:0015936,1
lost,GO:0015937,4
lost,GO:0015939,4
lost,GO:0015940,4
lost,GO:0015977,2
lost,GO:0015979,21
lost,GO:0015980,1
lost,GO:0015985,1
lost,GO:0015986,3
lost,GO:0015990,5
lost,GO:0015994,3
lost,GO:0015995,3
lost,GO:0015996,3
lost,GO:0016018,1
lost,GO:0016020,543
lost,GO:0016021,27
lost,GO:0016032,2
lost,GO:0016036,2
lost,GO:0016042,4
lost,GO:0016043,146
lost,GO:0016049,9
lost,GO:0016050,24
lost,GO:0016051,7
lost,GO:0016052,4
lost,GO:0016053,36
lost,GO:0016054,4
lost,GO:0016063,1
lost,GO:0016070,114
lost,GO:0016071,22
lost,GO:0016072,19
lost,GO:0016075,2
lost,GO:0016079,1
lost,GO:0016080,1
lost,GO:0016081,1
lost,GO:0016101,3
lost,GO:0016102,5
lost,GO:0016103,1
lost,GO:0016104,6
lost,GO:0016106,1
lost,GO:0016108,1
lost,GO:0016109,1
lost,GO:0016114,7
lost,GO:0016115,1
lost,GO:0016116,1
lost,GO:0016117,2
lost,GO:0016119,1
lost,GO:0016120,1
lost,GO:0016122,1
lost,GO:0016123,2
lost,GO:0016125,7
lost,GO:0016126,3
lost,GO:0016132,4
lost,GO:0016143,4
lost,GO:0016144,3
lost,GO:0016151,1
lost,GO:0016157,2
lost,GO:0016161,2
lost,GO:0016166,1
lost,GO:0016168,1
lost,GO:0016192,69
lost,GO:0016197,15
lost,GO:0016208,2
lost,GO:0016209,1
lost,GO:0016211,1
lost,GO:0016226,6
lost,GO:0016234,1
lost,GO:0016236,2
lost,GO:0016246,4
lost,GO:0016251,5
lost,GO:0016255,1
lost,GO:0016272,2
lost,GO:0016274,2
lost,GO:0016278,7
lost,GO:0016279,8
lost,GO:0016297,3
lost,GO:0016298,4
lost,GO:0016301,69
lost,GO:0016308,3
lost,GO:0016310,70
lost,GO:0016311,15
lost,GO:0016323,1
lost,GO:0016405,7
lost,GO:0016407,2
lost,GO:0016409,2
lost,GO:0016410,5
lost,GO:0016413,4
lost,GO:0016420,2
lost,GO:0016421,1
lost,GO:0016423,1
lost,GO:0016434,6
lost,GO:0016441,8
lost,GO:0016442,1
lost,GO:0016444,1
lost,GO:0016458,12
lost,GO:0016460,3
lost,GO:0016462,36
lost,GO:0016471,1
lost,GO:0016477,7
lost,GO:0016482,6
lost,GO:0016485,6
lost,GO:0016491,107
lost,GO:0016514,2
lost,GO:0016538,2
lost,GO:0016554,1
lost,GO:0016556,2
lost,GO:0016558,2
lost,GO:0016559,3
lost,GO:0016567,89
lost,GO:0016569,12
lost,GO:0016570,12
lost,GO:0016571,5
lost,GO:0016573,1
lost,GO:0016575,6
lost,GO:0016577,3
lost,GO:0016579,11
lost,GO:0016581,2
lost,GO:0016589,1
lost,GO:0016591,9
lost,GO:0016592,13
lost,GO:0016597,1
lost,GO:0016602,7
lost,GO:0016603,1
lost,GO:0016604,11
lost,GO:0016605,1
lost,GO:0016607,6
lost,GO:0016614,11
lost,GO:0016616,35
lost,GO:0016618,2
lost,GO:0016620,8
lost,GO:0016624,1
lost,GO:0016627,5
lost,GO:0016628,5
lost,GO:0016634,1
lost,GO:0016638,1
lost,GO:0016639,1
lost,GO:0016641,1
lost,GO:0016645,2
lost,GO:0016646,1
lost,GO:0016647,1
lost,GO:0016651,6
lost,GO:0016667,1
lost,GO:0016668,1
lost,GO:0016670,1
lost,GO:0016671,2
lost,GO:0016679,5
lost,GO:0016682,5
lost,GO:0016701,3
lost,GO:0016702,5
lost,GO:0016703,3
lost,GO:0016705,53
lost,GO:0016706,3
lost,GO:0016707,2
lost,GO:0016709,3
lost,GO:0016717,1
lost,GO:0016722,2
lost,GO:0016725,1
lost,GO:0016740,170
lost,GO:0016741,18
lost,GO:0016743,1
lost,GO:0016746,16
lost,GO:0016747,24
lost,GO:0016755,1
lost,GO:0016756,1
lost,GO:0016757,26
lost,GO:0016758,3
lost,GO:0016760,5
lost,GO:0016762,7
lost,GO:0016763,3
lost,GO:0016765,5
lost,GO:0016772,78
lost,GO:0016773,61
lost,GO:0016775,1
lost,GO:0016779,20
lost,GO:0016780,1
lost,GO:0016783,1
lost,GO:0016787,166
lost,GO:0016788,87
lost,GO:0016790,2
lost,GO:0016791,18
lost,GO:0016796,2
lost,GO:0016798,13
lost,GO:0016799,5
lost,GO:0016801,3
lost,GO:0016803,3
lost,GO:0016810,6
lost,GO:0016811,13
lost,GO:0016817,38
lost,GO:0016818,37
lost,GO:0016819,1
lost,GO:0016829,31
lost,GO:0016830,18
lost,GO:0016831,2
lost,GO:0016833,17
lost,GO:0016835,1
lost,GO:0016836,2
lost,GO:0016840,1
lost,GO:0016841,1
lost,GO:0016846,1
lost,GO:0016849,2
lost,GO:0016853,12
lost,GO:0016857,1
lost,GO:0016859,5
lost,GO:0016860,1
lost,GO:0016863,1
lost,GO:0016866,11
lost,GO:0016872,2
lost,GO:0016874,20
lost,GO:0016875,2
lost,GO:0016877,2
lost,GO:0016878,1
lost,GO:0016879,11
lost,GO:0016880,1
lost,GO:0016881,12
lost,GO:0016885,1
lost,GO:0016886,4
lost,GO:0016887,94
lost,GO:0016891,4
lost,GO:0016893,2
lost,GO:0016896,2
lost,GO:0016899,1
lost,GO:0016903,2
lost,GO:0016922,1
lost,GO:0016925,3
lost,GO:0016926,2
lost,GO:0016929,2
lost,GO:0016973,6
lost,GO:0016984,2
lost,GO:0016985,5
lost,GO:0016998,5
lost,GO:0016999,5
lost,GO:0017000,2
lost,GO:0017001,1
lost,GO:0017004,4
lost,GO:0017016,10
lost,GO:0017022,6
lost,GO:0017038,8
lost,GO:0017048,1
lost,GO:0017049,1
lost,GO:0017053,4
lost,GO:0017056,2
lost,GO:0017062,2
lost,GO:0017069,1
lost,GO:0017070,1
lost,GO:0017076,12
lost,GO:0017077,1
lost,GO:0017101,3
lost,GO:0017102,1
lost,GO:0017108,1
lost,GO:0017111,37
lost,GO:0017112,1
lost,GO:0017116,4
lost,GO:0017119,2
lost,GO:0017137,9
lost,GO:0017144,13
lost,GO:0017148,6
lost,GO:0017156,1
lost,GO:0017171,6
lost,GO:0017183,5
lost,GO:0017186,1
lost,GO:0017196,1
lost,GO:0018022,7
lost,GO:0018023,2
lost,GO:0018024,5
lost,GO:0018026,4
lost,GO:0018027,1
lost,GO:0018105,10
lost,GO:0018106,1
lost,GO:0018107,3
lost,GO:0018130,63
lost,GO:0018193,25
lost,GO:0018196,2
lost,GO:0018199,1
lost,GO:0018202,1
lost,GO:0018205,11
lost,GO:0018208,5
lost,GO:0018209,5
lost,GO:0018216,2
lost,GO:0018230,1
lost,GO:0018279,2
lost,GO:0018345,3
lost,GO:0018393,1
lost,GO:0018394,1
lost,GO:0018401,1
lost,GO:0018444,1
lost,GO:0018822,1
lost,GO:0018904,3
lost,GO:0018958,1
lost,GO:0018995,1
lost,GO:0019001,2
lost,GO:0019005,14
lost,GO:0019058,1
lost,GO:0019104,3
lost,GO:0019135,1
lost,GO:0019150,3
lost,GO:0019199,13
lost,GO:0019200,3
lost,GO:0019202,1
lost,GO:0019205,3
lost,GO:0019206,3
lost,GO:0019207,5
lost,GO:0019209,1
lost,GO:0019210,1
lost,GO:0019212,1
lost,GO:0019213,2
lost,GO:0019216,10
lost,GO:0019218,3
lost,GO:0019219,100
lost,GO:0019220,9
lost,GO:0019221,2
lost,GO:0019222,165
lost,GO:0019233,1
lost,GO:0019239,3
lost,GO:0019240,1
lost,GO:0019243,2
lost,GO:0019264,2
lost,GO:0019287,1
lost,GO:0019288,2
lost,GO:0019310,2
lost,GO:0019318,2
lost,GO:0019344,1
lost,GO:0019354,2
lost,GO:0019355,1
lost,GO:0019359,1
lost,GO:0019362,2
lost,GO:0019363,1
lost,GO:0019369,3
lost,GO:0019373,3
lost,GO:0019379,1
lost,GO:0019395,2
lost,GO:0019432,3
lost,GO:0019438,67
lost,GO:0019439,9
lost,GO:0019499,1
lost,GO:0019500,1
lost,GO:0019538,207
lost,GO:0019544,1
lost,GO:0019637,14
lost,GO:0019646,1
lost,GO:0019674,2
lost,GO:0019676,1
lost,GO:0019682,2
lost,GO:0019684,8
lost,GO:0019693,8
lost,GO:0019706,1
lost,GO:0019722,8
lost,GO:0019725,9
lost,GO:0019730,1
lost,GO:0019740,1
lost,GO:0019747,1
lost,GO:0019748,19
lost,GO:0019752,51
lost,GO:0019757,4
lost,GO:0019758,3
lost,GO:0019760,4
lost,GO:0019761,3
lost,GO:0019773,3
lost,GO:0019774,1
lost,GO:0019776,2
lost,GO:0019783,2
lost,GO:0019787,53
lost,GO:0019788,1
lost,GO:0019825,5
lost,GO:0019827,1
lost,GO:0019829,10
lost,GO:0019835,1
lost,GO:0019842,3
lost,GO:0019843,14
lost,GO:0019852,1
lost,GO:0019853,1
lost,GO:0019856,1
lost,GO:0019858,2
lost,GO:0019866,17
lost,GO:0019867,7
lost,GO:0019877,1
lost,GO:0019878,1
lost,GO:0019882,2
lost,GO:0019884,2
lost,GO:0019886,2
lost,GO:0019887,1
lost,GO:0019888,5
lost,GO:0019889,1
lost,GO:0019897,7
lost,GO:0019898,13
lost,GO:0019899,49
lost,GO:0019900,8
lost,GO:0019901,6
lost,GO:0019902,9
lost,GO:0019904,6
lost,GO:0019905,5
lost,GO:0019912,1
lost,GO:0019915,1
lost,GO:0019919,2
lost,GO:0019932,6
lost,GO:0019941,43
lost,GO:0019953,19
lost,GO:0019985,1
lost,GO:0020002,1
lost,GO:0020037,80
lost,GO:0021700,9
lost,GO:0022008,1
lost,GO:0022402,24
lost,GO:0022406,6
lost,GO:0022411,6
lost,GO:0022412,9
lost,GO:0022413,2
lost,GO:0022414,82
lost,GO:0022416,2
lost,GO:0022417,1
lost,GO:0022603,7
lost,GO:0022604,5
lost,GO:0022607,48
lost,GO:0022610,3
lost,GO:0022611,1
lost,GO:0022613,24
lost,GO:0022616,4
lost,GO:0022618,19
lost,GO:0022622,27
lost,GO:0022625,29
lost,GO:0022626,8
lost,GO:0022627,11
lost,GO:0022803,2
lost,GO:0022804,13
lost,GO:0022821,2
lost,GO:0022838,2
lost,GO:0022853,6
lost,GO:0022857,89
lost,GO:0022858,1
lost,GO:0022884,3
lost,GO:0022889,1
lost,GO:0022890,10
lost,GO:0022898,2
lost,GO:0022900,4
lost,GO:0022904,2
lost,GO:0023051,40
lost,GO:0023052,83
lost,GO:0023056,8
lost,GO:0023057,9
lost,GO:0023061,1
lost,GO:0030001,17
lost,GO:0030003,8
lost,GO:0030004,3
lost,GO:0030008,1
lost,GO:0030011,1
lost,GO:0030014,4
lost,GO:0030015,3
lost,GO:0030016,1
lost,GO:0030017,1
lost,GO:0030026,1
lost,GO:0030029,4
lost,GO:0030030,5
lost,GO:0030031,4
lost,GO:0030036,6
lost,GO:0030041,1
lost,GO:0030048,1
lost,GO:0030054,41
lost,GO:0030060,1
lost,GO:0030071,2
lost,GO:0030091,2
lost,GO:0030093,1
lost,GO:0030097,2
lost,GO:0030099,1
lost,GO:0030100,9
lost,GO:0030104,2
lost,GO:0030117,9
lost,GO:0030119,1
lost,GO:0030120,7
lost,GO:0030123,1
lost,GO:0030125,1
lost,GO:0030126,10
lost,GO:0030130,1
lost,GO:0030132,1
lost,GO:0030133,10
lost,GO:0030134,10
lost,GO:0030135,17
lost,GO:0030137,7
lost,GO:0030141,11
lost,GO:0030145,4
lost,GO:0030148,2
lost,GO:0030150,8
lost,GO:0030154,52
lost,GO:0030162,13
lost,GO:0030163,62
lost,GO:0030170,13
lost,GO:0030174,4
lost,GO:0030176,1
lost,GO:0030182,1
lost,GO:0030198,2
lost,GO:0030203,1
lost,GO:0030218,1
lost,GO:0030234,14
lost,GO:0030242,1
lost,GO:0030244,6
lost,GO:0030246,21
lost,GO:0030247,16
lost,GO:0030258,8
lost,GO:0030260,1
lost,GO:0030261,6
lost,GO:0030267,2
lost,GO:0030275,2
lost,GO:0030276,2
lost,GO:0030295,5
lost,GO:0030308,1
lost,GO:0030312,20
lost,GO:0030327,1
lost,GO:0030328,1
lost,GO:0030330,1
lost,GO:0030332,2
lost,GO:0030334,5
lost,GO:0030335,2
lost,GO:0030336,3
lost,GO:0030422,8
lost,GO:0030425,2
lost,GO:0030427,5
lost,GO:0030428,3
lost,GO:0030433,2
lost,GO:0030435,2
lost,GO:0030437,2
lost,GO:0030479,1
lost,GO:0030488,2
lost,GO:0030490,13
lost,GO:0030491,1
lost,GO:0030496,3
lost,GO:0030497,1
lost,GO:0030507,1
lost,GO:0030515,5
lost,GO:0030518,3
lost,GO:0030521,3
lost,GO:0030522,3
lost,GO:0030527,42
lost,GO:0030532,4
lost,GO:0030544,1
lost,GO:0030554,8
lost,GO:0030570,7
lost,GO:0030587,4
lost,GO:0030599,9
lost,GO:0030619,1
lost,GO:0030620,1
lost,GO:0030623,1
lost,GO:0030628,3
lost,GO:0030639,3
lost,GO:0030641,2
lost,GO:0030656,1
lost,GO:0030658,4
lost,GO:0030659,12
lost,GO:0030660,8
lost,GO:0030662,8
lost,GO:0030663,7
lost,GO:0030672,3
lost,GO:0030674,5
lost,GO:0030677,2
lost,GO:0030681,2
lost,GO:0030684,9
lost,GO:0030686,8
lost,GO:0030687,5
lost,GO:0030689,1
lost,GO:0030690,1
lost,GO:0030691,1
lost,GO:0030695,5
lost,GO:0030696,1
lost,GO:0030705,1
lost,GO:0030707,1
lost,GO:0030742,1
lost,GO:0030808,1
lost,GO:0030811,1
lost,GO:0030832,6
lost,GO:0030833,6
lost,GO:0030837,4
lost,GO:0030838,2
lost,GO:0030855,1
lost,GO:0030863,4
lost,GO:0030864,1
lost,GO:0030865,4
lost,GO:0030866,3
lost,GO:0030867,1
lost,GO:0030880,14
lost,GO:0030891,1
lost,GO:0030894,1
lost,GO:0030897,3
lost,GO:0030898,1
lost,GO:0030903,2
lost,GO:0030915,1
lost,GO:0030941,2
lost,GO:0030942,1
lost,GO:0030943,2
lost,GO:0030955,2
lost,GO:0030956,1
lost,GO:0030964,1
lost,GO:0030968,7
lost,GO:0030976,1
lost,GO:0030981,3
lost,GO:0030983,5
lost,GO:0030994,3
lost,GO:0031010,1
lost,GO:0031011,2
lost,GO:0031021,1
lost,GO:0031047,11
lost,GO:0031048,2
lost,GO:0031050,6
lost,GO:0031053,1
lost,GO:0031056,2
lost,GO:0031057,1
lost,GO:0031060,1
lost,GO:0031071,1
lost,GO:0031072,2
lost,GO:0031080,1
lost,GO:0031090,89
lost,GO:0031091,2
lost,GO:0031093,2
lost,GO:0031118,1
lost,GO:0031119,3
lost,GO:0031120,1
lost,GO:0031122,4
lost,GO:0031123,10
lost,GO:0031124,9
lost,GO:0031134,1
lost,GO:0031145,5
lost,GO:0031146,40
lost,GO:0031156,1
lost,GO:0031167,6
lost,GO:0031175,1
lost,GO:0031177,2
lost,GO:0031201,18
lost,GO:0031209,5
lost,GO:0031222,3
lost,GO:0031224,34
lost,GO:0031225,7
lost,GO:0031226,16
lost,GO:0031227,1
lost,GO:0031262,2
lost,GO:0031267,11
lost,GO:0031297,5
lost,GO:0031300,4
lost,GO:0031301,4
lost,GO:0031312,4
lost,GO:0031313,4
lost,GO:0031321,2
lost,GO:0031322,2
lost,GO:0031323,146
lost,GO:0031324,21
lost,GO:0031325,52
lost,GO:0031326,117
lost,GO:0031327,17
lost,GO:0031328,34
lost,GO:0031329,15
lost,GO:0031331,14
lost,GO:0031332,1
lost,GO:0031333,4
lost,GO:0031334,2
lost,GO:0031338,7
lost,GO:0031347,23
lost,GO:0031348,13
lost,GO:0031349,3
lost,GO:0031350,3
lost,GO:0031351,3
lost,GO:0031354,3
lost,GO:0031355,3
lost,GO:0031358,3
lost,GO:0031359,3
lost,GO:0031369,6
lost,GO:0031380,2
lost,GO:0031386,2
lost,GO:0031399,8
lost,GO:0031400,5
lost,GO:0031401,2
lost,GO:0031404,9
lost,GO:0031410,51
lost,GO:0031415,2
lost,GO:0031417,1
lost,GO:0031418,1
lost,GO:0031422,3
lost,GO:0031428,1
lost,GO:0031429,1
lost,GO:0031430,1
lost,GO:0031436,5
lost,GO:0031461,1
lost,GO:0031464,3
lost,GO:0031468,1
lost,GO:0031490,15
lost,GO:0031491,4
lost,GO:0031492,4
lost,GO:0031503,10
lost,GO:0031505,3
lost,GO:0031507,4
lost,GO:0031515,1
lost,GO:0031570,1
lost,GO:0031571,1
lost,GO:0031577,1
lost,GO:0031581,1
lost,GO:0031593,4
lost,GO:0031624,1
lost,GO:0031625,16
lost,GO:0031638,2
lost,GO:0031640,1
lost,GO:0031647,4
lost,GO:0031667,9
lost,GO:0031668,8
lost,GO:0031669,8
lost,GO:0031670,1
lost,GO:0031672,1
lost,GO:0031901,4
lost,GO:0031902,6
lost,GO:0031904,2
lost,GO:0031907,3
lost,GO:0031930,9
lost,GO:0031965,7
lost,GO:0031966,13
lost,GO:0031967,53
lost,GO:0031968,6
lost,GO:0031969,13
lost,GO:0031970,2
lost,GO:0031974,115
lost,GO:0031975,53
lost,GO:0031976,21
lost,GO:0031977,4
lost,GO:0031981,100
lost,GO:0031982,56
lost,GO:0031983,11
lost,GO:0031984,60
lost,GO:0032012,1
lost,GO:0032029,1
lost,GO:0032036,1
lost,GO:0032040,6
lost,GO:0032050,1
lost,GO:0032051,4
lost,GO:0032092,1
lost,GO:0032101,4
lost,GO:0032102,1
lost,GO:0032103,4
lost,GO:0032104,1
lost,GO:0032106,1
lost,GO:0032107,1
lost,GO:0032109,1
lost,GO:0032116,2
lost,GO:0032135,1
lost,GO:0032147,3
lost,GO:0032153,5
lost,GO:0032155,3
lost,GO:0032182,1
lost,GO:0032196,9
lost,GO:0032197,8
lost,GO:0032200,1
lost,GO:0032204,1
lost,GO:0032206,1
lost,GO:0032210,1
lost,GO:0032212,1
lost,GO:0032259,22
lost,GO:0032264,1
lost,GO:0032266,2
lost,GO:0032268,26
lost,GO:0032269,10
lost,GO:0032270,16
lost,GO:0032271,6
lost,GO:0032272,4
lost,GO:0032273,2
lost,GO:0032279,3
lost,GO:0032280,2
lost,GO:0032296,1
lost,GO:0032300,1
lost,GO:0032301,3
lost,GO:0032328,1
lost,GO:0032329,1
lost,GO:0032350,16
lost,GO:0032367,2
lost,GO:0032368,1
lost,GO:0032386,2
lost,GO:0032388,2
lost,GO:0032392,7
lost,GO:0032409,2
lost,GO:0032412,2
lost,GO:0032434,1
lost,GO:0032436,2
lost,GO:0032440,1
lost,GO:0032446,63
lost,GO:0032451,4
lost,GO:0032452,3
lost,GO:0032454,7
lost,GO:0032456,2
lost,GO:0032465,1
lost,GO:0032469,1
lost,GO:0032501,156
lost,GO:0032502,183
lost,GO:0032504,26
lost,GO:0032505,2
lost,GO:0032506,3
lost,GO:0032508,22
lost,GO:0032509,1
lost,GO:0032511,3
lost,GO:0032535,6
lost,GO:0032543,10
lost,GO:0032544,2
lost,GO:0032549,7
lost,GO:0032550,2
lost,GO:0032553,10
lost,GO:0032555,10
lost,GO:0032559,8
lost,GO:0032561,2
lost,GO:0032588,6
lost,GO:0032592,1
lost,GO:0032680,2
lost,GO:0032760,2
lost,GO:0032774,21
lost,GO:0032780,3
lost,GO:0032781,1
lost,GO:0032784,4
lost,GO:0032786,4
lost,GO:0032787,16
lost,GO:0032801,2
lost,GO:0032806,1
lost,GO:0032807,1
lost,GO:0032838,2
lost,GO:0032870,33
lost,GO:0032872,1
lost,GO:0032873,1
lost,GO:0032875,1
lost,GO:0032879,38
lost,GO:0032880,8
lost,GO:0032890,1
lost,GO:0032934,3
lost,GO:0032940,25
lost,GO:0032956,6
lost,GO:0032957,1
lost,GO:0032968,5
lost,GO:0032970,7
lost,GO:0032977,1
lost,GO:0032979,1
lost,GO:0032981,1
lost,GO:0032984,3
lost,GO:0032989,19
lost,GO:0032991,143
lost,GO:0032993,1
lost,GO:0033013,3
lost,GO:0033014,5
lost,GO:0033036,67
lost,GO:0033037,2
lost,GO:0033043,20
lost,GO:0033044,6
lost,GO:0033045,5
lost,GO:0033046,3
lost,GO:0033047,3
lost,GO:0033048,2
lost,GO:0033059,2
lost,GO:0033060,2
lost,GO:0033108,2
lost,GO:0033116,9
lost,GO:0033119,1
lost,GO:0033120,1
lost,GO:0033135,1
lost,GO:0033138,1
lost,GO:0033143,2
lost,GO:0033144,1
lost,GO:0033146,1
lost,GO:0033147,1
lost,GO:0033157,2
lost,GO:0033169,3
lost,GO:0033179,5
lost,GO:0033206,1
lost,GO:0033218,6
lost,GO:0033233,1
lost,GO:0033234,1
lost,GO:0033260,6
lost,GO:0033263,4
lost,GO:0033275,1
lost,GO:0033314,1
lost,GO:0033317,4
lost,GO:0033321,1
lost,GO:0033356,2
lost,GO:0033365,21
lost,GO:0033389,1
lost,GO:0033396,2
lost,GO:0033500,1
lost,GO:0033506,1
lost,GO:0033539,1
lost,GO:0033540,1
lost,GO:0033554,51
lost,GO:0033558,2
lost,GO:0033559,3
lost,GO:0033565,1
lost,GO:0033566,1
lost,GO:0033567,4
lost,GO:0033588,1
lost,GO:0033612,16
lost,GO:0033613,2
lost,GO:0033643,1
lost,GO:0033644,1
lost,GO:0033646,1
lost,GO:0033647,1
lost,GO:0033673,2
lost,GO:0033674,1
lost,GO:0033692,2
lost,GO:0033699,1
lost,GO:0033750,3
lost,GO:0033809,1
lost,GO:0033862,1
lost,GO:0033865,2
lost,GO:0033875,2
lost,GO:0033897,7
lost,GO:0033926,1
lost,GO:0033993,37
lost,GO:0034032,2
lost,GO:0034038,5
lost,GO:0034045,3
lost,GO:0034046,1
lost,GO:0034050,8
lost,GO:0034051,1
lost,GO:0034052,1
lost,GO:0034061,9
lost,GO:0034062,4
lost,GO:0034067,2
lost,GO:0034086,3
lost,GO:0034088,3
lost,GO:0034097,2
lost,GO:0034101,1
lost,GO:0034204,2
lost,GO:0034219,1
lost,GO:0034220,32
lost,GO:0034237,2
lost,GO:0034243,1
lost,GO:0034244,3
lost,GO:0034245,4
lost,GO:0034248,7
lost,GO:0034249,5
lost,GO:0034250,1
lost,GO:0034256,1
lost,GO:0034274,2
lost,GO:0034284,1
lost,GO:0034285,2
lost,GO:0034293,3
lost,GO:0034329,1
lost,GO:0034330,1
lost,GO:0034349,1
lost,GO:0034357,18
lost,GO:0034388,2
lost,GO:0034397,1
lost,GO:0034398,1
lost,GO:0034399,1
lost,GO:0034404,3
lost,GO:0034427,5
lost,GO:0034440,6
lost,GO:0034450,1
lost,GO:0034462,2
lost,GO:0034470,22
lost,GO:0034471,3
lost,GO:0034475,5
lost,GO:0034477,1
lost,GO:0034502,1
lost,GO:0034504,1
lost,GO:0034511,2
lost,GO:0034515,1
lost,GO:0034517,1
lost,GO:0034551,3
lost,GO:0034593,1
lost,GO:0034595,1
lost,GO:0034599,7
lost,GO:0034605,15
lost,GO:0034613,52
lost,GO:0034614,3
lost,GO:0034620,2
lost,GO:0034622,30
lost,GO:0034627,1
lost,GO:0034628,1
lost,GO:0034629,1
lost,GO:0034637,4
lost,GO:0034641,171
lost,GO:0034644,1
lost,GO:0034645,60
lost,GO:0034654,38
lost,GO:0034655,6
lost,GO:0034660,25
lost,GO:0034663,1
lost,GO:0034702,1
lost,GO:0034703,1
lost,GO:0034704,1
lost,GO:0034715,1
lost,GO:0034719,1
lost,GO:0034727,3
lost,GO:0034728,2
lost,GO:0034754,1
lost,GO:0034755,2
lost,GO:0034762,2
lost,GO:0034765,2
lost,GO:0034774,11
lost,GO:0034968,5
lost,GO:0034969,2
lost,GO:0034976,3
lost,GO:0035010,1
lost,GO:0035014,4
lost,GO:0035061,1
lost,GO:0035065,1
lost,GO:0035067,1
lost,GO:0035082,1
lost,GO:0035088,1
lost,GO:0035090,1
lost,GO:0035091,6
lost,GO:0035097,1
lost,GO:0035145,1
lost,GO:0035150,3
lost,GO:0035166,1
lost,GO:0035167,1
lost,GO:0035189,1
lost,GO:0035194,8
lost,GO:0035195,2
lost,GO:0035196,2
lost,GO:0035220,3
lost,GO:0035251,19
lost,GO:0035257,6
lost,GO:0035258,5
lost,GO:0035267,3
lost,GO:0035269,2
lost,GO:0035295,4
lost,GO:0035296,3
lost,GO:0035308,2
lost,GO:0035312,1
lost,GO:0035327,1
lost,GO:0035336,7
lost,GO:0035337,1
lost,GO:0035383,2
lost,GO:0035434,1
lost,GO:0035435,1
lost,GO:0035436,1
lost,GO:0035493,1
lost,GO:0035494,1
lost,GO:0035514,3
lost,GO:0035524,2
lost,GO:0035529,2
lost,GO:0035542,2
lost,GO:0035551,2
lost,GO:0035556,34
lost,GO:0035561,1
lost,GO:0035562,1
lost,GO:0035578,9
lost,GO:0035601,5
lost,GO:0035618,1
lost,GO:0035619,1
lost,GO:0035627,1
lost,GO:0035639,8
lost,GO:0035671,1
lost,GO:0035673,3
lost,GO:0035690,7
lost,GO:0035728,2
lost,GO:0035729,2
lost,GO:0035753,4
lost,GO:0035770,8
lost,GO:0035821,5
lost,GO:0035825,2
lost,GO:0035838,2
lost,GO:0035861,2
lost,GO:0035914,1
lost,GO:0035966,2
lost,GO:0035967,2
lost,GO:0035987,1
lost,GO:0035999,1
lost,GO:0036002,1
lost,GO:0036019,2
lost,GO:0036021,2
lost,GO:0036094,27
lost,GO:0036211,154
lost,GO:0036230,9
lost,GO:0036293,4
lost,GO:0036297,6
lost,GO:0036374,1
lost,GO:0036442,1
lost,GO:0036444,1
lost,GO:0036459,1
lost,GO:0036464,8
lost,GO:0036477,2
lost,GO:0036498,2
lost,GO:0036503,5
lost,GO:0036513,2
lost,GO:0038023,23
lost,GO:0038111,1
lost,GO:0040007,10
lost,GO:0040008,16
lost,GO:0040011,6
lost,GO:0040012,6
lost,GO:0040013,3
lost,GO:0040014,2
lost,GO:0040015,2
lost,GO:0040017,3
lost,GO:0040029,14
lost,GO:0040034,1
lost,GO:0042023,1
lost,GO:0042026,3
lost,GO:0042030,3
lost,GO:0042044,2
lost,GO:0042054,11
lost,GO:0042058,1
lost,GO:0042119,9
lost,GO:0042127,14
lost,GO:0042133,2
lost,GO:0042134,7
lost,GO:0042136,2
lost,GO:0042138,4
lost,GO:0042147,3
lost,GO:0042148,2
lost,GO:0042149,1
lost,GO:0042157,1
lost,GO:0042158,1
lost,GO:0042159,1
lost,GO:0042162,1
lost,GO:0042170,10
lost,GO:0042175,24
lost,GO:0042176,10
lost,GO:0042180,4
lost,GO:0042181,3
lost,GO:0042221,144
lost,GO:0042254,23
lost,GO:0042255,14
lost,GO:0042256,1
lost,GO:0042273,17
lost,GO:0042274,11
lost,GO:0042276,1
lost,GO:0042277,4
lost,GO:0042285,2
lost,GO:0042292,1
lost,GO:0042300,1
lost,GO:0042301,1
lost,GO:0042325,9
lost,GO:0042326,3
lost,GO:0042327,2
lost,GO:0042330,1
lost,GO:0042335,7
lost,GO:0042359,2
lost,GO:0042364,5
lost,GO:0042372,1
lost,GO:0042391,1
lost,GO:0042393,15
lost,GO:0042398,5
lost,GO:0042401,16
lost,GO:0042402,1
lost,GO:0042405,1
lost,GO:0042430,18
lost,GO:0042435,18
lost,GO:0042440,11
lost,GO:0042441,3
lost,GO:0042445,6
lost,GO:0042446,3
lost,GO:0042447,1
lost,GO:0042450,1
lost,GO:0042455,3
lost,GO:0042493,31
lost,GO:0042500,6
lost,GO:0042538,6
lost,GO:0042542,7
lost,GO:0042545,11
lost,GO:0042546,14
lost,GO:0042548,1
lost,GO:0042549,2
lost,GO:0042551,1
lost,GO:0042555,3
lost,GO:0042558,1
lost,GO:0042559,1
lost,GO:0042562,1
lost,GO:0042577,3
lost,GO:0042578,15
lost,GO:0042579,9
lost,GO:0042582,9
lost,GO:0042592,19
lost,GO:0042594,9
lost,GO:0042623,32
lost,GO:0042625,6
lost,GO:0042626,33
lost,GO:0042632,3
lost,GO:0042641,1
lost,GO:0042644,1
lost,GO:0042645,1
lost,GO:0042646,2
lost,GO:0042651,18
lost,GO:0042659,1
lost,GO:0042692,1
lost,GO:0042721,3
lost,GO:0042737,1
lost,GO:0042742,38
lost,GO:0042743,1
lost,GO:0042744,20
lost,GO:0042752,1
lost,GO:0042759,3
lost,GO:0042761,1
lost,GO:0042763,2
lost,GO:0042764,2
lost,GO:0042765,1
lost,GO:0042766,1
lost,GO:0042770,1
lost,GO:0042773,6
lost,GO:0042775,1
lost,GO:0042776,7
lost,GO:0042788,2
lost,GO:0042800,1
lost,GO:0042802,31
lost,GO:0042803,13
lost,GO:0042826,3
lost,GO:0042873,1
lost,GO:0042879,1
lost,GO:0042886,50
lost,GO:0042887,3
lost,GO:0042910,6
lost,GO:0042937,1
lost,GO:0042938,1
lost,GO:0042973,3
lost,GO:0042981,3
lost,GO:0042995,7
lost,GO:0043001,4
lost,GO:0043005,2
lost,GO:0043007,1
lost,GO:0043009,1
lost,GO:0043021,4
lost,GO:0043022,6
lost,GO:0043023,4
lost,GO:0043024,1
lost,GO:0043038,2
lost,GO:0043039,5
lost,GO:0043043,12
lost,GO:0043044,1
lost,GO:0043047,2
lost,GO:0043062,2
lost,GO:0043066,3
lost,GO:0043067,6
lost,GO:0043068,1
lost,GO:0043069,5
lost,GO:0043076,2
lost,GO:0043078,2
lost,GO:0043085,9
lost,GO:0043086,10
lost,GO:0043087,5
lost,GO:0043090,2
lost,GO:0043094,6
lost,GO:0043097,3
lost,GO:0043112,4
lost,GO:0043130,6
lost,GO:0043138,7
lost,GO:0043140,5
lost,GO:0043155,1
lost,GO:0043161,48
lost,GO:0043167,45
lost,GO:0043168,28
lost,GO:0043169,23
lost,GO:0043170,324
lost,GO:0043174,3
lost,GO:0043175,3
lost,GO:0043181,1
lost,GO:0043182,1
lost,GO:0043186,1
lost,GO:0043187,3
lost,GO:0043189,2
lost,GO:0043197,2
lost,GO:0043200,3
lost,GO:0043202,3
lost,GO:0043207,65
lost,GO:0043226,517
lost,GO:0043227,502
lost,GO:0043228,118
lost,GO:0043229,512
lost,GO:0043230,1
lost,GO:0043231,513
lost,GO:0043232,118
lost,GO:0043233,115
lost,GO:0043248,2
lost,GO:0043253,1
lost,GO:0043254,9
lost,GO:0043266,2
lost,GO:0043269,3
lost,GO:0043288,1
lost,GO:0043289,1
lost,GO:0043292,1
lost,GO:0043295,6
lost,GO:0043299,9
lost,GO:0043312,9
lost,GO:0043324,3
lost,GO:0043328,1
lost,GO:0043331,6
lost,GO:0043332,3
lost,GO:0043353,1
lost,GO:0043388,1
lost,GO:0043393,1
lost,GO:0043401,5
lost,GO:0043408,1
lost,GO:0043409,1
lost,GO:0043412,195
lost,GO:0043413,2
lost,GO:0043414,18
lost,GO:0043419,1
lost,GO:0043424,5
lost,GO:0043433,1
lost,GO:0043436,51
lost,GO:0043449,1
lost,GO:0043450,1
lost,GO:0043455,1
lost,GO:0043462,4
lost,GO:0043467,2
lost,GO:0043470,1
lost,GO:0043473,5
lost,GO:0043474,3
lost,GO:0043476,3
lost,GO:0043478,1
lost,GO:0043479,1
lost,GO:0043480,1
lost,GO:0043481,1
lost,GO:0043482,2
lost,GO:0043484,2
lost,GO:0043485,2
lost,GO:0043487,3
lost,GO:0043488,5
lost,GO:0043489,1
lost,GO:0043492,11
lost,GO:0043495,1
lost,GO:0043523,2
lost,GO:0043524,2
lost,GO:0043530,1
lost,GO:0043531,66
lost,GO:0043543,2
lost,GO:0043547,5
lost,GO:0043549,7
lost,GO:0043550,5
lost,GO:0043551,4
lost,GO:0043562,1
lost,GO:0043565,71
lost,GO:0043570,5
lost,GO:0043574,4
lost,GO:0043596,5
lost,GO:0043601,1
lost,GO:0043603,19
lost,GO:0043604,16
lost,GO:0043621,10
lost,GO:0043622,4
lost,GO:0043624,2
lost,GO:0043625,1
lost,GO:0043631,4
lost,GO:0043632,43
lost,GO:0043648,2
lost,GO:0043651,1
lost,GO:0043656,1
lost,GO:0043657,1
lost,GO:0043666,1
lost,GO:0043687,4
lost,GO:0043879,1
lost,GO:0043900,3
lost,GO:0043928,5
lost,GO:0043933,44
lost,GO:0043934,3
lost,GO:0043935,2
lost,GO:0044003,4
lost,GO:0044027,5
lost,GO:0044036,6
lost,GO:0044038,2
lost,GO:0044042,11
lost,GO:0044070,1
lost,GO:0044085,61
lost,GO:0044087,9
lost,GO:0044089,2
lost,GO:0044092,6
lost,GO:0044093,11
lost,GO:0044106,17
lost,GO:0044156,1
lost,GO:0044163,1
lost,GO:0044183,4
lost,GO:0044212,20
lost,GO:0044215,1
lost,GO:0044216,1
lost,GO:0044217,1
lost,GO:0044218,1
lost,GO:0044219,1
lost,GO:0044237,393
lost,GO:0044238,374
lost,GO:0044242,3
lost,GO:0044247,3
lost,GO:0044248,78
lost,GO:0044249,129
lost,GO:0044255,20
lost,GO:0044257,58
lost,GO:0044260,254
lost,GO:0044262,11
lost,GO:0044264,6
lost,GO:0044265,64
lost,GO:0044267,191
lost,GO:0044270,7
lost,GO:0044271,76
lost,GO:0044272,7
lost,GO:0044275,3
lost,GO:0044277,3
lost,GO:0044279,1
lost,GO:0044281,71
lost,GO:0044282,4
lost,GO:0044283,44
lost,GO:0044309,2
lost,GO:0044322,2
lost,GO:0044347,3
lost,GO:0044364,1
lost,GO:0044389,8
lost,GO:0044390,1
lost,GO:0044391,7
lost,GO:0044396,1
lost,GO:0044403,9
lost,GO:0044409,1
lost,GO:0044417,3
lost,GO:0044419,11
lost,GO:0044421,14
lost,GO:0044422,272
lost,GO:0044424,590
lost,GO:0044425,83
lost,GO:0044426,1
lost,GO:0044427,26
lost,GO:0044428,111
lost,GO:0044429,22
lost,GO:0044430,28
lost,GO:0044431,27
lost,GO:0044432,34
lost,GO:0044433,36
lost,GO:0044434,61
lost,GO:0044435,62
lost,GO:0044436,19
lost,GO:0044437,34
lost,GO:0044438,3
lost,GO:0044439,3
lost,GO:0044440,14
lost,GO:0044441,2
lost,GO:0044444,373
lost,GO:0044445,8
lost,GO:0044446,271
lost,GO:0044447,2
lost,GO:0044448,7
lost,GO:0044449,1
lost,GO:0044451,31
lost,GO:0044452,8
lost,GO:0044454,16
lost,GO:0044455,5
lost,GO:0044456,7
lost,GO:0044457,3
lost,GO:0044459,28
lost,GO:0044462,1
lost,GO:0044463,6
lost,GO:0044464,677
lost,GO:0044545,1
lost,GO:0044550,14
lost,GO:0044614,1
lost,GO:0044615,1
lost,GO:0044620,2
lost,GO:0044703,19
lost,GO:0044706,5
lost,GO:0044728,3
lost,GO:0044743,3
lost,GO:0044764,6
lost,GO:0044766,3
lost,GO:0044770,1
lost,GO:0044772,3
lost,GO:0044773,1
lost,GO:0044774,1
lost,GO:0044782,1
lost,GO:0044783,1
lost,GO:0044786,6
lost,GO:0044798,12
lost,GO:0044819,1
lost,GO:0044843,1
lost,GO:0044853,1
lost,GO:0044877,11
lost,GO:0045004,1
lost,GO:0045005,3
lost,GO:0045010,5
lost,GO:0045017,2
lost,GO:0045022,5
lost,GO:0045025,1
lost,GO:0045036,7
lost,GO:0045037,4
lost,GO:0045039,5
lost,GO:0045041,1
lost,GO:0045047,2
lost,GO:0045055,12
lost,GO:0045087,45
lost,GO:0045088,9
lost,GO:0045089,3
lost,GO:0045116,1
lost,GO:0045145,5
lost,GO:0045156,2
lost,GO:0045159,4
lost,GO:0045165,11
lost,GO:0045168,2
lost,GO:0045176,2
lost,GO:0045177,2
lost,GO:0045182,1
lost,GO:0045184,52
lost,GO:0045197,1
lost,GO:0045199,1
lost,GO:0045202,8
lost,GO:0045211,1
lost,GO:0045229,6
lost,GO:0045252,1
lost,GO:0045259,1
lost,GO:0045261,7
lost,GO:0045263,1
lost,GO:0045271,2
lost,GO:0045277,3
lost,GO:0045292,2
lost,GO:0045296,1
lost,GO:0045300,1
lost,GO:0045321,9
lost,GO:0045332,8
lost,GO:0045333,1
lost,GO:0045337,1
lost,GO:0045430,2
lost,GO:0045445,1
lost,GO:0045454,3
lost,GO:0045487,1
lost,GO:0045488,2
lost,GO:0045490,3
lost,GO:0045491,2
lost,GO:0045492,3
lost,GO:0045493,3
lost,GO:0045543,1
lost,GO:0045595,6
lost,GO:0045596,2
lost,GO:0045597,1
lost,GO:0045637,1
lost,GO:0045639,1
lost,GO:0045649,1
lost,GO:0045651,1
lost,GO:0045703,1
lost,GO:0045727,3
lost,GO:0045732,11
lost,GO:0045736,1
lost,GO:0045742,1
lost,GO:0045746,1
lost,GO:0045777,1
lost,GO:0045786,5
lost,GO:0045787,4
lost,GO:0045806,3
lost,GO:0045807,1
lost,GO:0045814,1
lost,GO:0045824,1
lost,GO:0045828,1
lost,GO:0045834,1
lost,GO:0045839,2
lost,GO:0045840,1
lost,GO:0045841,1
lost,GO:0045842,1
lost,GO:0045859,3
lost,GO:0045860,1
lost,GO:0045862,13
lost,GO:0045875,2
lost,GO:0045879,1
lost,GO:0045892,15
lost,GO:0045893,39
lost,GO:0045910,4
lost,GO:0045911,1
lost,GO:0045926,3
lost,GO:0045927,1
lost,GO:0045930,4
lost,GO:0045931,3
lost,GO:0045934,13
lost,GO:0045935,36
lost,GO:0045936,3
lost,GO:0045937,2
lost,GO:0045943,2
lost,GO:0045944,24
lost,GO:0045951,2
lost,GO:0045995,2
lost,GO:0046033,1
lost,GO:0046034,7
lost,GO:0046049,3
lost,GO:0046068,1
lost,GO:0046084,2
lost,GO:0046087,2
lost,GO:0046103,3
lost,GO:0046131,5
lost,GO:0046132,3
lost,GO:0046134,3
lost,GO:0046136,1
lost,GO:0046148,11
lost,GO:0046152,2
lost,GO:0046154,1
lost,GO:0046158,2
lost,GO:0046165,1
lost,GO:0046177,1
lost,GO:0046184,2
lost,GO:0046189,1
lost,GO:0046209,2
lost,GO:0046217,2
lost,GO:0046219,16
lost,GO:0046272,3
lost,GO:0046283,4
lost,GO:0046292,2
lost,GO:0046293,2
lost,GO:0046294,4
lost,GO:0046316,1
lost,GO:0046328,1
lost,GO:0046329,1
lost,GO:0046351,2
lost,GO:0046364,1
lost,GO:0046390,5
lost,GO:0046394,36
lost,GO:0046395,4
lost,GO:0046417,1
lost,GO:0046429,1
lost,GO:0046467,3
lost,GO:0046470,3
lost,GO:0046483,164
lost,GO:0046486,2
lost,GO:0046488,5
lost,GO:0046490,2
lost,GO:0046493,2
lost,GO:0046496,2
lost,GO:0046512,2
lost,GO:0046513,2
lost,GO:0046519,1
lost,GO:0046521,1
lost,GO:0046522,1
lost,GO:0046527,2
lost,GO:0046540,8
lost,GO:0046556,3
lost,GO:0046592,2
lost,GO:0046618,1
lost,GO:0046620,1
lost,GO:0046621,1
lost,GO:0046622,1
lost,GO:0046653,2
lost,GO:0046654,1
lost,GO:0046658,7
lost,GO:0046677,16
lost,GO:0046686,15
lost,GO:0046688,1
lost,GO:0046695,2
lost,GO:0046700,6
lost,GO:0046718,1
lost,GO:0046777,11
lost,GO:0046784,3
lost,GO:0046834,2
lost,GO:0046835,3
lost,GO:0046839,5
lost,GO:0046854,7
lost,GO:0046872,174
lost,GO:0046873,13
lost,GO:0046885,16
lost,GO:0046889,1
lost,GO:0046890,1
lost,GO:0046903,25
lost,GO:0046907,67
lost,GO:0046914,12
lost,GO:0046915,1
lost,GO:0046916,1
lost,GO:0046928,3
lost,GO:0046931,1
lost,GO:0046933,8
lost,GO:0046938,1
lost,GO:0046942,13
lost,GO:0046943,11
lost,GO:0046951,1
lost,GO:0046961,6
lost,GO:0046966,1
lost,GO:0046967,1
lost,GO:0046976,7
lost,GO:0046982,48
lost,GO:0046983,59
lost,GO:0047134,1
lost,GO:0047268,1
lost,GO:0047325,1
lost,GO:0047334,1
lost,GO:0047345,1
lost,GO:0047372,6
lost,GO:0047429,6
lost,GO:0047484,3
lost,GO:0047496,1
lost,GO:0047545,2
lost,GO:0047560,2
lost,GO:0047617,4
lost,GO:0047627,2
lost,GO:0047631,2
lost,GO:0047634,2
lost,GO:0047746,1
lost,GO:0047874,1
lost,GO:0047938,1
lost,GO:0047974,2
lost,GO:0048002,2
lost,GO:0048015,8
lost,GO:0048017,1
lost,GO:0048024,2
lost,GO:0048025,1
lost,GO:0048026,1
lost,GO:0048027,1
lost,GO:0048037,10
lost,GO:0048038,3
lost,GO:0048039,2
lost,GO:0048046,18
lost,GO:0048066,4
lost,GO:0048069,4
lost,GO:0048072,1
lost,GO:0048167,5
lost,GO:0048168,3
lost,GO:0048188,1
lost,GO:0048193,29
lost,GO:0048194,11
lost,GO:0048199,9
lost,GO:0048207,9
lost,GO:0048208,9
lost,GO:0048209,1
lost,GO:0048219,2
lost,GO:0048226,1
lost,GO:0048229,13
lost,GO:0048232,5
lost,GO:0048236,1
lost,GO:0048259,1
lost,GO:0048260,1
lost,GO:0048278,10
lost,GO:0048280,1
lost,GO:0048284,12
lost,GO:0048285,10
lost,GO:0048316,37
lost,GO:0048354,1
lost,GO:0048359,1
lost,GO:0048364,30
lost,GO:0048366,18
lost,GO:0048367,44
lost,GO:0048437,15
lost,GO:0048438,13
lost,GO:0048443,13
lost,GO:0048466,13
lost,GO:0048468,25
lost,GO:0048469,5
lost,GO:0048471,2
lost,GO:0048475,8
lost,GO:0048477,7
lost,GO:0048487,1
lost,GO:0048489,2
lost,GO:0048490,1
lost,GO:0048497,1
lost,GO:0048500,1
lost,GO:0048506,1
lost,GO:0048507,45
lost,GO:0048508,3
lost,GO:0048509,4
lost,GO:0048510,1
lost,GO:0048511,5
lost,GO:0048513,9
lost,GO:0048515,1
lost,GO:0048518,89
lost,GO:0048519,72
lost,GO:0048522,65
lost,GO:0048523,42
lost,GO:0048527,4
lost,GO:0048528,5
lost,GO:0048532,8
lost,GO:0048534,2
lost,GO:0048542,1
lost,GO:0048544,11
lost,GO:0048545,5
lost,GO:0048564,1
lost,GO:0048565,1
lost,GO:0048568,2
lost,GO:0048569,1
lost,GO:0048573,3
lost,GO:0048577,1
lost,GO:0048580,30
lost,GO:0048581,7
lost,GO:0048582,9
lost,GO:0048583,56
lost,GO:0048584,14
lost,GO:0048585,26
lost,GO:0048587,1
lost,GO:0048588,2
lost,GO:0048589,7
lost,GO:0048598,2
lost,GO:0048599,6
lost,GO:0048608,57
lost,GO:0048609,26
lost,GO:0048638,10
lost,GO:0048639,1
lost,GO:0048640,3
lost,GO:0048646,10
lost,GO:0048653,12
lost,GO:0048666,1
lost,GO:0048667,1
lost,GO:0048699,1
lost,GO:0048729,2
lost,GO:0048731,100
lost,GO:0048732,1
lost,GO:0048753,1
lost,GO:0048757,2
lost,GO:0048764,4
lost,GO:0048765,4
lost,GO:0048767,1
lost,GO:0048768,1
lost,GO:0048827,31
lost,GO:0048829,1
lost,GO:0048830,2
lost,GO:0048831,26
lost,GO:0048856,163
lost,GO:0048868,3
lost,GO:0048869,55
lost,GO:0048870,6
lost,GO:0048871,2
lost,GO:0048872,1
lost,GO:0048878,16
lost,GO:0050000,3
lost,GO:0050017,1
lost,GO:0050105,1
lost,GO:0050113,2
lost,GO:0050178,1
lost,GO:0050313,1
lost,GO:0050347,2
lost,GO:0050657,9
lost,GO:0050658,9
lost,GO:0050660,17
lost,GO:0050661,6
lost,GO:0050662,3
lost,GO:0050664,2
lost,GO:0050678,1
lost,GO:0050680,1
lost,GO:0050681,5
lost,GO:0050684,2
lost,GO:0050685,1
lost,GO:0050686,1
lost,GO:0050708,2
lost,GO:0050714,1
lost,GO:0050727,1
lost,GO:0050728,1
lost,GO:0050733,1
lost,GO:0050736,2
lost,GO:0050764,4
lost,GO:0050776,10
lost,GO:0050777,1
lost,GO:0050778,3
lost,GO:0050779,2
lost,GO:0050789,288
lost,GO:0050790,20
lost,GO:0050793,55
lost,GO:0050794,251
lost,GO:0050801,9
lost,GO:0050804,6
lost,GO:0050805,1
lost,GO:0050806,2
lost,GO:0050808,2
lost,GO:0050811,2
lost,GO:0050821,6
lost,GO:0050826,2
lost,GO:0050829,1
lost,GO:0050830,1
lost,GO:0050832,25
lost,GO:0050877,4
lost,GO:0050878,1
lost,GO:0050880,3
lost,GO:0050890,3
lost,GO:0050891,1
lost,GO:0050896,276
lost,GO:0050897,3
lost,GO:0050918,1
lost,GO:0050920,3
lost,GO:0050921,3
lost,GO:0050923,1
lost,GO:0050924,1
lost,GO:0050931,2
lost,GO:0050982,3
lost,GO:0051011,2
lost,GO:0051015,9
lost,GO:0051017,4
lost,GO:0051018,2
lost,GO:0051020,14
lost,GO:0051028,6
lost,GO:0051046,5
lost,GO:0051047,1
lost,GO:0051049,25
lost,GO:0051050,4
lost,GO:0051051,3
lost,GO:0051052,9
lost,GO:0051054,2
lost,GO:0051059,3
lost,GO:0051082,16
lost,GO:0051084,2
lost,GO:0051085,7
lost,GO:0051087,20
lost,GO:0051090,1
lost,GO:0051091,1
lost,GO:0051093,13
lost,GO:0051094,13
lost,GO:0051095,3
lost,GO:0051096,1
lost,GO:0051097,3
lost,GO:0051098,4
lost,GO:0051099,1
lost,GO:0051100,1
lost,GO:0051101,3
lost,GO:0051103,1
lost,GO:0051117,3
lost,GO:0051119,1
lost,GO:0051123,6
lost,GO:0051128,31
lost,GO:0051129,12
lost,GO:0051130,5
lost,GO:0051131,5
lost,GO:0051146,1
lost,GO:0051168,9
lost,GO:0051169,9
lost,GO:0051170,1
lost,GO:0051171,119
lost,GO:0051172,21
lost,GO:0051173,49
lost,GO:0051174,9
lost,GO:0051179,153
lost,GO:0051181,1
lost,GO:0051182,1
lost,GO:0051184,1
lost,GO:0051185,1
lost,GO:0051186,17
lost,GO:0051187,1
lost,GO:0051188,12
lost,GO:0051192,2
lost,GO:0051193,3
lost,GO:0051194,1
lost,GO:0051196,1
lost,GO:0051205,1
lost,GO:0051209,5
lost,GO:0051213,3
lost,GO:0051214,1
lost,GO:0051219,1
lost,GO:0051222,3
lost,GO:0051223,4
lost,GO:0051225,3
lost,GO:0051234,139
lost,GO:0051235,2
lost,GO:0051236,9
lost,GO:0051239,44
lost,GO:0051240,16
lost,GO:0051241,11
lost,GO:0051246,27
lost,GO:0051247,16
lost,GO:0051248,10
lost,GO:0051252,94
lost,GO:0051253,13
lost,GO:0051254,34
lost,GO:0051259,1
lost,GO:0051260,1
lost,GO:0051262,1
lost,GO:0051270,5
lost,GO:0051271,3
lost,GO:0051272,2
lost,GO:0051273,3
lost,GO:0051275,3
lost,GO:0051276,41
lost,GO:0051286,5
lost,GO:0051287,12
lost,GO:0051289,1
lost,GO:0051292,1
lost,GO:0051301,10
lost,GO:0051302,2
lost,GO:0051303,2
lost,GO:0051310,2
lost,GO:0051312,1
lost,GO:0051315,2
lost,GO:0051321,7
lost,GO:0051336,11
lost,GO:0051338,8
lost,GO:0051345,8
lost,GO:0051346,3
lost,GO:0051347,1
lost,GO:0051348,2
lost,GO:0051382,1
lost,GO:0051402,1
lost,GO:0051410,2
lost,GO:0051415,1
lost,GO:0051427,6
lost,GO:0051445,1
lost,GO:0051453,2
lost,GO:0051493,6
lost,GO:0051494,4
lost,GO:0051495,2
lost,GO:0051499,2
lost,GO:0051503,2
lost,GO:0051510,4
lost,GO:0051511,1
lost,GO:0051513,1
lost,GO:0051536,13
lost,GO:0051537,2
lost,GO:0051540,5
lost,GO:0051560,1
lost,GO:0051561,1
lost,GO:0051562,1
lost,GO:0051570,1
lost,GO:0051588,3
lost,GO:0051592,3
lost,GO:0051601,1
lost,GO:0051603,63
lost,GO:0051604,4
lost,GO:0051606,1
lost,GO:0051607,4
lost,GO:0051640,23
lost,GO:0051641,81
lost,GO:0051648,11
lost,GO:0051649,69
lost,GO:0051650,11
lost,GO:0051651,1
lost,GO:0051656,17
lost,GO:0051674,5
lost,GO:0051701,8
lost,GO:0051703,4
lost,GO:0051704,98
lost,GO:0051707,65
lost,GO:0051715,1
lost,GO:0051716,127
lost,GO:0051723,1
lost,GO:0051726,17
lost,GO:0051743,1
lost,GO:0051753,3
lost,GO:0051777,2
lost,GO:0051781,1
lost,GO:0051783,3
lost,GO:0051784,2
lost,GO:0051785,1
lost,GO:0051787,1
lost,GO:0051791,1
lost,GO:0051806,1
lost,GO:0051817,4
lost,GO:0051828,1
lost,GO:0051836,3
lost,GO:0051861,2
lost,GO:0051865,1
lost,GO:0051879,2
lost,GO:0051903,4
lost,GO:0051938,1
lost,GO:0051966,1
lost,GO:0051967,1
lost,GO:0051972,1
lost,GO:0051983,5
lost,GO:0051984,1
lost,GO:0051985,3
lost,GO:0052018,3
lost,GO:0052031,1
lost,GO:0052033,1
lost,GO:0052166,1
lost,GO:0052167,1
lost,GO:0052169,1
lost,GO:0052173,1
lost,GO:0052200,1
lost,GO:0052249,3
lost,GO:0052255,1
lost,GO:0052257,1
lost,GO:0052305,1
lost,GO:0052306,1
lost,GO:0052308,1
lost,GO:0052314,2
lost,GO:0052315,2
lost,GO:0052317,2
lost,GO:0052381,2
lost,GO:0052386,2
lost,GO:0052509,1
lost,GO:0052510,1
lost,GO:0052543,2
lost,GO:0052545,2
lost,GO:0052547,2
lost,GO:0052548,2
lost,GO:0052552,1
lost,GO:0052553,1
lost,GO:0052555,1
lost,GO:0052556,1
lost,GO:0052564,1
lost,GO:0052572,1
lost,GO:0052592,1
lost,GO:0052634,1
lost,GO:0052652,1
lost,GO:0052662,1
lost,GO:0052689,4
lost,GO:0052691,2
lost,GO:0052725,1
lost,GO:0052726,1
lost,GO:0052742,7
lost,GO:0052745,1
lost,GO:0052746,1
lost,GO:0052767,1
lost,GO:0052793,1
lost,GO:0052861,4
lost,GO:0052866,1
lost,GO:0055028,6
lost,GO:0055029,10
lost,GO:0055035,17
lost,GO:0055037,7
lost,GO:0055038,3
lost,GO:0055044,41
lost,GO:0055046,1
lost,GO:0055065,7
lost,GO:0055067,4
lost,GO:0055069,1
lost,GO:0055072,1
lost,GO:0055074,4
lost,GO:0055075,1
lost,GO:0055076,1
lost,GO:0055078,1
lost,GO:0055080,9
lost,GO:0055082,8
lost,GO:0055085,149
lost,GO:0055086,12
lost,GO:0055088,5
lost,GO:0055092,3
lost,GO:0055114,35
lost,GO:0055123,1
lost,GO:0060034,2
lost,GO:0060035,2
lost,GO:0060036,2
lost,GO:0060089,16
lost,GO:0060090,4
lost,GO:0060147,2
lost,GO:0060148,1
lost,GO:0060149,1
lost,GO:0060187,2
lost,GO:0060205,11
lost,GO:0060236,2
lost,GO:0060249,2
lost,GO:0060255,136
lost,GO:0060261,1
lost,GO:0060271,1
lost,GO:0060284,2
lost,GO:0060322,1
lost,GO:0060341,10
lost,GO:0060401,1
lost,GO:0060429,6
lost,GO:0060537,1
lost,GO:0060538,1
lost,GO:0060548,7
lost,GO:0060560,7
lost,GO:0060589,9
lost,GO:0060590,4
lost,GO:0060627,17
lost,GO:0060688,1
lost,GO:0060765,1
lost,GO:0060860,2
lost,GO:0060862,2
lost,GO:0060918,4
lost,GO:0060919,1
lost,GO:0060964,2
lost,GO:0060965,1
lost,GO:0060966,2
lost,GO:0060967,1
lost,GO:0060968,5
lost,GO:0060969,3
lost,GO:0061013,3
lost,GO:0061014,2
lost,GO:0061024,23
lost,GO:0061025,10
lost,GO:0061061,1
lost,GO:0061077,7
lost,GO:0061088,1
lost,GO:0061136,1
lost,GO:0061157,2
lost,GO:0061158,2
lost,GO:0061245,1
lost,GO:0061356,1
lost,GO:0061357,1
lost,GO:0061458,57
lost,GO:0061462,2
lost,GO:0061608,1
lost,GO:0061630,54
lost,GO:0061631,6
lost,GO:0061640,4
lost,GO:0061645,1
lost,GO:0061659,25
lost,GO:0061665,1
lost,GO:0061676,1
lost,GO:0061685,1
lost,GO:0061695,13
lost,GO:0061709,1
lost,GO:0061723,2
lost,GO:0061733,1
lost,GO:0061739,2
lost,GO:0061817,4
lost,GO:0061844,1
lost,GO:0061919,1
lost,GO:0061927,1
lost,GO:0061951,2
lost,GO:0061982,2
lost,GO:0062012,5
lost,GO:0062013,1
lost,GO:0062033,1
lost,GO:0065001,1
lost,GO:0065002,7
lost,GO:0065003,40
lost,GO:0065004,4
lost,GO:0065007,306
lost,GO:0065008,78
lost,GO:0065009,31
lost,GO:0070006,3
lost,GO:0070008,3
lost,GO:0070009,1
lost,GO:0070011,24
lost,GO:0070012,1
lost,GO:0070013,115
lost,GO:0070034,2
lost,GO:0070035,13
lost,GO:0070042,5
lost,GO:0070059,2
lost,GO:0070062,1
lost,GO:0070063,3
lost,GO:0070069,1
lost,GO:0070070,2
lost,GO:0070071,2
lost,GO:0070072,2
lost,GO:0070076,3
lost,GO:0070085,2
lost,GO:0070122,1
lost,GO:0070125,11
lost,GO:0070137,1
lost,GO:0070138,1
lost,GO:0070139,1
lost,GO:0070140,1
lost,GO:0070141,1
lost,GO:0070150,1
lost,GO:0070180,4
lost,GO:0070181,1
lost,GO:0070182,4
lost,GO:0070192,2
lost,GO:0070201,4
lost,GO:0070252,1
lost,GO:0070274,1
lost,GO:0070279,1
lost,GO:0070286,1
lost,GO:0070300,1
lost,GO:0070302,1
lost,GO:0070303,1
lost,GO:0070370,6
lost,GO:0070382,3
lost,GO:0070390,1
lost,GO:0070402,1
lost,GO:0070417,1
lost,GO:0070449,2
lost,GO:0070469,2
lost,GO:0070475,12
lost,GO:0070482,4
lost,GO:0070491,1
lost,GO:0070492,3
lost,GO:0070509,1
lost,GO:0070531,5
lost,GO:0070542,1
lost,GO:0070545,1
lost,GO:0070566,4
lost,GO:0070569,1
lost,GO:0070585,2
lost,GO:0070588,8
lost,GO:0070589,2
lost,GO:0070592,2
lost,GO:0070603,5
lost,GO:0070615,1
lost,GO:0070628,2
lost,GO:0070646,5
lost,GO:0070647,64
lost,GO:0070652,2
lost,GO:0070678,1
lost,GO:0070681,1
lost,GO:0070717,2
lost,GO:0070727,55
lost,GO:0070734,3
lost,GO:0070765,4
lost,GO:0070773,1
lost,GO:0070813,1
lost,GO:0070816,3
lost,GO:0070828,1
lost,GO:0070838,9
lost,GO:0070847,2
lost,GO:0070848,2
lost,GO:0070851,1
lost,GO:0070861,2
lost,GO:0070863,2
lost,GO:0070871,3
lost,GO:0070887,55
lost,GO:0070897,4
lost,GO:0070898,1
lost,GO:0070918,6
lost,GO:0070920,2
lost,GO:0070925,16
lost,GO:0070932,1
lost,GO:0070940,2
lost,GO:0070972,1
lost,GO:0070973,1
lost,GO:0070985,1
lost,GO:0070988,3
lost,GO:0070997,1
lost,GO:0071004,4
lost,GO:0071005,1
lost,GO:0071007,1
lost,GO:0071010,1
lost,GO:0071011,11
lost,GO:0071013,19
lost,GO:0071014,1
lost,GO:0071028,2
lost,GO:0071034,3
lost,GO:0071035,6
lost,GO:0071036,3
lost,GO:0071037,3
lost,GO:0071038,6
lost,GO:0071039,3
lost,GO:0071040,3
lost,GO:0071044,3
lost,GO:0071051,8
lost,GO:0071103,9
lost,GO:0071156,1
lost,GO:0071158,1
lost,GO:0071163,4
lost,GO:0071166,9
lost,GO:0071173,1
lost,GO:0071174,1
lost,GO:0071214,2
lost,GO:0071215,3
lost,GO:0071218,1
lost,GO:0071229,25
lost,GO:0071230,2
lost,GO:0071236,5
lost,GO:0071241,4
lost,GO:0071248,4
lost,GO:0071260,1
lost,GO:0071277,4
lost,GO:0071281,1
lost,GO:0071310,48
lost,GO:0071322,2
lost,GO:0071324,1
lost,GO:0071329,1
lost,GO:0071339,1
lost,GO:0071345,2
lost,GO:0071359,6
lost,GO:0071363,2
lost,GO:0071365,3
lost,GO:0071367,2
lost,GO:0071368,2
lost,GO:0071369,4
lost,GO:0071370,3
lost,GO:0071383,5
lost,GO:0071395,15
lost,GO:0071396,12
lost,GO:0071398,1
lost,GO:0071407,16
lost,GO:0071417,4
lost,GO:0071424,1
lost,GO:0071426,9
lost,GO:0071427,6
lost,GO:0071428,3
lost,GO:0071439,4
lost,GO:0071446,5
lost,GO:0071452,1
lost,GO:0071459,1
lost,GO:0071466,4
lost,GO:0071470,1
lost,GO:0071478,1
lost,GO:0071482,1
lost,GO:0071483,1
lost,GO:0071484,1
lost,GO:0071486,1
lost,GO:0071489,1
lost,GO:0071490,1
lost,GO:0071491,1
lost,GO:0071492,1
lost,GO:0071495,36
lost,GO:0071496,8
lost,GO:0071513,2
lost,GO:0071514,1
lost,GO:0071541,1
lost,GO:0071554,13
lost,GO:0071555,7
lost,GO:0071566,1
lost,GO:0071567,1
lost,GO:0071569,2
lost,GO:0071577,3
lost,GO:0071669,7
lost,GO:0071675,2
lost,GO:0071677,2
lost,GO:0071695,7
lost,GO:0071702,73
lost,GO:0071704,398
lost,GO:0071705,64
lost,GO:0071731,1
lost,GO:0071732,1
lost,GO:0071805,2
lost,GO:0071806,10
lost,GO:0071818,1
lost,GO:0071821,1
lost,GO:0071824,5
lost,GO:0071826,17
lost,GO:0071840,157
lost,GO:0071852,3
lost,GO:0071853,3
lost,GO:0071897,9
lost,GO:0071916,1
lost,GO:0071917,1
lost,GO:0071922,3
lost,GO:0071923,2
lost,GO:0071930,1
lost,GO:0071944,185
lost,GO:0071949,6
lost,GO:0071985,1
lost,GO:0072318,1
lost,GO:0072329,2
lost,GO:0072330,11
lost,GO:0072331,1
lost,GO:0072334,1
lost,GO:0072341,2
lost,GO:0072344,2
lost,GO:0072348,5
lost,GO:0072350,1
lost,GO:0072359,2
lost,GO:0072361,1
lost,GO:0072362,1
lost,GO:0072367,1
lost,GO:0072368,1
lost,GO:0072384,1
lost,GO:0072395,1
lost,GO:0072401,1
lost,GO:0072413,1
lost,GO:0072422,1
lost,GO:0072431,1
lost,GO:0072488,4
lost,GO:0072503,5
lost,GO:0072507,5
lost,GO:0072509,1
lost,GO:0072511,9
lost,GO:0072521,5
lost,GO:0072522,2
lost,GO:0072524,2
lost,GO:0072525,1
lost,GO:0072527,5
lost,GO:0072528,5
lost,GO:0072582,1
lost,GO:0072583,5
lost,GO:0072593,6
lost,GO:0072594,19
lost,GO:0072596,6
lost,GO:0072598,6
lost,GO:0072599,1
lost,GO:0072655,2
lost,GO:0072657,5
lost,GO:0072659,3
lost,GO:0072662,4
lost,GO:0072663,4
lost,GO:0072665,5
lost,GO:0072666,5
lost,GO:0072686,1
lost,GO:0072699,1
lost,GO:0075136,1
lost,GO:0080008,3
lost,GO:0080019,7
lost,GO:0080030,5
lost,GO:0080031,5
lost,GO:0080032,5
lost,GO:0080040,1
lost,GO:0080043,13
lost,GO:0080044,13
lost,GO:0080050,3
lost,GO:0080072,4
lost,GO:0080089,4
lost,GO:0080090,125
lost,GO:0080092,2
lost,GO:0080113,2
lost,GO:0080115,1
lost,GO:0080134,32
lost,GO:0080135,4
lost,GO:0080143,6
lost,GO:0080147,2
lost,GO:0080148,1
lost,GO:0080156,3
lost,GO:0080161,2
lost,GO:0080162,3
lost,GO:0080167,6
lost,GO:0080171,3
lost,GO:0080175,1
lost,GO:0080188,9
lost,GO:0085020,5
lost,GO:0085029,2
lost,GO:0089701,1
lost,GO:0089718,1
lost,GO:0090025,2
lost,GO:0090026,2
lost,GO:0090056,2
lost,GO:0090066,9
lost,GO:0090068,2
lost,GO:0090087,4
lost,GO:0090114,9
lost,GO:0090130,1
lost,GO:0090132,1
lost,GO:0090150,4
lost,GO:0090151,1
lost,GO:0090158,4
lost,GO:0090174,9
lost,GO:0090181,3
lost,GO:0090230,1
lost,GO:0090266,1
lost,GO:0090304,127
lost,GO:0090305,48
lost,GO:0090307,3
lost,GO:0090316,2
lost,GO:0090322,1
lost,GO:0090333,3
lost,GO:0090351,3
lost,GO:0090354,16
lost,GO:0090374,5
lost,GO:0090406,1
lost,GO:0090407,10
lost,GO:0090421,8
lost,GO:0090471,1
lost,GO:0090480,1
lost,GO:0090481,1
lost,GO:0090501,18
lost,GO:0090502,5
lost,GO:0090503,2
lost,GO:0090545,2
lost,GO:0090558,17
lost,GO:0090567,16
lost,GO:0090568,3
lost,GO:0090575,8
lost,GO:0090576,2
lost,GO:0090615,2
lost,GO:0090626,12
lost,GO:0090627,6
lost,GO:0090630,5
lost,GO:0090662,6
lost,GO:0090693,10
lost,GO:0090696,5
lost,GO:0090697,4
lost,GO:0090698,9
lost,GO:0090700,1
lost,GO:0090702,4
lost,GO:0090708,1
lost,GO:0090734,1
lost,GO:0097014,2
lost,GO:0097027,4
lost,GO:0097035,2
lost,GO:0097060,1
lost,GO:0097061,2
lost,GO:0097157,1
lost,GO:0097159,175
lost,GO:0097164,1
lost,GO:0097176,3
lost,GO:0097196,2
lost,GO:0097202,2
lost,GO:0097237,1
lost,GO:0097264,2
lost,GO:0097272,3
lost,GO:0097284,1
lost,GO:0097305,25
lost,GO:0097306,3
lost,GO:0097339,1
lost,GO:0097352,3
lost,GO:0097361,1
lost,GO:0097363,1
lost,GO:0097366,1
lost,GO:0097367,12
lost,GO:0097428,1
lost,GO:0097435,5
lost,GO:0097437,1
lost,GO:0097447,2
lost,GO:0097458,6
lost,GO:0097472,4
lost,GO:0097479,2
lost,GO:0097480,2
lost,GO:0097510,1
lost,GO:0097525,2
lost,GO:0097526,5
lost,GO:0097659,20
lost,GO:0097708,51
lost,GO:0097718,1
lost,GO:0097746,3
lost,GO:0097747,4
lost,GO:0097755,3
lost,GO:0098542,57
lost,GO:0098552,5
lost,GO:0098554,1
lost,GO:0098556,1
lost,GO:0098562,1
lost,GO:0098572,1
lost,GO:0098573,1
lost,GO:0098586,3
lost,GO:0098588,66
lost,GO:0098590,2
lost,GO:0098599,1
lost,GO:0098655,15
lost,GO:0098656,20
lost,GO:0098657,12
lost,GO:0098660,16
lost,GO:0098661,3
lost,GO:0098662,17
lost,GO:0098679,1
lost,GO:0098687,3
lost,GO:0098712,1
lost,GO:0098727,1
lost,GO:0098732,5
lost,GO:0098734,1
lost,GO:0098739,1
lost,GO:0098754,3
lost,GO:0098760,1
lost,GO:0098761,1
lost,GO:0098771,9
lost,GO:0098772,19
lost,GO:0098781,1
lost,GO:0098791,25
lost,GO:0098793,3
lost,GO:0098794,4
lost,GO:0098796,27
lost,GO:0098798,10
lost,GO:0098800,5
lost,GO:0098803,2
lost,GO:0098805,46
lost,GO:0098807,1
lost,GO:0098813,7
lost,GO:0098827,24
lost,GO:0098847,1
lost,GO:0098849,1
lost,GO:0098869,1
lost,GO:0098876,3
lost,GO:0098916,1
lost,GO:0098927,5
lost,GO:0098930,1
lost,GO:0098984,3
lost,GO:0099003,2
lost,GO:0099023,7
lost,GO:0099080,10
lost,GO:0099081,10
lost,GO:0099086,1
lost,GO:0099111,1
lost,GO:0099116,1
lost,GO:0099120,4
lost,GO:0099131,6
lost,GO:0099132,6
lost,GO:0099173,2
lost,GO:0099177,6
lost,GO:0099402,51
lost,GO:0099501,3
lost,GO:0099503,14
lost,GO:0099504,1
lost,GO:0099512,10
lost,GO:0099513,9
lost,GO:0099514,1
lost,GO:0099517,1
lost,GO:0099518,1
lost,GO:0099536,1
lost,GO:0099537,1
lost,GO:0099568,9
lost,GO:0099572,1
lost,GO:0099643,1
lost,GO:0101005,4
lost,GO:0104004,2
lost,GO:0106019,1
lost,GO:0106027,2
lost,GO:0106111,1
lost,GO:0106112,1
lost,GO:0110053,6
lost,GO:0120009,3
lost,GO:0120010,2
lost,GO:0120013,1
lost,GO:0120025,7
lost,GO:0120029,1
lost,GO:0120031,1
lost,GO:0120036,4
lost,GO:0120038,6
lost,GO:0120114,2
lost,GO:0120230,1
lost,GO:0120231,1
lost,GO:0140013,3
lost,GO:0140014,6
lost,GO:0140027,1
lost,GO:0140029,3
lost,GO:0140030,1
lost,GO:0140053,4
lost,GO:0140056,6
lost,GO:0140096,165
lost,GO:0140097,19
lost,GO:0140098,33
lost,GO:0140101,4
lost,GO:0140102,6
lost,GO:0140104,2
lost,GO:0140110,66
lost,GO:0140326,4
lost,GO:0140359,32
lost,GO:0140566,3
lost,GO:0140647,1
lost,GO:0140658,1
lost,GO:0140662,22
lost,GO:0140664,4
lost,GO:0141166,3
lost,GO:1900034,1
lost,GO:1900055,3
lost,GO:1900056,2
lost,GO:1900120,1
lost,GO:1900122,1
lost,GO:1900140,6
lost,GO:1900271,2
lost,GO:1900273,2
lost,GO:1900364,2
lost,GO:1900371,1
lost,GO:1900402,1
lost,GO:1900407,1
lost,GO:1900542,1
lost,GO:1900618,1
lost,GO:1900673,4
lost,GO:1900674,1
lost,GO:1900864,2
lost,GO:1900866,1
lost,GO:1901000,3
lost,GO:1901001,2
lost,GO:1901002,1
lost,GO:1901004,1
lost,GO:1901006,2
lost,GO:1901016,2
lost,GO:1901031,1
lost,GO:1901096,6
lost,GO:1901135,22
lost,GO:1901137,12
lost,GO:1901184,3
lost,GO:1901185,2
lost,GO:1901186,1
lost,GO:1901214,2
lost,GO:1901215,2
lost,GO:1901264,5
lost,GO:1901265,24
lost,GO:1901269,2
lost,GO:1901271,2
lost,GO:1901293,6
lost,GO:1901360,170
lost,GO:1901361,9
lost,GO:1901362,68
lost,GO:1901363,175
lost,GO:1901379,2
lost,GO:1901401,2
lost,GO:1901403,1
lost,GO:1901419,5
lost,GO:1901420,1
lost,GO:1901421,4
lost,GO:1901463,2
lost,GO:1901465,1
lost,GO:1901505,4
lost,GO:1901564,254
lost,GO:1901565,64
lost,GO:1901566,57
lost,GO:1901568,7
lost,GO:1901570,4
lost,GO:1901575,81
lost,GO:1901576,133
lost,GO:1901605,30
lost,GO:1901606,1
lost,GO:1901607,23
lost,GO:1901615,6
lost,GO:1901617,3
lost,GO:1901618,1
lost,GO:1901642,3
lost,GO:1901652,2
lost,GO:1901653,2
lost,GO:1901657,9
lost,GO:1901659,6
lost,GO:1901661,3
lost,GO:1901663,3
lost,GO:1901679,2
lost,GO:1901682,4
lost,GO:1901683,1
lost,GO:1901684,1
lost,GO:1901698,19
lost,GO:1901699,11
lost,GO:1901700,80
lost,GO:1901701,33
lost,GO:1901796,9
lost,GO:1901800,2
lost,GO:1901962,1
lost,GO:1901970,1
lost,GO:1901979,2
lost,GO:1901981,3
lost,GO:1901983,1
lost,GO:1901984,1
lost,GO:1901987,3
lost,GO:1901988,3
lost,GO:1901989,1
lost,GO:1901990,3
lost,GO:1901991,3
lost,GO:1901992,1
lost,GO:1901998,6
lost,GO:1902000,2
lost,GO:1902099,2
lost,GO:1902100,1
lost,GO:1902101,1
lost,GO:1902105,1
lost,GO:1902107,1
lost,GO:1902170,1
lost,GO:1902183,1
lost,GO:1902185,1
lost,GO:1902275,2
lost,GO:1902280,3
lost,GO:1902281,3
lost,GO:1902326,1
lost,GO:1902358,3
lost,GO:1902369,2
lost,GO:1902387,1
lost,GO:1902388,1
lost,GO:1902400,1
lost,GO:1902402,1
lost,GO:1902403,1
lost,GO:1902410,3
lost,GO:1902446,1
lost,GO:1902456,1
lost,GO:1902459,1
lost,GO:1902475,2
lost,GO:1902494,52
lost,GO:1902495,1
lost,GO:1902531,10
lost,GO:1902532,1
lost,GO:1902554,1
lost,GO:1902555,2
lost,GO:1902579,3
lost,GO:1902600,17
lost,GO:1902644,1
lost,GO:1902645,1
lost,GO:1902679,12
lost,GO:1902680,32
lost,GO:1902749,1
lost,GO:1902806,2
lost,GO:1902807,2
lost,GO:1902816,1
lost,GO:1902817,1
lost,GO:1902882,4
lost,GO:1902883,3
lost,GO:1902903,7
lost,GO:1902904,4
lost,GO:1902905,3
lost,GO:1902911,1
lost,GO:1902930,1
lost,GO:1902932,1
lost,GO:1902936,2
lost,GO:1902969,6
lost,GO:1902983,1
lost,GO:1903046,6
lost,GO:1903047,16
lost,GO:1903050,10
lost,GO:1903052,11
lost,GO:1903053,1
lost,GO:1903055,1
lost,GO:1903146,1
lost,GO:1903189,1
lost,GO:1903224,1
lost,GO:1903311,5
lost,GO:1903312,1
lost,GO:1903313,3
lost,GO:1903320,1
lost,GO:1903321,1
lost,GO:1903362,10
lost,GO:1903364,11
lost,GO:1903409,2
lost,GO:1903461,4
lost,GO:1903506,92
lost,GO:1903507,12
lost,GO:1903508,32
lost,GO:1903509,2
lost,GO:1903530,5
lost,GO:1903532,1
lost,GO:1903555,2
lost,GO:1903557,2
lost,GO:1903561,1
lost,GO:1903578,1
lost,GO:1903664,1
lost,GO:1903665,1
lost,GO:1903667,1
lost,GO:1903669,1
lost,GO:1903706,1
lost,GO:1903708,1
lost,GO:1903725,4
lost,GO:1903798,2
lost,GO:1903799,1
lost,GO:1903800,1
lost,GO:1903825,11
lost,GO:1903827,6
lost,GO:1903828,3
lost,GO:1903829,3
lost,GO:1903943,1
lost,GO:1903944,1
lost,GO:1904019,1
lost,GO:1904026,1
lost,GO:1904028,1
lost,GO:1904035,1
lost,GO:1904036,1
lost,GO:1904062,2
lost,GO:1904356,1
lost,GO:1904358,1
lost,GO:1904382,1
lost,GO:1904541,3
lost,GO:1904645,2
lost,GO:1904646,2
lost,GO:1904668,4
lost,GO:1904680,3
lost,GO:1904760,1
lost,GO:1904761,1
lost,GO:1904874,1
lost,GO:1904949,5
lost,GO:1904951,3
lost,GO:1904963,1
lost,GO:1904964,1
lost,GO:1904965,1
lost,GO:1904966,1
lost,GO:1905039,11
lost,GO:1905156,1
lost,GO:1905268,1
lost,GO:1905314,1
lost,GO:1905348,2
lost,GO:1905368,2
lost,GO:1905369,2
lost,GO:1905392,11
lost,GO:1905393,3
lost,GO:1905405,1
lost,GO:1905412,1
lost,GO:1905421,1
lost,GO:1905428,1
lost,GO:1905499,1
lost,GO:1905622,2
lost,GO:1905634,3
lost,GO:1905666,1
lost,GO:1905668,1
lost,GO:1905786,4
lost,GO:1905818,2
lost,GO:1905819,1
lost,GO:1905820,1
lost,GO:1905952,7
lost,GO:1905957,5
lost,GO:1905958,1
lost,GO:1905959,4
lost,GO:1990050,2
lost,GO:1990072,1
lost,GO:1990112,2
lost,GO:1990116,2
lost,GO:1990119,3
lost,GO:1990165,1
lost,GO:1990189,2
lost,GO:1990190,2
lost,GO:1990204,1
lost,GO:1990234,18
lost,GO:1990246,1
lost,GO:1990251,1
lost,GO:1990316,1
lost,GO:1990351,1
lost,GO:1990381,2
lost,GO:1990391,1
lost,GO:1990414,2
lost,GO:1990481,2
lost,GO:1990518,1
lost,GO:1990542,5
lost,GO:1990547,1
lost,GO:1990592,1
lost,GO:1990604,2
lost,GO:1990619,1
lost,GO:1990641,1
lost,GO:1990726,3
lost,GO:1990748,1
lost,GO:1990757,4
lost,GO:1990778,3
lost,GO:1990817,3
lost,GO:1990819,3
lost,GO:1990822,1
lost,GO:1990837,10
lost,GO:1990841,1
lost,GO:1990904,49
lost,GO:1990939,1
lost,GO:1990961,2
lost,GO:1990966,1
lost,GO:2000001,1
lost,GO:2000008,2
lost,GO:2000010,2
lost,GO:2000012,4
lost,GO:2000022,12
lost,GO:2000024,3
lost,GO:2000026,37
lost,GO:2000028,1
lost,GO:2000030,1
lost,GO:2000032,1
lost,GO:2000033,1
lost,GO:2000034,1
lost,GO:2000036,1
lost,GO:2000038,1
lost,GO:2000042,1
lost,GO:2000045,2
lost,GO:2000058,1
lost,GO:2000060,1
lost,GO:2000067,1
lost,GO:2000070,1
lost,GO:2000112,95
lost,GO:2000113,15
lost,GO:2000116,2
lost,GO:2000121,1
lost,GO:2000123,1
lost,GO:2000134,2
lost,GO:2000145,5
lost,GO:2000146,3
lost,GO:2000147,2
lost,GO:2000191,1
lost,GO:2000241,26
lost,GO:2000242,5
lost,GO:2000243,6
lost,GO:2000278,2
lost,GO:2000280,2
lost,GO:2000325,1
lost,GO:2000327,1
lost,GO:2000377,7
lost,GO:2000379,2
lost,GO:2000573,1
lost,GO:2000628,1
lost,GO:2000630,1
lost,GO:2000634,1
lost,GO:2000636,1
lost,GO:2000637,1
lost,GO:2000677,1
lost,GO:2000679,1
lost,GO:2000756,1
lost,GO:2000757,1
lost,GO:2000762,2
lost,GO:2000779,2
lost,GO:2000816,1
lost,GO:2001026,2
lost,GO:2001028,2
lost,GO:2001056,2
lost,GO:2001057,2
lost,GO:2001141,92
lost,GO:2001169,1
lost,GO:2001251,4
lost,GO:2001252,2
lost,GO:2001257,2
background,GO:0000001,1
background,GO:0000002,65
background,GO:0000003,8127
background,GO:0000009,36
background,GO:0000011,5
background,GO:0000012,56
background,GO:0000014,48
background,GO:0000015,82
background,GO:0000018,158
background,GO:0000019,4
background,GO:0000023,1
background,GO:0000025,1
background,GO:0000026,35
background,GO:0000027,1722
background,GO:0000028,468
background,GO:0000030,201
background,GO:0000033,20
background,GO:0000035,85
background,GO:0000036,219
background,GO:0000038,4
background,GO:0000041,119
background,GO:0000045,566
background,GO:0000048,2
background,GO:0000049,639
background,GO:0000050,65
background,GO:0000053,56
background,GO:0000054,189
background,GO:0000055,463
background,GO:0000056,153
background,GO:0000060,51
background,GO:0000062,88
background,GO:0000064,51
background,GO:0000070,193
background,GO:0000075,128
background,GO:0000076,223
background,GO:0000077,182
background,GO:0000079,145
background,GO:0000082,172
background,GO:0000083,3
background,GO:0000086,37
background,GO:0000095,36
background,GO:0000096,268
background,GO:0000097,179
background,GO:0000098,18
background,GO:0000103,237
background,GO:0000104,22
background,GO:0000105,191
background,GO:0000107,31
background,GO:0000109,19
background,GO:0000110,39
background,GO:0000111,24
background,GO:0000112,39
background,GO:0000118,1180
background,GO:0000120,113
background,GO:0000122,920
background,GO:0000123,413
background,GO:0000124,356
background,GO:0000125,1
background,GO:0000126,144
background,GO:0000127,212
background,GO:0000131,27
background,GO:0000132,1
background,GO:0000138,1
background,GO:0000139,2595
background,GO:0000145,1008
background,GO:0000146,362
background,GO:0000147,1
background,GO:0000148,245
background,GO:0000149,1346
background,GO:0000150,93
background,GO:0000151,513
background,GO:0000152,78
background,GO:0000153,30
background,GO:0000154,1315
background,GO:0000155,343
background,GO:0000156,24
background,GO:0000159,337
background,GO:0000160,2229
background,GO:0000162,4047
background,GO:0000164,4
background,GO:0000165,435
background,GO:0000166,4127
background,GO:0000172,80
background,GO:0000175,543
background,GO:0000176,378
background,GO:0000177,270
background,GO:0000178,223
background,GO:0000179,72
background,GO:0000182,5
background,GO:0000184,300
background,GO:0000186,5
background,GO:0000187,5
background,GO:0000188,2
background,GO:0000209,1166
background,GO:0000212,53
background,GO:0000213,49
background,GO:0000214,121
background,GO:0000215,32
background,GO:0000217,38
background,GO:0000220,54
background,GO:0000221,86
background,GO:0000224,20
background,GO:0000225,35
background,GO:0000226,1276
background,GO:0000228,1011
background,GO:0000229,23
background,GO:0000243,52
background,GO:0000244,238
background,GO:0000245,287
background,GO:0000247,23
background,GO:0000248,1
background,GO:0000253,19
background,GO:0000254,70
background,GO:0000255,2
background,GO:0000256,4
background,GO:0000257,35
background,GO:0000266,209
background,GO:0000270,2
background,GO:0000271,317
background,GO:0000272,839
background,GO:0000274,1
background,GO:0000275,76
background,GO:0000276,12
background,GO:0000278,1110
background,GO:0000280,570
background,GO:0000281,160
background,GO:0000285,74
background,GO:0000287,2670
background,GO:0000288,82
background,GO:0000289,53
background,GO:0000290,152
background,GO:0000291,57
background,GO:0000293,161
background,GO:0000295,124
background,GO:0000301,54
background,GO:0000302,1579
background,GO:0000303,672
background,GO:0000304,83
background,GO:0000305,674
background,GO:0000306,52
background,GO:0000307,470
background,GO:0000309,43
background,GO:0000311,4
background,GO:0000312,20
background,GO:0000313,133
background,GO:0000314,89
background,GO:0000315,39
background,GO:0000322,80
background,GO:0000323,627
background,GO:0000324,27
background,GO:0000325,738
background,GO:0000326,53
background,GO:0000329,18
background,GO:0000331,47
background,GO:0000333,21
background,GO:0000338,124
background,GO:0000339,54
background,GO:0000340,64
background,GO:0000346,37
background,GO:0000347,71
background,GO:0000349,66
background,GO:0000350,159
background,GO:0000354,8
background,GO:0000372,2
background,GO:0000373,151
background,GO:0000374,6
background,GO:0000375,562
background,GO:0000376,2
background,GO:0000377,430
background,GO:0000379,121
background,GO:0000380,54
background,GO:0000381,169
background,GO:0000387,284
background,GO:0000388,20
background,GO:0000389,6
background,GO:0000390,95
background,GO:0000393,142
background,GO:0000394,4
background,GO:0000395,102
background,GO:0000398,2675
background,GO:0000400,154
background,GO:0000403,1
background,GO:0000404,4
background,GO:0000405,1
background,GO:0000406,1
background,GO:0000407,298
background,GO:0000408,76
background,GO:0000413,757
background,GO:0000414,34
background,GO:0000416,34
background,GO:0000417,33
background,GO:0000418,15
background,GO:0000419,77
background,GO:0000421,42
background,GO:0000422,229
background,GO:0000423,139
background,GO:0000427,79
background,GO:0000428,401
background,GO:0000439,119
background,GO:0000444,60
background,GO:0000445,135
background,GO:0000447,84
background,GO:0000448,46
background,GO:0000454,18
background,GO:0000455,178
background,GO:0000459,3
background,GO:0000460,315
background,GO:0000462,835
background,GO:0000463,485
background,GO:0000466,150
background,GO:0000467,251
background,GO:0000469,11
background,GO:0000470,1482
background,GO:0000472,54
background,GO:0000478,7
background,GO:0000479,94
background,GO:0000480,54
background,GO:0000481,24
background,GO:0000488,18
background,GO:0000489,18
background,GO:0000491,3
background,GO:0000492,87
background,GO:0000493,41
background,GO:0000494,43
background,GO:0000495,29
background,GO:0000500,93
background,GO:0000502,211
background,GO:0000506,143
background,GO:0000578,113
background,GO:0000700,3
background,GO:0000701,17
background,GO:0000703,35
background,GO:0000706,106
background,GO:0000707,63
background,GO:0000709,32
background,GO:0000710,1
background,GO:0000712,440
background,GO:0000715,33
background,GO:0000719,49
background,GO:0000722,64
background,GO:0000723,1366
background,GO:0000724,1739
background,GO:0000725,859
background,GO:0000726,152
background,GO:0000727,250
background,GO:0000729,15
background,GO:0000730,93
background,GO:0000731,120
background,GO:0000733,5
background,GO:0000740,5
background,GO:0000741,95
background,GO:0000746,52
background,GO:0000747,52
background,GO:0000753,2
background,GO:0000755,20
background,GO:0000767,2
background,GO:0000774,235
background,GO:0000775,282
background,GO:0000776,299
background,GO:0000777,48
background,GO:0000778,48
background,GO:0000779,171
background,GO:0000780,118
background,GO:0000781,219
background,GO:0000782,100
background,GO:0000783,116
background,GO:0000784,164
background,GO:0000785,2823
background,GO:0000786,1614
background,GO:0000788,1
background,GO:0000790,532
background,GO:0000791,63
background,GO:0000792,110
background,GO:0000793,294
background,GO:0000794,316
background,GO:0000795,36
background,GO:0000796,216
background,GO:0000798,1
background,GO:0000800,20
background,GO:0000802,3
background,GO:0000808,55
background,GO:0000811,102
background,GO:0000812,65
background,GO:0000813,99
background,GO:0000814,62
background,GO:0000815,102
background,GO:0000818,10
background,GO:0000819,375
background,GO:0000820,2
background,GO:0000822,124
background,GO:0000827,1
background,GO:0000828,46
background,GO:0000829,46
background,GO:0000832,1
background,GO:0000835,30
background,GO:0000836,30
background,GO:0000839,1
background,GO:0000900,20
background,GO:0000902,1728
background,GO:0000904,1219
background,GO:0000905,15
background,GO:0000906,17
background,GO:0000910,251
background,GO:0000911,290
background,GO:0000912,3
background,GO:0000913,3
background,GO:0000914,33
background,GO:0000915,2
background,GO:0000917,20
background,GO:0000919,28
background,GO:0000920,41
background,GO:0000922,158
background,GO:0000923,4
background,GO:0000930,160
background,GO:0000931,45
background,GO:0000932,461
background,GO:0000935,30
background,GO:0000936,30
background,GO:0000938,167
background,GO:0000940,62
background,GO:0000943,1156
background,GO:0000949,102
background,GO:0000956,439
background,GO:0000957,2
background,GO:0000958,37
background,GO:0000959,294
background,GO:0000960,2
background,GO:0000962,2
background,GO:0000963,149
background,GO:0000965,72
background,GO:0000966,127
background,GO:0000967,110
background,GO:0000972,52
background,GO:0000973,90
background,GO:0000974,423
background,GO:0000976,2598
background,GO:0000977,1866
background,GO:0000978,3292
background,GO:0000979,8
background,GO:0000980,1
background,GO:0000981,5106
background,GO:0000982,35
background,GO:0000987,565
background,GO:0000988,1327
background,GO:0000989,1309
background,GO:0000990,30
background,GO:0000991,29
background,GO:0000993,305
background,GO:0000994,17
background,GO:0000995,40
background,GO:0001002,17
background,GO:0001003,17
background,GO:0001006,105
background,GO:0001012,166
background,GO:0001013,1
background,GO:0001016,17
background,GO:0001025,8
background,GO:0001032,17
background,GO:0001042,34
background,GO:0001046,139
background,GO:0001047,56
background,GO:0001054,372
background,GO:0001055,338
background,GO:0001056,355
background,GO:0001067,2031
background,GO:0001076,1307
background,GO:0001077,32
background,GO:0001078,3
background,GO:0001085,239
background,GO:0001091,18
background,GO:0001093,17
background,GO:0001094,1
background,GO:0001096,35
background,GO:0001097,46
background,GO:0001098,34
background,GO:0001099,34
background,GO:0001101,5245
background,GO:0001102,64
background,GO:0001103,75
background,GO:0001112,5
background,GO:0001113,5
background,GO:0001120,5
background,GO:0001129,49
background,GO:0001132,49
background,GO:0001134,1235
background,GO:0001135,1235
background,GO:0001139,5
background,GO:0001156,55
background,GO:0001158,68
background,GO:0001163,1
background,GO:0001164,63
background,GO:0001173,5
background,GO:0001174,5
background,GO:0001181,35
background,GO:0001188,48
background,GO:0001190,16
background,GO:0001193,19
background,GO:0001207,1
background,GO:0001208,1
background,GO:0001227,5
background,GO:0001228,431
background,GO:0001300,64
background,GO:0001302,65
background,GO:0001325,2
background,GO:0001401,13
background,GO:0001405,69
background,GO:0001411,5
background,GO:0001501,8
background,GO:0001503,24
background,GO:0001504,43
background,GO:0001505,849
background,GO:0001508,1
background,GO:0001510,1546
background,GO:0001516,2
background,GO:0001522,526
background,GO:0001523,49
background,GO:0001525,5
background,GO:0001539,1
background,GO:0001541,55
background,GO:0001556,6
background,GO:0001558,460
background,GO:0001561,19
background,GO:0001568,6
background,GO:0001578,44
background,GO:0001649,9
background,GO:0001650,63
background,GO:0001653,19
background,GO:0001654,157
background,GO:0001655,7
background,GO:0001656,1
background,GO:0001664,107
background,GO:0001666,199
background,GO:0001667,2
background,GO:0001669,3
background,GO:0001671,185
background,GO:0001672,1
background,GO:0001673,18
background,GO:0001674,18
background,GO:0001676,411
background,GO:0001678,150
background,GO:0001680,55
background,GO:0001682,138
background,GO:0001700,145
background,GO:0001701,48
background,GO:0001704,29
background,GO:0001706,29
background,GO:0001708,1723
background,GO:0001709,329
background,GO:0001725,1
background,GO:0001726,1
background,GO:0001727,55
background,GO:0001729,34
background,GO:0001731,138
background,GO:0001732,78
background,GO:0001735,19
background,GO:0001736,66
background,GO:0001738,66
background,GO:0001745,36
background,GO:0001750,7
background,GO:0001751,35
background,GO:0001754,35
background,GO:0001756,3
background,GO:0001763,169
background,GO:0001764,7
background,GO:0001772,1
background,GO:0001775,231
background,GO:0001776,40
background,GO:0001779,6
background,GO:0001780,6
background,GO:0001784,1
background,GO:0001786,316
background,GO:0001789,1
background,GO:0001817,84
background,GO:0001818,22
background,GO:0001819,62
background,GO:0001820,1
background,GO:0001822,4
background,GO:0001824,11
background,GO:0001825,3
background,GO:0001829,1
background,GO:0001832,6
background,GO:0001833,6
background,GO:0001838,1
background,GO:0001841,1
background,GO:0001871,201
background,GO:0001872,35
background,GO:0001881,38
background,GO:0001882,103
background,GO:0001883,103
background,GO:0001887,5
background,GO:0001889,24
background,GO:0001890,1
background,GO:0001891,37
background,GO:0001892,1
background,GO:0001894,12
background,GO:0001895,1
background,GO:0001896,15
background,GO:0001906,1
background,GO:0001927,1
background,GO:0001931,4
background,GO:0001932,386
background,GO:0001933,135
background,GO:0001934,220
background,GO:0001935,5
background,GO:0001941,34
background,GO:0001942,1
background,GO:0001944,6
background,GO:0001945,1
background,GO:0001947,22
background,GO:0001952,5
background,GO:0001953,5
background,GO:0001958,3
background,GO:0001959,41
background,GO:0001960,34
background,GO:0001961,6
background,GO:0001968,1
background,GO:0001974,6
background,GO:0002009,272
background,GO:0002011,30
background,GO:0002020,47
background,GO:0002021,1
background,GO:0002039,14
background,GO:0002052,2
background,GO:0002058,17
background,GO:0002064,110
background,GO:0002065,110
background,GO:0002066,110
background,GO:0002082,1
background,GO:0002084,36
background,GO:0002090,6
background,GO:0002092,6
background,GO:0002097,34
background,GO:0002098,229
background,GO:0002100,70
background,GO:0002101,1
background,GO:0002119,216
background,GO:0002130,16
background,GO:0002143,59
background,GO:0002144,18
background,GO:0002151,53
background,GO:0002155,1
background,GO:0002161,312
background,GO:0002164,221
background,GO:0002165,117
background,GO:0002168,2
background,GO:0002177,16
background,GO:0002178,12
background,GO:0002181,748
background,GO:0002182,61
background,GO:0002183,95
background,GO:0002184,6
background,GO:0002188,66
background,GO:0002189,87
background,GO:0002191,1
background,GO:0002199,3
background,GO:0002200,13
background,GO:0002204,5
background,GO:0002208,5
background,GO:0002213,460
background,GO:0002218,128
background,GO:0002220,1
background,GO:0002221,2
background,GO:0002223,1
background,GO:0002224,8
background,GO:0002225,2
background,GO:0002229,115
background,GO:0002230,4
background,GO:0002237,153
background,GO:0002238,48
background,GO:0002239,148
background,GO:0002250,7
background,GO:0002252,805
background,GO:0002253,169
background,GO:0002254,1
background,GO:0002260,34
background,GO:0002262,16
background,GO:0002263,175
background,GO:0002274,186
background,GO:0002275,170
background,GO:0002281,1
background,GO:0002283,170
background,GO:0002285,5
background,GO:0002312,5
background,GO:0002351,1
background,GO:0002353,1
background,GO:0002366,175
background,GO:0002376,3484
background,GO:0002377,13
background,GO:0002381,5
background,GO:0002429,57
background,GO:0002431,2
background,GO:0002433,2
background,GO:0002440,13
background,GO:0002442,1
background,GO:0002443,175
background,GO:0002444,169
background,GO:0002446,169
background,GO:0002449,6
background,GO:0002456,1
background,GO:0002460,6
background,GO:0002474,1
background,GO:0002478,175
background,GO:0002495,176
background,GO:0002504,176
background,GO:0002520,97
background,GO:0002521,59
background,GO:0002526,1
background,GO:0002532,59
background,GO:0002538,58
background,GO:0002539,58
background,GO:0002554,1
background,GO:0002562,5
background,GO:0002566,8
background,GO:0002573,18
background,GO:0002576,50
background,GO:0002637,39
background,GO:0002639,39
background,GO:0002682,870
background,GO:0002683,275
background,GO:0002684,569
background,GO:0002685,167
background,GO:0002686,5
background,GO:0002687,162
background,GO:0002688,162
background,GO:0002690,162
background,GO:0002694,80
background,GO:0002695,6
background,GO:0002696,80
background,GO:0002697,54
background,GO:0002698,8
background,GO:0002699,42
background,GO:0002700,41
background,GO:0002702,41
background,GO:0002703,40
background,GO:0002705,40
background,GO:0002706,39
background,GO:0002708,39
background,GO:0002712,39
background,GO:0002714,39
background,GO:0002757,59
background,GO:0002758,3
background,GO:0002759,2
background,GO:0002760,2
background,GO:0002761,9
background,GO:0002763,9
background,GO:0002764,59
background,GO:0002768,57
background,GO:0002784,2
background,GO:0002788,2
background,GO:0002790,3
background,GO:0002791,29
background,GO:0002792,9
background,GO:0002793,13
background,GO:0002804,2
background,GO:0002819,39
background,GO:0002821,39
background,GO:0002822,39
background,GO:0002824,39
background,GO:0002831,179
background,GO:0002832,29
background,GO:0002833,95
background,GO:0002886,1
background,GO:0002888,1
background,GO:0002889,39
background,GO:0002891,39
background,GO:0002920,2
background,GO:0002922,2
background,GO:0002926,53
background,GO:0002938,17
background,GO:0002939,55
background,GO:0002940,54
background,GO:0002943,52
background,GO:0002949,58
background,GO:0002953,75
background,GO:0003002,646
background,GO:0003006,7517
background,GO:0003007,25
background,GO:0003008,636
background,GO:0003012,2
background,GO:0003013,344
background,GO:0003014,170
background,GO:0003018,299
background,GO:0003073,2
background,GO:0003085,2
background,GO:0003091,1
background,GO:0003096,7
background,GO:0003143,22
background,GO:0003151,1
background,GO:0003158,5
background,GO:0003170,3
background,GO:0003176,3
background,GO:0003179,3
background,GO:0003180,3
background,GO:0003205,1
background,GO:0003228,3
background,GO:0003230,1
background,GO:0003279,1
background,GO:0003283,1
background,GO:0003333,1191
background,GO:0003341,20
background,GO:0003351,1
background,GO:0003352,18
background,GO:0003356,18
background,GO:0003400,35
background,GO:0003407,13
background,GO:0003674,42952
background,GO:0003676,81414
background,GO:0003677,30474
background,GO:0003678,2088
background,GO:0003680,1107
background,GO:0003681,42
background,GO:0003682,2859
background,GO:0003684,592
background,GO:0003688,160
background,GO:0003689,289
background,GO:0003690,3064
background,GO:0003691,300
background,GO:0003696,3
background,GO:0003697,1329
background,GO:0003700,20802
background,GO:0003711,19
background,GO:0003712,2077
background,GO:0003713,1401
background,GO:0003714,1446
background,GO:0003720,21
background,GO:0003721,21
background,GO:0003723,25868
background,GO:0003724,1257
background,GO:0003725,378
background,GO:0003726,16
background,GO:0003727,287
background,GO:0003729,6507
background,GO:0003730,72
background,GO:0003735,8242
background,GO:0003743,1453
background,GO:0003746,1404
background,GO:0003747,235
background,GO:0003755,1501
background,GO:0003756,314
background,GO:0003774,673
background,GO:0003777,1542
background,GO:0003779,1092
background,GO:0003785,51
background,GO:0003824,35458
background,GO:0003825,65
background,GO:0003827,17
background,GO:0003830,74
background,GO:0003837,48
background,GO:0003838,22
background,GO:0003841,77
background,GO:0003842,21
background,GO:0003843,253
background,GO:0003844,58
background,GO:0003846,18
background,GO:0003848,20
background,GO:0003849,43
background,GO:0003850,17
background,GO:0003852,37
background,GO:0003855,37
background,GO:0003856,48
background,GO:0003857,84
background,GO:0003860,90
background,GO:0003861,46
background,GO:0003862,20
background,GO:0003864,62
background,GO:0003865,47
background,GO:0003866,17
background,GO:0003867,26
background,GO:0003868,67
background,GO:0003871,58
background,GO:0003872,234
background,GO:0003873,55
background,GO:0003876,86
background,GO:0003878,18
background,GO:0003879,37
background,GO:0003881,19
background,GO:0003883,83
background,GO:0003885,97
background,GO:0003886,300
background,GO:0003887,1529
background,GO:0003896,51
background,GO:0003899,1211
background,GO:0003904,126
background,GO:0003905,21
background,GO:0003906,229
background,GO:0003909,89
background,GO:0003910,174
background,GO:0003916,133
background,GO:0003917,213
background,GO:0003918,355
background,GO:0003919,37
background,GO:0003921,45
background,GO:0003922,25
background,GO:0003923,36
background,GO:0003924,5044
background,GO:0003933,1
background,GO:0003934,56
background,GO:0003935,54
background,GO:0003937,38
background,GO:0003938,20
background,GO:0003939,13
background,GO:0003941,109
background,GO:0003942,17
background,GO:0003948,19
background,GO:0003949,21
background,GO:0003950,202
background,GO:0003951,70
background,GO:0003952,72
background,GO:0003954,432
background,GO:0003955,176
background,GO:0003958,60
background,GO:0003959,5
background,GO:0003960,38
background,GO:0003962,51
background,GO:0003964,1238
background,GO:0003968,238
background,GO:0003972,19
background,GO:0003973,109
background,GO:0003975,39
background,GO:0003977,75
background,GO:0003978,164
background,GO:0003979,119
background,GO:0003980,29
background,GO:0003983,163
background,GO:0003984,60
background,GO:0003985,58
background,GO:0003987,68
background,GO:0003988,38
background,GO:0003989,144
background,GO:0003991,27
background,GO:0003993,687
background,GO:0003994,96
background,GO:0003995,64
background,GO:0003997,116
background,GO:0003998,17
background,GO:0003999,65
background,GO:0004000,54
background,GO:0004001,40
background,GO:0004003,851
background,GO:0004004,504
background,GO:0004012,11
background,GO:0004013,53
background,GO:0004014,134
background,GO:0004015,46
background,GO:0004016,113
background,GO:0004017,43
background,GO:0004018,40
background,GO:0004019,17
background,GO:0004020,134
background,GO:0004021,32
background,GO:0004024,242
background,GO:0004028,1
background,GO:0004029,182
background,GO:0004030,1
background,GO:0004031,3
background,GO:0004033,340
background,GO:0004034,97
background,GO:0004038,19
background,GO:0004040,23
background,GO:0004042,42
background,GO:0004044,41
background,GO:0004045,132
background,GO:0004046,57
background,GO:0004048,17
background,GO:0004049,3785
background,GO:0004053,1
background,GO:0004055,56
background,GO:0004056,19
background,GO:0004057,18
background,GO:0004061,35
background,GO:0004064,1
background,GO:0004066,77
background,GO:0004069,139
background,GO:0004070,29
background,GO:0004072,49
background,GO:0004073,16
background,GO:0004076,18
background,GO:0004077,16
background,GO:0004081,1
background,GO:0004084,87
background,GO:0004088,60
background,GO:0004089,260
background,GO:0004090,19
background,GO:0004096,34
background,GO:0004097,33
background,GO:0004103,87
background,GO:0004105,41
background,GO:0004106,94
background,GO:0004107,19
background,GO:0004108,85
background,GO:0004109,18
background,GO:0004112,18
background,GO:0004113,18
background,GO:0004123,17
background,GO:0004124,152
background,GO:0004126,34
background,GO:0004127,33
background,GO:0004128,105
background,GO:0004129,38
background,GO:0004130,5
background,GO:0004132,19
background,GO:0004133,8
background,GO:0004134,38
background,GO:0004140,72
background,GO:0004141,23
background,GO:0004142,27
background,GO:0004143,130
background,GO:0004144,341
background,GO:0004146,54
background,GO:0004148,79
background,GO:0004149,41
background,GO:0004150,48
background,GO:0004151,16
background,GO:0004152,18
background,GO:0004156,20
background,GO:0004157,41
background,GO:0004159,178
background,GO:0004160,18
background,GO:0004161,61
background,GO:0004163,17
background,GO:0004164,40
background,GO:0004165,57
background,GO:0004168,14
background,GO:0004170,26
background,GO:0004174,61
background,GO:0004175,902
background,GO:0004176,908
background,GO:0004177,122
background,GO:0004180,79
background,GO:0004181,34
background,GO:0004185,1289
background,GO:0004190,1500
background,GO:0004197,1100
background,GO:0004198,17
background,GO:0004222,1403
background,GO:0004252,3246
background,GO:0004298,17
background,GO:0004300,22
background,GO:0004301,365
background,GO:0004305,103
background,GO:0004306,38
background,GO:0004309,25
background,GO:0004310,18
background,GO:0004311,27
background,GO:0004312,80
background,GO:0004315,224
background,GO:0004316,75
background,GO:0004318,45
background,GO:0004321,7
background,GO:0004322,27
background,GO:0004325,100
background,GO:0004326,99
background,GO:0004329,17
background,GO:0004331,55
background,GO:0004332,164
background,GO:0004333,18
background,GO:0004334,30
background,GO:0004335,20
background,GO:0004337,61
background,GO:0004338,10
background,GO:0004340,82
background,GO:0004343,16
background,GO:0004345,199
background,GO:0004346,17
background,GO:0004347,38
background,GO:0004348,26
background,GO:0004350,100
background,GO:0004351,98
background,GO:0004352,74
background,GO:0004353,13
background,GO:0004354,37
background,GO:0004356,201
background,GO:0004357,62
background,GO:0004358,25
background,GO:0004359,108
background,GO:0004360,19
background,GO:0004362,36
background,GO:0004363,51
background,GO:0004364,1248
background,GO:0004365,105
background,GO:0004366,50
background,GO:0004368,42
background,GO:0004370,18
background,GO:0004371,24
background,GO:0004372,190
background,GO:0004373,98
background,GO:0004375,18
background,GO:0004376,64
background,GO:0004377,17
background,GO:0004378,20
background,GO:0004379,37
background,GO:0004383,23
background,GO:0004385,56
background,GO:0004386,2514
background,GO:0004392,33
background,GO:0004396,128
background,GO:0004399,23
background,GO:0004400,17
background,GO:0004402,533
background,GO:0004407,301
background,GO:0004411,16
background,GO:0004412,62
background,GO:0004413,25
background,GO:0004416,56
background,GO:0004417,37
background,GO:0004418,17
background,GO:0004419,54
background,GO:0004420,150
background,GO:0004421,36
background,GO:0004422,18
background,GO:0004424,28
background,GO:0004425,20
background,GO:0004427,174
background,GO:0004430,103
background,GO:0004435,186
background,GO:0004438,19
background,GO:0004439,366
background,GO:0004445,309
background,GO:0004446,1
background,GO:0004449,70
background,GO:0004450,50
background,GO:0004451,18
background,GO:0004452,19
background,GO:0004455,36
background,GO:0004458,16
background,GO:0004459,34
background,GO:0004462,131
background,GO:0004467,211
background,GO:0004470,145
background,GO:0004471,73
background,GO:0004473,70
background,GO:0004474,28
background,GO:0004475,40
background,GO:0004476,19
background,GO:0004477,71
background,GO:0004478,89
background,GO:0004479,16
background,GO:0004482,53
background,GO:0004484,65
background,GO:0004485,36
background,GO:0004488,77
background,GO:0004489,41
background,GO:0004491,79
background,GO:0004496,21
background,GO:0004497,7517
background,GO:0004499,482
background,GO:0004506,111
background,GO:0004512,91
background,GO:0004514,16
background,GO:0004515,21
background,GO:0004516,44
background,GO:0004518,3818
background,GO:0004519,2414
background,GO:0004520,119
background,GO:0004521,813
background,GO:0004523,11221
background,GO:0004525,517
background,GO:0004526,61
background,GO:0004527,356
background,GO:0004529,3
background,GO:0004532,52
background,GO:0004534,208
background,GO:0004535,215
background,GO:0004536,28
background,GO:0004540,2071
background,GO:0004549,2
background,GO:0004550,89
background,GO:0004551,19
background,GO:0004553,6704
background,GO:0004555,18
background,GO:0004556,100
background,GO:0004557,3
background,GO:0004559,202
background,GO:0004560,98
background,GO:0004563,73
background,GO:0004564,42
background,GO:0004565,137
background,GO:0004566,152
background,GO:0004567,1
background,GO:0004568,639
background,GO:0004571,163
background,GO:0004573,42
background,GO:0004575,143
background,GO:0004576,34
background,GO:0004577,51
background,GO:0004582,47
background,GO:0004585,33
background,GO:0004586,27
background,GO:0004587,27
background,GO:0004588,43
background,GO:0004590,44
background,GO:0004591,49
background,GO:0004592,198
background,GO:0004594,97
background,GO:0004595,31
background,GO:0004596,172
background,GO:0004601,2527
background,GO:0004602,21
background,GO:0004604,20
background,GO:0004605,68
background,GO:0004609,41
background,GO:0004610,18
background,GO:0004611,85
background,GO:0004612,55
background,GO:0004614,39
background,GO:0004615,62
background,GO:0004616,48
background,GO:0004617,94
background,GO:0004618,88
background,GO:0004619,42
background,GO:0004620,366
background,GO:0004622,18
background,GO:0004623,131
background,GO:0004629,4
background,GO:0004630,275
background,GO:0004631,16
background,GO:0004632,47
background,GO:0004633,146
background,GO:0004634,82
background,GO:0004635,17
background,GO:0004636,17
background,GO:0004637,80
background,GO:0004638,17
background,GO:0004639,28
background,GO:0004640,39
background,GO:0004641,39
background,GO:0004642,42
background,GO:0004643,38
background,GO:0004644,28
background,GO:0004647,11
background,GO:0004648,17
background,GO:0004649,21
background,GO:0004650,1411
background,GO:0004652,39
background,GO:0004654,35
background,GO:0004655,40
background,GO:0004656,281
background,GO:0004657,38
background,GO:0004659,252
background,GO:0004660,65
background,GO:0004661,14
background,GO:0004662,55
background,GO:0004663,53
background,GO:0004664,93
background,GO:0004668,39
background,GO:0004671,17
background,GO:0004672,26286
background,GO:0004673,58
background,GO:0004674,8691
background,GO:0004675,266
background,GO:0004683,200
background,GO:0004691,17
background,GO:0004693,253
background,GO:0004694,13
background,GO:0004705,7
background,GO:0004707,35
background,GO:0004708,107
background,GO:0004709,260
background,GO:0004712,82
background,GO:0004713,425
background,GO:0004714,585
background,GO:0004715,1
background,GO:0004719,34
background,GO:0004721,406
background,GO:0004722,1931
background,GO:0004725,70
background,GO:0004729,20
background,GO:0004730,36
background,GO:0004733,38
background,GO:0004735,20
background,GO:0004737,102
background,GO:0004738,30
background,GO:0004739,119
background,GO:0004740,39
background,GO:0004742,58
background,GO:0004743,243
background,GO:0004745,30
background,GO:0004746,32
background,GO:0004747,18
background,GO:0004748,50
background,GO:0004749,37
background,GO:0004750,25
background,GO:0004751,63
background,GO:0004753,42
background,GO:0004758,68
background,GO:0004760,55
background,GO:0004764,36
background,GO:0004765,28
background,GO:0004766,121
background,GO:0004768,33
background,GO:0004769,22
background,GO:0004775,69
background,GO:0004776,18
background,GO:0004777,21
background,GO:0004781,78
background,GO:0004784,55
background,GO:0004788,15
background,GO:0004789,16
background,GO:0004791,264
background,GO:0004792,65
background,GO:0004794,25
background,GO:0004795,19
background,GO:0004797,39
background,GO:0004798,18
background,GO:0004799,51
background,GO:0004801,57
background,GO:0004802,34
background,GO:0004803,10
background,GO:0004805,371
background,GO:0004806,153
background,GO:0004807,34
background,GO:0004809,74
background,GO:0004812,1418
background,GO:0004813,99
background,GO:0004814,110
background,GO:0004815,169
background,GO:0004816,67
background,GO:0004817,91
background,GO:0004818,78
background,GO:0004819,18
background,GO:0004820,78
background,GO:0004821,83
background,GO:0004822,46
background,GO:0004823,71
background,GO:0004824,143
background,GO:0004825,91
background,GO:0004826,82
background,GO:0004827,104
background,GO:0004828,99
background,GO:0004829,85
background,GO:0004830,41
background,GO:0004831,88
background,GO:0004832,69
background,GO:0004834,124
background,GO:0004838,38
background,GO:0004839,16
background,GO:0004842,7148
background,GO:0004843,1170
background,GO:0004844,87
background,GO:0004845,19
background,GO:0004846,21
background,GO:0004848,57
background,GO:0004849,630
background,GO:0004851,39
background,GO:0004852,34
background,GO:0004853,42
background,GO:0004856,49
background,GO:0004857,2024
background,GO:0004860,20
background,GO:0004861,112
background,GO:0004862,1
background,GO:0004864,614
background,GO:0004865,26
background,GO:0004866,704
background,GO:0004867,1078
background,GO:0004869,657
background,GO:0004888,444
background,GO:0004930,78
background,GO:0005034,3
background,GO:0005044,1
background,GO:0005047,80
background,GO:0005048,159
background,GO:0005049,268
background,GO:0005052,20
background,GO:0005053,17
background,GO:0005078,2
background,GO:0005085,713
background,GO:0005086,63
background,GO:0005088,6
background,GO:0005092,89
background,GO:0005093,40
background,GO:0005094,116
background,GO:0005095,1
background,GO:0005096,1396
background,GO:0005102,981
background,GO:0005109,6
background,GO:0005112,118
background,GO:0005126,34
background,GO:0005133,34
background,GO:0005154,8
background,GO:0005178,1
background,GO:0005179,74
background,GO:0005198,1093
background,GO:0005199,256
background,GO:0005200,265
background,GO:0005215,3565
background,GO:0005216,823
background,GO:0005217,5
background,GO:0005221,5
background,GO:0005222,1
background,GO:0005223,4
background,GO:0005227,264
background,GO:0005229,1
background,GO:0005242,2
background,GO:0005244,163
background,GO:0005245,19
background,GO:0005247,9
background,GO:0005249,408
background,GO:0005253,4
background,GO:0005254,35
background,GO:0005261,313
background,GO:0005262,237
background,GO:0005267,254
background,GO:0005274,56
background,GO:0005283,1
background,GO:0005310,102
background,GO:0005313,184
background,GO:0005315,231
background,GO:0005319,473
background,GO:0005324,18
background,GO:0005326,79
background,GO:0005337,218
background,GO:0005338,176
background,GO:0005342,946
background,GO:0005344,41
background,GO:0005345,49
background,GO:0005346,124
background,GO:0005347,108
background,GO:0005350,2
background,GO:0005351,94
background,GO:0005355,51
background,GO:0005363,16
background,GO:0005365,5
background,GO:0005366,144
background,GO:0005372,5
background,GO:0005375,89
background,GO:0005381,93
background,GO:0005384,480
background,GO:0005385,431
background,GO:0005388,487
background,GO:0005391,1
background,GO:0005402,11
background,GO:0005451,48
background,GO:0005452,142
background,GO:0005457,76
background,GO:0005458,19
background,GO:0005459,113
background,GO:0005460,72
background,GO:0005464,36
background,GO:0005469,16
background,GO:0005471,177
background,GO:0005483,93
background,GO:0005484,974
background,GO:0005488,19503
background,GO:0005496,8
background,GO:0005504,327
background,GO:0005506,8025
background,GO:0005507,1566
background,GO:0005509,5141
background,GO:0005513,1
background,GO:0005515,76566
background,GO:0005516,1443
background,GO:0005522,1
background,GO:0005524,40471
background,GO:0005525,5707
background,GO:0005527,78
background,GO:0005528,78
background,GO:0005536,134
background,GO:0005539,17
background,GO:0005542,50
background,GO:0005543,1039
background,GO:0005544,409
background,GO:0005545,278
background,GO:0005546,860
background,GO:0005547,1
background,GO:0005548,266
background,GO:0005575,50870
background,GO:0005576,3771
background,GO:0005615,1630
background,GO:0005618,2183
background,GO:0005622,44487
background,GO:0005623,49638
background,GO:0005628,228
background,GO:0005634,53457
background,GO:0005635,674
background,GO:0005637,24
background,GO:0005640,2
background,GO:0005642,1
background,GO:0005643,637
background,GO:0005654,2794
background,GO:0005655,399
background,GO:0005656,88
background,GO:0005657,1329
background,GO:0005658,56
background,GO:0005662,119
background,GO:0005663,241
background,GO:0005664,110
background,GO:0005665,349
background,GO:0005666,635
background,GO:0005667,937
background,GO:0005668,1
background,GO:0005669,463
background,GO:0005672,57
background,GO:0005673,95
background,GO:0005674,71
background,GO:0005675,210
background,GO:0005677,4
background,GO:0005680,586
background,GO:0005681,1137
background,GO:0005682,318
background,GO:0005684,391
background,GO:0005685,277
background,GO:0005686,273
background,GO:0005687,124
background,GO:0005688,115
background,GO:0005689,152
background,GO:0005694,2994
background,GO:0005697,93
background,GO:0005700,38
background,GO:0005701,19
background,GO:0005705,3
background,GO:0005712,1
background,GO:0005719,58
background,GO:0005720,48
background,GO:0005721,35
background,GO:0005722,18
background,GO:0005730,6678
background,GO:0005732,172
background,GO:0005736,366
background,GO:0005737,56934
background,GO:0005739,12474
background,GO:0005740,1101
background,GO:0005741,973
background,GO:0005742,214
background,GO:0005743,2144
background,GO:0005744,171
background,GO:0005745,113
background,GO:0005746,123
background,GO:0005747,524
background,GO:0005749,58
background,GO:0005750,124
background,GO:0005751,16
background,GO:0005753,165
background,GO:0005754,1
background,GO:0005756,2
background,GO:0005758,132
background,GO:0005759,796
background,GO:0005761,172
background,GO:0005762,591
background,GO:0005763,307
background,GO:0005764,582
background,GO:0005765,152
background,GO:0005766,167
background,GO:0005768,2798
background,GO:0005769,190
background,GO:0005770,453
background,GO:0005771,170
background,GO:0005773,3850
background,GO:0005774,2045
background,GO:0005775,407
background,GO:0005776,161
background,GO:0005777,2199
background,GO:0005778,580
background,GO:0005782,381
background,GO:0005783,8666
background,GO:0005784,58
background,GO:0005785,60
background,GO:0005786,184
background,GO:0005787,141
background,GO:0005788,299
background,GO:0005789,4837
background,GO:0005791,19
background,GO:0005793,327
background,GO:0005794,7667
background,GO:0005795,74
background,GO:0005797,53
background,GO:0005798,1402
background,GO:0005801,1279
background,GO:0005802,2224
background,GO:0005811,525
background,GO:0005813,345
background,GO:0005814,16
background,GO:0005815,636
background,GO:0005816,61
background,GO:0005819,673
background,GO:0005826,12
background,GO:0005828,19
background,GO:0005829,20907
background,GO:0005832,38
background,GO:0005834,79
background,GO:0005838,70
background,GO:0005839,527
background,GO:0005840,6409
background,GO:0005844,270
background,GO:0005845,71
background,GO:0005846,35
background,GO:0005847,90
background,GO:0005848,27
background,GO:0005849,181
background,GO:0005850,143
background,GO:0005851,156
background,GO:0005852,514
background,GO:0005853,63
background,GO:0005854,119
background,GO:0005856,1778
background,GO:0005858,1
background,GO:0005868,125
background,GO:0005871,350
background,GO:0005872,1
background,GO:0005873,10
background,GO:0005874,1653
background,GO:0005875,510
background,GO:0005876,349
background,GO:0005879,23
background,GO:0005880,265
background,GO:0005881,172
background,GO:0005882,1
background,GO:0005884,163
background,GO:0005885,186
background,GO:0005886,25859
background,GO:0005887,619
background,GO:0005902,2
background,GO:0005903,2
background,GO:0005905,277
background,GO:0005911,2292
background,GO:0005912,4
background,GO:0005923,2
background,GO:0005929,89
background,GO:0005930,46
background,GO:0005933,27
background,GO:0005934,26
background,GO:0005935,26
background,GO:0005937,59
background,GO:0005938,450
background,GO:0005942,4
background,GO:0005947,68
background,GO:0005948,40
background,GO:0005950,3766
background,GO:0005951,43
background,GO:0005952,21
background,GO:0005953,55
background,GO:0005956,86
background,GO:0005958,17
background,GO:0005960,51
background,GO:0005965,65
background,GO:0005967,28
background,GO:0005968,89
background,GO:0005971,48
background,GO:0005975,11012
background,GO:0005976,473
background,GO:0005977,58
background,GO:0005978,260
background,GO:0005980,83
background,GO:0005982,198
background,GO:0005983,100
background,GO:0005984,133
background,GO:0005985,322
background,GO:0005986,133
background,GO:0005987,160
background,GO:0005990,24
background,GO:0005991,45
background,GO:0005992,394
background,GO:0005993,18
background,GO:0005994,2
background,GO:0005995,2
background,GO:0005996,302
background,GO:0005997,49
background,GO:0006000,369
background,GO:0006002,119
background,GO:0006003,56
background,GO:0006004,37
background,GO:0006006,450
background,GO:0006007,23
background,GO:0006011,167
background,GO:0006012,194
background,GO:0006013,201
background,GO:0006014,18
background,GO:0006015,87
background,GO:0006020,84
background,GO:0006021,91
background,GO:0006022,39
background,GO:0006023,3
background,GO:0006024,119
background,GO:0006026,36
background,GO:0006027,2
background,GO:0006029,9
background,GO:0006030,34
background,GO:0006032,381
background,GO:0006040,35
background,GO:0006044,74
background,GO:0006047,19
background,GO:0006048,93
background,GO:0006063,34
background,GO:0006065,3
background,GO:0006066,290
background,GO:0006067,1
background,GO:0006071,42
background,GO:0006072,136
background,GO:0006073,299
background,GO:0006074,31
background,GO:0006075,246
background,GO:0006076,30
background,GO:0006081,306
background,GO:0006082,6520
background,GO:0006083,35
background,GO:0006084,39
background,GO:0006085,72
background,GO:0006086,170
background,GO:0006089,61
background,GO:0006090,345
background,GO:0006091,382
background,GO:0006094,323
background,GO:0006096,1118
background,GO:0006097,61
background,GO:0006098,234
background,GO:0006099,655
background,GO:0006101,133
background,GO:0006102,216
background,GO:0006103,143
background,GO:0006104,51
background,GO:0006105,1
background,GO:0006106,18
background,GO:0006107,84
background,GO:0006108,239
background,GO:0006109,326
background,GO:0006110,64
background,GO:0006111,16
background,GO:0006112,74
background,GO:0006114,43
background,GO:0006116,220
background,GO:0006119,33
background,GO:0006120,142
background,GO:0006121,86
background,GO:0006122,143
background,GO:0006123,81
background,GO:0006139,11435
background,GO:0006140,70
background,GO:0006144,65
background,GO:0006145,41
background,GO:0006152,170
background,GO:0006154,37
background,GO:0006163,193
background,GO:0006164,385
background,GO:0006165,44
background,GO:0006166,40
background,GO:0006167,3
background,GO:0006168,62
background,GO:0006169,3
background,GO:0006177,45
background,GO:0006178,18
background,GO:0006182,23
background,GO:0006183,71
background,GO:0006188,121
background,GO:0006189,213
background,GO:0006193,7
background,GO:0006195,7
background,GO:0006203,56
background,GO:0006206,654
background,GO:0006207,166
background,GO:0006208,60
background,GO:0006210,96
background,GO:0006212,36
background,GO:0006213,635
background,GO:0006220,652
background,GO:0006221,850
background,GO:0006222,673
background,GO:0006225,34
background,GO:0006226,26
background,GO:0006227,15
background,GO:0006228,51
background,GO:0006231,51
background,GO:0006233,18
background,GO:0006235,15
background,GO:0006241,133
background,GO:0006244,3
background,GO:0006259,3773
background,GO:0006260,3148
background,GO:0006261,1165
background,GO:0006264,150
background,GO:0006265,471
background,GO:0006266,160
background,GO:0006268,284
background,GO:0006269,41
background,GO:0006270,345
background,GO:0006271,172
background,GO:0006272,81
background,GO:0006273,171
background,GO:0006274,17
background,GO:0006275,219
background,GO:0006276,21
background,GO:0006277,2
background,GO:0006278,1237
background,GO:0006279,22
background,GO:0006281,5336
background,GO:0006282,81
background,GO:0006283,488
background,GO:0006284,1235
background,GO:0006285,101
background,GO:0006287,48
background,GO:0006289,896
background,GO:0006290,1
background,GO:0006293,1
background,GO:0006294,27
background,GO:0006296,1
background,GO:0006297,159
background,GO:0006298,466
background,GO:0006301,44
background,GO:0006302,1289
background,GO:0006303,415
background,GO:0006304,314
background,GO:0006305,295
background,GO:0006306,295
background,GO:0006307,76
background,GO:0006308,152
background,GO:0006310,1387
background,GO:0006311,44
background,GO:0006312,174
background,GO:0006313,14
background,GO:0006314,3
background,GO:0006315,61
background,GO:0006323,110
background,GO:0006325,1783
background,GO:0006333,172
background,GO:0006334,720
background,GO:0006335,59
background,GO:0006336,31
background,GO:0006337,44
background,GO:0006338,1260
background,GO:0006342,289
background,GO:0006344,21
background,GO:0006346,55
background,GO:0006348,1
background,GO:0006349,36
background,GO:0006351,3430
background,GO:0006352,920
background,GO:0006353,342
background,GO:0006354,140
background,GO:0006355,30497
background,GO:0006356,95
background,GO:0006357,8142
background,GO:0006359,30
background,GO:0006360,177
background,GO:0006361,38
background,GO:0006362,184
background,GO:0006363,35
background,GO:0006364,3523
background,GO:0006366,1331
background,GO:0006367,766
background,GO:0006368,475
background,GO:0006369,446
background,GO:0006370,128
background,GO:0006376,66
background,GO:0006378,503
background,GO:0006379,28
background,GO:0006382,17
background,GO:0006383,387
background,GO:0006384,179
background,GO:0006386,36
background,GO:0006388,116
background,GO:0006390,144
background,GO:0006396,5590
background,GO:0006397,1638
background,GO:0006398,52
background,GO:0006399,510
background,GO:0006400,745
background,GO:0006401,860
background,GO:0006402,589
background,GO:0006403,332
background,GO:0006404,13
background,GO:0006405,458
background,GO:0006406,584
background,GO:0006408,35
background,GO:0006409,56
background,GO:0006412,6808
background,GO:0006413,1051
background,GO:0006414,943
background,GO:0006415,243
background,GO:0006417,440
background,GO:0006418,1283
background,GO:0006419,99
background,GO:0006420,110
background,GO:0006421,67
background,GO:0006422,169
background,GO:0006423,91
background,GO:0006424,78
background,GO:0006425,18
background,GO:0006426,78
background,GO:0006427,83
background,GO:0006428,46
background,GO:0006429,71
background,GO:0006430,142
background,GO:0006431,91
background,GO:0006432,82
background,GO:0006433,104
background,GO:0006434,99
background,GO:0006435,85
background,GO:0006436,41
background,GO:0006437,76
background,GO:0006438,69
background,GO:0006446,44
background,GO:0006448,8
background,GO:0006450,98
background,GO:0006457,2671
background,GO:0006458,107
background,GO:0006464,8001
background,GO:0006465,485
background,GO:0006468,26394
background,GO:0006469,71
background,GO:0006470,2310
background,GO:0006471,69
background,GO:0006473,256
background,GO:0006474,127
background,GO:0006475,250
background,GO:0006476,163
background,GO:0006479,454
background,GO:0006480,16
background,GO:0006481,17
background,GO:0006482,149
background,GO:0006486,1651
background,GO:0006487,434
background,GO:0006488,245
background,GO:0006490,93
background,GO:0006491,143
background,GO:0006493,24
background,GO:0006497,54
background,GO:0006498,9
background,GO:0006499,37
background,GO:0006500,9
background,GO:0006501,35
background,GO:0006505,6
background,GO:0006506,555
background,GO:0006508,15820
background,GO:0006509,40
background,GO:0006511,6751
background,GO:0006513,47
background,GO:0006515,395
background,GO:0006516,21
background,GO:0006517,158
background,GO:0006518,563
background,GO:0006520,5113
background,GO:0006521,15
background,GO:0006525,30
background,GO:0006526,185
background,GO:0006527,25
background,GO:0006528,86
background,GO:0006529,141
background,GO:0006530,64
background,GO:0006531,65
background,GO:0006532,64
background,GO:0006533,64
background,GO:0006534,265
background,GO:0006535,233
background,GO:0006536,185
background,GO:0006537,73
background,GO:0006538,235
background,GO:0006540,1
background,GO:0006541,75
background,GO:0006542,182
background,GO:0006544,21
background,GO:0006545,43
background,GO:0006546,20
background,GO:0006547,1
background,GO:0006549,6
background,GO:0006551,19
background,GO:0006552,88
background,GO:0006553,11
background,GO:0006555,87
background,GO:0006556,109
background,GO:0006558,1
background,GO:0006559,99
background,GO:0006560,42
background,GO:0006561,108
background,GO:0006562,39
background,GO:0006563,157
background,GO:0006564,42
background,GO:0006565,21
background,GO:0006566,26
background,GO:0006567,64
background,GO:0006568,3895
background,GO:0006570,21
background,GO:0006571,63
background,GO:0006572,135
background,GO:0006573,183
background,GO:0006574,193
background,GO:0006575,233
background,GO:0006576,3831
background,GO:0006582,1
background,GO:0006584,4
background,GO:0006586,3769
background,GO:0006591,33
background,GO:0006592,25
background,GO:0006595,82
background,GO:0006596,101
background,GO:0006597,133
background,GO:0006598,84
background,GO:0006605,970
background,GO:0006606,1146
background,GO:0006607,48
background,GO:0006610,2
background,GO:0006611,509
background,GO:0006612,316
background,GO:0006613,37
background,GO:0006614,290
background,GO:0006616,78
background,GO:0006617,34
background,GO:0006620,72
background,GO:0006621,210
background,GO:0006622,41
background,GO:0006623,337
background,GO:0006624,350
background,GO:0006625,351
background,GO:0006626,113
background,GO:0006627,96
background,GO:0006629,4846
background,GO:0006631,1378
background,GO:0006633,1590
background,GO:0006635,463
background,GO:0006636,34
background,GO:0006637,83
background,GO:0006638,47
background,GO:0006639,47
background,GO:0006641,54
background,GO:0006643,73
background,GO:0006644,516
background,GO:0006646,163
background,GO:0006649,15
background,GO:0006650,190
background,GO:0006651,2
background,GO:0006654,114
background,GO:0006655,37
background,GO:0006656,245
background,GO:0006657,47
background,GO:0006659,16
background,GO:0006661,83
background,GO:0006664,45
background,GO:0006665,104
background,GO:0006666,45
background,GO:0006667,12
background,GO:0006670,12
background,GO:0006672,145
background,GO:0006677,2
background,GO:0006679,61
background,GO:0006680,26
background,GO:0006684,12
background,GO:0006686,12
background,GO:0006687,2
background,GO:0006690,318
background,GO:0006691,1
background,GO:0006692,6
background,GO:0006693,6
background,GO:0006694,235
background,GO:0006695,64
background,GO:0006696,63
background,GO:0006702,3
background,GO:0006706,16
background,GO:0006707,16
background,GO:0006714,111
background,GO:0006720,985
background,GO:0006721,969
background,GO:0006722,5
background,GO:0006723,4
background,GO:0006725,15211
background,GO:0006726,91
background,GO:0006727,23
background,GO:0006728,1
background,GO:0006729,94
background,GO:0006730,191
background,GO:0006732,462
background,GO:0006733,94
background,GO:0006734,39
background,GO:0006739,69
background,GO:0006740,24
background,GO:0006741,70
background,GO:0006742,34
background,GO:0006743,13
background,GO:0006744,320
background,GO:0006747,36
background,GO:0006749,1089
background,GO:0006750,113
background,GO:0006751,132
background,GO:0006753,983
background,GO:0006754,91
background,GO:0006757,21
background,GO:0006760,112
background,GO:0006761,11
background,GO:0006766,415
background,GO:0006767,228
background,GO:0006771,37
background,GO:0006772,16
background,GO:0006775,172
background,GO:0006777,133
background,GO:0006778,169
background,GO:0006779,228
background,GO:0006780,16
background,GO:0006782,18
background,GO:0006783,161
background,GO:0006784,52
background,GO:0006787,19
background,GO:0006788,30
background,GO:0006790,716
background,GO:0006792,3
background,GO:0006793,4306
background,GO:0006796,4285
background,GO:0006797,1
background,GO:0006801,147
background,GO:0006805,306
background,GO:0006807,25344
background,GO:0006808,68
background,GO:0006809,708
background,GO:0006810,8318
background,GO:0006811,3215
background,GO:0006812,2673
background,GO:0006813,1008
background,GO:0006814,59
background,GO:0006816,335
background,GO:0006817,145
background,GO:0006820,2129
background,GO:0006821,166
background,GO:0006825,1
background,GO:0006826,214
background,GO:0006828,218
background,GO:0006829,92
background,GO:0006833,347
background,GO:0006835,102
background,GO:0006836,97
background,GO:0006837,1
background,GO:0006839,674
background,GO:0006842,22
background,GO:0006850,65
background,GO:0006851,53
background,GO:0006855,385
background,GO:0006857,66
background,GO:0006862,391
background,GO:0006863,3
background,GO:0006865,992
background,GO:0006868,35
background,GO:0006869,1280
background,GO:0006873,701
background,GO:0006874,553
background,GO:0006875,518
background,GO:0006878,21
background,GO:0006879,333
background,GO:0006880,119
background,GO:0006882,105
background,GO:0006883,51
background,GO:0006884,8
background,GO:0006885,860
background,GO:0006886,5179
background,GO:0006887,1831
background,GO:0006888,2513
background,GO:0006890,1743
background,GO:0006891,1718
background,GO:0006892,97
background,GO:0006893,387
background,GO:0006895,28
background,GO:0006896,210
background,GO:0006897,531
background,GO:0006898,262
background,GO:0006900,646
background,GO:0006901,169
background,GO:0006903,256
background,GO:0006904,104
background,GO:0006906,807
background,GO:0006907,40
background,GO:0006909,78
background,GO:0006911,31
background,GO:0006913,602
background,GO:0006914,467
background,GO:0006915,296
background,GO:0006919,35
background,GO:0006921,6
background,GO:0006924,34
background,GO:0006928,629
background,GO:0006935,119
background,GO:0006949,51
background,GO:0006950,12275
background,GO:0006952,13084
background,GO:0006954,416
background,GO:0006955,3120
background,GO:0006959,1
background,GO:0006968,3
background,GO:0006970,2623
background,GO:0006971,7
background,GO:0006972,190
background,GO:0006974,2206
background,GO:0006977,21
background,GO:0006978,20
background,GO:0006979,4608
background,GO:0006984,3
background,GO:0006986,48
background,GO:0006990,16
background,GO:0006991,1
background,GO:0006995,229
background,GO:0006996,8219
background,GO:0006997,246
background,GO:0006998,8
background,GO:0006999,124
background,GO:0007000,9
background,GO:0007004,177
background,GO:0007005,1439
background,GO:0007006,107
background,GO:0007007,36
background,GO:0007009,16
background,GO:0007010,1395
background,GO:0007015,781
background,GO:0007017,1977
background,GO:0007018,1648
background,GO:0007019,133
background,GO:0007020,155
background,GO:0007021,110
background,GO:0007023,112
background,GO:0007026,7
background,GO:0007028,27
background,GO:0007029,97
background,GO:0007030,473
background,GO:0007031,626
background,GO:0007032,147
background,GO:0007033,423
background,GO:0007034,455
background,GO:0007035,154
background,GO:0007039,23
background,GO:0007040,68
background,GO:0007041,84
background,GO:0007043,36
background,GO:0007044,8
background,GO:0007049,1689
background,GO:0007050,5
background,GO:0007051,254
background,GO:0007052,235
background,GO:0007053,1
background,GO:0007059,694
background,GO:0007060,33
background,GO:0007062,271
background,GO:0007063,45
background,GO:0007064,334
background,GO:0007076,188
background,GO:0007079,2
background,GO:0007080,48
background,GO:0007088,122
background,GO:0007091,103
background,GO:0007093,82
background,GO:0007094,177
background,GO:0007095,155
background,GO:0007096,20
background,GO:0007097,82
background,GO:0007098,9
background,GO:0007100,3
background,GO:0007107,1
background,GO:0007112,52
background,GO:0007113,2
background,GO:0007114,7
background,GO:0007117,7
background,GO:0007118,7
background,GO:0007127,258
background,GO:0007129,170
background,GO:0007130,8
background,GO:0007131,682
background,GO:0007135,13
background,GO:0007140,215
background,GO:0007141,11
background,GO:0007142,91
background,GO:0007143,79
background,GO:0007154,5924
background,GO:0007155,157
background,GO:0007156,7
background,GO:0007159,1
background,GO:0007162,21
background,GO:0007163,174
background,GO:0007164,66
background,GO:0007165,11368
background,GO:0007166,1112
background,GO:0007167,312
background,GO:0007169,46
background,GO:0007175,5
background,GO:0007176,5
background,GO:0007178,266
background,GO:0007186,286
background,GO:0007187,3
background,GO:0007188,77
background,GO:0007189,17
background,GO:0007200,127
background,GO:0007204,18
background,GO:0007219,120
background,GO:0007220,23
background,GO:0007221,118
background,GO:0007224,9
background,GO:0007229,1
background,GO:0007231,32
background,GO:0007253,1
background,GO:0007254,14
background,GO:0007257,1
background,GO:0007258,7
background,GO:0007263,34
background,GO:0007264,298
background,GO:0007265,56
background,GO:0007266,118
background,GO:0007267,180
background,GO:0007268,28
background,GO:0007269,17
background,GO:0007272,56
background,GO:0007275,13519
background,GO:0007276,1960
background,GO:0007277,1
background,GO:0007279,1
background,GO:0007281,1447
background,GO:0007282,1
background,GO:0007283,151
background,GO:0007286,39
background,GO:0007288,1
background,GO:0007289,4
background,GO:0007291,3
background,GO:0007292,1260
background,GO:0007293,1
background,GO:0007294,1
background,GO:0007297,2
background,GO:0007298,2
background,GO:0007304,9
background,GO:0007306,9
background,GO:0007308,28
background,GO:0007309,28
background,GO:0007310,1
background,GO:0007314,27
background,GO:0007315,27
background,GO:0007316,2
background,GO:0007317,27
background,GO:0007318,25
background,GO:0007319,1
background,GO:0007323,4
background,GO:0007338,4
background,GO:0007339,3
background,GO:0007346,531
background,GO:0007349,12
background,GO:0007350,36
background,GO:0007351,27
background,GO:0007365,9
background,GO:0007367,9
background,GO:0007368,38
background,GO:0007369,32
background,GO:0007389,2410
background,GO:0007391,1
background,GO:0007398,99
background,GO:0007399,615
background,GO:0007405,4
background,GO:0007406,1
background,GO:0007409,26
background,GO:0007411,24
background,GO:0007412,1
background,GO:0007416,2
background,GO:0007417,211
background,GO:0007420,154
background,GO:0007422,100
background,GO:0007423,302
background,GO:0007424,2
background,GO:0007444,278
background,GO:0007446,1
background,GO:0007447,3
background,GO:0007450,3
background,GO:0007455,10
background,GO:0007469,10
background,GO:0007472,114
background,GO:0007474,2
background,GO:0007476,113
background,GO:0007492,29
background,GO:0007498,99
background,GO:0007507,45
background,GO:0007517,124
background,GO:0007519,124
background,GO:0007528,36
background,GO:0007530,40
background,GO:0007531,40
background,GO:0007533,40
background,GO:0007535,39
background,GO:0007548,175
background,GO:0007549,19
background,GO:0007552,114
background,GO:0007560,114
background,GO:0007565,7
background,GO:0007566,7
background,GO:0007568,1362
background,GO:0007569,112
background,GO:0007584,127
background,GO:0007586,2
background,GO:0007588,2
background,GO:0007589,1
background,GO:0007591,2
background,GO:0007594,1
background,GO:0007595,1
background,GO:0007596,9
background,GO:0007599,9
background,GO:0007600,64
background,GO:0007601,3
background,GO:0007602,26
background,GO:0007605,1
background,GO:0007610,402
background,GO:0007611,268
background,GO:0007612,169
background,GO:0007613,266
background,GO:0007616,99
background,GO:0007617,2
background,GO:0007618,2
background,GO:0007622,1
background,GO:0007623,536
background,GO:0007625,1
background,GO:0007626,6
background,GO:0007629,1
background,GO:0007630,1
background,GO:0007632,11
background,GO:0007634,9
background,GO:0007635,3
background,GO:0008009,1
background,GO:0008013,15
background,GO:0008015,344
background,GO:0008017,3022
background,GO:0008021,136
background,GO:0008022,23
background,GO:0008023,141
background,GO:0008026,1067
background,GO:0008028,232
background,GO:0008033,851
background,GO:0008037,15
background,GO:0008038,11
background,GO:0008039,1
background,GO:0008045,4
background,GO:0008047,557
background,GO:0008052,99
background,GO:0008055,23
background,GO:0008057,1
background,GO:0008061,392
background,GO:0008064,152
background,GO:0008066,72
background,GO:0008079,28
background,GO:0008080,322
background,GO:0008081,672
background,GO:0008083,78
background,GO:0008088,26
background,GO:0008089,25
background,GO:0008092,508
background,GO:0008093,19
background,GO:0008094,1381
background,GO:0008097,267
background,GO:0008103,1
background,GO:0008104,3708
background,GO:0008106,94
background,GO:0008107,141
background,GO:0008108,33
background,GO:0008113,72
background,GO:0008115,32
background,GO:0008117,17
background,GO:0008120,61
background,GO:0008121,45
background,GO:0008124,38
background,GO:0008131,212
background,GO:0008134,889
background,GO:0008135,75
background,GO:0008137,379
background,GO:0008138,38
background,GO:0008139,100
background,GO:0008143,145
background,GO:0008144,735
background,GO:0008146,313
background,GO:0008150,53247
background,GO:0008152,31711
background,GO:0008153,20
background,GO:0008154,7
background,GO:0008156,27
background,GO:0008157,23
background,GO:0008160,16
background,GO:0008168,5572
background,GO:0008169,1222
background,GO:0008170,236
background,GO:0008171,1254
background,GO:0008172,1
background,GO:0008173,1672
background,GO:0008174,18
background,GO:0008175,101
background,GO:0008176,85
background,GO:0008177,21
background,GO:0008179,18
background,GO:0008180,208
background,GO:0008184,84
background,GO:0008186,504
background,GO:0008187,14
background,GO:0008193,28
background,GO:0008194,4173
background,GO:0008195,165
background,GO:0008198,263
background,GO:0008199,111
background,GO:0008202,438
background,GO:0008203,80
background,GO:0008204,63
background,GO:0008206,1
background,GO:0008207,3
background,GO:0008209,3
background,GO:0008213,380
background,GO:0008214,132
background,GO:0008215,1
background,GO:0008216,1
background,GO:0008217,342
background,GO:0008219,1524
background,GO:0008233,3378
background,GO:0008234,3048
background,GO:0008235,73
background,GO:0008236,2447
background,GO:0008237,801
background,GO:0008238,42
background,GO:0008239,199
background,GO:0008240,34
background,GO:0008242,86
background,GO:0008250,178
background,GO:0008251,86
background,GO:0008252,70
background,GO:0008253,148
background,GO:0008263,3
background,GO:0008265,17
background,GO:0008266,10
background,GO:0008270,37279
background,GO:0008272,152
background,GO:0008274,13
background,GO:0008275,4
background,GO:0008276,333
background,GO:0008277,4
background,GO:0008278,242
background,GO:0008283,321
background,GO:0008284,1448
background,GO:0008285,319
background,GO:0008287,8
background,GO:0008289,2627
background,GO:0008290,36
background,GO:0008295,279
background,GO:0008296,79
background,GO:0008298,38
background,GO:0008299,1143
background,GO:0008300,136
background,GO:0008301,50
background,GO:0008306,163
background,GO:0008308,271
background,GO:0008309,1
background,GO:0008310,17
background,GO:0008311,151
background,GO:0008312,203
background,GO:0008318,134
background,GO:0008320,355
background,GO:0008324,1351
background,GO:0008327,100
background,GO:0008330,44
background,GO:0008333,71
background,GO:0008334,11
background,GO:0008340,41
background,GO:0008344,1
background,GO:0008347,18
background,GO:0008352,35
background,GO:0008353,374
background,GO:0008354,3
background,GO:0008355,1
background,GO:0008356,225
background,GO:0008358,27
background,GO:0008360,129
background,GO:0008361,70
background,GO:0008366,56
background,GO:0008373,52
background,GO:0008374,904
background,GO:0008375,18
background,GO:0008378,451
background,GO:0008379,107
background,GO:0008380,864
background,GO:0008381,182
background,GO:0008406,68
background,GO:0008408,679
background,GO:0008409,135
background,GO:0008417,170
background,GO:0008418,48
background,GO:0008419,20
background,GO:0008420,225
background,GO:0008422,1350
background,GO:0008425,19
background,GO:0008429,2
background,GO:0008430,38
background,GO:0008440,35
background,GO:0008441,84
background,GO:0008442,24
background,GO:0008443,63
background,GO:0008444,33
background,GO:0008446,30
background,GO:0008453,120
background,GO:0008455,18
background,GO:0008460,51
background,GO:0008465,18
background,GO:0008466,48
background,GO:0008469,32
background,GO:0008470,17
background,GO:0008474,52
background,GO:0008476,1
background,GO:0008477,56
background,GO:0008478,17
background,GO:0008479,17
background,GO:0008482,91
background,GO:0008483,745
background,GO:0008490,7
background,GO:0008495,17
background,GO:0008496,68
background,GO:0008506,136
background,GO:0008509,1322
background,GO:0008514,1200
background,GO:0008515,2
background,GO:0008517,16
background,GO:0008519,197
background,GO:0008525,223
background,GO:0008526,310
background,GO:0008531,37
background,GO:0008534,16
background,GO:0008535,4
background,GO:0008536,13
background,GO:0008540,133
background,GO:0008541,185
background,GO:0008543,10
background,GO:0008544,27
background,GO:0008553,197
background,GO:0008565,367
background,GO:0008568,27
background,GO:0008569,6
background,GO:0008574,205
background,GO:0008582,12
background,GO:0008584,4
background,GO:0008585,61
background,GO:0008587,2
background,GO:0008589,16
background,GO:0008593,227
background,GO:0008594,1
background,GO:0008595,27
background,GO:0008607,1
background,GO:0008608,53
background,GO:0008610,1873
background,GO:0008612,64
background,GO:0008614,19
background,GO:0008615,77
background,GO:0008616,25
background,GO:0008622,53
background,GO:0008623,51
background,GO:0008630,145
background,GO:0008637,54
background,GO:0008641,209
background,GO:0008643,843
background,GO:0008645,11
background,GO:0008649,1317
background,GO:0008650,53
background,GO:0008652,4211
background,GO:0008654,386
background,GO:0008655,634
background,GO:0008661,90
background,GO:0008663,32
background,GO:0008670,18
background,GO:0008676,18
background,GO:0008685,21
background,GO:0008686,56
background,GO:0008690,14
background,GO:0008692,1
background,GO:0008696,11
background,GO:0008703,19
background,GO:0008716,23
background,GO:0008720,16
background,GO:0008721,88
background,GO:0008725,153
background,GO:0008728,4
background,GO:0008732,42
background,GO:0008734,23
background,GO:0008757,2679
background,GO:0008773,7
background,GO:0008780,28
background,GO:0008783,48
background,GO:0008792,24
background,GO:0008793,40
background,GO:0008796,1
background,GO:0008800,1
background,GO:0008810,1
background,GO:0008821,107
background,GO:0008824,15
background,GO:0008825,4
background,GO:0008832,36
background,GO:0008835,20
background,GO:0008836,54
background,GO:0008837,38
background,GO:0008839,78
background,GO:0008840,92
background,GO:0008841,44
background,GO:0008843,1
background,GO:0008863,31
background,GO:0008864,32
background,GO:0008865,299
background,GO:0008878,164
background,GO:0008883,58
background,GO:0008886,3
background,GO:0008887,15
background,GO:0008889,115
background,GO:0008893,37
background,GO:0008897,38
background,GO:0008898,57
background,GO:0008902,22
background,GO:0008905,1
background,GO:0008909,40
background,GO:0008911,39
background,GO:0008915,16
background,GO:0008922,62
background,GO:0008930,19
background,GO:0008934,32
background,GO:0008935,31
background,GO:0008936,75
background,GO:0008942,16
background,GO:0008962,23
background,GO:0008963,6
background,GO:0008964,176
background,GO:0008970,146
background,GO:0008972,22
background,GO:0008987,17
background,GO:0008988,18
background,GO:0008995,3
background,GO:0009000,8
background,GO:0009001,93
background,GO:0009007,2
background,GO:0009008,10
background,GO:0009011,56
background,GO:0009019,55
background,GO:0009020,17
background,GO:0009029,17
background,GO:0009039,16
background,GO:0009041,34
background,GO:0009044,279
background,GO:0009045,40
background,GO:0009048,19
background,GO:0009051,173
background,GO:0009052,63
background,GO:0009055,1856
background,GO:0009056,5268
background,GO:0009057,4123
background,GO:0009058,15651
background,GO:0009059,4587
background,GO:0009060,364
background,GO:0009061,1
background,GO:0009062,98
background,GO:0009063,109
background,GO:0009064,139
background,GO:0009065,67
background,GO:0009066,95
background,GO:0009067,155
background,GO:0009068,65
background,GO:0009069,259
background,GO:0009070,172
background,GO:0009071,20
background,GO:0009072,3875
background,GO:0009073,3992
background,GO:0009074,3
background,GO:0009081,295
background,GO:0009082,99
background,GO:0009083,69
background,GO:0009084,62
background,GO:0009085,11
background,GO:0009086,239
background,GO:0009088,19
background,GO:0009089,320
background,GO:0009090,91
background,GO:0009092,3
background,GO:0009093,18
background,GO:0009094,94
background,GO:0009095,1
background,GO:0009097,121
background,GO:0009098,74
background,GO:0009099,96
background,GO:0009100,229
background,GO:0009101,134
background,GO:0009102,89
background,GO:0009106,1
background,GO:0009107,39
background,GO:0009108,384
background,GO:0009109,1
background,GO:0009110,251
background,GO:0009112,665
background,GO:0009113,82
background,GO:0009116,783
background,GO:0009117,935
background,GO:0009119,682
background,GO:0009123,705
background,GO:0009124,664
background,GO:0009126,73
background,GO:0009127,34
background,GO:0009129,630
background,GO:0009130,630
background,GO:0009132,44
background,GO:0009134,201
background,GO:0009135,21
background,GO:0009141,92
background,GO:0009142,33
background,GO:0009143,54
background,GO:0009144,90
background,GO:0009145,31
background,GO:0009146,7
background,GO:0009147,1
background,GO:0009148,1
background,GO:0009150,203
background,GO:0009152,115
background,GO:0009154,7
background,GO:0009156,664
background,GO:0009161,703
background,GO:0009163,664
background,GO:0009165,870
background,GO:0009166,32
background,GO:0009167,73
background,GO:0009168,34
background,GO:0009173,630
background,GO:0009174,630
background,GO:0009179,21
background,GO:0009185,21
background,GO:0009187,41
background,GO:0009190,23
background,GO:0009199,91
background,GO:0009200,8
background,GO:0009201,32
background,GO:0009202,1
background,GO:0009203,7
background,GO:0009204,7
background,GO:0009205,90
background,GO:0009206,31
background,GO:0009207,7
background,GO:0009208,1
background,GO:0009209,1
background,GO:0009218,632
background,GO:0009219,3
background,GO:0009220,649
background,GO:0009223,3
background,GO:0009225,219
background,GO:0009226,148
background,GO:0009228,115
background,GO:0009229,15
background,GO:0009231,208
background,GO:0009234,43
background,GO:0009240,34
background,GO:0009245,89
background,GO:0009247,158
background,GO:0009249,68
background,GO:0009250,173
background,GO:0009251,296
background,GO:0009253,2
background,GO:0009259,818
background,GO:0009260,747
background,GO:0009261,7
background,GO:0009262,4
background,GO:0009263,121
background,GO:0009264,37
background,GO:0009266,1507
background,GO:0009267,530
background,GO:0009268,169
background,GO:0009269,118
background,GO:0009272,32
background,GO:0009273,14
background,GO:0009292,250
background,GO:0009294,250
background,GO:0009295,157
background,GO:0009298,75
background,GO:0009299,268
background,GO:0009301,24
background,GO:0009303,35
background,GO:0009304,38
background,GO:0009306,92
background,GO:0009307,1
background,GO:0009308,4046
background,GO:0009309,3806
background,GO:0009310,2
background,GO:0009311,256
background,GO:0009312,51
background,GO:0009313,88
background,GO:0009314,4024
background,GO:0009317,48
background,GO:0009328,64
background,GO:0009330,37
background,GO:0009337,16
background,GO:0009341,24
background,GO:0009346,1
background,GO:0009349,29
background,GO:0009353,1
background,GO:0009361,18
background,GO:0009368,231
background,GO:0009372,1
background,GO:0009378,690
background,GO:0009383,1238
background,GO:0009394,3
background,GO:0009395,350
background,GO:0009396,142
background,GO:0009398,19
background,GO:0009403,33
background,GO:0009404,63
background,GO:0009405,105
background,GO:0009407,30
background,GO:0009408,1409
background,GO:0009409,1220
background,GO:0009410,351
background,GO:0009411,711
background,GO:0009413,4
background,GO:0009414,1787
background,GO:0009415,1500
background,GO:0009416,4186
background,GO:0009423,68
background,GO:0009435,185
background,GO:0009436,44
background,GO:0009438,27
background,GO:0009439,15
background,GO:0009443,20
background,GO:0009445,1
background,GO:0009446,40
background,GO:0009448,26
background,GO:0009450,22
background,GO:0009451,8373
background,GO:0009452,12
background,GO:0009501,74
background,GO:0009504,117
background,GO:0009505,1275
background,GO:0009506,3855
background,GO:0009507,12664
background,GO:0009508,23
background,GO:0009509,60
background,GO:0009510,21
background,GO:0009511,21
background,GO:0009512,33
background,GO:0009513,19
background,GO:0009514,24
background,GO:0009521,127
background,GO:0009522,292
background,GO:0009523,799
background,GO:0009524,137
background,GO:0009526,2162
background,GO:0009527,302
background,GO:0009528,378
background,GO:0009531,64
background,GO:0009532,1337
background,GO:0009533,4
background,GO:0009534,1208
background,GO:0009535,2895
background,GO:0009536,6895
background,GO:0009537,19
background,GO:0009538,114
background,GO:0009539,69
background,GO:0009540,20
background,GO:0009543,130
background,GO:0009547,14
background,GO:0009553,456
background,GO:0009554,80
background,GO:0009555,1238
background,GO:0009556,143
background,GO:0009558,7
background,GO:0009559,100
background,GO:0009560,1
background,GO:0009561,145
background,GO:0009566,124
background,GO:0009567,187
background,GO:0009569,18
background,GO:0009570,3104
background,GO:0009574,93
background,GO:0009575,3
background,GO:0009579,1434
background,GO:0009581,40
background,GO:0009582,40
background,GO:0009583,26
background,GO:0009584,54
background,GO:0009585,69
background,GO:0009590,2
background,GO:0009593,95
background,GO:0009594,15
background,GO:0009595,3
background,GO:0009605,5972
background,GO:0009606,216
background,GO:0009607,4957
background,GO:0009608,32
background,GO:0009609,21
background,GO:0009610,21
background,GO:0009611,1590
background,GO:0009612,35
background,GO:0009615,736
background,GO:0009616,460
background,GO:0009617,2557
background,GO:0009620,1947
background,GO:0009623,6
background,GO:0009624,507
background,GO:0009625,383
background,GO:0009626,639
background,GO:0009627,489
background,GO:0009628,7791
background,GO:0009629,204
background,GO:0009630,331
background,GO:0009631,183
background,GO:0009635,46
background,GO:0009636,1004
background,GO:0009637,360
background,GO:0009638,121
background,GO:0009639,1087
background,GO:0009640,262
background,GO:0009641,329
background,GO:0009642,513
background,GO:0009643,90
background,GO:0009644,358
background,GO:0009645,1
background,GO:0009646,31
background,GO:0009647,9
background,GO:0009648,1047
background,GO:0009649,81
background,GO:0009650,1
background,GO:0009651,2666
background,GO:0009653,5868
background,GO:0009654,357
background,GO:0009657,573
background,GO:0009658,991
background,GO:0009660,1
background,GO:0009662,22
background,GO:0009664,962
background,GO:0009668,73
background,GO:0009670,52
background,GO:0009671,38
background,GO:0009674,1
background,GO:0009678,44
background,GO:0009682,105
background,GO:0009683,24
background,GO:0009684,24
background,GO:0009685,711
background,GO:0009686,709
background,GO:0009687,126
background,GO:0009688,139
background,GO:0009690,301
background,GO:0009691,624
background,GO:0009692,105
background,GO:0009693,105
background,GO:0009694,314
background,GO:0009695,171
background,GO:0009696,313
background,GO:0009697,5
background,GO:0009698,261
background,GO:0009699,257
background,GO:0009700,17
background,GO:0009702,1
background,GO:0009703,5
background,GO:0009704,46
background,GO:0009705,844
background,GO:0009706,720
background,GO:0009707,715
background,GO:0009712,4
background,GO:0009718,216
background,GO:0009719,6114
background,GO:0009720,51
background,GO:0009723,1669
background,GO:0009725,6684
background,GO:0009726,51
background,GO:0009727,48
background,GO:0009729,3
background,GO:0009733,2244
background,GO:0009734,562
background,GO:0009735,527
background,GO:0009736,1149
background,GO:0009737,1911
background,GO:0009738,861
background,GO:0009739,1190
background,GO:0009740,706
background,GO:0009741,233
background,GO:0009742,456
background,GO:0009743,354
background,GO:0009744,183
background,GO:0009746,139
background,GO:0009747,2
background,GO:0009749,155
background,GO:0009750,63
background,GO:0009751,1012
background,GO:0009753,1917
background,GO:0009755,2845
background,GO:0009756,149
background,GO:0009757,6
background,GO:0009759,1
background,GO:0009765,424
background,GO:0009767,335
background,GO:0009768,1
background,GO:0009772,194
background,GO:0009773,177
background,GO:0009784,32
background,GO:0009785,87
background,GO:0009786,65
background,GO:0009787,681
background,GO:0009788,440
background,GO:0009789,499
background,GO:0009790,5160
background,GO:0009791,6351
background,GO:0009792,1306
background,GO:0009793,2408
background,GO:0009794,1
background,GO:0009798,233
background,GO:0009799,39
background,GO:0009800,15
background,GO:0009803,15
background,GO:0009806,6
background,GO:0009807,6
background,GO:0009808,169
background,GO:0009809,147
background,GO:0009810,299
background,GO:0009812,362
background,GO:0009813,455
background,GO:0009814,1670
background,GO:0009815,79
background,GO:0009816,743
background,GO:0009817,121
background,GO:0009819,18
background,GO:0009820,17
background,GO:0009824,18
background,GO:0009825,145
background,GO:0009826,1018
background,GO:0009827,73
background,GO:0009828,67
background,GO:0009832,406
background,GO:0009833,11
background,GO:0009834,860
background,GO:0009835,7
background,GO:0009838,93
background,GO:0009840,2
background,GO:0009845,323
background,GO:0009846,151
background,GO:0009847,3
background,GO:0009850,403
background,GO:0009851,140
background,GO:0009852,86
background,GO:0009853,135
background,GO:0009854,6
background,GO:0009855,39
background,GO:0009856,704
background,GO:0009859,60
background,GO:0009860,671
background,GO:0009861,509
background,GO:0009862,212
background,GO:0009863,289
background,GO:0009864,89
background,GO:0009865,59
background,GO:0009866,20
background,GO:0009867,1332
background,GO:0009868,2
background,GO:0009870,28
background,GO:0009871,32
background,GO:0009873,1487
background,GO:0009875,169
background,GO:0009877,59
background,GO:0009880,1696
background,GO:0009881,45
background,GO:0009882,2
background,GO:0009884,35
background,GO:0009885,32
background,GO:0009886,117
background,GO:0009887,276
background,GO:0009888,4525
background,GO:0009889,11854
background,GO:0009890,1638
background,GO:0009891,2022
background,GO:0009892,2919
background,GO:0009893,3297
background,GO:0009894,591
background,GO:0009895,105
background,GO:0009896,343
background,GO:0009897,151
background,GO:0009898,191
background,GO:0009900,417
background,GO:0009901,415
background,GO:0009902,123
background,GO:0009903,368
background,GO:0009904,298
background,GO:0009905,13
background,GO:0009908,1661
background,GO:0009909,1340
background,GO:0009910,261
background,GO:0009911,151
background,GO:0009913,26
background,GO:0009914,229
background,GO:0009916,98
background,GO:0009917,3
background,GO:0009920,9
background,GO:0009921,2
background,GO:0009922,105
background,GO:0009923,1
background,GO:0009925,3
background,GO:0009926,469
background,GO:0009927,232
background,GO:0009931,194
background,GO:0009932,559
background,GO:0009933,1773
background,GO:0009934,36
background,GO:0009937,111
background,GO:0009938,69
background,GO:0009939,57
background,GO:0009940,5
background,GO:0009941,2732
background,GO:0009942,68
background,GO:0009943,55
background,GO:0009944,84
background,GO:0009945,4
background,GO:0009948,27
background,GO:0009950,1
background,GO:0009952,31
background,GO:0009953,5
background,GO:0009954,40
background,GO:0009955,97
background,GO:0009956,71
background,GO:0009957,1
background,GO:0009958,55
background,GO:0009959,148
background,GO:0009960,306
background,GO:0009961,17
background,GO:0009962,143
background,GO:0009963,76
background,GO:0009965,200
background,GO:0009966,3715
background,GO:0009967,848
background,GO:0009968,787
background,GO:0009969,222
background,GO:0009970,16
background,GO:0009971,1
background,GO:0009972,53
background,GO:0009973,2
background,GO:0009974,19
background,GO:0009975,204
background,GO:0009976,18
background,GO:0009977,20
background,GO:0009979,16
background,GO:0009982,451
background,GO:0009986,232
background,GO:0009987,40720
background,GO:0009988,4
background,GO:0009991,781
background,GO:0009992,8
background,GO:0009994,1146
background,GO:0009996,1
background,GO:0010001,71
background,GO:0010005,73
background,GO:0010006,1
background,GO:0010008,256
background,GO:0010009,1
background,GO:0010011,54
background,GO:0010013,1
background,GO:0010014,1701
background,GO:0010015,1223
background,GO:0010016,552
background,GO:0010017,101
background,GO:0010018,34
background,GO:0010019,470
background,GO:0010020,335
background,GO:0010021,24
background,GO:0010022,47
background,GO:0010023,46
background,GO:0010024,52
background,GO:0010025,424
background,GO:0010026,741
background,GO:0010027,313
background,GO:0010028,38
background,GO:0010029,308
background,GO:0010030,190
background,GO:0010031,25
background,GO:0010032,104
background,GO:0010033,8115
background,GO:0010034,4
background,GO:0010035,3684
background,GO:0010036,11
background,GO:0010037,10
background,GO:0010038,1885
background,GO:0010039,311
background,GO:0010042,3
background,GO:0010043,104
background,GO:0010044,148
background,GO:0010045,17
background,GO:0010047,2
background,GO:0010048,95
background,GO:0010050,370
background,GO:0010051,205
background,GO:0010052,437
background,GO:0010053,346
background,GO:0010054,342
background,GO:0010065,33
background,GO:0010067,41
background,GO:0010068,8
background,GO:0010069,25
background,GO:0010070,25
background,GO:0010071,57
background,GO:0010072,17
background,GO:0010073,4642
background,GO:0010074,121
background,GO:0010075,120
background,GO:0010076,61
background,GO:0010077,86
background,GO:0010078,54
background,GO:0010082,24
background,GO:0010083,11
background,GO:0010086,32
background,GO:0010087,331
background,GO:0010088,234
background,GO:0010089,187
background,GO:0010090,723
background,GO:0010091,42
background,GO:0010093,104
background,GO:0010094,40
background,GO:0010097,32
background,GO:0010098,2
background,GO:0010099,81
background,GO:0010100,25
background,GO:0010101,820
background,GO:0010102,820
background,GO:0010103,159
background,GO:0010104,175
background,GO:0010105,162
background,GO:0010106,299
background,GO:0010107,2
background,GO:0010109,139
background,GO:0010110,1
background,GO:0010112,76
background,GO:0010113,68
background,GO:0010114,426
background,GO:0010115,90
background,GO:0010116,5
background,GO:0010117,141
background,GO:0010118,426
background,GO:0010119,407
background,GO:0010120,17
background,GO:0010121,27
background,GO:0010124,38
background,GO:0010133,59
background,GO:0010135,2
background,GO:0010136,2
background,GO:0010138,1
background,GO:0010142,52
background,GO:0010143,613
background,GO:0010148,19
background,GO:0010150,1013
background,GO:0010151,7
background,GO:0010152,72
background,GO:0010154,2923
background,GO:0010155,34
background,GO:0010158,174
background,GO:0010160,99
background,GO:0010161,2
background,GO:0010162,48
background,GO:0010165,34
background,GO:0010166,365
background,GO:0010167,95
background,GO:0010168,41
background,GO:0010171,5
background,GO:0010172,1
background,GO:0010175,1
background,GO:0010178,1
background,GO:0010179,182
background,GO:0010181,775
background,GO:0010182,168
background,GO:0010183,131
background,GO:0010185,34
background,GO:0010187,59
background,GO:0010188,19
background,GO:0010189,22
background,GO:0010190,79
background,GO:0010191,111
background,GO:0010192,87
background,GO:0010193,784
background,GO:0010196,18
background,GO:0010197,181
background,GO:0010198,23
background,GO:0010199,19
background,GO:0010200,657
background,GO:0010201,3
background,GO:0010204,32
background,GO:0010205,57
background,GO:0010206,168
background,GO:0010207,110
background,GO:0010208,41
background,GO:0010209,5
background,GO:0010212,192
background,GO:0010213,3
background,GO:0010214,152
background,GO:0010215,261
background,GO:0010216,106
background,GO:0010218,504
background,GO:0010219,20
background,GO:0010220,20
background,GO:0010222,39
background,GO:0010223,151
background,GO:0010224,488
background,GO:0010225,25
background,GO:0010226,46
background,GO:0010227,122
background,GO:0010228,1314
background,GO:0010229,46
background,GO:0010230,98
background,GO:0010231,7
background,GO:0010232,77
background,GO:0010233,77
background,GO:0010234,2
background,GO:0010235,6
background,GO:0010236,50
background,GO:0010239,19
background,GO:0010240,30
background,GO:0010241,22
background,GO:0010242,34
background,GO:0010243,1197
background,GO:0010244,1
background,GO:0010245,3
background,GO:0010247,10
background,GO:0010252,611
background,GO:0010253,9
background,GO:0010254,19
background,GO:0010255,6
background,GO:0010256,375
background,GO:0010257,23
background,GO:0010258,35
background,GO:0010259,48
background,GO:0010262,25
background,GO:0010264,52
background,GO:0010265,25
background,GO:0010267,464
background,GO:0010268,573
background,GO:0010269,2
background,GO:0010270,17
background,GO:0010271,15
background,GO:0010272,51
background,GO:0010273,67
background,GO:0010274,174
background,GO:0010275,37
background,GO:0010276,18
background,GO:0010277,167
background,GO:0010279,278
background,GO:0010280,9
background,GO:0010283,1
background,GO:0010286,139
background,GO:0010287,322
background,GO:0010288,17
background,GO:0010289,4
background,GO:0010290,4
background,GO:0010291,44
background,GO:0010293,3
background,GO:0010294,44
background,GO:0010295,83
background,GO:0010296,32
background,GO:0010297,1
background,GO:0010301,17
background,GO:0010303,5
background,GO:0010304,39
background,GO:0010305,220
background,GO:0010306,17
background,GO:0010309,36
background,GO:0010310,60
background,GO:0010311,86
background,GO:0010313,1
background,GO:0010314,32
background,GO:0010315,290
background,GO:0010319,39
background,GO:0010321,23
background,GO:0010324,35
background,GO:0010325,51
background,GO:0010328,52
background,GO:0010329,281
background,GO:0010330,99
background,GO:0010331,51
background,GO:0010332,44
background,GO:0010333,1022
background,GO:0010334,28
background,GO:0010336,3
background,GO:0010337,37
background,GO:0010338,3
background,GO:0010342,1
background,GO:0010343,46
background,GO:0010344,64
background,GO:0010345,294
background,GO:0010346,151
background,GO:0010349,20
background,GO:0010351,16
background,GO:0010352,16
background,GO:0010358,30
background,GO:0010359,5
background,GO:0010360,3
background,GO:0010361,2
background,GO:0010362,2
background,GO:0010363,31
background,GO:0010364,7
background,GO:0010365,5
background,GO:0010366,2
background,GO:0010369,33
background,GO:0010370,6
background,GO:0010371,13
background,GO:0010372,4
background,GO:0010373,6
background,GO:0010374,701
background,GO:0010375,6
background,GO:0010376,1
background,GO:0010377,2
background,GO:0010380,175
background,GO:0010383,239
background,GO:0010384,3
background,GO:0010385,26
background,GO:0010387,29
background,GO:0010389,168
background,GO:0010390,7
background,GO:0010393,58
background,GO:0010394,4
background,GO:0010395,3
background,GO:0010396,1
background,GO:0010398,4
background,GO:0010400,3
background,GO:0010404,3
background,GO:0010405,3
background,GO:0010410,159
background,GO:0010411,790
background,GO:0010412,18
background,GO:0010413,59
background,GO:0010417,215
background,GO:0010420,20
background,GO:0010421,13
background,GO:0010424,260
background,GO:0010426,6
background,GO:0010427,535
background,GO:0010428,8
background,GO:0010429,8
background,GO:0010430,2
background,GO:0010431,165
background,GO:0010432,5
background,GO:0010433,5
background,GO:0010434,5
background,GO:0010436,184
background,GO:0010438,3
background,GO:0010439,20
background,GO:0010440,122
background,GO:0010444,64
background,GO:0010445,7
background,GO:0010447,250
background,GO:0010449,28
background,GO:0010450,1
background,GO:0010452,23
background,GO:0010453,42
background,GO:0010454,15
background,GO:0010458,4
background,GO:0010466,90
background,GO:0010467,4934
background,GO:0010468,9976
background,GO:0010469,21
background,GO:0010470,27
background,GO:0010476,569
background,GO:0010478,14
background,GO:0010482,29
background,GO:0010483,30
background,GO:0010484,37
background,GO:0010485,51
background,GO:0010486,24
background,GO:0010487,73
background,GO:0010488,19
background,GO:0010489,2
background,GO:0010490,2
background,GO:0010491,104
background,GO:0010492,140
background,GO:0010493,2
background,GO:0010494,302
background,GO:0010496,41
background,GO:0010497,88
background,GO:0010498,2855
background,GO:0010499,42
background,GO:0010501,145
background,GO:0010506,228
background,GO:0010507,50
background,GO:0010508,64
background,GO:0010517,4
background,GO:0010518,4
background,GO:0010520,29
background,GO:0010521,34
background,GO:0010522,1
background,GO:0010540,46
background,GO:0010541,2
background,GO:0010542,1
background,GO:0010543,1
background,GO:0010555,40
background,GO:0010556,7711
background,GO:0010557,1926
background,GO:0010558,1486
background,GO:0010559,18
background,GO:0010560,1
background,GO:0010561,1
background,GO:0010562,199
background,GO:0010563,147
background,GO:0010564,353
background,GO:0010565,239
background,GO:0010569,39
background,GO:0010570,5
background,GO:0010574,13
background,GO:0010575,13
background,GO:0010581,36
background,GO:0010582,63
background,GO:0010584,9
background,GO:0010586,33
background,GO:0010587,9
background,GO:0010588,27
background,GO:0010589,7
background,GO:0010591,1
background,GO:0010594,164
background,GO:0010595,162
background,GO:0010598,100
background,GO:0010599,2
background,GO:0010600,3816
background,GO:0010601,2
background,GO:0010603,1
background,GO:0010604,3083
background,GO:0010605,2662
background,GO:0010606,1
background,GO:0010608,1216
background,GO:0010618,8
background,GO:0010622,21
background,GO:0010623,32
background,GO:0010628,2214
background,GO:0010629,2372
background,GO:0010631,2
background,GO:0010632,164
background,GO:0010634,162
background,GO:0010635,1
background,GO:0010636,1
background,GO:0010638,335
background,GO:0010639,228
background,GO:0010640,5
background,GO:0010642,5
background,GO:0010646,3702
background,GO:0010647,1012
background,GO:0010648,795
background,GO:0010654,1
background,GO:0010675,113
background,GO:0010677,16
background,GO:0010720,218
background,GO:0010721,19
background,GO:0010725,2
background,GO:0010726,6
background,GO:0010727,16
background,GO:0010731,127
background,GO:0010767,1
background,GO:0010769,323
background,GO:0010770,30
background,GO:0010771,16
background,GO:0010774,32
background,GO:0010777,1
background,GO:0010792,17
background,GO:0010799,1
background,GO:0010800,1
background,GO:0010803,1
background,GO:0010810,5
background,GO:0010812,5
background,GO:0010817,5290
background,GO:0010821,3
background,GO:0010822,1
background,GO:0010824,13
background,GO:0010826,13
background,GO:0010827,53
background,GO:0010828,1
background,GO:0010830,5
background,GO:0010831,5
background,GO:0010833,101
background,GO:0010845,2
background,GO:0010847,1
background,GO:0010857,194
background,GO:0010876,386
background,GO:0010883,1136
background,GO:0010888,26
background,GO:0010889,11
background,GO:0010891,11
background,GO:0010896,8
background,GO:0010898,2
background,GO:0010906,55
background,GO:0010913,15
background,GO:0010914,15
background,GO:0010918,1
background,GO:0010921,20
background,GO:0010922,4
background,GO:0010923,28
background,GO:0010927,331
background,GO:0010928,98
background,GO:0010929,17
background,GO:0010930,1
background,GO:0010939,16
background,GO:0010940,16
background,GO:0010941,720
background,GO:0010942,215
background,GO:0010945,33
background,GO:0010948,131
background,GO:0010950,200
background,GO:0010951,90
background,GO:0010952,200
background,GO:0010954,1
background,GO:0010959,204
background,GO:0010960,175
background,GO:0010962,77
background,GO:0010964,59
background,GO:0010965,96
background,GO:0010966,35
background,GO:0010968,22
background,GO:0010970,86
background,GO:0010971,38
background,GO:0010972,2
background,GO:0010973,2
background,GO:0010975,112
background,GO:0010976,78
background,GO:0010977,16
background,GO:0010981,34
background,GO:0010984,10
background,GO:0010985,10
background,GO:0010988,10
background,GO:0010989,10
background,GO:0010992,66
background,GO:0010995,1
background,GO:0010997,279
background,GO:0012501,1672
background,GO:0012502,2
background,GO:0012505,9010
background,GO:0012506,1374
background,GO:0012507,224
background,GO:0012510,5
background,GO:0012511,105
background,GO:0014002,16
background,GO:0014003,55
background,GO:0014012,5
background,GO:0014069,36
background,GO:0014070,2035
background,GO:0014074,7
background,GO:0014706,124
background,GO:0014731,2
background,GO:0014812,1
background,GO:0014889,2
background,GO:0014909,1
background,GO:0014910,1
background,GO:0014911,1
background,GO:0015012,6
background,GO:0015015,21
background,GO:0015018,88
background,GO:0015020,207
background,GO:0015030,45
background,GO:0015031,3900
background,GO:0015035,495
background,GO:0015036,212
background,GO:0015037,2
background,GO:0015038,107
background,GO:0015066,2
background,GO:0015074,17891
background,GO:0015075,1946
background,GO:0015077,336
background,GO:0015078,424
background,GO:0015079,672
background,GO:0015081,71
background,GO:0015083,1
background,GO:0015085,367
background,GO:0015086,162
background,GO:0015093,16
background,GO:0015095,512
background,GO:0015098,123
background,GO:0015101,51
background,GO:0015103,154
background,GO:0015105,7
background,GO:0015108,165
background,GO:0015112,102
background,GO:0015114,89
background,GO:0015116,120
background,GO:0015117,36
background,GO:0015120,140
background,GO:0015121,52
background,GO:0015131,36
background,GO:0015136,10
background,GO:0015137,74
background,GO:0015140,43
background,GO:0015141,36
background,GO:0015142,22
background,GO:0015144,932
background,GO:0015145,430
background,GO:0015149,63
background,GO:0015152,47
background,GO:0015154,2
background,GO:0015157,2
background,GO:0015165,206
background,GO:0015166,8
background,GO:0015168,2
background,GO:0015171,1054
background,GO:0015172,128
background,GO:0015174,36
background,GO:0015175,203
background,GO:0015179,579
background,GO:0015180,84
background,GO:0015183,8
background,GO:0015184,88
background,GO:0015185,77
background,GO:0015186,35
background,GO:0015189,141
background,GO:0015193,73
background,GO:0015194,35
background,GO:0015204,24
background,GO:0015205,86
background,GO:0015207,2
background,GO:0015208,2
background,GO:0015210,2
background,GO:0015211,192
background,GO:0015215,127
background,GO:0015216,124
background,GO:0015217,80
background,GO:0015228,56
background,GO:0015229,1
background,GO:0015230,3
background,GO:0015231,16
background,GO:0015232,11
background,GO:0015234,33
background,GO:0015238,371
background,GO:0015245,78
background,GO:0015248,209
background,GO:0015250,277
background,GO:0015267,1126
background,GO:0015271,91
background,GO:0015276,354
background,GO:0015288,2
background,GO:0015291,515
background,GO:0015292,107
background,GO:0015293,33
background,GO:0015294,15
background,GO:0015295,12
background,GO:0015297,2674
background,GO:0015298,107
background,GO:0015299,107
background,GO:0015301,61
background,GO:0015318,1713
background,GO:0015334,2
background,GO:0015350,16
background,GO:0015355,52
background,GO:0015367,7
background,GO:0015368,68
background,GO:0015369,227
background,GO:0015370,1
background,GO:0015377,16
background,GO:0015385,189
background,GO:0015386,311
background,GO:0015399,457
background,GO:0015405,372
background,GO:0015421,388
background,GO:0015431,4
background,GO:0015446,7
background,GO:0015450,57
background,GO:0015485,36
background,GO:0015491,116
background,GO:0015505,56
background,GO:0015513,1
background,GO:0015556,51
background,GO:0015562,24
background,GO:0015605,315
background,GO:0015616,100
background,GO:0015629,898
background,GO:0015630,1636
background,GO:0015631,368
background,GO:0015633,2
background,GO:0015643,299
background,GO:0015645,14
background,GO:0015662,154
background,GO:0015665,36
background,GO:0015671,41
background,GO:0015672,487
background,GO:0015680,1
background,GO:0015682,1
background,GO:0015688,1
background,GO:0015689,123
background,GO:0015690,1
background,GO:0015691,1
background,GO:0015692,8
background,GO:0015693,512
background,GO:0015695,51
background,GO:0015696,2
background,GO:0015698,229
background,GO:0015700,7
background,GO:0015706,91
background,GO:0015709,36
background,GO:0015711,1647
background,GO:0015712,47
background,GO:0015713,140
background,GO:0015714,99
background,GO:0015717,155
background,GO:0015718,251
background,GO:0015721,9
background,GO:0015729,36
background,GO:0015739,10
background,GO:0015740,86
background,GO:0015741,16
background,GO:0015742,7
background,GO:0015743,423
background,GO:0015744,52
background,GO:0015746,15
background,GO:0015748,623
background,GO:0015749,482
background,GO:0015760,47
background,GO:0015766,2
background,GO:0015770,2
background,GO:0015772,2
background,GO:0015780,421
background,GO:0015783,76
background,GO:0015786,74
background,GO:0015790,36
background,GO:0015791,8
background,GO:0015793,2
background,GO:0015798,144
background,GO:0015800,129
background,GO:0015801,35
background,GO:0015802,36
background,GO:0015804,204
background,GO:0015805,36
background,GO:0015807,81
background,GO:0015808,43
background,GO:0015809,36
background,GO:0015810,35
background,GO:0015811,88
background,GO:0015812,77
background,GO:0015813,43
background,GO:0015824,73
background,GO:0015825,35
background,GO:0015827,35
background,GO:0015833,2880
background,GO:0015840,6
background,GO:0015844,1
background,GO:0015849,966
background,GO:0015850,63
background,GO:0015851,40
background,GO:0015853,49
background,GO:0015854,49
background,GO:0015855,2
background,GO:0015857,2
background,GO:0015858,3
background,GO:0015865,183
background,GO:0015866,134
background,GO:0015867,113
background,GO:0015868,183
background,GO:0015880,56
background,GO:0015882,1
background,GO:0015884,16
background,GO:0015885,16
background,GO:0015886,45
background,GO:0015893,390
background,GO:0015908,80
background,GO:0015909,2
background,GO:0015910,18
background,GO:0015914,273
background,GO:0015918,105
background,GO:0015919,55
background,GO:0015923,74
background,GO:0015924,68
background,GO:0015925,98
background,GO:0015926,74
background,GO:0015927,1
background,GO:0015928,1
background,GO:0015929,3
background,GO:0015930,36
background,GO:0015931,835
background,GO:0015932,306
background,GO:0015934,761
background,GO:0015935,883
background,GO:0015936,198
background,GO:0015937,361
background,GO:0015938,33
background,GO:0015939,181
background,GO:0015940,260
background,GO:0015959,3
background,GO:0015960,3
background,GO:0015965,3
background,GO:0015966,3
background,GO:0015969,83
background,GO:0015970,2
background,GO:0015977,198
background,GO:0015979,1497
background,GO:0015980,173
background,GO:0015985,8
background,GO:0015986,541
background,GO:0015988,17
background,GO:0015990,239
background,GO:0015994,189
background,GO:0015995,300
background,GO:0015996,175
background,GO:0016002,16
background,GO:0016004,17
background,GO:0016018,293
background,GO:0016020,54862
background,GO:0016021,2142
background,GO:0016024,34
background,GO:0016028,7
background,GO:0016031,2
background,GO:0016032,140
background,GO:0016034,53
background,GO:0016035,37
background,GO:0016036,456
background,GO:0016040,16
background,GO:0016042,348
background,GO:0016043,10772
background,GO:0016045,3
background,GO:0016049,1170
background,GO:0016050,582
background,GO:0016051,414
background,GO:0016052,239
background,GO:0016053,5524
background,GO:0016054,306
background,GO:0016055,7
background,GO:0016063,68
background,GO:0016064,5
background,GO:0016070,7767
background,GO:0016071,1270
background,GO:0016072,2152
background,GO:0016073,332
background,GO:0016074,342
background,GO:0016075,229
background,GO:0016077,18
background,GO:0016078,21
background,GO:0016079,35
background,GO:0016080,14
background,GO:0016081,14
background,GO:0016082,2
background,GO:0016093,1
background,GO:0016094,78
background,GO:0016095,19
background,GO:0016098,1
background,GO:0016099,1
background,GO:0016101,764
background,GO:0016102,1176
background,GO:0016103,133
background,GO:0016104,326
background,GO:0016105,2
background,GO:0016106,109
background,GO:0016108,140
background,GO:0016109,134
background,GO:0016110,1
background,GO:0016114,1808
background,GO:0016115,136
background,GO:0016116,176
background,GO:0016117,196
background,GO:0016118,1
background,GO:0016119,28
background,GO:0016120,86
background,GO:0016121,185
background,GO:0016122,115
background,GO:0016123,181
background,GO:0016124,1
background,GO:0016125,1034
background,GO:0016126,411
background,GO:0016127,16
background,GO:0016128,69
background,GO:0016129,64
background,GO:0016131,23
background,GO:0016132,605
background,GO:0016137,6
background,GO:0016139,43
background,GO:0016143,244
background,GO:0016144,149
background,GO:0016145,2
background,GO:0016149,37
background,GO:0016150,2
background,GO:0016151,74
background,GO:0016157,227
background,GO:0016160,22
background,GO:0016161,202
background,GO:0016165,2
background,GO:0016166,24
background,GO:0016168,142
background,GO:0016174,201
background,GO:0016180,362
background,GO:0016192,4809
background,GO:0016197,397
background,GO:0016202,3
background,GO:0016207,18
background,GO:0016208,163
background,GO:0016209,272
background,GO:0016210,1
background,GO:0016211,9
background,GO:0016212,55
background,GO:0016226,535
background,GO:0016229,4
background,GO:0016231,2
background,GO:0016233,20
background,GO:0016234,26
background,GO:0016236,214
background,GO:0016237,1
background,GO:0016239,21
background,GO:0016241,24
background,GO:0016242,24
background,GO:0016246,540
background,GO:0016247,1
background,GO:0016251,367
background,GO:0016254,1
background,GO:0016255,123
background,GO:0016272,126
background,GO:0016273,17
background,GO:0016274,174
background,GO:0016278,206
background,GO:0016279,456
background,GO:0016281,150
background,GO:0016282,13
background,GO:0016289,2
background,GO:0016290,1
background,GO:0016297,125
background,GO:0016298,249
background,GO:0016300,2
background,GO:0016301,4073
background,GO:0016303,29
background,GO:0016307,1
background,GO:0016308,180
background,GO:0016310,3785
background,GO:0016311,1201
background,GO:0016314,53
background,GO:0016320,55
background,GO:0016322,1
background,GO:0016323,9
background,GO:0016324,114
background,GO:0016325,1
background,GO:0016331,2
background,GO:0016333,33
background,GO:0016342,1
background,GO:0016358,41
background,GO:0016360,99
background,GO:0016363,184
background,GO:0016405,472
background,GO:0016407,269
background,GO:0016408,11
background,GO:0016409,430
background,GO:0016410,267
background,GO:0016411,41
background,GO:0016412,13
background,GO:0016413,1213
background,GO:0016420,123
background,GO:0016421,3
background,GO:0016422,16
background,GO:0016423,81
background,GO:0016433,3
background,GO:0016434,1221
background,GO:0016435,90
background,GO:0016436,1
background,GO:0016441,609
background,GO:0016442,70
background,GO:0016444,107
background,GO:0016445,13
background,GO:0016446,8
background,GO:0016447,5
background,GO:0016454,4
background,GO:0016458,995
background,GO:0016459,345
background,GO:0016460,282
background,GO:0016461,1
background,GO:0016462,2483
background,GO:0016469,11
background,GO:0016471,128
background,GO:0016477,222
background,GO:0016480,17
background,GO:0016482,81
background,GO:0016485,356
background,GO:0016491,13350
background,GO:0016504,43
background,GO:0016514,56
background,GO:0016530,5
background,GO:0016531,25
background,GO:0016532,1
background,GO:0016538,537
background,GO:0016540,14
background,GO:0016553,4
background,GO:0016554,229
background,GO:0016556,231
background,GO:0016558,153
background,GO:0016559,230
background,GO:0016560,58
background,GO:0016567,9749
background,GO:0016569,862
background,GO:0016570,857
background,GO:0016571,356
background,GO:0016572,2
background,GO:0016573,544
background,GO:0016574,20
background,GO:0016575,333
background,GO:0016577,132
background,GO:0016578,4
background,GO:0016579,1307
background,GO:0016581,79
background,GO:0016584,4
background,GO:0016586,12
background,GO:0016589,97
background,GO:0016590,16
background,GO:0016591,145
background,GO:0016592,1132
background,GO:0016593,167
background,GO:0016594,20
background,GO:0016597,209
background,GO:0016598,18
background,GO:0016602,290
background,GO:0016603,23
background,GO:0016604,620
background,GO:0016605,32
background,GO:0016607,376
background,GO:0016614,730
background,GO:0016615,78
background,GO:0016616,2859
background,GO:0016618,214
background,GO:0016620,799
background,GO:0016621,1
background,GO:0016623,3
background,GO:0016624,197
background,GO:0016627,630
background,GO:0016628,793
background,GO:0016629,18
background,GO:0016630,20
background,GO:0016634,12
background,GO:0016635,4
background,GO:0016636,19
background,GO:0016638,154
background,GO:0016639,80
background,GO:0016641,106
background,GO:0016645,18
background,GO:0016646,16
background,GO:0016647,2
background,GO:0016651,563
background,GO:0016653,36
background,GO:0016655,114
background,GO:0016667,198
background,GO:0016668,175
background,GO:0016670,21
background,GO:0016671,349
background,GO:0016679,763
background,GO:0016681,17
background,GO:0016682,746
background,GO:0016684,15
background,GO:0016701,148
background,GO:0016702,1042
background,GO:0016703,78
background,GO:0016705,8290
background,GO:0016706,920
background,GO:0016707,226
background,GO:0016709,632
background,GO:0016710,20
background,GO:0016713,1
background,GO:0016717,172
background,GO:0016719,17
background,GO:0016722,150
background,GO:0016723,49
background,GO:0016724,4
background,GO:0016725,13
background,GO:0016728,1
background,GO:0016730,97
background,GO:0016740,13907
background,GO:0016741,2008
background,GO:0016742,9
background,GO:0016743,93
background,GO:0016744,91
background,GO:0016746,2675
background,GO:0016747,3461
background,GO:0016755,8
background,GO:0016756,50
background,GO:0016757,4491
background,GO:0016758,1065
background,GO:0016759,11
background,GO:0016760,696
background,GO:0016762,700
background,GO:0016763,251
background,GO:0016765,533
background,GO:0016768,4
background,GO:0016769,80
background,GO:0016772,4456
background,GO:0016773,2385
background,GO:0016774,2
background,GO:0016775,58
background,GO:0016776,26
background,GO:0016778,4
background,GO:0016779,1757
background,GO:0016780,225
background,GO:0016781,9
background,GO:0016782,59
background,GO:0016783,114
background,GO:0016784,1
background,GO:0016787,13064
background,GO:0016788,7413
background,GO:0016790,141
background,GO:0016791,2187
background,GO:0016794,5
background,GO:0016796,55
background,GO:0016798,1049
background,GO:0016799,501
background,GO:0016801,340
background,GO:0016803,340
background,GO:0016807,24
background,GO:0016810,570
background,GO:0016811,683
background,GO:0016812,43
background,GO:0016813,40
background,GO:0016814,2
background,GO:0016817,2393
background,GO:0016818,2514
background,GO:0016819,8
background,GO:0016822,18
background,GO:0016823,18
background,GO:0016829,5551
background,GO:0016830,4156
background,GO:0016831,293
background,GO:0016832,44
background,GO:0016833,3824
background,GO:0016835,222
background,GO:0016836,362
background,GO:0016837,6
background,GO:0016838,48
background,GO:0016840,6
background,GO:0016841,6
background,GO:0016843,41
background,GO:0016846,284
background,GO:0016847,32
background,GO:0016849,136
background,GO:0016851,12
background,GO:0016853,950
background,GO:0016854,26
background,GO:0016855,51
background,GO:0016856,1
background,GO:0016857,62
background,GO:0016859,128
background,GO:0016860,166
background,GO:0016861,3
background,GO:0016863,2
background,GO:0016864,104
background,GO:0016866,475
background,GO:0016868,154
background,GO:0016872,178
background,GO:0016874,852
background,GO:0016875,28
background,GO:0016877,79
background,GO:0016878,67
background,GO:0016879,533
background,GO:0016880,9
background,GO:0016881,851
background,GO:0016884,68
background,GO:0016885,3
background,GO:0016886,89
background,GO:0016887,11631
background,GO:0016888,3
background,GO:0016889,10
background,GO:0016891,341
background,GO:0016892,1
background,GO:0016893,170
background,GO:0016894,11
background,GO:0016895,3
background,GO:0016896,52
background,GO:0016899,64
background,GO:0016903,89
background,GO:0016905,6
background,GO:0016906,2
background,GO:0016909,7
background,GO:0016920,31
background,GO:0016922,61
background,GO:0016925,304
background,GO:0016926,259
background,GO:0016929,259
background,GO:0016971,59
background,GO:0016972,82
background,GO:0016973,209
background,GO:0016984,79
background,GO:0016985,248
background,GO:0016987,1
background,GO:0016992,39
background,GO:0016998,248
background,GO:0016999,296
background,GO:0017000,80
background,GO:0017001,40
background,GO:0017003,17
background,GO:0017004,253
background,GO:0017005,17
background,GO:0017006,43
background,GO:0017009,16
background,GO:0017015,122
background,GO:0017016,125
background,GO:0017017,42
background,GO:0017022,250
background,GO:0017025,239
background,GO:0017038,352
background,GO:0017040,66
background,GO:0017048,42
background,GO:0017049,10
background,GO:0017053,209
background,GO:0017056,341
background,GO:0017057,71
background,GO:0017059,31
background,GO:0017062,110
background,GO:0017069,67
background,GO:0017070,167
background,GO:0017075,5
background,GO:0017076,547
background,GO:0017077,112
background,GO:0017091,19
background,GO:0017095,21
background,GO:0017101,238
background,GO:0017102,42
background,GO:0017103,104
background,GO:0017108,179
background,GO:0017110,208
background,GO:0017111,2333
background,GO:0017112,6
background,GO:0017113,17
background,GO:0017116,273
background,GO:0017119,246
background,GO:0017121,16
background,GO:0017125,16
background,GO:0017126,37
background,GO:0017128,16
background,GO:0017136,32
background,GO:0017137,70
background,GO:0017144,1576
background,GO:0017145,2
background,GO:0017148,302
background,GO:0017150,96
background,GO:0017151,2
background,GO:0017156,17
background,GO:0017157,39
background,GO:0017168,20
background,GO:0017169,1
background,GO:0017171,233
background,GO:0017176,40
background,GO:0017177,41
background,GO:0017178,16
background,GO:0017182,8
background,GO:0017183,228
background,GO:0017186,23
background,GO:0017196,136
background,GO:0018008,37
background,GO:0018009,9
background,GO:0018022,324
background,GO:0018023,31
background,GO:0018024,241
background,GO:0018025,16
background,GO:0018026,203
background,GO:0018027,4
background,GO:0018065,3
background,GO:0018105,751
background,GO:0018106,58
background,GO:0018107,344
background,GO:0018108,11
background,GO:0018114,88
background,GO:0018117,22
background,GO:0018126,30
background,GO:0018130,7494
background,GO:0018131,2
background,GO:0018149,1
background,GO:0018175,32
background,GO:0018177,32
background,GO:0018193,1229
background,GO:0018195,37
background,GO:0018196,40
background,GO:0018198,10
background,GO:0018199,1
background,GO:0018202,66
background,GO:0018205,721
background,GO:0018206,57
background,GO:0018208,109
background,GO:0018209,230
background,GO:0018210,11
background,GO:0018212,11
background,GO:0018216,177
background,GO:0018230,243
background,GO:0018258,3
background,GO:0018279,141
background,GO:0018282,4
background,GO:0018283,27
background,GO:0018293,33
background,GO:0018315,8
background,GO:0018316,1
background,GO:0018342,136
background,GO:0018343,65
background,GO:0018344,137
background,GO:0018345,102
background,GO:0018364,26
background,GO:0018393,250
background,GO:0018394,250
background,GO:0018401,281
background,GO:0018410,2
background,GO:0018444,6
background,GO:0018454,1
background,GO:0018455,19
background,GO:0018479,3
background,GO:0018488,3
background,GO:0018580,17
background,GO:0018685,1
background,GO:0018738,58
background,GO:0018773,25
background,GO:0018812,38
background,GO:0018822,35
background,GO:0018858,17
background,GO:0018874,3
background,GO:0018904,299
background,GO:0018958,97
background,GO:0018973,3
background,GO:0018974,3
background,GO:0018991,118
background,GO:0018995,192
background,GO:0019001,217
background,GO:0019003,24
background,GO:0019005,2017
background,GO:0019012,1
background,GO:0019048,15
background,GO:0019058,85
background,GO:0019068,5
background,GO:0019079,60
background,GO:0019080,1
background,GO:0019081,1
background,GO:0019094,2
background,GO:0019098,120
background,GO:0019104,253
background,GO:0019135,17
background,GO:0019136,15
background,GO:0019137,2
background,GO:0019139,168
background,GO:0019144,1
background,GO:0019148,33
background,GO:0019150,39
background,GO:0019156,21
background,GO:0019158,2
background,GO:0019171,18
background,GO:0019172,27
background,GO:0019185,94
background,GO:0019187,37
background,GO:0019199,563
background,GO:0019200,39
background,GO:0019202,3
background,GO:0019203,84
background,GO:0019205,806
background,GO:0019206,633
background,GO:0019207,139
background,GO:0019208,18
background,GO:0019209,80
background,GO:0019210,88
background,GO:0019211,16
background,GO:0019212,28
background,GO:0019213,130
background,GO:0019216,619
background,GO:0019217,59
background,GO:0019218,340
background,GO:0019219,7714
background,GO:0019220,421
background,GO:0019221,46
background,GO:0019222,15177
background,GO:0019233,60
background,GO:0019237,73
background,GO:0019238,1
background,GO:0019239,71
background,GO:0019240,33
background,GO:0019243,182
background,GO:0019249,27
background,GO:0019252,112
background,GO:0019253,1
background,GO:0019264,181
background,GO:0019265,55
background,GO:0019266,64
background,GO:0019287,55
background,GO:0019288,69
background,GO:0019310,57
background,GO:0019318,191
background,GO:0019319,13
background,GO:0019320,5
background,GO:0019321,24
background,GO:0019322,1
background,GO:0019326,3
background,GO:0019336,38
background,GO:0019344,166
background,GO:0019346,95
background,GO:0019353,1
background,GO:0019354,43
background,GO:0019355,1
background,GO:0019359,24
background,GO:0019362,81
background,GO:0019363,24
background,GO:0019365,40
background,GO:0019367,100
background,GO:0019369,313
background,GO:0019370,1
background,GO:0019373,299
background,GO:0019374,7
background,GO:0019375,60
background,GO:0019377,2
background,GO:0019379,20
background,GO:0019388,2
background,GO:0019395,46
background,GO:0019408,49
background,GO:0019419,2
background,GO:0019427,13
background,GO:0019430,16
background,GO:0019432,410
background,GO:0019433,22
background,GO:0019438,7662
background,GO:0019439,625
background,GO:0019441,70
background,GO:0019448,18
background,GO:0019450,18
background,GO:0019464,51
background,GO:0019478,10
background,GO:0019481,44
background,GO:0019482,1
background,GO:0019484,1
background,GO:0019499,21
background,GO:0019500,21
background,GO:0019509,93
background,GO:0019511,13
background,GO:0019538,11324
background,GO:0019544,27
background,GO:0019563,56
background,GO:0019566,1
background,GO:0019567,1
background,GO:0019586,34
background,GO:0019605,50
background,GO:0019614,4
background,GO:0019627,9
background,GO:0019628,44
background,GO:0019632,32
background,GO:0019637,1203
background,GO:0019646,34
background,GO:0019673,30
background,GO:0019674,108
background,GO:0019676,26
background,GO:0019677,34
background,GO:0019682,18
background,GO:0019684,464
background,GO:0019685,1
background,GO:0019692,3
background,GO:0019693,870
background,GO:0019695,35
background,GO:0019706,243
background,GO:0019720,1
background,GO:0019722,733
background,GO:0019724,5
background,GO:0019725,1235
background,GO:0019730,1
background,GO:0019740,9
background,GO:0019741,2
background,GO:0019742,2
background,GO:0019745,2
background,GO:0019747,100
background,GO:0019748,1171
background,GO:0019750,85
background,GO:0019751,57
background,GO:0019752,6899
background,GO:0019755,6
background,GO:0019757,244
background,GO:0019758,149
background,GO:0019759,2
background,GO:0019760,244
background,GO:0019761,149
background,GO:0019762,2
background,GO:0019773,256
background,GO:0019774,40
background,GO:0019776,88
background,GO:0019778,14
background,GO:0019779,14
background,GO:0019781,35
background,GO:0019783,232
background,GO:0019784,57
background,GO:0019786,20
background,GO:0019787,3708
background,GO:0019788,19
background,GO:0019789,92
background,GO:0019797,11
background,GO:0019798,11
background,GO:0019814,1
background,GO:0019815,1
background,GO:0019822,1
background,GO:0019825,274
background,GO:0019827,287
background,GO:0019829,559
background,GO:0019835,1
background,GO:0019840,6
background,GO:0019842,184
background,GO:0019843,1171
background,GO:0019852,20
background,GO:0019853,40
background,GO:0019856,142
background,GO:0019858,4
background,GO:0019860,19
background,GO:0019863,24
background,GO:0019865,24
background,GO:0019866,1285
background,GO:0019867,605
background,GO:0019877,32
background,GO:0019878,80
background,GO:0019882,179
background,GO:0019884,175
background,GO:0019886,175
background,GO:0019887,207
background,GO:0019888,422
background,GO:0019889,1
background,GO:0019894,2
background,GO:0019896,3
background,GO:0019897,284
background,GO:0019898,660
background,GO:0019899,1939
background,GO:0019900,724
background,GO:0019901,520
background,GO:0019902,178
background,GO:0019903,53
background,GO:0019904,550
background,GO:0019905,438
background,GO:0019912,39
background,GO:0019915,217
background,GO:0019918,15
background,GO:0019919,142
background,GO:0019932,316
background,GO:0019933,18
background,GO:0019941,3059
background,GO:0019948,67
background,GO:0019953,2534
background,GO:0019954,22
background,GO:0019985,81
background,GO:0019988,20
background,GO:0020002,177
background,GO:0020015,3
background,GO:0020016,2
background,GO:0020018,2
background,GO:0020037,9857
background,GO:0021536,2
background,GO:0021537,13
background,GO:0021543,13
background,GO:0021675,4
background,GO:0021700,644
background,GO:0021761,14
background,GO:0021766,13
background,GO:0021769,1
background,GO:0021782,71
background,GO:0021885,6
background,GO:0021895,4
background,GO:0021915,1
background,GO:0021953,4
background,GO:0021983,2
background,GO:0022008,491
background,GO:0022402,1584
background,GO:0022404,1
background,GO:0022405,1
background,GO:0022406,70
background,GO:0022407,50
background,GO:0022408,15
background,GO:0022409,35
background,GO:0022411,168
background,GO:0022412,1903
background,GO:0022413,340
background,GO:0022414,8083
background,GO:0022416,50
background,GO:0022417,18
background,GO:0022600,1
background,GO:0022603,812
background,GO:0022604,436
background,GO:0022607,3636
background,GO:0022608,1
background,GO:0022609,1
background,GO:0022610,124
background,GO:0022611,39
background,GO:0022613,2584
background,GO:0022616,84
background,GO:0022618,1873
background,GO:0022619,2
background,GO:0022622,2027
background,GO:0022624,19
background,GO:0022625,1944
background,GO:0022626,438
background,GO:0022627,976
background,GO:0022803,294
background,GO:0022804,967
background,GO:0022821,230
background,GO:0022829,2
background,GO:0022832,163
background,GO:0022834,11
background,GO:0022836,185
background,GO:0022838,283
background,GO:0022839,168
background,GO:0022840,5
background,GO:0022841,96
background,GO:0022842,5
background,GO:0022843,177
background,GO:0022853,143
background,GO:0022857,10433
background,GO:0022858,43
background,GO:0022884,124
background,GO:0022889,35
background,GO:0022890,678
background,GO:0022898,188
background,GO:0022900,287
background,GO:0022904,163
background,GO:0023014,96
background,GO:0023041,2
background,GO:0023051,3724
background,GO:0023052,5332
background,GO:0023056,1011
background,GO:0023057,795
background,GO:0023061,19
background,GO:0030001,1309
background,GO:0030003,658
background,GO:0030004,98
background,GO:0030007,22
background,GO:0030008,141
background,GO:0030010,13
background,GO:0030011,3
background,GO:0030014,501
background,GO:0030015,150
background,GO:0030016,41
background,GO:0030017,40
background,GO:0030018,18
background,GO:0030020,1
background,GO:0030026,390
background,GO:0030027,2
background,GO:0030029,409
background,GO:0030030,297
background,GO:0030031,98
background,GO:0030032,6
background,GO:0030036,610
background,GO:0030038,4
background,GO:0030041,66
background,GO:0030042,200
background,GO:0030046,1
background,GO:0030048,155
background,GO:0030050,1
background,GO:0030054,2331
background,GO:0030055,2
background,GO:0030056,2
background,GO:0030060,141
background,GO:0030062,1
background,GO:0030071,96
background,GO:0030072,1
background,GO:0030073,1
background,GO:0030091,154
background,GO:0030093,19
background,GO:0030097,81
background,GO:0030098,41
background,GO:0030099,28
background,GO:0030100,166
background,GO:0030101,6
background,GO:0030104,58
background,GO:0030111,25
background,GO:0030117,1471
background,GO:0030118,5
background,GO:0030119,73
background,GO:0030120,1137
background,GO:0030121,61
background,GO:0030122,32
background,GO:0030123,68
background,GO:0030124,30
background,GO:0030125,186
background,GO:0030126,1504
background,GO:0030127,227
background,GO:0030130,110
background,GO:0030131,150
background,GO:0030132,107
background,GO:0030133,1392
background,GO:0030134,311
background,GO:0030135,1429
background,GO:0030136,397
background,GO:0030137,1204
background,GO:0030139,68
background,GO:0030140,77
background,GO:0030141,303
background,GO:0030142,1
background,GO:0030144,11
background,GO:0030145,977
background,GO:0030148,218
background,GO:0030149,19
background,GO:0030150,414
background,GO:0030151,172
background,GO:0030154,7808
background,GO:0030155,84
background,GO:0030159,1
background,GO:0030162,497
background,GO:0030163,3838
background,GO:0030165,2
background,GO:0030166,6
background,GO:0030168,7
background,GO:0030170,1926
background,GO:0030171,24
background,GO:0030173,20
background,GO:0030174,190
background,GO:0030175,2
background,GO:0030176,113
background,GO:0030177,2
background,GO:0030178,23
background,GO:0030182,121
background,GO:0030193,1
background,GO:0030198,253
background,GO:0030201,6
background,GO:0030203,76
background,GO:0030217,35
background,GO:0030218,10
background,GO:0030224,16
background,GO:0030234,826
background,GO:0030239,1
background,GO:0030242,106
background,GO:0030243,25
background,GO:0030244,759
background,GO:0030246,2736
background,GO:0030247,1531
background,GO:0030258,541
background,GO:0030259,77
background,GO:0030260,7
background,GO:0030261,353
background,GO:0030262,6
background,GO:0030263,6
background,GO:0030267,214
background,GO:0030272,19
background,GO:0030275,58
background,GO:0030276,517
background,GO:0030282,5
background,GO:0030283,3
background,GO:0030286,126
background,GO:0030289,46
background,GO:0030291,3
background,GO:0030295,327
background,GO:0030299,1
background,GO:0030301,2
background,GO:0030307,126
background,GO:0030308,28
background,GO:0030312,1386
background,GO:0030315,1
background,GO:0030317,1
background,GO:0030318,2
background,GO:0030322,96
background,GO:0030323,19
background,GO:0030324,19
background,GO:0030326,1
background,GO:0030327,23
background,GO:0030328,19
background,GO:0030330,74
background,GO:0030331,6
background,GO:0030332,138
background,GO:0030334,280
background,GO:0030335,170
background,GO:0030336,105
background,GO:0030337,26
background,GO:0030351,1
background,GO:0030352,1
background,GO:0030366,22
background,GO:0030371,20
background,GO:0030374,34
background,GO:0030378,88
background,GO:0030388,99
background,GO:0030410,61
background,GO:0030414,54
background,GO:0030418,61
background,GO:0030422,1092
background,GO:0030424,44
background,GO:0030425,80
background,GO:0030426,3
background,GO:0030427,384
background,GO:0030428,35
background,GO:0030430,8
background,GO:0030431,1
background,GO:0030433,180
background,GO:0030435,334
background,GO:0030436,16
background,GO:0030437,280
background,GO:0030447,11
background,GO:0030448,5
background,GO:0030466,1
background,GO:0030476,7
background,GO:0030479,3
background,GO:0030488,494
background,GO:0030490,569
background,GO:0030491,45
background,GO:0030496,99
background,GO:0030497,157
background,GO:0030506,1
background,GO:0030507,2
background,GO:0030510,4
background,GO:0030511,121
background,GO:0030512,1
background,GO:0030513,4
background,GO:0030515,541
background,GO:0030516,17
background,GO:0030517,16
background,GO:0030518,106
background,GO:0030520,2
background,GO:0030521,104
background,GO:0030522,271
background,GO:0030527,1694
background,GO:0030532,102
background,GO:0030534,1
background,GO:0030539,95
background,GO:0030540,9
background,GO:0030544,350
background,GO:0030545,13
background,GO:0030552,1
background,GO:0030554,400
background,GO:0030570,684
background,GO:0030574,173
background,GO:0030582,15
background,GO:0030584,15
background,GO:0030587,99
background,GO:0030593,1
background,GO:0030595,2
background,GO:0030599,1761
background,GO:0030604,42
background,GO:0030611,5
background,GO:0030619,142
background,GO:0030620,126
background,GO:0030621,48
background,GO:0030623,112
background,GO:0030626,17
background,GO:0030627,74
background,GO:0030628,68
background,GO:0030639,323
background,GO:0030641,45
background,GO:0030656,126
background,GO:0030658,83
background,GO:0030659,1370
background,GO:0030660,1261
background,GO:0030662,1153
background,GO:0030663,1131
background,GO:0030665,12
background,GO:0030666,1
background,GO:0030667,73
background,GO:0030669,1
background,GO:0030672,68
background,GO:0030674,313
background,GO:0030677,406
background,GO:0030681,374
background,GO:0030684,380
background,GO:0030686,406
background,GO:0030687,441
background,GO:0030688,226
background,GO:0030689,2
background,GO:0030690,36
background,GO:0030691,36
background,GO:0030692,57
background,GO:0030695,286
background,GO:0030696,17
background,GO:0030702,82
background,GO:0030703,9
background,GO:0030705,160
background,GO:0030706,1
background,GO:0030707,110
background,GO:0030716,1
background,GO:0030717,1
background,GO:0030718,134
background,GO:0030742,3
background,GO:0030785,34
background,GO:0030808,70
background,GO:0030810,1
background,GO:0030811,64
background,GO:0030832,133
background,GO:0030833,203
background,GO:0030834,23
background,GO:0030835,6
background,GO:0030837,82
background,GO:0030838,17
background,GO:0030851,2
background,GO:0030855,141
background,GO:0030856,18
background,GO:0030863,112
background,GO:0030864,50
background,GO:0030865,137
background,GO:0030866,49
background,GO:0030867,3
background,GO:0030870,63
background,GO:0030879,7
background,GO:0030880,468
background,GO:0030888,5
background,GO:0030890,5
background,GO:0030891,51
background,GO:0030892,1
background,GO:0030893,1
background,GO:0030894,25
background,GO:0030896,48
background,GO:0030897,129
background,GO:0030898,51
background,GO:0030899,1
background,GO:0030900,26
background,GO:0030903,9
background,GO:0030904,81
background,GO:0030906,44
background,GO:0030914,1
background,GO:0030915,252
background,GO:0030941,113
background,GO:0030942,110
background,GO:0030943,71
background,GO:0030947,16
background,GO:0030949,16
background,GO:0030950,5
background,GO:0030951,68
background,GO:0030952,9
background,GO:0030953,1
background,GO:0030955,243
background,GO:0030956,49
background,GO:0030957,1
background,GO:0030964,117
background,GO:0030968,260
background,GO:0030970,91
background,GO:0030971,34
background,GO:0030974,33
background,GO:0030975,13
background,GO:0030976,221
background,GO:0030981,78
background,GO:0030983,319
background,GO:0030994,30
background,GO:0031001,17
background,GO:0031004,1
background,GO:0031010,113
background,GO:0031011,165
background,GO:0031012,176
background,GO:0031016,19
background,GO:0031021,30
background,GO:0031022,73
background,GO:0031023,108
background,GO:0031028,2
background,GO:0031032,3
background,GO:0031033,10
background,GO:0031034,4
background,GO:0031035,6
background,GO:0031037,6
background,GO:0031038,6
background,GO:0031047,1103
background,GO:0031048,85
background,GO:0031050,563
background,GO:0031053,113
background,GO:0031054,53
background,GO:0031055,2
background,GO:0031056,268
background,GO:0031057,27
background,GO:0031058,241
background,GO:0031060,251
background,GO:0031061,15
background,GO:0031062,231
background,GO:0031063,3
background,GO:0031064,2
background,GO:0031065,1
background,GO:0031071,33
background,GO:0031072,317
background,GO:0031074,18
background,GO:0031080,147
background,GO:0031082,18
background,GO:0031083,53
background,GO:0031086,1
background,GO:0031087,74
background,GO:0031090,5221
background,GO:0031091,47
background,GO:0031093,47
background,GO:0031097,1
background,GO:0031098,40
background,GO:0031099,22
background,GO:0031100,17
background,GO:0031102,5
background,GO:0031103,5
background,GO:0031109,57
background,GO:0031110,33
background,GO:0031111,7
background,GO:0031112,4
background,GO:0031113,4
background,GO:0031114,7
background,GO:0031116,4
background,GO:0031118,58
background,GO:0031119,165
background,GO:0031120,55
background,GO:0031122,281
background,GO:0031123,622
background,GO:0031124,698
background,GO:0031125,7
background,GO:0031126,305
background,GO:0031128,12
background,GO:0031129,12
background,GO:0031134,3
background,GO:0031136,4
background,GO:0031137,4
background,GO:0031139,4
background,GO:0031143,2
background,GO:0031145,546
background,GO:0031146,3325
background,GO:0031152,5
background,GO:0031154,21
background,GO:0031156,5
background,GO:0031163,24
background,GO:0031167,1422
background,GO:0031175,79
background,GO:0031176,26
background,GO:0031177,75
background,GO:0031179,51
background,GO:0031201,1031
background,GO:0031204,20
background,GO:0031207,20
background,GO:0031209,65
background,GO:0031210,42
background,GO:0031211,12
background,GO:0031213,35
background,GO:0031214,5
background,GO:0031222,250
background,GO:0031224,2855
background,GO:0031225,674
background,GO:0031226,1202
background,GO:0031227,114
background,GO:0031228,20
background,GO:0031233,1
background,GO:0031234,7
background,GO:0031235,31
background,GO:0031248,24
background,GO:0031252,2
background,GO:0031253,3
background,GO:0031254,4
background,GO:0031256,1
background,GO:0031261,40
background,GO:0031262,105
background,GO:0031267,750
background,GO:0031268,4
background,GO:0031270,4
background,GO:0031279,53
background,GO:0031291,1
background,GO:0031293,26
background,GO:0031297,154
background,GO:0031298,43
background,GO:0031300,300
background,GO:0031301,299
background,GO:0031304,56
background,GO:0031305,55
background,GO:0031306,104
background,GO:0031307,104
background,GO:0031312,25
background,GO:0031313,17
background,GO:0031314,3
background,GO:0031321,272
background,GO:0031322,272
background,GO:0031323,13848
background,GO:0031324,1973
background,GO:0031325,2873
background,GO:0031326,11803
background,GO:0031327,1636
background,GO:0031328,2000
background,GO:0031329,566
background,GO:0031330,105
background,GO:0031331,332
background,GO:0031332,87
background,GO:0031333,83
background,GO:0031334,74
background,GO:0031335,7
background,GO:0031336,2
background,GO:0031337,5
background,GO:0031338,25
background,GO:0031340,1
background,GO:0031341,20
background,GO:0031343,20
background,GO:0031344,114
background,GO:0031345,16
background,GO:0031346,79
background,GO:0031347,1261
background,GO:0031348,580
background,GO:0031349,315
background,GO:0031350,119
background,GO:0031351,119
background,GO:0031354,119
background,GO:0031355,119
background,GO:0031358,119
background,GO:0031359,119
background,GO:0031362,1
background,GO:0031365,55
background,GO:0031369,369
background,GO:0031371,14
background,GO:0031380,238
background,GO:0031386,38
background,GO:0031390,35
background,GO:0031396,125
background,GO:0031397,34
background,GO:0031398,95
background,GO:0031399,767
background,GO:0031400,207
background,GO:0031401,540
background,GO:0031404,167
background,GO:0031405,20
background,GO:0031406,147
background,GO:0031408,18
background,GO:0031409,1
background,GO:0031410,3441
background,GO:0031414,1
background,GO:0031415,144
background,GO:0031416,49
background,GO:0031417,57
background,GO:0031418,359
background,GO:0031422,130
background,GO:0031425,11
background,GO:0031428,134
background,GO:0031429,72
background,GO:0031430,22
background,GO:0031434,1
background,GO:0031435,5
background,GO:0031436,108
background,GO:0031440,37
background,GO:0031445,18
background,GO:0031452,1
background,GO:0031461,189
background,GO:0031463,10
background,GO:0031464,263
background,GO:0031465,2
background,GO:0031468,40
background,GO:0031475,1
background,GO:0031489,1
background,GO:0031490,1185
background,GO:0031491,324
background,GO:0031492,245
background,GO:0031497,39
background,GO:0031498,3
background,GO:0031499,58
background,GO:0031501,22
background,GO:0031503,274
background,GO:0031505,46
background,GO:0031507,265
background,GO:0031508,2
background,GO:0031509,19
background,GO:0031510,67
background,GO:0031511,15
background,GO:0031514,21
background,GO:0031515,88
background,GO:0031519,72
background,GO:0031523,1
background,GO:0031526,1
background,GO:0031533,1
background,GO:0031534,5
background,GO:0031537,64
background,GO:0031538,1
background,GO:0031539,1
background,GO:0031540,55
background,GO:0031542,1
background,GO:0031543,13
background,GO:0031544,11
background,GO:0031545,2
background,GO:0031567,1
background,GO:0031569,1
background,GO:0031570,87
background,GO:0031571,21
background,GO:0031572,19
background,GO:0031573,51
background,GO:0031577,35
background,GO:0031579,5
background,GO:0031581,8
background,GO:0031585,1
background,GO:0031588,1
background,GO:0031589,7
background,GO:0031591,35
background,GO:0031593,461
background,GO:0031594,34
background,GO:0031595,6
background,GO:0031597,9
background,GO:0031616,2
background,GO:0031617,9
background,GO:0031618,17
background,GO:0031619,6
background,GO:0031623,2
background,GO:0031624,149
background,GO:0031625,1238
background,GO:0031627,112
background,GO:0031638,163
background,GO:0031640,1
background,GO:0031647,272
background,GO:0031648,2
background,GO:0031667,756
background,GO:0031668,617
background,GO:0031669,592
background,GO:0031670,63
background,GO:0031672,22
background,GO:0031674,18
background,GO:0031683,117
background,GO:0031901,8
background,GO:0031902,249
background,GO:0031903,30
background,GO:0031904,167
background,GO:0031907,344
background,GO:0031929,90
background,GO:0031930,350
background,GO:0031931,60
background,GO:0031932,40
background,GO:0031934,39
background,GO:0031935,123
background,GO:0031936,16
background,GO:0031937,41
background,GO:0031938,3
background,GO:0031941,3
background,GO:0031952,1
background,GO:0031954,1
background,GO:0031956,84
background,GO:0031957,10
background,GO:0031960,17
background,GO:0031965,260
background,GO:0031966,1089
background,GO:0031967,3462
background,GO:0031968,459
background,GO:0031969,947
background,GO:0031970,55
background,GO:0031974,6409
background,GO:0031975,3462
background,GO:0031976,875
background,GO:0031977,184
background,GO:0031978,29
background,GO:0031981,5366
background,GO:0031982,3810
background,GO:0031983,216
background,GO:0031984,4093
background,GO:0031985,38
background,GO:0031987,1
background,GO:0031991,2
background,GO:0031998,6
background,GO:0032000,1
background,GO:0032006,4
background,GO:0032008,4
background,GO:0032009,5
background,GO:0032012,136
background,GO:0032027,1
background,GO:0032029,3
background,GO:0032036,9
background,GO:0032039,38
background,GO:0032040,1234
background,GO:0032042,37
background,GO:0032044,142
background,GO:0032045,20
background,GO:0032048,3
background,GO:0032049,35
background,GO:0032050,339
background,GO:0032051,111
background,GO:0032055,1
background,GO:0032060,4
background,GO:0032065,5
background,GO:0032069,45
background,GO:0032074,44
background,GO:0032088,34
background,GO:0032091,3
background,GO:0032092,16
background,GO:0032095,16
background,GO:0032101,489
background,GO:0032102,37
background,GO:0032103,379
background,GO:0032104,138
background,GO:0032106,119
background,GO:0032107,138
background,GO:0032109,119
background,GO:0032116,5
background,GO:0032131,37
background,GO:0032133,1
background,GO:0032135,4
background,GO:0032137,1
background,GO:0032138,1
background,GO:0032147,276
background,GO:0032148,16
background,GO:0032153,312
background,GO:0032155,46
background,GO:0032182,142
background,GO:0032183,139
background,GO:0032184,2
background,GO:0032194,12
background,GO:0032196,1231
background,GO:0032197,1159
background,GO:0032200,220
background,GO:0032202,1
background,GO:0032203,1
background,GO:0032204,68
background,GO:0032205,8
background,GO:0032206,38
background,GO:0032210,49
background,GO:0032211,24
background,GO:0032212,26
background,GO:0032216,24
background,GO:0032239,2
background,GO:0032241,2
background,GO:0032252,1
background,GO:0032259,2477
background,GO:0032260,5
background,GO:0032262,1
background,GO:0032263,18
background,GO:0032264,104
background,GO:0032266,138
background,GO:0032268,1455
background,GO:0032269,428
background,GO:0032270,953
background,GO:0032271,120
background,GO:0032272,82
background,GO:0032273,21
background,GO:0032279,58
background,GO:0032280,23
background,GO:0032296,123
background,GO:0032299,51
background,GO:0032300,66
background,GO:0032301,74
background,GO:0032302,1
background,GO:0032303,1
background,GO:0032309,2
background,GO:0032324,19
background,GO:0032328,43
background,GO:0032329,35
background,GO:0032350,3926
background,GO:0032351,8
background,GO:0032352,13
background,GO:0032353,8
background,GO:0032355,2
background,GO:0032357,17
background,GO:0032366,70
background,GO:0032367,46
background,GO:0032368,62
background,GO:0032371,1
background,GO:0032374,1
background,GO:0032386,83
background,GO:0032387,5
background,GO:0032388,63
background,GO:0032389,41
background,GO:0032391,17
background,GO:0032392,899
background,GO:0032400,1
background,GO:0032401,1
background,GO:0032402,1
background,GO:0032409,188
background,GO:0032410,4
background,GO:0032412,188
background,GO:0032413,4
background,GO:0032418,37
background,GO:0032422,17
background,GO:0032429,4
background,GO:0032430,4
background,GO:0032432,108
background,GO:0032433,1
background,GO:0032434,103
background,GO:0032435,47
background,GO:0032436,95
background,GO:0032440,224
background,GO:0032441,21
background,GO:0032446,4437
background,GO:0032451,286
background,GO:0032452,319
background,GO:0032453,24
background,GO:0032454,487
background,GO:0032456,90
background,GO:0032465,64
background,GO:0032467,20
background,GO:0032468,71
background,GO:0032469,64
background,GO:0032471,1
background,GO:0032472,71
background,GO:0032479,34
background,GO:0032480,8
background,GO:0032481,26
background,GO:0032483,26
background,GO:0032490,1
background,GO:0032493,1
background,GO:0032496,29
background,GO:0032501,14403
background,GO:0032502,16514
background,GO:0032504,2577
background,GO:0032505,346
background,GO:0032506,106
background,GO:0032507,44
background,GO:0032508,2110
background,GO:0032509,44
background,GO:0032510,1
background,GO:0032511,209
background,GO:0032515,13
background,GO:0032526,118
background,GO:0032527,2
background,GO:0032535,203
background,GO:0032541,20
background,GO:0032542,16
background,GO:0032543,566
background,GO:0032544,115
background,GO:0032545,73
background,GO:0032549,372
background,GO:0032550,103
background,GO:0032553,495
background,GO:0032555,492
background,GO:0032559,431
background,GO:0032561,103
background,GO:0032574,305
background,GO:0032575,287
background,GO:0032580,1
background,GO:0032585,3
background,GO:0032586,6
background,GO:0032588,176
background,GO:0032592,160
background,GO:0032593,1
background,GO:0032642,5
background,GO:0032645,1
background,GO:0032647,10
background,GO:0032648,15
background,GO:0032649,6
background,GO:0032672,1
background,GO:0032673,1
background,GO:0032677,3
background,GO:0032680,29
background,GO:0032682,5
background,GO:0032689,6
background,GO:0032717,3
background,GO:0032720,6
background,GO:0032725,1
background,GO:0032727,10
background,GO:0032728,15
background,GO:0032752,1
background,GO:0032753,1
background,GO:0032760,23
background,GO:0032774,1172
background,GO:0032775,1
background,GO:0032776,82
background,GO:0032780,16
background,GO:0032781,108
background,GO:0032783,19
background,GO:0032784,164
background,GO:0032786,30
background,GO:0032787,1261
background,GO:0032790,116
background,GO:0032796,4
background,GO:0032797,81
background,GO:0032799,1
background,GO:0032801,169
background,GO:0032802,1
background,GO:0032806,5
background,GO:0032807,45
background,GO:0032814,6
background,GO:0032816,6
background,GO:0032823,6
background,GO:0032825,6
background,GO:0032838,46
background,GO:0032868,11
background,GO:0032869,11
background,GO:0032870,2998
background,GO:0032872,83
background,GO:0032873,62
background,GO:0032874,2
background,GO:0032875,205
background,GO:0032876,3
background,GO:0032877,19
background,GO:0032878,43
background,GO:0032879,2302
background,GO:0032880,236
background,GO:0032881,79
background,GO:0032885,78
background,GO:0032886,52
background,GO:0032889,1
background,GO:0032890,61
background,GO:0032922,120
background,GO:0032925,2
background,GO:0032926,2
background,GO:0032928,37
background,GO:0032933,30
background,GO:0032934,318
background,GO:0032940,829
background,GO:0032943,5
background,GO:0032944,40
background,GO:0032946,40
background,GO:0032947,3
background,GO:0032950,41
background,GO:0032951,41
background,GO:0032952,20
background,GO:0032953,20
background,GO:0032954,3
background,GO:0032955,20
background,GO:0032956,159
background,GO:0032957,95
background,GO:0032958,149
background,GO:0032963,34
background,GO:0032968,420
background,GO:0032970,170
background,GO:0032973,2
background,GO:0032977,87
background,GO:0032979,52
background,GO:0032981,210
background,GO:0032982,4
background,GO:0032984,176
background,GO:0032986,3
background,GO:0032988,13
background,GO:0032989,1983
background,GO:0032990,42
background,GO:0032991,11424
background,GO:0032993,225
background,GO:0032995,20
background,GO:0033003,1
background,GO:0033005,1
background,GO:0033006,1
background,GO:0033008,1
background,GO:0033013,171
background,GO:0033014,333
background,GO:0033015,19
background,GO:0033036,3768
background,GO:0033037,98
background,GO:0033043,773
background,GO:0033044,535
background,GO:0033045,154
background,GO:0033046,74
background,GO:0033047,118
background,GO:0033048,58
background,GO:0033059,19
background,GO:0033060,23
background,GO:0033061,17
background,GO:0033063,117
background,GO:0033065,64
background,GO:0033077,35
background,GO:0033095,120
background,GO:0033108,119
background,GO:0033116,168
background,GO:0033119,20
background,GO:0033120,134
background,GO:0033135,44
background,GO:0033138,44
background,GO:0033142,1
background,GO:0033143,23
background,GO:0033144,22
background,GO:0033146,22
background,GO:0033147,22
background,GO:0033157,73
background,GO:0033169,91
background,GO:0033170,43
background,GO:0033176,1
background,GO:0033177,109
background,GO:0033178,67
background,GO:0033179,163
background,GO:0033180,24
background,GO:0033182,2
background,GO:0033184,2
background,GO:0033185,58
background,GO:0033186,49
background,GO:0033188,57
background,GO:0033202,2
background,GO:0033204,48
background,GO:0033206,66
background,GO:0033210,16
background,GO:0033218,196
background,GO:0033227,1
background,GO:0033233,12
background,GO:0033234,12
background,GO:0033238,15
background,GO:0033239,2
background,GO:0033240,5
background,GO:0033260,216
background,GO:0033262,1
background,GO:0033263,29
background,GO:0033267,6
background,GO:0033273,17
background,GO:0033275,51
background,GO:0033276,1
background,GO:0033281,20
background,GO:0033290,59
background,GO:0033293,10
background,GO:0033298,4
background,GO:0033306,3
background,GO:0033313,7
background,GO:0033314,191
background,GO:0033316,33
background,GO:0033317,181
background,GO:0033321,7
background,GO:0033328,14
background,GO:0033331,1
background,GO:0033333,4
background,GO:0033334,4
background,GO:0033339,4
background,GO:0033341,15
background,GO:0033342,15
background,GO:0033353,53
background,GO:0033354,18
background,GO:0033355,40
background,GO:0033356,198
background,GO:0033363,1
background,GO:0033365,1110
background,GO:0033387,27
background,GO:0033388,19
background,GO:0033389,48
background,GO:0033396,47
background,GO:0033478,9
background,GO:0033481,34
background,GO:0033499,97
background,GO:0033500,150
background,GO:0033503,120
background,GO:0033506,7
background,GO:0033517,35
background,GO:0033523,20
background,GO:0033528,57
background,GO:0033539,62
background,GO:0033540,92
background,GO:0033549,19
background,GO:0033550,42
background,GO:0033553,1
background,GO:0033554,3924
background,GO:0033557,19
background,GO:0033558,130
background,GO:0033559,390
background,GO:0033565,23
background,GO:0033566,32
background,GO:0033567,112
background,GO:0033572,1
background,GO:0033574,1
background,GO:0033588,150
background,GO:0033590,17
background,GO:0033593,6
background,GO:0033597,1
background,GO:0033599,6
background,GO:0033600,6
background,GO:0033609,1
background,GO:0033611,1
background,GO:0033612,1059
background,GO:0033613,109
background,GO:0033615,117
background,GO:0033617,114
background,GO:0033619,169
background,GO:0033628,1
background,GO:0033630,1
background,GO:0033643,192
background,GO:0033644,177
background,GO:0033646,186
background,GO:0033647,178
background,GO:0033648,1
background,GO:0033673,54
background,GO:0033674,182
background,GO:0033677,287
background,GO:0033678,287
background,GO:0033680,287
background,GO:0033682,287
background,GO:0033683,1
background,GO:0033687,9
background,GO:0033692,269
background,GO:0033699,19
background,GO:0033721,1
background,GO:0033729,21
background,GO:0033730,62
background,GO:0033743,55
background,GO:0033750,123
background,GO:0033759,18
background,GO:0033762,17
background,GO:0033764,3
background,GO:0033765,4
background,GO:0033768,132
background,GO:0033809,96
background,GO:0033819,34
background,GO:0033838,3
background,GO:0033843,68
background,GO:0033857,46
background,GO:0033862,34
background,GO:0033865,68
background,GO:0033866,56
background,GO:0033875,68
background,GO:0033897,557
background,GO:0033907,2
background,GO:0033925,32
background,GO:0033926,146
background,GO:0033962,114
background,GO:0033967,1
background,GO:0033971,17
background,GO:0033993,2848
background,GO:0034002,1
background,GO:0034007,1
background,GO:0034020,24
background,GO:0034030,56
background,GO:0034032,68
background,GO:0034033,56
background,GO:0034035,3
background,GO:0034036,2
background,GO:0034038,47
background,GO:0034039,33
background,GO:0034045,73
background,GO:0034046,2
background,GO:0034050,410
background,GO:0034051,27
background,GO:0034052,36
background,GO:0034058,96
background,GO:0034059,3
background,GO:0034061,1203
background,GO:0034062,125
background,GO:0034063,112
background,GO:0034066,20
background,GO:0034067,76
background,GO:0034080,17
background,GO:0034085,18
background,GO:0034086,13
background,GO:0034087,18
background,GO:0034088,26
background,GO:0034090,35
background,GO:0034097,124
background,GO:0034098,155
background,GO:0034101,16
background,GO:0034103,1
background,GO:0034105,1
background,GO:0034110,1
background,GO:0034196,36
background,GO:0034198,67
background,GO:0034203,19
background,GO:0034204,11
background,GO:0034212,112
background,GO:0034213,16
background,GO:0034214,4
background,GO:0034219,191
background,GO:0034220,2075
background,GO:0034227,61
background,GO:0034236,1
background,GO:0034237,76
background,GO:0034243,14
background,GO:0034244,221
background,GO:0034245,144
background,GO:0034247,73
background,GO:0034248,346
background,GO:0034249,132
background,GO:0034250,54
background,GO:0034256,38
background,GO:0034260,22
background,GO:0034271,85
background,GO:0034272,85
background,GO:0034274,62
background,GO:0034284,139
background,GO:0034285,183
background,GO:0034293,439
background,GO:0034305,15
background,GO:0034308,55
background,GO:0034311,13
background,GO:0034312,13
background,GO:0034314,136
background,GO:0034329,44
background,GO:0034330,44
background,GO:0034338,70
background,GO:0034340,6
background,GO:0034341,61
background,GO:0034349,3
background,GO:0034353,22
background,GO:0034355,33
background,GO:0034356,23
background,GO:0034357,787
background,GO:0034367,5
background,GO:0034381,1
background,GO:0034383,1
background,GO:0034388,135
background,GO:0034389,130
background,GO:0034394,1
background,GO:0034397,13
background,GO:0034398,56
background,GO:0034399,258
background,GO:0034401,18
background,GO:0034402,17
background,GO:0034404,696
background,GO:0034414,38
background,GO:0034416,1
background,GO:0034417,1
background,GO:0034427,270
background,GO:0034432,32
background,GO:0034440,711
background,GO:0034442,5
background,GO:0034443,5
background,GO:0034446,6
background,GO:0034450,41
background,GO:0034453,7
background,GO:0034455,57
background,GO:0034456,73
background,GO:0034457,85
background,GO:0034458,3
background,GO:0034461,4
background,GO:0034462,20
background,GO:0034470,2274
background,GO:0034471,15
background,GO:0034472,45
background,GO:0034473,84
background,GO:0034475,251
background,GO:0034476,85
background,GO:0034477,32
background,GO:0034480,2
background,GO:0034483,1
background,GO:0034485,327
background,GO:0034486,16
background,GO:0034497,96
background,GO:0034498,29
background,GO:0034501,65
background,GO:0034502,119
background,GO:0034504,123
background,GO:0034507,1
background,GO:0034508,29
background,GO:0034511,373
background,GO:0034513,18
background,GO:0034515,101
background,GO:0034517,30
background,GO:0034518,2
background,GO:0034551,168
background,GO:0034552,2
background,GO:0034553,94
background,GO:0034587,22
background,GO:0034593,9
background,GO:0034594,4
background,GO:0034595,9
background,GO:0034599,824
background,GO:0034605,1090
background,GO:0034606,2
background,GO:0034607,2
background,GO:0034612,22
background,GO:0034613,2955
background,GO:0034614,164
background,GO:0034620,47
background,GO:0034622,2413
background,GO:0034625,100
background,GO:0034626,100
background,GO:0034627,1
background,GO:0034628,18
background,GO:0034629,24
background,GO:0034635,55
background,GO:0034637,296
background,GO:0034638,2
background,GO:0034641,15968
background,GO:0034642,1
background,GO:0034643,58
background,GO:0034644,108
background,GO:0034645,4084
background,GO:0034647,115
background,GO:0034648,4
background,GO:0034654,3382
background,GO:0034655,261
background,GO:0034657,90
background,GO:0034660,2395
background,GO:0034661,42
background,GO:0034663,46
background,GO:0034693,1
background,GO:0034702,1
background,GO:0034703,1
background,GO:0034704,1
background,GO:0034708,61
background,GO:0034715,47
background,GO:0034719,76
background,GO:0034720,8
background,GO:0034721,2
background,GO:0034722,81
background,GO:0034724,31
background,GO:0034727,218
background,GO:0034728,210
background,GO:0034754,104
background,GO:0034755,255
background,GO:0034756,17
background,GO:0034757,3
background,GO:0034762,275
background,GO:0034763,4
background,GO:0034764,2
background,GO:0034765,238
background,GO:0034766,4
background,GO:0034767,1
background,GO:0034768,1
background,GO:0034774,216
background,GO:0034775,4
background,GO:0034785,18
background,GO:0034820,18
background,GO:0034963,1
background,GO:0034968,307
background,GO:0034969,162
background,GO:0034971,20
background,GO:0034975,172
background,GO:0034976,571
background,GO:0034979,15
background,GO:0034982,152
background,GO:0034986,27
background,GO:0034990,1
background,GO:0034991,1
background,GO:0035002,1
background,GO:0035004,4
background,GO:0035010,68
background,GO:0035014,6
background,GO:0035019,2
background,GO:0035023,50
background,GO:0035024,50
background,GO:0035032,4
background,GO:0035036,3
background,GO:0035050,22
background,GO:0035060,17
background,GO:0035061,2
background,GO:0035064,171
background,GO:0035065,64
background,GO:0035066,54
background,GO:0035067,23
background,GO:0035068,13
background,GO:0035082,39
background,GO:0035088,2
background,GO:0035090,2
background,GO:0035091,753
background,GO:0035092,4
background,GO:0035093,4
background,GO:0035097,71
background,GO:0035098,18
background,GO:0035101,75
background,GO:0035102,72
background,GO:0035107,122
background,GO:0035108,5
background,GO:0035112,93
background,GO:0035113,4
background,GO:0035114,113
background,GO:0035115,1
background,GO:0035118,3
background,GO:0035120,113
background,GO:0035136,5
background,GO:0035138,4
background,GO:0035145,98
background,GO:0035148,1
background,GO:0035150,300
background,GO:0035151,1
background,GO:0035152,1
background,GO:0035159,1
background,GO:0035166,4
background,GO:0035167,4
background,GO:0035173,1
background,GO:0035174,1
background,GO:0035175,1
background,GO:0035178,2
background,GO:0035189,3
background,GO:0035194,608
background,GO:0035195,128
background,GO:0035196,129
background,GO:0035197,15
background,GO:0035198,22
background,GO:0035203,99
background,GO:0035204,99
background,GO:0035214,128
background,GO:0035220,156
background,GO:0035222,3
background,GO:0035239,148
background,GO:0035241,15
background,GO:0035242,17
background,GO:0035243,44
background,GO:0035246,32
background,GO:0035247,17
background,GO:0035250,84
background,GO:0035251,2188
background,GO:0035252,100
background,GO:0035254,1
background,GO:0035255,1
background,GO:0035257,314
background,GO:0035258,244
background,GO:0035259,3
background,GO:0035261,1
background,GO:0035264,55
background,GO:0035265,54
background,GO:0035266,69
background,GO:0035267,271
background,GO:0035269,46
background,GO:0035270,2
background,GO:0035279,6
background,GO:0035280,2
background,GO:0035281,13
background,GO:0035282,39
background,GO:0035295,316
background,GO:0035296,299
background,GO:0035299,33
background,GO:0035303,74
background,GO:0035304,16
background,GO:0035305,13
background,GO:0035306,5
background,GO:0035308,70
background,GO:0035312,145
background,GO:0035315,10
background,GO:0035316,10
background,GO:0035317,10
background,GO:0035325,1
background,GO:0035326,68
background,GO:0035327,30
background,GO:0035335,44
background,GO:0035336,260
background,GO:0035337,8
background,GO:0035339,7
background,GO:0035344,2
background,GO:0035349,56
background,GO:0035350,3
background,GO:0035370,1
background,GO:0035371,163
background,GO:0035383,12
background,GO:0035384,1
background,GO:0035404,1
background,GO:0035434,89
background,GO:0035435,164
background,GO:0035436,155
background,GO:0035437,22
background,GO:0035443,4
background,GO:0035445,2
background,GO:0035448,3
background,GO:0035452,1
background,GO:0035455,6
background,GO:0035457,6
background,GO:0035459,2
background,GO:0035461,50
background,GO:0035469,19
background,GO:0035485,17
background,GO:0035493,74
background,GO:0035494,74
background,GO:0035510,26
background,GO:0035511,17
background,GO:0035513,70
background,GO:0035514,172
background,GO:0035515,70
background,GO:0035516,87
background,GO:0035523,1
background,GO:0035524,73
background,GO:0035529,142
background,GO:0035539,20
background,GO:0035542,11
background,GO:0035543,1
background,GO:0035550,17
background,GO:0035551,62
background,GO:0035552,70
background,GO:0035556,2706
background,GO:0035561,39
background,GO:0035562,1
background,GO:0035563,38
background,GO:0035567,7
background,GO:0035578,167
background,GO:0035580,1
background,GO:0035584,1
background,GO:0035591,2
background,GO:0035596,35
background,GO:0035597,17
background,GO:0035598,20
background,GO:0035600,20
background,GO:0035601,181
background,GO:0035613,2
background,GO:0035614,2
background,GO:0035615,57
background,GO:0035618,69
background,GO:0035619,69
background,GO:0035627,142
background,GO:0035630,3
background,GO:0035639,351
background,GO:0035649,287
background,GO:0035657,38
background,GO:0035658,35
background,GO:0035670,94
background,GO:0035671,92
background,GO:0035672,15
background,GO:0035673,439
background,GO:0035674,22
background,GO:0035690,508
background,GO:0035694,10
background,GO:0035722,1
background,GO:0035725,35
background,GO:0035728,162
background,GO:0035729,162
background,GO:0035753,69
background,GO:0035770,373
background,GO:0035794,54
background,GO:0035800,1
background,GO:0035821,650
background,GO:0035822,44
background,GO:0035825,188
background,GO:0035838,305
background,GO:0035839,2
background,GO:0035845,2
background,GO:0035859,27
background,GO:0035861,310
background,GO:0035864,5
background,GO:0035865,3
background,GO:0035869,17
background,GO:0035870,7
background,GO:0035874,1
background,GO:0035914,121
background,GO:0035924,16
background,GO:0035925,125
background,GO:0035927,2
background,GO:0035945,2
background,GO:0035946,2
background,GO:0035964,72
background,GO:0035965,1
background,GO:0035966,96
background,GO:0035967,94
background,GO:0035970,2
background,GO:0035973,22
background,GO:0035974,58
background,GO:0035987,27
background,GO:0035998,1
background,GO:0035999,259
background,GO:0036002,41
background,GO:0036003,18
background,GO:0036009,1
background,GO:0036015,16
background,GO:0036016,16
background,GO:0036017,16
background,GO:0036018,16
background,GO:0036019,163
background,GO:0036020,1
background,GO:0036021,162
background,GO:0036033,15
background,GO:0036064,2
background,GO:0036065,16
background,GO:0036066,24
background,GO:0036071,46
background,GO:0036075,3
background,GO:0036080,76
background,GO:0036089,4
background,GO:0036091,16
background,GO:0036092,31
background,GO:0036094,1473
background,GO:0036098,1
background,GO:0036099,33
background,GO:0036126,19
background,GO:0036158,18
background,GO:0036159,18
background,GO:0036166,1
background,GO:0036168,5
background,GO:0036170,5
background,GO:0036176,5
background,GO:0036177,5
background,GO:0036178,5
background,GO:0036180,9
background,GO:0036211,8192
background,GO:0036220,7
background,GO:0036222,7
background,GO:0036228,41
background,GO:0036230,170
background,GO:0036244,5
background,GO:0036257,5
background,GO:0036258,22
background,GO:0036260,12
background,GO:0036261,17
background,GO:0036265,87
background,GO:0036290,4
background,GO:0036292,4
background,GO:0036293,201
background,GO:0036294,29
background,GO:0036296,17
background,GO:0036297,235
background,GO:0036302,1
background,GO:0036310,5
background,GO:0036361,32
background,GO:0036374,74
background,GO:0036376,1
background,GO:0036377,119
background,GO:0036396,86
background,GO:0036402,4
background,GO:0036424,23
background,GO:0036435,14
background,GO:0036440,4
background,GO:0036442,19
background,GO:0036444,156
background,GO:0036445,1
background,GO:0036452,6
background,GO:0036456,71
background,GO:0036459,118
background,GO:0036464,355
background,GO:0036473,16
background,GO:0036474,13
background,GO:0036477,82
background,GO:0036498,50
background,GO:0036500,3
background,GO:0036501,8
background,GO:0036503,877
background,GO:0036506,1
background,GO:0036513,33
background,GO:0038018,6
background,GO:0038023,1020
background,GO:0038024,1
background,GO:0038063,1
background,GO:0038065,1
background,GO:0038083,1
background,GO:0038093,2
background,GO:0038094,2
background,GO:0038095,1
background,GO:0038096,2
background,GO:0038110,1
background,GO:0038111,4
background,GO:0038156,1
background,GO:0038198,2
background,GO:0038199,115
background,GO:0039531,8
background,GO:0039532,8
background,GO:0039535,8
background,GO:0039536,8
background,GO:0039702,5
background,GO:0040001,3
background,GO:0040007,1415
background,GO:0040008,1288
background,GO:0040009,2
background,GO:0040010,1
background,GO:0040011,445
background,GO:0040012,283
background,GO:0040013,105
background,GO:0040014,165
background,GO:0040015,165
background,GO:0040017,173
background,GO:0040019,2
background,GO:0040020,40
background,GO:0040024,1
background,GO:0040025,215
background,GO:0040029,1259
background,GO:0040031,18
background,GO:0040032,3
background,GO:0040034,173
background,GO:0042023,99
background,GO:0042025,1
background,GO:0042026,320
background,GO:0042030,16
background,GO:0042035,1
background,GO:0042040,8
background,GO:0042044,125
background,GO:0042045,1
background,GO:0042048,3
background,GO:0042051,1
background,GO:0042052,1
background,GO:0042054,980
background,GO:0042058,14
background,GO:0042059,5
background,GO:0042060,16
background,GO:0042063,89
background,GO:0042078,1
background,GO:0042100,5
background,GO:0042101,1
background,GO:0042102,35
background,GO:0042108,1
background,GO:0042110,35
background,GO:0042113,6
background,GO:0042116,1
background,GO:0042117,16
background,GO:0042119,170
background,GO:0042127,1817
background,GO:0042128,52
background,GO:0042129,35
background,GO:0042132,99
background,GO:0042133,713
background,GO:0042134,235
background,GO:0042135,3
background,GO:0042136,704
background,GO:0042138,250
background,GO:0042144,18
background,GO:0042147,387
background,GO:0042148,111
background,GO:0042149,60
background,GO:0042157,39
background,GO:0042158,38
background,GO:0042159,18
background,GO:0042162,362
background,GO:0042165,2
background,GO:0042168,21
background,GO:0042169,2
background,GO:0042170,820
background,GO:0042171,60
background,GO:0042175,2039
background,GO:0042176,334
background,GO:0042177,34
background,GO:0042178,6
background,GO:0042180,104
background,GO:0042181,52
background,GO:0042182,29
background,GO:0042214,31
background,GO:0042219,5
background,GO:0042221,11120
background,GO:0042244,7
background,GO:0042246,5
background,GO:0042254,2749
background,GO:0042255,1525
background,GO:0042256,104
background,GO:0042262,1
background,GO:0042268,20
background,GO:0042272,13
background,GO:0042273,2640
background,GO:0042274,752
background,GO:0042276,119
background,GO:0042277,229
background,GO:0042278,22
background,GO:0042281,15
background,GO:0042283,25
background,GO:0042284,17
background,GO:0042285,190
background,GO:0042286,15
background,GO:0042287,3
background,GO:0042288,2
background,GO:0042289,1
background,GO:0042292,16
background,GO:0042300,165
background,GO:0042301,44
background,GO:0042303,121
background,GO:0042304,48
background,GO:0042306,25
background,GO:0042307,19
background,GO:0042308,5
background,GO:0042325,403
background,GO:0042326,135
background,GO:0042327,194
background,GO:0042330,121
background,GO:0042335,207
background,GO:0042343,1
background,GO:0042350,1
background,GO:0042351,30
background,GO:0042352,20
background,GO:0042359,162
background,GO:0042360,10
background,GO:0042362,10
background,GO:0042364,226
background,GO:0042371,12
background,GO:0042372,134
background,GO:0042374,15
background,GO:0042383,1
background,GO:0042391,246
background,GO:0042392,30
background,GO:0042393,1517
background,GO:0042398,257
background,GO:0042401,3806
background,GO:0042402,2
background,GO:0042405,10
background,GO:0042406,4
background,GO:0042407,18
background,GO:0042417,4
background,GO:0042420,4
background,GO:0042424,4
background,GO:0042425,35
background,GO:0042430,3831
background,GO:0042435,3809
background,GO:0042438,1
background,GO:0042439,2
background,GO:0042440,663
background,GO:0042441,91
background,GO:0042445,1068
background,GO:0042446,690
background,GO:0042447,253
background,GO:0042448,3
background,GO:0042450,52
background,GO:0042451,8
background,GO:0042455,664
background,GO:0042461,4
background,GO:0042462,1
background,GO:0042470,2
background,GO:0042471,4
background,GO:0042472,3
background,GO:0042476,1
background,GO:0042478,99
background,GO:0042493,3209
background,GO:0042494,1
background,GO:0042500,202
background,GO:0042537,65
background,GO:0042538,188
background,GO:0042539,2
background,GO:0042542,295
background,GO:0042543,23
background,GO:0042545,1936
background,GO:0042546,1288
background,GO:0042548,111
background,GO:0042549,100
background,GO:0042550,5
background,GO:0042551,4
background,GO:0042552,56
background,GO:0042555,201
background,GO:0042558,39
background,GO:0042559,17
background,GO:0042562,43
background,GO:0042565,68
background,GO:0042572,49
background,GO:0042574,30
background,GO:0042575,20
background,GO:0042577,340
background,GO:0042578,925
background,GO:0042579,803
background,GO:0042581,1
background,GO:0042582,167
background,GO:0042585,18
background,GO:0042586,55
background,GO:0042588,73
background,GO:0042589,73
background,GO:0042592,2243
background,GO:0042593,80
background,GO:0042594,659
background,GO:0042597,3
background,GO:0042623,1894
background,GO:0042625,143
background,GO:0042626,2309
background,GO:0042631,18
background,GO:0042632,301
background,GO:0042633,1
background,GO:0042634,1
background,GO:0042641,52
background,GO:0042642,1
background,GO:0042644,145
background,GO:0042645,123
background,GO:0042646,26
background,GO:0042651,936
background,GO:0042659,28
background,GO:0042692,6
background,GO:0042698,6
background,GO:0042709,51
background,GO:0042710,5
background,GO:0042719,30
background,GO:0042720,96
background,GO:0042721,162
background,GO:0042723,2
background,GO:0042724,2
background,GO:0042726,39
background,GO:0042727,20
background,GO:0042728,1
background,GO:0042732,130
background,GO:0042737,106
background,GO:0042742,2714
background,GO:0042743,6
background,GO:0042744,1973
background,GO:0042752,218
background,GO:0042753,104
background,GO:0042754,20
background,GO:0042759,366
background,GO:0042760,18
background,GO:0042761,172
background,GO:0042762,82
background,GO:0042763,228
background,GO:0042764,228
background,GO:0042765,123
background,GO:0042766,18
background,GO:0042770,85
background,GO:0042771,132
background,GO:0042772,20
background,GO:0042773,230
background,GO:0042775,31
background,GO:0042776,181
background,GO:0042779,39
background,GO:0042780,39
background,GO:0042781,58
background,GO:0042788,172
background,GO:0042790,47
background,GO:0042791,29
background,GO:0042793,95
background,GO:0042795,116
background,GO:0042796,94
background,GO:0042797,297
background,GO:0042800,72
background,GO:0042802,1761
background,GO:0042803,1089
background,GO:0042807,5
background,GO:0042809,121
background,GO:0042814,12
background,GO:0042816,4
background,GO:0042817,1
background,GO:0042819,64
background,GO:0042821,1
background,GO:0042822,4
background,GO:0042823,64
background,GO:0042826,156
background,GO:0042834,17
background,GO:0042866,23
background,GO:0042873,160
background,GO:0042879,160
background,GO:0042886,2902
background,GO:0042887,157
background,GO:0042891,15
background,GO:0042895,15
background,GO:0042903,2
background,GO:0042910,1220
background,GO:0042937,250
background,GO:0042938,250
background,GO:0042939,66
background,GO:0042946,7
background,GO:0042947,7
background,GO:0042973,30
background,GO:0042974,121
background,GO:0042981,427
background,GO:0042989,51
background,GO:0042995,578
background,GO:0043001,112
background,GO:0043005,109
background,GO:0043007,46
background,GO:0043008,1
background,GO:0043009,70
background,GO:0043010,21
background,GO:0043014,26
background,GO:0043015,123
background,GO:0043021,235
background,GO:0043022,799
background,GO:0043023,326
background,GO:0043024,86
background,GO:0043025,21
background,GO:0043027,16
background,GO:0043028,16
background,GO:0043029,34
background,GO:0043033,6
background,GO:0043036,74
background,GO:0043038,28
background,GO:0043039,299
background,GO:0043041,18
background,GO:0043043,461
background,GO:0043044,40
background,GO:0043047,130
background,GO:0043048,14
background,GO:0043052,2
background,GO:0043060,6
background,GO:0043062,79
background,GO:0043065,50
background,GO:0043066,387
background,GO:0043067,742
background,GO:0043068,163
background,GO:0043069,461
background,GO:0043073,37
background,GO:0043076,248
background,GO:0043078,248
background,GO:0043085,871
background,GO:0043086,945
background,GO:0043087,352
background,GO:0043090,83
background,GO:0043094,753
background,GO:0043097,630
background,GO:0043101,3
background,GO:0043102,7
background,GO:0043111,41
background,GO:0043112,193
background,GO:0043113,38
background,GO:0043122,43
background,GO:0043123,7
background,GO:0043124,36
background,GO:0043130,1002
background,GO:0043136,43
background,GO:0043137,25
background,GO:0043138,816
background,GO:0043139,392
background,GO:0043140,521
background,GO:0043141,287
background,GO:0043142,7
background,GO:0043144,323
background,GO:0043153,78
background,GO:0043154,52
background,GO:0043155,57
background,GO:0043157,17
background,GO:0043161,3854
background,GO:0043162,50
background,GO:0043167,2891
background,GO:0043168,1548
background,GO:0043169,1790
background,GO:0043170,19522
background,GO:0043171,68
background,GO:0043173,2
background,GO:0043174,633
background,GO:0043175,32
background,GO:0043177,147
background,GO:0043178,16
background,GO:0043181,32
background,GO:0043182,32
background,GO:0043186,32
background,GO:0043187,30
background,GO:0043189,91
background,GO:0043190,24
background,GO:0043195,3
background,GO:0043197,40
background,GO:0043200,99
background,GO:0043201,5
background,GO:0043202,230
background,GO:0043204,1
background,GO:0043207,4938
background,GO:0043209,2
background,GO:0043225,7
background,GO:0043226,35412
background,GO:0043227,34334
background,GO:0043228,7476
background,GO:0043229,35147
background,GO:0043230,192
background,GO:0043231,35900
background,GO:0043232,7476
background,GO:0043233,6409
background,GO:0043235,2
background,GO:0043236,1
background,GO:0043240,4
background,GO:0043242,15
background,GO:0043244,32
background,GO:0043247,3
background,GO:0043248,160
background,GO:0043253,7
background,GO:0043254,190
background,GO:0043255,222
background,GO:0043266,186
background,GO:0043267,1
background,GO:0043268,3
background,GO:0043269,337
background,GO:0043270,3
background,GO:0043271,7
background,GO:0043277,6
background,GO:0043279,3
background,GO:0043280,36
background,GO:0043281,54
background,GO:0043288,93
background,GO:0043289,91
background,GO:0043291,22
background,GO:0043292,41
background,GO:0043295,219
background,GO:0043296,2
background,GO:0043299,169
background,GO:0043300,1
background,GO:0043302,1
background,GO:0043304,1
background,GO:0043306,1
background,GO:0043312,169
background,GO:0043313,1
background,GO:0043324,91
background,GO:0043325,1
background,GO:0043327,2
background,GO:0043328,293
background,GO:0043330,9
background,GO:0043331,572
background,GO:0043332,59
background,GO:0043335,77
background,GO:0043337,16
background,GO:0043353,3
background,GO:0043366,1
background,GO:0043368,1
background,GO:0043383,1
background,GO:0043385,15
background,GO:0043386,15
background,GO:0043388,15
background,GO:0043392,2
background,GO:0043393,38
background,GO:0043399,20
background,GO:0043401,201
background,GO:0043405,23
background,GO:0043406,16
background,GO:0043407,24
background,GO:0043408,125
background,GO:0043409,111
background,GO:0043410,35
background,GO:0043412,11578
background,GO:0043413,128
background,GO:0043414,1929
background,GO:0043419,37
background,GO:0043424,433
background,GO:0043425,3
background,GO:0043426,2
background,GO:0043433,111
background,GO:0043434,30
background,GO:0043436,6520
background,GO:0043446,4
background,GO:0043447,4
background,GO:0043448,16
background,GO:0043449,105
background,GO:0043450,105
background,GO:0043455,97
background,GO:0043457,73
background,GO:0043461,23
background,GO:0043462,73
background,GO:0043467,140
background,GO:0043470,64
background,GO:0043473,152
background,GO:0043474,91
background,GO:0043476,59
background,GO:0043478,41
background,GO:0043479,41
background,GO:0043480,41
background,GO:0043481,41
background,GO:0043482,18
background,GO:0043484,199
background,GO:0043485,9
background,GO:0043486,76
background,GO:0043487,128
background,GO:0043488,111
background,GO:0043489,39
background,GO:0043491,22
background,GO:0043492,371
background,GO:0043495,76
background,GO:0043496,19
background,GO:0043500,2
background,GO:0043506,1
background,GO:0043507,1
background,GO:0043515,4
background,GO:0043516,2
background,GO:0043518,2
background,GO:0043523,184
background,GO:0043524,184
background,GO:0043527,85
background,GO:0043529,69
background,GO:0043530,8
background,GO:0043531,8112
background,GO:0043535,2
background,GO:0043539,157
background,GO:0043541,90
background,GO:0043543,285
background,GO:0043545,1
background,GO:0043546,91
background,GO:0043547,328
background,GO:0043548,30
background,GO:0043549,281
background,GO:0043550,9
background,GO:0043551,6
background,GO:0043555,1
background,GO:0043562,178
background,GO:0043564,38
background,GO:0043565,8650
background,GO:0043570,102
background,GO:0043572,63
background,GO:0043574,351
background,GO:0043583,4
background,GO:0043588,1
background,GO:0043596,176
background,GO:0043601,25
background,GO:0043603,796
background,GO:0043604,720
background,GO:0043605,2
background,GO:0043609,1
background,GO:0043610,7
background,GO:0043614,59
background,GO:0043618,307
background,GO:0043619,16
background,GO:0043620,307
background,GO:0043621,365
background,GO:0043622,283
background,GO:0043624,55
background,GO:0043625,111
background,GO:0043626,26
background,GO:0043627,16
background,GO:0043628,345
background,GO:0043629,32
background,GO:0043630,18
background,GO:0043631,361
background,GO:0043632,3095
background,GO:0043633,36
background,GO:0043634,72
background,GO:0043647,38
background,GO:0043648,109
background,GO:0043649,67
background,GO:0043650,89
background,GO:0043651,60
background,GO:0043656,186
background,GO:0043657,192
background,GO:0043666,112
background,GO:0043679,3
background,GO:0043680,5
background,GO:0043682,40
background,GO:0043686,38
background,GO:0043687,299
background,GO:0043692,2
background,GO:0043693,2
background,GO:0043696,2
background,GO:0043697,2
background,GO:0043719,21
background,GO:0043743,20
background,GO:0043765,3
background,GO:0043812,35
background,GO:0043813,92
background,GO:0043855,5
background,GO:0043864,23
background,GO:0043874,15
background,GO:0043879,27
background,GO:0043891,12
background,GO:0043900,585
background,GO:0043901,49
background,GO:0043902,249
background,GO:0043903,144
background,GO:0043916,37
background,GO:0043921,123
background,GO:0043923,123
background,GO:0043928,197
background,GO:0043931,3
background,GO:0043933,2991
background,GO:0043934,509
background,GO:0043935,280
background,GO:0043937,15
background,GO:0043938,15
background,GO:0043949,3
background,GO:0043951,3
background,GO:0043953,54
background,GO:0043954,41
background,GO:0043966,78
background,GO:0043967,34
background,GO:0043968,16
background,GO:0043971,17
background,GO:0043972,17
background,GO:0043981,3
background,GO:0043982,3
background,GO:0043984,3
background,GO:0043987,1
background,GO:0043988,1
background,GO:0043998,44
background,GO:0044000,25
background,GO:0044002,1
background,GO:0044003,523
background,GO:0044010,5
background,GO:0044011,5
background,GO:0044022,1
background,GO:0044027,351
background,GO:0044030,61
background,GO:0044033,2
background,GO:0044035,2
background,GO:0044036,246
background,GO:0044038,138
background,GO:0044040,2
background,GO:0044041,2
background,GO:0044042,978
background,GO:0044070,119
background,GO:0044085,4838
background,GO:0044087,430
background,GO:0044088,13
background,GO:0044089,146
background,GO:0044090,9
background,GO:0044092,335
background,GO:0044093,883
background,GO:0044106,3831
background,GO:0044107,63
background,GO:0044108,63
background,GO:0044110,18
background,GO:0044111,1
background,GO:0044115,1
background,GO:0044116,18
background,GO:0044117,18
background,GO:0044126,20
background,GO:0044130,20
background,GO:0044144,20
background,GO:0044146,20
background,GO:0044154,17
background,GO:0044156,177
background,GO:0044163,177
background,GO:0044182,9
background,GO:0044183,342
background,GO:0044206,1
background,GO:0044208,17
background,GO:0044212,2031
background,GO:0044214,1
background,GO:0044215,192
background,GO:0044216,192
background,GO:0044217,192
background,GO:0044218,177
background,GO:0044219,177
background,GO:0044228,6
background,GO:0044232,23
background,GO:0044233,19
background,GO:0044237,28347
background,GO:0044238,26567
background,GO:0044241,1
background,GO:0044242,216
background,GO:0044245,1
background,GO:0044247,72
background,GO:0044248,4858
background,GO:0044249,12504
background,GO:0044255,2277
background,GO:0044257,3584
background,GO:0044260,15037
background,GO:0044262,574
background,GO:0044264,396
background,GO:0044265,3802
background,GO:0044267,9598
background,GO:0044270,322
background,GO:0044271,8746
background,GO:0044272,350
background,GO:0044273,25
background,GO:0044275,74
background,GO:0044277,30
background,GO:0044278,2
background,GO:0044279,177
background,GO:0044281,8035
background,GO:0044282,357
background,GO:0044283,6458
background,GO:0044297,34
background,GO:0044306,3
background,GO:0044309,40
background,GO:0044313,1
background,GO:0044320,16
background,GO:0044321,16
background,GO:0044322,29
background,GO:0044325,35
background,GO:0044344,10
background,GO:0044347,30
background,GO:0044352,2
background,GO:0044354,2
background,GO:0044364,1
background,GO:0044380,1
background,GO:0044389,542
background,GO:0044390,18
background,GO:0044391,408
background,GO:0044396,1
background,GO:0044403,906
background,GO:0044409,10
background,GO:0044416,1
background,GO:0044417,16
background,GO:0044419,1009
background,GO:0044421,560
background,GO:0044422,17853
background,GO:0044424,43792
background,GO:0044425,5755
background,GO:0044426,68
background,GO:0044427,1727
background,GO:0044428,7013
background,GO:0044429,1468
background,GO:0044430,1372
background,GO:0044431,2505
background,GO:0044432,2278
background,GO:0044433,1878
background,GO:0044434,3441
background,GO:0044435,3505
background,GO:0044436,861
background,GO:0044437,1638
background,GO:0044438,374
background,GO:0044439,374
background,GO:0044440,291
background,GO:0044441,74
background,GO:0044444,26576
background,GO:0044445,474
background,GO:0044446,17806
background,GO:0044447,24
background,GO:0044448,309
background,GO:0044449,40
background,GO:0044450,33
background,GO:0044451,1127
background,GO:0044452,528
background,GO:0044454,813
background,GO:0044455,286
background,GO:0044456,200
background,GO:0044457,30
background,GO:0044458,18
background,GO:0044459,1901
background,GO:0044462,68
background,GO:0044463,288
background,GO:0044464,49638
background,GO:0044528,17
background,GO:0044530,3
background,GO:0044545,79
background,GO:0044548,15
background,GO:0044550,694
background,GO:0044571,38
background,GO:0044594,17
background,GO:0044611,52
background,GO:0044613,55
background,GO:0044614,84
background,GO:0044615,27
background,GO:0044620,5
background,GO:0044665,6
background,GO:0044666,37
background,GO:0044703,2577
background,GO:0044706,711
background,GO:0044715,24
background,GO:0044728,307
background,GO:0044732,52
background,GO:0044743,90
background,GO:0044764,313
background,GO:0044766,54
background,GO:0044769,6
background,GO:0044770,145
background,GO:0044772,429
background,GO:0044773,65
background,GO:0044774,23
background,GO:0044778,23
background,GO:0044780,1
background,GO:0044782,53
background,GO:0044783,21
background,GO:0044786,222
background,GO:0044788,1
background,GO:0044794,1
background,GO:0044798,276
background,GO:0044804,30
background,GO:0044815,9
background,GO:0044818,27
background,GO:0044819,21
background,GO:0044820,1
background,GO:0044821,3
background,GO:0044827,1
background,GO:0044829,1
background,GO:0044837,2
background,GO:0044839,53
background,GO:0044843,88
background,GO:0044853,232
background,GO:0044877,686
background,GO:0045003,94
background,GO:0045004,43
background,GO:0045005,323
background,GO:0045006,4
background,GO:0045008,3
background,GO:0045010,253
background,GO:0045013,2
background,GO:0045014,2
background,GO:0045017,338
background,GO:0045019,10
background,GO:0045022,19
background,GO:0045025,37
background,GO:0045026,28
background,GO:0045033,1
background,GO:0045036,407
background,GO:0045037,503
background,GO:0045038,35
background,GO:0045039,226
background,GO:0045040,176
background,GO:0045041,19
background,GO:0045046,31
background,GO:0045047,178
background,GO:0045048,58
background,GO:0045053,70
background,GO:0045055,308
background,GO:0045056,1
background,GO:0045058,1
background,GO:0045059,1
background,GO:0045060,1
background,GO:0045061,1
background,GO:0045069,1
background,GO:0045070,1
background,GO:0045087,3242
background,GO:0045088,388
background,GO:0045089,258
background,GO:0045103,9
background,GO:0045104,9
background,GO:0045109,1
background,GO:0045111,5
background,GO:0045116,129
background,GO:0045117,33
background,GO:0045124,1
background,GO:0045128,10
background,GO:0045132,257
background,GO:0045137,68
background,GO:0045140,42
background,GO:0045141,3
background,GO:0045143,160
background,GO:0045144,39
background,GO:0045145,37
background,GO:0045156,268
background,GO:0045158,1
background,GO:0045159,149
background,GO:0045165,2140
background,GO:0045168,93
background,GO:0045171,18
background,GO:0045174,40
background,GO:0045176,20
background,GO:0045177,285
background,GO:0045178,4
background,GO:0045179,5
background,GO:0045182,37
background,GO:0045184,2849
background,GO:0045185,44
background,GO:0045190,5
background,GO:0045191,39
background,GO:0045197,6
background,GO:0045199,2
background,GO:0045202,208
background,GO:0045211,40
background,GO:0045216,36
background,GO:0045223,1
background,GO:0045225,1
background,GO:0045229,412
background,GO:0045239,1
background,GO:0045240,1
background,GO:0045252,128
background,GO:0045254,112
background,GO:0045257,4
background,GO:0045259,17
background,GO:0045261,400
background,GO:0045263,141
background,GO:0045265,1
background,GO:0045267,1
background,GO:0045269,2
background,GO:0045271,177
background,GO:0045273,69
background,GO:0045275,71
background,GO:0045277,80
background,GO:0045281,4
background,GO:0045283,4
background,GO:0045292,283
background,GO:0045293,17
background,GO:0045294,1
background,GO:0045296,37
background,GO:0045300,127
background,GO:0045309,2
background,GO:0045314,99
background,GO:0045321,231
background,GO:0045324,95
background,GO:0045332,282
background,GO:0045333,118
background,GO:0045334,21
background,GO:0045335,5
background,GO:0045337,61
background,GO:0045338,47
background,GO:0045346,1
background,GO:0045347,1
background,GO:0045399,1
background,GO:0045401,1
background,GO:0045423,1
background,GO:0045425,1
background,GO:0045428,10
background,GO:0045430,97
background,GO:0045435,16
background,GO:0045436,17
background,GO:0045444,2
background,GO:0045445,7
background,GO:0045446,5
background,GO:0045451,2
background,GO:0045454,867
background,GO:0045455,1
background,GO:0045456,1
background,GO:0045460,15
background,GO:0045461,15
background,GO:0045471,17
background,GO:0045475,1
background,GO:0045486,67
background,GO:0045487,133
background,GO:0045488,114
background,GO:0045489,42
background,GO:0045490,506
background,GO:0045491,116
background,GO:0045492,299
background,GO:0045493,304
background,GO:0045494,1
background,GO:0045495,2
background,GO:0045505,139
background,GO:0045540,16
background,GO:0045543,243
background,GO:0045544,177
background,GO:0045547,108
background,GO:0045549,16
background,GO:0045550,33
background,GO:0045552,32
background,GO:0045577,1
background,GO:0045579,1
background,GO:0045580,1
background,GO:0045582,1
background,GO:0045586,1
background,GO:0045588,1
background,GO:0045595,839
background,GO:0045596,186
background,GO:0045597,275
background,GO:0045604,18
background,GO:0045610,99
background,GO:0045611,99
background,GO:0045613,99
background,GO:0045614,99
background,GO:0045619,7
background,GO:0045621,7
background,GO:0045637,22
background,GO:0045639,11
background,GO:0045646,2
background,GO:0045648,2
background,GO:0045649,3
background,GO:0045651,3
background,GO:0045652,13
background,GO:0045654,2
background,GO:0045655,6
background,GO:0045657,6
background,GO:0045661,3
background,GO:0045663,3
background,GO:0045664,211
background,GO:0045665,16
background,GO:0045666,78
background,GO:0045682,18
background,GO:0045691,5
background,GO:0045694,4
background,GO:0045697,5
background,GO:0045703,69
background,GO:0045717,47
background,GO:0045721,39
background,GO:0045723,4
background,GO:0045727,253
background,GO:0045732,227
background,GO:0045735,191
background,GO:0045736,127
background,GO:0045737,30
background,GO:0045738,7
background,GO:0045739,67
background,GO:0045740,42
background,GO:0045742,8
background,GO:0045744,3
background,GO:0045746,1
background,GO:0045747,218
background,GO:0045763,2
background,GO:0045764,5
background,GO:0045765,13
background,GO:0045766,13
background,GO:0045773,1
background,GO:0045776,2
background,GO:0045777,58
background,GO:0045780,1
background,GO:0045785,35
background,GO:0045786,235
background,GO:0045787,303
background,GO:0045793,19
background,GO:0045798,1
background,GO:0045806,66
background,GO:0045807,19
background,GO:0045814,378
background,GO:0045815,60
background,GO:0045824,79
background,GO:0045827,18
background,GO:0045828,68
background,GO:0045830,39
background,GO:0045833,45
background,GO:0045834,75
background,GO:0045835,10
background,GO:0045836,6
background,GO:0045838,1
background,GO:0045839,58
background,GO:0045840,8
background,GO:0045841,36
background,GO:0045842,119
background,GO:0045844,3
background,GO:0045851,7
background,GO:0045856,1
background,GO:0045859,275
background,GO:0045860,182
background,GO:0045861,124
background,GO:0045862,415
background,GO:0045875,38
background,GO:0045876,4
background,GO:0045879,16
background,GO:0045886,12
background,GO:0045892,2073
background,GO:0045893,3651
background,GO:0045898,4
background,GO:0045899,4
background,GO:0045900,34
background,GO:0045901,83
background,GO:0045903,4
background,GO:0045905,97
background,GO:0045910,316
background,GO:0045911,45
background,GO:0045912,125
background,GO:0045919,20
background,GO:0045921,4
background,GO:0045922,27
background,GO:0045923,5
background,GO:0045926,347
background,GO:0045927,472
background,GO:0045930,120
background,GO:0045931,224
background,GO:0045934,1475
background,GO:0045935,1962
background,GO:0045936,147
background,GO:0045937,199
background,GO:0045943,193
background,GO:0045944,3384
background,GO:0045948,24
background,GO:0045951,29
background,GO:0045962,2
background,GO:0045977,1
background,GO:0045981,1
background,GO:0045990,2
background,GO:0045995,75
background,GO:0046011,1
background,GO:0046015,2
background,GO:0046027,6
background,GO:0046028,17
background,GO:0046030,1
background,GO:0046031,21
background,GO:0046033,83
background,GO:0046034,305
background,GO:0046036,1
background,GO:0046037,1
background,GO:0046039,15
background,GO:0046040,18
background,GO:0046041,7
background,GO:0046049,630
background,GO:0046068,23
background,GO:0046081,26
background,GO:0046084,39
background,GO:0046085,3
background,GO:0046086,3
background,GO:0046087,4
background,GO:0046098,2
background,GO:0046100,18
background,GO:0046103,37
background,GO:0046104,38
background,GO:0046112,9
background,GO:0046113,21
background,GO:0046116,25
background,GO:0046128,22
background,GO:0046129,8
background,GO:0046131,635
background,GO:0046132,631
background,GO:0046134,631
background,GO:0046136,19
background,GO:0046137,107
background,GO:0046146,1
background,GO:0046148,662
background,GO:0046149,19
background,GO:0046152,23
background,GO:0046154,68
background,GO:0046156,4
background,GO:0046158,23
background,GO:0046164,17
background,GO:0046165,204
background,GO:0046166,34
background,GO:0046167,18
background,GO:0046168,88
background,GO:0046173,49
background,GO:0046174,1
background,GO:0046177,31
background,GO:0046184,79
background,GO:0046185,27
background,GO:0046189,52
background,GO:0046209,656
background,GO:0046217,17
background,GO:0046219,3769
background,GO:0046244,34
background,GO:0046246,46
background,GO:0046247,1
background,GO:0046256,3
background,GO:0046260,3
background,GO:0046263,3
background,GO:0046272,299
background,GO:0046283,188
background,GO:0046292,75
background,GO:0046293,75
background,GO:0046294,300
background,GO:0046316,31
background,GO:0046320,11
background,GO:0046321,1
background,GO:0046322,5
background,GO:0046323,11
background,GO:0046324,53
background,GO:0046326,1
background,GO:0046328,82
background,GO:0046329,61
background,GO:0046330,2
background,GO:0046332,121
background,GO:0046337,11
background,GO:0046338,2
background,GO:0046339,11
background,GO:0046340,9
background,GO:0046341,17
background,GO:0046348,34
background,GO:0046351,28
background,GO:0046352,20
background,GO:0046355,1
background,GO:0046364,68
background,GO:0046365,5
background,GO:0046368,1
background,GO:0046373,183
background,GO:0046386,3
background,GO:0046390,747
background,GO:0046394,5524
background,GO:0046395,306
background,GO:0046398,107
background,GO:0046403,21
background,GO:0046404,21
background,GO:0046406,16
background,GO:0046416,2
background,GO:0046417,95
background,GO:0046422,38
background,GO:0046423,102
background,GO:0046429,31
background,GO:0046434,38
background,GO:0046437,2
background,GO:0046439,18
background,GO:0046443,2
background,GO:0046452,15
background,GO:0046456,3
background,GO:0046457,2
background,GO:0046459,50
background,GO:0046460,34
background,GO:0046461,12
background,GO:0046463,34
background,GO:0046464,16
background,GO:0046466,2
background,GO:0046467,122
background,GO:0046470,225
background,GO:0046471,39
background,GO:0046473,1
background,GO:0046474,156
background,GO:0046475,19
background,GO:0046477,2
background,GO:0046479,2
background,GO:0046481,54
background,GO:0046482,4
background,GO:0046483,15021
background,GO:0046484,2
background,GO:0046486,219
background,GO:0046487,33
background,GO:0046488,315
background,GO:0046490,15
background,GO:0046493,5
background,GO:0046496,81
background,GO:0046500,8
background,GO:0046501,2
background,GO:0046503,14
background,GO:0046505,1
background,GO:0046506,36
background,GO:0046509,1
background,GO:0046510,35
background,GO:0046511,12
background,GO:0046512,163
background,GO:0046513,231
background,GO:0046514,68
background,GO:0046519,18
background,GO:0046520,12
background,GO:0046521,74
background,GO:0046522,35
background,GO:0046523,17
background,GO:0046524,2
background,GO:0046527,519
background,GO:0046530,38
background,GO:0046532,99
background,GO:0046537,24
background,GO:0046540,534
background,GO:0046545,61
background,GO:0046546,4
background,GO:0046556,488
background,GO:0046577,105
background,GO:0046578,82
background,GO:0046580,81
background,GO:0046592,99
background,GO:0046593,6
background,GO:0046599,13
background,GO:0046600,13
background,GO:0046605,13
background,GO:0046606,13
background,GO:0046618,7
background,GO:0046620,52
background,GO:0046621,98
background,GO:0046622,19
background,GO:0046624,2
background,GO:0046626,15
background,GO:0046631,1
background,GO:0046632,1
background,GO:0046634,1
background,GO:0046635,1
background,GO:0046637,1
background,GO:0046638,1
background,GO:0046640,1
background,GO:0046641,1
background,GO:0046643,1
background,GO:0046645,1
background,GO:0046649,46
background,GO:0046651,5
background,GO:0046653,187
background,GO:0046654,127
background,GO:0046655,7
background,GO:0046656,12
background,GO:0046658,546
background,GO:0046660,70
background,GO:0046661,96
background,GO:0046662,2
background,GO:0046666,1
background,GO:0046667,1
background,GO:0046676,3
background,GO:0046677,2070
background,GO:0046683,9
background,GO:0046685,22
background,GO:0046686,1168
background,GO:0046687,16
background,GO:0046688,97
background,GO:0046689,34
background,GO:0046695,37
background,GO:0046700,302
background,GO:0046713,2
background,GO:0046715,20
background,GO:0046717,2
background,GO:0046718,7
background,GO:0046739,92
background,GO:0046741,21
background,GO:0046755,5
background,GO:0046777,996
background,GO:0046782,123
background,GO:0046784,16
background,GO:0046785,114
background,GO:0046786,59
background,GO:0046794,38
background,GO:0046820,23
background,GO:0046822,49
background,GO:0046823,5
background,GO:0046824,34
background,GO:0046825,22
background,GO:0046827,13
background,GO:0046831,2
background,GO:0046833,2
background,GO:0046834,59
background,GO:0046835,136
background,GO:0046838,37
background,GO:0046839,440
background,GO:0046843,9
background,GO:0046847,4
background,GO:0046850,1
background,GO:0046852,1
background,GO:0046854,434
background,GO:0046855,33
background,GO:0046856,506
background,GO:0046863,65
background,GO:0046864,16
background,GO:0046865,16
background,GO:0046870,16
background,GO:0046872,10591
background,GO:0046873,1273
background,GO:0046879,1
background,GO:0046883,3
background,GO:0046885,3860
background,GO:0046886,13
background,GO:0046888,3
background,GO:0046889,72
background,GO:0046890,164
background,GO:0046898,52
background,GO:0046900,92
background,GO:0046901,66
background,GO:0046902,56
background,GO:0046903,832
background,GO:0046906,59
background,GO:0046907,3181
background,GO:0046910,290
background,GO:0046912,109
background,GO:0046914,899
background,GO:0046915,78
background,GO:0046916,127
background,GO:0046920,16
background,GO:0046921,46
background,GO:0046922,24
background,GO:0046923,139
background,GO:0046928,68
background,GO:0046931,10
background,GO:0046933,442
background,GO:0046938,45
background,GO:0046939,65
background,GO:0046940,2
background,GO:0046942,966
background,GO:0046943,946
background,GO:0046949,17
background,GO:0046951,54
background,GO:0046961,462
background,GO:0046963,51
background,GO:0046964,51
background,GO:0046966,69
background,GO:0046967,2
background,GO:0046974,1
background,GO:0046975,36
background,GO:0046976,185
background,GO:0046982,2646
background,GO:0046983,9680
background,GO:0046999,4
background,GO:0047012,2
background,GO:0047038,10
background,GO:0047134,187
background,GO:0047172,2
background,GO:0047184,1
background,GO:0047205,2
background,GO:0047209,26
background,GO:0047215,1
background,GO:0047216,1
background,GO:0047230,3
background,GO:0047243,3
background,GO:0047262,392
background,GO:0047268,74
background,GO:0047274,49
background,GO:0047293,39
background,GO:0047325,95
background,GO:0047334,60
background,GO:0047338,104
background,GO:0047341,1
background,GO:0047345,1
background,GO:0047350,104
background,GO:0047364,3
background,GO:0047372,262
background,GO:0047412,19
background,GO:0047429,92
background,GO:0047453,17
background,GO:0047484,456
background,GO:0047485,8
background,GO:0047493,57
background,GO:0047496,24
background,GO:0047497,58
background,GO:0047499,2
background,GO:0047517,3
background,GO:0047545,22
background,GO:0047560,45
background,GO:0047598,23
background,GO:0047617,217
background,GO:0047627,25
background,GO:0047631,140
background,GO:0047632,39
background,GO:0047634,285
background,GO:0047641,18
background,GO:0047661,2
background,GO:0047701,2
background,GO:0047734,32
background,GO:0047746,86
background,GO:0047750,22
background,GO:0047760,50
background,GO:0047769,92
background,GO:0047782,26
background,GO:0047793,17
background,GO:0047874,48
background,GO:0047884,18
background,GO:0047912,18
background,GO:0047918,32
background,GO:0047938,154
background,GO:0047940,1
background,GO:0047952,92
background,GO:0047958,15
background,GO:0047974,114
background,GO:0048002,177
background,GO:0048010,6
background,GO:0048013,29
background,GO:0048015,287
background,GO:0048017,21
background,GO:0048018,13
background,GO:0048024,362
background,GO:0048025,20
background,GO:0048026,165
background,GO:0048027,47
background,GO:0048029,46
background,GO:0048032,3
background,GO:0048037,947
background,GO:0048038,328
background,GO:0048039,125
background,GO:0048040,126
background,GO:0048042,1
background,GO:0048046,1480
background,GO:0048066,102
background,GO:0048069,99
background,GO:0048072,1
background,GO:0048102,3
background,GO:0048103,1
background,GO:0048132,1
background,GO:0048134,1
background,GO:0048138,33
background,GO:0048140,33
background,GO:0048167,230
background,GO:0048168,68
background,GO:0048169,2
background,GO:0048188,159
background,GO:0048190,3
background,GO:0048193,2000
background,GO:0048194,287
background,GO:0048199,240
background,GO:0048200,1
background,GO:0048205,39
background,GO:0048207,169
background,GO:0048208,169
background,GO:0048209,3
background,GO:0048211,22
background,GO:0048213,19
background,GO:0048219,53
background,GO:0048226,63
background,GO:0048229,1450
background,GO:0048232,589
background,GO:0048235,387
background,GO:0048236,178
background,GO:0048244,123
background,GO:0048250,16
background,GO:0048254,33
background,GO:0048255,27
background,GO:0048256,5
background,GO:0048257,18
background,GO:0048259,7
background,GO:0048260,7
background,GO:0048268,279
background,GO:0048269,20
background,GO:0048270,20
background,GO:0048278,398
background,GO:0048280,40
background,GO:0048281,24
background,GO:0048283,21
background,GO:0048284,408
background,GO:0048285,786
background,GO:0048302,5
background,GO:0048304,5
background,GO:0048306,1
background,GO:0048308,7
background,GO:0048309,3
background,GO:0048311,1
background,GO:0048313,1
background,GO:0048314,1
background,GO:0048315,16
background,GO:0048316,2933
background,GO:0048317,2
background,GO:0048353,1
background,GO:0048354,102
background,GO:0048359,105
background,GO:0048363,4
background,GO:0048364,2483
background,GO:0048365,2
background,GO:0048366,1809
background,GO:0048367,3726
background,GO:0048384,121
background,GO:0048385,121
background,GO:0048437,1118
background,GO:0048438,903
background,GO:0048439,45
background,GO:0048440,168
background,GO:0048441,126
background,GO:0048442,33
background,GO:0048443,628
background,GO:0048444,325
background,GO:0048445,62
background,GO:0048446,50
background,GO:0048447,1
background,GO:0048448,105
background,GO:0048449,127
background,GO:0048451,17
background,GO:0048453,1
background,GO:0048455,37
background,GO:0048457,1
background,GO:0048462,40
background,GO:0048464,33
background,GO:0048465,126
background,GO:0048466,628
background,GO:0048467,186
background,GO:0048468,3353
background,GO:0048469,386
background,GO:0048471,438
background,GO:0048475,1172
background,GO:0048476,35
background,GO:0048477,1259
background,GO:0048478,114
background,GO:0048479,50
background,GO:0048480,21
background,GO:0048481,117
background,GO:0048482,22
background,GO:0048483,2
background,GO:0048484,2
background,GO:0048487,51
background,GO:0048489,39
background,GO:0048490,22
background,GO:0048496,1
background,GO:0048497,49
background,GO:0048498,32
background,GO:0048500,186
background,GO:0048506,143
background,GO:0048507,6397
background,GO:0048508,55
background,GO:0048509,343
background,GO:0048510,143
background,GO:0048511,435
background,GO:0048512,1
background,GO:0048513,758
background,GO:0048514,6
background,GO:0048515,41
background,GO:0048518,6403
background,GO:0048519,5192
background,GO:0048522,5109
background,GO:0048523,3520
background,GO:0048524,124
background,GO:0048527,913
background,GO:0048528,947
background,GO:0048529,17
background,GO:0048530,16
background,GO:0048531,18
background,GO:0048532,1789
background,GO:0048534,84
background,GO:0048536,2
background,GO:0048538,2
background,GO:0048539,1
background,GO:0048542,4
background,GO:0048544,1677
background,GO:0048545,205
background,GO:0048546,1
background,GO:0048548,6
background,GO:0048549,6
background,GO:0048555,21
background,GO:0048556,5
background,GO:0048557,1
background,GO:0048559,32
background,GO:0048560,32
background,GO:0048562,27
background,GO:0048563,114
background,GO:0048564,96
background,GO:0048565,23
background,GO:0048566,1
background,GO:0048568,37
background,GO:0048569,333
background,GO:0048571,74
background,GO:0048572,72
background,GO:0048573,890
background,GO:0048574,62
background,GO:0048575,72
background,GO:0048577,13
background,GO:0048578,63
background,GO:0048579,23
background,GO:0048580,1883
background,GO:0048581,406
background,GO:0048582,337
background,GO:0048583,4887
background,GO:0048584,1605
background,GO:0048585,1697
background,GO:0048586,59
background,GO:0048587,15
background,GO:0048588,608
background,GO:0048589,1206
background,GO:0048592,37
background,GO:0048598,130
background,GO:0048599,1146
background,GO:0048608,4989
background,GO:0048609,2553
background,GO:0048634,3
background,GO:0048636,3
background,GO:0048638,886
background,GO:0048639,68
background,GO:0048640,262
background,GO:0048641,3
background,GO:0048643,3
background,GO:0048645,99
background,GO:0048646,956
background,GO:0048653,572
background,GO:0048654,54
background,GO:0048655,54
background,GO:0048656,4
background,GO:0048657,4
background,GO:0048658,152
background,GO:0048660,11
background,GO:0048661,6
background,GO:0048662,5
background,GO:0048666,83
background,GO:0048667,41
background,GO:0048678,5
background,GO:0048699,422
background,GO:0048701,4
background,GO:0048702,4
background,GO:0048704,4
background,GO:0048705,7
background,GO:0048706,4
background,GO:0048707,114
background,GO:0048708,16
background,GO:0048709,55
background,GO:0048729,272
background,GO:0048731,7994
background,GO:0048732,37
background,GO:0048736,122
background,GO:0048737,113
background,GO:0048749,135
background,GO:0048753,1
background,GO:0048757,9
background,GO:0048759,4
background,GO:0048764,342
background,GO:0048765,342
background,GO:0048766,14
background,GO:0048767,208
background,GO:0048768,120
background,GO:0048770,2
background,GO:0048771,6
background,GO:0048786,2
background,GO:0048789,1
background,GO:0048793,1
background,GO:0048799,3
background,GO:0048800,10
background,GO:0048806,102
background,GO:0048808,92
background,GO:0048812,40
background,GO:0048813,12
background,GO:0048814,56
background,GO:0048820,1
background,GO:0048825,64
background,GO:0048826,33
background,GO:0048827,2454
background,GO:0048829,58
background,GO:0048830,62
background,GO:0048831,1407
background,GO:0048832,1
background,GO:0048833,1
background,GO:0048838,1
background,GO:0048839,3
background,GO:0048856,14850
background,GO:0048858,40
background,GO:0048859,146
background,GO:0048863,12
background,GO:0048864,2
background,GO:0048868,554
background,GO:0048869,7978
background,GO:0048870,133
background,GO:0048871,35
background,GO:0048872,58
background,GO:0048873,8
background,GO:0048878,1371
background,GO:0050000,67
background,GO:0050004,1
background,GO:0050017,21
background,GO:0050062,4
background,GO:0050072,17
background,GO:0050080,20
background,GO:0050105,19
background,GO:0050113,57
background,GO:0050126,18
background,GO:0050136,7
background,GO:0050145,2
background,GO:0050152,17
background,GO:0050178,104
background,GO:0050200,1
background,GO:0050201,20
background,GO:0050203,1
background,GO:0050220,38
background,GO:0050236,1
background,GO:0050242,34
background,GO:0050265,54
background,GO:0050269,1
background,GO:0050281,1
background,GO:0050291,77
background,GO:0050302,3
background,GO:0050307,33
background,GO:0050308,17
background,GO:0050309,17
background,GO:0050311,16
background,GO:0050313,20
background,GO:0050342,1
background,GO:0050347,5
background,GO:0050373,1
background,GO:0050377,9
background,GO:0050378,19
background,GO:0050385,2
background,GO:0050403,16
background,GO:0050404,11
background,GO:0050434,123
background,GO:0050464,48
background,GO:0050482,91
background,GO:0050486,44
background,GO:0050502,5
background,GO:0050515,18
background,GO:0050518,20
background,GO:0050521,1
background,GO:0050550,1
background,GO:0050551,1
background,GO:0050552,1
background,GO:0050567,104
background,GO:0050577,16
background,GO:0050589,17
background,GO:0050613,14
background,GO:0050619,19
background,GO:0050636,17
background,GO:0050650,5
background,GO:0050654,5
background,GO:0050657,279
background,GO:0050658,279
background,GO:0050660,2495
background,GO:0050661,1110
background,GO:0050662,309
background,GO:0050664,179
background,GO:0050667,2
background,GO:0050670,40
background,GO:0050671,40
background,GO:0050673,5
background,GO:0050678,16
background,GO:0050680,16
background,GO:0050681,242
background,GO:0050684,315
background,GO:0050685,134
background,GO:0050686,20
background,GO:0050687,8
background,GO:0050688,12
background,GO:0050691,4
background,GO:0050692,3
background,GO:0050707,14
background,GO:0050708,29
background,GO:0050709,9
background,GO:0050710,3
background,GO:0050714,13
background,GO:0050715,11
background,GO:0050727,8
background,GO:0050728,8
background,GO:0050730,6
background,GO:0050731,1
background,GO:0050732,5
background,GO:0050733,12
background,GO:0050734,18
background,GO:0050736,123
background,GO:0050737,2
background,GO:0050746,5
background,GO:0050748,5
background,GO:0050750,1
background,GO:0050764,83
background,GO:0050766,11
background,GO:0050767,334
background,GO:0050768,19
background,GO:0050769,200
background,GO:0050770,18
background,GO:0050771,16
background,GO:0050772,1
background,GO:0050773,62
background,GO:0050774,16
background,GO:0050775,30
background,GO:0050776,572
background,GO:0050777,157
background,GO:0050778,356
background,GO:0050779,63
background,GO:0050780,24
background,GO:0050789,24239
background,GO:0050790,1185
background,GO:0050792,124
background,GO:0050793,3938
background,GO:0050794,20842
background,GO:0050795,2
background,GO:0050796,3
background,GO:0050801,966
background,GO:0050803,12
background,GO:0050804,237
background,GO:0050805,5
background,GO:0050806,162
background,GO:0050807,12
background,GO:0050808,233
background,GO:0050810,16
background,GO:0050811,23
background,GO:0050815,1
background,GO:0050817,9
background,GO:0050818,1
background,GO:0050821,444
background,GO:0050826,99
background,GO:0050829,43
background,GO:0050830,4
background,GO:0050832,1871
background,GO:0050839,2
background,GO:0050840,1
background,GO:0050848,19
background,GO:0050850,18
background,GO:0050851,56
background,GO:0050852,56
background,GO:0050853,1
background,GO:0050863,35
background,GO:0050864,40
background,GO:0050865,80
background,GO:0050866,6
background,GO:0050867,80
background,GO:0050870,35
background,GO:0050871,40
background,GO:0050872,1
background,GO:0050873,1
background,GO:0050877,338
background,GO:0050878,31
background,GO:0050879,11
background,GO:0050880,299
background,GO:0050881,8
background,GO:0050890,275
background,GO:0050891,21
background,GO:0050892,1
background,GO:0050896,19690
background,GO:0050897,78
background,GO:0050900,9
background,GO:0050918,87
background,GO:0050920,166
background,GO:0050921,165
background,GO:0050923,3
background,GO:0050924,3
background,GO:0050931,12
background,GO:0050935,1
background,GO:0050953,3
background,GO:0050954,1
background,GO:0050982,159
background,GO:0050992,36
background,GO:0050994,14
background,GO:0050996,3
background,GO:0050997,1
background,GO:0051010,96
background,GO:0051011,184
background,GO:0051012,6
background,GO:0051013,64
background,GO:0051014,82
background,GO:0051015,1367
background,GO:0051016,37
background,GO:0051017,339
background,GO:0051018,24
background,GO:0051020,194
background,GO:0051026,128
background,GO:0051028,139
background,GO:0051030,13
background,GO:0051031,15
background,GO:0051046,132
background,GO:0051047,16
background,GO:0051048,9
background,GO:0051049,819
background,GO:0051050,105
background,GO:0051051,87
background,GO:0051052,590
background,GO:0051053,54
background,GO:0051054,142
background,GO:0051055,40
background,GO:0051056,82
background,GO:0051058,81
background,GO:0051059,76
background,GO:0051060,5
background,GO:0051066,1
background,GO:0051082,1660
background,GO:0051083,145
background,GO:0051084,71
background,GO:0051085,663
background,GO:0051087,1197
background,GO:0051090,128
background,GO:0051091,66
background,GO:0051092,6
background,GO:0051093,724
background,GO:0051094,800
background,GO:0051095,16
background,GO:0051096,89
background,GO:0051097,16
background,GO:0051098,155
background,GO:0051099,81
background,GO:0051100,19
background,GO:0051101,55
background,GO:0051103,55
background,GO:0051117,443
background,GO:0051119,630
background,GO:0051123,250
background,GO:0051124,2
background,GO:0051125,1
background,GO:0051127,1
background,GO:0051128,1514
background,GO:0051129,332
background,GO:0051130,456
background,GO:0051131,239
background,GO:0051139,68
background,GO:0051146,4
background,GO:0051147,5
background,GO:0051149,5
background,GO:0051153,5
background,GO:0051155,5
background,GO:0051156,119
background,GO:0051168,279
background,GO:0051169,412
background,GO:0051170,94
background,GO:0051171,8784
background,GO:0051172,1743
background,GO:0051173,2703
background,GO:0051174,421
background,GO:0051175,2
background,GO:0051176,51
background,GO:0051177,49
background,GO:0051179,9079
background,GO:0051180,50
background,GO:0051181,241
background,GO:0051182,93
background,GO:0051184,96
background,GO:0051185,93
background,GO:0051186,760
background,GO:0051187,31
background,GO:0051188,534
background,GO:0051189,1
background,GO:0051192,5
background,GO:0051193,421
background,GO:0051194,53
background,GO:0051195,132
background,GO:0051196,176
background,GO:0051198,107
background,GO:0051205,89
background,GO:0051209,186
background,GO:0051211,102
background,GO:0051213,975
background,GO:0051214,68
background,GO:0051216,1
background,GO:0051219,5
background,GO:0051222,70
background,GO:0051223,103
background,GO:0051224,14
background,GO:0051225,497
background,GO:0051228,76
background,GO:0051230,3
background,GO:0051231,278
background,GO:0051233,2
background,GO:0051234,8085
background,GO:0051235,169
background,GO:0051236,279
background,GO:0051238,41
background,GO:0051239,3254
background,GO:0051240,949
background,GO:0051241,719
background,GO:0051245,34
background,GO:0051246,1566
background,GO:0051247,957
background,GO:0051248,434
background,GO:0051249,80
background,GO:0051250,6
background,GO:0051251,80
background,GO:0051252,7343
background,GO:0051253,1421
background,GO:0051254,1874
background,GO:0051258,54
background,GO:0051259,275
background,GO:0051260,207
background,GO:0051261,13
background,GO:0051262,34
background,GO:0051266,4
background,GO:0051267,22
background,GO:0051270,299
background,GO:0051271,105
background,GO:0051272,170
background,GO:0051273,56
background,GO:0051274,25
background,GO:0051275,30
background,GO:0051276,3143
background,GO:0051279,1
background,GO:0051282,1
background,GO:0051285,7
background,GO:0051286,359
background,GO:0051287,1203
background,GO:0051289,10
background,GO:0051291,4
background,GO:0051292,10
background,GO:0051293,2
background,GO:0051294,1
background,GO:0051295,21
background,GO:0051298,9
background,GO:0051299,3
background,GO:0051301,832
background,GO:0051302,319
background,GO:0051303,57
background,GO:0051304,34
background,GO:0051305,2
background,GO:0051306,19
background,GO:0051307,135
background,GO:0051310,54
background,GO:0051311,6
background,GO:0051312,16
background,GO:0051315,92
background,GO:0051316,20
background,GO:0051321,1044
background,GO:0051336,658
background,GO:0051338,393
background,GO:0051341,18
background,GO:0051345,520
background,GO:0051346,166
background,GO:0051347,222
background,GO:0051348,58
background,GO:0051351,17
background,GO:0051353,2
background,GO:0051354,16
background,GO:0051365,34
background,GO:0051377,62
background,GO:0051382,95
background,GO:0051383,12
background,GO:0051384,3
background,GO:0051385,14
background,GO:0051391,1
background,GO:0051392,1
background,GO:0051402,3
background,GO:0051403,14
background,GO:0051410,56
background,GO:0051415,34
background,GO:0051418,4
background,GO:0051427,314
background,GO:0051438,9
background,GO:0051443,7
background,GO:0051444,2
background,GO:0051445,115
background,GO:0051446,9
background,GO:0051447,10
background,GO:0051452,6
background,GO:0051453,217
background,GO:0051455,53
background,GO:0051457,34
background,GO:0051480,18
background,GO:0051483,1
background,GO:0051484,42
background,GO:0051489,2
background,GO:0051491,1
background,GO:0051493,173
background,GO:0051494,102
background,GO:0051495,24
background,GO:0051499,52
background,GO:0051500,17
background,GO:0051501,1
background,GO:0051502,1
background,GO:0051503,183
background,GO:0051505,2
background,GO:0051506,2
background,GO:0051507,2
background,GO:0051508,2
background,GO:0051509,2
background,GO:0051510,248
background,GO:0051511,2
background,GO:0051512,2
background,GO:0051513,87
background,GO:0051516,1
background,GO:0051518,1
background,GO:0051519,1
background,GO:0051536,1551
background,GO:0051537,366
background,GO:0051539,437
background,GO:0051540,573
background,GO:0051552,104
background,GO:0051553,104
background,GO:0051554,86
background,GO:0051555,86
background,GO:0051560,157
background,GO:0051561,2
background,GO:0051562,1
background,GO:0051567,35
background,GO:0051568,116
background,GO:0051569,183
background,GO:0051570,70
background,GO:0051571,181
background,GO:0051572,2
background,GO:0051573,15
background,GO:0051574,40
background,GO:0051575,12
background,GO:0051588,68
background,GO:0051591,7
background,GO:0051592,234
background,GO:0051596,27
background,GO:0051598,22
background,GO:0051601,28
background,GO:0051602,2
background,GO:0051603,4569
background,GO:0051604,318
background,GO:0051606,137
background,GO:0051607,550
background,GO:0051639,102
background,GO:0051640,756
background,GO:0051641,3767
background,GO:0051642,2
background,GO:0051643,1
background,GO:0051644,85
background,GO:0051645,75
background,GO:0051646,72
background,GO:0051647,82
background,GO:0051648,318
background,GO:0051649,3185
background,GO:0051650,318
background,GO:0051651,119
background,GO:0051653,2
background,GO:0051654,58
background,GO:0051656,690
background,GO:0051657,2
background,GO:0051661,2
background,GO:0051666,20
background,GO:0051667,84
background,GO:0051668,35
background,GO:0051672,2
background,GO:0051674,114
background,GO:0051684,2
background,GO:0051686,1
background,GO:0051693,6
background,GO:0051697,19
background,GO:0051701,577
background,GO:0051702,124
background,GO:0051703,134
background,GO:0051704,8539
background,GO:0051707,4932
background,GO:0051709,20
background,GO:0051710,20
background,GO:0051712,20
background,GO:0051714,20
background,GO:0051715,1
background,GO:0051716,9892
background,GO:0051717,1
background,GO:0051721,40
background,GO:0051723,49
background,GO:0051726,1203
background,GO:0051728,1
background,GO:0051729,1
background,GO:0051731,62
background,GO:0051740,115
background,GO:0051741,36
background,GO:0051743,16
background,GO:0051745,36
background,GO:0051747,17
background,GO:0051748,105
background,GO:0051750,18
background,GO:0051751,45
background,GO:0051752,8
background,GO:0051753,182
background,GO:0051754,94
background,GO:0051761,28
background,GO:0051762,62
background,GO:0051764,17
background,GO:0051765,36
background,GO:0051766,1
background,GO:0051775,20
background,GO:0051776,17
background,GO:0051777,181
background,GO:0051781,64
background,GO:0051782,34
background,GO:0051783,181
background,GO:0051784,68
background,GO:0051785,14
background,GO:0051787,66
background,GO:0051788,52
background,GO:0051791,8
background,GO:0051802,20
background,GO:0051804,20
background,GO:0051806,7
background,GO:0051814,25
background,GO:0051816,1
background,GO:0051817,647
background,GO:0051828,10
background,GO:0051836,16
background,GO:0051839,20
background,GO:0051841,20
background,GO:0051851,124
background,GO:0051861,114
background,GO:0051864,53
background,GO:0051865,84
background,GO:0051875,1
background,GO:0051879,158
background,GO:0051880,31
background,GO:0051881,33
background,GO:0051893,5
background,GO:0051895,5
background,GO:0051896,6
background,GO:0051897,6
background,GO:0051899,1
background,GO:0051903,242
background,GO:0051904,1
background,GO:0051905,1
background,GO:0051920,45
background,GO:0051924,1
background,GO:0051938,43
background,GO:0051958,16
background,GO:0051959,5
background,GO:0051960,347
background,GO:0051961,31
background,GO:0051962,200
background,GO:0051963,12
background,GO:0051964,12
background,GO:0051966,5
background,GO:0051967,5
background,GO:0051972,102
background,GO:0051973,34
background,GO:0051974,17
background,GO:0051980,72
background,GO:0051983,163
background,GO:0051984,12
background,GO:0051985,74
background,GO:0051996,88
background,GO:0051997,23
background,GO:0052008,2
background,GO:0052018,460
background,GO:0052031,46
background,GO:0052033,42
background,GO:0052043,2
background,GO:0052093,1
background,GO:0052095,1
background,GO:0052096,1
background,GO:0052111,2
background,GO:0052126,25
background,GO:0052166,42
background,GO:0052167,44
background,GO:0052169,44
background,GO:0052173,46
background,GO:0052185,2
background,GO:0052188,2
background,GO:0052192,25
background,GO:0052200,46
background,GO:0052249,460
background,GO:0052251,1
background,GO:0052255,46
background,GO:0052257,42
background,GO:0052305,42
background,GO:0052306,44
background,GO:0052308,44
background,GO:0052312,123
background,GO:0052314,18
background,GO:0052315,18
background,GO:0052317,17
background,GO:0052324,168
background,GO:0052325,93
background,GO:0052368,2
background,GO:0052381,400
background,GO:0052386,79
background,GO:0052472,123
background,GO:0052482,36
background,GO:0052509,43
background,GO:0052510,43
background,GO:0052541,12
background,GO:0052542,36
background,GO:0052543,79
background,GO:0052544,36
background,GO:0052545,98
background,GO:0052546,44
background,GO:0052547,258
background,GO:0052548,258
background,GO:0052552,45
background,GO:0052553,45
background,GO:0052555,43
background,GO:0052556,43
background,GO:0052558,1
background,GO:0052559,1
background,GO:0052564,45
background,GO:0052572,45
background,GO:0052573,104
background,GO:0052575,6
background,GO:0052576,6
background,GO:0052578,1
background,GO:0052592,30
background,GO:0052597,20
background,GO:0052615,22
background,GO:0052622,10
background,GO:0052623,10
background,GO:0052624,16
background,GO:0052634,130
background,GO:0052635,113
background,GO:0052636,55
background,GO:0052637,19
background,GO:0052638,3
background,GO:0052639,3
background,GO:0052640,3
background,GO:0052641,3
background,GO:0052642,2
background,GO:0052650,49
background,GO:0052652,23
background,GO:0052662,51
background,GO:0052684,17
background,GO:0052689,896
background,GO:0052691,94
background,GO:0052692,34
background,GO:0052694,6
background,GO:0052717,47
background,GO:0052720,1
background,GO:0052725,95
background,GO:0052726,95
background,GO:0052731,3
background,GO:0052732,3
background,GO:0052742,378
background,GO:0052743,1
background,GO:0052745,36
background,GO:0052746,127
background,GO:0052751,17
background,GO:0052767,68
background,GO:0052793,154
background,GO:0052803,1
background,GO:0052815,1
background,GO:0052826,1
background,GO:0052827,1
background,GO:0052837,2
background,GO:0052838,2
background,GO:0052856,2
background,GO:0052857,1
background,GO:0052861,186
background,GO:0052866,9
background,GO:0052906,33
background,GO:0052907,17
background,GO:0052925,15
background,GO:0052927,55
background,GO:0052929,55
background,GO:0055001,3
background,GO:0055002,1
background,GO:0055028,377
background,GO:0055029,234
background,GO:0055035,735
background,GO:0055037,201
background,GO:0055038,95
background,GO:0055044,2288
background,GO:0055046,434
background,GO:0055047,24
background,GO:0055048,1
background,GO:0055057,1
background,GO:0055059,1
background,GO:0055062,51
background,GO:0055063,4
background,GO:0055065,615
background,GO:0055067,157
background,GO:0055069,38
background,GO:0055070,60
background,GO:0055071,56
background,GO:0055072,181
background,GO:0055073,16
background,GO:0055074,336
background,GO:0055075,97
background,GO:0055076,165
background,GO:0055078,57
background,GO:0055080,751
background,GO:0055081,136
background,GO:0055082,642
background,GO:0055083,19
background,GO:0055085,18268
background,GO:0055086,1134
background,GO:0055087,63
background,GO:0055088,602
background,GO:0055089,4
background,GO:0055091,16
background,GO:0055092,301
background,GO:0055093,17
background,GO:0055094,1
background,GO:0055105,42
background,GO:0055106,7
background,GO:0055114,3753
background,GO:0055120,20
background,GO:0055122,23
background,GO:0055123,23
background,GO:0055129,18
background,GO:0060001,1
background,GO:0060002,1
background,GO:0060026,2
background,GO:0060027,2
background,GO:0060034,9
background,GO:0060035,9
background,GO:0060036,9
background,GO:0060041,21
background,GO:0060049,17
background,GO:0060050,1
background,GO:0060052,8
background,GO:0060055,2
background,GO:0060065,119
background,GO:0060068,6
background,GO:0060070,6
background,GO:0060071,7
background,GO:0060074,1
background,GO:0060089,472
background,GO:0060090,226
background,GO:0060099,5
background,GO:0060100,5
background,GO:0060142,2
background,GO:0060143,2
background,GO:0060145,38
background,GO:0060147,163
background,GO:0060148,23
background,GO:0060149,71
background,GO:0060151,14
background,GO:0060154,1
background,GO:0060170,2
background,GO:0060173,8
background,GO:0060178,37
background,GO:0060179,2
background,GO:0060184,3
background,GO:0060187,223
background,GO:0060191,4
background,GO:0060193,4
background,GO:0060205,216
background,GO:0060211,3
background,GO:0060212,1
background,GO:0060213,20
background,GO:0060216,1
background,GO:0060229,17
background,GO:0060236,193
background,GO:0060237,25
background,GO:0060249,231
background,GO:0060255,9894
background,GO:0060260,49
background,GO:0060261,137
background,GO:0060263,2
background,GO:0060267,2
background,GO:0060271,53
background,GO:0060281,27
background,GO:0060282,1
background,GO:0060284,644
background,GO:0060285,1
background,GO:0060287,1
background,GO:0060293,2
background,GO:0060294,1
background,GO:0060297,3
background,GO:0060298,3
background,GO:0060305,5
background,GO:0060322,154
background,GO:0060323,1
background,GO:0060324,1
background,GO:0060325,1
background,GO:0060326,2
background,GO:0060327,4
background,GO:0060328,4
background,GO:0060330,34
background,GO:0060331,34
background,GO:0060333,22
background,GO:0060334,34
background,GO:0060336,34
background,GO:0060337,6
background,GO:0060341,301
background,GO:0060348,4
background,GO:0060349,3
background,GO:0060350,3
background,GO:0060359,7
background,GO:0060384,4
background,GO:0060401,17
background,GO:0060416,2
background,GO:0060429,469
background,GO:0060491,2
background,GO:0060537,124
background,GO:0060538,124
background,GO:0060541,21
background,GO:0060547,16
background,GO:0060548,472
background,GO:0060560,1035
background,GO:0060562,141
background,GO:0060581,99
background,GO:0060582,99
background,GO:0060583,1
background,GO:0060587,5
background,GO:0060588,5
background,GO:0060589,353
background,GO:0060590,67
background,GO:0060612,1
background,GO:0060613,1
background,GO:0060627,238
background,GO:0060628,36
background,GO:0060629,3
background,GO:0060631,32
background,GO:0060632,19
background,GO:0060669,1
background,GO:0060688,170
background,GO:0060700,45
background,GO:0060701,44
background,GO:0060706,1
background,GO:0060710,1
background,GO:0060711,1
background,GO:0060713,1
background,GO:0060715,1
background,GO:0060717,1
background,GO:0060759,41
background,GO:0060760,6
background,GO:0060761,34
background,GO:0060765,1
background,GO:0060771,3
background,GO:0060772,3
background,GO:0060774,3
background,GO:0060776,8
background,GO:0060810,27
background,GO:0060811,27
background,GO:0060828,25
background,GO:0060850,4
background,GO:0060860,9
background,GO:0060862,9
background,GO:0060867,1
background,GO:0060903,2
background,GO:0060918,221
background,GO:0060919,52
background,GO:0060962,25
background,GO:0060964,93
background,GO:0060965,60
background,GO:0060966,188
background,GO:0060967,60
background,GO:0060968,348
background,GO:0060969,161
background,GO:0060972,18
background,GO:0060992,52
background,GO:0060993,1
background,GO:0060996,1
background,GO:0060997,1
background,GO:0061008,25
background,GO:0061010,1
background,GO:0061013,78
background,GO:0061014,63
background,GO:0061015,30
background,GO:0061024,1062
background,GO:0061025,373
background,GO:0061038,1
background,GO:0061041,2
background,GO:0061053,3
background,GO:0061057,1
background,GO:0061061,135
background,GO:0061077,425
background,GO:0061085,44
background,GO:0061087,44
background,GO:0061088,2
background,GO:0061097,5
background,GO:0061099,5
background,GO:0061133,22
background,GO:0061134,57
background,GO:0061135,56
background,GO:0061136,80
background,GO:0061157,243
background,GO:0061158,62
background,GO:0061178,2
background,GO:0061179,2
background,GO:0061213,7
background,GO:0061217,7
background,GO:0061245,2
background,GO:0061351,4
background,GO:0061355,1
background,GO:0061356,1
background,GO:0061357,1
background,GO:0061370,3
background,GO:0061371,22
background,GO:0061387,21
background,GO:0061448,2
background,GO:0061458,5017
background,GO:0061462,41
background,GO:0061503,17
background,GO:0061504,17
background,GO:0061505,6
background,GO:0061512,5
background,GO:0061513,11
background,GO:0061522,33
background,GO:0061542,18
background,GO:0061564,31
background,GO:0061572,89
background,GO:0061573,1
background,GO:0061574,24
background,GO:0061578,84
background,GO:0061599,34
background,GO:0061608,295
background,GO:0061615,3
background,GO:0061617,30
background,GO:0061628,4
background,GO:0061630,5757
background,GO:0061631,358
background,GO:0061632,17
background,GO:0061635,17
background,GO:0061640,221
background,GO:0061645,3
background,GO:0061647,35
background,GO:0061650,17
background,GO:0061651,16
background,GO:0061657,17
background,GO:0061659,1767
background,GO:0061665,124
background,GO:0061666,16
background,GO:0061668,3
background,GO:0061676,16
background,GO:0061685,18
background,GO:0061687,22
background,GO:0061695,452
background,GO:0061709,82
background,GO:0061716,5
background,GO:0061723,69
background,GO:0061726,3
background,GO:0061727,27
background,GO:0061731,1
background,GO:0061733,145
background,GO:0061739,44
background,GO:0061745,11
background,GO:0061752,2
background,GO:0061770,1
background,GO:0061775,17
background,GO:0061778,1
background,GO:0061780,1
background,GO:0061794,16
background,GO:0061798,16
background,GO:0061799,16
background,GO:0061806,43
background,GO:0061817,316
background,GO:0061842,3
background,GO:0061844,1
background,GO:0061857,1
background,GO:0061863,64
background,GO:0061908,85
background,GO:0061912,22
background,GO:0061919,159
background,GO:0061927,42
background,GO:0061928,58
background,GO:0061929,37
background,GO:0061936,28
background,GO:0061951,23
background,GO:0061980,23
background,GO:0061982,260
background,GO:0061983,13
background,GO:0061984,2
background,GO:0061985,2
background,GO:0061986,2
background,GO:0061988,1
background,GO:0062012,676
background,GO:0062013,39
background,GO:0062014,171
background,GO:0062022,1
background,GO:0062023,1
background,GO:0062033,8
background,GO:0062064,34
background,GO:0065001,65
background,GO:0065002,235
background,GO:0065003,2857
background,GO:0065004,174
background,GO:0065007,25991
background,GO:0065008,10420
background,GO:0065009,1604
background,GO:0065010,3
background,GO:0070001,71
background,GO:0070006,248
background,GO:0070008,185
background,GO:0070009,8
background,GO:0070011,1097
background,GO:0070012,42
background,GO:0070013,6409
background,GO:0070034,171
background,GO:0070035,1067
background,GO:0070037,82
background,GO:0070042,123
background,GO:0070043,21
background,GO:0070059,69
background,GO:0070062,189
background,GO:0070063,102
background,GO:0070069,25
background,GO:0070070,23
background,GO:0070071,27
background,GO:0070072,77
background,GO:0070076,132
background,GO:0070085,245
background,GO:0070087,1
background,GO:0070121,1
background,GO:0070122,24
background,GO:0070125,881
background,GO:0070126,7
background,GO:0070127,3
background,GO:0070129,7
background,GO:0070131,7
background,GO:0070132,4
background,GO:0070134,4
background,GO:0070137,49
background,GO:0070138,24
background,GO:0070139,49
background,GO:0070140,24
background,GO:0070141,102
background,GO:0070150,61
background,GO:0070160,2
background,GO:0070176,16
background,GO:0070178,2
background,GO:0070179,88
background,GO:0070180,343
background,GO:0070181,218
background,GO:0070182,147
background,GO:0070192,289
background,GO:0070193,8
background,GO:0070197,3
background,GO:0070198,7
background,GO:0070199,6
background,GO:0070200,6
background,GO:0070201,131
background,GO:0070202,3
background,GO:0070203,3
background,GO:0070204,15
background,GO:0070205,13
background,GO:0070206,2
background,GO:0070208,2
background,GO:0070212,102
background,GO:0070227,34
background,GO:0070231,34
background,GO:0070252,51
background,GO:0070260,16
background,GO:0070262,3
background,GO:0070273,6
background,GO:0070274,45
background,GO:0070279,179
background,GO:0070283,1
background,GO:0070286,29
background,GO:0070291,19
background,GO:0070293,7
background,GO:0070294,7
background,GO:0070297,139
background,GO:0070298,91
background,GO:0070300,82
background,GO:0070301,25
background,GO:0070302,83
background,GO:0070303,62
background,GO:0070304,2
background,GO:0070316,13
background,GO:0070317,13
background,GO:0070325,1
background,GO:0070336,16
background,GO:0070370,99
background,GO:0070371,16
background,GO:0070372,19
background,GO:0070373,2
background,GO:0070374,16
background,GO:0070382,148
background,GO:0070390,53
background,GO:0070401,17
background,GO:0070402,129
background,GO:0070403,262
background,GO:0070405,1
background,GO:0070413,67
background,GO:0070417,103
background,GO:0070449,79
background,GO:0070451,10
background,GO:0070453,2
background,GO:0070455,2
background,GO:0070461,83
background,GO:0070469,79
background,GO:0070475,1558
background,GO:0070476,65
background,GO:0070478,43
background,GO:0070481,33
background,GO:0070482,235
background,GO:0070486,1
background,GO:0070489,1
background,GO:0070491,87
background,GO:0070492,38
background,GO:0070498,6
background,GO:0070507,33
background,GO:0070509,2
background,GO:0070510,13
background,GO:0070512,13
background,GO:0070522,18
background,GO:0070525,34
background,GO:0070530,1
background,GO:0070531,178
background,GO:0070534,35
background,GO:0070536,86
background,GO:0070537,4
background,GO:0070542,64
background,GO:0070544,36
background,GO:0070545,79
background,GO:0070547,3
background,GO:0070552,70
background,GO:0070555,35
background,GO:0070562,121
background,GO:0070564,118
background,GO:0070566,63
background,GO:0070567,37
background,GO:0070568,2
background,GO:0070569,211
background,GO:0070577,66
background,GO:0070584,2
background,GO:0070585,78
background,GO:0070588,527
background,GO:0070589,112
background,GO:0070590,7
background,GO:0070591,7
background,GO:0070592,112
background,GO:0070593,10
background,GO:0070601,4
background,GO:0070603,263
background,GO:0070611,39
background,GO:0070613,1
background,GO:0070615,18
background,GO:0070628,268
background,GO:0070633,1
background,GO:0070646,372
background,GO:0070647,4414
background,GO:0070648,1
background,GO:0070649,1
background,GO:0070650,1
background,GO:0070651,34
background,GO:0070652,172
background,GO:0070661,5
background,GO:0070663,40
background,GO:0070665,40
background,GO:0070669,1
background,GO:0070670,1
background,GO:0070671,1
background,GO:0070676,22
background,GO:0070678,2
background,GO:0070681,69
background,GO:0070682,16
background,GO:0070693,1
background,GO:0070696,79
background,GO:0070704,1
background,GO:0070717,21
background,GO:0070726,48
background,GO:0070727,3045
background,GO:0070733,22
background,GO:0070734,97
background,GO:0070761,33
background,GO:0070762,79
background,GO:0070765,133
background,GO:0070772,52
background,GO:0070773,18
background,GO:0070775,2
background,GO:0070776,2
background,GO:0070778,8
background,GO:0070813,20
background,GO:0070816,392
background,GO:0070818,2
background,GO:0070820,1
background,GO:0070823,2
background,GO:0070827,41
background,GO:0070828,64
background,GO:0070829,39
background,GO:0070838,348
background,GO:0070840,18
background,GO:0070841,1
background,GO:0070842,1
background,GO:0070847,183
background,GO:0070848,190
background,GO:0070851,8
background,GO:0070852,1
background,GO:0070860,48
background,GO:0070861,25
background,GO:0070863,25
background,GO:0070868,18
background,GO:0070871,30
background,GO:0070876,27
background,GO:0070883,13
background,GO:0070887,5097
background,GO:0070897,198
background,GO:0070898,55
background,GO:0070911,1
background,GO:0070914,19
background,GO:0070918,563
background,GO:0070919,48
background,GO:0070920,105
background,GO:0070921,17
background,GO:0070922,2
background,GO:0070925,1721
background,GO:0070932,2
background,GO:0070934,4
background,GO:0070935,1
background,GO:0070936,17
background,GO:0070937,4
background,GO:0070938,12
background,GO:0070939,55
background,GO:0070940,225
background,GO:0070966,33
background,GO:0070971,221
background,GO:0070972,62
background,GO:0070973,178
background,GO:0070977,3
background,GO:0070979,130
background,GO:0070985,57
background,GO:0070987,18
background,GO:0070988,177
background,GO:0070990,35
background,GO:0070993,15
background,GO:0070997,3
background,GO:0071004,293
background,GO:0071005,38
background,GO:0071006,124
background,GO:0071007,278
background,GO:0071008,56
background,GO:0071010,23
background,GO:0071011,586
background,GO:0071012,27
background,GO:0071013,1174
background,GO:0071014,330
background,GO:0071020,1
background,GO:0071021,20
background,GO:0071025,75
background,GO:0071026,2
background,GO:0071027,40
background,GO:0071028,182
background,GO:0071029,36
background,GO:0071030,6
background,GO:0071031,24
background,GO:0071033,9
background,GO:0071034,87
background,GO:0071035,288
background,GO:0071036,92
background,GO:0071037,92
background,GO:0071038,255
background,GO:0071039,93
background,GO:0071040,88
background,GO:0071042,1
background,GO:0071043,11
background,GO:0071044,98
background,GO:0071046,36
background,GO:0071047,1
background,GO:0071048,6
background,GO:0071049,2
background,GO:0071050,10
background,GO:0071051,255
background,GO:0071074,18
background,GO:0071076,54
background,GO:0071077,56
background,GO:0071103,1033
background,GO:0071106,56
background,GO:0071108,112
background,GO:0071140,18
background,GO:0071141,121
background,GO:0071156,34
background,GO:0071158,34
background,GO:0071163,166
background,GO:0071164,17
background,GO:0071165,36
background,GO:0071166,263
background,GO:0071168,78
background,GO:0071169,17
background,GO:0071173,35
background,GO:0071174,35
background,GO:0071203,1
background,GO:0071204,4
background,GO:0071214,385
background,GO:0071215,414
background,GO:0071216,107
background,GO:0071217,51
background,GO:0071218,117
background,GO:0071219,45
background,GO:0071222,10
background,GO:0071226,1
background,GO:0071229,2678
background,GO:0071230,96
background,GO:0071233,2
background,GO:0071236,323
background,GO:0071241,517
background,GO:0071247,16
background,GO:0071248,454
background,GO:0071249,41
background,GO:0071257,2
background,GO:0071260,51
background,GO:0071265,7
background,GO:0071267,7
background,GO:0071275,3
background,GO:0071276,16
background,GO:0071277,345
background,GO:0071280,16
background,GO:0071281,215
background,GO:0071289,17
background,GO:0071291,1
background,GO:0071294,16
background,GO:0071300,118
background,GO:0071310,4291
background,GO:0071311,4
background,GO:0071320,3
background,GO:0071322,204
background,GO:0071323,9
background,GO:0071324,35
background,GO:0071326,26
background,GO:0071329,35
background,GO:0071331,26
background,GO:0071333,26
background,GO:0071339,48
background,GO:0071340,34
background,GO:0071342,1
background,GO:0071345,87
background,GO:0071346,27
background,GO:0071347,17
background,GO:0071349,1
background,GO:0071352,1
background,GO:0071353,1
background,GO:0071356,20
background,GO:0071357,6
background,GO:0071359,563
background,GO:0071363,190
background,GO:0071365,185
background,GO:0071367,111
background,GO:0071368,84
background,GO:0071369,758
background,GO:0071370,569
background,GO:0071375,11
background,GO:0071383,204
background,GO:0071384,16
background,GO:0071385,3
background,GO:0071389,13
background,GO:0071392,1
background,GO:0071394,1
background,GO:0071395,1317
background,GO:0071396,1411
background,GO:0071398,64
background,GO:0071402,1
background,GO:0071404,1
background,GO:0071407,1098
background,GO:0071417,305
background,GO:0071421,127
background,GO:0071422,36
background,GO:0071423,43
background,GO:0071424,21
background,GO:0071426,263
background,GO:0071427,139
background,GO:0071428,123
background,GO:0071431,13
background,GO:0071432,4
background,GO:0071439,111
background,GO:0071446,294
background,GO:0071450,16
background,GO:0071451,16
background,GO:0071452,28
background,GO:0071453,29
background,GO:0071454,1
background,GO:0071456,28
background,GO:0071458,8
background,GO:0071459,35
background,GO:0071462,18
background,GO:0071465,4
background,GO:0071466,309
background,GO:0071467,5
background,GO:0071470,120
background,GO:0071472,46
background,GO:0071474,3
background,GO:0071475,3
background,GO:0071476,1
background,GO:0071478,238
background,GO:0071479,31
background,GO:0071480,5
background,GO:0071481,1
background,GO:0071482,244
background,GO:0071483,136
background,GO:0071484,103
background,GO:0071486,120
background,GO:0071489,150
background,GO:0071490,120
background,GO:0071491,88
background,GO:0071492,102
background,GO:0071493,18
background,GO:0071494,2
background,GO:0071495,3277
background,GO:0071496,680
background,GO:0071497,1
background,GO:0071501,1
background,GO:0071513,146
background,GO:0071514,36
background,GO:0071520,1
background,GO:0071522,20
background,GO:0071528,18
background,GO:0071540,60
background,GO:0071541,118
background,GO:0071545,1
background,GO:0071546,2
background,GO:0071554,897
background,GO:0071555,569
background,GO:0071556,8
background,GO:0071561,32
background,GO:0071562,2
background,GO:0071563,1
background,GO:0071564,29
background,GO:0071565,29
background,GO:0071566,40
background,GO:0071567,16
background,GO:0071568,37
background,GO:0071569,101
background,GO:0071574,1
background,GO:0071577,394
background,GO:0071586,178
background,GO:0071588,4
background,GO:0071593,1
background,GO:0071596,24
background,GO:0071599,3
background,GO:0071600,3
background,GO:0071616,1
background,GO:0071617,3
background,GO:0071618,50
background,GO:0071621,1
background,GO:0071637,5
background,GO:0071638,5
background,GO:0071668,36
background,GO:0071669,634
background,GO:0071675,162
background,GO:0071677,162
background,GO:0071680,13
background,GO:0071681,13
background,GO:0071695,528
background,GO:0071702,4871
background,GO:0071704,28287
background,GO:0071705,4312
background,GO:0071709,16
background,GO:0071712,8
background,GO:0071715,2
background,GO:0071722,5
background,GO:0071731,111
background,GO:0071732,110
background,GO:0071763,113
background,GO:0071766,14
background,GO:0071774,10
background,GO:0071782,36
background,GO:0071786,50
background,GO:0071804,239
background,GO:0071805,989
background,GO:0071806,327
background,GO:0071816,69
background,GO:0071818,47
background,GO:0071819,17
background,GO:0071821,40
background,GO:0071824,204
background,GO:0071826,1819
background,GO:0071840,11594
background,GO:0071852,66
background,GO:0071853,30
background,GO:0071887,34
background,GO:0071889,4
background,GO:0071894,13
background,GO:0071897,1263
background,GO:0071900,76
background,GO:0071901,10
background,GO:0071902,47
background,GO:0071907,19
background,GO:0071908,1
background,GO:0071909,1
background,GO:0071910,19
background,GO:0071916,239
background,GO:0071917,155
background,GO:0071918,24
background,GO:0071921,2
background,GO:0071922,41
background,GO:0071923,38
background,GO:0071930,3
background,GO:0071932,11
background,GO:0071933,52
background,GO:0071934,33
background,GO:0071940,12
background,GO:0071941,9
background,GO:0071942,24
background,GO:0071944,12080
background,GO:0071949,602
background,GO:0071951,16
background,GO:0071958,1
background,GO:0071963,1
background,GO:0071976,1
background,GO:0071985,56
background,GO:0071997,4
background,GO:0072001,7
background,GO:0072089,10
background,GO:0072091,3
background,GO:0072175,1
background,GO:0072189,1
background,GO:0072318,149
background,GO:0072319,2
background,GO:0072321,30
background,GO:0072329,144
background,GO:0072330,937
background,GO:0072331,200
background,GO:0072332,132
background,GO:0072334,113
background,GO:0072337,71
background,GO:0072341,31
background,GO:0072344,79
background,GO:0072347,11
background,GO:0072348,276
background,GO:0072349,16
background,GO:0072350,133
background,GO:0072354,15
background,GO:0072358,9
background,GO:0072359,51
background,GO:0072361,60
background,GO:0072362,60
background,GO:0072367,60
background,GO:0072368,60
background,GO:0072376,1
background,GO:0072379,2
background,GO:0072380,24
background,GO:0072384,82
background,GO:0072387,3
background,GO:0072388,2
background,GO:0072389,1
background,GO:0072395,41
background,GO:0072396,10
background,GO:0072401,40
background,GO:0072402,10
background,GO:0072413,22
background,GO:0072422,40
background,GO:0072423,28
background,GO:0072425,19
background,GO:0072431,21
background,GO:0072453,1
background,GO:0072471,1
background,GO:0072488,197
background,GO:0072490,3
background,GO:0072491,3
background,GO:0072499,1
background,GO:0072503,354
background,GO:0072505,23
background,GO:0072506,19
background,GO:0072507,358
background,GO:0072509,20
background,GO:0072511,348
background,GO:0072512,2
background,GO:0072520,1
background,GO:0072521,197
background,GO:0072522,122
background,GO:0072523,9
background,GO:0072524,84
background,GO:0072525,27
background,GO:0072527,677
background,GO:0072528,655
background,GO:0072529,22
background,GO:0072530,59
background,GO:0072531,35
background,GO:0072542,30
background,GO:0072545,1
background,GO:0072546,137
background,GO:0072553,34
background,GO:0072582,17
background,GO:0072583,587
background,GO:0072588,1
background,GO:0072593,1036
background,GO:0072594,914
background,GO:0072595,39
background,GO:0072596,253
background,GO:0072598,302
background,GO:0072599,39
background,GO:0072655,78
background,GO:0072657,413
background,GO:0072659,100
background,GO:0072662,351
background,GO:0072663,351
background,GO:0072665,94
background,GO:0072666,94
background,GO:0072676,2
background,GO:0072678,2
background,GO:0072684,2
background,GO:0072686,321
background,GO:0072697,2
background,GO:0072699,125
background,GO:0072710,1
background,GO:0072711,1
background,GO:0072741,1
background,GO:0072756,20
background,GO:0075136,46
background,GO:0075259,15
background,GO:0075306,15
background,GO:0075307,15
background,GO:0075522,1
background,GO:0075525,1
background,GO:0075733,13
background,GO:0080001,12
background,GO:0080002,3
background,GO:0080005,17
background,GO:0080006,7
background,GO:0080008,280
background,GO:0080009,124
background,GO:0080013,1
background,GO:0080015,1
background,GO:0080019,260
background,GO:0080020,5
background,GO:0080021,2
background,GO:0080022,36
background,GO:0080024,22
background,GO:0080025,1
background,GO:0080026,21
background,GO:0080027,1
background,GO:0080028,20
background,GO:0080029,11
background,GO:0080030,271
background,GO:0080031,271
background,GO:0080032,271
background,GO:0080036,10
background,GO:0080037,60
background,GO:0080038,2
background,GO:0080040,1
background,GO:0080041,16
background,GO:0080042,16
background,GO:0080043,1701
background,GO:0080044,1701
background,GO:0080045,1
background,GO:0080046,4
background,GO:0080048,34
background,GO:0080050,292
background,GO:0080051,4
background,GO:0080052,3
background,GO:0080053,3
background,GO:0080054,3
background,GO:0080060,5
background,GO:0080064,2
background,GO:0080065,67
background,GO:0080072,113
background,GO:0080083,2
background,GO:0080084,44
background,GO:0080086,3
background,GO:0080089,113
background,GO:0080090,9312
background,GO:0080091,18
background,GO:0080092,236
background,GO:0080094,2
background,GO:0080110,1
background,GO:0080111,26
background,GO:0080113,181
background,GO:0080115,3
background,GO:0080116,7
background,GO:0080117,8
background,GO:0080119,3
background,GO:0080120,14
background,GO:0080121,17
background,GO:0080122,17
background,GO:0080124,21
background,GO:0080131,3
background,GO:0080132,44
background,GO:0080134,1740
background,GO:0080135,219
background,GO:0080140,22
background,GO:0080141,22
background,GO:0080142,205
background,GO:0080143,112
background,GO:0080144,72
background,GO:0080145,66
background,GO:0080146,84
background,GO:0080147,330
background,GO:0080148,9
background,GO:0080149,1
background,GO:0080152,1
background,GO:0080153,36
background,GO:0080154,1
background,GO:0080155,1
background,GO:0080156,394
background,GO:0080161,73
background,GO:0080162,222
background,GO:0080163,3
background,GO:0080165,3
background,GO:0080167,654
background,GO:0080168,16
background,GO:0080169,9
background,GO:0080171,51
background,GO:0080173,1
background,GO:0080175,46
background,GO:0080176,1
background,GO:0080177,53
background,GO:0080178,27
background,GO:0080183,93
background,GO:0080185,1
background,GO:0080186,49
background,GO:0080188,868
background,GO:0080190,8
background,GO:0085020,69
background,GO:0085029,41
background,GO:0086010,1
background,GO:0089701,82
background,GO:0089717,1
background,GO:0089718,43
background,GO:0089721,52
background,GO:0089722,52
background,GO:0090025,162
background,GO:0090026,162
background,GO:0090033,5
background,GO:0090036,21
background,GO:0090038,20
background,GO:0090042,2
background,GO:0090056,178
background,GO:0090057,1
background,GO:0090058,1
background,GO:0090059,20
background,GO:0090063,4
background,GO:0090065,10
background,GO:0090066,502
background,GO:0090068,94
background,GO:0090069,13
background,GO:0090070,3
background,GO:0090071,35
background,GO:0090079,20
background,GO:0090083,2
background,GO:0090084,2
background,GO:0090085,1
background,GO:0090087,103
background,GO:0090090,23
background,GO:0090092,128
background,GO:0090100,125
background,GO:0090101,3
background,GO:0090109,5
background,GO:0090110,188
background,GO:0090114,258
background,GO:0090116,9
background,GO:0090130,2
background,GO:0090132,2
background,GO:0090140,1
background,GO:0090143,49
background,GO:0090148,3
background,GO:0090150,123
background,GO:0090151,44
background,GO:0090158,316
background,GO:0090160,8
background,GO:0090169,1
background,GO:0090173,21
background,GO:0090174,271
background,GO:0090175,9
background,GO:0090178,1
background,GO:0090181,315
background,GO:0090183,7
background,GO:0090184,7
background,GO:0090189,7
background,GO:0090190,7
background,GO:0090207,9
background,GO:0090208,2
background,GO:0090213,17
background,GO:0090220,3
background,GO:0090224,9
background,GO:0090227,4
background,GO:0090228,17
background,GO:0090230,4
background,GO:0090234,1
background,GO:0090237,1
background,GO:0090239,16
background,GO:0090240,13
background,GO:0090241,3
background,GO:0090263,3
background,GO:0090266,17
background,GO:0090276,3
background,GO:0090278,3
background,GO:0090283,1
background,GO:0090284,1
background,GO:0090287,142
background,GO:0090288,1
background,GO:0090293,32
background,GO:0090303,1
background,GO:0090304,9458
background,GO:0090305,3382
background,GO:0090306,2
background,GO:0090307,349
background,GO:0090308,8
background,GO:0090309,4
background,GO:0090311,3
background,GO:0090312,1
background,GO:0090316,57
background,GO:0090317,5
background,GO:0090322,78
background,GO:0090329,64
background,GO:0090330,1
background,GO:0090332,39
background,GO:0090333,455
background,GO:0090334,20
background,GO:0090342,6
background,GO:0090351,403
background,GO:0090352,10
background,GO:0090353,1
background,GO:0090354,3833
background,GO:0090355,2
background,GO:0090359,12
background,GO:0090364,20
background,GO:0090365,2
background,GO:0090367,2
background,GO:0090374,356
background,GO:0090376,15
background,GO:0090378,15
background,GO:0090382,17
background,GO:0090391,16
background,GO:0090398,7
background,GO:0090400,7
background,GO:0090404,76
background,GO:0090406,341
background,GO:0090407,941
background,GO:0090415,18
background,GO:0090421,1588
background,GO:0090422,33
background,GO:0090426,1
background,GO:0090428,32
background,GO:0090430,18
background,GO:0090435,2
background,GO:0090436,51
background,GO:0090440,8
background,GO:0090447,193
background,GO:0090451,5
background,GO:0090471,45
background,GO:0090480,220
background,GO:0090481,225
background,GO:0090482,50
background,GO:0090501,1484
background,GO:0090502,204
background,GO:0090503,55
background,GO:0090506,109
background,GO:0090522,84
background,GO:0090529,20
background,GO:0090533,1
background,GO:0090545,79
background,GO:0090549,9
background,GO:0090558,1281
background,GO:0090559,73
background,GO:0090560,35
background,GO:0090567,1575
background,GO:0090568,86
background,GO:0090575,445
background,GO:0090576,60
background,GO:0090596,132
background,GO:0090597,92
background,GO:0090598,92
background,GO:0090599,17
background,GO:0090605,5
background,GO:0090609,5
background,GO:0090610,34
background,GO:0090615,184
background,GO:0090626,773
background,GO:0090627,438
background,GO:0090630,293
background,GO:0090656,20
background,GO:0090657,17
background,GO:0090662,143
background,GO:0090666,3
background,GO:0090669,11
background,GO:0090670,3
background,GO:0090685,3
background,GO:0090691,47
background,GO:0090693,963
background,GO:0090694,18
background,GO:0090696,1222
background,GO:0090697,1094
background,GO:0090698,1299
background,GO:0090700,49
background,GO:0090701,104
background,GO:0090702,99
background,GO:0090704,3
background,GO:0090707,32
background,GO:0090708,32
background,GO:0090709,10
background,GO:0090711,25
background,GO:0090726,1
background,GO:0090730,18
background,GO:0090734,80
background,GO:0090735,29
background,GO:0090737,2
background,GO:0093002,2
background,GO:0097006,1
background,GO:0097009,2
background,GO:0097014,46
background,GO:0097027,259
background,GO:0097028,6
background,GO:0097035,27
background,GO:0097036,20
background,GO:0097038,1
background,GO:0097039,2
background,GO:0097060,39
background,GO:0097061,163
background,GO:0097064,18
background,GO:0097100,2
background,GO:0097120,4
background,GO:0097150,29
background,GO:0097157,114
background,GO:0097159,11246
background,GO:0097164,111
background,GO:0097176,299
background,GO:0097177,24
background,GO:0097184,20
background,GO:0097185,20
background,GO:0097190,236
background,GO:0097193,182
background,GO:0097194,6
background,GO:0097196,57
background,GO:0097202,162
background,GO:0097204,4
background,GO:0097212,16
background,GO:0097213,16
background,GO:0097214,16
background,GO:0097223,22
background,GO:0097224,6
background,GO:0097231,1
background,GO:0097237,282
background,GO:0097240,3
background,GO:0097248,5
background,GO:0097250,17
background,GO:0097264,162
background,GO:0097272,89
background,GO:0097284,3
background,GO:0097305,1641
background,GO:0097306,428
background,GO:0097327,15
background,GO:0097329,1
background,GO:0097339,27
background,GO:0097345,54
background,GO:0097346,18
background,GO:0097350,6
background,GO:0097352,101
background,GO:0097354,5
background,GO:0097355,39
background,GO:0097359,4
background,GO:0097361,57
background,GO:0097363,21
background,GO:0097366,111
background,GO:0097367,799
background,GO:0097384,63
background,GO:0097386,16
background,GO:0097428,92
background,GO:0097431,2
background,GO:0097435,383
background,GO:0097437,7
background,GO:0097438,1
background,GO:0097443,1
background,GO:0097447,80
background,GO:0097449,16
background,GO:0097450,16
background,GO:0097452,4
background,GO:0097458,258
background,GO:0097468,16
background,GO:0097472,77
background,GO:0097479,39
background,GO:0097480,39
background,GO:0097485,24
background,GO:0097499,3
background,GO:0097500,3
background,GO:0097501,42
background,GO:0097502,54
background,GO:0097504,47
background,GO:0097506,5
background,GO:0097510,87
background,GO:0097517,1
background,GO:0097518,1
background,GO:0097525,63
background,GO:0097526,148
background,GO:0097529,1
background,GO:0097530,1
background,GO:0097546,2
background,GO:0097549,18
background,GO:0097550,192
background,GO:0097552,24
background,GO:0097574,1
background,GO:0097575,1
background,GO:0097576,1
background,GO:0097577,41
background,GO:0097581,2
background,GO:0097599,55
background,GO:0097602,119
background,GO:0097617,5
background,GO:0097659,1159
background,GO:0097681,7
background,GO:0097708,3417
background,GO:0097711,2
background,GO:0097718,5
background,GO:0097722,1
background,GO:0097729,19
background,GO:0097730,24
background,GO:0097731,24
background,GO:0097733,24
background,GO:0097746,299
background,GO:0097747,125
background,GO:0097755,299
background,GO:0098505,16
background,GO:0098532,4
background,GO:0098533,1
background,GO:0098542,5549
background,GO:0098543,3
background,GO:0098552,277
background,GO:0098553,152
background,GO:0098554,154
background,GO:0098556,2
background,GO:0098562,108
background,GO:0098572,17
background,GO:0098573,161
background,GO:0098581,3
background,GO:0098586,463
background,GO:0098588,3569
background,GO:0098589,1
background,GO:0098590,160
background,GO:0098599,18
background,GO:0098609,46
background,GO:0098630,5
background,GO:0098655,910
background,GO:0098656,1554
background,GO:0098657,273
background,GO:0098659,17
background,GO:0098660,855
background,GO:0098661,125
background,GO:0098662,1560
background,GO:0098679,60
background,GO:0098687,363
background,GO:0098693,4
background,GO:0098702,2
background,GO:0098710,2
background,GO:0098712,43
background,GO:0098719,189
background,GO:0098721,2
background,GO:0098722,2
background,GO:0098727,287
background,GO:0098728,1
background,GO:0098732,181
background,GO:0098733,2
background,GO:0098734,18
background,GO:0098739,62
background,GO:0098740,31
background,GO:0098742,7
background,GO:0098743,5
background,GO:0098754,267
background,GO:0098760,4
background,GO:0098761,4
background,GO:0098771,674
background,GO:0098772,742
background,GO:0098773,1
background,GO:0098781,60
background,GO:0098787,10
background,GO:0098789,60
background,GO:0098791,2380
background,GO:0098793,119
background,GO:0098794,98
background,GO:0098795,6
background,GO:0098796,1854
background,GO:0098797,81
background,GO:0098798,375
background,GO:0098799,12
background,GO:0098800,138
background,GO:0098802,1
background,GO:0098803,96
background,GO:0098805,3074
background,GO:0098807,37
background,GO:0098808,1
background,GO:0098813,387
background,GO:0098827,2037
background,GO:0098840,1
background,GO:0098847,36
background,GO:0098849,45
background,GO:0098852,26
background,GO:0098856,1
background,GO:0098858,3
background,GO:0098862,2
background,GO:0098869,273
background,GO:0098876,90
background,GO:0098887,1
background,GO:0098916,28
background,GO:0098927,19
background,GO:0098930,25
background,GO:0098968,1
background,GO:0098984,58
background,GO:0099003,39
background,GO:0099022,1
background,GO:0099023,300
background,GO:0099024,35
background,GO:0099078,37
background,GO:0099080,557
background,GO:0099081,556
background,GO:0099086,36
background,GO:0099089,1
background,GO:0099094,6
background,GO:0099111,86
background,GO:0099116,3
background,GO:0099118,1
background,GO:0099120,99
background,GO:0099122,1
background,GO:0099131,143
background,GO:0099132,143
background,GO:0099133,7
background,GO:0099134,2
background,GO:0099135,2
background,GO:0099136,2
background,GO:0099139,2
background,GO:0099172,34
background,GO:0099173,197
background,GO:0099177,237
background,GO:0099402,4474
background,GO:0099501,68
background,GO:0099503,450
background,GO:0099504,17
background,GO:0099512,556
background,GO:0099513,515
background,GO:0099514,22
background,GO:0099515,74
background,GO:0099516,161
background,GO:0099517,22
background,GO:0099518,25
background,GO:0099536,28
background,GO:0099537,28
background,GO:0099568,423
background,GO:0099572,35
background,GO:0099587,17
background,GO:0099606,1
background,GO:0099607,1
background,GO:0099636,3
background,GO:0099640,1
background,GO:0099643,17
background,GO:0099738,11
background,GO:0101002,1
background,GO:0101005,328
background,GO:0101006,8
background,GO:0101016,23
background,GO:0101030,61
background,GO:0101031,34
background,GO:0102043,18
background,GO:0103075,3
background,GO:0103117,17
background,GO:0104004,385
background,GO:0106004,1
background,GO:0106005,2
background,GO:0106018,21
background,GO:0106019,9
background,GO:0106027,163
background,GO:0106035,15
background,GO:0106050,17
background,GO:0106073,16
background,GO:0106074,8
background,GO:0106111,22
background,GO:0106112,22
background,GO:0106118,16
background,GO:0106245,16
background,GO:0106300,23
background,GO:0106335,18
background,GO:0106364,21
background,GO:0106388,17
background,GO:0110009,1
background,GO:0110020,5
background,GO:0110029,10
background,GO:0110051,17
background,GO:0110053,133
background,GO:0110092,1
background,GO:0110102,38
background,GO:0110155,22
background,GO:0120009,383
background,GO:0120010,223
background,GO:0120013,160
background,GO:0120025,578
background,GO:0120029,180
background,GO:0120031,57
background,GO:0120032,2
background,GO:0120034,1
background,GO:0120035,114
background,GO:0120036,296
background,GO:0120038,288
background,GO:0120039,40
background,GO:0120091,86
background,GO:0120104,1
background,GO:0120105,1
background,GO:0120109,1
background,GO:0120114,111
background,GO:0120117,1
background,GO:0120126,1
background,GO:0120230,32
background,GO:0120231,32
background,GO:0120330,68
background,GO:0140013,371
background,GO:0140014,217
background,GO:0140021,114
background,GO:0140027,47
background,GO:0140029,29
background,GO:0140030,170
background,GO:0140033,26
background,GO:0140034,127
background,GO:0140042,1
background,GO:0140053,312
background,GO:0140056,70
background,GO:0140082,132
background,GO:0140083,1
background,GO:0140096,8915
background,GO:0140097,2291
background,GO:0140098,3388
background,GO:0140101,61
background,GO:0140102,1226
background,GO:0140104,32
background,GO:0140110,5304
background,GO:0140115,18
background,GO:0140142,22
background,GO:0140146,16
background,GO:0140326,259
background,GO:0140358,24
background,GO:0140359,3174
background,GO:0140492,65
background,GO:0140496,18
background,GO:0140566,221
background,GO:0140575,33
background,GO:0140588,17
background,GO:0140647,84
background,GO:0140658,166
background,GO:0140662,1735
background,GO:0140663,69
background,GO:0140664,264
background,GO:0140673,141
background,GO:0140818,45
background,GO:0140933,17
background,GO:0141166,172
background,GO:0150034,6
background,GO:0160107,48
background,GO:0180022,15
background,GO:0180047,27
background,GO:0198738,8
background,GO:1900006,30
background,GO:1900015,5
background,GO:1900016,5
background,GO:1900032,14
background,GO:1900033,14
background,GO:1900034,50
background,GO:1900036,9
background,GO:1900044,4
background,GO:1900045,4
background,GO:1900046,1
background,GO:1900049,18
background,GO:1900055,57
background,GO:1900056,44
background,GO:1900057,10
background,GO:1900067,2
background,GO:1900076,16
background,GO:1900078,1
background,GO:1900084,1
background,GO:1900086,1
background,GO:1900101,4
background,GO:1900103,4
background,GO:1900107,2
background,GO:1900108,2
background,GO:1900109,49
background,GO:1900111,37
background,GO:1900120,3
background,GO:1900122,3
background,GO:1900125,1
background,GO:1900126,1
background,GO:1900140,316
background,GO:1900145,2
background,GO:1900146,2
background,GO:1900150,107
background,GO:1900151,3
background,GO:1900152,1
background,GO:1900175,2
background,GO:1900176,2
background,GO:1900180,27
background,GO:1900181,5
background,GO:1900182,21
background,GO:1900190,5
background,GO:1900192,5
background,GO:1900231,5
background,GO:1900233,5
background,GO:1900247,8
background,GO:1900259,1
background,GO:1900260,1
background,GO:1900271,162
background,GO:1900273,162
background,GO:1900363,37
background,GO:1900364,35
background,GO:1900367,6
background,GO:1900368,45
background,GO:1900370,10
background,GO:1900371,70
background,GO:1900373,1
background,GO:1900376,54
background,GO:1900377,16
background,GO:1900378,16
background,GO:1900384,73
background,GO:1900386,73
background,GO:1900390,12
background,GO:1900393,12
background,GO:1900400,12
background,GO:1900402,60
background,GO:1900407,35
background,GO:1900409,1
background,GO:1900424,95
background,GO:1900425,11
background,GO:1900426,82
background,GO:1900428,5
background,GO:1900430,5
background,GO:1900431,5
background,GO:1900433,5
background,GO:1900440,5
background,GO:1900442,5
background,GO:1900457,104
background,GO:1900458,88
background,GO:1900459,15
background,GO:1900542,70
background,GO:1900544,1
background,GO:1900618,188
background,GO:1900673,404
background,GO:1900674,105
background,GO:1900704,1
background,GO:1900706,1
background,GO:1900741,5
background,GO:1900743,5
background,GO:1900744,1
background,GO:1900750,7
background,GO:1900864,172
background,GO:1900865,23
background,GO:1900866,27
background,GO:1900871,19
background,GO:1900908,7
background,GO:1900909,2
background,GO:1900910,5
background,GO:1900911,7
background,GO:1900912,2
background,GO:1900913,5
background,GO:1901000,358
background,GO:1901001,215
background,GO:1901002,130
background,GO:1901004,7
background,GO:1901006,73
background,GO:1901016,182
background,GO:1901017,1
background,GO:1901019,1
background,GO:1901031,72
background,GO:1901068,19
background,GO:1901070,5
background,GO:1901071,34
background,GO:1901072,34
background,GO:1901096,72
background,GO:1901097,2
background,GO:1901099,1
background,GO:1901135,1895
background,GO:1901136,74
background,GO:1901137,1256
background,GO:1901141,2
background,GO:1901149,1
background,GO:1901181,11
background,GO:1901184,176
background,GO:1901185,167
background,GO:1901186,8
background,GO:1901214,184
background,GO:1901215,184
background,GO:1901244,2
background,GO:1901255,22
background,GO:1901259,301
background,GO:1901261,2
background,GO:1901264,725
background,GO:1901265,1112
background,GO:1901269,5
background,GO:1901271,5
background,GO:1901292,32
background,GO:1901293,783
background,GO:1901332,19
background,GO:1901333,4
background,GO:1901334,17
background,GO:1901336,17
background,GO:1901342,13
background,GO:1901348,49
background,GO:1901360,15614
background,GO:1901361,663
background,GO:1901362,7788
background,GO:1901363,11236
background,GO:1901371,86
background,GO:1901376,15
background,GO:1901378,15
background,GO:1901379,183
background,GO:1901380,1
background,GO:1901381,1
background,GO:1901401,180
background,GO:1901402,9
background,GO:1901403,46
background,GO:1901404,15
background,GO:1901407,31
background,GO:1901409,31
background,GO:1901419,663
background,GO:1901420,89
background,GO:1901421,499
background,GO:1901423,2
background,GO:1901463,177
background,GO:1901464,9
background,GO:1901465,46
background,GO:1901474,33
background,GO:1901483,1
background,GO:1901485,1
background,GO:1901505,460
background,GO:1901522,16
background,GO:1901527,3
background,GO:1901535,7
background,GO:1901537,57
background,GO:1901562,43
background,GO:1901564,17187
background,GO:1901565,3956
background,GO:1901566,6225
background,GO:1901567,3
background,GO:1901568,689
background,GO:1901570,365
background,GO:1901571,2
background,GO:1901575,4975
background,GO:1901576,12798
background,GO:1901600,17
background,GO:1901601,51
background,GO:1901605,4347
background,GO:1901606,93
background,GO:1901607,4120
background,GO:1901615,698
background,GO:1901616,55
background,GO:1901617,400
background,GO:1901618,43
background,GO:1901642,218
background,GO:1901648,1
background,GO:1901652,193
background,GO:1901653,173
background,GO:1901654,55
background,GO:1901655,2
background,GO:1901656,7
background,GO:1901657,961
background,GO:1901658,8
background,GO:1901659,813
background,GO:1901660,16
background,GO:1901661,46
background,GO:1901663,46
background,GO:1901671,39
background,GO:1901672,2
background,GO:1901678,35
background,GO:1901679,127
background,GO:1901681,10
background,GO:1901682,189
background,GO:1901683,11
background,GO:1901684,11
background,GO:1901698,1995
background,GO:1901699,1040
background,GO:1901700,6839
background,GO:1901701,3284
background,GO:1901725,2
background,GO:1901726,2
background,GO:1901739,2
background,GO:1901741,2
background,GO:1901796,1280
background,GO:1901797,7
background,GO:1901798,4
background,GO:1901799,34
background,GO:1901800,33
background,GO:1901861,3
background,GO:1901863,3
background,GO:1901879,30
background,GO:1901880,13
background,GO:1901888,7
background,GO:1901889,5
background,GO:1901890,2
background,GO:1901891,2
background,GO:1901893,2
background,GO:1901917,45
background,GO:1901918,44
background,GO:1901957,26
background,GO:1901959,19
background,GO:1901962,36
background,GO:1901968,4
background,GO:1901969,4
background,GO:1901970,8
background,GO:1901971,4
background,GO:1901972,4
background,GO:1901974,20
background,GO:1901975,20
background,GO:1901979,181
background,GO:1901981,244
background,GO:1901983,64
background,GO:1901984,23
background,GO:1901985,54
background,GO:1901987,193
background,GO:1901988,80
background,GO:1901989,46
background,GO:1901990,167
background,GO:1901991,61
background,GO:1901992,46
background,GO:1901998,1114
background,GO:1902000,30
background,GO:1902001,1
background,GO:1902003,72
background,GO:1902025,64
background,GO:1902041,13
background,GO:1902042,13
background,GO:1902065,2
background,GO:1902066,3
background,GO:1902074,20
background,GO:1902075,1
background,GO:1902099,96
background,GO:1902100,36
background,GO:1902101,8
background,GO:1902105,16
background,GO:1902107,16
background,GO:1902108,54
background,GO:1902110,54
background,GO:1902115,30
background,GO:1902116,16
background,GO:1902117,13
background,GO:1902165,7
background,GO:1902166,7
background,GO:1902170,151
background,GO:1902171,53
background,GO:1902175,17
background,GO:1902182,3
background,GO:1902183,37
background,GO:1902184,1
background,GO:1902185,1
background,GO:1902221,1
background,GO:1902223,1
background,GO:1902229,7
background,GO:1902230,7
background,GO:1902253,7
background,GO:1902254,7
background,GO:1902265,34
background,GO:1902275,370
background,GO:1902280,16
background,GO:1902281,16
background,GO:1902288,11
background,GO:1902290,11
background,GO:1902298,12
background,GO:1902325,9
background,GO:1902326,44
background,GO:1902347,35
background,GO:1902348,16
background,GO:1902356,36
background,GO:1902358,120
background,GO:1902369,47
background,GO:1902373,10
background,GO:1902377,1
background,GO:1902381,2
background,GO:1902382,2
background,GO:1902384,2
background,GO:1902386,2
background,GO:1902387,142
background,GO:1902388,142
background,GO:1902400,21
background,GO:1902402,21
background,GO:1902403,21
background,GO:1902407,2
background,GO:1902410,99
background,GO:1902412,3
background,GO:1902415,13
background,GO:1902416,13
background,GO:1902417,7
background,GO:1902418,7
background,GO:1902446,8
background,GO:1902456,24
background,GO:1902458,6
background,GO:1902459,94
background,GO:1902464,6
background,GO:1902466,6
background,GO:1902471,1
background,GO:1902475,81
background,GO:1902476,18
background,GO:1902477,62
background,GO:1902478,1
background,GO:1902479,61
background,GO:1902493,24
background,GO:1902494,5891
background,GO:1902495,2
background,GO:1902500,1
background,GO:1902531,1724
background,GO:1902532,295
background,GO:1902533,74
background,GO:1902544,4
background,GO:1902546,4
background,GO:1902551,2
background,GO:1902553,2
background,GO:1902554,38
background,GO:1902555,359
background,GO:1902562,18
background,GO:1902563,1
background,GO:1902570,13
background,GO:1902579,54
background,GO:1902584,67
background,GO:1902600,2050
background,GO:1902602,1
background,GO:1902626,20
background,GO:1902644,93
background,GO:1902645,91
background,GO:1902652,80
background,GO:1902653,64
background,GO:1902659,18
background,GO:1902667,1
background,GO:1902679,1336
background,GO:1902680,1796
background,GO:1902686,54
background,GO:1902692,3
background,GO:1902716,1
background,GO:1902739,10
background,GO:1902741,10
background,GO:1902743,1
background,GO:1902749,73
background,GO:1902750,21
background,GO:1902751,38
background,GO:1902774,1
background,GO:1902806,25
background,GO:1902807,24
background,GO:1902809,3
background,GO:1902811,3
background,GO:1902816,18
background,GO:1902817,18
background,GO:1902850,62
background,GO:1902875,27
background,GO:1902877,1
background,GO:1902882,121
background,GO:1902883,86
background,GO:1902884,21
background,GO:1902902,3
background,GO:1902903,150
background,GO:1902904,89
background,GO:1902905,27
background,GO:1902911,38
background,GO:1902914,5
background,GO:1902915,4
background,GO:1902916,1
background,GO:1902930,68
background,GO:1902931,12
background,GO:1902932,24
background,GO:1902936,33
background,GO:1902969,168
background,GO:1902975,89
background,GO:1902977,19
background,GO:1902979,17
background,GO:1902983,30
background,GO:1902991,72
background,GO:1903003,1
background,GO:1903004,1
background,GO:1903006,1
background,GO:1903007,1
background,GO:1903008,18
background,GO:1903018,18
background,GO:1903019,1
background,GO:1903020,1
background,GO:1903034,2
background,GO:1903036,1
background,GO:1903037,35
background,GO:1903039,35
background,GO:1903046,802
background,GO:1903047,606
background,GO:1903050,227
background,GO:1903051,34
background,GO:1903052,200
background,GO:1903053,3
background,GO:1903055,3
background,GO:1903066,1
background,GO:1903067,1
background,GO:1903069,1
background,GO:1903071,1
background,GO:1903076,3
background,GO:1903077,2
background,GO:1903078,1
background,GO:1903085,16
background,GO:1903086,16
background,GO:1903094,13
background,GO:1903104,15
background,GO:1903108,3
background,GO:1903119,1
background,GO:1903131,16
background,GO:1903146,1
background,GO:1903169,1
background,GO:1903173,3
background,GO:1903189,31
background,GO:1903201,17
background,GO:1903212,39
background,GO:1903224,27
background,GO:1903259,18
background,GO:1903260,1
background,GO:1903286,1
background,GO:1903288,1
background,GO:1903293,8
background,GO:1903305,1
background,GO:1903307,1
background,GO:1903311,302
background,GO:1903312,30
background,GO:1903313,197
background,GO:1903314,10
background,GO:1903317,1
background,GO:1903319,1
background,GO:1903320,138
background,GO:1903321,33
background,GO:1903322,96
background,GO:1903329,4
background,GO:1903335,7
background,GO:1903338,144
background,GO:1903340,49
background,GO:1903341,1
background,GO:1903348,2
background,GO:1903358,1
background,GO:1903361,9
background,GO:1903362,227
background,GO:1903363,34
background,GO:1903364,200
background,GO:1903391,5
background,GO:1903392,5
background,GO:1903409,656
background,GO:1903421,4
background,GO:1903423,4
background,GO:1903424,60
background,GO:1903425,60
background,GO:1903426,16
background,GO:1903427,10
background,GO:1903429,27
background,GO:1903431,1
background,GO:1903432,3
background,GO:1903436,3
background,GO:1903438,2
background,GO:1903441,3
background,GO:1903457,16
background,GO:1903461,69
background,GO:1903475,1
background,GO:1903478,1
background,GO:1903479,1
background,GO:1903490,2
background,GO:1903505,1
background,GO:1903506,7132
background,GO:1903507,1336
background,GO:1903508,1796
background,GO:1903509,45
background,GO:1903513,1
background,GO:1903530,132
background,GO:1903531,9
background,GO:1903532,16
background,GO:1903533,1
background,GO:1903541,1
background,GO:1903543,1
background,GO:1903555,29
background,GO:1903556,6
background,GO:1903557,23
background,GO:1903561,189
background,GO:1903578,65
background,GO:1903580,1
background,GO:1903600,19
background,GO:1903607,4
background,GO:1903664,18
background,GO:1903665,3
background,GO:1903666,15
background,GO:1903667,3
background,GO:1903669,3
background,GO:1903705,10
background,GO:1903706,128
background,GO:1903707,99
background,GO:1903708,18
background,GO:1903715,1
background,GO:1903716,2
background,GO:1903725,6
background,GO:1903730,18
background,GO:1903756,21
background,GO:1903758,21
background,GO:1903791,2
background,GO:1903792,3
background,GO:1903798,78
background,GO:1903799,60
background,GO:1903800,13
background,GO:1903825,946
background,GO:1903827,180
background,GO:1903828,63
background,GO:1903829,81
background,GO:1903830,13
background,GO:1903844,122
background,GO:1903845,1
background,GO:1903846,121
background,GO:1903859,45
background,GO:1903861,45
background,GO:1903862,1
background,GO:1903866,2
background,GO:1903867,1
background,GO:1903900,1
background,GO:1903902,1
background,GO:1903943,3
background,GO:1903944,3
background,GO:1903959,5
background,GO:1903960,3
background,GO:1903963,2
background,GO:1904018,13
background,GO:1904019,3
background,GO:1904026,3
background,GO:1904028,3
background,GO:1904029,53
background,GO:1904030,3
background,GO:1904031,31
background,GO:1904035,3
background,GO:1904036,3
background,GO:1904044,1
background,GO:1904062,218
background,GO:1904063,1
background,GO:1904064,1
background,GO:1904082,2
background,GO:1904095,4
background,GO:1904143,40
background,GO:1904152,1
background,GO:1904154,1
background,GO:1904158,6
background,GO:1904161,19
background,GO:1904215,1
background,GO:1904248,7
background,GO:1904250,7
background,GO:1904263,30
background,GO:1904276,1
background,GO:1904278,1
background,GO:1904288,2
background,GO:1904292,2
background,GO:1904294,74
background,GO:1904355,1
background,GO:1904356,34
background,GO:1904357,8
background,GO:1904358,26
background,GO:1904368,1
background,GO:1904369,1
background,GO:1904375,3
background,GO:1904376,2
background,GO:1904377,1
background,GO:1904378,1
background,GO:1904380,38
background,GO:1904382,93
background,GO:1904396,12
background,GO:1904397,12
background,GO:1904400,3
background,GO:1904401,3
background,GO:1904406,10
background,GO:1904423,30
background,GO:1904429,2
background,GO:1904430,17
background,GO:1904431,2
background,GO:1904454,1
background,GO:1904502,12
background,GO:1904504,12
background,GO:1904541,30
background,GO:1904580,34
background,GO:1904582,1
background,GO:1904587,3
background,GO:1904588,3
background,GO:1904589,26
background,GO:1904590,5
background,GO:1904591,19
background,GO:1904601,1
background,GO:1904627,1
background,GO:1904628,1
background,GO:1904645,162
background,GO:1904646,162
background,GO:1904659,51
background,GO:1904666,9
background,GO:1904667,21
background,GO:1904668,259
background,GO:1904669,5
background,GO:1904680,135
background,GO:1904724,1
background,GO:1904749,1
background,GO:1904751,1
background,GO:1904752,1
background,GO:1904754,1
background,GO:1904760,3
background,GO:1904761,3
background,GO:1904796,5
background,GO:1904798,5
background,GO:1904812,48
background,GO:1904813,1
background,GO:1904814,3
background,GO:1904816,3
background,GO:1904823,3
background,GO:1904851,3
background,GO:1904872,9
background,GO:1904874,28
background,GO:1904888,4
background,GO:1904895,5
background,GO:1904902,5
background,GO:1904949,265
background,GO:1904950,14
background,GO:1904951,73
background,GO:1904961,5
background,GO:1904963,19
background,GO:1904964,19
background,GO:1904965,19
background,GO:1904966,19
background,GO:1904975,1
background,GO:1905011,30
background,GO:1905037,98
background,GO:1905039,946
background,GO:1905072,1
background,GO:1905114,7
background,GO:1905153,5
background,GO:1905155,5
background,GO:1905156,58
background,GO:1905157,1
background,GO:1905177,33
background,GO:1905181,3
background,GO:1905182,3
background,GO:1905183,4
background,GO:1905202,15
background,GO:1905214,13
background,GO:1905216,13
background,GO:1905267,38
background,GO:1905268,44
background,GO:1905269,243
background,GO:1905276,1
background,GO:1905314,3
background,GO:1905323,1
background,GO:1905330,16
background,GO:1905332,7
background,GO:1905348,359
background,GO:1905354,17
background,GO:1905360,5
background,GO:1905368,64
background,GO:1905369,63
background,GO:1905392,1658
background,GO:1905393,386
background,GO:1905405,22
background,GO:1905412,22
background,GO:1905421,52
background,GO:1905428,176
background,GO:1905429,1
background,GO:1905430,1
background,GO:1905475,3
background,GO:1905476,2
background,GO:1905477,1
background,GO:1905499,1
background,GO:1905515,2
background,GO:1905538,3
background,GO:1905613,25
background,GO:1905614,14
background,GO:1905622,58
background,GO:1905623,10
background,GO:1905634,41
background,GO:1905642,1
background,GO:1905666,18
background,GO:1905668,18
background,GO:1905710,70
background,GO:1905762,1
background,GO:1905777,45
background,GO:1905778,44
background,GO:1905786,252
background,GO:1905809,12
background,GO:1905818,96
background,GO:1905819,36
background,GO:1905820,8
background,GO:1905868,3
background,GO:1905870,3
background,GO:1905879,27
background,GO:1905881,1
background,GO:1905897,29
background,GO:1905898,6
background,GO:1905952,1198
background,GO:1905953,26
background,GO:1905957,663
background,GO:1905958,89
background,GO:1905959,499
background,GO:1905961,12
background,GO:1990019,59
background,GO:1990023,1
background,GO:1990050,12
background,GO:1990052,36
background,GO:1990066,18
background,GO:1990067,7
background,GO:1990069,17
background,GO:1990070,19
background,GO:1990071,48
background,GO:1990072,56
background,GO:1990089,2
background,GO:1990090,2
background,GO:1990111,2
background,GO:1990112,61
background,GO:1990113,17
background,GO:1990114,22
background,GO:1990115,17
background,GO:1990116,43
background,GO:1990119,16
background,GO:1990126,1
background,GO:1990133,16
background,GO:1990138,2
background,GO:1990140,22
background,GO:1990151,1
background,GO:1990165,19
background,GO:1990169,24
background,GO:1990170,2
background,GO:1990180,20
background,GO:1990188,33
background,GO:1990189,145
background,GO:1990190,101
background,GO:1990204,109
background,GO:1990206,6
background,GO:1990221,3
background,GO:1990234,967
background,GO:1990246,156
background,GO:1990247,18
background,GO:1990248,287
background,GO:1990251,11
background,GO:1990253,2
background,GO:1990258,1
background,GO:1990259,43
background,GO:1990266,1
background,GO:1990269,97
background,GO:1990275,1
background,GO:1990298,1
background,GO:1990316,102
background,GO:1990351,32
background,GO:1990359,18
background,GO:1990380,45
background,GO:1990381,31
background,GO:1990388,2
background,GO:1990391,24
background,GO:1990404,102
background,GO:1990414,82
background,GO:1990421,1
background,GO:1990423,18
background,GO:1990426,6
background,GO:1990428,10
background,GO:1990429,53
background,GO:1990439,2
background,GO:1990440,23
background,GO:1990446,1
background,GO:1990466,2
background,GO:1990481,130
background,GO:1990482,5
background,GO:1990498,50
background,GO:1990505,12
background,GO:1990518,54
background,GO:1990529,44
background,GO:1990532,18
background,GO:1990538,1
background,GO:1990542,234
background,GO:1990544,114
background,GO:1990547,92
background,GO:1990559,56
background,GO:1990564,4
background,GO:1990570,19
background,GO:1990573,1
background,GO:1990575,51
background,GO:1990592,60
background,GO:1990604,50
background,GO:1990610,20
background,GO:1990619,2
background,GO:1990635,2
background,GO:1990641,133
background,GO:1990707,1
background,GO:1990714,79
background,GO:1990715,3
background,GO:1990716,1
background,GO:1990726,118
background,GO:1990727,15
background,GO:1990730,1
background,GO:1990745,40
background,GO:1990748,203
background,GO:1990752,141
background,GO:1990753,4
background,GO:1990756,56
background,GO:1990757,259
background,GO:1990763,1
background,GO:1990778,47
background,GO:1990782,34
background,GO:1990810,20
background,GO:1990811,20
background,GO:1990816,1
background,GO:1990817,128
background,GO:1990819,31
background,GO:1990822,36
background,GO:1990823,2
background,GO:1990825,3
background,GO:1990830,2
background,GO:1990837,589
background,GO:1990841,62
background,GO:1990845,19
background,GO:1990861,3
background,GO:1990879,40
background,GO:1990882,1
background,GO:1990883,48
background,GO:1990884,1
background,GO:1990896,1
background,GO:1990904,2787
background,GO:1990918,19
background,GO:1990928,2
background,GO:1990937,83
background,GO:1990939,82
background,GO:1990961,732
background,GO:1990966,21
background,GO:2000001,45
background,GO:2000008,25
background,GO:2000010,24
background,GO:2000011,7
background,GO:2000012,144
background,GO:2000014,21
background,GO:2000022,828
background,GO:2000023,26
background,GO:2000024,288
background,GO:2000025,3
background,GO:2000026,2773
background,GO:2000027,115
background,GO:2000028,224
background,GO:2000030,35
background,GO:2000031,307
background,GO:2000032,274
background,GO:2000033,82
background,GO:2000034,87
background,GO:2000035,43
background,GO:2000036,97
background,GO:2000037,1
background,GO:2000038,17
background,GO:2000039,30
background,GO:2000042,24
background,GO:2000045,24
background,GO:2000050,8
background,GO:2000051,6
background,GO:2000058,72
background,GO:2000059,34
background,GO:2000060,38
background,GO:2000067,27
background,GO:2000068,6
background,GO:2000069,69
background,GO:2000070,101
background,GO:2000071,1
background,GO:2000073,1
background,GO:2000082,107
background,GO:2000083,107
background,GO:2000095,2
background,GO:2000097,5
background,GO:2000098,5
background,GO:2000099,6
background,GO:2000100,6
background,GO:2000104,12
background,GO:2000105,2
background,GO:2000106,6
background,GO:2000107,6
background,GO:2000112,7590
background,GO:2000113,1452
background,GO:2000114,14
background,GO:2000116,221
background,GO:2000117,55
background,GO:2000121,17
background,GO:2000122,9
background,GO:2000123,24
background,GO:2000134,62
background,GO:2000142,50
background,GO:2000144,49
background,GO:2000145,280
background,GO:2000146,105
background,GO:2000147,170
background,GO:2000152,1
background,GO:2000158,1
background,GO:2000167,1
background,GO:2000171,16
background,GO:2000177,3
background,GO:2000178,1
background,GO:2000179,2
background,GO:2000191,61
background,GO:2000214,2
background,GO:2000232,13
background,GO:2000234,3
background,GO:2000241,1762
background,GO:2000242,230
background,GO:2000243,174
background,GO:2000247,5
background,GO:2000272,5
background,GO:2000278,131
background,GO:2000279,8
background,GO:2000280,239
background,GO:2000289,1
background,GO:2000295,16
background,GO:2000296,16
background,GO:2000300,18
background,GO:2000325,8
background,GO:2000327,8
background,GO:2000369,1
background,GO:2000370,1
background,GO:2000374,16
background,GO:2000376,16
background,GO:2000377,930
background,GO:2000378,39
background,GO:2000379,42
background,GO:2000380,2
background,GO:2000381,2
background,GO:2000401,5
background,GO:2000402,5
background,GO:2000404,5
background,GO:2000405,5
background,GO:2000468,2
background,GO:2000470,2
background,GO:2000480,1
background,GO:2000482,3
background,GO:2000483,3
background,GO:2000539,7
background,GO:2000541,7
background,GO:2000573,55
background,GO:2000574,4
background,GO:2000576,4
background,GO:2000580,4
background,GO:2000582,4
background,GO:2000601,52
background,GO:2000615,13
background,GO:2000617,13
background,GO:2000618,13
background,GO:2000620,13
background,GO:2000628,23
background,GO:2000630,13
background,GO:2000634,13
background,GO:2000636,56
background,GO:2000637,13
background,GO:2000640,17
background,GO:2000641,25
background,GO:2000647,1
background,GO:2000648,2
background,GO:2000652,103
background,GO:2000653,2
background,GO:2000668,6
background,GO:2000669,6
background,GO:2000677,8
background,GO:2000679,8
background,GO:2000683,1
background,GO:2000685,1
background,GO:2000689,1
background,GO:2000692,5
background,GO:2000694,54
background,GO:2000736,3
background,GO:2000738,3
background,GO:2000756,64
background,GO:2000757,23
background,GO:2000758,54
background,GO:2000762,187
background,GO:2000765,11
background,GO:2000766,3
background,GO:2000769,29
background,GO:2000771,5
background,GO:2000772,6
background,GO:2000779,86
background,GO:2000780,7
background,GO:2000785,12
background,GO:2000786,9
background,GO:2000810,2
background,GO:2000816,36
background,GO:2000827,2
background,GO:2000896,24
background,GO:2000904,70
background,GO:2001006,116
background,GO:2001009,14
background,GO:2001014,3
background,GO:2001016,3
background,GO:2001020,52
background,GO:2001021,14
background,GO:2001022,17
background,GO:2001023,29
background,GO:2001024,11
background,GO:2001026,162
background,GO:2001028,162
background,GO:2001038,29
background,GO:2001039,11
background,GO:2001056,198
background,GO:2001057,656
background,GO:2001066,17
background,GO:2001070,223
background,GO:2001071,17
background,GO:2001135,3
background,GO:2001137,3
background,GO:2001141,7132
background,GO:2001169,65
background,GO:2001171,1
background,GO:2001222,6
background,GO:2001224,5
background,GO:2001233,47
background,GO:2001234,22
background,GO:2001235,8
background,GO:2001236,14
background,GO:2001237,14
background,GO:2001239,1
background,GO:2001240,1
background,GO:2001242,25
background,GO:2001243,7
background,GO:2001244,1
background,GO:2001251,126
background,GO:2001252,293
background,GO:2001257,182
background,GO:2001279,4
background,GO:2001280,4
background,GO:2001289,1
background,GO:2001294,20
background,GO:2001295,40
(25813 rows)
