accession_id,accession_name,contig_name,bin_mb,n_core,n_soft_core,n_dispensable,n_private,n_singleton,n_total
1,M_arabica,M_arabica_Chr01,0,33,37,3,35,0,108
1,M_arabica,M_arabica_Chr01,1,46,32,4,35,0,117
1,M_arabica,M_arabica_Chr01,2,50,14,12,24,0,100
1,M_arabica,M_arabica_Chr01,3,45,7,28,26,0,106
1,M_arabica,M_arabica_Chr01,4,22,23,30,36,0,111
1,M_arabica,M_arabica_Chr01,5,24,15,25,38,0,102
1,M_arabica,M_arabica_Chr01,6,53,14,16,19,0,102
1,M_arabica,M_arabica_Chr01,7,48,19,10,28,0,105
1,M_arabica,M_arabica_Chr01,8,67,13,6,27,0,113
1,M_arabica,M_arabica_Chr01,9,26,23,30,22,0,101
1,M_arabica,M_arabica_Chr01,10,26,34,10,21,0,91
1,M_arabica,M_arabica_Chr01,11,8,39,28,29,0,104
1,M_arabica,M_arabica_Chr01,12,26,53,6,30,0,115
1,M_arabica,M_arabica_Chr01,13,25,33,2,44,0,104
1,M_arabica,M_arabica_Chr01,14,11,28,13,37,0,89
1,M_arabica,M_arabica_Chr01,15,13,11,39,26,0,89
1,M_arabica,M_arabica_Chr01,16,17,19,25,24,0,85
1,M_arabica,M_arabica_Chr01,17,24,26,1,20,0,71
1,M_arabica,M_arabica_Chr01,18,22,14,7,36,0,79
1,M_arabica,M_arabica_Chr01,19,21,22,9,44,0,96
1,M_arabica,M_arabica_Chr01,20,23,16,5,54,0,98
1,M_arabica,M_arabica_Chr01,21,14,24,10,39,0,87
1,M_arabica,M_arabica_Chr01,22,16,26,8,31,0,81
1,M_arabica,M_arabica_Chr01,23,25,29,3,30,0,87
1,M_arabica,M_arabica_Chr01,24,17,13,6,20,0,56
1,M_arabica,M_arabica_Chr01,25,13,13,7,22,0,55
1,M_arabica,M_arabica_Chr01,26,12,16,10,17,0,55
1,M_arabica,M_arabica_Chr01,27,2,3,3,2,0,10
1,M_arabica,M_arabica_Chr01,28,3,1,9,1,0,14
1,M_arabica,M_arabica_Chr01,29,20,40,3,22,0,85
1,M_arabica,M_arabica_Chr01,30,15,24,5,21,0,66
1,M_arabica,M_arabica_Chr01,31,19,18,12,29,0,78
1,M_arabica,M_arabica_Chr01,32,21,22,7,40,0,90
1,M_arabica,M_arabica_Chr01,33,14,11,6,26,0,57
1,M_arabica,M_arabica_Chr01,34,10,10,8,16,0,44
1,M_arabica,M_arabica_Chr01,35,10,7,5,24,0,46
1,M_arabica,M_arabica_Chr01,36,15,34,1,27,0,77
1,M_arabica,M_arabica_Chr01,37,18,51,3,34,0,106
1,M_arabica,M_arabica_Chr01,38,22,46,0,26,0,94
1,M_arabica,M_arabica_Chr01,39,42,33,2,44,0,121
1,M_arabica,M_arabica_Chr01,40,16,40,3,23,0,82
1,M_arabica,M_arabica_Chr01,41,22,53,1,29,0,105
1,M_arabica,M_arabica_Chr01,42,32,43,3,36,0,114
1,M_arabica,M_arabica_Chr01,43,21,52,0,27,0,100
1,M_arabica,M_arabica_Chr01,44,19,52,3,20,0,95
1,M_arabica,M_arabica_Chr01,45,33,36,3,23,0,95
1,M_arabica,M_arabica_Chr01,46,31,50,6,28,0,115
1,M_arabica,M_arabica_Chr01,47,40,40,4,19,0,103
1,M_arabica,M_arabica_Chr01,48,41,40,4,20,0,106
1,M_arabica,M_arabica_Chr01,49,37,51,5,18,0,111
1,M_arabica,M_arabica_Chr01,50,34,61,4,17,0,116
1,M_arabica,M_arabica_Chr01,51,37,46,3,38,0,125
1,M_arabica,M_arabica_Chr01,52,35,45,5,34,0,119
1,M_arabica,M_arabica_Chr01,53,40,34,6,27,0,107
1,M_arabica,M_arabica_Chr01,54,35,42,6,24,0,107
1,M_arabica,M_arabica_Chr01,55,24,34,7,29,0,94
1,M_arabica,M_arabica_Chr01,56,42,36,4,21,0,103
1,M_arabica,M_arabica_Chr01,57,33,39,9,29,0,112
1,M_arabica,M_arabica_Chr01,58,37,45,9,25,0,116
1,M_arabica,M_arabica_Chr01,59,42,47,4,17,0,110
1,M_arabica,M_arabica_Chr01,60,30,41,11,26,0,108
1,M_arabica,M_arabica_Chr01,61,44,36,5,26,0,111
1,M_arabica,M_arabica_Chr01,62,57,35,4,30,0,126
1,M_arabica,M_arabica_Chr01,63,45,42,5,31,0,123
1,M_arabica,M_arabica_Chr01,64,44,43,4,21,0,112
1,M_arabica,M_arabica_Chr01,65,48,44,8,36,0,136
1,M_arabica,M_arabica_Chr01,66,65,28,8,24,0,125
1,M_arabica,M_arabica_Chr01,67,20,9,4,12,0,45
1,M_arabica,M_arabica_Chr02,0,51,19,7,27,0,104
1,M_arabica,M_arabica_Chr02,1,46,21,10,36,0,113
1,M_arabica,M_arabica_Chr02,2,38,41,3,36,0,119
1,M_arabica,M_arabica_Chr02,3,27,45,21,17,0,111
1,M_arabica,M_arabica_Chr02,4,34,25,33,22,0,114
1,M_arabica,M_arabica_Chr02,5,36,34,20,24,0,114
1,M_arabica,M_arabica_Chr02,6,37,15,26,26,0,104
1,M_arabica,M_arabica_Chr02,7,40,20,18,32,0,110
1,M_arabica,M_arabica_Chr02,8,55,22,6,21,0,105
1,M_arabica,M_arabica_Chr02,9,71,10,2,23,0,106
1,M_arabica,M_arabica_Chr02,10,67,8,2,35,0,112
1,M_arabica,M_arabica_Chr02,11,41,17,3,34,0,95
1,M_arabica,M_arabica_Chr02,12,66,7,9,26,0,108
1,M_arabica,M_arabica_Chr02,13,61,14,2,34,0,111
1,M_arabica,M_arabica_Chr02,14,47,7,6,35,0,95
1,M_arabica,M_arabica_Chr02,15,53,12,4,28,0,97
1,M_arabica,M_arabica_Chr02,16,49,16,2,22,0,89
1,M_arabica,M_arabica_Chr02,17,38,19,9,24,0,90
1,M_arabica,M_arabica_Chr02,18,37,14,10,34,0,95
1,M_arabica,M_arabica_Chr02,19,36,15,4,26,0,81
1,M_arabica,M_arabica_Chr02,20,41,16,5,31,0,93
1,M_arabica,M_arabica_Chr02,21,40,11,2,26,0,79
1,M_arabica,M_arabica_Chr02,22,34,17,4,34,0,89
1,M_arabica,M_arabica_Chr02,23,31,12,4,42,0,89
1,M_arabica,M_arabica_Chr02,24,35,11,3,35,0,84
1,M_arabica,M_arabica_Chr02,25,24,13,5,34,0,76
1,M_arabica,M_arabica_Chr02,26,29,7,4,30,0,70
1,M_arabica,M_arabica_Chr02,27,20,10,5,12,0,47
1,M_arabica,M_arabica_Chr02,28,23,4,5,18,0,50
1,M_arabica,M_arabica_Chr02,29,1,0,1,0,0,2
1,M_arabica,M_arabica_Chr02,30,23,7,5,16,0,51
1,M_arabica,M_arabica_Chr02,31,18,2,4,23,0,47
1,M_arabica,M_arabica_Chr02,32,21,5,4,46,0,77
1,M_arabica,M_arabica_Chr02,33,19,17,6,44,0,86
1,M_arabica,M_arabica_Chr02,34,35,18,3,34,0,90
1,M_arabica,M_arabica_Chr02,35,18,14,1,25,0,59
1,M_arabica,M_arabica_Chr02,36,43,19,8,31,0,101
1,M_arabica,M_arabica_Chr02,37,32,19,5,26,0,82
1,M_arabica,M_arabica_Chr02,38,24,21,4,47,0,96
1,M_arabica,M_arabica_Chr02,39,36,26,5,32,0,99
1,M_arabica,M_arabica_Chr02,40,24,26,7,24,0,81
1,M_arabica,M_arabica_Chr02,41,27,25,4,35,0,91
1,M_arabica,M_arabica_Chr02,42,19,20,11,31,0,81
1,M_arabica,M_arabica_Chr02,43,45,16,9,34,0,104
1,M_arabica,M_arabica_Chr02,44,31,36,6,24,0,97
1,M_arabica,M_arabica_Chr02,45,36,23,10,42,0,111
1,M_arabica,M_arabica_Chr02,46,36,48,7,31,0,122
1,M_arabica,M_arabica_Chr02,47,30,32,10,36,0,108
1,M_arabica,M_arabica_Chr02,48,26,44,7,27,0,104
1,M_arabica,M_arabica_Chr02,49,30,36,8,29,0,103
1,M_arabica,M_arabica_Chr02,50,44,42,5,34,0,125
1,M_arabica,M_arabica_Chr02,51,33,30,10,27,0,100
1,M_arabica,M_arabica_Chr02,52,32,34,5,25,0,96
1,M_arabica,M_arabica_Chr02,53,48,39,4,28,0,119
1,M_arabica,M_arabica_Chr02,54,45,36,9,19,0,109
1,M_arabica,M_arabica_Chr02,55,52,38,6,28,0,124
1,M_arabica,M_arabica_Chr02,56,39,42,12,34,0,127
1,M_arabica,M_arabica_Chr02,57,60,30,5,33,0,128
1,M_arabica,M_arabica_Chr02,58,6,8,1,4,0,19
1,M_arabica,M_arabica_Chr03,0,48,17,6,33,0,105
1,M_arabica,M_arabica_Chr03,1,29,51,4,31,0,115
1,M_arabica,M_arabica_Chr03,2,36,28,8,18,0,90
1,M_arabica,M_arabica_Chr03,3,30,30,6,39,0,105
1,M_arabica,M_arabica_Chr03,4,33,21,7,42,0,103
1,M_arabica,M_arabica_Chr03,5,25,42,7,25,0,99
1,M_arabica,M_arabica_Chr03,6,31,12,6,32,0,81
1,M_arabica,M_arabica_Chr03,7,26,19,5,52,0,102
1,M_arabica,M_arabica_Chr03,8,27,15,3,33,0,78
1,M_arabica,M_arabica_Chr03,9,20,14,1,52,0,87
1,M_arabica,M_arabica_Chr03,10,26,12,2,22,0,62
1,M_arabica,M_arabica_Chr03,11,16,15,3,26,0,60
1,M_arabica,M_arabica_Chr03,12,20,12,2,30,0,64
1,M_arabica,M_arabica_Chr03,13,12,11,3,19,0,45
1,M_arabica,M_arabica_Chr03,14,18,9,10,16,0,53
1,M_arabica,M_arabica_Chr03,15,1,1,0,0,0,2
1,M_arabica,M_arabica_Chr03,17,6,10,8,13,0,37
1,M_arabica,M_arabica_Chr03,18,13,8,3,23,0,47
1,M_arabica,M_arabica_Chr03,19,19,6,3,26,0,54
1,M_arabica,M_arabica_Chr03,20,21,8,7,25,0,61
1,M_arabica,M_arabica_Chr03,21,8,7,9,26,0,50
1,M_arabica,M_arabica_Chr03,22,16,5,6,12,0,39
1,M_arabica,M_arabica_Chr03,23,37,13,7,32,0,89
1,M_arabica,M_arabica_Chr03,24,13,14,7,21,0,55
1,M_arabica,M_arabica_Chr03,25,22,23,2,24,0,72
1,M_arabica,M_arabica_Chr03,26,36,15,3,38,0,92
1,M_arabica,M_arabica_Chr03,27,19,44,6,39,0,108
1,M_arabica,M_arabica_Chr03,28,29,21,6,42,0,98
1,M_arabica,M_arabica_Chr03,29,39,18,5,30,0,92
1,M_arabica,M_arabica_Chr03,30,20,23,5,27,0,76
1,M_arabica,M_arabica_Chr03,31,47,17,3,35,0,102
1,M_arabica,M_arabica_Chr03,32,38,24,6,20,0,88
1,M_arabica,M_arabica_Chr03,33,24,35,10,30,0,99
1,M_arabica,M_arabica_Chr03,34,26,29,10,22,0,87
1,M_arabica,M_arabica_Chr03,35,22,36,12,24,0,94
1,M_arabica,M_arabica_Chr03,36,33,29,14,20,0,96
1,M_arabica,M_arabica_Chr03,37,47,13,4,23,0,88
1,M_arabica,M_arabica_Chr03,38,30,24,7,35,0,96
1,M_arabica,M_arabica_Chr03,39,32,34,6,34,0,106
1,M_arabica,M_arabica_Chr03,40,22,39,14,23,0,98
1,M_arabica,M_arabica_Chr03,41,32,30,19,18,0,99
1,M_arabica,M_arabica_Chr03,42,47,27,11,24,0,110
1,M_arabica,M_arabica_Chr03,43,69,14,5,15,0,104
1,M_arabica,M_arabica_Chr03,44,62,21,10,21,0,114
1,M_arabica,M_arabica_Chr03,45,31,38,5,29,0,103
1,M_arabica,M_arabica_Chr03,46,43,28,20,25,0,116
1,M_arabica,M_arabica_Chr03,47,64,25,13,24,0,126
1,M_arabica,M_arabica_Chr03,48,61,30,7,19,0,117
1,M_arabica,M_arabica_Chr03,49,48,36,11,22,0,118
1,M_arabica,M_arabica_Chr03,50,41,34,1,27,0,103
1,M_arabica,M_arabica_Chr03,51,53,30,19,33,0,135
1,M_arabica,M_arabica_Chr03,52,55,27,14,16,0,112
1,M_arabica,M_arabica_Chr03,53,61,22,14,24,0,121
1,M_arabica,M_arabica_Chr03,54,65,19,10,17,0,111
1,M_arabica,M_arabica_Chr03,55,65,18,8,23,0,114
1,M_arabica,M_arabica_Chr03,56,51,21,26,23,0,121
1,M_arabica,M_arabica_Chr03,57,57,31,14,19,0,121
1,M_arabica,M_arabica_Chr03,58,65,24,13,32,0,134
1,M_arabica,M_arabica_Chr03,59,54,26,10,25,0,115
1,M_arabica,M_arabica_Chr03,60,64,18,7,29,0,118
1,M_arabica,M_arabica_Chr03,61,71,30,11,28,0,140
1,M_arabica,M_arabica_Chr03,62,57,28,6,27,0,118
1,M_arabica,M_arabica_Chr03,63,63,19,6,34,0,122
1,M_arabica,M_arabica_Chr03,64,45,24,3,21,0,94
1,M_arabica,M_arabica_Chr04,0,41,19,3,30,0,94
1,M_arabica,M_arabica_Chr04,1,43,19,8,36,0,106
1,M_arabica,M_arabica_Chr04,2,43,26,7,24,0,100
1,M_arabica,M_arabica_Chr04,3,38,31,6,29,0,104
1,M_arabica,M_arabica_Chr04,4,45,12,5,18,0,80
1,M_arabica,M_arabica_Chr04,5,20,9,11,22,0,63
1,M_arabica,M_arabica_Chr04,6,31,11,5,31,0,78
1,M_arabica,M_arabica_Chr04,7,35,22,3,37,0,98
1,M_arabica,M_arabica_Chr04,8,44,12,10,28,0,94
1,M_arabica,M_arabica_Chr04,9,36,8,4,41,0,89
1,M_arabica,M_arabica_Chr04,10,34,22,7,21,0,84
1,M_arabica,M_arabica_Chr04,11,34,7,6,36,0,83
1,M_arabica,M_arabica_Chr04,12,43,11,9,38,0,101
1,M_arabica,M_arabica_Chr04,13,17,9,6,23,0,55
1,M_arabica,M_arabica_Chr04,14,44,11,10,31,0,96
1,M_arabica,M_arabica_Chr04,15,84,7,7,21,0,119
1,M_arabica,M_arabica_Chr04,16,15,6,4,21,0,46
1,M_arabica,M_arabica_Chr04,17,30,15,3,36,0,84
1,M_arabica,M_arabica_Chr04,18,35,22,6,41,0,105
1,M_arabica,M_arabica_Chr04,19,22,10,13,35,0,81
1,M_arabica,M_arabica_Chr04,20,24,13,6,30,0,73
1,M_arabica,M_arabica_Chr04,21,16,15,9,33,0,73
1,M_arabica,M_arabica_Chr04,22,30,8,11,27,0,76
1,M_arabica,M_arabica_Chr04,23,16,2,4,24,0,46
1,M_arabica,M_arabica_Chr04,24,11,3,7,11,0,32
1,M_arabica,M_arabica_Chr04,25,6,4,2,9,0,21
1,M_arabica,M_arabica_Chr04,26,6,5,2,12,0,25
1,M_arabica,M_arabica_Chr04,27,5,0,8,5,0,19
1,M_arabica,M_arabica_Chr04,28,11,5,6,16,0,38
1,M_arabica,M_arabica_Chr04,29,20,12,6,15,0,53
1,M_arabica,M_arabica_Chr04,30,18,8,10,24,0,60
1,M_arabica,M_arabica_Chr04,31,25,15,9,25,0,74
1,M_arabica,M_arabica_Chr04,32,25,15,8,40,0,88
1,M_arabica,M_arabica_Chr04,33,35,18,12,37,0,102
1,M_arabica,M_arabica_Chr04,34,26,24,8,27,0,85
1,M_arabica,M_arabica_Chr04,35,36,28,8,39,0,111
1,M_arabica,M_arabica_Chr04,36,22,9,5,38,0,75
1,M_arabica,M_arabica_Chr04,37,17,14,3,41,0,75
1,M_arabica,M_arabica_Chr04,38,33,22,4,20,0,79
1,M_arabica,M_arabica_Chr04,39,34,20,12,34,0,100
1,M_arabica,M_arabica_Chr04,40,35,20,10,37,0,103
1,M_arabica,M_arabica_Chr04,41,51,17,9,23,0,100
1,M_arabica,M_arabica_Chr04,42,38,21,7,29,0,95
1,M_arabica,M_arabica_Chr04,43,42,28,3,39,0,112
1,M_arabica,M_arabica_Chr04,44,52,32,10,35,0,129
1,M_arabica,M_arabica_Chr04,45,45,27,4,35,0,111
1,M_arabica,M_arabica_Chr04,46,45,25,8,26,0,104
1,M_arabica,M_arabica_Chr04,47,38,45,5,20,0,108
1,M_arabica,M_arabica_Chr04,48,48,44,2,27,0,121
1,M_arabica,M_arabica_Chr04,49,61,30,6,29,0,126
1,M_arabica,M_arabica_Chr04,50,47,33,5,23,0,108
1,M_arabica,M_arabica_Chr04,51,59,16,7,23,0,105
1,M_arabica,M_arabica_Chr04,52,40,48,8,18,0,114
1,M_arabica,M_arabica_Chr04,53,54,48,4,26,0,132
1,M_arabica,M_arabica_Chr04,54,54,36,8,23,0,121
1,M_arabica,M_arabica_Chr04,55,49,37,7,16,0,109
1,M_arabica,M_arabica_Chr04,56,55,32,8,37,0,132
1,M_arabica,M_arabica_Chr04,57,51,30,2,27,0,110
1,M_arabica,M_arabica_Chr04,58,60,23,4,17,0,104
1,M_arabica,M_arabica_Chr04,59,54,24,9,35,0,122
1,M_arabica,M_arabica_Chr04,60,40,46,9,24,0,119
1,M_arabica,M_arabica_Chr04,61,55,40,5,27,0,127
1,M_arabica,M_arabica_Chr04,62,54,36,5,26,0,121
1,M_arabica,M_arabica_Chr04,63,56,29,8,21,0,114
1,M_arabica,M_arabica_Chr04,64,56,32,8,28,0,124
1,M_arabica,M_arabica_Chr04,65,59,19,4,37,0,119
1,M_arabica,M_arabica_Chr04,66,70,18,4,25,0,117
1,M_arabica,M_arabica_Chr04,67,55,26,5,30,0,116
1,M_arabica,M_arabica_Chr04,68,56,34,4,21,0,115
1,M_arabica,M_arabica_Chr04,69,62,35,3,26,0,126
1,M_arabica,M_arabica_Chr04,70,51,35,3,37,0,126
1,M_arabica,M_arabica_Chr04,71,61,8,11,24,0,104
1,M_arabica,M_arabica_Chr05,0,47,21,1,28,0,97
1,M_arabica,M_arabica_Chr05,1,71,21,5,33,0,130
1,M_arabica,M_arabica_Chr05,2,52,26,13,29,0,121
1,M_arabica,M_arabica_Chr05,3,68,22,4,21,0,115
1,M_arabica,M_arabica_Chr05,4,71,10,6,30,0,117
1,M_arabica,M_arabica_Chr05,5,57,11,7,30,0,105
1,M_arabica,M_arabica_Chr05,6,55,11,8,18,0,92
1,M_arabica,M_arabica_Chr05,7,72,16,11,20,0,119
1,M_arabica,M_arabica_Chr05,8,60,23,7,18,0,108
1,M_arabica,M_arabica_Chr05,9,60,21,3,23,0,107
1,M_arabica,M_arabica_Chr05,10,48,21,9,24,0,102
1,M_arabica,M_arabica_Chr05,11,51,21,4,23,0,99
1,M_arabica,M_arabica_Chr05,12,68,11,5,16,0,100
1,M_arabica,M_arabica_Chr05,13,42,17,5,22,0,87
1,M_arabica,M_arabica_Chr05,14,55,12,4,30,0,101
1,M_arabica,M_arabica_Chr05,15,43,11,5,20,0,79
1,M_arabica,M_arabica_Chr05,16,36,32,4,40,0,112
1,M_arabica,M_arabica_Chr05,17,39,11,5,44,0,99
1,M_arabica,M_arabica_Chr05,18,47,6,6,45,0,104
1,M_arabica,M_arabica_Chr05,19,22,6,4,29,0,61
1,M_arabica,M_arabica_Chr05,20,53,12,2,38,0,105
1,M_arabica,M_arabica_Chr05,21,25,6,19,40,0,90
1,M_arabica,M_arabica_Chr05,22,40,20,8,44,0,113
1,M_arabica,M_arabica_Chr05,23,31,15,10,33,0,89
1,M_arabica,M_arabica_Chr05,24,32,7,4,25,0,68
1,M_arabica,M_arabica_Chr05,25,25,7,11,35,0,78
1,M_arabica,M_arabica_Chr05,26,20,6,4,11,0,41
1,M_arabica,M_arabica_Chr05,27,17,11,6,16,0,50
1,M_arabica,M_arabica_Chr05,30,12,4,10,11,0,37
1,M_arabica,M_arabica_Chr05,31,14,9,6,21,0,50
1,M_arabica,M_arabica_Chr05,32,16,5,7,18,0,46
1,M_arabica,M_arabica_Chr05,33,13,4,8,20,0,46
1,M_arabica,M_arabica_Chr05,34,15,12,7,17,0,51
1,M_arabica,M_arabica_Chr05,35,26,15,9,40,0,90
1,M_arabica,M_arabica_Chr05,36,26,8,9,38,0,81
1,M_arabica,M_arabica_Chr05,37,22,10,16,35,0,83
1,M_arabica,M_arabica_Chr05,38,24,14,7,39,0,84
1,M_arabica,M_arabica_Chr05,39,9,29,13,37,0,89
1,M_arabica,M_arabica_Chr05,40,32,18,8,52,0,111
1,M_arabica,M_arabica_Chr05,41,31,15,6,33,0,85
1,M_arabica,M_arabica_Chr05,42,58,19,12,29,0,119
1,M_arabica,M_arabica_Chr05,43,48,16,5,28,0,98
1,M_arabica,M_arabica_Chr05,44,36,23,6,24,0,89
1,M_arabica,M_arabica_Chr05,45,44,17,9,17,0,87
1,M_arabica,M_arabica_Chr05,46,42,18,10,37,0,107
1,M_arabica,M_arabica_Chr05,47,37,19,6,36,0,98
1,M_arabica,M_arabica_Chr05,48,42,24,7,35,0,108
1,M_arabica,M_arabica_Chr05,49,48,21,7,34,0,112
1,M_arabica,M_arabica_Chr05,50,40,18,4,53,0,115
1,M_arabica,M_arabica_Chr05,51,67,16,8,26,0,117
1,M_arabica,M_arabica_Chr05,52,40,21,12,35,0,109
1,M_arabica,M_arabica_Chr05,53,52,21,11,31,0,115
1,M_arabica,M_arabica_Chr05,54,61,18,6,44,0,129
1,M_arabica,M_arabica_Chr05,55,40,26,5,30,0,101
1,M_arabica,M_arabica_Chr05,56,54,21,14,38,0,127
1,M_arabica,M_arabica_Chr05,57,61,12,16,28,0,117
1,M_arabica,M_arabica_Chr05,58,32,12,7,27,0,78
1,M_arabica,M_arabica_Chr06,0,50,12,13,35,0,110
1,M_arabica,M_arabica_Chr06,1,40,11,7,22,0,80
1,M_arabica,M_arabica_Chr06,2,51,6,13,21,0,92
1,M_arabica,M_arabica_Chr06,3,40,13,7,38,0,98
1,M_arabica,M_arabica_Chr06,4,47,15,2,30,0,94
1,M_arabica,M_arabica_Chr06,5,47,6,5,26,0,84
1,M_arabica,M_arabica_Chr06,6,46,19,8,26,0,99
1,M_arabica,M_arabica_Chr06,7,34,7,5,18,0,64
1,M_arabica,M_arabica_Chr06,8,25,18,8,30,0,81
1,M_arabica,M_arabica_Chr06,9,35,8,12,45,0,100
1,M_arabica,M_arabica_Chr06,10,45,10,12,19,0,86
1,M_arabica,M_arabica_Chr06,11,31,10,11,65,0,117
1,M_arabica,M_arabica_Chr06,12,40,15,5,39,0,100
1,M_arabica,M_arabica_Chr06,13,36,8,7,46,0,97
1,M_arabica,M_arabica_Chr06,14,44,5,9,34,0,92
1,M_arabica,M_arabica_Chr06,15,21,13,8,38,0,80
1,M_arabica,M_arabica_Chr06,16,16,9,7,47,0,79
1,M_arabica,M_arabica_Chr06,17,31,7,0,35,0,74
1,M_arabica,M_arabica_Chr06,18,16,11,11,33,0,71
1,M_arabica,M_arabica_Chr06,19,27,12,5,27,0,71
1,M_arabica,M_arabica_Chr06,20,33,5,3,33,0,74
1,M_arabica,M_arabica_Chr06,21,25,15,6,31,0,78
1,M_arabica,M_arabica_Chr06,22,17,7,12,33,0,69
1,M_arabica,M_arabica_Chr06,23,15,5,2,23,0,45
1,M_arabica,M_arabica_Chr06,24,13,7,10,28,0,58
1,M_arabica,M_arabica_Chr06,25,13,3,9,22,0,47
1,M_arabica,M_arabica_Chr06,26,18,8,15,23,0,64
1,M_arabica,M_arabica_Chr06,27,25,4,5,19,0,53
1,M_arabica,M_arabica_Chr06,28,27,9,8,44,0,88
1,M_arabica,M_arabica_Chr06,29,29,7,4,28,0,68
1,M_arabica,M_arabica_Chr06,30,30,10,5,19,0,64
1,M_arabica,M_arabica_Chr06,31,15,6,6,26,0,53
1,M_arabica,M_arabica_Chr06,32,14,6,6,9,0,35
1,M_arabica,M_arabica_Chr06,33,14,6,9,13,0,42
1,M_arabica,M_arabica_Chr06,34,19,1,1,17,0,38
1,M_arabica,M_arabica_Chr06,35,2,0,0,4,0,6
1,M_arabica,M_arabica_Chr06,36,16,12,6,14,0,48
1,M_arabica,M_arabica_Chr06,37,17,9,8,33,0,67
1,M_arabica,M_arabica_Chr06,38,13,6,9,22,0,50
1,M_arabica,M_arabica_Chr06,39,15,9,5,33,0,62
1,M_arabica,M_arabica_Chr06,40,22,7,6,26,0,61
1,M_arabica,M_arabica_Chr06,41,23,3,5,22,0,53
1,M_arabica,M_arabica_Chr06,42,14,4,11,31,0,60
1,M_arabica,M_arabica_Chr06,43,24,10,3,29,0,66
1,M_arabica,M_arabica_Chr06,44,12,3,7,39,0,61
1,M_arabica,M_arabica_Chr06,45,15,8,12,21,0,56
1,M_arabica,M_arabica_Chr06,46,28,16,6,30,0,80
1,M_arabica,M_arabica_Chr06,47,10,10,8,28,0,56
1,M_arabica,M_arabica_Chr06,48,11,4,19,41,0,75
1,M_arabica,M_arabica_Chr06,49,27,8,5,25,0,65
1,M_arabica,M_arabica_Chr06,50,28,12,8,40,0,88
1,M_arabica,M_arabica_Chr06,51,17,15,4,33,0,69
1,M_arabica,M_arabica_Chr06,52,27,9,5,37,0,78
1,M_arabica,M_arabica_Chr06,53,32,16,7,24,0,79
1,M_arabica,M_arabica_Chr06,54,37,7,3,43,0,90
1,M_arabica,M_arabica_Chr06,55,37,9,5,43,0,94
1,M_arabica,M_arabica_Chr06,56,21,19,10,42,0,92
1,M_arabica,M_arabica_Chr06,57,36,12,2,32,0,83
1,M_arabica,M_arabica_Chr06,58,31,11,5,36,0,83
1,M_arabica,M_arabica_Chr06,59,35,6,6,22,0,70
1,M_arabica,M_arabica_Chr06,60,44,16,5,39,0,104
1,M_arabica,M_arabica_Chr06,61,35,12,5,27,0,79
1,M_arabica,M_arabica_Chr06,62,42,14,6,31,0,93
1,M_arabica,M_arabica_Chr06,63,51,13,4,20,0,89
1,M_arabica,M_arabica_Chr06,64,41,14,11,24,0,90
1,M_arabica,M_arabica_Chr07,0,31,17,7,29,0,84
1,M_arabica,M_arabica_Chr07,1,43,16,13,21,0,93
1,M_arabica,M_arabica_Chr07,2,29,15,6,27,0,77
1,M_arabica,M_arabica_Chr07,3,47,10,5,43,0,105
1,M_arabica,M_arabica_Chr07,4,49,3,5,36,0,93
1,M_arabica,M_arabica_Chr07,5,39,16,8,24,0,88
1,M_arabica,M_arabica_Chr07,6,42,12,8,26,0,88
1,M_arabica,M_arabica_Chr07,7,36,8,4,38,0,86
1,M_arabica,M_arabica_Chr07,8,29,18,5,35,0,87
1,M_arabica,M_arabica_Chr07,9,35,19,10,31,0,95
1,M_arabica,M_arabica_Chr07,10,33,11,10,34,0,88
1,M_arabica,M_arabica_Chr07,11,18,8,4,30,0,60
1,M_arabica,M_arabica_Chr07,12,24,13,7,41,0,85
1,M_arabica,M_arabica_Chr07,13,37,8,9,30,0,84
1,M_arabica,M_arabica_Chr07,14,18,2,8,25,0,53
1,M_arabica,M_arabica_Chr07,15,24,4,13,27,0,69
1,M_arabica,M_arabica_Chr07,16,16,9,10,15,0,50
1,M_arabica,M_arabica_Chr07,17,21,6,6,11,0,44
1,M_arabica,M_arabica_Chr07,18,8,2,1,13,0,24
1,M_arabica,M_arabica_Chr07,19,5,6,3,14,0,28
1,M_arabica,M_arabica_Chr07,20,13,5,1,10,0,29
1,M_arabica,M_arabica_Chr07,21,14,2,1,14,0,31
1,M_arabica,M_arabica_Chr07,22,21,7,3,21,0,52
1,M_arabica,M_arabica_Chr07,23,22,5,5,32,0,64
1,M_arabica,M_arabica_Chr07,24,21,8,8,22,0,59
1,M_arabica,M_arabica_Chr07,25,25,9,17,40,0,91
1,M_arabica,M_arabica_Chr07,26,27,13,7,49,0,96
1,M_arabica,M_arabica_Chr07,27,33,23,3,40,0,100
1,M_arabica,M_arabica_Chr07,28,47,17,5,36,0,105
1,M_arabica,M_arabica_Chr07,29,38,10,6,48,0,102
1,M_arabica,M_arabica_Chr07,30,24,12,7,32,0,75
1,M_arabica,M_arabica_Chr07,31,36,20,7,22,0,85
1,M_arabica,M_arabica_Chr07,32,30,15,8,18,0,72
1,M_arabica,M_arabica_Chr07,33,29,15,12,40,0,96
1,M_arabica,M_arabica_Chr07,34,49,13,10,27,0,100
1,M_arabica,M_arabica_Chr07,35,48,11,8,24,0,92
1,M_arabica,M_arabica_Chr07,36,42,11,2,36,0,91
1,M_arabica,M_arabica_Chr07,37,48,9,10,17,0,84
1,M_arabica,M_arabica_Chr07,38,60,15,9,22,0,106
1,M_arabica,M_arabica_Chr07,39,58,22,6,29,0,116
1,M_arabica,M_arabica_Chr07,40,55,6,5,35,0,101
1,M_arabica,M_arabica_Chr07,41,65,28,5,28,0,126
1,M_arabica,M_arabica_Chr07,42,49,20,4,19,0,92
1,M_arabica,M_arabica_Chr07,43,56,21,5,30,0,112
1,M_arabica,M_arabica_Chr07,44,56,15,11,31,0,113
1,M_arabica,M_arabica_Chr07,45,72,6,7,30,0,115
1,M_arabica,M_arabica_Chr07,46,53,15,8,24,0,100
1,M_arabica,M_arabica_Chr07,47,53,19,3,25,0,100
1,M_arabica,M_arabica_Chr07,48,53,16,11,24,0,104
1,M_arabica,M_arabica_Chr07,49,71,12,13,22,0,118
1,M_arabica,M_arabica_Chr07,50,50,34,10,24,0,118
1,M_arabica,M_arabica_Chr07,51,49,24,9,19,0,102
1,M_arabica,M_arabica_Chr07,52,49,41,10,25,0,125
1,M_arabica,M_arabica_Chr07,53,65,19,6,24,0,114
1,M_arabica,M_arabica_Chr07,54,57,14,9,30,0,112
1,M_arabica,M_arabica_Chr07,55,55,27,12,27,0,122
1,M_arabica,M_arabica_Chr07,56,74,23,7,29,0,133
1,M_arabica,M_arabica_Chr07,57,63,13,7,28,0,111
1,M_arabica,M_arabica_Chr07,58,58,38,10,24,0,130
1,M_arabica,M_arabica_Chr07,59,63,38,8,17,0,126
1,M_arabica,M_arabica_Chr07,60,62,23,10,30,0,125
1,M_arabica,M_arabica_Chr07,61,71,10,8,31,0,121
1,M_arabica,M_arabica_Chr08,0,52,9,9,16,0,86
1,M_arabica,M_arabica_Chr08,1,60,15,3,29,0,107
1,M_arabica,M_arabica_Chr08,2,63,8,6,18,0,95
1,M_arabica,M_arabica_Chr08,3,41,17,8,21,0,87
1,M_arabica,M_arabica_Chr08,4,63,15,6,40,0,124
1,M_arabica,M_arabica_Chr08,5,42,18,5,35,0,100
1,M_arabica,M_arabica_Chr08,6,53,11,6,22,0,92
1,M_arabica,M_arabica_Chr08,7,63,16,7,21,0,107
1,M_arabica,M_arabica_Chr08,8,57,13,5,31,0,106
1,M_arabica,M_arabica_Chr08,9,46,9,8,30,0,93
1,M_arabica,M_arabica_Chr08,10,62,11,6,20,0,99
1,M_arabica,M_arabica_Chr08,11,63,5,3,35,0,107
1,M_arabica,M_arabica_Chr08,12,49,16,3,34,0,102
1,M_arabica,M_arabica_Chr08,13,62,4,7,33,0,106
1,M_arabica,M_arabica_Chr08,14,51,12,6,31,0,100
1,M_arabica,M_arabica_Chr08,15,49,7,3,23,0,82
1,M_arabica,M_arabica_Chr08,16,44,17,4,43,0,108
1,M_arabica,M_arabica_Chr08,17,42,10,6,39,0,97
1,M_arabica,M_arabica_Chr08,18,45,12,6,30,0,93
1,M_arabica,M_arabica_Chr08,19,18,4,11,21,0,54
1,M_arabica,M_arabica_Chr08,20,36,8,14,33,0,91
1,M_arabica,M_arabica_Chr08,21,41,15,8,27,0,92
1,M_arabica,M_arabica_Chr08,22,29,7,9,27,0,72
1,M_arabica,M_arabica_Chr08,23,14,5,7,17,0,43
1,M_arabica,M_arabica_Chr08,24,18,5,3,16,0,42
1,M_arabica,M_arabica_Chr08,25,13,3,8,17,0,41
1,M_arabica,M_arabica_Chr08,26,8,1,1,4,0,14
1,M_arabica,M_arabica_Chr08,27,2,0,0,0,0,2
1,M_arabica,M_arabica_Chr08,28,17,2,2,10,0,31
1,M_arabica,M_arabica_Chr08,29,17,4,6,21,0,49
1,M_arabica,M_arabica_Chr08,30,16,4,8,19,0,48
1,M_arabica,M_arabica_Chr08,31,19,4,6,20,0,49
1,M_arabica,M_arabica_Chr08,32,32,8,19,40,0,99
1,M_arabica,M_arabica_Chr08,33,53,5,4,37,0,99
1,M_arabica,M_arabica_Chr08,34,48,10,10,45,0,113
1,M_arabica,M_arabica_Chr08,35,27,13,5,27,0,72
1,M_arabica,M_arabica_Chr08,36,42,14,7,47,0,110
1,M_arabica,M_arabica_Chr08,37,42,6,11,28,0,87
1,M_arabica,M_arabica_Chr08,38,51,5,12,26,0,94
1,M_arabica,M_arabica_Chr08,39,54,15,9,35,0,114
1,M_arabica,M_arabica_Chr08,40,74,4,5,27,0,111
1,M_arabica,M_arabica_Chr08,41,70,10,9,19,0,109
1,M_arabica,M_arabica_Chr08,42,60,6,6,22,0,95
1,M_arabica,M_arabica_Chr08,43,56,4,17,15,0,92
1,M_arabica,M_arabica_Chr08,44,60,2,3,35,0,100
1,M_arabica,M_arabica_Chr08,45,67,5,9,25,0,106
1,M_arabica,M_arabica_Chr08,46,70,8,5,21,0,104
1,M_arabica,M_arabica_Chr08,47,54,9,9,27,0,99
1,M_arabica,M_arabica_Chr08,48,73,5,11,29,0,118
1,M_arabica,M_arabica_Chr08,49,77,8,11,31,0,127
1,M_arabica,M_arabica_Chr08,50,86,4,7,20,0,117
1,M_arabica,M_arabica_Chr08,51,74,6,8,21,0,109
1,M_arabica,M_arabica_Chr08,52,57,8,16,19,0,100
1,M_arabica,M_arabica_Chr08,53,63,8,6,29,0,107
1,M_arabica,M_arabica_Chr08,54,73,5,13,28,0,119
1,M_arabica,M_arabica_Chr08,55,85,8,11,23,0,127
1,M_arabica,M_arabica_Chr08,56,67,6,10,30,0,113
1,M_arabica,M_arabica_Chr08,57,69,5,17,19,0,110
1,M_arabica,M_arabica_Chr08,58,72,12,10,32,0,126
1,M_arabica,M_arabica_Chr08,59,63,11,14,32,0,120
1,M_arabica,M_arabica_Chr08,60,61,12,12,35,0,120
1,M_arabica,M_arabica_Chr08,61,75,10,13,30,0,128
1,M_arabica,M_arabica_Chr08,62,58,8,19,27,0,112
1,M_arabica,M_arabica_Chr08,63,1,1,1,1,0,4
2,M_lupulina,M_lupulina_T2T_Chr06,0,8,0,0,0,0,8
2,M_lupulina,M_lupulina_T2T_Chr06,1,74,24,18,7,0,123
2,M_lupulina,M_lupulina_T2T_Chr06,2,62,27,10,7,0,106
2,M_lupulina,M_lupulina_T2T_Chr06,3,79,11,9,10,0,109
2,M_lupulina,M_lupulina_T2T_Chr06,4,56,14,12,5,0,87
2,M_lupulina,M_lupulina_T2T_Chr06,5,68,13,4,8,0,93
2,M_lupulina,M_lupulina_T2T_Chr06,6,75,14,9,11,0,109
2,M_lupulina,M_lupulina_T2T_Chr06,7,57,21,5,6,0,89
2,M_lupulina,M_lupulina_T2T_Chr06,8,61,19,9,7,0,96
2,M_lupulina,M_lupulina_T2T_Chr06,9,60,24,2,10,0,96
2,M_lupulina,M_lupulina_T2T_Chr06,10,58,20,8,6,0,92
2,M_lupulina,M_lupulina_T2T_Chr06,11,43,12,5,6,0,66
2,M_lupulina,M_lupulina_T2T_Chr06,12,53,13,4,11,0,81
2,M_lupulina,M_lupulina_T2T_Chr06,13,40,12,6,12,0,70
2,M_lupulina,M_lupulina_T2T_Chr06,14,44,16,11,8,0,79
2,M_lupulina,M_lupulina_T2T_Chr06,15,22,27,8,16,0,73
2,M_lupulina,M_lupulina_T2T_Chr06,16,40,6,5,9,0,60
2,M_lupulina,M_lupulina_T2T_Chr06,17,37,4,3,8,0,52
2,M_lupulina,M_lupulina_T2T_Chr06,18,28,6,2,17,0,53
2,M_lupulina,M_lupulina_T2T_Chr06,19,41,10,0,13,0,64
2,M_lupulina,M_lupulina_T2T_Chr06,20,24,6,4,9,0,43
2,M_lupulina,M_lupulina_T2T_Chr06,21,22,10,4,8,0,44
2,M_lupulina,M_lupulina_T2T_Chr06,22,19,8,2,10,0,39
2,M_lupulina,M_lupulina_T2T_Chr06,23,17,9,1,15,0,42
2,M_lupulina,M_lupulina_T2T_Chr06,24,28,4,5,6,0,43
2,M_lupulina,M_lupulina_T2T_Chr06,25,9,1,0,9,0,19
2,M_lupulina,M_lupulina_T2T_Chr06,26,9,3,0,2,0,14
2,M_lupulina,M_lupulina_T2T_Chr06,27,18,3,1,6,0,28
2,M_lupulina,M_lupulina_T2T_Chr06,28,20,7,4,13,0,44
2,M_lupulina,M_lupulina_T2T_Chr06,29,10,3,1,5,0,19
2,M_lupulina,M_lupulina_T2T_Chr06,30,4,2,1,0,0,7
2,M_lupulina,M_lupulina_T2T_Chr06,33,0,0,0,2,0,2
2,M_lupulina,M_lupulina_T2T_Chr06,34,0,0,0,1,0,1
2,M_lupulina,M_lupulina_T2T_Chr06,35,3,1,0,0,0,4
2,M_lupulina,M_lupulina_T2T_Chr06,36,3,1,0,0,0,4
2,M_lupulina,M_lupulina_T2T_Chr06,37,14,2,2,4,0,22
2,M_lupulina,M_lupulina_T2T_Chr06,38,19,8,1,7,0,35
2,M_lupulina,M_lupulina_T2T_Chr06,39,15,6,1,5,0,27
2,M_lupulina,M_lupulina_T2T_Chr06,40,9,2,4,4,0,19
2,M_lupulina,M_lupulina_T2T_Chr06,41,11,5,0,8,0,24
2,M_lupulina,M_lupulina_T2T_Chr06,42,11,9,3,3,0,26
2,M_lupulina,M_lupulina_T2T_Chr06,43,12,6,3,8,0,29
2,M_lupulina,M_lupulina_T2T_Chr06,44,2,4,7,11,0,24
2,M_lupulina,M_lupulina_T2T_Chr06,45,12,4,0,8,0,24
2,M_lupulina,M_lupulina_T2T_Chr06,46,19,1,3,8,0,31
2,M_lupulina,M_lupulina_T2T_Chr06,47,15,8,0,5,0,28
2,M_lupulina,M_lupulina_T2T_Chr06,48,17,4,2,9,0,32
2,M_lupulina,M_lupulina_T2T_Chr06,49,24,9,5,12,0,50
2,M_lupulina,M_lupulina_T2T_Chr06,50,26,8,5,12,0,51
2,M_lupulina,M_lupulina_T2T_Chr06,51,23,17,6,13,0,59
2,M_lupulina,M_lupulina_T2T_Chr06,52,43,5,3,7,0,58
2,M_lupulina,M_lupulina_T2T_Chr06,53,27,17,3,5,0,52
2,M_lupulina,M_lupulina_T2T_Chr06,54,36,9,5,18,0,68
2,M_lupulina,M_lupulina_T2T_Chr06,55,43,10,6,20,0,79
2,M_lupulina,M_lupulina_T2T_Chr06,56,36,4,6,15,0,61
2,M_lupulina,M_lupulina_T2T_Chr06,57,49,16,5,18,0,88
2,M_lupulina,M_lupulina_T2T_Chr06,58,38,13,2,8,0,61
2,M_lupulina,M_lupulina_T2T_Chr06,59,38,16,7,11,0,72
2,M_lupulina,M_lupulina_T2T_Chr06,60,31,15,11,18,0,75
2,M_lupulina,M_lupulina_T2T_Chr06,61,6,2,0,0,0,8
2,M_lupulina,M_lupulina_T2T_Chr07,0,33,12,5,8,0,59
2,M_lupulina,M_lupulina_T2T_Chr07,1,33,14,11,9,0,67
2,M_lupulina,M_lupulina_T2T_Chr07,2,19,14,3,6,0,42
2,M_lupulina,M_lupulina_T2T_Chr07,3,41,6,6,12,0,65
2,M_lupulina,M_lupulina_T2T_Chr07,4,40,6,5,16,0,67
2,M_lupulina,M_lupulina_T2T_Chr07,5,43,8,4,14,0,69
2,M_lupulina,M_lupulina_T2T_Chr07,6,33,8,8,11,0,60
2,M_lupulina,M_lupulina_T2T_Chr07,7,36,8,4,12,0,60
2,M_lupulina,M_lupulina_T2T_Chr07,8,33,15,5,9,0,62
2,M_lupulina,M_lupulina_T2T_Chr07,9,32,13,6,8,0,59
2,M_lupulina,M_lupulina_T2T_Chr07,10,22,7,14,6,0,49
2,M_lupulina,M_lupulina_T2T_Chr07,11,16,11,1,9,0,37
2,M_lupulina,M_lupulina_T2T_Chr07,12,18,6,6,9,0,39
2,M_lupulina,M_lupulina_T2T_Chr07,13,17,1,2,5,0,25
2,M_lupulina,M_lupulina_T2T_Chr07,14,26,2,6,10,0,44
2,M_lupulina,M_lupulina_T2T_Chr07,15,18,8,4,5,0,35
2,M_lupulina,M_lupulina_T2T_Chr07,16,29,5,4,10,0,48
2,M_lupulina,M_lupulina_T2T_Chr07,17,22,4,3,9,0,38
2,M_lupulina,M_lupulina_T2T_Chr07,18,21,8,1,10,0,40
2,M_lupulina,M_lupulina_T2T_Chr07,19,16,4,1,4,0,25
2,M_lupulina,M_lupulina_T2T_Chr07,20,20,4,2,6,0,32
2,M_lupulina,M_lupulina_T2T_Chr07,21,3,2,1,3,0,9
2,M_lupulina,M_lupulina_T2T_Chr07,22,0,0,0,1,0,1
2,M_lupulina,M_lupulina_T2T_Chr07,23,0,0,0,1,0,1
2,M_lupulina,M_lupulina_T2T_Chr07,26,0,0,0,1,0,1
2,M_lupulina,M_lupulina_T2T_Chr07,27,1,0,0,0,0,1
2,M_lupulina,M_lupulina_T2T_Chr07,28,15,3,1,2,0,21
2,M_lupulina,M_lupulina_T2T_Chr07,29,5,3,0,4,0,12
2,M_lupulina,M_lupulina_T2T_Chr07,30,10,5,0,2,0,17
2,M_lupulina,M_lupulina_T2T_Chr07,31,16,4,2,2,0,24
2,M_lupulina,M_lupulina_T2T_Chr07,32,13,3,5,4,0,25
2,M_lupulina,M_lupulina_T2T_Chr07,33,15,9,1,6,0,31
2,M_lupulina,M_lupulina_T2T_Chr07,34,7,4,0,9,0,20
2,M_lupulina,M_lupulina_T2T_Chr07,35,23,7,4,12,0,46
2,M_lupulina,M_lupulina_T2T_Chr07,36,20,9,2,10,0,41
2,M_lupulina,M_lupulina_T2T_Chr07,37,24,11,0,17,0,52
2,M_lupulina,M_lupulina_T2T_Chr07,38,28,12,5,6,0,52
2,M_lupulina,M_lupulina_T2T_Chr07,39,27,11,4,8,0,50
2,M_lupulina,M_lupulina_T2T_Chr07,40,19,3,9,12,0,43
2,M_lupulina,M_lupulina_T2T_Chr07,41,11,5,5,12,0,33
2,M_lupulina,M_lupulina_T2T_Chr07,42,35,12,5,13,0,65
2,M_lupulina,M_lupulina_T2T_Chr07,43,23,12,6,11,0,52
2,M_lupulina,M_lupulina_T2T_Chr07,44,17,11,1,15,0,44
2,M_lupulina,M_lupulina_T2T_Chr07,45,27,9,12,13,0,61
2,M_lupulina,M_lupulina_T2T_Chr07,46,30,18,11,19,0,78
2,M_lupulina,M_lupulina_T2T_Chr07,47,50,8,10,7,0,75
2,M_lupulina,M_lupulina_T2T_Chr07,48,60,10,3,5,0,78
2,M_lupulina,M_lupulina_T2T_Chr07,49,41,5,2,11,0,59
2,M_lupulina,M_lupulina_T2T_Chr07,50,55,10,10,7,0,82
2,M_lupulina,M_lupulina_T2T_Chr07,51,56,21,3,10,0,90
2,M_lupulina,M_lupulina_T2T_Chr07,52,59,18,13,16,0,106
2,M_lupulina,M_lupulina_T2T_Chr07,53,59,23,6,5,0,93
2,M_lupulina,M_lupulina_T2T_Chr07,54,60,19,7,7,0,93
2,M_lupulina,M_lupulina_T2T_Chr07,55,64,24,5,8,0,101
2,M_lupulina,M_lupulina_T2T_Chr07,56,32,11,23,2,0,68
2,M_lupulina,M_lupulina_T2T_Chr07,57,66,11,8,7,0,92
2,M_lupulina,M_lupulina_T2T_Chr07,58,66,13,9,10,0,98
2,M_lupulina,M_lupulina_T2T_Chr07,59,62,13,8,16,0,99
2,M_lupulina,M_lupulina_T2T_Chr07,60,60,14,7,20,0,101
2,M_lupulina,M_lupulina_T2T_Chr07,61,66,20,8,12,0,106
2,M_lupulina,M_lupulina_T2T_Chr07,62,54,17,16,12,0,99
2,M_lupulina,M_lupulina_T2T_Chr07,63,49,34,9,5,0,97
2,M_lupulina,M_lupulina_T2T_Chr07,64,49,41,14,8,0,112
2,M_lupulina,M_lupulina_T2T_Chr07,65,68,24,6,5,0,103
2,M_lupulina,M_lupulina_T2T_Chr07,66,71,14,17,8,0,110
2,M_lupulina,M_lupulina_T2T_Chr07,67,74,29,10,8,0,121
2,M_lupulina,M_lupulina_T2T_Chr07,68,79,23,9,11,0,122
2,M_lupulina,M_lupulina_T2T_Chr07,69,70,29,13,7,0,119
2,M_lupulina,M_lupulina_T2T_Chr07,70,67,36,9,7,0,119
2,M_lupulina,M_lupulina_T2T_Chr07,71,78,20,13,14,0,125
2,M_lupulina,M_lupulina_T2T_Chr07,72,51,2,6,5,0,64
2,M_lupulina,M_lupulina_T2T_Chr08,0,60,12,14,9,0,95
2,M_lupulina,M_lupulina_T2T_Chr08,1,69,15,4,9,0,97
2,M_lupulina,M_lupulina_T2T_Chr08,2,66,5,8,13,0,92
2,M_lupulina,M_lupulina_T2T_Chr08,3,52,26,3,13,0,94
2,M_lupulina,M_lupulina_T2T_Chr08,4,57,13,7,8,0,85
2,M_lupulina,M_lupulina_T2T_Chr08,5,45,18,2,10,0,75
2,M_lupulina,M_lupulina_T2T_Chr08,6,58,13,7,11,0,89
2,M_lupulina,M_lupulina_T2T_Chr08,7,54,11,8,15,0,88
2,M_lupulina,M_lupulina_T2T_Chr08,8,48,11,9,8,0,76
2,M_lupulina,M_lupulina_T2T_Chr08,9,60,8,8,7,0,83
2,M_lupulina,M_lupulina_T2T_Chr08,10,60,10,7,3,0,80
2,M_lupulina,M_lupulina_T2T_Chr08,11,57,9,5,16,0,87
2,M_lupulina,M_lupulina_T2T_Chr08,12,45,5,11,12,0,73
2,M_lupulina,M_lupulina_T2T_Chr08,13,29,3,3,7,0,42
2,M_lupulina,M_lupulina_T2T_Chr08,14,37,9,7,5,0,58
2,M_lupulina,M_lupulina_T2T_Chr08,15,34,15,10,11,0,70
2,M_lupulina,M_lupulina_T2T_Chr08,16,41,8,2,10,0,61
2,M_lupulina,M_lupulina_T2T_Chr08,17,36,9,3,7,0,55
2,M_lupulina,M_lupulina_T2T_Chr08,18,43,4,2,12,0,61
2,M_lupulina,M_lupulina_T2T_Chr08,19,17,6,7,11,0,41
2,M_lupulina,M_lupulina_T2T_Chr08,20,20,3,4,3,0,30
2,M_lupulina,M_lupulina_T2T_Chr08,21,12,7,7,12,0,38
2,M_lupulina,M_lupulina_T2T_Chr08,22,20,11,2,3,0,36
2,M_lupulina,M_lupulina_T2T_Chr08,23,29,5,2,2,0,38
2,M_lupulina,M_lupulina_T2T_Chr08,24,17,3,2,1,0,23
2,M_lupulina,M_lupulina_T2T_Chr08,25,7,3,0,0,0,10
2,M_lupulina,M_lupulina_T2T_Chr08,31,2,0,0,0,0,2
2,M_lupulina,M_lupulina_T2T_Chr08,32,0,0,0,1,0,1
2,M_lupulina,M_lupulina_T2T_Chr08,33,1,0,0,0,0,1
2,M_lupulina,M_lupulina_T2T_Chr08,34,2,1,0,0,0,3
2,M_lupulina,M_lupulina_T2T_Chr08,35,5,1,0,0,0,6
2,M_lupulina,M_lupulina_T2T_Chr08,36,10,1,0,3,0,14
2,M_lupulina,M_lupulina_T2T_Chr08,37,5,0,3,2,0,10
2,M_lupulina,M_lupulina_T2T_Chr08,38,21,2,2,5,0,30
2,M_lupulina,M_lupulina_T2T_Chr08,39,15,4,4,10,0,33
2,M_lupulina,M_lupulina_T2T_Chr08,40,20,6,9,5,0,40
2,M_lupulina,M_lupulina_T2T_Chr08,41,12,4,4,9,0,29
2,M_lupulina,M_lupulina_T2T_Chr08,42,36,5,2,7,0,50
2,M_lupulina,M_lupulina_T2T_Chr08,43,39,9,1,17,0,66
2,M_lupulina,M_lupulina_T2T_Chr08,44,28,9,7,9,0,53
2,M_lupulina,M_lupulina_T2T_Chr08,45,20,5,2,13,0,41
2,M_lupulina,M_lupulina_T2T_Chr08,46,41,11,5,16,0,73
2,M_lupulina,M_lupulina_T2T_Chr08,47,38,7,5,12,0,62
2,M_lupulina,M_lupulina_T2T_Chr08,48,47,2,8,11,0,68
2,M_lupulina,M_lupulina_T2T_Chr08,49,47,7,8,12,0,74
2,M_lupulina,M_lupulina_T2T_Chr08,50,63,1,7,14,0,85
2,M_lupulina,M_lupulina_T2T_Chr08,51,76,7,15,11,0,109
2,M_lupulina,M_lupulina_T2T_Chr08,52,61,10,4,12,0,87
2,M_lupulina,M_lupulina_T2T_Chr08,53,59,3,7,12,0,81
2,M_lupulina,M_lupulina_T2T_Chr08,54,60,3,6,7,0,76
2,M_lupulina,M_lupulina_T2T_Chr08,55,55,3,8,11,0,77
2,M_lupulina,M_lupulina_T2T_Chr08,56,77,3,8,4,0,92
2,M_lupulina,M_lupulina_T2T_Chr08,57,67,7,15,4,0,93
2,M_lupulina,M_lupulina_T2T_Chr08,58,72,9,5,15,0,101
2,M_lupulina,M_lupulina_T2T_Chr08,59,84,6,13,13,0,116
2,M_lupulina,M_lupulina_T2T_Chr08,60,83,3,5,8,0,99
2,M_lupulina,M_lupulina_T2T_Chr08,61,79,6,12,10,0,107
2,M_lupulina,M_lupulina_T2T_Chr08,62,55,7,13,11,0,86
2,M_lupulina,M_lupulina_T2T_Chr08,63,60,5,7,8,0,80
2,M_lupulina,M_lupulina_T2T_Chr08,64,77,5,11,7,0,100
2,M_lupulina,M_lupulina_T2T_Chr08,65,93,7,9,13,0,122
2,M_lupulina,M_lupulina_T2T_Chr08,66,75,6,15,11,0,107
2,M_lupulina,M_lupulina_T2T_Chr08,67,92,5,17,7,0,121
2,M_lupulina,M_lupulina_T2T_Chr08,68,66,13,16,8,0,103
2,M_lupulina,M_lupulina_T2T_Chr08,69,72,13,10,12,0,107
2,M_lupulina,M_lupulina_T2T_Chr08,70,77,14,8,8,0,107
2,M_lupulina,M_lupulina_T2T_Chr08,71,39,7,12,4,0,62
2,M_lupulina,M_lupulina_T2T_Chr08,72,30,5,6,3,0,44
3,M_polymorpha,M_polymorpha_Chr01,0,26,22,47,27,0,122
3,M_polymorpha,M_polymorpha_Chr01,1,23,16,13,35,0,87
3,M_polymorpha,M_polymorpha_Chr01,2,26,41,6,21,0,95
3,M_polymorpha,M_polymorpha_Chr01,3,46,10,22,11,0,89
3,M_polymorpha,M_polymorpha_Chr01,4,39,8,24,38,0,109
3,M_polymorpha,M_polymorpha_Chr01,5,28,17,24,17,0,87
3,M_polymorpha,M_polymorpha_Chr01,6,25,19,31,31,0,107
3,M_polymorpha,M_polymorpha_Chr01,7,45,9,21,8,0,83
3,M_polymorpha,M_polymorpha_Chr01,8,49,17,18,24,0,108
3,M_polymorpha,M_polymorpha_Chr01,9,58,12,8,21,0,99
3,M_polymorpha,M_polymorpha_Chr01,10,54,11,10,19,0,94
3,M_polymorpha,M_polymorpha_Chr01,11,32,22,31,11,0,96
3,M_polymorpha,M_polymorpha_Chr01,12,29,17,3,10,0,59
3,M_polymorpha,M_polymorpha_Chr01,13,10,32,15,18,0,75
3,M_polymorpha,M_polymorpha_Chr01,14,26,48,19,13,0,107
3,M_polymorpha,M_polymorpha_Chr01,15,29,19,6,37,0,92
3,M_polymorpha,M_polymorpha_Chr01,16,19,43,5,19,0,86
3,M_polymorpha,M_polymorpha_Chr01,17,18,9,24,20,0,71
3,M_polymorpha,M_polymorpha_Chr01,18,19,14,36,31,0,100
3,M_polymorpha,M_polymorpha_Chr01,19,29,24,8,16,0,79
3,M_polymorpha,M_polymorpha_Chr01,20,27,22,6,27,0,83
3,M_polymorpha,M_polymorpha_Chr01,21,29,25,8,29,0,92
3,M_polymorpha,M_polymorpha_Chr01,22,34,34,12,24,0,104
3,M_polymorpha,M_polymorpha_Chr01,23,49,27,6,22,0,104
3,M_polymorpha,M_polymorpha_Chr01,24,28,32,10,22,0,93
3,M_polymorpha,M_polymorpha_Chr01,25,20,16,8,26,0,70
3,M_polymorpha,M_polymorpha_Chr01,26,28,28,16,36,0,109
3,M_polymorpha,M_polymorpha_Chr01,27,24,29,11,36,0,100
3,M_polymorpha,M_polymorpha_Chr01,28,23,23,3,16,0,67
3,M_polymorpha,M_polymorpha_Chr01,29,27,33,8,22,0,91
3,M_polymorpha,M_polymorpha_Chr01,30,23,26,10,27,0,86
3,M_polymorpha,M_polymorpha_Chr01,31,14,38,9,32,0,93
3,M_polymorpha,M_polymorpha_Chr01,32,23,46,4,25,0,98
3,M_polymorpha,M_polymorpha_Chr01,33,28,28,7,22,0,85
3,M_polymorpha,M_polymorpha_Chr01,34,21,49,7,19,0,96
3,M_polymorpha,M_polymorpha_Chr01,35,23,54,10,13,0,100
3,M_polymorpha,M_polymorpha_Chr01,36,37,43,3,17,0,100
3,M_polymorpha,M_polymorpha_Chr01,37,21,32,5,21,0,80
3,M_polymorpha,M_polymorpha_Chr01,38,33,43,5,21,0,102
3,M_polymorpha,M_polymorpha_Chr01,39,33,31,12,20,0,97
3,M_polymorpha,M_polymorpha_Chr01,40,36,45,2,17,0,101
3,M_polymorpha,M_polymorpha_Chr01,41,42,33,6,16,0,99
3,M_polymorpha,M_polymorpha_Chr01,42,36,42,5,20,0,103
3,M_polymorpha,M_polymorpha_Chr01,43,49,46,9,12,0,116
3,M_polymorpha,M_polymorpha_Chr01,44,31,52,4,11,0,98
3,M_polymorpha,M_polymorpha_Chr01,45,35,49,9,17,0,110
3,M_polymorpha,M_polymorpha_Chr01,46,41,35,12,22,0,110
3,M_polymorpha,M_polymorpha_Chr01,47,37,47,11,16,0,112
3,M_polymorpha,M_polymorpha_Chr01,48,36,28,10,21,0,96
3,M_polymorpha,M_polymorpha_Chr01,49,35,36,9,16,0,96
3,M_polymorpha,M_polymorpha_Chr01,50,30,38,9,15,0,92
3,M_polymorpha,M_polymorpha_Chr01,51,33,37,14,13,0,97
3,M_polymorpha,M_polymorpha_Chr01,52,43,45,8,23,0,119
3,M_polymorpha,M_polymorpha_Chr01,53,31,38,11,13,0,93
3,M_polymorpha,M_polymorpha_Chr01,54,59,40,12,16,0,127
3,M_polymorpha,M_polymorpha_Chr01,55,56,34,5,33,0,128
3,M_polymorpha,M_polymorpha_Chr01,56,45,36,4,19,0,105
3,M_polymorpha,M_polymorpha_Chr01,57,46,42,7,26,0,121
3,M_polymorpha,M_polymorpha_Chr01,58,56,27,13,26,0,122
3,M_polymorpha,M_polymorpha_Chr01,59,47,28,15,19,0,109
3,M_polymorpha,M_polymorpha_Chr02,0,61,20,13,25,0,119
3,M_polymorpha,M_polymorpha_Chr02,1,45,25,12,21,0,103
3,M_polymorpha,M_polymorpha_Chr02,2,44,35,9,17,0,105
3,M_polymorpha,M_polymorpha_Chr02,3,20,37,27,22,0,106
3,M_polymorpha,M_polymorpha_Chr02,4,28,24,31,18,0,101
3,M_polymorpha,M_polymorpha_Chr02,5,41,26,27,15,0,109
3,M_polymorpha,M_polymorpha_Chr02,6,34,14,35,25,0,108
3,M_polymorpha,M_polymorpha_Chr02,7,48,18,19,18,0,105
3,M_polymorpha,M_polymorpha_Chr02,8,41,20,11,24,0,96
3,M_polymorpha,M_polymorpha_Chr02,9,60,7,5,15,0,87
3,M_polymorpha,M_polymorpha_Chr02,10,69,8,6,21,0,104
3,M_polymorpha,M_polymorpha_Chr02,11,52,9,8,22,0,91
3,M_polymorpha,M_polymorpha_Chr02,12,52,11,7,19,0,89
3,M_polymorpha,M_polymorpha_Chr02,13,59,6,8,24,0,98
3,M_polymorpha,M_polymorpha_Chr02,14,38,8,6,29,0,81
3,M_polymorpha,M_polymorpha_Chr02,15,53,8,8,17,0,86
3,M_polymorpha,M_polymorpha_Chr02,16,55,12,8,11,0,86
3,M_polymorpha,M_polymorpha_Chr02,17,42,9,7,27,0,85
3,M_polymorpha,M_polymorpha_Chr02,18,37,16,9,13,0,75
3,M_polymorpha,M_polymorpha_Chr02,19,46,13,9,28,0,96
3,M_polymorpha,M_polymorpha_Chr02,20,43,14,5,23,0,85
3,M_polymorpha,M_polymorpha_Chr02,21,41,11,6,24,0,82
3,M_polymorpha,M_polymorpha_Chr02,22,31,15,8,21,0,75
3,M_polymorpha,M_polymorpha_Chr02,23,34,15,7,29,0,85
3,M_polymorpha,M_polymorpha_Chr02,24,43,11,6,28,0,88
3,M_polymorpha,M_polymorpha_Chr02,25,40,17,12,32,0,101
3,M_polymorpha,M_polymorpha_Chr02,26,35,16,11,26,0,88
3,M_polymorpha,M_polymorpha_Chr02,27,30,40,20,29,0,119
3,M_polymorpha,M_polymorpha_Chr02,28,21,35,21,23,0,100
3,M_polymorpha,M_polymorpha_Chr02,29,23,19,21,37,0,100
3,M_polymorpha,M_polymorpha_Chr02,30,25,30,16,40,0,112
3,M_polymorpha,M_polymorpha_Chr02,31,33,20,9,24,0,87
3,M_polymorpha,M_polymorpha_Chr02,32,26,15,12,18,0,71
3,M_polymorpha,M_polymorpha_Chr02,33,36,20,15,29,0,100
3,M_polymorpha,M_polymorpha_Chr02,34,43,20,10,20,0,94
3,M_polymorpha,M_polymorpha_Chr02,35,26,22,6,20,0,74
3,M_polymorpha,M_polymorpha_Chr02,36,26,23,7,21,0,79
3,M_polymorpha,M_polymorpha_Chr02,37,36,19,12,32,0,99
3,M_polymorpha,M_polymorpha_Chr02,38,35,11,9,18,0,74
3,M_polymorpha,M_polymorpha_Chr02,39,34,15,10,24,0,83
3,M_polymorpha,M_polymorpha_Chr02,40,23,24,26,26,0,100
3,M_polymorpha,M_polymorpha_Chr02,41,35,19,6,25,0,85
3,M_polymorpha,M_polymorpha_Chr02,42,37,24,14,16,0,91
3,M_polymorpha,M_polymorpha_Chr02,43,29,28,11,14,0,83
3,M_polymorpha,M_polymorpha_Chr02,44,39,23,14,18,0,94
3,M_polymorpha,M_polymorpha_Chr02,45,20,30,8,31,0,89
3,M_polymorpha,M_polymorpha_Chr02,46,43,34,9,11,0,97
3,M_polymorpha,M_polymorpha_Chr02,47,28,37,10,10,0,85
3,M_polymorpha,M_polymorpha_Chr02,48,36,26,9,27,0,98
3,M_polymorpha,M_polymorpha_Chr02,49,41,33,8,20,0,102
3,M_polymorpha,M_polymorpha_Chr02,50,32,33,14,21,0,100
3,M_polymorpha,M_polymorpha_Chr02,51,42,42,5,11,0,100
3,M_polymorpha,M_polymorpha_Chr02,52,50,28,12,18,0,108
3,M_polymorpha,M_polymorpha_Chr02,53,54,38,6,14,0,112
3,M_polymorpha,M_polymorpha_Chr02,54,41,32,10,24,0,107
3,M_polymorpha,M_polymorpha_Chr02,55,46,32,7,25,0,111
3,M_polymorpha,M_polymorpha_Chr02,56,16,12,2,7,0,37
3,M_polymorpha,M_polymorpha_Chr03,0,34,22,16,22,0,94
3,M_polymorpha,M_polymorpha_Chr03,1,28,32,9,28,0,98
3,M_polymorpha,M_polymorpha_Chr03,2,32,19,6,24,0,81
3,M_polymorpha,M_polymorpha_Chr03,3,31,14,9,26,0,80
3,M_polymorpha,M_polymorpha_Chr03,4,15,27,7,20,0,69
3,M_polymorpha,M_polymorpha_Chr03,5,25,23,10,27,0,85
3,M_polymorpha,M_polymorpha_Chr03,6,41,18,9,29,0,97
3,M_polymorpha,M_polymorpha_Chr03,7,18,24,10,22,0,75
3,M_polymorpha,M_polymorpha_Chr03,8,53,17,2,23,0,96
3,M_polymorpha,M_polymorpha_Chr03,9,34,16,3,21,0,74
3,M_polymorpha,M_polymorpha_Chr03,10,29,24,7,23,0,83
3,M_polymorpha,M_polymorpha_Chr03,11,20,25,13,18,0,76
3,M_polymorpha,M_polymorpha_Chr03,12,24,32,11,19,0,86
3,M_polymorpha,M_polymorpha_Chr03,13,30,21,12,17,0,80
3,M_polymorpha,M_polymorpha_Chr03,14,51,29,6,25,0,111
3,M_polymorpha,M_polymorpha_Chr03,15,38,24,11,18,0,92
3,M_polymorpha,M_polymorpha_Chr03,16,35,29,4,19,0,87
3,M_polymorpha,M_polymorpha_Chr03,17,25,42,15,14,0,96
3,M_polymorpha,M_polymorpha_Chr03,18,41,29,19,15,0,104
3,M_polymorpha,M_polymorpha_Chr03,19,38,27,16,17,0,98
3,M_polymorpha,M_polymorpha_Chr03,20,66,13,8,22,0,110
3,M_polymorpha,M_polymorpha_Chr03,21,58,18,11,18,0,105
3,M_polymorpha,M_polymorpha_Chr03,22,43,38,8,21,0,110
3,M_polymorpha,M_polymorpha_Chr03,23,51,19,24,20,0,114
3,M_polymorpha,M_polymorpha_Chr03,24,47,30,17,23,0,117
3,M_polymorpha,M_polymorpha_Chr03,25,64,19,6,21,0,110
3,M_polymorpha,M_polymorpha_Chr03,26,47,33,16,14,0,111
3,M_polymorpha,M_polymorpha_Chr03,27,44,31,8,17,0,100
3,M_polymorpha,M_polymorpha_Chr03,28,52,25,18,20,0,115
3,M_polymorpha,M_polymorpha_Chr03,29,53,24,14,21,0,112
3,M_polymorpha,M_polymorpha_Chr03,30,67,20,20,15,0,122
3,M_polymorpha,M_polymorpha_Chr03,31,66,20,10,15,0,112
3,M_polymorpha,M_polymorpha_Chr03,32,56,18,13,18,0,105
3,M_polymorpha,M_polymorpha_Chr03,33,54,15,28,10,0,107
3,M_polymorpha,M_polymorpha_Chr03,34,54,32,10,21,0,117
3,M_polymorpha,M_polymorpha_Chr03,35,66,16,12,14,0,108
3,M_polymorpha,M_polymorpha_Chr03,36,58,26,11,15,0,110
3,M_polymorpha,M_polymorpha_Chr03,37,62,16,7,15,0,101
3,M_polymorpha,M_polymorpha_Chr03,38,56,21,9,21,0,107
3,M_polymorpha,M_polymorpha_Chr03,39,62,26,5,18,0,111
3,M_polymorpha,M_polymorpha_Chr03,40,73,22,8,12,0,116
3,M_polymorpha,M_polymorpha_Chr03,41,42,17,5,6,0,70
3,M_polymorpha,M_polymorpha_Chr04,0,47,27,10,25,0,109
3,M_polymorpha,M_polymorpha_Chr04,1,42,15,12,25,0,94
3,M_polymorpha,M_polymorpha_Chr04,2,43,22,10,27,0,103
3,M_polymorpha,M_polymorpha_Chr04,3,40,22,13,21,0,96
3,M_polymorpha,M_polymorpha_Chr04,4,34,12,14,33,0,93
3,M_polymorpha,M_polymorpha_Chr04,5,43,15,8,16,0,82
3,M_polymorpha,M_polymorpha_Chr04,6,35,22,9,24,0,90
3,M_polymorpha,M_polymorpha_Chr04,7,53,16,7,28,0,104
3,M_polymorpha,M_polymorpha_Chr04,8,47,16,8,17,0,88
3,M_polymorpha,M_polymorpha_Chr04,9,40,8,8,17,0,73
3,M_polymorpha,M_polymorpha_Chr04,10,28,8,14,16,0,67
3,M_polymorpha,M_polymorpha_Chr04,11,31,10,6,30,0,77
3,M_polymorpha,M_polymorpha_Chr04,12,34,8,14,25,0,82
3,M_polymorpha,M_polymorpha_Chr04,13,37,11,15,26,0,91
3,M_polymorpha,M_polymorpha_Chr04,14,42,16,11,28,0,98
3,M_polymorpha,M_polymorpha_Chr04,15,25,18,12,35,0,91
3,M_polymorpha,M_polymorpha_Chr04,16,31,11,13,34,0,89
3,M_polymorpha,M_polymorpha_Chr04,17,38,20,17,23,0,100
3,M_polymorpha,M_polymorpha_Chr04,18,36,27,17,37,0,117
3,M_polymorpha,M_polymorpha_Chr04,19,51,18,14,22,0,105
3,M_polymorpha,M_polymorpha_Chr04,20,42,14,15,37,0,108
3,M_polymorpha,M_polymorpha_Chr04,21,19,22,16,24,0,82
3,M_polymorpha,M_polymorpha_Chr04,22,24,24,20,30,0,98
3,M_polymorpha,M_polymorpha_Chr04,23,35,20,12,34,0,102
3,M_polymorpha,M_polymorpha_Chr04,24,34,26,14,35,0,109
3,M_polymorpha,M_polymorpha_Chr04,25,37,7,12,30,0,86
3,M_polymorpha,M_polymorpha_Chr04,26,38,17,10,23,0,88
3,M_polymorpha,M_polymorpha_Chr04,27,34,22,9,25,0,90
3,M_polymorpha,M_polymorpha_Chr04,28,35,23,15,24,0,98
3,M_polymorpha,M_polymorpha_Chr04,29,24,21,11,30,0,86
3,M_polymorpha,M_polymorpha_Chr04,30,53,14,11,27,0,105
3,M_polymorpha,M_polymorpha_Chr04,31,45,17,6,17,0,85
3,M_polymorpha,M_polymorpha_Chr04,32,52,26,8,27,0,114
3,M_polymorpha,M_polymorpha_Chr04,33,45,24,7,13,0,89
3,M_polymorpha,M_polymorpha_Chr04,34,55,24,4,30,0,113
3,M_polymorpha,M_polymorpha_Chr04,35,43,32,5,18,0,98
3,M_polymorpha,M_polymorpha_Chr04,36,46,40,5,20,0,111
3,M_polymorpha,M_polymorpha_Chr04,37,41,33,6,19,0,99
3,M_polymorpha,M_polymorpha_Chr04,38,53,26,6,20,0,105
3,M_polymorpha,M_polymorpha_Chr04,39,63,28,10,21,0,122
3,M_polymorpha,M_polymorpha_Chr04,40,56,24,7,17,0,104
3,M_polymorpha,M_polymorpha_Chr04,41,36,45,8,11,0,100
3,M_polymorpha,M_polymorpha_Chr04,42,51,39,11,15,0,116
3,M_polymorpha,M_polymorpha_Chr04,43,53,34,3,20,0,111
3,M_polymorpha,M_polymorpha_Chr04,44,56,33,5,22,0,116
3,M_polymorpha,M_polymorpha_Chr04,45,58,24,11,17,0,110
3,M_polymorpha,M_polymorpha_Chr04,46,67,21,9,13,0,110
3,M_polymorpha,M_polymorpha_Chr04,47,51,19,7,23,0,101
3,M_polymorpha,M_polymorpha_Chr04,48,40,38,18,19,0,115
3,M_polymorpha,M_polymorpha_Chr04,49,58,34,10,25,0,127
3,M_polymorpha,M_polymorpha_Chr04,50,50,31,5,12,0,99
3,M_polymorpha,M_polymorpha_Chr04,51,61,26,10,15,0,112
3,M_polymorpha,M_polymorpha_Chr04,52,48,29,7,14,0,98
3,M_polymorpha,M_polymorpha_Chr04,53,59,18,8,14,0,99
3,M_polymorpha,M_polymorpha_Chr04,54,73,22,7,15,0,117
3,M_polymorpha,M_polymorpha_Chr04,55,55,30,6,14,0,105
3,M_polymorpha,M_polymorpha_Chr04,56,63,29,6,16,0,116
3,M_polymorpha,M_polymorpha_Chr04,57,47,35,12,19,0,113
3,M_polymorpha,M_polymorpha_Chr04,58,69,20,7,32,0,128
3,M_polymorpha,M_polymorpha_Chr04,59,16,3,0,1,0,20
3,M_polymorpha,M_polymorpha_Chr05,0,49,23,2,25,0,100
3,M_polymorpha,M_polymorpha_Chr05,1,66,28,11,21,0,126
3,M_polymorpha,M_polymorpha_Chr05,2,48,23,12,27,0,111
3,M_polymorpha,M_polymorpha_Chr05,3,55,22,6,22,0,106
3,M_polymorpha,M_polymorpha_Chr05,4,72,7,7,20,0,106
3,M_polymorpha,M_polymorpha_Chr05,5,48,12,15,20,0,95
3,M_polymorpha,M_polymorpha_Chr05,6,68,13,4,14,0,100
3,M_polymorpha,M_polymorpha_Chr05,7,78,14,11,19,0,122
3,M_polymorpha,M_polymorpha_Chr05,8,63,20,6,20,0,109
3,M_polymorpha,M_polymorpha_Chr05,9,59,19,6,14,0,98
3,M_polymorpha,M_polymorpha_Chr05,10,38,20,12,22,0,92
3,M_polymorpha,M_polymorpha_Chr05,11,53,20,6,19,0,98
3,M_polymorpha,M_polymorpha_Chr05,12,58,14,6,12,0,90
3,M_polymorpha,M_polymorpha_Chr05,13,40,11,5,19,0,75
3,M_polymorpha,M_polymorpha_Chr05,14,42,19,2,18,0,81
3,M_polymorpha,M_polymorpha_Chr05,15,35,12,9,23,0,79
3,M_polymorpha,M_polymorpha_Chr05,16,47,15,12,18,0,92
3,M_polymorpha,M_polymorpha_Chr05,17,36,21,10,22,0,89
3,M_polymorpha,M_polymorpha_Chr05,18,40,9,7,30,0,86
3,M_polymorpha,M_polymorpha_Chr05,19,39,6,3,23,0,71
3,M_polymorpha,M_polymorpha_Chr05,20,46,13,7,23,0,89
3,M_polymorpha,M_polymorpha_Chr05,21,36,18,11,34,0,99
3,M_polymorpha,M_polymorpha_Chr05,22,39,20,12,23,0,94
3,M_polymorpha,M_polymorpha_Chr05,23,31,12,17,33,0,95
3,M_polymorpha,M_polymorpha_Chr05,24,30,15,9,30,0,85
3,M_polymorpha,M_polymorpha_Chr05,25,32,16,12,35,0,95
3,M_polymorpha,M_polymorpha_Chr05,26,30,17,10,32,0,90
3,M_polymorpha,M_polymorpha_Chr05,27,45,14,12,25,0,96
3,M_polymorpha,M_polymorpha_Chr05,28,37,26,7,20,0,91
3,M_polymorpha,M_polymorpha_Chr05,29,38,30,8,15,0,91
3,M_polymorpha,M_polymorpha_Chr05,30,34,35,7,10,0,86
3,M_polymorpha,M_polymorpha_Chr05,31,31,25,10,25,0,91
3,M_polymorpha,M_polymorpha_Chr05,32,34,18,5,21,0,78
3,M_polymorpha,M_polymorpha_Chr05,33,36,30,12,23,0,101
3,M_polymorpha,M_polymorpha_Chr05,34,47,8,3,19,0,77
3,M_polymorpha,M_polymorpha_Chr05,35,28,17,9,26,0,80
3,M_polymorpha,M_polymorpha_Chr05,36,34,13,8,33,0,88
3,M_polymorpha,M_polymorpha_Chr05,37,41,12,6,25,0,84
3,M_polymorpha,M_polymorpha_Chr05,38,38,17,9,28,0,92
3,M_polymorpha,M_polymorpha_Chr05,39,37,11,15,24,0,87
3,M_polymorpha,M_polymorpha_Chr05,40,42,6,13,15,0,77
3,M_polymorpha,M_polymorpha_Chr05,41,30,15,13,19,0,78
3,M_polymorpha,M_polymorpha_Chr05,42,42,7,7,26,0,82
3,M_polymorpha,M_polymorpha_Chr05,43,49,19,7,18,0,94
3,M_polymorpha,M_polymorpha_Chr05,44,58,15,6,16,0,95
3,M_polymorpha,M_polymorpha_Chr05,45,42,10,0,18,0,70
3,M_polymorpha,M_polymorpha_Chr05,46,47,12,7,7,0,74
3,M_polymorpha,M_polymorpha_Chr05,47,47,11,14,16,0,89
3,M_polymorpha,M_polymorpha_Chr05,48,32,13,7,20,0,72
3,M_polymorpha,M_polymorpha_Chr05,49,48,12,15,15,0,90
3,M_polymorpha,M_polymorpha_Chr05,50,20,13,14,32,0,80
3,M_polymorpha,M_polymorpha_Chr05,51,25,21,7,34,0,87
3,M_polymorpha,M_polymorpha_Chr05,52,30,10,9,28,0,77
3,M_polymorpha,M_polymorpha_Chr05,53,27,9,6,21,0,63
3,M_polymorpha,M_polymorpha_Chr05,54,42,13,10,22,0,87
3,M_polymorpha,M_polymorpha_Chr05,55,26,12,9,39,0,86
3,M_polymorpha,M_polymorpha_Chr05,56,26,21,19,29,0,95
3,M_polymorpha,M_polymorpha_Chr05,57,18,15,12,20,0,65
3,M_polymorpha,M_polymorpha_Chr06,0,26,25,14,29,0,94
3,M_polymorpha,M_polymorpha_Chr06,1,24,24,20,37,0,106
3,M_polymorpha,M_polymorpha_Chr06,2,27,22,16,28,0,93
3,M_polymorpha,M_polymorpha_Chr06,3,38,18,12,22,0,90
3,M_polymorpha,M_polymorpha_Chr06,4,45,13,8,16,0,82
3,M_polymorpha,M_polymorpha_Chr06,5,47,12,11,23,0,93
3,M_polymorpha,M_polymorpha_Chr06,6,39,15,7,13,0,74
3,M_polymorpha,M_polymorpha_Chr06,7,45,14,12,24,0,95
3,M_polymorpha,M_polymorpha_Chr06,8,39,15,9,18,0,81
3,M_polymorpha,M_polymorpha_Chr06,9,31,9,7,26,0,73
3,M_polymorpha,M_polymorpha_Chr06,10,38,10,7,32,0,87
3,M_polymorpha,M_polymorpha_Chr06,11,33,16,4,24,0,77
3,M_polymorpha,M_polymorpha_Chr06,12,37,19,12,20,0,90
3,M_polymorpha,M_polymorpha_Chr06,13,39,14,5,20,0,78
3,M_polymorpha,M_polymorpha_Chr06,14,45,12,9,31,0,98
3,M_polymorpha,M_polymorpha_Chr06,15,41,16,14,26,0,98
3,M_polymorpha,M_polymorpha_Chr06,16,27,9,7,28,0,71
3,M_polymorpha,M_polymorpha_Chr06,17,32,8,9,26,0,76
3,M_polymorpha,M_polymorpha_Chr06,18,19,13,11,34,0,77
3,M_polymorpha,M_polymorpha_Chr06,19,27,24,8,28,0,87
3,M_polymorpha,M_polymorpha_Chr06,20,36,23,8,33,0,100
3,M_polymorpha,M_polymorpha_Chr06,21,40,11,13,32,0,96
3,M_polymorpha,M_polymorpha_Chr06,22,30,12,12,34,0,88
3,M_polymorpha,M_polymorpha_Chr06,23,28,10,10,33,0,81
3,M_polymorpha,M_polymorpha_Chr06,24,25,18,16,19,0,78
3,M_polymorpha,M_polymorpha_Chr06,25,43,17,8,28,0,97
3,M_polymorpha,M_polymorpha_Chr06,26,47,15,10,25,0,97
3,M_polymorpha,M_polymorpha_Chr06,27,54,17,3,26,0,100
3,M_polymorpha,M_polymorpha_Chr06,28,49,16,4,28,0,98
3,M_polymorpha,M_polymorpha_Chr06,29,39,20,8,17,0,84
3,M_polymorpha,M_polymorpha_Chr06,30,47,16,16,24,0,103
3,M_polymorpha,M_polymorpha_Chr06,31,44,18,10,19,0,91
3,M_polymorpha,M_polymorpha_Chr06,32,44,20,7,27,0,99
3,M_polymorpha,M_polymorpha_Chr06,33,50,17,8,13,0,88
3,M_polymorpha,M_polymorpha_Chr06,34,45,14,12,30,0,101
3,M_polymorpha,M_polymorpha_Chr06,35,65,20,6,10,0,101
3,M_polymorpha,M_polymorpha_Chr06,36,50,14,13,20,0,98
3,M_polymorpha,M_polymorpha_Chr06,37,53,33,7,21,0,115
3,M_polymorpha,M_polymorpha_Chr06,38,66,22,8,15,0,112
3,M_polymorpha,M_polymorpha_Chr06,39,45,32,9,26,0,112
3,M_polymorpha,M_polymorpha_Chr06,40,53,22,10,19,0,104
3,M_polymorpha,M_polymorpha_Chr06,41,44,21,12,27,0,104
3,M_polymorpha,M_polymorpha_Chr06,42,21,6,6,7,0,40
3,M_polymorpha,M_polymorpha_Chr07,0,42,18,5,18,0,83
3,M_polymorpha,M_polymorpha_Chr07,1,37,23,13,23,0,97
3,M_polymorpha,M_polymorpha_Chr07,2,48,8,9,25,0,90
3,M_polymorpha,M_polymorpha_Chr07,3,48,6,12,20,0,86
3,M_polymorpha,M_polymorpha_Chr07,4,49,10,7,35,0,101
3,M_polymorpha,M_polymorpha_Chr07,5,35,12,7,26,0,80
3,M_polymorpha,M_polymorpha_Chr07,6,41,6,6,22,0,75
3,M_polymorpha,M_polymorpha_Chr07,7,34,22,6,17,0,79
3,M_polymorpha,M_polymorpha_Chr07,8,23,11,12,18,0,64
3,M_polymorpha,M_polymorpha_Chr07,9,26,19,12,30,0,87
3,M_polymorpha,M_polymorpha_Chr07,10,43,11,8,33,0,95
3,M_polymorpha,M_polymorpha_Chr07,11,41,6,13,31,0,92
3,M_polymorpha,M_polymorpha_Chr07,12,41,11,19,28,0,99
3,M_polymorpha,M_polymorpha_Chr07,13,31,25,12,28,0,97
3,M_polymorpha,M_polymorpha_Chr07,14,34,18,18,24,0,94
3,M_polymorpha,M_polymorpha_Chr07,15,32,18,16,24,0,92
3,M_polymorpha,M_polymorpha_Chr07,16,29,24,10,25,0,89
3,M_polymorpha,M_polymorpha_Chr07,17,41,12,9,29,0,91
3,M_polymorpha,M_polymorpha_Chr07,18,45,19,14,33,0,111
3,M_polymorpha,M_polymorpha_Chr07,19,43,17,9,29,0,98
3,M_polymorpha,M_polymorpha_Chr07,20,35,11,15,27,0,89
3,M_polymorpha,M_polymorpha_Chr07,21,35,11,10,29,0,85
3,M_polymorpha,M_polymorpha_Chr07,22,35,16,8,19,0,78
3,M_polymorpha,M_polymorpha_Chr07,23,26,19,9,33,0,87
3,M_polymorpha,M_polymorpha_Chr07,24,29,7,19,19,0,74
3,M_polymorpha,M_polymorpha_Chr07,25,36,11,13,20,0,80
3,M_polymorpha,M_polymorpha_Chr07,26,45,9,9,17,0,82
3,M_polymorpha,M_polymorpha_Chr07,27,47,8,7,26,0,88
3,M_polymorpha,M_polymorpha_Chr07,28,48,9,8,26,0,91
3,M_polymorpha,M_polymorpha_Chr07,29,47,12,8,19,0,86
3,M_polymorpha,M_polymorpha_Chr07,30,51,23,10,11,0,95
3,M_polymorpha,M_polymorpha_Chr07,31,52,10,5,24,0,91
3,M_polymorpha,M_polymorpha_Chr07,32,67,29,8,14,0,119
3,M_polymorpha,M_polymorpha_Chr07,33,55,18,6,20,0,99
3,M_polymorpha,M_polymorpha_Chr07,34,60,16,11,14,0,101
3,M_polymorpha,M_polymorpha_Chr07,35,72,9,8,31,0,120
3,M_polymorpha,M_polymorpha_Chr07,36,71,11,2,14,0,99
3,M_polymorpha,M_polymorpha_Chr07,37,54,15,10,22,0,101
3,M_polymorpha,M_polymorpha_Chr07,38,54,17,7,24,0,102
3,M_polymorpha,M_polymorpha_Chr07,39,63,19,6,10,0,98
3,M_polymorpha,M_polymorpha_Chr07,40,58,13,11,23,0,105
3,M_polymorpha,M_polymorpha_Chr07,41,50,37,6,14,0,107
3,M_polymorpha,M_polymorpha_Chr07,42,56,34,10,17,0,117
3,M_polymorpha,M_polymorpha_Chr07,43,49,30,6,19,0,104
3,M_polymorpha,M_polymorpha_Chr07,44,68,17,11,21,0,117
3,M_polymorpha,M_polymorpha_Chr07,45,58,21,6,23,0,109
3,M_polymorpha,M_polymorpha_Chr07,46,73,17,11,22,0,125
3,M_polymorpha,M_polymorpha_Chr07,47,66,14,4,23,0,107
3,M_polymorpha,M_polymorpha_Chr07,48,48,33,12,10,0,103
3,M_polymorpha,M_polymorpha_Chr07,49,67,34,7,20,0,128
3,M_polymorpha,M_polymorpha_Chr07,50,71,21,9,20,0,121
3,M_polymorpha,M_polymorpha_Chr07,51,59,7,11,14,0,91
3,M_polymorpha,M_polymorpha_Chr08,0,59,7,6,15,0,88
3,M_polymorpha,M_polymorpha_Chr08,1,56,13,2,11,0,83
3,M_polymorpha,M_polymorpha_Chr08,2,58,11,20,32,0,121
3,M_polymorpha,M_polymorpha_Chr08,3,44,18,3,12,0,77
3,M_polymorpha,M_polymorpha_Chr08,4,59,14,7,14,0,94
3,M_polymorpha,M_polymorpha_Chr08,5,45,18,13,14,0,90
3,M_polymorpha,M_polymorpha_Chr08,6,49,11,10,16,0,86
3,M_polymorpha,M_polymorpha_Chr08,7,40,12,7,17,0,78
3,M_polymorpha,M_polymorpha_Chr08,8,48,8,6,18,0,80
3,M_polymorpha,M_polymorpha_Chr08,9,50,12,5,17,0,84
3,M_polymorpha,M_polymorpha_Chr08,10,66,11,10,19,0,106
3,M_polymorpha,M_polymorpha_Chr08,11,53,7,6,19,0,85
3,M_polymorpha,M_polymorpha_Chr08,12,59,8,4,26,0,98
3,M_polymorpha,M_polymorpha_Chr08,13,46,13,4,20,0,83
3,M_polymorpha,M_polymorpha_Chr08,14,53,8,9,14,0,87
3,M_polymorpha,M_polymorpha_Chr08,15,39,13,3,23,0,78
3,M_polymorpha,M_polymorpha_Chr08,16,41,9,9,22,0,81
3,M_polymorpha,M_polymorpha_Chr08,17,65,12,7,37,0,121
3,M_polymorpha,M_polymorpha_Chr08,18,44,7,7,25,0,83
3,M_polymorpha,M_polymorpha_Chr08,19,39,13,7,28,0,88
3,M_polymorpha,M_polymorpha_Chr08,20,33,13,15,23,0,85
3,M_polymorpha,M_polymorpha_Chr08,21,42,18,10,22,0,92
3,M_polymorpha,M_polymorpha_Chr08,22,51,20,19,29,0,119
3,M_polymorpha,M_polymorpha_Chr08,23,42,19,20,29,0,110
3,M_polymorpha,M_polymorpha_Chr08,24,31,25,17,22,0,96
3,M_polymorpha,M_polymorpha_Chr08,25,41,7,13,30,0,91
3,M_polymorpha,M_polymorpha_Chr08,26,41,10,11,39,0,102
3,M_polymorpha,M_polymorpha_Chr08,27,46,11,9,41,0,107
3,M_polymorpha,M_polymorpha_Chr08,28,47,11,10,28,0,96
3,M_polymorpha,M_polymorpha_Chr08,29,38,12,6,19,0,75
3,M_polymorpha,M_polymorpha_Chr08,30,53,7,8,23,0,91
3,M_polymorpha,M_polymorpha_Chr08,31,62,8,5,20,0,95
3,M_polymorpha,M_polymorpha_Chr08,32,54,6,11,19,0,91
3,M_polymorpha,M_polymorpha_Chr08,33,82,10,11,19,0,124
3,M_polymorpha,M_polymorpha_Chr08,34,71,6,5,17,0,99
3,M_polymorpha,M_polymorpha_Chr08,35,56,4,4,21,0,85
3,M_polymorpha,M_polymorpha_Chr08,36,44,5,6,12,0,67
3,M_polymorpha,M_polymorpha_Chr08,37,64,5,10,15,0,94
3,M_polymorpha,M_polymorpha_Chr08,38,64,7,5,17,0,94
3,M_polymorpha,M_polymorpha_Chr08,39,69,5,7,8,0,90
3,M_polymorpha,M_polymorpha_Chr08,40,64,7,8,20,0,99
3,M_polymorpha,M_polymorpha_Chr08,41,87,9,13,16,0,125
3,M_polymorpha,M_polymorpha_Chr08,42,73,3,7,20,0,103
3,M_polymorpha,M_polymorpha_Chr08,43,79,7,18,14,0,118
3,M_polymorpha,M_polymorpha_Chr08,44,65,8,14,16,0,103
3,M_polymorpha,M_polymorpha_Chr08,45,67,6,11,18,0,102
3,M_polymorpha,M_polymorpha_Chr08,46,67,7,8,13,0,95
3,M_polymorpha,M_polymorpha_Chr08,47,68,7,11,12,0,98
3,M_polymorpha,M_polymorpha_Chr08,48,81,4,4,23,0,112
3,M_polymorpha,M_polymorpha_Chr08,49,61,8,12,15,0,96
3,M_polymorpha,M_polymorpha_Chr08,50,70,3,8,17,0,98
3,M_polymorpha,M_polymorpha_Chr08,51,69,13,6,19,0,107
3,M_polymorpha,M_polymorpha_Chr08,52,59,11,12,16,0,98
3,M_polymorpha,M_polymorpha_Chr08,53,62,17,11,17,0,107
3,M_polymorpha,M_polymorpha_Chr08,54,75,12,12,23,0,122
3,M_polymorpha,M_polymorpha_Chr08,55,50,11,14,18,0,93
4,M_ruthenica_landa,M_ruthenica_landa_Chr01,0,43,24,4,2,0,73
4,M_ruthenica_landa,M_ruthenica_landa_Chr01,1,31,20,12,3,0,66
4,M_ruthenica_landa,M_ruthenica_landa_Chr01,2,51,18,4,1,0,74
4,M_ruthenica_landa,M_ruthenica_landa_Chr01,3,59,25,1,7,0,92
4,M_ruthenica_landa,M_ruthenica_landa_Chr01,4,56,11,9,4,0,80
4,M_ruthenica_landa,M_ruthenica_landa_Chr01,5,40,7,20,5,0,72
4,M_ruthenica_landa,M_ruthenica_landa_Chr01,6,48,5,18,7,0,78
4,M_ruthenica_landa,M_ruthenica_landa_Chr01,7,40,13,10,5,0,68
4,M_ruthenica_landa,M_ruthenica_landa_Chr01,8,48,12,19,4,0,83
4,M_ruthenica_landa,M_ruthenica_landa_Chr01,9,24,21,36,3,0,84
4,M_ruthenica_landa,M_ruthenica_landa_Chr01,10,39,10,11,2,0,62
4,M_ruthenica_landa,M_ruthenica_landa_Chr01,11,34,9,15,1,0,59
4,M_ruthenica_landa,M_ruthenica_landa_Chr01,12,49,7,19,7,0,82
4,M_ruthenica_landa,M_ruthenica_landa_Chr01,13,64,4,12,5,0,85
4,M_ruthenica_landa,M_ruthenica_landa_Chr01,14,56,24,6,3,0,89
4,M_ruthenica_landa,M_ruthenica_landa_Chr01,15,48,21,0,7,0,76
4,M_ruthenica_landa,M_ruthenica_landa_Chr01,16,50,11,5,5,0,71
4,M_ruthenica_landa,M_ruthenica_landa_Chr01,17,33,20,4,5,0,62
4,M_ruthenica_landa,M_ruthenica_landa_Chr01,18,33,18,22,4,0,77
4,M_ruthenica_landa,M_ruthenica_landa_Chr01,19,40,19,14,3,0,76
4,M_ruthenica_landa,M_ruthenica_landa_Chr01,20,36,22,7,2,0,67
4,M_ruthenica_landa,M_ruthenica_landa_Chr01,21,31,36,8,10,0,85
4,M_ruthenica_landa,M_ruthenica_landa_Chr01,22,14,22,26,4,0,66
4,M_ruthenica_landa,M_ruthenica_landa_Chr01,23,34,44,8,6,0,92
4,M_ruthenica_landa,M_ruthenica_landa_Chr01,24,38,34,2,2,0,76
4,M_ruthenica_landa,M_ruthenica_landa_Chr01,25,47,12,1,8,0,68
4,M_ruthenica_landa,M_ruthenica_landa_Chr01,26,47,21,3,13,0,84
4,M_ruthenica_landa,M_ruthenica_landa_Chr01,27,32,38,3,6,0,79
4,M_ruthenica_landa,M_ruthenica_landa_Chr01,28,27,21,12,1,0,61
4,M_ruthenica_landa,M_ruthenica_landa_Chr01,29,32,5,25,6,0,68
4,M_ruthenica_landa,M_ruthenica_landa_Chr01,30,34,13,17,1,0,65
4,M_ruthenica_landa,M_ruthenica_landa_Chr01,31,47,5,26,2,0,80
4,M_ruthenica_landa,M_ruthenica_landa_Chr01,32,31,12,22,4,0,69
4,M_ruthenica_landa,M_ruthenica_landa_Chr01,33,37,8,9,4,0,58
4,M_ruthenica_landa,M_ruthenica_landa_Chr01,34,26,27,3,4,0,60
4,M_ruthenica_landa,M_ruthenica_landa_Chr01,35,43,15,1,7,0,66
4,M_ruthenica_landa,M_ruthenica_landa_Chr01,36,48,13,0,9,0,70
4,M_ruthenica_landa,M_ruthenica_landa_Chr01,37,34,21,1,5,0,61
4,M_ruthenica_landa,M_ruthenica_landa_Chr01,38,33,18,0,4,0,55
4,M_ruthenica_landa,M_ruthenica_landa_Chr01,39,44,21,0,3,0,68
4,M_ruthenica_landa,M_ruthenica_landa_Chr01,40,25,28,4,4,0,61
4,M_ruthenica_landa,M_ruthenica_landa_Chr01,41,34,16,3,1,0,54
4,M_ruthenica_landa,M_ruthenica_landa_Chr01,42,46,22,1,5,0,74
4,M_ruthenica_landa,M_ruthenica_landa_Chr01,43,40,24,2,5,0,71
4,M_ruthenica_landa,M_ruthenica_landa_Chr01,44,56,17,0,2,0,75
4,M_ruthenica_landa,M_ruthenica_landa_Chr01,45,41,16,1,3,0,61
4,M_ruthenica_landa,M_ruthenica_landa_Chr01,46,48,35,2,3,0,88
4,M_ruthenica_landa,M_ruthenica_landa_Chr01,47,36,26,2,1,0,65
4,M_ruthenica_landa,M_ruthenica_landa_Chr01,48,24,31,4,5,0,64
4,M_ruthenica_landa,M_ruthenica_landa_Chr01,49,44,26,2,5,0,77
4,M_ruthenica_landa,M_ruthenica_landa_Chr01,50,31,21,1,0,0,53
4,M_ruthenica_landa,M_ruthenica_landa_Chr01,51,22,26,0,4,0,52
4,M_ruthenica_landa,M_ruthenica_landa_Chr01,52,32,25,1,2,0,60
4,M_ruthenica_landa,M_ruthenica_landa_Chr01,53,41,23,2,5,0,71
4,M_ruthenica_landa,M_ruthenica_landa_Chr01,54,33,23,3,7,0,66
4,M_ruthenica_landa,M_ruthenica_landa_Chr01,55,34,27,3,7,0,71
4,M_ruthenica_landa,M_ruthenica_landa_Chr01,56,46,15,3,3,0,67
4,M_ruthenica_landa,M_ruthenica_landa_Chr01,57,35,20,1,3,0,59
4,M_ruthenica_landa,M_ruthenica_landa_Chr01,58,36,21,1,2,0,60
4,M_ruthenica_landa,M_ruthenica_landa_Chr01,59,40,19,0,5,0,64
4,M_ruthenica_landa,M_ruthenica_landa_Chr01,60,50,20,3,5,0,78
4,M_ruthenica_landa,M_ruthenica_landa_Chr01,61,39,23,3,2,0,67
4,M_ruthenica_landa,M_ruthenica_landa_Chr01,62,44,23,1,2,0,70
4,M_ruthenica_landa,M_ruthenica_landa_Chr01,63,60,14,0,2,0,76
4,M_ruthenica_landa,M_ruthenica_landa_Chr01,64,56,29,2,6,0,93
4,M_ruthenica_landa,M_ruthenica_landa_Chr01,65,44,24,3,1,0,72
4,M_ruthenica_landa,M_ruthenica_landa_Chr01,66,37,27,5,2,0,71
4,M_ruthenica_landa,M_ruthenica_landa_Chr01,67,32,37,4,2,0,75
4,M_ruthenica_landa,M_ruthenica_landa_Chr01,68,42,29,2,4,0,77
4,M_ruthenica_landa,M_ruthenica_landa_Chr01,69,31,35,0,2,0,68
4,M_ruthenica_landa,M_ruthenica_landa_Chr01,70,38,36,3,1,0,78
4,M_ruthenica_landa,M_ruthenica_landa_Chr01,71,38,31,4,1,0,74
4,M_ruthenica_landa,M_ruthenica_landa_Chr01,72,30,23,4,9,0,66
4,M_ruthenica_landa,M_ruthenica_landa_Chr01,73,52,40,4,7,0,103
4,M_ruthenica_landa,M_ruthenica_landa_Chr01,74,25,29,2,4,0,60
4,M_ruthenica_landa,M_ruthenica_landa_Chr01,75,36,19,0,2,0,57
4,M_ruthenica_landa,M_ruthenica_landa_Chr01,76,36,29,1,2,0,68
4,M_ruthenica_landa,M_ruthenica_landa_Chr01,77,38,28,1,2,0,69
4,M_ruthenica_landa,M_ruthenica_landa_Chr01,78,45,34,5,1,0,85
4,M_ruthenica_landa,M_ruthenica_landa_Chr01,79,30,40,1,0,0,71
4,M_ruthenica_landa,M_ruthenica_landa_Chr01,80,43,42,5,4,0,94
4,M_ruthenica_landa,M_ruthenica_landa_Chr01,81,46,45,5,2,0,98
4,M_ruthenica_landa,M_ruthenica_landa_Chr01,82,44,35,2,6,0,87
4,M_ruthenica_landa,M_ruthenica_landa_Chr01,83,25,31,3,3,0,62
4,M_ruthenica_landa,M_ruthenica_landa_Chr01,84,51,39,3,2,0,95
4,M_ruthenica_landa,M_ruthenica_landa_Chr01,85,45,35,2,2,0,84
4,M_ruthenica_landa,M_ruthenica_landa_Chr01,86,32,29,1,0,0,62
4,M_ruthenica_landa,M_ruthenica_landa_Chr01,87,31,44,3,3,0,81
4,M_ruthenica_landa,M_ruthenica_landa_Chr01,88,32,27,4,0,0,63
4,M_ruthenica_landa,M_ruthenica_landa_Chr01,89,59,30,3,3,0,95
4,M_ruthenica_landa,M_ruthenica_landa_Chr01,90,29,42,2,4,0,77
4,M_ruthenica_landa,M_ruthenica_landa_Chr01,91,35,27,2,3,0,67
4,M_ruthenica_landa,M_ruthenica_landa_Chr01,92,30,32,2,7,0,71
4,M_ruthenica_landa,M_ruthenica_landa_Chr01,93,36,23,4,5,0,68
4,M_ruthenica_landa,M_ruthenica_landa_Chr01,94,41,24,4,1,0,70
4,M_ruthenica_landa,M_ruthenica_landa_Chr01,95,38,35,1,4,0,78
4,M_ruthenica_landa,M_ruthenica_landa_Chr01,96,35,33,9,4,0,81
4,M_ruthenica_landa,M_ruthenica_landa_Chr01,97,42,38,3,2,0,85
4,M_ruthenica_landa,M_ruthenica_landa_Chr01,98,36,34,5,3,0,78
4,M_ruthenica_landa,M_ruthenica_landa_Chr01,99,50,34,7,5,0,96
4,M_ruthenica_landa,M_ruthenica_landa_Chr01,100,50,38,8,6,0,102
4,M_ruthenica_landa,M_ruthenica_landa_Chr01,101,36,28,6,1,0,71
4,M_ruthenica_landa,M_ruthenica_landa_Chr01,102,38,32,7,6,0,83
4,M_ruthenica_landa,M_ruthenica_landa_Chr01,103,42,32,3,3,0,80
4,M_ruthenica_landa,M_ruthenica_landa_Chr01,104,51,33,9,4,0,97
4,M_ruthenica_landa,M_ruthenica_landa_Chr01,105,43,29,6,6,0,84
4,M_ruthenica_landa,M_ruthenica_landa_Chr01,106,37,36,7,7,0,87
4,M_ruthenica_landa,M_ruthenica_landa_Chr01,107,43,28,5,3,0,79
4,M_ruthenica_landa,M_ruthenica_landa_Chr01,108,49,33,4,6,0,92
4,M_ruthenica_landa,M_ruthenica_landa_Chr01,109,43,33,1,5,0,82
4,M_ruthenica_landa,M_ruthenica_landa_Chr01,110,46,22,3,2,0,73
4,M_ruthenica_landa,M_ruthenica_landa_Chr01,111,45,32,9,2,0,88
4,M_ruthenica_landa,M_ruthenica_landa_Chr01,112,46,28,2,5,0,81
4,M_ruthenica_landa,M_ruthenica_landa_Chr01,113,49,33,11,7,0,100
4,M_ruthenica_landa,M_ruthenica_landa_Chr01,114,59,26,3,1,0,89
4,M_ruthenica_landa,M_ruthenica_landa_Chr01,115,45,24,8,1,0,78
4,M_ruthenica_landa,M_ruthenica_landa_Chr01,116,47,32,9,5,0,93
4,M_ruthenica_landa,M_ruthenica_landa_Chr01,117,15,3,0,0,0,18
4,M_ruthenica_landa,M_ruthenica_landa_Chr02,0,48,15,3,3,0,69
4,M_ruthenica_landa,M_ruthenica_landa_Chr02,1,53,17,11,0,0,81
4,M_ruthenica_landa,M_ruthenica_landa_Chr02,2,61,16,8,7,0,92
4,M_ruthenica_landa,M_ruthenica_landa_Chr02,3,58,11,7,4,0,80
4,M_ruthenica_landa,M_ruthenica_landa_Chr02,4,44,23,10,4,0,81
4,M_ruthenica_landa,M_ruthenica_landa_Chr02,5,62,10,9,11,0,92
4,M_ruthenica_landa,M_ruthenica_landa_Chr02,6,50,35,5,2,0,92
4,M_ruthenica_landa,M_ruthenica_landa_Chr02,7,39,34,19,11,0,103
4,M_ruthenica_landa,M_ruthenica_landa_Chr02,8,22,24,20,7,0,73
4,M_ruthenica_landa,M_ruthenica_landa_Chr02,9,28,17,30,4,0,79
4,M_ruthenica_landa,M_ruthenica_landa_Chr02,10,29,29,13,9,0,80
4,M_ruthenica_landa,M_ruthenica_landa_Chr02,11,42,18,13,2,0,75
4,M_ruthenica_landa,M_ruthenica_landa_Chr02,12,46,12,25,5,0,88
4,M_ruthenica_landa,M_ruthenica_landa_Chr02,13,30,7,8,4,0,49
4,M_ruthenica_landa,M_ruthenica_landa_Chr02,14,44,7,19,5,0,75
4,M_ruthenica_landa,M_ruthenica_landa_Chr02,15,38,13,16,0,0,67
4,M_ruthenica_landa,M_ruthenica_landa_Chr02,16,48,15,10,0,0,73
4,M_ruthenica_landa,M_ruthenica_landa_Chr02,17,41,17,7,2,0,67
4,M_ruthenica_landa,M_ruthenica_landa_Chr02,18,60,15,4,6,0,85
4,M_ruthenica_landa,M_ruthenica_landa_Chr02,19,50,9,3,2,0,64
4,M_ruthenica_landa,M_ruthenica_landa_Chr02,20,61,9,2,1,0,73
4,M_ruthenica_landa,M_ruthenica_landa_Chr02,21,68,2,1,3,0,74
4,M_ruthenica_landa,M_ruthenica_landa_Chr02,22,55,1,1,3,0,60
4,M_ruthenica_landa,M_ruthenica_landa_Chr02,23,61,7,4,9,0,81
4,M_ruthenica_landa,M_ruthenica_landa_Chr02,24,48,7,1,3,0,59
4,M_ruthenica_landa,M_ruthenica_landa_Chr02,25,58,6,1,3,0,68
4,M_ruthenica_landa,M_ruthenica_landa_Chr02,26,52,7,4,4,0,67
4,M_ruthenica_landa,M_ruthenica_landa_Chr02,27,52,8,4,9,0,73
4,M_ruthenica_landa,M_ruthenica_landa_Chr02,28,54,7,3,4,0,68
4,M_ruthenica_landa,M_ruthenica_landa_Chr02,29,58,10,0,4,0,72
4,M_ruthenica_landa,M_ruthenica_landa_Chr02,30,47,6,1,2,0,56
4,M_ruthenica_landa,M_ruthenica_landa_Chr02,31,51,7,3,3,0,64
4,M_ruthenica_landa,M_ruthenica_landa_Chr02,32,52,8,2,3,0,65
4,M_ruthenica_landa,M_ruthenica_landa_Chr02,33,57,12,2,3,0,74
4,M_ruthenica_landa,M_ruthenica_landa_Chr02,34,59,5,1,2,0,67
4,M_ruthenica_landa,M_ruthenica_landa_Chr02,35,53,10,3,5,0,71
4,M_ruthenica_landa,M_ruthenica_landa_Chr02,36,44,9,0,4,0,57
4,M_ruthenica_landa,M_ruthenica_landa_Chr02,37,48,14,3,3,0,68
4,M_ruthenica_landa,M_ruthenica_landa_Chr02,38,61,7,4,7,0,79
4,M_ruthenica_landa,M_ruthenica_landa_Chr02,39,59,13,3,6,0,81
4,M_ruthenica_landa,M_ruthenica_landa_Chr02,40,51,10,4,5,0,70
4,M_ruthenica_landa,M_ruthenica_landa_Chr02,41,47,9,3,5,0,64
4,M_ruthenica_landa,M_ruthenica_landa_Chr02,42,30,10,3,3,0,46
4,M_ruthenica_landa,M_ruthenica_landa_Chr02,43,42,9,0,5,0,56
4,M_ruthenica_landa,M_ruthenica_landa_Chr02,44,35,10,0,5,0,50
4,M_ruthenica_landa,M_ruthenica_landa_Chr02,45,49,12,2,5,0,68
4,M_ruthenica_landa,M_ruthenica_landa_Chr02,46,51,6,3,3,0,63
4,M_ruthenica_landa,M_ruthenica_landa_Chr02,47,40,6,0,2,0,48
4,M_ruthenica_landa,M_ruthenica_landa_Chr02,48,52,9,0,5,0,66
4,M_ruthenica_landa,M_ruthenica_landa_Chr02,49,58,8,3,3,0,72
4,M_ruthenica_landa,M_ruthenica_landa_Chr02,50,46,10,3,2,0,61
4,M_ruthenica_landa,M_ruthenica_landa_Chr02,51,42,6,3,3,0,54
4,M_ruthenica_landa,M_ruthenica_landa_Chr02,52,53,6,1,3,0,63
4,M_ruthenica_landa,M_ruthenica_landa_Chr02,53,49,11,2,2,0,64
4,M_ruthenica_landa,M_ruthenica_landa_Chr02,54,53,16,2,7,0,78
4,M_ruthenica_landa,M_ruthenica_landa_Chr02,55,39,9,1,3,0,52
4,M_ruthenica_landa,M_ruthenica_landa_Chr02,56,42,12,2,1,0,57
4,M_ruthenica_landa,M_ruthenica_landa_Chr02,57,40,7,1,2,0,50
4,M_ruthenica_landa,M_ruthenica_landa_Chr02,58,47,7,2,3,0,59
4,M_ruthenica_landa,M_ruthenica_landa_Chr02,59,52,10,4,3,0,69
4,M_ruthenica_landa,M_ruthenica_landa_Chr02,60,43,10,2,1,0,56
4,M_ruthenica_landa,M_ruthenica_landa_Chr02,61,49,10,1,1,0,61
4,M_ruthenica_landa,M_ruthenica_landa_Chr02,62,46,14,3,7,0,70
4,M_ruthenica_landa,M_ruthenica_landa_Chr02,63,62,14,7,3,0,86
4,M_ruthenica_landa,M_ruthenica_landa_Chr02,64,50,7,3,2,0,62
4,M_ruthenica_landa,M_ruthenica_landa_Chr02,65,51,9,5,2,0,67
4,M_ruthenica_landa,M_ruthenica_landa_Chr02,66,44,10,1,2,0,57
4,M_ruthenica_landa,M_ruthenica_landa_Chr02,67,35,8,2,1,0,46
4,M_ruthenica_landa,M_ruthenica_landa_Chr02,68,23,19,7,7,0,56
4,M_ruthenica_landa,M_ruthenica_landa_Chr02,69,47,15,2,5,0,69
4,M_ruthenica_landa,M_ruthenica_landa_Chr02,70,49,12,2,2,0,65
4,M_ruthenica_landa,M_ruthenica_landa_Chr02,71,51,12,3,3,0,69
4,M_ruthenica_landa,M_ruthenica_landa_Chr02,72,48,14,2,1,0,65
4,M_ruthenica_landa,M_ruthenica_landa_Chr02,73,31,24,7,4,0,66
4,M_ruthenica_landa,M_ruthenica_landa_Chr02,74,35,25,5,5,0,70
4,M_ruthenica_landa,M_ruthenica_landa_Chr02,75,46,20,3,7,0,76
4,M_ruthenica_landa,M_ruthenica_landa_Chr02,76,34,14,4,1,0,53
4,M_ruthenica_landa,M_ruthenica_landa_Chr02,77,36,10,3,4,0,53
4,M_ruthenica_landa,M_ruthenica_landa_Chr02,78,40,23,3,2,0,68
4,M_ruthenica_landa,M_ruthenica_landa_Chr02,79,44,16,3,4,0,67
4,M_ruthenica_landa,M_ruthenica_landa_Chr02,80,37,23,7,3,0,70
4,M_ruthenica_landa,M_ruthenica_landa_Chr02,81,44,24,7,6,0,81
4,M_ruthenica_landa,M_ruthenica_landa_Chr02,82,45,25,1,3,0,74
4,M_ruthenica_landa,M_ruthenica_landa_Chr02,83,27,31,3,2,0,63
4,M_ruthenica_landa,M_ruthenica_landa_Chr02,84,48,22,4,7,0,81
4,M_ruthenica_landa,M_ruthenica_landa_Chr02,85,51,19,5,4,0,79
4,M_ruthenica_landa,M_ruthenica_landa_Chr02,86,55,24,9,5,0,93
4,M_ruthenica_landa,M_ruthenica_landa_Chr02,87,48,17,2,5,0,72
4,M_ruthenica_landa,M_ruthenica_landa_Chr02,88,38,25,4,6,0,73
4,M_ruthenica_landa,M_ruthenica_landa_Chr02,89,31,30,6,5,0,72
4,M_ruthenica_landa,M_ruthenica_landa_Chr02,90,40,30,11,5,0,86
4,M_ruthenica_landa,M_ruthenica_landa_Chr02,91,32,24,6,5,0,67
4,M_ruthenica_landa,M_ruthenica_landa_Chr02,92,44,23,4,2,0,73
4,M_ruthenica_landa,M_ruthenica_landa_Chr02,93,29,40,2,4,0,75
4,M_ruthenica_landa,M_ruthenica_landa_Chr02,94,53,27,3,5,0,88
4,M_ruthenica_landa,M_ruthenica_landa_Chr02,95,39,29,5,8,0,81
4,M_ruthenica_landa,M_ruthenica_landa_Chr02,96,55,24,4,6,0,89
4,M_ruthenica_landa,M_ruthenica_landa_Chr02,97,32,34,4,5,0,75
4,M_ruthenica_landa,M_ruthenica_landa_Chr02,98,44,30,7,4,0,85
4,M_ruthenica_landa,M_ruthenica_landa_Chr02,99,39,32,10,5,0,86
4,M_ruthenica_landa,M_ruthenica_landa_Chr02,100,43,31,3,2,0,79
4,M_ruthenica_landa,M_ruthenica_landa_Chr02,101,50,15,4,6,0,75
4,M_ruthenica_landa,M_ruthenica_landa_Chr02,102,42,18,2,0,0,62
4,M_ruthenica_landa,M_ruthenica_landa_Chr02,103,5,4,0,1,0,10
4,M_ruthenica_landa,M_ruthenica_landa_Chr03,0,42,22,7,2,0,73
4,M_ruthenica_landa,M_ruthenica_landa_Chr03,1,49,25,1,7,0,82
4,M_ruthenica_landa,M_ruthenica_landa_Chr03,2,47,29,4,2,0,82
4,M_ruthenica_landa,M_ruthenica_landa_Chr03,3,38,16,10,3,0,67
4,M_ruthenica_landa,M_ruthenica_landa_Chr03,4,38,15,7,5,0,65
4,M_ruthenica_landa,M_ruthenica_landa_Chr03,5,22,38,6,4,0,70
4,M_ruthenica_landa,M_ruthenica_landa_Chr03,6,53,11,2,5,0,71
4,M_ruthenica_landa,M_ruthenica_landa_Chr03,7,43,26,8,7,0,84
4,M_ruthenica_landa,M_ruthenica_landa_Chr03,8,38,18,3,3,0,62
4,M_ruthenica_landa,M_ruthenica_landa_Chr03,9,42,12,2,6,0,62
4,M_ruthenica_landa,M_ruthenica_landa_Chr03,10,33,7,2,3,0,45
4,M_ruthenica_landa,M_ruthenica_landa_Chr03,11,35,17,1,5,0,58
4,M_ruthenica_landa,M_ruthenica_landa_Chr03,12,39,12,0,3,0,54
4,M_ruthenica_landa,M_ruthenica_landa_Chr03,13,45,27,4,5,0,81
4,M_ruthenica_landa,M_ruthenica_landa_Chr03,14,42,10,1,8,0,61
4,M_ruthenica_landa,M_ruthenica_landa_Chr03,15,42,8,3,5,0,58
4,M_ruthenica_landa,M_ruthenica_landa_Chr03,16,53,25,2,3,0,83
4,M_ruthenica_landa,M_ruthenica_landa_Chr03,17,47,13,3,0,0,63
4,M_ruthenica_landa,M_ruthenica_landa_Chr03,18,47,18,2,6,0,73
4,M_ruthenica_landa,M_ruthenica_landa_Chr03,19,51,14,6,4,0,75
4,M_ruthenica_landa,M_ruthenica_landa_Chr03,20,45,12,0,8,0,65
4,M_ruthenica_landa,M_ruthenica_landa_Chr03,21,49,18,2,7,0,76
4,M_ruthenica_landa,M_ruthenica_landa_Chr03,22,40,20,3,2,0,65
4,M_ruthenica_landa,M_ruthenica_landa_Chr03,23,41,14,2,4,0,61
4,M_ruthenica_landa,M_ruthenica_landa_Chr03,24,42,22,1,4,0,69
4,M_ruthenica_landa,M_ruthenica_landa_Chr03,25,38,21,6,3,0,68
4,M_ruthenica_landa,M_ruthenica_landa_Chr03,26,37,13,2,2,0,54
4,M_ruthenica_landa,M_ruthenica_landa_Chr03,27,46,18,5,3,0,72
4,M_ruthenica_landa,M_ruthenica_landa_Chr03,28,44,29,3,3,0,79
4,M_ruthenica_landa,M_ruthenica_landa_Chr03,29,40,19,3,3,0,65
4,M_ruthenica_landa,M_ruthenica_landa_Chr03,30,46,15,5,3,0,69
4,M_ruthenica_landa,M_ruthenica_landa_Chr03,31,48,11,1,2,0,62
4,M_ruthenica_landa,M_ruthenica_landa_Chr03,32,36,16,0,2,0,54
4,M_ruthenica_landa,M_ruthenica_landa_Chr03,33,49,16,2,4,0,71
4,M_ruthenica_landa,M_ruthenica_landa_Chr03,34,36,21,4,7,0,68
4,M_ruthenica_landa,M_ruthenica_landa_Chr03,35,40,11,2,3,0,56
4,M_ruthenica_landa,M_ruthenica_landa_Chr03,36,48,15,3,8,0,74
4,M_ruthenica_landa,M_ruthenica_landa_Chr03,37,45,14,2,5,0,66
4,M_ruthenica_landa,M_ruthenica_landa_Chr03,38,36,22,2,6,0,66
4,M_ruthenica_landa,M_ruthenica_landa_Chr03,39,35,15,4,5,0,59
4,M_ruthenica_landa,M_ruthenica_landa_Chr03,40,54,24,2,3,0,83
4,M_ruthenica_landa,M_ruthenica_landa_Chr03,41,41,14,5,3,0,63
4,M_ruthenica_landa,M_ruthenica_landa_Chr03,42,42,9,5,5,0,61
4,M_ruthenica_landa,M_ruthenica_landa_Chr03,43,35,6,11,0,0,52
4,M_ruthenica_landa,M_ruthenica_landa_Chr03,44,40,10,2,2,0,54
4,M_ruthenica_landa,M_ruthenica_landa_Chr03,45,47,27,3,1,0,78
4,M_ruthenica_landa,M_ruthenica_landa_Chr03,46,61,14,3,7,0,85
4,M_ruthenica_landa,M_ruthenica_landa_Chr03,47,42,14,4,1,0,61
4,M_ruthenica_landa,M_ruthenica_landa_Chr03,48,49,9,2,4,0,64
4,M_ruthenica_landa,M_ruthenica_landa_Chr03,49,32,13,12,1,0,58
4,M_ruthenica_landa,M_ruthenica_landa_Chr03,50,47,11,9,4,0,71
4,M_ruthenica_landa,M_ruthenica_landa_Chr03,51,38,13,2,4,0,57
4,M_ruthenica_landa,M_ruthenica_landa_Chr03,52,35,25,7,2,0,69
4,M_ruthenica_landa,M_ruthenica_landa_Chr03,53,45,21,5,5,0,76
4,M_ruthenica_landa,M_ruthenica_landa_Chr03,54,46,21,13,6,0,86
4,M_ruthenica_landa,M_ruthenica_landa_Chr03,55,55,11,6,11,0,83
4,M_ruthenica_landa,M_ruthenica_landa_Chr03,56,44,22,6,6,0,78
4,M_ruthenica_landa,M_ruthenica_landa_Chr03,57,37,22,5,0,0,64
4,M_ruthenica_landa,M_ruthenica_landa_Chr03,58,40,11,3,2,0,56
4,M_ruthenica_landa,M_ruthenica_landa_Chr03,59,34,18,12,8,0,72
4,M_ruthenica_landa,M_ruthenica_landa_Chr03,60,43,26,9,9,0,87
4,M_ruthenica_landa,M_ruthenica_landa_Chr03,61,60,12,6,4,0,82
4,M_ruthenica_landa,M_ruthenica_landa_Chr03,62,52,16,4,5,0,77
4,M_ruthenica_landa,M_ruthenica_landa_Chr03,63,49,15,3,1,0,68
4,M_ruthenica_landa,M_ruthenica_landa_Chr03,64,49,23,6,3,0,81
4,M_ruthenica_landa,M_ruthenica_landa_Chr03,65,48,14,7,2,0,71
4,M_ruthenica_landa,M_ruthenica_landa_Chr03,66,31,28,7,2,0,68
4,M_ruthenica_landa,M_ruthenica_landa_Chr03,67,34,15,2,1,0,52
4,M_ruthenica_landa,M_ruthenica_landa_Chr03,68,49,22,8,8,0,87
4,M_ruthenica_landa,M_ruthenica_landa_Chr03,69,34,30,15,6,0,85
4,M_ruthenica_landa,M_ruthenica_landa_Chr03,70,34,16,15,0,0,65
4,M_ruthenica_landa,M_ruthenica_landa_Chr03,71,27,15,5,3,0,92
4,M_ruthenica_landa,M_ruthenica_landa_Chr03,72,0,0,0,0,0,76
4,M_ruthenica_landa,M_ruthenica_landa_Chr03,73,0,0,0,0,0,66
4,M_ruthenica_landa,M_ruthenica_landa_Chr03,74,0,0,0,0,0,67
4,M_ruthenica_landa,M_ruthenica_landa_Chr03,75,0,0,0,0,0,78
4,M_ruthenica_landa,M_ruthenica_landa_Chr03,76,0,0,0,0,0,73
4,M_ruthenica_landa,M_ruthenica_landa_Chr03,77,0,0,1,0,0,72
4,M_ruthenica_landa,M_ruthenica_landa_Chr03,78,2,0,0,0,0,74
4,M_ruthenica_landa,M_ruthenica_landa_Chr03,79,0,0,0,0,0,64
4,M_ruthenica_landa,M_ruthenica_landa_Chr03,80,3,0,0,0,0,81
4,M_ruthenica_landa,M_ruthenica_landa_Chr03,81,1,0,0,0,0,65
4,M_ruthenica_landa,M_ruthenica_landa_Chr03,82,0,0,0,0,0,76
4,M_ruthenica_landa,M_ruthenica_landa_Chr03,83,0,0,0,0,0,76
4,M_ruthenica_landa,M_ruthenica_landa_Chr03,84,0,0,0,0,0,72
4,M_ruthenica_landa,M_ruthenica_landa_Chr03,85,0,0,0,0,0,70
4,M_ruthenica_landa,M_ruthenica_landa_Chr03,86,0,0,0,0,0,75
4,M_ruthenica_landa,M_ruthenica_landa_Chr03,87,0,0,0,0,0,67
4,M_ruthenica_landa,M_ruthenica_landa_Chr03,88,0,0,0,0,0,85
4,M_ruthenica_landa,M_ruthenica_landa_Chr03,89,0,0,0,0,0,61
4,M_ruthenica_landa,M_ruthenica_landa_Chr03,90,0,0,0,0,0,83
4,M_ruthenica_landa,M_ruthenica_landa_Chr03,91,0,0,0,0,0,73
4,M_ruthenica_landa,M_ruthenica_landa_Chr03,92,0,0,0,0,0,71
4,M_ruthenica_landa,M_ruthenica_landa_Chr03,93,0,0,0,0,0,82
4,M_ruthenica_landa,M_ruthenica_landa_Chr03,94,0,2,0,0,0,85
4,M_ruthenica_landa,M_ruthenica_landa_Chr03,95,0,0,0,0,0,77
4,M_ruthenica_landa,M_ruthenica_landa_Chr03,96,0,0,0,0,0,67
4,M_ruthenica_landa,M_ruthenica_landa_Chr03,97,0,0,0,0,0,75
4,M_ruthenica_landa,M_ruthenica_landa_Chr03,98,0,0,0,0,0,67
4,M_ruthenica_landa,M_ruthenica_landa_Chr03,99,0,0,0,0,0,79
4,M_ruthenica_landa,M_ruthenica_landa_Chr03,100,0,0,0,0,0,77
4,M_ruthenica_landa,M_ruthenica_landa_Chr03,101,0,0,0,0,0,73
4,M_ruthenica_landa,M_ruthenica_landa_Chr03,102,0,0,0,0,0,86
4,M_ruthenica_landa,M_ruthenica_landa_Chr03,103,0,0,0,0,0,71
4,M_ruthenica_landa,M_ruthenica_landa_Chr03,104,0,0,0,0,0,74
4,M_ruthenica_landa,M_ruthenica_landa_Chr03,105,0,0,0,0,0,84
4,M_ruthenica_landa,M_ruthenica_landa_Chr03,106,0,0,0,0,0,53
4,M_ruthenica_landa,M_ruthenica_landa_Chr03,107,0,0,0,0,0,74
4,M_ruthenica_landa,M_ruthenica_landa_Chr03,108,0,0,0,0,0,74
4,M_ruthenica_landa,M_ruthenica_landa_Chr03,109,1,1,0,0,0,71
4,M_ruthenica_landa,M_ruthenica_landa_Chr03,110,1,0,0,0,0,62
4,M_ruthenica_landa,M_ruthenica_landa_Chr03,111,1,0,0,0,0,71
4,M_ruthenica_landa,M_ruthenica_landa_Chr03,112,0,0,0,0,0,54
4,M_ruthenica_landa,M_ruthenica_landa_Chr04,0,0,0,0,0,0,77
4,M_ruthenica_landa,M_ruthenica_landa_Chr04,1,1,0,0,0,0,70
4,M_ruthenica_landa,M_ruthenica_landa_Chr04,2,0,3,1,2,0,76
4,M_ruthenica_landa,M_ruthenica_landa_Chr04,3,1,1,0,0,0,58
4,M_ruthenica_landa,M_ruthenica_landa_Chr04,4,0,0,0,0,0,77
4,M_ruthenica_landa,M_ruthenica_landa_Chr04,5,1,0,0,0,0,73
4,M_ruthenica_landa,M_ruthenica_landa_Chr04,6,3,0,1,0,0,72
4,M_ruthenica_landa,M_ruthenica_landa_Chr04,7,0,0,0,0,0,75
4,M_ruthenica_landa,M_ruthenica_landa_Chr04,8,0,0,0,0,0,62
4,M_ruthenica_landa,M_ruthenica_landa_Chr04,9,1,0,0,0,0,63
4,M_ruthenica_landa,M_ruthenica_landa_Chr04,10,0,0,0,0,0,71
4,M_ruthenica_landa,M_ruthenica_landa_Chr04,11,0,0,0,0,0,52
4,M_ruthenica_landa,M_ruthenica_landa_Chr04,12,0,0,0,0,0,66
4,M_ruthenica_landa,M_ruthenica_landa_Chr04,13,0,0,0,0,0,76
4,M_ruthenica_landa,M_ruthenica_landa_Chr04,14,0,0,0,0,0,83
4,M_ruthenica_landa,M_ruthenica_landa_Chr04,15,0,0,0,0,0,65
4,M_ruthenica_landa,M_ruthenica_landa_Chr04,16,0,0,0,0,0,80
4,M_ruthenica_landa,M_ruthenica_landa_Chr04,17,0,0,0,0,0,69
4,M_ruthenica_landa,M_ruthenica_landa_Chr04,18,0,0,0,0,0,65
4,M_ruthenica_landa,M_ruthenica_landa_Chr04,19,0,0,0,0,0,61
4,M_ruthenica_landa,M_ruthenica_landa_Chr04,20,1,0,0,0,0,57
4,M_ruthenica_landa,M_ruthenica_landa_Chr04,21,0,0,0,0,0,63
4,M_ruthenica_landa,M_ruthenica_landa_Chr04,22,0,0,0,0,0,50
4,M_ruthenica_landa,M_ruthenica_landa_Chr04,23,0,0,0,0,0,65
4,M_ruthenica_landa,M_ruthenica_landa_Chr04,24,0,0,0,0,0,69
4,M_ruthenica_landa,M_ruthenica_landa_Chr04,25,0,0,0,0,0,64
4,M_ruthenica_landa,M_ruthenica_landa_Chr04,26,0,1,0,0,0,76
4,M_ruthenica_landa,M_ruthenica_landa_Chr04,27,1,0,0,0,0,80
4,M_ruthenica_landa,M_ruthenica_landa_Chr04,28,0,0,0,0,0,55
4,M_ruthenica_landa,M_ruthenica_landa_Chr04,29,0,0,0,0,0,53
4,M_ruthenica_landa,M_ruthenica_landa_Chr04,30,0,0,0,0,0,61
4,M_ruthenica_landa,M_ruthenica_landa_Chr04,31,0,0,0,0,0,65
4,M_ruthenica_landa,M_ruthenica_landa_Chr04,32,0,0,0,0,0,65
4,M_ruthenica_landa,M_ruthenica_landa_Chr04,33,0,0,0,0,0,51
4,M_ruthenica_landa,M_ruthenica_landa_Chr04,34,0,0,0,0,0,58
4,M_ruthenica_landa,M_ruthenica_landa_Chr04,35,0,0,0,0,0,61
4,M_ruthenica_landa,M_ruthenica_landa_Chr04,36,0,0,0,0,0,59
4,M_ruthenica_landa,M_ruthenica_landa_Chr04,37,0,0,0,0,0,66
4,M_ruthenica_landa,M_ruthenica_landa_Chr04,38,0,0,0,0,0,65
4,M_ruthenica_landa,M_ruthenica_landa_Chr04,39,0,0,0,0,0,65
4,M_ruthenica_landa,M_ruthenica_landa_Chr04,40,0,0,0,0,0,69
4,M_ruthenica_landa,M_ruthenica_landa_Chr04,41,0,0,0,0,0,53
4,M_ruthenica_landa,M_ruthenica_landa_Chr04,42,0,0,0,0,0,64
4,M_ruthenica_landa,M_ruthenica_landa_Chr04,43,0,0,0,0,0,58
4,M_ruthenica_landa,M_ruthenica_landa_Chr04,44,0,0,0,0,0,67
4,M_ruthenica_landa,M_ruthenica_landa_Chr04,45,0,0,0,0,0,62
4,M_ruthenica_landa,M_ruthenica_landa_Chr04,46,0,0,0,0,0,62
4,M_ruthenica_landa,M_ruthenica_landa_Chr04,47,0,0,0,0,0,48
4,M_ruthenica_landa,M_ruthenica_landa_Chr04,48,0,0,0,0,0,67
4,M_ruthenica_landa,M_ruthenica_landa_Chr04,49,0,0,0,0,0,77
4,M_ruthenica_landa,M_ruthenica_landa_Chr04,50,0,0,0,0,0,52
4,M_ruthenica_landa,M_ruthenica_landa_Chr04,51,0,0,0,0,0,62
4,M_ruthenica_landa,M_ruthenica_landa_Chr04,52,0,0,0,0,0,69
4,M_ruthenica_landa,M_ruthenica_landa_Chr04,53,0,0,0,0,0,71
4,M_ruthenica_landa,M_ruthenica_landa_Chr04,54,0,0,0,0,0,61
4,M_ruthenica_landa,M_ruthenica_landa_Chr04,55,0,0,0,0,0,88
4,M_ruthenica_landa,M_ruthenica_landa_Chr04,56,0,0,0,0,0,76
4,M_ruthenica_landa,M_ruthenica_landa_Chr04,57,0,0,0,0,0,48
4,M_ruthenica_landa,M_ruthenica_landa_Chr04,58,0,0,0,0,0,76
4,M_ruthenica_landa,M_ruthenica_landa_Chr04,59,0,0,0,0,0,60
4,M_ruthenica_landa,M_ruthenica_landa_Chr04,60,0,0,0,0,0,95
4,M_ruthenica_landa,M_ruthenica_landa_Chr04,61,0,0,0,0,0,78
4,M_ruthenica_landa,M_ruthenica_landa_Chr04,62,0,0,0,0,0,79
4,M_ruthenica_landa,M_ruthenica_landa_Chr04,63,0,0,0,0,0,61
4,M_ruthenica_landa,M_ruthenica_landa_Chr04,64,0,0,0,0,0,75
4,M_ruthenica_landa,M_ruthenica_landa_Chr04,65,0,0,0,0,0,75
4,M_ruthenica_landa,M_ruthenica_landa_Chr04,66,0,0,0,0,0,71
4,M_ruthenica_landa,M_ruthenica_landa_Chr04,67,0,0,0,0,0,73
4,M_ruthenica_landa,M_ruthenica_landa_Chr04,68,0,0,0,0,0,78
4,M_ruthenica_landa,M_ruthenica_landa_Chr04,69,0,0,0,0,0,75
4,M_ruthenica_landa,M_ruthenica_landa_Chr04,70,0,0,0,0,0,87
4,M_ruthenica_landa,M_ruthenica_landa_Chr04,71,0,0,0,0,0,74
4,M_ruthenica_landa,M_ruthenica_landa_Chr04,72,0,0,0,0,0,65
4,M_ruthenica_landa,M_ruthenica_landa_Chr04,73,0,0,0,0,0,66
4,M_ruthenica_landa,M_ruthenica_landa_Chr04,74,0,1,0,0,0,79
4,M_ruthenica_landa,M_ruthenica_landa_Chr04,75,0,2,0,0,0,79
4,M_ruthenica_landa,M_ruthenica_landa_Chr04,76,0,0,0,0,0,83
4,M_ruthenica_landa,M_ruthenica_landa_Chr04,77,0,0,0,0,0,76
4,M_ruthenica_landa,M_ruthenica_landa_Chr04,78,1,0,0,0,0,73
4,M_ruthenica_landa,M_ruthenica_landa_Chr04,79,0,0,0,0,0,64
4,M_ruthenica_landa,M_ruthenica_landa_Chr04,80,0,0,0,0,0,62
4,M_ruthenica_landa,M_ruthenica_landa_Chr04,81,0,1,0,0,0,83
4,M_ruthenica_landa,M_ruthenica_landa_Chr04,82,1,0,0,0,0,76
4,M_ruthenica_landa,M_ruthenica_landa_Chr04,83,0,0,0,0,0,70
4,M_ruthenica_landa,M_ruthenica_landa_Chr04,84,3,3,0,0,0,77
4,M_ruthenica_landa,M_ruthenica_landa_Chr04,85,0,0,0,0,0,82
4,M_ruthenica_landa,M_ruthenica_landa_Chr04,86,0,0,0,0,0,90
4,M_ruthenica_landa,M_ruthenica_landa_Chr04,87,0,0,0,0,0,79
4,M_ruthenica_landa,M_ruthenica_landa_Chr04,88,0,0,0,0,0,73
4,M_ruthenica_landa,M_ruthenica_landa_Chr04,89,0,0,0,0,0,75
4,M_ruthenica_landa,M_ruthenica_landa_Chr04,90,0,0,0,0,0,75
4,M_ruthenica_landa,M_ruthenica_landa_Chr04,91,0,0,0,0,0,81
4,M_ruthenica_landa,M_ruthenica_landa_Chr04,92,0,0,0,0,0,69
4,M_ruthenica_landa,M_ruthenica_landa_Chr04,93,0,0,0,0,0,71
4,M_ruthenica_landa,M_ruthenica_landa_Chr04,94,0,0,0,0,0,74
4,M_ruthenica_landa,M_ruthenica_landa_Chr04,95,0,0,0,0,0,63
4,M_ruthenica_landa,M_ruthenica_landa_Chr04,96,0,0,0,0,0,69
4,M_ruthenica_landa,M_ruthenica_landa_Chr04,97,0,0,0,0,0,85
4,M_ruthenica_landa,M_ruthenica_landa_Chr04,98,0,0,0,0,0,74
4,M_ruthenica_landa,M_ruthenica_landa_Chr04,99,0,0,0,0,0,64
4,M_ruthenica_landa,M_ruthenica_landa_Chr04,100,0,0,0,0,0,64
4,M_ruthenica_landa,M_ruthenica_landa_Chr04,101,3,1,0,0,0,110
4,M_ruthenica_landa,M_ruthenica_landa_Chr04,102,1,0,0,0,0,71
4,M_ruthenica_landa,M_ruthenica_landa_Chr04,103,0,0,0,0,0,86
4,M_ruthenica_landa,M_ruthenica_landa_Chr04,104,2,0,0,0,0,58
4,M_ruthenica_landa,M_ruthenica_landa_Chr04,105,0,0,0,0,0,83
4,M_ruthenica_landa,M_ruthenica_landa_Chr04,106,0,0,0,0,0,60
4,M_ruthenica_landa,M_ruthenica_landa_Chr04,107,2,0,1,0,0,84
4,M_ruthenica_landa,M_ruthenica_landa_Chr04,108,1,1,0,0,0,82
4,M_ruthenica_landa,M_ruthenica_landa_Chr04,109,0,0,0,0,0,66
4,M_ruthenica_landa,M_ruthenica_landa_Chr04,110,0,0,0,0,0,86
4,M_ruthenica_landa,M_ruthenica_landa_Chr04,111,0,0,0,0,0,74
4,M_ruthenica_landa,M_ruthenica_landa_Chr04,112,0,0,0,0,0,71
4,M_ruthenica_landa,M_ruthenica_landa_Chr04,113,0,0,0,0,0,74
4,M_ruthenica_landa,M_ruthenica_landa_Chr04,114,0,0,0,0,0,91
4,M_ruthenica_landa,M_ruthenica_landa_Chr04,115,0,0,0,0,0,72
4,M_ruthenica_landa,M_ruthenica_landa_Chr04,116,0,0,0,0,0,73
4,M_ruthenica_landa,M_ruthenica_landa_Chr04,117,0,0,0,0,0,80
4,M_ruthenica_landa,M_ruthenica_landa_Chr04,118,0,0,0,0,0,55
4,M_ruthenica_landa,M_ruthenica_landa_Chr05,0,0,0,0,0,0,67
4,M_ruthenica_landa,M_ruthenica_landa_Chr05,1,0,0,0,0,0,90
4,M_ruthenica_landa,M_ruthenica_landa_Chr05,2,0,0,0,0,0,79
4,M_ruthenica_landa,M_ruthenica_landa_Chr05,3,0,0,0,0,0,65
4,M_ruthenica_landa,M_ruthenica_landa_Chr05,4,0,0,0,0,0,68
4,M_ruthenica_landa,M_ruthenica_landa_Chr05,5,0,0,0,0,0,62
4,M_ruthenica_landa,M_ruthenica_landa_Chr05,6,0,0,0,0,0,81
4,M_ruthenica_landa,M_ruthenica_landa_Chr05,7,0,0,0,0,0,76
4,M_ruthenica_landa,M_ruthenica_landa_Chr05,8,0,0,0,0,0,54
4,M_ruthenica_landa,M_ruthenica_landa_Chr05,9,0,0,0,0,0,73
4,M_ruthenica_landa,M_ruthenica_landa_Chr05,10,0,0,0,0,0,86
4,M_ruthenica_landa,M_ruthenica_landa_Chr05,11,1,0,0,0,0,70
4,M_ruthenica_landa,M_ruthenica_landa_Chr05,12,0,0,0,0,0,67
4,M_ruthenica_landa,M_ruthenica_landa_Chr05,13,0,0,0,0,0,72
4,M_ruthenica_landa,M_ruthenica_landa_Chr05,14,0,0,0,0,0,60
4,M_ruthenica_landa,M_ruthenica_landa_Chr05,15,0,0,0,0,0,59
4,M_ruthenica_landa,M_ruthenica_landa_Chr05,16,0,0,0,0,0,74
4,M_ruthenica_landa,M_ruthenica_landa_Chr05,17,0,0,0,0,0,78
4,M_ruthenica_landa,M_ruthenica_landa_Chr05,18,0,0,0,0,0,67
4,M_ruthenica_landa,M_ruthenica_landa_Chr05,19,0,0,0,0,0,77
4,M_ruthenica_landa,M_ruthenica_landa_Chr05,20,0,0,0,0,0,66
4,M_ruthenica_landa,M_ruthenica_landa_Chr05,21,0,0,0,0,0,71
4,M_ruthenica_landa,M_ruthenica_landa_Chr05,22,1,0,0,0,0,71
4,M_ruthenica_landa,M_ruthenica_landa_Chr05,23,1,1,0,0,0,89
4,M_ruthenica_landa,M_ruthenica_landa_Chr05,24,0,0,0,1,0,58
4,M_ruthenica_landa,M_ruthenica_landa_Chr05,25,0,0,0,1,0,61
4,M_ruthenica_landa,M_ruthenica_landa_Chr05,26,1,0,0,0,0,78
4,M_ruthenica_landa,M_ruthenica_landa_Chr05,27,0,0,0,0,0,61
4,M_ruthenica_landa,M_ruthenica_landa_Chr05,28,0,0,0,0,0,75
4,M_ruthenica_landa,M_ruthenica_landa_Chr05,29,0,0,0,0,0,61
4,M_ruthenica_landa,M_ruthenica_landa_Chr05,30,0,0,0,0,0,61
4,M_ruthenica_landa,M_ruthenica_landa_Chr05,31,0,0,0,0,0,74
4,M_ruthenica_landa,M_ruthenica_landa_Chr05,32,0,0,0,0,0,64
4,M_ruthenica_landa,M_ruthenica_landa_Chr05,33,0,0,0,0,0,56
4,M_ruthenica_landa,M_ruthenica_landa_Chr05,34,0,0,0,0,0,57
4,M_ruthenica_landa,M_ruthenica_landa_Chr05,35,0,0,0,0,0,64
4,M_ruthenica_landa,M_ruthenica_landa_Chr05,36,0,0,0,0,0,69
4,M_ruthenica_landa,M_ruthenica_landa_Chr05,37,0,0,0,0,0,53
4,M_ruthenica_landa,M_ruthenica_landa_Chr05,38,0,0,0,0,0,66
4,M_ruthenica_landa,M_ruthenica_landa_Chr05,39,0,0,0,0,0,66
4,M_ruthenica_landa,M_ruthenica_landa_Chr05,40,0,0,0,0,0,58
4,M_ruthenica_landa,M_ruthenica_landa_Chr05,41,0,0,0,0,0,56
4,M_ruthenica_landa,M_ruthenica_landa_Chr05,42,0,0,0,0,0,57
4,M_ruthenica_landa,M_ruthenica_landa_Chr05,43,0,0,0,0,0,42
4,M_ruthenica_landa,M_ruthenica_landa_Chr05,44,0,0,0,0,0,68
4,M_ruthenica_landa,M_ruthenica_landa_Chr05,45,0,0,0,0,0,63
4,M_ruthenica_landa,M_ruthenica_landa_Chr05,46,0,0,0,0,0,59
4,M_ruthenica_landa,M_ruthenica_landa_Chr05,47,0,0,0,0,0,59
4,M_ruthenica_landa,M_ruthenica_landa_Chr05,48,0,0,0,0,0,71
4,M_ruthenica_landa,M_ruthenica_landa_Chr05,49,0,0,0,0,0,74
4,M_ruthenica_landa,M_ruthenica_landa_Chr05,50,0,0,0,0,0,55
4,M_ruthenica_landa,M_ruthenica_landa_Chr05,51,0,0,0,0,0,69
4,M_ruthenica_landa,M_ruthenica_landa_Chr05,52,0,0,0,0,0,71
4,M_ruthenica_landa,M_ruthenica_landa_Chr05,53,0,0,0,0,0,71
4,M_ruthenica_landa,M_ruthenica_landa_Chr05,54,0,0,0,0,0,64
4,M_ruthenica_landa,M_ruthenica_landa_Chr05,55,4,0,0,0,0,60
4,M_ruthenica_landa,M_ruthenica_landa_Chr05,56,1,0,0,0,0,74
4,M_ruthenica_landa,M_ruthenica_landa_Chr05,57,0,0,0,0,0,76
4,M_ruthenica_landa,M_ruthenica_landa_Chr05,58,0,0,0,0,0,70
4,M_ruthenica_landa,M_ruthenica_landa_Chr05,59,0,0,0,0,0,69
4,M_ruthenica_landa,M_ruthenica_landa_Chr05,60,0,0,0,0,0,57
4,M_ruthenica_landa,M_ruthenica_landa_Chr05,61,0,0,0,0,0,61
4,M_ruthenica_landa,M_ruthenica_landa_Chr05,62,0,0,0,0,0,63
4,M_ruthenica_landa,M_ruthenica_landa_Chr05,63,0,0,0,0,0,44
4,M_ruthenica_landa,M_ruthenica_landa_Chr05,64,0,0,0,0,0,59
4,M_ruthenica_landa,M_ruthenica_landa_Chr05,65,0,0,0,0,0,60
4,M_ruthenica_landa,M_ruthenica_landa_Chr05,66,0,0,0,0,0,66
4,M_ruthenica_landa,M_ruthenica_landa_Chr05,67,0,0,0,0,0,74
4,M_ruthenica_landa,M_ruthenica_landa_Chr05,68,0,0,0,0,0,57
4,M_ruthenica_landa,M_ruthenica_landa_Chr05,69,1,0,0,0,0,65
4,M_ruthenica_landa,M_ruthenica_landa_Chr05,70,0,1,0,0,0,65
4,M_ruthenica_landa,M_ruthenica_landa_Chr05,71,0,0,0,0,0,49
4,M_ruthenica_landa,M_ruthenica_landa_Chr05,72,1,1,0,0,0,71
4,M_ruthenica_landa,M_ruthenica_landa_Chr05,73,0,0,0,0,0,62
4,M_ruthenica_landa,M_ruthenica_landa_Chr05,74,2,2,0,0,0,77
4,M_ruthenica_landa,M_ruthenica_landa_Chr05,75,1,0,0,0,0,62
4,M_ruthenica_landa,M_ruthenica_landa_Chr05,76,0,0,0,0,0,77
4,M_ruthenica_landa,M_ruthenica_landa_Chr05,77,0,0,0,0,0,60
4,M_ruthenica_landa,M_ruthenica_landa_Chr05,78,0,0,0,0,0,62
4,M_ruthenica_landa,M_ruthenica_landa_Chr05,79,0,0,0,0,0,72
4,M_ruthenica_landa,M_ruthenica_landa_Chr05,80,0,0,0,0,0,63
4,M_ruthenica_landa,M_ruthenica_landa_Chr05,81,2,0,0,0,0,75
4,M_ruthenica_landa,M_ruthenica_landa_Chr05,82,2,0,0,0,0,51
4,M_ruthenica_landa,M_ruthenica_landa_Chr05,83,0,0,0,0,0,59
4,M_ruthenica_landa,M_ruthenica_landa_Chr05,84,0,0,0,0,0,60
4,M_ruthenica_landa,M_ruthenica_landa_Chr05,85,0,0,0,0,0,55
4,M_ruthenica_landa,M_ruthenica_landa_Chr05,86,0,0,0,0,0,74
4,M_ruthenica_landa,M_ruthenica_landa_Chr05,87,0,0,0,0,0,57
4,M_ruthenica_landa,M_ruthenica_landa_Chr05,88,1,0,0,0,0,64
4,M_ruthenica_landa,M_ruthenica_landa_Chr05,89,2,1,0,0,0,79
4,M_ruthenica_landa,M_ruthenica_landa_Chr05,90,0,0,0,0,0,72
4,M_ruthenica_landa,M_ruthenica_landa_Chr05,91,0,0,0,0,0,51
4,M_ruthenica_landa,M_ruthenica_landa_Chr05,92,0,0,0,0,0,56
4,M_ruthenica_landa,M_ruthenica_landa_Chr05,93,0,0,0,0,0,60
4,M_ruthenica_landa,M_ruthenica_landa_Chr05,94,0,0,0,0,0,75
4,M_ruthenica_landa,M_ruthenica_landa_Chr05,95,0,0,0,0,0,80
4,M_ruthenica_landa,M_ruthenica_landa_Chr05,96,0,0,0,0,0,75
4,M_ruthenica_landa,M_ruthenica_landa_Chr05,97,6,1,0,0,0,73
4,M_ruthenica_landa,M_ruthenica_landa_Chr05,98,0,0,0,0,0,68
4,M_ruthenica_landa,M_ruthenica_landa_Chr05,99,0,0,0,0,0,70
4,M_ruthenica_landa,M_ruthenica_landa_Chr05,100,0,0,0,0,0,89
4,M_ruthenica_landa,M_ruthenica_landa_Chr05,101,0,0,0,0,0,70
4,M_ruthenica_landa,M_ruthenica_landa_Chr05,102,0,0,0,0,0,71
4,M_ruthenica_landa,M_ruthenica_landa_Chr05,103,0,0,0,0,0,79
4,M_ruthenica_landa,M_ruthenica_landa_Chr05,104,0,0,0,0,0,63
4,M_ruthenica_landa,M_ruthenica_landa_Chr05,105,0,0,0,0,0,9
4,M_ruthenica_landa,M_ruthenica_landa_Chr06,0,0,0,0,0,0,54
4,M_ruthenica_landa,M_ruthenica_landa_Chr06,1,0,0,0,0,0,66
4,M_ruthenica_landa,M_ruthenica_landa_Chr06,2,0,0,0,0,0,87
4,M_ruthenica_landa,M_ruthenica_landa_Chr06,3,0,0,0,0,0,60
4,M_ruthenica_landa,M_ruthenica_landa_Chr06,4,0,0,0,0,0,73
4,M_ruthenica_landa,M_ruthenica_landa_Chr06,5,0,0,0,0,0,67
4,M_ruthenica_landa,M_ruthenica_landa_Chr06,6,0,0,0,0,0,59
4,M_ruthenica_landa,M_ruthenica_landa_Chr06,7,0,0,0,0,0,47
4,M_ruthenica_landa,M_ruthenica_landa_Chr06,8,0,0,0,0,0,95
4,M_ruthenica_landa,M_ruthenica_landa_Chr06,9,0,0,0,0,0,53
4,M_ruthenica_landa,M_ruthenica_landa_Chr06,10,0,0,0,0,0,90
4,M_ruthenica_landa,M_ruthenica_landa_Chr06,11,0,0,0,0,0,65
4,M_ruthenica_landa,M_ruthenica_landa_Chr06,12,0,0,0,0,0,65
4,M_ruthenica_landa,M_ruthenica_landa_Chr06,13,0,0,0,0,0,59
4,M_ruthenica_landa,M_ruthenica_landa_Chr06,14,0,0,0,0,0,73
4,M_ruthenica_landa,M_ruthenica_landa_Chr06,15,0,0,0,0,0,66
4,M_ruthenica_landa,M_ruthenica_landa_Chr06,16,0,0,0,0,0,53
4,M_ruthenica_landa,M_ruthenica_landa_Chr06,17,0,0,0,0,0,66
4,M_ruthenica_landa,M_ruthenica_landa_Chr06,18,0,0,0,0,0,62
4,M_ruthenica_landa,M_ruthenica_landa_Chr06,19,0,0,0,0,0,69
4,M_ruthenica_landa,M_ruthenica_landa_Chr06,20,0,0,0,0,0,54
4,M_ruthenica_landa,M_ruthenica_landa_Chr06,21,0,0,0,0,0,61
4,M_ruthenica_landa,M_ruthenica_landa_Chr06,22,0,0,0,0,0,51
4,M_ruthenica_landa,M_ruthenica_landa_Chr06,23,0,0,0,0,0,65
4,M_ruthenica_landa,M_ruthenica_landa_Chr06,24,0,0,0,0,0,52
4,M_ruthenica_landa,M_ruthenica_landa_Chr06,25,0,0,0,0,0,82
4,M_ruthenica_landa,M_ruthenica_landa_Chr06,26,0,0,0,0,0,64
4,M_ruthenica_landa,M_ruthenica_landa_Chr06,27,0,0,0,0,0,52
4,M_ruthenica_landa,M_ruthenica_landa_Chr06,28,0,0,0,0,0,56
4,M_ruthenica_landa,M_ruthenica_landa_Chr06,29,0,0,0,0,0,70
4,M_ruthenica_landa,M_ruthenica_landa_Chr06,30,0,0,0,0,0,72
4,M_ruthenica_landa,M_ruthenica_landa_Chr06,31,0,0,0,0,0,81
4,M_ruthenica_landa,M_ruthenica_landa_Chr06,32,0,0,0,0,0,54
4,M_ruthenica_landa,M_ruthenica_landa_Chr06,33,0,0,0,0,0,59
4,M_ruthenica_landa,M_ruthenica_landa_Chr06,34,0,0,0,0,0,62
4,M_ruthenica_landa,M_ruthenica_landa_Chr06,35,0,0,0,0,0,70
4,M_ruthenica_landa,M_ruthenica_landa_Chr06,36,0,0,0,0,0,63
4,M_ruthenica_landa,M_ruthenica_landa_Chr06,37,0,0,0,0,0,49
4,M_ruthenica_landa,M_ruthenica_landa_Chr06,38,0,0,0,0,0,61
4,M_ruthenica_landa,M_ruthenica_landa_Chr06,39,0,0,0,0,0,58
4,M_ruthenica_landa,M_ruthenica_landa_Chr06,40,0,0,0,0,0,55
4,M_ruthenica_landa,M_ruthenica_landa_Chr06,41,0,0,0,0,0,61
4,M_ruthenica_landa,M_ruthenica_landa_Chr06,42,0,0,0,0,0,54
4,M_ruthenica_landa,M_ruthenica_landa_Chr06,43,0,0,0,0,0,71
4,M_ruthenica_landa,M_ruthenica_landa_Chr06,44,0,0,0,0,0,76
4,M_ruthenica_landa,M_ruthenica_landa_Chr06,45,0,0,0,0,0,53
4,M_ruthenica_landa,M_ruthenica_landa_Chr06,46,0,0,0,0,0,65
4,M_ruthenica_landa,M_ruthenica_landa_Chr06,47,0,0,0,0,0,63
4,M_ruthenica_landa,M_ruthenica_landa_Chr06,48,0,0,0,0,0,64
4,M_ruthenica_landa,M_ruthenica_landa_Chr06,49,0,0,0,0,0,69
4,M_ruthenica_landa,M_ruthenica_landa_Chr06,50,0,0,0,0,0,55
4,M_ruthenica_landa,M_ruthenica_landa_Chr06,51,0,0,0,0,0,63
4,M_ruthenica_landa,M_ruthenica_landa_Chr06,52,0,0,0,0,0,76
4,M_ruthenica_landa,M_ruthenica_landa_Chr06,53,0,0,0,0,0,69
4,M_ruthenica_landa,M_ruthenica_landa_Chr06,54,0,0,0,0,0,54
4,M_ruthenica_landa,M_ruthenica_landa_Chr06,55,0,0,0,0,0,58
4,M_ruthenica_landa,M_ruthenica_landa_Chr06,56,2,0,0,0,0,91
4,M_ruthenica_landa,M_ruthenica_landa_Chr06,57,2,0,0,0,0,72
4,M_ruthenica_landa,M_ruthenica_landa_Chr06,58,0,0,0,0,0,74
4,M_ruthenica_landa,M_ruthenica_landa_Chr06,59,0,0,0,0,0,36
4,M_ruthenica_landa,M_ruthenica_landa_Chr07,0,1,0,0,0,0,62
4,M_ruthenica_landa,M_ruthenica_landa_Chr07,1,2,0,0,0,0,58
4,M_ruthenica_landa,M_ruthenica_landa_Chr07,2,0,0,0,0,0,70
4,M_ruthenica_landa,M_ruthenica_landa_Chr07,3,0,1,0,0,0,77
4,M_ruthenica_landa,M_ruthenica_landa_Chr07,4,0,0,0,0,0,50
4,M_ruthenica_landa,M_ruthenica_landa_Chr07,5,2,0,1,0,0,67
4,M_ruthenica_landa,M_ruthenica_landa_Chr07,6,0,0,0,0,0,70
4,M_ruthenica_landa,M_ruthenica_landa_Chr07,7,4,1,0,0,0,62
4,M_ruthenica_landa,M_ruthenica_landa_Chr07,8,5,1,1,0,0,85
4,M_ruthenica_landa,M_ruthenica_landa_Chr07,9,0,0,0,0,0,65
4,M_ruthenica_landa,M_ruthenica_landa_Chr07,10,0,0,0,0,0,58
4,M_ruthenica_landa,M_ruthenica_landa_Chr07,11,0,0,0,0,0,52
4,M_ruthenica_landa,M_ruthenica_landa_Chr07,12,0,0,0,0,0,60
4,M_ruthenica_landa,M_ruthenica_landa_Chr07,13,0,1,0,2,0,64
4,M_ruthenica_landa,M_ruthenica_landa_Chr07,14,0,0,0,0,0,53
4,M_ruthenica_landa,M_ruthenica_landa_Chr07,15,0,0,0,0,0,59
4,M_ruthenica_landa,M_ruthenica_landa_Chr07,16,0,0,0,0,0,73
4,M_ruthenica_landa,M_ruthenica_landa_Chr07,17,0,0,0,0,0,57
4,M_ruthenica_landa,M_ruthenica_landa_Chr07,18,0,0,0,0,0,70
4,M_ruthenica_landa,M_ruthenica_landa_Chr07,19,0,0,0,0,0,77
4,M_ruthenica_landa,M_ruthenica_landa_Chr07,20,0,0,0,0,0,62
4,M_ruthenica_landa,M_ruthenica_landa_Chr07,21,0,0,0,0,0,67
4,M_ruthenica_landa,M_ruthenica_landa_Chr07,22,0,0,0,0,0,64
4,M_ruthenica_landa,M_ruthenica_landa_Chr07,23,2,2,0,2,0,84
4,M_ruthenica_landa,M_ruthenica_landa_Chr07,24,3,0,0,0,0,60
4,M_ruthenica_landa,M_ruthenica_landa_Chr07,25,0,0,0,0,0,53
4,M_ruthenica_landa,M_ruthenica_landa_Chr07,26,0,0,0,0,0,52
4,M_ruthenica_landa,M_ruthenica_landa_Chr07,27,2,0,0,0,0,62
4,M_ruthenica_landa,M_ruthenica_landa_Chr07,28,0,0,0,0,0,63
4,M_ruthenica_landa,M_ruthenica_landa_Chr07,29,0,0,0,0,0,64
4,M_ruthenica_landa,M_ruthenica_landa_Chr07,30,0,0,0,0,0,76
4,M_ruthenica_landa,M_ruthenica_landa_Chr07,31,0,0,0,0,0,70
4,M_ruthenica_landa,M_ruthenica_landa_Chr07,32,1,0,0,0,0,57
4,M_ruthenica_landa,M_ruthenica_landa_Chr07,33,0,0,0,0,0,51
4,M_ruthenica_landa,M_ruthenica_landa_Chr07,34,1,0,0,0,0,64
4,M_ruthenica_landa,M_ruthenica_landa_Chr07,35,0,0,0,0,0,68
4,M_ruthenica_landa,M_ruthenica_landa_Chr07,36,0,0,0,0,0,59
4,M_ruthenica_landa,M_ruthenica_landa_Chr07,37,0,0,0,0,0,66
4,M_ruthenica_landa,M_ruthenica_landa_Chr07,38,0,0,0,0,0,69
4,M_ruthenica_landa,M_ruthenica_landa_Chr07,39,0,0,0,0,0,76
4,M_ruthenica_landa,M_ruthenica_landa_Chr07,40,0,0,0,0,0,63
4,M_ruthenica_landa,M_ruthenica_landa_Chr07,41,0,0,0,0,0,61
4,M_ruthenica_landa,M_ruthenica_landa_Chr07,42,0,0,0,0,0,68
4,M_ruthenica_landa,M_ruthenica_landa_Chr07,43,0,1,0,0,0,60
4,M_ruthenica_landa,M_ruthenica_landa_Chr07,44,1,0,0,0,0,42
4,M_ruthenica_landa,M_ruthenica_landa_Chr07,45,0,0,0,0,0,60
4,M_ruthenica_landa,M_ruthenica_landa_Chr07,46,0,0,0,0,0,56
4,M_ruthenica_landa,M_ruthenica_landa_Chr07,47,0,0,0,0,0,76
4,M_ruthenica_landa,M_ruthenica_landa_Chr07,48,2,0,0,0,0,60
4,M_ruthenica_landa,M_ruthenica_landa_Chr07,49,0,0,0,0,0,62
4,M_ruthenica_landa,M_ruthenica_landa_Chr07,50,0,0,0,0,0,67
4,M_ruthenica_landa,M_ruthenica_landa_Chr07,51,0,0,0,0,0,76
4,M_ruthenica_landa,M_ruthenica_landa_Chr07,52,1,0,0,0,0,68
4,M_ruthenica_landa,M_ruthenica_landa_Chr07,53,0,0,0,0,0,74
4,M_ruthenica_landa,M_ruthenica_landa_Chr07,54,0,0,0,0,0,89
4,M_ruthenica_landa,M_ruthenica_landa_Chr07,55,0,0,0,0,0,69
4,M_ruthenica_landa,M_ruthenica_landa_Chr07,56,0,1,0,0,0,72
4,M_ruthenica_landa,M_ruthenica_landa_Chr07,57,2,1,1,0,0,58
4,M_ruthenica_landa,M_ruthenica_landa_Chr07,58,0,0,0,0,0,59
4,M_ruthenica_landa,M_ruthenica_landa_Chr07,59,0,0,0,0,0,88
4,M_ruthenica_landa,M_ruthenica_landa_Chr07,60,0,0,0,0,0,56
4,M_ruthenica_landa,M_ruthenica_landa_Chr07,61,1,1,0,0,0,70
4,M_ruthenica_landa,M_ruthenica_landa_Chr07,62,2,0,0,0,0,73
4,M_ruthenica_landa,M_ruthenica_landa_Chr07,63,0,0,0,0,0,75
4,M_ruthenica_landa,M_ruthenica_landa_Chr07,64,0,0,0,0,0,90
4,M_ruthenica_landa,M_ruthenica_landa_Chr07,65,0,0,0,0,0,50
4,M_ruthenica_landa,M_ruthenica_landa_Chr07,66,0,0,0,0,0,51
4,M_ruthenica_landa,M_ruthenica_landa_Chr07,67,0,0,0,0,0,59
4,M_ruthenica_landa,M_ruthenica_landa_Chr07,68,0,0,0,0,0,60
4,M_ruthenica_landa,M_ruthenica_landa_Chr07,69,0,0,0,0,0,84
4,M_ruthenica_landa,M_ruthenica_landa_Chr07,70,0,0,0,0,0,59
4,M_ruthenica_landa,M_ruthenica_landa_Chr07,71,0,0,0,0,0,72
4,M_ruthenica_landa,M_ruthenica_landa_Chr07,72,0,0,0,0,0,62
4,M_ruthenica_landa,M_ruthenica_landa_Chr07,73,0,0,0,0,0,67
4,M_ruthenica_landa,M_ruthenica_landa_Chr07,74,0,0,0,0,0,69
4,M_ruthenica_landa,M_ruthenica_landa_Chr07,75,2,0,0,0,0,76
4,M_ruthenica_landa,M_ruthenica_landa_Chr07,76,0,0,0,0,0,67
4,M_ruthenica_landa,M_ruthenica_landa_Chr07,77,2,0,0,0,0,60
4,M_ruthenica_landa,M_ruthenica_landa_Chr07,78,0,0,0,0,0,71
4,M_ruthenica_landa,M_ruthenica_landa_Chr07,79,0,0,0,0,0,68
4,M_ruthenica_landa,M_ruthenica_landa_Chr07,80,0,0,0,0,0,63
4,M_ruthenica_landa,M_ruthenica_landa_Chr07,81,0,0,0,0,0,88
4,M_ruthenica_landa,M_ruthenica_landa_Chr07,82,0,0,0,0,0,82
4,M_ruthenica_landa,M_ruthenica_landa_Chr07,83,0,0,0,0,0,58
4,M_ruthenica_landa,M_ruthenica_landa_Chr07,84,0,0,0,0,0,90
4,M_ruthenica_landa,M_ruthenica_landa_Chr07,85,1,0,0,0,0,74
4,M_ruthenica_landa,M_ruthenica_landa_Chr07,86,0,0,0,0,0,76
4,M_ruthenica_landa,M_ruthenica_landa_Chr07,87,0,0,0,0,0,72
4,M_ruthenica_landa,M_ruthenica_landa_Chr07,88,1,0,0,0,0,94
4,M_ruthenica_landa,M_ruthenica_landa_Chr07,89,0,0,0,0,0,65
4,M_ruthenica_landa,M_ruthenica_landa_Chr07,90,1,0,0,0,0,65
4,M_ruthenica_landa,M_ruthenica_landa_Chr07,91,1,1,0,0,0,64
4,M_ruthenica_landa,M_ruthenica_landa_Chr07,92,0,0,0,0,0,74
4,M_ruthenica_landa,M_ruthenica_landa_Chr07,93,3,0,0,0,0,92
4,M_ruthenica_landa,M_ruthenica_landa_Chr07,94,0,0,0,0,0,88
4,M_ruthenica_landa,M_ruthenica_landa_Chr07,95,0,0,0,0,0,82
4,M_ruthenica_landa,M_ruthenica_landa_Chr07,96,0,0,0,0,0,64
4,M_ruthenica_landa,M_ruthenica_landa_Chr07,97,0,0,0,0,0,72
4,M_ruthenica_landa,M_ruthenica_landa_Chr07,98,0,0,0,0,0,58
4,M_ruthenica_landa,M_ruthenica_landa_Chr07,99,0,0,0,0,0,10
4,M_ruthenica_landa,M_ruthenica_landa_Chr08,0,0,0,0,0,0,81
4,M_ruthenica_landa,M_ruthenica_landa_Chr08,1,0,0,0,0,0,64
4,M_ruthenica_landa,M_ruthenica_landa_Chr08,2,0,0,0,0,0,68
4,M_ruthenica_landa,M_ruthenica_landa_Chr08,3,1,0,0,3,0,81
4,M_ruthenica_landa,M_ruthenica_landa_Chr08,4,0,0,1,0,0,79
4,M_ruthenica_landa,M_ruthenica_landa_Chr08,5,1,0,0,0,0,78
4,M_ruthenica_landa,M_ruthenica_landa_Chr08,6,2,0,0,0,0,70
4,M_ruthenica_landa,M_ruthenica_landa_Chr08,7,0,0,0,0,0,73
4,M_ruthenica_landa,M_ruthenica_landa_Chr08,8,1,0,0,0,0,66
4,M_ruthenica_landa,M_ruthenica_landa_Chr08,9,1,1,0,0,0,75
4,M_ruthenica_landa,M_ruthenica_landa_Chr08,10,0,0,0,0,0,64
4,M_ruthenica_landa,M_ruthenica_landa_Chr08,11,0,0,0,0,0,68
4,M_ruthenica_landa,M_ruthenica_landa_Chr08,12,0,0,0,0,0,66
4,M_ruthenica_landa,M_ruthenica_landa_Chr08,13,0,0,0,0,0,51
4,M_ruthenica_landa,M_ruthenica_landa_Chr08,14,0,0,0,0,0,60
4,M_ruthenica_landa,M_ruthenica_landa_Chr08,15,0,0,0,0,0,75
4,M_ruthenica_landa,M_ruthenica_landa_Chr08,16,0,0,0,0,0,50
4,M_ruthenica_landa,M_ruthenica_landa_Chr08,17,0,0,0,0,0,53
4,M_ruthenica_landa,M_ruthenica_landa_Chr08,18,0,0,0,0,0,74
4,M_ruthenica_landa,M_ruthenica_landa_Chr08,19,0,0,0,0,0,69
4,M_ruthenica_landa,M_ruthenica_landa_Chr08,20,0,0,0,0,0,78
4,M_ruthenica_landa,M_ruthenica_landa_Chr08,21,0,0,0,0,0,56
4,M_ruthenica_landa,M_ruthenica_landa_Chr08,22,0,0,0,0,0,71
4,M_ruthenica_landa,M_ruthenica_landa_Chr08,23,0,0,0,0,0,52
4,M_ruthenica_landa,M_ruthenica_landa_Chr08,24,1,1,0,0,0,69
4,M_ruthenica_landa,M_ruthenica_landa_Chr08,25,0,0,0,0,0,56
4,M_ruthenica_landa,M_ruthenica_landa_Chr08,26,0,0,0,0,0,57
4,M_ruthenica_landa,M_ruthenica_landa_Chr08,27,0,0,0,0,0,66
4,M_ruthenica_landa,M_ruthenica_landa_Chr08,28,0,0,0,0,0,60
4,M_ruthenica_landa,M_ruthenica_landa_Chr08,29,4,0,0,0,0,73
4,M_ruthenica_landa,M_ruthenica_landa_Chr08,30,0,0,0,0,0,56
4,M_ruthenica_landa,M_ruthenica_landa_Chr08,31,0,0,0,0,0,72
4,M_ruthenica_landa,M_ruthenica_landa_Chr08,32,0,0,0,0,0,62
4,M_ruthenica_landa,M_ruthenica_landa_Chr08,33,0,2,0,0,0,75
4,M_ruthenica_landa,M_ruthenica_landa_Chr08,34,2,1,0,0,0,77
4,M_ruthenica_landa,M_ruthenica_landa_Chr08,35,2,0,0,0,0,69
4,M_ruthenica_landa,M_ruthenica_landa_Chr08,36,0,0,0,0,0,59
4,M_ruthenica_landa,M_ruthenica_landa_Chr08,37,0,0,0,0,0,76
4,M_ruthenica_landa,M_ruthenica_landa_Chr08,38,0,0,0,0,0,58
4,M_ruthenica_landa,M_ruthenica_landa_Chr08,39,2,0,0,0,0,63
4,M_ruthenica_landa,M_ruthenica_landa_Chr08,40,0,0,0,0,0,73
4,M_ruthenica_landa,M_ruthenica_landa_Chr08,41,0,0,0,0,0,60
4,M_ruthenica_landa,M_ruthenica_landa_Chr08,42,0,0,0,0,0,65
4,M_ruthenica_landa,M_ruthenica_landa_Chr08,43,0,0,0,0,0,61
4,M_ruthenica_landa,M_ruthenica_landa_Chr08,44,0,0,0,0,0,82
4,M_ruthenica_landa,M_ruthenica_landa_Chr08,45,0,0,0,0,0,67
4,M_ruthenica_landa,M_ruthenica_landa_Chr08,46,0,0,0,0,0,52
4,M_ruthenica_landa,M_ruthenica_landa_Chr08,47,0,0,0,0,0,54
4,M_ruthenica_landa,M_ruthenica_landa_Chr08,48,0,0,0,0,0,53
4,M_ruthenica_landa,M_ruthenica_landa_Chr08,49,0,0,0,0,0,59
4,M_ruthenica_landa,M_ruthenica_landa_Chr08,50,0,0,0,0,0,55
4,M_ruthenica_landa,M_ruthenica_landa_Chr08,51,0,0,0,0,0,67
4,M_ruthenica_landa,M_ruthenica_landa_Chr08,52,0,0,0,0,0,54
4,M_ruthenica_landa,M_ruthenica_landa_Chr08,53,0,0,0,0,0,70
4,M_ruthenica_landa,M_ruthenica_landa_Chr08,54,0,0,0,0,0,64
4,M_ruthenica_landa,M_ruthenica_landa_Chr08,55,0,0,0,0,0,59
4,M_ruthenica_landa,M_ruthenica_landa_Chr08,56,0,0,0,0,0,56
4,M_ruthenica_landa,M_ruthenica_landa_Chr08,57,0,0,0,0,0,69
4,M_ruthenica_landa,M_ruthenica_landa_Chr08,58,0,0,0,0,0,69
4,M_ruthenica_landa,M_ruthenica_landa_Chr08,59,0,0,0,0,0,72
4,M_ruthenica_landa,M_ruthenica_landa_Chr08,60,0,0,0,0,0,60
4,M_ruthenica_landa,M_ruthenica_landa_Chr08,61,0,0,0,0,0,77
4,M_ruthenica_landa,M_ruthenica_landa_Chr08,62,0,0,0,0,0,69
4,M_ruthenica_landa,M_ruthenica_landa_Chr08,63,0,0,0,0,0,66
4,M_ruthenica_landa,M_ruthenica_landa_Chr08,64,0,0,0,0,0,62
4,M_ruthenica_landa,M_ruthenica_landa_Chr08,65,0,0,0,0,0,75
4,M_ruthenica_landa,M_ruthenica_landa_Chr08,66,0,0,0,0,0,51
4,M_ruthenica_landa,M_ruthenica_landa_Chr08,67,0,0,0,0,0,56
4,M_ruthenica_landa,M_ruthenica_landa_Chr08,68,0,0,0,0,0,52
4,M_ruthenica_landa,M_ruthenica_landa_Chr08,69,0,0,0,0,0,63
4,M_ruthenica_landa,M_ruthenica_landa_Chr08,70,0,0,0,0,0,56
4,M_ruthenica_landa,M_ruthenica_landa_Chr08,71,0,0,0,0,0,65
4,M_ruthenica_landa,M_ruthenica_landa_Chr08,72,0,0,0,0,0,80
4,M_ruthenica_landa,M_ruthenica_landa_Chr08,73,0,0,0,0,0,57
4,M_ruthenica_landa,M_ruthenica_landa_Chr08,74,0,0,0,0,0,63
4,M_ruthenica_landa,M_ruthenica_landa_Chr08,75,0,0,0,0,0,69
4,M_ruthenica_landa,M_ruthenica_landa_Chr08,76,0,0,0,0,0,67
4,M_ruthenica_landa,M_ruthenica_landa_Chr08,77,1,0,0,0,0,72
4,M_ruthenica_landa,M_ruthenica_landa_Chr08,78,0,0,0,0,0,64
4,M_ruthenica_landa,M_ruthenica_landa_Chr08,79,0,0,0,0,0,75
4,M_ruthenica_landa,M_ruthenica_landa_Chr08,80,1,0,0,0,0,87
4,M_ruthenica_landa,M_ruthenica_landa_Chr08,81,0,0,0,0,0,62
4,M_ruthenica_landa,M_ruthenica_landa_Chr08,82,2,0,0,0,0,75
4,M_ruthenica_landa,M_ruthenica_landa_Chr08,83,3,0,1,0,0,86
4,M_ruthenica_landa,M_ruthenica_landa_Chr08,84,0,0,0,0,0,75
4,M_ruthenica_landa,M_ruthenica_landa_Chr08,85,0,0,0,0,0,58
4,M_ruthenica_landa,M_ruthenica_landa_Chr08,86,1,0,0,0,0,61
4,M_ruthenica_landa,M_ruthenica_landa_Chr08,87,1,0,0,0,0,74
4,M_ruthenica_landa,M_ruthenica_landa_Chr08,88,1,0,1,0,0,74
4,M_ruthenica_landa,M_ruthenica_landa_Chr08,89,0,0,0,0,0,56
4,M_ruthenica_landa,M_ruthenica_landa_Chr08,90,2,0,0,0,0,65
4,M_ruthenica_landa,M_ruthenica_landa_Chr08,91,3,0,0,0,0,76
4,M_ruthenica_landa,M_ruthenica_landa_Chr08,92,5,0,0,0,0,59
4,M_ruthenica_landa,M_ruthenica_landa_Chr08,93,0,0,0,0,0,66
4,M_ruthenica_landa,M_ruthenica_landa_Chr08,94,0,0,0,0,0,67
4,M_ruthenica_landa,M_ruthenica_landa_Chr08,95,1,0,0,0,0,75
4,M_ruthenica_landa,M_ruthenica_landa_Chr08,96,0,0,0,0,0,87
4,M_ruthenica_landa,M_ruthenica_landa_Chr08,97,0,0,0,0,0,76
4,M_ruthenica_landa,M_ruthenica_landa_Chr08,98,1,0,0,0,0,74
4,M_ruthenica_landa,M_ruthenica_landa_Chr08,99,1,0,0,0,0,72
4,M_ruthenica_landa,M_ruthenica_landa_Chr08,100,0,0,0,0,0,67
4,M_ruthenica_landa,M_ruthenica_landa_Chr08,101,0,0,0,0,0,95
4,M_ruthenica_landa,M_ruthenica_landa_Chr08,102,0,0,0,0,0,70
4,M_ruthenica_landa,M_ruthenica_landa_Chr08,103,0,0,0,0,0,66
4,M_ruthenica_landa,M_ruthenica_landa_Chr08,104,0,0,0,0,0,72
4,M_ruthenica_landa,M_ruthenica_landa_Chr08,105,0,0,0,0,0,60
4,M_ruthenica_landa,M_ruthenica_landa_Chr08,106,1,0,0,0,0,69
4,M_ruthenica_landa,M_ruthenica_landa_Chr08,107,2,0,0,0,0,59
4,M_ruthenica_landa,M_ruthenica_landa_Chr08,108,3,0,0,0,0,83
4,M_ruthenica_landa,M_ruthenica_landa_Chr08,109,0,0,0,0,0,83
4,M_ruthenica_landa,M_ruthenica_landa_Chr08,110,1,1,0,1,0,85
4,M_ruthenica_landa,M_ruthenica_landa_Chr08,111,0,0,0,0,0,85
4,M_ruthenica_landa,M_ruthenica_landa_Chr08,112,0,0,0,0,0,51
5,M_ruthenica_zhiwusuo,M_ruthenica_zhiwusuo_Chr01,0,0,0,0,0,0,65
5,M_ruthenica_zhiwusuo,M_ruthenica_zhiwusuo_Chr01,1,0,0,0,0,0,70
5,M_ruthenica_zhiwusuo,M_ruthenica_zhiwusuo_Chr01,2,0,0,0,0,0,70
5,M_ruthenica_zhiwusuo,M_ruthenica_zhiwusuo_Chr01,3,0,0,0,0,0,84
5,M_ruthenica_zhiwusuo,M_ruthenica_zhiwusuo_Chr01,4,0,0,0,0,0,71
5,M_ruthenica_zhiwusuo,M_ruthenica_zhiwusuo_Chr01,5,0,0,0,0,0,81
5,M_ruthenica_zhiwusuo,M_ruthenica_zhiwusuo_Chr01,6,0,0,0,0,0,64
5,M_ruthenica_zhiwusuo,M_ruthenica_zhiwusuo_Chr01,7,0,0,0,0,0,70
5,M_ruthenica_zhiwusuo,M_ruthenica_zhiwusuo_Chr01,8,0,0,0,0,0,78
5,M_ruthenica_zhiwusuo,M_ruthenica_zhiwusuo_Chr01,9,0,0,0,0,0,63
5,M_ruthenica_zhiwusuo,M_ruthenica_zhiwusuo_Chr01,10,0,0,0,0,0,81
5,M_ruthenica_zhiwusuo,M_ruthenica_zhiwusuo_Chr01,11,0,0,0,0,0,70
5,M_ruthenica_zhiwusuo,M_ruthenica_zhiwusuo_Chr01,12,0,0,0,0,0,58
5,M_ruthenica_zhiwusuo,M_ruthenica_zhiwusuo_Chr01,13,0,0,0,0,0,89
5,M_ruthenica_zhiwusuo,M_ruthenica_zhiwusuo_Chr01,14,0,0,0,0,0,71
5,M_ruthenica_zhiwusuo,M_ruthenica_zhiwusuo_Chr01,15,0,0,0,0,0,76
5,M_ruthenica_zhiwusuo,M_ruthenica_zhiwusuo_Chr01,16,0,0,0,0,0,66
5,M_ruthenica_zhiwusuo,M_ruthenica_zhiwusuo_Chr01,17,0,0,0,0,0,73
5,M_ruthenica_zhiwusuo,M_ruthenica_zhiwusuo_Chr01,18,0,0,0,0,0,41
5,M_ruthenica_zhiwusuo,M_ruthenica_zhiwusuo_Chr01,19,0,0,0,0,0,59
5,M_ruthenica_zhiwusuo,M_ruthenica_zhiwusuo_Chr01,20,0,0,0,0,0,75
5,M_ruthenica_zhiwusuo,M_ruthenica_zhiwusuo_Chr01,21,0,0,0,0,0,64
5,M_ruthenica_zhiwusuo,M_ruthenica_zhiwusuo_Chr01,22,0,0,0,0,0,65
5,M_ruthenica_zhiwusuo,M_ruthenica_zhiwusuo_Chr01,23,0,0,0,0,0,83
5,M_ruthenica_zhiwusuo,M_ruthenica_zhiwusuo_Chr01,24,0,0,0,0,0,67
5,M_ruthenica_zhiwusuo,M_ruthenica_zhiwusuo_Chr01,25,0,0,0,0,0,77
5,M_ruthenica_zhiwusuo,M_ruthenica_zhiwusuo_Chr01,26,0,0,0,0,0,71
5,M_ruthenica_zhiwusuo,M_ruthenica_zhiwusuo_Chr01,27,0,0,0,0,0,52
5,M_ruthenica_zhiwusuo,M_ruthenica_zhiwusuo_Chr01,28,0,0,0,0,0,68
5,M_ruthenica_zhiwusuo,M_ruthenica_zhiwusuo_Chr01,29,0,0,0,0,0,68
5,M_ruthenica_zhiwusuo,M_ruthenica_zhiwusuo_Chr01,30,0,0,0,0,0,70
5,M_ruthenica_zhiwusuo,M_ruthenica_zhiwusuo_Chr01,31,0,0,0,0,0,63
5,M_ruthenica_zhiwusuo,M_ruthenica_zhiwusuo_Chr01,32,0,0,0,0,0,52
5,M_ruthenica_zhiwusuo,M_ruthenica_zhiwusuo_Chr01,33,0,0,0,0,0,59
5,M_ruthenica_zhiwusuo,M_ruthenica_zhiwusuo_Chr01,34,0,0,0,0,0,60
5,M_ruthenica_zhiwusuo,M_ruthenica_zhiwusuo_Chr01,35,0,0,0,0,0,49
5,M_ruthenica_zhiwusuo,M_ruthenica_zhiwusuo_Chr01,36,0,0,0,0,0,57
5,M_ruthenica_zhiwusuo,M_ruthenica_zhiwusuo_Chr01,37,0,0,0,0,0,63
5,M_ruthenica_zhiwusuo,M_ruthenica_zhiwusuo_Chr01,38,0,0,0,0,0,56
5,M_ruthenica_zhiwusuo,M_ruthenica_zhiwusuo_Chr01,39,0,0,0,0,0,56
5,M_ruthenica_zhiwusuo,M_ruthenica_zhiwusuo_Chr01,40,0,0,0,0,0,62
5,M_ruthenica_zhiwusuo,M_ruthenica_zhiwusuo_Chr01,41,0,0,0,0,0,66
5,M_ruthenica_zhiwusuo,M_ruthenica_zhiwusuo_Chr01,42,0,0,0,0,0,63
5,M_ruthenica_zhiwusuo,M_ruthenica_zhiwusuo_Chr01,43,0,0,0,0,0,85
5,M_ruthenica_zhiwusuo,M_ruthenica_zhiwusuo_Chr01,44,0,0,0,0,0,59
5,M_ruthenica_zhiwusuo,M_ruthenica_zhiwusuo_Chr01,45,0,0,0,0,0,62
5,M_ruthenica_zhiwusuo,M_ruthenica_zhiwusuo_Chr01,46,0,0,0,0,0,68
5,M_ruthenica_zhiwusuo,M_ruthenica_zhiwusuo_Chr01,47,0,0,0,0,0,66
5,M_ruthenica_zhiwusuo,M_ruthenica_zhiwusuo_Chr01,48,0,0,0,0,0,69
5,M_ruthenica_zhiwusuo,M_ruthenica_zhiwusuo_Chr01,49,0,0,0,0,0,69
5,M_ruthenica_zhiwusuo,M_ruthenica_zhiwusuo_Chr01,50,0,0,0,0,0,61
5,M_ruthenica_zhiwusuo,M_ruthenica_zhiwusuo_Chr01,51,0,0,0,0,0,65
5,M_ruthenica_zhiwusuo,M_ruthenica_zhiwusuo_Chr01,52,0,0,0,0,0,56
5,M_ruthenica_zhiwusuo,M_ruthenica_zhiwusuo_Chr01,53,0,0,0,0,0,62
5,M_ruthenica_zhiwusuo,M_ruthenica_zhiwusuo_Chr01,54,0,0,0,0,0,55
5,M_ruthenica_zhiwusuo,M_ruthenica_zhiwusuo_Chr01,55,0,0,0,0,0,60
5,M_ruthenica_zhiwusuo,M_ruthenica_zhiwusuo_Chr01,56,0,0,0,0,0,52
5,M_ruthenica_zhiwusuo,M_ruthenica_zhiwusuo_Chr01,57,0,0,0,0,0,76
5,M_ruthenica_zhiwusuo,M_ruthenica_zhiwusuo_Chr01,58,0,0,0,0,0,59
5,M_ruthenica_zhiwusuo,M_ruthenica_zhiwusuo_Chr01,59,0,0,0,0,0,59
5,M_ruthenica_zhiwusuo,M_ruthenica_zhiwusuo_Chr01,60,0,0,0,0,0,63
5,M_ruthenica_zhiwusuo,M_ruthenica_zhiwusuo_Chr01,61,0,0,0,0,0,52
5,M_ruthenica_zhiwusuo,M_ruthenica_zhiwusuo_Chr01,62,0,0,0,0,0,49
5,M_ruthenica_zhiwusuo,M_ruthenica_zhiwusuo_Chr01,63,0,0,0,0,0,59
5,M_ruthenica_zhiwusuo,M_ruthenica_zhiwusuo_Chr01,64,0,0,0,0,0,52
5,M_ruthenica_zhiwusuo,M_ruthenica_zhiwusuo_Chr01,65,0,0,0,0,0,53
5,M_ruthenica_zhiwusuo,M_ruthenica_zhiwusuo_Chr01,66,0,0,0,0,0,49
5,M_ruthenica_zhiwusuo,M_ruthenica_zhiwusuo_Chr01,67,0,0,0,0,0,56
5,M_ruthenica_zhiwusuo,M_ruthenica_zhiwusuo_Chr01,68,0,0,0,0,0,60
5,M_ruthenica_zhiwusuo,M_ruthenica_zhiwusuo_Chr01,69,0,0,0,0,0,69
5,M_ruthenica_zhiwusuo,M_ruthenica_zhiwusuo_Chr01,70,0,0,0,0,0,58
5,M_ruthenica_zhiwusuo,M_ruthenica_zhiwusuo_Chr01,71,0,0,0,0,0,66
5,M_ruthenica_zhiwusuo,M_ruthenica_zhiwusuo_Chr01,72,0,0,0,0,0,58
5,M_ruthenica_zhiwusuo,M_ruthenica_zhiwusuo_Chr01,73,0,0,0,0,0,79
5,M_ruthenica_zhiwusuo,M_ruthenica_zhiwusuo_Chr01,74,0,0,0,0,0,64
5,M_ruthenica_zhiwusuo,M_ruthenica_zhiwusuo_Chr01,75,0,0,0,0,0,76
5,M_ruthenica_zhiwusuo,M_ruthenica_zhiwusuo_Chr01,76,0,0,0,0,0,86
5,M_ruthenica_zhiwusuo,M_ruthenica_zhiwusuo_Chr01,77,0,0,0,0,0,61
5,M_ruthenica_zhiwusuo,M_ruthenica_zhiwusuo_Chr01,78,0,0,0,0,0,73
5,M_ruthenica_zhiwusuo,M_ruthenica_zhiwusuo_Chr01,79,0,0,0,0,0,71
5,M_ruthenica_zhiwusuo,M_ruthenica_zhiwusuo_Chr01,80,0,0,0,0,0,67
5,M_ruthenica_zhiwusuo,M_ruthenica_zhiwusuo_Chr01,81,0,0,0,0,0,64
5,M_ruthenica_zhiwusuo,M_ruthenica_zhiwusuo_Chr01,82,0,0,0,0,0,72
5,M_ruthenica_zhiwusuo,M_ruthenica_zhiwusuo_Chr01,83,0,0,0,0,0,71
5,M_ruthenica_zhiwusuo,M_ruthenica_zhiwusuo_Chr01,84,0,0,0,0,0,82
5,M_ruthenica_zhiwusuo,M_ruthenica_zhiwusuo_Chr01,85,0,0,0,0,0,58
5,M_ruthenica_zhiwusuo,M_ruthenica_zhiwusuo_Chr01,86,0,0,0,0,0,63
5,M_ruthenica_zhiwusuo,M_ruthenica_zhiwusuo_Chr01,87,0,0,0,0,0,74
5,M_ruthenica_zhiwusuo,M_ruthenica_zhiwusuo_Chr01,88,0,0,0,0,0,98
5,M_ruthenica_zhiwusuo,M_ruthenica_zhiwusuo_Chr01,89,0,0,0,0,0,72
5,M_ruthenica_zhiwusuo,M_ruthenica_zhiwusuo_Chr01,90,0,0,0,0,0,69
5,M_ruthenica_zhiwusuo,M_ruthenica_zhiwusuo_Chr01,91,0,0,0,0,0,91
5,M_ruthenica_zhiwusuo,M_ruthenica_zhiwusuo_Chr01,92,0,0,0,0,0,64
5,M_ruthenica_zhiwusuo,M_ruthenica_zhiwusuo_Chr01,93,0,0,0,0,0,71
5,M_ruthenica_zhiwusuo,M_ruthenica_zhiwusuo_Chr01,94,0,0,0,0,0,75
5,M_ruthenica_zhiwusuo,M_ruthenica_zhiwusuo_Chr01,95,0,0,0,0,0,80
5,M_ruthenica_zhiwusuo,M_ruthenica_zhiwusuo_Chr01,96,0,0,0,0,0,71
5,M_ruthenica_zhiwusuo,M_ruthenica_zhiwusuo_Chr01,97,0,0,0,0,0,75
5,M_ruthenica_zhiwusuo,M_ruthenica_zhiwusuo_Chr01,98,0,0,0,0,0,98
5,M_ruthenica_zhiwusuo,M_ruthenica_zhiwusuo_Chr01,99,0,0,0,0,0,59
5,M_ruthenica_zhiwusuo,M_ruthenica_zhiwusuo_Chr01,100,0,0,0,0,0,74
5,M_ruthenica_zhiwusuo,M_ruthenica_zhiwusuo_Chr01,101,0,0,0,0,0,65
5,M_ruthenica_zhiwusuo,M_ruthenica_zhiwusuo_Chr01,102,0,0,0,0,0,71
5,M_ruthenica_zhiwusuo,M_ruthenica_zhiwusuo_Chr01,103,0,0,0,0,0,64
5,M_ruthenica_zhiwusuo,M_ruthenica_zhiwusuo_Chr01,104,0,0,0,0,0,74
5,M_ruthenica_zhiwusuo,M_ruthenica_zhiwusuo_Chr01,105,0,0,0,0,0,56
5,M_ruthenica_zhiwusuo,M_ruthenica_zhiwusuo_Chr01,106,0,0,0,0,0,79
5,M_ruthenica_zhiwusuo,M_ruthenica_zhiwusuo_Chr01,107,0,0,0,0,0,93
5,M_ruthenica_zhiwusuo,M_ruthenica_zhiwusuo_Chr01,108,0,0,0,0,0,78
5,M_ruthenica_zhiwusuo,M_ruthenica_zhiwusuo_Chr01,109,0,0,0,0,0,79
5,M_ruthenica_zhiwusuo,M_ruthenica_zhiwusuo_Chr01,110,0,0,0,0,0,87
5,M_ruthenica_zhiwusuo,M_ruthenica_zhiwusuo_Chr01,111,0,0,0,0,0,84
5,M_ruthenica_zhiwusuo,M_ruthenica_zhiwusuo_Chr01,112,0,0,0,0,0,81
5,M_ruthenica_zhiwusuo,M_ruthenica_zhiwusuo_Chr01,113,0,0,0,0,0,82
5,M_ruthenica_zhiwusuo,M_ruthenica_zhiwusuo_Chr01,114,0,0,0,0,0,82
5,M_ruthenica_zhiwusuo,M_ruthenica_zhiwusuo_Chr01,115,0,0,0,0,0,68
5,M_ruthenica_zhiwusuo,M_ruthenica_zhiwusuo_Chr01,116,0,0,0,0,0,72
5,M_ruthenica_zhiwusuo,M_ruthenica_zhiwusuo_Chr01,117,0,0,0,0,0,88
5,M_ruthenica_zhiwusuo,M_ruthenica_zhiwusuo_Chr01,118,0,0,0,0,0,88
5,M_ruthenica_zhiwusuo,M_ruthenica_zhiwusuo_Chr01,119,0,0,0,0,0,85
5,M_ruthenica_zhiwusuo,M_ruthenica_zhiwusuo_Chr01,120,0,0,0,0,0,27
5,M_ruthenica_zhiwusuo,M_ruthenica_zhiwusuo_Chr02,0,0,0,0,0,0,66
5,M_ruthenica_zhiwusuo,M_ruthenica_zhiwusuo_Chr02,1,0,0,0,0,0,85
5,M_ruthenica_zhiwusuo,M_ruthenica_zhiwusuo_Chr02,2,0,0,0,0,0,73
5,M_ruthenica_zhiwusuo,M_ruthenica_zhiwusuo_Chr02,3,0,0,0,0,0,79
5,M_ruthenica_zhiwusuo,M_ruthenica_zhiwusuo_Chr02,4,0,0,0,0,0,81
5,M_ruthenica_zhiwusuo,M_ruthenica_zhiwusuo_Chr02,5,0,0,0,0,0,78
5,M_ruthenica_zhiwusuo,M_ruthenica_zhiwusuo_Chr02,6,0,0,0,0,0,76
5,M_ruthenica_zhiwusuo,M_ruthenica_zhiwusuo_Chr02,7,0,0,0,0,0,83
5,M_ruthenica_zhiwusuo,M_ruthenica_zhiwusuo_Chr02,8,0,0,0,0,0,75
5,M_ruthenica_zhiwusuo,M_ruthenica_zhiwusuo_Chr02,9,0,0,0,0,0,72
5,M_ruthenica_zhiwusuo,M_ruthenica_zhiwusuo_Chr02,10,0,0,0,0,0,68
5,M_ruthenica_zhiwusuo,M_ruthenica_zhiwusuo_Chr02,11,0,0,0,0,0,70
5,M_ruthenica_zhiwusuo,M_ruthenica_zhiwusuo_Chr02,12,0,0,0,0,0,74
5,M_ruthenica_zhiwusuo,M_ruthenica_zhiwusuo_Chr02,13,0,0,0,0,0,61
5,M_ruthenica_zhiwusuo,M_ruthenica_zhiwusuo_Chr02,14,0,0,0,0,0,78
5,M_ruthenica_zhiwusuo,M_ruthenica_zhiwusuo_Chr02,15,0,0,0,0,0,75
5,M_ruthenica_zhiwusuo,M_ruthenica_zhiwusuo_Chr02,16,0,0,0,0,0,70
5,M_ruthenica_zhiwusuo,M_ruthenica_zhiwusuo_Chr02,17,0,0,0,0,0,73
5,M_ruthenica_zhiwusuo,M_ruthenica_zhiwusuo_Chr02,18,0,0,0,0,0,65
5,M_ruthenica_zhiwusuo,M_ruthenica_zhiwusuo_Chr02,19,0,0,0,0,0,62
5,M_ruthenica_zhiwusuo,M_ruthenica_zhiwusuo_Chr02,20,0,0,0,0,0,89
5,M_ruthenica_zhiwusuo,M_ruthenica_zhiwusuo_Chr02,21,0,0,0,0,0,59
5,M_ruthenica_zhiwusuo,M_ruthenica_zhiwusuo_Chr02,22,0,0,0,0,0,77
5,M_ruthenica_zhiwusuo,M_ruthenica_zhiwusuo_Chr02,23,0,0,0,0,0,62
5,M_ruthenica_zhiwusuo,M_ruthenica_zhiwusuo_Chr02,24,0,0,0,0,0,50
5,M_ruthenica_zhiwusuo,M_ruthenica_zhiwusuo_Chr02,25,0,0,0,0,0,66
5,M_ruthenica_zhiwusuo,M_ruthenica_zhiwusuo_Chr02,26,0,0,0,0,0,77
5,M_ruthenica_zhiwusuo,M_ruthenica_zhiwusuo_Chr02,27,0,0,0,0,0,62
5,M_ruthenica_zhiwusuo,M_ruthenica_zhiwusuo_Chr02,28,0,0,0,0,0,66
5,M_ruthenica_zhiwusuo,M_ruthenica_zhiwusuo_Chr02,29,0,0,0,0,0,55
5,M_ruthenica_zhiwusuo,M_ruthenica_zhiwusuo_Chr02,30,0,0,0,0,0,72
5,M_ruthenica_zhiwusuo,M_ruthenica_zhiwusuo_Chr02,31,0,0,0,0,0,54
5,M_ruthenica_zhiwusuo,M_ruthenica_zhiwusuo_Chr02,32,0,0,0,0,0,62
5,M_ruthenica_zhiwusuo,M_ruthenica_zhiwusuo_Chr02,33,0,0,0,0,0,47
5,M_ruthenica_zhiwusuo,M_ruthenica_zhiwusuo_Chr02,34,0,0,0,0,0,52
5,M_ruthenica_zhiwusuo,M_ruthenica_zhiwusuo_Chr02,35,0,0,0,0,0,70
5,M_ruthenica_zhiwusuo,M_ruthenica_zhiwusuo_Chr02,36,0,0,0,0,0,66
5,M_ruthenica_zhiwusuo,M_ruthenica_zhiwusuo_Chr02,37,0,0,0,0,0,63
5,M_ruthenica_zhiwusuo,M_ruthenica_zhiwusuo_Chr02,38,0,0,0,0,0,57
5,M_ruthenica_zhiwusuo,M_ruthenica_zhiwusuo_Chr02,39,0,0,0,0,0,60
5,M_ruthenica_zhiwusuo,M_ruthenica_zhiwusuo_Chr02,40,0,0,0,0,0,57
5,M_ruthenica_zhiwusuo,M_ruthenica_zhiwusuo_Chr02,41,0,0,0,0,0,58
5,M_ruthenica_zhiwusuo,M_ruthenica_zhiwusuo_Chr02,42,0,0,0,0,0,50
5,M_ruthenica_zhiwusuo,M_ruthenica_zhiwusuo_Chr02,43,0,0,0,0,0,51
5,M_ruthenica_zhiwusuo,M_ruthenica_zhiwusuo_Chr02,44,0,0,0,0,0,58
5,M_ruthenica_zhiwusuo,M_ruthenica_zhiwusuo_Chr02,45,0,0,0,0,0,58
5,M_ruthenica_zhiwusuo,M_ruthenica_zhiwusuo_Chr02,46,0,0,0,0,0,55
5,M_ruthenica_zhiwusuo,M_ruthenica_zhiwusuo_Chr02,47,0,0,0,0,0,56
5,M_ruthenica_zhiwusuo,M_ruthenica_zhiwusuo_Chr02,48,0,0,0,0,0,64
5,M_ruthenica_zhiwusuo,M_ruthenica_zhiwusuo_Chr02,49,0,0,0,0,0,59
5,M_ruthenica_zhiwusuo,M_ruthenica_zhiwusuo_Chr02,50,0,0,0,0,0,68
5,M_ruthenica_zhiwusuo,M_ruthenica_zhiwusuo_Chr02,51,0,0,0,0,0,59
5,M_ruthenica_zhiwusuo,M_ruthenica_zhiwusuo_Chr02,52,0,0,0,0,0,68
5,M_ruthenica_zhiwusuo,M_ruthenica_zhiwusuo_Chr02,53,0,0,0,0,0,64
5,M_ruthenica_zhiwusuo,M_ruthenica_zhiwusuo_Chr02,54,0,0,0,0,0,81
5,M_ruthenica_zhiwusuo,M_ruthenica_zhiwusuo_Chr02,55,0,0,0,0,0,61
5,M_ruthenica_zhiwusuo,M_ruthenica_zhiwusuo_Chr02,56,0,0,0,0,0,61
5,M_ruthenica_zhiwusuo,M_ruthenica_zhiwusuo_Chr02,57,0,0,0,0,0,64
5,M_ruthenica_zhiwusuo,M_ruthenica_zhiwusuo_Chr02,58,0,0,0,0,0,63
5,M_ruthenica_zhiwusuo,M_ruthenica_zhiwusuo_Chr02,59,0,0,0,0,0,52
5,M_ruthenica_zhiwusuo,M_ruthenica_zhiwusuo_Chr02,60,0,0,0,0,0,56
5,M_ruthenica_zhiwusuo,M_ruthenica_zhiwusuo_Chr02,61,0,0,0,0,0,55
5,M_ruthenica_zhiwusuo,M_ruthenica_zhiwusuo_Chr02,62,0,0,0,0,0,72
5,M_ruthenica_zhiwusuo,M_ruthenica_zhiwusuo_Chr02,63,0,0,0,0,0,62
5,M_ruthenica_zhiwusuo,M_ruthenica_zhiwusuo_Chr02,64,0,0,0,0,0,67
5,M_ruthenica_zhiwusuo,M_ruthenica_zhiwusuo_Chr02,65,0,0,0,0,0,92
5,M_ruthenica_zhiwusuo,M_ruthenica_zhiwusuo_Chr02,66,0,0,0,0,0,61
5,M_ruthenica_zhiwusuo,M_ruthenica_zhiwusuo_Chr02,67,0,0,0,0,0,43
5,M_ruthenica_zhiwusuo,M_ruthenica_zhiwusuo_Chr02,68,0,0,0,0,0,71
5,M_ruthenica_zhiwusuo,M_ruthenica_zhiwusuo_Chr02,69,0,0,0,0,0,65
5,M_ruthenica_zhiwusuo,M_ruthenica_zhiwusuo_Chr02,70,0,0,0,0,0,78
5,M_ruthenica_zhiwusuo,M_ruthenica_zhiwusuo_Chr02,71,0,0,0,0,0,52
5,M_ruthenica_zhiwusuo,M_ruthenica_zhiwusuo_Chr02,72,0,0,0,0,0,66
5,M_ruthenica_zhiwusuo,M_ruthenica_zhiwusuo_Chr02,73,0,0,0,0,0,56
5,M_ruthenica_zhiwusuo,M_ruthenica_zhiwusuo_Chr02,74,0,0,0,0,0,54
5,M_ruthenica_zhiwusuo,M_ruthenica_zhiwusuo_Chr02,75,0,0,0,0,0,67
5,M_ruthenica_zhiwusuo,M_ruthenica_zhiwusuo_Chr02,76,0,0,0,0,0,46
5,M_ruthenica_zhiwusuo,M_ruthenica_zhiwusuo_Chr02,77,0,0,0,0,0,67
5,M_ruthenica_zhiwusuo,M_ruthenica_zhiwusuo_Chr02,78,0,0,0,0,0,64
5,M_ruthenica_zhiwusuo,M_ruthenica_zhiwusuo_Chr02,79,0,0,0,0,0,79
5,M_ruthenica_zhiwusuo,M_ruthenica_zhiwusuo_Chr02,80,0,0,0,0,0,59
5,M_ruthenica_zhiwusuo,M_ruthenica_zhiwusuo_Chr02,81,0,0,0,0,0,57
5,M_ruthenica_zhiwusuo,M_ruthenica_zhiwusuo_Chr02,82,0,0,0,0,0,66
5,M_ruthenica_zhiwusuo,M_ruthenica_zhiwusuo_Chr02,83,0,0,0,0,0,79
5,M_ruthenica_zhiwusuo,M_ruthenica_zhiwusuo_Chr02,84,0,0,0,0,0,63
5,M_ruthenica_zhiwusuo,M_ruthenica_zhiwusuo_Chr02,85,0,0,0,0,0,70
5,M_ruthenica_zhiwusuo,M_ruthenica_zhiwusuo_Chr02,86,0,0,0,0,0,59
5,M_ruthenica_zhiwusuo,M_ruthenica_zhiwusuo_Chr02,87,0,0,0,0,0,98
5,M_ruthenica_zhiwusuo,M_ruthenica_zhiwusuo_Chr02,88,0,0,0,0,0,61
5,M_ruthenica_zhiwusuo,M_ruthenica_zhiwusuo_Chr02,89,0,0,0,0,0,59
5,M_ruthenica_zhiwusuo,M_ruthenica_zhiwusuo_Chr02,90,0,0,0,0,0,69
5,M_ruthenica_zhiwusuo,M_ruthenica_zhiwusuo_Chr02,91,0,0,0,0,0,82
5,M_ruthenica_zhiwusuo,M_ruthenica_zhiwusuo_Chr02,92,0,0,0,0,0,69
5,M_ruthenica_zhiwusuo,M_ruthenica_zhiwusuo_Chr02,93,0,0,0,0,0,94
5,M_ruthenica_zhiwusuo,M_ruthenica_zhiwusuo_Chr02,94,0,0,0,0,0,55
5,M_ruthenica_zhiwusuo,M_ruthenica_zhiwusuo_Chr02,95,0,0,0,0,0,63
5,M_ruthenica_zhiwusuo,M_ruthenica_zhiwusuo_Chr02,96,0,0,0,0,0,58
5,M_ruthenica_zhiwusuo,M_ruthenica_zhiwusuo_Chr02,97,0,0,0,0,0,79
5,M_ruthenica_zhiwusuo,M_ruthenica_zhiwusuo_Chr02,98,0,0,0,0,0,84
5,M_ruthenica_zhiwusuo,M_ruthenica_zhiwusuo_Chr02,99,0,0,0,0,0,82
5,M_ruthenica_zhiwusuo,M_ruthenica_zhiwusuo_Chr02,100,0,0,0,0,0,83
5,M_ruthenica_zhiwusuo,M_ruthenica_zhiwusuo_Chr02,101,0,0,0,0,0,76
5,M_ruthenica_zhiwusuo,M_ruthenica_zhiwusuo_Chr02,102,0,0,0,0,0,77
5,M_ruthenica_zhiwusuo,M_ruthenica_zhiwusuo_Chr02,103,0,0,0,0,0,82
5,M_ruthenica_zhiwusuo,M_ruthenica_zhiwusuo_Chr02,104,0,0,0,0,0,75
5,M_ruthenica_zhiwusuo,M_ruthenica_zhiwusuo_Chr02,105,0,0,0,0,0,65
5,M_ruthenica_zhiwusuo,M_ruthenica_zhiwusuo_Chr02,106,0,0,0,0,0,64
5,M_ruthenica_zhiwusuo,M_ruthenica_zhiwusuo_Chr02,107,0,0,0,0,0,12
5,M_ruthenica_zhiwusuo,M_ruthenica_zhiwusuo_Chr03,0,0,0,0,0,0,53
5,M_ruthenica_zhiwusuo,M_ruthenica_zhiwusuo_Chr03,1,0,0,0,0,0,65
5,M_ruthenica_zhiwusuo,M_ruthenica_zhiwusuo_Chr03,2,0,0,0,0,0,62
5,M_ruthenica_zhiwusuo,M_ruthenica_zhiwusuo_Chr03,3,0,0,0,0,0,74
5,M_ruthenica_zhiwusuo,M_ruthenica_zhiwusuo_Chr03,4,0,0,0,0,0,65
5,M_ruthenica_zhiwusuo,M_ruthenica_zhiwusuo_Chr03,5,0,0,0,0,0,76
5,M_ruthenica_zhiwusuo,M_ruthenica_zhiwusuo_Chr03,6,0,0,0,0,0,64
5,M_ruthenica_zhiwusuo,M_ruthenica_zhiwusuo_Chr03,7,0,0,0,0,0,63
5,M_ruthenica_zhiwusuo,M_ruthenica_zhiwusuo_Chr03,8,0,0,0,0,0,55
5,M_ruthenica_zhiwusuo,M_ruthenica_zhiwusuo_Chr03,9,0,0,0,0,0,67
5,M_ruthenica_zhiwusuo,M_ruthenica_zhiwusuo_Chr03,10,0,0,0,0,0,75
5,M_ruthenica_zhiwusuo,M_ruthenica_zhiwusuo_Chr03,11,0,0,0,0,0,74
5,M_ruthenica_zhiwusuo,M_ruthenica_zhiwusuo_Chr03,12,0,0,0,0,0,78
5,M_ruthenica_zhiwusuo,M_ruthenica_zhiwusuo_Chr03,13,0,0,0,0,0,68
5,M_ruthenica_zhiwusuo,M_ruthenica_zhiwusuo_Chr03,14,0,0,0,0,0,77
5,M_ruthenica_zhiwusuo,M_ruthenica_zhiwusuo_Chr03,15,0,0,0,0,0,81
5,M_ruthenica_zhiwusuo,M_ruthenica_zhiwusuo_Chr03,16,0,0,0,0,0,75
5,M_ruthenica_zhiwusuo,M_ruthenica_zhiwusuo_Chr03,17,0,0,0,0,0,75
5,M_ruthenica_zhiwusuo,M_ruthenica_zhiwusuo_Chr03,18,0,0,0,0,0,72
5,M_ruthenica_zhiwusuo,M_ruthenica_zhiwusuo_Chr03,19,0,0,0,0,0,79
5,M_ruthenica_zhiwusuo,M_ruthenica_zhiwusuo_Chr03,20,0,0,0,0,0,76
5,M_ruthenica_zhiwusuo,M_ruthenica_zhiwusuo_Chr03,21,0,0,0,0,0,69
5,M_ruthenica_zhiwusuo,M_ruthenica_zhiwusuo_Chr03,22,0,0,0,0,0,47
5,M_ruthenica_zhiwusuo,M_ruthenica_zhiwusuo_Chr03,23,0,0,0,0,0,58
5,M_ruthenica_zhiwusuo,M_ruthenica_zhiwusuo_Chr03,24,0,0,0,0,0,61
5,M_ruthenica_zhiwusuo,M_ruthenica_zhiwusuo_Chr03,25,0,0,0,0,0,60
5,M_ruthenica_zhiwusuo,M_ruthenica_zhiwusuo_Chr03,26,0,0,0,0,0,73
5,M_ruthenica_zhiwusuo,M_ruthenica_zhiwusuo_Chr03,27,0,0,0,0,0,80
5,M_ruthenica_zhiwusuo,M_ruthenica_zhiwusuo_Chr03,28,0,0,0,0,0,54
5,M_ruthenica_zhiwusuo,M_ruthenica_zhiwusuo_Chr03,29,0,0,0,0,0,61
5,M_ruthenica_zhiwusuo,M_ruthenica_zhiwusuo_Chr03,30,0,0,0,0,0,73
5,M_ruthenica_zhiwusuo,M_ruthenica_zhiwusuo_Chr03,31,0,0,0,0,0,64
5,M_ruthenica_zhiwusuo,M_ruthenica_zhiwusuo_Chr03,32,0,0,0,0,0,59
5,M_ruthenica_zhiwusuo,M_ruthenica_zhiwusuo_Chr03,33,0,0,0,0,0,68
5,M_ruthenica_zhiwusuo,M_ruthenica_zhiwusuo_Chr03,34,0,0,0,0,0,63
5,M_ruthenica_zhiwusuo,M_ruthenica_zhiwusuo_Chr03,35,0,0,0,0,0,58
5,M_ruthenica_zhiwusuo,M_ruthenica_zhiwusuo_Chr03,36,0,0,0,0,0,61
5,M_ruthenica_zhiwusuo,M_ruthenica_zhiwusuo_Chr03,37,0,0,0,0,0,72
5,M_ruthenica_zhiwusuo,M_ruthenica_zhiwusuo_Chr03,38,0,0,0,0,0,55
5,M_ruthenica_zhiwusuo,M_ruthenica_zhiwusuo_Chr03,39,0,0,0,0,0,65
5,M_ruthenica_zhiwusuo,M_ruthenica_zhiwusuo_Chr03,40,0,0,0,0,0,59
5,M_ruthenica_zhiwusuo,M_ruthenica_zhiwusuo_Chr03,41,0,0,0,0,0,69
5,M_ruthenica_zhiwusuo,M_ruthenica_zhiwusuo_Chr03,42,0,0,0,0,0,66
5,M_ruthenica_zhiwusuo,M_ruthenica_zhiwusuo_Chr03,43,0,0,0,0,0,57
5,M_ruthenica_zhiwusuo,M_ruthenica_zhiwusuo_Chr03,44,0,0,0,0,0,73
5,M_ruthenica_zhiwusuo,M_ruthenica_zhiwusuo_Chr03,45,0,0,0,0,0,64
5,M_ruthenica_zhiwusuo,M_ruthenica_zhiwusuo_Chr03,46,0,0,0,0,0,65
5,M_ruthenica_zhiwusuo,M_ruthenica_zhiwusuo_Chr03,47,0,0,0,0,0,60
5,M_ruthenica_zhiwusuo,M_ruthenica_zhiwusuo_Chr03,48,0,0,0,0,0,49
5,M_ruthenica_zhiwusuo,M_ruthenica_zhiwusuo_Chr03,49,0,0,0,0,0,62
5,M_ruthenica_zhiwusuo,M_ruthenica_zhiwusuo_Chr03,50,0,0,0,0,0,73
5,M_ruthenica_zhiwusuo,M_ruthenica_zhiwusuo_Chr03,51,0,0,0,0,0,75
5,M_ruthenica_zhiwusuo,M_ruthenica_zhiwusuo_Chr03,52,0,0,0,0,0,57
5,M_ruthenica_zhiwusuo,M_ruthenica_zhiwusuo_Chr03,53,0,0,0,0,0,64
5,M_ruthenica_zhiwusuo,M_ruthenica_zhiwusuo_Chr03,54,0,0,0,0,0,62
5,M_ruthenica_zhiwusuo,M_ruthenica_zhiwusuo_Chr03,55,0,0,0,0,0,76
5,M_ruthenica_zhiwusuo,M_ruthenica_zhiwusuo_Chr03,56,0,0,0,0,0,66
5,M_ruthenica_zhiwusuo,M_ruthenica_zhiwusuo_Chr03,57,0,0,0,0,0,84
5,M_ruthenica_zhiwusuo,M_ruthenica_zhiwusuo_Chr03,58,0,0,0,0,0,66
5,M_ruthenica_zhiwusuo,M_ruthenica_zhiwusuo_Chr03,59,23,13,7,0,0,76
5,M_ruthenica_zhiwusuo,M_ruthenica_zhiwusuo_Chr03,60,37,21,8,2,0,68
5,M_ruthenica_zhiwusuo,M_ruthenica_zhiwusuo_Chr03,61,53,17,12,1,0,83
5,M_ruthenica_zhiwusuo,M_ruthenica_zhiwusuo_Chr03,62,36,17,7,2,0,62
5,M_ruthenica_zhiwusuo,M_ruthenica_zhiwusuo_Chr03,63,58,10,4,4,0,76
5,M_ruthenica_zhiwusuo,M_ruthenica_zhiwusuo_Chr03,64,55,13,9,11,0,88
5,M_ruthenica_zhiwusuo,M_ruthenica_zhiwusuo_Chr03,65,48,19,7,4,0,79
5,M_ruthenica_zhiwusuo,M_ruthenica_zhiwusuo_Chr03,66,59,23,16,4,0,104
5,M_ruthenica_zhiwusuo,M_ruthenica_zhiwusuo_Chr03,67,42,27,2,2,0,73
5,M_ruthenica_zhiwusuo,M_ruthenica_zhiwusuo_Chr03,68,37,22,5,1,0,67
5,M_ruthenica_zhiwusuo,M_ruthenica_zhiwusuo_Chr03,69,51,22,10,5,0,89
5,M_ruthenica_zhiwusuo,M_ruthenica_zhiwusuo_Chr03,70,50,24,26,1,0,102
5,M_ruthenica_zhiwusuo,M_ruthenica_zhiwusuo_Chr03,71,31,24,12,1,0,68
5,M_ruthenica_zhiwusuo,M_ruthenica_zhiwusuo_Chr03,72,46,23,11,7,0,87
5,M_ruthenica_zhiwusuo,M_ruthenica_zhiwusuo_Chr03,73,62,20,6,2,0,90
5,M_ruthenica_zhiwusuo,M_ruthenica_zhiwusuo_Chr03,74,43,24,7,3,0,77
5,M_ruthenica_zhiwusuo,M_ruthenica_zhiwusuo_Chr03,75,58,22,8,9,0,97
5,M_ruthenica_zhiwusuo,M_ruthenica_zhiwusuo_Chr03,76,48,22,9,5,0,84
5,M_ruthenica_zhiwusuo,M_ruthenica_zhiwusuo_Chr03,77,54,18,5,2,0,79
5,M_ruthenica_zhiwusuo,M_ruthenica_zhiwusuo_Chr03,78,50,27,7,9,0,93
5,M_ruthenica_zhiwusuo,M_ruthenica_zhiwusuo_Chr03,79,54,15,12,7,0,88
5,M_ruthenica_zhiwusuo,M_ruthenica_zhiwusuo_Chr03,80,49,20,20,2,0,91
5,M_ruthenica_zhiwusuo,M_ruthenica_zhiwusuo_Chr03,81,48,10,9,4,0,73
5,M_ruthenica_zhiwusuo,M_ruthenica_zhiwusuo_Chr03,82,54,15,3,4,0,76
5,M_ruthenica_zhiwusuo,M_ruthenica_zhiwusuo_Chr03,83,40,12,3,3,0,58
5,M_ruthenica_zhiwusuo,M_ruthenica_zhiwusuo_Chr03,84,47,23,9,6,0,85
5,M_ruthenica_zhiwusuo,M_ruthenica_zhiwusuo_Chr03,85,61,16,10,5,0,92
5,M_ruthenica_zhiwusuo,M_ruthenica_zhiwusuo_Chr03,86,62,21,7,2,0,92
5,M_ruthenica_zhiwusuo,M_ruthenica_zhiwusuo_Chr03,87,65,17,6,3,0,91
5,M_ruthenica_zhiwusuo,M_ruthenica_zhiwusuo_Chr03,88,56,17,6,7,0,86
5,M_ruthenica_zhiwusuo,M_ruthenica_zhiwusuo_Chr03,89,50,9,6,4,0,69
5,M_ruthenica_zhiwusuo,M_ruthenica_zhiwusuo_Chr03,90,47,15,7,7,0,76
5,M_ruthenica_zhiwusuo,M_ruthenica_zhiwusuo_Chr03,91,48,12,9,4,0,73
5,M_ruthenica_zhiwusuo,M_ruthenica_zhiwusuo_Chr03,92,54,18,9,5,0,86
5,M_ruthenica_zhiwusuo,M_ruthenica_zhiwusuo_Chr03,93,53,19,8,4,0,84
5,M_ruthenica_zhiwusuo,M_ruthenica_zhiwusuo_Chr03,94,31,11,2,0,0,44
5,M_ruthenica_zhiwusuo,M_ruthenica_zhiwusuo_Chr03,95,55,15,7,4,0,81
5,M_ruthenica_zhiwusuo,M_ruthenica_zhiwusuo_Chr03,96,55,24,3,7,0,89
5,M_ruthenica_zhiwusuo,M_ruthenica_zhiwusuo_Chr03,97,56,25,3,5,0,91
5,M_ruthenica_zhiwusuo,M_ruthenica_zhiwusuo_Chr03,98,64,17,7,10,0,99
5,M_ruthenica_zhiwusuo,M_ruthenica_zhiwusuo_Chr03,99,49,19,4,5,0,78
5,M_ruthenica_zhiwusuo,M_ruthenica_zhiwusuo_Chr03,100,51,16,5,5,0,77
5,M_ruthenica_zhiwusuo,M_ruthenica_zhiwusuo_Chr03,101,48,20,3,9,0,80
5,M_ruthenica_zhiwusuo,M_ruthenica_zhiwusuo_Chr03,102,62,21,3,9,0,99
5,M_ruthenica_zhiwusuo,M_ruthenica_zhiwusuo_Chr03,103,57,21,3,6,0,89
5,M_ruthenica_zhiwusuo,M_ruthenica_zhiwusuo_Chr03,104,42,25,4,6,0,77
5,M_ruthenica_zhiwusuo,M_ruthenica_zhiwusuo_Chr03,105,44,14,8,6,0,73
5,M_ruthenica_zhiwusuo,M_ruthenica_zhiwusuo_Chr04,0,47,23,6,4,0,83
5,M_ruthenica_zhiwusuo,M_ruthenica_zhiwusuo_Chr04,1,54,16,4,6,0,80
5,M_ruthenica_zhiwusuo,M_ruthenica_zhiwusuo_Chr04,2,56,13,7,7,0,83
5,M_ruthenica_zhiwusuo,M_ruthenica_zhiwusuo_Chr04,3,46,22,6,9,0,84
5,M_ruthenica_zhiwusuo,M_ruthenica_zhiwusuo_Chr04,4,55,22,9,8,0,94
5,M_ruthenica_zhiwusuo,M_ruthenica_zhiwusuo_Chr04,5,52,11,9,2,0,74
5,M_ruthenica_zhiwusuo,M_ruthenica_zhiwusuo_Chr04,6,58,8,8,5,0,79
5,M_ruthenica_zhiwusuo,M_ruthenica_zhiwusuo_Chr04,7,52,21,6,5,0,84
5,M_ruthenica_zhiwusuo,M_ruthenica_zhiwusuo_Chr04,8,59,16,7,1,0,83
5,M_ruthenica_zhiwusuo,M_ruthenica_zhiwusuo_Chr04,9,57,16,4,10,0,87
5,M_ruthenica_zhiwusuo,M_ruthenica_zhiwusuo_Chr04,10,55,10,4,6,0,75
5,M_ruthenica_zhiwusuo,M_ruthenica_zhiwusuo_Chr04,11,56,16,6,6,0,84
5,M_ruthenica_zhiwusuo,M_ruthenica_zhiwusuo_Chr04,12,64,6,8,6,0,85
5,M_ruthenica_zhiwusuo,M_ruthenica_zhiwusuo_Chr04,13,52,11,6,1,0,70
5,M_ruthenica_zhiwusuo,M_ruthenica_zhiwusuo_Chr04,14,53,13,3,6,0,75
5,M_ruthenica_zhiwusuo,M_ruthenica_zhiwusuo_Chr04,15,48,17,5,12,0,82
5,M_ruthenica_zhiwusuo,M_ruthenica_zhiwusuo_Chr04,16,53,9,14,8,0,84
5,M_ruthenica_zhiwusuo,M_ruthenica_zhiwusuo_Chr04,17,48,12,2,2,0,64
5,M_ruthenica_zhiwusuo,M_ruthenica_zhiwusuo_Chr04,18,45,9,2,3,0,60
5,M_ruthenica_zhiwusuo,M_ruthenica_zhiwusuo_Chr04,19,47,10,3,2,0,63
5,M_ruthenica_zhiwusuo,M_ruthenica_zhiwusuo_Chr04,20,43,13,6,4,0,66
5,M_ruthenica_zhiwusuo,M_ruthenica_zhiwusuo_Chr04,21,46,12,7,2,0,67
5,M_ruthenica_zhiwusuo,M_ruthenica_zhiwusuo_Chr04,22,54,22,3,5,0,84
5,M_ruthenica_zhiwusuo,M_ruthenica_zhiwusuo_Chr04,23,48,10,6,3,0,67
5,M_ruthenica_zhiwusuo,M_ruthenica_zhiwusuo_Chr04,24,48,11,3,4,0,66
5,M_ruthenica_zhiwusuo,M_ruthenica_zhiwusuo_Chr04,25,59,9,1,5,0,74
5,M_ruthenica_zhiwusuo,M_ruthenica_zhiwusuo_Chr04,26,53,11,5,3,0,72
5,M_ruthenica_zhiwusuo,M_ruthenica_zhiwusuo_Chr04,27,37,24,2,1,0,64
5,M_ruthenica_zhiwusuo,M_ruthenica_zhiwusuo_Chr04,28,41,14,3,2,0,60
5,M_ruthenica_zhiwusuo,M_ruthenica_zhiwusuo_Chr04,29,68,7,3,3,0,81
5,M_ruthenica_zhiwusuo,M_ruthenica_zhiwusuo_Chr04,30,43,10,4,3,0,60
5,M_ruthenica_zhiwusuo,M_ruthenica_zhiwusuo_Chr04,31,46,8,2,4,0,60
5,M_ruthenica_zhiwusuo,M_ruthenica_zhiwusuo_Chr04,32,56,20,4,4,0,84
5,M_ruthenica_zhiwusuo,M_ruthenica_zhiwusuo_Chr04,33,32,23,4,2,0,61
5,M_ruthenica_zhiwusuo,M_ruthenica_zhiwusuo_Chr04,34,50,13,4,3,0,70
5,M_ruthenica_zhiwusuo,M_ruthenica_zhiwusuo_Chr04,35,47,12,4,4,0,67
5,M_ruthenica_zhiwusuo,M_ruthenica_zhiwusuo_Chr04,36,43,18,2,3,0,66
5,M_ruthenica_zhiwusuo,M_ruthenica_zhiwusuo_Chr04,37,48,14,0,3,0,65
5,M_ruthenica_zhiwusuo,M_ruthenica_zhiwusuo_Chr04,38,39,11,5,8,0,63
5,M_ruthenica_zhiwusuo,M_ruthenica_zhiwusuo_Chr04,39,46,15,5,1,0,67
5,M_ruthenica_zhiwusuo,M_ruthenica_zhiwusuo_Chr04,40,49,15,8,7,0,79
5,M_ruthenica_zhiwusuo,M_ruthenica_zhiwusuo_Chr04,41,47,16,4,5,0,72
5,M_ruthenica_zhiwusuo,M_ruthenica_zhiwusuo_Chr04,42,46,18,7,9,0,80
5,M_ruthenica_zhiwusuo,M_ruthenica_zhiwusuo_Chr04,43,44,22,4,4,0,74
5,M_ruthenica_zhiwusuo,M_ruthenica_zhiwusuo_Chr04,44,55,18,5,5,0,83
5,M_ruthenica_zhiwusuo,M_ruthenica_zhiwusuo_Chr04,45,46,16,4,7,0,73
5,M_ruthenica_zhiwusuo,M_ruthenica_zhiwusuo_Chr04,46,46,14,1,4,0,65
5,M_ruthenica_zhiwusuo,M_ruthenica_zhiwusuo_Chr04,47,41,15,6,3,0,65
5,M_ruthenica_zhiwusuo,M_ruthenica_zhiwusuo_Chr04,48,60,19,6,2,0,87
5,M_ruthenica_zhiwusuo,M_ruthenica_zhiwusuo_Chr04,49,47,17,4,5,0,73
5,M_ruthenica_zhiwusuo,M_ruthenica_zhiwusuo_Chr04,50,44,14,2,6,0,66
5,M_ruthenica_zhiwusuo,M_ruthenica_zhiwusuo_Chr04,51,54,25,7,6,0,92
5,M_ruthenica_zhiwusuo,M_ruthenica_zhiwusuo_Chr04,52,48,21,4,1,0,74
5,M_ruthenica_zhiwusuo,M_ruthenica_zhiwusuo_Chr04,53,42,12,5,4,0,63
5,M_ruthenica_zhiwusuo,M_ruthenica_zhiwusuo_Chr04,54,63,32,2,5,0,102
5,M_ruthenica_zhiwusuo,M_ruthenica_zhiwusuo_Chr04,55,43,18,4,4,0,69
5,M_ruthenica_zhiwusuo,M_ruthenica_zhiwusuo_Chr04,56,46,21,2,2,0,71
5,M_ruthenica_zhiwusuo,M_ruthenica_zhiwusuo_Chr04,57,38,25,3,3,0,69
5,M_ruthenica_zhiwusuo,M_ruthenica_zhiwusuo_Chr04,58,57,25,6,7,0,95
5,M_ruthenica_zhiwusuo,M_ruthenica_zhiwusuo_Chr04,59,48,23,1,5,0,77
5,M_ruthenica_zhiwusuo,M_ruthenica_zhiwusuo_Chr04,60,53,27,6,7,0,93
5,M_ruthenica_zhiwusuo,M_ruthenica_zhiwusuo_Chr04,61,58,25,7,8,0,98
5,M_ruthenica_zhiwusuo,M_ruthenica_zhiwusuo_Chr04,62,58,30,4,7,0,99
5,M_ruthenica_zhiwusuo,M_ruthenica_zhiwusuo_Chr04,63,62,15,4,0,0,81
5,M_ruthenica_zhiwusuo,M_ruthenica_zhiwusuo_Chr04,64,53,38,6,5,0,102
5,M_ruthenica_zhiwusuo,M_ruthenica_zhiwusuo_Chr04,65,49,16,2,3,0,70
5,M_ruthenica_zhiwusuo,M_ruthenica_zhiwusuo_Chr04,66,42,31,8,5,0,89
5,M_ruthenica_zhiwusuo,M_ruthenica_zhiwusuo_Chr04,67,51,22,2,9,0,84
5,M_ruthenica_zhiwusuo,M_ruthenica_zhiwusuo_Chr04,68,37,40,7,5,0,89
5,M_ruthenica_zhiwusuo,M_ruthenica_zhiwusuo_Chr04,69,45,17,2,8,0,72
5,M_ruthenica_zhiwusuo,M_ruthenica_zhiwusuo_Chr04,70,49,23,0,5,0,78
5,M_ruthenica_zhiwusuo,M_ruthenica_zhiwusuo_Chr04,71,59,27,7,3,0,96
5,M_ruthenica_zhiwusuo,M_ruthenica_zhiwusuo_Chr04,72,46,16,5,2,0,70
5,M_ruthenica_zhiwusuo,M_ruthenica_zhiwusuo_Chr04,73,47,26,3,2,0,79
5,M_ruthenica_zhiwusuo,M_ruthenica_zhiwusuo_Chr04,74,61,32,2,7,0,102
5,M_ruthenica_zhiwusuo,M_ruthenica_zhiwusuo_Chr04,75,57,24,3,6,0,96
5,M_ruthenica_zhiwusuo,M_ruthenica_zhiwusuo_Chr04,76,48,27,3,3,0,81
5,M_ruthenica_zhiwusuo,M_ruthenica_zhiwusuo_Chr04,77,56,20,7,4,0,87
5,M_ruthenica_zhiwusuo,M_ruthenica_zhiwusuo_Chr04,78,55,24,5,7,0,91
5,M_ruthenica_zhiwusuo,M_ruthenica_zhiwusuo_Chr04,79,56,18,6,2,0,82
5,M_ruthenica_zhiwusuo,M_ruthenica_zhiwusuo_Chr04,80,50,19,5,4,0,78
5,M_ruthenica_zhiwusuo,M_ruthenica_zhiwusuo_Chr04,81,34,21,11,6,0,72
5,M_ruthenica_zhiwusuo,M_ruthenica_zhiwusuo_Chr04,82,43,32,9,7,0,91
5,M_ruthenica_zhiwusuo,M_ruthenica_zhiwusuo_Chr04,83,44,26,6,9,0,85
5,M_ruthenica_zhiwusuo,M_ruthenica_zhiwusuo_Chr04,84,52,21,12,1,0,86
5,M_ruthenica_zhiwusuo,M_ruthenica_zhiwusuo_Chr04,85,53,23,7,8,0,91
5,M_ruthenica_zhiwusuo,M_ruthenica_zhiwusuo_Chr04,86,65,27,5,7,0,104
5,M_ruthenica_zhiwusuo,M_ruthenica_zhiwusuo_Chr04,87,59,26,1,4,0,90
5,M_ruthenica_zhiwusuo,M_ruthenica_zhiwusuo_Chr04,88,46,21,5,0,0,72
5,M_ruthenica_zhiwusuo,M_ruthenica_zhiwusuo_Chr04,89,46,23,3,5,0,77
5,M_ruthenica_zhiwusuo,M_ruthenica_zhiwusuo_Chr04,90,60,20,5,5,0,90
5,M_ruthenica_zhiwusuo,M_ruthenica_zhiwusuo_Chr04,91,61,21,4,4,0,93
5,M_ruthenica_zhiwusuo,M_ruthenica_zhiwusuo_Chr04,92,46,23,4,6,0,80
5,M_ruthenica_zhiwusuo,M_ruthenica_zhiwusuo_Chr04,93,62,22,5,7,0,96
5,M_ruthenica_zhiwusuo,M_ruthenica_zhiwusuo_Chr04,94,55,19,5,4,0,85
5,M_ruthenica_zhiwusuo,M_ruthenica_zhiwusuo_Chr04,95,65,22,3,2,0,92
5,M_ruthenica_zhiwusuo,M_ruthenica_zhiwusuo_Chr04,96,69,16,7,8,0,102
5,M_ruthenica_zhiwusuo,M_ruthenica_zhiwusuo_Chr04,97,72,17,1,5,0,95
5,M_ruthenica_zhiwusuo,M_ruthenica_zhiwusuo_Chr04,98,45,21,3,5,0,76
5,M_ruthenica_zhiwusuo,M_ruthenica_zhiwusuo_Chr04,99,18,10,1,1,0,30
5,M_ruthenica_zhiwusuo,M_ruthenica_zhiwusuo_Chr05,0,57,21,4,7,0,89
5,M_ruthenica_zhiwusuo,M_ruthenica_zhiwusuo_Chr05,1,69,25,2,5,0,101
5,M_ruthenica_zhiwusuo,M_ruthenica_zhiwusuo_Chr05,2,47,30,1,6,0,84
5,M_ruthenica_zhiwusuo,M_ruthenica_zhiwusuo_Chr05,3,56,16,2,7,0,81
5,M_ruthenica_zhiwusuo,M_ruthenica_zhiwusuo_Chr05,4,51,25,10,8,0,94
5,M_ruthenica_zhiwusuo,M_ruthenica_zhiwusuo_Chr05,5,51,26,4,2,0,83
5,M_ruthenica_zhiwusuo,M_ruthenica_zhiwusuo_Chr05,6,62,16,0,7,0,85
5,M_ruthenica_zhiwusuo,M_ruthenica_zhiwusuo_Chr05,7,57,12,1,6,0,76
5,M_ruthenica_zhiwusuo,M_ruthenica_zhiwusuo_Chr05,8,60,6,1,5,0,72
5,M_ruthenica_zhiwusuo,M_ruthenica_zhiwusuo_Chr05,9,46,12,2,4,0,64
5,M_ruthenica_zhiwusuo,M_ruthenica_zhiwusuo_Chr05,10,47,10,1,3,0,61
5,M_ruthenica_zhiwusuo,M_ruthenica_zhiwusuo_Chr05,11,63,13,1,5,0,82
5,M_ruthenica_zhiwusuo,M_ruthenica_zhiwusuo_Chr05,12,62,13,2,8,0,85
5,M_ruthenica_zhiwusuo,M_ruthenica_zhiwusuo_Chr05,13,57,24,4,4,0,89
5,M_ruthenica_zhiwusuo,M_ruthenica_zhiwusuo_Chr05,14,65,15,5,4,0,89
5,M_ruthenica_zhiwusuo,M_ruthenica_zhiwusuo_Chr05,15,56,21,4,7,0,88
5,M_ruthenica_zhiwusuo,M_ruthenica_zhiwusuo_Chr05,16,62,20,6,7,0,95
5,M_ruthenica_zhiwusuo,M_ruthenica_zhiwusuo_Chr05,17,62,14,1,3,0,80
5,M_ruthenica_zhiwusuo,M_ruthenica_zhiwusuo_Chr05,18,49,19,2,6,0,76
5,M_ruthenica_zhiwusuo,M_ruthenica_zhiwusuo_Chr05,19,60,12,4,6,0,82
5,M_ruthenica_zhiwusuo,M_ruthenica_zhiwusuo_Chr05,20,68,14,1,5,0,89
5,M_ruthenica_zhiwusuo,M_ruthenica_zhiwusuo_Chr05,21,53,11,4,4,0,72
5,M_ruthenica_zhiwusuo,M_ruthenica_zhiwusuo_Chr05,22,42,16,4,3,0,65
5,M_ruthenica_zhiwusuo,M_ruthenica_zhiwusuo_Chr05,23,52,17,2,1,0,72
5,M_ruthenica_zhiwusuo,M_ruthenica_zhiwusuo_Chr05,24,55,9,1,7,0,72
5,M_ruthenica_zhiwusuo,M_ruthenica_zhiwusuo_Chr05,25,40,14,4,1,0,59
5,M_ruthenica_zhiwusuo,M_ruthenica_zhiwusuo_Chr05,26,56,7,4,1,0,68
5,M_ruthenica_zhiwusuo,M_ruthenica_zhiwusuo_Chr05,27,62,5,2,5,0,74
5,M_ruthenica_zhiwusuo,M_ruthenica_zhiwusuo_Chr05,28,48,28,3,2,0,81
5,M_ruthenica_zhiwusuo,M_ruthenica_zhiwusuo_Chr05,29,47,16,2,5,0,70
5,M_ruthenica_zhiwusuo,M_ruthenica_zhiwusuo_Chr05,30,46,8,1,4,0,59
5,M_ruthenica_zhiwusuo,M_ruthenica_zhiwusuo_Chr05,31,39,8,5,8,0,60
5,M_ruthenica_zhiwusuo,M_ruthenica_zhiwusuo_Chr05,32,48,14,3,2,0,69
5,M_ruthenica_zhiwusuo,M_ruthenica_zhiwusuo_Chr05,33,51,9,8,5,0,74
5,M_ruthenica_zhiwusuo,M_ruthenica_zhiwusuo_Chr05,34,32,11,0,4,0,47
5,M_ruthenica_zhiwusuo,M_ruthenica_zhiwusuo_Chr05,35,49,12,1,7,0,71
5,M_ruthenica_zhiwusuo,M_ruthenica_zhiwusuo_Chr05,36,56,10,1,4,0,72
5,M_ruthenica_zhiwusuo,M_ruthenica_zhiwusuo_Chr05,37,45,11,2,3,0,61
5,M_ruthenica_zhiwusuo,M_ruthenica_zhiwusuo_Chr05,38,57,9,5,4,0,75
5,M_ruthenica_zhiwusuo,M_ruthenica_zhiwusuo_Chr05,39,57,10,2,3,0,72
5,M_ruthenica_zhiwusuo,M_ruthenica_zhiwusuo_Chr05,40,47,7,1,5,0,60
5,M_ruthenica_zhiwusuo,M_ruthenica_zhiwusuo_Chr05,41,53,15,1,4,0,73
5,M_ruthenica_zhiwusuo,M_ruthenica_zhiwusuo_Chr05,42,40,17,3,1,0,61
5,M_ruthenica_zhiwusuo,M_ruthenica_zhiwusuo_Chr05,43,52,9,2,8,0,71
5,M_ruthenica_zhiwusuo,M_ruthenica_zhiwusuo_Chr05,44,38,14,3,2,0,57
5,M_ruthenica_zhiwusuo,M_ruthenica_zhiwusuo_Chr05,45,42,8,1,3,0,54
5,M_ruthenica_zhiwusuo,M_ruthenica_zhiwusuo_Chr05,46,38,15,5,1,0,59
5,M_ruthenica_zhiwusuo,M_ruthenica_zhiwusuo_Chr05,47,31,10,4,1,0,46
5,M_ruthenica_zhiwusuo,M_ruthenica_zhiwusuo_Chr05,48,39,21,0,4,0,64
5,M_ruthenica_zhiwusuo,M_ruthenica_zhiwusuo_Chr05,49,51,12,5,1,0,69
5,M_ruthenica_zhiwusuo,M_ruthenica_zhiwusuo_Chr05,50,62,10,1,5,0,78
5,M_ruthenica_zhiwusuo,M_ruthenica_zhiwusuo_Chr05,51,48,11,2,12,0,73
5,M_ruthenica_zhiwusuo,M_ruthenica_zhiwusuo_Chr05,52,53,11,3,4,0,71
5,M_ruthenica_zhiwusuo,M_ruthenica_zhiwusuo_Chr05,53,45,10,1,3,0,59
5,M_ruthenica_zhiwusuo,M_ruthenica_zhiwusuo_Chr05,54,42,9,2,4,0,57
5,M_ruthenica_zhiwusuo,M_ruthenica_zhiwusuo_Chr05,55,45,10,4,3,0,62
5,M_ruthenica_zhiwusuo,M_ruthenica_zhiwusuo_Chr05,56,59,11,0,6,0,76
5,M_ruthenica_zhiwusuo,M_ruthenica_zhiwusuo_Chr05,57,47,9,3,1,0,60
5,M_ruthenica_zhiwusuo,M_ruthenica_zhiwusuo_Chr05,58,36,13,8,2,0,59
5,M_ruthenica_zhiwusuo,M_ruthenica_zhiwusuo_Chr05,59,39,5,4,5,0,53
5,M_ruthenica_zhiwusuo,M_ruthenica_zhiwusuo_Chr05,60,49,8,4,2,0,63
5,M_ruthenica_zhiwusuo,M_ruthenica_zhiwusuo_Chr05,61,34,19,4,1,0,58
5,M_ruthenica_zhiwusuo,M_ruthenica_zhiwusuo_Chr05,62,46,8,4,5,0,63
5,M_ruthenica_zhiwusuo,M_ruthenica_zhiwusuo_Chr05,63,49,12,2,3,0,66
5,M_ruthenica_zhiwusuo,M_ruthenica_zhiwusuo_Chr05,64,55,20,2,1,0,78
5,M_ruthenica_zhiwusuo,M_ruthenica_zhiwusuo_Chr05,65,44,13,7,4,0,68
5,M_ruthenica_zhiwusuo,M_ruthenica_zhiwusuo_Chr05,66,44,9,4,4,0,61
5,M_ruthenica_zhiwusuo,M_ruthenica_zhiwusuo_Chr05,67,47,15,4,0,0,70
5,M_ruthenica_zhiwusuo,M_ruthenica_zhiwusuo_Chr05,68,55,12,3,3,0,74
5,M_ruthenica_zhiwusuo,M_ruthenica_zhiwusuo_Chr05,69,50,7,8,7,0,72
5,M_ruthenica_zhiwusuo,M_ruthenica_zhiwusuo_Chr05,70,54,7,1,4,0,66
5,M_ruthenica_zhiwusuo,M_ruthenica_zhiwusuo_Chr05,71,38,21,4,6,0,69
5,M_ruthenica_zhiwusuo,M_ruthenica_zhiwusuo_Chr05,72,54,17,4,2,0,77
5,M_ruthenica_zhiwusuo,M_ruthenica_zhiwusuo_Chr05,73,49,10,8,5,0,72
5,M_ruthenica_zhiwusuo,M_ruthenica_zhiwusuo_Chr05,74,61,10,5,2,0,78
5,M_ruthenica_zhiwusuo,M_ruthenica_zhiwusuo_Chr05,75,36,18,2,3,0,59
5,M_ruthenica_zhiwusuo,M_ruthenica_zhiwusuo_Chr05,76,44,8,5,4,0,61
5,M_ruthenica_zhiwusuo,M_ruthenica_zhiwusuo_Chr05,77,55,12,5,7,0,79
5,M_ruthenica_zhiwusuo,M_ruthenica_zhiwusuo_Chr05,78,45,12,5,7,0,69
5,M_ruthenica_zhiwusuo,M_ruthenica_zhiwusuo_Chr05,79,51,10,3,3,0,67
5,M_ruthenica_zhiwusuo,M_ruthenica_zhiwusuo_Chr05,80,40,13,5,5,0,63
5,M_ruthenica_zhiwusuo,M_ruthenica_zhiwusuo_Chr05,81,50,18,5,3,0,78
5,M_ruthenica_zhiwusuo,M_ruthenica_zhiwusuo_Chr05,82,44,13,2,4,0,63
5,M_ruthenica_zhiwusuo,M_ruthenica_zhiwusuo_Chr05,83,49,24,11,8,0,93
5,M_ruthenica_zhiwusuo,M_ruthenica_zhiwusuo_Chr05,84,51,16,5,10,0,83
5,M_ruthenica_zhiwusuo,M_ruthenica_zhiwusuo_Chr05,85,42,11,3,8,0,66
5,M_ruthenica_zhiwusuo,M_ruthenica_zhiwusuo_Chr05,86,65,23,8,8,0,105
5,M_ruthenica_zhiwusuo,M_ruthenica_zhiwusuo_Chr05,87,61,22,3,7,0,93
5,M_ruthenica_zhiwusuo,M_ruthenica_zhiwusuo_Chr05,88,43,14,5,2,0,64
5,M_ruthenica_zhiwusuo,M_ruthenica_zhiwusuo_Chr05,89,38,18,3,2,0,61
5,M_ruthenica_zhiwusuo,M_ruthenica_zhiwusuo_Chr05,90,54,24,9,7,0,94
5,M_ruthenica_zhiwusuo,M_ruthenica_zhiwusuo_Chr05,91,67,19,4,3,0,95
5,M_ruthenica_zhiwusuo,M_ruthenica_zhiwusuo_Chr05,92,58,15,8,4,0,87
5,M_ruthenica_zhiwusuo,M_ruthenica_zhiwusuo_Chr05,93,54,26,2,5,0,87
5,M_ruthenica_zhiwusuo,M_ruthenica_zhiwusuo_Chr05,94,59,16,9,8,0,92
5,M_ruthenica_zhiwusuo,M_ruthenica_zhiwusuo_Chr05,95,53,20,7,2,0,82
5,M_ruthenica_zhiwusuo,M_ruthenica_zhiwusuo_Chr05,96,50,13,3,3,0,69
5,M_ruthenica_zhiwusuo,M_ruthenica_zhiwusuo_Chr05,97,28,9,6,0,0,44
5,M_ruthenica_zhiwusuo,M_ruthenica_zhiwusuo_Chr06,0,44,18,4,17,0,83
5,M_ruthenica_zhiwusuo,M_ruthenica_zhiwusuo_Chr06,1,47,7,5,3,0,65
5,M_ruthenica_zhiwusuo,M_ruthenica_zhiwusuo_Chr06,2,61,25,7,3,0,96
5,M_ruthenica_zhiwusuo,M_ruthenica_zhiwusuo_Chr06,3,38,16,3,6,0,63
5,M_ruthenica_zhiwusuo,M_ruthenica_zhiwusuo_Chr06,4,52,13,8,11,0,84
5,M_ruthenica_zhiwusuo,M_ruthenica_zhiwusuo_Chr06,5,60,13,7,4,0,84
5,M_ruthenica_zhiwusuo,M_ruthenica_zhiwusuo_Chr06,6,57,15,3,1,0,76
5,M_ruthenica_zhiwusuo,M_ruthenica_zhiwusuo_Chr06,7,53,12,1,2,0,68
5,M_ruthenica_zhiwusuo,M_ruthenica_zhiwusuo_Chr06,8,36,14,5,3,0,62
5,M_ruthenica_zhiwusuo,M_ruthenica_zhiwusuo_Chr06,9,51,15,7,4,0,79
5,M_ruthenica_zhiwusuo,M_ruthenica_zhiwusuo_Chr06,10,47,7,5,4,0,63
5,M_ruthenica_zhiwusuo,M_ruthenica_zhiwusuo_Chr06,11,51,12,3,6,0,72
5,M_ruthenica_zhiwusuo,M_ruthenica_zhiwusuo_Chr06,12,38,11,5,4,0,58
5,M_ruthenica_zhiwusuo,M_ruthenica_zhiwusuo_Chr06,13,30,17,4,1,0,52
5,M_ruthenica_zhiwusuo,M_ruthenica_zhiwusuo_Chr06,14,55,14,4,3,0,76
5,M_ruthenica_zhiwusuo,M_ruthenica_zhiwusuo_Chr06,15,53,11,7,7,0,78
5,M_ruthenica_zhiwusuo,M_ruthenica_zhiwusuo_Chr06,16,54,8,4,1,0,67
5,M_ruthenica_zhiwusuo,M_ruthenica_zhiwusuo_Chr06,17,50,11,3,4,0,68
5,M_ruthenica_zhiwusuo,M_ruthenica_zhiwusuo_Chr06,18,50,14,5,7,0,76
5,M_ruthenica_zhiwusuo,M_ruthenica_zhiwusuo_Chr06,19,50,10,4,6,0,70
5,M_ruthenica_zhiwusuo,M_ruthenica_zhiwusuo_Chr06,20,43,5,3,4,0,55
5,M_ruthenica_zhiwusuo,M_ruthenica_zhiwusuo_Chr06,21,49,11,3,2,0,65
5,M_ruthenica_zhiwusuo,M_ruthenica_zhiwusuo_Chr06,22,50,3,5,4,0,62
5,M_ruthenica_zhiwusuo,M_ruthenica_zhiwusuo_Chr06,23,53,13,3,3,0,72
5,M_ruthenica_zhiwusuo,M_ruthenica_zhiwusuo_Chr06,24,50,7,5,3,0,65
5,M_ruthenica_zhiwusuo,M_ruthenica_zhiwusuo_Chr06,25,50,7,3,2,0,62
5,M_ruthenica_zhiwusuo,M_ruthenica_zhiwusuo_Chr06,26,47,5,2,4,0,58
5,M_ruthenica_zhiwusuo,M_ruthenica_zhiwusuo_Chr06,27,45,2,5,5,0,57
5,M_ruthenica_zhiwusuo,M_ruthenica_zhiwusuo_Chr06,28,46,8,2,4,0,60
5,M_ruthenica_zhiwusuo,M_ruthenica_zhiwusuo_Chr06,29,41,10,4,4,0,59
5,M_ruthenica_zhiwusuo,M_ruthenica_zhiwusuo_Chr06,30,44,7,3,9,0,63
5,M_ruthenica_zhiwusuo,M_ruthenica_zhiwusuo_Chr06,31,46,7,4,5,0,62
5,M_ruthenica_zhiwusuo,M_ruthenica_zhiwusuo_Chr06,32,42,4,4,4,0,54
5,M_ruthenica_zhiwusuo,M_ruthenica_zhiwusuo_Chr06,33,58,3,3,4,0,68
5,M_ruthenica_zhiwusuo,M_ruthenica_zhiwusuo_Chr06,34,48,14,5,4,0,71
5,M_ruthenica_zhiwusuo,M_ruthenica_zhiwusuo_Chr06,35,33,11,4,1,0,49
5,M_ruthenica_zhiwusuo,M_ruthenica_zhiwusuo_Chr06,36,52,3,3,2,0,60
5,M_ruthenica_zhiwusuo,M_ruthenica_zhiwusuo_Chr06,37,38,10,8,6,0,62
5,M_ruthenica_zhiwusuo,M_ruthenica_zhiwusuo_Chr06,38,49,6,5,2,0,62
5,M_ruthenica_zhiwusuo,M_ruthenica_zhiwusuo_Chr06,39,58,5,6,6,0,75
5,M_ruthenica_zhiwusuo,M_ruthenica_zhiwusuo_Chr06,40,50,5,2,3,0,60
5,M_ruthenica_zhiwusuo,M_ruthenica_zhiwusuo_Chr06,41,54,7,2,5,0,68
5,M_ruthenica_zhiwusuo,M_ruthenica_zhiwusuo_Chr06,42,47,9,2,3,0,61
5,M_ruthenica_zhiwusuo,M_ruthenica_zhiwusuo_Chr06,43,49,12,4,4,0,69
5,M_ruthenica_zhiwusuo,M_ruthenica_zhiwusuo_Chr06,44,48,10,6,6,0,70
5,M_ruthenica_zhiwusuo,M_ruthenica_zhiwusuo_Chr06,45,52,4,2,4,0,62
5,M_ruthenica_zhiwusuo,M_ruthenica_zhiwusuo_Chr06,46,45,6,3,3,0,57
5,M_ruthenica_zhiwusuo,M_ruthenica_zhiwusuo_Chr06,47,44,2,3,1,0,50
5,M_ruthenica_zhiwusuo,M_ruthenica_zhiwusuo_Chr06,48,40,7,3,4,0,54
5,M_ruthenica_zhiwusuo,M_ruthenica_zhiwusuo_Chr06,49,48,5,4,4,0,61
5,M_ruthenica_zhiwusuo,M_ruthenica_zhiwusuo_Chr06,50,59,8,5,3,0,75
5,M_ruthenica_zhiwusuo,M_ruthenica_zhiwusuo_Chr06,51,49,12,1,8,0,70
5,M_ruthenica_zhiwusuo,M_ruthenica_zhiwusuo_Chr06,52,42,1,4,5,0,52
5,M_ruthenica_zhiwusuo,M_ruthenica_zhiwusuo_Chr06,53,44,9,3,4,0,60
5,M_ruthenica_zhiwusuo,M_ruthenica_zhiwusuo_Chr06,54,54,4,5,7,0,70
5,M_ruthenica_zhiwusuo,M_ruthenica_zhiwusuo_Chr06,55,40,14,2,7,0,63
5,M_ruthenica_zhiwusuo,M_ruthenica_zhiwusuo_Chr06,56,54,3,3,4,0,64
5,M_ruthenica_zhiwusuo,M_ruthenica_zhiwusuo_Chr06,57,44,16,1,5,0,66
5,M_ruthenica_zhiwusuo,M_ruthenica_zhiwusuo_Chr06,58,39,7,1,6,0,53
5,M_ruthenica_zhiwusuo,M_ruthenica_zhiwusuo_Chr06,59,47,7,7,11,0,72
5,M_ruthenica_zhiwusuo,M_ruthenica_zhiwusuo_Chr06,60,46,13,1,12,0,72
5,M_ruthenica_zhiwusuo,M_ruthenica_zhiwusuo_Chr06,61,42,5,3,10,0,60
5,M_ruthenica_zhiwusuo,M_ruthenica_zhiwusuo_Chr06,62,48,11,2,6,0,67
5,M_ruthenica_zhiwusuo,M_ruthenica_zhiwusuo_Chr06,63,30,16,3,2,0,51
5,M_ruthenica_zhiwusuo,M_ruthenica_zhiwusuo_Chr06,64,42,16,0,4,0,62
5,M_ruthenica_zhiwusuo,M_ruthenica_zhiwusuo_Chr06,65,53,8,2,9,0,72
5,M_ruthenica_zhiwusuo,M_ruthenica_zhiwusuo_Chr06,66,47,6,3,3,0,59
5,M_ruthenica_zhiwusuo,M_ruthenica_zhiwusuo_Chr06,67,37,4,5,4,0,50
5,M_ruthenica_zhiwusuo,M_ruthenica_zhiwusuo_Chr06,68,44,18,3,1,0,66
5,M_ruthenica_zhiwusuo,M_ruthenica_zhiwusuo_Chr06,69,40,13,4,4,0,61
5,M_ruthenica_zhiwusuo,M_ruthenica_zhiwusuo_Chr06,70,54,19,3,5,0,81
5,M_ruthenica_zhiwusuo,M_ruthenica_zhiwusuo_Chr06,71,45,8,2,5,0,60
5,M_ruthenica_zhiwusuo,M_ruthenica_zhiwusuo_Chr06,72,49,11,4,2,0,66
5,M_ruthenica_zhiwusuo,M_ruthenica_zhiwusuo_Chr06,73,58,15,1,9,0,83
5,M_ruthenica_zhiwusuo,M_ruthenica_zhiwusuo_Chr06,74,43,14,2,6,0,65
5,M_ruthenica_zhiwusuo,M_ruthenica_zhiwusuo_Chr06,75,56,17,4,8,0,85
5,M_ruthenica_zhiwusuo,M_ruthenica_zhiwusuo_Chr06,76,55,6,1,9,0,71
5,M_ruthenica_zhiwusuo,M_ruthenica_zhiwusuo_Chr06,77,48,23,2,2,0,77
5,M_ruthenica_zhiwusuo,M_ruthenica_zhiwusuo_Chr06,78,47,20,1,2,0,70
5,M_ruthenica_zhiwusuo,M_ruthenica_zhiwusuo_Chr06,79,50,18,8,4,0,82
5,M_ruthenica_zhiwusuo,M_ruthenica_zhiwusuo_Chr06,80,42,10,6,8,0,66
5,M_ruthenica_zhiwusuo,M_ruthenica_zhiwusuo_Chr06,81,56,10,3,5,0,74
5,M_ruthenica_zhiwusuo,M_ruthenica_zhiwusuo_Chr06,82,38,10,2,3,0,55
5,M_ruthenica_zhiwusuo,M_ruthenica_zhiwusuo_Chr06,83,43,13,9,6,0,72
5,M_ruthenica_zhiwusuo,M_ruthenica_zhiwusuo_Chr06,84,43,15,5,8,0,71
5,M_ruthenica_zhiwusuo,M_ruthenica_zhiwusuo_Chr06,85,54,18,2,5,0,80
5,M_ruthenica_zhiwusuo,M_ruthenica_zhiwusuo_Chr06,86,60,20,2,0,0,84
5,M_ruthenica_zhiwusuo,M_ruthenica_zhiwusuo_Chr06,87,53,14,4,3,0,75
5,M_ruthenica_zhiwusuo,M_ruthenica_zhiwusuo_Chr06,88,52,11,7,6,0,79
5,M_ruthenica_zhiwusuo,M_ruthenica_zhiwusuo_Chr06,89,65,11,4,10,0,98
5,M_ruthenica_zhiwusuo,M_ruthenica_zhiwusuo_Chr06,90,3,0,1,0,0,4
5,M_ruthenica_zhiwusuo,M_ruthenica_zhiwusuo_Chr07,0,51,15,3,2,0,71
5,M_ruthenica_zhiwusuo,M_ruthenica_zhiwusuo_Chr07,1,52,10,3,10,0,75
5,M_ruthenica_zhiwusuo,M_ruthenica_zhiwusuo_Chr07,2,57,10,6,8,0,81
5,M_ruthenica_zhiwusuo,M_ruthenica_zhiwusuo_Chr07,3,56,10,4,3,0,74
5,M_ruthenica_zhiwusuo,M_ruthenica_zhiwusuo_Chr07,4,42,13,2,5,0,62
5,M_ruthenica_zhiwusuo,M_ruthenica_zhiwusuo_Chr07,5,47,24,4,2,0,77
5,M_ruthenica_zhiwusuo,M_ruthenica_zhiwusuo_Chr07,6,62,11,9,5,0,87
5,M_ruthenica_zhiwusuo,M_ruthenica_zhiwusuo_Chr07,7,48,24,6,4,0,82
5,M_ruthenica_zhiwusuo,M_ruthenica_zhiwusuo_Chr07,8,41,10,3,7,0,61
5,M_ruthenica_zhiwusuo,M_ruthenica_zhiwusuo_Chr07,9,51,7,6,3,0,67
5,M_ruthenica_zhiwusuo,M_ruthenica_zhiwusuo_Chr07,10,49,10,9,5,0,73
5,M_ruthenica_zhiwusuo,M_ruthenica_zhiwusuo_Chr07,11,62,14,4,9,0,89
5,M_ruthenica_zhiwusuo,M_ruthenica_zhiwusuo_Chr07,12,56,10,5,10,0,81
5,M_ruthenica_zhiwusuo,M_ruthenica_zhiwusuo_Chr07,13,50,13,3,7,0,77
5,M_ruthenica_zhiwusuo,M_ruthenica_zhiwusuo_Chr07,14,42,13,0,1,0,59
5,M_ruthenica_zhiwusuo,M_ruthenica_zhiwusuo_Chr07,15,55,12,0,3,0,70
5,M_ruthenica_zhiwusuo,M_ruthenica_zhiwusuo_Chr07,16,37,10,3,3,0,55
5,M_ruthenica_zhiwusuo,M_ruthenica_zhiwusuo_Chr07,17,39,17,5,0,0,61
5,M_ruthenica_zhiwusuo,M_ruthenica_zhiwusuo_Chr07,18,53,12,3,9,0,77
5,M_ruthenica_zhiwusuo,M_ruthenica_zhiwusuo_Chr07,19,48,11,9,5,0,73
5,M_ruthenica_zhiwusuo,M_ruthenica_zhiwusuo_Chr07,20,45,4,3,5,0,57
5,M_ruthenica_zhiwusuo,M_ruthenica_zhiwusuo_Chr07,21,45,14,3,4,0,66
5,M_ruthenica_zhiwusuo,M_ruthenica_zhiwusuo_Chr07,22,50,19,2,4,0,76
5,M_ruthenica_zhiwusuo,M_ruthenica_zhiwusuo_Chr07,23,56,19,1,7,0,84
5,M_ruthenica_zhiwusuo,M_ruthenica_zhiwusuo_Chr07,24,52,11,3,3,0,69
5,M_ruthenica_zhiwusuo,M_ruthenica_zhiwusuo_Chr07,25,39,14,3,2,0,58
5,M_ruthenica_zhiwusuo,M_ruthenica_zhiwusuo_Chr07,26,38,17,4,2,0,61
5,M_ruthenica_zhiwusuo,M_ruthenica_zhiwusuo_Chr07,27,54,8,3,7,0,72
5,M_ruthenica_zhiwusuo,M_ruthenica_zhiwusuo_Chr07,28,42,9,1,1,0,53
5,M_ruthenica_zhiwusuo,M_ruthenica_zhiwusuo_Chr07,29,53,19,2,7,0,81
5,M_ruthenica_zhiwusuo,M_ruthenica_zhiwusuo_Chr07,30,43,7,1,3,0,54
5,M_ruthenica_zhiwusuo,M_ruthenica_zhiwusuo_Chr07,31,51,8,4,3,0,66
5,M_ruthenica_zhiwusuo,M_ruthenica_zhiwusuo_Chr07,32,63,10,3,2,0,79
5,M_ruthenica_zhiwusuo,M_ruthenica_zhiwusuo_Chr07,33,58,11,1,7,0,78
5,M_ruthenica_zhiwusuo,M_ruthenica_zhiwusuo_Chr07,34,52,10,1,1,0,64
5,M_ruthenica_zhiwusuo,M_ruthenica_zhiwusuo_Chr07,35,57,4,5,1,0,67
5,M_ruthenica_zhiwusuo,M_ruthenica_zhiwusuo_Chr07,36,49,14,7,8,0,78
5,M_ruthenica_zhiwusuo,M_ruthenica_zhiwusuo_Chr07,37,44,4,6,5,0,61
5,M_ruthenica_zhiwusuo,M_ruthenica_zhiwusuo_Chr07,38,43,9,0,2,0,54
5,M_ruthenica_zhiwusuo,M_ruthenica_zhiwusuo_Chr07,39,51,16,2,5,0,74
5,M_ruthenica_zhiwusuo,M_ruthenica_zhiwusuo_Chr07,40,50,13,6,5,0,74
5,M_ruthenica_zhiwusuo,M_ruthenica_zhiwusuo_Chr07,41,44,13,6,5,0,69
5,M_ruthenica_zhiwusuo,M_ruthenica_zhiwusuo_Chr07,42,45,2,4,4,0,55
5,M_ruthenica_zhiwusuo,M_ruthenica_zhiwusuo_Chr07,43,28,11,2,6,0,47
5,M_ruthenica_zhiwusuo,M_ruthenica_zhiwusuo_Chr07,44,44,24,5,3,0,76
5,M_ruthenica_zhiwusuo,M_ruthenica_zhiwusuo_Chr07,45,42,15,5,5,0,67
5,M_ruthenica_zhiwusuo,M_ruthenica_zhiwusuo_Chr07,46,49,24,1,6,0,81
5,M_ruthenica_zhiwusuo,M_ruthenica_zhiwusuo_Chr07,47,38,21,1,9,0,69
5,M_ruthenica_zhiwusuo,M_ruthenica_zhiwusuo_Chr07,48,53,13,5,3,0,77
5,M_ruthenica_zhiwusuo,M_ruthenica_zhiwusuo_Chr07,49,53,23,6,5,0,87
5,M_ruthenica_zhiwusuo,M_ruthenica_zhiwusuo_Chr07,50,60,15,3,4,0,82
5,M_ruthenica_zhiwusuo,M_ruthenica_zhiwusuo_Chr07,51,49,5,2,4,0,62
5,M_ruthenica_zhiwusuo,M_ruthenica_zhiwusuo_Chr07,52,46,12,7,5,0,72
5,M_ruthenica_zhiwusuo,M_ruthenica_zhiwusuo_Chr07,53,63,12,4,2,0,81
5,M_ruthenica_zhiwusuo,M_ruthenica_zhiwusuo_Chr07,54,57,11,2,7,0,77
5,M_ruthenica_zhiwusuo,M_ruthenica_zhiwusuo_Chr07,55,52,5,2,5,0,64
5,M_ruthenica_zhiwusuo,M_ruthenica_zhiwusuo_Chr07,56,33,13,2,2,0,50
5,M_ruthenica_zhiwusuo,M_ruthenica_zhiwusuo_Chr07,57,70,12,4,1,0,87
5,M_ruthenica_zhiwusuo,M_ruthenica_zhiwusuo_Chr07,58,50,14,4,8,0,76
5,M_ruthenica_zhiwusuo,M_ruthenica_zhiwusuo_Chr07,59,64,13,4,6,0,87
5,M_ruthenica_zhiwusuo,M_ruthenica_zhiwusuo_Chr07,60,53,17,3,8,0,81
5,M_ruthenica_zhiwusuo,M_ruthenica_zhiwusuo_Chr07,61,67,16,3,7,0,93
5,M_ruthenica_zhiwusuo,M_ruthenica_zhiwusuo_Chr07,62,60,14,6,6,0,86
5,M_ruthenica_zhiwusuo,M_ruthenica_zhiwusuo_Chr07,63,54,16,4,6,0,80
5,M_ruthenica_zhiwusuo,M_ruthenica_zhiwusuo_Chr07,64,47,40,3,3,0,95
5,M_ruthenica_zhiwusuo,M_ruthenica_zhiwusuo_Chr07,65,57,20,5,4,0,86
5,M_ruthenica_zhiwusuo,M_ruthenica_zhiwusuo_Chr07,66,42,9,4,5,0,61
5,M_ruthenica_zhiwusuo,M_ruthenica_zhiwusuo_Chr07,67,52,25,7,3,0,88
5,M_ruthenica_zhiwusuo,M_ruthenica_zhiwusuo_Chr07,68,43,25,6,2,0,76
5,M_ruthenica_zhiwusuo,M_ruthenica_zhiwusuo_Chr07,69,54,19,2,8,0,83
5,M_ruthenica_zhiwusuo,M_ruthenica_zhiwusuo_Chr07,70,52,23,3,2,0,80
5,M_ruthenica_zhiwusuo,M_ruthenica_zhiwusuo_Chr07,71,63,13,5,9,0,90
5,M_ruthenica_zhiwusuo,M_ruthenica_zhiwusuo_Chr07,72,65,17,5,7,0,94
5,M_ruthenica_zhiwusuo,M_ruthenica_zhiwusuo_Chr07,73,48,13,5,4,0,70
5,M_ruthenica_zhiwusuo,M_ruthenica_zhiwusuo_Chr07,74,55,10,2,6,0,74
5,M_ruthenica_zhiwusuo,M_ruthenica_zhiwusuo_Chr07,75,51,17,3,7,0,78
5,M_ruthenica_zhiwusuo,M_ruthenica_zhiwusuo_Chr07,76,54,22,2,2,0,80
5,M_ruthenica_zhiwusuo,M_ruthenica_zhiwusuo_Chr07,77,63,21,3,5,0,93
5,M_ruthenica_zhiwusuo,M_ruthenica_zhiwusuo_Chr07,78,56,11,2,12,0,81
5,M_ruthenica_zhiwusuo,M_ruthenica_zhiwusuo_Chr07,79,64,14,10,9,0,98
5,M_ruthenica_zhiwusuo,M_ruthenica_zhiwusuo_Chr07,80,49,25,6,7,0,89
5,M_ruthenica_zhiwusuo,M_ruthenica_zhiwusuo_Chr07,81,39,25,5,2,0,71
5,M_ruthenica_zhiwusuo,M_ruthenica_zhiwusuo_Chr07,82,59,18,3,8,0,88
5,M_ruthenica_zhiwusuo,M_ruthenica_zhiwusuo_Chr07,83,48,26,3,2,0,82
5,M_ruthenica_zhiwusuo,M_ruthenica_zhiwusuo_Chr07,84,48,31,7,6,0,92
5,M_ruthenica_zhiwusuo,M_ruthenica_zhiwusuo_Chr07,85,67,24,5,4,0,100
5,M_ruthenica_zhiwusuo,M_ruthenica_zhiwusuo_Chr07,86,56,10,1,2,0,69
5,M_ruthenica_zhiwusuo,M_ruthenica_zhiwusuo_Chr07,87,54,15,3,3,0,75
5,M_ruthenica_zhiwusuo,M_ruthenica_zhiwusuo_Chr07,88,60,16,4,2,0,82
5,M_ruthenica_zhiwusuo,M_ruthenica_zhiwusuo_Chr07,89,61,13,4,6,0,84
5,M_ruthenica_zhiwusuo,M_ruthenica_zhiwusuo_Chr07,90,62,19,0,5,0,86
5,M_ruthenica_zhiwusuo,M_ruthenica_zhiwusuo_Chr07,91,71,12,3,7,0,94
5,M_ruthenica_zhiwusuo,M_ruthenica_zhiwusuo_Chr07,92,59,19,7,8,0,94
5,M_ruthenica_zhiwusuo,M_ruthenica_zhiwusuo_Chr07,93,65,29,5,7,0,109
5,M_ruthenica_zhiwusuo,M_ruthenica_zhiwusuo_Chr07,94,64,30,5,6,0,105
5,M_ruthenica_zhiwusuo,M_ruthenica_zhiwusuo_Chr07,95,55,27,4,3,0,90
5,M_ruthenica_zhiwusuo,M_ruthenica_zhiwusuo_Chr07,96,57,15,7,6,0,87
5,M_ruthenica_zhiwusuo,M_ruthenica_zhiwusuo_Chr07,97,1,0,0,0,0,1
5,M_ruthenica_zhiwusuo,M_ruthenica_zhiwusuo_Chr08,0,44,12,3,4,0,63
5,M_ruthenica_zhiwusuo,M_ruthenica_zhiwusuo_Chr08,1,52,12,2,4,0,70
5,M_ruthenica_zhiwusuo,M_ruthenica_zhiwusuo_Chr08,2,60,7,4,4,0,75
5,M_ruthenica_zhiwusuo,M_ruthenica_zhiwusuo_Chr08,3,52,15,4,13,0,84
5,M_ruthenica_zhiwusuo,M_ruthenica_zhiwusuo_Chr08,4,53,21,3,7,0,84
5,M_ruthenica_zhiwusuo,M_ruthenica_zhiwusuo_Chr08,5,58,16,5,7,0,86
5,M_ruthenica_zhiwusuo,M_ruthenica_zhiwusuo_Chr08,6,47,23,8,4,0,82
5,M_ruthenica_zhiwusuo,M_ruthenica_zhiwusuo_Chr08,7,55,22,2,5,0,84
5,M_ruthenica_zhiwusuo,M_ruthenica_zhiwusuo_Chr08,8,53,13,4,7,0,77
5,M_ruthenica_zhiwusuo,M_ruthenica_zhiwusuo_Chr08,9,79,8,2,7,0,96
5,M_ruthenica_zhiwusuo,M_ruthenica_zhiwusuo_Chr08,10,70,8,3,8,0,89
5,M_ruthenica_zhiwusuo,M_ruthenica_zhiwusuo_Chr08,11,74,16,4,4,0,98
5,M_ruthenica_zhiwusuo,M_ruthenica_zhiwusuo_Chr08,12,57,9,6,5,0,77
5,M_ruthenica_zhiwusuo,M_ruthenica_zhiwusuo_Chr08,13,58,10,8,3,0,81
5,M_ruthenica_zhiwusuo,M_ruthenica_zhiwusuo_Chr08,14,50,10,4,2,0,66
5,M_ruthenica_zhiwusuo,M_ruthenica_zhiwusuo_Chr08,15,60,16,6,3,0,85
5,M_ruthenica_zhiwusuo,M_ruthenica_zhiwusuo_Chr08,16,58,10,6,3,0,81
5,M_ruthenica_zhiwusuo,M_ruthenica_zhiwusuo_Chr08,17,41,12,2,9,0,64
5,M_ruthenica_zhiwusuo,M_ruthenica_zhiwusuo_Chr08,18,52,15,6,3,0,76
5,M_ruthenica_zhiwusuo,M_ruthenica_zhiwusuo_Chr08,19,47,7,2,2,0,58
5,M_ruthenica_zhiwusuo,M_ruthenica_zhiwusuo_Chr08,20,64,11,4,4,0,85
5,M_ruthenica_zhiwusuo,M_ruthenica_zhiwusuo_Chr08,21,55,7,3,5,0,71
5,M_ruthenica_zhiwusuo,M_ruthenica_zhiwusuo_Chr08,22,55,4,4,5,0,72
5,M_ruthenica_zhiwusuo,M_ruthenica_zhiwusuo_Chr08,23,57,9,7,6,0,79
5,M_ruthenica_zhiwusuo,M_ruthenica_zhiwusuo_Chr08,24,55,4,2,3,0,64
5,M_ruthenica_zhiwusuo,M_ruthenica_zhiwusuo_Chr08,25,68,8,2,2,0,80
5,M_ruthenica_zhiwusuo,M_ruthenica_zhiwusuo_Chr08,26,64,10,1,5,0,81
5,M_ruthenica_zhiwusuo,M_ruthenica_zhiwusuo_Chr08,27,47,9,3,7,0,67
5,M_ruthenica_zhiwusuo,M_ruthenica_zhiwusuo_Chr08,28,48,5,4,8,0,65
5,M_ruthenica_zhiwusuo,M_ruthenica_zhiwusuo_Chr08,29,53,13,6,4,0,76
5,M_ruthenica_zhiwusuo,M_ruthenica_zhiwusuo_Chr08,30,53,14,0,2,0,69
5,M_ruthenica_zhiwusuo,M_ruthenica_zhiwusuo_Chr08,31,52,10,5,7,0,74
5,M_ruthenica_zhiwusuo,M_ruthenica_zhiwusuo_Chr08,32,70,8,3,4,0,85
5,M_ruthenica_zhiwusuo,M_ruthenica_zhiwusuo_Chr08,33,77,6,3,4,0,90
5,M_ruthenica_zhiwusuo,M_ruthenica_zhiwusuo_Chr08,34,52,8,0,2,0,62
5,M_ruthenica_zhiwusuo,M_ruthenica_zhiwusuo_Chr08,35,53,8,3,9,0,73
5,M_ruthenica_zhiwusuo,M_ruthenica_zhiwusuo_Chr08,36,63,14,2,2,0,81
5,M_ruthenica_zhiwusuo,M_ruthenica_zhiwusuo_Chr08,37,40,8,1,7,0,56
5,M_ruthenica_zhiwusuo,M_ruthenica_zhiwusuo_Chr08,38,43,14,2,2,0,61
5,M_ruthenica_zhiwusuo,M_ruthenica_zhiwusuo_Chr08,39,54,9,0,7,0,70
5,M_ruthenica_zhiwusuo,M_ruthenica_zhiwusuo_Chr08,40,50,8,2,5,0,65
5,M_ruthenica_zhiwusuo,M_ruthenica_zhiwusuo_Chr08,41,68,6,4,5,0,83
5,M_ruthenica_zhiwusuo,M_ruthenica_zhiwusuo_Chr08,42,54,8,2,3,0,67
5,M_ruthenica_zhiwusuo,M_ruthenica_zhiwusuo_Chr08,43,55,7,3,7,0,72
5,M_ruthenica_zhiwusuo,M_ruthenica_zhiwusuo_Chr08,44,57,7,2,3,0,69
5,M_ruthenica_zhiwusuo,M_ruthenica_zhiwusuo_Chr08,45,65,11,3,6,0,85
5,M_ruthenica_zhiwusuo,M_ruthenica_zhiwusuo_Chr08,46,47,3,2,3,0,55
5,M_ruthenica_zhiwusuo,M_ruthenica_zhiwusuo_Chr08,47,36,4,5,4,0,49
5,M_ruthenica_zhiwusuo,M_ruthenica_zhiwusuo_Chr08,48,49,8,4,0,0,61
5,M_ruthenica_zhiwusuo,M_ruthenica_zhiwusuo_Chr08,49,49,5,1,1,0,56
5,M_ruthenica_zhiwusuo,M_ruthenica_zhiwusuo_Chr08,50,43,10,3,4,0,60
5,M_ruthenica_zhiwusuo,M_ruthenica_zhiwusuo_Chr08,51,57,3,1,5,0,66
5,M_ruthenica_zhiwusuo,M_ruthenica_zhiwusuo_Chr08,52,49,3,1,4,0,57
5,M_ruthenica_zhiwusuo,M_ruthenica_zhiwusuo_Chr08,53,49,4,2,0,0,55
5,M_ruthenica_zhiwusuo,M_ruthenica_zhiwusuo_Chr08,54,52,6,1,6,0,65
5,M_ruthenica_zhiwusuo,M_ruthenica_zhiwusuo_Chr08,55,61,7,0,1,0,69
5,M_ruthenica_zhiwusuo,M_ruthenica_zhiwusuo_Chr08,56,53,8,3,4,0,68
5,M_ruthenica_zhiwusuo,M_ruthenica_zhiwusuo_Chr08,57,58,7,8,6,0,79
5,M_ruthenica_zhiwusuo,M_ruthenica_zhiwusuo_Chr08,58,45,9,3,6,0,63
5,M_ruthenica_zhiwusuo,M_ruthenica_zhiwusuo_Chr08,59,51,6,0,5,0,62
5,M_ruthenica_zhiwusuo,M_ruthenica_zhiwusuo_Chr08,60,47,9,9,4,0,69
5,M_ruthenica_zhiwusuo,M_ruthenica_zhiwusuo_Chr08,61,56,4,7,5,0,72
5,M_ruthenica_zhiwusuo,M_ruthenica_zhiwusuo_Chr08,62,58,8,6,2,0,74
5,M_ruthenica_zhiwusuo,M_ruthenica_zhiwusuo_Chr08,63,51,4,5,10,0,70
5,M_ruthenica_zhiwusuo,M_ruthenica_zhiwusuo_Chr08,64,63,8,4,3,0,78
5,M_ruthenica_zhiwusuo,M_ruthenica_zhiwusuo_Chr08,65,62,9,0,3,0,75
5,M_ruthenica_zhiwusuo,M_ruthenica_zhiwusuo_Chr08,66,58,8,8,4,0,78
5,M_ruthenica_zhiwusuo,M_ruthenica_zhiwusuo_Chr08,67,58,3,2,6,0,69
5,M_ruthenica_zhiwusuo,M_ruthenica_zhiwusuo_Chr08,68,70,3,5,5,0,84
5,M_ruthenica_zhiwusuo,M_ruthenica_zhiwusuo_Chr08,69,82,5,3,7,0,99
5,M_ruthenica_zhiwusuo,M_ruthenica_zhiwusuo_Chr08,70,63,9,1,5,0,80
5,M_ruthenica_zhiwusuo,M_ruthenica_zhiwusuo_Chr08,71,60,6,4,3,0,74
5,M_ruthenica_zhiwusuo,M_ruthenica_zhiwusuo_Chr08,72,57,8,0,3,0,68
5,M_ruthenica_zhiwusuo,M_ruthenica_zhiwusuo_Chr08,73,55,2,2,5,0,64
5,M_ruthenica_zhiwusuo,M_ruthenica_zhiwusuo_Chr08,74,50,5,1,4,0,61
5,M_ruthenica_zhiwusuo,M_ruthenica_zhiwusuo_Chr08,75,48,4,5,7,0,65
5,M_ruthenica_zhiwusuo,M_ruthenica_zhiwusuo_Chr08,76,58,7,3,4,0,73
5,M_ruthenica_zhiwusuo,M_ruthenica_zhiwusuo_Chr08,77,61,6,0,4,0,71
5,M_ruthenica_zhiwusuo,M_ruthenica_zhiwusuo_Chr08,78,69,9,3,3,0,86
5,M_ruthenica_zhiwusuo,M_ruthenica_zhiwusuo_Chr08,79,64,8,6,3,0,85
5,M_ruthenica_zhiwusuo,M_ruthenica_zhiwusuo_Chr08,80,58,7,6,6,0,80
5,M_ruthenica_zhiwusuo,M_ruthenica_zhiwusuo_Chr08,81,69,10,6,4,0,89
5,M_ruthenica_zhiwusuo,M_ruthenica_zhiwusuo_Chr08,82,71,5,2,6,0,85
5,M_ruthenica_zhiwusuo,M_ruthenica_zhiwusuo_Chr08,83,62,8,4,3,0,77
5,M_ruthenica_zhiwusuo,M_ruthenica_zhiwusuo_Chr08,84,80,8,3,5,0,96
5,M_ruthenica_zhiwusuo,M_ruthenica_zhiwusuo_Chr08,85,57,5,5,2,0,70
5,M_ruthenica_zhiwusuo,M_ruthenica_zhiwusuo_Chr08,86,61,2,6,6,0,76
5,M_ruthenica_zhiwusuo,M_ruthenica_zhiwusuo_Chr08,87,74,2,5,4,0,85
5,M_ruthenica_zhiwusuo,M_ruthenica_zhiwusuo_Chr08,88,72,7,9,5,0,93
5,M_ruthenica_zhiwusuo,M_ruthenica_zhiwusuo_Chr08,89,52,4,1,2,0,59
5,M_ruthenica_zhiwusuo,M_ruthenica_zhiwusuo_Chr08,90,68,10,10,9,0,97
5,M_ruthenica_zhiwusuo,M_ruthenica_zhiwusuo_Chr08,91,63,9,2,8,0,82
5,M_ruthenica_zhiwusuo,M_ruthenica_zhiwusuo_Chr08,92,55,12,4,6,0,77
5,M_ruthenica_zhiwusuo,M_ruthenica_zhiwusuo_Chr08,93,59,4,3,7,0,74
5,M_ruthenica_zhiwusuo,M_ruthenica_zhiwusuo_Chr08,94,77,11,4,8,0,102
5,M_ruthenica_zhiwusuo,M_ruthenica_zhiwusuo_Chr08,95,76,4,2,3,0,88
5,M_ruthenica_zhiwusuo,M_ruthenica_zhiwusuo_Chr08,96,70,10,7,6,0,96
5,M_ruthenica_zhiwusuo,M_ruthenica_zhiwusuo_Chr08,97,62,7,5,1,0,75
5,M_ruthenica_zhiwusuo,M_ruthenica_zhiwusuo_Chr08,98,70,7,3,5,0,85
5,M_ruthenica_zhiwusuo,M_ruthenica_zhiwusuo_Chr08,99,60,10,9,11,0,90
5,M_ruthenica_zhiwusuo,M_ruthenica_zhiwusuo_Chr08,100,49,5,8,17,0,79
5,M_ruthenica_zhiwusuo,M_ruthenica_zhiwusuo_Chr08,101,54,9,3,9,0,76
5,M_ruthenica_zhiwusuo,M_ruthenica_zhiwusuo_Chr08,102,37,8,6,9,0,60
5,M_ruthenica_zhiwusuo,M_ruthenica_zhiwusuo_Chr08,103,47,12,8,14,0,82
5,M_ruthenica_zhiwusuo,M_ruthenica_zhiwusuo_Chr08,104,58,13,3,16,0,90
5,M_ruthenica_zhiwusuo,M_ruthenica_zhiwusuo_Chr08,105,61,14,8,15,0,98
5,M_ruthenica_zhiwusuo,M_ruthenica_zhiwusuo_Chr08,106,51,5,10,18,0,85
5,M_ruthenica_zhiwusuo,M_ruthenica_zhiwusuo_Chr08,107,46,5,8,7,0,67
6,M_sativa_XJDY,M_sativa_XJDY_hap1_Chr01,0,0,0,0,0,0,304
6,M_sativa_XJDY,M_sativa_XJDY_hap1_Chr01,1,0,0,0,0,0,319
6,M_sativa_XJDY,M_sativa_XJDY_hap1_Chr01,2,0,0,0,0,0,343
6,M_sativa_XJDY,M_sativa_XJDY_hap1_Chr01,3,0,0,0,0,0,317
6,M_sativa_XJDY,M_sativa_XJDY_hap1_Chr01,4,0,0,0,0,0,309
6,M_sativa_XJDY,M_sativa_XJDY_hap1_Chr01,5,0,0,0,0,0,318
6,M_sativa_XJDY,M_sativa_XJDY_hap1_Chr01,6,0,0,0,0,0,296
6,M_sativa_XJDY,M_sativa_XJDY_hap1_Chr01,7,0,0,0,0,0,280
6,M_sativa_XJDY,M_sativa_XJDY_hap1_Chr01,8,0,0,0,0,0,320
6,M_sativa_XJDY,M_sativa_XJDY_hap1_Chr01,9,0,0,0,0,0,290
6,M_sativa_XJDY,M_sativa_XJDY_hap1_Chr01,10,0,0,0,0,0,298
6,M_sativa_XJDY,M_sativa_XJDY_hap1_Chr01,11,0,0,0,0,0,287
6,M_sativa_XJDY,M_sativa_XJDY_hap1_Chr01,12,0,0,0,0,0,282
6,M_sativa_XJDY,M_sativa_XJDY_hap1_Chr01,13,0,0,0,0,0,220
6,M_sativa_XJDY,M_sativa_XJDY_hap1_Chr01,14,0,0,0,0,0,212
6,M_sativa_XJDY,M_sativa_XJDY_hap1_Chr01,15,0,0,0,0,0,232
6,M_sativa_XJDY,M_sativa_XJDY_hap1_Chr01,16,0,0,0,0,0,285
6,M_sativa_XJDY,M_sativa_XJDY_hap1_Chr01,17,0,0,0,0,0,277
6,M_sativa_XJDY,M_sativa_XJDY_hap1_Chr01,18,0,0,0,0,0,284
6,M_sativa_XJDY,M_sativa_XJDY_hap1_Chr01,19,0,0,0,0,0,237
6,M_sativa_XJDY,M_sativa_XJDY_hap1_Chr01,20,0,0,0,0,0,273
6,M_sativa_XJDY,M_sativa_XJDY_hap1_Chr01,21,0,0,0,0,0,156
6,M_sativa_XJDY,M_sativa_XJDY_hap1_Chr01,22,0,0,0,0,0,178
6,M_sativa_XJDY,M_sativa_XJDY_hap1_Chr01,23,0,0,0,0,0,222
6,M_sativa_XJDY,M_sativa_XJDY_hap1_Chr01,24,0,0,0,0,0,216
6,M_sativa_XJDY,M_sativa_XJDY_hap1_Chr01,25,0,0,0,0,0,230
6,M_sativa_XJDY,M_sativa_XJDY_hap1_Chr01,26,0,0,0,0,0,232
6,M_sativa_XJDY,M_sativa_XJDY_hap1_Chr01,27,0,0,0,0,0,186
6,M_sativa_XJDY,M_sativa_XJDY_hap1_Chr01,28,0,0,0,0,0,204
6,M_sativa_XJDY,M_sativa_XJDY_hap1_Chr01,29,0,0,0,0,0,235
6,M_sativa_XJDY,M_sativa_XJDY_hap1_Chr01,30,0,0,0,0,0,191
6,M_sativa_XJDY,M_sativa_XJDY_hap1_Chr01,31,0,0,0,0,0,240
6,M_sativa_XJDY,M_sativa_XJDY_hap1_Chr01,32,0,0,0,0,0,198
6,M_sativa_XJDY,M_sativa_XJDY_hap1_Chr01,33,0,0,0,0,0,224
6,M_sativa_XJDY,M_sativa_XJDY_hap1_Chr01,34,0,0,0,0,0,221
6,M_sativa_XJDY,M_sativa_XJDY_hap1_Chr01,35,0,0,0,0,0,213
6,M_sativa_XJDY,M_sativa_XJDY_hap1_Chr01,36,0,0,0,0,0,230
6,M_sativa_XJDY,M_sativa_XJDY_hap1_Chr01,37,0,0,0,0,0,211
6,M_sativa_XJDY,M_sativa_XJDY_hap1_Chr01,38,0,0,0,0,0,224
6,M_sativa_XJDY,M_sativa_XJDY_hap1_Chr01,39,0,0,0,0,0,199
6,M_sativa_XJDY,M_sativa_XJDY_hap1_Chr01,40,0,0,0,0,0,199
6,M_sativa_XJDY,M_sativa_XJDY_hap1_Chr01,41,0,0,0,0,0,207
6,M_sativa_XJDY,M_sativa_XJDY_hap1_Chr01,42,0,0,0,0,0,177
6,M_sativa_XJDY,M_sativa_XJDY_hap1_Chr01,43,0,0,0,0,0,232
6,M_sativa_XJDY,M_sativa_XJDY_hap1_Chr01,44,0,0,0,0,0,213
6,M_sativa_XJDY,M_sativa_XJDY_hap1_Chr01,45,0,0,0,0,0,221
6,M_sativa_XJDY,M_sativa_XJDY_hap1_Chr01,46,0,0,0,0,0,267
6,M_sativa_XJDY,M_sativa_XJDY_hap1_Chr01,47,0,0,0,0,0,268
6,M_sativa_XJDY,M_sativa_XJDY_hap1_Chr01,48,0,0,0,0,0,277
6,M_sativa_XJDY,M_sativa_XJDY_hap1_Chr01,49,0,0,0,0,0,259
6,M_sativa_XJDY,M_sativa_XJDY_hap1_Chr01,50,0,0,0,0,0,279
6,M_sativa_XJDY,M_sativa_XJDY_hap1_Chr01,51,0,0,0,0,0,266
6,M_sativa_XJDY,M_sativa_XJDY_hap1_Chr01,52,0,0,0,0,0,273
6,M_sativa_XJDY,M_sativa_XJDY_hap1_Chr01,53,0,0,0,0,0,242
6,M_sativa_XJDY,M_sativa_XJDY_hap1_Chr01,54,0,0,0,0,0,243
6,M_sativa_XJDY,M_sativa_XJDY_hap1_Chr01,55,0,0,0,0,0,257
6,M_sativa_XJDY,M_sativa_XJDY_hap1_Chr01,56,0,0,0,0,0,313
6,M_sativa_XJDY,M_sativa_XJDY_hap1_Chr01,57,0,0,0,0,0,261
6,M_sativa_XJDY,M_sativa_XJDY_hap1_Chr01,58,0,0,0,0,0,297
6,M_sativa_XJDY,M_sativa_XJDY_hap1_Chr01,59,0,0,0,0,0,337
6,M_sativa_XJDY,M_sativa_XJDY_hap1_Chr01,60,0,0,0,0,0,296
6,M_sativa_XJDY,M_sativa_XJDY_hap1_Chr01,61,0,0,0,0,0,300
6,M_sativa_XJDY,M_sativa_XJDY_hap1_Chr01,62,0,0,0,0,0,309
6,M_sativa_XJDY,M_sativa_XJDY_hap1_Chr01,63,0,0,0,0,0,330
6,M_sativa_XJDY,M_sativa_XJDY_hap1_Chr01,64,0,0,0,0,0,310
6,M_sativa_XJDY,M_sativa_XJDY_hap1_Chr01,65,0,0,0,0,0,352
6,M_sativa_XJDY,M_sativa_XJDY_hap1_Chr01,66,0,0,0,0,0,316
6,M_sativa_XJDY,M_sativa_XJDY_hap1_Chr01,67,0,0,0,0,0,333
6,M_sativa_XJDY,M_sativa_XJDY_hap1_Chr01,68,0,0,0,0,0,315
6,M_sativa_XJDY,M_sativa_XJDY_hap1_Chr01,69,0,0,0,0,0,361
6,M_sativa_XJDY,M_sativa_XJDY_hap1_Chr01,70,0,0,0,0,0,307
6,M_sativa_XJDY,M_sativa_XJDY_hap1_Chr01,71,0,0,0,0,0,332
6,M_sativa_XJDY,M_sativa_XJDY_hap1_Chr01,72,0,0,0,0,0,320
6,M_sativa_XJDY,M_sativa_XJDY_hap1_Chr01,73,0,0,0,0,0,329
6,M_sativa_XJDY,M_sativa_XJDY_hap1_Chr01,74,0,0,0,0,0,329
6,M_sativa_XJDY,M_sativa_XJDY_hap1_Chr01,75,0,0,0,0,0,318
6,M_sativa_XJDY,M_sativa_XJDY_hap1_Chr01,76,0,0,0,0,0,331
6,M_sativa_XJDY,M_sativa_XJDY_hap1_Chr01,77,0,0,0,0,0,366
6,M_sativa_XJDY,M_sativa_XJDY_hap1_Chr01,78,0,0,0,0,0,310
6,M_sativa_XJDY,M_sativa_XJDY_hap1_Chr01,79,0,0,0,0,0,330
6,M_sativa_XJDY,M_sativa_XJDY_hap1_Chr01,80,0,0,0,0,0,274
6,M_sativa_XJDY,M_sativa_XJDY_hap1_Chr01,81,0,0,0,0,0,231
6,M_sativa_XJDY,M_sativa_XJDY_hap1_Chr01,82,0,0,0,0,0,215
6,M_sativa_XJDY,M_sativa_XJDY_hap1_Chr01,83,0,0,0,0,0,181
6,M_sativa_XJDY,M_sativa_XJDY_hap1_Chr01,84,0,0,0,0,0,175
6,M_sativa_XJDY,M_sativa_XJDY_hap1_Chr01,85,0,0,0,0,0,149
6,M_sativa_XJDY,M_sativa_XJDY_hap1_Chr01,86,0,0,0,0,0,169
6,M_sativa_XJDY,M_sativa_XJDY_hap1_Chr01,87,0,0,0,0,0,91
6,M_sativa_XJDY,M_sativa_XJDY_hap1_Chr01,88,0,0,0,0,0,67
6,M_sativa_XJDY,M_sativa_XJDY_hap1_Chr02,0,0,0,0,0,0,409
6,M_sativa_XJDY,M_sativa_XJDY_hap1_Chr02,1,0,0,0,0,0,323
6,M_sativa_XJDY,M_sativa_XJDY_hap1_Chr02,2,0,0,0,0,0,343
6,M_sativa_XJDY,M_sativa_XJDY_hap1_Chr02,3,0,0,0,0,0,361
6,M_sativa_XJDY,M_sativa_XJDY_hap1_Chr02,4,0,0,0,0,0,354
6,M_sativa_XJDY,M_sativa_XJDY_hap1_Chr02,5,0,0,0,0,0,323
6,M_sativa_XJDY,M_sativa_XJDY_hap1_Chr02,6,0,0,0,0,0,327
6,M_sativa_XJDY,M_sativa_XJDY_hap1_Chr02,7,0,0,0,0,0,315
6,M_sativa_XJDY,M_sativa_XJDY_hap1_Chr02,8,0,0,0,0,0,312
6,M_sativa_XJDY,M_sativa_XJDY_hap1_Chr02,9,0,0,0,0,0,333
6,M_sativa_XJDY,M_sativa_XJDY_hap1_Chr02,10,0,0,0,0,0,271
6,M_sativa_XJDY,M_sativa_XJDY_hap1_Chr02,11,0,0,0,0,0,286
6,M_sativa_XJDY,M_sativa_XJDY_hap1_Chr02,12,0,0,0,0,0,310
6,M_sativa_XJDY,M_sativa_XJDY_hap1_Chr02,13,0,0,0,0,0,292
6,M_sativa_XJDY,M_sativa_XJDY_hap1_Chr02,14,0,0,0,0,0,258
6,M_sativa_XJDY,M_sativa_XJDY_hap1_Chr02,15,0,0,0,0,0,268
6,M_sativa_XJDY,M_sativa_XJDY_hap1_Chr02,16,0,0,0,0,0,245
6,M_sativa_XJDY,M_sativa_XJDY_hap1_Chr02,17,0,0,0,0,0,254
6,M_sativa_XJDY,M_sativa_XJDY_hap1_Chr02,18,0,0,0,0,0,246
6,M_sativa_XJDY,M_sativa_XJDY_hap1_Chr02,19,0,0,0,0,0,248
6,M_sativa_XJDY,M_sativa_XJDY_hap1_Chr02,20,0,0,0,0,0,271
6,M_sativa_XJDY,M_sativa_XJDY_hap1_Chr02,21,0,0,0,0,0,260
6,M_sativa_XJDY,M_sativa_XJDY_hap1_Chr02,22,0,0,0,0,0,271
6,M_sativa_XJDY,M_sativa_XJDY_hap1_Chr02,23,0,0,0,0,0,231
6,M_sativa_XJDY,M_sativa_XJDY_hap1_Chr02,24,0,0,0,0,0,198
6,M_sativa_XJDY,M_sativa_XJDY_hap1_Chr02,25,0,0,0,0,0,202
6,M_sativa_XJDY,M_sativa_XJDY_hap1_Chr02,26,0,0,0,0,0,204
6,M_sativa_XJDY,M_sativa_XJDY_hap1_Chr02,27,0,0,0,0,0,193
6,M_sativa_XJDY,M_sativa_XJDY_hap1_Chr02,28,0,0,0,0,0,192
6,M_sativa_XJDY,M_sativa_XJDY_hap1_Chr02,29,0,0,0,0,0,204
6,M_sativa_XJDY,M_sativa_XJDY_hap1_Chr02,30,0,0,0,0,0,175
6,M_sativa_XJDY,M_sativa_XJDY_hap1_Chr02,31,0,0,0,0,0,211
6,M_sativa_XJDY,M_sativa_XJDY_hap1_Chr02,32,0,0,0,0,0,156
6,M_sativa_XJDY,M_sativa_XJDY_hap1_Chr02,33,0,0,0,0,0,195
6,M_sativa_XJDY,M_sativa_XJDY_hap1_Chr02,34,0,0,0,0,0,199
6,M_sativa_XJDY,M_sativa_XJDY_hap1_Chr02,35,0,0,0,0,0,194
6,M_sativa_XJDY,M_sativa_XJDY_hap1_Chr02,36,0,0,0,0,0,174
6,M_sativa_XJDY,M_sativa_XJDY_hap1_Chr02,37,0,0,0,0,0,178
6,M_sativa_XJDY,M_sativa_XJDY_hap1_Chr02,38,0,0,0,0,0,155
6,M_sativa_XJDY,M_sativa_XJDY_hap1_Chr02,39,0,0,0,0,0,184
6,M_sativa_XJDY,M_sativa_XJDY_hap1_Chr02,40,0,0,0,0,0,220
6,M_sativa_XJDY,M_sativa_XJDY_hap1_Chr02,41,0,0,0,0,0,201
6,M_sativa_XJDY,M_sativa_XJDY_hap1_Chr02,42,0,0,0,0,0,133
6,M_sativa_XJDY,M_sativa_XJDY_hap1_Chr02,43,0,0,0,0,0,188
6,M_sativa_XJDY,M_sativa_XJDY_hap1_Chr02,44,0,0,0,0,0,250
6,M_sativa_XJDY,M_sativa_XJDY_hap1_Chr02,45,0,0,0,0,0,224
6,M_sativa_XJDY,M_sativa_XJDY_hap1_Chr02,46,0,0,0,0,0,226
6,M_sativa_XJDY,M_sativa_XJDY_hap1_Chr02,47,0,0,0,0,0,201
6,M_sativa_XJDY,M_sativa_XJDY_hap1_Chr02,48,0,0,0,0,0,188
6,M_sativa_XJDY,M_sativa_XJDY_hap1_Chr02,49,0,0,0,0,0,229
6,M_sativa_XJDY,M_sativa_XJDY_hap1_Chr02,50,0,0,0,0,0,246
6,M_sativa_XJDY,M_sativa_XJDY_hap1_Chr02,51,0,0,0,0,0,217
6,M_sativa_XJDY,M_sativa_XJDY_hap1_Chr02,52,0,0,0,0,0,201
6,M_sativa_XJDY,M_sativa_XJDY_hap1_Chr02,53,0,0,0,0,0,214
6,M_sativa_XJDY,M_sativa_XJDY_hap1_Chr02,54,0,0,0,0,0,223
6,M_sativa_XJDY,M_sativa_XJDY_hap1_Chr02,55,0,0,0,0,0,230
6,M_sativa_XJDY,M_sativa_XJDY_hap1_Chr02,56,0,0,0,0,0,258
6,M_sativa_XJDY,M_sativa_XJDY_hap1_Chr02,57,0,0,0,0,0,257
6,M_sativa_XJDY,M_sativa_XJDY_hap1_Chr02,58,0,0,0,0,0,309
6,M_sativa_XJDY,M_sativa_XJDY_hap1_Chr02,59,0,0,0,0,0,259
6,M_sativa_XJDY,M_sativa_XJDY_hap1_Chr02,60,0,0,0,0,0,281
6,M_sativa_XJDY,M_sativa_XJDY_hap1_Chr02,61,0,0,0,0,0,268
6,M_sativa_XJDY,M_sativa_XJDY_hap1_Chr02,62,0,0,0,0,0,300
6,M_sativa_XJDY,M_sativa_XJDY_hap1_Chr02,63,0,0,0,0,0,253
6,M_sativa_XJDY,M_sativa_XJDY_hap1_Chr02,64,0,0,0,0,0,325
6,M_sativa_XJDY,M_sativa_XJDY_hap1_Chr02,65,0,0,0,0,0,311
6,M_sativa_XJDY,M_sativa_XJDY_hap1_Chr02,66,0,0,0,0,0,305
6,M_sativa_XJDY,M_sativa_XJDY_hap1_Chr02,67,0,0,0,0,0,300
6,M_sativa_XJDY,M_sativa_XJDY_hap1_Chr02,68,0,0,0,0,0,276
6,M_sativa_XJDY,M_sativa_XJDY_hap1_Chr02,69,0,0,0,0,0,327
6,M_sativa_XJDY,M_sativa_XJDY_hap1_Chr02,70,0,0,0,0,0,352
6,M_sativa_XJDY,M_sativa_XJDY_hap1_Chr02,71,0,0,0,0,0,338
6,M_sativa_XJDY,M_sativa_XJDY_hap1_Chr02,72,0,0,0,0,0,366
6,M_sativa_XJDY,M_sativa_XJDY_hap1_Chr02,73,0,0,0,0,0,300
6,M_sativa_XJDY,M_sativa_XJDY_hap1_Chr02,74,0,0,0,0,0,273
6,M_sativa_XJDY,M_sativa_XJDY_hap1_Chr02,75,0,0,0,0,0,239
6,M_sativa_XJDY,M_sativa_XJDY_hap1_Chr02,76,0,0,0,0,0,104
6,M_sativa_XJDY,M_sativa_XJDY_hap1_Chr03,0,0,0,0,37,0,191
6,M_sativa_XJDY,M_sativa_XJDY_hap1_Chr03,1,1,0,0,74,0,253
6,M_sativa_XJDY,M_sativa_XJDY_hap1_Chr03,2,1,0,2,60,0,238
6,M_sativa_XJDY,M_sativa_XJDY_hap1_Chr03,3,1,0,1,73,0,273
6,M_sativa_XJDY,M_sativa_XJDY_hap1_Chr03,4,0,0,1,73,0,251
6,M_sativa_XJDY,M_sativa_XJDY_hap1_Chr03,5,0,0,1,66,0,222
6,M_sativa_XJDY,M_sativa_XJDY_hap1_Chr03,6,0,0,0,64,0,250
6,M_sativa_XJDY,M_sativa_XJDY_hap1_Chr03,7,2,0,2,58,0,211
6,M_sativa_XJDY,M_sativa_XJDY_hap1_Chr03,8,0,0,0,72,0,239
6,M_sativa_XJDY,M_sativa_XJDY_hap1_Chr03,9,1,0,0,70,0,259
6,M_sativa_XJDY,M_sativa_XJDY_hap1_Chr03,10,0,0,1,79,0,233
6,M_sativa_XJDY,M_sativa_XJDY_hap1_Chr03,11,1,0,1,63,0,232
6,M_sativa_XJDY,M_sativa_XJDY_hap1_Chr03,12,0,1,1,83,0,242
6,M_sativa_XJDY,M_sativa_XJDY_hap1_Chr03,13,1,0,1,74,0,225
6,M_sativa_XJDY,M_sativa_XJDY_hap1_Chr03,14,1,1,0,50,0,144
6,M_sativa_XJDY,M_sativa_XJDY_hap1_Chr03,15,0,0,1,51,0,168
6,M_sativa_XJDY,M_sativa_XJDY_hap1_Chr03,16,0,0,0,69,0,197
6,M_sativa_XJDY,M_sativa_XJDY_hap1_Chr03,17,1,0,0,52,0,165
6,M_sativa_XJDY,M_sativa_XJDY_hap1_Chr03,18,0,0,0,61,0,197
6,M_sativa_XJDY,M_sativa_XJDY_hap1_Chr03,19,0,0,0,32,0,141
6,M_sativa_XJDY,M_sativa_XJDY_hap1_Chr03,20,0,0,0,35,0,172
6,M_sativa_XJDY,M_sativa_XJDY_hap1_Chr03,21,1,1,1,38,0,169
6,M_sativa_XJDY,M_sativa_XJDY_hap1_Chr03,22,1,0,2,54,0,185
6,M_sativa_XJDY,M_sativa_XJDY_hap1_Chr03,23,0,1,0,60,0,208
6,M_sativa_XJDY,M_sativa_XJDY_hap1_Chr03,24,1,0,1,80,0,224
6,M_sativa_XJDY,M_sativa_XJDY_hap1_Chr03,25,0,0,1,60,0,203
6,M_sativa_XJDY,M_sativa_XJDY_hap1_Chr03,26,2,0,1,55,0,198
6,M_sativa_XJDY,M_sativa_XJDY_hap1_Chr03,27,0,1,0,43,0,142
6,M_sativa_XJDY,M_sativa_XJDY_hap1_Chr03,28,0,0,0,37,0,157
6,M_sativa_XJDY,M_sativa_XJDY_hap1_Chr03,29,1,0,0,40,0,126
6,M_sativa_XJDY,M_sativa_XJDY_hap1_Chr03,30,0,0,0,63,0,194
6,M_sativa_XJDY,M_sativa_XJDY_hap1_Chr03,31,1,0,2,38,0,177
6,M_sativa_XJDY,M_sativa_XJDY_hap1_Chr03,32,0,0,0,36,0,184
6,M_sativa_XJDY,M_sativa_XJDY_hap1_Chr03,33,0,0,0,35,0,180
6,M_sativa_XJDY,M_sativa_XJDY_hap1_Chr03,34,2,0,0,34,0,121
6,M_sativa_XJDY,M_sativa_XJDY_hap1_Chr03,35,1,1,2,45,0,154
6,M_sativa_XJDY,M_sativa_XJDY_hap1_Chr03,36,0,0,0,49,0,178
6,M_sativa_XJDY,M_sativa_XJDY_hap1_Chr03,37,0,0,1,65,0,210
6,M_sativa_XJDY,M_sativa_XJDY_hap1_Chr03,38,0,0,0,35,0,187
6,M_sativa_XJDY,M_sativa_XJDY_hap1_Chr03,39,0,0,0,51,0,205
6,M_sativa_XJDY,M_sativa_XJDY_hap1_Chr03,40,2,0,0,65,0,231
6,M_sativa_XJDY,M_sativa_XJDY_hap1_Chr03,41,0,0,0,38,0,188
6,M_sativa_XJDY,M_sativa_XJDY_hap1_Chr03,42,2,1,0,68,0,201
6,M_sativa_XJDY,M_sativa_XJDY_hap1_Chr03,43,1,0,2,58,0,199
6,M_sativa_XJDY,M_sativa_XJDY_hap1_Chr03,44,0,0,0,65,0,244
6,M_sativa_XJDY,M_sativa_XJDY_hap1_Chr03,45,0,0,1,50,0,212
6,M_sativa_XJDY,M_sativa_XJDY_hap1_Chr03,46,0,0,2,58,0,244
6,M_sativa_XJDY,M_sativa_XJDY_hap1_Chr03,47,3,0,0,50,0,195
6,M_sativa_XJDY,M_sativa_XJDY_hap1_Chr03,48,1,0,0,87,0,234
6,M_sativa_XJDY,M_sativa_XJDY_hap1_Chr03,49,0,0,0,88,0,243
6,M_sativa_XJDY,M_sativa_XJDY_hap1_Chr03,50,1,0,2,75,0,220
6,M_sativa_XJDY,M_sativa_XJDY_hap1_Chr03,51,2,0,1,63,0,231
6,M_sativa_XJDY,M_sativa_XJDY_hap1_Chr03,52,0,0,3,59,0,254
6,M_sativa_XJDY,M_sativa_XJDY_hap1_Chr03,53,1,0,2,53,0,243
6,M_sativa_XJDY,M_sativa_XJDY_hap1_Chr03,54,0,0,0,67,0,240
6,M_sativa_XJDY,M_sativa_XJDY_hap1_Chr03,55,0,0,1,72,0,229
6,M_sativa_XJDY,M_sativa_XJDY_hap1_Chr03,56,0,0,1,89,0,308
6,M_sativa_XJDY,M_sativa_XJDY_hap1_Chr03,57,0,0,0,73,0,269
6,M_sativa_XJDY,M_sativa_XJDY_hap1_Chr03,58,0,0,1,89,0,288
6,M_sativa_XJDY,M_sativa_XJDY_hap1_Chr03,59,0,0,2,57,0,272
6,M_sativa_XJDY,M_sativa_XJDY_hap1_Chr03,60,1,1,0,84,0,284
6,M_sativa_XJDY,M_sativa_XJDY_hap1_Chr03,61,0,0,1,63,0,252
6,M_sativa_XJDY,M_sativa_XJDY_hap1_Chr03,62,1,0,1,62,0,275
6,M_sativa_XJDY,M_sativa_XJDY_hap1_Chr03,63,2,0,1,84,0,276
6,M_sativa_XJDY,M_sativa_XJDY_hap1_Chr03,64,1,0,0,84,0,317
6,M_sativa_XJDY,M_sativa_XJDY_hap1_Chr03,65,0,0,0,89,0,317
6,M_sativa_XJDY,M_sativa_XJDY_hap1_Chr03,66,0,0,0,102,0,325
6,M_sativa_XJDY,M_sativa_XJDY_hap1_Chr03,67,1,0,0,81,0,271
6,M_sativa_XJDY,M_sativa_XJDY_hap1_Chr03,68,0,1,0,87,0,315
6,M_sativa_XJDY,M_sativa_XJDY_hap1_Chr03,69,1,0,0,122,0,350
6,M_sativa_XJDY,M_sativa_XJDY_hap1_Chr03,70,0,0,0,166,0,353
6,M_sativa_XJDY,M_sativa_XJDY_hap1_Chr03,71,2,0,0,162,0,376
6,M_sativa_XJDY,M_sativa_XJDY_hap1_Chr03,72,0,0,0,153,0,363
6,M_sativa_XJDY,M_sativa_XJDY_hap1_Chr03,73,0,0,0,169,0,364
6,M_sativa_XJDY,M_sativa_XJDY_hap1_Chr03,74,0,0,0,146,0,339
6,M_sativa_XJDY,M_sativa_XJDY_hap1_Chr03,75,3,0,0,167,0,370
6,M_sativa_XJDY,M_sativa_XJDY_hap1_Chr03,76,0,0,2,145,0,344
6,M_sativa_XJDY,M_sativa_XJDY_hap1_Chr03,77,0,0,0,163,0,374
6,M_sativa_XJDY,M_sativa_XJDY_hap1_Chr03,78,0,0,2,175,0,368
6,M_sativa_XJDY,M_sativa_XJDY_hap1_Chr03,79,0,0,0,207,0,408
6,M_sativa_XJDY,M_sativa_XJDY_hap1_Chr03,80,1,0,0,176,0,394
6,M_sativa_XJDY,M_sativa_XJDY_hap1_Chr03,81,2,0,0,157,0,377
6,M_sativa_XJDY,M_sativa_XJDY_hap1_Chr03,82,1,0,0,157,0,370
6,M_sativa_XJDY,M_sativa_XJDY_hap1_Chr03,83,0,0,1,162,0,368
6,M_sativa_XJDY,M_sativa_XJDY_hap1_Chr03,84,0,0,1,162,0,362
6,M_sativa_XJDY,M_sativa_XJDY_hap1_Chr03,85,2,0,2,152,0,370
6,M_sativa_XJDY,M_sativa_XJDY_hap1_Chr03,86,2,0,1,179,0,378
6,M_sativa_XJDY,M_sativa_XJDY_hap1_Chr03,87,1,0,1,172,0,399
6,M_sativa_XJDY,M_sativa_XJDY_hap1_Chr03,88,0,0,1,157,0,346
6,M_sativa_XJDY,M_sativa_XJDY_hap1_Chr03,89,1,1,0,157,0,356
6,M_sativa_XJDY,M_sativa_XJDY_hap1_Chr03,90,2,0,2,162,0,346
6,M_sativa_XJDY,M_sativa_XJDY_hap1_Chr03,91,0,1,1,175,0,390
6,M_sativa_XJDY,M_sativa_XJDY_hap1_Chr03,92,0,0,2,154,0,369
6,M_sativa_XJDY,M_sativa_XJDY_hap1_Chr03,93,0,0,0,33,0,235
6,M_sativa_XJDY,M_sativa_XJDY_hap1_Chr03,94,0,0,0,0,0,173
6,M_sativa_XJDY,M_sativa_XJDY_hap1_Chr03,95,0,0,0,0,0,181
6,M_sativa_XJDY,M_sativa_XJDY_hap1_Chr03,96,0,0,0,0,0,106
6,M_sativa_XJDY,M_sativa_XJDY_hap1_Chr03,97,0,0,0,0,0,93
6,M_sativa_XJDY,M_sativa_XJDY_hap1_Chr03,98,0,0,0,0,0,95
6,M_sativa_XJDY,M_sativa_XJDY_hap1_Chr03,99,0,0,0,0,0,84
6,M_sativa_XJDY,M_sativa_XJDY_hap1_Chr03,100,0,0,0,0,0,38
6,M_sativa_XJDY,M_sativa_XJDY_hap1_Chr04,0,24,15,10,116,0,258
6,M_sativa_XJDY,M_sativa_XJDY_hap1_Chr04,1,34,17,10,171,0,338
6,M_sativa_XJDY,M_sativa_XJDY_hap1_Chr04,2,31,18,20,106,0,258
6,M_sativa_XJDY,M_sativa_XJDY_hap1_Chr04,3,29,5,8,104,0,240
6,M_sativa_XJDY,M_sativa_XJDY_hap1_Chr04,4,38,7,8,128,0,260
6,M_sativa_XJDY,M_sativa_XJDY_hap1_Chr04,5,27,20,11,109,0,266
6,M_sativa_XJDY,M_sativa_XJDY_hap1_Chr04,6,31,11,11,158,0,300
6,M_sativa_XJDY,M_sativa_XJDY_hap1_Chr04,7,27,12,22,130,0,278
6,M_sativa_XJDY,M_sativa_XJDY_hap1_Chr04,8,41,7,19,107,0,269
6,M_sativa_XJDY,M_sativa_XJDY_hap1_Chr04,9,33,11,17,101,0,233
6,M_sativa_XJDY,M_sativa_XJDY_hap1_Chr04,10,34,14,11,116,0,272
6,M_sativa_XJDY,M_sativa_XJDY_hap1_Chr04,11,26,21,12,113,0,247
6,M_sativa_XJDY,M_sativa_XJDY_hap1_Chr04,12,31,14,19,146,0,281
6,M_sativa_XJDY,M_sativa_XJDY_hap1_Chr04,13,38,5,13,115,0,254
6,M_sativa_XJDY,M_sativa_XJDY_hap1_Chr04,14,41,15,11,118,0,270
6,M_sativa_XJDY,M_sativa_XJDY_hap1_Chr04,15,33,11,12,114,0,228
6,M_sativa_XJDY,M_sativa_XJDY_hap1_Chr04,16,32,4,18,92,0,202
6,M_sativa_XJDY,M_sativa_XJDY_hap1_Chr04,17,39,8,11,109,0,244
6,M_sativa_XJDY,M_sativa_XJDY_hap1_Chr04,18,23,5,15,75,0,189
6,M_sativa_XJDY,M_sativa_XJDY_hap1_Chr04,19,39,4,8,102,0,251
6,M_sativa_XJDY,M_sativa_XJDY_hap1_Chr04,20,21,10,8,117,0,232
6,M_sativa_XJDY,M_sativa_XJDY_hap1_Chr04,21,25,1,27,103,0,242
6,M_sativa_XJDY,M_sativa_XJDY_hap1_Chr04,22,21,6,10,98,0,202
6,M_sativa_XJDY,M_sativa_XJDY_hap1_Chr04,23,30,9,10,102,0,221
6,M_sativa_XJDY,M_sativa_XJDY_hap1_Chr04,24,20,9,1,77,0,171
6,M_sativa_XJDY,M_sativa_XJDY_hap1_Chr04,25,24,9,3,110,0,197
6,M_sativa_XJDY,M_sativa_XJDY_hap1_Chr04,26,20,4,5,71,0,172
6,M_sativa_XJDY,M_sativa_XJDY_hap1_Chr04,27,17,10,4,94,0,192
6,M_sativa_XJDY,M_sativa_XJDY_hap1_Chr04,28,21,6,13,102,0,212
6,M_sativa_XJDY,M_sativa_XJDY_hap1_Chr04,29,20,13,5,72,0,181
6,M_sativa_XJDY,M_sativa_XJDY_hap1_Chr04,30,16,6,11,80,0,184
6,M_sativa_XJDY,M_sativa_XJDY_hap1_Chr04,31,23,10,7,57,0,140
6,M_sativa_XJDY,M_sativa_XJDY_hap1_Chr04,32,29,8,5,84,0,187
6,M_sativa_XJDY,M_sativa_XJDY_hap1_Chr04,33,24,6,2,73,0,166
6,M_sativa_XJDY,M_sativa_XJDY_hap1_Chr04,34,17,2,3,46,0,106
6,M_sativa_XJDY,M_sativa_XJDY_hap1_Chr04,35,18,15,7,61,0,165
6,M_sativa_XJDY,M_sativa_XJDY_hap1_Chr04,36,28,10,11,92,0,208
6,M_sativa_XJDY,M_sativa_XJDY_hap1_Chr04,37,12,3,6,95,0,172
6,M_sativa_XJDY,M_sativa_XJDY_hap1_Chr04,38,23,4,6,89,0,191
6,M_sativa_XJDY,M_sativa_XJDY_hap1_Chr04,39,25,10,7,110,0,229
6,M_sativa_XJDY,M_sativa_XJDY_hap1_Chr04,40,23,7,7,122,0,236
6,M_sativa_XJDY,M_sativa_XJDY_hap1_Chr04,41,18,11,6,107,0,207
6,M_sativa_XJDY,M_sativa_XJDY_hap1_Chr04,42,34,20,13,116,0,259
6,M_sativa_XJDY,M_sativa_XJDY_hap1_Chr04,43,10,16,20,111,0,242
6,M_sativa_XJDY,M_sativa_XJDY_hap1_Chr04,44,27,13,10,102,0,222
6,M_sativa_XJDY,M_sativa_XJDY_hap1_Chr04,45,31,15,16,91,0,232
6,M_sativa_XJDY,M_sativa_XJDY_hap1_Chr04,46,21,6,11,108,0,211
6,M_sativa_XJDY,M_sativa_XJDY_hap1_Chr04,47,31,10,10,122,0,264
6,M_sativa_XJDY,M_sativa_XJDY_hap1_Chr04,48,21,8,11,105,0,253
6,M_sativa_XJDY,M_sativa_XJDY_hap1_Chr04,49,24,12,12,126,0,295
6,M_sativa_XJDY,M_sativa_XJDY_hap1_Chr04,50,28,14,4,117,0,242
6,M_sativa_XJDY,M_sativa_XJDY_hap1_Chr04,51,30,15,10,126,0,270
6,M_sativa_XJDY,M_sativa_XJDY_hap1_Chr04,52,36,22,6,126,0,285
6,M_sativa_XJDY,M_sativa_XJDY_hap1_Chr04,53,41,9,14,166,0,354
6,M_sativa_XJDY,M_sativa_XJDY_hap1_Chr04,54,48,18,9,122,0,286
6,M_sativa_XJDY,M_sativa_XJDY_hap1_Chr04,55,21,11,8,170,0,327
6,M_sativa_XJDY,M_sativa_XJDY_hap1_Chr04,56,52,19,8,141,0,310
6,M_sativa_XJDY,M_sativa_XJDY_hap1_Chr04,57,29,21,11,182,0,341
6,M_sativa_XJDY,M_sativa_XJDY_hap1_Chr04,58,33,35,13,177,0,379
6,M_sativa_XJDY,M_sativa_XJDY_hap1_Chr04,59,36,15,8,185,0,372
6,M_sativa_XJDY,M_sativa_XJDY_hap1_Chr04,60,50,22,7,148,0,349
6,M_sativa_XJDY,M_sativa_XJDY_hap1_Chr04,61,41,27,9,158,0,352
6,M_sativa_XJDY,M_sativa_XJDY_hap1_Chr04,62,33,32,10,172,0,358
6,M_sativa_XJDY,M_sativa_XJDY_hap1_Chr04,63,36,31,10,158,0,339
6,M_sativa_XJDY,M_sativa_XJDY_hap1_Chr04,64,67,26,16,222,0,453
6,M_sativa_XJDY,M_sativa_XJDY_hap1_Chr04,65,50,17,10,176,0,370
6,M_sativa_XJDY,M_sativa_XJDY_hap1_Chr04,66,52,27,10,165,0,385
6,M_sativa_XJDY,M_sativa_XJDY_hap1_Chr04,67,25,41,14,167,0,377
6,M_sativa_XJDY,M_sativa_XJDY_hap1_Chr04,68,50,22,3,187,0,395
6,M_sativa_XJDY,M_sativa_XJDY_hap1_Chr04,69,45,35,10,171,0,384
6,M_sativa_XJDY,M_sativa_XJDY_hap1_Chr04,70,49,25,5,171,0,347
6,M_sativa_XJDY,M_sativa_XJDY_hap1_Chr04,71,50,23,3,175,0,376
6,M_sativa_XJDY,M_sativa_XJDY_hap1_Chr04,72,50,16,15,151,0,345
6,M_sativa_XJDY,M_sativa_XJDY_hap1_Chr04,73,55,16,7,170,0,358
6,M_sativa_XJDY,M_sativa_XJDY_hap1_Chr04,74,51,14,7,167,0,356
6,M_sativa_XJDY,M_sativa_XJDY_hap1_Chr04,75,37,35,13,156,0,345
6,M_sativa_XJDY,M_sativa_XJDY_hap1_Chr04,76,44,21,13,159,0,359
6,M_sativa_XJDY,M_sativa_XJDY_hap1_Chr04,77,36,42,11,180,0,384
6,M_sativa_XJDY,M_sativa_XJDY_hap1_Chr04,78,40,20,11,153,0,334
6,M_sativa_XJDY,M_sativa_XJDY_hap1_Chr04,79,46,33,11,148,0,344
6,M_sativa_XJDY,M_sativa_XJDY_hap1_Chr04,80,46,24,22,213,0,418
6,M_sativa_XJDY,M_sativa_XJDY_hap1_Chr04,81,39,17,11,180,0,366
6,M_sativa_XJDY,M_sativa_XJDY_hap1_Chr04,82,42,16,14,185,0,386
6,M_sativa_XJDY,M_sativa_XJDY_hap1_Chr04,83,52,14,7,167,0,352
6,M_sativa_XJDY,M_sativa_XJDY_hap1_Chr04,84,49,19,14,173,0,362
6,M_sativa_XJDY,M_sativa_XJDY_hap1_Chr04,85,48,21,12,182,0,367
6,M_sativa_XJDY,M_sativa_XJDY_hap1_Chr04,86,48,25,7,179,0,366
6,M_sativa_XJDY,M_sativa_XJDY_hap1_Chr04,87,58,25,7,193,0,425
6,M_sativa_XJDY,M_sativa_XJDY_hap1_Chr04,88,47,38,10,193,0,415
6,M_sativa_XJDY,M_sativa_XJDY_hap1_Chr04,89,55,7,10,158,0,342
6,M_sativa_XJDY,M_sativa_XJDY_hap1_Chr04,90,20,1,0,35,0,198
6,M_sativa_XJDY,M_sativa_XJDY_hap1_Chr04,91,0,0,0,0,0,90
6,M_sativa_XJDY,M_sativa_XJDY_hap1_Chr04,92,0,0,0,0,0,93
6,M_sativa_XJDY,M_sativa_XJDY_hap1_Chr04,93,0,0,0,0,0,86
6,M_sativa_XJDY,M_sativa_XJDY_hap1_Chr05,0,44,21,9,152,0,336
6,M_sativa_XJDY,M_sativa_XJDY_hap1_Chr05,1,61,25,11,144,0,356
6,M_sativa_XJDY,M_sativa_XJDY_hap1_Chr05,2,53,15,15,193,0,408
6,M_sativa_XJDY,M_sativa_XJDY_hap1_Chr05,3,41,31,6,178,0,370
6,M_sativa_XJDY,M_sativa_XJDY_hap1_Chr05,4,50,11,11,182,0,357
6,M_sativa_XJDY,M_sativa_XJDY_hap1_Chr05,5,64,16,19,184,0,369
6,M_sativa_XJDY,M_sativa_XJDY_hap1_Chr05,6,49,11,8,157,0,330
6,M_sativa_XJDY,M_sativa_XJDY_hap1_Chr05,7,39,6,12,143,0,281
6,M_sativa_XJDY,M_sativa_XJDY_hap1_Chr05,8,52,11,5,128,0,299
6,M_sativa_XJDY,M_sativa_XJDY_hap1_Chr05,9,39,9,6,161,0,306
6,M_sativa_XJDY,M_sativa_XJDY_hap1_Chr05,10,61,8,10,176,0,361
6,M_sativa_XJDY,M_sativa_XJDY_hap1_Chr05,11,46,22,8,170,0,363
6,M_sativa_XJDY,M_sativa_XJDY_hap1_Chr05,12,59,19,9,171,0,369
6,M_sativa_XJDY,M_sativa_XJDY_hap1_Chr05,13,56,17,13,152,0,346
6,M_sativa_XJDY,M_sativa_XJDY_hap1_Chr05,14,39,14,5,124,0,280
6,M_sativa_XJDY,M_sativa_XJDY_hap1_Chr05,15,48,18,12,134,0,297
6,M_sativa_XJDY,M_sativa_XJDY_hap1_Chr05,16,34,12,11,152,0,322
6,M_sativa_XJDY,M_sativa_XJDY_hap1_Chr05,17,51,10,11,163,0,351
6,M_sativa_XJDY,M_sativa_XJDY_hap1_Chr05,18,23,4,8,142,0,263
6,M_sativa_XJDY,M_sativa_XJDY_hap1_Chr05,19,27,10,13,100,0,235
6,M_sativa_XJDY,M_sativa_XJDY_hap1_Chr05,20,33,15,5,120,0,270
6,M_sativa_XJDY,M_sativa_XJDY_hap1_Chr05,21,41,2,9,132,0,262
6,M_sativa_XJDY,M_sativa_XJDY_hap1_Chr05,22,25,14,7,104,0,235
6,M_sativa_XJDY,M_sativa_XJDY_hap1_Chr05,23,29,8,7,162,0,297
6,M_sativa_XJDY,M_sativa_XJDY_hap1_Chr05,24,25,7,11,102,0,227
6,M_sativa_XJDY,M_sativa_XJDY_hap1_Chr05,25,24,28,9,138,0,285
6,M_sativa_XJDY,M_sativa_XJDY_hap1_Chr05,26,34,12,7,91,0,218
6,M_sativa_XJDY,M_sativa_XJDY_hap1_Chr05,27,29,7,12,100,0,229
6,M_sativa_XJDY,M_sativa_XJDY_hap1_Chr05,28,32,5,11,111,0,240
6,M_sativa_XJDY,M_sativa_XJDY_hap1_Chr05,29,41,6,13,85,0,221
6,M_sativa_XJDY,M_sativa_XJDY_hap1_Chr05,30,39,10,15,90,0,229
6,M_sativa_XJDY,M_sativa_XJDY_hap1_Chr05,31,44,10,7,103,0,231
6,M_sativa_XJDY,M_sativa_XJDY_hap1_Chr05,32,30,5,8,80,0,201
6,M_sativa_XJDY,M_sativa_XJDY_hap1_Chr05,33,31,15,6,94,0,207
6,M_sativa_XJDY,M_sativa_XJDY_hap1_Chr05,34,25,5,13,93,0,209
6,M_sativa_XJDY,M_sativa_XJDY_hap1_Chr05,35,13,5,9,66,0,137
6,M_sativa_XJDY,M_sativa_XJDY_hap1_Chr05,36,12,3,2,72,0,151
6,M_sativa_XJDY,M_sativa_XJDY_hap1_Chr05,37,15,16,5,73,0,162
6,M_sativa_XJDY,M_sativa_XJDY_hap1_Chr05,38,5,2,2,31,0,77
6,M_sativa_XJDY,M_sativa_XJDY_hap1_Chr05,39,3,1,1,28,0,69
6,M_sativa_XJDY,M_sativa_XJDY_hap1_Chr05,40,20,11,8,62,0,154
6,M_sativa_XJDY,M_sativa_XJDY_hap1_Chr05,41,12,4,7,49,0,110
6,M_sativa_XJDY,M_sativa_XJDY_hap1_Chr05,42,18,24,12,103,0,207
6,M_sativa_XJDY,M_sativa_XJDY_hap1_Chr05,43,18,5,10,112,0,220
6,M_sativa_XJDY,M_sativa_XJDY_hap1_Chr05,44,24,9,8,75,0,182
6,M_sativa_XJDY,M_sativa_XJDY_hap1_Chr05,45,22,4,9,72,0,159
6,M_sativa_XJDY,M_sativa_XJDY_hap1_Chr05,46,19,13,6,87,0,189
6,M_sativa_XJDY,M_sativa_XJDY_hap1_Chr05,47,8,10,13,93,0,194
6,M_sativa_XJDY,M_sativa_XJDY_hap1_Chr05,48,16,12,9,117,0,218
6,M_sativa_XJDY,M_sativa_XJDY_hap1_Chr05,49,26,11,11,93,0,201
6,M_sativa_XJDY,M_sativa_XJDY_hap1_Chr05,50,18,11,5,105,0,225
6,M_sativa_XJDY,M_sativa_XJDY_hap1_Chr05,51,33,11,10,122,0,250
6,M_sativa_XJDY,M_sativa_XJDY_hap1_Chr05,52,33,12,9,124,0,248
6,M_sativa_XJDY,M_sativa_XJDY_hap1_Chr05,53,34,12,22,131,0,274
6,M_sativa_XJDY,M_sativa_XJDY_hap1_Chr05,54,41,15,14,103,0,270
6,M_sativa_XJDY,M_sativa_XJDY_hap1_Chr05,55,37,15,6,137,0,285
6,M_sativa_XJDY,M_sativa_XJDY_hap1_Chr05,56,32,10,14,127,0,277
6,M_sativa_XJDY,M_sativa_XJDY_hap1_Chr05,57,34,13,7,105,0,228
6,M_sativa_XJDY,M_sativa_XJDY_hap1_Chr05,58,27,15,6,106,0,242
6,M_sativa_XJDY,M_sativa_XJDY_hap1_Chr05,59,20,9,9,147,0,270
6,M_sativa_XJDY,M_sativa_XJDY_hap1_Chr05,60,36,10,9,137,0,272
6,M_sativa_XJDY,M_sativa_XJDY_hap1_Chr05,61,21,9,12,115,0,224
6,M_sativa_XJDY,M_sativa_XJDY_hap1_Chr05,62,38,17,7,98,0,244
6,M_sativa_XJDY,M_sativa_XJDY_hap1_Chr05,63,24,11,8,122,0,239
6,M_sativa_XJDY,M_sativa_XJDY_hap1_Chr05,64,34,10,4,120,0,262
6,M_sativa_XJDY,M_sativa_XJDY_hap1_Chr05,65,37,20,6,107,0,231
6,M_sativa_XJDY,M_sativa_XJDY_hap1_Chr05,66,30,8,17,151,0,299
6,M_sativa_XJDY,M_sativa_XJDY_hap1_Chr05,67,30,12,7,130,0,264
6,M_sativa_XJDY,M_sativa_XJDY_hap1_Chr05,68,38,8,7,128,0,276
6,M_sativa_XJDY,M_sativa_XJDY_hap1_Chr05,69,37,18,13,128,0,294
6,M_sativa_XJDY,M_sativa_XJDY_hap1_Chr05,70,31,16,9,126,0,273
6,M_sativa_XJDY,M_sativa_XJDY_hap1_Chr05,71,28,14,17,147,0,305
6,M_sativa_XJDY,M_sativa_XJDY_hap1_Chr05,72,44,13,5,135,0,299
6,M_sativa_XJDY,M_sativa_XJDY_hap1_Chr05,73,62,13,14,142,0,342
6,M_sativa_XJDY,M_sativa_XJDY_hap1_Chr05,74,31,20,11,151,0,330
6,M_sativa_XJDY,M_sativa_XJDY_hap1_Chr05,75,32,23,8,150,0,315
6,M_sativa_XJDY,M_sativa_XJDY_hap1_Chr05,76,50,24,13,137,0,325
6,M_sativa_XJDY,M_sativa_XJDY_hap1_Chr05,77,38,19,11,149,0,327
6,M_sativa_XJDY,M_sativa_XJDY_hap1_Chr05,78,30,5,17,127,0,254
6,M_sativa_XJDY,M_sativa_XJDY_hap1_Chr05,79,22,9,6,70,0,175
6,M_sativa_XJDY,M_sativa_XJDY_hap1_Chr05,80,38,9,17,72,0,201
6,M_sativa_XJDY,M_sativa_XJDY_hap1_Chr05,81,0,0,0,3,0,73
6,M_sativa_XJDY,M_sativa_XJDY_hap1_Chr05,82,0,0,0,0,0,56
6,M_sativa_XJDY,M_sativa_XJDY_hap1_Chr05,83,0,0,0,0,0,64
6,M_sativa_XJDY,M_sativa_XJDY_hap1_Chr05,84,0,0,0,0,0,9
6,M_sativa_XJDY,M_sativa_XJDY_hap1_Chr06,0,40,12,12,123,0,288
6,M_sativa_XJDY,M_sativa_XJDY_hap1_Chr06,1,32,16,7,122,0,268
6,M_sativa_XJDY,M_sativa_XJDY_hap1_Chr06,2,26,8,5,76,0,184
6,M_sativa_XJDY,M_sativa_XJDY_hap1_Chr06,3,50,5,16,114,0,284
6,M_sativa_XJDY,M_sativa_XJDY_hap1_Chr06,4,31,16,11,119,0,269
6,M_sativa_XJDY,M_sativa_XJDY_hap1_Chr06,5,26,6,10,88,0,182
6,M_sativa_XJDY,M_sativa_XJDY_hap1_Chr06,6,28,1,14,103,0,227
6,M_sativa_XJDY,M_sativa_XJDY_hap1_Chr06,7,29,6,7,98,0,198
6,M_sativa_XJDY,M_sativa_XJDY_hap1_Chr06,8,17,10,16,112,0,245
6,M_sativa_XJDY,M_sativa_XJDY_hap1_Chr06,9,20,7,13,118,0,257
6,M_sativa_XJDY,M_sativa_XJDY_hap1_Chr06,10,39,5,15,91,0,235
6,M_sativa_XJDY,M_sativa_XJDY_hap1_Chr06,11,31,2,13,112,0,221
6,M_sativa_XJDY,M_sativa_XJDY_hap1_Chr06,12,31,6,16,96,0,222
6,M_sativa_XJDY,M_sativa_XJDY_hap1_Chr06,13,30,3,11,72,0,165
6,M_sativa_XJDY,M_sativa_XJDY_hap1_Chr06,14,27,7,7,122,0,240
6,M_sativa_XJDY,M_sativa_XJDY_hap1_Chr06,15,19,3,4,92,0,181
6,M_sativa_XJDY,M_sativa_XJDY_hap1_Chr06,16,16,10,10,119,0,215
6,M_sativa_XJDY,M_sativa_XJDY_hap1_Chr06,17,14,7,5,92,0,176
6,M_sativa_XJDY,M_sativa_XJDY_hap1_Chr06,18,16,6,10,93,0,187
6,M_sativa_XJDY,M_sativa_XJDY_hap1_Chr06,19,18,11,4,99,0,178
6,M_sativa_XJDY,M_sativa_XJDY_hap1_Chr06,20,27,2,12,91,0,205
6,M_sativa_XJDY,M_sativa_XJDY_hap1_Chr06,21,20,3,4,77,0,145
6,M_sativa_XJDY,M_sativa_XJDY_hap1_Chr06,22,19,5,5,100,0,194
6,M_sativa_XJDY,M_sativa_XJDY_hap1_Chr06,23,25,4,3,90,0,176
6,M_sativa_XJDY,M_sativa_XJDY_hap1_Chr06,24,21,5,5,78,0,159
6,M_sativa_XJDY,M_sativa_XJDY_hap1_Chr06,25,17,5,11,95,0,192
6,M_sativa_XJDY,M_sativa_XJDY_hap1_Chr06,26,16,4,8,66,0,150
6,M_sativa_XJDY,M_sativa_XJDY_hap1_Chr06,27,21,5,7,74,0,159
6,M_sativa_XJDY,M_sativa_XJDY_hap1_Chr06,28,14,8,11,58,0,152
6,M_sativa_XJDY,M_sativa_XJDY_hap1_Chr06,29,25,7,13,83,0,179
6,M_sativa_XJDY,M_sativa_XJDY_hap1_Chr06,30,10,9,15,68,0,152
6,M_sativa_XJDY,M_sativa_XJDY_hap1_Chr06,31,17,4,12,63,0,138
6,M_sativa_XJDY,M_sativa_XJDY_hap1_Chr06,32,8,3,2,82,0,152
6,M_sativa_XJDY,M_sativa_XJDY_hap1_Chr06,33,19,8,3,101,0,204
6,M_sativa_XJDY,M_sativa_XJDY_hap1_Chr06,34,22,8,10,74,0,167
6,M_sativa_XJDY,M_sativa_XJDY_hap1_Chr06,35,25,7,5,56,0,139
6,M_sativa_XJDY,M_sativa_XJDY_hap1_Chr06,36,18,1,7,79,0,166
6,M_sativa_XJDY,M_sativa_XJDY_hap1_Chr06,37,8,0,6,80,0,148
6,M_sativa_XJDY,M_sativa_XJDY_hap1_Chr06,38,24,2,10,55,0,143
6,M_sativa_XJDY,M_sativa_XJDY_hap1_Chr06,39,17,3,5,85,0,171
6,M_sativa_XJDY,M_sativa_XJDY_hap1_Chr06,40,21,2,9,68,0,148
6,M_sativa_XJDY,M_sativa_XJDY_hap1_Chr06,41,14,4,9,82,0,160
6,M_sativa_XJDY,M_sativa_XJDY_hap1_Chr06,42,18,0,10,84,0,177
6,M_sativa_XJDY,M_sativa_XJDY_hap1_Chr06,43,20,2,8,70,0,156
6,M_sativa_XJDY,M_sativa_XJDY_hap1_Chr06,44,9,3,8,68,0,142
6,M_sativa_XJDY,M_sativa_XJDY_hap1_Chr06,45,9,2,2,77,0,134
6,M_sativa_XJDY,M_sativa_XJDY_hap1_Chr06,46,12,8,9,70,0,165
6,M_sativa_XJDY,M_sativa_XJDY_hap1_Chr06,47,16,5,8,79,0,169
6,M_sativa_XJDY,M_sativa_XJDY_hap1_Chr06,48,20,4,13,60,0,147
6,M_sativa_XJDY,M_sativa_XJDY_hap1_Chr06,49,10,6,4,107,0,189
6,M_sativa_XJDY,M_sativa_XJDY_hap1_Chr06,50,16,9,11,99,0,211
6,M_sativa_XJDY,M_sativa_XJDY_hap1_Chr06,51,14,10,13,85,0,185
6,M_sativa_XJDY,M_sativa_XJDY_hap1_Chr06,52,20,10,1,77,0,181
6,M_sativa_XJDY,M_sativa_XJDY_hap1_Chr06,53,23,4,5,112,0,207
6,M_sativa_XJDY,M_sativa_XJDY_hap1_Chr06,54,25,9,9,75,0,163
6,M_sativa_XJDY,M_sativa_XJDY_hap1_Chr06,55,17,9,7,63,0,158
6,M_sativa_XJDY,M_sativa_XJDY_hap1_Chr06,56,12,1,6,65,0,129
6,M_sativa_XJDY,M_sativa_XJDY_hap1_Chr06,57,6,4,3,75,0,141
6,M_sativa_XJDY,M_sativa_XJDY_hap1_Chr06,58,15,5,4,74,0,154
6,M_sativa_XJDY,M_sativa_XJDY_hap1_Chr06,59,24,13,5,63,0,163
6,M_sativa_XJDY,M_sativa_XJDY_hap1_Chr06,60,36,7,6,105,0,208
6,M_sativa_XJDY,M_sativa_XJDY_hap1_Chr06,61,28,5,16,71,0,170
6,M_sativa_XJDY,M_sativa_XJDY_hap1_Chr06,62,14,6,8,75,0,155
6,M_sativa_XJDY,M_sativa_XJDY_hap1_Chr06,63,48,8,9,86,0,214
6,M_sativa_XJDY,M_sativa_XJDY_hap1_Chr06,64,26,3,9,80,0,174
6,M_sativa_XJDY,M_sativa_XJDY_hap1_Chr06,65,33,19,5,38,0,128
6,M_sativa_XJDY,M_sativa_XJDY_hap1_Chr06,66,37,11,7,65,0,172
6,M_sativa_XJDY,M_sativa_XJDY_hap1_Chr06,67,26,11,16,57,0,144
6,M_sativa_XJDY,M_sativa_XJDY_hap1_Chr06,68,23,7,10,78,0,157
6,M_sativa_XJDY,M_sativa_XJDY_hap1_Chr06,69,38,18,8,104,0,211
6,M_sativa_XJDY,M_sativa_XJDY_hap1_Chr06,70,29,16,11,85,0,184
6,M_sativa_XJDY,M_sativa_XJDY_hap1_Chr06,71,25,5,9,75,0,154
6,M_sativa_XJDY,M_sativa_XJDY_hap1_Chr06,72,29,7,6,90,0,184
6,M_sativa_XJDY,M_sativa_XJDY_hap1_Chr06,73,36,14,9,77,0,196
6,M_sativa_XJDY,M_sativa_XJDY_hap1_Chr06,74,33,11,9,82,0,187
6,M_sativa_XJDY,M_sativa_XJDY_hap1_Chr06,75,23,11,9,85,0,172
6,M_sativa_XJDY,M_sativa_XJDY_hap1_Chr06,76,29,11,7,71,0,160
6,M_sativa_XJDY,M_sativa_XJDY_hap1_Chr06,77,39,12,5,66,0,161
6,M_sativa_XJDY,M_sativa_XJDY_hap1_Chr06,78,33,11,14,86,0,209
6,M_sativa_XJDY,M_sativa_XJDY_hap1_Chr06,79,40,14,19,70,0,190
6,M_sativa_XJDY,M_sativa_XJDY_hap1_Chr06,80,14,1,3,16,0,103
6,M_sativa_XJDY,M_sativa_XJDY_hap1_Chr06,81,0,0,0,0,0,96
6,M_sativa_XJDY,M_sativa_XJDY_hap1_Chr06,82,0,0,0,0,0,121
6,M_sativa_XJDY,M_sativa_XJDY_hap1_Chr06,83,0,0,0,0,0,122
6,M_sativa_XJDY,M_sativa_XJDY_hap1_Chr06,84,0,0,0,0,0,106
6,M_sativa_XJDY,M_sativa_XJDY_hap1_Chr06,85,0,0,0,0,0,37
6,M_sativa_XJDY,M_sativa_XJDY_hap1_Chr06,86,0,0,0,0,0,60
6,M_sativa_XJDY,M_sativa_XJDY_hap1_Chr06,87,0,0,0,0,0,74
6,M_sativa_XJDY,M_sativa_XJDY_hap1_Chr06,88,0,0,0,0,0,59
6,M_sativa_XJDY,M_sativa_XJDY_hap1_Chr06,89,0,0,0,0,0,33
6,M_sativa_XJDY,M_sativa_XJDY_hap1_Chr07,0,30,11,22,128,0,271
6,M_sativa_XJDY,M_sativa_XJDY_hap1_Chr07,1,24,18,17,140,0,287
6,M_sativa_XJDY,M_sativa_XJDY_hap1_Chr07,2,28,13,13,122,0,233
6,M_sativa_XJDY,M_sativa_XJDY_hap1_Chr07,3,32,9,12,97,0,220
6,M_sativa_XJDY,M_sativa_XJDY_hap1_Chr07,4,49,3,10,91,0,218
6,M_sativa_XJDY,M_sativa_XJDY_hap1_Chr07,5,37,3,9,125,0,256
6,M_sativa_XJDY,M_sativa_XJDY_hap1_Chr07,6,26,5,7,113,0,223
6,M_sativa_XJDY,M_sativa_XJDY_hap1_Chr07,7,32,13,8,96,0,222
6,M_sativa_XJDY,M_sativa_XJDY_hap1_Chr07,8,34,10,15,92,0,218
6,M_sativa_XJDY,M_sativa_XJDY_hap1_Chr07,9,21,5,8,133,0,231
6,M_sativa_XJDY,M_sativa_XJDY_hap1_Chr07,10,32,7,4,113,0,224
6,M_sativa_XJDY,M_sativa_XJDY_hap1_Chr07,11,33,8,3,96,0,212
6,M_sativa_XJDY,M_sativa_XJDY_hap1_Chr07,12,21,9,11,102,0,195
6,M_sativa_XJDY,M_sativa_XJDY_hap1_Chr07,13,8,4,1,98,0,177
6,M_sativa_XJDY,M_sativa_XJDY_hap1_Chr07,14,12,7,6,93,0,188
6,M_sativa_XJDY,M_sativa_XJDY_hap1_Chr07,15,36,7,8,110,0,216
6,M_sativa_XJDY,M_sativa_XJDY_hap1_Chr07,16,13,3,6,84,0,167
6,M_sativa_XJDY,M_sativa_XJDY_hap1_Chr07,17,19,7,9,92,0,189
6,M_sativa_XJDY,M_sativa_XJDY_hap1_Chr07,18,18,15,22,98,0,220
6,M_sativa_XJDY,M_sativa_XJDY_hap1_Chr07,19,27,8,7,80,0,173
6,M_sativa_XJDY,M_sativa_XJDY_hap1_Chr07,20,25,4,8,113,0,215
6,M_sativa_XJDY,M_sativa_XJDY_hap1_Chr07,21,26,4,21,112,0,229
6,M_sativa_XJDY,M_sativa_XJDY_hap1_Chr07,22,29,3,13,122,0,251
6,M_sativa_XJDY,M_sativa_XJDY_hap1_Chr07,23,29,9,15,117,0,237
6,M_sativa_XJDY,M_sativa_XJDY_hap1_Chr07,24,28,5,10,105,0,224
6,M_sativa_XJDY,M_sativa_XJDY_hap1_Chr07,25,18,10,21,105,0,234
6,M_sativa_XJDY,M_sativa_XJDY_hap1_Chr07,26,27,8,12,69,0,177
6,M_sativa_XJDY,M_sativa_XJDY_hap1_Chr07,27,23,8,8,89,0,193
6,M_sativa_XJDY,M_sativa_XJDY_hap1_Chr07,28,28,8,9,97,0,203
6,M_sativa_XJDY,M_sativa_XJDY_hap1_Chr07,29,18,7,6,94,0,188
6,M_sativa_XJDY,M_sativa_XJDY_hap1_Chr07,30,23,8,6,90,0,197
6,M_sativa_XJDY,M_sativa_XJDY_hap1_Chr07,31,20,9,8,66,0,147
6,M_sativa_XJDY,M_sativa_XJDY_hap1_Chr07,32,25,7,13,71,0,152
6,M_sativa_XJDY,M_sativa_XJDY_hap1_Chr07,33,22,13,7,61,0,166
6,M_sativa_XJDY,M_sativa_XJDY_hap1_Chr07,34,20,12,4,67,0,149
6,M_sativa_XJDY,M_sativa_XJDY_hap1_Chr07,35,20,7,18,72,0,169
6,M_sativa_XJDY,M_sativa_XJDY_hap1_Chr07,36,16,10,12,95,0,190
6,M_sativa_XJDY,M_sativa_XJDY_hap1_Chr07,37,19,12,9,112,0,220
6,M_sativa_XJDY,M_sativa_XJDY_hap1_Chr07,38,31,5,11,78,0,192
6,M_sativa_XJDY,M_sativa_XJDY_hap1_Chr07,39,19,13,13,88,0,205
6,M_sativa_XJDY,M_sativa_XJDY_hap1_Chr07,40,37,7,6,106,0,243
6,M_sativa_XJDY,M_sativa_XJDY_hap1_Chr07,41,18,11,9,101,0,206
6,M_sativa_XJDY,M_sativa_XJDY_hap1_Chr07,42,26,3,20,122,0,245
6,M_sativa_XJDY,M_sativa_XJDY_hap1_Chr07,43,21,2,11,90,0,196
6,M_sativa_XJDY,M_sativa_XJDY_hap1_Chr07,44,18,5,16,67,0,159
6,M_sativa_XJDY,M_sativa_XJDY_hap1_Chr07,45,39,10,9,103,0,240
6,M_sativa_XJDY,M_sativa_XJDY_hap1_Chr07,46,18,11,6,103,0,196
6,M_sativa_XJDY,M_sativa_XJDY_hap1_Chr07,47,25,10,11,116,0,221
6,M_sativa_XJDY,M_sativa_XJDY_hap1_Chr07,48,6,6,7,87,0,163
6,M_sativa_XJDY,M_sativa_XJDY_hap1_Chr07,49,23,15,10,114,0,244
6,M_sativa_XJDY,M_sativa_XJDY_hap1_Chr07,50,37,1,7,95,0,213
6,M_sativa_XJDY,M_sativa_XJDY_hap1_Chr07,51,22,18,13,89,0,206
6,M_sativa_XJDY,M_sativa_XJDY_hap1_Chr07,52,30,6,17,110,0,224
6,M_sativa_XJDY,M_sativa_XJDY_hap1_Chr07,53,37,11,10,106,0,245
6,M_sativa_XJDY,M_sativa_XJDY_hap1_Chr07,54,32,5,13,105,0,231
6,M_sativa_XJDY,M_sativa_XJDY_hap1_Chr07,55,41,11,3,115,0,240
6,M_sativa_XJDY,M_sativa_XJDY_hap1_Chr07,56,30,5,4,121,0,257
6,M_sativa_XJDY,M_sativa_XJDY_hap1_Chr07,57,24,3,11,109,0,227
6,M_sativa_XJDY,M_sativa_XJDY_hap1_Chr07,58,37,11,6,100,0,239
6,M_sativa_XJDY,M_sativa_XJDY_hap1_Chr07,59,53,6,10,101,0,243
6,M_sativa_XJDY,M_sativa_XJDY_hap1_Chr07,60,38,13,13,130,0,279
6,M_sativa_XJDY,M_sativa_XJDY_hap1_Chr07,61,40,24,7,103,0,278
6,M_sativa_XJDY,M_sativa_XJDY_hap1_Chr07,62,44,9,6,124,0,313
6,M_sativa_XJDY,M_sativa_XJDY_hap1_Chr07,63,43,3,13,142,0,311
6,M_sativa_XJDY,M_sativa_XJDY_hap1_Chr07,64,43,42,13,185,0,405
6,M_sativa_XJDY,M_sativa_XJDY_hap1_Chr07,65,36,12,8,139,0,292
6,M_sativa_XJDY,M_sativa_XJDY_hap1_Chr07,66,45,16,6,120,0,294
6,M_sativa_XJDY,M_sativa_XJDY_hap1_Chr07,67,49,20,8,139,0,297
6,M_sativa_XJDY,M_sativa_XJDY_hap1_Chr07,68,53,8,14,151,0,347
6,M_sativa_XJDY,M_sativa_XJDY_hap1_Chr07,69,77,13,11,159,0,362
6,M_sativa_XJDY,M_sativa_XJDY_hap1_Chr07,70,61,10,9,143,0,349
6,M_sativa_XJDY,M_sativa_XJDY_hap1_Chr07,71,50,14,7,155,0,333
6,M_sativa_XJDY,M_sativa_XJDY_hap1_Chr07,72,52,10,16,171,0,369
6,M_sativa_XJDY,M_sativa_XJDY_hap1_Chr07,73,48,15,11,164,0,364
6,M_sativa_XJDY,M_sativa_XJDY_hap1_Chr07,74,47,15,8,157,0,324
6,M_sativa_XJDY,M_sativa_XJDY_hap1_Chr07,75,50,8,12,153,0,339
6,M_sativa_XJDY,M_sativa_XJDY_hap1_Chr07,76,19,15,10,167,0,324
6,M_sativa_XJDY,M_sativa_XJDY_hap1_Chr07,77,30,32,9,137,0,318
6,M_sativa_XJDY,M_sativa_XJDY_hap1_Chr07,78,58,19,5,141,0,340
6,M_sativa_XJDY,M_sativa_XJDY_hap1_Chr07,79,42,20,11,143,0,355
6,M_sativa_XJDY,M_sativa_XJDY_hap1_Chr07,80,44,41,8,166,0,366
6,M_sativa_XJDY,M_sativa_XJDY_hap1_Chr07,81,51,20,10,192,0,395
6,M_sativa_XJDY,M_sativa_XJDY_hap1_Chr07,82,51,12,18,157,0,357
6,M_sativa_XJDY,M_sativa_XJDY_hap1_Chr07,83,53,19,12,151,0,364
6,M_sativa_XJDY,M_sativa_XJDY_hap1_Chr07,84,45,22,14,182,0,383
6,M_sativa_XJDY,M_sativa_XJDY_hap1_Chr07,85,73,25,10,176,0,402
6,M_sativa_XJDY,M_sativa_XJDY_hap1_Chr07,86,51,21,9,178,0,390
6,M_sativa_XJDY,M_sativa_XJDY_hap1_Chr07,87,78,10,15,166,0,388
6,M_sativa_XJDY,M_sativa_XJDY_hap1_Chr07,88,23,3,3,78,0,324
6,M_sativa_XJDY,M_sativa_XJDY_hap1_Chr07,89,0,0,0,0,0,293
6,M_sativa_XJDY,M_sativa_XJDY_hap1_Chr07,90,0,0,0,0,0,287
6,M_sativa_XJDY,M_sativa_XJDY_hap1_Chr07,91,0,0,0,0,0,242
6,M_sativa_XJDY,M_sativa_XJDY_hap1_Chr07,92,0,0,0,0,0,191
6,M_sativa_XJDY,M_sativa_XJDY_hap1_Chr07,93,0,0,0,0,0,147
6,M_sativa_XJDY,M_sativa_XJDY_hap1_Chr07,94,0,0,0,0,0,57
6,M_sativa_XJDY,M_sativa_XJDY_hap1_Chr08,0,49,13,10,111,0,266
6,M_sativa_XJDY,M_sativa_XJDY_hap1_Chr08,1,41,8,11,143,0,292
6,M_sativa_XJDY,M_sativa_XJDY_hap1_Chr08,2,35,15,9,141,0,305
6,M_sativa_XJDY,M_sativa_XJDY_hap1_Chr08,3,26,17,12,198,0,369
6,M_sativa_XJDY,M_sativa_XJDY_hap1_Chr08,4,47,15,10,148,0,314
6,M_sativa_XJDY,M_sativa_XJDY_hap1_Chr08,5,47,14,6,131,0,303
6,M_sativa_XJDY,M_sativa_XJDY_hap1_Chr08,6,34,15,7,122,0,280
6,M_sativa_XJDY,M_sativa_XJDY_hap1_Chr08,7,41,10,6,162,0,328
6,M_sativa_XJDY,M_sativa_XJDY_hap1_Chr08,8,45,8,5,158,0,316
6,M_sativa_XJDY,M_sativa_XJDY_hap1_Chr08,9,44,14,7,159,0,309
6,M_sativa_XJDY,M_sativa_XJDY_hap1_Chr08,10,30,12,8,140,0,297
6,M_sativa_XJDY,M_sativa_XJDY_hap1_Chr08,11,28,7,5,93,0,220
6,M_sativa_XJDY,M_sativa_XJDY_hap1_Chr08,12,56,4,3,118,0,270
6,M_sativa_XJDY,M_sativa_XJDY_hap1_Chr08,13,49,6,9,140,0,291
6,M_sativa_XJDY,M_sativa_XJDY_hap1_Chr08,14,54,8,4,123,0,272
6,M_sativa_XJDY,M_sativa_XJDY_hap1_Chr08,15,57,3,9,122,0,277
6,M_sativa_XJDY,M_sativa_XJDY_hap1_Chr08,16,24,6,5,95,0,224
6,M_sativa_XJDY,M_sativa_XJDY_hap1_Chr08,17,23,15,5,119,0,241
6,M_sativa_XJDY,M_sativa_XJDY_hap1_Chr08,18,26,2,8,117,0,219
6,M_sativa_XJDY,M_sativa_XJDY_hap1_Chr08,19,38,9,10,87,0,195
6,M_sativa_XJDY,M_sativa_XJDY_hap1_Chr08,20,49,6,11,105,0,278
6,M_sativa_XJDY,M_sativa_XJDY_hap1_Chr08,21,33,11,12,112,0,251
6,M_sativa_XJDY,M_sativa_XJDY_hap1_Chr08,22,36,10,10,142,0,281
6,M_sativa_XJDY,M_sativa_XJDY_hap1_Chr08,23,42,11,9,146,0,296
6,M_sativa_XJDY,M_sativa_XJDY_hap1_Chr08,24,25,10,8,137,0,274
6,M_sativa_XJDY,M_sativa_XJDY_hap1_Chr08,25,56,7,9,138,0,297
6,M_sativa_XJDY,M_sativa_XJDY_hap1_Chr08,26,37,6,11,116,0,260
6,M_sativa_XJDY,M_sativa_XJDY_hap1_Chr08,27,42,10,8,111,0,240
6,M_sativa_XJDY,M_sativa_XJDY_hap1_Chr08,28,27,11,16,78,0,199
6,M_sativa_XJDY,M_sativa_XJDY_hap1_Chr08,29,14,10,5,96,0,196
6,M_sativa_XJDY,M_sativa_XJDY_hap1_Chr08,30,17,3,5,69,0,169
6,M_sativa_XJDY,M_sativa_XJDY_hap1_Chr08,31,19,5,4,92,0,173
6,M_sativa_XJDY,M_sativa_XJDY_hap1_Chr08,32,19,9,4,98,0,198
6,M_sativa_XJDY,M_sativa_XJDY_hap1_Chr08,33,45,13,9,95,0,224
6,M_sativa_XJDY,M_sativa_XJDY_hap1_Chr08,34,45,6,6,68,0,189
6,M_sativa_XJDY,M_sativa_XJDY_hap1_Chr08,35,26,9,9,107,0,218
6,M_sativa_XJDY,M_sativa_XJDY_hap1_Chr08,36,7,2,4,74,0,146
6,M_sativa_XJDY,M_sativa_XJDY_hap1_Chr08,37,22,1,7,99,0,196
6,M_sativa_XJDY,M_sativa_XJDY_hap1_Chr08,38,21,4,17,72,0,179
6,M_sativa_XJDY,M_sativa_XJDY_hap1_Chr08,39,26,7,19,90,0,205
6,M_sativa_XJDY,M_sativa_XJDY_hap1_Chr08,40,25,11,3,116,0,232
6,M_sativa_XJDY,M_sativa_XJDY_hap1_Chr08,41,29,6,16,97,0,223
6,M_sativa_XJDY,M_sativa_XJDY_hap1_Chr08,42,34,2,16,119,0,263
6,M_sativa_XJDY,M_sativa_XJDY_hap1_Chr08,43,27,5,15,148,0,295
6,M_sativa_XJDY,M_sativa_XJDY_hap1_Chr08,44,35,10,19,104,0,244
6,M_sativa_XJDY,M_sativa_XJDY_hap1_Chr08,45,31,7,12,158,0,284
6,M_sativa_XJDY,M_sativa_XJDY_hap1_Chr08,46,36,8,13,115,0,246
6,M_sativa_XJDY,M_sativa_XJDY_hap1_Chr08,47,38,4,18,138,0,281
6,M_sativa_XJDY,M_sativa_XJDY_hap1_Chr08,48,41,11,10,121,0,275
6,M_sativa_XJDY,M_sativa_XJDY_hap1_Chr08,49,42,8,11,156,0,291
6,M_sativa_XJDY,M_sativa_XJDY_hap1_Chr08,50,45,5,12,132,0,277
6,M_sativa_XJDY,M_sativa_XJDY_hap1_Chr08,51,42,6,12,175,0,333
6,M_sativa_XJDY,M_sativa_XJDY_hap1_Chr08,52,40,5,20,145,0,301
6,M_sativa_XJDY,M_sativa_XJDY_hap1_Chr08,53,43,5,14,134,0,288
6,M_sativa_XJDY,M_sativa_XJDY_hap1_Chr08,54,44,4,12,181,0,361
6,M_sativa_XJDY,M_sativa_XJDY_hap1_Chr08,55,81,4,17,141,0,338
6,M_sativa_XJDY,M_sativa_XJDY_hap1_Chr08,56,54,7,17,159,0,329
6,M_sativa_XJDY,M_sativa_XJDY_hap1_Chr08,57,33,6,10,134,0,270
6,M_sativa_XJDY,M_sativa_XJDY_hap1_Chr08,58,38,3,7,124,0,274
6,M_sativa_XJDY,M_sativa_XJDY_hap1_Chr08,59,30,0,13,130,0,282
6,M_sativa_XJDY,M_sativa_XJDY_hap1_Chr08,60,48,7,4,152,0,302
6,M_sativa_XJDY,M_sativa_XJDY_hap1_Chr08,61,60,7,11,148,0,335
6,M_sativa_XJDY,M_sativa_XJDY_hap1_Chr08,62,51,2,8,154,0,360
6,M_sativa_XJDY,M_sativa_XJDY_hap1_Chr08,63,44,5,10,171,0,354
6,M_sativa_XJDY,M_sativa_XJDY_hap1_Chr08,64,63,7,6,172,0,372
6,M_sativa_XJDY,M_sativa_XJDY_hap1_Chr08,65,63,5,22,150,0,341
6,M_sativa_XJDY,M_sativa_XJDY_hap1_Chr08,66,59,20,8,178,0,362
6,M_sativa_XJDY,M_sativa_XJDY_hap1_Chr08,67,52,4,9,158,0,335
6,M_sativa_XJDY,M_sativa_XJDY_hap1_Chr08,68,46,2,17,153,0,326
6,M_sativa_XJDY,M_sativa_XJDY_hap1_Chr08,69,49,6,9,166,0,342
6,M_sativa_XJDY,M_sativa_XJDY_hap1_Chr08,70,66,5,22,134,0,319
6,M_sativa_XJDY,M_sativa_XJDY_hap1_Chr08,71,70,7,13,137,0,332
6,M_sativa_XJDY,M_sativa_XJDY_hap1_Chr08,72,56,7,13,173,0,375
6,M_sativa_XJDY,M_sativa_XJDY_hap1_Chr08,73,26,16,28,145,0,338
6,M_sativa_XJDY,M_sativa_XJDY_hap1_Chr08,74,56,8,13,184,0,384
6,M_sativa_XJDY,M_sativa_XJDY_hap1_Chr08,75,62,4,10,146,0,338
6,M_sativa_XJDY,M_sativa_XJDY_hap1_Chr08,76,61,5,13,160,0,357
6,M_sativa_XJDY,M_sativa_XJDY_hap1_Chr08,77,61,5,15,188,0,392
6,M_sativa_XJDY,M_sativa_XJDY_hap1_Chr08,78,56,9,10,165,0,368
6,M_sativa_XJDY,M_sativa_XJDY_hap1_Chr08,79,52,3,12,158,0,335
6,M_sativa_XJDY,M_sativa_XJDY_hap1_Chr08,80,70,5,26,167,0,381
6,M_sativa_XJDY,M_sativa_XJDY_hap1_Chr08,81,56,8,21,180,0,381
6,M_sativa_XJDY,M_sativa_XJDY_hap1_Chr08,82,51,8,9,100,0,219
6,M_sativa_XJDY,M_sativa_XJDY_hap1_Chr08,83,36,12,16,46,0,163
6,M_sativa_XJDY,M_sativa_XJDY_hap1_Chr08,84,60,10,11,17,0,108
6,M_sativa_XJDY,M_sativa_XJDY_hap1_Chr08,85,75,10,13,6,0,106
6,M_sativa_XJDY,M_sativa_XJDY_hap1_Chr08,86,51,7,21,11,0,90
6,M_sativa_XJDY,M_sativa_XJDY_hap1_Chr08,87,11,3,2,1,0,17
7,M_sativa_ZM1,M_sativa_ZM1_Chr01,0,37,47,11,14,0,109
7,M_sativa_ZM1,M_sativa_ZM1_Chr01,1,51,28,7,11,0,97
7,M_sativa_ZM1,M_sativa_ZM1_Chr01,2,53,26,15,12,0,106
7,M_sativa_ZM1,M_sativa_ZM1_Chr01,3,48,4,31,15,0,98
7,M_sativa_ZM1,M_sativa_ZM1_Chr01,4,58,16,20,14,0,108
7,M_sativa_ZM1,M_sativa_ZM1_Chr01,5,13,21,52,1,0,87
7,M_sativa_ZM1,M_sativa_ZM1_Chr01,6,37,15,21,8,0,81
7,M_sativa_ZM1,M_sativa_ZM1_Chr01,7,57,9,24,4,0,94
7,M_sativa_ZM1,M_sativa_ZM1_Chr01,8,52,16,16,14,0,98
7,M_sativa_ZM1,M_sativa_ZM1_Chr01,9,62,13,6,5,0,86
7,M_sativa_ZM1,M_sativa_ZM1_Chr01,10,55,21,10,6,0,92
7,M_sativa_ZM1,M_sativa_ZM1_Chr01,11,32,15,35,17,0,99
7,M_sativa_ZM1,M_sativa_ZM1_Chr01,12,27,32,23,4,0,86
7,M_sativa_ZM1,M_sativa_ZM1_Chr01,13,24,33,16,6,0,79
7,M_sativa_ZM1,M_sativa_ZM1_Chr01,14,14,32,12,2,0,60
7,M_sativa_ZM1,M_sativa_ZM1_Chr01,15,12,39,26,6,0,83
7,M_sativa_ZM1,M_sativa_ZM1_Chr01,16,40,54,14,12,0,120
7,M_sativa_ZM1,M_sativa_ZM1_Chr01,17,17,18,6,9,0,50
7,M_sativa_ZM1,M_sativa_ZM1_Chr01,18,33,38,9,8,0,88
7,M_sativa_ZM1,M_sativa_ZM1_Chr01,19,21,24,19,9,0,73
7,M_sativa_ZM1,M_sativa_ZM1_Chr01,20,15,10,23,4,0,52
7,M_sativa_ZM1,M_sativa_ZM1_Chr01,21,27,15,32,6,0,80
7,M_sativa_ZM1,M_sativa_ZM1_Chr01,22,20,25,18,5,0,68
7,M_sativa_ZM1,M_sativa_ZM1_Chr01,23,30,23,17,4,0,74
7,M_sativa_ZM1,M_sativa_ZM1_Chr01,24,28,17,21,8,0,74
7,M_sativa_ZM1,M_sativa_ZM1_Chr01,25,23,22,9,5,0,59
7,M_sativa_ZM1,M_sativa_ZM1_Chr01,26,27,23,9,6,0,65
7,M_sativa_ZM1,M_sativa_ZM1_Chr01,27,22,28,8,3,0,61
7,M_sativa_ZM1,M_sativa_ZM1_Chr01,28,36,25,6,9,0,76
7,M_sativa_ZM1,M_sativa_ZM1_Chr01,29,30,27,6,6,0,69
7,M_sativa_ZM1,M_sativa_ZM1_Chr01,30,23,23,6,11,0,63
7,M_sativa_ZM1,M_sativa_ZM1_Chr01,31,29,29,5,3,0,66
7,M_sativa_ZM1,M_sativa_ZM1_Chr01,32,19,17,7,6,0,49
7,M_sativa_ZM1,M_sativa_ZM1_Chr01,33,20,21,1,2,0,44
7,M_sativa_ZM1,M_sativa_ZM1_Chr01,34,30,25,3,5,0,63
7,M_sativa_ZM1,M_sativa_ZM1_Chr01,35,27,32,8,7,0,74
7,M_sativa_ZM1,M_sativa_ZM1_Chr01,36,25,22,17,6,0,70
7,M_sativa_ZM1,M_sativa_ZM1_Chr01,37,28,25,6,3,0,62
7,M_sativa_ZM1,M_sativa_ZM1_Chr01,38,29,47,7,9,0,92
7,M_sativa_ZM1,M_sativa_ZM1_Chr01,39,24,31,4,4,0,63
7,M_sativa_ZM1,M_sativa_ZM1_Chr01,40,17,31,2,3,0,53
7,M_sativa_ZM1,M_sativa_ZM1_Chr01,41,14,23,0,3,0,40
7,M_sativa_ZM1,M_sativa_ZM1_Chr01,42,18,14,2,9,0,43
7,M_sativa_ZM1,M_sativa_ZM1_Chr01,43,14,21,5,4,0,44
7,M_sativa_ZM1,M_sativa_ZM1_Chr01,44,16,28,1,4,0,49
7,M_sativa_ZM1,M_sativa_ZM1_Chr01,45,16,26,2,1,0,45
7,M_sativa_ZM1,M_sativa_ZM1_Chr01,46,7,9,1,1,0,18
7,M_sativa_ZM1,M_sativa_ZM1_Chr01,47,8,12,3,3,0,26
7,M_sativa_ZM1,M_sativa_ZM1_Chr01,48,2,7,0,4,0,13
7,M_sativa_ZM1,M_sativa_ZM1_Chr01,49,5,8,1,1,0,15
7,M_sativa_ZM1,M_sativa_ZM1_Chr01,50,0,1,1,0,0,2
7,M_sativa_ZM1,M_sativa_ZM1_Chr01,51,6,8,1,0,0,15
7,M_sativa_ZM1,M_sativa_ZM1_Chr01,52,18,25,5,13,0,61
7,M_sativa_ZM1,M_sativa_ZM1_Chr01,53,24,20,4,1,0,49
7,M_sativa_ZM1,M_sativa_ZM1_Chr01,54,19,40,4,2,0,65
7,M_sativa_ZM1,M_sativa_ZM1_Chr01,55,22,21,3,4,0,50
7,M_sativa_ZM1,M_sativa_ZM1_Chr01,56,14,43,5,8,0,70
7,M_sativa_ZM1,M_sativa_ZM1_Chr01,57,21,24,1,3,0,49
7,M_sativa_ZM1,M_sativa_ZM1_Chr01,58,20,34,5,10,0,69
7,M_sativa_ZM1,M_sativa_ZM1_Chr01,59,9,28,2,3,0,42
7,M_sativa_ZM1,M_sativa_ZM1_Chr01,60,21,47,1,3,0,72
7,M_sativa_ZM1,M_sativa_ZM1_Chr01,61,28,41,4,6,0,79
7,M_sativa_ZM1,M_sativa_ZM1_Chr01,62,35,37,4,11,0,87
7,M_sativa_ZM1,M_sativa_ZM1_Chr01,63,22,55,6,11,0,94
7,M_sativa_ZM1,M_sativa_ZM1_Chr01,64,32,31,4,4,0,71
7,M_sativa_ZM1,M_sativa_ZM1_Chr01,65,35,47,4,6,0,92
7,M_sativa_ZM1,M_sativa_ZM1_Chr01,66,14,35,5,2,0,56
7,M_sativa_ZM1,M_sativa_ZM1_Chr01,67,23,50,3,4,0,80
7,M_sativa_ZM1,M_sativa_ZM1_Chr01,68,33,35,10,14,0,92
7,M_sativa_ZM1,M_sativa_ZM1_Chr01,69,28,40,5,6,0,79
7,M_sativa_ZM1,M_sativa_ZM1_Chr01,70,19,44,4,3,0,70
7,M_sativa_ZM1,M_sativa_ZM1_Chr01,71,29,50,4,10,0,93
7,M_sativa_ZM1,M_sativa_ZM1_Chr01,72,30,32,8,7,0,77
7,M_sativa_ZM1,M_sativa_ZM1_Chr01,73,35,39,8,6,0,88
7,M_sativa_ZM1,M_sativa_ZM1_Chr01,74,34,49,2,5,0,90
7,M_sativa_ZM1,M_sativa_ZM1_Chr01,75,42,30,5,3,0,80
7,M_sativa_ZM1,M_sativa_ZM1_Chr01,76,34,44,5,6,0,89
7,M_sativa_ZM1,M_sativa_ZM1_Chr01,77,43,44,12,9,0,108
7,M_sativa_ZM1,M_sativa_ZM1_Chr01,78,36,59,7,13,0,115
7,M_sativa_ZM1,M_sativa_ZM1_Chr01,79,37,36,17,7,0,97
7,M_sativa_ZM1,M_sativa_ZM1_Chr01,80,43,61,7,18,0,129
7,M_sativa_ZM1,M_sativa_ZM1_Chr01,81,36,53,2,6,0,97
7,M_sativa_ZM1,M_sativa_ZM1_Chr01,82,42,50,7,6,0,105
7,M_sativa_ZM1,M_sativa_ZM1_Chr01,83,37,54,11,11,0,113
7,M_sativa_ZM1,M_sativa_ZM1_Chr01,84,48,28,6,8,0,90
7,M_sativa_ZM1,M_sativa_ZM1_Chr01,85,38,37,9,9,0,93
7,M_sativa_ZM1,M_sativa_ZM1_Chr01,86,47,26,11,3,0,87
7,M_sativa_ZM1,M_sativa_ZM1_Chr01,87,32,37,9,9,0,87
7,M_sativa_ZM1,M_sativa_ZM1_Chr01,88,30,17,11,18,0,76
7,M_sativa_ZM1,M_sativa_ZM1_Chr01,89,30,29,11,31,0,101
7,M_sativa_ZM1,M_sativa_ZM1_Chr01,90,28,22,19,29,0,98
7,M_sativa_ZM1,M_sativa_ZM1_Chr01,91,33,24,15,44,0,116
7,M_sativa_ZM1,M_sativa_ZM1_Chr01,92,31,25,6,37,0,99
7,M_sativa_ZM1,M_sativa_ZM1_Chr01,93,31,30,13,19,0,93
7,M_sativa_ZM1,M_sativa_ZM1_Chr01,94,39,31,5,25,0,100
7,M_sativa_ZM1,M_sativa_ZM1_Chr01,95,20,30,12,24,0,86
7,M_sativa_ZM1,M_sativa_ZM1_Chr01,96,44,27,13,23,0,108
7,M_sativa_ZM1,M_sativa_ZM1_Chr01,97,39,44,9,23,0,115
7,M_sativa_ZM1,M_sativa_ZM1_Chr01,98,29,30,11,30,0,100
7,M_sativa_ZM1,M_sativa_ZM1_Chr01,99,39,19,9,34,0,101
7,M_sativa_ZM1,M_sativa_ZM1_Chr01,100,40,23,17,52,0,132
7,M_sativa_ZM1,M_sativa_ZM1_Chr01,101,54,16,15,37,0,122
7,M_sativa_ZM1,M_sativa_ZM1_Chr01,102,4,11,4,4,0,23
7,M_sativa_ZM1,M_sativa_ZM1_Chr02,0,55,17,15,41,0,129
7,M_sativa_ZM1,M_sativa_ZM1_Chr02,1,51,7,21,21,0,100
7,M_sativa_ZM1,M_sativa_ZM1_Chr02,2,30,20,17,29,0,96
7,M_sativa_ZM1,M_sativa_ZM1_Chr02,3,23,41,13,36,0,113
7,M_sativa_ZM1,M_sativa_ZM1_Chr02,4,16,31,21,32,0,101
7,M_sativa_ZM1,M_sativa_ZM1_Chr02,5,24,24,27,26,0,101
7,M_sativa_ZM1,M_sativa_ZM1_Chr02,6,31,26,18,29,0,104
7,M_sativa_ZM1,M_sativa_ZM1_Chr02,7,27,9,20,39,0,95
7,M_sativa_ZM1,M_sativa_ZM1_Chr02,8,22,6,33,21,0,82
7,M_sativa_ZM1,M_sativa_ZM1_Chr02,9,29,12,23,46,0,110
7,M_sativa_ZM1,M_sativa_ZM1_Chr02,10,41,16,10,35,0,103
7,M_sativa_ZM1,M_sativa_ZM1_Chr02,11,40,9,14,32,0,95
7,M_sativa_ZM1,M_sativa_ZM1_Chr02,12,40,6,7,30,0,83
7,M_sativa_ZM1,M_sativa_ZM1_Chr02,13,34,6,12,30,0,83
7,M_sativa_ZM1,M_sativa_ZM1_Chr02,14,46,7,9,18,0,80
7,M_sativa_ZM1,M_sativa_ZM1_Chr02,15,35,6,4,29,0,74
7,M_sativa_ZM1,M_sativa_ZM1_Chr02,16,46,5,4,29,0,84
7,M_sativa_ZM1,M_sativa_ZM1_Chr02,17,39,12,10,24,0,85
7,M_sativa_ZM1,M_sativa_ZM1_Chr02,18,37,3,17,21,0,78
7,M_sativa_ZM1,M_sativa_ZM1_Chr02,19,46,11,1,31,0,89
7,M_sativa_ZM1,M_sativa_ZM1_Chr02,20,38,6,14,19,0,78
7,M_sativa_ZM1,M_sativa_ZM1_Chr02,21,31,9,9,26,0,75
7,M_sativa_ZM1,M_sativa_ZM1_Chr02,22,41,10,3,21,0,75
7,M_sativa_ZM1,M_sativa_ZM1_Chr02,23,40,12,6,29,0,88
7,M_sativa_ZM1,M_sativa_ZM1_Chr02,24,52,7,8,11,0,78
7,M_sativa_ZM1,M_sativa_ZM1_Chr02,25,52,11,9,30,0,102
7,M_sativa_ZM1,M_sativa_ZM1_Chr02,26,17,13,7,8,0,45
7,M_sativa_ZM1,M_sativa_ZM1_Chr02,27,22,5,8,18,0,53
7,M_sativa_ZM1,M_sativa_ZM1_Chr02,28,22,14,9,33,0,78
7,M_sativa_ZM1,M_sativa_ZM1_Chr02,29,34,19,9,26,0,89
7,M_sativa_ZM1,M_sativa_ZM1_Chr02,30,31,11,2,26,0,70
7,M_sativa_ZM1,M_sativa_ZM1_Chr02,31,25,3,17,18,0,63
7,M_sativa_ZM1,M_sativa_ZM1_Chr02,32,24,8,6,34,0,72
7,M_sativa_ZM1,M_sativa_ZM1_Chr02,33,27,8,11,22,0,68
7,M_sativa_ZM1,M_sativa_ZM1_Chr02,34,27,7,5,24,0,63
7,M_sativa_ZM1,M_sativa_ZM1_Chr02,35,23,5,10,23,0,61
7,M_sativa_ZM1,M_sativa_ZM1_Chr02,36,31,11,12,18,0,72
7,M_sativa_ZM1,M_sativa_ZM1_Chr02,37,26,13,11,23,0,73
7,M_sativa_ZM1,M_sativa_ZM1_Chr02,38,11,4,6,20,0,41
7,M_sativa_ZM1,M_sativa_ZM1_Chr02,39,19,4,8,27,0,58
7,M_sativa_ZM1,M_sativa_ZM1_Chr02,40,23,8,7,21,0,59
7,M_sativa_ZM1,M_sativa_ZM1_Chr02,41,29,10,7,27,0,73
7,M_sativa_ZM1,M_sativa_ZM1_Chr02,42,21,6,7,7,0,41
7,M_sativa_ZM1,M_sativa_ZM1_Chr02,43,29,3,8,17,0,57
7,M_sativa_ZM1,M_sativa_ZM1_Chr02,44,10,6,4,31,0,51
7,M_sativa_ZM1,M_sativa_ZM1_Chr02,45,29,5,6,38,0,78
7,M_sativa_ZM1,M_sativa_ZM1_Chr02,46,25,11,11,26,0,73
7,M_sativa_ZM1,M_sativa_ZM1_Chr02,47,20,7,8,11,0,46
7,M_sativa_ZM1,M_sativa_ZM1_Chr02,48,30,12,4,24,0,70
7,M_sativa_ZM1,M_sativa_ZM1_Chr02,49,25,11,6,27,0,69
7,M_sativa_ZM1,M_sativa_ZM1_Chr02,50,25,15,5,26,0,71
7,M_sativa_ZM1,M_sativa_ZM1_Chr02,51,44,19,12,31,0,106
7,M_sativa_ZM1,M_sativa_ZM1_Chr02,52,17,15,7,20,0,59
7,M_sativa_ZM1,M_sativa_ZM1_Chr02,53,23,7,8,26,0,64
7,M_sativa_ZM1,M_sativa_ZM1_Chr02,54,21,14,8,20,0,63
7,M_sativa_ZM1,M_sativa_ZM1_Chr02,55,30,14,9,28,0,82
7,M_sativa_ZM1,M_sativa_ZM1_Chr02,56,26,15,1,26,0,68
7,M_sativa_ZM1,M_sativa_ZM1_Chr02,57,27,17,12,32,0,89
7,M_sativa_ZM1,M_sativa_ZM1_Chr02,58,18,14,6,17,0,55
7,M_sativa_ZM1,M_sativa_ZM1_Chr02,59,26,14,7,16,0,63
7,M_sativa_ZM1,M_sativa_ZM1_Chr02,60,20,6,9,23,0,58
7,M_sativa_ZM1,M_sativa_ZM1_Chr02,61,13,14,15,29,0,71
7,M_sativa_ZM1,M_sativa_ZM1_Chr02,62,23,23,9,27,0,82
7,M_sativa_ZM1,M_sativa_ZM1_Chr02,63,13,7,7,15,0,43
7,M_sativa_ZM1,M_sativa_ZM1_Chr02,64,20,8,14,20,0,62
7,M_sativa_ZM1,M_sativa_ZM1_Chr02,65,40,15,10,30,0,96
7,M_sativa_ZM1,M_sativa_ZM1_Chr02,66,26,27,12,20,0,85
7,M_sativa_ZM1,M_sativa_ZM1_Chr02,67,26,13,12,27,0,78
7,M_sativa_ZM1,M_sativa_ZM1_Chr02,68,18,15,9,21,0,64
7,M_sativa_ZM1,M_sativa_ZM1_Chr02,69,22,30,18,39,0,109
7,M_sativa_ZM1,M_sativa_ZM1_Chr02,70,20,23,13,41,0,97
7,M_sativa_ZM1,M_sativa_ZM1_Chr02,71,21,32,12,18,0,83
7,M_sativa_ZM1,M_sativa_ZM1_Chr02,72,20,19,8,46,0,93
7,M_sativa_ZM1,M_sativa_ZM1_Chr02,73,26,14,10,44,0,94
7,M_sativa_ZM1,M_sativa_ZM1_Chr02,74,20,11,5,34,0,70
7,M_sativa_ZM1,M_sativa_ZM1_Chr02,75,34,27,9,36,0,106
7,M_sativa_ZM1,M_sativa_ZM1_Chr02,76,28,18,14,28,0,89
7,M_sativa_ZM1,M_sativa_ZM1_Chr02,77,33,21,11,35,0,100
7,M_sativa_ZM1,M_sativa_ZM1_Chr02,78,42,34,4,29,0,109
7,M_sativa_ZM1,M_sativa_ZM1_Chr02,79,34,22,15,32,0,103
7,M_sativa_ZM1,M_sativa_ZM1_Chr02,80,44,20,7,50,0,121
7,M_sativa_ZM1,M_sativa_ZM1_Chr02,81,43,41,9,30,0,123
7,M_sativa_ZM1,M_sativa_ZM1_Chr02,82,28,19,11,31,0,89
7,M_sativa_ZM1,M_sativa_ZM1_Chr02,83,38,36,5,24,0,103
7,M_sativa_ZM1,M_sativa_ZM1_Chr02,84,27,4,6,25,0,62
7,M_sativa_ZM1,M_sativa_ZM1_Chr03,0,32,5,7,13,0,57
7,M_sativa_ZM1,M_sativa_ZM1_Chr03,1,21,9,11,26,0,67
7,M_sativa_ZM1,M_sativa_ZM1_Chr03,2,32,7,8,22,0,69
7,M_sativa_ZM1,M_sativa_ZM1_Chr03,3,23,24,10,24,0,81
7,M_sativa_ZM1,M_sativa_ZM1_Chr03,4,16,14,14,37,0,81
7,M_sativa_ZM1,M_sativa_ZM1_Chr03,5,25,8,5,16,0,54
7,M_sativa_ZM1,M_sativa_ZM1_Chr03,6,25,9,6,13,0,53
7,M_sativa_ZM1,M_sativa_ZM1_Chr03,7,19,17,12,14,0,62
7,M_sativa_ZM1,M_sativa_ZM1_Chr03,8,31,10,7,18,0,66
7,M_sativa_ZM1,M_sativa_ZM1_Chr03,9,24,11,12,17,0,64
7,M_sativa_ZM1,M_sativa_ZM1_Chr03,10,23,13,16,16,0,68
7,M_sativa_ZM1,M_sativa_ZM1_Chr03,11,27,12,10,17,0,66
7,M_sativa_ZM1,M_sativa_ZM1_Chr03,12,28,12,11,22,0,73
7,M_sativa_ZM1,M_sativa_ZM1_Chr03,13,15,24,8,18,0,65
7,M_sativa_ZM1,M_sativa_ZM1_Chr03,14,20,18,11,20,0,70
7,M_sativa_ZM1,M_sativa_ZM1_Chr03,15,16,8,15,18,0,58
7,M_sativa_ZM1,M_sativa_ZM1_Chr03,16,31,13,6,6,0,56
7,M_sativa_ZM1,M_sativa_ZM1_Chr03,17,6,2,4,7,0,19
7,M_sativa_ZM1,M_sativa_ZM1_Chr03,18,17,8,5,8,0,38
7,M_sativa_ZM1,M_sativa_ZM1_Chr03,19,15,10,5,22,0,52
7,M_sativa_ZM1,M_sativa_ZM1_Chr03,20,12,11,5,19,0,47
7,M_sativa_ZM1,M_sativa_ZM1_Chr03,21,19,5,5,25,0,54
7,M_sativa_ZM1,M_sativa_ZM1_Chr03,22,31,0,4,19,0,54
7,M_sativa_ZM1,M_sativa_ZM1_Chr03,23,16,9,8,23,0,56
7,M_sativa_ZM1,M_sativa_ZM1_Chr03,24,28,8,7,20,0,63
7,M_sativa_ZM1,M_sativa_ZM1_Chr03,25,17,8,12,25,0,62
7,M_sativa_ZM1,M_sativa_ZM1_Chr03,26,14,11,6,17,0,48
7,M_sativa_ZM1,M_sativa_ZM1_Chr03,27,26,6,2,24,0,58
7,M_sativa_ZM1,M_sativa_ZM1_Chr03,28,18,3,14,17,0,52
7,M_sativa_ZM1,M_sativa_ZM1_Chr03,29,26,17,4,19,0,66
7,M_sativa_ZM1,M_sativa_ZM1_Chr03,30,17,13,4,25,0,59
7,M_sativa_ZM1,M_sativa_ZM1_Chr03,31,15,3,5,8,0,31
7,M_sativa_ZM1,M_sativa_ZM1_Chr03,32,18,7,3,9,0,37
7,M_sativa_ZM1,M_sativa_ZM1_Chr03,33,23,3,3,14,0,43
7,M_sativa_ZM1,M_sativa_ZM1_Chr03,34,13,8,12,29,0,62
7,M_sativa_ZM1,M_sativa_ZM1_Chr03,35,26,13,12,20,0,71
7,M_sativa_ZM1,M_sativa_ZM1_Chr03,36,23,6,2,14,0,45
7,M_sativa_ZM1,M_sativa_ZM1_Chr03,37,14,3,7,14,0,38
7,M_sativa_ZM1,M_sativa_ZM1_Chr03,38,20,5,6,25,0,56
7,M_sativa_ZM1,M_sativa_ZM1_Chr03,39,21,10,9,25,0,65
7,M_sativa_ZM1,M_sativa_ZM1_Chr03,40,16,8,6,16,0,46
7,M_sativa_ZM1,M_sativa_ZM1_Chr03,41,20,9,11,19,0,60
7,M_sativa_ZM1,M_sativa_ZM1_Chr03,42,22,9,9,16,0,56
7,M_sativa_ZM1,M_sativa_ZM1_Chr03,43,20,12,7,32,0,71
7,M_sativa_ZM1,M_sativa_ZM1_Chr03,44,14,4,19,21,0,58
7,M_sativa_ZM1,M_sativa_ZM1_Chr03,45,41,11,15,25,0,92
7,M_sativa_ZM1,M_sativa_ZM1_Chr03,46,30,10,11,37,0,88
7,M_sativa_ZM1,M_sativa_ZM1_Chr03,47,6,19,14,34,0,73
7,M_sativa_ZM1,M_sativa_ZM1_Chr03,48,67,22,23,76,0,188
7,M_sativa_ZM1,M_sativa_ZM1_Chr03,49,10,14,5,17,0,48
7,M_sativa_ZM1,M_sativa_ZM1_Chr03,50,19,23,8,30,0,80
7,M_sativa_ZM1,M_sativa_ZM1_Chr03,51,18,12,25,21,0,76
7,M_sativa_ZM1,M_sativa_ZM1_Chr03,52,21,17,12,21,0,71
7,M_sativa_ZM1,M_sativa_ZM1_Chr03,53,28,9,16,27,0,80
7,M_sativa_ZM1,M_sativa_ZM1_Chr03,54,16,6,6,21,0,49
7,M_sativa_ZM1,M_sativa_ZM1_Chr03,55,18,14,11,21,0,64
7,M_sativa_ZM1,M_sativa_ZM1_Chr03,56,38,15,11,36,0,100
7,M_sativa_ZM1,M_sativa_ZM1_Chr03,57,33,12,12,29,0,86
7,M_sativa_ZM1,M_sativa_ZM1_Chr03,58,29,17,8,28,0,83
7,M_sativa_ZM1,M_sativa_ZM1_Chr03,59,11,18,9,43,0,81
7,M_sativa_ZM1,M_sativa_ZM1_Chr03,60,13,20,6,21,0,60
7,M_sativa_ZM1,M_sativa_ZM1_Chr03,61,22,13,15,23,0,73
7,M_sativa_ZM1,M_sativa_ZM1_Chr03,62,26,23,14,12,0,75
7,M_sativa_ZM1,M_sativa_ZM1_Chr03,63,28,13,14,29,0,84
7,M_sativa_ZM1,M_sativa_ZM1_Chr03,64,21,16,13,28,0,78
7,M_sativa_ZM1,M_sativa_ZM1_Chr03,65,31,22,17,39,0,109
7,M_sativa_ZM1,M_sativa_ZM1_Chr03,66,48,13,8,26,0,95
7,M_sativa_ZM1,M_sativa_ZM1_Chr03,67,18,5,8,31,0,62
7,M_sativa_ZM1,M_sativa_ZM1_Chr03,68,27,19,16,16,0,78
7,M_sativa_ZM1,M_sativa_ZM1_Chr03,69,25,14,10,44,0,93
7,M_sativa_ZM1,M_sativa_ZM1_Chr03,70,21,28,10,30,0,89
7,M_sativa_ZM1,M_sativa_ZM1_Chr03,71,28,25,22,22,0,97
7,M_sativa_ZM1,M_sativa_ZM1_Chr03,72,28,26,23,24,0,101
7,M_sativa_ZM1,M_sativa_ZM1_Chr03,73,30,14,8,20,0,72
7,M_sativa_ZM1,M_sativa_ZM1_Chr03,74,39,12,14,45,0,110
7,M_sativa_ZM1,M_sativa_ZM1_Chr03,75,47,16,9,29,0,102
7,M_sativa_ZM1,M_sativa_ZM1_Chr03,76,48,17,13,29,0,107
7,M_sativa_ZM1,M_sativa_ZM1_Chr03,77,33,24,19,30,0,107
7,M_sativa_ZM1,M_sativa_ZM1_Chr03,78,33,23,20,21,0,98
7,M_sativa_ZM1,M_sativa_ZM1_Chr03,79,36,26,26,34,0,122
7,M_sativa_ZM1,M_sativa_ZM1_Chr03,80,44,22,21,48,0,135
7,M_sativa_ZM1,M_sativa_ZM1_Chr03,81,52,16,10,12,0,90
7,M_sativa_ZM1,M_sativa_ZM1_Chr03,82,42,18,14,48,0,123
7,M_sativa_ZM1,M_sativa_ZM1_Chr03,83,31,21,14,29,0,95
7,M_sativa_ZM1,M_sativa_ZM1_Chr03,84,35,19,12,35,0,101
7,M_sativa_ZM1,M_sativa_ZM1_Chr03,85,38,16,17,41,0,112
7,M_sativa_ZM1,M_sativa_ZM1_Chr03,86,47,16,13,30,0,106
7,M_sativa_ZM1,M_sativa_ZM1_Chr03,87,41,17,18,39,0,116
7,M_sativa_ZM1,M_sativa_ZM1_Chr03,88,47,12,17,53,0,129
7,M_sativa_ZM1,M_sativa_ZM1_Chr03,89,42,12,16,38,0,109
7,M_sativa_ZM1,M_sativa_ZM1_Chr03,90,51,13,11,12,0,87
7,M_sativa_ZM1,M_sativa_ZM1_Chr03,91,38,17,12,35,0,102
7,M_sativa_ZM1,M_sativa_ZM1_Chr03,92,37,15,13,20,0,85
7,M_sativa_ZM1,M_sativa_ZM1_Chr03,93,38,14,17,29,0,98
7,M_sativa_ZM1,M_sativa_ZM1_Chr03,94,40,14,15,40,0,109
7,M_sativa_ZM1,M_sativa_ZM1_Chr03,95,44,19,14,38,0,115
7,M_sativa_ZM1,M_sativa_ZM1_Chr03,96,38,12,20,51,0,121
7,M_sativa_ZM1,M_sativa_ZM1_Chr03,97,47,16,13,22,0,99
7,M_sativa_ZM1,M_sativa_ZM1_Chr03,98,42,11,8,34,0,95
7,M_sativa_ZM1,M_sativa_ZM1_Chr03,99,53,13,11,25,0,102
7,M_sativa_ZM1,M_sativa_ZM1_Chr03,100,49,19,12,29,0,109
7,M_sativa_ZM1,M_sativa_ZM1_Chr03,101,52,15,8,29,0,104
7,M_sativa_ZM1,M_sativa_ZM1_Chr03,102,47,23,12,35,0,118
7,M_sativa_ZM1,M_sativa_ZM1_Chr03,103,46,15,9,57,0,127
7,M_sativa_ZM1,M_sativa_ZM1_Chr03,104,5,3,1,5,0,14
7,M_sativa_ZM1,M_sativa_ZM1_Chr04,0,41,16,16,28,0,101
7,M_sativa_ZM1,M_sativa_ZM1_Chr04,1,34,13,14,16,0,77
7,M_sativa_ZM1,M_sativa_ZM1_Chr04,2,26,13,19,21,0,79
7,M_sativa_ZM1,M_sativa_ZM1_Chr04,3,35,8,9,26,0,78
7,M_sativa_ZM1,M_sativa_ZM1_Chr04,4,31,21,15,17,0,85
7,M_sativa_ZM1,M_sativa_ZM1_Chr04,5,32,12,11,24,0,79
7,M_sativa_ZM1,M_sativa_ZM1_Chr04,6,39,23,14,27,0,103
7,M_sativa_ZM1,M_sativa_ZM1_Chr04,7,34,8,8,26,0,76
7,M_sativa_ZM1,M_sativa_ZM1_Chr04,8,33,9,16,29,0,87
7,M_sativa_ZM1,M_sativa_ZM1_Chr04,9,20,17,11,22,0,70
7,M_sativa_ZM1,M_sativa_ZM1_Chr04,10,32,10,17,16,0,75
7,M_sativa_ZM1,M_sativa_ZM1_Chr04,11,31,15,15,33,0,94
7,M_sativa_ZM1,M_sativa_ZM1_Chr04,12,35,6,14,22,0,78
7,M_sativa_ZM1,M_sativa_ZM1_Chr04,13,22,11,9,29,0,71
7,M_sativa_ZM1,M_sativa_ZM1_Chr04,14,32,10,8,26,0,76
7,M_sativa_ZM1,M_sativa_ZM1_Chr04,15,38,5,16,22,0,81
7,M_sativa_ZM1,M_sativa_ZM1_Chr04,16,35,9,14,12,0,70
7,M_sativa_ZM1,M_sativa_ZM1_Chr04,17,19,4,13,12,0,48
7,M_sativa_ZM1,M_sativa_ZM1_Chr04,18,38,5,10,37,0,90
7,M_sativa_ZM1,M_sativa_ZM1_Chr04,19,39,8,16,24,0,87
7,M_sativa_ZM1,M_sativa_ZM1_Chr04,20,36,2,18,26,0,82
7,M_sativa_ZM1,M_sativa_ZM1_Chr04,21,32,6,17,40,0,95
7,M_sativa_ZM1,M_sativa_ZM1_Chr04,22,18,7,13,18,0,56
7,M_sativa_ZM1,M_sativa_ZM1_Chr04,23,19,6,7,27,0,59
7,M_sativa_ZM1,M_sativa_ZM1_Chr04,24,21,3,6,17,0,47
7,M_sativa_ZM1,M_sativa_ZM1_Chr04,25,20,7,5,25,0,57
7,M_sativa_ZM1,M_sativa_ZM1_Chr04,26,25,8,12,19,0,65
7,M_sativa_ZM1,M_sativa_ZM1_Chr04,27,22,5,14,13,0,54
7,M_sativa_ZM1,M_sativa_ZM1_Chr04,28,26,13,10,21,0,70
7,M_sativa_ZM1,M_sativa_ZM1_Chr04,29,21,5,14,20,0,60
7,M_sativa_ZM1,M_sativa_ZM1_Chr04,30,22,4,6,12,0,44
7,M_sativa_ZM1,M_sativa_ZM1_Chr04,31,34,9,7,23,0,73
7,M_sativa_ZM1,M_sativa_ZM1_Chr04,32,25,5,10,22,0,62
7,M_sativa_ZM1,M_sativa_ZM1_Chr04,33,22,13,8,13,0,56
7,M_sativa_ZM1,M_sativa_ZM1_Chr04,34,18,8,10,11,0,47
7,M_sativa_ZM1,M_sativa_ZM1_Chr04,35,12,8,5,16,0,41
7,M_sativa_ZM1,M_sativa_ZM1_Chr04,36,15,1,3,8,0,27
7,M_sativa_ZM1,M_sativa_ZM1_Chr04,37,19,6,3,14,0,42
7,M_sativa_ZM1,M_sativa_ZM1_Chr04,38,24,10,10,35,0,79
7,M_sativa_ZM1,M_sativa_ZM1_Chr04,39,19,9,13,17,0,58
7,M_sativa_ZM1,M_sativa_ZM1_Chr04,40,28,10,7,21,0,66
7,M_sativa_ZM1,M_sativa_ZM1_Chr04,41,16,12,9,14,0,51
7,M_sativa_ZM1,M_sativa_ZM1_Chr04,42,24,16,11,14,0,65
7,M_sativa_ZM1,M_sativa_ZM1_Chr04,43,25,17,14,9,0,65
7,M_sativa_ZM1,M_sativa_ZM1_Chr04,44,21,5,11,15,0,52
7,M_sativa_ZM1,M_sativa_ZM1_Chr04,45,18,11,7,12,0,49
7,M_sativa_ZM1,M_sativa_ZM1_Chr04,46,21,13,9,28,0,71
7,M_sativa_ZM1,M_sativa_ZM1_Chr04,47,19,5,7,24,0,55
7,M_sativa_ZM1,M_sativa_ZM1_Chr04,48,18,14,12,18,0,63
7,M_sativa_ZM1,M_sativa_ZM1_Chr04,49,45,16,12,1,0,74
7,M_sativa_ZM1,M_sativa_ZM1_Chr04,50,54,12,13,4,0,83
7,M_sativa_ZM1,M_sativa_ZM1_Chr04,51,35,22,10,6,0,73
7,M_sativa_ZM1,M_sativa_ZM1_Chr04,52,44,37,14,9,0,104
7,M_sativa_ZM1,M_sativa_ZM1_Chr04,53,22,26,6,8,0,62
7,M_sativa_ZM1,M_sativa_ZM1_Chr04,54,37,36,33,3,0,109
7,M_sativa_ZM1,M_sativa_ZM1_Chr04,55,32,24,9,10,0,75
7,M_sativa_ZM1,M_sativa_ZM1_Chr04,56,42,28,26,7,0,103
7,M_sativa_ZM1,M_sativa_ZM1_Chr04,57,56,23,41,7,0,127
7,M_sativa_ZM1,M_sativa_ZM1_Chr04,58,44,21,13,8,0,86
7,M_sativa_ZM1,M_sativa_ZM1_Chr04,59,25,18,4,0,0,47
7,M_sativa_ZM1,M_sativa_ZM1_Chr04,60,20,8,1,1,0,30
7,M_sativa_ZM1,M_sativa_ZM1_Chr04,61,23,9,1,1,0,34
7,M_sativa_ZM1,M_sativa_ZM1_Chr04,62,34,7,3,2,0,46
7,M_sativa_ZM1,M_sativa_ZM1_Chr04,63,66,16,4,8,0,94
7,M_sativa_ZM1,M_sativa_ZM1_Chr04,64,65,19,6,8,0,98
7,M_sativa_ZM1,M_sativa_ZM1_Chr04,65,80,33,5,14,0,132
7,M_sativa_ZM1,M_sativa_ZM1_Chr04,66,81,24,10,7,0,122
7,M_sativa_ZM1,M_sativa_ZM1_Chr04,67,77,18,11,10,0,116
7,M_sativa_ZM1,M_sativa_ZM1_Chr04,68,63,24,9,7,0,103
7,M_sativa_ZM1,M_sativa_ZM1_Chr04,69,61,24,6,12,0,103
7,M_sativa_ZM1,M_sativa_ZM1_Chr04,70,57,24,14,12,0,107
7,M_sativa_ZM1,M_sativa_ZM1_Chr04,71,51,29,6,4,0,90
7,M_sativa_ZM1,M_sativa_ZM1_Chr04,72,71,29,13,6,0,119
7,M_sativa_ZM1,M_sativa_ZM1_Chr04,73,62,31,7,5,0,105
7,M_sativa_ZM1,M_sativa_ZM1_Chr04,74,84,32,6,9,0,131
7,M_sativa_ZM1,M_sativa_ZM1_Chr04,75,55,24,7,8,0,94
7,M_sativa_ZM1,M_sativa_ZM1_Chr04,76,64,31,9,9,0,113
7,M_sativa_ZM1,M_sativa_ZM1_Chr04,77,64,20,9,11,0,104
7,M_sativa_ZM1,M_sativa_ZM1_Chr04,78,57,29,8,4,0,98
7,M_sativa_ZM1,M_sativa_ZM1_Chr04,79,54,33,13,17,0,117
7,M_sativa_ZM1,M_sativa_ZM1_Chr04,80,42,23,13,12,0,90
7,M_sativa_ZM1,M_sativa_ZM1_Chr04,81,60,43,8,12,0,123
7,M_sativa_ZM1,M_sativa_ZM1_Chr04,82,47,38,5,10,0,100
7,M_sativa_ZM1,M_sativa_ZM1_Chr04,83,46,43,6,6,0,101
7,M_sativa_ZM1,M_sativa_ZM1_Chr04,84,63,42,12,11,0,128
7,M_sativa_ZM1,M_sativa_ZM1_Chr04,85,48,31,5,13,0,97
7,M_sativa_ZM1,M_sativa_ZM1_Chr04,86,50,35,17,12,0,114
7,M_sativa_ZM1,M_sativa_ZM1_Chr04,87,59,21,11,15,0,106
7,M_sativa_ZM1,M_sativa_ZM1_Chr04,88,73,40,13,13,0,139
7,M_sativa_ZM1,M_sativa_ZM1_Chr04,89,54,42,5,6,0,107
7,M_sativa_ZM1,M_sativa_ZM1_Chr04,90,63,36,20,12,0,131
7,M_sativa_ZM1,M_sativa_ZM1_Chr04,91,59,41,12,13,0,125
7,M_sativa_ZM1,M_sativa_ZM1_Chr04,92,43,16,5,6,0,70
7,M_sativa_ZM1,M_sativa_ZM1_Chr05,0,49,41,8,10,0,108
7,M_sativa_ZM1,M_sativa_ZM1_Chr05,1,53,67,10,10,0,140
7,M_sativa_ZM1,M_sativa_ZM1_Chr05,2,63,20,7,10,0,100
7,M_sativa_ZM1,M_sativa_ZM1_Chr05,3,61,27,7,6,0,101
7,M_sativa_ZM1,M_sativa_ZM1_Chr05,4,51,35,11,12,0,109
7,M_sativa_ZM1,M_sativa_ZM1_Chr05,5,65,42,14,8,0,129
7,M_sativa_ZM1,M_sativa_ZM1_Chr05,6,63,37,6,12,0,118
7,M_sativa_ZM1,M_sativa_ZM1_Chr05,7,43,16,7,6,0,72
7,M_sativa_ZM1,M_sativa_ZM1_Chr05,8,32,20,13,5,0,70
7,M_sativa_ZM1,M_sativa_ZM1_Chr05,9,54,25,3,5,0,87
7,M_sativa_ZM1,M_sativa_ZM1_Chr05,10,52,32,5,9,0,98
7,M_sativa_ZM1,M_sativa_ZM1_Chr05,11,44,38,9,7,0,98
7,M_sativa_ZM1,M_sativa_ZM1_Chr05,12,48,44,8,6,0,106
7,M_sativa_ZM1,M_sativa_ZM1_Chr05,13,47,31,5,3,0,86
7,M_sativa_ZM1,M_sativa_ZM1_Chr05,14,39,12,8,33,0,92
7,M_sativa_ZM1,M_sativa_ZM1_Chr05,15,39,18,9,31,0,97
7,M_sativa_ZM1,M_sativa_ZM1_Chr05,16,40,12,10,30,0,92
7,M_sativa_ZM1,M_sativa_ZM1_Chr05,17,39,6,5,34,0,86
7,M_sativa_ZM1,M_sativa_ZM1_Chr05,18,33,9,8,17,0,67
7,M_sativa_ZM1,M_sativa_ZM1_Chr05,19,22,26,6,32,0,86
7,M_sativa_ZM1,M_sativa_ZM1_Chr05,20,33,7,3,28,0,72
7,M_sativa_ZM1,M_sativa_ZM1_Chr05,21,37,6,13,17,0,73
7,M_sativa_ZM1,M_sativa_ZM1_Chr05,22,25,4,5,14,0,49
7,M_sativa_ZM1,M_sativa_ZM1_Chr05,23,36,9,14,22,0,81
7,M_sativa_ZM1,M_sativa_ZM1_Chr05,24,22,22,16,28,0,88
7,M_sativa_ZM1,M_sativa_ZM1_Chr05,25,25,10,10,20,0,65
7,M_sativa_ZM1,M_sativa_ZM1_Chr05,26,22,4,8,25,0,59
7,M_sativa_ZM1,M_sativa_ZM1_Chr05,27,13,3,9,31,0,56
7,M_sativa_ZM1,M_sativa_ZM1_Chr05,28,26,13,11,22,0,72
7,M_sativa_ZM1,M_sativa_ZM1_Chr05,29,32,4,10,24,0,70
7,M_sativa_ZM1,M_sativa_ZM1_Chr05,30,31,4,8,16,0,59
7,M_sativa_ZM1,M_sativa_ZM1_Chr05,31,45,7,13,18,0,83
7,M_sativa_ZM1,M_sativa_ZM1_Chr05,32,38,12,7,24,0,81
7,M_sativa_ZM1,M_sativa_ZM1_Chr05,33,24,5,9,16,0,54
7,M_sativa_ZM1,M_sativa_ZM1_Chr05,34,24,5,7,22,0,58
7,M_sativa_ZM1,M_sativa_ZM1_Chr05,35,14,11,5,15,0,45
7,M_sativa_ZM1,M_sativa_ZM1_Chr05,36,12,4,13,22,0,51
7,M_sativa_ZM1,M_sativa_ZM1_Chr05,37,25,12,7,10,0,54
7,M_sativa_ZM1,M_sativa_ZM1_Chr05,38,28,14,5,27,0,74
7,M_sativa_ZM1,M_sativa_ZM1_Chr05,39,10,7,12,21,0,50
7,M_sativa_ZM1,M_sativa_ZM1_Chr05,40,20,9,7,19,0,55
7,M_sativa_ZM1,M_sativa_ZM1_Chr05,41,18,10,7,15,0,50
7,M_sativa_ZM1,M_sativa_ZM1_Chr05,42,19,9,4,10,0,42
7,M_sativa_ZM1,M_sativa_ZM1_Chr05,43,22,4,1,17,0,45
7,M_sativa_ZM1,M_sativa_ZM1_Chr05,44,15,6,4,17,0,42
7,M_sativa_ZM1,M_sativa_ZM1_Chr05,45,19,12,0,9,0,40
7,M_sativa_ZM1,M_sativa_ZM1_Chr05,46,21,10,6,24,0,61
7,M_sativa_ZM1,M_sativa_ZM1_Chr05,47,17,3,5,15,0,40
7,M_sativa_ZM1,M_sativa_ZM1_Chr05,48,14,6,6,17,0,43
7,M_sativa_ZM1,M_sativa_ZM1_Chr05,49,5,1,1,5,0,12
7,M_sativa_ZM1,M_sativa_ZM1_Chr05,50,12,5,3,9,0,30
7,M_sativa_ZM1,M_sativa_ZM1_Chr05,51,24,11,9,20,0,64
7,M_sativa_ZM1,M_sativa_ZM1_Chr05,52,17,10,5,12,0,44
7,M_sativa_ZM1,M_sativa_ZM1_Chr05,53,16,7,4,15,0,42
7,M_sativa_ZM1,M_sativa_ZM1_Chr05,54,24,6,7,22,0,59
7,M_sativa_ZM1,M_sativa_ZM1_Chr05,55,28,7,8,17,0,60
7,M_sativa_ZM1,M_sativa_ZM1_Chr05,56,23,13,8,24,0,68
7,M_sativa_ZM1,M_sativa_ZM1_Chr05,57,28,13,11,19,0,71
7,M_sativa_ZM1,M_sativa_ZM1_Chr05,58,26,5,11,17,0,59
7,M_sativa_ZM1,M_sativa_ZM1_Chr05,59,21,10,10,37,0,78
7,M_sativa_ZM1,M_sativa_ZM1_Chr05,60,23,4,9,17,0,53
7,M_sativa_ZM1,M_sativa_ZM1_Chr05,61,16,15,12,18,0,61
7,M_sativa_ZM1,M_sativa_ZM1_Chr05,62,15,14,10,15,0,54
7,M_sativa_ZM1,M_sativa_ZM1_Chr05,63,18,16,9,32,0,75
7,M_sativa_ZM1,M_sativa_ZM1_Chr05,64,20,8,14,16,0,58
7,M_sativa_ZM1,M_sativa_ZM1_Chr05,65,11,8,2,10,0,31
7,M_sativa_ZM1,M_sativa_ZM1_Chr05,66,12,3,1,10,0,26
7,M_sativa_ZM1,M_sativa_ZM1_Chr05,67,17,6,7,9,0,39
7,M_sativa_ZM1,M_sativa_ZM1_Chr05,68,31,10,5,18,0,64
7,M_sativa_ZM1,M_sativa_ZM1_Chr05,69,17,18,9,13,0,58
7,M_sativa_ZM1,M_sativa_ZM1_Chr05,70,25,5,15,15,0,60
7,M_sativa_ZM1,M_sativa_ZM1_Chr05,71,19,18,8,21,0,66
7,M_sativa_ZM1,M_sativa_ZM1_Chr05,72,26,7,7,26,0,66
7,M_sativa_ZM1,M_sativa_ZM1_Chr05,73,28,7,19,25,0,79
7,M_sativa_ZM1,M_sativa_ZM1_Chr05,74,34,12,19,23,0,88
7,M_sativa_ZM1,M_sativa_ZM1_Chr05,75,17,5,6,18,0,47
7,M_sativa_ZM1,M_sativa_ZM1_Chr05,76,11,16,4,29,0,60
7,M_sativa_ZM1,M_sativa_ZM1_Chr05,77,36,16,10,23,0,85
7,M_sativa_ZM1,M_sativa_ZM1_Chr05,78,23,7,7,14,0,51
7,M_sativa_ZM1,M_sativa_ZM1_Chr05,79,29,9,13,25,0,76
7,M_sativa_ZM1,M_sativa_ZM1_Chr05,80,39,12,11,32,0,94
7,M_sativa_ZM1,M_sativa_ZM1_Chr05,81,24,13,5,17,0,59
7,M_sativa_ZM1,M_sativa_ZM1_Chr05,82,23,12,11,29,0,75
7,M_sativa_ZM1,M_sativa_ZM1_Chr05,83,33,13,7,18,0,71
7,M_sativa_ZM1,M_sativa_ZM1_Chr05,84,23,10,8,11,0,52
7,M_sativa_ZM1,M_sativa_ZM1_Chr05,85,28,9,10,26,0,73
7,M_sativa_ZM1,M_sativa_ZM1_Chr05,86,29,9,11,17,0,67
7,M_sativa_ZM1,M_sativa_ZM1_Chr05,87,27,4,7,30,0,68
7,M_sativa_ZM1,M_sativa_ZM1_Chr05,88,34,13,9,32,0,88
7,M_sativa_ZM1,M_sativa_ZM1_Chr05,89,19,7,14,17,0,58
7,M_sativa_ZM1,M_sativa_ZM1_Chr05,90,32,18,8,34,0,92
7,M_sativa_ZM1,M_sativa_ZM1_Chr05,91,25,11,10,15,0,61
7,M_sativa_ZM1,M_sativa_ZM1_Chr05,92,22,15,10,12,0,59
7,M_sativa_ZM1,M_sativa_ZM1_Chr05,93,36,7,12,17,0,74
7,M_sativa_ZM1,M_sativa_ZM1_Chr05,94,36,15,10,21,0,82
7,M_sativa_ZM1,M_sativa_ZM1_Chr05,95,18,15,10,30,0,74
7,M_sativa_ZM1,M_sativa_ZM1_Chr05,96,41,12,6,43,0,102
7,M_sativa_ZM1,M_sativa_ZM1_Chr05,97,45,10,14,25,0,94
7,M_sativa_ZM1,M_sativa_ZM1_Chr05,98,33,15,14,28,0,91
7,M_sativa_ZM1,M_sativa_ZM1_Chr05,99,26,11,15,39,0,91
7,M_sativa_ZM1,M_sativa_ZM1_Chr05,100,42,15,15,36,0,108
7,M_sativa_ZM1,M_sativa_ZM1_Chr05,101,58,10,10,30,0,108
7,M_sativa_ZM1,M_sativa_ZM1_Chr05,102,24,13,7,18,0,62
7,M_sativa_ZM1,M_sativa_ZM1_Chr05,103,34,23,10,17,0,84
7,M_sativa_ZM1,M_sativa_ZM1_Chr05,104,47,14,15,32,0,108
7,M_sativa_ZM1,M_sativa_ZM1_Chr05,105,18,9,6,30,0,63
7,M_sativa_ZM1,M_sativa_ZM1_Chr05,106,30,9,18,22,0,79
7,M_sativa_ZM1,M_sativa_ZM1_Chr05,107,21,5,13,30,0,69
7,M_sativa_ZM1,M_sativa_ZM1_Chr05,108,37,6,16,26,0,85
7,M_sativa_ZM1,M_sativa_ZM1_Chr05,109,2,2,5,10,0,19
7,M_sativa_ZM1,M_sativa_ZM1_Chr06,0,37,10,13,11,0,71
7,M_sativa_ZM1,M_sativa_ZM1_Chr06,1,34,14,12,23,0,84
7,M_sativa_ZM1,M_sativa_ZM1_Chr06,2,15,7,3,16,0,42
7,M_sativa_ZM1,M_sativa_ZM1_Chr06,3,27,1,12,19,0,59
7,M_sativa_ZM1,M_sativa_ZM1_Chr06,4,22,3,9,12,0,46
7,M_sativa_ZM1,M_sativa_ZM1_Chr06,5,28,3,11,25,0,67
7,M_sativa_ZM1,M_sativa_ZM1_Chr06,6,44,8,13,32,0,97
7,M_sativa_ZM1,M_sativa_ZM1_Chr06,7,22,7,7,26,0,62
7,M_sativa_ZM1,M_sativa_ZM1_Chr06,8,24,6,4,14,0,48
7,M_sativa_ZM1,M_sativa_ZM1_Chr06,9,25,6,7,21,0,59
7,M_sativa_ZM1,M_sativa_ZM1_Chr06,10,24,7,5,17,0,53
7,M_sativa_ZM1,M_sativa_ZM1_Chr06,11,33,10,9,26,0,78
7,M_sativa_ZM1,M_sativa_ZM1_Chr06,12,38,17,15,28,0,98
7,M_sativa_ZM1,M_sativa_ZM1_Chr06,13,26,8,9,17,0,60
7,M_sativa_ZM1,M_sativa_ZM1_Chr06,14,21,4,10,20,0,55
7,M_sativa_ZM1,M_sativa_ZM1_Chr06,15,20,5,19,11,0,55
7,M_sativa_ZM1,M_sativa_ZM1_Chr06,16,13,4,10,31,0,58
7,M_sativa_ZM1,M_sativa_ZM1_Chr06,17,20,12,12,33,0,77
7,M_sativa_ZM1,M_sativa_ZM1_Chr06,18,32,7,4,23,0,66
7,M_sativa_ZM1,M_sativa_ZM1_Chr06,19,18,8,13,17,0,56
7,M_sativa_ZM1,M_sativa_ZM1_Chr06,20,46,4,13,24,0,88
7,M_sativa_ZM1,M_sativa_ZM1_Chr06,21,27,5,11,12,0,55
7,M_sativa_ZM1,M_sativa_ZM1_Chr06,22,20,10,16,38,0,84
7,M_sativa_ZM1,M_sativa_ZM1_Chr06,23,30,4,8,19,0,61
7,M_sativa_ZM1,M_sativa_ZM1_Chr06,24,30,5,17,30,0,82
7,M_sativa_ZM1,M_sativa_ZM1_Chr06,25,22,3,12,16,0,54
7,M_sativa_ZM1,M_sativa_ZM1_Chr06,26,28,2,14,28,0,72
7,M_sativa_ZM1,M_sativa_ZM1_Chr06,27,37,4,10,14,0,65
7,M_sativa_ZM1,M_sativa_ZM1_Chr06,28,14,6,10,14,0,44
7,M_sativa_ZM1,M_sativa_ZM1_Chr06,29,9,1,8,15,0,33
7,M_sativa_ZM1,M_sativa_ZM1_Chr06,30,18,3,4,15,0,40
7,M_sativa_ZM1,M_sativa_ZM1_Chr06,31,18,10,12,19,0,59
7,M_sativa_ZM1,M_sativa_ZM1_Chr06,32,13,8,5,17,0,43
7,M_sativa_ZM1,M_sativa_ZM1_Chr06,33,29,9,15,37,0,90
7,M_sativa_ZM1,M_sativa_ZM1_Chr06,34,8,5,2,15,0,30
7,M_sativa_ZM1,M_sativa_ZM1_Chr06,35,15,7,8,16,0,46
7,M_sativa_ZM1,M_sativa_ZM1_Chr06,36,11,2,13,7,0,33
7,M_sativa_ZM1,M_sativa_ZM1_Chr06,37,45,5,8,15,0,73
7,M_sativa_ZM1,M_sativa_ZM1_Chr06,38,26,1,5,19,0,51
7,M_sativa_ZM1,M_sativa_ZM1_Chr06,39,16,4,10,14,0,44
7,M_sativa_ZM1,M_sativa_ZM1_Chr06,40,26,2,13,19,0,61
7,M_sativa_ZM1,M_sativa_ZM1_Chr06,41,19,9,6,9,0,43
7,M_sativa_ZM1,M_sativa_ZM1_Chr06,42,25,8,13,25,0,71
7,M_sativa_ZM1,M_sativa_ZM1_Chr06,43,19,2,10,25,0,56
7,M_sativa_ZM1,M_sativa_ZM1_Chr06,44,24,9,6,34,0,73
7,M_sativa_ZM1,M_sativa_ZM1_Chr06,45,14,3,10,18,0,45
7,M_sativa_ZM1,M_sativa_ZM1_Chr06,46,26,5,4,18,0,54
7,M_sativa_ZM1,M_sativa_ZM1_Chr06,47,15,9,7,12,0,43
7,M_sativa_ZM1,M_sativa_ZM1_Chr06,48,13,8,2,7,0,31
7,M_sativa_ZM1,M_sativa_ZM1_Chr06,49,27,3,11,22,0,63
7,M_sativa_ZM1,M_sativa_ZM1_Chr06,50,27,8,16,22,0,73
7,M_sativa_ZM1,M_sativa_ZM1_Chr06,51,18,6,5,15,0,44
7,M_sativa_ZM1,M_sativa_ZM1_Chr06,52,14,3,12,18,0,47
7,M_sativa_ZM1,M_sativa_ZM1_Chr06,53,21,8,13,22,0,64
7,M_sativa_ZM1,M_sativa_ZM1_Chr06,54,6,6,12,23,0,47
7,M_sativa_ZM1,M_sativa_ZM1_Chr06,55,15,5,5,16,0,42
7,M_sativa_ZM1,M_sativa_ZM1_Chr06,56,19,10,7,7,0,43
7,M_sativa_ZM1,M_sativa_ZM1_Chr06,57,11,4,10,9,0,35
7,M_sativa_ZM1,M_sativa_ZM1_Chr06,58,17,11,9,23,0,60
7,M_sativa_ZM1,M_sativa_ZM1_Chr06,59,13,5,3,15,0,36
7,M_sativa_ZM1,M_sativa_ZM1_Chr06,60,23,0,13,24,0,60
7,M_sativa_ZM1,M_sativa_ZM1_Chr06,61,15,4,3,18,0,41
7,M_sativa_ZM1,M_sativa_ZM1_Chr06,62,13,4,7,23,0,47
7,M_sativa_ZM1,M_sativa_ZM1_Chr06,63,25,7,5,26,0,63
7,M_sativa_ZM1,M_sativa_ZM1_Chr06,64,26,4,7,15,0,52
7,M_sativa_ZM1,M_sativa_ZM1_Chr06,65,21,5,10,11,0,48
7,M_sativa_ZM1,M_sativa_ZM1_Chr06,66,20,6,10,11,0,47
7,M_sativa_ZM1,M_sativa_ZM1_Chr06,67,21,1,8,13,0,43
7,M_sativa_ZM1,M_sativa_ZM1_Chr06,68,25,8,5,27,0,65
7,M_sativa_ZM1,M_sativa_ZM1_Chr06,69,19,6,10,18,0,54
7,M_sativa_ZM1,M_sativa_ZM1_Chr06,70,14,2,14,46,0,77
7,M_sativa_ZM1,M_sativa_ZM1_Chr06,71,16,13,7,15,0,51
7,M_sativa_ZM1,M_sativa_ZM1_Chr06,72,9,4,9,32,0,55
7,M_sativa_ZM1,M_sativa_ZM1_Chr06,73,12,1,1,26,0,40
7,M_sativa_ZM1,M_sativa_ZM1_Chr06,74,13,2,13,14,0,42
7,M_sativa_ZM1,M_sativa_ZM1_Chr06,75,18,12,16,23,0,69
7,M_sativa_ZM1,M_sativa_ZM1_Chr06,76,14,9,6,13,0,42
7,M_sativa_ZM1,M_sativa_ZM1_Chr06,77,23,10,4,2,0,39
7,M_sativa_ZM1,M_sativa_ZM1_Chr06,78,16,7,7,14,0,45
7,M_sativa_ZM1,M_sativa_ZM1_Chr06,79,16,7,9,31,0,63
7,M_sativa_ZM1,M_sativa_ZM1_Chr06,80,18,11,8,15,0,52
7,M_sativa_ZM1,M_sativa_ZM1_Chr06,81,21,3,9,16,0,49
7,M_sativa_ZM1,M_sativa_ZM1_Chr06,82,7,5,8,23,0,43
7,M_sativa_ZM1,M_sativa_ZM1_Chr06,83,14,7,4,8,0,33
7,M_sativa_ZM1,M_sativa_ZM1_Chr06,84,19,8,12,14,0,53
7,M_sativa_ZM1,M_sativa_ZM1_Chr06,85,20,19,8,18,0,65
7,M_sativa_ZM1,M_sativa_ZM1_Chr06,86,25,7,8,32,0,72
7,M_sativa_ZM1,M_sativa_ZM1_Chr06,87,24,11,11,18,0,64
7,M_sativa_ZM1,M_sativa_ZM1_Chr06,88,29,3,11,31,0,74
7,M_sativa_ZM1,M_sativa_ZM1_Chr06,89,17,3,11,25,0,56
7,M_sativa_ZM1,M_sativa_ZM1_Chr06,90,22,6,5,18,0,51
7,M_sativa_ZM1,M_sativa_ZM1_Chr06,91,32,4,6,22,0,64
7,M_sativa_ZM1,M_sativa_ZM1_Chr06,92,33,4,9,19,0,65
7,M_sativa_ZM1,M_sativa_ZM1_Chr06,93,30,15,7,17,0,69
7,M_sativa_ZM1,M_sativa_ZM1_Chr06,94,23,17,20,8,0,68
7,M_sativa_ZM1,M_sativa_ZM1_Chr06,95,24,14,14,26,0,78
7,M_sativa_ZM1,M_sativa_ZM1_Chr06,96,37,14,12,23,0,86
7,M_sativa_ZM1,M_sativa_ZM1_Chr06,97,20,13,8,20,0,62
7,M_sativa_ZM1,M_sativa_ZM1_Chr06,98,15,5,8,48,0,77
7,M_sativa_ZM1,M_sativa_ZM1_Chr06,99,14,11,4,13,0,42
7,M_sativa_ZM1,M_sativa_ZM1_Chr06,100,21,10,12,42,0,85
7,M_sativa_ZM1,M_sativa_ZM1_Chr06,101,25,3,9,29,0,66
7,M_sativa_ZM1,M_sativa_ZM1_Chr06,102,16,5,5,15,0,41
7,M_sativa_ZM1,M_sativa_ZM1_Chr06,103,16,3,6,18,0,43
7,M_sativa_ZM1,M_sativa_ZM1_Chr06,104,9,8,9,18,0,44
7,M_sativa_ZM1,M_sativa_ZM1_Chr06,105,20,4,9,20,0,53
7,M_sativa_ZM1,M_sativa_ZM1_Chr06,106,19,7,11,23,0,60
7,M_sativa_ZM1,M_sativa_ZM1_Chr06,107,24,6,9,22,0,62
7,M_sativa_ZM1,M_sativa_ZM1_Chr06,108,25,16,12,23,0,76
7,M_sativa_ZM1,M_sativa_ZM1_Chr06,109,24,8,9,26,0,67
7,M_sativa_ZM1,M_sativa_ZM1_Chr06,110,31,9,8,27,0,75
7,M_sativa_ZM1,M_sativa_ZM1_Chr06,111,44,9,13,25,0,91
7,M_sativa_ZM1,M_sativa_ZM1_Chr06,112,24,18,12,27,0,82
7,M_sativa_ZM1,M_sativa_ZM1_Chr06,113,29,7,10,48,0,94
7,M_sativa_ZM1,M_sativa_ZM1_Chr06,114,12,3,4,6,0,25
7,M_sativa_ZM1,M_sativa_ZM1_Chr07,0,34,11,19,16,0,80
7,M_sativa_ZM1,M_sativa_ZM1_Chr07,1,29,10,20,20,0,79
7,M_sativa_ZM1,M_sativa_ZM1_Chr07,2,23,13,16,20,0,72
7,M_sativa_ZM1,M_sativa_ZM1_Chr07,3,25,5,5,15,0,50
7,M_sativa_ZM1,M_sativa_ZM1_Chr07,4,27,14,11,34,0,86
7,M_sativa_ZM1,M_sativa_ZM1_Chr07,5,17,9,10,15,0,51
7,M_sativa_ZM1,M_sativa_ZM1_Chr07,6,42,5,13,14,0,74
7,M_sativa_ZM1,M_sativa_ZM1_Chr07,7,36,1,14,13,0,64
7,M_sativa_ZM1,M_sativa_ZM1_Chr07,8,19,10,10,16,0,55
7,M_sativa_ZM1,M_sativa_ZM1_Chr07,9,19,4,10,14,0,47
7,M_sativa_ZM1,M_sativa_ZM1_Chr07,10,41,6,10,19,0,76
7,M_sativa_ZM1,M_sativa_ZM1_Chr07,11,20,15,4,18,0,57
7,M_sativa_ZM1,M_sativa_ZM1_Chr07,12,21,6,12,37,0,76
7,M_sativa_ZM1,M_sativa_ZM1_Chr07,13,18,7,10,20,0,55
7,M_sativa_ZM1,M_sativa_ZM1_Chr07,14,26,5,8,21,0,60
7,M_sativa_ZM1,M_sativa_ZM1_Chr07,15,25,14,6,18,0,63
7,M_sativa_ZM1,M_sativa_ZM1_Chr07,16,29,13,15,15,0,72
7,M_sativa_ZM1,M_sativa_ZM1_Chr07,17,25,11,14,12,0,62
7,M_sativa_ZM1,M_sativa_ZM1_Chr07,18,24,6,12,20,0,62
7,M_sativa_ZM1,M_sativa_ZM1_Chr07,19,25,9,12,21,0,67
7,M_sativa_ZM1,M_sativa_ZM1_Chr07,20,30,7,6,30,0,73
7,M_sativa_ZM1,M_sativa_ZM1_Chr07,21,23,3,8,35,0,69
7,M_sativa_ZM1,M_sativa_ZM1_Chr07,22,30,5,15,38,0,88
7,M_sativa_ZM1,M_sativa_ZM1_Chr07,23,17,1,5,26,0,49
7,M_sativa_ZM1,M_sativa_ZM1_Chr07,24,19,8,12,14,0,53
7,M_sativa_ZM1,M_sativa_ZM1_Chr07,25,17,2,13,11,0,43
7,M_sativa_ZM1,M_sativa_ZM1_Chr07,26,21,11,7,23,0,62
7,M_sativa_ZM1,M_sativa_ZM1_Chr07,27,22,4,14,8,0,48
7,M_sativa_ZM1,M_sativa_ZM1_Chr07,28,10,4,15,23,0,53
7,M_sativa_ZM1,M_sativa_ZM1_Chr07,29,22,6,16,18,0,62
7,M_sativa_ZM1,M_sativa_ZM1_Chr07,30,14,11,5,17,0,47
7,M_sativa_ZM1,M_sativa_ZM1_Chr07,31,16,5,2,19,0,42
7,M_sativa_ZM1,M_sativa_ZM1_Chr07,32,18,4,10,23,0,55
7,M_sativa_ZM1,M_sativa_ZM1_Chr07,33,16,9,5,16,0,46
7,M_sativa_ZM1,M_sativa_ZM1_Chr07,34,19,9,9,23,0,60
7,M_sativa_ZM1,M_sativa_ZM1_Chr07,35,22,8,12,16,0,58
7,M_sativa_ZM1,M_sativa_ZM1_Chr07,36,19,20,18,13,0,70
7,M_sativa_ZM1,M_sativa_ZM1_Chr07,37,20,7,5,17,0,49
7,M_sativa_ZM1,M_sativa_ZM1_Chr07,38,19,6,9,15,0,49
7,M_sativa_ZM1,M_sativa_ZM1_Chr07,39,18,13,4,21,0,56
7,M_sativa_ZM1,M_sativa_ZM1_Chr07,40,24,5,6,10,0,45
7,M_sativa_ZM1,M_sativa_ZM1_Chr07,41,13,7,13,20,0,54
7,M_sativa_ZM1,M_sativa_ZM1_Chr07,42,15,6,9,16,0,46
7,M_sativa_ZM1,M_sativa_ZM1_Chr07,43,23,13,14,11,0,62
7,M_sativa_ZM1,M_sativa_ZM1_Chr07,44,27,4,6,22,0,59
7,M_sativa_ZM1,M_sativa_ZM1_Chr07,45,19,11,5,16,0,52
7,M_sativa_ZM1,M_sativa_ZM1_Chr07,46,19,6,2,19,0,46
7,M_sativa_ZM1,M_sativa_ZM1_Chr07,47,20,7,27,28,0,82
7,M_sativa_ZM1,M_sativa_ZM1_Chr07,48,20,4,21,18,0,63
7,M_sativa_ZM1,M_sativa_ZM1_Chr07,49,23,4,9,14,0,50
7,M_sativa_ZM1,M_sativa_ZM1_Chr07,50,21,10,6,28,0,65
7,M_sativa_ZM1,M_sativa_ZM1_Chr07,51,5,14,9,21,0,49
7,M_sativa_ZM1,M_sativa_ZM1_Chr07,52,16,4,11,16,0,47
7,M_sativa_ZM1,M_sativa_ZM1_Chr07,53,16,16,21,27,0,80
7,M_sativa_ZM1,M_sativa_ZM1_Chr07,54,16,2,9,28,0,55
7,M_sativa_ZM1,M_sativa_ZM1_Chr07,55,15,11,7,24,0,57
7,M_sativa_ZM1,M_sativa_ZM1_Chr07,56,19,7,11,14,0,51
7,M_sativa_ZM1,M_sativa_ZM1_Chr07,57,45,16,9,9,0,79
7,M_sativa_ZM1,M_sativa_ZM1_Chr07,58,47,20,2,1,0,70
7,M_sativa_ZM1,M_sativa_ZM1_Chr07,59,36,10,6,7,0,59
7,M_sativa_ZM1,M_sativa_ZM1_Chr07,60,33,30,9,8,0,80
7,M_sativa_ZM1,M_sativa_ZM1_Chr07,61,32,20,6,2,0,60
7,M_sativa_ZM1,M_sativa_ZM1_Chr07,62,35,18,8,5,0,66
7,M_sativa_ZM1,M_sativa_ZM1_Chr07,63,48,9,6,10,0,73
7,M_sativa_ZM1,M_sativa_ZM1_Chr07,64,57,32,9,16,0,114
7,M_sativa_ZM1,M_sativa_ZM1_Chr07,65,44,25,14,5,0,88
7,M_sativa_ZM1,M_sativa_ZM1_Chr07,66,42,32,7,10,0,91
7,M_sativa_ZM1,M_sativa_ZM1_Chr07,67,43,25,15,9,0,92
7,M_sativa_ZM1,M_sativa_ZM1_Chr07,68,58,14,5,0,0,77
7,M_sativa_ZM1,M_sativa_ZM1_Chr07,69,64,43,7,5,0,119
7,M_sativa_ZM1,M_sativa_ZM1_Chr07,70,53,30,4,2,0,89
7,M_sativa_ZM1,M_sativa_ZM1_Chr07,71,55,16,8,9,0,88
7,M_sativa_ZM1,M_sativa_ZM1_Chr07,72,66,19,4,6,0,95
7,M_sativa_ZM1,M_sativa_ZM1_Chr07,73,57,26,13,15,0,111
7,M_sativa_ZM1,M_sativa_ZM1_Chr07,74,56,32,6,13,0,107
7,M_sativa_ZM1,M_sativa_ZM1_Chr07,75,71,18,8,7,0,104
7,M_sativa_ZM1,M_sativa_ZM1_Chr07,76,50,24,8,7,0,89
7,M_sativa_ZM1,M_sativa_ZM1_Chr07,77,50,26,6,8,0,90
7,M_sativa_ZM1,M_sativa_ZM1_Chr07,78,56,15,20,9,0,100
7,M_sativa_ZM1,M_sativa_ZM1_Chr07,79,60,21,8,7,0,96
7,M_sativa_ZM1,M_sativa_ZM1_Chr07,80,34,29,12,5,0,80
7,M_sativa_ZM1,M_sativa_ZM1_Chr07,81,33,42,8,15,0,98
7,M_sativa_ZM1,M_sativa_ZM1_Chr07,82,45,37,12,5,0,99
7,M_sativa_ZM1,M_sativa_ZM1_Chr07,83,55,42,16,25,0,138
7,M_sativa_ZM1,M_sativa_ZM1_Chr07,84,50,23,7,7,0,87
7,M_sativa_ZM1,M_sativa_ZM1_Chr07,85,76,34,6,5,0,121
7,M_sativa_ZM1,M_sativa_ZM1_Chr07,86,46,44,11,10,0,111
7,M_sativa_ZM1,M_sativa_ZM1_Chr07,87,32,35,9,8,0,84
7,M_sativa_ZM1,M_sativa_ZM1_Chr07,88,55,36,16,14,0,121
7,M_sativa_ZM1,M_sativa_ZM1_Chr07,89,59,31,22,10,0,122
7,M_sativa_ZM1,M_sativa_ZM1_Chr07,90,72,24,9,7,0,112
7,M_sativa_ZM1,M_sativa_ZM1_Chr07,91,43,40,13,9,0,105
7,M_sativa_ZM1,M_sativa_ZM1_Chr07,92,68,34,11,7,0,120
7,M_sativa_ZM1,M_sativa_ZM1_Chr07,93,42,58,13,5,0,118
7,M_sativa_ZM1,M_sativa_ZM1_Chr07,94,60,26,27,11,0,124
7,M_sativa_ZM1,M_sativa_ZM1_Chr07,95,36,17,14,6,0,73
7,M_sativa_ZM1,M_sativa_ZM1_Chr08,0,46,30,14,1,0,91
7,M_sativa_ZM1,M_sativa_ZM1_Chr08,1,76,12,2,5,0,95
7,M_sativa_ZM1,M_sativa_ZM1_Chr08,2,67,14,8,11,0,100
7,M_sativa_ZM1,M_sativa_ZM1_Chr08,3,64,12,9,10,0,95
7,M_sativa_ZM1,M_sativa_ZM1_Chr08,4,31,27,22,10,0,90
7,M_sativa_ZM1,M_sativa_ZM1_Chr08,5,34,11,24,6,0,75
7,M_sativa_ZM1,M_sativa_ZM1_Chr08,6,36,19,11,7,0,73
7,M_sativa_ZM1,M_sativa_ZM1_Chr08,7,48,39,7,3,0,97
7,M_sativa_ZM1,M_sativa_ZM1_Chr08,8,30,26,9,6,0,71
7,M_sativa_ZM1,M_sativa_ZM1_Chr08,9,58,23,11,4,0,96
7,M_sativa_ZM1,M_sativa_ZM1_Chr08,10,52,28,7,2,0,89
7,M_sativa_ZM1,M_sativa_ZM1_Chr08,11,49,17,14,8,0,88
7,M_sativa_ZM1,M_sativa_ZM1_Chr08,12,33,25,6,1,0,65
7,M_sativa_ZM1,M_sativa_ZM1_Chr08,13,52,27,5,10,0,94
7,M_sativa_ZM1,M_sativa_ZM1_Chr08,14,55,26,10,9,0,100
7,M_sativa_ZM1,M_sativa_ZM1_Chr08,15,31,26,11,4,0,72
7,M_sativa_ZM1,M_sativa_ZM1_Chr08,16,32,12,8,0,0,52
7,M_sativa_ZM1,M_sativa_ZM1_Chr08,17,46,12,13,9,0,80
7,M_sativa_ZM1,M_sativa_ZM1_Chr08,18,59,11,13,7,0,90
7,M_sativa_ZM1,M_sativa_ZM1_Chr08,19,56,20,10,4,0,90
7,M_sativa_ZM1,M_sativa_ZM1_Chr08,20,53,9,4,6,0,72
7,M_sativa_ZM1,M_sativa_ZM1_Chr08,21,49,10,7,6,0,72
7,M_sativa_ZM1,M_sativa_ZM1_Chr08,22,32,15,3,1,0,51
7,M_sativa_ZM1,M_sativa_ZM1_Chr08,23,31,5,13,1,0,50
7,M_sativa_ZM1,M_sativa_ZM1_Chr08,24,39,9,10,5,0,63
7,M_sativa_ZM1,M_sativa_ZM1_Chr08,25,48,22,7,7,0,84
7,M_sativa_ZM1,M_sativa_ZM1_Chr08,26,40,18,8,5,0,71
7,M_sativa_ZM1,M_sativa_ZM1_Chr08,27,55,7,7,7,0,76
7,M_sativa_ZM1,M_sativa_ZM1_Chr08,28,34,12,16,7,0,69
7,M_sativa_ZM1,M_sativa_ZM1_Chr08,29,47,21,4,7,0,79
7,M_sativa_ZM1,M_sativa_ZM1_Chr08,30,40,25,6,8,0,79
7,M_sativa_ZM1,M_sativa_ZM1_Chr08,31,67,20,11,7,0,105
7,M_sativa_ZM1,M_sativa_ZM1_Chr08,32,47,19,8,7,0,81
7,M_sativa_ZM1,M_sativa_ZM1_Chr08,33,37,6,1,4,0,48
7,M_sativa_ZM1,M_sativa_ZM1_Chr08,34,46,9,5,3,0,63
7,M_sativa_ZM1,M_sativa_ZM1_Chr08,35,41,13,9,7,0,70
7,M_sativa_ZM1,M_sativa_ZM1_Chr08,36,36,14,0,2,0,52
7,M_sativa_ZM1,M_sativa_ZM1_Chr08,37,35,18,6,13,0,72
7,M_sativa_ZM1,M_sativa_ZM1_Chr08,38,25,16,1,4,0,46
7,M_sativa_ZM1,M_sativa_ZM1_Chr08,39,31,17,9,9,0,66
7,M_sativa_ZM1,M_sativa_ZM1_Chr08,40,45,14,4,7,0,70
7,M_sativa_ZM1,M_sativa_ZM1_Chr08,41,31,17,1,1,0,50
7,M_sativa_ZM1,M_sativa_ZM1_Chr08,42,23,8,10,11,0,52
7,M_sativa_ZM1,M_sativa_ZM1_Chr08,43,10,9,5,12,0,36
7,M_sativa_ZM1,M_sativa_ZM1_Chr08,44,24,6,8,11,0,49
7,M_sativa_ZM1,M_sativa_ZM1_Chr08,45,23,9,22,26,0,80
7,M_sativa_ZM1,M_sativa_ZM1_Chr08,46,17,2,19,21,0,59
7,M_sativa_ZM1,M_sativa_ZM1_Chr08,47,23,6,3,17,0,49
7,M_sativa_ZM1,M_sativa_ZM1_Chr08,48,31,6,17,20,0,74
7,M_sativa_ZM1,M_sativa_ZM1_Chr08,49,34,3,18,18,0,73
7,M_sativa_ZM1,M_sativa_ZM1_Chr08,50,34,6,14,21,0,75
7,M_sativa_ZM1,M_sativa_ZM1_Chr08,51,33,12,12,19,0,76
7,M_sativa_ZM1,M_sativa_ZM1_Chr08,52,44,7,19,35,0,105
7,M_sativa_ZM1,M_sativa_ZM1_Chr08,53,20,8,9,14,0,51
7,M_sativa_ZM1,M_sativa_ZM1_Chr08,54,35,8,10,40,0,93
7,M_sativa_ZM1,M_sativa_ZM1_Chr08,55,32,5,7,18,0,62
7,M_sativa_ZM1,M_sativa_ZM1_Chr08,56,40,5,13,29,0,87
7,M_sativa_ZM1,M_sativa_ZM1_Chr08,57,31,4,15,20,0,70
7,M_sativa_ZM1,M_sativa_ZM1_Chr08,58,39,3,10,26,0,79
7,M_sativa_ZM1,M_sativa_ZM1_Chr08,59,29,9,13,24,0,75
7,M_sativa_ZM1,M_sativa_ZM1_Chr08,60,36,5,11,24,0,76
7,M_sativa_ZM1,M_sativa_ZM1_Chr08,61,56,4,10,18,0,89
7,M_sativa_ZM1,M_sativa_ZM1_Chr08,62,50,8,16,32,0,106
7,M_sativa_ZM1,M_sativa_ZM1_Chr08,63,40,2,13,32,0,87
7,M_sativa_ZM1,M_sativa_ZM1_Chr08,64,37,4,8,23,0,72
7,M_sativa_ZM1,M_sativa_ZM1_Chr08,65,41,1,8,17,0,67
7,M_sativa_ZM1,M_sativa_ZM1_Chr08,66,46,8,5,25,0,84
7,M_sativa_ZM1,M_sativa_ZM1_Chr08,67,44,7,6,17,0,74
7,M_sativa_ZM1,M_sativa_ZM1_Chr08,68,42,3,10,31,0,86
7,M_sativa_ZM1,M_sativa_ZM1_Chr08,69,46,7,7,20,0,80
7,M_sativa_ZM1,M_sativa_ZM1_Chr08,70,54,10,16,20,0,100
7,M_sativa_ZM1,M_sativa_ZM1_Chr08,71,50,8,13,38,0,109
7,M_sativa_ZM1,M_sativa_ZM1_Chr08,72,71,2,10,20,0,103
7,M_sativa_ZM1,M_sativa_ZM1_Chr08,73,55,5,17,34,0,111
7,M_sativa_ZM1,M_sativa_ZM1_Chr08,74,61,6,12,29,0,108
7,M_sativa_ZM1,M_sativa_ZM1_Chr08,75,38,6,20,31,0,95
7,M_sativa_ZM1,M_sativa_ZM1_Chr08,76,54,3,23,15,0,95
7,M_sativa_ZM1,M_sativa_ZM1_Chr08,77,45,9,14,44,0,112
7,M_sativa_ZM1,M_sativa_ZM1_Chr08,78,44,6,11,37,0,98
7,M_sativa_ZM1,M_sativa_ZM1_Chr08,79,54,4,12,34,0,105
7,M_sativa_ZM1,M_sativa_ZM1_Chr08,80,54,4,19,19,0,96
7,M_sativa_ZM1,M_sativa_ZM1_Chr08,81,61,8,11,22,0,102
7,M_sativa_ZM1,M_sativa_ZM1_Chr08,82,50,13,7,39,0,109
7,M_sativa_ZM1,M_sativa_ZM1_Chr08,83,44,7,18,33,0,102
7,M_sativa_ZM1,M_sativa_ZM1_Chr08,84,52,4,11,45,0,112
7,M_sativa_ZM1,M_sativa_ZM1_Chr08,85,56,11,18,46,0,131
7,M_sativa_ZM1,M_sativa_ZM1_Chr08,86,31,11,15,49,0,106
7,M_sativa_ZM1,M_sativa_ZM1_Chr08,87,43,11,3,24,0,81
7,M_sativa_ZM1,M_sativa_ZM1_Chr08,88,75,13,11,24,0,123
7,M_sativa_ZM1,M_sativa_ZM1_Chr08,89,58,9,21,45,0,134
7,M_sativa_ZM1,M_sativa_ZM1_Chr08,90,39,7,20,9,0,75
8,M_sativa_ZM4_hap4,M_sativa_ZM4_hap4_Chr01,0,25,20,4,3,0,52
8,M_sativa_ZM4_hap4,M_sativa_ZM4_hap4_Chr01,1,34,20,11,8,0,75
8,M_sativa_ZM4_hap4,M_sativa_ZM4_hap4_Chr01,2,43,28,10,51,0,183
8,M_sativa_ZM4_hap4,M_sativa_ZM4_hap4_Chr01,3,59,10,15,54,0,181
8,M_sativa_ZM4_hap4,M_sativa_ZM4_hap4_Chr01,4,41,6,33,148,0,357
8,M_sativa_ZM4_hap4,M_sativa_ZM4_hap4_Chr01,5,40,16,29,147,0,351
8,M_sativa_ZM4_hap4,M_sativa_ZM4_hap4_Chr01,6,18,20,50,143,0,360
8,M_sativa_ZM4_hap4,M_sativa_ZM4_hap4_Chr01,7,52,13,20,138,0,339
8,M_sativa_ZM4_hap4,M_sativa_ZM4_hap4_Chr01,8,51,9,25,132,0,330
8,M_sativa_ZM4_hap4,M_sativa_ZM4_hap4_Chr01,9,49,16,12,137,0,317
8,M_sativa_ZM4_hap4,M_sativa_ZM4_hap4_Chr01,10,59,8,13,118,0,309
8,M_sativa_ZM4_hap4,M_sativa_ZM4_hap4_Chr01,11,48,14,12,132,0,324
8,M_sativa_ZM4_hap4,M_sativa_ZM4_hap4_Chr01,12,24,19,26,128,0,313
8,M_sativa_ZM4_hap4,M_sativa_ZM4_hap4_Chr01,13,33,17,22,114,0,284
8,M_sativa_ZM4_hap4,M_sativa_ZM4_hap4_Chr01,14,21,33,13,116,0,299
8,M_sativa_ZM4_hap4,M_sativa_ZM4_hap4_Chr01,15,16,28,29,114,0,297
8,M_sativa_ZM4_hap4,M_sativa_ZM4_hap4_Chr01,16,9,34,19,114,0,284
8,M_sativa_ZM4_hap4,M_sativa_ZM4_hap4_Chr01,17,0,1,1,112,0,216
8,M_sativa_ZM4_hap4,M_sativa_ZM4_hap4_Chr01,18,29,30,6,116,0,289
8,M_sativa_ZM4_hap4,M_sativa_ZM4_hap4_Chr01,19,34,23,15,120,0,278
8,M_sativa_ZM4_hap4,M_sativa_ZM4_hap4_Chr01,20,29,32,11,124,0,329
8,M_sativa_ZM4_hap4,M_sativa_ZM4_hap4_Chr01,21,26,21,19,112,0,263
8,M_sativa_ZM4_hap4,M_sativa_ZM4_hap4_Chr01,22,20,5,18,122,0,258
8,M_sativa_ZM4_hap4,M_sativa_ZM4_hap4_Chr01,23,15,16,24,110,0,263
8,M_sativa_ZM4_hap4,M_sativa_ZM4_hap4_Chr01,24,15,4,10,72,0,186
8,M_sativa_ZM4_hap4,M_sativa_ZM4_hap4_Chr01,25,1,0,0,92,0,186
8,M_sativa_ZM4_hap4,M_sativa_ZM4_hap4_Chr01,26,11,14,23,88,0,222
8,M_sativa_ZM4_hap4,M_sativa_ZM4_hap4_Chr01,27,21,25,17,47,0,141
8,M_sativa_ZM4_hap4,M_sativa_ZM4_hap4_Chr01,28,26,12,4,75,0,169
8,M_sativa_ZM4_hap4,M_sativa_ZM4_hap4_Chr01,29,28,13,10,108,0,255
8,M_sativa_ZM4_hap4,M_sativa_ZM4_hap4_Chr01,30,32,28,8,110,0,262
8,M_sativa_ZM4_hap4,M_sativa_ZM4_hap4_Chr01,31,24,17,6,80,0,209
8,M_sativa_ZM4_hap4,M_sativa_ZM4_hap4_Chr01,32,27,20,9,96,0,246
8,M_sativa_ZM4_hap4,M_sativa_ZM4_hap4_Chr01,33,19,21,11,117,0,284
8,M_sativa_ZM4_hap4,M_sativa_ZM4_hap4_Chr01,34,25,23,5,109,0,269
8,M_sativa_ZM4_hap4,M_sativa_ZM4_hap4_Chr01,35,31,27,9,114,0,268
8,M_sativa_ZM4_hap4,M_sativa_ZM4_hap4_Chr01,36,29,23,8,91,0,233
8,M_sativa_ZM4_hap4,M_sativa_ZM4_hap4_Chr01,37,26,14,4,99,0,232
8,M_sativa_ZM4_hap4,M_sativa_ZM4_hap4_Chr01,38,21,27,11,91,0,259
8,M_sativa_ZM4_hap4,M_sativa_ZM4_hap4_Chr01,39,3,3,1,64,0,142
8,M_sativa_ZM4_hap4,M_sativa_ZM4_hap4_Chr01,40,0,0,0,40,0,94
8,M_sativa_ZM4_hap4,M_sativa_ZM4_hap4_Chr01,41,3,0,1,47,0,86
8,M_sativa_ZM4_hap4,M_sativa_ZM4_hap4_Chr01,42,3,0,0,30,0,62
8,M_sativa_ZM4_hap4,M_sativa_ZM4_hap4_Chr01,43,3,3,0,6,0,18
8,M_sativa_ZM4_hap4,M_sativa_ZM4_hap4_Chr01,44,1,0,0,2,0,6
8,M_sativa_ZM4_hap4,M_sativa_ZM4_hap4_Chr01,45,0,0,1,35,0,67
8,M_sativa_ZM4_hap4,M_sativa_ZM4_hap4_Chr01,46,7,1,1,16,0,48
8,M_sativa_ZM4_hap4,M_sativa_ZM4_hap4_Chr01,47,30,17,12,37,0,112
8,M_sativa_ZM4_hap4,M_sativa_ZM4_hap4_Chr01,48,25,13,6,39,0,113
8,M_sativa_ZM4_hap4,M_sativa_ZM4_hap4_Chr01,49,24,14,6,74,0,177
8,M_sativa_ZM4_hap4,M_sativa_ZM4_hap4_Chr01,50,18,18,14,63,0,162
8,M_sativa_ZM4_hap4,M_sativa_ZM4_hap4_Chr01,51,26,15,12,64,0,176
8,M_sativa_ZM4_hap4,M_sativa_ZM4_hap4_Chr01,52,22,28,5,105,0,235
8,M_sativa_ZM4_hap4,M_sativa_ZM4_hap4_Chr01,53,32,24,14,83,0,237
8,M_sativa_ZM4_hap4,M_sativa_ZM4_hap4_Chr01,54,18,21,9,103,0,251
8,M_sativa_ZM4_hap4,M_sativa_ZM4_hap4_Chr01,55,30,25,8,109,0,274
8,M_sativa_ZM4_hap4,M_sativa_ZM4_hap4_Chr01,56,19,50,13,104,0,291
8,M_sativa_ZM4_hap4,M_sativa_ZM4_hap4_Chr01,57,22,34,10,113,0,258
8,M_sativa_ZM4_hap4,M_sativa_ZM4_hap4_Chr01,58,35,31,4,120,0,309
8,M_sativa_ZM4_hap4,M_sativa_ZM4_hap4_Chr01,59,16,38,9,125,0,286
8,M_sativa_ZM4_hap4,M_sativa_ZM4_hap4_Chr01,60,26,42,7,135,0,302
8,M_sativa_ZM4_hap4,M_sativa_ZM4_hap4_Chr01,61,27,33,7,136,0,303
8,M_sativa_ZM4_hap4,M_sativa_ZM4_hap4_Chr01,62,34,37,8,107,0,295
8,M_sativa_ZM4_hap4,M_sativa_ZM4_hap4_Chr01,63,17,37,7,131,0,282
8,M_sativa_ZM4_hap4,M_sativa_ZM4_hap4_Chr01,64,38,39,3,118,0,307
8,M_sativa_ZM4_hap4,M_sativa_ZM4_hap4_Chr01,65,25,36,4,123,0,302
8,M_sativa_ZM4_hap4,M_sativa_ZM4_hap4_Chr01,66,27,32,13,129,0,318
8,M_sativa_ZM4_hap4,M_sativa_ZM4_hap4_Chr01,67,28,35,7,126,0,302
8,M_sativa_ZM4_hap4,M_sativa_ZM4_hap4_Chr01,68,26,39,6,133,0,302
8,M_sativa_ZM4_hap4,M_sativa_ZM4_hap4_Chr01,69,33,26,4,131,0,319
8,M_sativa_ZM4_hap4,M_sativa_ZM4_hap4_Chr01,70,34,37,20,139,0,352
8,M_sativa_ZM4_hap4,M_sativa_ZM4_hap4_Chr01,71,37,38,10,120,0,328
8,M_sativa_ZM4_hap4,M_sativa_ZM4_hap4_Chr01,72,45,26,17,145,0,361
8,M_sativa_ZM4_hap4,M_sativa_ZM4_hap4_Chr01,73,35,51,13,153,0,375
8,M_sativa_ZM4_hap4,M_sativa_ZM4_hap4_Chr01,74,31,40,10,152,0,385
8,M_sativa_ZM4_hap4,M_sativa_ZM4_hap4_Chr01,75,42,38,7,149,0,370
8,M_sativa_ZM4_hap4,M_sativa_ZM4_hap4_Chr01,76,33,41,6,145,0,362
8,M_sativa_ZM4_hap4,M_sativa_ZM4_hap4_Chr01,77,32,50,24,130,0,358
8,M_sativa_ZM4_hap4,M_sativa_ZM4_hap4_Chr01,78,40,22,13,133,0,343
8,M_sativa_ZM4_hap4,M_sativa_ZM4_hap4_Chr01,79,25,35,13,156,0,346
8,M_sativa_ZM4_hap4,M_sativa_ZM4_hap4_Chr01,80,42,32,6,131,0,321
8,M_sativa_ZM4_hap4,M_sativa_ZM4_hap4_Chr01,81,35,30,20,162,0,374
8,M_sativa_ZM4_hap4,M_sativa_ZM4_hap4_Chr01,82,33,30,10,126,0,328
8,M_sativa_ZM4_hap4,M_sativa_ZM4_hap4_Chr01,83,54,41,17,127,0,357
8,M_sativa_ZM4_hap4,M_sativa_ZM4_hap4_Chr01,84,39,39,23,137,0,367
8,M_sativa_ZM4_hap4,M_sativa_ZM4_hap4_Chr01,85,35,34,13,143,0,366
8,M_sativa_ZM4_hap4,M_sativa_ZM4_hap4_Chr01,86,52,37,10,146,0,372
8,M_sativa_ZM4_hap4,M_sativa_ZM4_hap4_Chr01,87,42,31,8,138,0,355
8,M_sativa_ZM4_hap4,M_sativa_ZM4_hap4_Chr01,88,61,28,13,145,0,392
8,M_sativa_ZM4_hap4,M_sativa_ZM4_hap4_Chr01,89,39,34,11,157,0,387
8,M_sativa_ZM4_hap4,M_sativa_ZM4_hap4_Chr01,90,42,40,13,156,0,371
8,M_sativa_ZM4_hap4,M_sativa_ZM4_hap4_Chr01,91,50,31,9,167,0,382
8,M_sativa_ZM4_hap4,M_sativa_ZM4_hap4_Chr01,92,46,24,19,129,0,326
8,M_sativa_ZM4_hap4,M_sativa_ZM4_hap4_Chr01,93,48,18,14,95,0,270
8,M_sativa_ZM4_hap4,M_sativa_ZM4_hap4_Chr01,94,0,0,0,0,0,202
8,M_sativa_ZM4_hap4,M_sativa_ZM4_hap4_Chr01,95,0,0,0,0,0,118
8,M_sativa_ZM4_hap4,M_sativa_ZM4_hap4_Chr01,96,0,0,0,0,0,85
8,M_sativa_ZM4_hap4,M_sativa_ZM4_hap4_Chr01,97,0,0,0,0,0,109
8,M_sativa_ZM4_hap4,M_sativa_ZM4_hap4_Chr01,98,0,0,0,0,0,21
8,M_sativa_ZM4_hap4,M_sativa_ZM4_hap4_Chr02,0,53,20,15,154,0,373
8,M_sativa_ZM4_hap4,M_sativa_ZM4_hap4_Chr02,1,48,6,14,144,0,323
8,M_sativa_ZM4_hap4,M_sativa_ZM4_hap4_Chr02,2,47,28,12,145,0,350
8,M_sativa_ZM4_hap4,M_sativa_ZM4_hap4_Chr02,3,44,50,16,157,0,415
8,M_sativa_ZM4_hap4,M_sativa_ZM4_hap4_Chr02,4,17,59,21,133,0,351
8,M_sativa_ZM4_hap4,M_sativa_ZM4_hap4_Chr02,5,29,20,38,126,0,342
8,M_sativa_ZM4_hap4,M_sativa_ZM4_hap4_Chr02,6,29,35,19,128,0,338
8,M_sativa_ZM4_hap4,M_sativa_ZM4_hap4_Chr02,7,40,9,34,141,0,348
8,M_sativa_ZM4_hap4,M_sativa_ZM4_hap4_Chr02,8,45,19,25,122,0,338
8,M_sativa_ZM4_hap4,M_sativa_ZM4_hap4_Chr02,9,48,19,27,136,0,369
8,M_sativa_ZM4_hap4,M_sativa_ZM4_hap4_Chr02,10,46,18,21,164,0,375
8,M_sativa_ZM4_hap4,M_sativa_ZM4_hap4_Chr02,11,54,12,8,124,0,319
8,M_sativa_ZM4_hap4,M_sativa_ZM4_hap4_Chr02,12,66,6,8,133,0,332
8,M_sativa_ZM4_hap4,M_sativa_ZM4_hap4_Chr02,13,63,16,8,133,0,328
8,M_sativa_ZM4_hap4,M_sativa_ZM4_hap4_Chr02,14,51,15,5,128,0,312
8,M_sativa_ZM4_hap4,M_sativa_ZM4_hap4_Chr02,15,52,8,15,129,0,321
8,M_sativa_ZM4_hap4,M_sativa_ZM4_hap4_Chr02,16,48,8,7,120,0,298
8,M_sativa_ZM4_hap4,M_sativa_ZM4_hap4_Chr02,17,59,15,5,118,0,298
8,M_sativa_ZM4_hap4,M_sativa_ZM4_hap4_Chr02,18,45,9,8,117,0,284
8,M_sativa_ZM4_hap4,M_sativa_ZM4_hap4_Chr02,19,45,7,10,139,0,309
8,M_sativa_ZM4_hap4,M_sativa_ZM4_hap4_Chr02,20,54,15,6,127,0,307
8,M_sativa_ZM4_hap4,M_sativa_ZM4_hap4_Chr02,21,46,11,11,137,0,317
8,M_sativa_ZM4_hap4,M_sativa_ZM4_hap4_Chr02,22,61,16,10,119,0,329
8,M_sativa_ZM4_hap4,M_sativa_ZM4_hap4_Chr02,23,35,12,11,105,0,258
8,M_sativa_ZM4_hap4,M_sativa_ZM4_hap4_Chr02,24,37,12,14,113,0,266
8,M_sativa_ZM4_hap4,M_sativa_ZM4_hap4_Chr02,25,26,17,9,98,0,248
8,M_sativa_ZM4_hap4,M_sativa_ZM4_hap4_Chr02,26,34,8,13,107,0,248
8,M_sativa_ZM4_hap4,M_sativa_ZM4_hap4_Chr02,27,36,8,8,97,0,213
8,M_sativa_ZM4_hap4,M_sativa_ZM4_hap4_Chr02,28,26,12,7,79,0,195
8,M_sativa_ZM4_hap4,M_sativa_ZM4_hap4_Chr02,29,33,13,8,94,0,244
8,M_sativa_ZM4_hap4,M_sativa_ZM4_hap4_Chr02,30,37,5,5,116,0,246
8,M_sativa_ZM4_hap4,M_sativa_ZM4_hap4_Chr02,31,26,19,5,91,0,218
8,M_sativa_ZM4_hap4,M_sativa_ZM4_hap4_Chr02,32,42,14,8,67,0,189
8,M_sativa_ZM4_hap4,M_sativa_ZM4_hap4_Chr02,33,30,8,4,86,0,207
8,M_sativa_ZM4_hap4,M_sativa_ZM4_hap4_Chr02,34,28,7,13,90,0,214
8,M_sativa_ZM4_hap4,M_sativa_ZM4_hap4_Chr02,35,32,14,11,92,0,228
8,M_sativa_ZM4_hap4,M_sativa_ZM4_hap4_Chr02,36,34,14,5,76,0,210
8,M_sativa_ZM4_hap4,M_sativa_ZM4_hap4_Chr02,37,23,4,12,93,0,193
8,M_sativa_ZM4_hap4,M_sativa_ZM4_hap4_Chr02,38,34,10,10,77,0,188
8,M_sativa_ZM4_hap4,M_sativa_ZM4_hap4_Chr02,39,30,9,10,80,0,195
8,M_sativa_ZM4_hap4,M_sativa_ZM4_hap4_Chr02,40,40,8,6,19,0,84
8,M_sativa_ZM4_hap4,M_sativa_ZM4_hap4_Chr02,41,0,0,0,2,0,4
8,M_sativa_ZM4_hap4,M_sativa_ZM4_hap4_Chr02,42,1,0,1,4,0,7
8,M_sativa_ZM4_hap4,M_sativa_ZM4_hap4_Chr02,43,4,0,0,4,0,11
8,M_sativa_ZM4_hap4,M_sativa_ZM4_hap4_Chr02,44,9,6,4,7,0,32
8,M_sativa_ZM4_hap4,M_sativa_ZM4_hap4_Chr02,45,27,7,8,39,0,105
8,M_sativa_ZM4_hap4,M_sativa_ZM4_hap4_Chr02,46,24,16,2,81,0,172
8,M_sativa_ZM4_hap4,M_sativa_ZM4_hap4_Chr02,47,20,14,10,73,0,188
8,M_sativa_ZM4_hap4,M_sativa_ZM4_hap4_Chr02,48,25,15,7,64,0,185
8,M_sativa_ZM4_hap4,M_sativa_ZM4_hap4_Chr02,49,21,15,9,87,0,211
8,M_sativa_ZM4_hap4,M_sativa_ZM4_hap4_Chr02,50,49,19,7,71,0,215
8,M_sativa_ZM4_hap4,M_sativa_ZM4_hap4_Chr02,51,38,21,17,86,0,278
8,M_sativa_ZM4_hap4,M_sativa_ZM4_hap4_Chr02,52,27,21,11,129,0,305
8,M_sativa_ZM4_hap4,M_sativa_ZM4_hap4_Chr02,53,36,24,8,104,0,258
8,M_sativa_ZM4_hap4,M_sativa_ZM4_hap4_Chr02,54,21,22,8,75,0,205
8,M_sativa_ZM4_hap4,M_sativa_ZM4_hap4_Chr02,55,44,24,13,104,0,264
8,M_sativa_ZM4_hap4,M_sativa_ZM4_hap4_Chr02,56,38,17,9,121,0,286
8,M_sativa_ZM4_hap4,M_sativa_ZM4_hap4_Chr02,57,17,12,5,108,0,251
8,M_sativa_ZM4_hap4,M_sativa_ZM4_hap4_Chr02,58,28,20,6,93,0,217
8,M_sativa_ZM4_hap4,M_sativa_ZM4_hap4_Chr02,59,4,1,0,70,0,163
8,M_sativa_ZM4_hap4,M_sativa_ZM4_hap4_Chr02,60,17,4,3,42,0,122
8,M_sativa_ZM4_hap4,M_sativa_ZM4_hap4_Chr02,61,22,11,14,60,0,149
8,M_sativa_ZM4_hap4,M_sativa_ZM4_hap4_Chr02,62,22,23,11,93,0,234
8,M_sativa_ZM4_hap4,M_sativa_ZM4_hap4_Chr02,63,31,14,14,108,0,232
8,M_sativa_ZM4_hap4,M_sativa_ZM4_hap4_Chr02,64,43,22,9,120,0,303
8,M_sativa_ZM4_hap4,M_sativa_ZM4_hap4_Chr02,65,21,29,7,115,0,276
8,M_sativa_ZM4_hap4,M_sativa_ZM4_hap4_Chr02,66,34,21,14,121,0,292
8,M_sativa_ZM4_hap4,M_sativa_ZM4_hap4_Chr02,67,36,25,16,122,0,308
8,M_sativa_ZM4_hap4,M_sativa_ZM4_hap4_Chr02,68,33,29,13,122,0,299
8,M_sativa_ZM4_hap4,M_sativa_ZM4_hap4_Chr02,69,30,24,14,114,0,299
8,M_sativa_ZM4_hap4,M_sativa_ZM4_hap4_Chr02,70,37,32,10,122,0,304
8,M_sativa_ZM4_hap4,M_sativa_ZM4_hap4_Chr02,71,29,26,11,119,0,292
8,M_sativa_ZM4_hap4,M_sativa_ZM4_hap4_Chr02,72,25,31,13,140,0,304
8,M_sativa_ZM4_hap4,M_sativa_ZM4_hap4_Chr02,73,50,26,10,120,0,331
8,M_sativa_ZM4_hap4,M_sativa_ZM4_hap4_Chr02,74,35,45,13,153,0,356
8,M_sativa_ZM4_hap4,M_sativa_ZM4_hap4_Chr02,75,30,29,13,136,0,330
8,M_sativa_ZM4_hap4,M_sativa_ZM4_hap4_Chr02,76,37,34,10,124,0,321
8,M_sativa_ZM4_hap4,M_sativa_ZM4_hap4_Chr02,77,52,31,9,129,0,344
8,M_sativa_ZM4_hap4,M_sativa_ZM4_hap4_Chr02,78,45,38,14,160,0,369
8,M_sativa_ZM4_hap4,M_sativa_ZM4_hap4_Chr02,79,51,32,8,128,0,353
8,M_sativa_ZM4_hap4,M_sativa_ZM4_hap4_Chr02,80,37,25,14,144,0,342
8,M_sativa_ZM4_hap4,M_sativa_ZM4_hap4_Chr02,81,39,38,22,153,0,378
8,M_sativa_ZM4_hap4,M_sativa_ZM4_hap4_Chr02,82,44,7,11,162,0,349
8,M_sativa_ZM4_hap4,M_sativa_ZM4_hap4_Chr02,83,12,11,3,126,0,274
8,M_sativa_ZM4_hap4,M_sativa_ZM4_hap4_Chr02,84,1,0,0,75,0,155
8,M_sativa_ZM4_hap4,M_sativa_ZM4_hap4_Chr02,85,1,0,2,40,0,85
8,M_sativa_ZM4_hap4,M_sativa_ZM4_hap4_Chr02,86,2,0,0,13,0,37
8,M_sativa_ZM4_hap4,M_sativa_ZM4_hap4_Chr02,87,0,0,0,0,0,3
8,M_sativa_ZM4_hap4,M_sativa_ZM4_hap4_Chr03,0,0,0,0,0,0,1
8,M_sativa_ZM4_hap4,M_sativa_ZM4_hap4_Chr03,1,2,1,0,0,0,3
8,M_sativa_ZM4_hap4,M_sativa_ZM4_hap4_Chr03,2,34,10,7,4,0,56
8,M_sativa_ZM4_hap4,M_sativa_ZM4_hap4_Chr03,3,41,10,12,39,0,129
8,M_sativa_ZM4_hap4,M_sativa_ZM4_hap4_Chr03,4,26,12,13,56,0,154
8,M_sativa_ZM4_hap4,M_sativa_ZM4_hap4_Chr03,5,35,34,13,86,0,239
8,M_sativa_ZM4_hap4,M_sativa_ZM4_hap4_Chr03,6,36,28,10,110,0,288
8,M_sativa_ZM4_hap4,M_sativa_ZM4_hap4_Chr03,7,43,17,19,112,0,302
8,M_sativa_ZM4_hap4,M_sativa_ZM4_hap4_Chr03,8,35,23,15,99,0,260
8,M_sativa_ZM4_hap4,M_sativa_ZM4_hap4_Chr03,9,26,27,12,103,0,270
8,M_sativa_ZM4_hap4,M_sativa_ZM4_hap4_Chr03,10,39,18,8,100,0,256
8,M_sativa_ZM4_hap4,M_sativa_ZM4_hap4_Chr03,11,25,13,11,114,0,255
8,M_sativa_ZM4_hap4,M_sativa_ZM4_hap4_Chr03,12,27,25,10,105,0,249
8,M_sativa_ZM4_hap4,M_sativa_ZM4_hap4_Chr03,13,42,31,6,76,0,236
8,M_sativa_ZM4_hap4,M_sativa_ZM4_hap4_Chr03,14,35,11,12,91,0,212
8,M_sativa_ZM4_hap4,M_sativa_ZM4_hap4_Chr03,15,38,7,18,106,0,248
8,M_sativa_ZM4_hap4,M_sativa_ZM4_hap4_Chr03,16,22,12,10,106,0,240
8,M_sativa_ZM4_hap4,M_sativa_ZM4_hap4_Chr03,17,1,2,2,105,0,204
8,M_sativa_ZM4_hap4,M_sativa_ZM4_hap4_Chr03,18,5,3,2,95,0,200
8,M_sativa_ZM4_hap4,M_sativa_ZM4_hap4_Chr03,19,31,6,7,83,0,189
8,M_sativa_ZM4_hap4,M_sativa_ZM4_hap4_Chr03,20,33,24,6,77,0,179
8,M_sativa_ZM4_hap4,M_sativa_ZM4_hap4_Chr03,21,15,12,3,30,0,78
8,M_sativa_ZM4_hap4,M_sativa_ZM4_hap4_Chr03,22,18,16,6,41,0,124
8,M_sativa_ZM4_hap4,M_sativa_ZM4_hap4_Chr03,23,31,10,12,80,0,198
8,M_sativa_ZM4_hap4,M_sativa_ZM4_hap4_Chr03,24,45,8,14,86,0,232
8,M_sativa_ZM4_hap4,M_sativa_ZM4_hap4_Chr03,25,29,11,10,90,0,201
8,M_sativa_ZM4_hap4,M_sativa_ZM4_hap4_Chr03,26,43,11,13,87,0,226
8,M_sativa_ZM4_hap4,M_sativa_ZM4_hap4_Chr03,27,23,14,14,95,0,225
8,M_sativa_ZM4_hap4,M_sativa_ZM4_hap4_Chr03,28,43,17,7,82,0,228
8,M_sativa_ZM4_hap4,M_sativa_ZM4_hap4_Chr03,29,24,12,12,102,0,212
8,M_sativa_ZM4_hap4,M_sativa_ZM4_hap4_Chr03,30,35,24,8,84,0,240
8,M_sativa_ZM4_hap4,M_sativa_ZM4_hap4_Chr03,31,35,20,7,75,0,203
8,M_sativa_ZM4_hap4,M_sativa_ZM4_hap4_Chr03,32,22,15,3,78,0,184
8,M_sativa_ZM4_hap4,M_sativa_ZM4_hap4_Chr03,33,31,8,6,89,0,215
8,M_sativa_ZM4_hap4,M_sativa_ZM4_hap4_Chr03,34,28,11,10,70,0,186
8,M_sativa_ZM4_hap4,M_sativa_ZM4_hap4_Chr03,35,29,12,10,91,0,216
8,M_sativa_ZM4_hap4,M_sativa_ZM4_hap4_Chr03,36,37,11,10,90,0,218
8,M_sativa_ZM4_hap4,M_sativa_ZM4_hap4_Chr03,37,27,11,8,51,0,156
8,M_sativa_ZM4_hap4,M_sativa_ZM4_hap4_Chr03,38,0,0,0,45,0,91
8,M_sativa_ZM4_hap4,M_sativa_ZM4_hap4_Chr03,39,4,0,0,58,0,108
8,M_sativa_ZM4_hap4,M_sativa_ZM4_hap4_Chr03,40,3,1,0,54,0,105
8,M_sativa_ZM4_hap4,M_sativa_ZM4_hap4_Chr03,41,3,0,0,39,0,78
8,M_sativa_ZM4_hap4,M_sativa_ZM4_hap4_Chr03,42,25,7,4,23,0,78
8,M_sativa_ZM4_hap4,M_sativa_ZM4_hap4_Chr03,43,29,11,6,29,0,88
8,M_sativa_ZM4_hap4,M_sativa_ZM4_hap4_Chr03,44,25,20,7,31,0,106
8,M_sativa_ZM4_hap4,M_sativa_ZM4_hap4_Chr03,45,16,28,14,33,0,114
8,M_sativa_ZM4_hap4,M_sativa_ZM4_hap4_Chr03,46,24,12,6,49,0,125
8,M_sativa_ZM4_hap4,M_sativa_ZM4_hap4_Chr03,47,20,12,12,68,0,157
8,M_sativa_ZM4_hap4,M_sativa_ZM4_hap4_Chr03,48,29,12,6,79,0,193
8,M_sativa_ZM4_hap4,M_sativa_ZM4_hap4_Chr03,49,40,8,10,80,0,213
8,M_sativa_ZM4_hap4,M_sativa_ZM4_hap4_Chr03,50,23,40,16,93,0,254
8,M_sativa_ZM4_hap4,M_sativa_ZM4_hap4_Chr03,51,23,22,16,85,0,225
8,M_sativa_ZM4_hap4,M_sativa_ZM4_hap4_Chr03,52,31,25,13,89,0,251
8,M_sativa_ZM4_hap4,M_sativa_ZM4_hap4_Chr03,53,36,25,12,95,0,246
8,M_sativa_ZM4_hap4,M_sativa_ZM4_hap4_Chr03,54,28,17,16,112,0,255
8,M_sativa_ZM4_hap4,M_sativa_ZM4_hap4_Chr03,55,35,14,9,111,0,248
8,M_sativa_ZM4_hap4,M_sativa_ZM4_hap4_Chr03,56,28,28,11,99,0,259
8,M_sativa_ZM4_hap4,M_sativa_ZM4_hap4_Chr03,57,1,0,0,99,0,173
8,M_sativa_ZM4_hap4,M_sativa_ZM4_hap4_Chr03,58,36,17,10,134,0,286
8,M_sativa_ZM4_hap4,M_sativa_ZM4_hap4_Chr03,59,45,23,12,67,0,217
8,M_sativa_ZM4_hap4,M_sativa_ZM4_hap4_Chr03,60,38,21,14,92,0,227
8,M_sativa_ZM4_hap4,M_sativa_ZM4_hap4_Chr03,61,34,25,9,96,0,246
8,M_sativa_ZM4_hap4,M_sativa_ZM4_hap4_Chr03,62,2,11,5,63,0,138
8,M_sativa_ZM4_hap4,M_sativa_ZM4_hap4_Chr03,63,18,31,11,69,0,174
8,M_sativa_ZM4_hap4,M_sativa_ZM4_hap4_Chr03,64,27,33,15,95,0,224
8,M_sativa_ZM4_hap4,M_sativa_ZM4_hap4_Chr03,65,23,19,18,109,0,257
8,M_sativa_ZM4_hap4,M_sativa_ZM4_hap4_Chr03,66,29,15,15,116,0,269
8,M_sativa_ZM4_hap4,M_sativa_ZM4_hap4_Chr03,67,45,24,13,101,0,258
8,M_sativa_ZM4_hap4,M_sativa_ZM4_hap4_Chr03,68,43,16,12,120,0,290
8,M_sativa_ZM4_hap4,M_sativa_ZM4_hap4_Chr03,69,30,20,16,123,0,290
8,M_sativa_ZM4_hap4,M_sativa_ZM4_hap4_Chr03,70,35,17,8,114,0,288
8,M_sativa_ZM4_hap4,M_sativa_ZM4_hap4_Chr03,71,30,44,8,118,0,296
8,M_sativa_ZM4_hap4,M_sativa_ZM4_hap4_Chr03,72,29,31,25,105,0,270
8,M_sativa_ZM4_hap4,M_sativa_ZM4_hap4_Chr03,73,35,24,22,120,0,308
8,M_sativa_ZM4_hap4,M_sativa_ZM4_hap4_Chr03,74,41,21,11,116,0,310
8,M_sativa_ZM4_hap4,M_sativa_ZM4_hap4_Chr03,75,56,16,9,129,0,313
8,M_sativa_ZM4_hap4,M_sativa_ZM4_hap4_Chr03,76,62,13,5,115,0,306
8,M_sativa_ZM4_hap4,M_sativa_ZM4_hap4_Chr03,77,57,24,19,128,0,328
8,M_sativa_ZM4_hap4,M_sativa_ZM4_hap4_Chr03,78,30,30,18,121,0,325
8,M_sativa_ZM4_hap4,M_sativa_ZM4_hap4_Chr03,79,39,16,24,139,0,331
8,M_sativa_ZM4_hap4,M_sativa_ZM4_hap4_Chr03,80,41,30,23,138,0,356
8,M_sativa_ZM4_hap4,M_sativa_ZM4_hap4_Chr03,81,46,24,17,124,0,319
8,M_sativa_ZM4_hap4,M_sativa_ZM4_hap4_Chr03,82,55,20,12,151,0,368
8,M_sativa_ZM4_hap4,M_sativa_ZM4_hap4_Chr03,83,56,27,13,131,0,345
8,M_sativa_ZM4_hap4,M_sativa_ZM4_hap4_Chr03,84,48,28,13,140,0,366
8,M_sativa_ZM4_hap4,M_sativa_ZM4_hap4_Chr03,85,42,30,7,133,0,349
8,M_sativa_ZM4_hap4,M_sativa_ZM4_hap4_Chr03,86,53,19,29,156,0,399
8,M_sativa_ZM4_hap4,M_sativa_ZM4_hap4_Chr03,87,41,28,14,146,0,355
8,M_sativa_ZM4_hap4,M_sativa_ZM4_hap4_Chr03,88,60,18,23,161,0,401
8,M_sativa_ZM4_hap4,M_sativa_ZM4_hap4_Chr03,89,58,19,16,118,0,355
8,M_sativa_ZM4_hap4,M_sativa_ZM4_hap4_Chr03,90,52,11,11,126,0,330
8,M_sativa_ZM4_hap4,M_sativa_ZM4_hap4_Chr03,91,53,21,14,157,0,384
8,M_sativa_ZM4_hap4,M_sativa_ZM4_hap4_Chr03,92,54,17,13,153,0,386
8,M_sativa_ZM4_hap4,M_sativa_ZM4_hap4_Chr03,93,51,17,22,149,0,366
8,M_sativa_ZM4_hap4,M_sativa_ZM4_hap4_Chr03,94,35,18,14,144,0,328
8,M_sativa_ZM4_hap4,M_sativa_ZM4_hap4_Chr03,95,53,30,21,140,0,387
8,M_sativa_ZM4_hap4,M_sativa_ZM4_hap4_Chr03,96,55,20,13,120,0,351
8,M_sativa_ZM4_hap4,M_sativa_ZM4_hap4_Chr03,97,38,20,7,143,0,339
8,M_sativa_ZM4_hap4,M_sativa_ZM4_hap4_Chr03,98,62,22,17,144,0,376
8,M_sativa_ZM4_hap4,M_sativa_ZM4_hap4_Chr03,99,59,15,16,143,0,349
8,M_sativa_ZM4_hap4,M_sativa_ZM4_hap4_Chr03,100,58,21,13,146,0,357
8,M_sativa_ZM4_hap4,M_sativa_ZM4_hap4_Chr03,101,57,31,9,155,0,383
8,M_sativa_ZM4_hap4,M_sativa_ZM4_hap4_Chr03,102,55,23,17,143,0,376
8,M_sativa_ZM4_hap4,M_sativa_ZM4_hap4_Chr03,103,65,21,10,151,0,382
8,M_sativa_ZM4_hap4,M_sativa_ZM4_hap4_Chr03,104,0,0,0,0,0,270
8,M_sativa_ZM4_hap4,M_sativa_ZM4_hap4_Chr03,105,0,0,0,0,0,244
8,M_sativa_ZM4_hap4,M_sativa_ZM4_hap4_Chr03,106,0,0,0,0,0,174
8,M_sativa_ZM4_hap4,M_sativa_ZM4_hap4_Chr03,107,0,0,0,0,0,199
8,M_sativa_ZM4_hap4,M_sativa_ZM4_hap4_Chr03,108,0,0,0,0,0,192
8,M_sativa_ZM4_hap4,M_sativa_ZM4_hap4_Chr03,109,0,0,0,0,0,108
8,M_sativa_ZM4_hap4,M_sativa_ZM4_hap4_Chr03,110,0,0,0,0,0,27
8,M_sativa_ZM4_hap4,M_sativa_ZM4_hap4_Chr04,0,0,2,0,2,0,7
8,M_sativa_ZM4_hap4,M_sativa_ZM4_hap4_Chr04,1,5,1,3,7,0,22
8,M_sativa_ZM4_hap4,M_sativa_ZM4_hap4_Chr04,2,39,20,13,64,0,179
8,M_sativa_ZM4_hap4,M_sativa_ZM4_hap4_Chr04,3,39,16,18,62,0,193
8,M_sativa_ZM4_hap4,M_sativa_ZM4_hap4_Chr04,4,38,14,24,109,0,287
8,M_sativa_ZM4_hap4,M_sativa_ZM4_hap4_Chr04,5,37,10,15,122,0,295
8,M_sativa_ZM4_hap4,M_sativa_ZM4_hap4_Chr04,6,42,21,8,124,0,302
8,M_sativa_ZM4_hap4,M_sativa_ZM4_hap4_Chr04,7,40,16,21,118,0,305
8,M_sativa_ZM4_hap4,M_sativa_ZM4_hap4_Chr04,8,47,22,10,115,0,317
8,M_sativa_ZM4_hap4,M_sativa_ZM4_hap4_Chr04,9,34,13,7,135,0,289
8,M_sativa_ZM4_hap4,M_sativa_ZM4_hap4_Chr04,10,24,17,31,117,0,284
8,M_sativa_ZM4_hap4,M_sativa_ZM4_hap4_Chr04,11,45,12,6,90,0,245
8,M_sativa_ZM4_hap4,M_sativa_ZM4_hap4_Chr04,12,34,24,16,102,0,259
8,M_sativa_ZM4_hap4,M_sativa_ZM4_hap4_Chr04,13,44,9,14,125,0,270
8,M_sativa_ZM4_hap4,M_sativa_ZM4_hap4_Chr04,14,42,13,9,110,0,285
8,M_sativa_ZM4_hap4,M_sativa_ZM4_hap4_Chr04,15,37,14,26,103,0,277
8,M_sativa_ZM4_hap4,M_sativa_ZM4_hap4_Chr04,16,43,11,13,115,0,279
8,M_sativa_ZM4_hap4,M_sativa_ZM4_hap4_Chr04,17,36,10,10,78,0,189
8,M_sativa_ZM4_hap4,M_sativa_ZM4_hap4_Chr04,18,27,6,16,90,0,231
8,M_sativa_ZM4_hap4,M_sativa_ZM4_hap4_Chr04,19,42,8,10,29,0,106
8,M_sativa_ZM4_hap4,M_sativa_ZM4_hap4_Chr04,20,44,9,8,41,0,132
8,M_sativa_ZM4_hap4,M_sativa_ZM4_hap4_Chr04,21,31,11,17,53,0,148
8,M_sativa_ZM4_hap4,M_sativa_ZM4_hap4_Chr04,22,35,10,16,65,0,174
8,M_sativa_ZM4_hap4,M_sativa_ZM4_hap4_Chr04,23,34,6,22,104,0,236
8,M_sativa_ZM4_hap4,M_sativa_ZM4_hap4_Chr04,24,16,6,7,116,0,211
8,M_sativa_ZM4_hap4,M_sativa_ZM4_hap4_Chr04,25,16,7,2,102,0,228
8,M_sativa_ZM4_hap4,M_sativa_ZM4_hap4_Chr04,26,37,12,6,120,0,271
8,M_sativa_ZM4_hap4,M_sativa_ZM4_hap4_Chr04,27,28,13,7,107,0,242
8,M_sativa_ZM4_hap4,M_sativa_ZM4_hap4_Chr04,28,22,16,12,119,0,264
8,M_sativa_ZM4_hap4,M_sativa_ZM4_hap4_Chr04,29,21,8,11,93,0,222
8,M_sativa_ZM4_hap4,M_sativa_ZM4_hap4_Chr04,30,15,12,16,84,0,208
8,M_sativa_ZM4_hap4,M_sativa_ZM4_hap4_Chr04,31,24,11,11,82,0,196
8,M_sativa_ZM4_hap4,M_sativa_ZM4_hap4_Chr04,32,23,1,4,92,0,189
8,M_sativa_ZM4_hap4,M_sativa_ZM4_hap4_Chr04,33,29,10,5,84,0,205
8,M_sativa_ZM4_hap4,M_sativa_ZM4_hap4_Chr04,34,24,13,2,77,0,186
8,M_sativa_ZM4_hap4,M_sativa_ZM4_hap4_Chr04,35,1,0,4,73,0,155
8,M_sativa_ZM4_hap4,M_sativa_ZM4_hap4_Chr04,36,2,1,0,63,0,126
8,M_sativa_ZM4_hap4,M_sativa_ZM4_hap4_Chr04,37,0,0,0,38,0,87
8,M_sativa_ZM4_hap4,M_sativa_ZM4_hap4_Chr04,38,0,0,0,54,0,103
8,M_sativa_ZM4_hap4,M_sativa_ZM4_hap4_Chr04,39,1,0,1,37,0,70
8,M_sativa_ZM4_hap4,M_sativa_ZM4_hap4_Chr04,40,1,0,0,11,0,20
8,M_sativa_ZM4_hap4,M_sativa_ZM4_hap4_Chr04,41,11,0,4,7,0,31
8,M_sativa_ZM4_hap4,M_sativa_ZM4_hap4_Chr04,42,20,14,6,6,0,48
8,M_sativa_ZM4_hap4,M_sativa_ZM4_hap4_Chr04,43,38,8,9,11,0,69
8,M_sativa_ZM4_hap4,M_sativa_ZM4_hap4_Chr04,44,23,1,7,13,0,49
8,M_sativa_ZM4_hap4,M_sativa_ZM4_hap4_Chr04,45,25,8,16,14,0,72
8,M_sativa_ZM4_hap4,M_sativa_ZM4_hap4_Chr04,46,27,12,4,38,0,105
8,M_sativa_ZM4_hap4,M_sativa_ZM4_hap4_Chr04,47,20,20,9,48,0,151
8,M_sativa_ZM4_hap4,M_sativa_ZM4_hap4_Chr04,48,31,18,12,80,0,199
8,M_sativa_ZM4_hap4,M_sativa_ZM4_hap4_Chr04,49,24,16,14,107,0,239
8,M_sativa_ZM4_hap4,M_sativa_ZM4_hap4_Chr04,50,26,17,8,74,0,193
8,M_sativa_ZM4_hap4,M_sativa_ZM4_hap4_Chr04,51,25,18,15,80,0,214
8,M_sativa_ZM4_hap4,M_sativa_ZM4_hap4_Chr04,52,31,11,5,89,0,211
8,M_sativa_ZM4_hap4,M_sativa_ZM4_hap4_Chr04,53,46,6,17,111,0,255
8,M_sativa_ZM4_hap4,M_sativa_ZM4_hap4_Chr04,54,33,13,10,111,0,245
8,M_sativa_ZM4_hap4,M_sativa_ZM4_hap4_Chr04,55,22,10,12,105,0,231
8,M_sativa_ZM4_hap4,M_sativa_ZM4_hap4_Chr04,56,36,25,14,116,0,282
8,M_sativa_ZM4_hap4,M_sativa_ZM4_hap4_Chr04,57,29,12,5,112,0,239
8,M_sativa_ZM4_hap4,M_sativa_ZM4_hap4_Chr04,58,41,20,10,83,0,264
8,M_sativa_ZM4_hap4,M_sativa_ZM4_hap4_Chr04,59,44,20,7,119,0,300
8,M_sativa_ZM4_hap4,M_sativa_ZM4_hap4_Chr04,60,36,14,11,93,0,236
8,M_sativa_ZM4_hap4,M_sativa_ZM4_hap4_Chr04,61,33,27,4,117,0,274
8,M_sativa_ZM4_hap4,M_sativa_ZM4_hap4_Chr04,62,53,23,9,111,0,309
8,M_sativa_ZM4_hap4,M_sativa_ZM4_hap4_Chr04,63,40,16,9,116,0,284
8,M_sativa_ZM4_hap4,M_sativa_ZM4_hap4_Chr04,64,43,25,11,111,0,311
8,M_sativa_ZM4_hap4,M_sativa_ZM4_hap4_Chr04,65,46,22,13,132,0,326
8,M_sativa_ZM4_hap4,M_sativa_ZM4_hap4_Chr04,66,45,28,12,114,0,312
8,M_sativa_ZM4_hap4,M_sativa_ZM4_hap4_Chr04,67,38,27,5,138,0,314
8,M_sativa_ZM4_hap4,M_sativa_ZM4_hap4_Chr04,68,44,33,4,156,0,349
8,M_sativa_ZM4_hap4,M_sativa_ZM4_hap4_Chr04,69,38,42,11,113,0,336
8,M_sativa_ZM4_hap4,M_sativa_ZM4_hap4_Chr04,70,56,25,10,134,0,328
8,M_sativa_ZM4_hap4,M_sativa_ZM4_hap4_Chr04,71,43,21,4,143,0,330
8,M_sativa_ZM4_hap4,M_sativa_ZM4_hap4_Chr04,72,48,19,8,145,0,355
8,M_sativa_ZM4_hap4,M_sativa_ZM4_hap4_Chr04,73,56,30,10,140,0,358
8,M_sativa_ZM4_hap4,M_sativa_ZM4_hap4_Chr04,74,32,48,14,152,0,377
8,M_sativa_ZM4_hap4,M_sativa_ZM4_hap4_Chr04,75,44,33,10,144,0,368
8,M_sativa_ZM4_hap4,M_sativa_ZM4_hap4_Chr04,76,50,28,11,140,0,362
8,M_sativa_ZM4_hap4,M_sativa_ZM4_hap4_Chr04,77,45,37,10,141,0,361
8,M_sativa_ZM4_hap4,M_sativa_ZM4_hap4_Chr04,78,56,31,10,146,0,370
8,M_sativa_ZM4_hap4,M_sativa_ZM4_hap4_Chr04,79,51,34,13,159,0,386
8,M_sativa_ZM4_hap4,M_sativa_ZM4_hap4_Chr04,80,51,19,10,157,0,387
8,M_sativa_ZM4_hap4,M_sativa_ZM4_hap4_Chr04,81,61,22,11,180,0,414
8,M_sativa_ZM4_hap4,M_sativa_ZM4_hap4_Chr04,82,51,20,7,147,0,375
8,M_sativa_ZM4_hap4,M_sativa_ZM4_hap4_Chr04,83,32,28,17,156,0,388
8,M_sativa_ZM4_hap4,M_sativa_ZM4_hap4_Chr04,84,47,27,19,155,0,374
8,M_sativa_ZM4_hap4,M_sativa_ZM4_hap4_Chr04,85,50,38,7,139,0,355
8,M_sativa_ZM4_hap4,M_sativa_ZM4_hap4_Chr04,86,43,18,9,151,0,361
8,M_sativa_ZM4_hap4,M_sativa_ZM4_hap4_Chr04,87,52,31,16,144,0,360
8,M_sativa_ZM4_hap4,M_sativa_ZM4_hap4_Chr04,88,46,21,13,157,0,356
8,M_sativa_ZM4_hap4,M_sativa_ZM4_hap4_Chr04,89,42,25,17,171,0,394
8,M_sativa_ZM4_hap4,M_sativa_ZM4_hap4_Chr04,90,44,25,13,149,0,349
8,M_sativa_ZM4_hap4,M_sativa_ZM4_hap4_Chr04,91,60,17,11,162,0,390
8,M_sativa_ZM4_hap4,M_sativa_ZM4_hap4_Chr04,92,60,17,10,128,0,358
8,M_sativa_ZM4_hap4,M_sativa_ZM4_hap4_Chr04,93,51,28,8,128,0,342
8,M_sativa_ZM4_hap4,M_sativa_ZM4_hap4_Chr04,94,67,23,3,148,0,374
8,M_sativa_ZM4_hap4,M_sativa_ZM4_hap4_Chr04,95,57,33,8,138,0,361
8,M_sativa_ZM4_hap4,M_sativa_ZM4_hap4_Chr04,96,53,29,4,149,0,365
8,M_sativa_ZM4_hap4,M_sativa_ZM4_hap4_Chr04,97,57,24,12,144,0,382
8,M_sativa_ZM4_hap4,M_sativa_ZM4_hap4_Chr04,98,39,9,5,105,0,348
8,M_sativa_ZM4_hap4,M_sativa_ZM4_hap4_Chr04,99,0,0,0,0,0,304
8,M_sativa_ZM4_hap4,M_sativa_ZM4_hap4_Chr04,100,0,0,0,0,0,255
8,M_sativa_ZM4_hap4,M_sativa_ZM4_hap4_Chr04,101,0,0,0,0,0,204
8,M_sativa_ZM4_hap4,M_sativa_ZM4_hap4_Chr04,102,0,0,0,0,0,154
8,M_sativa_ZM4_hap4,M_sativa_ZM4_hap4_Chr04,103,0,0,0,0,0,103
8,M_sativa_ZM4_hap4,M_sativa_ZM4_hap4_Chr04,104,0,0,0,0,0,44
8,M_sativa_ZM4_hap4,M_sativa_ZM4_hap4_Chr05,0,52,23,8,139,0,335
8,M_sativa_ZM4_hap4,M_sativa_ZM4_hap4_Chr05,1,66,24,20,176,0,448
8,M_sativa_ZM4_hap4,M_sativa_ZM4_hap4_Chr05,2,69,23,17,168,0,423
8,M_sativa_ZM4_hap4,M_sativa_ZM4_hap4_Chr05,3,58,30,10,168,0,385
8,M_sativa_ZM4_hap4,M_sativa_ZM4_hap4_Chr05,4,58,18,19,157,0,389
8,M_sativa_ZM4_hap4,M_sativa_ZM4_hap4_Chr05,5,70,10,15,155,0,375
8,M_sativa_ZM4_hap4,M_sativa_ZM4_hap4_Chr05,6,41,12,20,111,0,284
8,M_sativa_ZM4_hap4,M_sativa_ZM4_hap4_Chr05,7,48,13,12,117,0,280
8,M_sativa_ZM4_hap4,M_sativa_ZM4_hap4_Chr05,8,63,10,10,126,0,323
8,M_sativa_ZM4_hap4,M_sativa_ZM4_hap4_Chr05,9,57,12,13,139,0,351
8,M_sativa_ZM4_hap4,M_sativa_ZM4_hap4_Chr05,10,60,16,8,124,0,333
8,M_sativa_ZM4_hap4,M_sativa_ZM4_hap4_Chr05,11,52,19,11,138,0,338
8,M_sativa_ZM4_hap4,M_sativa_ZM4_hap4_Chr05,12,54,25,13,160,0,387
8,M_sativa_ZM4_hap4,M_sativa_ZM4_hap4_Chr05,13,58,18,12,136,0,344
8,M_sativa_ZM4_hap4,M_sativa_ZM4_hap4_Chr05,14,45,19,7,125,0,322
8,M_sativa_ZM4_hap4,M_sativa_ZM4_hap4_Chr05,15,46,15,13,122,0,317
8,M_sativa_ZM4_hap4,M_sativa_ZM4_hap4_Chr05,16,65,17,5,111,0,306
8,M_sativa_ZM4_hap4,M_sativa_ZM4_hap4_Chr05,17,37,9,10,102,0,233
8,M_sativa_ZM4_hap4,M_sativa_ZM4_hap4_Chr05,18,41,30,7,101,0,262
8,M_sativa_ZM4_hap4,M_sativa_ZM4_hap4_Chr05,19,60,11,8,99,0,268
8,M_sativa_ZM4_hap4,M_sativa_ZM4_hap4_Chr05,20,42,11,11,107,0,276
8,M_sativa_ZM4_hap4,M_sativa_ZM4_hap4_Chr05,21,39,18,14,98,0,252
8,M_sativa_ZM4_hap4,M_sativa_ZM4_hap4_Chr05,22,25,25,14,109,0,250
8,M_sativa_ZM4_hap4,M_sativa_ZM4_hap4_Chr05,23,40,18,13,105,0,266
8,M_sativa_ZM4_hap4,M_sativa_ZM4_hap4_Chr05,24,35,15,22,93,0,260
8,M_sativa_ZM4_hap4,M_sativa_ZM4_hap4_Chr05,25,55,6,9,87,0,234
8,M_sativa_ZM4_hap4,M_sativa_ZM4_hap4_Chr05,26,46,12,10,90,0,242
8,M_sativa_ZM4_hap4,M_sativa_ZM4_hap4_Chr05,27,40,12,16,123,0,292
8,M_sativa_ZM4_hap4,M_sativa_ZM4_hap4_Chr05,28,40,13,8,111,0,277
8,M_sativa_ZM4_hap4,M_sativa_ZM4_hap4_Chr05,29,30,10,11,107,0,252
8,M_sativa_ZM4_hap4,M_sativa_ZM4_hap4_Chr05,30,43,14,11,91,0,246
8,M_sativa_ZM4_hap4,M_sativa_ZM4_hap4_Chr05,31,31,20,9,102,0,257
8,M_sativa_ZM4_hap4,M_sativa_ZM4_hap4_Chr05,32,30,9,21,113,0,256
8,M_sativa_ZM4_hap4,M_sativa_ZM4_hap4_Chr05,33,24,6,7,121,0,256
8,M_sativa_ZM4_hap4,M_sativa_ZM4_hap4_Chr05,34,20,9,7,80,0,185
8,M_sativa_ZM4_hap4,M_sativa_ZM4_hap4_Chr05,35,14,5,6,48,0,117
8,M_sativa_ZM4_hap4,M_sativa_ZM4_hap4_Chr05,36,27,13,3,32,0,108
8,M_sativa_ZM4_hap4,M_sativa_ZM4_hap4_Chr05,37,0,0,0,48,0,85
8,M_sativa_ZM4_hap4,M_sativa_ZM4_hap4_Chr05,38,1,0,0,10,0,23
8,M_sativa_ZM4_hap4,M_sativa_ZM4_hap4_Chr05,39,7,0,0,4,0,18
8,M_sativa_ZM4_hap4,M_sativa_ZM4_hap4_Chr05,40,6,0,2,38,0,80
8,M_sativa_ZM4_hap4,M_sativa_ZM4_hap4_Chr05,41,6,5,3,23,0,74
8,M_sativa_ZM4_hap4,M_sativa_ZM4_hap4_Chr05,42,29,9,9,30,0,97
8,M_sativa_ZM4_hap4,M_sativa_ZM4_hap4_Chr05,43,28,22,7,20,0,99
8,M_sativa_ZM4_hap4,M_sativa_ZM4_hap4_Chr05,44,22,14,10,60,0,171
8,M_sativa_ZM4_hap4,M_sativa_ZM4_hap4_Chr05,45,32,7,12,72,0,154
8,M_sativa_ZM4_hap4,M_sativa_ZM4_hap4_Chr05,46,41,10,9,49,0,146
8,M_sativa_ZM4_hap4,M_sativa_ZM4_hap4_Chr05,47,25,7,14,74,0,181
8,M_sativa_ZM4_hap4,M_sativa_ZM4_hap4_Chr05,48,26,18,14,69,0,162
8,M_sativa_ZM4_hap4,M_sativa_ZM4_hap4_Chr05,49,27,10,12,75,0,177
8,M_sativa_ZM4_hap4,M_sativa_ZM4_hap4_Chr05,50,33,10,7,90,0,213
8,M_sativa_ZM4_hap4,M_sativa_ZM4_hap4_Chr05,51,34,16,17,81,0,226
8,M_sativa_ZM4_hap4,M_sativa_ZM4_hap4_Chr05,52,30,22,11,84,0,206
8,M_sativa_ZM4_hap4,M_sativa_ZM4_hap4_Chr05,53,34,17,12,88,0,241
8,M_sativa_ZM4_hap4,M_sativa_ZM4_hap4_Chr05,54,45,15,17,79,0,229
8,M_sativa_ZM4_hap4,M_sativa_ZM4_hap4_Chr05,55,40,14,20,95,0,249
8,M_sativa_ZM4_hap4,M_sativa_ZM4_hap4_Chr05,56,46,13,10,105,0,252
8,M_sativa_ZM4_hap4,M_sativa_ZM4_hap4_Chr05,57,42,12,9,105,0,275
8,M_sativa_ZM4_hap4,M_sativa_ZM4_hap4_Chr05,58,38,11,4,127,0,261
8,M_sativa_ZM4_hap4,M_sativa_ZM4_hap4_Chr05,59,2,1,0,111,0,213
8,M_sativa_ZM4_hap4,M_sativa_ZM4_hap4_Chr05,60,3,0,0,91,0,184
8,M_sativa_ZM4_hap4,M_sativa_ZM4_hap4_Chr05,61,0,0,0,57,0,112
8,M_sativa_ZM4_hap4,M_sativa_ZM4_hap4_Chr05,62,4,5,2,62,0,144
8,M_sativa_ZM4_hap4,M_sativa_ZM4_hap4_Chr05,63,47,20,6,75,0,219
8,M_sativa_ZM4_hap4,M_sativa_ZM4_hap4_Chr05,64,39,23,12,76,0,212
8,M_sativa_ZM4_hap4,M_sativa_ZM4_hap4_Chr05,65,26,15,13,79,0,198
8,M_sativa_ZM4_hap4,M_sativa_ZM4_hap4_Chr05,66,43,13,14,88,0,249
8,M_sativa_ZM4_hap4,M_sativa_ZM4_hap4_Chr05,67,27,12,13,78,0,205
8,M_sativa_ZM4_hap4,M_sativa_ZM4_hap4_Chr05,68,51,19,6,69,0,212
8,M_sativa_ZM4_hap4,M_sativa_ZM4_hap4_Chr05,69,33,11,6,70,0,187
8,M_sativa_ZM4_hap4,M_sativa_ZM4_hap4_Chr05,70,34,17,5,112,0,267
8,M_sativa_ZM4_hap4,M_sativa_ZM4_hap4_Chr05,71,38,12,14,102,0,269
8,M_sativa_ZM4_hap4,M_sativa_ZM4_hap4_Chr05,72,40,16,8,114,0,268
8,M_sativa_ZM4_hap4,M_sativa_ZM4_hap4_Chr05,73,33,14,23,134,0,284
8,M_sativa_ZM4_hap4,M_sativa_ZM4_hap4_Chr05,74,42,18,9,129,0,294
8,M_sativa_ZM4_hap4,M_sativa_ZM4_hap4_Chr05,75,49,17,9,122,0,308
8,M_sativa_ZM4_hap4,M_sativa_ZM4_hap4_Chr05,76,50,15,11,108,0,273
8,M_sativa_ZM4_hap4,M_sativa_ZM4_hap4_Chr05,77,31,15,15,118,0,300
8,M_sativa_ZM4_hap4,M_sativa_ZM4_hap4_Chr05,78,57,22,12,139,0,354
8,M_sativa_ZM4_hap4,M_sativa_ZM4_hap4_Chr05,79,68,20,16,102,0,312
8,M_sativa_ZM4_hap4,M_sativa_ZM4_hap4_Chr05,80,35,19,21,99,0,287
8,M_sativa_ZM4_hap4,M_sativa_ZM4_hap4_Chr05,81,49,33,11,135,0,363
8,M_sativa_ZM4_hap4,M_sativa_ZM4_hap4_Chr05,82,54,24,17,141,0,353
8,M_sativa_ZM4_hap4,M_sativa_ZM4_hap4_Chr05,83,43,11,27,109,0,298
8,M_sativa_ZM4_hap4,M_sativa_ZM4_hap4_Chr05,84,46,16,16,104,0,269
8,M_sativa_ZM4_hap4,M_sativa_ZM4_hap4_Chr05,85,15,11,8,97,0,211
8,M_sativa_ZM4_hap4,M_sativa_ZM4_hap4_Chr05,86,1,0,0,85,0,167
8,M_sativa_ZM4_hap4,M_sativa_ZM4_hap4_Chr05,87,2,0,0,17,0,149
8,M_sativa_ZM4_hap4,M_sativa_ZM4_hap4_Chr05,88,0,0,0,0,0,144
8,M_sativa_ZM4_hap4,M_sativa_ZM4_hap4_Chr05,89,0,0,0,0,0,88
8,M_sativa_ZM4_hap4,M_sativa_ZM4_hap4_Chr05,90,0,0,0,0,0,63
8,M_sativa_ZM4_hap4,M_sativa_ZM4_hap4_Chr05,91,0,0,0,0,0,48
8,M_sativa_ZM4_hap4,M_sativa_ZM4_hap4_Chr06,0,46,13,16,135,0,335
8,M_sativa_ZM4_hap4,M_sativa_ZM4_hap4_Chr06,1,34,13,9,109,0,259
8,M_sativa_ZM4_hap4,M_sativa_ZM4_hap4_Chr06,2,35,6,12,97,0,237
8,M_sativa_ZM4_hap4,M_sativa_ZM4_hap4_Chr06,3,55,10,14,113,0,289
8,M_sativa_ZM4_hap4,M_sativa_ZM4_hap4_Chr06,4,40,15,11,91,0,245
8,M_sativa_ZM4_hap4,M_sativa_ZM4_hap4_Chr06,5,40,13,7,115,0,271
8,M_sativa_ZM4_hap4,M_sativa_ZM4_hap4_Chr06,6,39,8,6,106,0,246
8,M_sativa_ZM4_hap4,M_sativa_ZM4_hap4_Chr06,7,27,6,6,94,0,216
8,M_sativa_ZM4_hap4,M_sativa_ZM4_hap4_Chr06,8,57,14,4,69,0,219
8,M_sativa_ZM4_hap4,M_sativa_ZM4_hap4_Chr06,9,32,9,11,119,0,255
8,M_sativa_ZM4_hap4,M_sativa_ZM4_hap4_Chr06,10,30,17,11,120,0,284
8,M_sativa_ZM4_hap4,M_sativa_ZM4_hap4_Chr06,11,39,6,13,125,0,293
8,M_sativa_ZM4_hap4,M_sativa_ZM4_hap4_Chr06,12,23,5,24,92,0,232
8,M_sativa_ZM4_hap4,M_sativa_ZM4_hap4_Chr06,13,16,8,11,104,0,226
8,M_sativa_ZM4_hap4,M_sativa_ZM4_hap4_Chr06,14,21,23,10,76,0,185
8,M_sativa_ZM4_hap4,M_sativa_ZM4_hap4_Chr06,15,55,7,12,99,0,258
8,M_sativa_ZM4_hap4,M_sativa_ZM4_hap4_Chr06,16,27,3,17,88,0,223
8,M_sativa_ZM4_hap4,M_sativa_ZM4_hap4_Chr06,17,40,9,14,97,0,249
8,M_sativa_ZM4_hap4,M_sativa_ZM4_hap4_Chr06,18,28,9,13,107,0,264
8,M_sativa_ZM4_hap4,M_sativa_ZM4_hap4_Chr06,19,29,18,10,84,0,218
8,M_sativa_ZM4_hap4,M_sativa_ZM4_hap4_Chr06,20,29,5,15,90,0,223
8,M_sativa_ZM4_hap4,M_sativa_ZM4_hap4_Chr06,21,38,5,7,87,0,224
8,M_sativa_ZM4_hap4,M_sativa_ZM4_hap4_Chr06,22,15,3,22,114,0,233
8,M_sativa_ZM4_hap4,M_sativa_ZM4_hap4_Chr06,23,19,0,38,101,0,208
8,M_sativa_ZM4_hap4,M_sativa_ZM4_hap4_Chr06,24,15,0,60,99,0,234
8,M_sativa_ZM4_hap4,M_sativa_ZM4_hap4_Chr06,25,13,3,40,129,0,243
8,M_sativa_ZM4_hap4,M_sativa_ZM4_hap4_Chr06,26,33,8,13,76,0,195
8,M_sativa_ZM4_hap4,M_sativa_ZM4_hap4_Chr06,27,27,7,10,83,0,199
8,M_sativa_ZM4_hap4,M_sativa_ZM4_hap4_Chr06,28,29,14,6,87,0,213
8,M_sativa_ZM4_hap4,M_sativa_ZM4_hap4_Chr06,29,21,6,9,88,0,199
8,M_sativa_ZM4_hap4,M_sativa_ZM4_hap4_Chr06,30,21,11,14,70,0,187
8,M_sativa_ZM4_hap4,M_sativa_ZM4_hap4_Chr06,31,27,5,6,80,0,196
8,M_sativa_ZM4_hap4,M_sativa_ZM4_hap4_Chr06,32,22,15,14,99,0,204
8,M_sativa_ZM4_hap4,M_sativa_ZM4_hap4_Chr06,33,20,6,7,79,0,177
8,M_sativa_ZM4_hap4,M_sativa_ZM4_hap4_Chr06,34,22,9,9,69,0,179
8,M_sativa_ZM4_hap4,M_sativa_ZM4_hap4_Chr06,35,30,5,4,72,0,176
8,M_sativa_ZM4_hap4,M_sativa_ZM4_hap4_Chr06,36,25,6,7,84,0,178
8,M_sativa_ZM4_hap4,M_sativa_ZM4_hap4_Chr06,37,27,6,8,83,0,193
8,M_sativa_ZM4_hap4,M_sativa_ZM4_hap4_Chr06,38,23,4,12,57,0,163
8,M_sativa_ZM4_hap4,M_sativa_ZM4_hap4_Chr06,39,23,7,6,71,0,179
8,M_sativa_ZM4_hap4,M_sativa_ZM4_hap4_Chr06,40,28,0,6,85,0,176
8,M_sativa_ZM4_hap4,M_sativa_ZM4_hap4_Chr06,41,27,4,9,80,0,185
8,M_sativa_ZM4_hap4,M_sativa_ZM4_hap4_Chr06,42,17,12,11,100,0,199
8,M_sativa_ZM4_hap4,M_sativa_ZM4_hap4_Chr06,43,30,6,17,71,0,180
8,M_sativa_ZM4_hap4,M_sativa_ZM4_hap4_Chr06,44,22,12,9,80,0,186
8,M_sativa_ZM4_hap4,M_sativa_ZM4_hap4_Chr06,45,22,11,2,82,0,184
8,M_sativa_ZM4_hap4,M_sativa_ZM4_hap4_Chr06,46,1,0,0,76,0,140
8,M_sativa_ZM4_hap4,M_sativa_ZM4_hap4_Chr06,47,2,0,0,51,0,95
8,M_sativa_ZM4_hap4,M_sativa_ZM4_hap4_Chr06,48,8,0,0,32,0,64
8,M_sativa_ZM4_hap4,M_sativa_ZM4_hap4_Chr06,49,0,0,0,29,0,56
8,M_sativa_ZM4_hap4,M_sativa_ZM4_hap4_Chr06,50,4,3,1,16,0,53
8,M_sativa_ZM4_hap4,M_sativa_ZM4_hap4_Chr06,51,21,8,5,15,0,53
8,M_sativa_ZM4_hap4,M_sativa_ZM4_hap4_Chr06,52,21,7,7,14,0,54
8,M_sativa_ZM4_hap4,M_sativa_ZM4_hap4_Chr06,53,28,7,3,12,0,54
8,M_sativa_ZM4_hap4,M_sativa_ZM4_hap4_Chr06,54,17,5,10,40,0,97
8,M_sativa_ZM4_hap4,M_sativa_ZM4_hap4_Chr06,55,15,8,4,66,0,137
8,M_sativa_ZM4_hap4,M_sativa_ZM4_hap4_Chr06,56,12,2,9,68,0,148
8,M_sativa_ZM4_hap4,M_sativa_ZM4_hap4_Chr06,57,25,3,9,74,0,165
8,M_sativa_ZM4_hap4,M_sativa_ZM4_hap4_Chr06,58,18,7,9,58,0,147
8,M_sativa_ZM4_hap4,M_sativa_ZM4_hap4_Chr06,59,19,8,7,59,0,139
8,M_sativa_ZM4_hap4,M_sativa_ZM4_hap4_Chr06,60,15,6,6,59,0,142
8,M_sativa_ZM4_hap4,M_sativa_ZM4_hap4_Chr06,61,23,4,7,58,0,141
8,M_sativa_ZM4_hap4,M_sativa_ZM4_hap4_Chr06,62,26,2,7,67,0,144
8,M_sativa_ZM4_hap4,M_sativa_ZM4_hap4_Chr06,63,25,14,13,70,0,174
8,M_sativa_ZM4_hap4,M_sativa_ZM4_hap4_Chr06,64,21,6,13,81,0,186
8,M_sativa_ZM4_hap4,M_sativa_ZM4_hap4_Chr06,65,21,13,7,68,0,185
8,M_sativa_ZM4_hap4,M_sativa_ZM4_hap4_Chr06,66,9,4,12,66,0,162
8,M_sativa_ZM4_hap4,M_sativa_ZM4_hap4_Chr06,67,12,4,9,81,0,168
8,M_sativa_ZM4_hap4,M_sativa_ZM4_hap4_Chr06,68,3,0,0,83,0,149
8,M_sativa_ZM4_hap4,M_sativa_ZM4_hap4_Chr06,69,19,4,1,89,0,179
8,M_sativa_ZM4_hap4,M_sativa_ZM4_hap4_Chr06,70,24,9,4,71,0,186
8,M_sativa_ZM4_hap4,M_sativa_ZM4_hap4_Chr06,71,17,10,7,80,0,184
8,M_sativa_ZM4_hap4,M_sativa_ZM4_hap4_Chr06,72,19,5,14,48,0,131
8,M_sativa_ZM4_hap4,M_sativa_ZM4_hap4_Chr06,73,28,6,7,67,0,153
8,M_sativa_ZM4_hap4,M_sativa_ZM4_hap4_Chr06,74,11,7,5,73,0,141
8,M_sativa_ZM4_hap4,M_sativa_ZM4_hap4_Chr06,75,18,6,5,65,0,150
8,M_sativa_ZM4_hap4,M_sativa_ZM4_hap4_Chr06,76,33,16,10,63,0,194
8,M_sativa_ZM4_hap4,M_sativa_ZM4_hap4_Chr06,77,39,17,6,86,0,213
8,M_sativa_ZM4_hap4,M_sativa_ZM4_hap4_Chr06,78,28,13,8,78,0,189
8,M_sativa_ZM4_hap4,M_sativa_ZM4_hap4_Chr06,79,39,5,13,65,0,175
8,M_sativa_ZM4_hap4,M_sativa_ZM4_hap4_Chr06,80,29,4,2,57,0,139
8,M_sativa_ZM4_hap4,M_sativa_ZM4_hap4_Chr06,81,21,17,5,55,0,157
8,M_sativa_ZM4_hap4,M_sativa_ZM4_hap4_Chr06,82,37,24,9,93,0,232
8,M_sativa_ZM4_hap4,M_sativa_ZM4_hap4_Chr06,83,26,11,16,93,0,234
8,M_sativa_ZM4_hap4,M_sativa_ZM4_hap4_Chr06,84,38,10,14,86,0,231
8,M_sativa_ZM4_hap4,M_sativa_ZM4_hap4_Chr06,85,43,15,9,146,0,309
8,M_sativa_ZM4_hap4,M_sativa_ZM4_hap4_Chr06,86,23,4,13,91,0,203
8,M_sativa_ZM4_hap4,M_sativa_ZM4_hap4_Chr06,87,36,5,7,70,0,205
8,M_sativa_ZM4_hap4,M_sativa_ZM4_hap4_Chr06,88,26,9,11,91,0,213
8,M_sativa_ZM4_hap4,M_sativa_ZM4_hap4_Chr06,89,23,9,7,102,0,227
8,M_sativa_ZM4_hap4,M_sativa_ZM4_hap4_Chr06,90,44,10,13,108,0,283
8,M_sativa_ZM4_hap4,M_sativa_ZM4_hap4_Chr06,91,26,13,9,119,0,284
8,M_sativa_ZM4_hap4,M_sativa_ZM4_hap4_Chr06,92,43,6,10,123,0,272
8,M_sativa_ZM4_hap4,M_sativa_ZM4_hap4_Chr06,93,48,15,8,95,0,250
8,M_sativa_ZM4_hap4,M_sativa_ZM4_hap4_Chr06,94,26,16,10,113,0,268
8,M_sativa_ZM4_hap4,M_sativa_ZM4_hap4_Chr06,95,30,11,24,170,0,376
8,M_sativa_ZM4_hap4,M_sativa_ZM4_hap4_Chr06,96,20,5,5,27,0,168
8,M_sativa_ZM4_hap4,M_sativa_ZM4_hap4_Chr06,97,0,0,0,0,0,158
8,M_sativa_ZM4_hap4,M_sativa_ZM4_hap4_Chr06,98,0,0,0,0,0,196
8,M_sativa_ZM4_hap4,M_sativa_ZM4_hap4_Chr06,99,0,0,0,0,0,176
8,M_sativa_ZM4_hap4,M_sativa_ZM4_hap4_Chr06,100,0,0,0,0,0,216
8,M_sativa_ZM4_hap4,M_sativa_ZM4_hap4_Chr06,101,0,0,0,0,0,211
8,M_sativa_ZM4_hap4,M_sativa_ZM4_hap4_Chr06,102,0,0,0,0,0,164
8,M_sativa_ZM4_hap4,M_sativa_ZM4_hap4_Chr06,103,0,0,0,0,0,137
8,M_sativa_ZM4_hap4,M_sativa_ZM4_hap4_Chr06,104,0,0,0,0,0,4
8,M_sativa_ZM4_hap4,M_sativa_ZM4_hap4_Chr06,105,0,0,0,0,0,2
8,M_sativa_ZM4_hap4,M_sativa_ZM4_hap4_Chr06,106,0,0,0,0,0,3
8,M_sativa_ZM4_hap4,M_sativa_ZM4_hap4_Chr06,107,0,0,0,0,0,2
8,M_sativa_ZM4_hap4,M_sativa_ZM4_hap4_Chr06,108,0,0,0,0,0,1
8,M_sativa_ZM4_hap4,M_sativa_ZM4_hap4_Chr06,109,0,0,0,0,0,2
8,M_sativa_ZM4_hap4,M_sativa_ZM4_hap4_Chr07,0,1,2,0,4,0,9
8,M_sativa_ZM4_hap4,M_sativa_ZM4_hap4_Chr07,1,0,0,0,3,0,6
8,M_sativa_ZM4_hap4,M_sativa_ZM4_hap4_Chr07,2,21,7,10,11,0,53
8,M_sativa_ZM4_hap4,M_sativa_ZM4_hap4_Chr07,3,33,15,12,54,0,150
8,M_sativa_ZM4_hap4,M_sativa_ZM4_hap4_Chr07,4,30,17,20,89,0,215
8,M_sativa_ZM4_hap4,M_sativa_ZM4_hap4_Chr07,5,24,7,9,73,0,165
8,M_sativa_ZM4_hap4,M_sativa_ZM4_hap4_Chr07,6,18,11,9,61,0,161
8,M_sativa_ZM4_hap4,M_sativa_ZM4_hap4_Chr07,7,38,16,11,64,0,176
8,M_sativa_ZM4_hap4,M_sativa_ZM4_hap4_Chr07,8,32,12,12,114,0,254
8,M_sativa_ZM4_hap4,M_sativa_ZM4_hap4_Chr07,9,38,12,26,95,0,271
8,M_sativa_ZM4_hap4,M_sativa_ZM4_hap4_Chr07,10,30,15,6,105,0,242
8,M_sativa_ZM4_hap4,M_sativa_ZM4_hap4_Chr07,11,41,6,11,105,0,240
8,M_sativa_ZM4_hap4,M_sativa_ZM4_hap4_Chr07,12,14,9,3,79,0,177
8,M_sativa_ZM4_hap4,M_sativa_ZM4_hap4_Chr07,13,37,2,16,108,0,257
8,M_sativa_ZM4_hap4,M_sativa_ZM4_hap4_Chr07,14,38,3,10,97,0,230
8,M_sativa_ZM4_hap4,M_sativa_ZM4_hap4_Chr07,15,49,13,8,97,0,284
8,M_sativa_ZM4_hap4,M_sativa_ZM4_hap4_Chr07,16,31,6,14,99,0,234
8,M_sativa_ZM4_hap4,M_sativa_ZM4_hap4_Chr07,17,25,9,16,105,0,234
8,M_sativa_ZM4_hap4,M_sativa_ZM4_hap4_Chr07,18,39,10,7,89,0,211
8,M_sativa_ZM4_hap4,M_sativa_ZM4_hap4_Chr07,19,31,6,1,50,0,133
8,M_sativa_ZM4_hap4,M_sativa_ZM4_hap4_Chr07,20,33,17,18,81,0,218
8,M_sativa_ZM4_hap4,M_sativa_ZM4_hap4_Chr07,21,2,4,0,75,0,166
8,M_sativa_ZM4_hap4,M_sativa_ZM4_hap4_Chr07,22,13,8,4,98,0,190
8,M_sativa_ZM4_hap4,M_sativa_ZM4_hap4_Chr07,23,31,17,10,66,0,178
8,M_sativa_ZM4_hap4,M_sativa_ZM4_hap4_Chr07,24,34,18,2,58,0,169
8,M_sativa_ZM4_hap4,M_sativa_ZM4_hap4_Chr07,25,44,10,13,104,0,258
8,M_sativa_ZM4_hap4,M_sativa_ZM4_hap4_Chr07,26,39,13,9,117,0,268
8,M_sativa_ZM4_hap4,M_sativa_ZM4_hap4_Chr07,27,37,11,13,94,0,231
8,M_sativa_ZM4_hap4,M_sativa_ZM4_hap4_Chr07,28,34,17,8,75,0,206
8,M_sativa_ZM4_hap4,M_sativa_ZM4_hap4_Chr07,29,39,9,5,86,0,208
8,M_sativa_ZM4_hap4,M_sativa_ZM4_hap4_Chr07,30,35,8,20,105,0,251
8,M_sativa_ZM4_hap4,M_sativa_ZM4_hap4_Chr07,31,48,7,11,73,0,206
8,M_sativa_ZM4_hap4,M_sativa_ZM4_hap4_Chr07,32,56,12,9,86,0,224
8,M_sativa_ZM4_hap4,M_sativa_ZM4_hap4_Chr07,33,22,17,13,105,0,262
8,M_sativa_ZM4_hap4,M_sativa_ZM4_hap4_Chr07,34,31,15,10,96,0,211
8,M_sativa_ZM4_hap4,M_sativa_ZM4_hap4_Chr07,35,22,6,6,80,0,181
8,M_sativa_ZM4_hap4,M_sativa_ZM4_hap4_Chr07,36,0,0,0,64,0,119
8,M_sativa_ZM4_hap4,M_sativa_ZM4_hap4_Chr07,37,0,0,0,67,0,132
8,M_sativa_ZM4_hap4,M_sativa_ZM4_hap4_Chr07,38,0,0,0,54,0,99
8,M_sativa_ZM4_hap4,M_sativa_ZM4_hap4_Chr07,39,3,0,2,21,0,46
8,M_sativa_ZM4_hap4,M_sativa_ZM4_hap4_Chr07,40,0,1,0,23,0,43
8,M_sativa_ZM4_hap4,M_sativa_ZM4_hap4_Chr07,41,2,0,2,26,0,57
8,M_sativa_ZM4_hap4,M_sativa_ZM4_hap4_Chr07,42,1,3,0,15,0,36
8,M_sativa_ZM4_hap4,M_sativa_ZM4_hap4_Chr07,43,19,16,8,14,0,69
8,M_sativa_ZM4_hap4,M_sativa_ZM4_hap4_Chr07,44,33,8,10,24,0,93
8,M_sativa_ZM4_hap4,M_sativa_ZM4_hap4_Chr07,45,38,9,9,44,0,133
8,M_sativa_ZM4_hap4,M_sativa_ZM4_hap4_Chr07,46,24,17,10,49,0,137
8,M_sativa_ZM4_hap4,M_sativa_ZM4_hap4_Chr07,47,36,11,7,69,0,166
8,M_sativa_ZM4_hap4,M_sativa_ZM4_hap4_Chr07,48,16,13,10,59,0,139
8,M_sativa_ZM4_hap4,M_sativa_ZM4_hap4_Chr07,49,28,16,16,44,0,145
8,M_sativa_ZM4_hap4,M_sativa_ZM4_hap4_Chr07,50,31,20,12,86,0,200
8,M_sativa_ZM4_hap4,M_sativa_ZM4_hap4_Chr07,51,35,13,7,84,0,205
8,M_sativa_ZM4_hap4,M_sativa_ZM4_hap4_Chr07,52,41,3,15,93,0,233
8,M_sativa_ZM4_hap4,M_sativa_ZM4_hap4_Chr07,53,36,10,12,83,0,207
8,M_sativa_ZM4_hap4,M_sativa_ZM4_hap4_Chr07,54,38,15,15,88,0,228
8,M_sativa_ZM4_hap4,M_sativa_ZM4_hap4_Chr07,55,27,8,30,84,0,218
8,M_sativa_ZM4_hap4,M_sativa_ZM4_hap4_Chr07,56,29,12,24,109,0,263
8,M_sativa_ZM4_hap4,M_sativa_ZM4_hap4_Chr07,57,34,10,5,100,0,246
8,M_sativa_ZM4_hap4,M_sativa_ZM4_hap4_Chr07,58,38,15,4,82,0,217
8,M_sativa_ZM4_hap4,M_sativa_ZM4_hap4_Chr07,59,26,18,11,89,0,221
8,M_sativa_ZM4_hap4,M_sativa_ZM4_hap4_Chr07,60,27,11,13,99,0,227
8,M_sativa_ZM4_hap4,M_sativa_ZM4_hap4_Chr07,61,37,24,11,103,0,256
8,M_sativa_ZM4_hap4,M_sativa_ZM4_hap4_Chr07,62,28,7,14,82,0,190
8,M_sativa_ZM4_hap4,M_sativa_ZM4_hap4_Chr07,63,35,17,23,90,0,259
8,M_sativa_ZM4_hap4,M_sativa_ZM4_hap4_Chr07,64,43,17,10,97,0,248
8,M_sativa_ZM4_hap4,M_sativa_ZM4_hap4_Chr07,65,30,8,7,80,0,210
8,M_sativa_ZM4_hap4,M_sativa_ZM4_hap4_Chr07,66,42,11,21,100,0,287
8,M_sativa_ZM4_hap4,M_sativa_ZM4_hap4_Chr07,67,50,12,11,87,0,245
8,M_sativa_ZM4_hap4,M_sativa_ZM4_hap4_Chr07,68,14,2,1,104,0,199
8,M_sativa_ZM4_hap4,M_sativa_ZM4_hap4_Chr07,69,19,3,7,98,0,207
8,M_sativa_ZM4_hap4,M_sativa_ZM4_hap4_Chr07,70,45,12,14,79,0,225
8,M_sativa_ZM4_hap4,M_sativa_ZM4_hap4_Chr07,71,42,10,5,39,0,133
8,M_sativa_ZM4_hap4,M_sativa_ZM4_hap4_Chr07,72,49,8,16,70,0,200
8,M_sativa_ZM4_hap4,M_sativa_ZM4_hap4_Chr07,73,30,7,10,96,0,235
8,M_sativa_ZM4_hap4,M_sativa_ZM4_hap4_Chr07,74,46,14,15,104,0,283
8,M_sativa_ZM4_hap4,M_sativa_ZM4_hap4_Chr07,75,61,28,9,136,0,342
8,M_sativa_ZM4_hap4,M_sativa_ZM4_hap4_Chr07,76,50,11,18,133,0,329
8,M_sativa_ZM4_hap4,M_sativa_ZM4_hap4_Chr07,77,57,7,17,135,0,334
8,M_sativa_ZM4_hap4,M_sativa_ZM4_hap4_Chr07,78,42,21,9,128,0,289
8,M_sativa_ZM4_hap4,M_sativa_ZM4_hap4_Chr07,79,48,19,12,144,0,345
8,M_sativa_ZM4_hap4,M_sativa_ZM4_hap4_Chr07,80,51,16,11,148,0,336
8,M_sativa_ZM4_hap4,M_sativa_ZM4_hap4_Chr07,81,63,22,16,135,0,364
8,M_sativa_ZM4_hap4,M_sativa_ZM4_hap4_Chr07,82,48,10,16,118,0,300
8,M_sativa_ZM4_hap4,M_sativa_ZM4_hap4_Chr07,83,60,8,14,148,0,358
8,M_sativa_ZM4_hap4,M_sativa_ZM4_hap4_Chr07,84,64,7,19,123,0,337
8,M_sativa_ZM4_hap4,M_sativa_ZM4_hap4_Chr07,85,63,9,13,115,0,336
8,M_sativa_ZM4_hap4,M_sativa_ZM4_hap4_Chr07,86,49,20,15,142,0,362
8,M_sativa_ZM4_hap4,M_sativa_ZM4_hap4_Chr07,87,56,18,7,134,0,330
8,M_sativa_ZM4_hap4,M_sativa_ZM4_hap4_Chr07,88,35,16,9,140,0,321
8,M_sativa_ZM4_hap4,M_sativa_ZM4_hap4_Chr07,89,57,29,14,146,0,366
8,M_sativa_ZM4_hap4,M_sativa_ZM4_hap4_Chr07,90,58,15,9,139,0,347
8,M_sativa_ZM4_hap4,M_sativa_ZM4_hap4_Chr07,91,39,42,12,144,0,352
8,M_sativa_ZM4_hap4,M_sativa_ZM4_hap4_Chr07,92,54,26,9,140,0,353
8,M_sativa_ZM4_hap4,M_sativa_ZM4_hap4_Chr07,93,49,43,14,153,0,395
8,M_sativa_ZM4_hap4,M_sativa_ZM4_hap4_Chr07,94,50,26,8,144,0,362
8,M_sativa_ZM4_hap4,M_sativa_ZM4_hap4_Chr07,95,61,17,12,128,0,336
8,M_sativa_ZM4_hap4,M_sativa_ZM4_hap4_Chr07,96,60,11,11,160,0,374
8,M_sativa_ZM4_hap4,M_sativa_ZM4_hap4_Chr07,97,50,27,9,156,0,386
8,M_sativa_ZM4_hap4,M_sativa_ZM4_hap4_Chr07,98,78,18,12,153,0,394
8,M_sativa_ZM4_hap4,M_sativa_ZM4_hap4_Chr07,99,61,16,15,157,0,372
8,M_sativa_ZM4_hap4,M_sativa_ZM4_hap4_Chr07,100,54,28,16,138,0,373
8,M_sativa_ZM4_hap4,M_sativa_ZM4_hap4_Chr07,101,58,31,11,146,0,387
8,M_sativa_ZM4_hap4,M_sativa_ZM4_hap4_Chr07,102,54,36,14,183,0,442
8,M_sativa_ZM4_hap4,M_sativa_ZM4_hap4_Chr07,103,60,20,13,148,0,376
8,M_sativa_ZM4_hap4,M_sativa_ZM4_hap4_Chr07,104,71,9,21,160,0,393
8,M_sativa_ZM4_hap4,M_sativa_ZM4_hap4_Chr07,105,22,4,3,44,0,253
8,M_sativa_ZM4_hap4,M_sativa_ZM4_hap4_Chr07,106,0,0,0,0,0,113
8,M_sativa_ZM4_hap4,M_sativa_ZM4_hap4_Chr07,107,0,0,0,0,0,99
8,M_sativa_ZM4_hap4,M_sativa_ZM4_hap4_Chr07,108,0,0,0,0,0,99
8,M_sativa_ZM4_hap4,M_sativa_ZM4_hap4_Chr07,109,0,0,0,0,0,3
8,M_sativa_ZM4_hap4,M_sativa_ZM4_hap4_Chr08,0,3,1,0,48,0,99
8,M_sativa_ZM4_hap4,M_sativa_ZM4_hap4_Chr08,1,1,0,0,49,0,81
8,M_sativa_ZM4_hap4,M_sativa_ZM4_hap4_Chr08,2,29,6,7,63,0,168
8,M_sativa_ZM4_hap4,M_sativa_ZM4_hap4_Chr08,3,48,9,18,125,0,316
8,M_sativa_ZM4_hap4,M_sativa_ZM4_hap4_Chr08,4,52,15,15,127,0,332
8,M_sativa_ZM4_hap4,M_sativa_ZM4_hap4_Chr08,5,59,8,8,129,0,330
8,M_sativa_ZM4_hap4,M_sativa_ZM4_hap4_Chr08,6,47,15,12,139,0,319
8,M_sativa_ZM4_hap4,M_sativa_ZM4_hap4_Chr08,7,36,22,4,112,0,269
8,M_sativa_ZM4_hap4,M_sativa_ZM4_hap4_Chr08,8,54,18,7,133,0,303
8,M_sativa_ZM4_hap4,M_sativa_ZM4_hap4_Chr08,9,33,11,12,120,0,314
8,M_sativa_ZM4_hap4,M_sativa_ZM4_hap4_Chr08,10,48,23,8,116,0,292
8,M_sativa_ZM4_hap4,M_sativa_ZM4_hap4_Chr08,11,44,13,4,114,0,282
8,M_sativa_ZM4_hap4,M_sativa_ZM4_hap4_Chr08,12,43,7,11,114,0,273
8,M_sativa_ZM4_hap4,M_sativa_ZM4_hap4_Chr08,13,50,15,12,116,0,304
8,M_sativa_ZM4_hap4,M_sativa_ZM4_hap4_Chr08,14,40,13,11,121,0,286
8,M_sativa_ZM4_hap4,M_sativa_ZM4_hap4_Chr08,15,33,12,10,122,0,286
8,M_sativa_ZM4_hap4,M_sativa_ZM4_hap4_Chr08,16,49,4,10,145,0,320
8,M_sativa_ZM4_hap4,M_sativa_ZM4_hap4_Chr08,17,65,6,7,99,0,259
8,M_sativa_ZM4_hap4,M_sativa_ZM4_hap4_Chr08,18,56,9,8,105,0,256
8,M_sativa_ZM4_hap4,M_sativa_ZM4_hap4_Chr08,19,49,8,10,146,0,325
8,M_sativa_ZM4_hap4,M_sativa_ZM4_hap4_Chr08,20,79,3,37,80,0,261
8,M_sativa_ZM4_hap4,M_sativa_ZM4_hap4_Chr08,21,4,2,0,93,0,185
8,M_sativa_ZM4_hap4,M_sativa_ZM4_hap4_Chr08,22,2,0,0,45,0,86
8,M_sativa_ZM4_hap4,M_sativa_ZM4_hap4_Chr08,23,2,0,2,69,0,124
8,M_sativa_ZM4_hap4,M_sativa_ZM4_hap4_Chr08,24,10,2,1,90,0,210
8,M_sativa_ZM4_hap4,M_sativa_ZM4_hap4_Chr08,25,32,13,9,102,0,239
8,M_sativa_ZM4_hap4,M_sativa_ZM4_hap4_Chr08,26,38,9,7,109,0,260
8,M_sativa_ZM4_hap4,M_sativa_ZM4_hap4_Chr08,27,59,5,10,123,0,299
8,M_sativa_ZM4_hap4,M_sativa_ZM4_hap4_Chr08,28,24,13,9,98,0,246
8,M_sativa_ZM4_hap4,M_sativa_ZM4_hap4_Chr08,29,52,7,6,110,0,263
8,M_sativa_ZM4_hap4,M_sativa_ZM4_hap4_Chr08,30,42,12,5,101,0,232
8,M_sativa_ZM4_hap4,M_sativa_ZM4_hap4_Chr08,31,40,13,8,101,0,224
8,M_sativa_ZM4_hap4,M_sativa_ZM4_hap4_Chr08,32,55,2,6,99,0,255
8,M_sativa_ZM4_hap4,M_sativa_ZM4_hap4_Chr08,33,44,15,5,92,0,233
8,M_sativa_ZM4_hap4,M_sativa_ZM4_hap4_Chr08,34,46,7,8,81,0,218
8,M_sativa_ZM4_hap4,M_sativa_ZM4_hap4_Chr08,35,27,8,7,71,0,174
8,M_sativa_ZM4_hap4,M_sativa_ZM4_hap4_Chr08,36,21,13,7,84,0,191
8,M_sativa_ZM4_hap4,M_sativa_ZM4_hap4_Chr08,37,21,4,15,79,0,195
8,M_sativa_ZM4_hap4,M_sativa_ZM4_hap4_Chr08,38,28,8,0,60,0,155
8,M_sativa_ZM4_hap4,M_sativa_ZM4_hap4_Chr08,39,22,14,11,72,0,170
8,M_sativa_ZM4_hap4,M_sativa_ZM4_hap4_Chr08,40,49,11,4,56,0,172
8,M_sativa_ZM4_hap4,M_sativa_ZM4_hap4_Chr08,41,47,6,7,32,0,118
8,M_sativa_ZM4_hap4,M_sativa_ZM4_hap4_Chr08,42,22,9,8,42,0,89
8,M_sativa_ZM4_hap4,M_sativa_ZM4_hap4_Chr08,43,11,5,6,15,0,49
8,M_sativa_ZM4_hap4,M_sativa_ZM4_hap4_Chr08,44,2,0,0,33,0,63
8,M_sativa_ZM4_hap4,M_sativa_ZM4_hap4_Chr08,45,0,1,1,42,0,80
8,M_sativa_ZM4_hap4,M_sativa_ZM4_hap4_Chr08,46,5,2,0,58,0,116
8,M_sativa_ZM4_hap4,M_sativa_ZM4_hap4_Chr08,47,0,1,2,67,0,118
8,M_sativa_ZM4_hap4,M_sativa_ZM4_hap4_Chr08,48,3,0,1,50,0,117
8,M_sativa_ZM4_hap4,M_sativa_ZM4_hap4_Chr08,49,0,0,0,47,0,121
8,M_sativa_ZM4_hap4,M_sativa_ZM4_hap4_Chr08,50,7,1,1,88,0,188
8,M_sativa_ZM4_hap4,M_sativa_ZM4_hap4_Chr08,51,18,5,4,109,0,228
8,M_sativa_ZM4_hap4,M_sativa_ZM4_hap4_Chr08,52,30,7,13,99,0,226
8,M_sativa_ZM4_hap4,M_sativa_ZM4_hap4_Chr08,53,21,11,6,111,0,266
8,M_sativa_ZM4_hap4,M_sativa_ZM4_hap4_Chr08,54,27,5,23,115,0,282
8,M_sativa_ZM4_hap4,M_sativa_ZM4_hap4_Chr08,55,42,15,18,118,0,286
8,M_sativa_ZM4_hap4,M_sativa_ZM4_hap4_Chr08,56,30,10,22,110,0,287
8,M_sativa_ZM4_hap4,M_sativa_ZM4_hap4_Chr08,57,38,1,6,118,0,250
8,M_sativa_ZM4_hap4,M_sativa_ZM4_hap4_Chr08,58,42,15,13,125,0,289
8,M_sativa_ZM4_hap4,M_sativa_ZM4_hap4_Chr08,59,52,16,11,119,0,297
8,M_sativa_ZM4_hap4,M_sativa_ZM4_hap4_Chr08,60,32,3,14,126,0,294
8,M_sativa_ZM4_hap4,M_sativa_ZM4_hap4_Chr08,61,47,26,10,119,0,317
8,M_sativa_ZM4_hap4,M_sativa_ZM4_hap4_Chr08,62,33,4,8,113,0,262
8,M_sativa_ZM4_hap4,M_sativa_ZM4_hap4_Chr08,63,33,12,12,140,0,319
8,M_sativa_ZM4_hap4,M_sativa_ZM4_hap4_Chr08,64,58,13,11,133,0,325
8,M_sativa_ZM4_hap4,M_sativa_ZM4_hap4_Chr08,65,41,8,18,140,0,337
8,M_sativa_ZM4_hap4,M_sativa_ZM4_hap4_Chr08,66,50,12,19,111,0,292
8,M_sativa_ZM4_hap4,M_sativa_ZM4_hap4_Chr08,67,35,3,10,119,0,273
8,M_sativa_ZM4_hap4,M_sativa_ZM4_hap4_Chr08,68,61,7,4,137,0,313
8,M_sativa_ZM4_hap4,M_sativa_ZM4_hap4_Chr08,69,77,8,16,152,0,364
8,M_sativa_ZM4_hap4,M_sativa_ZM4_hap4_Chr08,70,61,6,8,140,0,315
8,M_sativa_ZM4_hap4,M_sativa_ZM4_hap4_Chr08,71,57,4,6,142,0,332
8,M_sativa_ZM4_hap4,M_sativa_ZM4_hap4_Chr08,72,44,3,23,135,0,313
8,M_sativa_ZM4_hap4,M_sativa_ZM4_hap4_Chr08,73,55,3,11,125,0,342
8,M_sativa_ZM4_hap4,M_sativa_ZM4_hap4_Chr08,74,66,5,11,132,0,331
8,M_sativa_ZM4_hap4,M_sativa_ZM4_hap4_Chr08,75,57,7,4,151,0,332
8,M_sativa_ZM4_hap4,M_sativa_ZM4_hap4_Chr08,76,65,10,5,147,0,346
8,M_sativa_ZM4_hap4,M_sativa_ZM4_hap4_Chr08,77,60,5,17,148,0,354
8,M_sativa_ZM4_hap4,M_sativa_ZM4_hap4_Chr08,78,67,11,12,157,0,355
8,M_sativa_ZM4_hap4,M_sativa_ZM4_hap4_Chr08,79,80,5,16,135,0,380
8,M_sativa_ZM4_hap4,M_sativa_ZM4_hap4_Chr08,80,46,2,17,135,0,309
8,M_sativa_ZM4_hap4,M_sativa_ZM4_hap4_Chr08,81,71,3,10,154,0,368
8,M_sativa_ZM4_hap4,M_sativa_ZM4_hap4_Chr08,82,65,11,21,146,0,373
8,M_sativa_ZM4_hap4,M_sativa_ZM4_hap4_Chr08,83,64,5,16,131,0,348
8,M_sativa_ZM4_hap4,M_sativa_ZM4_hap4_Chr08,84,49,5,18,124,0,315
8,M_sativa_ZM4_hap4,M_sativa_ZM4_hap4_Chr08,85,55,6,7,110,0,311
8,M_sativa_ZM4_hap4,M_sativa_ZM4_hap4_Chr08,86,71,6,8,135,0,357
8,M_sativa_ZM4_hap4,M_sativa_ZM4_hap4_Chr08,87,78,6,18,154,0,382
8,M_sativa_ZM4_hap4,M_sativa_ZM4_hap4_Chr08,88,93,6,7,153,0,385
8,M_sativa_ZM4_hap4,M_sativa_ZM4_hap4_Chr08,89,43,9,6,129,0,281
8,M_sativa_ZM4_hap4,M_sativa_ZM4_hap4_Chr08,90,61,5,14,98,0,276
8,M_sativa_ZM4_hap4,M_sativa_ZM4_hap4_Chr08,91,72,2,16,94,0,263
8,M_sativa_ZM4_hap4,M_sativa_ZM4_hap4_Chr08,92,61,12,14,84,0,243
8,M_sativa_ZM4_hap4,M_sativa_ZM4_hap4_Chr08,93,61,12,15,59,0,196
8,M_sativa_ZM4_hap4,M_sativa_ZM4_hap4_Chr08,94,42,13,10,48,0,152
8,M_sativa_ZM4_hap4,M_sativa_ZM4_hap4_Chr08,95,52,12,18,51,0,178
8,M_sativa_ZM4_hap4,M_sativa_ZM4_hap4_Chr08,96,83,11,11,26,0,154
8,M_sativa_ZM4_hap4,M_sativa_ZM4_hap4_Chr08,97,46,6,20,4,0,76
8,M_sativa_ZM4_hap4,M_sativa_ZM4_hap4_Chr08,98,29,4,7,4,0,44
9,M_sativa_ssp_caerulea_landa,M_sativa_ssp_caerulea_landa_Chr01,0,0,0,0,0,0,65
9,M_sativa_ssp_caerulea_landa,M_sativa_ssp_caerulea_landa_Chr01,1,0,0,0,0,0,87
9,M_sativa_ssp_caerulea_landa,M_sativa_ssp_caerulea_landa_Chr01,2,0,0,0,0,0,89
9,M_sativa_ssp_caerulea_landa,M_sativa_ssp_caerulea_landa_Chr01,3,0,0,0,0,0,78
9,M_sativa_ssp_caerulea_landa,M_sativa_ssp_caerulea_landa_Chr01,4,0,0,0,0,0,78
9,M_sativa_ssp_caerulea_landa,M_sativa_ssp_caerulea_landa_Chr01,5,0,0,0,0,0,92
9,M_sativa_ssp_caerulea_landa,M_sativa_ssp_caerulea_landa_Chr01,6,0,0,0,0,0,83
9,M_sativa_ssp_caerulea_landa,M_sativa_ssp_caerulea_landa_Chr01,7,0,0,0,0,0,76
9,M_sativa_ssp_caerulea_landa,M_sativa_ssp_caerulea_landa_Chr01,8,0,0,0,0,0,77
9,M_sativa_ssp_caerulea_landa,M_sativa_ssp_caerulea_landa_Chr01,9,0,0,0,0,0,67
9,M_sativa_ssp_caerulea_landa,M_sativa_ssp_caerulea_landa_Chr01,10,0,0,0,0,0,75
9,M_sativa_ssp_caerulea_landa,M_sativa_ssp_caerulea_landa_Chr01,11,0,0,0,0,0,77
9,M_sativa_ssp_caerulea_landa,M_sativa_ssp_caerulea_landa_Chr01,12,0,0,0,0,0,83
9,M_sativa_ssp_caerulea_landa,M_sativa_ssp_caerulea_landa_Chr01,13,0,0,0,0,0,65
9,M_sativa_ssp_caerulea_landa,M_sativa_ssp_caerulea_landa_Chr01,14,0,0,0,0,0,62
9,M_sativa_ssp_caerulea_landa,M_sativa_ssp_caerulea_landa_Chr01,15,0,0,0,0,0,71
9,M_sativa_ssp_caerulea_landa,M_sativa_ssp_caerulea_landa_Chr01,16,0,0,0,0,0,81
9,M_sativa_ssp_caerulea_landa,M_sativa_ssp_caerulea_landa_Chr01,17,0,0,0,0,0,86
9,M_sativa_ssp_caerulea_landa,M_sativa_ssp_caerulea_landa_Chr01,18,0,0,0,0,0,80
9,M_sativa_ssp_caerulea_landa,M_sativa_ssp_caerulea_landa_Chr01,19,0,0,0,0,0,66
9,M_sativa_ssp_caerulea_landa,M_sativa_ssp_caerulea_landa_Chr01,20,0,0,0,0,0,79
9,M_sativa_ssp_caerulea_landa,M_sativa_ssp_caerulea_landa_Chr01,21,0,0,0,0,0,67
9,M_sativa_ssp_caerulea_landa,M_sativa_ssp_caerulea_landa_Chr01,22,0,0,0,0,0,62
9,M_sativa_ssp_caerulea_landa,M_sativa_ssp_caerulea_landa_Chr01,23,0,0,0,0,0,49
9,M_sativa_ssp_caerulea_landa,M_sativa_ssp_caerulea_landa_Chr01,24,0,0,0,0,0,61
9,M_sativa_ssp_caerulea_landa,M_sativa_ssp_caerulea_landa_Chr01,25,0,0,0,0,0,67
9,M_sativa_ssp_caerulea_landa,M_sativa_ssp_caerulea_landa_Chr01,26,0,0,0,0,0,55
9,M_sativa_ssp_caerulea_landa,M_sativa_ssp_caerulea_landa_Chr01,27,0,0,0,0,0,72
9,M_sativa_ssp_caerulea_landa,M_sativa_ssp_caerulea_landa_Chr01,28,0,0,0,0,0,78
9,M_sativa_ssp_caerulea_landa,M_sativa_ssp_caerulea_landa_Chr01,29,0,0,0,0,0,65
9,M_sativa_ssp_caerulea_landa,M_sativa_ssp_caerulea_landa_Chr01,30,0,0,0,0,0,65
9,M_sativa_ssp_caerulea_landa,M_sativa_ssp_caerulea_landa_Chr01,31,0,0,0,0,0,43
9,M_sativa_ssp_caerulea_landa,M_sativa_ssp_caerulea_landa_Chr01,32,0,0,0,0,0,65
9,M_sativa_ssp_caerulea_landa,M_sativa_ssp_caerulea_landa_Chr01,33,0,0,0,0,0,83
9,M_sativa_ssp_caerulea_landa,M_sativa_ssp_caerulea_landa_Chr01,34,0,0,0,0,0,52
9,M_sativa_ssp_caerulea_landa,M_sativa_ssp_caerulea_landa_Chr01,35,0,0,0,0,0,40
9,M_sativa_ssp_caerulea_landa,M_sativa_ssp_caerulea_landa_Chr01,36,0,0,0,0,0,61
9,M_sativa_ssp_caerulea_landa,M_sativa_ssp_caerulea_landa_Chr01,37,0,0,0,0,0,22
9,M_sativa_ssp_caerulea_landa,M_sativa_ssp_caerulea_landa_Chr01,38,0,0,0,0,0,50
9,M_sativa_ssp_caerulea_landa,M_sativa_ssp_caerulea_landa_Chr01,39,0,0,0,0,0,65
9,M_sativa_ssp_caerulea_landa,M_sativa_ssp_caerulea_landa_Chr01,40,0,0,0,0,0,63
9,M_sativa_ssp_caerulea_landa,M_sativa_ssp_caerulea_landa_Chr01,41,0,0,0,0,0,57
9,M_sativa_ssp_caerulea_landa,M_sativa_ssp_caerulea_landa_Chr01,42,0,0,0,0,0,77
9,M_sativa_ssp_caerulea_landa,M_sativa_ssp_caerulea_landa_Chr01,43,0,0,0,0,0,64
9,M_sativa_ssp_caerulea_landa,M_sativa_ssp_caerulea_landa_Chr01,44,0,0,0,0,0,55
9,M_sativa_ssp_caerulea_landa,M_sativa_ssp_caerulea_landa_Chr01,45,0,0,0,0,0,71
9,M_sativa_ssp_caerulea_landa,M_sativa_ssp_caerulea_landa_Chr01,46,0,0,0,0,0,64
9,M_sativa_ssp_caerulea_landa,M_sativa_ssp_caerulea_landa_Chr01,47,0,0,0,0,0,70
9,M_sativa_ssp_caerulea_landa,M_sativa_ssp_caerulea_landa_Chr01,48,0,0,0,0,0,95
9,M_sativa_ssp_caerulea_landa,M_sativa_ssp_caerulea_landa_Chr01,49,0,0,0,0,0,71
9,M_sativa_ssp_caerulea_landa,M_sativa_ssp_caerulea_landa_Chr01,50,0,0,0,0,0,77
9,M_sativa_ssp_caerulea_landa,M_sativa_ssp_caerulea_landa_Chr01,51,0,0,0,0,0,69
9,M_sativa_ssp_caerulea_landa,M_sativa_ssp_caerulea_landa_Chr01,52,0,0,0,0,0,61
9,M_sativa_ssp_caerulea_landa,M_sativa_ssp_caerulea_landa_Chr01,53,0,0,0,0,0,94
9,M_sativa_ssp_caerulea_landa,M_sativa_ssp_caerulea_landa_Chr01,54,0,0,0,0,0,73
9,M_sativa_ssp_caerulea_landa,M_sativa_ssp_caerulea_landa_Chr01,55,0,0,0,0,0,68
9,M_sativa_ssp_caerulea_landa,M_sativa_ssp_caerulea_landa_Chr01,56,0,0,0,0,0,73
9,M_sativa_ssp_caerulea_landa,M_sativa_ssp_caerulea_landa_Chr01,57,0,0,0,0,0,82
9,M_sativa_ssp_caerulea_landa,M_sativa_ssp_caerulea_landa_Chr01,58,0,0,0,0,0,66
9,M_sativa_ssp_caerulea_landa,M_sativa_ssp_caerulea_landa_Chr01,59,0,0,0,0,0,80
9,M_sativa_ssp_caerulea_landa,M_sativa_ssp_caerulea_landa_Chr01,60,0,0,0,0,0,73
9,M_sativa_ssp_caerulea_landa,M_sativa_ssp_caerulea_landa_Chr01,61,0,0,0,0,0,88
9,M_sativa_ssp_caerulea_landa,M_sativa_ssp_caerulea_landa_Chr01,62,0,0,0,0,0,97
9,M_sativa_ssp_caerulea_landa,M_sativa_ssp_caerulea_landa_Chr01,63,0,0,0,0,0,79
9,M_sativa_ssp_caerulea_landa,M_sativa_ssp_caerulea_landa_Chr01,64,0,0,0,0,0,102
9,M_sativa_ssp_caerulea_landa,M_sativa_ssp_caerulea_landa_Chr01,65,0,0,0,0,0,87
9,M_sativa_ssp_caerulea_landa,M_sativa_ssp_caerulea_landa_Chr01,66,0,0,0,0,0,94
9,M_sativa_ssp_caerulea_landa,M_sativa_ssp_caerulea_landa_Chr01,67,0,0,0,0,0,87
9,M_sativa_ssp_caerulea_landa,M_sativa_ssp_caerulea_landa_Chr01,68,0,0,0,0,0,84
9,M_sativa_ssp_caerulea_landa,M_sativa_ssp_caerulea_landa_Chr01,69,0,0,0,0,0,99
9,M_sativa_ssp_caerulea_landa,M_sativa_ssp_caerulea_landa_Chr01,70,0,0,0,0,0,86
9,M_sativa_ssp_caerulea_landa,M_sativa_ssp_caerulea_landa_Chr01,71,0,0,0,0,0,88
9,M_sativa_ssp_caerulea_landa,M_sativa_ssp_caerulea_landa_Chr01,72,0,0,0,0,0,78
9,M_sativa_ssp_caerulea_landa,M_sativa_ssp_caerulea_landa_Chr01,73,0,0,0,0,0,77
9,M_sativa_ssp_caerulea_landa,M_sativa_ssp_caerulea_landa_Chr01,74,0,0,0,0,0,85
9,M_sativa_ssp_caerulea_landa,M_sativa_ssp_caerulea_landa_Chr01,75,0,0,0,0,0,81
9,M_sativa_ssp_caerulea_landa,M_sativa_ssp_caerulea_landa_Chr01,76,0,0,0,0,0,108
9,M_sativa_ssp_caerulea_landa,M_sativa_ssp_caerulea_landa_Chr01,77,0,0,0,0,0,106
9,M_sativa_ssp_caerulea_landa,M_sativa_ssp_caerulea_landa_Chr01,78,0,0,0,0,0,89
9,M_sativa_ssp_caerulea_landa,M_sativa_ssp_caerulea_landa_Chr01,79,0,0,0,0,0,92
9,M_sativa_ssp_caerulea_landa,M_sativa_ssp_caerulea_landa_Chr01,80,0,0,0,0,0,94
9,M_sativa_ssp_caerulea_landa,M_sativa_ssp_caerulea_landa_Chr01,81,0,0,0,0,0,112
9,M_sativa_ssp_caerulea_landa,M_sativa_ssp_caerulea_landa_Chr01,82,0,0,0,0,0,83
9,M_sativa_ssp_caerulea_landa,M_sativa_ssp_caerulea_landa_Chr01,83,0,0,0,0,0,103
9,M_sativa_ssp_caerulea_landa,M_sativa_ssp_caerulea_landa_Chr01,84,0,0,0,0,0,110
9,M_sativa_ssp_caerulea_landa,M_sativa_ssp_caerulea_landa_Chr01,85,0,0,0,0,0,113
9,M_sativa_ssp_caerulea_landa,M_sativa_ssp_caerulea_landa_Chr01,86,0,0,0,0,0,105
9,M_sativa_ssp_caerulea_landa,M_sativa_ssp_caerulea_landa_Chr01,87,0,0,0,0,0,11
9,M_sativa_ssp_caerulea_landa,M_sativa_ssp_caerulea_landa_Chr02,0,0,0,0,0,0,88
9,M_sativa_ssp_caerulea_landa,M_sativa_ssp_caerulea_landa_Chr02,1,0,0,0,0,0,110
9,M_sativa_ssp_caerulea_landa,M_sativa_ssp_caerulea_landa_Chr02,2,0,0,0,0,0,98
9,M_sativa_ssp_caerulea_landa,M_sativa_ssp_caerulea_landa_Chr02,3,0,0,0,0,0,87
9,M_sativa_ssp_caerulea_landa,M_sativa_ssp_caerulea_landa_Chr02,4,0,0,0,0,0,96
9,M_sativa_ssp_caerulea_landa,M_sativa_ssp_caerulea_landa_Chr02,5,0,0,0,0,0,82
9,M_sativa_ssp_caerulea_landa,M_sativa_ssp_caerulea_landa_Chr02,6,0,0,0,0,0,103
9,M_sativa_ssp_caerulea_landa,M_sativa_ssp_caerulea_landa_Chr02,7,0,0,0,0,0,90
9,M_sativa_ssp_caerulea_landa,M_sativa_ssp_caerulea_landa_Chr02,8,0,0,0,0,0,100
9,M_sativa_ssp_caerulea_landa,M_sativa_ssp_caerulea_landa_Chr02,9,0,0,0,0,0,84
9,M_sativa_ssp_caerulea_landa,M_sativa_ssp_caerulea_landa_Chr02,10,0,0,0,0,0,75
9,M_sativa_ssp_caerulea_landa,M_sativa_ssp_caerulea_landa_Chr02,11,0,0,0,0,0,102
9,M_sativa_ssp_caerulea_landa,M_sativa_ssp_caerulea_landa_Chr02,12,0,0,0,0,0,76
9,M_sativa_ssp_caerulea_landa,M_sativa_ssp_caerulea_landa_Chr02,13,0,0,0,0,0,75
9,M_sativa_ssp_caerulea_landa,M_sativa_ssp_caerulea_landa_Chr02,14,0,0,0,0,0,88
9,M_sativa_ssp_caerulea_landa,M_sativa_ssp_caerulea_landa_Chr02,15,0,0,0,0,0,80
9,M_sativa_ssp_caerulea_landa,M_sativa_ssp_caerulea_landa_Chr02,16,0,0,0,0,0,91
9,M_sativa_ssp_caerulea_landa,M_sativa_ssp_caerulea_landa_Chr02,17,0,0,0,0,0,68
9,M_sativa_ssp_caerulea_landa,M_sativa_ssp_caerulea_landa_Chr02,18,0,0,0,0,0,81
9,M_sativa_ssp_caerulea_landa,M_sativa_ssp_caerulea_landa_Chr02,19,0,0,0,0,0,58
9,M_sativa_ssp_caerulea_landa,M_sativa_ssp_caerulea_landa_Chr02,20,0,0,0,0,0,64
9,M_sativa_ssp_caerulea_landa,M_sativa_ssp_caerulea_landa_Chr02,21,0,0,0,0,0,60
9,M_sativa_ssp_caerulea_landa,M_sativa_ssp_caerulea_landa_Chr02,22,0,0,0,0,0,86
9,M_sativa_ssp_caerulea_landa,M_sativa_ssp_caerulea_landa_Chr02,23,0,0,0,0,0,90
9,M_sativa_ssp_caerulea_landa,M_sativa_ssp_caerulea_landa_Chr02,24,0,0,0,0,0,58
9,M_sativa_ssp_caerulea_landa,M_sativa_ssp_caerulea_landa_Chr02,25,0,0,0,0,0,47
9,M_sativa_ssp_caerulea_landa,M_sativa_ssp_caerulea_landa_Chr02,26,0,0,0,0,0,63
9,M_sativa_ssp_caerulea_landa,M_sativa_ssp_caerulea_landa_Chr02,27,0,0,0,0,0,54
9,M_sativa_ssp_caerulea_landa,M_sativa_ssp_caerulea_landa_Chr02,28,0,0,0,0,0,59
9,M_sativa_ssp_caerulea_landa,M_sativa_ssp_caerulea_landa_Chr02,29,0,0,0,0,0,61
9,M_sativa_ssp_caerulea_landa,M_sativa_ssp_caerulea_landa_Chr02,30,0,0,0,0,0,65
9,M_sativa_ssp_caerulea_landa,M_sativa_ssp_caerulea_landa_Chr02,31,0,0,0,0,0,57
9,M_sativa_ssp_caerulea_landa,M_sativa_ssp_caerulea_landa_Chr02,32,0,0,0,0,0,54
9,M_sativa_ssp_caerulea_landa,M_sativa_ssp_caerulea_landa_Chr02,33,0,0,0,0,0,53
9,M_sativa_ssp_caerulea_landa,M_sativa_ssp_caerulea_landa_Chr02,34,0,0,0,0,0,45
9,M_sativa_ssp_caerulea_landa,M_sativa_ssp_caerulea_landa_Chr02,35,0,0,0,0,0,61
9,M_sativa_ssp_caerulea_landa,M_sativa_ssp_caerulea_landa_Chr02,36,0,0,0,0,0,81
9,M_sativa_ssp_caerulea_landa,M_sativa_ssp_caerulea_landa_Chr02,37,0,0,0,0,0,56
9,M_sativa_ssp_caerulea_landa,M_sativa_ssp_caerulea_landa_Chr02,38,0,0,0,0,0,38
9,M_sativa_ssp_caerulea_landa,M_sativa_ssp_caerulea_landa_Chr02,39,0,0,0,0,0,44
9,M_sativa_ssp_caerulea_landa,M_sativa_ssp_caerulea_landa_Chr02,40,0,0,0,0,0,69
9,M_sativa_ssp_caerulea_landa,M_sativa_ssp_caerulea_landa_Chr02,41,0,0,0,0,0,63
9,M_sativa_ssp_caerulea_landa,M_sativa_ssp_caerulea_landa_Chr02,42,0,0,0,0,0,54
9,M_sativa_ssp_caerulea_landa,M_sativa_ssp_caerulea_landa_Chr02,43,0,0,0,0,0,52
9,M_sativa_ssp_caerulea_landa,M_sativa_ssp_caerulea_landa_Chr02,44,0,0,0,0,0,9
9,M_sativa_ssp_caerulea_landa,M_sativa_ssp_caerulea_landa_Chr02,45,0,0,0,0,0,26
9,M_sativa_ssp_caerulea_landa,M_sativa_ssp_caerulea_landa_Chr02,46,0,0,0,0,0,40
9,M_sativa_ssp_caerulea_landa,M_sativa_ssp_caerulea_landa_Chr02,47,0,0,0,0,0,42
9,M_sativa_ssp_caerulea_landa,M_sativa_ssp_caerulea_landa_Chr02,48,0,0,0,0,0,50
9,M_sativa_ssp_caerulea_landa,M_sativa_ssp_caerulea_landa_Chr02,49,0,0,0,0,0,66
9,M_sativa_ssp_caerulea_landa,M_sativa_ssp_caerulea_landa_Chr02,50,0,0,0,0,0,58
9,M_sativa_ssp_caerulea_landa,M_sativa_ssp_caerulea_landa_Chr02,51,0,0,0,0,0,60
9,M_sativa_ssp_caerulea_landa,M_sativa_ssp_caerulea_landa_Chr02,52,0,0,0,0,0,81
9,M_sativa_ssp_caerulea_landa,M_sativa_ssp_caerulea_landa_Chr02,53,0,0,0,0,0,61
9,M_sativa_ssp_caerulea_landa,M_sativa_ssp_caerulea_landa_Chr02,54,0,0,0,0,0,62
9,M_sativa_ssp_caerulea_landa,M_sativa_ssp_caerulea_landa_Chr02,55,0,0,0,0,0,49
9,M_sativa_ssp_caerulea_landa,M_sativa_ssp_caerulea_landa_Chr02,56,0,0,0,0,0,66
9,M_sativa_ssp_caerulea_landa,M_sativa_ssp_caerulea_landa_Chr02,57,0,0,0,0,0,73
9,M_sativa_ssp_caerulea_landa,M_sativa_ssp_caerulea_landa_Chr02,58,0,0,0,0,0,55
9,M_sativa_ssp_caerulea_landa,M_sativa_ssp_caerulea_landa_Chr02,59,0,0,0,0,0,67
9,M_sativa_ssp_caerulea_landa,M_sativa_ssp_caerulea_landa_Chr02,60,0,0,0,0,0,60
9,M_sativa_ssp_caerulea_landa,M_sativa_ssp_caerulea_landa_Chr02,61,0,0,0,0,0,47
9,M_sativa_ssp_caerulea_landa,M_sativa_ssp_caerulea_landa_Chr02,62,0,0,0,0,0,71
9,M_sativa_ssp_caerulea_landa,M_sativa_ssp_caerulea_landa_Chr02,63,0,0,0,0,0,62
9,M_sativa_ssp_caerulea_landa,M_sativa_ssp_caerulea_landa_Chr02,64,0,0,0,0,0,78
9,M_sativa_ssp_caerulea_landa,M_sativa_ssp_caerulea_landa_Chr02,65,0,0,0,0,0,89
9,M_sativa_ssp_caerulea_landa,M_sativa_ssp_caerulea_landa_Chr02,66,0,0,0,0,0,71
9,M_sativa_ssp_caerulea_landa,M_sativa_ssp_caerulea_landa_Chr02,67,0,0,0,0,0,89
9,M_sativa_ssp_caerulea_landa,M_sativa_ssp_caerulea_landa_Chr02,68,0,0,0,0,0,89
9,M_sativa_ssp_caerulea_landa,M_sativa_ssp_caerulea_landa_Chr02,69,0,0,0,0,0,81
9,M_sativa_ssp_caerulea_landa,M_sativa_ssp_caerulea_landa_Chr02,70,0,0,0,0,0,79
9,M_sativa_ssp_caerulea_landa,M_sativa_ssp_caerulea_landa_Chr02,71,0,0,0,0,0,65
9,M_sativa_ssp_caerulea_landa,M_sativa_ssp_caerulea_landa_Chr02,72,0,0,0,0,0,84
9,M_sativa_ssp_caerulea_landa,M_sativa_ssp_caerulea_landa_Chr02,73,0,0,0,0,0,86
9,M_sativa_ssp_caerulea_landa,M_sativa_ssp_caerulea_landa_Chr02,74,0,0,0,0,0,80
9,M_sativa_ssp_caerulea_landa,M_sativa_ssp_caerulea_landa_Chr02,75,0,0,0,0,0,82
9,M_sativa_ssp_caerulea_landa,M_sativa_ssp_caerulea_landa_Chr02,76,0,0,0,0,0,80
9,M_sativa_ssp_caerulea_landa,M_sativa_ssp_caerulea_landa_Chr02,77,0,0,0,0,0,88
9,M_sativa_ssp_caerulea_landa,M_sativa_ssp_caerulea_landa_Chr02,78,0,0,0,0,0,94
9,M_sativa_ssp_caerulea_landa,M_sativa_ssp_caerulea_landa_Chr02,79,0,0,0,0,0,86
9,M_sativa_ssp_caerulea_landa,M_sativa_ssp_caerulea_landa_Chr02,80,0,0,0,0,0,88
9,M_sativa_ssp_caerulea_landa,M_sativa_ssp_caerulea_landa_Chr02,81,0,0,0,0,0,92
9,M_sativa_ssp_caerulea_landa,M_sativa_ssp_caerulea_landa_Chr02,82,0,0,0,0,0,73
9,M_sativa_ssp_caerulea_landa,M_sativa_ssp_caerulea_landa_Chr02,83,0,0,0,0,0,16
9,M_sativa_ssp_caerulea_landa,M_sativa_ssp_caerulea_landa_Chr03,0,0,0,0,0,0,57
9,M_sativa_ssp_caerulea_landa,M_sativa_ssp_caerulea_landa_Chr03,1,0,0,0,0,0,65
9,M_sativa_ssp_caerulea_landa,M_sativa_ssp_caerulea_landa_Chr03,2,0,0,0,0,0,63
9,M_sativa_ssp_caerulea_landa,M_sativa_ssp_caerulea_landa_Chr03,3,0,0,0,0,0,70
9,M_sativa_ssp_caerulea_landa,M_sativa_ssp_caerulea_landa_Chr03,4,0,0,0,0,0,58
9,M_sativa_ssp_caerulea_landa,M_sativa_ssp_caerulea_landa_Chr03,5,0,0,0,0,0,51
9,M_sativa_ssp_caerulea_landa,M_sativa_ssp_caerulea_landa_Chr03,6,0,0,0,0,0,50
9,M_sativa_ssp_caerulea_landa,M_sativa_ssp_caerulea_landa_Chr03,7,0,0,0,0,0,50
9,M_sativa_ssp_caerulea_landa,M_sativa_ssp_caerulea_landa_Chr03,8,0,0,0,0,0,58
9,M_sativa_ssp_caerulea_landa,M_sativa_ssp_caerulea_landa_Chr03,9,0,0,0,0,0,55
9,M_sativa_ssp_caerulea_landa,M_sativa_ssp_caerulea_landa_Chr03,10,0,0,0,0,0,65
9,M_sativa_ssp_caerulea_landa,M_sativa_ssp_caerulea_landa_Chr03,11,0,0,0,0,0,51
9,M_sativa_ssp_caerulea_landa,M_sativa_ssp_caerulea_landa_Chr03,12,0,0,0,0,0,43
9,M_sativa_ssp_caerulea_landa,M_sativa_ssp_caerulea_landa_Chr03,13,0,0,0,0,0,62
9,M_sativa_ssp_caerulea_landa,M_sativa_ssp_caerulea_landa_Chr03,14,0,0,0,0,0,60
9,M_sativa_ssp_caerulea_landa,M_sativa_ssp_caerulea_landa_Chr03,15,0,0,0,0,0,69
9,M_sativa_ssp_caerulea_landa,M_sativa_ssp_caerulea_landa_Chr03,16,0,0,0,0,0,60
9,M_sativa_ssp_caerulea_landa,M_sativa_ssp_caerulea_landa_Chr03,17,0,0,0,0,0,65
9,M_sativa_ssp_caerulea_landa,M_sativa_ssp_caerulea_landa_Chr03,18,0,0,0,0,0,63
9,M_sativa_ssp_caerulea_landa,M_sativa_ssp_caerulea_landa_Chr03,19,0,0,0,0,0,63
9,M_sativa_ssp_caerulea_landa,M_sativa_ssp_caerulea_landa_Chr03,20,0,0,0,0,0,73
9,M_sativa_ssp_caerulea_landa,M_sativa_ssp_caerulea_landa_Chr03,21,0,0,0,0,0,71
9,M_sativa_ssp_caerulea_landa,M_sativa_ssp_caerulea_landa_Chr03,22,0,0,0,0,0,93
9,M_sativa_ssp_caerulea_landa,M_sativa_ssp_caerulea_landa_Chr03,23,0,0,0,0,0,69
9,M_sativa_ssp_caerulea_landa,M_sativa_ssp_caerulea_landa_Chr03,24,0,0,0,0,0,55
9,M_sativa_ssp_caerulea_landa,M_sativa_ssp_caerulea_landa_Chr03,25,0,0,0,0,0,59
9,M_sativa_ssp_caerulea_landa,M_sativa_ssp_caerulea_landa_Chr03,26,0,0,0,0,0,68
9,M_sativa_ssp_caerulea_landa,M_sativa_ssp_caerulea_landa_Chr03,27,0,0,0,0,0,31
9,M_sativa_ssp_caerulea_landa,M_sativa_ssp_caerulea_landa_Chr03,28,0,0,0,0,0,70
9,M_sativa_ssp_caerulea_landa,M_sativa_ssp_caerulea_landa_Chr03,29,0,0,0,0,0,38
9,M_sativa_ssp_caerulea_landa,M_sativa_ssp_caerulea_landa_Chr03,30,0,0,0,0,0,40
9,M_sativa_ssp_caerulea_landa,M_sativa_ssp_caerulea_landa_Chr03,31,0,0,0,0,0,49
9,M_sativa_ssp_caerulea_landa,M_sativa_ssp_caerulea_landa_Chr03,32,0,0,0,0,0,53
9,M_sativa_ssp_caerulea_landa,M_sativa_ssp_caerulea_landa_Chr03,33,0,0,0,0,0,48
9,M_sativa_ssp_caerulea_landa,M_sativa_ssp_caerulea_landa_Chr03,34,0,0,0,0,0,37
9,M_sativa_ssp_caerulea_landa,M_sativa_ssp_caerulea_landa_Chr03,35,0,0,0,0,0,58
9,M_sativa_ssp_caerulea_landa,M_sativa_ssp_caerulea_landa_Chr03,36,0,0,0,0,0,49
9,M_sativa_ssp_caerulea_landa,M_sativa_ssp_caerulea_landa_Chr03,37,0,0,0,0,0,59
9,M_sativa_ssp_caerulea_landa,M_sativa_ssp_caerulea_landa_Chr03,38,0,0,0,0,0,50
9,M_sativa_ssp_caerulea_landa,M_sativa_ssp_caerulea_landa_Chr03,39,0,0,0,0,0,58
9,M_sativa_ssp_caerulea_landa,M_sativa_ssp_caerulea_landa_Chr03,40,0,0,0,0,0,60
9,M_sativa_ssp_caerulea_landa,M_sativa_ssp_caerulea_landa_Chr03,41,0,0,0,0,0,33
9,M_sativa_ssp_caerulea_landa,M_sativa_ssp_caerulea_landa_Chr03,42,0,0,0,0,0,48
9,M_sativa_ssp_caerulea_landa,M_sativa_ssp_caerulea_landa_Chr03,43,0,0,0,0,0,39
9,M_sativa_ssp_caerulea_landa,M_sativa_ssp_caerulea_landa_Chr03,44,0,0,0,0,0,56
9,M_sativa_ssp_caerulea_landa,M_sativa_ssp_caerulea_landa_Chr03,45,0,0,0,0,0,56
9,M_sativa_ssp_caerulea_landa,M_sativa_ssp_caerulea_landa_Chr03,46,0,0,0,0,0,46
9,M_sativa_ssp_caerulea_landa,M_sativa_ssp_caerulea_landa_Chr03,47,0,0,0,0,0,54
9,M_sativa_ssp_caerulea_landa,M_sativa_ssp_caerulea_landa_Chr03,48,0,0,0,0,0,50
9,M_sativa_ssp_caerulea_landa,M_sativa_ssp_caerulea_landa_Chr03,49,0,0,0,0,0,35
9,M_sativa_ssp_caerulea_landa,M_sativa_ssp_caerulea_landa_Chr03,50,0,0,0,0,0,39
9,M_sativa_ssp_caerulea_landa,M_sativa_ssp_caerulea_landa_Chr03,51,0,0,0,0,0,53
9,M_sativa_ssp_caerulea_landa,M_sativa_ssp_caerulea_landa_Chr03,52,0,0,0,0,0,43
9,M_sativa_ssp_caerulea_landa,M_sativa_ssp_caerulea_landa_Chr03,53,0,0,0,0,0,47
9,M_sativa_ssp_caerulea_landa,M_sativa_ssp_caerulea_landa_Chr03,54,0,0,0,0,0,36
9,M_sativa_ssp_caerulea_landa,M_sativa_ssp_caerulea_landa_Chr03,55,0,0,0,0,0,60
9,M_sativa_ssp_caerulea_landa,M_sativa_ssp_caerulea_landa_Chr03,56,0,0,0,0,0,63
9,M_sativa_ssp_caerulea_landa,M_sativa_ssp_caerulea_landa_Chr03,57,0,0,0,0,0,68
9,M_sativa_ssp_caerulea_landa,M_sativa_ssp_caerulea_landa_Chr03,58,0,0,0,0,0,75
9,M_sativa_ssp_caerulea_landa,M_sativa_ssp_caerulea_landa_Chr03,59,0,0,0,0,0,54
9,M_sativa_ssp_caerulea_landa,M_sativa_ssp_caerulea_landa_Chr03,60,0,0,0,0,0,57
9,M_sativa_ssp_caerulea_landa,M_sativa_ssp_caerulea_landa_Chr03,61,0,0,0,0,0,80
9,M_sativa_ssp_caerulea_landa,M_sativa_ssp_caerulea_landa_Chr03,62,0,0,0,0,0,69
9,M_sativa_ssp_caerulea_landa,M_sativa_ssp_caerulea_landa_Chr03,63,0,0,0,0,0,61
9,M_sativa_ssp_caerulea_landa,M_sativa_ssp_caerulea_landa_Chr03,64,0,0,0,0,0,52
9,M_sativa_ssp_caerulea_landa,M_sativa_ssp_caerulea_landa_Chr03,65,0,0,0,0,0,51
9,M_sativa_ssp_caerulea_landa,M_sativa_ssp_caerulea_landa_Chr03,66,0,0,0,0,0,38
9,M_sativa_ssp_caerulea_landa,M_sativa_ssp_caerulea_landa_Chr03,67,0,0,0,0,0,48
9,M_sativa_ssp_caerulea_landa,M_sativa_ssp_caerulea_landa_Chr03,68,0,0,0,0,0,85
9,M_sativa_ssp_caerulea_landa,M_sativa_ssp_caerulea_landa_Chr03,69,0,0,0,0,0,76
9,M_sativa_ssp_caerulea_landa,M_sativa_ssp_caerulea_landa_Chr03,70,0,0,0,0,0,67
9,M_sativa_ssp_caerulea_landa,M_sativa_ssp_caerulea_landa_Chr03,71,0,0,0,0,0,62
9,M_sativa_ssp_caerulea_landa,M_sativa_ssp_caerulea_landa_Chr03,72,0,0,0,0,0,58
9,M_sativa_ssp_caerulea_landa,M_sativa_ssp_caerulea_landa_Chr03,73,0,0,0,0,0,72
9,M_sativa_ssp_caerulea_landa,M_sativa_ssp_caerulea_landa_Chr03,74,0,0,0,0,0,64
9,M_sativa_ssp_caerulea_landa,M_sativa_ssp_caerulea_landa_Chr03,75,0,0,0,0,0,55
9,M_sativa_ssp_caerulea_landa,M_sativa_ssp_caerulea_landa_Chr03,76,0,0,0,0,0,72
9,M_sativa_ssp_caerulea_landa,M_sativa_ssp_caerulea_landa_Chr03,77,0,0,0,0,0,91
9,M_sativa_ssp_caerulea_landa,M_sativa_ssp_caerulea_landa_Chr03,78,0,0,0,0,0,75
9,M_sativa_ssp_caerulea_landa,M_sativa_ssp_caerulea_landa_Chr03,79,0,0,0,0,0,64
9,M_sativa_ssp_caerulea_landa,M_sativa_ssp_caerulea_landa_Chr03,80,0,0,0,0,0,74
9,M_sativa_ssp_caerulea_landa,M_sativa_ssp_caerulea_landa_Chr03,81,0,0,0,0,0,74
9,M_sativa_ssp_caerulea_landa,M_sativa_ssp_caerulea_landa_Chr03,82,0,0,0,0,0,89
9,M_sativa_ssp_caerulea_landa,M_sativa_ssp_caerulea_landa_Chr03,83,0,0,0,0,0,82
9,M_sativa_ssp_caerulea_landa,M_sativa_ssp_caerulea_landa_Chr03,84,0,0,0,0,0,73
9,M_sativa_ssp_caerulea_landa,M_sativa_ssp_caerulea_landa_Chr03,85,0,0,0,0,0,84
9,M_sativa_ssp_caerulea_landa,M_sativa_ssp_caerulea_landa_Chr03,86,0,0,0,0,0,89
9,M_sativa_ssp_caerulea_landa,M_sativa_ssp_caerulea_landa_Chr03,87,0,0,0,0,0,96
9,M_sativa_ssp_caerulea_landa,M_sativa_ssp_caerulea_landa_Chr03,88,0,0,0,0,0,79
9,M_sativa_ssp_caerulea_landa,M_sativa_ssp_caerulea_landa_Chr03,89,0,0,0,0,0,93
9,M_sativa_ssp_caerulea_landa,M_sativa_ssp_caerulea_landa_Chr03,90,0,0,0,0,0,83
9,M_sativa_ssp_caerulea_landa,M_sativa_ssp_caerulea_landa_Chr03,91,0,0,0,0,0,90
9,M_sativa_ssp_caerulea_landa,M_sativa_ssp_caerulea_landa_Chr03,92,0,0,0,0,0,116
9,M_sativa_ssp_caerulea_landa,M_sativa_ssp_caerulea_landa_Chr03,93,0,0,0,0,0,93
9,M_sativa_ssp_caerulea_landa,M_sativa_ssp_caerulea_landa_Chr03,94,0,0,0,0,0,96
9,M_sativa_ssp_caerulea_landa,M_sativa_ssp_caerulea_landa_Chr03,95,0,0,0,0,0,84
9,M_sativa_ssp_caerulea_landa,M_sativa_ssp_caerulea_landa_Chr03,96,0,0,0,0,0,91
9,M_sativa_ssp_caerulea_landa,M_sativa_ssp_caerulea_landa_Chr03,97,0,0,0,0,0,101
9,M_sativa_ssp_caerulea_landa,M_sativa_ssp_caerulea_landa_Chr03,98,0,0,0,0,0,82
9,M_sativa_ssp_caerulea_landa,M_sativa_ssp_caerulea_landa_Chr03,99,0,0,0,0,0,98
9,M_sativa_ssp_caerulea_landa,M_sativa_ssp_caerulea_landa_Chr03,100,0,0,0,0,0,88
9,M_sativa_ssp_caerulea_landa,M_sativa_ssp_caerulea_landa_Chr03,101,0,0,0,0,0,96
9,M_sativa_ssp_caerulea_landa,M_sativa_ssp_caerulea_landa_Chr03,102,0,0,0,0,0,103
9,M_sativa_ssp_caerulea_landa,M_sativa_ssp_caerulea_landa_Chr03,103,0,0,0,0,0,92
9,M_sativa_ssp_caerulea_landa,M_sativa_ssp_caerulea_landa_Chr03,104,0,0,0,0,0,83
9,M_sativa_ssp_caerulea_landa,M_sativa_ssp_caerulea_landa_Chr03,105,0,0,0,0,0,102
9,M_sativa_ssp_caerulea_landa,M_sativa_ssp_caerulea_landa_Chr03,106,0,0,0,0,0,96
9,M_sativa_ssp_caerulea_landa,M_sativa_ssp_caerulea_landa_Chr03,107,0,0,0,0,0,109
9,M_sativa_ssp_caerulea_landa,M_sativa_ssp_caerulea_landa_Chr03,108,0,0,0,0,0,100
9,M_sativa_ssp_caerulea_landa,M_sativa_ssp_caerulea_landa_Chr03,109,0,0,0,0,0,93
9,M_sativa_ssp_caerulea_landa,M_sativa_ssp_caerulea_landa_Chr03,110,0,0,0,0,0,102
9,M_sativa_ssp_caerulea_landa,M_sativa_ssp_caerulea_landa_Chr03,111,0,0,0,0,0,91
9,M_sativa_ssp_caerulea_landa,M_sativa_ssp_caerulea_landa_Chr03,112,0,0,0,0,0,88
9,M_sativa_ssp_caerulea_landa,M_sativa_ssp_caerulea_landa_Chr03,113,0,0,0,0,0,101
9,M_sativa_ssp_caerulea_landa,M_sativa_ssp_caerulea_landa_Chr03,114,0,0,0,0,0,13
9,M_sativa_ssp_caerulea_landa,M_sativa_ssp_caerulea_landa_Chr04,0,0,0,0,0,0,68
9,M_sativa_ssp_caerulea_landa,M_sativa_ssp_caerulea_landa_Chr04,1,0,0,0,0,0,71
9,M_sativa_ssp_caerulea_landa,M_sativa_ssp_caerulea_landa_Chr04,2,0,0,0,0,0,65
9,M_sativa_ssp_caerulea_landa,M_sativa_ssp_caerulea_landa_Chr04,3,0,0,0,0,0,67
9,M_sativa_ssp_caerulea_landa,M_sativa_ssp_caerulea_landa_Chr04,4,0,0,0,0,0,66
9,M_sativa_ssp_caerulea_landa,M_sativa_ssp_caerulea_landa_Chr04,5,0,0,0,0,0,76
9,M_sativa_ssp_caerulea_landa,M_sativa_ssp_caerulea_landa_Chr04,6,0,0,0,0,0,96
9,M_sativa_ssp_caerulea_landa,M_sativa_ssp_caerulea_landa_Chr04,7,0,0,0,0,0,65
9,M_sativa_ssp_caerulea_landa,M_sativa_ssp_caerulea_landa_Chr04,8,0,0,0,0,0,48
9,M_sativa_ssp_caerulea_landa,M_sativa_ssp_caerulea_landa_Chr04,9,0,0,0,0,0,67
9,M_sativa_ssp_caerulea_landa,M_sativa_ssp_caerulea_landa_Chr04,10,0,0,0,0,0,57
9,M_sativa_ssp_caerulea_landa,M_sativa_ssp_caerulea_landa_Chr04,11,0,0,0,0,0,75
9,M_sativa_ssp_caerulea_landa,M_sativa_ssp_caerulea_landa_Chr04,12,0,0,0,0,0,77
9,M_sativa_ssp_caerulea_landa,M_sativa_ssp_caerulea_landa_Chr04,13,0,0,0,0,0,68
9,M_sativa_ssp_caerulea_landa,M_sativa_ssp_caerulea_landa_Chr04,14,0,0,0,0,0,59
9,M_sativa_ssp_caerulea_landa,M_sativa_ssp_caerulea_landa_Chr04,15,0,0,0,0,0,89
9,M_sativa_ssp_caerulea_landa,M_sativa_ssp_caerulea_landa_Chr04,16,0,0,0,0,0,80
9,M_sativa_ssp_caerulea_landa,M_sativa_ssp_caerulea_landa_Chr04,17,0,0,0,0,0,47
9,M_sativa_ssp_caerulea_landa,M_sativa_ssp_caerulea_landa_Chr04,18,0,0,0,0,0,45
9,M_sativa_ssp_caerulea_landa,M_sativa_ssp_caerulea_landa_Chr04,19,0,0,0,0,0,80
9,M_sativa_ssp_caerulea_landa,M_sativa_ssp_caerulea_landa_Chr04,20,0,0,0,0,0,49
9,M_sativa_ssp_caerulea_landa,M_sativa_ssp_caerulea_landa_Chr04,21,0,0,0,0,0,9
9,M_sativa_ssp_caerulea_landa,M_sativa_ssp_caerulea_landa_Chr04,22,0,0,0,0,0,85
9,M_sativa_ssp_caerulea_landa,M_sativa_ssp_caerulea_landa_Chr04,23,0,0,0,0,0,65
9,M_sativa_ssp_caerulea_landa,M_sativa_ssp_caerulea_landa_Chr04,24,0,0,0,0,0,45
9,M_sativa_ssp_caerulea_landa,M_sativa_ssp_caerulea_landa_Chr04,25,0,0,0,0,0,69
9,M_sativa_ssp_caerulea_landa,M_sativa_ssp_caerulea_landa_Chr04,26,0,0,0,0,0,66
9,M_sativa_ssp_caerulea_landa,M_sativa_ssp_caerulea_landa_Chr04,27,0,0,0,0,0,70
9,M_sativa_ssp_caerulea_landa,M_sativa_ssp_caerulea_landa_Chr04,28,0,0,0,0,0,64
9,M_sativa_ssp_caerulea_landa,M_sativa_ssp_caerulea_landa_Chr04,29,0,0,0,0,0,49
9,M_sativa_ssp_caerulea_landa,M_sativa_ssp_caerulea_landa_Chr04,30,0,0,0,0,0,65
9,M_sativa_ssp_caerulea_landa,M_sativa_ssp_caerulea_landa_Chr04,31,0,0,0,0,0,52
9,M_sativa_ssp_caerulea_landa,M_sativa_ssp_caerulea_landa_Chr04,32,0,0,0,0,0,61
9,M_sativa_ssp_caerulea_landa,M_sativa_ssp_caerulea_landa_Chr04,33,0,0,0,0,0,62
9,M_sativa_ssp_caerulea_landa,M_sativa_ssp_caerulea_landa_Chr04,34,0,0,0,0,0,42
9,M_sativa_ssp_caerulea_landa,M_sativa_ssp_caerulea_landa_Chr04,35,0,0,0,0,0,60
9,M_sativa_ssp_caerulea_landa,M_sativa_ssp_caerulea_landa_Chr04,36,0,0,0,0,0,47
9,M_sativa_ssp_caerulea_landa,M_sativa_ssp_caerulea_landa_Chr04,37,0,0,0,0,0,59
9,M_sativa_ssp_caerulea_landa,M_sativa_ssp_caerulea_landa_Chr04,38,0,0,0,0,0,64
9,M_sativa_ssp_caerulea_landa,M_sativa_ssp_caerulea_landa_Chr04,39,0,0,0,0,0,34
9,M_sativa_ssp_caerulea_landa,M_sativa_ssp_caerulea_landa_Chr04,40,0,0,0,0,0,38
9,M_sativa_ssp_caerulea_landa,M_sativa_ssp_caerulea_landa_Chr04,41,0,0,0,0,0,68
9,M_sativa_ssp_caerulea_landa,M_sativa_ssp_caerulea_landa_Chr04,42,0,0,0,0,0,68
9,M_sativa_ssp_caerulea_landa,M_sativa_ssp_caerulea_landa_Chr04,43,0,0,0,0,0,67
9,M_sativa_ssp_caerulea_landa,M_sativa_ssp_caerulea_landa_Chr04,44,0,0,0,0,0,51
9,M_sativa_ssp_caerulea_landa,M_sativa_ssp_caerulea_landa_Chr04,45,0,0,0,0,0,47
9,M_sativa_ssp_caerulea_landa,M_sativa_ssp_caerulea_landa_Chr04,46,0,0,0,0,0,59
9,M_sativa_ssp_caerulea_landa,M_sativa_ssp_caerulea_landa_Chr04,47,0,0,0,0,0,68
9,M_sativa_ssp_caerulea_landa,M_sativa_ssp_caerulea_landa_Chr04,48,0,0,0,0,0,60
9,M_sativa_ssp_caerulea_landa,M_sativa_ssp_caerulea_landa_Chr04,49,0,0,0,0,0,49
9,M_sativa_ssp_caerulea_landa,M_sativa_ssp_caerulea_landa_Chr04,50,0,0,0,0,0,72
9,M_sativa_ssp_caerulea_landa,M_sativa_ssp_caerulea_landa_Chr04,51,0,0,0,0,0,61
9,M_sativa_ssp_caerulea_landa,M_sativa_ssp_caerulea_landa_Chr04,52,0,0,0,0,0,65
9,M_sativa_ssp_caerulea_landa,M_sativa_ssp_caerulea_landa_Chr04,53,0,0,0,0,0,67
9,M_sativa_ssp_caerulea_landa,M_sativa_ssp_caerulea_landa_Chr04,54,0,0,0,0,0,58
9,M_sativa_ssp_caerulea_landa,M_sativa_ssp_caerulea_landa_Chr04,55,0,0,0,0,0,57
9,M_sativa_ssp_caerulea_landa,M_sativa_ssp_caerulea_landa_Chr04,56,0,0,0,0,0,68
9,M_sativa_ssp_caerulea_landa,M_sativa_ssp_caerulea_landa_Chr04,57,0,0,0,0,0,70
9,M_sativa_ssp_caerulea_landa,M_sativa_ssp_caerulea_landa_Chr04,58,0,0,0,0,0,83
9,M_sativa_ssp_caerulea_landa,M_sativa_ssp_caerulea_landa_Chr04,59,0,0,0,0,0,95
9,M_sativa_ssp_caerulea_landa,M_sativa_ssp_caerulea_landa_Chr04,60,0,0,0,0,0,51
9,M_sativa_ssp_caerulea_landa,M_sativa_ssp_caerulea_landa_Chr04,61,0,0,0,0,0,100
9,M_sativa_ssp_caerulea_landa,M_sativa_ssp_caerulea_landa_Chr04,62,0,0,0,0,0,73
9,M_sativa_ssp_caerulea_landa,M_sativa_ssp_caerulea_landa_Chr04,63,0,0,0,0,0,92
9,M_sativa_ssp_caerulea_landa,M_sativa_ssp_caerulea_landa_Chr04,64,0,0,0,0,0,86
9,M_sativa_ssp_caerulea_landa,M_sativa_ssp_caerulea_landa_Chr04,65,0,0,0,0,0,80
9,M_sativa_ssp_caerulea_landa,M_sativa_ssp_caerulea_landa_Chr04,66,0,0,0,0,0,96
9,M_sativa_ssp_caerulea_landa,M_sativa_ssp_caerulea_landa_Chr04,67,0,0,0,0,0,81
9,M_sativa_ssp_caerulea_landa,M_sativa_ssp_caerulea_landa_Chr04,68,0,0,0,0,0,93
9,M_sativa_ssp_caerulea_landa,M_sativa_ssp_caerulea_landa_Chr04,69,0,0,0,0,0,106
9,M_sativa_ssp_caerulea_landa,M_sativa_ssp_caerulea_landa_Chr04,70,0,0,0,0,0,92
9,M_sativa_ssp_caerulea_landa,M_sativa_ssp_caerulea_landa_Chr04,71,0,0,0,0,0,97
9,M_sativa_ssp_caerulea_landa,M_sativa_ssp_caerulea_landa_Chr04,72,0,0,0,0,0,69
9,M_sativa_ssp_caerulea_landa,M_sativa_ssp_caerulea_landa_Chr04,73,0,0,0,0,0,93
9,M_sativa_ssp_caerulea_landa,M_sativa_ssp_caerulea_landa_Chr04,74,0,0,0,0,0,86
9,M_sativa_ssp_caerulea_landa,M_sativa_ssp_caerulea_landa_Chr04,75,0,0,0,0,0,102
9,M_sativa_ssp_caerulea_landa,M_sativa_ssp_caerulea_landa_Chr04,76,0,0,0,0,0,106
9,M_sativa_ssp_caerulea_landa,M_sativa_ssp_caerulea_landa_Chr04,77,0,0,0,0,0,99
9,M_sativa_ssp_caerulea_landa,M_sativa_ssp_caerulea_landa_Chr04,78,0,0,0,0,0,99
9,M_sativa_ssp_caerulea_landa,M_sativa_ssp_caerulea_landa_Chr04,79,0,0,0,0,0,93
9,M_sativa_ssp_caerulea_landa,M_sativa_ssp_caerulea_landa_Chr04,80,0,0,0,0,0,89
9,M_sativa_ssp_caerulea_landa,M_sativa_ssp_caerulea_landa_Chr04,81,0,0,0,0,0,94
9,M_sativa_ssp_caerulea_landa,M_sativa_ssp_caerulea_landa_Chr04,82,0,0,0,0,0,83
9,M_sativa_ssp_caerulea_landa,M_sativa_ssp_caerulea_landa_Chr04,83,0,0,0,0,0,93
9,M_sativa_ssp_caerulea_landa,M_sativa_ssp_caerulea_landa_Chr04,84,0,0,0,0,0,101
9,M_sativa_ssp_caerulea_landa,M_sativa_ssp_caerulea_landa_Chr04,85,0,0,0,0,0,93
9,M_sativa_ssp_caerulea_landa,M_sativa_ssp_caerulea_landa_Chr04,86,0,0,0,0,0,88
9,M_sativa_ssp_caerulea_landa,M_sativa_ssp_caerulea_landa_Chr04,87,0,0,0,0,0,71
9,M_sativa_ssp_caerulea_landa,M_sativa_ssp_caerulea_landa_Chr04,88,0,0,0,0,0,97
9,M_sativa_ssp_caerulea_landa,M_sativa_ssp_caerulea_landa_Chr04,89,0,0,0,0,0,82
9,M_sativa_ssp_caerulea_landa,M_sativa_ssp_caerulea_landa_Chr04,90,0,0,0,0,0,103
9,M_sativa_ssp_caerulea_landa,M_sativa_ssp_caerulea_landa_Chr04,91,0,0,0,0,0,93
9,M_sativa_ssp_caerulea_landa,M_sativa_ssp_caerulea_landa_Chr04,92,0,0,0,0,0,98
9,M_sativa_ssp_caerulea_landa,M_sativa_ssp_caerulea_landa_Chr04,93,0,0,0,0,0,109
9,M_sativa_ssp_caerulea_landa,M_sativa_ssp_caerulea_landa_Chr04,94,0,0,0,0,0,87
9,M_sativa_ssp_caerulea_landa,M_sativa_ssp_caerulea_landa_Chr04,95,0,0,0,0,0,88
9,M_sativa_ssp_caerulea_landa,M_sativa_ssp_caerulea_landa_Chr04,96,0,0,0,0,0,106
9,M_sativa_ssp_caerulea_landa,M_sativa_ssp_caerulea_landa_Chr04,97,0,0,0,0,0,74
9,M_sativa_ssp_caerulea_landa,M_sativa_ssp_caerulea_landa_Chr04,98,0,0,0,0,0,101
9,M_sativa_ssp_caerulea_landa,M_sativa_ssp_caerulea_landa_Chr04,99,0,0,0,0,0,97
9,M_sativa_ssp_caerulea_landa,M_sativa_ssp_caerulea_landa_Chr04,100,0,0,0,0,0,87
9,M_sativa_ssp_caerulea_landa,M_sativa_ssp_caerulea_landa_Chr04,101,0,0,0,0,0,103
9,M_sativa_ssp_caerulea_landa,M_sativa_ssp_caerulea_landa_Chr04,102,0,0,0,0,0,45
9,M_sativa_ssp_caerulea_landa,M_sativa_ssp_caerulea_landa_Chr05,0,0,0,0,0,0,88
9,M_sativa_ssp_caerulea_landa,M_sativa_ssp_caerulea_landa_Chr05,1,0,0,0,0,0,120
9,M_sativa_ssp_caerulea_landa,M_sativa_ssp_caerulea_landa_Chr05,2,0,0,0,0,0,95
9,M_sativa_ssp_caerulea_landa,M_sativa_ssp_caerulea_landa_Chr05,3,0,0,0,0,0,96
9,M_sativa_ssp_caerulea_landa,M_sativa_ssp_caerulea_landa_Chr05,4,0,0,0,0,0,78
9,M_sativa_ssp_caerulea_landa,M_sativa_ssp_caerulea_landa_Chr05,5,0,0,0,0,0,98
9,M_sativa_ssp_caerulea_landa,M_sativa_ssp_caerulea_landa_Chr05,6,0,0,0,0,0,72
9,M_sativa_ssp_caerulea_landa,M_sativa_ssp_caerulea_landa_Chr05,7,0,0,0,0,0,70
9,M_sativa_ssp_caerulea_landa,M_sativa_ssp_caerulea_landa_Chr05,8,0,0,0,0,0,88
9,M_sativa_ssp_caerulea_landa,M_sativa_ssp_caerulea_landa_Chr05,9,0,0,0,0,0,84
9,M_sativa_ssp_caerulea_landa,M_sativa_ssp_caerulea_landa_Chr05,10,0,0,0,0,0,82
9,M_sativa_ssp_caerulea_landa,M_sativa_ssp_caerulea_landa_Chr05,11,0,0,0,0,0,84
9,M_sativa_ssp_caerulea_landa,M_sativa_ssp_caerulea_landa_Chr05,12,0,0,0,0,0,92
9,M_sativa_ssp_caerulea_landa,M_sativa_ssp_caerulea_landa_Chr05,13,0,0,0,0,0,78
9,M_sativa_ssp_caerulea_landa,M_sativa_ssp_caerulea_landa_Chr05,14,0,0,0,0,0,81
9,M_sativa_ssp_caerulea_landa,M_sativa_ssp_caerulea_landa_Chr05,15,0,0,0,0,0,83
9,M_sativa_ssp_caerulea_landa,M_sativa_ssp_caerulea_landa_Chr05,16,0,0,0,0,0,88
9,M_sativa_ssp_caerulea_landa,M_sativa_ssp_caerulea_landa_Chr05,17,0,0,0,0,0,56
9,M_sativa_ssp_caerulea_landa,M_sativa_ssp_caerulea_landa_Chr05,18,0,0,0,0,0,74
9,M_sativa_ssp_caerulea_landa,M_sativa_ssp_caerulea_landa_Chr05,19,0,0,0,0,0,72
9,M_sativa_ssp_caerulea_landa,M_sativa_ssp_caerulea_landa_Chr05,20,0,0,0,0,0,59
9,M_sativa_ssp_caerulea_landa,M_sativa_ssp_caerulea_landa_Chr05,21,0,0,0,0,0,61
9,M_sativa_ssp_caerulea_landa,M_sativa_ssp_caerulea_landa_Chr05,22,0,0,0,0,0,58
9,M_sativa_ssp_caerulea_landa,M_sativa_ssp_caerulea_landa_Chr05,23,0,0,0,0,0,69
9,M_sativa_ssp_caerulea_landa,M_sativa_ssp_caerulea_landa_Chr05,24,0,0,0,0,0,70
9,M_sativa_ssp_caerulea_landa,M_sativa_ssp_caerulea_landa_Chr05,25,0,0,0,0,0,51
9,M_sativa_ssp_caerulea_landa,M_sativa_ssp_caerulea_landa_Chr05,26,0,0,0,0,0,66
9,M_sativa_ssp_caerulea_landa,M_sativa_ssp_caerulea_landa_Chr05,27,0,0,0,0,0,64
9,M_sativa_ssp_caerulea_landa,M_sativa_ssp_caerulea_landa_Chr05,28,0,0,0,0,0,53
9,M_sativa_ssp_caerulea_landa,M_sativa_ssp_caerulea_landa_Chr05,29,0,0,0,0,0,56
9,M_sativa_ssp_caerulea_landa,M_sativa_ssp_caerulea_landa_Chr05,30,0,0,0,0,0,65
9,M_sativa_ssp_caerulea_landa,M_sativa_ssp_caerulea_landa_Chr05,31,0,0,0,0,0,61
9,M_sativa_ssp_caerulea_landa,M_sativa_ssp_caerulea_landa_Chr05,32,0,0,0,0,0,41
9,M_sativa_ssp_caerulea_landa,M_sativa_ssp_caerulea_landa_Chr05,33,0,0,0,0,0,67
9,M_sativa_ssp_caerulea_landa,M_sativa_ssp_caerulea_landa_Chr05,34,0,0,0,0,0,56
9,M_sativa_ssp_caerulea_landa,M_sativa_ssp_caerulea_landa_Chr05,35,0,0,0,0,0,53
9,M_sativa_ssp_caerulea_landa,M_sativa_ssp_caerulea_landa_Chr05,36,0,0,0,0,0,67
9,M_sativa_ssp_caerulea_landa,M_sativa_ssp_caerulea_landa_Chr05,37,0,0,0,0,0,47
9,M_sativa_ssp_caerulea_landa,M_sativa_ssp_caerulea_landa_Chr05,38,0,0,0,0,0,58
9,M_sativa_ssp_caerulea_landa,M_sativa_ssp_caerulea_landa_Chr05,39,0,0,0,0,0,26
9,M_sativa_ssp_caerulea_landa,M_sativa_ssp_caerulea_landa_Chr05,40,0,0,0,0,0,35
9,M_sativa_ssp_caerulea_landa,M_sativa_ssp_caerulea_landa_Chr05,41,0,0,0,0,0,53
9,M_sativa_ssp_caerulea_landa,M_sativa_ssp_caerulea_landa_Chr05,42,0,0,0,0,0,59
9,M_sativa_ssp_caerulea_landa,M_sativa_ssp_caerulea_landa_Chr05,43,0,0,0,0,0,53
9,M_sativa_ssp_caerulea_landa,M_sativa_ssp_caerulea_landa_Chr05,44,0,0,0,0,0,43
9,M_sativa_ssp_caerulea_landa,M_sativa_ssp_caerulea_landa_Chr05,45,0,0,0,0,0,62
9,M_sativa_ssp_caerulea_landa,M_sativa_ssp_caerulea_landa_Chr05,46,0,0,0,0,0,61
9,M_sativa_ssp_caerulea_landa,M_sativa_ssp_caerulea_landa_Chr05,47,0,0,0,0,0,39
9,M_sativa_ssp_caerulea_landa,M_sativa_ssp_caerulea_landa_Chr05,48,0,0,0,0,0,57
9,M_sativa_ssp_caerulea_landa,M_sativa_ssp_caerulea_landa_Chr05,49,0,0,0,0,0,46
9,M_sativa_ssp_caerulea_landa,M_sativa_ssp_caerulea_landa_Chr05,50,0,0,0,0,0,61
9,M_sativa_ssp_caerulea_landa,M_sativa_ssp_caerulea_landa_Chr05,51,0,0,0,0,0,61
9,M_sativa_ssp_caerulea_landa,M_sativa_ssp_caerulea_landa_Chr05,52,0,0,0,0,0,82
9,M_sativa_ssp_caerulea_landa,M_sativa_ssp_caerulea_landa_Chr05,53,0,0,0,0,0,71
9,M_sativa_ssp_caerulea_landa,M_sativa_ssp_caerulea_landa_Chr05,54,0,0,0,0,0,66
9,M_sativa_ssp_caerulea_landa,M_sativa_ssp_caerulea_landa_Chr05,55,0,0,0,0,0,77
9,M_sativa_ssp_caerulea_landa,M_sativa_ssp_caerulea_landa_Chr05,56,0,0,0,0,0,76
9,M_sativa_ssp_caerulea_landa,M_sativa_ssp_caerulea_landa_Chr05,57,0,0,0,0,0,41
9,M_sativa_ssp_caerulea_landa,M_sativa_ssp_caerulea_landa_Chr05,58,0,0,0,0,0,67
9,M_sativa_ssp_caerulea_landa,M_sativa_ssp_caerulea_landa_Chr05,59,0,0,0,0,0,69
9,M_sativa_ssp_caerulea_landa,M_sativa_ssp_caerulea_landa_Chr05,60,0,0,0,0,0,55
9,M_sativa_ssp_caerulea_landa,M_sativa_ssp_caerulea_landa_Chr05,61,0,0,0,0,0,54
9,M_sativa_ssp_caerulea_landa,M_sativa_ssp_caerulea_landa_Chr05,62,0,0,0,0,0,68
9,M_sativa_ssp_caerulea_landa,M_sativa_ssp_caerulea_landa_Chr05,63,0,0,0,0,0,66
9,M_sativa_ssp_caerulea_landa,M_sativa_ssp_caerulea_landa_Chr05,64,0,0,0,0,0,46
9,M_sativa_ssp_caerulea_landa,M_sativa_ssp_caerulea_landa_Chr05,65,0,0,0,0,0,23
9,M_sativa_ssp_caerulea_landa,M_sativa_ssp_caerulea_landa_Chr05,66,0,0,0,0,0,74
9,M_sativa_ssp_caerulea_landa,M_sativa_ssp_caerulea_landa_Chr05,67,0,0,0,0,0,71
9,M_sativa_ssp_caerulea_landa,M_sativa_ssp_caerulea_landa_Chr05,68,0,0,0,0,0,68
9,M_sativa_ssp_caerulea_landa,M_sativa_ssp_caerulea_landa_Chr05,69,0,0,0,0,0,68
9,M_sativa_ssp_caerulea_landa,M_sativa_ssp_caerulea_landa_Chr05,70,0,0,0,0,0,79
9,M_sativa_ssp_caerulea_landa,M_sativa_ssp_caerulea_landa_Chr05,71,0,0,0,0,0,87
9,M_sativa_ssp_caerulea_landa,M_sativa_ssp_caerulea_landa_Chr05,72,0,0,0,0,0,102
9,M_sativa_ssp_caerulea_landa,M_sativa_ssp_caerulea_landa_Chr05,73,0,0,0,0,0,72
9,M_sativa_ssp_caerulea_landa,M_sativa_ssp_caerulea_landa_Chr05,74,0,0,0,0,0,67
9,M_sativa_ssp_caerulea_landa,M_sativa_ssp_caerulea_landa_Chr05,75,0,0,0,0,0,102
9,M_sativa_ssp_caerulea_landa,M_sativa_ssp_caerulea_landa_Chr05,76,0,0,0,0,0,89
9,M_sativa_ssp_caerulea_landa,M_sativa_ssp_caerulea_landa_Chr05,77,0,0,0,0,0,87
9,M_sativa_ssp_caerulea_landa,M_sativa_ssp_caerulea_landa_Chr05,78,0,0,0,0,0,69
9,M_sativa_ssp_caerulea_landa,M_sativa_ssp_caerulea_landa_Chr05,79,0,0,0,0,0,101
9,M_sativa_ssp_caerulea_landa,M_sativa_ssp_caerulea_landa_Chr05,80,0,0,0,0,0,77
9,M_sativa_ssp_caerulea_landa,M_sativa_ssp_caerulea_landa_Chr05,81,0,0,0,0,0,69
9,M_sativa_ssp_caerulea_landa,M_sativa_ssp_caerulea_landa_Chr05,82,0,0,0,0,0,67
9,M_sativa_ssp_caerulea_landa,M_sativa_ssp_caerulea_landa_Chr05,83,0,0,0,0,0,30
9,M_sativa_ssp_caerulea_landa,M_sativa_ssp_caerulea_landa_Chr06,0,0,0,0,0,0,60
9,M_sativa_ssp_caerulea_landa,M_sativa_ssp_caerulea_landa_Chr06,1,0,0,0,0,0,72
9,M_sativa_ssp_caerulea_landa,M_sativa_ssp_caerulea_landa_Chr06,2,0,0,0,0,0,69
9,M_sativa_ssp_caerulea_landa,M_sativa_ssp_caerulea_landa_Chr06,3,0,0,0,0,0,56
9,M_sativa_ssp_caerulea_landa,M_sativa_ssp_caerulea_landa_Chr06,4,0,0,0,0,0,50
9,M_sativa_ssp_caerulea_landa,M_sativa_ssp_caerulea_landa_Chr06,5,0,0,0,0,0,76
9,M_sativa_ssp_caerulea_landa,M_sativa_ssp_caerulea_landa_Chr06,6,0,0,0,0,0,79
9,M_sativa_ssp_caerulea_landa,M_sativa_ssp_caerulea_landa_Chr06,7,0,0,0,0,0,106
9,M_sativa_ssp_caerulea_landa,M_sativa_ssp_caerulea_landa_Chr06,8,0,0,0,0,0,56
9,M_sativa_ssp_caerulea_landa,M_sativa_ssp_caerulea_landa_Chr06,9,0,0,0,0,0,61
9,M_sativa_ssp_caerulea_landa,M_sativa_ssp_caerulea_landa_Chr06,10,0,0,0,0,0,44
9,M_sativa_ssp_caerulea_landa,M_sativa_ssp_caerulea_landa_Chr06,11,0,0,0,0,0,66
9,M_sativa_ssp_caerulea_landa,M_sativa_ssp_caerulea_landa_Chr06,12,0,0,0,0,0,54
9,M_sativa_ssp_caerulea_landa,M_sativa_ssp_caerulea_landa_Chr06,13,0,0,0,0,0,59
9,M_sativa_ssp_caerulea_landa,M_sativa_ssp_caerulea_landa_Chr06,14,0,0,0,0,0,60
9,M_sativa_ssp_caerulea_landa,M_sativa_ssp_caerulea_landa_Chr06,15,0,0,0,0,0,54
9,M_sativa_ssp_caerulea_landa,M_sativa_ssp_caerulea_landa_Chr06,16,0,0,0,0,0,54
9,M_sativa_ssp_caerulea_landa,M_sativa_ssp_caerulea_landa_Chr06,17,0,0,0,0,0,61
9,M_sativa_ssp_caerulea_landa,M_sativa_ssp_caerulea_landa_Chr06,18,0,0,0,0,0,71
9,M_sativa_ssp_caerulea_landa,M_sativa_ssp_caerulea_landa_Chr06,19,0,0,0,0,0,67
9,M_sativa_ssp_caerulea_landa,M_sativa_ssp_caerulea_landa_Chr06,20,0,0,0,0,0,72
9,M_sativa_ssp_caerulea_landa,M_sativa_ssp_caerulea_landa_Chr06,21,0,0,0,0,0,62
9,M_sativa_ssp_caerulea_landa,M_sativa_ssp_caerulea_landa_Chr06,22,0,0,0,0,0,55
9,M_sativa_ssp_caerulea_landa,M_sativa_ssp_caerulea_landa_Chr06,23,0,0,0,0,0,53
9,M_sativa_ssp_caerulea_landa,M_sativa_ssp_caerulea_landa_Chr06,24,0,0,0,0,0,58
9,M_sativa_ssp_caerulea_landa,M_sativa_ssp_caerulea_landa_Chr06,25,0,0,0,0,0,68
9,M_sativa_ssp_caerulea_landa,M_sativa_ssp_caerulea_landa_Chr06,26,0,0,0,0,0,40
9,M_sativa_ssp_caerulea_landa,M_sativa_ssp_caerulea_landa_Chr06,27,0,0,0,0,0,54
9,M_sativa_ssp_caerulea_landa,M_sativa_ssp_caerulea_landa_Chr06,28,0,0,0,0,0,43
9,M_sativa_ssp_caerulea_landa,M_sativa_ssp_caerulea_landa_Chr06,29,0,0,0,0,0,45
9,M_sativa_ssp_caerulea_landa,M_sativa_ssp_caerulea_landa_Chr06,30,0,0,0,0,0,53
9,M_sativa_ssp_caerulea_landa,M_sativa_ssp_caerulea_landa_Chr06,31,0,0,0,0,0,60
9,M_sativa_ssp_caerulea_landa,M_sativa_ssp_caerulea_landa_Chr06,32,0,0,0,0,0,59
9,M_sativa_ssp_caerulea_landa,M_sativa_ssp_caerulea_landa_Chr06,33,0,0,0,0,0,40
9,M_sativa_ssp_caerulea_landa,M_sativa_ssp_caerulea_landa_Chr06,34,0,0,0,0,0,39
9,M_sativa_ssp_caerulea_landa,M_sativa_ssp_caerulea_landa_Chr06,35,0,0,0,0,0,56
9,M_sativa_ssp_caerulea_landa,M_sativa_ssp_caerulea_landa_Chr06,36,0,0,0,0,0,39
9,M_sativa_ssp_caerulea_landa,M_sativa_ssp_caerulea_landa_Chr06,37,0,0,0,0,0,46
9,M_sativa_ssp_caerulea_landa,M_sativa_ssp_caerulea_landa_Chr06,38,0,0,0,0,0,51
9,M_sativa_ssp_caerulea_landa,M_sativa_ssp_caerulea_landa_Chr06,39,0,0,0,0,0,68
9,M_sativa_ssp_caerulea_landa,M_sativa_ssp_caerulea_landa_Chr06,40,0,0,0,0,0,48
9,M_sativa_ssp_caerulea_landa,M_sativa_ssp_caerulea_landa_Chr06,41,0,0,0,0,0,63
9,M_sativa_ssp_caerulea_landa,M_sativa_ssp_caerulea_landa_Chr06,42,0,0,0,0,0,41
9,M_sativa_ssp_caerulea_landa,M_sativa_ssp_caerulea_landa_Chr06,43,0,0,0,0,0,71
9,M_sativa_ssp_caerulea_landa,M_sativa_ssp_caerulea_landa_Chr06,44,0,0,0,0,0,41
9,M_sativa_ssp_caerulea_landa,M_sativa_ssp_caerulea_landa_Chr06,45,0,0,0,0,0,42
9,M_sativa_ssp_caerulea_landa,M_sativa_ssp_caerulea_landa_Chr06,46,0,0,0,0,0,68
9,M_sativa_ssp_caerulea_landa,M_sativa_ssp_caerulea_landa_Chr06,47,0,0,0,0,0,59
9,M_sativa_ssp_caerulea_landa,M_sativa_ssp_caerulea_landa_Chr06,48,0,0,0,0,0,50
9,M_sativa_ssp_caerulea_landa,M_sativa_ssp_caerulea_landa_Chr06,49,0,0,0,0,0,67
9,M_sativa_ssp_caerulea_landa,M_sativa_ssp_caerulea_landa_Chr06,50,0,0,0,0,0,47
9,M_sativa_ssp_caerulea_landa,M_sativa_ssp_caerulea_landa_Chr06,51,0,0,0,0,0,37
9,M_sativa_ssp_caerulea_landa,M_sativa_ssp_caerulea_landa_Chr06,52,0,0,0,0,0,50
9,M_sativa_ssp_caerulea_landa,M_sativa_ssp_caerulea_landa_Chr06,53,0,0,0,0,0,49
9,M_sativa_ssp_caerulea_landa,M_sativa_ssp_caerulea_landa_Chr06,54,0,0,0,0,0,49
9,M_sativa_ssp_caerulea_landa,M_sativa_ssp_caerulea_landa_Chr06,55,0,0,0,0,0,71
9,M_sativa_ssp_caerulea_landa,M_sativa_ssp_caerulea_landa_Chr06,56,0,0,0,0,0,52
9,M_sativa_ssp_caerulea_landa,M_sativa_ssp_caerulea_landa_Chr06,57,0,0,0,0,0,57
9,M_sativa_ssp_caerulea_landa,M_sativa_ssp_caerulea_landa_Chr06,58,0,0,0,0,0,55
9,M_sativa_ssp_caerulea_landa,M_sativa_ssp_caerulea_landa_Chr06,59,0,0,0,0,0,61
9,M_sativa_ssp_caerulea_landa,M_sativa_ssp_caerulea_landa_Chr06,60,0,0,0,0,0,48
9,M_sativa_ssp_caerulea_landa,M_sativa_ssp_caerulea_landa_Chr06,61,0,0,0,0,0,65
9,M_sativa_ssp_caerulea_landa,M_sativa_ssp_caerulea_landa_Chr06,62,0,0,0,0,0,28
9,M_sativa_ssp_caerulea_landa,M_sativa_ssp_caerulea_landa_Chr06,63,0,0,0,0,0,40
9,M_sativa_ssp_caerulea_landa,M_sativa_ssp_caerulea_landa_Chr06,64,0,0,0,0,0,53
9,M_sativa_ssp_caerulea_landa,M_sativa_ssp_caerulea_landa_Chr06,65,0,0,0,0,0,46
9,M_sativa_ssp_caerulea_landa,M_sativa_ssp_caerulea_landa_Chr06,66,0,0,0,0,0,37
9,M_sativa_ssp_caerulea_landa,M_sativa_ssp_caerulea_landa_Chr06,67,0,0,0,0,0,55
9,M_sativa_ssp_caerulea_landa,M_sativa_ssp_caerulea_landa_Chr06,68,0,0,0,0,0,50
9,M_sativa_ssp_caerulea_landa,M_sativa_ssp_caerulea_landa_Chr06,69,0,0,0,0,0,48
9,M_sativa_ssp_caerulea_landa,M_sativa_ssp_caerulea_landa_Chr06,70,0,0,0,0,0,29
9,M_sativa_ssp_caerulea_landa,M_sativa_ssp_caerulea_landa_Chr06,71,0,0,0,0,0,34
9,M_sativa_ssp_caerulea_landa,M_sativa_ssp_caerulea_landa_Chr06,72,0,0,0,0,0,47
9,M_sativa_ssp_caerulea_landa,M_sativa_ssp_caerulea_landa_Chr06,73,0,0,0,0,0,41
9,M_sativa_ssp_caerulea_landa,M_sativa_ssp_caerulea_landa_Chr06,74,0,0,0,0,0,39
9,M_sativa_ssp_caerulea_landa,M_sativa_ssp_caerulea_landa_Chr06,75,0,0,0,0,0,52
9,M_sativa_ssp_caerulea_landa,M_sativa_ssp_caerulea_landa_Chr06,76,0,0,0,0,0,45
9,M_sativa_ssp_caerulea_landa,M_sativa_ssp_caerulea_landa_Chr06,77,0,0,0,0,0,69
9,M_sativa_ssp_caerulea_landa,M_sativa_ssp_caerulea_landa_Chr06,78,0,0,0,0,0,52
9,M_sativa_ssp_caerulea_landa,M_sativa_ssp_caerulea_landa_Chr06,79,0,0,0,0,0,53
9,M_sativa_ssp_caerulea_landa,M_sativa_ssp_caerulea_landa_Chr06,80,0,0,0,0,0,46
9,M_sativa_ssp_caerulea_landa,M_sativa_ssp_caerulea_landa_Chr06,81,0,0,0,0,0,60
9,M_sativa_ssp_caerulea_landa,M_sativa_ssp_caerulea_landa_Chr06,82,0,0,0,0,0,44
9,M_sativa_ssp_caerulea_landa,M_sativa_ssp_caerulea_landa_Chr06,83,0,0,0,0,0,33
9,M_sativa_ssp_caerulea_landa,M_sativa_ssp_caerulea_landa_Chr06,84,0,0,0,0,0,17
9,M_sativa_ssp_caerulea_landa,M_sativa_ssp_caerulea_landa_Chr06,85,0,0,0,0,0,40
9,M_sativa_ssp_caerulea_landa,M_sativa_ssp_caerulea_landa_Chr06,86,0,0,0,0,0,42
9,M_sativa_ssp_caerulea_landa,M_sativa_ssp_caerulea_landa_Chr06,87,0,0,0,0,0,44
9,M_sativa_ssp_caerulea_landa,M_sativa_ssp_caerulea_landa_Chr06,88,0,0,0,0,0,46
9,M_sativa_ssp_caerulea_landa,M_sativa_ssp_caerulea_landa_Chr06,89,0,0,0,0,0,52
9,M_sativa_ssp_caerulea_landa,M_sativa_ssp_caerulea_landa_Chr06,90,0,0,0,0,0,34
9,M_sativa_ssp_caerulea_landa,M_sativa_ssp_caerulea_landa_Chr06,91,0,0,0,0,0,15
9,M_sativa_ssp_caerulea_landa,M_sativa_ssp_caerulea_landa_Chr06,92,0,0,0,0,0,33
9,M_sativa_ssp_caerulea_landa,M_sativa_ssp_caerulea_landa_Chr06,93,0,0,0,0,0,36
9,M_sativa_ssp_caerulea_landa,M_sativa_ssp_caerulea_landa_Chr06,94,0,0,0,0,0,41
9,M_sativa_ssp_caerulea_landa,M_sativa_ssp_caerulea_landa_Chr06,95,0,0,0,0,0,55
9,M_sativa_ssp_caerulea_landa,M_sativa_ssp_caerulea_landa_Chr06,96,0,0,0,0,0,53
9,M_sativa_ssp_caerulea_landa,M_sativa_ssp_caerulea_landa_Chr06,97,0,0,0,0,0,50
9,M_sativa_ssp_caerulea_landa,M_sativa_ssp_caerulea_landa_Chr06,98,0,0,0,0,0,79
9,M_sativa_ssp_caerulea_landa,M_sativa_ssp_caerulea_landa_Chr06,99,0,0,0,0,0,56
9,M_sativa_ssp_caerulea_landa,M_sativa_ssp_caerulea_landa_Chr06,100,0,0,0,0,0,76
9,M_sativa_ssp_caerulea_landa,M_sativa_ssp_caerulea_landa_Chr06,101,0,0,0,0,0,64
9,M_sativa_ssp_caerulea_landa,M_sativa_ssp_caerulea_landa_Chr06,102,0,0,0,0,0,79
9,M_sativa_ssp_caerulea_landa,M_sativa_ssp_caerulea_landa_Chr06,103,0,0,0,0,0,53
9,M_sativa_ssp_caerulea_landa,M_sativa_ssp_caerulea_landa_Chr06,104,0,0,0,0,0,71
9,M_sativa_ssp_caerulea_landa,M_sativa_ssp_caerulea_landa_Chr06,105,0,0,0,0,0,79
9,M_sativa_ssp_caerulea_landa,M_sativa_ssp_caerulea_landa_Chr06,106,0,0,0,0,0,52
9,M_sativa_ssp_caerulea_landa,M_sativa_ssp_caerulea_landa_Chr06,107,0,0,0,0,0,47
9,M_sativa_ssp_caerulea_landa,M_sativa_ssp_caerulea_landa_Chr06,108,0,0,0,0,0,56
9,M_sativa_ssp_caerulea_landa,M_sativa_ssp_caerulea_landa_Chr06,109,0,0,0,0,0,47
9,M_sativa_ssp_caerulea_landa,M_sativa_ssp_caerulea_landa_Chr06,110,0,0,0,0,0,68
9,M_sativa_ssp_caerulea_landa,M_sativa_ssp_caerulea_landa_Chr06,111,0,0,0,0,0,65
9,M_sativa_ssp_caerulea_landa,M_sativa_ssp_caerulea_landa_Chr06,112,0,0,0,0,0,65
9,M_sativa_ssp_caerulea_landa,M_sativa_ssp_caerulea_landa_Chr06,113,0,0,0,0,0,77
9,M_sativa_ssp_caerulea_landa,M_sativa_ssp_caerulea_landa_Chr06,114,0,0,0,0,0,75
9,M_sativa_ssp_caerulea_landa,M_sativa_ssp_caerulea_landa_Chr06,115,0,0,0,0,0,72
9,M_sativa_ssp_caerulea_landa,M_sativa_ssp_caerulea_landa_Chr06,116,0,0,0,0,0,61
9,M_sativa_ssp_caerulea_landa,M_sativa_ssp_caerulea_landa_Chr06,117,0,0,0,0,0,43
9,M_sativa_ssp_caerulea_landa,M_sativa_ssp_caerulea_landa_Chr06,118,0,0,0,0,0,14
9,M_sativa_ssp_caerulea_landa,M_sativa_ssp_caerulea_landa_Chr07,0,0,0,0,0,0,51
9,M_sativa_ssp_caerulea_landa,M_sativa_ssp_caerulea_landa_Chr07,1,0,0,0,0,0,84
9,M_sativa_ssp_caerulea_landa,M_sativa_ssp_caerulea_landa_Chr07,2,0,0,0,0,0,52
9,M_sativa_ssp_caerulea_landa,M_sativa_ssp_caerulea_landa_Chr07,3,0,0,0,0,0,53
9,M_sativa_ssp_caerulea_landa,M_sativa_ssp_caerulea_landa_Chr07,4,0,0,0,0,0,71
9,M_sativa_ssp_caerulea_landa,M_sativa_ssp_caerulea_landa_Chr07,5,0,0,0,0,0,64
9,M_sativa_ssp_caerulea_landa,M_sativa_ssp_caerulea_landa_Chr07,6,0,0,0,0,0,66
9,M_sativa_ssp_caerulea_landa,M_sativa_ssp_caerulea_landa_Chr07,7,0,0,0,0,0,64
9,M_sativa_ssp_caerulea_landa,M_sativa_ssp_caerulea_landa_Chr07,8,0,0,0,0,0,76
9,M_sativa_ssp_caerulea_landa,M_sativa_ssp_caerulea_landa_Chr07,9,0,0,0,0,0,70
9,M_sativa_ssp_caerulea_landa,M_sativa_ssp_caerulea_landa_Chr07,10,0,0,0,0,0,60
9,M_sativa_ssp_caerulea_landa,M_sativa_ssp_caerulea_landa_Chr07,11,0,0,0,0,0,43
9,M_sativa_ssp_caerulea_landa,M_sativa_ssp_caerulea_landa_Chr07,12,0,0,0,0,0,75
9,M_sativa_ssp_caerulea_landa,M_sativa_ssp_caerulea_landa_Chr07,13,0,0,0,0,0,60
9,M_sativa_ssp_caerulea_landa,M_sativa_ssp_caerulea_landa_Chr07,14,0,0,0,0,0,71
9,M_sativa_ssp_caerulea_landa,M_sativa_ssp_caerulea_landa_Chr07,15,0,0,0,0,0,54
9,M_sativa_ssp_caerulea_landa,M_sativa_ssp_caerulea_landa_Chr07,16,0,0,0,0,0,47
9,M_sativa_ssp_caerulea_landa,M_sativa_ssp_caerulea_landa_Chr07,17,0,0,0,0,0,54
9,M_sativa_ssp_caerulea_landa,M_sativa_ssp_caerulea_landa_Chr07,18,0,0,0,0,0,55
9,M_sativa_ssp_caerulea_landa,M_sativa_ssp_caerulea_landa_Chr07,19,0,0,0,0,0,52
9,M_sativa_ssp_caerulea_landa,M_sativa_ssp_caerulea_landa_Chr07,20,0,0,0,0,0,57
9,M_sativa_ssp_caerulea_landa,M_sativa_ssp_caerulea_landa_Chr07,21,0,0,0,0,0,54
9,M_sativa_ssp_caerulea_landa,M_sativa_ssp_caerulea_landa_Chr07,22,0,0,0,0,0,57
9,M_sativa_ssp_caerulea_landa,M_sativa_ssp_caerulea_landa_Chr07,23,0,0,0,0,0,55
9,M_sativa_ssp_caerulea_landa,M_sativa_ssp_caerulea_landa_Chr07,24,0,0,0,0,0,54
9,M_sativa_ssp_caerulea_landa,M_sativa_ssp_caerulea_landa_Chr07,25,0,0,0,0,0,55
9,M_sativa_ssp_caerulea_landa,M_sativa_ssp_caerulea_landa_Chr07,26,0,0,0,0,0,53
9,M_sativa_ssp_caerulea_landa,M_sativa_ssp_caerulea_landa_Chr07,27,0,0,0,0,0,60
9,M_sativa_ssp_caerulea_landa,M_sativa_ssp_caerulea_landa_Chr07,28,0,0,0,0,0,70
9,M_sativa_ssp_caerulea_landa,M_sativa_ssp_caerulea_landa_Chr07,29,0,0,0,0,0,55
9,M_sativa_ssp_caerulea_landa,M_sativa_ssp_caerulea_landa_Chr07,30,0,0,0,0,0,48
9,M_sativa_ssp_caerulea_landa,M_sativa_ssp_caerulea_landa_Chr07,31,0,0,0,0,0,56
9,M_sativa_ssp_caerulea_landa,M_sativa_ssp_caerulea_landa_Chr07,32,0,0,0,0,0,65
9,M_sativa_ssp_caerulea_landa,M_sativa_ssp_caerulea_landa_Chr07,33,0,0,0,0,0,64
9,M_sativa_ssp_caerulea_landa,M_sativa_ssp_caerulea_landa_Chr07,34,0,0,0,0,0,52
9,M_sativa_ssp_caerulea_landa,M_sativa_ssp_caerulea_landa_Chr07,35,0,0,0,0,0,54
9,M_sativa_ssp_caerulea_landa,M_sativa_ssp_caerulea_landa_Chr07,36,0,0,0,0,0,69
9,M_sativa_ssp_caerulea_landa,M_sativa_ssp_caerulea_landa_Chr07,37,0,0,0,0,0,51
9,M_sativa_ssp_caerulea_landa,M_sativa_ssp_caerulea_landa_Chr07,38,0,0,0,0,0,54
9,M_sativa_ssp_caerulea_landa,M_sativa_ssp_caerulea_landa_Chr07,39,0,0,0,0,0,52
9,M_sativa_ssp_caerulea_landa,M_sativa_ssp_caerulea_landa_Chr07,40,0,0,0,0,0,50
9,M_sativa_ssp_caerulea_landa,M_sativa_ssp_caerulea_landa_Chr07,41,0,0,0,0,0,60
9,M_sativa_ssp_caerulea_landa,M_sativa_ssp_caerulea_landa_Chr07,42,0,0,0,0,0,51
9,M_sativa_ssp_caerulea_landa,M_sativa_ssp_caerulea_landa_Chr07,43,0,0,0,0,0,37
9,M_sativa_ssp_caerulea_landa,M_sativa_ssp_caerulea_landa_Chr07,44,0,0,0,0,0,55
9,M_sativa_ssp_caerulea_landa,M_sativa_ssp_caerulea_landa_Chr07,45,0,0,0,0,0,46
9,M_sativa_ssp_caerulea_landa,M_sativa_ssp_caerulea_landa_Chr07,46,0,0,0,0,0,43
9,M_sativa_ssp_caerulea_landa,M_sativa_ssp_caerulea_landa_Chr07,47,0,0,0,0,0,52
9,M_sativa_ssp_caerulea_landa,M_sativa_ssp_caerulea_landa_Chr07,48,0,0,0,0,0,55
9,M_sativa_ssp_caerulea_landa,M_sativa_ssp_caerulea_landa_Chr07,49,0,0,0,0,0,50
9,M_sativa_ssp_caerulea_landa,M_sativa_ssp_caerulea_landa_Chr07,50,0,0,0,0,0,63
9,M_sativa_ssp_caerulea_landa,M_sativa_ssp_caerulea_landa_Chr07,51,0,0,0,0,0,58
9,M_sativa_ssp_caerulea_landa,M_sativa_ssp_caerulea_landa_Chr07,52,0,0,0,0,0,65
9,M_sativa_ssp_caerulea_landa,M_sativa_ssp_caerulea_landa_Chr07,53,0,0,0,0,0,52
9,M_sativa_ssp_caerulea_landa,M_sativa_ssp_caerulea_landa_Chr07,54,0,0,0,0,0,60
9,M_sativa_ssp_caerulea_landa,M_sativa_ssp_caerulea_landa_Chr07,55,0,0,0,0,0,65
9,M_sativa_ssp_caerulea_landa,M_sativa_ssp_caerulea_landa_Chr07,56,0,0,0,0,0,58
9,M_sativa_ssp_caerulea_landa,M_sativa_ssp_caerulea_landa_Chr07,57,0,0,0,0,0,52
9,M_sativa_ssp_caerulea_landa,M_sativa_ssp_caerulea_landa_Chr07,58,0,0,0,0,0,72
9,M_sativa_ssp_caerulea_landa,M_sativa_ssp_caerulea_landa_Chr07,59,0,0,0,0,0,53
9,M_sativa_ssp_caerulea_landa,M_sativa_ssp_caerulea_landa_Chr07,60,0,0,0,0,0,35
9,M_sativa_ssp_caerulea_landa,M_sativa_ssp_caerulea_landa_Chr07,61,0,0,0,0,0,60
9,M_sativa_ssp_caerulea_landa,M_sativa_ssp_caerulea_landa_Chr07,62,0,0,0,0,0,54
9,M_sativa_ssp_caerulea_landa,M_sativa_ssp_caerulea_landa_Chr07,63,0,0,0,0,0,43
9,M_sativa_ssp_caerulea_landa,M_sativa_ssp_caerulea_landa_Chr07,64,0,0,0,0,0,54
9,M_sativa_ssp_caerulea_landa,M_sativa_ssp_caerulea_landa_Chr07,65,0,0,0,0,0,61
9,M_sativa_ssp_caerulea_landa,M_sativa_ssp_caerulea_landa_Chr07,66,0,0,0,0,0,63
9,M_sativa_ssp_caerulea_landa,M_sativa_ssp_caerulea_landa_Chr07,67,0,0,0,0,0,62
9,M_sativa_ssp_caerulea_landa,M_sativa_ssp_caerulea_landa_Chr07,68,0,0,0,0,0,83
9,M_sativa_ssp_caerulea_landa,M_sativa_ssp_caerulea_landa_Chr07,69,0,0,0,0,0,61
9,M_sativa_ssp_caerulea_landa,M_sativa_ssp_caerulea_landa_Chr07,70,0,0,0,0,0,55
9,M_sativa_ssp_caerulea_landa,M_sativa_ssp_caerulea_landa_Chr07,71,0,0,0,0,0,63
9,M_sativa_ssp_caerulea_landa,M_sativa_ssp_caerulea_landa_Chr07,72,0,0,0,0,0,76
9,M_sativa_ssp_caerulea_landa,M_sativa_ssp_caerulea_landa_Chr07,73,0,0,0,0,0,62
9,M_sativa_ssp_caerulea_landa,M_sativa_ssp_caerulea_landa_Chr07,74,0,0,0,0,0,79
9,M_sativa_ssp_caerulea_landa,M_sativa_ssp_caerulea_landa_Chr07,75,0,0,0,0,0,70
9,M_sativa_ssp_caerulea_landa,M_sativa_ssp_caerulea_landa_Chr07,76,0,0,0,0,0,92
9,M_sativa_ssp_caerulea_landa,M_sativa_ssp_caerulea_landa_Chr07,77,0,0,0,0,0,83
9,M_sativa_ssp_caerulea_landa,M_sativa_ssp_caerulea_landa_Chr07,78,0,0,0,0,0,57
9,M_sativa_ssp_caerulea_landa,M_sativa_ssp_caerulea_landa_Chr07,79,0,0,0,0,0,100
9,M_sativa_ssp_caerulea_landa,M_sativa_ssp_caerulea_landa_Chr07,80,0,0,0,0,0,89
9,M_sativa_ssp_caerulea_landa,M_sativa_ssp_caerulea_landa_Chr07,81,0,0,0,0,0,86
9,M_sativa_ssp_caerulea_landa,M_sativa_ssp_caerulea_landa_Chr07,82,0,0,0,0,0,93
9,M_sativa_ssp_caerulea_landa,M_sativa_ssp_caerulea_landa_Chr07,83,0,0,0,0,0,91
9,M_sativa_ssp_caerulea_landa,M_sativa_ssp_caerulea_landa_Chr07,84,0,0,0,0,0,90
9,M_sativa_ssp_caerulea_landa,M_sativa_ssp_caerulea_landa_Chr07,85,0,0,0,0,0,99
9,M_sativa_ssp_caerulea_landa,M_sativa_ssp_caerulea_landa_Chr07,86,0,0,0,0,0,81
9,M_sativa_ssp_caerulea_landa,M_sativa_ssp_caerulea_landa_Chr07,87,0,0,0,0,0,84
9,M_sativa_ssp_caerulea_landa,M_sativa_ssp_caerulea_landa_Chr07,88,0,0,0,0,0,86
9,M_sativa_ssp_caerulea_landa,M_sativa_ssp_caerulea_landa_Chr07,89,0,0,0,0,0,86
9,M_sativa_ssp_caerulea_landa,M_sativa_ssp_caerulea_landa_Chr07,90,0,0,0,0,0,105
9,M_sativa_ssp_caerulea_landa,M_sativa_ssp_caerulea_landa_Chr07,91,0,0,0,0,0,84
9,M_sativa_ssp_caerulea_landa,M_sativa_ssp_caerulea_landa_Chr07,92,0,0,0,0,0,87
9,M_sativa_ssp_caerulea_landa,M_sativa_ssp_caerulea_landa_Chr07,93,0,0,0,0,0,94
9,M_sativa_ssp_caerulea_landa,M_sativa_ssp_caerulea_landa_Chr07,94,0,0,0,0,0,86
9,M_sativa_ssp_caerulea_landa,M_sativa_ssp_caerulea_landa_Chr07,95,0,0,0,0,0,94
9,M_sativa_ssp_caerulea_landa,M_sativa_ssp_caerulea_landa_Chr07,96,0,0,0,0,0,91
9,M_sativa_ssp_caerulea_landa,M_sativa_ssp_caerulea_landa_Chr07,97,0,0,0,0,0,82
9,M_sativa_ssp_caerulea_landa,M_sativa_ssp_caerulea_landa_Chr07,98,0,0,0,0,0,98
9,M_sativa_ssp_caerulea_landa,M_sativa_ssp_caerulea_landa_Chr07,99,0,0,0,0,0,111
9,M_sativa_ssp_caerulea_landa,M_sativa_ssp_caerulea_landa_Chr07,100,0,0,0,0,0,88
9,M_sativa_ssp_caerulea_landa,M_sativa_ssp_caerulea_landa_Chr07,101,0,0,0,0,0,94
9,M_sativa_ssp_caerulea_landa,M_sativa_ssp_caerulea_landa_Chr07,102,0,0,0,0,0,94
9,M_sativa_ssp_caerulea_landa,M_sativa_ssp_caerulea_landa_Chr07,103,0,0,0,0,0,103
9,M_sativa_ssp_caerulea_landa,M_sativa_ssp_caerulea_landa_Chr07,104,0,0,0,0,0,105
9,M_sativa_ssp_caerulea_landa,M_sativa_ssp_caerulea_landa_Chr07,105,0,0,0,0,0,69
9,M_sativa_ssp_caerulea_landa,M_sativa_ssp_caerulea_landa_Chr08,0,0,0,0,0,0,60
9,M_sativa_ssp_caerulea_landa,M_sativa_ssp_caerulea_landa_Chr08,1,0,0,0,0,0,71
9,M_sativa_ssp_caerulea_landa,M_sativa_ssp_caerulea_landa_Chr08,2,0,0,0,0,0,83
9,M_sativa_ssp_caerulea_landa,M_sativa_ssp_caerulea_landa_Chr08,3,0,0,0,0,0,93
9,M_sativa_ssp_caerulea_landa,M_sativa_ssp_caerulea_landa_Chr08,4,0,0,0,0,0,72
9,M_sativa_ssp_caerulea_landa,M_sativa_ssp_caerulea_landa_Chr08,5,0,0,0,0,0,48
9,M_sativa_ssp_caerulea_landa,M_sativa_ssp_caerulea_landa_Chr08,6,0,0,0,0,0,75
9,M_sativa_ssp_caerulea_landa,M_sativa_ssp_caerulea_landa_Chr08,7,0,0,0,0,0,82
9,M_sativa_ssp_caerulea_landa,M_sativa_ssp_caerulea_landa_Chr08,8,0,0,0,0,0,79
9,M_sativa_ssp_caerulea_landa,M_sativa_ssp_caerulea_landa_Chr08,9,0,0,0,0,0,67
9,M_sativa_ssp_caerulea_landa,M_sativa_ssp_caerulea_landa_Chr08,10,0,0,0,0,0,80
9,M_sativa_ssp_caerulea_landa,M_sativa_ssp_caerulea_landa_Chr08,11,0,0,0,0,0,65
9,M_sativa_ssp_caerulea_landa,M_sativa_ssp_caerulea_landa_Chr08,12,0,0,0,0,0,79
9,M_sativa_ssp_caerulea_landa,M_sativa_ssp_caerulea_landa_Chr08,13,0,0,0,0,0,59
9,M_sativa_ssp_caerulea_landa,M_sativa_ssp_caerulea_landa_Chr08,14,0,0,0,0,0,79
9,M_sativa_ssp_caerulea_landa,M_sativa_ssp_caerulea_landa_Chr08,15,0,0,0,0,0,85
9,M_sativa_ssp_caerulea_landa,M_sativa_ssp_caerulea_landa_Chr08,16,0,0,0,0,0,76
9,M_sativa_ssp_caerulea_landa,M_sativa_ssp_caerulea_landa_Chr08,17,0,0,0,0,0,50
9,M_sativa_ssp_caerulea_landa,M_sativa_ssp_caerulea_landa_Chr08,18,0,0,0,0,0,50
9,M_sativa_ssp_caerulea_landa,M_sativa_ssp_caerulea_landa_Chr08,19,0,0,0,0,0,63
9,M_sativa_ssp_caerulea_landa,M_sativa_ssp_caerulea_landa_Chr08,20,0,0,0,0,0,76
9,M_sativa_ssp_caerulea_landa,M_sativa_ssp_caerulea_landa_Chr08,21,0,0,0,0,0,68
9,M_sativa_ssp_caerulea_landa,M_sativa_ssp_caerulea_landa_Chr08,22,0,0,0,0,0,69
9,M_sativa_ssp_caerulea_landa,M_sativa_ssp_caerulea_landa_Chr08,23,0,0,0,0,0,50
9,M_sativa_ssp_caerulea_landa,M_sativa_ssp_caerulea_landa_Chr08,24,0,0,0,0,0,73
9,M_sativa_ssp_caerulea_landa,M_sativa_ssp_caerulea_landa_Chr08,25,0,0,0,0,0,84
9,M_sativa_ssp_caerulea_landa,M_sativa_ssp_caerulea_landa_Chr08,26,0,0,0,0,0,59
9,M_sativa_ssp_caerulea_landa,M_sativa_ssp_caerulea_landa_Chr08,27,0,0,0,0,0,71
9,M_sativa_ssp_caerulea_landa,M_sativa_ssp_caerulea_landa_Chr08,28,0,0,0,0,0,77
9,M_sativa_ssp_caerulea_landa,M_sativa_ssp_caerulea_landa_Chr08,29,0,0,0,0,0,42
9,M_sativa_ssp_caerulea_landa,M_sativa_ssp_caerulea_landa_Chr08,30,0,0,0,0,0,34
9,M_sativa_ssp_caerulea_landa,M_sativa_ssp_caerulea_landa_Chr08,31,0,0,0,0,0,48
9,M_sativa_ssp_caerulea_landa,M_sativa_ssp_caerulea_landa_Chr08,32,0,0,0,0,0,40
9,M_sativa_ssp_caerulea_landa,M_sativa_ssp_caerulea_landa_Chr08,33,0,0,0,0,0,67
9,M_sativa_ssp_caerulea_landa,M_sativa_ssp_caerulea_landa_Chr08,34,0,0,0,0,0,63
9,M_sativa_ssp_caerulea_landa,M_sativa_ssp_caerulea_landa_Chr08,35,0,0,0,0,0,54
9,M_sativa_ssp_caerulea_landa,M_sativa_ssp_caerulea_landa_Chr08,36,0,0,0,0,0,40
9,M_sativa_ssp_caerulea_landa,M_sativa_ssp_caerulea_landa_Chr08,37,0,0,0,0,0,22
9,M_sativa_ssp_caerulea_landa,M_sativa_ssp_caerulea_landa_Chr08,38,0,0,0,0,0,37
9,M_sativa_ssp_caerulea_landa,M_sativa_ssp_caerulea_landa_Chr08,39,0,0,0,0,0,49
9,M_sativa_ssp_caerulea_landa,M_sativa_ssp_caerulea_landa_Chr08,40,0,0,0,0,0,37
9,M_sativa_ssp_caerulea_landa,M_sativa_ssp_caerulea_landa_Chr08,41,0,0,0,0,0,60
9,M_sativa_ssp_caerulea_landa,M_sativa_ssp_caerulea_landa_Chr08,42,0,0,0,0,0,63
9,M_sativa_ssp_caerulea_landa,M_sativa_ssp_caerulea_landa_Chr08,43,0,0,0,0,0,82
9,M_sativa_ssp_caerulea_landa,M_sativa_ssp_caerulea_landa_Chr08,44,0,0,0,0,0,55
9,M_sativa_ssp_caerulea_landa,M_sativa_ssp_caerulea_landa_Chr08,45,0,0,0,0,0,65
9,M_sativa_ssp_caerulea_landa,M_sativa_ssp_caerulea_landa_Chr08,46,0,0,0,0,0,65
9,M_sativa_ssp_caerulea_landa,M_sativa_ssp_caerulea_landa_Chr08,47,0,0,0,0,0,85
9,M_sativa_ssp_caerulea_landa,M_sativa_ssp_caerulea_landa_Chr08,48,0,0,0,0,0,77
9,M_sativa_ssp_caerulea_landa,M_sativa_ssp_caerulea_landa_Chr08,49,0,0,0,0,0,54
9,M_sativa_ssp_caerulea_landa,M_sativa_ssp_caerulea_landa_Chr08,50,0,0,0,0,0,73
9,M_sativa_ssp_caerulea_landa,M_sativa_ssp_caerulea_landa_Chr08,51,0,0,0,0,0,68
9,M_sativa_ssp_caerulea_landa,M_sativa_ssp_caerulea_landa_Chr08,52,26,4,7,2,0,76
9,M_sativa_ssp_caerulea_landa,M_sativa_ssp_caerulea_landa_Chr08,53,42,4,14,9,0,71
9,M_sativa_ssp_caerulea_landa,M_sativa_ssp_caerulea_landa_Chr08,54,46,6,11,9,0,72
9,M_sativa_ssp_caerulea_landa,M_sativa_ssp_caerulea_landa_Chr08,55,39,0,15,9,0,63
9,M_sativa_ssp_caerulea_landa,M_sativa_ssp_caerulea_landa_Chr08,56,62,4,7,8,0,81
9,M_sativa_ssp_caerulea_landa,M_sativa_ssp_caerulea_landa_Chr08,57,75,3,12,11,0,101
9,M_sativa_ssp_caerulea_landa,M_sativa_ssp_caerulea_landa_Chr08,58,60,5,13,13,0,91
9,M_sativa_ssp_caerulea_landa,M_sativa_ssp_caerulea_landa_Chr08,59,54,3,9,9,0,76
9,M_sativa_ssp_caerulea_landa,M_sativa_ssp_caerulea_landa_Chr08,60,49,3,8,6,0,66
9,M_sativa_ssp_caerulea_landa,M_sativa_ssp_caerulea_landa_Chr08,61,53,3,10,18,0,85
9,M_sativa_ssp_caerulea_landa,M_sativa_ssp_caerulea_landa_Chr08,62,56,4,12,12,0,84
9,M_sativa_ssp_caerulea_landa,M_sativa_ssp_caerulea_landa_Chr08,63,54,2,7,12,0,75
9,M_sativa_ssp_caerulea_landa,M_sativa_ssp_caerulea_landa_Chr08,64,60,7,6,16,0,89
9,M_sativa_ssp_caerulea_landa,M_sativa_ssp_caerulea_landa_Chr08,65,58,3,13,8,0,83
9,M_sativa_ssp_caerulea_landa,M_sativa_ssp_caerulea_landa_Chr08,66,64,11,8,13,0,96
9,M_sativa_ssp_caerulea_landa,M_sativa_ssp_caerulea_landa_Chr08,67,67,5,19,12,0,103
9,M_sativa_ssp_caerulea_landa,M_sativa_ssp_caerulea_landa_Chr08,68,53,1,19,17,0,90
9,M_sativa_ssp_caerulea_landa,M_sativa_ssp_caerulea_landa_Chr08,69,64,1,15,8,0,89
9,M_sativa_ssp_caerulea_landa,M_sativa_ssp_caerulea_landa_Chr08,70,73,3,21,11,0,108
9,M_sativa_ssp_caerulea_landa,M_sativa_ssp_caerulea_landa_Chr08,71,60,5,18,8,0,92
9,M_sativa_ssp_caerulea_landa,M_sativa_ssp_caerulea_landa_Chr08,72,40,4,15,12,0,71
9,M_sativa_ssp_caerulea_landa,M_sativa_ssp_caerulea_landa_Chr08,73,59,7,17,12,0,95
9,M_sativa_ssp_caerulea_landa,M_sativa_ssp_caerulea_landa_Chr08,74,61,5,7,9,0,82
9,M_sativa_ssp_caerulea_landa,M_sativa_ssp_caerulea_landa_Chr08,75,70,1,17,11,0,99
9,M_sativa_ssp_caerulea_landa,M_sativa_ssp_caerulea_landa_Chr08,76,74,2,16,11,0,103
9,M_sativa_ssp_caerulea_landa,M_sativa_ssp_caerulea_landa_Chr08,77,70,6,17,21,0,114
9,M_sativa_ssp_caerulea_landa,M_sativa_ssp_caerulea_landa_Chr08,78,64,2,13,10,0,89
9,M_sativa_ssp_caerulea_landa,M_sativa_ssp_caerulea_landa_Chr08,79,72,5,18,11,0,107
9,M_sativa_ssp_caerulea_landa,M_sativa_ssp_caerulea_landa_Chr08,80,61,9,21,8,0,99
9,M_sativa_ssp_caerulea_landa,M_sativa_ssp_caerulea_landa_Chr08,81,56,11,11,16,0,94
9,M_sativa_ssp_caerulea_landa,M_sativa_ssp_caerulea_landa_Chr08,82,35,7,24,10,0,76
9,M_sativa_ssp_caerulea_landa,M_sativa_ssp_caerulea_landa_Chr08,83,68,11,17,8,0,104
9,M_sativa_ssp_caerulea_landa,M_sativa_ssp_caerulea_landa_Chr08,84,65,9,12,6,0,92
9,M_sativa_ssp_caerulea_landa,M_sativa_ssp_caerulea_landa_Chr08,85,49,9,18,10,0,86
9,M_sativa_ssp_caerulea_landa,M_sativa_ssp_caerulea_landa_Chr08,86,5,0,1,3,0,9
10,M_sativa_ssp_caerulea_long,M_sativa_ssp_caerulea_long_Chr01,0,6,12,0,1,0,19
10,M_sativa_ssp_caerulea_long,M_sativa_ssp_caerulea_long_Chr01,1,28,18,7,2,0,55
10,M_sativa_ssp_caerulea_long,M_sativa_ssp_caerulea_long_Chr01,2,22,14,11,1,0,48
10,M_sativa_ssp_caerulea_long,M_sativa_ssp_caerulea_long_Chr01,3,48,23,12,4,0,87
10,M_sativa_ssp_caerulea_long,M_sativa_ssp_caerulea_long_Chr01,4,63,32,13,6,0,114
10,M_sativa_ssp_caerulea_long,M_sativa_ssp_caerulea_long_Chr01,5,51,6,40,2,0,99
10,M_sativa_ssp_caerulea_long,M_sativa_ssp_caerulea_long_Chr01,6,54,5,25,6,0,90
10,M_sativa_ssp_caerulea_long,M_sativa_ssp_caerulea_long_Chr01,7,43,21,29,5,0,98
10,M_sativa_ssp_caerulea_long,M_sativa_ssp_caerulea_long_Chr01,8,25,20,39,4,0,88
10,M_sativa_ssp_caerulea_long,M_sativa_ssp_caerulea_long_Chr01,9,39,18,25,4,0,86
10,M_sativa_ssp_caerulea_long,M_sativa_ssp_caerulea_long_Chr01,10,57,15,20,5,0,97
10,M_sativa_ssp_caerulea_long,M_sativa_ssp_caerulea_long_Chr01,11,62,13,15,9,0,99
10,M_sativa_ssp_caerulea_long,M_sativa_ssp_caerulea_long_Chr01,12,62,13,10,5,0,90
10,M_sativa_ssp_caerulea_long,M_sativa_ssp_caerulea_long_Chr01,13,47,18,16,5,0,86
10,M_sativa_ssp_caerulea_long,M_sativa_ssp_caerulea_long_Chr01,14,24,23,38,2,0,87
10,M_sativa_ssp_caerulea_long,M_sativa_ssp_caerulea_long_Chr01,15,34,26,10,2,0,72
10,M_sativa_ssp_caerulea_long,M_sativa_ssp_caerulea_long_Chr01,16,15,35,12,5,0,67
10,M_sativa_ssp_caerulea_long,M_sativa_ssp_caerulea_long_Chr01,17,16,35,22,3,0,76
10,M_sativa_ssp_caerulea_long,M_sativa_ssp_caerulea_long_Chr01,18,24,59,23,4,0,110
10,M_sativa_ssp_caerulea_long,M_sativa_ssp_caerulea_long_Chr01,19,40,38,6,2,0,86
10,M_sativa_ssp_caerulea_long,M_sativa_ssp_caerulea_long_Chr01,20,35,30,9,6,0,80
10,M_sativa_ssp_caerulea_long,M_sativa_ssp_caerulea_long_Chr01,21,16,44,6,5,0,71
10,M_sativa_ssp_caerulea_long,M_sativa_ssp_caerulea_long_Chr01,22,20,28,21,4,0,73
10,M_sativa_ssp_caerulea_long,M_sativa_ssp_caerulea_long_Chr01,23,34,16,28,8,0,86
10,M_sativa_ssp_caerulea_long,M_sativa_ssp_caerulea_long_Chr01,24,24,4,25,3,0,56
10,M_sativa_ssp_caerulea_long,M_sativa_ssp_caerulea_long_Chr01,25,19,17,37,2,0,75
10,M_sativa_ssp_caerulea_long,M_sativa_ssp_caerulea_long_Chr01,26,16,17,24,6,0,63
10,M_sativa_ssp_caerulea_long,M_sativa_ssp_caerulea_long_Chr01,27,24,21,12,2,0,59
10,M_sativa_ssp_caerulea_long,M_sativa_ssp_caerulea_long_Chr01,28,30,31,5,3,0,69
10,M_sativa_ssp_caerulea_long,M_sativa_ssp_caerulea_long_Chr01,29,35,20,3,7,0,65
10,M_sativa_ssp_caerulea_long,M_sativa_ssp_caerulea_long_Chr01,30,40,34,0,4,0,78
10,M_sativa_ssp_caerulea_long,M_sativa_ssp_caerulea_long_Chr01,31,36,31,4,6,0,77
10,M_sativa_ssp_caerulea_long,M_sativa_ssp_caerulea_long_Chr01,32,26,24,2,9,0,61
10,M_sativa_ssp_caerulea_long,M_sativa_ssp_caerulea_long_Chr01,33,34,37,7,3,0,81
10,M_sativa_ssp_caerulea_long,M_sativa_ssp_caerulea_long_Chr01,34,22,22,5,3,0,52
10,M_sativa_ssp_caerulea_long,M_sativa_ssp_caerulea_long_Chr01,35,34,24,6,6,0,70
10,M_sativa_ssp_caerulea_long,M_sativa_ssp_caerulea_long_Chr01,36,39,35,9,5,0,88
10,M_sativa_ssp_caerulea_long,M_sativa_ssp_caerulea_long_Chr01,37,26,26,2,3,0,57
10,M_sativa_ssp_caerulea_long,M_sativa_ssp_caerulea_long_Chr01,38,16,20,2,4,0,42
10,M_sativa_ssp_caerulea_long,M_sativa_ssp_caerulea_long_Chr01,39,33,35,7,3,0,78
10,M_sativa_ssp_caerulea_long,M_sativa_ssp_caerulea_long_Chr01,40,31,10,3,8,0,52
10,M_sativa_ssp_caerulea_long,M_sativa_ssp_caerulea_long_Chr01,41,19,18,4,7,0,48
10,M_sativa_ssp_caerulea_long,M_sativa_ssp_caerulea_long_Chr01,42,19,23,6,4,0,52
10,M_sativa_ssp_caerulea_long,M_sativa_ssp_caerulea_long_Chr01,43,21,15,2,2,0,40
10,M_sativa_ssp_caerulea_long,M_sativa_ssp_caerulea_long_Chr01,44,32,21,11,2,0,66
10,M_sativa_ssp_caerulea_long,M_sativa_ssp_caerulea_long_Chr01,45,28,23,5,2,0,58
10,M_sativa_ssp_caerulea_long,M_sativa_ssp_caerulea_long_Chr01,46,31,23,2,5,0,61
10,M_sativa_ssp_caerulea_long,M_sativa_ssp_caerulea_long_Chr01,47,24,18,3,5,0,50
10,M_sativa_ssp_caerulea_long,M_sativa_ssp_caerulea_long_Chr01,48,18,27,1,4,0,50
10,M_sativa_ssp_caerulea_long,M_sativa_ssp_caerulea_long_Chr01,49,31,28,5,7,0,71
10,M_sativa_ssp_caerulea_long,M_sativa_ssp_caerulea_long_Chr01,50,13,37,4,8,0,62
10,M_sativa_ssp_caerulea_long,M_sativa_ssp_caerulea_long_Chr01,51,13,34,4,4,0,55
10,M_sativa_ssp_caerulea_long,M_sativa_ssp_caerulea_long_Chr01,52,26,28,4,1,0,59
10,M_sativa_ssp_caerulea_long,M_sativa_ssp_caerulea_long_Chr01,53,31,32,2,1,0,66
10,M_sativa_ssp_caerulea_long,M_sativa_ssp_caerulea_long_Chr01,54,28,35,11,4,0,78
10,M_sativa_ssp_caerulea_long,M_sativa_ssp_caerulea_long_Chr01,55,17,32,4,0,0,53
10,M_sativa_ssp_caerulea_long,M_sativa_ssp_caerulea_long_Chr01,56,23,60,6,5,0,94
10,M_sativa_ssp_caerulea_long,M_sativa_ssp_caerulea_long_Chr01,57,16,32,2,6,0,56
10,M_sativa_ssp_caerulea_long,M_sativa_ssp_caerulea_long_Chr01,58,40,42,12,6,0,100
10,M_sativa_ssp_caerulea_long,M_sativa_ssp_caerulea_long_Chr01,59,26,53,10,7,0,96
10,M_sativa_ssp_caerulea_long,M_sativa_ssp_caerulea_long_Chr01,60,29,41,6,7,0,83
10,M_sativa_ssp_caerulea_long,M_sativa_ssp_caerulea_long_Chr01,61,36,48,6,3,0,93
10,M_sativa_ssp_caerulea_long,M_sativa_ssp_caerulea_long_Chr01,62,20,34,9,7,0,70
10,M_sativa_ssp_caerulea_long,M_sativa_ssp_caerulea_long_Chr01,63,26,41,4,3,0,74
10,M_sativa_ssp_caerulea_long,M_sativa_ssp_caerulea_long_Chr01,64,20,50,8,4,0,82
10,M_sativa_ssp_caerulea_long,M_sativa_ssp_caerulea_long_Chr01,65,38,38,6,1,0,83
10,M_sativa_ssp_caerulea_long,M_sativa_ssp_caerulea_long_Chr01,66,37,40,10,12,0,99
10,M_sativa_ssp_caerulea_long,M_sativa_ssp_caerulea_long_Chr01,67,22,48,6,8,0,84
10,M_sativa_ssp_caerulea_long,M_sativa_ssp_caerulea_long_Chr01,68,37,42,4,6,0,89
10,M_sativa_ssp_caerulea_long,M_sativa_ssp_caerulea_long_Chr01,69,44,32,4,5,0,85
10,M_sativa_ssp_caerulea_long,M_sativa_ssp_caerulea_long_Chr01,70,36,51,7,3,0,97
10,M_sativa_ssp_caerulea_long,M_sativa_ssp_caerulea_long_Chr01,71,37,58,7,4,0,106
10,M_sativa_ssp_caerulea_long,M_sativa_ssp_caerulea_long_Chr01,72,41,55,10,6,0,112
10,M_sativa_ssp_caerulea_long,M_sativa_ssp_caerulea_long_Chr01,73,33,49,3,7,0,92
10,M_sativa_ssp_caerulea_long,M_sativa_ssp_caerulea_long_Chr01,74,37,50,7,5,0,99
10,M_sativa_ssp_caerulea_long,M_sativa_ssp_caerulea_long_Chr01,75,40,58,7,3,0,108
10,M_sativa_ssp_caerulea_long,M_sativa_ssp_caerulea_long_Chr01,76,44,38,9,3,0,94
10,M_sativa_ssp_caerulea_long,M_sativa_ssp_caerulea_long_Chr01,77,40,40,10,2,0,92
10,M_sativa_ssp_caerulea_long,M_sativa_ssp_caerulea_long_Chr01,78,37,45,10,4,0,96
10,M_sativa_ssp_caerulea_long,M_sativa_ssp_caerulea_long_Chr01,79,40,33,14,6,0,93
10,M_sativa_ssp_caerulea_long,M_sativa_ssp_caerulea_long_Chr01,80,36,42,10,6,0,94
10,M_sativa_ssp_caerulea_long,M_sativa_ssp_caerulea_long_Chr01,81,29,28,15,11,0,83
10,M_sativa_ssp_caerulea_long,M_sativa_ssp_caerulea_long_Chr01,82,44,52,14,10,0,120
10,M_sativa_ssp_caerulea_long,M_sativa_ssp_caerulea_long_Chr01,83,44,44,10,4,0,102
10,M_sativa_ssp_caerulea_long,M_sativa_ssp_caerulea_long_Chr01,84,47,42,16,10,0,115
10,M_sativa_ssp_caerulea_long,M_sativa_ssp_caerulea_long_Chr01,85,44,41,10,6,0,101
10,M_sativa_ssp_caerulea_long,M_sativa_ssp_caerulea_long_Chr01,86,50,34,5,3,0,92
10,M_sativa_ssp_caerulea_long,M_sativa_ssp_caerulea_long_Chr01,87,46,45,9,7,0,107
10,M_sativa_ssp_caerulea_long,M_sativa_ssp_caerulea_long_Chr01,88,56,39,8,3,0,106
10,M_sativa_ssp_caerulea_long,M_sativa_ssp_caerulea_long_Chr01,89,39,51,5,5,0,100
10,M_sativa_ssp_caerulea_long,M_sativa_ssp_caerulea_long_Chr01,90,51,46,7,2,0,106
10,M_sativa_ssp_caerulea_long,M_sativa_ssp_caerulea_long_Chr01,91,63,35,13,9,0,120
10,M_sativa_ssp_caerulea_long,M_sativa_ssp_caerulea_long_Chr01,92,65,32,9,5,0,111
10,M_sativa_ssp_caerulea_long,M_sativa_ssp_caerulea_long_Chr01,93,31,14,11,2,0,58
10,M_sativa_ssp_caerulea_long,M_sativa_ssp_caerulea_long_Chr02,0,28,8,6,1,0,43
10,M_sativa_ssp_caerulea_long,M_sativa_ssp_caerulea_long_Chr02,1,66,22,21,3,0,112
10,M_sativa_ssp_caerulea_long,M_sativa_ssp_caerulea_long_Chr02,2,64,11,28,5,0,108
10,M_sativa_ssp_caerulea_long,M_sativa_ssp_caerulea_long_Chr02,3,50,35,9,7,0,101
10,M_sativa_ssp_caerulea_long,M_sativa_ssp_caerulea_long_Chr02,4,45,26,13,10,0,94
10,M_sativa_ssp_caerulea_long,M_sativa_ssp_caerulea_long_Chr02,5,29,52,18,5,0,104
10,M_sativa_ssp_caerulea_long,M_sativa_ssp_caerulea_long_Chr02,6,20,28,44,3,0,95
10,M_sativa_ssp_caerulea_long,M_sativa_ssp_caerulea_long_Chr02,7,39,42,17,4,0,102
10,M_sativa_ssp_caerulea_long,M_sativa_ssp_caerulea_long_Chr02,8,48,22,31,4,0,105
10,M_sativa_ssp_caerulea_long,M_sativa_ssp_caerulea_long_Chr02,9,35,13,34,6,0,88
10,M_sativa_ssp_caerulea_long,M_sativa_ssp_caerulea_long_Chr02,10,47,16,26,1,0,90
10,M_sativa_ssp_caerulea_long,M_sativa_ssp_caerulea_long_Chr02,11,49,24,9,3,0,85
10,M_sativa_ssp_caerulea_long,M_sativa_ssp_caerulea_long_Chr02,12,48,15,3,2,0,68
10,M_sativa_ssp_caerulea_long,M_sativa_ssp_caerulea_long_Chr02,13,64,14,4,3,0,85
10,M_sativa_ssp_caerulea_long,M_sativa_ssp_caerulea_long_Chr02,14,71,7,2,1,0,81
10,M_sativa_ssp_caerulea_long,M_sativa_ssp_caerulea_long_Chr02,15,59,8,6,5,0,78
10,M_sativa_ssp_caerulea_long,M_sativa_ssp_caerulea_long_Chr02,16,68,6,5,5,0,84
10,M_sativa_ssp_caerulea_long,M_sativa_ssp_caerulea_long_Chr02,17,61,17,9,9,0,96
10,M_sativa_ssp_caerulea_long,M_sativa_ssp_caerulea_long_Chr02,18,57,8,8,9,0,82
10,M_sativa_ssp_caerulea_long,M_sativa_ssp_caerulea_long_Chr02,19,45,9,2,0,0,56
10,M_sativa_ssp_caerulea_long,M_sativa_ssp_caerulea_long_Chr02,20,61,9,6,4,0,80
10,M_sativa_ssp_caerulea_long,M_sativa_ssp_caerulea_long_Chr02,21,50,17,6,2,0,75
10,M_sativa_ssp_caerulea_long,M_sativa_ssp_caerulea_long_Chr02,22,73,10,10,4,0,97
10,M_sativa_ssp_caerulea_long,M_sativa_ssp_caerulea_long_Chr02,23,54,14,8,3,0,79
10,M_sativa_ssp_caerulea_long,M_sativa_ssp_caerulea_long_Chr02,24,38,18,3,5,0,64
10,M_sativa_ssp_caerulea_long,M_sativa_ssp_caerulea_long_Chr02,25,27,17,5,3,0,52
10,M_sativa_ssp_caerulea_long,M_sativa_ssp_caerulea_long_Chr02,26,40,10,8,5,0,63
10,M_sativa_ssp_caerulea_long,M_sativa_ssp_caerulea_long_Chr02,27,43,18,4,1,0,66
10,M_sativa_ssp_caerulea_long,M_sativa_ssp_caerulea_long_Chr02,28,48,13,7,5,0,73
10,M_sativa_ssp_caerulea_long,M_sativa_ssp_caerulea_long_Chr02,29,19,12,2,7,0,40
10,M_sativa_ssp_caerulea_long,M_sativa_ssp_caerulea_long_Chr02,30,51,11,2,3,0,67
10,M_sativa_ssp_caerulea_long,M_sativa_ssp_caerulea_long_Chr02,31,43,13,3,2,0,61
10,M_sativa_ssp_caerulea_long,M_sativa_ssp_caerulea_long_Chr02,32,22,18,6,3,0,49
10,M_sativa_ssp_caerulea_long,M_sativa_ssp_caerulea_long_Chr02,33,38,19,6,1,0,64
10,M_sativa_ssp_caerulea_long,M_sativa_ssp_caerulea_long_Chr02,34,46,8,6,4,0,64
10,M_sativa_ssp_caerulea_long,M_sativa_ssp_caerulea_long_Chr02,35,24,8,3,2,0,37
10,M_sativa_ssp_caerulea_long,M_sativa_ssp_caerulea_long_Chr02,36,40,19,7,6,0,72
10,M_sativa_ssp_caerulea_long,M_sativa_ssp_caerulea_long_Chr02,37,31,13,8,4,0,56
10,M_sativa_ssp_caerulea_long,M_sativa_ssp_caerulea_long_Chr02,38,44,10,5,2,0,61
10,M_sativa_ssp_caerulea_long,M_sativa_ssp_caerulea_long_Chr02,39,29,6,3,2,0,40
10,M_sativa_ssp_caerulea_long,M_sativa_ssp_caerulea_long_Chr02,40,39,18,9,2,0,68
10,M_sativa_ssp_caerulea_long,M_sativa_ssp_caerulea_long_Chr02,41,40,16,6,4,0,66
10,M_sativa_ssp_caerulea_long,M_sativa_ssp_caerulea_long_Chr02,42,35,4,5,1,0,45
10,M_sativa_ssp_caerulea_long,M_sativa_ssp_caerulea_long_Chr02,43,13,2,1,0,0,16
10,M_sativa_ssp_caerulea_long,M_sativa_ssp_caerulea_long_Chr02,44,46,7,5,4,0,62
10,M_sativa_ssp_caerulea_long,M_sativa_ssp_caerulea_long_Chr02,45,33,20,2,4,0,59
10,M_sativa_ssp_caerulea_long,M_sativa_ssp_caerulea_long_Chr02,46,42,11,6,1,0,60
10,M_sativa_ssp_caerulea_long,M_sativa_ssp_caerulea_long_Chr02,47,31,17,6,5,0,59
10,M_sativa_ssp_caerulea_long,M_sativa_ssp_caerulea_long_Chr02,48,50,20,2,5,0,77
10,M_sativa_ssp_caerulea_long,M_sativa_ssp_caerulea_long_Chr02,49,64,24,6,5,0,99
10,M_sativa_ssp_caerulea_long,M_sativa_ssp_caerulea_long_Chr02,50,30,24,5,5,0,64
10,M_sativa_ssp_caerulea_long,M_sativa_ssp_caerulea_long_Chr02,51,37,23,3,3,0,66
10,M_sativa_ssp_caerulea_long,M_sativa_ssp_caerulea_long_Chr02,52,30,27,5,3,0,65
10,M_sativa_ssp_caerulea_long,M_sativa_ssp_caerulea_long_Chr02,53,23,26,4,3,0,56
10,M_sativa_ssp_caerulea_long,M_sativa_ssp_caerulea_long_Chr02,54,34,20,3,6,0,63
10,M_sativa_ssp_caerulea_long,M_sativa_ssp_caerulea_long_Chr02,55,38,26,9,4,0,77
10,M_sativa_ssp_caerulea_long,M_sativa_ssp_caerulea_long_Chr02,56,41,25,7,3,0,76
10,M_sativa_ssp_caerulea_long,M_sativa_ssp_caerulea_long_Chr02,57,27,17,11,2,0,57
10,M_sativa_ssp_caerulea_long,M_sativa_ssp_caerulea_long_Chr02,58,32,26,5,5,0,68
10,M_sativa_ssp_caerulea_long,M_sativa_ssp_caerulea_long_Chr02,59,41,18,5,2,0,66
10,M_sativa_ssp_caerulea_long,M_sativa_ssp_caerulea_long_Chr02,60,25,20,9,5,0,59
10,M_sativa_ssp_caerulea_long,M_sativa_ssp_caerulea_long_Chr02,61,33,31,5,5,0,74
10,M_sativa_ssp_caerulea_long,M_sativa_ssp_caerulea_long_Chr02,62,37,15,8,0,0,60
10,M_sativa_ssp_caerulea_long,M_sativa_ssp_caerulea_long_Chr02,63,32,32,17,8,0,89
10,M_sativa_ssp_caerulea_long,M_sativa_ssp_caerulea_long_Chr02,64,42,30,11,6,0,89
10,M_sativa_ssp_caerulea_long,M_sativa_ssp_caerulea_long_Chr02,65,30,9,7,1,0,47
10,M_sativa_ssp_caerulea_long,M_sativa_ssp_caerulea_long_Chr02,66,44,32,9,3,0,88
10,M_sativa_ssp_caerulea_long,M_sativa_ssp_caerulea_long_Chr02,67,27,32,11,6,0,76
10,M_sativa_ssp_caerulea_long,M_sativa_ssp_caerulea_long_Chr02,68,44,26,11,1,0,82
10,M_sativa_ssp_caerulea_long,M_sativa_ssp_caerulea_long_Chr02,69,32,41,5,5,0,83
10,M_sativa_ssp_caerulea_long,M_sativa_ssp_caerulea_long_Chr02,70,30,33,8,6,0,77
10,M_sativa_ssp_caerulea_long,M_sativa_ssp_caerulea_long_Chr02,71,30,35,11,7,0,83
10,M_sativa_ssp_caerulea_long,M_sativa_ssp_caerulea_long_Chr02,72,47,38,9,5,0,99
10,M_sativa_ssp_caerulea_long,M_sativa_ssp_caerulea_long_Chr02,73,30,54,7,3,0,94
10,M_sativa_ssp_caerulea_long,M_sativa_ssp_caerulea_long_Chr02,74,38,37,17,8,0,100
10,M_sativa_ssp_caerulea_long,M_sativa_ssp_caerulea_long_Chr02,75,45,47,9,6,0,107
10,M_sativa_ssp_caerulea_long,M_sativa_ssp_caerulea_long_Chr02,76,49,41,9,4,0,103
10,M_sativa_ssp_caerulea_long,M_sativa_ssp_caerulea_long_Chr02,77,57,51,6,2,0,116
10,M_sativa_ssp_caerulea_long,M_sativa_ssp_caerulea_long_Chr02,78,48,32,5,6,0,91
10,M_sativa_ssp_caerulea_long,M_sativa_ssp_caerulea_long_Chr02,79,44,33,13,2,0,92
10,M_sativa_ssp_caerulea_long,M_sativa_ssp_caerulea_long_Chr02,80,41,53,10,3,0,107
10,M_sativa_ssp_caerulea_long,M_sativa_ssp_caerulea_long_Chr02,81,49,24,8,5,0,86
10,M_sativa_ssp_caerulea_long,M_sativa_ssp_caerulea_long_Chr02,82,22,25,7,3,0,57
10,M_sativa_ssp_caerulea_long,M_sativa_ssp_caerulea_long_Chr02,83,3,1,0,0,0,4
10,M_sativa_ssp_caerulea_long,M_sativa_ssp_caerulea_long_Chr02,84,0,1,0,0,0,1
10,M_sativa_ssp_caerulea_long,M_sativa_ssp_caerulea_long_Chr03,0,5,3,0,3,0,11
10,M_sativa_ssp_caerulea_long,M_sativa_ssp_caerulea_long_Chr03,1,16,19,4,1,0,40
10,M_sativa_ssp_caerulea_long,M_sativa_ssp_caerulea_long_Chr03,2,56,20,7,1,0,84
10,M_sativa_ssp_caerulea_long,M_sativa_ssp_caerulea_long_Chr03,3,41,21,8,1,0,71
10,M_sativa_ssp_caerulea_long,M_sativa_ssp_caerulea_long_Chr03,4,51,27,7,10,0,95
10,M_sativa_ssp_caerulea_long,M_sativa_ssp_caerulea_long_Chr03,5,27,31,6,3,0,67
10,M_sativa_ssp_caerulea_long,M_sativa_ssp_caerulea_long_Chr03,6,38,31,9,4,0,82
10,M_sativa_ssp_caerulea_long,M_sativa_ssp_caerulea_long_Chr03,7,26,9,2,4,0,41
10,M_sativa_ssp_caerulea_long,M_sativa_ssp_caerulea_long_Chr03,8,37,19,11,3,0,70
10,M_sativa_ssp_caerulea_long,M_sativa_ssp_caerulea_long_Chr03,9,38,22,10,7,0,77
10,M_sativa_ssp_caerulea_long,M_sativa_ssp_caerulea_long_Chr03,10,28,14,7,4,0,53
10,M_sativa_ssp_caerulea_long,M_sativa_ssp_caerulea_long_Chr03,11,47,16,3,4,0,70
10,M_sativa_ssp_caerulea_long,M_sativa_ssp_caerulea_long_Chr03,12,39,21,8,3,0,71
10,M_sativa_ssp_caerulea_long,M_sativa_ssp_caerulea_long_Chr03,13,37,31,5,3,0,76
10,M_sativa_ssp_caerulea_long,M_sativa_ssp_caerulea_long_Chr03,14,50,16,7,5,0,78
10,M_sativa_ssp_caerulea_long,M_sativa_ssp_caerulea_long_Chr03,15,38,16,6,2,0,62
10,M_sativa_ssp_caerulea_long,M_sativa_ssp_caerulea_long_Chr03,16,22,8,4,2,0,36
10,M_sativa_ssp_caerulea_long,M_sativa_ssp_caerulea_long_Chr03,17,16,11,1,3,0,31
10,M_sativa_ssp_caerulea_long,M_sativa_ssp_caerulea_long_Chr03,18,28,46,8,8,0,90
10,M_sativa_ssp_caerulea_long,M_sativa_ssp_caerulea_long_Chr03,19,29,19,2,7,0,57
10,M_sativa_ssp_caerulea_long,M_sativa_ssp_caerulea_long_Chr03,20,31,11,6,3,0,51
10,M_sativa_ssp_caerulea_long,M_sativa_ssp_caerulea_long_Chr03,21,25,23,6,6,0,60
10,M_sativa_ssp_caerulea_long,M_sativa_ssp_caerulea_long_Chr03,22,37,16,6,3,0,62
10,M_sativa_ssp_caerulea_long,M_sativa_ssp_caerulea_long_Chr03,23,35,20,7,3,0,65
10,M_sativa_ssp_caerulea_long,M_sativa_ssp_caerulea_long_Chr03,24,34,5,4,3,0,46
10,M_sativa_ssp_caerulea_long,M_sativa_ssp_caerulea_long_Chr03,25,31,19,1,2,0,53
10,M_sativa_ssp_caerulea_long,M_sativa_ssp_caerulea_long_Chr03,26,31,20,7,3,0,61
10,M_sativa_ssp_caerulea_long,M_sativa_ssp_caerulea_long_Chr03,27,31,22,2,6,0,61
10,M_sativa_ssp_caerulea_long,M_sativa_ssp_caerulea_long_Chr03,28,34,27,0,5,0,66
10,M_sativa_ssp_caerulea_long,M_sativa_ssp_caerulea_long_Chr03,29,32,19,2,2,0,55
10,M_sativa_ssp_caerulea_long,M_sativa_ssp_caerulea_long_Chr03,30,34,16,6,1,0,57
10,M_sativa_ssp_caerulea_long,M_sativa_ssp_caerulea_long_Chr03,31,46,12,5,3,0,66
10,M_sativa_ssp_caerulea_long,M_sativa_ssp_caerulea_long_Chr03,32,29,21,7,4,0,61
10,M_sativa_ssp_caerulea_long,M_sativa_ssp_caerulea_long_Chr03,33,26,14,2,2,0,44
10,M_sativa_ssp_caerulea_long,M_sativa_ssp_caerulea_long_Chr03,34,35,14,4,4,0,57
10,M_sativa_ssp_caerulea_long,M_sativa_ssp_caerulea_long_Chr03,35,34,19,4,7,0,64
10,M_sativa_ssp_caerulea_long,M_sativa_ssp_caerulea_long_Chr03,36,25,11,3,6,0,45
10,M_sativa_ssp_caerulea_long,M_sativa_ssp_caerulea_long_Chr03,37,31,18,6,1,0,56
10,M_sativa_ssp_caerulea_long,M_sativa_ssp_caerulea_long_Chr03,38,28,18,4,6,0,56
10,M_sativa_ssp_caerulea_long,M_sativa_ssp_caerulea_long_Chr03,39,51,5,6,5,0,67
10,M_sativa_ssp_caerulea_long,M_sativa_ssp_caerulea_long_Chr03,40,28,12,4,2,0,46
10,M_sativa_ssp_caerulea_long,M_sativa_ssp_caerulea_long_Chr03,41,36,13,11,4,0,64
10,M_sativa_ssp_caerulea_long,M_sativa_ssp_caerulea_long_Chr03,42,27,7,2,1,0,37
10,M_sativa_ssp_caerulea_long,M_sativa_ssp_caerulea_long_Chr03,43,19,3,3,1,0,26
10,M_sativa_ssp_caerulea_long,M_sativa_ssp_caerulea_long_Chr03,44,28,15,4,3,0,50
10,M_sativa_ssp_caerulea_long,M_sativa_ssp_caerulea_long_Chr03,45,19,3,4,1,0,27
10,M_sativa_ssp_caerulea_long,M_sativa_ssp_caerulea_long_Chr03,46,28,17,3,0,0,48
10,M_sativa_ssp_caerulea_long,M_sativa_ssp_caerulea_long_Chr03,47,22,21,6,0,0,49
10,M_sativa_ssp_caerulea_long,M_sativa_ssp_caerulea_long_Chr03,48,26,22,6,3,0,57
10,M_sativa_ssp_caerulea_long,M_sativa_ssp_caerulea_long_Chr03,49,29,13,5,5,0,52
10,M_sativa_ssp_caerulea_long,M_sativa_ssp_caerulea_long_Chr03,50,34,13,2,2,0,51
10,M_sativa_ssp_caerulea_long,M_sativa_ssp_caerulea_long_Chr03,51,45,12,2,5,0,64
10,M_sativa_ssp_caerulea_long,M_sativa_ssp_caerulea_long_Chr03,52,21,17,6,1,0,45
10,M_sativa_ssp_caerulea_long,M_sativa_ssp_caerulea_long_Chr03,53,29,12,2,1,0,44
10,M_sativa_ssp_caerulea_long,M_sativa_ssp_caerulea_long_Chr03,54,30,9,8,2,0,49
10,M_sativa_ssp_caerulea_long,M_sativa_ssp_caerulea_long_Chr03,55,35,18,5,7,0,65
10,M_sativa_ssp_caerulea_long,M_sativa_ssp_caerulea_long_Chr03,56,35,21,10,4,0,70
10,M_sativa_ssp_caerulea_long,M_sativa_ssp_caerulea_long_Chr03,57,34,29,11,3,0,77
10,M_sativa_ssp_caerulea_long,M_sativa_ssp_caerulea_long_Chr03,58,31,25,4,2,0,62
10,M_sativa_ssp_caerulea_long,M_sativa_ssp_caerulea_long_Chr03,59,36,16,3,2,0,57
10,M_sativa_ssp_caerulea_long,M_sativa_ssp_caerulea_long_Chr03,60,22,21,3,3,0,49
10,M_sativa_ssp_caerulea_long,M_sativa_ssp_caerulea_long_Chr03,61,23,10,12,5,0,50
10,M_sativa_ssp_caerulea_long,M_sativa_ssp_caerulea_long_Chr03,62,21,22,5,4,0,52
10,M_sativa_ssp_caerulea_long,M_sativa_ssp_caerulea_long_Chr03,63,45,9,4,2,0,60
10,M_sativa_ssp_caerulea_long,M_sativa_ssp_caerulea_long_Chr03,64,64,15,5,5,0,89
10,M_sativa_ssp_caerulea_long,M_sativa_ssp_caerulea_long_Chr03,65,39,29,9,4,0,81
10,M_sativa_ssp_caerulea_long,M_sativa_ssp_caerulea_long_Chr03,66,22,38,7,5,0,72
10,M_sativa_ssp_caerulea_long,M_sativa_ssp_caerulea_long_Chr03,67,23,26,9,6,0,64
10,M_sativa_ssp_caerulea_long,M_sativa_ssp_caerulea_long_Chr03,68,33,35,14,7,0,89
10,M_sativa_ssp_caerulea_long,M_sativa_ssp_caerulea_long_Chr03,69,32,18,5,1,0,56
10,M_sativa_ssp_caerulea_long,M_sativa_ssp_caerulea_long_Chr03,70,40,13,11,4,0,68
10,M_sativa_ssp_caerulea_long,M_sativa_ssp_caerulea_long_Chr03,71,21,7,6,0,0,34
10,M_sativa_ssp_caerulea_long,M_sativa_ssp_caerulea_long_Chr03,72,43,16,9,7,0,75
10,M_sativa_ssp_caerulea_long,M_sativa_ssp_caerulea_long_Chr03,73,57,25,12,8,0,102
10,M_sativa_ssp_caerulea_long,M_sativa_ssp_caerulea_long_Chr03,74,39,19,9,6,0,73
10,M_sativa_ssp_caerulea_long,M_sativa_ssp_caerulea_long_Chr03,75,30,23,7,3,0,63
10,M_sativa_ssp_caerulea_long,M_sativa_ssp_caerulea_long_Chr03,76,40,29,8,5,0,82
10,M_sativa_ssp_caerulea_long,M_sativa_ssp_caerulea_long_Chr03,77,34,44,10,4,0,92
10,M_sativa_ssp_caerulea_long,M_sativa_ssp_caerulea_long_Chr03,78,36,52,16,3,0,107
10,M_sativa_ssp_caerulea_long,M_sativa_ssp_caerulea_long_Chr03,79,32,32,12,3,0,79
10,M_sativa_ssp_caerulea_long,M_sativa_ssp_caerulea_long_Chr03,80,45,22,27,3,0,97
10,M_sativa_ssp_caerulea_long,M_sativa_ssp_caerulea_long_Chr03,81,52,26,11,5,0,94
10,M_sativa_ssp_caerulea_long,M_sativa_ssp_caerulea_long_Chr03,82,58,23,8,6,0,95
10,M_sativa_ssp_caerulea_long,M_sativa_ssp_caerulea_long_Chr03,83,58,30,19,15,0,122
10,M_sativa_ssp_caerulea_long,M_sativa_ssp_caerulea_long_Chr03,84,45,32,8,3,0,88
10,M_sativa_ssp_caerulea_long,M_sativa_ssp_caerulea_long_Chr03,85,42,53,18,4,0,117
10,M_sativa_ssp_caerulea_long,M_sativa_ssp_caerulea_long_Chr03,86,39,27,20,7,0,93
10,M_sativa_ssp_caerulea_long,M_sativa_ssp_caerulea_long_Chr03,87,44,27,26,5,0,102
10,M_sativa_ssp_caerulea_long,M_sativa_ssp_caerulea_long_Chr03,88,73,30,16,7,0,126
10,M_sativa_ssp_caerulea_long,M_sativa_ssp_caerulea_long_Chr03,89,48,19,6,3,0,76
10,M_sativa_ssp_caerulea_long,M_sativa_ssp_caerulea_long_Chr03,90,54,30,15,2,0,101
10,M_sativa_ssp_caerulea_long,M_sativa_ssp_caerulea_long_Chr03,91,43,46,9,6,0,104
10,M_sativa_ssp_caerulea_long,M_sativa_ssp_caerulea_long_Chr03,92,59,31,26,4,0,120
10,M_sativa_ssp_caerulea_long,M_sativa_ssp_caerulea_long_Chr03,93,43,38,20,4,0,105
10,M_sativa_ssp_caerulea_long,M_sativa_ssp_caerulea_long_Chr03,94,53,30,25,5,0,113
10,M_sativa_ssp_caerulea_long,M_sativa_ssp_caerulea_long_Chr03,95,49,30,15,9,0,103
10,M_sativa_ssp_caerulea_long,M_sativa_ssp_caerulea_long_Chr03,96,69,17,12,4,0,102
10,M_sativa_ssp_caerulea_long,M_sativa_ssp_caerulea_long_Chr03,97,66,21,16,2,0,105
10,M_sativa_ssp_caerulea_long,M_sativa_ssp_caerulea_long_Chr03,98,58,30,14,5,0,107
10,M_sativa_ssp_caerulea_long,M_sativa_ssp_caerulea_long_Chr03,99,46,38,14,2,0,100
10,M_sativa_ssp_caerulea_long,M_sativa_ssp_caerulea_long_Chr03,100,57,28,15,6,0,106
10,M_sativa_ssp_caerulea_long,M_sativa_ssp_caerulea_long_Chr03,101,59,33,24,2,0,118
10,M_sativa_ssp_caerulea_long,M_sativa_ssp_caerulea_long_Chr03,102,69,25,24,7,0,125
10,M_sativa_ssp_caerulea_long,M_sativa_ssp_caerulea_long_Chr03,103,64,22,12,8,0,106
10,M_sativa_ssp_caerulea_long,M_sativa_ssp_caerulea_long_Chr03,104,83,18,14,2,0,117
10,M_sativa_ssp_caerulea_long,M_sativa_ssp_caerulea_long_Chr03,105,74,22,9,7,0,112
10,M_sativa_ssp_caerulea_long,M_sativa_ssp_caerulea_long_Chr03,106,62,23,19,2,0,106
10,M_sativa_ssp_caerulea_long,M_sativa_ssp_caerulea_long_Chr03,107,68,33,12,5,0,118
10,M_sativa_ssp_caerulea_long,M_sativa_ssp_caerulea_long_Chr03,108,25,16,4,0,0,45
10,M_sativa_ssp_caerulea_long,M_sativa_ssp_caerulea_long_Chr03,109,0,2,2,1,0,5
10,M_sativa_ssp_caerulea_long,M_sativa_ssp_caerulea_long_Chr04,0,4,1,0,0,0,5
10,M_sativa_ssp_caerulea_long,M_sativa_ssp_caerulea_long_Chr04,1,23,14,2,2,0,41
10,M_sativa_ssp_caerulea_long,M_sativa_ssp_caerulea_long_Chr04,2,34,13,7,3,0,57
10,M_sativa_ssp_caerulea_long,M_sativa_ssp_caerulea_long_Chr04,3,46,24,8,3,0,81
10,M_sativa_ssp_caerulea_long,M_sativa_ssp_caerulea_long_Chr04,4,39,19,4,3,0,65
10,M_sativa_ssp_caerulea_long,M_sativa_ssp_caerulea_long_Chr04,5,48,24,12,6,0,90
10,M_sativa_ssp_caerulea_long,M_sativa_ssp_caerulea_long_Chr04,6,55,9,8,4,0,76
10,M_sativa_ssp_caerulea_long,M_sativa_ssp_caerulea_long_Chr04,7,45,17,7,2,0,71
10,M_sativa_ssp_caerulea_long,M_sativa_ssp_caerulea_long_Chr04,8,40,15,6,5,0,66
10,M_sativa_ssp_caerulea_long,M_sativa_ssp_caerulea_long_Chr04,9,39,16,4,6,0,65
10,M_sativa_ssp_caerulea_long,M_sativa_ssp_caerulea_long_Chr04,10,52,25,9,5,0,91
10,M_sativa_ssp_caerulea_long,M_sativa_ssp_caerulea_long_Chr04,11,59,30,8,3,0,100
10,M_sativa_ssp_caerulea_long,M_sativa_ssp_caerulea_long_Chr04,12,67,12,7,2,0,88
10,M_sativa_ssp_caerulea_long,M_sativa_ssp_caerulea_long_Chr04,13,53,30,8,0,0,91
10,M_sativa_ssp_caerulea_long,M_sativa_ssp_caerulea_long_Chr04,14,29,9,5,4,0,47
10,M_sativa_ssp_caerulea_long,M_sativa_ssp_caerulea_long_Chr04,15,38,17,14,3,0,72
10,M_sativa_ssp_caerulea_long,M_sativa_ssp_caerulea_long_Chr04,16,38,16,18,6,0,78
10,M_sativa_ssp_caerulea_long,M_sativa_ssp_caerulea_long_Chr04,17,38,9,5,5,0,57
10,M_sativa_ssp_caerulea_long,M_sativa_ssp_caerulea_long_Chr04,18,47,24,8,6,0,85
10,M_sativa_ssp_caerulea_long,M_sativa_ssp_caerulea_long_Chr04,19,60,17,7,4,0,88
10,M_sativa_ssp_caerulea_long,M_sativa_ssp_caerulea_long_Chr04,20,51,22,9,5,0,87
10,M_sativa_ssp_caerulea_long,M_sativa_ssp_caerulea_long_Chr04,21,36,22,17,2,0,77
10,M_sativa_ssp_caerulea_long,M_sativa_ssp_caerulea_long_Chr04,22,39,15,8,2,0,64
10,M_sativa_ssp_caerulea_long,M_sativa_ssp_caerulea_long_Chr04,23,35,20,5,3,0,63
10,M_sativa_ssp_caerulea_long,M_sativa_ssp_caerulea_long_Chr04,24,34,9,10,1,0,54
10,M_sativa_ssp_caerulea_long,M_sativa_ssp_caerulea_long_Chr04,25,52,15,6,9,0,82
10,M_sativa_ssp_caerulea_long,M_sativa_ssp_caerulea_long_Chr04,26,28,20,9,9,0,66
10,M_sativa_ssp_caerulea_long,M_sativa_ssp_caerulea_long_Chr04,27,31,3,10,2,0,46
10,M_sativa_ssp_caerulea_long,M_sativa_ssp_caerulea_long_Chr04,28,46,10,9,1,0,66
10,M_sativa_ssp_caerulea_long,M_sativa_ssp_caerulea_long_Chr04,29,45,16,9,1,0,71
10,M_sativa_ssp_caerulea_long,M_sativa_ssp_caerulea_long_Chr04,30,33,17,4,1,0,55
10,M_sativa_ssp_caerulea_long,M_sativa_ssp_caerulea_long_Chr04,31,42,11,2,1,0,56
10,M_sativa_ssp_caerulea_long,M_sativa_ssp_caerulea_long_Chr04,32,29,9,5,5,0,48
10,M_sativa_ssp_caerulea_long,M_sativa_ssp_caerulea_long_Chr04,33,41,13,7,2,0,63
10,M_sativa_ssp_caerulea_long,M_sativa_ssp_caerulea_long_Chr04,34,28,14,3,3,0,48
10,M_sativa_ssp_caerulea_long,M_sativa_ssp_caerulea_long_Chr04,35,34,13,8,7,0,62
10,M_sativa_ssp_caerulea_long,M_sativa_ssp_caerulea_long_Chr04,36,27,11,0,4,0,42
10,M_sativa_ssp_caerulea_long,M_sativa_ssp_caerulea_long_Chr04,37,33,15,5,2,0,55
10,M_sativa_ssp_caerulea_long,M_sativa_ssp_caerulea_long_Chr04,38,31,7,13,8,0,59
10,M_sativa_ssp_caerulea_long,M_sativa_ssp_caerulea_long_Chr04,39,23,10,5,1,0,39
10,M_sativa_ssp_caerulea_long,M_sativa_ssp_caerulea_long_Chr04,40,49,7,4,2,0,62
10,M_sativa_ssp_caerulea_long,M_sativa_ssp_caerulea_long_Chr04,41,26,7,4,0,0,37
10,M_sativa_ssp_caerulea_long,M_sativa_ssp_caerulea_long_Chr04,42,41,10,3,1,0,55
10,M_sativa_ssp_caerulea_long,M_sativa_ssp_caerulea_long_Chr04,43,41,16,3,9,0,69
10,M_sativa_ssp_caerulea_long,M_sativa_ssp_caerulea_long_Chr04,44,36,8,8,4,0,56
10,M_sativa_ssp_caerulea_long,M_sativa_ssp_caerulea_long_Chr04,45,35,7,6,0,0,48
10,M_sativa_ssp_caerulea_long,M_sativa_ssp_caerulea_long_Chr04,46,34,4,15,4,0,57
10,M_sativa_ssp_caerulea_long,M_sativa_ssp_caerulea_long_Chr04,47,36,17,7,3,0,63
10,M_sativa_ssp_caerulea_long,M_sativa_ssp_caerulea_long_Chr04,48,29,22,9,1,0,61
10,M_sativa_ssp_caerulea_long,M_sativa_ssp_caerulea_long_Chr04,49,31,17,15,13,0,76
10,M_sativa_ssp_caerulea_long,M_sativa_ssp_caerulea_long_Chr04,50,36,19,4,1,0,60
10,M_sativa_ssp_caerulea_long,M_sativa_ssp_caerulea_long_Chr04,51,33,30,12,8,0,83
10,M_sativa_ssp_caerulea_long,M_sativa_ssp_caerulea_long_Chr04,52,42,18,5,2,0,67
10,M_sativa_ssp_caerulea_long,M_sativa_ssp_caerulea_long_Chr04,53,40,20,5,1,0,66
10,M_sativa_ssp_caerulea_long,M_sativa_ssp_caerulea_long_Chr04,54,26,16,6,3,0,51
10,M_sativa_ssp_caerulea_long,M_sativa_ssp_caerulea_long_Chr04,55,41,12,11,8,0,72
10,M_sativa_ssp_caerulea_long,M_sativa_ssp_caerulea_long_Chr04,56,33,18,10,7,0,68
10,M_sativa_ssp_caerulea_long,M_sativa_ssp_caerulea_long_Chr04,57,41,21,7,1,0,70
10,M_sativa_ssp_caerulea_long,M_sativa_ssp_caerulea_long_Chr04,58,27,14,6,3,0,50
10,M_sativa_ssp_caerulea_long,M_sativa_ssp_caerulea_long_Chr04,59,48,27,8,2,0,85
10,M_sativa_ssp_caerulea_long,M_sativa_ssp_caerulea_long_Chr04,60,55,28,6,1,0,90
10,M_sativa_ssp_caerulea_long,M_sativa_ssp_caerulea_long_Chr04,61,62,24,11,4,0,101
10,M_sativa_ssp_caerulea_long,M_sativa_ssp_caerulea_long_Chr04,62,49,25,7,9,0,90
10,M_sativa_ssp_caerulea_long,M_sativa_ssp_caerulea_long_Chr04,63,45,25,9,4,0,83
10,M_sativa_ssp_caerulea_long,M_sativa_ssp_caerulea_long_Chr04,64,45,24,18,8,0,95
10,M_sativa_ssp_caerulea_long,M_sativa_ssp_caerulea_long_Chr04,65,47,30,10,9,0,96
10,M_sativa_ssp_caerulea_long,M_sativa_ssp_caerulea_long_Chr04,66,57,26,12,10,0,105
10,M_sativa_ssp_caerulea_long,M_sativa_ssp_caerulea_long_Chr04,67,45,24,8,7,0,84
10,M_sativa_ssp_caerulea_long,M_sativa_ssp_caerulea_long_Chr04,68,51,29,9,3,0,92
10,M_sativa_ssp_caerulea_long,M_sativa_ssp_caerulea_long_Chr04,69,39,40,10,2,0,91
10,M_sativa_ssp_caerulea_long,M_sativa_ssp_caerulea_long_Chr04,70,56,40,7,4,0,107
10,M_sativa_ssp_caerulea_long,M_sativa_ssp_caerulea_long_Chr04,71,52,39,10,6,0,107
10,M_sativa_ssp_caerulea_long,M_sativa_ssp_caerulea_long_Chr04,72,40,28,13,4,0,85
10,M_sativa_ssp_caerulea_long,M_sativa_ssp_caerulea_long_Chr04,73,68,32,9,10,0,119
10,M_sativa_ssp_caerulea_long,M_sativa_ssp_caerulea_long_Chr04,74,57,30,15,8,0,110
10,M_sativa_ssp_caerulea_long,M_sativa_ssp_caerulea_long_Chr04,75,46,36,11,5,0,98
10,M_sativa_ssp_caerulea_long,M_sativa_ssp_caerulea_long_Chr04,76,43,34,11,4,0,92
10,M_sativa_ssp_caerulea_long,M_sativa_ssp_caerulea_long_Chr04,77,62,35,7,8,0,112
10,M_sativa_ssp_caerulea_long,M_sativa_ssp_caerulea_long_Chr04,78,45,35,10,13,0,103
10,M_sativa_ssp_caerulea_long,M_sativa_ssp_caerulea_long_Chr04,79,65,48,4,10,0,127
10,M_sativa_ssp_caerulea_long,M_sativa_ssp_caerulea_long_Chr04,80,62,42,6,10,0,120
10,M_sativa_ssp_caerulea_long,M_sativa_ssp_caerulea_long_Chr04,81,57,30,6,4,0,97
10,M_sativa_ssp_caerulea_long,M_sativa_ssp_caerulea_long_Chr04,82,62,33,8,2,0,105
10,M_sativa_ssp_caerulea_long,M_sativa_ssp_caerulea_long_Chr04,83,58,30,10,1,0,99
10,M_sativa_ssp_caerulea_long,M_sativa_ssp_caerulea_long_Chr04,84,65,21,8,7,0,101
10,M_sativa_ssp_caerulea_long,M_sativa_ssp_caerulea_long_Chr04,85,38,33,10,5,0,86
10,M_sativa_ssp_caerulea_long,M_sativa_ssp_caerulea_long_Chr04,86,39,52,11,3,0,105
10,M_sativa_ssp_caerulea_long,M_sativa_ssp_caerulea_long_Chr04,87,62,42,7,2,0,113
10,M_sativa_ssp_caerulea_long,M_sativa_ssp_caerulea_long_Chr04,88,54,39,10,2,0,105
10,M_sativa_ssp_caerulea_long,M_sativa_ssp_caerulea_long_Chr04,89,64,36,8,9,0,117
10,M_sativa_ssp_caerulea_long,M_sativa_ssp_caerulea_long_Chr04,90,64,41,12,8,0,125
10,M_sativa_ssp_caerulea_long,M_sativa_ssp_caerulea_long_Chr04,91,51,26,5,4,0,86
10,M_sativa_ssp_caerulea_long,M_sativa_ssp_caerulea_long_Chr04,92,69,26,12,1,0,108
10,M_sativa_ssp_caerulea_long,M_sativa_ssp_caerulea_long_Chr04,93,71,20,13,2,0,106
10,M_sativa_ssp_caerulea_long,M_sativa_ssp_caerulea_long_Chr04,94,48,25,8,9,0,90
10,M_sativa_ssp_caerulea_long,M_sativa_ssp_caerulea_long_Chr04,95,47,44,11,11,0,113
10,M_sativa_ssp_caerulea_long,M_sativa_ssp_caerulea_long_Chr04,96,68,37,8,3,0,116
10,M_sativa_ssp_caerulea_long,M_sativa_ssp_caerulea_long_Chr04,97,60,37,6,4,0,107
10,M_sativa_ssp_caerulea_long,M_sativa_ssp_caerulea_long_Chr04,98,60,35,9,2,0,106
10,M_sativa_ssp_caerulea_long,M_sativa_ssp_caerulea_long_Chr04,99,36,9,7,2,0,54
10,M_sativa_ssp_caerulea_long,M_sativa_ssp_caerulea_long_Chr04,100,2,0,0,0,0,2
10,M_sativa_ssp_caerulea_long,M_sativa_ssp_caerulea_long_Chr05,0,30,15,2,5,0,52
10,M_sativa_ssp_caerulea_long,M_sativa_ssp_caerulea_long_Chr05,1,58,33,14,9,0,114
10,M_sativa_ssp_caerulea_long,M_sativa_ssp_caerulea_long_Chr05,2,55,40,18,9,0,122
10,M_sativa_ssp_caerulea_long,M_sativa_ssp_caerulea_long_Chr05,3,60,38,9,11,0,118
10,M_sativa_ssp_caerulea_long,M_sativa_ssp_caerulea_long_Chr05,4,63,31,5,13,0,112
10,M_sativa_ssp_caerulea_long,M_sativa_ssp_caerulea_long_Chr05,5,71,28,12,3,0,114
10,M_sativa_ssp_caerulea_long,M_sativa_ssp_caerulea_long_Chr05,6,64,23,14,7,0,108
10,M_sativa_ssp_caerulea_long,M_sativa_ssp_caerulea_long_Chr05,7,40,17,6,4,0,67
10,M_sativa_ssp_caerulea_long,M_sativa_ssp_caerulea_long_Chr05,8,56,16,11,6,0,89
10,M_sativa_ssp_caerulea_long,M_sativa_ssp_caerulea_long_Chr05,9,69,17,8,4,0,98
10,M_sativa_ssp_caerulea_long,M_sativa_ssp_caerulea_long_Chr05,10,70,21,8,2,0,101
10,M_sativa_ssp_caerulea_long,M_sativa_ssp_caerulea_long_Chr05,11,59,28,10,9,0,106
10,M_sativa_ssp_caerulea_long,M_sativa_ssp_caerulea_long_Chr05,12,65,26,2,10,0,103
10,M_sativa_ssp_caerulea_long,M_sativa_ssp_caerulea_long_Chr05,13,59,37,7,4,0,107
10,M_sativa_ssp_caerulea_long,M_sativa_ssp_caerulea_long_Chr05,14,45,27,4,2,0,78
10,M_sativa_ssp_caerulea_long,M_sativa_ssp_caerulea_long_Chr05,15,38,25,11,8,0,82
10,M_sativa_ssp_caerulea_long,M_sativa_ssp_caerulea_long_Chr05,16,66,16,7,10,0,99
10,M_sativa_ssp_caerulea_long,M_sativa_ssp_caerulea_long_Chr05,17,56,16,7,6,0,85
10,M_sativa_ssp_caerulea_long,M_sativa_ssp_caerulea_long_Chr05,18,34,22,8,5,0,69
10,M_sativa_ssp_caerulea_long,M_sativa_ssp_caerulea_long_Chr05,19,56,11,5,8,0,80
10,M_sativa_ssp_caerulea_long,M_sativa_ssp_caerulea_long_Chr05,20,43,18,7,4,0,72
10,M_sativa_ssp_caerulea_long,M_sativa_ssp_caerulea_long_Chr05,21,44,19,11,8,0,82
10,M_sativa_ssp_caerulea_long,M_sativa_ssp_caerulea_long_Chr05,22,42,24,10,3,0,79
10,M_sativa_ssp_caerulea_long,M_sativa_ssp_caerulea_long_Chr05,23,45,15,6,4,0,70
10,M_sativa_ssp_caerulea_long,M_sativa_ssp_caerulea_long_Chr05,24,44,16,8,2,0,70
10,M_sativa_ssp_caerulea_long,M_sativa_ssp_caerulea_long_Chr05,25,49,7,7,2,0,65
10,M_sativa_ssp_caerulea_long,M_sativa_ssp_caerulea_long_Chr05,26,36,13,5,2,0,56
10,M_sativa_ssp_caerulea_long,M_sativa_ssp_caerulea_long_Chr05,27,54,8,12,3,0,77
10,M_sativa_ssp_caerulea_long,M_sativa_ssp_caerulea_long_Chr05,28,55,8,3,4,0,70
10,M_sativa_ssp_caerulea_long,M_sativa_ssp_caerulea_long_Chr05,29,35,13,7,1,0,56
10,M_sativa_ssp_caerulea_long,M_sativa_ssp_caerulea_long_Chr05,30,41,9,9,5,0,64
10,M_sativa_ssp_caerulea_long,M_sativa_ssp_caerulea_long_Chr05,31,47,11,6,4,0,68
10,M_sativa_ssp_caerulea_long,M_sativa_ssp_caerulea_long_Chr05,32,33,20,7,7,0,67
10,M_sativa_ssp_caerulea_long,M_sativa_ssp_caerulea_long_Chr05,33,31,13,3,4,0,51
10,M_sativa_ssp_caerulea_long,M_sativa_ssp_caerulea_long_Chr05,34,26,23,7,3,0,59
10,M_sativa_ssp_caerulea_long,M_sativa_ssp_caerulea_long_Chr05,35,25,12,1,1,0,39
10,M_sativa_ssp_caerulea_long,M_sativa_ssp_caerulea_long_Chr05,36,21,9,6,2,0,38
10,M_sativa_ssp_caerulea_long,M_sativa_ssp_caerulea_long_Chr05,37,18,4,2,3,0,27
10,M_sativa_ssp_caerulea_long,M_sativa_ssp_caerulea_long_Chr05,38,37,19,5,5,0,66
10,M_sativa_ssp_caerulea_long,M_sativa_ssp_caerulea_long_Chr05,39,31,8,6,4,0,49
10,M_sativa_ssp_caerulea_long,M_sativa_ssp_caerulea_long_Chr05,40,35,17,4,4,0,60
10,M_sativa_ssp_caerulea_long,M_sativa_ssp_caerulea_long_Chr05,41,58,11,10,6,0,85
10,M_sativa_ssp_caerulea_long,M_sativa_ssp_caerulea_long_Chr05,42,45,15,7,3,0,70
10,M_sativa_ssp_caerulea_long,M_sativa_ssp_caerulea_long_Chr05,43,28,14,11,5,0,58
10,M_sativa_ssp_caerulea_long,M_sativa_ssp_caerulea_long_Chr05,44,36,25,4,6,0,71
10,M_sativa_ssp_caerulea_long,M_sativa_ssp_caerulea_long_Chr05,45,30,11,9,8,0,58
10,M_sativa_ssp_caerulea_long,M_sativa_ssp_caerulea_long_Chr05,46,31,11,1,6,0,49
10,M_sativa_ssp_caerulea_long,M_sativa_ssp_caerulea_long_Chr05,47,32,11,8,6,0,57
10,M_sativa_ssp_caerulea_long,M_sativa_ssp_caerulea_long_Chr05,48,35,21,14,2,0,72
10,M_sativa_ssp_caerulea_long,M_sativa_ssp_caerulea_long_Chr05,49,42,17,7,12,0,78
10,M_sativa_ssp_caerulea_long,M_sativa_ssp_caerulea_long_Chr05,50,34,32,6,3,0,75
10,M_sativa_ssp_caerulea_long,M_sativa_ssp_caerulea_long_Chr05,51,36,19,10,1,0,66
10,M_sativa_ssp_caerulea_long,M_sativa_ssp_caerulea_long_Chr05,52,39,25,3,6,0,73
10,M_sativa_ssp_caerulea_long,M_sativa_ssp_caerulea_long_Chr05,53,46,19,10,5,0,80
10,M_sativa_ssp_caerulea_long,M_sativa_ssp_caerulea_long_Chr05,54,52,20,9,7,0,88
10,M_sativa_ssp_caerulea_long,M_sativa_ssp_caerulea_long_Chr05,55,45,21,4,3,0,73
10,M_sativa_ssp_caerulea_long,M_sativa_ssp_caerulea_long_Chr05,56,68,21,8,11,0,108
10,M_sativa_ssp_caerulea_long,M_sativa_ssp_caerulea_long_Chr05,57,30,6,5,0,0,41
10,M_sativa_ssp_caerulea_long,M_sativa_ssp_caerulea_long_Chr05,58,31,17,7,2,0,57
10,M_sativa_ssp_caerulea_long,M_sativa_ssp_caerulea_long_Chr05,59,50,12,4,3,0,69
10,M_sativa_ssp_caerulea_long,M_sativa_ssp_caerulea_long_Chr05,60,30,21,11,1,0,63
10,M_sativa_ssp_caerulea_long,M_sativa_ssp_caerulea_long_Chr05,61,29,12,4,2,0,47
10,M_sativa_ssp_caerulea_long,M_sativa_ssp_caerulea_long_Chr05,62,49,12,11,2,0,74
10,M_sativa_ssp_caerulea_long,M_sativa_ssp_caerulea_long_Chr05,63,39,16,8,9,0,72
10,M_sativa_ssp_caerulea_long,M_sativa_ssp_caerulea_long_Chr05,64,43,23,2,3,0,71
10,M_sativa_ssp_caerulea_long,M_sativa_ssp_caerulea_long_Chr05,65,37,15,6,4,0,62
10,M_sativa_ssp_caerulea_long,M_sativa_ssp_caerulea_long_Chr05,66,40,16,8,2,0,66
10,M_sativa_ssp_caerulea_long,M_sativa_ssp_caerulea_long_Chr05,67,47,24,13,14,0,98
10,M_sativa_ssp_caerulea_long,M_sativa_ssp_caerulea_long_Chr05,68,35,16,8,2,0,61
10,M_sativa_ssp_caerulea_long,M_sativa_ssp_caerulea_long_Chr05,69,55,25,5,3,0,88
10,M_sativa_ssp_caerulea_long,M_sativa_ssp_caerulea_long_Chr05,70,51,17,7,0,0,75
10,M_sativa_ssp_caerulea_long,M_sativa_ssp_caerulea_long_Chr05,71,41,25,16,2,0,84
10,M_sativa_ssp_caerulea_long,M_sativa_ssp_caerulea_long_Chr05,72,63,21,17,6,0,107
10,M_sativa_ssp_caerulea_long,M_sativa_ssp_caerulea_long_Chr05,73,67,35,20,6,0,128
10,M_sativa_ssp_caerulea_long,M_sativa_ssp_caerulea_long_Chr05,74,37,28,6,6,0,77
10,M_sativa_ssp_caerulea_long,M_sativa_ssp_caerulea_long_Chr05,75,41,23,9,4,0,77
10,M_sativa_ssp_caerulea_long,M_sativa_ssp_caerulea_long_Chr05,76,50,20,3,3,0,76
10,M_sativa_ssp_caerulea_long,M_sativa_ssp_caerulea_long_Chr05,77,55,30,14,9,0,108
10,M_sativa_ssp_caerulea_long,M_sativa_ssp_caerulea_long_Chr05,78,57,15,11,2,0,85
10,M_sativa_ssp_caerulea_long,M_sativa_ssp_caerulea_long_Chr05,79,23,16,10,1,0,50
10,M_sativa_ssp_caerulea_long,M_sativa_ssp_caerulea_long_Chr05,80,45,16,11,6,0,78
10,M_sativa_ssp_caerulea_long,M_sativa_ssp_caerulea_long_Chr05,81,6,3,2,6,0,17
10,M_sativa_ssp_caerulea_long,M_sativa_ssp_caerulea_long_Chr06,0,47,21,8,2,0,78
10,M_sativa_ssp_caerulea_long,M_sativa_ssp_caerulea_long_Chr06,1,48,18,11,3,0,80
10,M_sativa_ssp_caerulea_long,M_sativa_ssp_caerulea_long_Chr06,2,46,14,7,4,0,71
10,M_sativa_ssp_caerulea_long,M_sativa_ssp_caerulea_long_Chr06,3,62,19,9,10,0,100
10,M_sativa_ssp_caerulea_long,M_sativa_ssp_caerulea_long_Chr06,4,44,16,5,8,0,73
10,M_sativa_ssp_caerulea_long,M_sativa_ssp_caerulea_long_Chr06,5,34,16,2,4,0,56
10,M_sativa_ssp_caerulea_long,M_sativa_ssp_caerulea_long_Chr06,6,39,10,3,8,0,60
10,M_sativa_ssp_caerulea_long,M_sativa_ssp_caerulea_long_Chr06,7,39,13,6,1,0,59
10,M_sativa_ssp_caerulea_long,M_sativa_ssp_caerulea_long_Chr06,8,38,13,4,1,0,56
10,M_sativa_ssp_caerulea_long,M_sativa_ssp_caerulea_long_Chr06,9,21,14,5,2,0,42
10,M_sativa_ssp_caerulea_long,M_sativa_ssp_caerulea_long_Chr06,10,53,22,14,11,0,100
10,M_sativa_ssp_caerulea_long,M_sativa_ssp_caerulea_long_Chr06,11,42,15,6,3,0,66
10,M_sativa_ssp_caerulea_long,M_sativa_ssp_caerulea_long_Chr06,12,36,6,5,3,0,50
10,M_sativa_ssp_caerulea_long,M_sativa_ssp_caerulea_long_Chr06,13,28,20,6,8,0,62
10,M_sativa_ssp_caerulea_long,M_sativa_ssp_caerulea_long_Chr06,14,33,8,15,2,0,58
10,M_sativa_ssp_caerulea_long,M_sativa_ssp_caerulea_long_Chr06,15,36,17,8,4,0,65
10,M_sativa_ssp_caerulea_long,M_sativa_ssp_caerulea_long_Chr06,16,36,10,9,1,0,56
10,M_sativa_ssp_caerulea_long,M_sativa_ssp_caerulea_long_Chr06,17,27,9,13,7,0,56
10,M_sativa_ssp_caerulea_long,M_sativa_ssp_caerulea_long_Chr06,18,41,12,6,1,0,60
10,M_sativa_ssp_caerulea_long,M_sativa_ssp_caerulea_long_Chr06,19,37,16,3,1,0,57
10,M_sativa_ssp_caerulea_long,M_sativa_ssp_caerulea_long_Chr06,20,68,9,5,1,0,83
10,M_sativa_ssp_caerulea_long,M_sativa_ssp_caerulea_long_Chr06,21,46,33,7,16,0,102
10,M_sativa_ssp_caerulea_long,M_sativa_ssp_caerulea_long_Chr06,22,34,47,2,62,0,145
10,M_sativa_ssp_caerulea_long,M_sativa_ssp_caerulea_long_Chr06,23,41,27,12,42,0,122
10,M_sativa_ssp_caerulea_long,M_sativa_ssp_caerulea_long_Chr06,24,38,20,6,28,0,92
10,M_sativa_ssp_caerulea_long,M_sativa_ssp_caerulea_long_Chr06,25,31,5,6,15,0,57
10,M_sativa_ssp_caerulea_long,M_sativa_ssp_caerulea_long_Chr06,26,18,8,7,4,0,37
10,M_sativa_ssp_caerulea_long,M_sativa_ssp_caerulea_long_Chr06,27,27,20,9,7,0,63
10,M_sativa_ssp_caerulea_long,M_sativa_ssp_caerulea_long_Chr06,28,32,15,8,3,0,58
10,M_sativa_ssp_caerulea_long,M_sativa_ssp_caerulea_long_Chr06,29,34,15,3,3,0,55
10,M_sativa_ssp_caerulea_long,M_sativa_ssp_caerulea_long_Chr06,30,35,9,6,6,0,56
10,M_sativa_ssp_caerulea_long,M_sativa_ssp_caerulea_long_Chr06,31,42,10,8,3,0,63
10,M_sativa_ssp_caerulea_long,M_sativa_ssp_caerulea_long_Chr06,32,42,8,12,4,0,66
10,M_sativa_ssp_caerulea_long,M_sativa_ssp_caerulea_long_Chr06,33,34,16,11,6,0,67
10,M_sativa_ssp_caerulea_long,M_sativa_ssp_caerulea_long_Chr06,34,39,13,12,7,0,71
10,M_sativa_ssp_caerulea_long,M_sativa_ssp_caerulea_long_Chr06,35,34,11,1,4,0,50
10,M_sativa_ssp_caerulea_long,M_sativa_ssp_caerulea_long_Chr06,36,47,7,9,4,0,67
10,M_sativa_ssp_caerulea_long,M_sativa_ssp_caerulea_long_Chr06,37,36,13,1,3,0,53
10,M_sativa_ssp_caerulea_long,M_sativa_ssp_caerulea_long_Chr06,38,36,6,3,6,0,51
10,M_sativa_ssp_caerulea_long,M_sativa_ssp_caerulea_long_Chr06,39,34,11,11,8,0,64
10,M_sativa_ssp_caerulea_long,M_sativa_ssp_caerulea_long_Chr06,40,34,12,11,1,0,58
10,M_sativa_ssp_caerulea_long,M_sativa_ssp_caerulea_long_Chr06,41,40,9,6,4,0,59
10,M_sativa_ssp_caerulea_long,M_sativa_ssp_caerulea_long_Chr06,42,40,9,7,4,0,60
10,M_sativa_ssp_caerulea_long,M_sativa_ssp_caerulea_long_Chr06,43,40,9,6,3,0,58
10,M_sativa_ssp_caerulea_long,M_sativa_ssp_caerulea_long_Chr06,44,25,10,15,5,0,55
10,M_sativa_ssp_caerulea_long,M_sativa_ssp_caerulea_long_Chr06,45,33,10,6,7,0,56
10,M_sativa_ssp_caerulea_long,M_sativa_ssp_caerulea_long_Chr06,46,27,6,12,3,0,48
10,M_sativa_ssp_caerulea_long,M_sativa_ssp_caerulea_long_Chr06,47,29,21,9,6,0,65
10,M_sativa_ssp_caerulea_long,M_sativa_ssp_caerulea_long_Chr06,48,28,8,12,3,0,51
10,M_sativa_ssp_caerulea_long,M_sativa_ssp_caerulea_long_Chr06,49,44,7,9,6,0,66
10,M_sativa_ssp_caerulea_long,M_sativa_ssp_caerulea_long_Chr06,50,33,15,7,4,0,59
10,M_sativa_ssp_caerulea_long,M_sativa_ssp_caerulea_long_Chr06,51,23,15,6,3,0,47
10,M_sativa_ssp_caerulea_long,M_sativa_ssp_caerulea_long_Chr06,52,21,15,12,1,0,49
10,M_sativa_ssp_caerulea_long,M_sativa_ssp_caerulea_long_Chr06,53,36,5,7,6,0,54
10,M_sativa_ssp_caerulea_long,M_sativa_ssp_caerulea_long_Chr06,54,36,13,8,2,0,59
10,M_sativa_ssp_caerulea_long,M_sativa_ssp_caerulea_long_Chr06,55,40,5,7,2,0,54
10,M_sativa_ssp_caerulea_long,M_sativa_ssp_caerulea_long_Chr06,56,33,8,5,3,0,49
10,M_sativa_ssp_caerulea_long,M_sativa_ssp_caerulea_long_Chr06,57,38,6,6,0,0,50
10,M_sativa_ssp_caerulea_long,M_sativa_ssp_caerulea_long_Chr06,58,27,15,4,2,0,48
10,M_sativa_ssp_caerulea_long,M_sativa_ssp_caerulea_long_Chr06,59,22,11,7,1,0,41
10,M_sativa_ssp_caerulea_long,M_sativa_ssp_caerulea_long_Chr06,60,17,5,2,3,0,27
10,M_sativa_ssp_caerulea_long,M_sativa_ssp_caerulea_long_Chr06,61,27,7,10,4,0,48
10,M_sativa_ssp_caerulea_long,M_sativa_ssp_caerulea_long_Chr06,62,32,9,3,2,0,46
10,M_sativa_ssp_caerulea_long,M_sativa_ssp_caerulea_long_Chr06,63,22,7,3,2,0,34
10,M_sativa_ssp_caerulea_long,M_sativa_ssp_caerulea_long_Chr06,64,34,10,4,4,0,52
10,M_sativa_ssp_caerulea_long,M_sativa_ssp_caerulea_long_Chr06,65,38,5,8,5,0,56
10,M_sativa_ssp_caerulea_long,M_sativa_ssp_caerulea_long_Chr06,66,28,7,11,7,0,53
10,M_sativa_ssp_caerulea_long,M_sativa_ssp_caerulea_long_Chr06,67,26,7,4,1,0,38
10,M_sativa_ssp_caerulea_long,M_sativa_ssp_caerulea_long_Chr06,68,29,12,4,3,0,48
10,M_sativa_ssp_caerulea_long,M_sativa_ssp_caerulea_long_Chr06,69,27,11,0,4,0,42
10,M_sativa_ssp_caerulea_long,M_sativa_ssp_caerulea_long_Chr06,70,20,4,6,8,0,38
10,M_sativa_ssp_caerulea_long,M_sativa_ssp_caerulea_long_Chr06,71,11,8,4,5,0,28
10,M_sativa_ssp_caerulea_long,M_sativa_ssp_caerulea_long_Chr06,72,31,9,8,2,0,50
10,M_sativa_ssp_caerulea_long,M_sativa_ssp_caerulea_long_Chr06,73,30,10,0,3,0,43
10,M_sativa_ssp_caerulea_long,M_sativa_ssp_caerulea_long_Chr06,74,43,13,6,7,0,69
10,M_sativa_ssp_caerulea_long,M_sativa_ssp_caerulea_long_Chr06,75,27,10,6,3,0,46
10,M_sativa_ssp_caerulea_long,M_sativa_ssp_caerulea_long_Chr06,76,20,10,9,4,0,43
10,M_sativa_ssp_caerulea_long,M_sativa_ssp_caerulea_long_Chr06,77,22,16,11,8,0,57
10,M_sativa_ssp_caerulea_long,M_sativa_ssp_caerulea_long_Chr06,78,32,9,3,8,0,52
10,M_sativa_ssp_caerulea_long,M_sativa_ssp_caerulea_long_Chr06,79,31,4,5,5,0,45
10,M_sativa_ssp_caerulea_long,M_sativa_ssp_caerulea_long_Chr06,80,31,15,5,5,0,56
10,M_sativa_ssp_caerulea_long,M_sativa_ssp_caerulea_long_Chr06,81,31,10,4,2,0,47
10,M_sativa_ssp_caerulea_long,M_sativa_ssp_caerulea_long_Chr06,82,35,14,14,10,0,73
10,M_sativa_ssp_caerulea_long,M_sativa_ssp_caerulea_long_Chr06,83,24,9,4,0,0,37
10,M_sativa_ssp_caerulea_long,M_sativa_ssp_caerulea_long_Chr06,84,44,2,2,6,0,55
10,M_sativa_ssp_caerulea_long,M_sativa_ssp_caerulea_long_Chr06,85,29,5,5,5,0,44
10,M_sativa_ssp_caerulea_long,M_sativa_ssp_caerulea_long_Chr06,86,26,6,6,6,0,44
10,M_sativa_ssp_caerulea_long,M_sativa_ssp_caerulea_long_Chr06,87,30,5,12,3,0,50
10,M_sativa_ssp_caerulea_long,M_sativa_ssp_caerulea_long_Chr06,88,15,5,5,8,0,33
10,M_sativa_ssp_caerulea_long,M_sativa_ssp_caerulea_long_Chr06,89,33,5,1,2,0,41
10,M_sativa_ssp_caerulea_long,M_sativa_ssp_caerulea_long_Chr06,90,41,13,5,2,0,61
10,M_sativa_ssp_caerulea_long,M_sativa_ssp_caerulea_long_Chr06,91,37,9,3,3,0,52
10,M_sativa_ssp_caerulea_long,M_sativa_ssp_caerulea_long_Chr06,92,30,12,8,2,0,52
10,M_sativa_ssp_caerulea_long,M_sativa_ssp_caerulea_long_Chr06,93,36,13,5,3,0,57
10,M_sativa_ssp_caerulea_long,M_sativa_ssp_caerulea_long_Chr06,94,9,6,6,2,0,23
10,M_sativa_ssp_caerulea_long,M_sativa_ssp_caerulea_long_Chr06,95,23,9,5,2,0,39
10,M_sativa_ssp_caerulea_long,M_sativa_ssp_caerulea_long_Chr06,96,21,5,1,5,0,32
10,M_sativa_ssp_caerulea_long,M_sativa_ssp_caerulea_long_Chr06,97,16,11,2,1,0,30
10,M_sativa_ssp_caerulea_long,M_sativa_ssp_caerulea_long_Chr06,98,35,12,8,4,0,59
10,M_sativa_ssp_caerulea_long,M_sativa_ssp_caerulea_long_Chr06,99,43,11,4,2,0,60
10,M_sativa_ssp_caerulea_long,M_sativa_ssp_caerulea_long_Chr06,100,21,12,3,5,0,41
10,M_sativa_ssp_caerulea_long,M_sativa_ssp_caerulea_long_Chr06,101,40,17,11,13,0,81
10,M_sativa_ssp_caerulea_long,M_sativa_ssp_caerulea_long_Chr06,102,39,9,8,2,0,58
10,M_sativa_ssp_caerulea_long,M_sativa_ssp_caerulea_long_Chr06,103,45,13,3,8,0,69
10,M_sativa_ssp_caerulea_long,M_sativa_ssp_caerulea_long_Chr06,104,52,11,6,6,0,75
10,M_sativa_ssp_caerulea_long,M_sativa_ssp_caerulea_long_Chr06,105,50,13,6,13,0,82
10,M_sativa_ssp_caerulea_long,M_sativa_ssp_caerulea_long_Chr06,106,40,12,6,8,0,66
10,M_sativa_ssp_caerulea_long,M_sativa_ssp_caerulea_long_Chr06,107,43,8,6,1,0,58
10,M_sativa_ssp_caerulea_long,M_sativa_ssp_caerulea_long_Chr06,108,21,4,7,7,0,39
10,M_sativa_ssp_caerulea_long,M_sativa_ssp_caerulea_long_Chr06,109,21,6,11,2,0,40
10,M_sativa_ssp_caerulea_long,M_sativa_ssp_caerulea_long_Chr06,110,50,9,12,23,0,94
10,M_sativa_ssp_caerulea_long,M_sativa_ssp_caerulea_long_Chr06,111,40,20,4,7,0,71
10,M_sativa_ssp_caerulea_long,M_sativa_ssp_caerulea_long_Chr06,112,48,18,3,3,0,72
10,M_sativa_ssp_caerulea_long,M_sativa_ssp_caerulea_long_Chr06,113,29,5,7,4,0,46
10,M_sativa_ssp_caerulea_long,M_sativa_ssp_caerulea_long_Chr06,114,76,25,16,2,0,119
10,M_sativa_ssp_caerulea_long,M_sativa_ssp_caerulea_long_Chr06,115,54,8,4,7,0,73
10,M_sativa_ssp_caerulea_long,M_sativa_ssp_caerulea_long_Chr06,116,47,20,6,0,0,73
10,M_sativa_ssp_caerulea_long,M_sativa_ssp_caerulea_long_Chr06,117,36,16,8,14,0,74
10,M_sativa_ssp_caerulea_long,M_sativa_ssp_caerulea_long_Chr06,118,43,13,9,13,0,78
10,M_sativa_ssp_caerulea_long,M_sativa_ssp_caerulea_long_Chr06,119,32,13,7,9,0,61
10,M_sativa_ssp_caerulea_long,M_sativa_ssp_caerulea_long_Chr06,120,12,3,6,2,0,23
10,M_sativa_ssp_caerulea_long,M_sativa_ssp_caerulea_long_Chr07,0,36,19,10,3,0,68
10,M_sativa_ssp_caerulea_long,M_sativa_ssp_caerulea_long_Chr07,1,45,13,3,4,0,65
10,M_sativa_ssp_caerulea_long,M_sativa_ssp_caerulea_long_Chr07,2,28,9,6,0,0,43
10,M_sativa_ssp_caerulea_long,M_sativa_ssp_caerulea_long_Chr07,3,35,12,4,5,0,56
10,M_sativa_ssp_caerulea_long,M_sativa_ssp_caerulea_long_Chr07,4,46,12,5,6,0,69
10,M_sativa_ssp_caerulea_long,M_sativa_ssp_caerulea_long_Chr07,5,32,8,4,4,0,48
10,M_sativa_ssp_caerulea_long,M_sativa_ssp_caerulea_long_Chr07,6,20,13,6,5,0,44
10,M_sativa_ssp_caerulea_long,M_sativa_ssp_caerulea_long_Chr07,7,12,5,3,1,0,21
10,M_sativa_ssp_caerulea_long,M_sativa_ssp_caerulea_long_Chr07,8,22,14,7,2,0,45
10,M_sativa_ssp_caerulea_long,M_sativa_ssp_caerulea_long_Chr07,9,33,11,5,3,0,52
10,M_sativa_ssp_caerulea_long,M_sativa_ssp_caerulea_long_Chr07,10,31,16,4,7,0,58
10,M_sativa_ssp_caerulea_long,M_sativa_ssp_caerulea_long_Chr07,11,22,7,4,2,0,35
10,M_sativa_ssp_caerulea_long,M_sativa_ssp_caerulea_long_Chr07,12,46,13,12,3,0,74
10,M_sativa_ssp_caerulea_long,M_sativa_ssp_caerulea_long_Chr07,13,36,11,4,9,0,60
10,M_sativa_ssp_caerulea_long,M_sativa_ssp_caerulea_long_Chr07,14,32,8,3,8,0,51
10,M_sativa_ssp_caerulea_long,M_sativa_ssp_caerulea_long_Chr07,15,28,9,2,2,0,41
10,M_sativa_ssp_caerulea_long,M_sativa_ssp_caerulea_long_Chr07,16,50,8,6,6,0,70
10,M_sativa_ssp_caerulea_long,M_sativa_ssp_caerulea_long_Chr07,17,62,6,7,4,0,79
10,M_sativa_ssp_caerulea_long,M_sativa_ssp_caerulea_long_Chr07,18,31,14,6,1,0,52
10,M_sativa_ssp_caerulea_long,M_sativa_ssp_caerulea_long_Chr07,19,39,14,13,11,0,77
10,M_sativa_ssp_caerulea_long,M_sativa_ssp_caerulea_long_Chr07,20,47,11,4,5,0,67
10,M_sativa_ssp_caerulea_long,M_sativa_ssp_caerulea_long_Chr07,21,29,7,9,5,0,50
10,M_sativa_ssp_caerulea_long,M_sativa_ssp_caerulea_long_Chr07,22,25,19,3,5,0,52
10,M_sativa_ssp_caerulea_long,M_sativa_ssp_caerulea_long_Chr07,23,46,8,18,15,0,87
10,M_sativa_ssp_caerulea_long,M_sativa_ssp_caerulea_long_Chr07,24,28,5,10,3,0,46
10,M_sativa_ssp_caerulea_long,M_sativa_ssp_caerulea_long_Chr07,25,30,7,5,1,0,43
10,M_sativa_ssp_caerulea_long,M_sativa_ssp_caerulea_long_Chr07,26,45,18,11,8,0,82
10,M_sativa_ssp_caerulea_long,M_sativa_ssp_caerulea_long_Chr07,27,24,6,2,3,0,35
10,M_sativa_ssp_caerulea_long,M_sativa_ssp_caerulea_long_Chr07,28,20,8,4,4,0,36
10,M_sativa_ssp_caerulea_long,M_sativa_ssp_caerulea_long_Chr07,29,39,14,6,4,0,63
10,M_sativa_ssp_caerulea_long,M_sativa_ssp_caerulea_long_Chr07,30,40,6,6,5,0,57
10,M_sativa_ssp_caerulea_long,M_sativa_ssp_caerulea_long_Chr07,31,38,8,5,2,0,53
10,M_sativa_ssp_caerulea_long,M_sativa_ssp_caerulea_long_Chr07,32,32,14,4,3,0,53
10,M_sativa_ssp_caerulea_long,M_sativa_ssp_caerulea_long_Chr07,33,20,16,7,1,0,44
10,M_sativa_ssp_caerulea_long,M_sativa_ssp_caerulea_long_Chr07,34,26,17,8,1,0,52
10,M_sativa_ssp_caerulea_long,M_sativa_ssp_caerulea_long_Chr07,35,29,12,5,5,0,51
10,M_sativa_ssp_caerulea_long,M_sativa_ssp_caerulea_long_Chr07,36,24,16,3,3,0,46
10,M_sativa_ssp_caerulea_long,M_sativa_ssp_caerulea_long_Chr07,37,28,13,4,7,0,52
10,M_sativa_ssp_caerulea_long,M_sativa_ssp_caerulea_long_Chr07,38,35,16,7,7,0,65
10,M_sativa_ssp_caerulea_long,M_sativa_ssp_caerulea_long_Chr07,39,28,19,14,3,0,64
10,M_sativa_ssp_caerulea_long,M_sativa_ssp_caerulea_long_Chr07,40,26,19,7,9,0,61
10,M_sativa_ssp_caerulea_long,M_sativa_ssp_caerulea_long_Chr07,41,32,12,6,4,0,54
10,M_sativa_ssp_caerulea_long,M_sativa_ssp_caerulea_long_Chr07,42,38,13,6,3,0,60
10,M_sativa_ssp_caerulea_long,M_sativa_ssp_caerulea_long_Chr07,43,26,6,14,14,0,60
10,M_sativa_ssp_caerulea_long,M_sativa_ssp_caerulea_long_Chr07,44,21,5,19,8,0,53
10,M_sativa_ssp_caerulea_long,M_sativa_ssp_caerulea_long_Chr07,45,36,16,13,8,0,73
10,M_sativa_ssp_caerulea_long,M_sativa_ssp_caerulea_long_Chr07,46,42,17,12,9,0,80
10,M_sativa_ssp_caerulea_long,M_sativa_ssp_caerulea_long_Chr07,47,18,10,6,1,0,35
10,M_sativa_ssp_caerulea_long,M_sativa_ssp_caerulea_long_Chr07,48,19,17,12,0,0,48
10,M_sativa_ssp_caerulea_long,M_sativa_ssp_caerulea_long_Chr07,49,37,21,8,4,0,71
10,M_sativa_ssp_caerulea_long,M_sativa_ssp_caerulea_long_Chr07,50,33,9,15,3,0,60
10,M_sativa_ssp_caerulea_long,M_sativa_ssp_caerulea_long_Chr07,51,41,18,5,9,0,73
10,M_sativa_ssp_caerulea_long,M_sativa_ssp_caerulea_long_Chr07,52,46,5,14,3,0,68
10,M_sativa_ssp_caerulea_long,M_sativa_ssp_caerulea_long_Chr07,53,32,20,10,6,0,68
10,M_sativa_ssp_caerulea_long,M_sativa_ssp_caerulea_long_Chr07,54,31,14,10,2,0,57
10,M_sativa_ssp_caerulea_long,M_sativa_ssp_caerulea_long_Chr07,55,55,14,0,12,0,81
10,M_sativa_ssp_caerulea_long,M_sativa_ssp_caerulea_long_Chr07,56,40,7,2,4,0,53
10,M_sativa_ssp_caerulea_long,M_sativa_ssp_caerulea_long_Chr07,57,58,9,11,1,0,79
10,M_sativa_ssp_caerulea_long,M_sativa_ssp_caerulea_long_Chr07,58,53,16,9,4,0,82
10,M_sativa_ssp_caerulea_long,M_sativa_ssp_caerulea_long_Chr07,59,43,23,8,3,0,77
10,M_sativa_ssp_caerulea_long,M_sativa_ssp_caerulea_long_Chr07,60,51,30,7,7,0,95
10,M_sativa_ssp_caerulea_long,M_sativa_ssp_caerulea_long_Chr07,61,59,15,6,5,0,85
10,M_sativa_ssp_caerulea_long,M_sativa_ssp_caerulea_long_Chr07,62,50,6,6,2,0,64
10,M_sativa_ssp_caerulea_long,M_sativa_ssp_caerulea_long_Chr07,63,73,38,8,5,0,124
10,M_sativa_ssp_caerulea_long,M_sativa_ssp_caerulea_long_Chr07,64,43,28,13,4,0,88
10,M_sativa_ssp_caerulea_long,M_sativa_ssp_caerulea_long_Chr07,65,52,18,11,3,0,84
10,M_sativa_ssp_caerulea_long,M_sativa_ssp_caerulea_long_Chr07,66,53,23,5,11,0,92
10,M_sativa_ssp_caerulea_long,M_sativa_ssp_caerulea_long_Chr07,67,40,10,14,8,0,72
10,M_sativa_ssp_caerulea_long,M_sativa_ssp_caerulea_long_Chr07,68,59,16,5,5,0,85
10,M_sativa_ssp_caerulea_long,M_sativa_ssp_caerulea_long_Chr07,69,82,13,8,7,0,110
10,M_sativa_ssp_caerulea_long,M_sativa_ssp_caerulea_long_Chr07,70,74,16,3,3,0,96
10,M_sativa_ssp_caerulea_long,M_sativa_ssp_caerulea_long_Chr07,71,78,16,10,8,0,112
10,M_sativa_ssp_caerulea_long,M_sativa_ssp_caerulea_long_Chr07,72,54,22,10,5,0,91
10,M_sativa_ssp_caerulea_long,M_sativa_ssp_caerulea_long_Chr07,73,61,23,8,4,0,96
10,M_sativa_ssp_caerulea_long,M_sativa_ssp_caerulea_long_Chr07,74,57,19,13,7,0,96
10,M_sativa_ssp_caerulea_long,M_sativa_ssp_caerulea_long_Chr07,75,60,18,8,11,0,97
10,M_sativa_ssp_caerulea_long,M_sativa_ssp_caerulea_long_Chr07,76,45,26,8,3,0,82
10,M_sativa_ssp_caerulea_long,M_sativa_ssp_caerulea_long_Chr07,77,44,41,4,2,0,91
10,M_sativa_ssp_caerulea_long,M_sativa_ssp_caerulea_long_Chr07,78,61,17,6,7,0,91
10,M_sativa_ssp_caerulea_long,M_sativa_ssp_caerulea_long_Chr07,79,50,44,7,8,0,109
10,M_sativa_ssp_caerulea_long,M_sativa_ssp_caerulea_long_Chr07,80,60,26,7,4,0,97
10,M_sativa_ssp_caerulea_long,M_sativa_ssp_caerulea_long_Chr07,81,58,23,11,6,0,98
10,M_sativa_ssp_caerulea_long,M_sativa_ssp_caerulea_long_Chr07,82,77,21,9,7,0,114
10,M_sativa_ssp_caerulea_long,M_sativa_ssp_caerulea_long_Chr07,83,65,17,11,3,0,96
10,M_sativa_ssp_caerulea_long,M_sativa_ssp_caerulea_long_Chr07,84,59,22,5,8,0,94
10,M_sativa_ssp_caerulea_long,M_sativa_ssp_caerulea_long_Chr07,85,78,21,24,4,0,127
10,M_sativa_ssp_caerulea_long,M_sativa_ssp_caerulea_long_Chr07,86,66,31,6,5,0,108
10,M_sativa_ssp_caerulea_long,M_sativa_ssp_caerulea_long_Chr07,87,44,33,9,1,0,87
10,M_sativa_ssp_caerulea_long,M_sativa_ssp_caerulea_long_Chr07,88,63,33,9,4,0,109
10,M_sativa_ssp_caerulea_long,M_sativa_ssp_caerulea_long_Chr07,89,67,35,12,3,0,117
10,M_sativa_ssp_caerulea_long,M_sativa_ssp_caerulea_long_Chr07,90,70,19,12,7,0,108
10,M_sativa_ssp_caerulea_long,M_sativa_ssp_caerulea_long_Chr07,91,12,2,1,0,0,15
10,M_sativa_ssp_caerulea_long,M_sativa_ssp_caerulea_long_Chr08,0,7,1,0,0,0,8
10,M_sativa_ssp_caerulea_long,M_sativa_ssp_caerulea_long_Chr08,1,38,11,4,4,0,57
10,M_sativa_ssp_caerulea_long,M_sativa_ssp_caerulea_long_Chr08,2,24,7,6,5,0,42
10,M_sativa_ssp_caerulea_long,M_sativa_ssp_caerulea_long_Chr08,3,34,16,3,0,0,53
10,M_sativa_ssp_caerulea_long,M_sativa_ssp_caerulea_long_Chr08,4,29,8,3,5,0,45
10,M_sativa_ssp_caerulea_long,M_sativa_ssp_caerulea_long_Chr08,5,49,9,6,1,0,65
10,M_sativa_ssp_caerulea_long,M_sativa_ssp_caerulea_long_Chr08,6,55,12,6,3,0,76
10,M_sativa_ssp_caerulea_long,M_sativa_ssp_caerulea_long_Chr08,7,62,19,12,6,0,99
10,M_sativa_ssp_caerulea_long,M_sativa_ssp_caerulea_long_Chr08,8,62,14,13,4,0,93
10,M_sativa_ssp_caerulea_long,M_sativa_ssp_caerulea_long_Chr08,9,56,21,3,5,0,85
10,M_sativa_ssp_caerulea_long,M_sativa_ssp_caerulea_long_Chr08,10,48,28,8,5,0,89
10,M_sativa_ssp_caerulea_long,M_sativa_ssp_caerulea_long_Chr08,11,57,14,11,5,0,87
10,M_sativa_ssp_caerulea_long,M_sativa_ssp_caerulea_long_Chr08,12,39,13,10,1,0,63
10,M_sativa_ssp_caerulea_long,M_sativa_ssp_caerulea_long_Chr08,13,38,35,2,6,0,81
10,M_sativa_ssp_caerulea_long,M_sativa_ssp_caerulea_long_Chr08,14,55,22,6,0,0,83
10,M_sativa_ssp_caerulea_long,M_sativa_ssp_caerulea_long_Chr08,15,56,16,7,1,0,80
10,M_sativa_ssp_caerulea_long,M_sativa_ssp_caerulea_long_Chr08,16,50,17,3,2,0,72
10,M_sativa_ssp_caerulea_long,M_sativa_ssp_caerulea_long_Chr08,17,49,23,11,4,0,87
10,M_sativa_ssp_caerulea_long,M_sativa_ssp_caerulea_long_Chr08,18,52,8,11,2,0,73
10,M_sativa_ssp_caerulea_long,M_sativa_ssp_caerulea_long_Chr08,19,60,12,7,6,0,85
10,M_sativa_ssp_caerulea_long,M_sativa_ssp_caerulea_long_Chr08,20,64,12,7,5,0,88
10,M_sativa_ssp_caerulea_long,M_sativa_ssp_caerulea_long_Chr08,21,52,16,4,6,0,78
10,M_sativa_ssp_caerulea_long,M_sativa_ssp_caerulea_long_Chr08,22,63,12,4,3,0,82
10,M_sativa_ssp_caerulea_long,M_sativa_ssp_caerulea_long_Chr08,23,29,8,3,7,0,47
10,M_sativa_ssp_caerulea_long,M_sativa_ssp_caerulea_long_Chr08,24,44,14,9,5,0,72
10,M_sativa_ssp_caerulea_long,M_sativa_ssp_caerulea_long_Chr08,25,46,17,4,7,0,74
10,M_sativa_ssp_caerulea_long,M_sativa_ssp_caerulea_long_Chr08,26,38,13,7,2,0,60
10,M_sativa_ssp_caerulea_long,M_sativa_ssp_caerulea_long_Chr08,27,51,8,10,5,0,74
10,M_sativa_ssp_caerulea_long,M_sativa_ssp_caerulea_long_Chr08,28,47,12,6,5,0,70
10,M_sativa_ssp_caerulea_long,M_sativa_ssp_caerulea_long_Chr08,29,41,20,6,5,0,72
10,M_sativa_ssp_caerulea_long,M_sativa_ssp_caerulea_long_Chr08,30,48,33,2,11,0,94
10,M_sativa_ssp_caerulea_long,M_sativa_ssp_caerulea_long_Chr08,31,61,15,9,4,0,89
10,M_sativa_ssp_caerulea_long,M_sativa_ssp_caerulea_long_Chr08,32,36,14,6,1,0,57
10,M_sativa_ssp_caerulea_long,M_sativa_ssp_caerulea_long_Chr08,33,34,35,8,2,0,79
10,M_sativa_ssp_caerulea_long,M_sativa_ssp_caerulea_long_Chr08,34,39,15,9,4,0,67
10,M_sativa_ssp_caerulea_long,M_sativa_ssp_caerulea_long_Chr08,35,30,7,3,3,0,43
10,M_sativa_ssp_caerulea_long,M_sativa_ssp_caerulea_long_Chr08,36,24,6,3,1,0,34
10,M_sativa_ssp_caerulea_long,M_sativa_ssp_caerulea_long_Chr08,37,35,7,8,3,0,53
10,M_sativa_ssp_caerulea_long,M_sativa_ssp_caerulea_long_Chr08,38,38,11,1,2,0,52
10,M_sativa_ssp_caerulea_long,M_sativa_ssp_caerulea_long_Chr08,39,33,6,3,3,0,45
10,M_sativa_ssp_caerulea_long,M_sativa_ssp_caerulea_long_Chr08,40,28,18,2,3,0,51
10,M_sativa_ssp_caerulea_long,M_sativa_ssp_caerulea_long_Chr08,41,23,8,3,0,0,34
10,M_sativa_ssp_caerulea_long,M_sativa_ssp_caerulea_long_Chr08,42,69,22,0,10,0,101
10,M_sativa_ssp_caerulea_long,M_sativa_ssp_caerulea_long_Chr08,43,53,15,7,1,0,76
10,M_sativa_ssp_caerulea_long,M_sativa_ssp_caerulea_long_Chr08,44,45,16,5,5,0,71
10,M_sativa_ssp_caerulea_long,M_sativa_ssp_caerulea_long_Chr08,45,12,15,6,1,0,34
10,M_sativa_ssp_caerulea_long,M_sativa_ssp_caerulea_long_Chr08,46,20,6,5,0,0,31
10,M_sativa_ssp_caerulea_long,M_sativa_ssp_caerulea_long_Chr08,47,32,12,4,0,0,48
10,M_sativa_ssp_caerulea_long,M_sativa_ssp_caerulea_long_Chr08,48,47,12,12,1,0,72
10,M_sativa_ssp_caerulea_long,M_sativa_ssp_caerulea_long_Chr08,49,30,16,7,4,0,57
10,M_sativa_ssp_caerulea_long,M_sativa_ssp_caerulea_long_Chr08,50,31,17,6,1,0,55
10,M_sativa_ssp_caerulea_long,M_sativa_ssp_caerulea_long_Chr08,51,50,14,6,3,0,73
10,M_sativa_ssp_caerulea_long,M_sativa_ssp_caerulea_long_Chr08,52,48,15,7,5,0,75
10,M_sativa_ssp_caerulea_long,M_sativa_ssp_caerulea_long_Chr08,53,53,6,12,3,0,74
10,M_sativa_ssp_caerulea_long,M_sativa_ssp_caerulea_long_Chr08,54,51,8,7,1,0,67
10,M_sativa_ssp_caerulea_long,M_sativa_ssp_caerulea_long_Chr08,55,42,15,6,4,0,67
10,M_sativa_ssp_caerulea_long,M_sativa_ssp_caerulea_long_Chr08,56,67,17,8,7,0,99
10,M_sativa_ssp_caerulea_long,M_sativa_ssp_caerulea_long_Chr08,57,40,8,7,4,0,59
10,M_sativa_ssp_caerulea_long,M_sativa_ssp_caerulea_long_Chr08,58,64,17,6,3,0,90
10,M_sativa_ssp_caerulea_long,M_sativa_ssp_caerulea_long_Chr08,59,36,8,5,1,0,50
10,M_sativa_ssp_caerulea_long,M_sativa_ssp_caerulea_long_Chr08,60,47,21,6,8,0,82
10,M_sativa_ssp_caerulea_long,M_sativa_ssp_caerulea_long_Chr08,61,57,15,12,7,0,91
10,M_sativa_ssp_caerulea_long,M_sativa_ssp_caerulea_long_Chr08,62,50,16,5,1,0,72
10,M_sativa_ssp_caerulea_long,M_sativa_ssp_caerulea_long_Chr08,63,52,16,9,3,0,80
10,M_sativa_ssp_caerulea_long,M_sativa_ssp_caerulea_long_Chr08,64,52,17,4,3,0,76
10,M_sativa_ssp_caerulea_long,M_sativa_ssp_caerulea_long_Chr08,65,53,10,6,3,0,72
10,M_sativa_ssp_caerulea_long,M_sativa_ssp_caerulea_long_Chr08,66,74,16,8,1,0,99
10,M_sativa_ssp_caerulea_long,M_sativa_ssp_caerulea_long_Chr08,67,66,17,8,5,0,96
10,M_sativa_ssp_caerulea_long,M_sativa_ssp_caerulea_long_Chr08,68,64,9,7,2,0,82
10,M_sativa_ssp_caerulea_long,M_sativa_ssp_caerulea_long_Chr08,69,58,4,6,3,0,71
10,M_sativa_ssp_caerulea_long,M_sativa_ssp_caerulea_long_Chr08,70,56,8,4,0,0,68
10,M_sativa_ssp_caerulea_long,M_sativa_ssp_caerulea_long_Chr08,71,69,12,6,1,0,88
10,M_sativa_ssp_caerulea_long,M_sativa_ssp_caerulea_long_Chr08,72,56,9,8,4,0,77
10,M_sativa_ssp_caerulea_long,M_sativa_ssp_caerulea_long_Chr08,73,52,14,9,4,0,79
10,M_sativa_ssp_caerulea_long,M_sativa_ssp_caerulea_long_Chr08,74,75,9,5,5,0,94
10,M_sativa_ssp_caerulea_long,M_sativa_ssp_caerulea_long_Chr08,75,76,10,13,4,0,103
10,M_sativa_ssp_caerulea_long,M_sativa_ssp_caerulea_long_Chr08,76,73,10,6,3,0,92
10,M_sativa_ssp_caerulea_long,M_sativa_ssp_caerulea_long_Chr08,77,85,13,5,5,0,108
10,M_sativa_ssp_caerulea_long,M_sativa_ssp_caerulea_long_Chr08,78,69,4,12,5,0,90
10,M_sativa_ssp_caerulea_long,M_sativa_ssp_caerulea_long_Chr08,79,79,12,6,1,0,98
10,M_sativa_ssp_caerulea_long,M_sativa_ssp_caerulea_long_Chr08,80,95,10,8,11,0,124
10,M_sativa_ssp_caerulea_long,M_sativa_ssp_caerulea_long_Chr08,81,57,13,11,7,0,88
10,M_sativa_ssp_caerulea_long,M_sativa_ssp_caerulea_long_Chr08,82,58,3,8,11,0,80
10,M_sativa_ssp_caerulea_long,M_sativa_ssp_caerulea_long_Chr08,83,69,12,10,5,0,96
10,M_sativa_ssp_caerulea_long,M_sativa_ssp_caerulea_long_Chr08,84,77,14,5,1,0,97
10,M_sativa_ssp_caerulea_long,M_sativa_ssp_caerulea_long_Chr08,85,72,6,10,2,0,90
10,M_sativa_ssp_caerulea_long,M_sativa_ssp_caerulea_long_Chr08,86,57,14,8,4,0,83
10,M_sativa_ssp_caerulea_long,M_sativa_ssp_caerulea_long_Chr08,87,85,10,11,6,0,112
10,M_sativa_ssp_caerulea_long,M_sativa_ssp_caerulea_long_Chr08,88,68,10,10,9,0,97
10,M_sativa_ssp_caerulea_long,M_sativa_ssp_caerulea_long_Chr08,89,87,5,18,2,0,112
10,M_sativa_ssp_caerulea_long,M_sativa_ssp_caerulea_long_Chr08,90,66,14,12,9,0,101
10,M_sativa_ssp_caerulea_long,M_sativa_ssp_caerulea_long_Chr08,91,64,14,8,6,0,92
10,M_sativa_ssp_caerulea_long,M_sativa_ssp_caerulea_long_Chr08,92,60,15,8,7,0,90
10,M_sativa_ssp_caerulea_long,M_sativa_ssp_caerulea_long_Chr08,93,89,11,9,9,0,118
10,M_sativa_ssp_caerulea_long,M_sativa_ssp_caerulea_long_Chr08,94,79,13,13,3,0,108
10,M_sativa_ssp_caerulea_long,M_sativa_ssp_caerulea_long_Chr08,95,60,14,14,3,0,91
10,M_sativa_ssp_caerulea_long,M_sativa_ssp_caerulea_long_Chr08,96,34,19,9,5,0,67
10,M_sativa_ssp_caerulea_long,M_sativa_ssp_caerulea_long_Chr08,97,1,0,0,0,0,1
11,M_truncatula_A17,M_truncatula_A17_Chr01,0,41,23,39,30,0,133
11,M_truncatula_A17,M_truncatula_A17_Chr01,1,65,10,13,37,0,126
11,M_truncatula_A17,M_truncatula_A17_Chr01,2,54,15,29,22,0,121
11,M_truncatula_A17,M_truncatula_A17_Chr01,3,40,11,36,31,0,119
11,M_truncatula_A17,M_truncatula_A17_Chr01,4,24,20,52,39,0,136
11,M_truncatula_A17,M_truncatula_A17_Chr01,5,48,7,45,44,0,144
11,M_truncatula_A17,M_truncatula_A17_Chr01,6,65,13,36,31,0,145
11,M_truncatula_A17,M_truncatula_A17_Chr01,7,51,36,21,45,0,158
11,M_truncatula_A17,M_truncatula_A17_Chr01,8,39,36,29,42,0,148
11,M_truncatula_A17,M_truncatula_A17_Chr01,9,37,25,17,58,0,137
11,M_truncatula_A17,M_truncatula_A17_Chr01,10,8,46,33,41,0,131
11,M_truncatula_A17,M_truncatula_A17_Chr01,11,29,50,23,50,0,152
11,M_truncatula_A17,M_truncatula_A17_Chr01,12,29,45,32,41,0,149
11,M_truncatula_A17,M_truncatula_A17_Chr01,13,14,14,35,36,0,101
11,M_truncatula_A17,M_truncatula_A17_Chr01,14,26,15,42,42,0,128
11,M_truncatula_A17,M_truncatula_A17_Chr01,15,24,19,33,56,0,133
11,M_truncatula_A17,M_truncatula_A17_Chr01,16,33,19,18,52,0,123
11,M_truncatula_A17,M_truncatula_A17_Chr01,17,27,25,20,47,0,122
11,M_truncatula_A17,M_truncatula_A17_Chr01,18,30,38,17,52,0,137
11,M_truncatula_A17,M_truncatula_A17_Chr01,19,20,25,11,43,0,101
11,M_truncatula_A17,M_truncatula_A17_Chr01,20,30,29,22,44,0,127
11,M_truncatula_A17,M_truncatula_A17_Chr01,21,17,11,11,25,0,64
11,M_truncatula_A17,M_truncatula_A17_Chr01,22,12,18,17,28,0,75
11,M_truncatula_A17,M_truncatula_A17_Chr01,25,0,0,0,2,0,2
11,M_truncatula_A17,M_truncatula_A17_Chr01,30,1,2,1,3,0,7
11,M_truncatula_A17,M_truncatula_A17_Chr01,31,20,10,2,23,0,56
11,M_truncatula_A17,M_truncatula_A17_Chr01,32,12,5,11,34,0,63
11,M_truncatula_A17,M_truncatula_A17_Chr01,33,6,13,12,26,0,57
11,M_truncatula_A17,M_truncatula_A17_Chr01,34,23,22,11,47,0,104
11,M_truncatula_A17,M_truncatula_A17_Chr01,35,24,35,15,19,0,93
11,M_truncatula_A17,M_truncatula_A17_Chr01,36,28,27,13,54,0,123
11,M_truncatula_A17,M_truncatula_A17_Chr01,37,22,42,20,47,0,133
11,M_truncatula_A17,M_truncatula_A17_Chr01,38,20,54,19,41,0,134
11,M_truncatula_A17,M_truncatula_A17_Chr01,39,37,35,18,27,0,117
11,M_truncatula_A17,M_truncatula_A17_Chr01,40,30,47,15,35,0,129
11,M_truncatula_A17,M_truncatula_A17_Chr01,41,29,43,14,36,0,124
11,M_truncatula_A17,M_truncatula_A17_Chr01,42,30,47,16,41,0,135
11,M_truncatula_A17,M_truncatula_A17_Chr01,43,26,45,21,30,0,124
11,M_truncatula_A17,M_truncatula_A17_Chr01,44,33,44,17,48,0,143
11,M_truncatula_A17,M_truncatula_A17_Chr01,45,34,43,16,35,0,129
11,M_truncatula_A17,M_truncatula_A17_Chr01,46,41,44,13,35,0,134
11,M_truncatula_A17,M_truncatula_A17_Chr01,47,44,51,15,30,0,142
11,M_truncatula_A17,M_truncatula_A17_Chr01,48,49,47,23,29,0,148
11,M_truncatula_A17,M_truncatula_A17_Chr01,49,29,51,21,41,0,142
11,M_truncatula_A17,M_truncatula_A17_Chr01,50,37,47,16,30,0,130
11,M_truncatula_A17,M_truncatula_A17_Chr01,51,41,39,21,31,0,134
11,M_truncatula_A17,M_truncatula_A17_Chr01,52,46,49,26,39,0,161
11,M_truncatula_A17,M_truncatula_A17_Chr01,53,34,31,23,40,0,128
11,M_truncatula_A17,M_truncatula_A17_Chr01,54,37,37,16,49,0,142
11,M_truncatula_A17,M_truncatula_A17_Chr01,55,31,38,32,34,0,136
11,M_truncatula_A17,M_truncatula_A17_Chr01,56,43,42,24,36,0,147
11,M_truncatula_A17,M_truncatula_A17_Chr01,57,36,50,23,45,0,156
11,M_truncatula_A17,M_truncatula_A17_Chr01,58,39,44,27,43,0,154
11,M_truncatula_A17,M_truncatula_A17_Chr01,59,57,40,20,46,0,163
11,M_truncatula_A17,M_truncatula_A17_Chr01,60,58,32,24,39,0,153
11,M_truncatula_A17,M_truncatula_A17_Chr01,61,43,42,9,37,0,131
11,M_truncatula_A17,M_truncatula_A17_Chr01,62,49,35,21,28,0,134
11,M_truncatula_A17,M_truncatula_A17_Chr01,63,49,35,29,45,0,160
11,M_truncatula_A17,M_truncatula_A17_Chr01,64,40,15,20,18,0,95
11,M_truncatula_A17,M_truncatula_A17_Chr02,0,58,18,29,66,0,171
11,M_truncatula_A17,M_truncatula_A17_Chr02,1,65,27,29,46,0,168
11,M_truncatula_A17,M_truncatula_A17_Chr02,2,42,55,27,58,0,185
11,M_truncatula_A17,M_truncatula_A17_Chr02,3,35,27,48,43,0,155
11,M_truncatula_A17,M_truncatula_A17_Chr02,4,37,38,40,46,0,162
11,M_truncatula_A17,M_truncatula_A17_Chr02,5,44,12,44,47,0,147
11,M_truncatula_A17,M_truncatula_A17_Chr02,6,48,21,30,26,0,127
11,M_truncatula_A17,M_truncatula_A17_Chr02,7,48,21,31,59,0,160
11,M_truncatula_A17,M_truncatula_A17_Chr02,8,71,10,22,49,0,152
11,M_truncatula_A17,M_truncatula_A17_Chr02,9,60,11,16,78,0,166
11,M_truncatula_A17,M_truncatula_A17_Chr02,10,65,6,23,68,0,164
11,M_truncatula_A17,M_truncatula_A17_Chr02,11,65,17,14,22,0,120
11,M_truncatula_A17,M_truncatula_A17_Chr02,12,50,9,21,53,0,134
11,M_truncatula_A17,M_truncatula_A17_Chr02,13,68,8,16,59,0,153
11,M_truncatula_A17,M_truncatula_A17_Chr02,14,60,18,19,31,0,131
11,M_truncatula_A17,M_truncatula_A17_Chr02,15,54,21,18,64,0,159
11,M_truncatula_A17,M_truncatula_A17_Chr02,16,48,17,21,65,0,151
11,M_truncatula_A17,M_truncatula_A17_Chr02,17,44,14,21,70,0,152
11,M_truncatula_A17,M_truncatula_A17_Chr02,18,47,15,13,47,0,124
11,M_truncatula_A17,M_truncatula_A17_Chr02,19,53,15,14,57,0,141
11,M_truncatula_A17,M_truncatula_A17_Chr02,20,32,6,24,40,0,102
11,M_truncatula_A17,M_truncatula_A17_Chr02,21,40,12,12,68,0,133
11,M_truncatula_A17,M_truncatula_A17_Chr02,22,19,3,7,28,0,57
11,M_truncatula_A17,M_truncatula_A17_Chr02,23,21,7,19,28,0,76
11,M_truncatula_A17,M_truncatula_A17_Chr02,24,7,2,0,8,0,17
11,M_truncatula_A17,M_truncatula_A17_Chr02,25,6,3,3,7,0,19
11,M_truncatula_A17,M_truncatula_A17_Chr02,26,19,1,6,18,0,44
11,M_truncatula_A17,M_truncatula_A17_Chr02,27,6,0,0,3,0,10
11,M_truncatula_A17,M_truncatula_A17_Chr02,35,5,4,1,7,0,17
11,M_truncatula_A17,M_truncatula_A17_Chr02,36,8,3,6,9,0,27
11,M_truncatula_A17,M_truncatula_A17_Chr02,37,17,11,15,29,0,73
11,M_truncatula_A17,M_truncatula_A17_Chr02,38,27,15,15,51,0,109
11,M_truncatula_A17,M_truncatula_A17_Chr02,39,26,16,11,44,0,98
11,M_truncatula_A17,M_truncatula_A17_Chr02,40,42,23,16,39,0,121
11,M_truncatula_A17,M_truncatula_A17_Chr02,41,23,12,21,34,0,91
11,M_truncatula_A17,M_truncatula_A17_Chr02,42,20,18,13,40,0,91
11,M_truncatula_A17,M_truncatula_A17_Chr02,43,46,19,13,55,0,137
11,M_truncatula_A17,M_truncatula_A17_Chr02,44,35,23,21,43,0,126
11,M_truncatula_A17,M_truncatula_A17_Chr02,45,33,17,30,60,0,140
11,M_truncatula_A17,M_truncatula_A17_Chr02,46,35,21,19,56,0,132
11,M_truncatula_A17,M_truncatula_A17_Chr02,47,40,33,26,33,0,133
11,M_truncatula_A17,M_truncatula_A17_Chr02,48,36,29,26,57,0,149
11,M_truncatula_A17,M_truncatula_A17_Chr02,49,41,35,22,58,0,156
11,M_truncatula_A17,M_truncatula_A17_Chr02,50,39,32,21,47,0,139
11,M_truncatula_A17,M_truncatula_A17_Chr02,51,29,51,20,48,0,148
11,M_truncatula_A17,M_truncatula_A17_Chr02,52,35,37,30,48,0,151
11,M_truncatula_A17,M_truncatula_A17_Chr02,53,37,41,20,53,0,152
11,M_truncatula_A17,M_truncatula_A17_Chr02,54,33,27,27,41,0,128
11,M_truncatula_A17,M_truncatula_A17_Chr02,55,46,47,10,45,0,152
11,M_truncatula_A17,M_truncatula_A17_Chr02,56,55,32,19,43,0,149
11,M_truncatula_A17,M_truncatula_A17_Chr02,57,55,43,12,46,0,156
11,M_truncatula_A17,M_truncatula_A17_Chr02,58,51,30,16,46,0,144
11,M_truncatula_A17,M_truncatula_A17_Chr02,59,58,37,26,53,0,176
11,M_truncatula_A17,M_truncatula_A17_Chr02,60,11,11,4,12,0,39
11,M_truncatula_A17,M_truncatula_A17_Chr03,0,50,21,21,44,0,139
11,M_truncatula_A17,M_truncatula_A17_Chr03,1,38,38,22,30,0,129
11,M_truncatula_A17,M_truncatula_A17_Chr03,2,49,24,26,46,0,145
11,M_truncatula_A17,M_truncatula_A17_Chr03,3,31,32,17,40,0,123
11,M_truncatula_A17,M_truncatula_A17_Chr03,4,46,4,14,77,0,141
11,M_truncatula_A17,M_truncatula_A17_Chr03,5,25,33,17,56,0,131
11,M_truncatula_A17,M_truncatula_A17_Chr03,6,26,26,8,52,0,115
11,M_truncatula_A17,M_truncatula_A17_Chr03,7,41,15,16,39,0,114
11,M_truncatula_A17,M_truncatula_A17_Chr03,8,35,15,21,51,0,127
11,M_truncatula_A17,M_truncatula_A17_Chr03,9,31,15,25,57,0,129
11,M_truncatula_A17,M_truncatula_A17_Chr03,10,36,11,19,50,0,119
11,M_truncatula_A17,M_truncatula_A17_Chr03,11,30,9,13,57,0,111
11,M_truncatula_A17,M_truncatula_A17_Chr03,12,28,6,21,42,0,97
11,M_truncatula_A17,M_truncatula_A17_Chr03,13,31,28,10,21,0,92
11,M_truncatula_A17,M_truncatula_A17_Chr03,14,12,3,11,32,0,61
11,M_truncatula_A17,M_truncatula_A17_Chr03,15,16,11,20,22,0,70
11,M_truncatula_A17,M_truncatula_A17_Chr03,16,20,14,12,24,0,71
11,M_truncatula_A17,M_truncatula_A17_Chr03,17,4,0,5,13,0,24
11,M_truncatula_A17,M_truncatula_A17_Chr03,18,3,5,3,16,0,27
11,M_truncatula_A17,M_truncatula_A17_Chr03,23,3,0,0,0,0,3
11,M_truncatula_A17,M_truncatula_A17_Chr03,24,0,0,0,1,0,1
11,M_truncatula_A17,M_truncatula_A17_Chr03,26,0,0,2,0,0,2
11,M_truncatula_A17,M_truncatula_A17_Chr03,27,2,1,3,6,0,12
11,M_truncatula_A17,M_truncatula_A17_Chr03,28,13,6,8,22,0,49
11,M_truncatula_A17,M_truncatula_A17_Chr03,29,17,6,15,36,0,75
11,M_truncatula_A17,M_truncatula_A17_Chr03,30,15,18,10,20,0,63
11,M_truncatula_A17,M_truncatula_A17_Chr03,31,22,12,8,35,0,78
11,M_truncatula_A17,M_truncatula_A17_Chr03,32,22,9,14,22,0,70
11,M_truncatula_A17,M_truncatula_A17_Chr03,33,29,12,25,50,0,116
11,M_truncatula_A17,M_truncatula_A17_Chr03,34,21,31,20,43,0,115
11,M_truncatula_A17,M_truncatula_A17_Chr03,35,35,21,33,49,0,140
11,M_truncatula_A17,M_truncatula_A17_Chr03,36,37,29,18,46,0,133
11,M_truncatula_A17,M_truncatula_A17_Chr03,37,35,30,15,23,0,108
11,M_truncatula_A17,M_truncatula_A17_Chr03,38,48,24,21,45,0,138
11,M_truncatula_A17,M_truncatula_A17_Chr03,39,33,33,25,54,0,146
11,M_truncatula_A17,M_truncatula_A17_Chr03,40,26,33,20,35,0,116
11,M_truncatula_A17,M_truncatula_A17_Chr03,41,28,30,29,31,0,125
11,M_truncatula_A17,M_truncatula_A17_Chr03,42,33,26,22,48,0,136
11,M_truncatula_A17,M_truncatula_A17_Chr03,43,56,28,11,44,0,139
11,M_truncatula_A17,M_truncatula_A17_Chr03,44,23,25,24,66,0,138
11,M_truncatula_A17,M_truncatula_A17_Chr03,45,42,38,22,60,0,168
11,M_truncatula_A17,M_truncatula_A17_Chr03,46,26,38,30,39,0,138
11,M_truncatula_A17,M_truncatula_A17_Chr03,47,41,28,23,38,0,131
11,M_truncatula_A17,M_truncatula_A17_Chr03,48,55,26,19,38,0,139
11,M_truncatula_A17,M_truncatula_A17_Chr03,49,65,13,15,40,0,134
11,M_truncatula_A17,M_truncatula_A17_Chr03,50,48,31,26,32,0,139
11,M_truncatula_A17,M_truncatula_A17_Chr03,51,43,34,26,57,0,161
11,M_truncatula_A17,M_truncatula_A17_Chr03,52,47,29,40,40,0,158
11,M_truncatula_A17,M_truncatula_A17_Chr03,53,63,29,24,29,0,147
11,M_truncatula_A17,M_truncatula_A17_Chr03,54,61,28,17,43,0,149
11,M_truncatula_A17,M_truncatula_A17_Chr03,55,50,35,23,35,0,144
11,M_truncatula_A17,M_truncatula_A17_Chr03,56,47,28,24,40,0,141
11,M_truncatula_A17,M_truncatula_A17_Chr03,57,47,30,31,39,0,148
11,M_truncatula_A17,M_truncatula_A17_Chr03,58,69,18,25,33,0,146
11,M_truncatula_A17,M_truncatula_A17_Chr03,59,65,23,20,34,0,142
11,M_truncatula_A17,M_truncatula_A17_Chr03,60,64,15,18,27,0,127
11,M_truncatula_A17,M_truncatula_A17_Chr03,61,63,16,35,26,0,140
11,M_truncatula_A17,M_truncatula_A17_Chr03,62,53,31,28,34,0,148
11,M_truncatula_A17,M_truncatula_A17_Chr03,63,60,25,20,37,0,143
11,M_truncatula_A17,M_truncatula_A17_Chr03,64,61,26,25,33,0,146
11,M_truncatula_A17,M_truncatula_A17_Chr03,65,69,18,21,42,0,153
11,M_truncatula_A17,M_truncatula_A17_Chr03,66,58,23,26,24,0,133
11,M_truncatula_A17,M_truncatula_A17_Chr03,67,66,22,26,33,0,147
11,M_truncatula_A17,M_truncatula_A17_Chr03,68,56,26,21,30,0,134
11,M_truncatula_A17,M_truncatula_A17_Chr03,69,66,23,15,45,0,151
11,M_truncatula_A17,M_truncatula_A17_Chr04,0,43,28,23,32,0,129
11,M_truncatula_A17,M_truncatula_A17_Chr04,1,42,15,31,62,0,151
11,M_truncatula_A17,M_truncatula_A17_Chr04,2,43,21,25,45,0,134
11,M_truncatula_A17,M_truncatula_A17_Chr04,3,53,27,15,32,0,129
11,M_truncatula_A17,M_truncatula_A17_Chr04,4,56,21,19,42,0,139
11,M_truncatula_A17,M_truncatula_A17_Chr04,5,51,16,21,57,0,149
11,M_truncatula_A17,M_truncatula_A17_Chr04,6,34,21,20,54,0,130
11,M_truncatula_A17,M_truncatula_A17_Chr04,7,47,14,19,47,0,130
11,M_truncatula_A17,M_truncatula_A17_Chr04,8,49,21,29,57,0,157
11,M_truncatula_A17,M_truncatula_A17_Chr04,9,36,10,11,67,0,127
11,M_truncatula_A17,M_truncatula_A17_Chr04,10,48,10,13,45,0,116
11,M_truncatula_A17,M_truncatula_A17_Chr04,11,40,17,32,46,0,136
11,M_truncatula_A17,M_truncatula_A17_Chr04,12,54,18,18,51,0,143
11,M_truncatula_A17,M_truncatula_A17_Chr04,13,31,10,17,47,0,107
11,M_truncatula_A17,M_truncatula_A17_Chr04,14,17,10,29,44,0,102
11,M_truncatula_A17,M_truncatula_A17_Chr04,15,17,5,12,21,0,55
11,M_truncatula_A17,M_truncatula_A17_Chr04,16,21,6,22,28,0,78
11,M_truncatula_A17,M_truncatula_A17_Chr04,17,26,6,7,28,0,67
11,M_truncatula_A17,M_truncatula_A17_Chr04,18,6,2,6,18,0,33
11,M_truncatula_A17,M_truncatula_A17_Chr04,19,1,0,0,2,0,3
11,M_truncatula_A17,M_truncatula_A17_Chr04,20,0,0,0,1,0,1
11,M_truncatula_A17,M_truncatula_A17_Chr04,24,3,2,2,4,0,11
11,M_truncatula_A17,M_truncatula_A17_Chr04,25,3,1,9,21,0,34
11,M_truncatula_A17,M_truncatula_A17_Chr04,26,15,8,11,28,0,62
11,M_truncatula_A17,M_truncatula_A17_Chr04,27,20,7,12,25,0,64
11,M_truncatula_A17,M_truncatula_A17_Chr04,28,23,3,9,19,0,54
11,M_truncatula_A17,M_truncatula_A17_Chr04,29,21,13,14,51,0,100
11,M_truncatula_A17,M_truncatula_A17_Chr04,30,22,14,14,35,0,85
11,M_truncatula_A17,M_truncatula_A17_Chr04,31,36,21,21,34,0,114
11,M_truncatula_A17,M_truncatula_A17_Chr04,32,37,29,23,44,0,135
11,M_truncatula_A17,M_truncatula_A17_Chr04,33,34,10,19,40,0,103
11,M_truncatula_A17,M_truncatula_A17_Chr04,34,35,21,23,46,0,126
11,M_truncatula_A17,M_truncatula_A17_Chr04,35,35,27,30,54,0,146
11,M_truncatula_A17,M_truncatula_A17_Chr04,36,47,21,20,33,0,121
11,M_truncatula_A17,M_truncatula_A17_Chr04,37,58,25,13,70,0,170
11,M_truncatula_A17,M_truncatula_A17_Chr04,38,37,19,18,47,0,122
11,M_truncatula_A17,M_truncatula_A17_Chr04,39,51,29,20,47,0,147
11,M_truncatula_A17,M_truncatula_A17_Chr04,40,54,30,31,76,0,193
11,M_truncatula_A17,M_truncatula_A17_Chr04,41,57,28,19,30,0,135
11,M_truncatula_A17,M_truncatula_A17_Chr04,42,46,33,14,44,0,137
11,M_truncatula_A17,M_truncatula_A17_Chr04,43,51,43,15,32,0,141
11,M_truncatula_A17,M_truncatula_A17_Chr04,44,60,32,18,40,0,152
11,M_truncatula_A17,M_truncatula_A17_Chr04,45,54,39,11,44,0,149
11,M_truncatula_A17,M_truncatula_A17_Chr04,46,63,21,18,38,0,142
11,M_truncatula_A17,M_truncatula_A17_Chr04,47,40,52,12,26,0,130
11,M_truncatula_A17,M_truncatula_A17_Chr04,48,61,41,14,45,0,164
11,M_truncatula_A17,M_truncatula_A17_Chr04,49,48,36,31,52,0,169
11,M_truncatula_A17,M_truncatula_A17_Chr04,50,60,39,19,37,0,158
11,M_truncatula_A17,M_truncatula_A17_Chr04,51,62,41,17,29,0,149
11,M_truncatula_A17,M_truncatula_A17_Chr04,52,62,19,21,24,0,128
11,M_truncatula_A17,M_truncatula_A17_Chr04,53,60,20,13,32,0,128
11,M_truncatula_A17,M_truncatula_A17_Chr04,54,45,41,26,37,0,152
11,M_truncatula_A17,M_truncatula_A17_Chr04,55,55,37,17,54,0,168
11,M_truncatula_A17,M_truncatula_A17_Chr04,56,63,31,12,38,0,146
11,M_truncatula_A17,M_truncatula_A17_Chr04,57,65,29,29,32,0,156
11,M_truncatula_A17,M_truncatula_A17_Chr04,58,52,29,23,44,0,148
11,M_truncatula_A17,M_truncatula_A17_Chr04,59,61,18,26,35,0,141
11,M_truncatula_A17,M_truncatula_A17_Chr04,60,73,26,10,35,0,146
11,M_truncatula_A17,M_truncatula_A17_Chr04,61,62,26,16,42,0,149
11,M_truncatula_A17,M_truncatula_A17_Chr04,62,63,44,22,34,0,163
11,M_truncatula_A17,M_truncatula_A17_Chr04,63,48,34,19,35,0,137
11,M_truncatula_A17,M_truncatula_A17_Chr04,64,75,14,25,48,0,164
11,M_truncatula_A17,M_truncatula_A17_Chr05,0,64,31,20,25,0,142
11,M_truncatula_A17,M_truncatula_A17_Chr05,1,70,24,31,49,0,177
11,M_truncatula_A17,M_truncatula_A17_Chr05,2,64,25,31,40,0,160
11,M_truncatula_A17,M_truncatula_A17_Chr05,3,75,19,18,38,0,152
11,M_truncatula_A17,M_truncatula_A17_Chr05,4,70,10,22,26,0,129
11,M_truncatula_A17,M_truncatula_A17_Chr05,5,68,13,19,27,0,129
11,M_truncatula_A17,M_truncatula_A17_Chr05,6,69,15,20,39,0,146
11,M_truncatula_A17,M_truncatula_A17_Chr05,7,69,16,12,39,0,137
11,M_truncatula_A17,M_truncatula_A17_Chr05,8,62,26,15,22,0,127
11,M_truncatula_A17,M_truncatula_A17_Chr05,9,62,22,24,51,0,161
11,M_truncatula_A17,M_truncatula_A17_Chr05,10,58,24,28,38,0,149
11,M_truncatula_A17,M_truncatula_A17_Chr05,11,62,8,18,35,0,125
11,M_truncatula_A17,M_truncatula_A17_Chr05,12,34,21,19,44,0,121
11,M_truncatula_A17,M_truncatula_A17_Chr05,13,58,11,15,30,0,114
11,M_truncatula_A17,M_truncatula_A17_Chr05,14,48,15,17,49,0,129
11,M_truncatula_A17,M_truncatula_A17_Chr05,15,38,28,23,55,0,147
11,M_truncatula_A17,M_truncatula_A17_Chr05,16,58,6,17,46,0,130
11,M_truncatula_A17,M_truncatula_A17_Chr05,17,46,13,21,47,0,128
11,M_truncatula_A17,M_truncatula_A17_Chr05,18,46,15,20,40,0,123
11,M_truncatula_A17,M_truncatula_A17_Chr05,19,50,30,16,45,0,142
11,M_truncatula_A17,M_truncatula_A17_Chr05,20,35,7,14,31,0,87
11,M_truncatula_A17,M_truncatula_A17_Chr05,21,21,14,16,44,0,97
11,M_truncatula_A17,M_truncatula_A17_Chr05,22,16,3,8,29,0,56
11,M_truncatula_A17,M_truncatula_A17_Chr05,23,3,6,19,46,0,74
11,M_truncatula_A17,M_truncatula_A17_Chr05,24,4,2,1,4,0,11
11,M_truncatula_A17,M_truncatula_A17_Chr05,25,5,0,8,18,0,31
11,M_truncatula_A17,M_truncatula_A17_Chr05,26,1,0,4,3,0,8
11,M_truncatula_A17,M_truncatula_A17_Chr05,29,1,0,0,0,0,1
11,M_truncatula_A17,M_truncatula_A17_Chr05,32,1,0,0,0,0,1
11,M_truncatula_A17,M_truncatula_A17_Chr05,33,0,0,1,0,0,1
11,M_truncatula_A17,M_truncatula_A17_Chr05,34,7,5,3,12,0,31
11,M_truncatula_A17,M_truncatula_A17_Chr05,35,15,8,20,37,0,80
11,M_truncatula_A17,M_truncatula_A17_Chr05,36,12,0,19,29,0,65
11,M_truncatula_A17,M_truncatula_A17_Chr05,37,11,14,11,33,0,71
11,M_truncatula_A17,M_truncatula_A17_Chr05,38,43,14,28,48,0,134
11,M_truncatula_A17,M_truncatula_A17_Chr05,39,18,6,31,41,0,96
11,M_truncatula_A17,M_truncatula_A17_Chr05,40,21,10,37,51,0,122
11,M_truncatula_A17,M_truncatula_A17_Chr05,41,24,15,33,44,0,116
11,M_truncatula_A17,M_truncatula_A17_Chr05,42,37,20,28,44,0,130
11,M_truncatula_A17,M_truncatula_A17_Chr05,43,50,10,23,44,0,129
11,M_truncatula_A17,M_truncatula_A17_Chr05,44,61,19,29,53,0,164
11,M_truncatula_A17,M_truncatula_A17_Chr05,45,46,20,19,55,0,142
11,M_truncatula_A17,M_truncatula_A17_Chr05,46,44,29,21,33,0,128
11,M_truncatula_A17,M_truncatula_A17_Chr05,47,49,16,31,47,0,145
11,M_truncatula_A17,M_truncatula_A17_Chr05,48,44,18,21,49,0,132
11,M_truncatula_A17,M_truncatula_A17_Chr05,49,41,28,20,52,0,142
11,M_truncatula_A17,M_truncatula_A17_Chr05,50,51,19,25,48,0,145
11,M_truncatula_A17,M_truncatula_A17_Chr05,51,48,19,26,61,0,155
11,M_truncatula_A17,M_truncatula_A17_Chr05,52,56,8,12,37,0,115
11,M_truncatula_A17,M_truncatula_A17_Chr05,53,56,25,22,49,0,153
11,M_truncatula_A17,M_truncatula_A17_Chr05,54,65,26,20,37,0,149
11,M_truncatula_A17,M_truncatula_A17_Chr05,55,64,21,33,45,0,166
11,M_truncatula_A17,M_truncatula_A17_Chr05,56,61,30,36,58,0,190
11,M_truncatula_A17,M_truncatula_A17_Chr05,57,55,25,22,45,0,151
11,M_truncatula_A17,M_truncatula_A17_Chr05,58,26,7,12,22,0,68
11,M_truncatula_A17,M_truncatula_A17_Chr06,0,62,18,20,34,0,136
11,M_truncatula_A17,M_truncatula_A17_Chr06,1,52,10,19,56,0,139
11,M_truncatula_A17,M_truncatula_A17_Chr06,2,65,11,17,38,0,132
11,M_truncatula_A17,M_truncatula_A17_Chr06,3,56,13,12,36,0,121
11,M_truncatula_A17,M_truncatula_A17_Chr06,4,52,14,16,51,0,134
11,M_truncatula_A17,M_truncatula_A17_Chr06,5,48,31,18,47,0,144
11,M_truncatula_A17,M_truncatula_A17_Chr06,6,52,9,29,46,0,137
11,M_truncatula_A17,M_truncatula_A17_Chr06,7,46,18,29,41,0,134
11,M_truncatula_A17,M_truncatula_A17_Chr06,8,47,11,32,67,0,158
11,M_truncatula_A17,M_truncatula_A17_Chr06,9,32,11,32,36,0,112
11,M_truncatula_A17,M_truncatula_A17_Chr06,10,48,8,22,34,0,114
11,M_truncatula_A17,M_truncatula_A17_Chr06,11,41,3,24,51,0,119
11,M_truncatula_A17,M_truncatula_A17_Chr06,12,25,16,23,42,0,107
11,M_truncatula_A17,M_truncatula_A17_Chr06,13,31,16,15,44,0,106
11,M_truncatula_A17,M_truncatula_A17_Chr06,14,41,11,24,45,0,122
11,M_truncatula_A17,M_truncatula_A17_Chr06,15,38,12,19,49,0,118
11,M_truncatula_A17,M_truncatula_A17_Chr06,16,27,7,29,43,0,106
11,M_truncatula_A17,M_truncatula_A17_Chr06,17,29,8,16,37,0,93
11,M_truncatula_A17,M_truncatula_A17_Chr06,18,17,5,17,36,0,75
11,M_truncatula_A17,M_truncatula_A17_Chr06,19,25,5,21,54,0,105
11,M_truncatula_A17,M_truncatula_A17_Chr06,20,17,3,8,19,0,48
11,M_truncatula_A17,M_truncatula_A17_Chr06,21,21,3,16,32,0,72
11,M_truncatula_A17,M_truncatula_A17_Chr06,22,17,3,7,16,0,43
11,M_truncatula_A17,M_truncatula_A17_Chr06,23,16,5,17,38,0,79
11,M_truncatula_A17,M_truncatula_A17_Chr06,24,12,6,6,16,0,40
11,M_truncatula_A17,M_truncatula_A17_Chr06,25,8,8,2,21,0,39
11,M_truncatula_A17,M_truncatula_A17_Chr06,29,0,0,0,1,0,1
11,M_truncatula_A17,M_truncatula_A17_Chr06,30,2,0,0,0,0,2
11,M_truncatula_A17,M_truncatula_A17_Chr06,31,3,2,3,15,0,23
11,M_truncatula_A17,M_truncatula_A17_Chr06,32,9,2,12,34,0,58
11,M_truncatula_A17,M_truncatula_A17_Chr06,33,8,1,9,33,0,51
11,M_truncatula_A17,M_truncatula_A17_Chr06,34,19,6,14,36,0,76
11,M_truncatula_A17,M_truncatula_A17_Chr06,35,22,4,12,37,0,76
11,M_truncatula_A17,M_truncatula_A17_Chr06,36,13,6,7,29,0,56
11,M_truncatula_A17,M_truncatula_A17_Chr06,37,19,9,14,32,0,75
11,M_truncatula_A17,M_truncatula_A17_Chr06,38,36,15,21,52,0,125
11,M_truncatula_A17,M_truncatula_A17_Chr06,39,33,21,16,58,0,131
11,M_truncatula_A17,M_truncatula_A17_Chr06,40,43,8,14,34,0,102
11,M_truncatula_A17,M_truncatula_A17_Chr06,41,27,14,19,41,0,102
11,M_truncatula_A17,M_truncatula_A17_Chr06,42,25,19,17,42,0,106
11,M_truncatula_A17,M_truncatula_A17_Chr06,43,42,20,22,43,0,127
11,M_truncatula_A17,M_truncatula_A17_Chr06,44,36,9,21,68,0,135
11,M_truncatula_A17,M_truncatula_A17_Chr06,45,38,13,14,42,0,108
11,M_truncatula_A17,M_truncatula_A17_Chr06,46,40,12,22,42,0,117
11,M_truncatula_A17,M_truncatula_A17_Chr06,47,55,8,22,53,0,142
11,M_truncatula_A17,M_truncatula_A17_Chr06,48,42,17,21,46,0,127
11,M_truncatula_A17,M_truncatula_A17_Chr06,49,44,11,21,47,0,124
11,M_truncatula_A17,M_truncatula_A17_Chr07,0,34,15,17,51,0,119
11,M_truncatula_A17,M_truncatula_A17_Chr07,1,33,14,37,67,0,155
11,M_truncatula_A17,M_truncatula_A17_Chr07,2,37,16,24,112,0,189
11,M_truncatula_A17,M_truncatula_A17_Chr07,3,70,10,10,55,0,148
11,M_truncatula_A17,M_truncatula_A17_Chr07,4,45,11,17,34,0,111
11,M_truncatula_A17,M_truncatula_A17_Chr07,5,40,15,19,62,0,137
11,M_truncatula_A17,M_truncatula_A17_Chr07,6,39,6,19,30,0,94
11,M_truncatula_A17,M_truncatula_A17_Chr07,7,61,26,13,41,0,143
11,M_truncatula_A17,M_truncatula_A17_Chr07,8,47,21,13,61,0,142
11,M_truncatula_A17,M_truncatula_A17_Chr07,9,39,14,16,53,0,123
11,M_truncatula_A17,M_truncatula_A17_Chr07,10,44,8,16,64,0,132
11,M_truncatula_A17,M_truncatula_A17_Chr07,11,32,2,25,75,0,136
11,M_truncatula_A17,M_truncatula_A17_Chr07,12,37,9,19,51,0,117
11,M_truncatula_A17,M_truncatula_A17_Chr07,13,29,9,14,37,0,91
11,M_truncatula_A17,M_truncatula_A17_Chr07,14,20,3,18,48,0,90
11,M_truncatula_A17,M_truncatula_A17_Chr07,15,6,4,4,12,0,27
11,M_truncatula_A17,M_truncatula_A17_Chr07,16,11,5,2,20,0,38
11,M_truncatula_A17,M_truncatula_A17_Chr07,17,4,7,10,22,0,44
11,M_truncatula_A17,M_truncatula_A17_Chr07,18,13,11,8,14,0,46
11,M_truncatula_A17,M_truncatula_A17_Chr07,20,0,0,1,0,0,1
11,M_truncatula_A17,M_truncatula_A17_Chr07,23,0,0,0,1,0,1
11,M_truncatula_A17,M_truncatula_A17_Chr07,26,5,6,4,7,0,22
11,M_truncatula_A17,M_truncatula_A17_Chr07,27,9,6,9,14,0,38
11,M_truncatula_A17,M_truncatula_A17_Chr07,28,29,8,22,44,0,104
11,M_truncatula_A17,M_truncatula_A17_Chr07,29,14,8,8,31,0,62
11,M_truncatula_A17,M_truncatula_A17_Chr07,30,18,12,15,45,0,91
11,M_truncatula_A17,M_truncatula_A17_Chr07,31,36,19,21,80,0,158
11,M_truncatula_A17,M_truncatula_A17_Chr07,32,36,20,16,35,0,109
11,M_truncatula_A17,M_truncatula_A17_Chr07,33,40,8,27,50,0,126
11,M_truncatula_A17,M_truncatula_A17_Chr07,34,25,9,31,58,0,124
11,M_truncatula_A17,M_truncatula_A17_Chr07,35,41,23,21,45,0,132
11,M_truncatula_A17,M_truncatula_A17_Chr07,36,39,19,20,40,0,120
11,M_truncatula_A17,M_truncatula_A17_Chr07,37,31,13,32,48,0,125
11,M_truncatula_A17,M_truncatula_A17_Chr07,38,44,21,35,48,0,148
11,M_truncatula_A17,M_truncatula_A17_Chr07,39,52,11,23,35,0,122
11,M_truncatula_A17,M_truncatula_A17_Chr07,40,63,9,25,56,0,153
11,M_truncatula_A17,M_truncatula_A17_Chr07,41,59,12,17,44,0,134
11,M_truncatula_A17,M_truncatula_A17_Chr07,42,62,18,27,50,0,158
11,M_truncatula_A17,M_truncatula_A17_Chr07,43,70,18,28,67,0,185
11,M_truncatula_A17,M_truncatula_A17_Chr07,44,66,18,19,71,0,174
11,M_truncatula_A17,M_truncatula_A17_Chr07,45,50,33,23,54,0,161
11,M_truncatula_A17,M_truncatula_A17_Chr07,46,62,20,20,56,0,164
11,M_truncatula_A17,M_truncatula_A17_Chr07,47,70,16,32,72,0,191
11,M_truncatula_A17,M_truncatula_A17_Chr07,48,79,15,18,53,0,170
11,M_truncatula_A17,M_truncatula_A17_Chr07,49,58,18,12,59,0,148
11,M_truncatula_A17,M_truncatula_A17_Chr07,50,71,17,24,40,0,155
11,M_truncatula_A17,M_truncatula_A17_Chr07,51,68,18,28,52,0,168
11,M_truncatula_A17,M_truncatula_A17_Chr07,52,65,10,31,39,0,145
11,M_truncatula_A17,M_truncatula_A17_Chr07,53,51,41,17,46,0,157
11,M_truncatula_A17,M_truncatula_A17_Chr07,54,59,33,21,39,0,154
11,M_truncatula_A17,M_truncatula_A17_Chr07,55,44,31,25,52,0,153
11,M_truncatula_A17,M_truncatula_A17_Chr07,56,70,13,13,38,0,135
11,M_truncatula_A17,M_truncatula_A17_Chr07,57,65,19,24,45,0,154
11,M_truncatula_A17,M_truncatula_A17_Chr07,58,78,24,25,33,0,162
11,M_truncatula_A17,M_truncatula_A17_Chr07,59,72,17,21,46,0,156
11,M_truncatula_A17,M_truncatula_A17_Chr07,60,53,32,28,50,0,166
11,M_truncatula_A17,M_truncatula_A17_Chr07,61,68,32,28,60,0,188
11,M_truncatula_A17,M_truncatula_A17_Chr07,62,73,27,26,26,0,154
11,M_truncatula_A17,M_truncatula_A17_Chr07,63,75,7,21,43,0,146
11,M_truncatula_A17,M_truncatula_A17_Chr08,0,63,11,20,39,0,134
11,M_truncatula_A17,M_truncatula_A17_Chr08,1,57,15,34,48,0,155
11,M_truncatula_A17,M_truncatula_A17_Chr08,2,73,11,30,60,0,177
11,M_truncatula_A17,M_truncatula_A17_Chr08,3,56,19,18,60,0,155
11,M_truncatula_A17,M_truncatula_A17_Chr08,4,55,22,19,36,0,135
11,M_truncatula_A17,M_truncatula_A17_Chr08,5,50,19,19,43,0,132
11,M_truncatula_A17,M_truncatula_A17_Chr08,6,48,12,16,38,0,114
11,M_truncatula_A17,M_truncatula_A17_Chr08,7,60,12,16,39,0,130
11,M_truncatula_A17,M_truncatula_A17_Chr08,8,56,13,17,42,0,130
11,M_truncatula_A17,M_truncatula_A17_Chr08,9,49,8,13,37,0,109
11,M_truncatula_A17,M_truncatula_A17_Chr08,10,66,12,18,34,0,130
11,M_truncatula_A17,M_truncatula_A17_Chr08,11,74,6,24,34,0,139
11,M_truncatula_A17,M_truncatula_A17_Chr08,12,40,19,26,34,0,120
11,M_truncatula_A17,M_truncatula_A17_Chr08,13,81,6,16,23,0,128
11,M_truncatula_A17,M_truncatula_A17_Chr08,14,53,17,22,71,0,163
11,M_truncatula_A17,M_truncatula_A17_Chr08,15,47,19,21,42,0,131
11,M_truncatula_A17,M_truncatula_A17_Chr08,16,72,4,15,51,0,144
11,M_truncatula_A17,M_truncatula_A17_Chr08,17,49,10,17,57,0,134
11,M_truncatula_A17,M_truncatula_A17_Chr08,18,21,8,16,38,0,88
11,M_truncatula_A17,M_truncatula_A17_Chr08,19,21,6,17,33,0,78
11,M_truncatula_A17,M_truncatula_A17_Chr08,20,25,1,13,39,0,80
11,M_truncatula_A17,M_truncatula_A17_Chr08,21,24,7,10,38,0,83
11,M_truncatula_A17,M_truncatula_A17_Chr08,22,5,1,0,8,0,14
11,M_truncatula_A17,M_truncatula_A17_Chr08,23,1,1,0,1,0,3
11,M_truncatula_A17,M_truncatula_A17_Chr08,24,0,0,0,1,0,1
11,M_truncatula_A17,M_truncatula_A17_Chr08,29,4,9,5,4,0,22
11,M_truncatula_A17,M_truncatula_A17_Chr08,30,21,6,11,27,0,66
11,M_truncatula_A17,M_truncatula_A17_Chr08,31,37,4,16,26,0,83
11,M_truncatula_A17,M_truncatula_A17_Chr08,32,38,4,19,39,0,100
11,M_truncatula_A17,M_truncatula_A17_Chr08,33,31,8,16,53,0,108
11,M_truncatula_A17,M_truncatula_A17_Chr08,34,42,6,17,37,0,102
11,M_truncatula_A17,M_truncatula_A17_Chr08,35,38,11,17,39,0,107
11,M_truncatula_A17,M_truncatula_A17_Chr08,36,56,25,23,48,0,153
11,M_truncatula_A17,M_truncatula_A17_Chr08,37,49,14,27,53,0,146
11,M_truncatula_A17,M_truncatula_A17_Chr08,38,66,14,20,43,0,143
11,M_truncatula_A17,M_truncatula_A17_Chr08,39,62,5,23,45,0,140
11,M_truncatula_A17,M_truncatula_A17_Chr08,40,59,5,20,45,0,131
11,M_truncatula_A17,M_truncatula_A17_Chr08,41,88,7,15,43,0,153
11,M_truncatula_A17,M_truncatula_A17_Chr08,42,78,7,21,33,0,139
11,M_truncatula_A17,M_truncatula_A17_Chr08,43,65,5,15,52,0,138
11,M_truncatula_A17,M_truncatula_A17_Chr08,44,61,6,17,25,0,111
11,M_truncatula_A17,M_truncatula_A17_Chr08,45,68,3,18,26,0,116
11,M_truncatula_A17,M_truncatula_A17_Chr08,46,72,9,13,26,0,121
11,M_truncatula_A17,M_truncatula_A17_Chr08,47,75,5,23,22,0,126
11,M_truncatula_A17,M_truncatula_A17_Chr08,48,75,4,20,44,0,144
11,M_truncatula_A17,M_truncatula_A17_Chr08,49,79,5,17,33,0,135
11,M_truncatula_A17,M_truncatula_A17_Chr08,50,86,3,24,38,0,152
11,M_truncatula_A17,M_truncatula_A17_Chr08,51,67,8,27,40,0,142
11,M_truncatula_A17,M_truncatula_A17_Chr08,52,63,7,25,40,0,136
11,M_truncatula_A17,M_truncatula_A17_Chr08,53,73,6,22,46,0,149
11,M_truncatula_A17,M_truncatula_A17_Chr08,54,82,4,28,42,0,156
11,M_truncatula_A17,M_truncatula_A17_Chr08,55,81,10,20,36,0,148
11,M_truncatula_A17,M_truncatula_A17_Chr08,56,67,3,31,35,0,138
11,M_truncatula_A17,M_truncatula_A17_Chr08,57,80,6,23,25,0,136
11,M_truncatula_A17,M_truncatula_A17_Chr08,58,63,11,29,38,0,142
11,M_truncatula_A17,M_truncatula_A17_Chr08,59,60,11,16,52,0,139
11,M_truncatula_A17,M_truncatula_A17_Chr08,60,75,14,23,42,0,155
11,M_truncatula_A17,M_truncatula_A17_Chr08,61,72,13,36,39,0,165
11,M_truncatula_A17,M_truncatula_A17_Chr08,62,11,2,6,4,0,24
12,M_truncatula_HM078,M_truncatula_HM078_Chr01,0,48,13,33,5,0,99
12,M_truncatula_HM078,M_truncatula_HM078_Chr01,1,21,18,51,9,0,99
12,M_truncatula_HM078,M_truncatula_HM078_Chr01,2,50,9,28,11,0,98
12,M_truncatula_HM078,M_truncatula_HM078_Chr01,3,49,18,22,15,0,104
12,M_truncatula_HM078,M_truncatula_HM078_Chr01,4,55,10,17,13,0,95
12,M_truncatula_HM078,M_truncatula_HM078_Chr01,5,36,25,49,11,0,121
12,M_truncatula_HM078,M_truncatula_HM078_Chr01,6,62,14,34,14,0,124
12,M_truncatula_HM078,M_truncatula_HM078_Chr01,7,48,32,19,17,0,116
12,M_truncatula_HM078,M_truncatula_HM078_Chr01,8,36,35,32,13,0,116
12,M_truncatula_HM078,M_truncatula_HM078_Chr01,9,32,31,26,13,0,102
12,M_truncatula_HM078,M_truncatula_HM078_Chr01,10,11,50,38,15,0,114
12,M_truncatula_HM078,M_truncatula_HM078_Chr01,11,33,45,18,9,0,105
12,M_truncatula_HM078,M_truncatula_HM078_Chr01,12,28,43,30,7,0,108
12,M_truncatula_HM078,M_truncatula_HM078_Chr01,13,20,14,28,15,0,77
12,M_truncatula_HM078,M_truncatula_HM078_Chr01,14,16,10,40,20,0,87
12,M_truncatula_HM078,M_truncatula_HM078_Chr01,15,19,32,27,29,0,107
12,M_truncatula_HM078,M_truncatula_HM078_Chr01,16,34,15,18,11,0,78
12,M_truncatula_HM078,M_truncatula_HM078_Chr01,17,38,28,16,20,0,103
12,M_truncatula_HM078,M_truncatula_HM078_Chr01,18,22,33,14,12,0,81
12,M_truncatula_HM078,M_truncatula_HM078_Chr01,19,27,33,15,27,0,102
12,M_truncatula_HM078,M_truncatula_HM078_Chr01,20,27,20,19,18,0,85
12,M_truncatula_HM078,M_truncatula_HM078_Chr01,21,22,24,14,26,0,86
12,M_truncatula_HM078,M_truncatula_HM078_Chr01,22,4,2,3,6,0,15
12,M_truncatula_HM078,M_truncatula_HM078_Chr01,23,0,0,1,0,0,1
12,M_truncatula_HM078,M_truncatula_HM078_Chr01,26,1,0,0,0,0,1
12,M_truncatula_HM078,M_truncatula_HM078_Chr01,27,1,0,1,2,0,4
12,M_truncatula_HM078,M_truncatula_HM078_Chr01,29,2,1,3,1,0,7
12,M_truncatula_HM078,M_truncatula_HM078_Chr01,30,15,12,4,13,0,44
12,M_truncatula_HM078,M_truncatula_HM078_Chr01,31,15,12,16,19,0,62
12,M_truncatula_HM078,M_truncatula_HM078_Chr01,32,8,23,9,10,0,50
12,M_truncatula_HM078,M_truncatula_HM078_Chr01,33,21,23,11,17,0,72
12,M_truncatula_HM078,M_truncatula_HM078_Chr01,34,28,29,9,15,0,81
12,M_truncatula_HM078,M_truncatula_HM078_Chr01,35,24,31,11,16,0,82
12,M_truncatula_HM078,M_truncatula_HM078_Chr01,36,17,45,25,9,0,96
12,M_truncatula_HM078,M_truncatula_HM078_Chr01,37,23,48,16,8,0,95
12,M_truncatula_HM078,M_truncatula_HM078_Chr01,38,33,37,15,13,0,98
12,M_truncatula_HM078,M_truncatula_HM078_Chr01,39,25,47,15,8,0,95
12,M_truncatula_HM078,M_truncatula_HM078_Chr01,40,37,41,17,12,0,107
12,M_truncatula_HM078,M_truncatula_HM078_Chr01,41,26,47,13,14,0,100
12,M_truncatula_HM078,M_truncatula_HM078_Chr01,42,25,55,14,8,0,103
12,M_truncatula_HM078,M_truncatula_HM078_Chr01,43,33,34,13,10,0,90
12,M_truncatula_HM078,M_truncatula_HM078_Chr01,44,34,45,14,10,0,103
12,M_truncatula_HM078,M_truncatula_HM078_Chr01,45,45,37,11,16,0,109
12,M_truncatula_HM078,M_truncatula_HM078_Chr01,46,44,51,12,8,0,115
12,M_truncatula_HM078,M_truncatula_HM078_Chr01,47,46,46,22,5,0,119
12,M_truncatula_HM078,M_truncatula_HM078_Chr01,48,30,54,18,8,0,110
12,M_truncatula_HM078,M_truncatula_HM078_Chr01,49,44,47,19,13,0,123
12,M_truncatula_HM078,M_truncatula_HM078_Chr01,50,51,35,18,6,0,110
12,M_truncatula_HM078,M_truncatula_HM078_Chr01,51,40,49,18,14,0,121
12,M_truncatula_HM078,M_truncatula_HM078_Chr01,52,36,30,22,17,0,105
12,M_truncatula_HM078,M_truncatula_HM078_Chr01,53,36,35,19,9,0,99
12,M_truncatula_HM078,M_truncatula_HM078_Chr01,54,32,41,27,11,0,111
12,M_truncatula_HM078,M_truncatula_HM078_Chr01,55,40,43,28,18,0,129
12,M_truncatula_HM078,M_truncatula_HM078_Chr01,56,39,44,20,19,0,122
12,M_truncatula_HM078,M_truncatula_HM078_Chr01,57,40,42,23,4,0,109
12,M_truncatula_HM078,M_truncatula_HM078_Chr01,58,47,43,24,5,0,119
12,M_truncatula_HM078,M_truncatula_HM078_Chr01,59,53,33,17,20,0,124
12,M_truncatula_HM078,M_truncatula_HM078_Chr01,60,45,33,9,3,0,90
12,M_truncatula_HM078,M_truncatula_HM078_Chr01,61,45,41,21,14,0,121
12,M_truncatula_HM078,M_truncatula_HM078_Chr01,62,55,31,28,13,0,127
12,M_truncatula_HM078,M_truncatula_HM078_Chr01,63,44,18,18,6,0,86
12,M_truncatula_HM078,M_truncatula_HM078_Chr02,0,57,19,32,12,0,120
12,M_truncatula_HM078,M_truncatula_HM078_Chr02,1,59,24,25,15,0,123
12,M_truncatula_HM078,M_truncatula_HM078_Chr02,2,36,52,25,10,0,123
12,M_truncatula_HM078,M_truncatula_HM078_Chr02,3,26,24,44,12,0,106
12,M_truncatula_HM078,M_truncatula_HM078_Chr02,4,38,36,35,13,0,122
12,M_truncatula_HM078,M_truncatula_HM078_Chr02,5,50,14,47,10,0,121
12,M_truncatula_HM078,M_truncatula_HM078_Chr02,6,53,22,28,11,0,114
12,M_truncatula_HM078,M_truncatula_HM078_Chr02,7,49,20,25,15,0,109
12,M_truncatula_HM078,M_truncatula_HM078_Chr02,8,54,7,8,7,0,76
12,M_truncatula_HM078,M_truncatula_HM078_Chr02,9,60,12,11,11,0,94
12,M_truncatula_HM078,M_truncatula_HM078_Chr02,10,70,7,23,9,0,109
12,M_truncatula_HM078,M_truncatula_HM078_Chr02,11,60,15,11,8,0,95
12,M_truncatula_HM078,M_truncatula_HM078_Chr02,12,47,9,15,12,0,84
12,M_truncatula_HM078,M_truncatula_HM078_Chr02,13,57,10,16,11,0,94
12,M_truncatula_HM078,M_truncatula_HM078_Chr02,14,63,22,16,11,0,112
12,M_truncatula_HM078,M_truncatula_HM078_Chr02,15,50,17,18,9,0,94
12,M_truncatula_HM078,M_truncatula_HM078_Chr02,16,35,18,23,4,0,80
12,M_truncatula_HM078,M_truncatula_HM078_Chr02,17,42,20,10,14,0,86
12,M_truncatula_HM078,M_truncatula_HM078_Chr02,18,42,17,20,22,0,101
12,M_truncatula_HM078,M_truncatula_HM078_Chr02,19,35,11,9,15,0,70
12,M_truncatula_HM078,M_truncatula_HM078_Chr02,20,38,13,19,15,0,85
12,M_truncatula_HM078,M_truncatula_HM078_Chr02,21,26,5,7,8,0,46
12,M_truncatula_HM078,M_truncatula_HM078_Chr02,22,23,8,13,19,0,63
12,M_truncatula_HM078,M_truncatula_HM078_Chr02,23,32,14,14,26,0,86
12,M_truncatula_HM078,M_truncatula_HM078_Chr02,24,17,7,24,10,0,59
12,M_truncatula_HM078,M_truncatula_HM078_Chr02,25,33,9,17,15,0,74
12,M_truncatula_HM078,M_truncatula_HM078_Chr02,26,19,10,10,4,0,44
12,M_truncatula_HM078,M_truncatula_HM078_Chr02,27,10,38,7,7,0,62
12,M_truncatula_HM078,M_truncatula_HM078_Chr02,28,0,0,0,1,0,1
12,M_truncatula_HM078,M_truncatula_HM078_Chr02,29,0,2,0,1,0,3
12,M_truncatula_HM078,M_truncatula_HM078_Chr02,30,0,0,1,0,0,1
12,M_truncatula_HM078,M_truncatula_HM078_Chr02,31,1,0,0,0,0,1
12,M_truncatula_HM078,M_truncatula_HM078_Chr02,32,1,1,0,0,0,2
12,M_truncatula_HM078,M_truncatula_HM078_Chr02,35,2,0,0,1,0,3
12,M_truncatula_HM078,M_truncatula_HM078_Chr02,38,1,0,0,0,0,1
12,M_truncatula_HM078,M_truncatula_HM078_Chr02,39,1,1,0,0,0,2
12,M_truncatula_HM078,M_truncatula_HM078_Chr02,40,4,4,2,2,0,12
12,M_truncatula_HM078,M_truncatula_HM078_Chr02,41,13,14,7,15,0,49
12,M_truncatula_HM078,M_truncatula_HM078_Chr02,42,18,11,14,17,0,62
12,M_truncatula_HM078,M_truncatula_HM078_Chr02,43,32,22,13,22,0,91
12,M_truncatula_HM078,M_truncatula_HM078_Chr02,44,23,17,16,7,0,63
12,M_truncatula_HM078,M_truncatula_HM078_Chr02,45,38,31,14,21,0,104
12,M_truncatula_HM078,M_truncatula_HM078_Chr02,46,28,17,14,17,0,76
12,M_truncatula_HM078,M_truncatula_HM078_Chr02,47,40,24,14,15,0,93
12,M_truncatula_HM078,M_truncatula_HM078_Chr02,48,34,20,15,19,0,89
12,M_truncatula_HM078,M_truncatula_HM078_Chr02,49,37,28,12,14,0,91
12,M_truncatula_HM078,M_truncatula_HM078_Chr02,50,19,27,30,10,0,86
12,M_truncatula_HM078,M_truncatula_HM078_Chr02,51,37,21,15,8,0,81
12,M_truncatula_HM078,M_truncatula_HM078_Chr02,52,33,27,30,14,0,104
12,M_truncatula_HM078,M_truncatula_HM078_Chr02,53,36,33,21,5,0,95
12,M_truncatula_HM078,M_truncatula_HM078_Chr02,54,37,40,18,7,0,102
12,M_truncatula_HM078,M_truncatula_HM078_Chr02,55,36,31,19,18,0,105
12,M_truncatula_HM078,M_truncatula_HM078_Chr02,56,29,48,12,11,0,100
12,M_truncatula_HM078,M_truncatula_HM078_Chr02,57,41,35,25,21,0,122
12,M_truncatula_HM078,M_truncatula_HM078_Chr02,58,38,39,19,20,0,116
12,M_truncatula_HM078,M_truncatula_HM078_Chr02,59,31,31,24,11,0,97
12,M_truncatula_HM078,M_truncatula_HM078_Chr02,60,43,48,9,10,0,110
12,M_truncatula_HM078,M_truncatula_HM078_Chr02,61,48,33,19,10,0,110
12,M_truncatula_HM078,M_truncatula_HM078_Chr02,62,59,43,9,15,0,126
12,M_truncatula_HM078,M_truncatula_HM078_Chr02,63,47,36,18,6,0,108
12,M_truncatula_HM078,M_truncatula_HM078_Chr02,64,55,33,17,14,0,119
12,M_truncatula_HM078,M_truncatula_HM078_Chr02,65,8,6,5,1,0,20
12,M_truncatula_HM078,M_truncatula_HM078_Chr03,0,46,22,15,7,0,90
12,M_truncatula_HM078,M_truncatula_HM078_Chr03,1,38,36,16,17,0,107
12,M_truncatula_HM078,M_truncatula_HM078_Chr03,2,36,28,16,14,0,94
12,M_truncatula_HM078,M_truncatula_HM078_Chr03,3,32,27,17,18,0,95
12,M_truncatula_HM078,M_truncatula_HM078_Chr03,4,31,13,15,15,0,74
12,M_truncatula_HM078,M_truncatula_HM078_Chr03,5,27,25,19,18,0,89
12,M_truncatula_HM078,M_truncatula_HM078_Chr03,6,42,17,12,13,0,84
12,M_truncatula_HM078,M_truncatula_HM078_Chr03,7,42,19,12,15,0,88
12,M_truncatula_HM078,M_truncatula_HM078_Chr03,8,18,15,11,11,0,56
12,M_truncatula_HM078,M_truncatula_HM078_Chr03,9,36,10,17,11,0,74
12,M_truncatula_HM078,M_truncatula_HM078_Chr03,10,25,11,11,21,0,68
12,M_truncatula_HM078,M_truncatula_HM078_Chr03,11,30,5,19,26,0,80
12,M_truncatula_HM078,M_truncatula_HM078_Chr03,12,25,28,15,23,0,91
12,M_truncatula_HM078,M_truncatula_HM078_Chr03,13,25,5,14,22,0,67
12,M_truncatula_HM078,M_truncatula_HM078_Chr03,14,14,10,12,18,0,54
12,M_truncatula_HM078,M_truncatula_HM078_Chr03,15,19,17,13,19,0,69
12,M_truncatula_HM078,M_truncatula_HM078_Chr03,16,12,18,17,19,0,66
12,M_truncatula_HM078,M_truncatula_HM078_Chr03,17,9,8,9,4,0,30
12,M_truncatula_HM078,M_truncatula_HM078_Chr03,18,2,0,0,0,0,2
12,M_truncatula_HM078,M_truncatula_HM078_Chr03,20,1,0,1,0,0,2
12,M_truncatula_HM078,M_truncatula_HM078_Chr03,21,6,6,5,10,0,27
12,M_truncatula_HM078,M_truncatula_HM078_Chr03,22,20,14,11,12,0,57
12,M_truncatula_HM078,M_truncatula_HM078_Chr03,23,26,15,20,21,0,82
12,M_truncatula_HM078,M_truncatula_HM078_Chr03,24,24,17,17,19,0,77
12,M_truncatula_HM078,M_truncatula_HM078_Chr03,25,21,17,11,15,0,65
12,M_truncatula_HM078,M_truncatula_HM078_Chr03,26,35,15,25,14,0,89
12,M_truncatula_HM078,M_truncatula_HM078_Chr03,27,13,27,23,11,0,74
12,M_truncatula_HM078,M_truncatula_HM078_Chr03,28,39,21,24,16,0,100
12,M_truncatula_HM078,M_truncatula_HM078_Chr03,29,36,12,16,18,0,82
12,M_truncatula_HM078,M_truncatula_HM078_Chr03,30,38,20,16,18,0,92
12,M_truncatula_HM078,M_truncatula_HM078_Chr03,31,45,22,14,13,0,95
12,M_truncatula_HM078,M_truncatula_HM078_Chr03,32,31,25,20,13,0,89
12,M_truncatula_HM078,M_truncatula_HM078_Chr03,33,21,38,17,8,0,84
12,M_truncatula_HM078,M_truncatula_HM078_Chr03,34,29,23,25,12,0,89
12,M_truncatula_HM078,M_truncatula_HM078_Chr03,35,42,31,23,17,0,113
12,M_truncatula_HM078,M_truncatula_HM078_Chr03,36,58,18,10,9,0,95
12,M_truncatula_HM078,M_truncatula_HM078_Chr03,37,36,23,25,17,0,101
12,M_truncatula_HM078,M_truncatula_HM078_Chr03,38,28,45,19,7,0,99
12,M_truncatula_HM078,M_truncatula_HM078_Chr03,39,38,32,31,14,0,115
12,M_truncatula_HM078,M_truncatula_HM078_Chr03,40,37,24,21,11,0,93
12,M_truncatula_HM078,M_truncatula_HM078_Chr03,41,64,26,14,11,0,115
12,M_truncatula_HM078,M_truncatula_HM078_Chr03,42,65,11,15,9,0,100
12,M_truncatula_HM078,M_truncatula_HM078_Chr03,43,46,40,23,10,0,119
12,M_truncatula_HM078,M_truncatula_HM078_Chr03,44,50,31,36,8,0,125
12,M_truncatula_HM078,M_truncatula_HM078_Chr03,45,44,33,32,14,0,123
12,M_truncatula_HM078,M_truncatula_HM078_Chr03,46,73,25,19,12,0,129
12,M_truncatula_HM078,M_truncatula_HM078_Chr03,47,52,34,25,10,0,121
12,M_truncatula_HM078,M_truncatula_HM078_Chr03,48,49,37,14,14,0,114
12,M_truncatula_HM078,M_truncatula_HM078_Chr03,49,50,23,35,11,0,120
12,M_truncatula_HM078,M_truncatula_HM078_Chr03,50,56,24,16,10,0,106
12,M_truncatula_HM078,M_truncatula_HM078_Chr03,51,64,23,23,11,0,121
12,M_truncatula_HM078,M_truncatula_HM078_Chr03,52,75,17,21,8,0,121
12,M_truncatula_HM078,M_truncatula_HM078_Chr03,53,60,20,21,10,0,111
12,M_truncatula_HM078,M_truncatula_HM078_Chr03,54,54,20,30,16,0,120
12,M_truncatula_HM078,M_truncatula_HM078_Chr03,55,60,30,22,12,0,124
12,M_truncatula_HM078,M_truncatula_HM078_Chr03,56,72,28,22,9,0,132
12,M_truncatula_HM078,M_truncatula_HM078_Chr03,57,59,22,25,16,0,122
12,M_truncatula_HM078,M_truncatula_HM078_Chr03,58,63,16,21,11,0,111
12,M_truncatula_HM078,M_truncatula_HM078_Chr03,59,68,23,24,13,0,128
12,M_truncatula_HM078,M_truncatula_HM078_Chr03,60,56,23,20,10,0,109
12,M_truncatula_HM078,M_truncatula_HM078_Chr03,61,65,18,19,12,0,114
12,M_truncatula_HM078,M_truncatula_HM078_Chr03,62,24,19,7,4,0,54
12,M_truncatula_HM078,M_truncatula_HM078_Chr04,0,37,32,21,7,0,97
12,M_truncatula_HM078,M_truncatula_HM078_Chr04,1,48,14,24,28,0,114
12,M_truncatula_HM078,M_truncatula_HM078_Chr04,2,45,21,15,14,0,95
12,M_truncatula_HM078,M_truncatula_HM078_Chr04,3,55,27,19,25,0,126
12,M_truncatula_HM078,M_truncatula_HM078_Chr04,4,39,19,22,22,0,102
12,M_truncatula_HM078,M_truncatula_HM078_Chr04,5,36,8,17,22,0,83
12,M_truncatula_HM078,M_truncatula_HM078_Chr04,6,34,11,16,16,0,77
12,M_truncatula_HM078,M_truncatula_HM078_Chr04,7,34,22,20,19,0,95
12,M_truncatula_HM078,M_truncatula_HM078_Chr04,8,64,17,14,19,0,114
12,M_truncatula_HM078,M_truncatula_HM078_Chr04,9,35,19,12,21,0,87
12,M_truncatula_HM078,M_truncatula_HM078_Chr04,10,51,10,10,19,0,90
12,M_truncatula_HM078,M_truncatula_HM078_Chr04,11,44,6,16,18,0,84
12,M_truncatula_HM078,M_truncatula_HM078_Chr04,12,28,12,19,18,0,77
12,M_truncatula_HM078,M_truncatula_HM078_Chr04,13,53,8,21,17,0,99
12,M_truncatula_HM078,M_truncatula_HM078_Chr04,14,31,13,14,10,0,68
12,M_truncatula_HM078,M_truncatula_HM078_Chr04,15,15,14,33,35,0,98
12,M_truncatula_HM078,M_truncatula_HM078_Chr04,16,26,15,11,21,0,73
12,M_truncatula_HM078,M_truncatula_HM078_Chr04,17,31,14,15,15,0,76
12,M_truncatula_HM078,M_truncatula_HM078_Chr04,18,22,12,7,16,0,57
12,M_truncatula_HM078,M_truncatula_HM078_Chr04,19,14,7,9,10,0,40
12,M_truncatula_HM078,M_truncatula_HM078_Chr04,25,1,0,0,0,0,1
12,M_truncatula_HM078,M_truncatula_HM078_Chr04,26,2,2,3,1,0,8
12,M_truncatula_HM078,M_truncatula_HM078_Chr04,27,15,14,13,24,0,66
12,M_truncatula_HM078,M_truncatula_HM078_Chr04,28,18,17,6,12,0,54
12,M_truncatula_HM078,M_truncatula_HM078_Chr04,29,28,14,13,16,0,71
12,M_truncatula_HM078,M_truncatula_HM078_Chr04,30,23,11,12,20,0,67
12,M_truncatula_HM078,M_truncatula_HM078_Chr04,31,26,14,11,17,0,68
12,M_truncatula_HM078,M_truncatula_HM078_Chr04,32,27,21,17,16,0,81
12,M_truncatula_HM078,M_truncatula_HM078_Chr04,33,37,32,17,14,0,100
12,M_truncatula_HM078,M_truncatula_HM078_Chr04,34,33,16,18,10,0,77
12,M_truncatula_HM078,M_truncatula_HM078_Chr04,35,44,22,22,20,0,108
12,M_truncatula_HM078,M_truncatula_HM078_Chr04,36,35,29,21,12,0,97
12,M_truncatula_HM078,M_truncatula_HM078_Chr04,37,42,22,16,11,0,91
12,M_truncatula_HM078,M_truncatula_HM078_Chr04,38,59,23,17,19,0,118
12,M_truncatula_HM078,M_truncatula_HM078_Chr04,39,40,16,16,15,0,87
12,M_truncatula_HM078,M_truncatula_HM078_Chr04,40,54,35,15,10,0,114
12,M_truncatula_HM078,M_truncatula_HM078_Chr04,41,53,31,22,11,0,117
12,M_truncatula_HM078,M_truncatula_HM078_Chr04,42,58,25,25,9,0,117
12,M_truncatula_HM078,M_truncatula_HM078_Chr04,43,40,34,15,8,0,97
12,M_truncatula_HM078,M_truncatula_HM078_Chr04,44,54,39,10,6,0,109
12,M_truncatula_HM078,M_truncatula_HM078_Chr04,45,56,37,13,15,0,121
12,M_truncatula_HM078,M_truncatula_HM078_Chr04,46,47,27,22,17,0,113
12,M_truncatula_HM078,M_truncatula_HM078_Chr04,47,54,22,16,15,0,107
12,M_truncatula_HM078,M_truncatula_HM078_Chr04,48,51,37,10,7,0,105
12,M_truncatula_HM078,M_truncatula_HM078_Chr04,49,42,41,14,21,0,119
12,M_truncatula_HM078,M_truncatula_HM078_Chr04,50,51,38,21,11,0,122
12,M_truncatula_HM078,M_truncatula_HM078_Chr04,51,64,42,26,22,0,155
12,M_truncatula_HM078,M_truncatula_HM078_Chr04,52,55,40,12,9,0,116
12,M_truncatula_HM078,M_truncatula_HM078_Chr04,53,65,20,17,11,0,113
12,M_truncatula_HM078,M_truncatula_HM078_Chr04,54,67,19,14,18,0,118
12,M_truncatula_HM078,M_truncatula_HM078_Chr04,55,43,40,21,11,0,115
12,M_truncatula_HM078,M_truncatula_HM078_Chr04,56,54,28,22,16,0,120
12,M_truncatula_HM078,M_truncatula_HM078_Chr04,57,59,37,10,10,0,116
12,M_truncatula_HM078,M_truncatula_HM078_Chr04,58,59,34,22,10,0,125
12,M_truncatula_HM078,M_truncatula_HM078_Chr04,59,50,29,23,13,0,115
12,M_truncatula_HM078,M_truncatula_HM078_Chr04,60,65,21,26,14,0,126
12,M_truncatula_HM078,M_truncatula_HM078_Chr04,61,73,21,17,10,0,122
12,M_truncatula_HM078,M_truncatula_HM078_Chr04,62,49,25,24,13,0,112
12,M_truncatula_HM078,M_truncatula_HM078_Chr04,63,60,35,10,17,0,122
12,M_truncatula_HM078,M_truncatula_HM078_Chr04,64,65,33,25,15,0,138
12,M_truncatula_HM078,M_truncatula_HM078_Chr04,65,62,33,19,12,0,126
12,M_truncatula_HM078,M_truncatula_HM078_Chr04,66,37,4,9,7,0,57
12,M_truncatula_HM078,M_truncatula_HM078_Chr05,0,67,32,19,11,0,130
12,M_truncatula_HM078,M_truncatula_HM078_Chr05,1,64,22,23,16,0,125
12,M_truncatula_HM078,M_truncatula_HM078_Chr05,2,62,26,21,16,0,125
12,M_truncatula_HM078,M_truncatula_HM078_Chr05,3,74,19,18,9,0,120
12,M_truncatula_HM078,M_truncatula_HM078_Chr05,4,68,11,22,14,0,115
12,M_truncatula_HM078,M_truncatula_HM078_Chr05,5,68,11,17,12,0,108
12,M_truncatula_HM078,M_truncatula_HM078_Chr05,6,62,14,29,13,0,118
12,M_truncatula_HM078,M_truncatula_HM078_Chr05,7,72,22,6,9,0,109
12,M_truncatula_HM078,M_truncatula_HM078_Chr05,8,59,25,14,10,0,108
12,M_truncatula_HM078,M_truncatula_HM078_Chr05,9,62,20,20,10,0,113
12,M_truncatula_HM078,M_truncatula_HM078_Chr05,10,79,20,19,11,0,129
12,M_truncatula_HM078,M_truncatula_HM078_Chr05,11,60,11,15,10,0,96
12,M_truncatula_HM078,M_truncatula_HM078_Chr05,12,43,21,15,15,0,94
12,M_truncatula_HM078,M_truncatula_HM078_Chr05,13,51,13,10,9,0,83
12,M_truncatula_HM078,M_truncatula_HM078_Chr05,14,35,30,14,18,0,97
12,M_truncatula_HM078,M_truncatula_HM078_Chr05,15,45,15,15,18,0,94
12,M_truncatula_HM078,M_truncatula_HM078_Chr05,16,53,7,11,15,0,86
12,M_truncatula_HM078,M_truncatula_HM078_Chr05,17,41,11,19,15,0,86
12,M_truncatula_HM078,M_truncatula_HM078_Chr05,18,48,21,15,15,0,100
12,M_truncatula_HM078,M_truncatula_HM078_Chr05,19,40,26,16,14,0,96
12,M_truncatula_HM078,M_truncatula_HM078_Chr05,20,34,9,23,18,0,84
12,M_truncatula_HM078,M_truncatula_HM078_Chr05,21,20,14,10,17,0,61
12,M_truncatula_HM078,M_truncatula_HM078_Chr05,22,28,7,11,21,0,68
12,M_truncatula_HM078,M_truncatula_HM078_Chr05,23,15,5,4,9,0,34
12,M_truncatula_HM078,M_truncatula_HM078_Chr05,24,2,1,1,18,0,26
12,M_truncatula_HM078,M_truncatula_HM078_Chr05,25,1,4,0,40,0,45
12,M_truncatula_HM078,M_truncatula_HM078_Chr05,27,5,0,0,1,0,6
12,M_truncatula_HM078,M_truncatula_HM078_Chr05,29,9,6,6,12,0,33
12,M_truncatula_HM078,M_truncatula_HM078_Chr05,30,21,15,16,21,0,73
12,M_truncatula_HM078,M_truncatula_HM078_Chr05,31,17,2,8,98,0,125
12,M_truncatula_HM078,M_truncatula_HM078_Chr05,32,16,17,11,19,0,63
12,M_truncatula_HM078,M_truncatula_HM078_Chr05,33,33,14,24,15,0,86
12,M_truncatula_HM078,M_truncatula_HM078_Chr05,34,22,11,19,19,0,71
12,M_truncatula_HM078,M_truncatula_HM078_Chr05,35,20,12,27,17,0,76
12,M_truncatula_HM078,M_truncatula_HM078_Chr05,36,19,14,25,16,0,74
12,M_truncatula_HM078,M_truncatula_HM078_Chr05,37,41,18,19,9,0,88
12,M_truncatula_HM078,M_truncatula_HM078_Chr05,38,44,14,14,25,0,97
12,M_truncatula_HM078,M_truncatula_HM078_Chr05,39,53,19,22,18,0,112
12,M_truncatula_HM078,M_truncatula_HM078_Chr05,40,49,15,22,22,0,108
12,M_truncatula_HM078,M_truncatula_HM078_Chr05,41,43,25,13,12,0,93
12,M_truncatula_HM078,M_truncatula_HM078_Chr05,42,41,16,20,12,0,89
12,M_truncatula_HM078,M_truncatula_HM078_Chr05,43,36,20,16,11,0,83
12,M_truncatula_HM078,M_truncatula_HM078_Chr05,44,43,23,22,16,0,105
12,M_truncatula_HM078,M_truncatula_HM078_Chr05,45,53,18,18,15,0,104
12,M_truncatula_HM078,M_truncatula_HM078_Chr05,46,41,14,23,16,0,94
12,M_truncatula_HM078,M_truncatula_HM078_Chr05,47,70,18,15,14,0,117
12,M_truncatula_HM078,M_truncatula_HM078_Chr05,48,47,20,17,21,0,105
12,M_truncatula_HM078,M_truncatula_HM078_Chr05,49,65,25,17,16,0,123
12,M_truncatula_HM078,M_truncatula_HM078_Chr05,50,66,24,21,15,0,127
12,M_truncatula_HM078,M_truncatula_HM078_Chr05,51,48,28,36,15,0,127
12,M_truncatula_HM078,M_truncatula_HM078_Chr05,52,51,29,14,24,0,118
12,M_truncatula_HM078,M_truncatula_HM078_Chr05,53,32,13,13,11,0,69
12,M_truncatula_HM078,M_truncatula_HM078_Chr06,0,57,22,17,13,0,109
12,M_truncatula_HM078,M_truncatula_HM078_Chr06,1,55,12,20,13,0,101
12,M_truncatula_HM078,M_truncatula_HM078_Chr06,2,55,7,16,13,0,91
12,M_truncatula_HM078,M_truncatula_HM078_Chr06,3,52,11,15,18,0,96
12,M_truncatula_HM078,M_truncatula_HM078_Chr06,4,58,14,19,14,0,106
12,M_truncatula_HM078,M_truncatula_HM078_Chr06,5,45,21,35,13,0,114
12,M_truncatula_HM078,M_truncatula_HM078_Chr06,6,42,9,15,10,0,76
12,M_truncatula_HM078,M_truncatula_HM078_Chr06,7,45,17,23,12,0,97
12,M_truncatula_HM078,M_truncatula_HM078_Chr06,8,41,5,16,14,0,76
12,M_truncatula_HM078,M_truncatula_HM078_Chr06,9,38,15,25,12,0,90
12,M_truncatula_HM078,M_truncatula_HM078_Chr06,10,55,7,17,11,0,90
12,M_truncatula_HM078,M_truncatula_HM078_Chr06,11,29,8,13,19,0,70
12,M_truncatula_HM078,M_truncatula_HM078_Chr06,12,25,12,20,23,0,80
12,M_truncatula_HM078,M_truncatula_HM078_Chr06,13,26,10,19,26,0,81
12,M_truncatula_HM078,M_truncatula_HM078_Chr06,14,32,4,9,17,0,63
12,M_truncatula_HM078,M_truncatula_HM078_Chr06,15,44,12,13,10,0,79
12,M_truncatula_HM078,M_truncatula_HM078_Chr06,16,30,8,19,26,0,83
12,M_truncatula_HM078,M_truncatula_HM078_Chr06,17,27,5,14,19,0,66
12,M_truncatula_HM078,M_truncatula_HM078_Chr06,18,19,8,25,23,0,75
12,M_truncatula_HM078,M_truncatula_HM078_Chr06,19,27,13,21,24,0,85
12,M_truncatula_HM078,M_truncatula_HM078_Chr06,20,32,6,19,24,0,81
12,M_truncatula_HM078,M_truncatula_HM078_Chr06,21,24,9,10,16,0,60
12,M_truncatula_HM078,M_truncatula_HM078_Chr06,22,19,16,17,26,0,78
12,M_truncatula_HM078,M_truncatula_HM078_Chr06,23,17,12,15,11,0,55
12,M_truncatula_HM078,M_truncatula_HM078_Chr06,24,35,13,8,24,0,80
12,M_truncatula_HM078,M_truncatula_HM078_Chr06,25,3,1,1,1,0,6
12,M_truncatula_HM078,M_truncatula_HM078_Chr06,26,1,1,0,0,0,2
12,M_truncatula_HM078,M_truncatula_HM078_Chr06,27,1,0,0,0,0,1
12,M_truncatula_HM078,M_truncatula_HM078_Chr06,28,1,0,0,0,0,1
12,M_truncatula_HM078,M_truncatula_HM078_Chr06,29,2,1,2,0,0,5
12,M_truncatula_HM078,M_truncatula_HM078_Chr06,30,2,6,0,2,0,10
12,M_truncatula_HM078,M_truncatula_HM078_Chr06,31,16,9,16,23,0,65
12,M_truncatula_HM078,M_truncatula_HM078_Chr06,32,10,7,17,24,0,58
12,M_truncatula_HM078,M_truncatula_HM078_Chr06,33,19,8,8,10,0,46
12,M_truncatula_HM078,M_truncatula_HM078_Chr06,34,25,15,8,23,0,71
12,M_truncatula_HM078,M_truncatula_HM078_Chr06,35,23,10,12,17,0,65
12,M_truncatula_HM078,M_truncatula_HM078_Chr06,36,26,9,24,14,0,73
12,M_truncatula_HM078,M_truncatula_HM078_Chr06,37,39,13,14,22,0,88
12,M_truncatula_HM078,M_truncatula_HM078_Chr06,38,29,17,14,31,0,91
12,M_truncatula_HM078,M_truncatula_HM078_Chr06,39,53,9,21,27,0,111
12,M_truncatula_HM078,M_truncatula_HM078_Chr06,40,40,12,16,10,0,78
12,M_truncatula_HM078,M_truncatula_HM078_Chr06,41,26,18,17,13,0,74
12,M_truncatula_HM078,M_truncatula_HM078_Chr06,42,38,21,14,16,0,89
12,M_truncatula_HM078,M_truncatula_HM078_Chr06,43,15,17,11,26,0,70
12,M_truncatula_HM078,M_truncatula_HM078_Chr06,44,43,7,13,16,0,80
12,M_truncatula_HM078,M_truncatula_HM078_Chr06,45,36,13,15,10,0,74
12,M_truncatula_HM078,M_truncatula_HM078_Chr06,46,42,10,19,15,0,86
12,M_truncatula_HM078,M_truncatula_HM078_Chr06,47,52,17,11,15,0,95
12,M_truncatula_HM078,M_truncatula_HM078_Chr06,48,40,13,23,16,0,92
12,M_truncatula_HM078,M_truncatula_HM078_Chr06,49,21,4,7,9,0,41
12,M_truncatula_HM078,M_truncatula_HM078_Chr07,0,42,16,27,17,0,102
12,M_truncatula_HM078,M_truncatula_HM078_Chr07,1,32,12,22,15,0,81
12,M_truncatula_HM078,M_truncatula_HM078_Chr07,2,40,17,12,9,0,78
12,M_truncatula_HM078,M_truncatula_HM078_Chr07,3,59,6,15,13,0,93
12,M_truncatula_HM078,M_truncatula_HM078_Chr07,4,45,15,15,12,0,88
12,M_truncatula_HM078,M_truncatula_HM078_Chr07,5,46,13,16,15,0,90
12,M_truncatula_HM078,M_truncatula_HM078_Chr07,6,39,16,8,17,0,80
12,M_truncatula_HM078,M_truncatula_HM078_Chr07,7,30,24,12,13,0,79
12,M_truncatula_HM078,M_truncatula_HM078_Chr07,8,31,15,17,15,0,78
12,M_truncatula_HM078,M_truncatula_HM078_Chr07,9,24,14,15,18,0,71
12,M_truncatula_HM078,M_truncatula_HM078_Chr07,10,50,5,14,27,0,96
12,M_truncatula_HM078,M_truncatula_HM078_Chr07,11,37,13,16,19,0,85
12,M_truncatula_HM078,M_truncatula_HM078_Chr07,12,28,9,17,17,0,72
12,M_truncatula_HM078,M_truncatula_HM078_Chr07,13,35,11,16,24,0,86
12,M_truncatula_HM078,M_truncatula_HM078_Chr07,14,13,7,10,17,0,47
12,M_truncatula_HM078,M_truncatula_HM078_Chr07,15,14,17,10,12,0,53
12,M_truncatula_HM078,M_truncatula_HM078_Chr07,16,4,1,1,5,0,11
12,M_truncatula_HM078,M_truncatula_HM078_Chr07,19,0,1,0,1,0,2
12,M_truncatula_HM078,M_truncatula_HM078_Chr07,21,0,2,0,2,0,4
12,M_truncatula_HM078,M_truncatula_HM078_Chr07,22,16,9,16,15,0,56
12,M_truncatula_HM078,M_truncatula_HM078_Chr07,23,16,18,15,14,0,63
12,M_truncatula_HM078,M_truncatula_HM078_Chr07,24,28,16,16,23,0,83
12,M_truncatula_HM078,M_truncatula_HM078_Chr07,25,19,13,8,14,0,54
12,M_truncatula_HM078,M_truncatula_HM078_Chr07,26,35,12,11,23,0,82
12,M_truncatula_HM078,M_truncatula_HM078_Chr07,27,32,16,14,11,0,73
12,M_truncatula_HM078,M_truncatula_HM078_Chr07,28,41,19,15,14,0,89
12,M_truncatula_HM078,M_truncatula_HM078_Chr07,29,28,9,32,20,0,90
12,M_truncatula_HM078,M_truncatula_HM078_Chr07,30,37,28,12,18,0,95
12,M_truncatula_HM078,M_truncatula_HM078_Chr07,31,26,19,25,12,0,82
12,M_truncatula_HM078,M_truncatula_HM078_Chr07,32,34,19,29,16,0,98
12,M_truncatula_HM078,M_truncatula_HM078_Chr07,33,39,27,29,9,0,104
12,M_truncatula_HM078,M_truncatula_HM078_Chr07,34,48,9,22,11,0,90
12,M_truncatula_HM078,M_truncatula_HM078_Chr07,35,53,8,21,20,0,103
12,M_truncatula_HM078,M_truncatula_HM078_Chr07,36,62,14,15,9,0,100
12,M_truncatula_HM078,M_truncatula_HM078_Chr07,37,54,17,16,5,0,92
12,M_truncatula_HM078,M_truncatula_HM078_Chr07,38,54,22,22,10,0,109
12,M_truncatula_HM078,M_truncatula_HM078_Chr07,39,65,15,20,7,0,107
12,M_truncatula_HM078,M_truncatula_HM078_Chr07,40,55,36,12,6,0,109
12,M_truncatula_HM078,M_truncatula_HM078_Chr07,41,61,21,20,17,0,119
12,M_truncatula_HM078,M_truncatula_HM078_Chr07,42,57,12,28,14,0,111
12,M_truncatula_HM078,M_truncatula_HM078_Chr07,43,77,14,17,14,0,122
12,M_truncatula_HM078,M_truncatula_HM078_Chr07,44,61,9,7,10,0,88
12,M_truncatula_HM078,M_truncatula_HM078_Chr07,45,67,22,18,15,0,122
12,M_truncatula_HM078,M_truncatula_HM078_Chr07,46,63,15,27,10,0,115
12,M_truncatula_HM078,M_truncatula_HM078_Chr07,47,69,10,23,12,0,114
12,M_truncatula_HM078,M_truncatula_HM078_Chr07,48,42,33,14,19,0,109
12,M_truncatula_HM078,M_truncatula_HM078_Chr07,49,50,26,23,11,0,110
12,M_truncatula_HM078,M_truncatula_HM078_Chr07,50,42,42,24,17,0,125
12,M_truncatula_HM078,M_truncatula_HM078_Chr07,51,66,21,12,16,0,115
12,M_truncatula_HM078,M_truncatula_HM078_Chr07,52,67,15,16,12,0,110
12,M_truncatula_HM078,M_truncatula_HM078_Chr07,53,59,23,19,12,0,114
12,M_truncatula_HM078,M_truncatula_HM078_Chr07,54,86,20,18,7,0,131
12,M_truncatula_HM078,M_truncatula_HM078_Chr07,55,60,27,20,8,0,115
12,M_truncatula_HM078,M_truncatula_HM078_Chr07,56,71,33,17,15,0,136
12,M_truncatula_HM078,M_truncatula_HM078_Chr07,57,67,30,19,8,0,124
12,M_truncatula_HM078,M_truncatula_HM078_Chr07,58,85,16,23,15,0,139
12,M_truncatula_HM078,M_truncatula_HM078_Chr07,59,13,0,3,4,0,20
12,M_truncatula_HM078,M_truncatula_HM078_Chr08,0,62,9,20,4,0,95
12,M_truncatula_HM078,M_truncatula_HM078_Chr08,1,52,12,24,13,0,101
12,M_truncatula_HM078,M_truncatula_HM078_Chr08,2,72,10,24,21,0,127
12,M_truncatula_HM078,M_truncatula_HM078_Chr08,3,44,16,12,14,0,86
12,M_truncatula_HM078,M_truncatula_HM078_Chr08,4,57,24,14,9,0,104
12,M_truncatula_HM078,M_truncatula_HM078_Chr08,5,46,27,19,17,0,109
12,M_truncatula_HM078,M_truncatula_HM078_Chr08,6,50,14,14,5,0,83
12,M_truncatula_HM078,M_truncatula_HM078_Chr08,7,63,16,10,9,0,98
12,M_truncatula_HM078,M_truncatula_HM078_Chr08,8,52,14,17,12,0,95
12,M_truncatula_HM078,M_truncatula_HM078_Chr08,9,50,7,14,10,0,81
12,M_truncatula_HM078,M_truncatula_HM078_Chr08,10,62,10,14,7,0,93
12,M_truncatula_HM078,M_truncatula_HM078_Chr08,11,70,6,15,21,0,112
12,M_truncatula_HM078,M_truncatula_HM078_Chr08,12,48,17,14,14,0,93
12,M_truncatula_HM078,M_truncatula_HM078_Chr08,13,66,7,11,11,0,95
12,M_truncatula_HM078,M_truncatula_HM078_Chr08,14,52,16,17,18,0,103
12,M_truncatula_HM078,M_truncatula_HM078_Chr08,15,46,17,13,12,0,88
12,M_truncatula_HM078,M_truncatula_HM078_Chr08,16,71,6,16,13,0,106
12,M_truncatula_HM078,M_truncatula_HM078_Chr08,17,31,14,10,18,0,73
12,M_truncatula_HM078,M_truncatula_HM078_Chr08,18,34,13,16,15,0,79
12,M_truncatula_HM078,M_truncatula_HM078_Chr08,19,36,9,16,23,0,84
12,M_truncatula_HM078,M_truncatula_HM078_Chr08,20,14,10,12,21,0,57
12,M_truncatula_HM078,M_truncatula_HM078_Chr08,21,13,5,3,10,0,31
12,M_truncatula_HM078,M_truncatula_HM078_Chr08,22,1,0,0,0,0,1
12,M_truncatula_HM078,M_truncatula_HM078_Chr08,24,1,1,0,0,0,2
12,M_truncatula_HM078,M_truncatula_HM078_Chr08,28,1,0,1,0,0,2
12,M_truncatula_HM078,M_truncatula_HM078_Chr08,29,27,16,9,16,0,68
12,M_truncatula_HM078,M_truncatula_HM078_Chr08,30,39,9,21,14,0,83
12,M_truncatula_HM078,M_truncatula_HM078_Chr08,31,41,11,14,21,0,87
12,M_truncatula_HM078,M_truncatula_HM078_Chr08,32,28,5,15,12,0,60
12,M_truncatula_HM078,M_truncatula_HM078_Chr08,33,39,8,20,18,0,85
12,M_truncatula_HM078,M_truncatula_HM078_Chr08,34,62,9,16,21,0,108
12,M_truncatula_HM078,M_truncatula_HM078_Chr08,35,45,14,24,26,0,109
12,M_truncatula_HM078,M_truncatula_HM078_Chr08,36,51,10,14,16,0,91
12,M_truncatula_HM078,M_truncatula_HM078_Chr08,37,57,8,25,11,0,101
12,M_truncatula_HM078,M_truncatula_HM078_Chr08,38,60,6,18,14,0,98
12,M_truncatula_HM078,M_truncatula_HM078_Chr08,39,73,3,15,16,0,107
12,M_truncatula_HM078,M_truncatula_HM078_Chr08,40,79,4,8,10,0,102
12,M_truncatula_HM078,M_truncatula_HM078_Chr08,41,65,9,11,10,0,96
12,M_truncatula_HM078,M_truncatula_HM078_Chr08,42,63,0,14,14,0,91
12,M_truncatula_HM078,M_truncatula_HM078_Chr08,43,71,6,13,5,0,95
12,M_truncatula_HM078,M_truncatula_HM078_Chr08,44,62,4,19,11,0,96
12,M_truncatula_HM078,M_truncatula_HM078_Chr08,45,75,7,16,11,0,109
12,M_truncatula_HM078,M_truncatula_HM078_Chr08,46,66,7,20,18,0,111
12,M_truncatula_HM078,M_truncatula_HM078_Chr08,47,86,6,17,10,0,119
12,M_truncatula_HM078,M_truncatula_HM078_Chr08,48,79,2,20,14,0,115
12,M_truncatula_HM078,M_truncatula_HM078_Chr08,49,82,9,26,14,0,131
12,M_truncatula_HM078,M_truncatula_HM078_Chr08,50,64,6,25,18,0,113
12,M_truncatula_HM078,M_truncatula_HM078_Chr08,51,69,6,20,17,0,112
12,M_truncatula_HM078,M_truncatula_HM078_Chr08,52,76,6,20,6,0,108
12,M_truncatula_HM078,M_truncatula_HM078_Chr08,53,86,5,24,14,0,129
12,M_truncatula_HM078,M_truncatula_HM078_Chr08,54,75,10,19,9,0,113
12,M_truncatula_HM078,M_truncatula_HM078_Chr08,55,73,3,27,14,0,118
12,M_truncatula_HM078,M_truncatula_HM078_Chr08,56,72,12,27,16,0,127
12,M_truncatula_HM078,M_truncatula_HM078_Chr08,57,71,12,22,7,0,112
12,M_truncatula_HM078,M_truncatula_HM078_Chr08,58,56,13,13,16,0,98
12,M_truncatula_HM078,M_truncatula_HM078_Chr08,59,77,11,19,6,0,114
12,M_truncatula_HM078,M_truncatula_HM078_Chr08,60,65,9,37,15,0,126
(7624 rows)
