"cluster_id","cluster_name","cluster_type","gene_count","n_accessions_present","has_stress_go","n_unique_guides","specificity","stress","editability","API"
"9235","Msa028470.t01","private",9,1,1,78,0.916666666666667,1,0.529909648690384,0.872648596404744
"9576","Msa012043.t01","private",6,1,1,60,0.916666666666667,1,0.498550800633683,0.866376826793403
"4456","Mru030399.t01","private",15,1,1,50,0.916666666666667,1,0.476836527199296,0.862033972106526
"20089","Msa023157.t01","private",5,1,1,40,0.916666666666667,1,0.450367583204509,0.856740183307569
"13276","LOC_00028495-mRNA-1","private",5,1,1,35,0.916666666666667,1,0.434595245410804,0.853585715748828
"4385","Mru023035.t04","private",5,1,1,30,0.916666666666667,1,0.416460618040923,0.849958790274851
"4414","Mru026550.t02","private",4,1,1,30,0.916666666666667,1,0.416460618040923,0.849958790274851
"11829","LOC_00033661-mRNA-1","private",3,1,1,30,0.916666666666667,1,0.416460618040923,0.849958790274851
"18660","Mru004166.t02","private",3,1,1,30,0.916666666666667,1,0.416460618040923,0.849958790274851
"24870","Msa000081.t01","private",3,1,1,30,0.916666666666667,1,0.416460618040923,0.849958790274851
"24972","Msa024483.t01","private",3,1,1,30,0.916666666666667,1,0.416460618040923,0.849958790274851
"24973","Msa024484.t03","private",3,1,1,28,0.916666666666667,1,0.408372547414032,0.848341176149473
"10591","zm4.14G0008790.t1","private",5,1,1,25,0.916666666666667,1,0.395129281812467,0.84569252302916
"18474","Mpoly036196.t01","private",5,1,1,25,0.916666666666667,1,0.395129281812467,0.84569252302916
"637","Mara009720.t01","private",4,1,1,20,0.916666666666667,1,0.369227845228343,0.840512235712335
"4160","Mru000850.t02","private",6,1,1,20,0.916666666666667,1,0.369227845228343,0.840512235712335
"4244","Mru008910.t02","private",6,1,1,20,0.916666666666667,1,0.369227845228343,0.840512235712335
"4245","Mru008910.t03","private",4,1,1,20,0.916666666666667,1,0.369227845228343,0.840512235712335
"4515","Mru036156.t03","private",5,1,1,20,0.916666666666667,1,0.369227845228343,0.840512235712335
"4547","Mru038604.t02","private",4,1,1,20,0.916666666666667,1,0.369227845228343,0.840512235712335
"4686","Mru051083.t02","private",3,1,1,20,0.916666666666667,1,0.369227845228343,0.840512235712335
"5398","Mca017555.t03","private",4,1,1,20,0.916666666666667,1,0.369227845228343,0.840512235712335
"5566","Mca025521.t02","private",10,1,1,20,0.916666666666667,1,0.369227845228343,0.840512235712335
"5603","Mca027334.t05","private",5,1,1,20,0.916666666666667,1,0.369227845228343,0.840512235712335
"6713","Mca047513.t02","private",8,1,1,20,0.916666666666667,1,0.369227845228343,0.840512235712335
"6766","Msa002072.t01","private",5,1,1,20,0.916666666666667,1,0.369227845228343,0.840512235712335
"7017","Msa047977.t06","private",3,1,1,20,0.916666666666667,1,0.369227845228343,0.840512235712335
"9147","Msa021978.t03","private",3,1,1,20,0.916666666666667,1,0.369227845228343,0.840512235712335
"10205","zm4.44G0063980.t1","private",4,1,1,20,0.916666666666667,1,0.369227845228343,0.840512235712335
"16539","Msa045066.t01","private",3,1,1,20,0.916666666666667,1,0.369227845228343,0.840512235712335
"21657","Msa026939.t01","private",3,1,1,20,0.916666666666667,1,0.369227845228343,0.840512235712335
"21909","Mca016811.t02","private",3,1,1,20,0.916666666666667,1,0.369227845228343,0.840512235712335
"22362","Msa023872.t02","private",3,1,1,20,0.916666666666667,1,0.369227845228343,0.840512235712335
"25130","Msa047221.t01","private",3,1,1,20,0.916666666666667,1,0.369227845228343,0.840512235712335
"4482","Mru032401.t03","private",3,1,1,19,0.916666666666667,1,0.363310763796654,0.839328819425997
"6563","Mca034621.t01","dispensable",7,2,1,70,0.833333333333333,1,0.516961243706611,0.836725582074656
"108","Mara001689.t01","dispensable",222,4,1,1095,0.666666666666667,1,0.848862745598065,0.83643921578628
"1755","Mara033047.t01","private",3,1,1,15,0.916666666666667,1,0.336248781395908,0.833916422945848
"2059","Mara042022.t01","private",3,1,1,15,0.916666666666667,1,0.336248781395908,0.833916422945848
"6790","Msa003731.t02","private",4,1,1,15,0.916666666666667,1,0.336248781395908,0.833916422945848
"10131","zm4.44G0017370.t1","private",3,1,1,15,0.916666666666667,1,0.336248781395908,0.833916422945848
"17343","Mpoly004132.t01","private",4,1,1,15,0.916666666666667,1,0.336248781395908,0.833916422945848
"28996","Mtrun007621.t01","private",3,1,1,15,0.916666666666667,1,0.336248781395908,0.833916422945848
"6995","Mru017973.t02","dispensable",6,2,1,60,0.833333333333333,1,0.498550800633683,0.83304349346007
"21360","Mca005421.t01","dispensable",7,2,1,60,0.833333333333333,1,0.498550800633683,0.83304349346007
"22279","Msa006833.t01","dispensable",7,2,1,60,0.833333333333333,1,0.498550800633683,0.83304349346007
"21917","Mca017355.t01","dispensable",8,2,1,57,0.833333333333333,1,0.492434742763009,0.831820281885935
"5365","Mca016208.t01","dispensable",7,2,1,50,0.833333333333333,1,0.476836527199296,0.828700638773193
"15513","Mru020699.t01","dispensable",5,2,1,50,0.833333333333333,1,0.476836527199296,0.828700638773193
"16461","Msa013602.t01","dispensable",5,2,1,45,0.833333333333333,1,0.464322744172242,0.826197882167782
"16578","Msa032908.t01","dispensable",6,2,1,45,0.833333333333333,1,0.464322744172242,0.826197882167782
"6965","Msa043734.t01","dispensable",6,2,1,44,0.833333333333333,1,0.461657227811549,0.825664778895643
"2639","evm.model.Chr04.203","private",3,1,1,10,0.916666666666667,1,0.290807416522316,0.82482814997113
"4271","Mru012454.t02","private",3,1,1,10,0.916666666666667,1,0.290807416522316,0.82482814997113
"4366","Mru021573.t02","private",5,1,1,10,0.916666666666667,1,0.290807416522316,0.82482814997113
"4535","Mru037834.t02","private",3,1,1,10,0.916666666666667,1,0.290807416522316,0.82482814997113
"4808","Mru009063.t02","private",9,1,1,10,0.916666666666667,1,0.290807416522316,0.82482814997113
"4920","Mru036850.t02","private",3,1,1,10,0.916666666666667,1,0.290807416522316,0.82482814997113
"4924","Mru039114.t02","private",4,1,1,10,0.916666666666667,1,0.290807416522316,0.82482814997113
"4961","Mru045489.t02","private",4,1,1,10,0.916666666666667,1,0.290807416522316,0.82482814997113
"4983","Mru049520.t02","private",3,1,1,10,0.916666666666667,1,0.290807416522316,0.82482814997113
"4996","Mru052927.t02","private",5,1,1,10,0.916666666666667,1,0.290807416522316,0.82482814997113
"5644","Mca028763.t02","private",4,1,1,10,0.916666666666667,1,0.290807416522316,0.82482814997113
"5657","Mca029166.t02","private",5,1,1,10,0.916666666666667,1,0.290807416522316,0.82482814997113
"6080","Mca046221.t02","private",3,1,1,10,0.916666666666667,1,0.290807416522316,0.82482814997113
"6378","Mca001751.t02","private",4,1,1,10,0.916666666666667,1,0.290807416522316,0.82482814997113
"6383","Mca003138.t02","private",3,1,1,10,0.916666666666667,1,0.290807416522316,0.82482814997113
"6399","Mca006041.t04","private",3,1,1,10,0.916666666666667,1,0.290807416522316,0.82482814997113
"6455","Mca014179.t02","private",3,1,1,10,0.916666666666667,1,0.290807416522316,0.82482814997113
"6465","Mca015872.t02","private",6,1,1,10,0.916666666666667,1,0.290807416522316,0.82482814997113
"6553","Mca027051.t03","private",3,1,1,10,0.916666666666667,1,0.290807416522316,0.82482814997113
"6652","Mca038709.t02","private",3,1,1,10,0.916666666666667,1,0.290807416522316,0.82482814997113
"6948","Msa039273.t02","private",3,1,1,10,0.916666666666667,1,0.290807416522316,0.82482814997113
"8560","Msa000320.t02","private",3,1,1,10,0.916666666666667,1,0.290807416522316,0.82482814997113
"8696","Msa008696.t02","private",3,1,1,10,0.916666666666667,1,0.290807416522316,0.82482814997113
"8770","Msa011154.t02","private",3,1,1,10,0.916666666666667,1,0.290807416522316,0.82482814997113
"8800","Msa011910.t02","private",3,1,1,10,0.916666666666667,1,0.290807416522316,0.82482814997113
"8889","Msa014392.t02","private",3,1,1,10,0.916666666666667,1,0.290807416522316,0.82482814997113
"8902","Msa015091.t02","private",5,1,1,10,0.916666666666667,1,0.290807416522316,0.82482814997113
"8939","Msa016305.t01","private",3,1,1,10,0.916666666666667,1,0.290807416522316,0.82482814997113
"9088","Msa020460.t02","private",5,1,1,10,0.916666666666667,1,0.290807416522316,0.82482814997113
"9150","Msa022104.t04","private",5,1,1,10,0.916666666666667,1,0.290807416522316,0.82482814997113
"9175","Msa023100.t01","private",4,1,1,10,0.916666666666667,1,0.290807416522316,0.82482814997113
"9196","Msa025158.t01","private",4,1,1,10,0.916666666666667,1,0.290807416522316,0.82482814997113
"9376","Msa032035.t02","private",5,1,1,10,0.916666666666667,1,0.290807416522316,0.82482814997113
"9448","Msa034013.t01","private",4,1,1,10,0.916666666666667,1,0.290807416522316,0.82482814997113
"9632","Msa038496.t01","private",3,1,1,10,0.916666666666667,1,0.290807416522316,0.82482814997113
"9645","Msa038781.t02","private",3,1,1,10,0.916666666666667,1,0.290807416522316,0.82482814997113
"9857","Msa049620.t01","private",3,1,1,10,0.916666666666667,1,0.290807416522316,0.82482814997113
"15025","Mtrun038352.t01","private",3,1,1,10,0.916666666666667,1,0.290807416522316,0.82482814997113
"17209","Mca047898.t02","private",3,1,1,10,0.916666666666667,1,0.290807416522316,0.82482814997113
"24657","Mca040242.t02","private",3,1,1,10,0.916666666666667,1,0.290807416522316,0.82482814997113
"27394","Msa048385.t04","private",4,1,1,10,0.916666666666667,1,0.290807416522316,0.82482814997113
"4173","Mru002085.t01","dispensable",4,2,1,40,0.833333333333333,1,0.450367583204509,0.823406849974235
"5185","Mca008106.t01","dispensable",4,2,1,40,0.833333333333333,1,0.450367583204509,0.823406849974235
"9336","Mca030442.t01","dispensable",4,2,1,40,0.833333333333333,1,0.450367583204509,0.823406849974235
"9428","Msa033496.t02","dispensable",5,2,1,40,0.833333333333333,1,0.450367583204509,0.823406849974235
"10401","Msa012358.t01","dispensable",6,2,1,40,0.833333333333333,1,0.450367583204509,0.823406849974235
"15340","evm.model.Chr04.1277","dispensable",5,2,1,40,0.833333333333333,1,0.450367583204509,0.823406849974235
"17090","Msa126459.t01","dispensable",5,2,1,40,0.833333333333333,1,0.450367583204509,0.823406849974235
"25033","Msa031072.t01","dispensable",4,2,1,40,0.833333333333333,1,0.450367583204509,0.823406849974235
"19898","Msa036201.t01","dispensable",4,2,1,39,0.833333333333333,1,0.447372959145631,0.822807925162459
"13392","LOC_00030172-mRNA-2","dispensable",4,2,1,35,0.833333333333333,1,0.434595245410804,0.820252382415494
"16485","Msa048273.t01","dispensable",4,2,1,35,0.833333333333333,1,0.434595245410804,0.820252382415494
"17001","zm4.44G0011310.t1","dispensable",7,2,1,35,0.833333333333333,1,0.434595245410804,0.820252382415494
"9618","Msa038108.t01","dispensable",16,3,1,137,0.75,1,0.597558171528667,0.819511634305733
"4304","Mru015867.t03","dispensable",5,2,1,30,0.833333333333333,1,0.416460618040923,0.816625456941518
"5053","Mru001852.t02","dispensable",11,2,1,30,0.833333333333333,1,0.416460618040923,0.816625456941518
"5212","Mca009444.t01","dispensable",3,2,1,30,0.833333333333333,1,0.416460618040923,0.816625456941518
"5878","Mca038253.t02","dispensable",4,2,1,30,0.833333333333333,1,0.416460618040923,0.816625456941518
"6407","Mca008214.t04","dispensable",5,2,1,30,0.833333333333333,1,0.416460618040923,0.816625456941518
"6493","Mca019076.t02","dispensable",6,2,1,30,0.833333333333333,1,0.416460618040923,0.816625456941518
"6612","Mca034295.t02","dispensable",6,2,1,30,0.833333333333333,1,0.416460618040923,0.816625456941518
"8730","Msa009889.t01","dispensable",6,2,1,30,0.833333333333333,1,0.416460618040923,0.816625456941518
"9633","Msa038528.t01","dispensable",4,2,1,30,0.833333333333333,1,0.416460618040923,0.816625456941518
"11287","Mtrun030655.t01","dispensable",4,2,1,30,0.833333333333333,1,0.416460618040923,0.816625456941518
"14404","Mtrun000582.t01","dispensable",4,2,1,30,0.833333333333333,1,0.416460618040923,0.816625456941518
"15822","Mru047651.t02","dispensable",3,2,1,30,0.833333333333333,1,0.416460618040923,0.816625456941518
"16089","Mca010451.t01","dispensable",3,2,1,30,0.833333333333333,1,0.416460618040923,0.816625456941518
"18823","Mru051080.t01","dispensable",3,2,1,30,0.833333333333333,1,0.416460618040923,0.816625456941518
"18896","Mru010078.t01","dispensable",3,2,1,30,0.833333333333333,1,0.416460618040923,0.816625456941518
"19285","Mru018238.t01","dispensable",4,2,1,30,0.833333333333333,1,0.416460618040923,0.816625456941518
"19430","Mca021092.t01","dispensable",3,2,1,30,0.833333333333333,1,0.416460618040923,0.816625456941518
"19546","Mru019374.t03","dispensable",3,2,1,30,0.833333333333333,1,0.416460618040923,0.816625456941518
"19907","Mru040091.t01","dispensable",3,2,1,30,0.833333333333333,1,0.416460618040923,0.816625456941518
"20568","Msa010038.t01","dispensable",5,2,1,30,0.833333333333333,1,0.416460618040923,0.816625456941518
"21501","Msa009022.t01","dispensable",4,2,1,30,0.833333333333333,1,0.416460618040923,0.816625456941518
"21608","Mca010507.t01","dispensable",3,2,1,30,0.833333333333333,1,0.416460618040923,0.816625456941518
"26555","Msa021241.t01","dispensable",3,2,1,28,0.833333333333333,1,0.408372547414032,0.81500784281614
"19467","Mru026482.t01","dispensable",3,2,1,27,0.833333333333333,1,0.404116808569872,0.814156695047308
"19595","Msa047224.t01","dispensable",3,2,1,26,0.833333333333333,1,0.399706282069275,0.813274589747188
"4171","Mtrun001280.t02","dispensable",6,2,1,25,0.833333333333333,1,0.395129281812467,0.812359189695827
"4446","Mru029816.t01","dispensable",3,2,1,25,0.833333333333333,1,0.395129281812467,0.812359189695827
"5506","Mca021774.t04","dispensable",4,2,1,25,0.833333333333333,1,0.395129281812467,0.812359189695827
"5616","Mca027771.t02","dispensable",13,2,1,25,0.833333333333333,1,0.395129281812467,0.812359189695827
"5967","Mca041195.t01","dispensable",3,2,1,25,0.833333333333333,1,0.395129281812467,0.812359189695827
"8855","Msa013385.t01","dispensable",11,2,1,25,0.833333333333333,1,0.395129281812467,0.812359189695827
"9057","Msa019717.t01","dispensable",3,2,1,25,0.833333333333333,1,0.395129281812467,0.812359189695827
"9497","Msa035087.t01","dispensable",3,2,1,25,0.833333333333333,1,0.395129281812467,0.812359189695827
"9564","Msa036617.t01","dispensable",4,2,1,25,0.833333333333333,1,0.395129281812467,0.812359189695827
"9869","Msa049745.t01","dispensable",3,2,1,25,0.833333333333333,1,0.395129281812467,0.812359189695827
"10244","zm4.34G0021780.t1","dispensable",5,2,1,25,0.833333333333333,1,0.395129281812467,0.812359189695827
"10350","zm4.74G0031990.t1","dispensable",4,2,1,25,0.833333333333333,1,0.395129281812467,0.812359189695827
"11933","LOC_00034702-mRNA-2","dispensable",4,2,1,25,0.833333333333333,1,0.395129281812467,0.812359189695827
"12414","LOC_00002210-mRNA-1","dispensable",3,2,1,25,0.833333333333333,1,0.395129281812467,0.812359189695827
"12436","LOC_00002437-mRNA-1","dispensable",3,2,1,25,0.833333333333333,1,0.395129281812467,0.812359189695827
"12574","LOC_00004062-mRNA-1","dispensable",3,2,1,25,0.833333333333333,1,0.395129281812467,0.812359189695827
"12690","LOC_00006066-mRNA-1","dispensable",4,2,1,25,0.833333333333333,1,0.395129281812467,0.812359189695827
"14586","Mtrun010980.t01","dispensable",4,2,1,25,0.833333333333333,1,0.395129281812467,0.812359189695827
"17764","Mru038447.t01","dispensable",4,2,1,25,0.833333333333333,1,0.395129281812467,0.812359189695827
"20139","Mru048938.t01","dispensable",3,2,1,25,0.833333333333333,1,0.395129281812467,0.812359189695827
"21242","Mca002970.t01","dispensable",3,2,1,25,0.833333333333333,1,0.395129281812467,0.812359189695827
"21727","Msa013113.t01","dispensable",3,2,1,25,0.833333333333333,1,0.395129281812467,0.812359189695827
"21995","Msa018268.t01","dispensable",3,2,1,25,0.833333333333333,1,0.395129281812467,0.812359189695827
"22493","Msa068501.t01","dispensable",3,2,1,25,0.833333333333333,1,0.395129281812467,0.812359189695827
"22842","Msa092721.t01","dispensable",3,2,1,25,0.833333333333333,1,0.395129281812467,0.812359189695827
"23273","Mca046682.t01","dispensable",3,2,1,25,0.833333333333333,1,0.395129281812467,0.812359189695827
"23610","Msa002565.t01","dispensable",3,2,1,25,0.833333333333333,1,0.395129281812467,0.812359189695827
"23845","Msa014390.t01","dispensable",4,2,1,25,0.833333333333333,1,0.395129281812467,0.812359189695827
"26487","Msa019518.t01","dispensable",3,2,1,25,0.833333333333333,1,0.395129281812467,0.812359189695827
"10269","Msa045747.t01","dispensable",12,3,1,100,0.75,1,0.559703874337883,0.811940774867577
"27002","Msa035434.t01","dispensable",3,2,1,24,0.833333333333333,1,0.390372746197399,0.811407882572813
"3377","Mpoly004256.t01","private",3,1,1,5,0.916666666666667,1,0.217297622705402,0.810126191207747
"3650","Mpoly019683.t03","private",4,1,1,5,0.916666666666667,1,0.217297622705402,0.810126191207747
"3806","Mpoly026227.t02","private",3,1,1,5,0.916666666666667,1,0.217297622705402,0.810126191207747
"6226","Mca051009.t02","private",3,1,1,5,0.916666666666667,1,0.217297622705402,0.810126191207747
"6308","Mca052544.t02","private",3,1,1,5,0.916666666666667,1,0.217297622705402,0.810126191207747
"7307","Msa074752.t01","private",7,1,1,5,0.916666666666667,1,0.217297622705402,0.810126191207747
"7787","Msa112302.t03","private",3,1,1,5,0.916666666666667,1,0.217297622705402,0.810126191207747
"7838","Msa113453.t01","private",4,1,1,5,0.916666666666667,1,0.217297622705402,0.810126191207747
"8017","Msa126036.t01","private",4,1,1,5,0.916666666666667,1,0.217297622705402,0.810126191207747
"8077","Msa127263.t02","private",4,1,1,5,0.916666666666667,1,0.217297622705402,0.810126191207747
"14517","Mtrun007269.t01","private",4,1,1,5,0.916666666666667,1,0.217297622705402,0.810126191207747
"14577","Mtrun010724.t01","private",3,1,1,5,0.916666666666667,1,0.217297622705402,0.810126191207747
"14745","Mtrun019003.t02","private",8,1,1,5,0.916666666666667,1,0.217297622705402,0.810126191207747
"14863","Mtrun027551.t01","private",4,1,1,5,0.916666666666667,1,0.217297622705402,0.810126191207747
"14922","Mtrun029885.t01","private",8,1,1,5,0.916666666666667,1,0.217297622705402,0.810126191207747
"10485","zm4.64G0016930.t1","dispensable",4,2,1,22,0.833333333333333,1,0.380260548823265,0.809385443097986
"21627","Msa026279.t01","dispensable",3,2,1,22,0.833333333333333,1,0.380260548823265,0.809385443097986
"4299","Mru015282.t02","dispensable",4,2,1,20,0.833333333333333,1,0.369227845228343,0.807178902379002
"5349","Mca015608.t01","dispensable",3,2,1,20,0.833333333333333,1,0.369227845228343,0.807178902379002
"5511","Mru016656.t02","dispensable",7,2,1,20,0.833333333333333,1,0.369227845228343,0.807178902379002
"6103","Mca046983.t03","dispensable",4,2,1,20,0.833333333333333,1,0.369227845228343,0.807178902379002
"6280","Mca052029.t01","dispensable",4,2,1,20,0.833333333333333,1,0.369227845228343,0.807178902379002
"6574","Mca029827.t02","dispensable",5,2,1,20,0.833333333333333,1,0.369227845228343,0.807178902379002
"6794","Msa004118.t01","dispensable",5,2,1,20,0.833333333333333,1,0.369227845228343,0.807178902379002
"6876","Msa024827.t01","dispensable",4,2,1,20,0.833333333333333,1,0.369227845228343,0.807178902379002
"7220","Msa069035.t01","dispensable",3,2,1,20,0.833333333333333,1,0.369227845228343,0.807178902379002
"9361","Msa031683.t02","dispensable",3,2,1,20,0.833333333333333,1,0.369227845228343,0.807178902379002
"9629","Mca014169.t02","dispensable",7,2,1,20,0.833333333333333,1,0.369227845228343,0.807178902379002
"9888","Msa050551.t02","dispensable",4,2,1,20,0.833333333333333,1,0.369227845228343,0.807178902379002
"10323","zm4.74G0013130.t1","dispensable",3,2,1,20,0.833333333333333,1,0.369227845228343,0.807178902379002
"14621","Mtrun012260.t01","dispensable",4,2,1,20,0.833333333333333,1,0.369227845228343,0.807178902379002
"15546","Mca006344.t04","dispensable",4,2,1,20,0.833333333333333,1,0.369227845228343,0.807178902379002
"16523","evm.model.Chr03.1429","dispensable",3,2,1,20,0.833333333333333,1,0.369227845228343,0.807178902379002
"16526","evm.model.Chr03.1526","dispensable",3,2,1,20,0.833333333333333,1,0.369227845228343,0.807178902379002
"17618","Mpoly008229.t01","dispensable",3,2,1,20,0.833333333333333,1,0.369227845228343,0.807178902379002
"20582","Msa013802.t01","dispensable",3,2,1,20,0.833333333333333,1,0.369227845228343,0.807178902379002
"20629","Mru019821.t05","dispensable",4,2,1,20,0.833333333333333,1,0.369227845228343,0.807178902379002
"21193","Msa026698.t01","dispensable",3,2,1,20,0.833333333333333,1,0.369227845228343,0.807178902379002
"22726","Msa002316.t01","dispensable",5,2,1,20,0.833333333333333,1,0.369227845228343,0.807178902379002
"23317","Mca048109.t03","dispensable",5,2,1,20,0.833333333333333,1,0.369227845228343,0.807178902379002
"7107","Msa063212.t02","dispensable",14,2,1,19,0.833333333333333,1,0.363310763796654,0.805995486092664
"10532","zm4.54G0006010.t1","dispensable",3,2,1,19,0.833333333333333,1,0.363310763796654,0.805995486092664
"9459","Mru036279.t02","dispensable",8,3,1,78,0.75,1,0.529909648690384,0.805981929738077
"6367","Mca032834.t02","dispensable",20,3,1,70,0.75,1,0.516961243706611,0.803392248741322
"6575","Mca030108.t03","dispensable",4,2,1,16,0.833333333333333,1,0.343601099842871,0.802053553301908
"4370","LOC_00008954-mRNA-1","dispensable",10,3,1,65,0.75,1,0.508105039227718,0.801621007845544
"5231","Msa011250.t01","dispensable",8,3,1,65,0.75,1,0.508105039227718,0.801621007845544
"8908","Mca015751.t02","dispensable",8,3,1,64,0.75,1,0.506253459562189,0.801250691912438
"282","Mara004231.t01","dispensable",3,2,1,15,0.833333333333333,1,0.336248781395908,0.800583089612515
"756","Mara012084.t01","dispensable",3,2,1,15,0.833333333333333,1,0.336248781395908,0.800583089612515
"872","Mara013926.t01","dispensable",3,2,1,15,0.833333333333333,1,0.336248781395908,0.800583089612515
"2532","evm.model.Chr03.884","dispensable",3,2,1,15,0.833333333333333,1,0.336248781395908,0.800583089612515
"2920","evm.model.Chr05.3817","dispensable",3,2,1,15,0.833333333333333,1,0.336248781395908,0.800583089612515
"5594","Mca027063.t01","dispensable",3,2,1,15,0.833333333333333,1,0.336248781395908,0.800583089612515
"5612","Mca027528.t02","dispensable",5,2,1,15,0.833333333333333,1,0.336248781395908,0.800583089612515
"5802","Mca034695.t01","dispensable",3,2,1,15,0.833333333333333,1,0.336248781395908,0.800583089612515
"6212","Mca050722.t02","dispensable",4,2,1,15,0.833333333333333,1,0.336248781395908,0.800583089612515
"6260","Mca051762.t02","dispensable",8,2,1,15,0.833333333333333,1,0.336248781395908,0.800583089612515
"6306","Mca052530.t02","dispensable",3,2,1,15,0.833333333333333,1,0.336248781395908,0.800583089612515
"6418","Mca009639.t02","dispensable",4,2,1,15,0.833333333333333,1,0.336248781395908,0.800583089612515
"6559","Mara028667.t01","dispensable",4,2,1,15,0.833333333333333,1,0.336248781395908,0.800583089612515
"6577","Mca030437.t01","dispensable",7,2,1,15,0.833333333333333,1,0.336248781395908,0.800583089612515
"6674","Mca041383.t03","dispensable",5,2,1,15,0.833333333333333,1,0.336248781395908,0.800583089612515
"7008","Msa148357.t01","dispensable",5,2,1,15,0.833333333333333,1,0.336248781395908,0.800583089612515
"7018","Msa047988.t01","dispensable",3,2,1,15,0.833333333333333,1,0.336248781395908,0.800583089612515
"7840","Msa113471.t01","dispensable",4,2,1,15,0.833333333333333,1,0.336248781395908,0.800583089612515
"8013","Msa125939.t01","dispensable",3,2,1,15,0.833333333333333,1,0.336248781395908,0.800583089612515
"8354","Msa150167.t01","dispensable",7,2,1,15,0.833333333333333,1,0.336248781395908,0.800583089612515
"8500","Msa159659.t02","dispensable",3,2,1,15,0.833333333333333,1,0.336248781395908,0.800583089612515
"8820","Msa012593.t03","dispensable",6,2,1,15,0.833333333333333,1,0.336248781395908,0.800583089612515
"11390","LOC_00015869-mRNA-1","dispensable",3,2,1,15,0.833333333333333,1,0.336248781395908,0.800583089612515
"11436","LOC_00016579-mRNA-1","dispensable",3,2,1,15,0.833333333333333,1,0.336248781395908,0.800583089612515
"12776","LOC_00007320-mRNA-1","dispensable",3,2,1,15,0.833333333333333,1,0.336248781395908,0.800583089612515
"13082","LOC_00011340-mRNA-2","dispensable",6,2,1,15,0.833333333333333,1,0.336248781395908,0.800583089612515
"14716","Mtrun017054.t02","dispensable",4,2,1,15,0.833333333333333,1,0.336248781395908,0.800583089612515
"15021","Mtrun037224.t01","dispensable",3,2,1,15,0.833333333333333,1,0.336248781395908,0.800583089612515
"15313","evm.model.Chr04.843","dispensable",3,2,1,15,0.833333333333333,1,0.336248781395908,0.800583089612515
"15576","Msa091173.t01","dispensable",4,2,1,15,0.833333333333333,1,0.336248781395908,0.800583089612515
"15641","Mara032554.t01","dispensable",3,2,1,15,0.833333333333333,1,0.336248781395908,0.800583089612515
"16741","evm.model.Chr04.2799","dispensable",4,2,1,15,0.833333333333333,1,0.336248781395908,0.800583089612515
"17207","Mru049618.t02","dispensable",3,2,1,15,0.833333333333333,1,0.336248781395908,0.800583089612515
"18368","Msa048067.t02","dispensable",3,2,1,15,0.833333333333333,1,0.336248781395908,0.800583089612515
"22089","Mca020736.t01","dispensable",4,2,1,15,0.833333333333333,1,0.336248781395908,0.800583089612515
"24089","Mca024754.t02","dispensable",3,2,1,15,0.833333333333333,1,0.336248781395908,0.800583089612515
"28542","LOC_00039009-mRNA-1","dispensable",3,2,1,15,0.833333333333333,1,0.336248781395908,0.800583089612515
"19308","Mru019947.t01","dispensable",6,3,1,60,0.75,1,0.498550800633683,0.799710160126737
"20297","Msa153580.t01","dispensable",3,2,1,14,0.833333333333333,1,0.328421800455124,0.799017693424358
"6883","Mpoly036259.t01","dispensable",8,3,1,53,0.75,1,0.483768477418252,0.79675369548365
"7862","Msa038651.t03","dispensable",12,3,1,52,0.75,1,0.481501568194893,0.796300313638979
"10224","Msa030031.t01","dispensable",6,3,1,50,0.75,1,0.476836527199296,0.795367305439859
"15279","Mru026066.t02","dispensable",9,3,1,50,0.75,1,0.476836527199296,0.795367305439859
"6541","Mca026618.t02","dispensable",3,2,1,11,0.833333333333333,1,0.301359818054379,0.793605296944209
"2669","evm.model.Chr04.1118","dispensable",6,3,1,45,0.75,1,0.464322744172242,0.792864548834449
"4508","Mara044687.t01","dispensable",5,3,1,45,0.75,1,0.464322744172242,0.792864548834449
"5416","Mpoly011873.t01","dispensable",7,3,1,45,0.75,1,0.464322744172242,0.792864548834449
"5850","Mca037183.t01","dispensable",5,3,1,45,0.75,1,0.464322744172242,0.792864548834449
"6898","Mca010610.t01","dispensable",5,3,1,45,0.75,1,0.464322744172242,0.792864548834449
"10479","Mca039526.t01","dispensable",6,3,1,45,0.75,1,0.464322744172242,0.792864548834449
"16290","Msa007635.t01","dispensable",6,3,1,45,0.75,1,0.464322744172242,0.792864548834449
"17325","Mpoly000084.t03","dispensable",6,3,1,45,0.75,1,0.464322744172242,0.792864548834449
"6364","Mca000213.t02","dispensable",5,3,1,44,0.75,1,0.461657227811549,0.79233144556231
"3558","Mpoly013794.t02","dispensable",3,2,1,10,0.833333333333333,1,0.290807416522316,0.791494816637797
"5303","Mca013538.t02","dispensable",3,2,1,10,0.833333333333333,1,0.290807416522316,0.791494816637797
"7571","Msa094851.t01","dispensable",3,2,1,10,0.833333333333333,1,0.290807416522316,0.791494816637797
"10576","zm4.54G0050570.t1","dispensable",3,2,1,10,0.833333333333333,1,0.290807416522316,0.791494816637797
"13904","LOC_00045744-mRNA-2","dispensable",5,2,1,10,0.833333333333333,1,0.290807416522316,0.791494816637797
"14070","LOC_00048307-mRNA-1","dispensable",3,2,1,10,0.833333333333333,1,0.290807416522316,0.791494816637797
"15644","Mara032615.t01","dispensable",3,2,1,10,0.833333333333333,1,0.290807416522316,0.791494816637797
"17351","Mpoly000631.t01","dispensable",3,2,1,10,0.833333333333333,1,0.290807416522316,0.791494816637797
"25741","Msa152435.t01","dispensable",3,2,1,10,0.833333333333333,1,0.290807416522316,0.791494816637797
"159","Mara001717.t01","dispensable",500,6,1,2605,0.5,1,0.9539059642308,0.79078119284616
"4460","Mru030509.t01","dispensable",4,3,1,40,0.75,1,0.450367583204509,0.790073516640902
"5211","Mca009513.t02","dispensable",9,3,1,40,0.75,1,0.450367583204509,0.790073516640902
"5351","Mca015696.t01","dispensable",6,3,1,40,0.75,1,0.450367583204509,0.790073516640902
"6742","Msa000487.t01","dispensable",14,3,1,40,0.75,1,0.450367583204509,0.790073516640902
"9261","Msa028867.t02","dispensable",5,3,1,40,0.75,1,0.450367583204509,0.790073516640902
"15510","Mru034712.t01","dispensable",5,3,1,40,0.75,1,0.450367583204509,0.790073516640902
"15971","Mru053282.t02","dispensable",4,3,1,40,0.75,1,0.450367583204509,0.790073516640902
"22502","Mca030886.t01","dispensable",5,3,1,40,0.75,1,0.450367583204509,0.790073516640902
"22984","Msa024426.t01","dispensable",5,3,1,40,0.75,1,0.450367583204509,0.790073516640902
"14829","Mtrun025524.t02","dispensable",3,2,1,9,0.833333333333333,1,0.279248568447676,0.789183047022869
"6698","Mca045148.t02","dispensable",6,3,1,38,0.75,1,0.444302513819915,0.788860502763983
"508","Mara007893.t01","dispensable",4,3,1,35,0.75,1,0.434595245410804,0.786919049082161
"1416","Mara025019.t01","dispensable",4,3,1,35,0.75,1,0.434595245410804,0.786919049082161
"2305","evm.model.Chr01.3649","dispensable",7,3,1,35,0.75,1,0.434595245410804,0.786919049082161
"4239","Mru008579.t02","dispensable",6,3,1,35,0.75,1,0.434595245410804,0.786919049082161
"5287","Mca012903.t01","dispensable",4,3,1,35,0.75,1,0.434595245410804,0.786919049082161
"5377","Mca016857.t02","dispensable",4,3,1,35,0.75,1,0.434595245410804,0.786919049082161
"6015","Mca043146.t02","dispensable",8,3,1,35,0.75,1,0.434595245410804,0.786919049082161
"8958","Mca027334.t02","dispensable",7,3,1,35,0.75,1,0.434595245410804,0.786919049082161
"9544","Msa036246.t01","dispensable",4,3,1,35,0.75,1,0.434595245410804,0.786919049082161
"10278","zm4.34G0045860.t1","dispensable",8,3,1,35,0.75,1,0.434595245410804,0.786919049082161
"10342","zm4.74G0023180.t1","dispensable",5,3,1,35,0.75,1,0.434595245410804,0.786919049082161
"10704","Msa021470.t01","dispensable",4,3,1,35,0.75,1,0.434595245410804,0.786919049082161
"20635","Mru020619.t01","dispensable",4,3,1,35,0.75,1,0.434595245410804,0.786919049082161
"21086","Msa000033.t02","dispensable",4,3,1,35,0.75,1,0.434595245410804,0.786919049082161
"21948","Mca017449.t03","dispensable",4,3,1,35,0.75,1,0.434595245410804,0.786919049082161
"22005","Mca017921.t02","dispensable",4,3,1,35,0.75,1,0.434595245410804,0.786919049082161
"22907","Msa038458.t01","dispensable",4,3,1,35,0.75,1,0.434595245410804,0.786919049082161
"8100","Msa127581.t01","dispensable",5,3,1,33,0.75,1,0.427663295191848,0.78553265903837
"1033","evm.model.Chr01.897","dispensable",43,4,1,130,0.666666666666667,1,0.591244978327229,0.784915662332113
"7451","Msa091781.t02","private",3,1,1,1,0.916666666666667,1,0.084062195348977,0.783479105736462
"4394","evm.model.Chr04.826.2.6a73522b","dispensable",5,3,1,30,0.75,1,0.416460618040923,0.783292123608185
"5285","Mara027203.t01","dispensable",5,3,1,30,0.75,1,0.416460618040923,0.783292123608185
"5869","Mca037980.t01","dispensable",4,3,1,30,0.75,1,0.416460618040923,0.783292123608185
"6527","Mca025616.t01","dispensable",4,3,1,30,0.75,1,0.416460618040923,0.783292123608185
"6858","zm4.44G0035170.t1","dispensable",10,3,1,30,0.75,1,0.416460618040923,0.783292123608185
"9609","Msa037986.t02","dispensable",4,3,1,30,0.75,1,0.416460618040923,0.783292123608185
"11404","Mara008303.t01","dispensable",5,3,1,30,0.75,1,0.416460618040923,0.783292123608185
"13121","LOC_00011875-mRNA-1","dispensable",4,3,1,30,0.75,1,0.416460618040923,0.783292123608185
"13370","Mru017431.t01","dispensable",5,3,1,30,0.75,1,0.416460618040923,0.783292123608185
"14731","Mtrun017774.t01","dispensable",5,3,1,30,0.75,1,0.416460618040923,0.783292123608185
"15249","Mpoly029919.t01","dispensable",4,3,1,30,0.75,1,0.416460618040923,0.783292123608185
"15991","Mru053813.t01","dispensable",4,3,1,30,0.75,1,0.416460618040923,0.783292123608185
"16836","Mca046950.t01","dispensable",5,3,1,30,0.75,1,0.416460618040923,0.783292123608185
"17273","evm.model.Chr08.2477","dispensable",4,3,1,30,0.75,1,0.416460618040923,0.783292123608185
"19295","Mru018531.t01","dispensable",3,3,1,30,0.75,1,0.416460618040923,0.783292123608185
"21859","Mca015668.t01","dispensable",3,3,1,30,0.75,1,0.416460618040923,0.783292123608185
"5664","Mca029279.t02","dispensable",7,3,1,28,0.75,1,0.408372547414032,0.781674509482806
"16063","evm.model.Chr01.318","dispensable",6,3,1,27,0.75,1,0.404116808569872,0.780823361713975
"22895","Msa038260.t01","dispensable",4,3,1,27,0.75,1,0.404116808569872,0.780823361713975
"6901","evm.model.Chr02.3775","dispensable",15,4,1,105,0.666666666666667,1,0.56556376354387,0.779779419375441
"3961","Mpoly034804.t01","dispensable",3,3,1,25,0.75,1,0.395129281812467,0.779025856362493
"4693","Msa020123.t01","dispensable",8,3,1,25,0.75,1,0.395129281812467,0.779025856362493
"4951","Mca042087.t03","dispensable",9,3,1,25,0.75,1,0.395129281812467,0.779025856362493
"5074","Mca002668.t02","dispensable",6,3,1,25,0.75,1,0.395129281812467,0.779025856362493
"5275","Mca012460.t01","dispensable",3,3,1,25,0.75,1,0.395129281812467,0.779025856362493
"6060","Mca045493.t01","dispensable",5,3,1,25,0.75,1,0.395129281812467,0.779025856362493
"6405","Mca007633.t02","dispensable",13,3,1,25,0.75,1,0.395129281812467,0.779025856362493
"6431","Mca011067.t02","dispensable",3,3,1,25,0.75,1,0.395129281812467,0.779025856362493
"6793","Msa004110.t01","dispensable",3,3,1,25,0.75,1,0.395129281812467,0.779025856362493
"6943","Msa037879.t01","dispensable",3,3,1,25,0.75,1,0.395129281812467,0.779025856362493
"8060","Msa126957.t01","dispensable",4,3,1,25,0.75,1,0.395129281812467,0.779025856362493
"8374","Msa150634.t01","dispensable",4,3,1,25,0.75,1,0.395129281812467,0.779025856362493
"9489","Msa034914.t01","dispensable",3,3,1,25,0.75,1,0.395129281812467,0.779025856362493
"9800","Msa045531.t02","dispensable",4,3,1,25,0.75,1,0.395129281812467,0.779025856362493
"10299","zm4.34G0061300.t1","dispensable",5,3,1,25,0.75,1,0.395129281812467,0.779025856362493
"10411","zm4.24G0016190.t1","dispensable",3,3,1,25,0.75,1,0.395129281812467,0.779025856362493
"11939","LOC_00034815-mRNA-1","dispensable",3,3,1,25,0.75,1,0.395129281812467,0.779025856362493
"12485","LOC_00003130-mRNA-1","dispensable",5,3,1,25,0.75,1,0.395129281812467,0.779025856362493
"12987","LOC_00010369-mRNA-1","dispensable",4,3,1,25,0.75,1,0.395129281812467,0.779025856362493
"14913","Mca037330.t01","dispensable",6,3,1,25,0.75,1,0.395129281812467,0.779025856362493
"15086","Mru006235.t01","dispensable",3,3,1,25,0.75,1,0.395129281812467,0.779025856362493
"15495","Msa094152.t01","dispensable",3,3,1,25,0.75,1,0.395129281812467,0.779025856362493
"15551","Mca029121.t01","dispensable",3,3,1,25,0.75,1,0.395129281812467,0.779025856362493
"17062","evm.model.Chr07.216","dispensable",4,3,1,25,0.75,1,0.395129281812467,0.779025856362493
"17120","evm.model.Chr07.2020","dispensable",3,3,1,25,0.75,1,0.395129281812467,0.779025856362493
"18394","Msa031871.t01","dispensable",3,3,1,25,0.75,1,0.395129281812467,0.779025856362493
"18636","Mru000654.t01","dispensable",6,3,1,25,0.75,1,0.395129281812467,0.779025856362493
"21207","Mca002298.t01","dispensable",3,3,1,25,0.75,1,0.395129281812467,0.779025856362493
"22069","Mca020357.t01","dispensable",3,3,1,25,0.75,1,0.395129281812467,0.779025856362493
"22387","zm4.74G0017020.t1","dispensable",3,3,1,25,0.75,1,0.395129281812467,0.779025856362493
"22593","Mca032453.t01","dispensable",3,3,1,25,0.75,1,0.395129281812467,0.779025856362493
"23036","Msa029844.t01","dispensable",4,3,1,25,0.75,1,0.395129281812467,0.779025856362493
"23357","Msa017851.t01","dispensable",3,3,1,25,0.75,1,0.395129281812467,0.779025856362493
"7026","Msa048504.t01","dispensable",17,4,1,101,0.666666666666667,1,0.560898722548273,0.778846411176321
"5753","Mca032706.t01","dispensable",14,4,1,95,0.666666666666667,1,0.55354640410131,0.777375947486929
"5387","Mca017148.t01","dispensable",3,3,1,23,0.75,1,0.385422013403356,0.777084402680671
"17319","Msa016706.t01","dispensable",5,3,1,23,0.75,1,0.385422013403356,0.777084402680671
"22288","Mca029053.t03","dispensable",4,3,1,23,0.75,1,0.385422013403356,0.777084402680671
"9482","zm4.64G0012300.t1","dispensable",11,4,1,90,0.666666666666667,1,0.547059504335408,0.776078567533748
"15469","Mca048452.t01","dispensable",13,4,1,90,0.666666666666667,1,0.547059504335408,0.776078567533748
"6092","Mca019171.t01","dispensable",13,4,1,85,0.666666666666667,1,0.540205923174014,0.774707851301469
"5453","evm.model.Chr04.629","dispensable",13,4,1,83,0.666666666666667,1,0.537352235926297,0.774137113851926
"130","Mara001907.t01","dispensable",4,3,1,20,0.75,1,0.369227845228343,0.773845569045669
"260","Mara003889.t01","dispensable",4,3,1,20,0.75,1,0.369227845228343,0.773845569045669
"1449","Mara025502.t01","dispensable",4,3,1,20,0.75,1,0.369227845228343,0.773845569045669
"2371","evm.model.Chr02.543","dispensable",8,3,1,20,0.75,1,0.369227845228343,0.773845569045669
"3519","Mpoly011544.t01","dispensable",4,3,1,20,0.75,1,0.369227845228343,0.773845569045669
"3807","Mpoly026239.t01","dispensable",6,3,1,20,0.75,1,0.369227845228343,0.773845569045669
"5239","Mca011055.t01","dispensable",3,3,1,20,0.75,1,0.369227845228343,0.773845569045669
"5656","Mca029147.t02","dispensable",5,3,1,20,0.75,1,0.369227845228343,0.773845569045669
"5769","Mca033431.t01","dispensable",3,3,1,20,0.75,1,0.369227845228343,0.773845569045669
"5882","Mca038283.t01","dispensable",3,3,1,20,0.75,1,0.369227845228343,0.773845569045669
"6132","Mca051307.t01","dispensable",4,3,1,20,0.75,1,0.369227845228343,0.773845569045669
"6526","Mca025614.t01","dispensable",3,3,1,20,0.75,1,0.369227845228343,0.773845569045669
"7827","Msa113274.t01","dispensable",5,3,1,20,0.75,1,0.369227845228343,0.773845569045669
"7873","Msa113971.t01","dispensable",3,3,1,20,0.75,1,0.369227845228343,0.773845569045669
"8126","Msa042894.t02","dispensable",5,3,1,20,0.75,1,0.369227845228343,0.773845569045669
"9845","Msa049229.t01","dispensable",3,3,1,20,0.75,1,0.369227845228343,0.773845569045669
"10173","zm4.44G0044020.t1","dispensable",4,3,1,20,0.75,1,0.369227845228343,0.773845569045669
"10343","zm4.74G0023790.t1","dispensable",3,3,1,20,0.75,1,0.369227845228343,0.773845569045669
"11392","LOC_00015897-mRNA-1","dispensable",3,3,1,20,0.75,1,0.369227845228343,0.773845569045669
"11667","LOC_00019492-mRNA-1","dispensable",3,3,1,20,0.75,1,0.369227845228343,0.773845569045669
"11670","LOC_00019579-mRNA-2","dispensable",4,3,1,20,0.75,1,0.369227845228343,0.773845569045669
"12908","LOC_00009142-mRNA-3","dispensable",3,3,1,20,0.75,1,0.369227845228343,0.773845569045669
"14001","LOC_00047128-mRNA-1","dispensable",4,3,1,20,0.75,1,0.369227845228343,0.773845569045669
"14204","LOC_00050558-mRNA-2","dispensable",3,3,1,20,0.75,1,0.369227845228343,0.773845569045669
"15394","Msa070733.t01","dispensable",3,3,1,20,0.75,1,0.369227845228343,0.773845569045669
"15794","Mara038999.t01","dispensable",4,3,1,20,0.75,1,0.369227845228343,0.773845569045669
"16674","evm.model.Chr04.396.1.6a735197","dispensable",5,3,1,20,0.75,1,0.369227845228343,0.773845569045669
"17228","evm.model.Chr08.1205","dispensable",3,3,1,20,0.75,1,0.369227845228343,0.773845569045669
"17510","Mpoly005596.t01","dispensable",4,3,1,20,0.75,1,0.369227845228343,0.773845569045669
"21473","Mca008054.t01","dispensable",3,3,1,20,0.75,1,0.369227845228343,0.773845569045669
"22147","Msa067695.t01","dispensable",3,3,1,20,0.75,1,0.369227845228343,0.773845569045669
"22370","Mca027091.t02","dispensable",3,3,1,20,0.75,1,0.369227845228343,0.773845569045669
"22428","Mca028702.t01","dispensable",4,3,1,20,0.75,1,0.369227845228343,0.773845569045669
"22501","Msa093313.t01","dispensable",3,3,1,20,0.75,1,0.369227845228343,0.773845569045669
"22570","Msa069240.t01","dispensable",3,3,1,20,0.75,1,0.369227845228343,0.773845569045669
"23030","Mca041509.t02","dispensable",3,3,1,20,0.75,1,0.369227845228343,0.773845569045669
"24684","Mca041072.t03","dispensable",3,3,1,20,0.75,1,0.369227845228343,0.773845569045669
"28158","zm4.54G0023710.t1","dispensable",3,3,1,20,0.75,1,0.369227845228343,0.773845569045669
"1645","Mara030303.t01","dispensable",5,3,1,19,0.75,1,0.363310763796654,0.772662152759331
"15455","Msa095257.t02","dispensable",5,3,1,19,0.75,1,0.363310763796654,0.772662152759331
"3356","evm.model.Chr01.3113","dispensable",12,4,1,75,0.666666666666667,1,0.525214503161343,0.771709567298935
"4262","Mru011136.t03","dispensable",11,4,1,75,0.666666666666667,1,0.525214503161343,0.771709567298935
"5538","Mca023579.t01","dispensable",9,4,1,75,0.666666666666667,1,0.525214503161343,0.771709567298935
"5919","Mca039308.t05","dispensable",12,4,1,75,0.666666666666667,1,0.525214503161343,0.771709567298935
"7564","Msa094600.t01","dispensable",4,3,1,18,0.75,1,0.357090112463389,0.771418022492678
"16717","Mpoly015617.t01","dispensable",3,3,1,18,0.75,1,0.357090112463389,0.771418022492678
"7848","Msa113626.t01","dispensable",13,4,1,72,0.666666666666667,1,0.520330241244467,0.77073271491556
"7167","Msa067702.t02","dispensable",5,3,1,17,0.75,1,0.350533050061827,0.770106610012365
"2410","evm.model.Chr02.1709.1.6a7352f8","dispensable",11,4,1,70,0.666666666666667,1,0.516961243706611,0.770058915407989
"5111","Mca004368.t02","dispensable",18,4,1,70,0.666666666666667,1,0.516961243706611,0.770058915407989
"5917","Mca042269.t04","dispensable",22,4,1,70,0.666666666666667,1,0.516961243706611,0.770058915407989
"8572","Msa002471.t01","dispensable",9,4,1,70,0.666666666666667,1,0.516961243706611,0.770058915407989
"10486","Mpoly022029.t01","dispensable",12,4,1,70,0.666666666666667,1,0.516961243706611,0.770058915407989
"5289","Mca037861.t01","dispensable",49,5,1,272,0.583333333333333,1,0.680294931691833,0.7693923196717
"6116","Mca047606.t01","dispensable",4,3,1,16,0.75,1,0.343601099842871,0.768720219968574
"4386","evm.model.Chr04.417.2.6a7351a1","dispensable",19,4,1,65,0.666666666666667,1,0.508105039227718,0.76828767451221
"5591","Mca026864.t02","dispensable",8,4,1,65,0.666666666666667,1,0.508105039227718,0.76828767451221
"5592","Mca026996.t01","dispensable",13,4,1,65,0.666666666666667,1,0.508105039227718,0.76828767451221
"20684","Msa068063.t01","dispensable",8,4,1,65,0.666666666666667,1,0.508105039227718,0.76828767451221
"22064","Mca020242.t01","dispensable",11,4,1,65,0.666666666666667,1,0.508105039227718,0.76828767451221
"3966","Mpoly035235.t01","dispensable",3,3,1,15,0.75,1,0.336248781395908,0.767249756279182
"14136","LOC_00049588-mRNA-1","dispensable",3,3,1,15,0.75,1,0.336248781395908,0.767249756279182
"15381","Mara021708.t01","dispensable",3,3,1,15,0.75,1,0.336248781395908,0.767249756279182
"15913","Mara042534.t01","dispensable",3,3,1,15,0.75,1,0.336248781395908,0.767249756279182
"24656","zm4.74G0027060.t1","dispensable",3,3,1,15,0.75,1,0.336248781395908,0.767249756279182
"5941","Mca037337.t02","dispensable",21,4,1,62,0.666666666666667,1,0.502463272584768,0.76715932118362
"5636","Mru042508.t01","dispensable",8,4,1,61,0.666666666666667,1,0.5005228133899,0.766771229344647
"6453","Mpoly023046.t01","dispensable",9,4,1,60,0.666666666666667,1,0.498550800633683,0.766376826793403
"10722","evm.model.Chr01.1573","dispensable",9,4,1,60,0.666666666666667,1,0.498550800633683,0.766376826793403
"5363","Mca016055.t01","dispensable",6,4,1,55,0.666666666666667,1,0.488179003918849,0.764302467450437
"5495","Mca021182.t01","dispensable",6,4,1,55,0.666666666666667,1,0.488179003918849,0.764302467450437
"8858","Msa013408.t01","dispensable",9,4,1,55,0.666666666666667,1,0.488179003918849,0.764302467450437
"9515","Msa035558.t01","dispensable",6,4,1,55,0.666666666666667,1,0.488179003918849,0.764302467450437
"9689","Msa040024.t01","dispensable",7,4,1,55,0.666666666666667,1,0.488179003918849,0.764302467450437
"16361","Mpoly006844.t01","dispensable",7,4,1,55,0.666666666666667,1,0.488179003918849,0.764302467450437
"21355","Mca038338.t01","dispensable",7,4,1,55,0.666666666666667,1,0.488179003918849,0.764302467450437
"6511","Mca017071.t01","dispensable",26,5,1,214,0.583333333333333,1,0.651330100923736,0.763599353518081
"7497","Mca000066.t01","dispensable",10,4,1,50,0.666666666666667,1,0.476836527199296,0.762033972106526
"17208","Mru046061.t01","dispensable",8,4,1,50,0.666666666666667,1,0.476836527199296,0.762033972106526
"21683","Mca036692.t01","dispensable",7,4,1,50,0.666666666666667,1,0.476836527199296,0.762033972106526
"22141","Mca044495.t01","dispensable",8,4,1,50,0.666666666666667,1,0.476836527199296,0.762033972106526
"16489","Mca039202.t01","dispensable",6,4,1,48,0.666666666666667,1,0.471984835743837,0.761063633815434
"4335","Mru019137.t02","dispensable",15,4,1,45,0.666666666666667,1,0.464322744172242,0.759531215501115
"4843","Mru018131.t02","dispensable",11,4,1,45,0.666666666666667,1,0.464322744172242,0.759531215501115
"5521","Mca022449.t03","dispensable",8,4,1,45,0.666666666666667,1,0.464322744172242,0.759531215501115
"8129","Mca031825.t01","dispensable",7,4,1,45,0.666666666666667,1,0.464322744172242,0.759531215501115
"9406","Msa032798.t01","dispensable",5,4,1,45,0.666666666666667,1,0.464322744172242,0.759531215501115
"9523","Mca040152.t01","dispensable",8,4,1,45,0.666666666666667,1,0.464322744172242,0.759531215501115
"10107","Mru009349.t02","dispensable",6,4,1,45,0.666666666666667,1,0.464322744172242,0.759531215501115
"10168","zm4.44G0036390.t1","dispensable",6,4,1,45,0.666666666666667,1,0.464322744172242,0.759531215501115
"16340","evm.model.Chr02.1154","dispensable",8,4,1,45,0.666666666666667,1,0.464322744172242,0.759531215501115
"18783","Mru004615.t02","dispensable",6,4,1,45,0.666666666666667,1,0.464322744172242,0.759531215501115
"20156","Mca038763.t02","dispensable",6,4,1,45,0.666666666666667,1,0.464322744172242,0.759531215501115
"4448","Mpoly018085.t02","dispensable",5,4,1,40,0.666666666666667,1,0.450367583204509,0.756740183307569
"6051","Mca044996.t03","dispensable",5,4,1,40,0.666666666666667,1,0.450367583204509,0.756740183307569
"6991","Mpoly013223.t01","dispensable",6,4,1,40,0.666666666666667,1,0.450367583204509,0.756740183307569
"18020","Msa013567.t01","dispensable",6,4,1,40,0.666666666666667,1,0.450367583204509,0.756740183307569
"20700","Mca034218.t01","dispensable",8,4,1,40,0.666666666666667,1,0.450367583204509,0.756740183307569
"22125","Mca021393.t01","dispensable",5,4,1,40,0.666666666666667,1,0.450367583204509,0.756740183307569
"8074","Msa127240.t01","dispensable",8,4,1,37,0.666666666666667,1,0.441152307812366,0.75489712822914
"5229","Mca010572.t01","dispensable",4,4,1,35,0.666666666666667,1,0.434595245410804,0.753585715748827
"5726","Mca031909.t01","dispensable",5,4,1,35,0.666666666666667,1,0.434595245410804,0.753585715748827
"6191","Mca050270.t03","dispensable",11,4,1,35,0.666666666666667,1,0.434595245410804,0.753585715748827
"12683","Mca026185.t02","dispensable",4,4,1,35,0.666666666666667,1,0.434595245410804,0.753585715748827
"16640","Mru021845.t02","dispensable",5,4,1,35,0.666666666666667,1,0.434595245410804,0.753585715748827
"18107","Mtrun028735.t01","dispensable",6,4,1,35,0.666666666666667,1,0.434595245410804,0.753585715748827
"22872","Mca035590.t01","dispensable",5,4,1,33,0.666666666666667,1,0.427663295191848,0.752199325705036
"2891","evm.model.Chr05.2890","dispensable",5,4,1,30,0.666666666666667,1,0.416460618040923,0.749958790274851
"5630","Mca028328.t01","dispensable",4,4,1,30,0.666666666666667,1,0.416460618040923,0.749958790274851
"6330","Mca052841.t01","dispensable",10,4,1,30,0.666666666666667,1,0.416460618040923,0.749958790274851
"6457","Mca015195.t01","dispensable",4,4,1,30,0.666666666666667,1,0.416460618040923,0.749958790274851
"8137","Msa128452.t02","dispensable",7,4,1,30,0.666666666666667,1,0.416460618040923,0.749958790274851
"9060","Msa019765.t01","dispensable",4,4,1,30,0.666666666666667,1,0.416460618040923,0.749958790274851
"10689","Mca000927.t02","dispensable",4,4,1,30,0.666666666666667,1,0.416460618040923,0.749958790274851
"10706","LOC_00020541-mRNA-1","dispensable",5,4,1,30,0.666666666666667,1,0.416460618040923,0.749958790274851
"11230","LOC_00027369-mRNA-1","dispensable",4,4,1,30,0.666666666666667,1,0.416460618040923,0.749958790274851
"15620","Mara031785.t01","dispensable",6,4,1,30,0.666666666666667,1,0.416460618040923,0.749958790274851
"16508","Mca003139.t01","dispensable",6,4,1,30,0.666666666666667,1,0.416460618040923,0.749958790274851
"17930","Mca027499.t02","dispensable",4,4,1,30,0.666666666666667,1,0.416460618040923,0.749958790274851
"18124","Mpoly024346.t01","dispensable",4,4,1,30,0.666666666666667,1,0.416460618040923,0.749958790274851
"12141","LOC_00038008-mRNA-2","dispensable",6,4,1,29,0.666666666666667,1,0.412483995804101,0.749163465827487
"4538","Msa034030.t02","dispensable",24,5,1,115,0.583333333333333,1,0.576496938111986,0.74863272095573
"9475","Msa034648.t01","dispensable",19,5,1,102,0.583333333333333,1,0.562081913517113,0.745749716036756
"5867","Mara042076.t01","dispensable",4,4,1,25,0.666666666666667,1,0.395129281812467,0.74569252302916
"7025","Msa048404.t02","dispensable",4,4,1,25,0.666666666666667,1,0.395129281812467,0.74569252302916
"7888","Msa114195.t01","dispensable",4,4,1,25,0.666666666666667,1,0.395129281812467,0.74569252302916
"16028","Mara045638.t01","dispensable",4,4,1,25,0.666666666666667,1,0.395129281812467,0.74569252302916
"17051","evm.model.Chr06.3475","dispensable",4,4,1,25,0.666666666666667,1,0.395129281812467,0.74569252302916
"5364","zm4.34G0028750.t1","dispensable",13,5,1,100,0.583333333333333,1,0.559703874337883,0.74527410820091
"7254","Msa070882.t01","dispensable",25,5,1,100,0.583333333333333,1,0.559703874337883,0.74527410820091
"5722","Mca031770.t01","dispensable",21,5,1,97,0.583333333333333,1,0.556047031092814,0.744542739551896
"4284","Mara020726.t02","dispensable",19,5,1,95,0.583333333333333,1,0.55354640410131,0.744042614153595
"8771","Mca010640.t07","dispensable",21,5,1,95,0.583333333333333,1,0.55354640410131,0.744042614153595
"9151","Msa022156.t01","dispensable",13,5,1,95,0.583333333333333,1,0.55354640410131,0.744042614153595
"3996","Mpoly022646.t01","dispensable",291,7,1,1436,0.416666666666667,1,0.88171528243691,0.743009723154049
"4849","Mru019821.t02","dispensable",22,5,1,90,0.583333333333333,1,0.547059504335408,0.742745234200415
"5706","Mca030996.t01","dispensable",14,5,1,90,0.583333333333333,1,0.547059504335408,0.742745234200415
"8767","Mpoly008275.t01","dispensable",13,5,1,90,0.583333333333333,1,0.547059504335408,0.742745234200415
"4932","Mru039817.t05","dispensable",25,5,1,87,0.583333333333333,1,0.542994002569247,0.741932133847183
"4945","Mru042656.t02","dispensable",13,5,1,85,0.583333333333333,1,0.540205923174014,0.741374517968136
"8339","Mara016520.t01","dispensable",17,5,1,85,0.583333333333333,1,0.540205923174014,0.741374517968136
"2620","evm.model.Chr03.4189","dispensable",5,4,1,20,0.666666666666667,1,0.369227845228343,0.740512235712335
"3093","evm.model.Chr07.3305","dispensable",4,4,1,20,0.666666666666667,1,0.369227845228343,0.740512235712335
"14034","LOC_00047720-mRNA-2","dispensable",4,4,1,20,0.666666666666667,1,0.369227845228343,0.740512235712335
"5223","Mca010092.t01","dispensable",14,5,1,80,0.583333333333333,1,0.5329417094257,0.739921675218473
"10188","Msa095389.t01","dispensable",13,5,1,80,0.583333333333333,1,0.5329417094257,0.739921675218473
"7298","Msa040063.t01","dispensable",28,5,1,77,0.583333333333333,1,0.528364709168892,0.739006275167112
"710","Mara011144.t02","dispensable",24,5,1,75,0.583333333333333,1,0.525214503161343,0.738376233965602
"3312","Mpoly001239.t01","dispensable",12,5,1,75,0.583333333333333,1,0.525214503161343,0.738376233965602
"4298","Mru015274.t02","dispensable",17,5,1,75,0.583333333333333,1,0.525214503161343,0.738376233965602
"5782","Mca034107.t01","dispensable",9,5,1,75,0.583333333333333,1,0.525214503161343,0.738376233965602
"5030","Mpoly000325.t01","dispensable",10,5,1,70,0.583333333333333,1,0.516961243706611,0.736725582074656
"16519","evm.model.Chr03.1298","dispensable",10,5,1,70,0.583333333333333,1,0.516961243706611,0.736725582074656
"22839","Mca037717.t01","dispensable",10,5,1,70,0.583333333333333,1,0.516961243706611,0.736725582074656
"2468","LOC_00018527-mRNA-1","dispensable",11,5,1,65,0.583333333333333,1,0.508105039227718,0.734954341178877
"3409","Msa025600.t01","dispensable",9,5,1,65,0.583333333333333,1,0.508105039227718,0.734954341178877
"5023","Mca000043.t05","dispensable",8,5,1,65,0.583333333333333,1,0.508105039227718,0.734954341178877
"11795","Mpoly021544.t01","dispensable",8,5,1,65,0.583333333333333,1,0.508105039227718,0.734954341178877
"11817","Mca014074.t01","dispensable",8,5,1,65,0.583333333333333,1,0.508105039227718,0.734954341178877
"17701","Mpoly010150.t01","dispensable",7,5,1,65,0.583333333333333,1,0.508105039227718,0.734954341178877
"20266","Mca049530.t01","dispensable",9,5,1,65,0.583333333333333,1,0.508105039227718,0.734954341178877
"6030","Mca047101.t01","dispensable",49,6,1,253,0.5,1,0.671546372720823,0.734309274544165
"9995","zm4.71G0005140.t1","dispensable",3,2,1,0,0.833333333333333,1,0,0.733333333333333
"6006","Mca042848.t01","dispensable",8,5,1,55,0.583333333333333,1,0.488179003918849,0.730969134117103
"21264","Mca003554.t01","dispensable",7,5,1,55,0.583333333333333,1,0.488179003918849,0.730969134117103
"10388","Mca046404.t01","dispensable",35,6,1,210,0.5,1,0.649052548309931,0.729810509661986
"4178","evm.model.Chr01.365","dispensable",7,5,1,50,0.583333333333333,1,0.476836527199296,0.728700638773192
"6533","Mpoly017985.t01","dispensable",10,5,1,50,0.583333333333333,1,0.476836527199296,0.728700638773192
"7823","Msa113192.t01","dispensable",7,5,1,50,0.583333333333333,1,0.476836527199296,0.728700638773192
"8334","Msa149276.t01","dispensable",6,5,1,50,0.583333333333333,1,0.476836527199296,0.728700638773192
"15949","Mara043515.t01","dispensable",9,5,1,50,0.583333333333333,1,0.476836527199296,0.728700638773192
"5292","Mca013105.t01","dispensable",26,6,1,195,0.5,1,0.640109226441791,0.728021845288358
"5061","evm.model.Chr02.1494","dispensable",28,6,1,190,0.5,1,0.636975302385311,0.727395060477062
"8894","Mca006540.t01","dispensable",32,6,1,186,0.5,1,0.634408516365187,0.726881703273037
"4650","Mru048000.t02","dispensable",11,5,1,45,0.583333333333333,1,0.464322744172242,0.726197882167782
"11397","LOC_00015978-mRNA-1","dispensable",7,5,1,45,0.583333333333333,1,0.464322744172242,0.726197882167782
"14943","Mca043228.t01","dispensable",10,5,1,45,0.583333333333333,1,0.464322744172242,0.726197882167782
"16092","evm.model.Chr01.1034","dispensable",7,5,1,45,0.583333333333333,1,0.464322744172242,0.726197882167782
"5204","Mca008921.t02","dispensable",11,5,1,43,0.583333333333333,1,0.45893180722027,0.725119694777387
"5142","Mca010166.t01","dispensable",22,6,1,167,0.5,1,0.621414431275274,0.724282886255055
"5624","Mca028066.t04","dispensable",11,5,1,40,0.583333333333333,1,0.450367583204509,0.723406849974235
"5830","LOC_00029048-mRNA-1","dispensable",7,5,1,40,0.583333333333333,1,0.450367583204509,0.723406849974235
"6340","Mara045603.t01","dispensable",8,5,1,40,0.583333333333333,1,0.450367583204509,0.723406849974235
"7771","Msa111955.t01","dispensable",12,5,1,40,0.583333333333333,1,0.450367583204509,0.723406849974235
"11673","Mpoly009275.t01","dispensable",5,5,1,40,0.583333333333333,1,0.450367583204509,0.723406849974235
"15152","Mara017980.t01","dispensable",5,5,1,40,0.583333333333333,1,0.450367583204509,0.723406849974235
"8106","LOC_00003733-mRNA-1","dispensable",23,6,1,155,0.5,1,0.612426904517869,0.722485380903574
"3550","Mpoly005547.t02","dispensable",30,6,1,147,0.5,1,0.606042477180841,0.721208495436168
"15157","Mara010846.t02","dispensable",6,5,1,36,0.583333333333333,1,0.437918086482887,0.720916950629911
"6348","Mca053106.t01","dispensable",6,5,1,35,0.583333333333333,1,0.434595245410804,0.720252382415494
"6695","Mca044356.t02","dispensable",6,5,1,35,0.583333333333333,1,0.434595245410804,0.720252382415494
"6825","Msa009192.t01","dispensable",7,5,1,35,0.583333333333333,1,0.434595245410804,0.720252382415494
"9271","Msa029130.t01","dispensable",5,5,1,35,0.583333333333333,1,0.434595245410804,0.720252382415494
"11225","evm.model.Chr01.5001","dispensable",6,5,1,35,0.583333333333333,1,0.434595245410804,0.720252382415494
"14184","Mca047543.t01","dispensable",5,5,1,35,0.583333333333333,1,0.434595245410804,0.720252382415494
"15951","Mpoly010268.t01","dispensable",5,5,1,35,0.583333333333333,1,0.434595245410804,0.720252382415494
"19252","Mca048451.t02","dispensable",6,5,1,35,0.583333333333333,1,0.434595245410804,0.720252382415494
"3176","evm.model.Chr08.1284.1.6a7352c8","dispensable",24,5,1,32,0.583333333333333,1,0.424042843878741,0.718141902109082
"3728","Mpoly023181.t01","dispensable",21,6,1,125,0.5,1,0.586525467933745,0.717305093586749
"9211","Msa026638.t02","dispensable",5,5,1,30,0.583333333333333,1,0.416460618040923,0.716625456941518
"11053","Mara004416.t01","dispensable",5,5,1,30,0.583333333333333,1,0.416460618040923,0.716625456941518
"15854","Mara040720.t01","dispensable",5,5,1,30,0.583333333333333,1,0.416460618040923,0.716625456941518
"7185","Mru042230.t01","dispensable",18,6,1,117,0.5,1,0.578570084532734,0.715714016906547
"7004","LOC_00036750-mRNA-1","dispensable",18,6,1,115,0.5,1,0.576496938111986,0.715299387622397
"7285","Mca027810.t01","dispensable",19,6,1,113,0.5,1,0.574387735168791,0.714877547033758
"3712","Mca030983.t01","dispensable",23,6,1,110,0.5,1,0.571153513839312,0.714230702767862
"5466","Mca020300.t02","dispensable",23,6,1,100,0.5,1,0.559703874337883,0.711940774867577
"5532","Mpoly015242.t01","dispensable",15,6,1,100,0.5,1,0.559703874337883,0.711940774867577
"14579","Msa013869.t02","dispensable",14,6,1,100,0.5,1,0.559703874337883,0.711940774867577
"3731","Mpoly023294.t02","dispensable",26,6,1,95,0.5,1,0.55354640410131,0.710709280820262
"4051","Mca025226.t01","dispensable",13,6,1,95,0.5,1,0.55354640410131,0.710709280820262
"5189","evm.model.Chr02.1312","dispensable",19,6,1,95,0.5,1,0.55354640410131,0.710709280820262
"16241","evm.model.Chr01.4435","dispensable",15,6,1,95,0.5,1,0.55354640410131,0.710709280820262
"5161","Mca006748.t02","dispensable",52,7,1,356,0.416666666666667,1,0.712828945071214,0.70923245568091
"9805","Msa046274.t02","dispensable",25,6,1,84,0.5,1,0.53878747294157,0.707757494588314
"10429","zm4.64G0025270.t1","dispensable",13,6,1,83,0.5,1,0.537352235926297,0.70747044718526
"3175","evm.model.Chr08.1282.2.6a7352c6","dispensable",28,6,1,80,0.5,1,0.5329417094257,0.70658834188514
"8130","Mca036338.t02","dispensable",16,6,1,80,0.5,1,0.5329417094257,0.70658834188514
"2505","evm.model.Chr03.172","dispensable",17,6,1,79,0.5,1,0.531435154494608,0.706287030898922
"9286","Mpoly020611.t01","dispensable",10,6,1,75,0.5,1,0.525214503161343,0.705042900632269
"5496","Msa055977.t01","dispensable",46,7,1,262,0.416666666666667,1,0.67576917847249,0.701820502361165
"4383","Mca020724.t01","dispensable",54,7,1,260,0.416666666666667,1,0.674843402126882,0.701635347092043
"4201","LOC_00024977-mRNA-2","dispensable",9,6,1,65,0.5,1,0.508105039227718,0.701621007845544
"5777","Mpoly022274.t01","dispensable",11,6,1,65,0.5,1,0.508105039227718,0.701621007845544
"6232","Mca051091.t01","dispensable",12,6,1,65,0.5,1,0.508105039227718,0.701621007845544
"12961","evm.model.Chr01.589","dispensable",9,6,1,65,0.5,1,0.508105039227718,0.701621007845544
"5399","Mca017610.t01","dispensable",8,6,1,60,0.5,1,0.498550800633683,0.699710160126737
"6962","Mca041554.t01","dispensable",9,6,1,60,0.5,1,0.498550800633683,0.699710160126737
"7247","Mara020910.t01","dispensable",13,6,1,60,0.5,1,0.498550800633683,0.699710160126737
"9417","Msa033131.t01","dispensable",10,6,1,60,0.5,1,0.498550800633683,0.699710160126737
"6469","Mru055858.t01","dispensable",8,6,1,58,0.5,1,0.494507889183757,0.698901577836751
"3502","Mpoly010865.t02","dispensable",9,6,1,56,0.5,1,0.490325539819814,0.698065107963963
"5467","Mca020301.t02","dispensable",7,6,1,55,0.5,1,0.488179003918849,0.69763580078377
"12831","Mca028396.t01","dispensable",9,6,1,55,0.5,1,0.488179003918849,0.69763580078377
"1333","Mara023444.t01","dispensable",11,6,1,50,0.5,1,0.476836527199296,0.695367305439859
"2484","evm.model.Chr02.4501","dispensable",9,6,1,50,0.5,1,0.476836527199296,0.695367305439859
"4531","Mpoly010351.t01","dispensable",11,6,1,50,0.5,1,0.476836527199296,0.695367305439859
"4768","Mru055711.t01","dispensable",9,6,1,50,0.5,1,0.476836527199296,0.695367305439859
"5250","Mara010712.t01","dispensable",8,6,1,50,0.5,1,0.476836527199296,0.695367305439859
"6229","Mca051050.t01","dispensable",13,6,1,50,0.5,1,0.476836527199296,0.695367305439859
"8610","Msa005924.t01","dispensable",8,6,1,50,0.5,1,0.476836527199296,0.695367305439859
"11611","LOC_00018814-mRNA-1","dispensable",8,6,1,50,0.5,1,0.476836527199296,0.695367305439859
"11935","Mara014034.t01","dispensable",7,6,1,50,0.5,1,0.476836527199296,0.695367305439859
"12911","Mru032856.t02","dispensable",6,6,1,50,0.5,1,0.476836527199296,0.695367305439859
"15681","Mara034331.t01","dispensable",7,6,1,49,0.5,1,0.474434941546376,0.694886988309275
"66","Mara001224.t01","dispensable",500,9,1,3032,0.25,1,0.972307886096714,0.694461577219343
"6","Mara000952.t01","dispensable",500,9,1,3028,0.25,1,0.972147838416137,0.694429567683227
"5197","Mara031555.t01","dispensable",39,7,1,190,0.416666666666667,1,0.636975302385311,0.694061727143729
"5447","evm.model.Chr03.4170","dispensable",35,7,1,186,0.416666666666667,1,0.634408516365187,0.693548369939704
"6112","Mca047482.t01","dispensable",7,6,1,45,0.5,1,0.464322744172242,0.692864548834448
"7248","Msa070400.t01","dispensable",6,6,1,45,0.5,1,0.464322744172242,0.692864548834448
"10525","evm.model.Chr04.4056","dispensable",8,6,1,45,0.5,1,0.464322744172242,0.692864548834448
"11273","Mpoly005407.t01","dispensable",6,6,1,45,0.5,1,0.464322744172242,0.692864548834448
"6384","Mca003158.t01","dispensable",21,7,1,175,0.416666666666667,1,0.627056197918224,0.692077906250312
"8393","Msa151347.t01","dispensable",8,6,1,40,0.5,1,0.450367583204509,0.690073516640902
"3046","Mca039282.t01","dispensable",32,7,1,160,0.416666666666667,1,0.616252966695184,0.689917260005703
"1077","Mara018344.t01","dispensable",30,7,1,159,0.416666666666667,1,0.615497349843585,0.689766136635384
"15145","Mru008718.t01","dispensable",19,7,1,150,0.416666666666667,1,0.608476193212106,0.688361905309088
"5450","Mpoly002745.t01","dispensable",29,7,1,149,0.416666666666667,1,0.607670368902801,0.688200740447227
"3023","Mca036124.t01","dispensable",22,7,1,142,0.416666666666667,1,0.601874502985806,0.687041567263828
"14250","LOC_00051504-mRNA-1","dispensable",6,6,1,35,0.5,1,0.434595245410804,0.686919049082161
"5520","Mca021747.t01","dispensable",27,7,1,137,0.416666666666667,1,0.597558171528667,0.6861783009724
"8035","Mpoly014914.t01","dispensable",20,7,1,135,0.416666666666667,1,0.595787685889802,0.685824203844627
"5927","Mru049235.t01","dispensable",18,7,1,130,0.416666666666667,1,0.591244978327229,0.684915662332113
"7609","Msa093381.t01","dispensable",75,8,1,469,0.333333333333333,1,0.746179501580652,0.682569233649464
"12595","LOC_00051897-mRNA-1","dispensable",19,7,1,115,0.416666666666667,1,0.576496938111986,0.681966054289064
"5373","Mca016613.t01","dispensable",15,7,1,110,0.416666666666667,1,0.571153513839312,0.680897369434529
"4202","Mpoly003503.t01","dispensable",14,7,1,105,0.416666666666667,1,0.56556376354387,0.679779419375441
"8593","Msa004842.t02","dispensable",15,7,1,100,0.416666666666667,1,0.559703874337883,0.678607441534243
"3695","Mca014402.t01","dispensable",15,7,1,95,0.416666666666667,1,0.55354640410131,0.677375947486929
"2094","Mca034895.t02","dispensable",13,7,1,90,0.416666666666667,1,0.547059504335408,0.676078567533748
"5039","Mca000911.t01","dispensable",20,7,1,90,0.416666666666667,1,0.547059504335408,0.676078567533748
"4253","evm.model.Chr02.1264","dispensable",11,7,1,80,0.416666666666667,1,0.5329417094257,0.673255008551807
"4124","Mara018514.t01","dispensable",53,8,1,311,0.333333333333333,1,0.696489099866846,0.672631153306703
"2932","evm.model.Chr06.196","dispensable",14,7,1,75,0.416666666666667,1,0.525214503161343,0.671709567298935
"5431","Mara016524.t01","dispensable",12,7,1,75,0.416666666666667,1,0.525214503161343,0.671709567298935
"5477","Mpoly013556.t01","dispensable",16,7,1,75,0.416666666666667,1,0.525214503161343,0.671709567298935
"3685","Mpoly021043.t01","dispensable",45,8,1,293,0.333333333333333,1,0.689282458449239,0.671189825023181
"4438","Mru028880.t02","dispensable",10,7,1,70,0.416666666666667,1,0.516961243706611,0.670058915407989
"17222","evm.model.Chr08.956","dispensable",10,7,1,70,0.416666666666667,1,0.516961243706611,0.670058915407989
"2562","Mca016802.t04","dispensable",209,9,1,1052,0.25,1,0.84400879588919,0.668801759177838
"4214","Mara005078.t01","dispensable",36,8,1,240,0.333333333333333,1,0.665174849157,0.666368303164733
"4991","Mca051684.t01","dispensable",10,7,1,59,0.416666666666667,1,0.496546191153078,0.665975904897282
"4303","Mru009473.t01","dispensable",31,8,1,230,0.333333333333333,1,0.66003526175066,0.665340385683465
"3686","Mpoly000714.t01","dispensable",34,8,1,221,0.333333333333333,1,0.655215709188289,0.664376475170991
"894","Mara014369.t01","dispensable",500,10,1,3227,0.166666666666667,1,0.979864663927529,0.662639599452173
"96","Mara001556.t01","dispensable",500,10,1,3207,0.166666666666667,1,0.979110925563742,0.662488851779415
"427","Mara006768.t01","dispensable",500,10,1,3189,0.166666666666667,1,0.978428532384024,0.662352373143472
"5721","Mara024586.t01","dispensable",7,7,1,50,0.416666666666667,1,0.476836527199296,0.662033972106526
"426","Mara006939.t01","dispensable",500,10,1,3135,0.166666666666667,1,0.976358007837699,0.661938268234207
"91","Mara001628.t01","dispensable",500,10,1,3130,0.166666666666667,1,0.976164492378806,0.661899565142428
"1170","Mca038098.t01","dispensable",500,10,1,3114,0.166666666666667,1,0.975543159672416,0.66177529860115
"431","Mara006635.t01","dispensable",500,10,1,3091,0.166666666666667,1,0.974644379794581,0.661595542625583
"924","Mara012877.t01","dispensable",500,10,1,3067,0.166666666666667,1,0.973699366345201,0.661406539935707
"36","LOC_00020801-mRNA-1","dispensable",500,10,1,3052,0.166666666666667,1,0.973104971531648,0.661287660972996
"1004","Mara019732.t01","dispensable",500,10,1,3048,0.166666666666667,1,0.972945973000376,0.661255861266742
"1230","Mara021937.t01","dispensable",500,10,1,3040,0.166666666666667,1,0.972627349205,0.661192136507667
"2213","evm.model.Chr01.235.2.6a7350ff","dispensable",44,8,1,190,0.333333333333333,1,0.636975302385311,0.660728393810396
"214","Mpoly003970.t01","dispensable",500,10,1,2976,0.166666666666667,1,0.970047766678936,0.660676220002454
"907","evm.model.Chr03.1932","dispensable",500,10,1,2968,0.166666666666667,1,0.969721426455499,0.660610951957766
"442","evm.model.Chr02.629.3.6a735188","dispensable",500,10,1,2958,0.166666666666667,1,0.969312262395467,0.66052911914576
"906","Mara014519.t01","dispensable",500,10,1,2927,0.166666666666667,1,0.968035009386016,0.66027366854387
"543","Mara019031.t01","dispensable",500,10,1,2912,0.166666666666667,1,0.967412120947606,0.660149090856188
"23","LOC_00020850-mRNA-1","dispensable",500,10,1,2909,0.166666666666667,1,0.967287158430258,0.660124098352718
"922","Mara014926.t01","dispensable",500,10,1,2867,0.166666666666667,1,0.965524027093105,0.659771472085288
"26","Mru000923.t01","dispensable",500,10,1,2855,0.166666666666667,1,0.965015531118145,0.659669772890296
"448","evm.model.Chr03.2019","dispensable",500,10,1,2848,0.166666666666667,1,0.964717920877121,0.659610250842091
"1053","Mara017869.t01","dispensable",8,7,1,45,0.416666666666667,1,0.464322744172242,0.659531215501115
"18257","Mpoly028088.t01","dispensable",7,7,1,45,0.416666666666667,1,0.464322744172242,0.659531215501115
"320","Mara006026.t01","dispensable",500,10,1,2834,0.166666666666667,1,0.964120500396318,0.65949076674593
"1817","Mca040286.t01","dispensable",500,10,1,2773,0.166666666666667,1,0.961482549056833,0.658963176478033
"967","Mara016119.t01","dispensable",500,10,1,2765,0.166666666666667,1,0.961132292893212,0.658893125245309
"1914","evm.model.Chr05.1410","dispensable",500,10,1,2744,0.166666666666667,1,0.960208028445233,0.658708272355713
"651","Mara009935.t01","dispensable",500,10,1,2715,0.166666666666667,1,0.958919971196029,0.658450660905872
"6090","Mca046536.t02","dispensable",12,7,1,42,0.416666666666667,1,0.456143727825037,0.657895412231674
"5999","Mca042366.t01","dispensable",31,8,1,166,0.333333333333333,1,0.620690392633034,0.65747141185994
"3121","Mara039508.t01","dispensable",11,7,1,40,0.416666666666667,1,0.450367583204509,0.656740183307568
"645","Mara009537.t01","dispensable",500,10,1,2503,0.166666666666667,1,0.949063769804482,0.656479420627563
"5155","Mara006368.t01","dispensable",23,8,1,159,0.333333333333333,1,0.615497349843585,0.65643280330205
"7171","evm.model.Chr07.199","dispensable",24,8,1,159,0.333333333333333,1,0.615497349843585,0.65643280330205
"3289","Mpoly000002.t01","dispensable",500,10,1,2494,0.166666666666667,1,0.948627087991926,0.656392084265052
"3539","Mpoly012616.t01","dispensable",29,8,1,158,0.333333333333333,1,0.614736995551318,0.656280732443597
"5963","Mca041005.t01","dispensable",23,8,1,150,0.333333333333333,1,0.608476193212106,0.655028571975755
"5720","evm.model.Chr05.2557","dispensable",20,8,1,141,0.333333333333333,1,0.601023439055588,0.653538021144451
"264","evm.model.Chr01.4257.1.6a735601","dispensable",22,8,1,140,0.333333333333333,1,0.6001663604894,0.653366605431213
"3704","Mara025437.t01","dispensable",97,9,1,550,0.25,1,0.765462659877421,0.653092531975484
"4297","Mru050528.t02","dispensable",21,8,1,130,0.333333333333333,1,0.591244978327229,0.651582328998779
"10523","Mara029652.t01","dispensable",19,8,1,130,0.333333333333333,1,0.591244978327229,0.651582328998779
"5846","Mpoly025465.t01","dispensable",18,8,1,128,0.333333333333333,1,0.589379155181462,0.651209164369626
"4629","Mca042858.t01","dispensable",20,8,1,125,0.333333333333333,1,0.586525467933745,0.650638426920083
"5403","Mpoly011451.t01","dispensable",19,8,1,120,0.333333333333333,1,0.581614833044633,0.64965629994226
"3319","Msa091065.t01","dispensable",70,9,1,469,0.25,1,0.746179501580652,0.64923590031613
"5279","Mru015291.t02","dispensable",68,9,1,460,0.25,1,0.74383467018781,0.648766934037562
"3821","LOC_00028312-mRNA-1","dispensable",25,8,1,115,0.333333333333333,1,0.576496938111986,0.648632720955731
"4398","evm.model.Chr04.729","dispensable",21,8,1,115,0.333333333333333,1,0.576496938111986,0.648632720955731
"6102","Mca046935.t01","dispensable",24,8,1,115,0.333333333333333,1,0.576496938111986,0.648632720955731
"7577","Msa094901.t01","dispensable",65,9,1,440,0.25,1,0.738455690456687,0.647691138091337
"3953","Mpoly034195.t03","dispensable",37,8,1,110,0.333333333333333,1,0.571153513839312,0.647564036101196
"5253","Mca011384.t01","dispensable",68,9,1,432,0.25,1,0.736235470786303,0.647247094157261
"3152","Mca047454.t01","dispensable",18,8,1,105,0.333333333333333,1,0.56556376354387,0.646446086042107
"3670","Msa093192.t01","dispensable",31,8,1,104,0.333333333333333,1,0.564414218327043,0.646216176998742
"2842","Mara032697.t01","dispensable",62,9,1,410,0.25,1,0.729911586907559,0.645982317381512
"5779","Mca033880.t01","dispensable",65,9,1,390,0.25,1,0.723861648666136,0.644772329733227
"2068","Mpoly023742.t02","dispensable",59,9,1,384,0.25,1,0.721986207492934,0.644397241498587
"6807","Msa004983.t01","dispensable",16,8,1,95,0.333333333333333,1,0.55354640410131,0.644042614153595
"8938","Mara000759.t01","dispensable",46,9,1,350,0.25,1,0.710773368532765,0.642154673706553
"15296","Mca020645.t01","dispensable",13,8,1,86,0.333333333333333,1,0.541607974770457,0.641654928287425
"464","Mpoly008037.t01","dispensable",207,10,1,1279,0.166666666666667,1,0.867683935890516,0.64020345384477
"414","Mara006558.t01","dispensable",12,8,1,80,0.333333333333333,1,0.5329417094257,0.639921675218473
"4406","Mara020852.t01","dispensable",15,8,1,80,0.333333333333333,1,0.5329417094257,0.639921675218473
"7748","Mara033208.t01","dispensable",15,8,1,80,0.333333333333333,1,0.5329417094257,0.639921675218473
"2781","Mara023489.t01","dispensable",66,9,1,318,0.25,1,0.699179963936348,0.63983599278727
"1419","LOC_00011100-mRNA-1","dispensable",63,9,1,303,0.25,1,0.693338893859297,0.638667778771859
"2976","Mara027528.t01","dispensable",11,8,1,75,0.333333333333333,1,0.525214503161343,0.638376233965602
"2970","evm.model.Chr06.1487","dispensable",49,9,1,280,0.25,1,0.683797734382272,0.636759546876454
"5576","Mca025895.t01","dispensable",12,8,1,70,0.333333333333333,1,0.516961243706611,0.636725582074656
"5688","Mara030054.t01","dispensable",42,9,1,268,0.25,1,0.678504845873151,0.63570096917463
"1343","Mara005514.t01","dispensable",40,9,1,265,0.25,1,0.677144725684284,0.635428945136857
"3048","evm.model.Chr07.1093","dispensable",10,8,1,65,0.333333333333333,1,0.508105039227718,0.634954341178877
"3625","Mca026990.t01","dispensable",16,8,1,65,0.333333333333333,1,0.508105039227718,0.634954341178877
"5618","evm.model.Chr06.1077","dispensable",9,8,1,65,0.333333333333333,1,0.508105039227718,0.634954341178877
"5476","Mca020457.t01","dispensable",44,9,1,257,0.25,1,0.673441350530439,0.634688270106088
"3239","evm.model.Chr08.3655","dispensable",10,8,1,60,0.333333333333333,1,0.498550800633683,0.63304349346007
"6322","Mara045375.t01","dispensable",10,8,1,59,0.333333333333333,1,0.496546191153078,0.632642571563949
"6516","Mca018647.t02","dispensable",45,9,1,235,0.25,1,0.662632279881711,0.632526455976342
"111","Mara008792.t01","soft_core",500,11,1,3551,0.0833333333333334,1,0.991464490584197,0.631626231450173
"1368","LOC_00028713-mRNA-1","soft_core",500,11,1,3525,0.0833333333333334,1,0.990573506378522,0.631448034609038
"140","LOC_00022423-mRNA-1","soft_core",500,11,1,3520,0.0833333333333334,1,0.99040141026286,0.631413615385905
"6016","evm.model.Chr07.3990","dispensable",10,8,1,56,0.333333333333333,1,0.490325539819814,0.631398441297296
"4492","Mca006787.t01","soft_core",500,11,1,3491,0.0833333333333334,1,0.98939840803696,0.631213014940725
"7453","Msa091808.t01","dispensable",8,8,1,55,0.333333333333333,1,0.488179003918849,0.630969134117103
"2536","LOC_00008253-mRNA-1","dispensable",38,9,1,220,0.25,1,0.654668186306361,0.630933637261272
"229","Mru008626.t01","soft_core",500,11,1,3435,0.0833333333333334,1,0.987437781533098,0.630820889639953
"186","Mara003542.t01","soft_core",500,11,1,3417,0.0833333333333334,1,0.986800788524332,0.6306934910382
"161","Mara002192.t01","soft_core",500,11,1,3390,0.0833333333333334,1,0.98583898144658,0.630501129622649
"110","Mara002216.t01","soft_core",500,11,1,3379,0.0833333333333334,1,0.985444936723633,0.63042232067806
"613","Mara008514.t01","soft_core",500,11,1,3367,0.0833333333333334,1,0.98501360451191,0.630336054235715
"169","Mara002555.t01","soft_core",500,11,1,3339,0.0833333333333334,1,0.984001156429687,0.630133564619271
"690","Mara010153.t01","soft_core",500,11,1,3339,0.0833333333333334,1,0.984001156429687,0.630133564619271
"67","Mara001073.t01","soft_core",500,11,1,3338,0.0833333333333334,1,0.983964840779661,0.630126301489266
"152","Mara002121.t01","soft_core",500,11,1,3336,0.0833333333333334,1,0.983892176839587,0.630111768701251
"64","Mara001891.t01","soft_core",500,11,1,3325,0.0833333333333334,1,0.983491745067745,0.630031682346882
"118","Msa002106.t01","soft_core",500,11,1,3324,0.0833333333333334,1,0.983455276532706,0.630024388639875
"868","Mara011431.t01","soft_core",500,11,1,3312,0.0833333333333334,1,0.983016796588862,0.629936692651106
"309","Mara001705.t01","soft_core",500,11,1,3311,0.0833333333333334,1,0.982980184932023,0.629929370319738
"705","Mara011335.t01","soft_core",500,11,1,3304,0.0833333333333334,1,0.982723593394112,0.629878052012156
"115","Mca002845.t01","soft_core",500,11,1,3296,0.0833333333333334,1,0.982429679618372,0.629819269257008
"81","Mru001824.t01","soft_core",500,11,1,3275,0.0833333333333334,1,0.981654749746212,0.629664283282576
"190","Mara005654.t01","soft_core",500,11,1,3274,0.0833333333333334,1,0.981617724524628,0.629656878238259
"802","Mara012689.t01","soft_core",500,11,1,3262,0.0833333333333334,1,0.981172537928578,0.629567840919049
"2","Mara000010.t01","soft_core",500,11,1,3252,0.0833333333333334,1,0.980800296653046,0.629493392663943
"415","Mara003079.t01","soft_core",500,11,1,3251,0.0833333333333334,1,0.980763009608215,0.629485935254976
"644","Mara009308.t01","soft_core",500,11,1,3246,0.0833333333333334,1,0.980576402228182,0.62944861377897
"277","Mara013463.t01","soft_core",500,11,1,3243,0.0833333333333334,1,0.980464299820856,0.629426193297505
"1445","Mara018185.t01","soft_core",500,11,1,3242,0.0833333333333334,1,0.980426909312666,0.629418715195866
"443","Mca011709.t01","soft_core",500,11,1,3241,0.0833333333333334,1,0.980389507273092,0.629411234787952
"535","Mca002854.t01","soft_core",500,11,1,3238,0.0833333333333334,1,0.980277231894893,0.629388779712312
"506","LOC_00035156-mRNA-1","soft_core",500,11,1,3234,0.0833333333333334,1,0.98012736951888,0.629358807237109
"225","Mara002274.t01","soft_core",500,11,1,3228,0.0833333333333334,1,0.979902228156529,0.629313778964639
"1","Mru000090.t01","soft_core",500,11,1,3225,0.0833333333333334,1,0.979789500545913,0.629291233442516
"117","Mara002322.t01","soft_core",500,11,1,3222,0.0833333333333334,1,0.979676668056128,0.629268666944559
"3815","zm4.54G0055160.t1","dispensable",32,9,1,205,0.25,1,0.646144108866091,0.629228821773218
"829","Mpoly022408.t01","soft_core",500,11,1,3216,0.0833333333333334,1,0.979450687657159,0.629223470864765
"1580","LOC_00047502-mRNA-1","soft_core",500,11,1,3207,0.0833333333333334,1,0.979110925563742,0.629155518446082
"678","Mara010711.t01","soft_core",500,11,1,3205,0.0833333333333334,1,0.979035293436341,0.629140392020602
"286","Mara015893.t01","soft_core",500,11,1,3204,0.0833333333333334,1,0.978997459677695,0.629132825268872
"200","Mara002259.t01","soft_core",500,11,1,3196,0.0833333333333334,1,0.978694363956405,0.629072206124614
"1406","Mara008493.t01","soft_core",500,11,1,3184,0.0833333333333334,1,0.978238295306026,0.628980992394539
"447","Mara007163.t01","soft_core",500,11,1,3183,0.0833333333333334,1,0.978200212054856,0.628973375744305
"207","Mara002534.t01","soft_core",500,11,1,3181,0.0833333333333334,1,0.9781240096569,0.628958135264713
"2162","Mara001806.t01","soft_core",500,11,1,3177,0.0833333333333334,1,0.977971461067785,0.62892762554689
"570","Mara009363.t01","soft_core",500,11,1,3173,0.0833333333333334,1,0.977818720351932,0.62889707740372
"937","Mara017824.t01","soft_core",500,11,1,3172,0.0833333333333334,1,0.977780505096423,0.628889434352618
"233","Mara002693.t01","soft_core",500,11,1,3165,0.0833333333333334,1,0.977512660599952,0.628835865453324
"292","Mara011450.t01","soft_core",500,11,1,3164,0.0833333333333334,1,0.977474348765056,0.628828203086345
"22","Mara001147.t01","soft_core",500,11,1,3157,0.0833333333333334,1,0.977205826502423,0.628774498633818
"257","Mara003864.t01","soft_core",500,11,1,3154,0.0833333333333334,1,0.977090563279089,0.628751445989151
"827","Mara024740.t01","soft_core",500,11,1,3151,0.0833333333333334,1,0.976975190403076,0.628728371413948
"735","Mara011185.t01","soft_core",500,11,1,3148,0.0833333333333334,1,0.976859707665555,0.628705274866444
"445","Mara009384.t01","soft_core",500,11,1,3141,0.0833333333333334,1,0.976589819527946,0.628651297238922
"8","Mara000115.t01","soft_core",500,11,1,3137,0.0833333333333334,1,0.976435327644179,0.628620398862169
"251","Mara003734.t01","soft_core",500,11,1,3136,0.0833333333333334,1,0.976396673902862,0.628612668113906
"322","Mara005045.t01","soft_core",500,11,1,3136,0.0833333333333334,1,0.976396673902862,0.628612668113906
"357","LOC_00025680-mRNA-1","soft_core",500,11,1,3134,0.0833333333333334,1,0.97631932944083,0.628597199221499
"682","Mca010744.t01","soft_core",500,11,1,3130,0.0833333333333334,1,0.976164492378806,0.628566231809095
"1369","Mara025032.t01","soft_core",500,11,1,3124,0.0833333333333334,1,0.975931865493498,0.628519706432033
"188","Mara002610.t01","soft_core",500,11,1,3123,0.0833333333333334,1,0.975893050926882,0.62851194351871
"1469","Mara042019.t01","soft_core",500,11,1,3123,0.0833333333333334,1,0.975893050926882,0.62851194351871
"61","Mca002045.t01","soft_core",500,11,1,3121,0.0833333333333334,1,0.975815384505811,0.628496410234496
"293","Mara013971.t01","soft_core",500,11,1,3121,0.0833333333333334,1,0.975815384505811,0.628496410234496
"416","Mara001235.t01","soft_core",500,11,1,3119,0.0833333333333334,1,0.975737668314522,0.628480866996238
"845","Mara009241.t01","soft_core",500,11,1,3116,0.0833333333333334,1,0.975621000568771,0.628457533447087
"237","Mara003535.t01","soft_core",500,11,1,3113,0.0833333333333334,1,0.975504220480444,0.628434177429422
"627","Msa027720.t01","soft_core",500,11,1,3110,0.0833333333333334,1,0.975387327832979,0.628410798899929
"896","Mara005637.t01","soft_core",500,11,1,3110,0.0833333333333334,1,0.975387327832979,0.628410798899929
"670","Mara010081.t01","soft_core",500,11,1,3108,0.0833333333333334,1,0.975309336761252,0.628395200685584
"618","Mara009329.t01","soft_core",500,11,1,3105,0.0833333333333334,1,0.975192256032265,0.628371784539786
"564","Mara008655.t01","soft_core",500,11,1,3098,0.0833333333333334,1,0.97491862729846,0.628317058793025
"963","Mca004574.t03","soft_core",500,11,1,3098,0.0833333333333334,1,0.97491862729846,0.628317058793025
"1133","LOC_00003892-mRNA-1","soft_core",500,11,1,3098,0.0833333333333334,1,0.97491862729846,0.628317058793025
"248","Mara003779.t01","soft_core",500,11,1,3097,0.0833333333333334,1,0.974879487032716,0.628309230739877
"321","Mara004771.t01","soft_core",500,11,1,3096,0.0833333333333334,1,0.974840334130889,0.628301400159511
"1040","Mru030905.t01","soft_core",500,11,1,3094,0.0833333333333334,1,0.974761990386332,0.6282857314106
"1411","Mara001912.t01","soft_core",500,11,1,3089,0.0833333333333334,1,0.974565909321215,0.628246515197576
"747","Mca016409.t01","soft_core",500,11,1,3084,0.0833333333333334,1,0.974369510715772,0.628207235476488
"113","Mara001840.t01","soft_core",500,11,1,3083,0.0833333333333334,1,0.974330192799281,0.62819937189319
"2181","Mara009019.t01","soft_core",500,11,1,3082,0.0833333333333334,1,0.974290862131721,0.628191505759678
"73","Mara001206.t01","soft_core",500,11,1,3081,0.0833333333333334,1,0.974251518704821,0.628183637074298
"244","Mara003640.t01","soft_core",500,11,1,3077,0.0833333333333334,1,0.974094017238066,0.628152136780947
"182","Mara002577.t01","soft_core",500,11,1,3074,0.0833333333333334,1,0.973975756758333,0.628128484685
"173","Mru006553.t02","soft_core",500,11,1,3073,0.0833333333333334,1,0.973936310957902,0.628120595524914
"915","Mara019295.t01","soft_core",500,11,1,3069,0.0833333333333334,1,0.973778399330961,0.628089013199525
"5691","Mara034282.t01","dispensable",27,9,1,195,0.25,1,0.640109226441791,0.628021845288358
"1283","Mara009642.t01","soft_core",500,11,1,3060,0.0833333333333334,1,0.973422344594307,0.628017802252195
"643","Mara010832.t01","soft_core",500,11,1,3058,0.0833333333333334,1,0.973343079158573,0.628001949165048
"1454","LOC_00030092-mRNA-1","soft_core",500,11,1,3056,0.0833333333333334,1,0.973263761881477,0.627986085709629
"541","Mru017194.t01","soft_core",500,11,1,3046,0.0833333333333334,1,0.972866395495975,0.627906612432528
"716","Mca014886.t01","soft_core",500,11,1,3045,0.0833333333333334,1,0.972826587154125,0.627898650764158
"392","Mara010087.t01","soft_core",500,11,1,3044,0.0833333333333334,1,0.972786765741075,0.627890686481548
"525","LOC_00016516-mRNA-1","soft_core",500,11,1,3039,0.0833333333333334,1,0.972587462306973,0.627850825794728
"762","Mru021927.t01","soft_core",500,11,1,3039,0.0833333333333334,1,0.972587462306973,0.627850825794728
"697","zm4.24G0040740.t1","soft_core",500,11,1,3037,0.0833333333333334,1,0.972507649133737,0.627834863160081
"639","Mara011151.t02","soft_core",500,11,1,3032,0.0833333333333334,1,0.972307886096714,0.627794910552676
"1247","Mara009824.t01","soft_core",500,11,1,3030,0.0833333333333334,1,0.972227888658222,0.627778911064978
"82","Mpoly001174.t01","soft_core",500,11,1,3025,0.0833333333333334,1,0.972027663893646,0.627738866112063
"238","Mara003536.t01","soft_core",500,11,1,3025,0.0833333333333334,1,0.972027663893646,0.627738866112063
"1323","Mara039258.t01","soft_core",500,11,1,3020,0.0833333333333334,1,0.971827108014707,0.627698754936275
"820","Mara012977.t01","soft_core",500,11,1,3013,0.0833333333333334,1,0.971545771422427,0.627642487617819
"890","Mara014320.t01","soft_core",500,11,1,3011,0.0833333333333334,1,0.971465269519467,0.627626387237227
"285","evm.model.Chr01.2728","soft_core",500,11,1,3010,0.0833333333333334,1,0.971424998520473,0.627618333037428
"733","Mara012678.t01","soft_core",500,11,1,3010,0.0833333333333334,1,0.971424998520473,0.627618333037428
"283","Mara003492.t01","soft_core",500,11,1,3007,0.0833333333333334,1,0.971304105226838,0.627594154378701
"547","Mca008848.t01","soft_core",500,11,1,3004,0.0833333333333334,1,0.971183091301257,0.627569951593585
"268","evm.model.Chr01.3671.1.6a73553a","soft_core",500,11,1,3001,0.0833333333333334,1,0.97106195650275,0.627545724633883
"537","Mpoly006871.t01","soft_core",500,11,1,3000,0.0833333333333334,1,0.971021551334175,0.627537643600168
"1691","Mara034748.t01","soft_core",500,11,1,2997,0.0833333333333334,1,0.970900254995653,0.627513384332464
"911","Mara000514.t01","soft_core",500,11,1,2995,0.0833333333333334,1,0.970819323319405,0.627497197997214
"184","Mara012709.t01","soft_core",500,11,1,2992,0.0833333333333334,1,0.970697824448976,0.627472898223129
"51","evm.model.Chr02.1727.3.6a735300","soft_core",500,11,1,2985,0.0833333333333334,1,0.970413852823498,0.627416103898033
"325","evm.model.Chr01.3853","soft_core",500,11,1,2985,0.0833333333333334,1,0.970413852823498,0.627416103898033
"1816","Mara030846.t01","soft_core",500,11,1,2985,0.0833333333333334,1,0.970413852823498,0.627416103898033
"195","Mpoly004368.t01","soft_core",500,11,1,2984,0.0833333333333334,1,0.970373231114072,0.627407979556148
"2763","evm.model.Chr04.3649.1.6a7355bb","dispensable",37,9,1,190,0.25,1,0.636975302385311,0.627395060477062
"910","Mara012467.t01","soft_core",500,11,1,2982,0.0833333333333334,1,0.970291946853418,0.627391722704017
"221","Mara002296.t01","soft_core",500,11,1,2980,0.0833333333333334,1,0.970210608076153,0.627375454948564
"629","Mca009628.t01","soft_core",500,11,1,2979,0.0833333333333334,1,0.970169918220929,0.627367316977519
"622","Mara008592.t01","soft_core",500,11,1,2977,0.0833333333333334,1,0.970088497531495,0.627351032839632
"844","LOC_00033061-mRNA-2","soft_core",500,11,1,2976,0.0833333333333334,1,0.970047766678936,0.627342886669121
"847","Mara004709.t01","soft_core",500,11,1,2975,0.0833333333333334,1,0.970007022142233,0.62733473776178
"1364","Mara024240.t01","soft_core",500,11,1,2972,0.0833333333333334,1,0.969884706335237,0.627310274600381
"928","Mara015588.t01","soft_core",500,11,1,2968,0.0833333333333334,1,0.969721426455499,0.627277618624433
"501","Mara007594.t01","soft_core",500,11,1,2967,0.0833333333333334,1,0.969680572113742,0.627269447756082
"509","Mca009691.t01","soft_core",500,11,1,2967,0.0833333333333334,1,0.969680572113742,0.627269447756082
"287","Mara004341.t01","soft_core",500,11,1,2965,0.0833333333333334,1,0.96959882211917,0.627253097757167
"923","Mara017087.t01","soft_core",500,11,1,2963,0.0833333333333334,1,0.969517016981258,0.627236736729585
"7125","LOC_00000184-mRNA-1","dispensable",11,8,1,47,0.333333333333333,1,0.469484208752333,0.6272301750838
"615","evm.model.Chr02.3139","soft_core",500,11,1,2962,0.0833333333333334,1,0.969476093710292,0.627228552075392
"100","Mara002531.t01","soft_core",500,11,1,2961,0.0833333333333334,1,0.969435156625564,0.627220364658446
"65","Mca000016.t01","soft_core",500,11,1,2959,0.0833333333333334,1,0.969353240977494,0.627203981528832
"35","Mara000424.t01","soft_core",500,11,1,2955,0.0833333333333334,1,0.969189243505098,0.627171182034353
"824","Mara014835.t01","soft_core",500,11,1,2954,0.0833333333333334,1,0.969148209462292,0.627162975225792
"945","Mara029920.t01","soft_core",500,11,1,2954,0.0833333333333334,1,0.969148209462292,0.627162975225792
"483","Mara008038.t01","soft_core",500,11,1,2948,0.0833333333333334,1,0.968901713214107,0.627113675976155
"457","Mru006514.t01","soft_core",500,11,1,2942,0.0833333333333334,1,0.968654714936557,0.627064276320645
"772","LOC_00038311-mRNA-1","soft_core",500,11,1,2942,0.0833333333333334,1,0.968654714936557,0.627064276320645
"2311","Mara004115.t01","soft_core",500,11,1,2942,0.0833333333333334,1,0.968654714936557,0.627064276320645
"1385","Mara012030.t01","soft_core",500,11,1,2934,0.0833333333333334,1,0.968324599421789,0.626998253217691
"796","Mara012626.t01","soft_core",500,11,1,2924,0.0833333333333334,1,0.967910687373739,0.626915470808081
"40","Mara012651.t01","soft_core",500,11,1,2919,0.0833333333333334,1,0.967703200390098,0.626873973411353
"513","Mara015586.t01","soft_core",500,11,1,2917,0.0833333333333334,1,0.967620106099519,0.626857354553237
"1245","evm.model.Chr04.2327","soft_core",500,11,1,2917,0.0833333333333334,1,0.967620106099519,0.626857354553237
"271","evm.model.Chr01.3389","soft_core",500,11,1,2916,0.0833333333333334,1,0.967578537594448,0.626849040852223
"1652","Msa093876.t01","soft_core",500,11,1,2916,0.0833333333333334,1,0.967578537594448,0.626849040852223
"1093","Mara020435.t01","soft_core",500,11,1,2908,0.0833333333333334,1,0.967245475627869,0.626782428458907
"2209","Mca020228.t01","dispensable",108,10,1,735,0.166666666666667,1,0.80057152556815,0.626780971780297
"346","evm.model.Chr04.1354.1.6a7352c7","soft_core",500,11,1,2907,0.0833333333333334,1,0.967203778494106,0.626774089032154
"520","Mara010455.t01","soft_core",500,11,1,2907,0.0833333333333334,1,0.967203778494106,0.626774089032154
"37","Mara001588.t01","soft_core",500,11,1,2906,0.0833333333333334,1,0.967162067019109,0.626765746737155
"1227","Mpoly008729.t01","soft_core",500,11,1,2904,0.0833333333333334,1,0.967078601005934,0.62674905353452
"2637","Mca023791.t01","soft_core",500,11,1,2904,0.0833333333333334,1,0.967078601005934,0.62674905353452
"703","Mara011005.t01","soft_core",500,11,1,2901,0.0833333333333334,1,0.966953294179884,0.62672399216931
"625","Mara009879.t01","soft_core",500,11,1,2899,0.0833333333333334,1,0.966869684309385,0.62670727019521
"891","Mara025238.t01","soft_core",500,11,1,2895,0.0833333333333334,1,0.966702291443118,0.626673791621957
"1226","Mara033206.t01","soft_core",500,11,1,2895,0.0833333333333334,1,0.966702291443118,0.626673791621957
"428","Mara006832.t01","soft_core",500,11,1,2893,0.0833333333333334,1,0.966618508287899,0.626657034990913
"459","evm.model.Chr04.2488","soft_core",500,11,1,2890,0.0833333333333334,1,0.966492724927594,0.626631878318852
"730","Mru013562.t01","soft_core",500,11,1,2890,0.0833333333333334,1,0.966492724927594,0.626631878318852
"687","Mara020545.t01","soft_core",500,11,1,2883,0.0833333333333334,1,0.966198722086986,0.626573077750731
"714","Mca018892.t01","soft_core",500,11,1,2883,0.0833333333333334,1,0.966198722086986,0.626573077750731
"741","Mara026463.t01","soft_core",500,11,1,2883,0.0833333333333334,1,0.966198722086986,0.626573077750731
"14","Mara000628.t01","soft_core",500,11,1,2880,0.0833333333333334,1,0.966072502357616,0.626547833804856
"57","Mpoly002305.t01","soft_core",500,11,1,2880,0.0833333333333334,1,0.966072502357616,0.626547833804856
"688","Mara010677.t01","soft_core",500,11,1,2880,0.0833333333333334,1,0.966072502357616,0.626547833804856
"232","Mara003351.t01","soft_core",500,11,1,2878,0.0833333333333334,1,0.965988282831762,0.626530989899686
"1367","Mara026620.t01","soft_core",500,11,1,2872,0.0833333333333334,1,0.96573527276985,0.626480387887303
"758","Mara014823.t01","soft_core",500,11,1,2870,0.0833333333333334,1,0.965650818649198,0.626463497063173
"1115","Mca029212.t01","soft_core",500,11,1,2869,0.0833333333333334,1,0.965608569524104,0.626455047238154
"164","Mara000024.t01","soft_core",500,11,1,2866,0.0833333333333334,1,0.965481733766659,0.626429680086665
"71","Mara001176.t01","soft_core",500,11,1,2865,0.0833333333333334,1,0.965439425685868,0.626421218470507
"885","Mara014199.t01","soft_core",500,11,1,2864,0.0833333333333334,1,0.965397102840436,0.62641275390142
"1244","Mara021497.t01","soft_core",500,11,1,2858,0.0833333333333334,1,0.965142855132314,0.626361904359796
"702","Mara010963.t01","soft_core",500,11,1,2855,0.0833333333333334,1,0.965015531118145,0.626336439556962
"261","Mara019574.t01","soft_core",500,11,1,2853,0.0833333333333334,1,0.964930574118274,0.626319448156988
"383","Mara011966.t01","soft_core",500,11,1,2850,0.0833333333333334,1,0.964803026924373,0.626293938718208
"621","Mara020850.t01","soft_core",500,11,1,2848,0.0833333333333334,1,0.964717920877121,0.626276917508758
"239","Mara003550.t01","soft_core",500,11,1,2840,0.0833333333333334,1,0.964376898192361,0.626208712971806
"316","Mara004882.t01","soft_core",500,11,1,2838,0.0833333333333334,1,0.964291492475905,0.626191631828514
"193","Msa042708.t02","soft_core",500,11,1,2834,0.0833333333333334,1,0.964120500396318,0.626157433412597
"212","Mara006759.t01","soft_core",500,11,1,2833,0.0833333333333334,1,0.964077714679749,0.626148876269283
"1531","Mara027463.t01","soft_core",500,11,1,2833,0.0833333333333334,1,0.964077714679749,0.626148876269283
"224","LOC_00023720-mRNA-1","soft_core",500,11,1,2828,0.0833333333333334,1,0.963863559384199,0.626106045210173
"598","Mca023532.t01","soft_core",500,11,1,2826,0.0833333333333334,1,0.963777791267218,0.626088891586777
"351","Mara001088.t01","soft_core",500,11,1,2823,0.0833333333333334,1,0.963649025253681,0.62606313838407
"1246","Mara028015.t01","soft_core",500,11,1,2823,0.0833333333333334,1,0.963649025253681,0.62606313838407
"854","LOC_00006581-mRNA-1","soft_core",500,11,1,2822,0.0833333333333334,1,0.963606072849352,0.626054547903204
"822","Mara015833.t01","soft_core",500,11,1,2818,0.0833333333333334,1,0.963434110945523,0.626020155522438
"1448","Mara013053.t01","soft_core",500,11,1,2814,0.0833333333333334,1,0.963261904864254,0.625985714306184
"245","Mara019332.t01","soft_core",500,11,1,2812,0.0833333333333334,1,0.963175710040188,0.625968475341371
"665","evm.model.Chr02.3163","soft_core",500,11,1,2809,0.0833333333333334,1,0.963046302829948,0.625942593899323
"105","Mara001652.t01","soft_core",500,11,1,2807,0.0833333333333334,1,0.962959954579696,0.625925324249272
"1825","Mara035264.t01","soft_core",500,11,1,2804,0.0833333333333334,1,0.962830316820311,0.625899396697396
"1362","Mru029831.t01","soft_core",500,11,1,2799,0.0833333333333334,1,0.962613945465226,0.625856122426378
"166","Mara002265.t01","soft_core",500,11,1,2797,0.0833333333333334,1,0.962527288718161,0.625838791076966
"425","Mca007132.t01","soft_core",500,11,1,2793,0.0833333333333334,1,0.962353789243139,0.625804091181961
"473","Mara015420.t01","soft_core",500,11,1,2771,0.0833333333333334,1,0.961395079805039,0.625612349294341
"1259","LOC_00005194-mRNA-2","soft_core",500,11,1,2765,0.0833333333333334,1,0.961132292893212,0.625559791911976
"1212","Mca012619.t01","soft_core",500,11,1,2763,0.0833333333333334,1,0.961044570565803,0.625542247446494
"514","Mara007952.t01","soft_core",500,11,1,2762,0.0833333333333334,1,0.961000685596134,0.62553347045256
"650","Mara009697.t01","soft_core",500,11,1,2759,0.0833333333333334,1,0.960868935325321,0.625507120398398
"969","Mara021536.t01","soft_core",500,11,1,2757,0.0833333333333334,1,0.960781022228063,0.625489537778946
"1919","evm.model.Chr08.726","soft_core",500,11,1,2757,0.0833333333333334,1,0.960781022228063,0.625489537778946
"394","Mca039560.t01","soft_core",500,11,1,2750,0.0833333333333334,1,0.960472823555573,0.625427898044448
"1231","Mara023133.t01","soft_core",500,11,1,2746,0.0833333333333334,1,0.960296357737088,0.625392604880751
"1210","Mara033905.t01","soft_core",500,11,1,2743,0.0833333333333334,1,0.960163839662686,0.625366101265871
"1238","Mara025147.t01","soft_core",500,11,1,2730,0.0833333333333334,1,0.959587915489706,0.625250916431275
"1913","Mara036833.t01","soft_core",500,11,1,2716,0.0833333333333334,1,0.958964615449195,0.625126256423172
"504","Mara007737.t01","soft_core",500,11,1,2715,0.0833333333333334,1,0.958919971196029,0.625117327572539
"1091","Mara017223.t01","soft_core",500,11,1,2715,0.0833333333333334,1,0.958919971196029,0.625117327572539
"1250","Mara021549.t01","soft_core",500,11,1,2708,0.0833333333333334,1,0.958607000409805,0.625054733415294
"1795","Mru035954.t01","soft_core",500,11,1,2698,0.0833333333333334,1,0.958158493565946,0.624965032046522
"70","Mara001182.t01","soft_core",500,11,1,2692,0.0833333333333334,1,0.957888591127342,0.624911051558802
"2022","Mca037474.t01","dispensable",26,9,1,170,0.25,1,0.623560967176239,0.624712193435248
"4593","Mara039194.t01","dispensable",31,9,1,170,0.25,1,0.623560967176239,0.624712193435248
"1653","Mara030493.t01","soft_core",500,11,1,2655,0.0833333333333334,1,0.956210786780202,0.624575490689374
"452","Msa022725.t01","soft_core",500,11,1,2654,0.0833333333333334,1,0.956165116995306,0.624566356732395
"860","Mara016659.t01","soft_core",500,11,1,2648,0.0833333333333334,1,0.955890736533571,0.624511480640048
"1669","Mara024494.t01","soft_core",500,11,1,2640,0.0833333333333334,1,0.955523927596528,0.624438118852639
"902","LOC_00020030-mRNA-1","soft_core",500,11,1,2631,0.0833333333333334,1,0.955109937051825,0.624355320743698
"1381","evm.model.Chr04.4007","soft_core",500,11,1,2610,0.0833333333333334,1,0.954138427618741,0.624161018857082
"1922","Msa042476.t01","soft_core",500,11,1,2590,0.0833333333333334,1,0.953205888519085,0.62397451103715
"1337","Mara015001.t01","soft_core",500,11,1,2582,0.0833333333333334,1,0.952830855789277,0.623899504491189
"720","evm.model.Chr02.2477","soft_core",500,11,1,2549,0.0833333333333334,1,0.951271468745672,0.623587627082468
"3110","Mara031328.t01","soft_core",500,11,1,2543,0.0833333333333334,1,0.950985776947226,0.623530488722778
"477","Mara034609.t01","soft_core",500,11,1,2534,0.0833333333333334,1,0.950555973382104,0.623444528009754
"300","evm.model.Chr01.3463.3.6a7354f6","soft_core",500,11,1,2531,0.0833333333333334,1,0.95041236636431,0.623415806606195
"1325","Mara005364.t01","soft_core",500,11,1,2531,0.0833333333333334,1,0.95041236636431,0.623415806606195
"1233","evm.model.Chr08.4498.2.6a735662","soft_core",414,11,1,2526,0.0833333333333334,1,0.950172642798696,0.623367861893073
"1194","Mara020577.t01","soft_core",500,11,1,2500,0.0833333333333334,1,0.948918383838192,0.623117010100972
"4581","zm4.74G0011750.t1","soft_core",448,11,1,2480,0.0833333333333334,1,0.947944664337183,0.62292226620077
"496","Mru009774.t01","dispensable",109,10,1,598,0.166666666666667,1,0.775592464120394,0.621785159490746
"2864","LOC_00040469-mRNA-2","dispensable",98,10,1,589,0.166666666666667,1,0.773756457631433,0.621417958192953
"4545","Mpoly021953.t01","dispensable",31,9,1,145,0.25,1,0.604392436593445,0.620878487318689
"3134","Mca040249.t01","dispensable",98,10,1,564,0.166666666666667,1,0.768505589352228,0.620367784537112
"2934","Mca026729.t01","dispensable",81,10,1,550,0.166666666666667,1,0.765462659877421,0.619759198642151
"4532","Mru037666.t01","dispensable",19,9,1,120,0.25,1,0.581614833044633,0.616322966608926
"4294","Mca012303.t01","dispensable",24,9,1,117,0.25,1,0.578570084532734,0.615714016906547
"4519","Mara025601.t02","dispensable",23,9,1,115,0.25,1,0.576496938111986,0.615299387622397
"9259","Mara029431.t01","dispensable",15,9,1,110,0.25,1,0.571153513839312,0.614230702767862
"1762","Mara033237.t01","dispensable",18,9,1,107,0.25,1,0.567830672767229,0.613566134553446
"2021","Mru049599.t01","dispensable",17,9,1,105,0.25,1,0.56556376354387,0.613112752708774
"2938","evm.model.Chr07.2635","dispensable",61,10,1,410,0.166666666666667,1,0.729911586907559,0.612648984048178
"451","Mca024483.t02","dispensable",112,10,1,400,0.166666666666667,1,0.726924339516811,0.612051534570029
"3893","Mca043476.t01","dispensable",16,9,1,100,0.25,1,0.559703874337883,0.611940774867577
"5485","Mara018921.t01","dispensable",16,9,1,100,0.25,1,0.559703874337883,0.611940774867577
"5417","Mca046809.t02","dispensable",109,10,1,396,0.166666666666667,1,0.725708528709012,0.611808372408469
"6104","LOC_00046484-mRNA-1","dispensable",17,9,1,98,0.25,1,0.557278271235166,0.611455654247033
"429","Mara038380.t01","dispensable",75,10,1,387,0.166666666666667,1,0.722927553324111,0.611252177331489
"5503","LOC_00040136-mRNA-1","dispensable",25,9,1,95,0.25,1,0.55354640410131,0.610709280820262
"5599","Mca027173.t01","dispensable",13,9,1,95,0.25,1,0.55354640410131,0.610709280820262
"7496","evm.model.Chr06.510","dispensable",14,9,1,95,0.25,1,0.55354640410131,0.610709280820262
"15610","Mara031347.t01","dispensable",11,9,1,90,0.25,1,0.547059504335408,0.609411900867082
"2250","Mru048351.t01","dispensable",72,10,1,355,0.166666666666667,1,0.712488759399753,0.609164418546617
"3242","evm.model.Chr08.3740","dispensable",17,9,1,85,0.25,1,0.540205923174014,0.608041184634803
"3672","Mpoly020499.t01","dispensable",11,9,1,85,0.25,1,0.540205923174014,0.608041184634803
"5680","Mara026172.t01","dispensable",12,9,1,84,0.25,1,0.53878747294157,0.607757494588314
"6115","Mca047600.t01","dispensable",11,9,1,80,0.25,1,0.5329417094257,0.60658834188514
"2724","evm.model.Chr04.2430","dispensable",44,10,1,312,0.166666666666667,1,0.696877183757551,0.606042103418177
"2469","Mara029026.t01","soft_core",219,11,1,1213,0.0833333333333334,1,0.861263653051505,0.605586063943634
"424","Mca044680.t01","dispensable",52,10,1,300,0.166666666666667,1,0.692136145696955,0.605093895806058
"4661","Mara040623.t01","dispensable",13,9,1,70,0.25,1,0.516961243706611,0.603392248741322
"4687","Mru051318.t01","dispensable",10,9,1,70,0.25,1,0.516961243706611,0.603392248741322
"9445","Mara041381.t01","dispensable",11,9,1,70,0.25,1,0.516961243706611,0.603392248741322
"4663","Mara035497.t01","dispensable",35,10,1,265,0.166666666666667,1,0.677144725684284,0.602095611803524
"6118","Mca047707.t01","dispensable",12,9,1,65,0.25,1,0.508105039227718,0.601621007845544
"2325","evm.model.Chr01.4340","soft_core",166,11,1,1019,0.0833333333333334,1,0.840147290995949,0.601362791532523
"3257","Mca049624.t01","dispensable",37,10,1,252,0.166666666666667,1,0.671067965345581,0.600880259735783
"1171","Mara035769.t01","core",500,12,1,3810,0,1,1,0.6
"1609","Mara024241.t01","core",500,12,1,3789,0,1,0.999329876374308,0.599865975274862
"1604","Mara029505.t01","soft_core",177,11,1,954,0.0833333333333334,1,0.832161675484011,0.599765668430135
"2179","Mara045634.t01","dispensable",10,9,1,60,0.25,1,0.498550800633683,0.599710160126737
"5634","Mara029298.t01","dispensable",12,9,1,60,0.25,1,0.498550800633683,0.599710160126737
"56","Mara001726.t01","core",500,12,1,3761,0,1,0.998430579047532,0.599686115809506
"382","Mara005923.t01","soft_core",150,11,1,950,0.0833333333333334,1,0.831652645933534,0.59966386252004
"1186","Mara041960.t01","core",500,12,1,3742,0,1,0.997816521470556,0.599563304294111
"605","Mara008538.t01","core",500,12,1,3710,0,1,0.996775239088828,0.599355047817766
"1418","Mara040941.t01","core",500,12,1,3684,0,1,0.995922564153595,0.599184512830719
"156","Mara023323.t01","core",500,12,1,3641,0,1,0.99449908040793,0.598899816081586
"4527","evm.model.Chr05.3609","dispensable",42,10,1,230,0.166666666666667,1,0.66003526175066,0.598673719016799
"12916","Mara028314.t01","dispensable",34,10,1,230,0.166666666666667,1,0.66003526175066,0.598673719016799
"1620","Mara012223.t01","core",500,12,1,3590,0,1,0.992788812404582,0.598557762480916
"390","Mara006237.t01","core",500,12,1,3572,0,1,0.992179383421862,0.598435876684372
"799","evm.model.Chr03.4398","core",500,12,1,3562,0,1,0.991839483781328,0.598367896756266
"1570","Mara033242.t01","core",500,12,1,3560,0,1,0.991771389387424,0.598354277877485
"478","Mru009975.t01","core",500,12,1,3537,0,1,0.990985543396692,0.598197108679338
"811","Mara027826.t01","core",500,12,1,3496,0,1,0.98957193233664,0.597914386467328
"1003","evm.model.Chr03.375.1.6a73513a","core",500,12,1,3496,0,1,0.98957193233664,0.597914386467328
"893","Mara038285.t01","core",500,12,1,3493,0,1,0.989467847553519,0.597893569510704
"3041","Mca008673.t01","core",500,12,1,3486,0,1,0.989224635099425,0.597844927019885
"1220","Mca046153.t01","core",500,12,1,3484,0,1,0.989155056146079,0.597831011229216
"527","Mpoly021068.t01","core",500,12,1,3482,0,1,0.989085437250736,0.597817087450147
"344","Mara020996.t01","core",500,12,1,3469,0,1,0.988631937668466,0.597726387533693
"1440","Mara037960.t01","core",500,12,1,3467,0,1,0.98856201774012,0.597712403548024
"375","Mca002304.t01","core",500,12,1,3458,0,1,0.988246878249611,0.597649375649922
"1630","Mara036600.t01","core",500,12,1,3458,0,1,0.988246878249611,0.597649375649922
"8429","Mara044684.t01","dispensable",11,9,1,55,0.25,1,0.488179003918849,0.59763580078377
"14283","LOC_00052037-mRNA-1","dispensable",10,9,1,55,0.25,1,0.488179003918849,0.59763580078377
"507","Mara008715.t01","core",500,12,1,3452,0,1,0.988036329390552,0.597607265878111
"711","Mara029263.t01","dispensable",37,10,1,220,0.166666666666667,1,0.654668186306361,0.597600303927939
"2177","Mca002620.t01","core",500,12,1,3450,0,1,0.987966065128821,0.597593213025764
"941","Mara025845.t01","core",500,12,1,3440,0,1,0.987614131880234,0.597522826376047
"3281","LOC_00018249-mRNA-4","dispensable",33,10,1,219,0.166666666666667,1,0.65411818031897,0.597490302730461
"367","LOC_00023112-mRNA-1","core",500,12,1,3428,0,1,0.987190459441121,0.597438091888224
"97","Mara000742.t01","core",500,12,1,3427,0,1,0.987155086504497,0.597431017300899
"1100","Mara038490.t01","core",500,12,1,3425,0,1,0.987084309664229,0.597416861932846
"335","Mara043471.t01","core",500,12,1,3419,0,1,0.986871730972892,0.597374346194579
"1400","evm.model.Chr04.322.1.6a735177","core",500,12,1,3410,0,1,0.986552162639482,0.597310432527896
"1164","Mara039924.t01","core",500,12,1,3405,0,1,0.986374260139696,0.597274852027939
"797","Mara040635.t01","core",500,12,1,3400,0,1,0.986196096287533,0.597239219257507
"444","Mru025027.t01","core",500,12,1,3378,0,1,0.985409050908205,0.597081810181641
"1305","Mara025023.t01","core",500,12,1,3370,0,1,0.985121581470242,0.597024316294049
"1430","Mara043477.t01","core",500,12,1,3367,0,1,0.98501360451191,0.597002720902382
"1278","Mara025542.t01","core",500,12,1,3357,0,1,0.98465298541671,0.596930597083342
"2439","Msa149972.t01","core",500,12,1,3356,0,1,0.984616864459672,0.596923372891935
"2550","Msa092428.t01","core",500,12,1,3353,0,1,0.984508436993929,0.596901687398786
"1510","Mara045426.t01","core",500,12,1,3352,0,1,0.984472272952403,0.596894454590481
"440","Mara011645.t01","core",500,12,1,3346,0,1,0.984255061946835,0.596851012389367
"659","Mara010201.t01","core",500,12,1,3345,0,1,0.984218822259622,0.596843764451924
"1597","Mpoly024647.t01","core",500,12,1,3344,0,1,0.98418257174004,0.596836514348008
"584","Mara020534.t01","core",500,12,1,3342,0,1,0.984110038177857,0.596822007635571
"373","Mca029086.t01","core",500,12,1,3337,0,1,0.983928514251801,0.59678570285036
"1121","Mara043700.t01","core",500,12,1,3334,0,1,0.983819469335996,0.596763893867199
"1732","Mca035692.t01","core",500,12,1,3330,0,1,0.983673923429111,0.596734784685822
"554","Mpoly015064.t01","core",500,12,1,3322,0,1,0.983382306547138,0.596676461309428
"1885","Mara036917.t01","core",500,12,1,3322,0,1,0.983382306547138,0.596676461309428
"77","Mara001266.t01","core",500,12,1,3319,0,1,0.983272769180947,0.596654553836189
"2028","LOC_00044628-mRNA-1","core",500,12,1,3314,0,1,0.983089986761485,0.596617997352297
"470","Mara014858.t01","core",500,12,1,3312,0,1,0.983016796588862,0.596603359317772
"590","Mara013372.t01","core",500,12,1,3312,0,1,0.983016796588862,0.596603359317772
"83","Mca038780.t01","core",500,12,1,3311,0,1,0.982980184932023,0.596596036986405
"614","Msa011270.t01","core",500,12,1,3307,0,1,0.982833627678712,0.596566725535742
"1130","Mara001548.t01","core",500,12,1,3303,0,1,0.982686893102606,0.596537378620521
"794","Mca046730.t01","core",500,12,1,3302,0,1,0.982650181701583,0.596530036340317
"781","Mara012972.t01","core",500,12,1,3300,0,1,0.982576725544064,0.596515345108813
"877","Mara023462.t01","core",500,12,1,3299,0,1,0.982539980774094,0.596507996154819
"374","Mara005802.t01","dispensable",31,10,1,210,0.166666666666667,1,0.649052548309931,0.596477176328653
"1533","Mara027532.t01","dispensable",38,10,1,210,0.166666666666667,1,0.649052548309931,0.596477176328653
"1793","Mara032569.t01","core",500,12,1,3294,0,1,0.982356089742112,0.596471217948422
"294","evm.model.Chr01.2613.2.6a7353af","core",500,12,1,3292,0,1,0.982282455184685,0.596456491036937
"230","LOC_00023914-mRNA-1","core",500,12,1,3291,0,1,0.982245621133572,0.596449124226714
"823","Mara035279.t01","core",500,12,1,3291,0,1,0.982245621133572,0.596449124226714
"1788","Msa032705.t03","core",500,12,1,3290,0,1,0.982208775891801,0.59644175517836
"1248","LOC_00005436-mRNA-1","core",500,12,1,3289,0,1,0.98217191945257,0.596434383890514
"2097","Mara043268.t01","core",500,12,1,3289,0,1,0.98217191945257,0.596434383890514
"468","Mca047890.t01","core",500,12,1,3287,0,1,0.98209817295449,0.596419634590898
"198","Mca008657.t02","core",500,12,1,3283,0,1,0.98195054528884,0.596390109057768
"593","LOC_00032714-mRNA-2","core",500,12,1,3281,0,1,0.981876664011894,0.596375332802379
"1498","LOC_00008764-mRNA-1","core",500,12,1,3277,0,1,0.981728766295569,0.596345753259114
"331","Mca004559.t01","core",500,12,1,3275,0,1,0.981654749746212,0.596330949949243
"274","evm.model.Chr07.3712","core",500,12,1,3274,0,1,0.981617724524628,0.596323544904926
"813","Mara040447.t01","core",500,12,1,3274,0,1,0.981617724524628,0.596323544904926
"138","Mara001974.t01","core",500,12,1,3272,0,1,0.981543640153139,0.596308728030628
"396","LOC_00051142-mRNA-1","core",500,12,1,3271,0,1,0.981506580989411,0.596301316197882
"1507","Mara036482.t01","core",500,12,1,3271,0,1,0.981506580989411,0.596301316197882
"768","Mca041161.t01","core",500,12,1,3270,0,1,0.981469510497802,0.59629390209956
"362","Mara005663.t01","core",500,12,1,3269,0,1,0.981432428671383,0.596286485734277
"363","Mara005533.t01","core",500,12,1,3268,0,1,0.981395335503223,0.596279067100645
"279","Mara029138.t01","core",500,12,1,3265,0,1,0.981283987878854,0.596256797575771
"1180","Mara020281.t01","core",500,12,1,3256,0,1,0.980949330296817,0.596189866059363
"438","LOC_00014169-mRNA-1","core",500,12,1,3255,0,1,0.980912089052134,0.596182417810427
"1953","Mara035843.t01","core",500,12,1,3253,0,1,0.980837572237282,0.596167514447456
"699","Mca031141.t01","core",500,12,1,3249,0,1,0.980688401108565,0.596137680221713
"104","Msa001784.t01","core",500,12,1,3248,0,1,0.980651079639628,0.596130215927926
"573","Mara005093.t01","core",500,12,1,3248,0,1,0.980651079639628,0.596130215927926
"1353","Mara023993.t01","core",500,12,1,3248,0,1,0.980651079639628,0.596130215927926
"721","Mara019401.t01","core",500,12,1,3247,0,1,0.980613746681858,0.596122749336372
"369","Mara005782.t01","core",500,12,1,3246,0,1,0.980576402228182,0.596115280445636
"1992","Mara035246.t01","core",500,12,1,3245,0,1,0.980539046271516,0.596107809254303
"585","Mara011641.t01","core",500,12,1,3239,0,1,0.98031466857133,0.596062933714266
"1219","Mara041547.t01","core",500,12,1,3238,0,1,0.980277231894893,0.596055446378979
"256","Mara043406.t01","core",500,12,1,3236,0,1,0.980202323855231,0.596040464771046
"1048","Mara018804.t01","core",500,12,1,3229,0,1,0.979939780753936,0.595987956150787
"491","Msa024015.t01","core",500,12,1,3228,0,1,0.979902228156529,0.595980445631306
"1372","Mara027479.t01","core",500,12,1,3228,0,1,0.979902228156529,0.595980445631306
"1057","Mru024946.t01","core",500,12,1,3227,0,1,0.979864663927529,0.595972932785506
"199","Mara002823.t01","core",500,12,1,3224,0,1,0.979751901378861,0.595950380275772
"638","Mpoly034082.t01","core",500,12,1,3224,0,1,0.979751901378861,0.595950380275772
"1277","Mara008184.t01","core",500,12,1,3224,0,1,0.979751901378861,0.595950380275772
"1765","LOC_00028251-mRNA-1","core",500,12,1,3224,0,1,0.979751901378861,0.595950380275772
"93","Mara000585.t01","core",500,12,1,3221,0,1,0.979639033885971,0.595927806777194
"1388","zm4.54G0032450.t1","core",500,12,1,3221,0,1,0.979639033885971,0.595927806777194
"870","Mara011057.t01","core",500,12,1,3216,0,1,0.979450687657159,0.595890137531432
"318","evm.model.Chr02.1198","core",500,12,1,3215,0,1,0.979412983284912,0.595882596656983
"901","Mara040758.t01","core",500,12,1,3212,0,1,0.979299799784064,0.595859959956813
"1138","LOC_00050897-mRNA-1","core",500,12,1,3211,0,1,0.979262048464738,0.595852409692948
"1352","Mara025594.t01","core",500,12,1,3208,0,1,0.979148723947204,0.595829744789441
"1125","Mara019377.t01","core",500,12,1,3207,0,1,0.979110925563742,0.595822185112748
"1002","LOC_00033539-mRNA-1","core",500,12,1,3202,0,1,0.978921756733692,0.595784351346738
"278","Mca026826.t01","core",500,12,1,3199,0,1,0.978808113640238,0.595761622728048
"1667","Mpoly008193.t01","core",500,12,1,3199,0,1,0.978808113640238,0.595761622728048
"1334","Mara023475.t01","core",500,12,1,3197,0,1,0.978732292373401,0.59574645847468
"1386","Mara038172.t01","core",500,12,1,3197,0,1,0.978732292373401,0.59574645847468
"1318","Mara043428.t01","core",500,12,1,3196,0,1,0.978694363956405,0.595738872791281
"846","Mara014079.t01","core",500,12,1,3193,0,1,0.978580507482053,0.595716101496411
"957","Mara019002.t02","core",500,12,1,3192,0,1,0.978542531558036,0.595708506311607
"433","Mara006875.t01","core",500,12,1,3191,0,1,0.978504543738663,0.595700908747733
"439","Mca007334.t01","core",500,12,1,3191,0,1,0.978504543738663,0.595700908747733
"465","Msa008012.t01","core",500,12,1,3190,0,1,0.97846654401648,0.595693308803296
"63","LOC_00020322-mRNA-1","core",500,12,1,3189,0,1,0.978428532384024,0.595685706476805
"310","Mara004912.t01","core",500,12,1,3189,0,1,0.978428532384024,0.595685706476805
"1187","Mara037979.t01","core",500,12,1,3189,0,1,0.978428532384024,0.595685706476805
"589","Mara006376.t01","core",500,12,1,3187,0,1,0.978352473358417,0.595670494671683
"192","Mara002644.t01","core",500,12,1,3185,0,1,0.978276366602009,0.595655273320402
"917","Mca016246.t01","core",500,12,1,3185,0,1,0.978276366602009,0.595655273320402
"2435","Mara002692.t01","core",500,12,1,3185,0,1,0.978276366602009,0.595655273320402
"95","Mara001550.t01","core",500,12,1,3184,0,1,0.978238295306026,0.595647659061205
"1539","Mara025395.t01","core",500,12,1,3182,0,1,0.978162116840986,0.595632423368197
"1182","Mara025427.t01","core",500,12,1,3180,0,1,0.978085890495072,0.595617178099014
"219","Mara003266.t01","core",500,12,1,3178,0,1,0.978009616208057,0.595601923241612
"1147","Mara019731.t01","core",500,12,1,3178,0,1,0.978009616208057,0.595601923241612
"1330","Mara034672.t01","core",500,12,1,3175,0,1,0.977895114755943,0.595579022951189
"1991","evm.model.Chr06.1387","core",500,12,1,3175,0,1,0.977895114755943,0.595579022951189
"340","Mara040662.t01","core",500,12,1,3172,0,1,0.977780505096423,0.595556101019285
"303","Mara001738.t01","core",500,12,1,3171,0,1,0.977742277795127,0.595548455559025
"920","Mca010864.t01","core",500,12,1,3171,0,1,0.977742277795127,0.595548455559025
"1139","Mara019166.t01","core",500,12,1,3171,0,1,0.977742277795127,0.595548455559025
"1392","evm.model.Chr01.771","core",500,12,1,3171,0,1,0.977742277795127,0.595548455559025
"1925","Msa127904.t01","dispensable",34,10,1,202,0.166666666666667,1,0.64436496528595,0.595539659723857
"1103","evm.model.Chr02.1521","core",500,12,1,3167,0,1,0.977589247980051,0.59551784959601
"1324","Mara035758.t01","core",500,12,1,3167,0,1,0.977589247980051,0.59551784959601
"583","Mara008776.t01","core",500,12,1,3166,0,1,0.977550960335738,0.595510192067148
"916","Mara020937.t01","core",500,12,1,3166,0,1,0.977550960335738,0.595510192067148
"1432","Mara039314.t01","core",500,12,1,3166,0,1,0.977550960335738,0.595510192067148
"474","Mara007308.t01","core",500,12,1,3161,0,1,0.977359340589195,0.595471868117839
"101","Mru021902.t01","core",500,12,1,3158,0,1,0.977244223245615,0.595448844649123
"739","evm.model.Chr02.4807","core",500,12,1,3158,0,1,0.977244223245615,0.595448844649123
"1371","Mara035682.t01","core",500,12,1,3157,0,1,0.977205826502423,0.595441165300485
"481","Mara021441.t01","core",500,12,1,3156,0,1,0.977167417598743,0.595433483519749
"1760","Mca001926.t01","core",500,12,1,3155,0,1,0.977128996526869,0.595425799305374
"1384","Mara024506.t01","dispensable",35,10,1,201,0.166666666666667,1,0.64376606968686,0.595419880604039
"402","LOC_00013688-mRNA-1","core",500,12,1,3152,0,1,0.977013660224923,0.595402732044985
"160","Mara005100.t01","core",500,12,1,3150,0,1,0.976936708374399,0.59538734167488
"789","Mara038319.t01","core",500,12,1,3150,0,1,0.976936708374399,0.59538734167488
"1787","Mpoly022830.t01","core",500,12,1,3150,0,1,0.976936708374399,0.59538734167488
"284","Mara004653.t01","core",500,12,1,3148,0,1,0.976859707665555,0.595371941533111
"913","Mara025513.t01","core",500,12,1,3146,0,1,0.976782658036307,0.595356531607261
"326","LOC_00015377-mRNA-1","core",500,12,1,3144,0,1,0.976705559424457,0.595341111884891
"2048","evm.model.Chr01.2234","core",500,12,1,3144,0,1,0.976705559424457,0.595341111884891
"180","Mara003282.t01","core",500,12,1,3143,0,1,0.976666991730585,0.595333398346117
"3100","Mara008635.t01","core",500,12,1,3142,0,1,0.976628411767685,0.595325682353537
"663","Mara010240.t01","core",500,12,1,3139,0,1,0.976512598186682,0.595302519637336
"455","Mara006862.t01","core",500,12,1,3138,0,1,0.976473969069504,0.595294793813901
"610","Msa024929.t01","core",500,12,1,3138,0,1,0.976473969069504,0.595294793813901
"717","Mara009412.t01","core",500,12,1,3137,0,1,0.976435327644179,0.595287065528836
"18","Mara025157.t01","core",500,12,1,3136,0,1,0.976396673902862,0.595279334780572
"1854","Mca027613.t01","core",500,12,1,3136,0,1,0.976396673902862,0.595279334780572
"519","Mara007861.t01","core",500,12,1,3133,0,1,0.976280638704385,0.595256127740877
"1920","Mara029773.t01","core",500,12,1,3133,0,1,0.976280638704385,0.595256127740877
"308","Mara004711.t01","core",500,12,1,3132,0,1,0.97624193562049,0.595248387124098
"719","LOC_00019373-mRNA-1","core",500,12,1,3132,0,1,0.97624193562049,0.595248387124098
"2067","Mpoly005769.t02","core",500,12,1,3132,0,1,0.97624193562049,0.595248387124098
"1451","LOC_00001632-mRNA-1","core",500,12,1,3131,0,1,0.976203220181261,0.595240644036252
"154","Mara014504.t01","core",500,12,1,3130,0,1,0.976164492378806,0.595232898475761
"550","Mru021060.t01","core",500,12,1,3130,0,1,0.976164492378806,0.595232898475761
"47","Mca029831.t01","core",500,12,1,3129,0,1,0.976125752205227,0.595225150441046
"328","Mara028226.t01","core",500,12,1,3128,0,1,0.976086999652619,0.595217399930524
"376","Mara013390.t01","core",500,12,1,3128,0,1,0.976086999652619,0.595217399930524
"787","Mara011985.t01","core",500,12,1,3127,0,1,0.976048234713067,0.595209646942613
"403","Mara022736.t01","core",500,12,1,3125,0,1,0.975970667641439,0.595194133528288
"684","evm.model.Chr03.934","core",500,12,1,3124,0,1,0.975931865493498,0.595186373098699
"979","Mara012665.t01","core",500,12,1,3124,0,1,0.975931865493498,0.595186373098699
"2237","Mpoly023883.t01","core",500,12,1,3121,0,1,0.975815384505811,0.595163076901162
"334","Mara005160.t01","core",500,12,1,3117,0,1,0.975659902289186,0.595131980457837
"399","Mca013614.t02","core",500,12,1,3117,0,1,0.975659902289186,0.595131980457837
"2135","Mara044586.t01","core",500,12,1,3117,0,1,0.975659902289186,0.595131980457837
"348","Mara007415.t01","core",500,12,1,3115,0,1,0.975582086365852,0.59511641727317
"775","Mca003970.t01","core",500,12,1,3113,0,1,0.975504220480444,0.595100844096089
"1111","Mara019000.t01","core",500,12,1,3113,0,1,0.975504220480444,0.595100844096089
"1594","Mara018866.t01","core",500,12,1,3112,0,1,0.975465268781906,0.595093053756381
"932","Mara013887.t01","core",500,12,1,3111,0,1,0.975426304568765,0.595085260913753
"217","Mara005738.t01","core",500,12,1,3108,0,1,0.975309336761252,0.59506186735225
"749","Mara027430.t01","core",500,12,1,3108,0,1,0.975309336761252,0.59506186735225
"773","Mca027190.t01","core",500,12,1,3108,0,1,0.975309336761252,0.59506186735225
"1060","Mca044293.t01","core",500,12,1,3108,0,1,0.975309336761252,0.59506186735225
"742","evm.model.Chr02.4798","core",500,12,1,3107,0,1,0.975270322409184,0.595054064481837
"918","Mara008361.t01","core",500,12,1,3107,0,1,0.975270322409184,0.595054064481837
"558","zm4.34G0035070.t1","core",500,12,1,3105,0,1,0.975192256032265,0.595038451206453
"393","LOC_00027109-mRNA-1","core",500,12,1,3100,0,1,0.974996869954307,0.594999373990862
"59","LOC_00020437-mRNA-1","core",500,12,1,3098,0,1,0.97491862729846,0.594983725459692
"619","Mara009504.t01","core",500,12,1,3097,0,1,0.974879487032716,0.594975897406543
"377","LOC_00003817-mRNA-1","core",500,12,1,3095,0,1,0.974801168584818,0.594960233716963
"1982","Mca033529.t01","core",500,12,1,3094,0,1,0.974761990386332,0.594952398077267
"628","Mara009559.t01","core",500,12,1,3090,0,1,0.974605150904588,0.594921030180918
"841","Mara002566.t01","core",500,12,1,3090,0,1,0.974605150904588,0.594921030180918
"209","Mara025220.t01","core",500,12,1,3088,0,1,0.974526655036245,0.594905331007249
"176","Mara037384.t01","core",500,12,1,3087,0,1,0.974487388041453,0.594897477608291
"832","LOC_00033215-mRNA-1","core",500,12,1,3086,0,1,0.974448108328605,0.594889621665721
"273","Mara003408.t01","core",500,12,1,3085,0,1,0.974408815889461,0.594881763177892
"987","Mara013554.t01","core",500,12,1,3083,0,1,0.974330192799281,0.594866038559856
"380","LOC_00023902-mRNA-1","core",500,12,1,3082,0,1,0.974290862131721,0.594858172426344
"1359","Mara038832.t01","core",500,12,1,3081,0,1,0.974251518704821,0.594850303740964
"397","Mara023564.t01","core",500,12,1,3080,0,1,0.974212162510299,0.59484243250206
"349","Msa049976.t01","core",500,12,1,3079,0,1,0.974172793539865,0.594834558707973
"934","Mara029667.t01","core",500,12,1,3079,0,1,0.974172793539865,0.594834558707973
"364","Mara010492.t01","core",500,12,1,3076,0,1,0.974054609890081,0.594810921978016
"887","Mara008679.t01","core",500,12,1,3076,0,1,0.974054609890081,0.594810921978016
"591","Mpoly014583.t01","core",500,12,1,3074,0,1,0.973975756758333,0.594795151351667
"1317","Mca017251.t01","core",500,12,1,3074,0,1,0.973975756758333,0.594795151351667
"213","Mara011804.t01","core",500,12,1,3072,0,1,0.973896852323307,0.594779370464661
"880","Mara007922.t01","core",500,12,1,3070,0,1,0.973817896518203,0.594763579303641
"1213","Mara026102.t01","core",500,12,1,3067,0,1,0.973699366345201,0.59473987326904
"1837","Mara036624.t01","core",500,12,1,3066,0,1,0.973659830529902,0.59473196610598
"102","Mca013974.t01","core",500,12,1,3065,0,1,0.973620281821788,0.594724056364358
"557","Mara006686.t01","core",500,12,1,3064,0,1,0.973580720212448,0.59471614404249
"873","Mca016896.t01","core",500,12,1,3061,0,1,0.973461957892832,0.594692391578566
"965","Mara013460.t01","core",500,12,1,3061,0,1,0.973461957892832,0.594692391578566
"1189","Mara020451.t01","core",500,12,1,3061,0,1,0.973461957892832,0.594692391578566
"604","Mara004014.t01","core",500,12,1,3060,0,1,0.973422344594307,0.594684468918861
"1105","evm.model.Chr04.4964","core",500,12,1,3059,0,1,0.973382718352374,0.594676543670475
"43","LOC_00020668-mRNA-1","core",500,12,1,3058,0,1,0.973343079158573,0.594668615831714
"1665","Mara024743.t01","core",500,12,1,3056,0,1,0.973263761881477,0.594652752376295
"413","Msa005612.t01","core",500,12,1,3054,0,1,0.973184392695165,0.594636878539033
"401","Mara005746.t01","core",500,12,1,3052,0,1,0.973104971531648,0.59462099430633
"1276","Mara011691.t01","core",500,12,1,3052,0,1,0.973104971531648,0.59462099430633
"1628","Msa151334.t02","core",500,12,1,3051,0,1,0.973065241437155,0.594613048287431
"345","Mru013868.t01","core",500,12,1,3050,0,1,0.973025498322804,0.594605099664561
"1098","Mara023454.t01","core",500,12,1,3050,0,1,0.973025498322804,0.594605099664561
"1528","Mara027392.t01","core",500,12,1,3049,0,1,0.972985742180059,0.594597148436012
"33","Mara000604.t01","core",500,12,1,3048,0,1,0.972945973000376,0.594589194600075
"119","Mara001265.t01","core",500,12,1,3048,0,1,0.972945973000376,0.594589194600075
"866","Mara011127.t01","core",500,12,1,3048,0,1,0.972945973000376,0.594589194600075
"298","Mca031758.t01","core",500,12,1,3047,0,1,0.972906190775202,0.59458123815504
"1183","Mara026556.t01","core",500,12,1,3047,0,1,0.972906190775202,0.59458123815504
"744","Mara014434.t01","core",500,12,1,3046,0,1,0.972866395495975,0.594573279099195
"1117","Mca051621.t01","core",500,12,1,3044,0,1,0.972786765741075,0.594557353148215
"410","LOC_00017789-mRNA-3","core",500,12,1,3043,0,1,0.972746931248236,0.594549386249647
"982","Mara015361.t01","core",500,12,1,3042,0,1,0.972707083667015,0.594541416733403
"1357","Mara035624.t01","core",500,12,1,3038,0,1,0.972547562286098,0.59450951245722
"611","Mru049148.t01","core",500,12,1,3035,0,1,0.97242778339996,0.594485556679992
"883","evm.model.Chr02.3214","core",500,12,1,3035,0,1,0.97242778339996,0.594485556679992
"462","Mara040377.t01","core",500,12,1,3034,0,1,0.972387830801228,0.594477566160246
"84","Mara001691.t01","core",500,12,1,3033,0,1,0.972347865036372,0.594469573007275
"572","Mara002373.t01","core",500,12,1,3032,0,1,0.972307886096714,0.594461577219343
"1618","Mara029805.t01","core",500,12,1,3032,0,1,0.972307886096714,0.594461577219343
"1214","Mca025567.t01","core",500,12,1,3031,0,1,0.972267893973563,0.594453578794713
"1032","Mpoly013290.t01","core",500,12,1,3030,0,1,0.972227888658222,0.594445577731644
"875","Mara018950.t01","core",500,12,1,3029,0,1,0.972187870141985,0.594437574028397
"986","Mara012159.t01","core",500,12,1,3027,0,1,0.972107793471954,0.594421558694391
"168","Mara020826.t01","core",500,12,1,3026,0,1,0.972067735300704,0.594413547060141
"395","Mara005645.t01","core",500,12,1,3026,0,1,0.972067735300704,0.594413547060141
"484","evm.model.Chr03.2074","core",500,12,1,3025,0,1,0.972027663893646,0.594405532778729
"1429","Mara020922.t01","core",500,12,1,3025,0,1,0.972027663893646,0.594405532778729
"984","Mara015843.t01","core",500,12,1,3018,0,1,0.971746792705575,0.594349358541115
"669","Mara034949.t01","core",500,12,1,3015,0,1,0.971626219924453,0.594325243984891
"953","Mara014780.t01","core",500,12,1,3015,0,1,0.971626219924453,0.594325243984891
"432","evm.model.Chr02.424.1.6a735140","core",500,12,1,3014,0,1,0.971586002344129,0.594317200468826
"848","Mara014202.t01","core",500,12,1,3014,0,1,0.971586002344129,0.594317200468826
"1453","evm.model.Chr05.3509","core",500,12,1,3014,0,1,0.971586002344129,0.594317200468826
"1383","Mara016569.t01","core",500,12,1,3013,0,1,0.971545771422427,0.594309154284485
"1567","Mca034307.t01","core",500,12,1,3009,0,1,0.971384714144632,0.594276942828926
"1821","Mca027523.t01","core",500,12,1,3008,0,1,0.971344416383053,0.594268883276611
"227","Mara003216.t01","core",500,12,1,3007,0,1,0.971304105226838,0.594260821045367
"3104","Mca029938.t01","core",500,12,1,3007,0,1,0.971304105226838,0.594260821045367
"7","Mara000095.t01","core",500,12,1,3001,0,1,0.97106195650275,0.59421239130055
"582","Mara017405.t01","core",500,12,1,3000,0,1,0.971021551334175,0.594204310266835
"662","Msa016990.t01","core",500,12,1,3000,0,1,0.971021551334175,0.594204310266835
"1884","Mru008027.t01","core",500,12,1,3000,0,1,0.971021551334175,0.594204310266835
"1124","Mca031243.t01","core",500,12,1,2999,0,1,0.970981132699455,0.594196226539891
"463","Mara007249.t01","core",500,12,1,2998,0,1,0.97094070058961,0.594188140117922
"1265","Mara029549.t01","core",500,12,1,2998,0,1,0.97094070058961,0.594188140117922
"1311","Mara022935.t01","core",500,12,1,2997,0,1,0.970900254995653,0.594180050999131
"27","Mara000361.t01","core",500,12,1,2996,0,1,0.970859795908586,0.594171959181717
"608","Mara034896.t01","core",500,12,1,2996,0,1,0.970859795908586,0.594171959181717
"518","Mara016763.t01","core",500,12,1,2995,0,1,0.970819323319405,0.594163864663881
"785","Mara012472.t02","core",500,12,1,2994,0,1,0.970778837219094,0.594155767443819
"867","Mara011979.t01","core",500,12,1,2993,0,1,0.970738337598628,0.594147667519726
"522","Mca049479.t01","core",500,12,1,2991,0,1,0.970657297761095,0.594131459552219
"350","LOC_00036115-mRNA-2","core",500,12,1,2990,0,1,0.970616757525933,0.594123351505187
"3118","zm4.14G0055090.t1","core",500,12,1,2989,0,1,0.970576203734432,0.594115240746886
"133","Mara008676.t01","core",500,12,1,2988,0,1,0.97053563637752,0.594107127275504
"201","Mara028288.t01","core",500,12,1,2986,0,1,0.970454460931145,0.594090892186229
"68","Mara023926.t01","core",500,12,1,2984,0,1,0.970373231114072,0.594074646222814
"378","Mru020773.t01","core",500,12,1,2983,0,1,0.970332595793754,0.594066519158751
"1641","Mca037845.t01","core",500,12,1,2983,0,1,0.970332595793754,0.594066519158751
"1356","Mara034401.t01","core",500,12,1,2981,0,1,0.970251284283932,0.594050256856786
"485","Mara007551.t01","core",500,12,1,2980,0,1,0.970210608076153,0.594042121615231
"312","Mara005506.t01","core",500,12,1,2979,0,1,0.970169918220929,0.594033983644186
"743","LOC_00010263-mRNA-1","core",500,12,1,2979,0,1,0.970169918220929,0.594033983644186
"723","Mca016380.t01","core",500,12,1,2976,0,1,0.970047766678936,0.594009553335787
"849","evm.model.Chr02.1185.1.6a73523e","core",500,12,1,2975,0,1,0.970007022142233,0.594001404428447
"343","Mara007311.t01","core",500,12,1,2974,0,1,0.969966263912188,0.593993252782438
"740","Mara013625.t01","core",500,12,1,2972,0,1,0.969884706335237,0.593976941267047
"971","Mara016168.t01","core",500,12,1,2972,0,1,0.969884706335237,0.593976941267047
"486","Mca007992.t01","core",500,12,1,2971,0,1,0.969843906969888,0.593968781393978
"533","Mara031028.t01","core",500,12,1,2971,0,1,0.969843906969888,0.593968781393978
"1264","Mara021932.t01","core",500,12,1,2971,0,1,0.969843906969888,0.593968781393978
"181","evm.model.Chr02.2231","core",500,12,1,2970,0,1,0.969803093874313,0.593960618774863
"412","Mara005288.t01","core",500,12,1,2970,0,1,0.969803093874313,0.593960618774863
"272","Mara003984.t01","core",500,12,1,2967,0,1,0.969680572113742,0.593936114422749
"347","Mara003201.t01","core",500,12,1,2967,0,1,0.969680572113742,0.593936114422749
"783","Mca029816.t01","core",500,12,1,2967,0,1,0.969680572113742,0.593936114422749
"2897","Mca013361.t01","core",500,12,1,2967,0,1,0.969680572113742,0.593936114422749
"837","Mara036703.t01","core",500,12,1,2966,0,1,0.969639704004727,0.593927940800945
"903","evm.model.Chr08.178","core",500,12,1,2965,0,1,0.96959882211917,0.593919764423834
"458","evm.model.Chr04.4486","core",500,12,1,2964,0,1,0.96955792644778,0.593911585289556
"1557","Mca031622.t01","core",500,12,1,2964,0,1,0.96955792644778,0.593911585289556
"555","Mara010568.t01","core",500,12,1,2963,0,1,0.969517016981258,0.593903403396252
"79","Mara015289.t01","core",500,12,1,2961,0,1,0.969435156625564,0.593887031325113
"16","Mara000199.t01","core",500,12,1,2960,0,1,0.969394205717744,0.593878841143549
"1526","Mca036689.t01","core",500,12,1,2958,0,1,0.969312262395467,0.593862452479093
"732","Mara011442.t01","core",500,12,1,2956,0,1,0.96923026366864,0.593846052733728
"2007","LOC_00006199-mRNA-1","core",500,12,1,2954,0,1,0.969148209462292,0.593829641892458
"76","Mara001250.t01","core",500,12,1,2953,0,1,0.969107161530827,0.593821432306165
"944","Mara015626.t01","core",500,12,1,2952,0,1,0.969066099701298,0.593813219940259
"1532","Mara013446.t01","core",500,12,1,2952,0,1,0.969066099701298,0.593813219940259
"1808","Mara030837.t01","core",500,12,1,2950,0,1,0.968983934310379,0.593796786862076
"54","evm.model.Chr01.1432","core",500,12,1,2948,0,1,0.968901713214107,0.593780342642821
"946","Mru018990.t01","core",500,12,1,2947,0,1,0.968860581752849,0.59377211635057
"1926","Mca048798.t01","core",500,12,1,2947,0,1,0.968860581752849,0.59377211635057
"1420","evm.model.Chr05.3464","core",500,12,1,2944,0,1,0.968737103603011,0.593747420720602
"2656","Mru036287.t01","core",500,12,1,2944,0,1,0.968737103603011,0.593747420720602
"1399","Mara024640.t01","core",500,12,1,2942,0,1,0.968654714936557,0.593730942987311
"196","Mara014614.t01","core",500,12,1,2938,0,1,0.968489769501601,0.59369795390032
"1030","Mara018827.t01","core",500,12,1,2938,0,1,0.968489769501601,0.59369795390032
"74","Mara004424.t01","core",500,12,1,2934,0,1,0.968324599421789,0.593664919884358
"422","Mara002548.t01","core",500,12,1,2934,0,1,0.968324599421789,0.593664919884358
"548","LOC_00016352-mRNA-1","core",500,12,1,2933,0,1,0.968283271729327,0.593656654345865
"165","Mara025078.t01","core",500,12,1,2932,0,1,0.968241929948679,0.593648385989736
"450","Mara007019.t01","core",500,12,1,2932,0,1,0.968241929948679,0.593648385989736
"568","LOC_00000732-mRNA-1","core",500,12,1,2931,0,1,0.968200574070237,0.593640114814047
"1548","Mara023604.t01","core",500,12,1,2931,0,1,0.968200574070237,0.593640114814047
"499","Mara020484.t01","core",500,12,1,2928,0,1,0.968076421751915,0.593615284350383
"515","Mara007961.t01","core",500,12,1,2927,0,1,0.968035009386016,0.593607001877203
"978","Mca012997.t01","core",500,12,1,2925,0,1,0.967952142206601,0.59359042844132
"30","Mru000424.t01","core",500,12,1,2924,0,1,0.967910687373739,0.593582137474748
"1401","LOC_00013431-mRNA-1","core",500,12,1,2924,0,1,0.967910687373739,0.593582137474748
"31","Mru000457.t01","core",500,12,1,2922,0,1,0.967827735173271,0.593565547034654
"304","Mara004345.t01","core",500,12,1,2921,0,1,0.96778623778626,0.593557247557252
"1036","Mara017491.t01","core",500,12,1,2921,0,1,0.96778623778626,0.593557247557252
"1917","Mara007853.t01","core",500,12,1,2920,0,1,0.967744726195111,0.593548945239022
"1638","zm4.74G0013090.t1","core",500,12,1,2919,0,1,0.967703200390098,0.59354064007802
"359","Mca013612.t01","core",500,12,1,2918,0,1,0.967661660361483,0.593532332072297
"1026","Mara040990.t01","core",500,12,1,2917,0,1,0.967620106099519,0.593524021219904
"352","evm.model.Chr03.102.1.6a7350e3","core",500,12,1,2916,0,1,0.967578537594448,0.59351570751889
"1467","Mca016799.t01","core",500,12,1,2915,0,1,0.967536954836504,0.593507390967301
"521","Mara020493.t01","core",500,12,1,2913,0,1,0.967453746522875,0.593490749304575
"882","Mara012941.t01","core",500,12,1,2911,0,1,0.967370481080293,0.593474096216059
"1831","Mca046827.t01","core",500,12,1,2911,0,1,0.967370481080293,0.593474096216059
"205","evm.model.Chr04.4468","core",500,12,1,2910,0,1,0.96732882691112,0.593465765382224
"753","Mca030562.t01","core",500,12,1,2908,0,1,0.967245475627869,0.593449095125574
"2751","Mca009379.t02","core",500,12,1,2908,0,1,0.967245475627869,0.593449095125574
"1188","Mca042612.t01","core",500,12,1,2906,0,1,0.967162067019109,0.593432413403822
"595","LOC_00012419-mRNA-1","core",500,12,1,2903,0,1,0.967036846447988,0.593407369289598
"203","Mara010899.t01","core",500,12,1,2900,0,1,0.966911496449898,0.59338229928998
"899","Mara014441.t01","core",500,12,1,2900,0,1,0.966911496449898,0.59338229928998
"1563","Mara021921.t01","core",500,12,1,2900,0,1,0.966911496449898,0.59338229928998
"78","Mara021619.t01","core",500,12,1,2896,0,1,0.966744161325238,0.593348832265048
"44","Mca023581.t01","core",500,12,1,2893,0,1,0.966618508287899,0.59332370165758
"616","Mara026381.t01","core",500,12,1,2892,0,1,0.966576594994807,0.593315318998961
"936","Mara004147.t01","core",500,12,1,2887,0,1,0.966366810973709,0.593273362194742
"502","Mara007816.t01","core",500,12,1,2886,0,1,0.966324810588057,0.593264962117611
"853","evm.model.Chr05.3296","core",500,12,1,2886,0,1,0.966324810588057,0.593264962117611
"1024","Mca020510.t01","core",500,12,1,2886,0,1,0.966324810588057,0.593264962117611
"1880","LOC_00031490-mRNA-1","core",500,12,1,2885,0,1,0.966282795651778,0.593256559130356
"112","Mara017646.t01","core",500,12,1,2882,0,1,0.96615666343827,0.593231332687654
"139","Mca035083.t01","core",500,12,1,2880,0,1,0.966072502357616,0.593214500471523
"581","Mara027642.t01","core",500,12,1,2880,0,1,0.966072502357616,0.593214500471523
"1021","Mara023189.t01","core",500,12,1,2877,0,1,0.965946151126507,0.593189230225301
"718","Mara030196.t01","core",500,12,1,2875,0,1,0.965861843780493,0.593172368756099
"964","Mara029079.t01","core",500,12,1,2875,0,1,0.965861843780493,0.593172368756099
"1559","Mara025885.t01","core",500,12,1,2871,0,1,0.965693053061032,0.593138610612206
"175","Mara003278.t01","core",500,12,1,2867,0,1,0.965524027093105,0.593104805418621
"1222","Mca014055.t01","core",500,12,1,2867,0,1,0.965524027093105,0.593104805418621
"167","Mara037684.t01","core",500,12,1,2866,0,1,0.965481733766659,0.593096346753332
"1439","Mara026052.t01","core",500,12,1,2866,0,1,0.965481733766659,0.593096346753332
"878","Mara014758.t01","core",500,12,1,2864,0,1,0.965397102840436,0.593079420568087
"1363","Mpoly002588.t01","core",500,12,1,2864,0,1,0.965397102840436,0.593079420568087
"1319","Mara013415.t01","core",500,12,1,2863,0,1,0.965354765220052,0.59307095304401
"327","Mca025667.t01","core",500,12,1,2862,0,1,0.965312412814399,0.59306248256288
"1649","Mara033762.t01","core",500,12,1,2862,0,1,0.965312412814399,0.59306248256288
"983","evm.model.Chr01.4226","core",500,12,1,2861,0,1,0.965270045613145,0.593054009122629
"89","LOC_00008554-mRNA-2","core",500,12,1,2860,0,1,0.965227663605949,0.59304553272119
"933","Mara013645.t01","core",500,12,1,2860,0,1,0.965227663605949,0.59304553272119
"1624","Mara043410.t01","core",500,12,1,2860,0,1,0.965227663605949,0.59304553272119
"15","Mpoly001891.t01","core",500,12,1,2859,0,1,0.96518526678246,0.593037053356492
"940","Mara014632.t01","core",500,12,1,2859,0,1,0.96518526678246,0.593037053356492
"992","Mru019301.t01","core",500,12,1,2859,0,1,0.96518526678246,0.593037053356492
"1584","Mara030508.t01","core",500,12,1,2859,0,1,0.96518526678246,0.593037053356492
"3438","Mara029136.t01","core",447,12,1,2859,0,1,0.96518526678246,0.593037053356492
"1937","Mpoly030252.t01","core",500,12,1,2858,0,1,0.965142855132314,0.593028571026463
"249","Mca003448.t01","core",500,12,1,2856,0,1,0.965057987310547,0.593011597462109
"562","LOC_00005100-mRNA-1","core",500,12,1,2852,0,1,0.964888073289959,0.592977614657992
"803","Mara012693.t01","core",500,12,1,2852,0,1,0.964888073289959,0.592977614657992
"1569","Mara024337.t01","core",500,12,1,2852,0,1,0.964888073289959,0.592977614657992
"1095","Mara018656.t01","core",500,12,1,2849,0,1,0.96476048136619,0.592952096273238
"341","Mara008698.t01","core",500,12,1,2848,0,1,0.964717920877121,0.592943584175424
"1097","Mara009487.t01","core",500,12,1,2847,0,1,0.964675345446684,0.592935069089337
"2511","Mara024663.t01","core",500,12,1,2847,0,1,0.964675345446684,0.592935069089337
"1704","Mara031558.t01","core",500,12,1,2846,0,1,0.964632755064382,0.592926551012877
"1426","Mru025028.t01","core",500,12,1,2845,0,1,0.964590149719712,0.592918029943942
"449","Mara007095.t01","core",500,12,1,2844,0,1,0.964547529402157,0.592909505880431
"1291","Mara035221.t01","core",500,12,1,2844,0,1,0.964547529402157,0.592909505880431
"404","Mara006741.t01","core",500,12,1,2842,0,1,0.964462243806268,0.592892448761254
"158","Mara013902.t01","core",500,12,1,2841,0,1,0.964419578506846,0.592883915701369
"989","Mara043825.t01","core",500,12,1,2841,0,1,0.964419578506846,0.592883915701369
"461","Mara007275.t01","core",500,12,1,2834,0,1,0.964120500396318,0.592824100079264
"1643","evm.model.Chr06.2681","core",500,12,1,2834,0,1,0.964120500396318,0.592824100079264
"761","Mara040878.t01","core",500,12,1,2830,0,1,0.963949266887664,0.592789853377533
"1650","Mara037326.t01","core",500,12,1,2830,0,1,0.963949266887664,0.592789853377533
"9","Mara000078.t01","core",500,12,1,2827,0,1,0.963820682907756,0.592764136581551
"456","Mara021528.t01","core",500,12,1,2827,0,1,0.963820682907756,0.592764136581551
"6081","LOC_00045496-mRNA-1","dispensable",32,10,1,180,0.166666666666667,1,0.63045351004721,0.592757368676109
"1047","Msa025012.t01","core",500,12,1,2826,0,1,0.963777791267218,0.592755558253444
"1087","Mpoly013789.t01","core",500,12,1,2826,0,1,0.963777791267218,0.592755558253444
"1350","Mru030641.t01","core",500,12,1,2823,0,1,0.963649025253681,0.592729805050736
"1944","Mara026705.t01","core",500,12,1,2823,0,1,0.963649025253681,0.592729805050736
"578","Mara021009.t01","core",500,12,1,2822,0,1,0.963606072849352,0.59272121456987
"1076","LOC_00002626-mRNA-1","core",500,12,1,2822,0,1,0.963606072849352,0.59272121456987
"1112","Mara027209.t01","core",500,12,1,2821,0,1,0.963563105227164,0.592712621045433
"620","Mara023158.t01","core",500,12,1,2815,0,1,0.963304979314132,0.592660995862827
"2268","evm.model.Chr03.3503.3.6a735504","core",500,12,1,2814,0,1,0.963261904864254,0.592652380972851
"467","Mara015872.t01","core",500,12,1,2808,0,1,0.963003136389786,0.592600627277957
"1479","Mara015367.t01","core",500,12,1,2808,0,1,0.963003136389786,0.592600627277957
"1184","Mara020396.t01","core",500,12,1,2807,0,1,0.962959954579696,0.592591990915939
"905","Mru013866.t02","core",500,12,1,2806,0,1,0.962916757388729,0.592583351477746
"1179","Mara002817.t01","core",500,12,1,2804,0,1,0.962830316820311,0.592566063364062
"1312","Mara037689.t01","core",500,12,1,2804,0,1,0.962830316820311,0.592566063364062
"1818","evm.model.Chr06.3490","core",500,12,1,2802,0,1,0.962743814596704,0.592548762919341
"1145","Mara016909.t01","core",500,12,1,2801,0,1,0.962700540336706,0.592540108067341
"1397","Mara043177.t01","core",500,12,1,2800,0,1,0.962657250629891,0.592531450125978
"258","Mara002366.t01","core",500,12,1,2799,0,1,0.962613945465226,0.592522789093045
"405","Mca006588.t01","core",500,12,1,2799,0,1,0.962613945465226,0.592522789093045
"1348","Msa071662.t01","core",500,12,1,2799,0,1,0.962613945465226,0.592522789093045
"1059","zm4.54G0035130.t1","core",500,12,1,2794,0,1,0.962397187387226,0.592479437477445
"183","Mara020204.t01","core",500,12,1,2793,0,1,0.962353789243139,0.592470757848628
"1094","Mara018664.t01","core",500,12,1,2792,0,1,0.962310375563651,0.59246207511273
"1358","Mara025245.t01","core",500,12,1,2792,0,1,0.962310375563651,0.59246207511273
"1511","Mara021716.t01","core",500,12,1,2791,0,1,0.962266946337634,0.592453389267527
"420","Mpoly005300.t01","core",500,12,1,2790,0,1,0.96222350155395,0.59244470031079
"921","Mara014879.t01","core",500,12,1,2789,0,1,0.962180041201449,0.59243600824029
"1234","Mara025257.t01","core",500,12,1,2788,0,1,0.962136565268968,0.592427313053794
"1881","Mara012938.t01","core",500,12,1,2780,0,1,0.961788195586388,0.592357639117278
"810","LOC_00042376-mRNA-1","core",500,12,1,2778,0,1,0.96170094658093,0.592340189316186
"191","Mara003480.t01","core",500,12,1,2774,0,1,0.96152626003671,0.592305252007342
"1579","Mara038011.t01","core",500,12,1,2773,0,1,0.961482549056833,0.592296509811367
"388","Mara039112.t01","core",500,12,1,2772,0,1,0.961438822316732,0.592287764463347
"1474","LOC_00031610-mRNA-2","core",500,12,1,2767,0,1,0.961219951814525,0.592243990362905
"636","Mara016381.t01","core",500,12,1,2766,0,1,0.961176130273902,0.59223522605478
"1342","Mara036839.t01","core",500,12,1,2762,0,1,0.961000685596134,0.592200137119227
"1553","Mara023260.t01","core",500,12,1,2762,0,1,0.961000685596134,0.592200137119227
"4375","zm4.44G0042290.t1","soft_core",108,11,1,698,0.0833333333333334,1,0.794316179309072,0.592196569195148
"538","Mara010125.t01","core",500,12,1,2759,0,1,0.960868935325321,0.592173787065064
"2035","zm4.64G0020710.t1","core",500,12,1,2759,0,1,0.960868935325321,0.592173787065064
"324","Mara025205.t01","core",500,12,1,2758,0,1,0.960824986742721,0.592164997348544
"752","Mru011931.t01","core",500,12,1,2756,0,1,0.960737041769791,0.592147408353958
"1366","LOC_00037489-mRNA-1","core",500,12,1,2751,0,1,0.960516899918899,0.59210337998378
"150","Mara011112.t01","core",500,12,1,2747,0,1,0.960340498269825,0.592068099653965
"777","evm.model.Chr02.3932","core",500,12,1,2747,0,1,0.960340498269825,0.592068099653965
"949","Mara010256.t01","core",500,12,1,2745,0,1,0.960252201132793,0.592050440226559
"1029","Msa046844.t01","core",500,12,1,2742,0,1,0.960119634773421,0.592023926954684
"884","Mara019529.t01","core",500,12,1,2740,0,1,0.960031176627737,0.592006235325548
"991","Mca042063.t01","core",500,12,1,2731,0,1,0.959632314579478,0.591926462915896
"560","evm.model.Chr05.937","core",500,12,1,2726,0,1,0.959410156407158,0.591882031281432
"1272","Mara021328.t01","core",500,12,1,2726,0,1,0.959410156407158,0.591882031281432
"1802","Mara002062.t01","core",500,12,1,2725,0,1,0.959365675895984,0.591873135179197
"1472","Mara040404.t01","core",500,12,1,2719,0,1,0.959098449686455,0.591819689937291
"759","Msa026334.t01","core",500,12,1,2718,0,1,0.959053854682329,0.591810770936466
"1012","Mara022821.t01","core",500,12,1,2718,0,1,0.959053854682329,0.591810770936466
"17","Mca000652.t01","core",500,12,1,2717,0,1,0.959009243273933,0.591801848654787
"1068","Msa021605.t01","core",500,12,1,2717,0,1,0.959009243273933,0.591801848654787
"852","Mara041748.t01","core",500,12,1,2716,0,1,0.958964615449195,0.591792923089839
"951","Mara015619.t01","core",500,12,1,2711,0,1,0.958741229656885,0.591748245931377
"1010","Mara006899.t01","core",500,12,1,2709,0,1,0.958651760001513,0.591730352000303
"912","Mara014567.t01","core",500,12,1,2707,0,1,0.958562224292495,0.591712444858499
"904","Mara038212.t01","core",500,12,1,2702,0,1,0.958338095394188,0.591667619078838
"500","LOC_00014961-mRNA-1","core",500,12,1,2701,0,1,0.95829321986644,0.591658643973288
"806","LOC_00001790-mRNA-1","core",500,12,1,2700,0,1,0.958248327727354,0.591649665545471
"968","Mara016127.t01","core",500,12,1,2698,0,1,0.958158493565946,0.591631698713189
"1524","LOC_00036155-mRNA-1","core",500,12,1,2697,0,1,0.958113551518977,0.591622710303795
"4","LOC_00048911-mRNA-1","core",500,12,1,2694,0,1,0.957978625364853,0.591595725072971
"2463","Msa114145.t01","core",500,12,1,2694,0,1,0.957978625364853,0.591595725072971
"2036","Mara034562.t01","core",500,12,1,2690,0,1,0.957798489999605,0.591559697999921
"988","Mara037460.t01","core",500,12,1,2689,0,1,0.957753414320827,0.591550682864165
"1481","Mca025700.t01","core",500,12,1,2688,0,1,0.957708321882175,0.591541664376435
"1005","Mca025424.t01","core",500,12,1,2687,0,1,0.957663212671183,0.591532642534237
"482","LOC_00005218-mRNA-2","core",500,12,1,2684,0,1,0.957527784279269,0.591505556855854
"170","evm.model.Chr06.589","core",500,12,1,2682,0,1,0.957437414593749,0.59148748291875
"657","Mara012731.t01","core",500,12,1,2682,0,1,0.957437414593749,0.59148748291875
"1785","Mpoly002023.t01","core",500,12,1,2680,0,1,0.95734697751845,0.59146939550369
"1303","Mara025096.t01","core",500,12,1,2674,0,1,0.957075260946932,0.591415052189386
"1092","Mara010579.t01","core",500,12,1,2668,0,1,0.9568029342329,0.59136058684658
"1611","Mara023977.t01","core",500,12,1,2666,0,1,0.95671202260019,0.591342404520038
"469","Mara032713.t01","core",500,12,1,2665,0,1,0.956666541214936,0.591333308242987
"696","Mara010922.t01","core",500,12,1,2663,0,1,0.956575527242667,0.591315105448533
"1819","Mara035020.t01","core",500,12,1,2662,0,1,0.956529994630022,0.591305998926004
"253","Mca003663.t01","core",500,12,1,2655,0,1,0.956210786780202,0.59124215735604
"1466","Mca009987.t01","core",500,12,1,2655,0,1,0.956210786780202,0.59124215735604
"295","Mara008491.t01","core",500,12,1,2647,0,1,0.955844946043181,0.591168989208636
"1011","Mara000521.t01","core",500,12,1,2645,0,1,0.955753313162089,0.591150662632418
"956","Mru018676.t01","core",500,12,1,2644,0,1,0.95570747074523,0.591141494149046
"86","Mara002214.t01","core",500,12,1,2635,0,1,0.955294107341366,0.591058821468273
"666","LOC_00037994-mRNA-3","core",500,12,1,2635,0,1,0.955294107341366,0.591058821468273
"1749","Mara042775.t01","core",500,12,1,2635,0,1,0.955294107341366,0.591058821468273
"633","Mara010585.t01","core",500,12,1,2625,0,1,0.95483315615035,0.59096663123007
"938","Mara025111.t01","core",500,12,1,2623,0,1,0.954740755298371,0.590948151059674
"406","Mara038709.t01","core",500,12,1,2611,0,1,0.954184866873513,0.590836973374703
"574","evm.model.Chr04.3026","core",500,12,1,2610,0,1,0.954138427618741,0.590827685523748
"475","evm.model.Chr02.3450","core",500,12,1,2607,0,1,0.953999003063408,0.590799800612682
"715","Mara025681.t01","core",500,12,1,2594,0,1,0.953392970873742,0.590678594174748
"935","Mara024224.t01","core",500,12,1,2592,0,1,0.953299465770917,0.590659893154183
"2504","evm.model.Chr03.136","dispensable",29,10,1,165,0.166666666666667,1,0.619962005384293,0.590659067743525
"1109","Mara017065.t01","core",500,12,1,2588,0,1,0.953112239006821,0.590622447801364
"124","Mara033963.t01","core",500,12,1,2587,0,1,0.953065387118134,0.590613077423627
"2072","Mara039818.t01","core",500,12,1,2587,0,1,0.953065387118134,0.590613077423627
"2088","Mru047450.t01","core",500,12,1,2577,0,1,0.952595870030124,0.590519174006025
"857","Mara030135.t01","core",500,12,1,2567,0,1,0.952124528152889,0.590424905630578
"1996","Mara028807.t01","core",500,12,1,2566,0,1,0.952077293054976,0.590415458610995
"1644","Mca031409.t01","core",500,12,1,2563,0,1,0.95193547727695,0.59038709545539
"1898","Mara036841.t01","core",500,12,1,2559,0,1,0.951746131239493,0.590349226247899
"1045","Msa019898.t01","core",426,12,1,2556,0,1,0.951603927456513,0.590320785491303
"1520","Mara040027.t01","core",500,12,1,2553,0,1,0.95146155673499,0.590292311346998
"809","Mara030246.t01","core",500,12,1,2546,0,1,0.951128706972439,0.590225741394488
"1544","Mara027777.t01","core",500,12,1,2514,0,1,0.949595365489641,0.589919073097928
"3876","Mara038357.t01","dispensable",33,10,1,160,0.166666666666667,1,0.616252966695184,0.589917260005703
"5311","LOC_00043896-mRNA-1","dispensable",25,10,1,160,0.166666666666667,1,0.616252966695184,0.589917260005703
"1766","Mara029932.t01","core",500,12,1,2510,0,1,0.949402327466623,0.589880465493325
"630","Mara015128.t01","core",500,12,1,2507,0,1,0.949257347040084,0.589851469408017
"1824","Mara030041.t01","core",500,12,1,2481,0,1,0.947993536436315,0.589598707287263
"1676","Msa048524.t01","core",500,12,1,2466,0,1,0.947258378927381,0.589451675785476
"1784","Mara025512.t01","core",500,12,1,2446,0,1,0.946271184934655,0.589254236986931
"1990","Mara038014.t01","core",500,12,1,2436,0,1,0.945774558063932,0.589154911612786
"1935","Mara038275.t01","core",500,12,1,2430,0,1,0.945475602828677,0.589095120565735
"1715","Mara031781.t01","core",500,12,1,2401,0,1,0.944020171639291,0.588804034327858
"3485","Mara035396.t01","dispensable",23,10,1,152,0.166666666666667,1,0.610071954555721,0.588681057577811
"4625","Mara038683.t01","dispensable",27,10,1,151,0.166666666666667,1,0.60927669851032,0.588522006368731
"3108","LOC_00041499-mRNA-1","dispensable",30,10,1,150,0.166666666666667,1,0.608476193212106,0.588361905309088
"3513","Mara015227.t01","dispensable",53,10,1,145,0.166666666666667,1,0.604392436593445,0.587545153985356
"3137","Mara040019.t01","dispensable",32,10,1,142,0.166666666666667,1,0.601874502985806,0.587041567263828
"1360","Mara016465.t01","core",500,12,1,2203,0,1,0.933587050575375,0.586717410115075
"2139","Mara044685.t01","dispensable",29,10,1,135,0.166666666666667,1,0.595787685889802,0.585824203844627
"3914","Mca045106.t01","dispensable",28,10,1,130,0.166666666666667,1,0.591244978327229,0.584915662332113
"930","Mara015121.t01","core",500,12,1,1898,0,1,0.915523403022781,0.583104680604556
"3125","Mca046660.t01","soft_core",69,11,1,470,0.0833333333333334,1,0.746437261746454,0.582620785682624
"3184","evm.model.Chr08.1672.3.6a73532a","soft_core",89,11,1,469,0.0833333333333334,1,0.746179501580652,0.582569233649464
"2939","evm.model.Chr08.3326","soft_core",91,11,1,458,0.0833333333333334,1,0.743307381912145,0.581994809715762
"3279","Mara045721.t01","soft_core",72,11,1,435,0.0833333333333334,1,0.737072823565236,0.580747898046381
"2183","Mca013724.t01","core",258,12,1,1581,0,1,0.893373829474424,0.578674765894885
"4735","Mara045212.t01","dispensable",26,10,1,93,0.166666666666667,1,0.550993128481952,0.576865292363057
"2952","Mca029073.t02","dispensable",24,10,1,88,0.166666666666667,1,0.544364368701798,0.575539540407026
"3538","Mpoly027008.t01","core",193,12,1,1317,0,1,0.871231911992389,0.574246382398478
"3143","LOC_00052255-mRNA-1","soft_core",78,11,1,329,0.0833333333333334,1,0.703291412326418,0.573991615798617
"4152","Mara001001.t01","dispensable",14,10,1,78,0.166666666666667,1,0.529909648690384,0.572648596404744
"5971","Mara035151.t01","dispensable",13,10,1,75,0.166666666666667,1,0.525214503161343,0.571709567298935
"4601","Mca017247.t01","soft_core",55,11,1,297,0.0833333333333334,1,0.690921349773253,0.571517603287984
"6341","Mara045608.t01","dispensable",12,10,1,73,0.166666666666667,1,0.521980281831864,0.571062723033039
"4766","Mru055708.t01","dispensable",11,10,1,70,0.166666666666667,1,0.516961243706611,0.570058915407989
"2167","Mara043528.t01","core",188,12,1,1036,0,1,0.842151900476554,0.568430380095311
"2096","Mara043302.t01","soft_core",70,11,1,255,0.0833333333333334,1,0.672497562791816,0.567832845891697
"3185","LOC_00053260-mRNA-1","soft_core",57,11,1,255,0.0833333333333334,1,0.672497562791816,0.567832845891697
"4443","Mara038754.t01","soft_core",55,11,1,246,0.0833333333333334,1,0.668157198926879,0.566964773118709
"2089","Mara043080.t01","soft_core",39,11,1,241,0.0833333333333334,1,0.665677028393609,0.566468739012055
"4751","Mru055276.t01","soft_core",44,11,1,235,0.0833333333333334,1,0.662632279881711,0.565859789309676
"5642","Mca028701.t02","soft_core",37,11,1,226,0.0833333333333334,1,0.657916847846889,0.564916702902711
"2126","Mara044193.t01","soft_core",40,11,1,215,0.0833333333333334,1,0.651892868116206,0.563711906956575
"4697","Msa068184.t01","soft_core",33,11,1,200,0.0833333333333334,1,0.643164201889004,0.561966173711134
"4717","Msa152289.t01","soft_core",47,11,1,188,0.0833333333333334,1,0.635698699941193,0.560473073321572
"4607","Mara038086.t01","soft_core",29,11,1,180,0.0833333333333334,1,0.63045351004721,0.559424035342775
"4746","Mara045462.t01","soft_core",26,11,1,175,0.0833333333333334,1,0.627056197918224,0.558744572916978
"4560","Mca052101.t01","core",117,12,1,674,0,1,0.790079028266674,0.558015805653335
"5016","Mara045563.t01","soft_core",24,11,1,145,0.0833333333333334,1,0.604392436593445,0.554211820652022
"3247","evm.model.Chr08.3806","soft_core",25,11,1,135,0.0833333333333334,1,0.595787685889802,0.552490870511294
"1851","Mru055108.t01","core",106,12,1,530,0,1,0.760978743896607,0.552195748779321
"4627","Mru046517.t01","soft_core",24,11,1,125,0.0833333333333334,1,0.586525467933745,0.550638426920082
"3169","Mara045011.t01","core",81,12,1,478,0,1,0.748479855080485,0.549695971016097
"3208","evm.model.Chr08.2731","soft_core",17,11,1,105,0.0833333333333334,1,0.56556376354387,0.546446086042107
"3228","Msa152499.t01","soft_core",28,11,1,104,0.0833333333333334,1,0.564414218327043,0.546216176998742
"4745","LOC_00053066-mRNA-1","soft_core",26,11,1,104,0.0833333333333334,1,0.564414218327043,0.546216176998742
"4306","Mca009880.t01","core",58,12,1,410,0,1,0.729911586907559,0.545982317381512
"4759","Mru055560.t01","soft_core",17,11,1,100,0.0833333333333334,1,0.559703874337883,0.54527410820091
"3204","Msa049753.t01","core",69,12,1,393,0,1,0.724788604356145,0.544957720871229
"3677","Mca028939.t01","soft_core",15,11,1,90,0.0833333333333334,1,0.547059504335408,0.542745234200415
"2114","Mara043950.t01","core",41,12,1,300,0,1,0.692136145696955,0.538427229139391
"2127","Mara044233.t01","soft_core",12,11,1,75,0.0833333333333334,1,0.525214503161343,0.538376233965602
"2520","evm.model.Chr03.550","core",45,12,1,295,0,1,0.690104672529818,0.538020934505964
"4727","Msa094771.t01","core",43,12,1,295,0,1,0.690104672529818,0.538020934505964
"3510","LOC_00050585-mRNA-1","core",88,12,1,265,0,1,0.677144725684284,0.535428945136857
"4719","Mru002711.t01","core",36,12,1,255,0,1,0.672497562791816,0.534499512558363
"1940","Mara044873.t01","core",41,12,1,239,0,1,0.664670581851032,0.532934116370206
"3259","Mara030019.t01","core",35,12,1,175,0,1,0.627056197918224,0.525411239583645
"2115","Mara043960.t01","core",27,12,1,160,0,1,0.616252966695184,0.523250593339037
"3286","evm.model.Chr08.4837.2.6a735692","core",29,12,1,147,0,1,0.606042477180841,0.521208495436168
"10788","evm.model.Chr05.1249","dispensable",209,2,0,1462,0.833333333333333,0,0.883889946857624,0.510111322704858
"14799","Mtrun023737.t01","private",57,1,0,241,0.916666666666667,0,0.665677028393609,0.499802072345389
"10776","LOC_00021370-mRNA-1","private",19,1,0,160,0.916666666666667,0,0.616252966695184,0.489917260005703
"17804","Mtrun002124.t01","private",17,1,0,85,0.916666666666667,0,0.540205923174014,0.474707851301469
"11864","LOC_00033893-mRNA-1","private",10,1,0,80,0.916666666666667,0,0.5329417094257,0.473255008551807
"11363","LOC_00020925-mRNA-1","dispensable",39,2,0,287,0.833333333333333,0,0.686781831457735,0.47068969962488
"828","Mara002780.t01","private",14,1,0,70,0.916666666666667,0,0.516961243706611,0.470058915407989
"1771","Mara033459.t01","private",22,1,0,59,0.916666666666667,0,0.496546191153078,0.465975904897282
"8660","Msa007500.t01","private",12,1,0,56,0.916666666666667,0,0.490325539819814,0.464731774630629
"10886","LOC_00022952-mRNA-1","private",6,1,0,55,0.916666666666667,0,0.488179003918849,0.464302467450437
"14607","Mtrun011718.t01","private",12,1,0,55,0.916666666666667,0,0.488179003918849,0.464302467450437
"19276","Mru035055.t01","private",6,1,0,55,0.916666666666667,0,0.488179003918849,0.464302467450437
"10647","zm4.84G0013420.t1","dispensable",45,2,0,213,0.833333333333333,0,0.65076471009851,0.463486275353035
"6775","Msa002856.t01","private",5,1,0,50,0.916666666666667,0,0.476836527199296,0.462033972106526
"11462","LOC_00016956-mRNA-1","private",5,1,0,50,0.916666666666667,0,0.476836527199296,0.462033972106526
"11526","LOC_00017695-mRNA-1","private",6,1,0,50,0.916666666666667,0,0.476836527199296,0.462033972106526
"12933","LOC_00009460-mRNA-1","private",5,1,0,50,0.916666666666667,0,0.476836527199296,0.462033972106526
"9506","Msa035367.t01","private",5,1,0,48,0.916666666666667,0,0.471984835743837,0.461063633815434
"11866","LOC_00033926-mRNA-1","private",5,1,0,45,0.916666666666667,0,0.464322744172242,0.459531215501115
"12959","LOC_00009988-mRNA-1","private",5,1,0,45,0.916666666666667,0,0.464322744172242,0.459531215501115
"4368","Mru021800.t02","private",7,1,0,40,0.916666666666667,0,0.450367583204509,0.456740183307568
"4726","Mru054353.t02","private",7,1,0,40,0.916666666666667,0,0.450367583204509,0.456740183307568
"10914","LOC_00023226-mRNA-1","private",4,1,0,40,0.916666666666667,0,0.450367583204509,0.456740183307568
"11470","LOC_00017078-mRNA-1","private",4,1,0,40,0.916666666666667,0,0.450367583204509,0.456740183307568
"13235","LOC_00027553-mRNA-3","private",4,1,0,40,0.916666666666667,0,0.450367583204509,0.456740183307568
"16868","Mtrun007792.t01","private",8,1,0,40,0.916666666666667,0,0.450367583204509,0.456740183307568
"18621","Mru024184.t01","private",4,1,0,40,0.916666666666667,0,0.450367583204509,0.456740183307568
"22571","Msa032079.t01","private",4,1,0,40,0.916666666666667,0,0.450367583204509,0.456740183307568
"9330","Msa027567.t02","private",4,1,0,36,0.916666666666667,0,0.437918086482887,0.454250283963244
"389","Mara006234.t01","private",7,1,0,35,0.916666666666667,0,0.434595245410804,0.453585715748828
"1748","Mara032897.t01","private",7,1,0,35,0.916666666666667,0,0.434595245410804,0.453585715748828
"4144","Mpoly039669.t01","private",7,1,0,35,0.916666666666667,0,0.434595245410804,0.453585715748828
"4145","Mpoly039707.t01","private",7,1,0,35,0.916666666666667,0,0.434595245410804,0.453585715748828
"5068","Mca002261.t01","private",4,1,0,35,0.916666666666667,0,0.434595245410804,0.453585715748828
"10917","LOC_00023261-mRNA-1","private",5,1,0,35,0.916666666666667,0,0.434595245410804,0.453585715748828
"11902","LOC_00034385-mRNA-1","private",4,1,0,35,0.916666666666667,0,0.434595245410804,0.453585715748828
"12641","LOC_00005334-mRNA-1","private",5,1,0,35,0.916666666666667,0,0.434595245410804,0.453585715748828
"14719","Mtrun017124.t01","private",7,1,0,35,0.916666666666667,0,0.434595245410804,0.453585715748828
"15063","Mara008978.t01","private",7,1,0,35,0.916666666666667,0,0.434595245410804,0.453585715748828
"10481","zm4.64G0013310.t1","dispensable",51,2,0,129,0.833333333333333,0,0.590315654911166,0.451396464315567
"208","Mara002888.t01","private",6,1,0,30,0.916666666666667,0,0.416460618040923,0.449958790274851
"3294","Mpoly000347.t01","private",7,1,0,30,0.916666666666667,0,0.416460618040923,0.449958790274851
"4175","Mru002392.t02","private",10,1,0,30,0.916666666666667,0,0.416460618040923,0.449958790274851
"4498","Mru021981.t01","private",4,1,0,30,0.916666666666667,0,0.416460618040923,0.449958790274851
"4534","Mru037790.t02","private",9,1,0,30,0.916666666666667,0,0.416460618040923,0.449958790274851
"4574","Mru042027.t01","private",4,1,0,30,0.916666666666667,0,0.416460618040923,0.449958790274851
"4577","Mru042143.t02","private",3,1,0,30,0.916666666666667,0,0.416460618040923,0.449958790274851
"4675","Mru049971.t03","private",6,1,0,30,0.916666666666667,0,0.416460618040923,0.449958790274851
"5968","Mca044442.t03","private",5,1,0,30,0.916666666666667,0,0.416460618040923,0.449958790274851
"6414","Mca008893.t02","private",8,1,0,30,0.916666666666667,0,0.416460618040923,0.449958790274851
"6451","Mca028510.t02","private",5,1,0,30,0.916666666666667,0,0.416460618040923,0.449958790274851
"8764","Msa011117.t01","private",3,1,0,30,0.916666666666667,0,0.416460618040923,0.449958790274851
"8866","Msa013839.t01","private",3,1,0,30,0.916666666666667,0,0.416460618040923,0.449958790274851
"9114","Msa021232.t01","private",4,1,0,30,0.916666666666667,0,0.416460618040923,0.449958790274851
"9276","Msa029190.t03","private",4,1,0,30,0.916666666666667,0,0.416460618040923,0.449958790274851
"9481","Msa034687.t01","private",3,1,0,30,0.916666666666667,0,0.416460618040923,0.449958790274851
"9552","Msa036416.t01","private",3,1,0,30,0.916666666666667,0,0.416460618040923,0.449958790274851
"9619","Msa038114.t01","private",8,1,0,30,0.916666666666667,0,0.416460618040923,0.449958790274851
"9749","Msa041861.t01","private",3,1,0,30,0.916666666666667,0,0.416460618040923,0.449958790274851
"10375","zm4.74G0051050.t1","private",6,1,0,30,0.916666666666667,0,0.416460618040923,0.449958790274851
"11343","LOC_00015201-mRNA-1","private",3,1,0,30,0.916666666666667,0,0.416460618040923,0.449958790274851
"11489","LOC_00017264-mRNA-1","private",3,1,0,30,0.916666666666667,0,0.416460618040923,0.449958790274851
"11512","LOC_00017545-mRNA-1","private",3,1,0,30,0.916666666666667,0,0.416460618040923,0.449958790274851
"11865","LOC_00033919-mRNA-1","private",3,1,0,30,0.916666666666667,0,0.416460618040923,0.449958790274851
"11868","LOC_00033964-mRNA-1","private",3,1,0,30,0.916666666666667,0,0.416460618040923,0.449958790274851
"12936","LOC_00009588-mRNA-1","private",3,1,0,30,0.916666666666667,0,0.416460618040923,0.449958790274851
"12988","LOC_00010387-mRNA-1","private",3,1,0,30,0.916666666666667,0,0.416460618040923,0.449958790274851
"13050","LOC_00011038-mRNA-1","private",3,1,0,30,0.916666666666667,0,0.416460618040923,0.449958790274851
"13385","LOC_00030111-mRNA-1","private",3,1,0,30,0.916666666666667,0,0.416460618040923,0.449958790274851
"15328","Mara020011.t01","private",6,1,0,30,0.916666666666667,0,0.416460618040923,0.449958790274851
"16406","Mca010895.t01","private",3,1,0,30,0.916666666666667,0,0.416460618040923,0.449958790274851
"16923","Mru037378.t01","private",3,1,0,30,0.916666666666667,0,0.416460618040923,0.449958790274851
"17717","LOC_00035112-mRNA-1","private",3,1,0,30,0.916666666666667,0,0.416460618040923,0.449958790274851
"18657","Mru020979.t01","private",3,1,0,30,0.916666666666667,0,0.416460618040923,0.449958790274851
"18675","Mru039925.t01","private",3,1,0,30,0.916666666666667,0,0.416460618040923,0.449958790274851
"18712","Mru055145.t01","private",3,1,0,30,0.916666666666667,0,0.416460618040923,0.449958790274851
"18727","Mru050237.t01","private",3,1,0,30,0.916666666666667,0,0.416460618040923,0.449958790274851
"18808","Mru008329.t01","private",3,1,0,30,0.916666666666667,0,0.416460618040923,0.449958790274851
"19392","Mru036726.t01","private",3,1,0,30,0.916666666666667,0,0.416460618040923,0.449958790274851
"19777","Mru002471.t02","private",3,1,0,30,0.916666666666667,0,0.416460618040923,0.449958790274851
"19935","Mru041033.t01","private",3,1,0,30,0.916666666666667,0,0.416460618040923,0.449958790274851
"19969","Mru055635.t01","private",4,1,0,30,0.916666666666667,0,0.416460618040923,0.449958790274851
"20493","Mru011116.t01","private",3,1,0,30,0.916666666666667,0,0.416460618040923,0.449958790274851
"21376","Mca005850.t01","private",5,1,0,30,0.916666666666667,0,0.416460618040923,0.449958790274851
"23936","Mca017109.t02","private",3,1,0,30,0.916666666666667,0,0.416460618040923,0.449958790274851
"25824","Msa001781.t02","private",4,1,0,30,0.916666666666667,0,0.416460618040923,0.449958790274851
"26834","Msa031130.t01","private",3,1,0,30,0.916666666666667,0,0.416460618040923,0.449958790274851
"7028","Msa048593.t01","private",3,1,0,29,0.916666666666667,0,0.412483995804101,0.449163465827487
"8910","Msa015391.t01","private",3,1,0,29,0.916666666666667,0,0.412483995804101,0.449163465827487
"10678","zm4.84G0053700.t1","private",14,1,0,29,0.916666666666667,0,0.412483995804101,0.449163465827487
"20570","Msa029836.t01","private",3,1,0,29,0.916666666666667,0,0.412483995804101,0.449163465827487
"21564","Msa010152.t01","private",3,1,0,28,0.916666666666667,0,0.408372547414032,0.448341176149473
"2786","evm.model.Chr04.4347","dispensable",22,2,0,110,0.833333333333333,0,0.571153513839312,0.447564036101196
"4323","Mru018367.t02","private",4,1,0,27,0.916666666666667,0,0.404116808569872,0.447490028380641
"8691","Msa008547.t03","private",5,1,0,27,0.916666666666667,0,0.404116808569872,0.447490028380641
"8810","Msa012190.t01","private",3,1,0,27,0.916666666666667,0,0.404116808569872,0.447490028380641
"19224","Mru017147.t01","private",3,1,0,27,0.916666666666667,0,0.404116808569872,0.447490028380641
"1478","Mara026244.t01","private",5,1,0,25,0.916666666666667,0,0.395129281812467,0.44569252302916
"1537","Mara027570.t01","private",5,1,0,25,0.916666666666667,0,0.395129281812467,0.44569252302916
"1705","Mara031621.t01","private",5,1,0,25,0.916666666666667,0,0.395129281812467,0.44569252302916
"2041","Mara041402.t01","private",5,1,0,25,0.916666666666667,0,0.395129281812467,0.44569252302916
"8835","Msa013015.t01","private",3,1,0,25,0.916666666666667,0,0.395129281812467,0.44569252302916
"9651","Msa038966.t01","private",3,1,0,25,0.916666666666667,0,0.395129281812467,0.44569252302916
"9780","Msa043314.t01","private",3,1,0,25,0.916666666666667,0,0.395129281812467,0.44569252302916
"10105","zm4.44G0007850.t1","private",5,1,0,25,0.916666666666667,0,0.395129281812467,0.44569252302916
"10406","zm4.24G0010160.t1","private",5,1,0,25,0.916666666666667,0,0.395129281812467,0.44569252302916
"10487","zm4.64G0018440.t1","private",5,1,0,25,0.916666666666667,0,0.395129281812467,0.44569252302916
"10840","LOC_00022318-mRNA-1","private",3,1,0,25,0.916666666666667,0,0.395129281812467,0.44569252302916
"11017","LOC_00024599-mRNA-1","private",3,1,0,25,0.916666666666667,0,0.395129281812467,0.44569252302916
"11224","LOC_00027312-mRNA-1","private",3,1,0,25,0.916666666666667,0,0.395129281812467,0.44569252302916
"11649","LOC_00019263-mRNA-1","private",3,1,0,25,0.916666666666667,0,0.395129281812467,0.44569252302916
"11702","LOC_00020110-mRNA-1","private",3,1,0,25,0.916666666666667,0,0.395129281812467,0.44569252302916
"11859","LOC_00033862-mRNA-1","private",4,1,0,25,0.916666666666667,0,0.395129281812467,0.44569252302916
"12043","LOC_00036409-mRNA-2","private",3,1,0,25,0.916666666666667,0,0.395129281812467,0.44569252302916
"12248","LOC_00000013-mRNA-1","private",3,1,0,25,0.916666666666667,0,0.395129281812467,0.44569252302916
"12877","LOC_00008687-mRNA-1","private",3,1,0,25,0.916666666666667,0,0.395129281812467,0.44569252302916
"15058","Mara001956.t01","private",5,1,0,25,0.916666666666667,0,0.395129281812467,0.44569252302916
"18561","Mpoly038329.t01","private",5,1,0,25,0.916666666666667,0,0.395129281812467,0.44569252302916
"18938","Mru036288.t01","private",3,1,0,25,0.916666666666667,0,0.395129281812467,0.44569252302916
"28961","Mtrun010956.t01","private",5,1,0,25,0.916666666666667,0,0.395129281812467,0.44569252302916
"6906","Msa026923.t02","private",3,1,0,23,0.916666666666667,0,0.385422013403356,0.443751069347338
"10156","zm4.44G0028930.t1","private",6,1,0,23,0.916666666666667,0,0.385422013403356,0.443751069347338
"4054","Mpoly037109.t01","private",5,1,0,21,0.916666666666667,0,0.374869611871293,0.441640589040925
"12405","LOC_00002167-mRNA-1","dispensable",18,2,0,85,0.833333333333333,0,0.540205923174014,0.441374517968136
"18730","Mru003920.t01","dispensable",13,2,0,85,0.833333333333333,0,0.540205923174014,0.441374517968136
"805","Mara012714.t01","private",4,1,0,20,0.916666666666667,0,0.369227845228343,0.440512235712335
"1065","Mara018068.t01","private",4,1,0,20,0.916666666666667,0,0.369227845228343,0.440512235712335
"1069","Mara018155.t01","private",4,1,0,20,0.916666666666667,0,0.369227845228343,0.440512235712335
"1288","Mara022530.t01","private",4,1,0,20,0.916666666666667,0,0.369227845228343,0.440512235712335
"1517","Mara026923.t01","private",4,1,0,20,0.916666666666667,0,0.369227845228343,0.440512235712335
"1535","Mara027543.t01","private",4,1,0,20,0.916666666666667,0,0.369227845228343,0.440512235712335
"1607","Mara029612.t01","private",4,1,0,20,0.916666666666667,0,0.369227845228343,0.440512235712335
"1747","Mara032892.t01","private",4,1,0,20,0.916666666666667,0,0.369227845228343,0.440512235712335
"3970","Mpoly035432.t01","private",4,1,0,20,0.916666666666667,0,0.369227845228343,0.440512235712335
"4098","Mpoly038239.t01","private",4,1,0,20,0.916666666666667,0,0.369227845228343,0.440512235712335
"4159","Mru000822.t02","private",4,1,0,20,0.916666666666667,0,0.369227845228343,0.440512235712335
"4182","Mru003073.t02","private",7,1,0,20,0.916666666666667,0,0.369227845228343,0.440512235712335
"4185","Mru003150.t03","private",4,1,0,20,0.916666666666667,0,0.369227845228343,0.440512235712335
"4190","Mru003858.t02","private",3,1,0,20,0.916666666666667,0,0.369227845228343,0.440512235712335
"4192","Mru004048.t03","private",9,1,0,20,0.916666666666667,0,0.369227845228343,0.440512235712335
"4193","Mru004165.t02","private",7,1,0,20,0.916666666666667,0,0.369227845228343,0.440512235712335
"4203","Mru005449.t03","private",4,1,0,20,0.916666666666667,0,0.369227845228343,0.440512235712335
"4213","Mru006179.t02","private",4,1,0,20,0.916666666666667,0,0.369227845228343,0.440512235712335
"4229","Mru008143.t02","private",4,1,0,20,0.916666666666667,0,0.369227845228343,0.440512235712335
"4232","Mru008265.t02","private",3,1,0,20,0.916666666666667,0,0.369227845228343,0.440512235712335
"4233","Mru008288.t04","private",4,1,0,20,0.916666666666667,0,0.369227845228343,0.440512235712335
"4238","Mru008533.t03","private",3,1,0,20,0.916666666666667,0,0.369227845228343,0.440512235712335
"4291","Mru014384.t02","private",3,1,0,20,0.916666666666667,0,0.369227845228343,0.440512235712335
"4353","Mru020771.t02","private",7,1,0,20,0.916666666666667,0,0.369227845228343,0.440512235712335
"4355","Mru020975.t02","private",4,1,0,20,0.916666666666667,0,0.369227845228343,0.440512235712335
"4356","Mru021069.t03","private",6,1,0,20,0.916666666666667,0,0.369227845228343,0.440512235712335
"4432","Mru028442.t01","private",3,1,0,20,0.916666666666667,0,0.369227845228343,0.440512235712335
"4441","Mru029068.t03","private",5,1,0,20,0.916666666666667,0,0.369227845228343,0.440512235712335
"4472","Mru031407.t03","private",3,1,0,20,0.916666666666667,0,0.369227845228343,0.440512235712335
"4475","Mru031921.t01","private",3,1,0,20,0.916666666666667,0,0.369227845228343,0.440512235712335
"4476","Mru032012.t02","private",3,1,0,20,0.916666666666667,0,0.369227845228343,0.440512235712335
"4481","Mru032300.t02","private",3,1,0,20,0.916666666666667,0,0.369227845228343,0.440512235712335
"4507","Mru035469.t02","private",4,1,0,20,0.916666666666667,0,0.369227845228343,0.440512235712335
"4525","Mru037112.t02","private",9,1,0,20,0.916666666666667,0,0.369227845228343,0.440512235712335
"4526","Mru037160.t02","private",4,1,0,20,0.916666666666667,0,0.369227845228343,0.440512235712335
"4536","Mru037914.t01","private",4,1,0,20,0.916666666666667,0,0.369227845228343,0.440512235712335
"4539","Mru038008.t02","private",6,1,0,20,0.916666666666667,0,0.369227845228343,0.440512235712335
"4541","Mru038488.t03","private",4,1,0,20,0.916666666666667,0,0.369227845228343,0.440512235712335
"4549","Mru038688.t02","private",5,1,0,20,0.916666666666667,0,0.369227845228343,0.440512235712335
"4557","Mru039615.t01","private",3,1,0,20,0.916666666666667,0,0.369227845228343,0.440512235712335
"4570","Mru041601.t01","private",3,1,0,20,0.916666666666667,0,0.369227845228343,0.440512235712335
"4618","Mru047294.t02","private",5,1,0,20,0.916666666666667,0,0.369227845228343,0.440512235712335
"4619","Mru046088.t03","private",7,1,0,20,0.916666666666667,0,0.369227845228343,0.440512235712335
"4640","Mru047395.t02","private",3,1,0,20,0.916666666666667,0,0.369227845228343,0.440512235712335
"4665","Mru049317.t01","private",3,1,0,20,0.916666666666667,0,0.369227845228343,0.440512235712335
"4679","Mru050263.t06","private",5,1,0,20,0.916666666666667,0,0.369227845228343,0.440512235712335
"4715","Mru053500.t05","private",3,1,0,20,0.916666666666667,0,0.369227845228343,0.440512235712335
"4718","Mru053734.t02","private",3,1,0,20,0.916666666666667,0,0.369227845228343,0.440512235712335
"4725","Mru054236.t02","private",3,1,0,20,0.916666666666667,0,0.369227845228343,0.440512235712335
"4790","Mru004149.t02","private",6,1,0,20,0.916666666666667,0,0.369227845228343,0.440512235712335
"4806","Mru008640.t04","private",3,1,0,20,0.916666666666667,0,0.369227845228343,0.440512235712335
"4865","Mru023152.t02","private",3,1,0,20,0.916666666666667,0,0.369227845228343,0.440512235712335
"4872","Mru023734.t02","private",5,1,0,20,0.916666666666667,0,0.369227845228343,0.440512235712335
"4897","Mru030191.t02","private",3,1,0,20,0.916666666666667,0,0.369227845228343,0.440512235712335
"4937","Mru041051.t02","private",3,1,0,20,0.916666666666667,0,0.369227845228343,0.440512235712335
"4938","Mru041135.t04","private",5,1,0,20,0.916666666666667,0,0.369227845228343,0.440512235712335
"4990","Mru050986.t02","private",4,1,0,20,0.916666666666667,0,0.369227845228343,0.440512235712335
"5008","Mru055426.t01","private",7,1,0,20,0.916666666666667,0,0.369227845228343,0.440512235712335
"5098","Mca003845.t03","private",8,1,0,20,0.916666666666667,0,0.369227845228343,0.440512235712335
"5138","Mca005578.t02","private",3,1,0,20,0.916666666666667,0,0.369227845228343,0.440512235712335
"5571","Mca025678.t02","private",6,1,0,20,0.916666666666667,0,0.369227845228343,0.440512235712335
"5579","evm.model.Chr04.3846","private",6,1,0,20,0.916666666666667,0,0.369227845228343,0.440512235712335
"5611","Mca027527.t04","private",3,1,0,20,0.916666666666667,0,0.369227845228343,0.440512235712335
"5629","Mca028235.t04","private",4,1,0,20,0.916666666666667,0,0.369227845228343,0.440512235712335
"5697","Mca030618.t01","private",3,1,0,20,0.916666666666667,0,0.369227845228343,0.440512235712335
"5839","Mca036456.t01","private",7,1,0,20,0.916666666666667,0,0.369227845228343,0.440512235712335
"6004","Mca042525.t02","private",7,1,0,20,0.916666666666667,0,0.369227845228343,0.440512235712335
"6088","Mca003779.t02","private",5,1,0,20,0.916666666666667,0,0.369227845228343,0.440512235712335
"6398","Mca005544.t02","private",4,1,0,20,0.916666666666667,0,0.369227845228343,0.440512235712335
"6423","Mca010150.t02","private",3,1,0,20,0.916666666666667,0,0.369227845228343,0.440512235712335
"6503","Mca020479.t02","private",7,1,0,20,0.916666666666667,0,0.369227845228343,0.440512235712335
"6604","Mca032370.t02","private",6,1,0,20,0.916666666666667,0,0.369227845228343,0.440512235712335
"6740","Msa000333.t01","private",3,1,0,20,0.916666666666667,0,0.369227845228343,0.440512235712335
"6759","Msa001652.t01","private",7,1,0,20,0.916666666666667,0,0.369227845228343,0.440512235712335
"6786","Msa003467.t02","private",6,1,0,20,0.916666666666667,0,0.369227845228343,0.440512235712335
"6841","evm.model.Chr04.3588","private",4,1,0,20,0.916666666666667,0,0.369227845228343,0.440512235712335
"6878","Msa024877.t02","private",3,1,0,20,0.916666666666667,0,0.369227845228343,0.440512235712335
"6908","Msa027069.t03","private",3,1,0,20,0.916666666666667,0,0.369227845228343,0.440512235712335
"6990","Msa045214.t01","private",4,1,0,20,0.916666666666667,0,0.369227845228343,0.440512235712335
"7000","Msa046112.t01","private",4,1,0,20,0.916666666666667,0,0.369227845228343,0.440512235712335
"8369","Msa150521.t01","private",9,1,0,20,0.916666666666667,0,0.369227845228343,0.440512235712335
"8398","Msa151518.t01","private",4,1,0,20,0.916666666666667,0,0.369227845228343,0.440512235712335
"8574","Msa003059.t02","private",8,1,0,20,0.916666666666667,0,0.369227845228343,0.440512235712335
"8603","Msa005771.t01","private",3,1,0,20,0.916666666666667,0,0.369227845228343,0.440512235712335
"8612","Msa005955.t01","private",5,1,0,20,0.916666666666667,0,0.369227845228343,0.440512235712335
"8615","Msa006058.t01","private",5,1,0,20,0.916666666666667,0,0.369227845228343,0.440512235712335
"8675","Msa008166.t01","private",4,1,0,20,0.916666666666667,0,0.369227845228343,0.440512235712335
"8679","Msa008247.t01","private",3,1,0,20,0.916666666666667,0,0.369227845228343,0.440512235712335
"8814","Msa012382.t03","private",6,1,0,20,0.916666666666667,0,0.369227845228343,0.440512235712335
"8862","Msa013532.t01","private",3,1,0,20,0.916666666666667,0,0.369227845228343,0.440512235712335
"8932","Msa016091.t02","private",4,1,0,20,0.916666666666667,0,0.369227845228343,0.440512235712335
"8998","Msa018172.t01","private",3,1,0,20,0.916666666666667,0,0.369227845228343,0.440512235712335
"9000","Msa018296.t02","private",4,1,0,20,0.916666666666667,0,0.369227845228343,0.440512235712335
"9109","Msa021117.t01","private",4,1,0,20,0.916666666666667,0,0.369227845228343,0.440512235712335
"9144","Msa021882.t01","private",3,1,0,20,0.916666666666667,0,0.369227845228343,0.440512235712335
"9158","Msa022576.t01","private",4,1,0,20,0.916666666666667,0,0.369227845228343,0.440512235712335
"9278","Msa004226.t02","private",5,1,0,20,0.916666666666667,0,0.369227845228343,0.440512235712335
"9301","Msa030008.t03","private",8,1,0,20,0.916666666666667,0,0.369227845228343,0.440512235712335
"9312","Msa030322.t06","private",3,1,0,20,0.916666666666667,0,0.369227845228343,0.440512235712335
"9314","Msa030417.t01","private",3,1,0,20,0.916666666666667,0,0.369227845228343,0.440512235712335
"9317","Msa030603.t01","private",3,1,0,20,0.916666666666667,0,0.369227845228343,0.440512235712335
"9415","Msa033045.t01","private",3,1,0,20,0.916666666666667,0,0.369227845228343,0.440512235712335
"9435","Msa033677.t01","private",3,1,0,20,0.916666666666667,0,0.369227845228343,0.440512235712335
"9624","Msa038313.t01","private",3,1,0,20,0.916666666666667,0,0.369227845228343,0.440512235712335
"9850","Msa049383.t01","private",7,1,0,20,0.916666666666667,0,0.369227845228343,0.440512235712335
"10094","zm4.44G0001850.t1","private",4,1,0,20,0.916666666666667,0,0.369227845228343,0.440512235712335
"10222","zm4.34G0011370.t1","private",4,1,0,20,0.916666666666667,0,0.369227845228343,0.440512235712335
"10231","zm4.34G0014970.t1","private",4,1,0,20,0.916666666666667,0,0.369227845228343,0.440512235712335
"10239","zm4.34G0018820.t1","private",4,1,0,20,0.916666666666667,0,0.369227845228343,0.440512235712335
"10247","zm4.34G0024000.t1","private",4,1,0,20,0.916666666666667,0,0.369227845228343,0.440512235712335
"10261","zm4.34G0033760.t1","private",6,1,0,20,0.916666666666667,0,0.369227845228343,0.440512235712335
"10297","zm4.34G0060230.t1","private",4,1,0,20,0.916666666666667,0,0.369227845228343,0.440512235712335
"10336","zm4.74G0021560.t1","private",4,1,0,20,0.916666666666667,0,0.369227845228343,0.440512235712335
"10513","zm4.64G0036560.t1","private",4,1,0,20,0.916666666666667,0,0.369227845228343,0.440512235712335
"10568","zm4.54G0043230.t1","private",4,1,0,20,0.916666666666667,0,0.369227845228343,0.440512235712335
"10930","LOC_00023395-mRNA-1","private",3,1,0,20,0.916666666666667,0,0.369227845228343,0.440512235712335
"11237","LOC_00013691-mRNA-1","private",3,1,0,20,0.916666666666667,0,0.369227845228343,0.440512235712335
"11723","LOC_00032135-mRNA-2","private",3,1,0,20,0.916666666666667,0,0.369227845228343,0.440512235712335
"14487","Mtrun004634.t01","private",4,1,0,20,0.916666666666667,0,0.369227845228343,0.440512235712335
"14571","Mtrun010297.t01","private",4,1,0,20,0.916666666666667,0,0.369227845228343,0.440512235712335
"15092","Msa049279.t01","private",3,1,0,20,0.916666666666667,0,0.369227845228343,0.440512235712335
"15384","Mara021855.t01","private",4,1,0,20,0.916666666666667,0,0.369227845228343,0.440512235712335
"15687","Mru012320.t02","private",3,1,0,20,0.916666666666667,0,0.369227845228343,0.440512235712335
"16420","evm.model.Chr02.4111","private",3,1,0,20,0.916666666666667,0,0.369227845228343,0.440512235712335
"16449","Mru014296.t02","private",4,1,0,20,0.916666666666667,0,0.369227845228343,0.440512235712335
"16450","evm.model.Chr02.4719","private",3,1,0,20,0.916666666666667,0,0.369227845228343,0.440512235712335
"16556","evm.model.Chr03.2357.1.6a735346","private",4,1,0,20,0.916666666666667,0,0.369227845228343,0.440512235712335
"16812","Msa026357.t01","private",3,1,0,20,0.916666666666667,0,0.369227845228343,0.440512235712335
"16829","evm.model.Chr05.215","private",3,1,0,20,0.916666666666667,0,0.369227845228343,0.440512235712335
"17002","Mca030717.t03","private",4,1,0,20,0.916666666666667,0,0.369227845228343,0.440512235712335
"17141","Msa012640.t04","private",4,1,0,20,0.916666666666667,0,0.369227845228343,0.440512235712335
"17329","Mpoly000122.t01","private",4,1,0,20,0.916666666666667,0,0.369227845228343,0.440512235712335
"17613","Mpoly020792.t01","private",4,1,0,20,0.916666666666667,0,0.369227845228343,0.440512235712335
"17767","Mca017429.t01","private",4,1,0,20,0.916666666666667,0,0.369227845228343,0.440512235712335
"17843","Mca023242.t02","private",3,1,0,20,0.916666666666667,0,0.369227845228343,0.440512235712335
"17972","Mru032614.t02","private",3,1,0,20,0.916666666666667,0,0.369227845228343,0.440512235712335
"18369","Msa048073.t01","private",3,1,0,20,0.916666666666667,0,0.369227845228343,0.440512235712335
"19058","Mru012906.t01","private",3,1,0,20,0.916666666666667,0,0.369227845228343,0.440512235712335
"19413","Mru041304.t01","private",4,1,0,20,0.916666666666667,0,0.369227845228343,0.440512235712335
"19527","Mru035310.t01","private",3,1,0,20,0.916666666666667,0,0.369227845228343,0.440512235712335
"19712","Msa030136.t02","private",3,1,0,20,0.916666666666667,0,0.369227845228343,0.440512235712335
"21085","Mca005567.t01","private",3,1,0,20,0.916666666666667,0,0.369227845228343,0.440512235712335
"21246","Mca003032.t01","private",3,1,0,20,0.916666666666667,0,0.369227845228343,0.440512235712335
"22054","Mca020017.t01","private",3,1,0,20,0.916666666666667,0,0.369227845228343,0.440512235712335
"23007","LOC_00034197-mRNA-1","private",3,1,0,20,0.916666666666667,0,0.369227845228343,0.440512235712335
"24681","Msa031393.t01","private",3,1,0,20,0.916666666666667,0,0.369227845228343,0.440512235712335
"24760","Msa016016.t01","private",3,1,0,20,0.916666666666667,0,0.369227845228343,0.440512235712335
"25116","Msa045582.t04","private",3,1,0,20,0.916666666666667,0,0.369227845228343,0.440512235712335
"26402","Msa017642.t01","private",3,1,0,20,0.916666666666667,0,0.369227845228343,0.440512235712335
"26406","Msa017692.t01","private",3,1,0,20,0.916666666666667,0,0.369227845228343,0.440512235712335
"26911","Msa033449.t01","private",3,1,0,20,0.916666666666667,0,0.369227845228343,0.440512235712335
"27572","zm4.11G0021290.t1","private",6,1,0,20,0.916666666666667,0,0.369227845228343,0.440512235712335
"28940","Mtrun001852.t01","private",4,1,0,20,0.916666666666667,0,0.369227845228343,0.440512235712335
"5891","Mca038591.t01","private",3,1,0,19,0.916666666666667,0,0.363310763796654,0.439328819425997
"6835","Msa014624.t02","private",3,1,0,19,0.916666666666667,0,0.363310763796654,0.439328819425997
"9903","Msa051022.t01","private",3,1,0,19,0.916666666666667,0,0.363310763796654,0.439328819425997
"10662","zm4.84G0033050.t1","private",4,1,0,19,0.916666666666667,0,0.363310763796654,0.439328819425997
"15084","Msa004364.t01","private",3,1,0,19,0.916666666666667,0,0.363310763796654,0.439328819425997
"18818","Msa001797.t01","private",4,1,0,19,0.916666666666667,0,0.363310763796654,0.439328819425997
"7007","Mca018212.t02","dispensable",14,2,0,78,0.833333333333333,0,0.529909648690384,0.43931526307141
"2429","Mara019755.t01","dispensable",145,3,0,306,0.75,0,0.694529830883284,0.438905966176657
"4709","Mru053066.t02","private",4,1,0,18,0.916666666666667,0,0.357090112463389,0.438084689159344
"8371","Msa150565.t01","private",4,1,0,17,0.916666666666667,0,0.350533050061827,0.436773276679032
"18722","Mru035894.t01","dispensable",7,2,0,70,0.833333333333333,0,0.516961243706611,0.436725582074656
"25135","Msa048006.t01","private",3,1,0,16,0.916666666666667,0,0.343601099842871,0.435386886635241
"17599","Msa026159.t02","dispensable",8,2,0,65,0.833333333333333,0,0.508105039227718,0.434954341178877
"20299","zm4.34G0028960.t1","dispensable",11,2,0,65,0.833333333333333,0,0.508105039227718,0.434954341178877
"87","Mara001422.t01","private",3,1,0,15,0.916666666666667,0,0.336248781395908,0.433916422945848
"171","Mara002382.t01","private",3,1,0,15,0.916666666666667,0,0.336248781395908,0.433916422945848
"250","Mara003673.t01","private",4,1,0,15,0.916666666666667,0,0.336248781395908,0.433916422945848
"267","Mara004038.t01","private",3,1,0,15,0.916666666666667,0,0.336248781395908,0.433916422945848
"454","Mara007136.t01","private",3,1,0,15,0.916666666666667,0,0.336248781395908,0.433916422945848
"531","Mara008251.t01","private",3,1,0,15,0.916666666666667,0,0.336248781395908,0.433916422945848
"544","Mara008430.t01","private",3,1,0,15,0.916666666666667,0,0.336248781395908,0.433916422945848
"632","Mara009610.t01","private",3,1,0,15,0.916666666666667,0,0.336248781395908,0.433916422945848
"646","Mara009974.t01","private",3,1,0,15,0.916666666666667,0,0.336248781395908,0.433916422945848
"834","Mara013292.t01","private",3,1,0,15,0.916666666666667,0,0.336248781395908,0.433916422945848
"888","Mara014247.t01","private",3,1,0,15,0.916666666666667,0,0.336248781395908,0.433916422945848
"1090","Mara018556.t01","private",3,1,0,15,0.916666666666667,0,0.336248781395908,0.433916422945848
"1150","Mara019834.t01","private",3,1,0,15,0.916666666666667,0,0.336248781395908,0.433916422945848
"1169","Mara020138.t01","private",3,1,0,15,0.916666666666667,0,0.336248781395908,0.433916422945848
"1192","Mara020530.t01","private",3,1,0,15,0.916666666666667,0,0.336248781395908,0.433916422945848
"1293","Mara022662.t01","private",5,1,0,15,0.916666666666667,0,0.336248781395908,0.433916422945848
"1437","Mara025360.t01","private",3,1,0,15,0.916666666666667,0,0.336248781395908,0.433916422945848
"1491","Mara026519.t01","private",4,1,0,15,0.916666666666667,0,0.336248781395908,0.433916422945848
"1534","Mara027542.t01","private",3,1,0,15,0.916666666666667,0,0.336248781395908,0.433916422945848
"1614","Mara029752.t01","private",3,1,0,15,0.916666666666667,0,0.336248781395908,0.433916422945848
"1662","Mara030704.t01","private",3,1,0,15,0.916666666666667,0,0.336248781395908,0.433916422945848
"1695","Mara031362.t01","private",3,1,0,15,0.916666666666667,0,0.336248781395908,0.433916422945848
"1725","Mara032144.t01","private",3,1,0,15,0.916666666666667,0,0.336248781395908,0.433916422945848
"1752","Mara032960.t01","private",3,1,0,15,0.916666666666667,0,0.336248781395908,0.433916422945848
"1839","Mara035537.t01","private",3,1,0,15,0.916666666666667,0,0.336248781395908,0.433916422945848
"1848","Mara035804.t01","private",3,1,0,15,0.916666666666667,0,0.336248781395908,0.433916422945848
"1867","Mara036433.t01","private",3,1,0,15,0.916666666666667,0,0.336248781395908,0.433916422945848
"2066","Mara042180.t01","private",3,1,0,15,0.916666666666667,0,0.336248781395908,0.433916422945848
"2070","Mara042402.t01","private",4,1,0,15,0.916666666666667,0,0.336248781395908,0.433916422945848
"2273","evm.model.Chr01.2284","private",8,1,0,15,0.916666666666667,0,0.336248781395908,0.433916422945848
"2540","evm.model.Chr03.1290","private",3,1,0,15,0.916666666666667,0,0.336248781395908,0.433916422945848
"3190","evm.model.Chr08.2287","private",3,1,0,15,0.916666666666667,0,0.336248781395908,0.433916422945848
"3295","Mpoly000359.t01","private",3,1,0,15,0.916666666666667,0,0.336248781395908,0.433916422945848
"3338","Mpoly002185.t01","private",3,1,0,15,0.916666666666667,0,0.336248781395908,0.433916422945848
"3471","Mpoly009480.t01","private",3,1,0,15,0.916666666666667,0,0.336248781395908,0.433916422945848
"3493","Mpoly010209.t01","private",4,1,0,15,0.916666666666667,0,0.336248781395908,0.433916422945848
"3652","Mpoly019785.t01","private",3,1,0,15,0.916666666666667,0,0.336248781395908,0.433916422945848
"3758","Mpoly024352.t01","private",3,1,0,15,0.916666666666667,0,0.336248781395908,0.433916422945848
"3834","Mpoly027310.t01","private",3,1,0,15,0.916666666666667,0,0.336248781395908,0.433916422945848
"3919","Mpoly032228.t01","private",3,1,0,15,0.916666666666667,0,0.336248781395908,0.433916422945848
"3926","Mpoly032621.t01","private",3,1,0,15,0.916666666666667,0,0.336248781395908,0.433916422945848
"3981","Mpoly035570.t01","private",3,1,0,15,0.916666666666667,0,0.336248781395908,0.433916422945848
"3992","Mpoly035724.t01","private",3,1,0,15,0.916666666666667,0,0.336248781395908,0.433916422945848
"4042","Mpoly036697.t01","private",3,1,0,15,0.916666666666667,0,0.336248781395908,0.433916422945848
"4072","Mpoly037604.t01","private",3,1,0,15,0.916666666666667,0,0.336248781395908,0.433916422945848
"4748","Mru055147.t01","private",4,1,0,15,0.916666666666667,0,0.336248781395908,0.433916422945848
"7468","Msa092385.t01","private",3,1,0,15,0.916666666666667,0,0.336248781395908,0.433916422945848
"7740","Msa111445.t01","private",3,1,0,15,0.916666666666667,0,0.336248781395908,0.433916422945848
"8353","Msa150122.t01","private",3,1,0,15,0.916666666666667,0,0.336248781395908,0.433916422945848
"9531","Msa035983.t02","private",3,1,0,15,0.916666666666667,0,0.336248781395908,0.433916422945848
"10099","zm4.44G0003330.t1","private",3,1,0,15,0.916666666666667,0,0.336248781395908,0.433916422945848
"10135","zm4.44G0018840.t1","private",4,1,0,15,0.916666666666667,0,0.336248781395908,0.433916422945848
"10145","zm4.44G0025670.t1","private",3,1,0,15,0.916666666666667,0,0.336248781395908,0.433916422945848
"10160","zm4.44G0031200.t1","private",3,1,0,15,0.916666666666667,0,0.336248781395908,0.433916422945848
"10161","zm4.44G0031600.t1","private",3,1,0,15,0.916666666666667,0,0.336248781395908,0.433916422945848
"10190","zm4.44G0053360.t1","private",3,1,0,15,0.916666666666667,0,0.336248781395908,0.433916422945848
"10227","zm4.34G0013810.t1","private",3,1,0,15,0.916666666666667,0,0.336248781395908,0.433916422945848
"10292","zm4.34G0057110.t1","private",3,1,0,15,0.916666666666667,0,0.336248781395908,0.433916422945848
"10294","zm4.34G0058970.t1","private",3,1,0,15,0.916666666666667,0,0.336248781395908,0.433916422945848
"10320","zm4.74G0010520.t1","private",3,1,0,15,0.916666666666667,0,0.336248781395908,0.433916422945848
"10329","zm4.74G0017930.t1","private",3,1,0,15,0.916666666666667,0,0.336248781395908,0.433916422945848
"10338","zm4.74G0022250.t1","private",3,1,0,15,0.916666666666667,0,0.336248781395908,0.433916422945848
"10351","zm4.74G0032000.t1","private",3,1,0,15,0.916666666666667,0,0.336248781395908,0.433916422945848
"10376","zm4.74G0051060.t1","private",4,1,0,15,0.916666666666667,0,0.336248781395908,0.433916422945848
"10413","zm4.24G0016610.t1","private",3,1,0,15,0.916666666666667,0,0.336248781395908,0.433916422945848
"10419","zm4.24G0019260.t1","private",3,1,0,15,0.916666666666667,0,0.336248781395908,0.433916422945848
"10430","zm4.24G0023860.t1","private",4,1,0,15,0.916666666666667,0,0.336248781395908,0.433916422945848
"10453","zm4.24G0040870.t1","private",3,1,0,15,0.916666666666667,0,0.336248781395908,0.433916422945848
"10470","zm4.64G0001820.t1","private",3,1,0,15,0.916666666666667,0,0.336248781395908,0.433916422945848
"10473","zm4.64G0006910.t1","private",3,1,0,15,0.916666666666667,0,0.336248781395908,0.433916422945848
"10489","zm4.64G0020060.t1","private",3,1,0,15,0.916666666666667,0,0.336248781395908,0.433916422945848
"10491","zm4.64G0021920.t1","private",3,1,0,15,0.916666666666667,0,0.336248781395908,0.433916422945848
"10498","zm4.64G0026150.t1","private",3,1,0,15,0.916666666666667,0,0.336248781395908,0.433916422945848
"10502","zm4.64G0028830.t1","private",3,1,0,15,0.916666666666667,0,0.336248781395908,0.433916422945848
"10511","zm4.64G0034260.t1","private",3,1,0,15,0.916666666666667,0,0.336248781395908,0.433916422945848
"10566","zm4.54G0041370.t1","private",3,1,0,15,0.916666666666667,0,0.336248781395908,0.433916422945848
"10596","zm4.14G0016370.t1","private",3,1,0,15,0.916666666666667,0,0.336248781395908,0.433916422945848
"10602","zm4.14G0027950.t1","private",3,1,0,15,0.916666666666667,0,0.336248781395908,0.433916422945848
"10604","zm4.14G0028290.t1","private",3,1,0,15,0.916666666666667,0,0.336248781395908,0.433916422945848
"10618","zm4.14G0040460.t1","private",3,1,0,15,0.916666666666667,0,0.336248781395908,0.433916422945848
"10650","zm4.84G0016840.t1","private",3,1,0,15,0.916666666666667,0,0.336248781395908,0.433916422945848
"14447","Mtrun002348.t01","private",3,1,0,15,0.916666666666667,0,0.336248781395908,0.433916422945848
"14528","Mtrun007813.t01","private",3,1,0,15,0.916666666666667,0,0.336248781395908,0.433916422945848
"14663","Mtrun014825.t01","private",3,1,0,15,0.916666666666667,0,0.336248781395908,0.433916422945848
"14937","Mtrun030814.t01","private",3,1,0,15,0.916666666666667,0,0.336248781395908,0.433916422945848
"14939","Mtrun030963.t01","private",3,1,0,15,0.916666666666667,0,0.336248781395908,0.433916422945848
"15046","Mara000830.t01","private",3,1,0,15,0.916666666666667,0,0.336248781395908,0.433916422945848
"15054","Mara001702.t01","private",3,1,0,15,0.916666666666667,0,0.336248781395908,0.433916422945848
"15055","Mara001706.t01","private",3,1,0,15,0.916666666666667,0,0.336248781395908,0.433916422945848
"15123","Mara007903.t01","private",3,1,0,15,0.916666666666667,0,0.336248781395908,0.433916422945848
"15403","Mara022919.t01","private",3,1,0,15,0.916666666666667,0,0.336248781395908,0.433916422945848
"15711","Mara035597.t01","private",3,1,0,15,0.916666666666667,0,0.336248781395908,0.433916422945848
"16054","evm.model.Chr01.169","private",3,1,0,15,0.916666666666667,0,0.336248781395908,0.433916422945848
"17571","Mpoly014808.t01","private",3,1,0,15,0.916666666666667,0,0.336248781395908,0.433916422945848
"17594","Mpoly038616.t01","private",3,1,0,15,0.916666666666667,0,0.336248781395908,0.433916422945848
"17829","Mtrun023952.t01","private",3,1,0,15,0.916666666666667,0,0.336248781395908,0.433916422945848
"17889","Mca002824.t01","private",3,1,0,15,0.916666666666667,0,0.336248781395908,0.433916422945848
"18007","Mpoly020748.t01","private",3,1,0,15,0.916666666666667,0,0.336248781395908,0.433916422945848
"18068","Mpoly022686.t01","private",3,1,0,15,0.916666666666667,0,0.336248781395908,0.433916422945848
"18518","Mpoly037291.t01","private",3,1,0,15,0.916666666666667,0,0.336248781395908,0.433916422945848
"21467","zm4.34G0013900.t1","private",3,1,0,15,0.916666666666667,0,0.336248781395908,0.433916422945848
"22884","zm4.34G0023240.t1","private",5,1,0,15,0.916666666666667,0,0.336248781395908,0.433916422945848
"23079","zm4.74G0019390.t1","private",3,1,0,15,0.916666666666667,0,0.336248781395908,0.433916422945848
"24943","zm4.23G0041330.t1","private",4,1,0,15,0.916666666666667,0,0.336248781395908,0.433916422945848
"24954","zm4.24G0011540.t1","private",3,1,0,15,0.916666666666667,0,0.336248781395908,0.433916422945848
"25213","Msa068418.t01","private",3,1,0,15,0.916666666666667,0,0.336248781395908,0.433916422945848
"27699","zm4.34G0006940.t1","private",3,1,0,15,0.916666666666667,0,0.336248781395908,0.433916422945848
"27929","zm4.34G0058480.t1","private",3,1,0,15,0.916666666666667,0,0.336248781395908,0.433916422945848
"28006","zm4.74G0042050.t1","private",3,1,0,15,0.916666666666667,0,0.336248781395908,0.433916422945848
"28029","zm4.24G0018520.t1","private",3,1,0,15,0.916666666666667,0,0.336248781395908,0.433916422945848
"29016","Mtrun008313.t01","private",3,1,0,15,0.916666666666667,0,0.336248781395908,0.433916422945848
"29237","Mtrun023963.t02","private",3,1,0,15,0.916666666666667,0,0.336248781395908,0.433916422945848
"10417","LOC_00024402-mRNA-1","dispensable",34,3,0,241,0.75,0,0.665677028393609,0.433135405678722
"4685","Mru051065.t01","dispensable",8,2,0,60,0.833333333333333,0,0.498550800633683,0.43304349346007
"9121","Mru023446.t01","dispensable",8,2,0,60,0.833333333333333,0,0.498550800633683,0.43304349346007
"12025","LOC_00035975-mRNA-1","dispensable",15,2,0,60,0.833333333333333,0,0.498550800633683,0.43304349346007
"17867","Mca028705.t01","dispensable",6,2,0,60,0.833333333333333,0,0.498550800633683,0.43304349346007
"7605","Msa095785.t01","private",3,1,0,14,0.916666666666667,0,0.328421800455124,0.432351026757692
"8054","Msa126864.t01","private",4,1,0,14,0.916666666666667,0,0.328421800455124,0.432351026757692
"14940","Mtrun030982.t01","private",4,1,0,14,0.916666666666667,0,0.328421800455124,0.432351026757692
"13020","LOC_00010705-mRNA-1","dispensable",15,2,0,57,0.833333333333333,0,0.492434742763009,0.431820281885935
"8577","Msa003079.t02","dispensable",10,2,0,56,0.833333333333333,0,0.490325539819814,0.431398441297296
"623","Mara009520.t01","dispensable",15,2,0,55,0.833333333333333,0,0.488179003918849,0.430969134117103
"12326","LOC_00001177-mRNA-1","dispensable",6,2,0,55,0.833333333333333,0,0.488179003918849,0.430969134117103
"121","Mara001863.t01","private",3,1,0,13,0.916666666666667,0,0.320054613220895,0.430677589310846
"7261","Msa071374.t01","private",3,1,0,13,0.916666666666667,0,0.320054613220895,0.430677589310846
"10594","zm4.14G0015960.t1","private",3,1,0,13,0.916666666666667,0,0.320054613220895,0.430677589310846
"13575","LOC_00040237-mRNA-1","private",3,1,0,13,0.916666666666667,0,0.320054613220895,0.430677589310846
"4128","Mpoly039193.t01","private",3,1,0,12,0.916666666666667,0,0.31106708646349,0.428880083959365
"7130","Msa066871.t01","private",4,1,0,12,0.916666666666667,0,0.31106708646349,0.428880083959365
"10337","zm4.74G0021610.t1","private",3,1,0,12,0.916666666666667,0,0.31106708646349,0.428880083959365
"4258","Mru025209.t02","dispensable",6,2,0,50,0.833333333333333,0,0.476836527199296,0.428700638773192
"4694","Mru051996.t01","dispensable",6,2,0,50,0.833333333333333,0,0.476836527199296,0.428700638773192
"6889","Msa025618.t01","dispensable",9,2,0,50,0.833333333333333,0,0.476836527199296,0.428700638773192
"9140","Msa021709.t01","dispensable",6,2,0,50,0.833333333333333,0,0.476836527199296,0.428700638773192
"9472","Msa034633.t01","dispensable",9,2,0,50,0.833333333333333,0,0.476836527199296,0.428700638773192
"14647","Mtrun014033.t02","dispensable",19,2,0,50,0.833333333333333,0,0.476836527199296,0.428700638773192
"17258","Msa073724.t01","dispensable",6,2,0,50,0.833333333333333,0,0.476836527199296,0.428700638773192
"19052","Mru004331.t01","dispensable",5,2,0,50,0.833333333333333,0,0.476836527199296,0.428700638773192
"19825","Mru038175.t01","dispensable",5,2,0,50,0.833333333333333,0,0.476836527199296,0.428700638773192
"21976","Mca018040.t01","dispensable",6,2,0,50,0.833333333333333,0,0.476836527199296,0.428700638773192
"2577","Mara018659.t01","dispensable",27,3,0,190,0.75,0,0.636975302385311,0.427395060477062
"13355","Mtrun027587.t01","dispensable",6,2,0,47,0.833333333333333,0,0.469484208752333,0.4272301750838
"10250","zm4.34G0026920.t1","private",3,1,0,11,0.916666666666667,0,0.301359818054379,0.426938630277543
"6924","Msa029502.t01","dispensable",6,2,0,45,0.833333333333333,0,0.464322744172242,0.426197882167782
"7239","Msa069965.t01","dispensable",5,2,0,45,0.833333333333333,0,0.464322744172242,0.426197882167782
"7845","Msa113605.t01","dispensable",6,2,0,45,0.833333333333333,0,0.464322744172242,0.426197882167782
"8643","Msa001239.t02","dispensable",7,2,0,45,0.833333333333333,0,0.464322744172242,0.426197882167782
"9436","Msa007263.t01","dispensable",7,2,0,45,0.833333333333333,0,0.464322744172242,0.426197882167782
"9514","Msa041603.t01","dispensable",6,2,0,45,0.833333333333333,0,0.464322744172242,0.426197882167782
"10501","zm4.64G0027870.t1","dispensable",7,2,0,45,0.833333333333333,0,0.464322744172242,0.426197882167782
"10986","LOC_00024062-mRNA-1","dispensable",5,2,0,45,0.833333333333333,0,0.464322744172242,0.426197882167782
"11415","LOC_00016236-mRNA-1","dispensable",7,2,0,45,0.833333333333333,0,0.464322744172242,0.426197882167782
"11779","LOC_00033070-mRNA-1","dispensable",6,2,0,45,0.833333333333333,0,0.464322744172242,0.426197882167782
"12066","zm4.44G0033370.t1","dispensable",6,2,0,45,0.833333333333333,0,0.464322744172242,0.426197882167782
"12440","LOC_00002498-mRNA-1","dispensable",6,2,0,45,0.833333333333333,0,0.464322744172242,0.426197882167782
"69","Mara001149.t01","private",3,1,0,10,0.916666666666667,0,0.290807416522316,0.42482814997113
"430","Mara006789.t01","private",3,1,0,10,0.916666666666667,0,0.290807416522316,0.42482814997113
"588","Mara009073.t01","private",3,1,0,10,0.916666666666667,0,0.290807416522316,0.42482814997113
"708","Mara011135.t01","private",5,1,0,10,0.916666666666667,0,0.290807416522316,0.42482814997113
"895","Mara014403.t01","private",4,1,0,10,0.916666666666667,0,0.290807416522316,0.42482814997113
"1197","Mara020653.t01","private",5,1,0,10,0.916666666666667,0,0.290807416522316,0.42482814997113
"2205","evm.model.Chr01.44","private",3,1,0,10,0.916666666666667,0,0.290807416522316,0.42482814997113
"2231","evm.model.Chr01.825","private",4,1,0,10,0.916666666666667,0,0.290807416522316,0.42482814997113
"2251","evm.model.Chr01.1478.1.6a7352a8","private",3,1,0,10,0.916666666666667,0,0.290807416522316,0.42482814997113
"2345","evm.model.Chr01.4862","private",3,1,0,10,0.916666666666667,0,0.290807416522316,0.42482814997113
"2360","evm.model.Chr02.316.3.6a735113","private",6,1,0,10,0.916666666666667,0,0.290807416522316,0.42482814997113
"2501","evm.model.Chr03.69","private",4,1,0,10,0.916666666666667,0,0.290807416522316,0.42482814997113
"2502","evm.model.Chr03.95","private",3,1,0,10,0.916666666666667,0,0.290807416522316,0.42482814997113
"2866","evm.model.Chr05.2259","private",5,1,0,10,0.916666666666667,0,0.290807416522316,0.42482814997113
"2923","evm.model.Chr05.3875","private",3,1,0,10,0.916666666666667,0,0.290807416522316,0.42482814997113
"2978","evm.model.Chr06.1934","private",3,1,0,10,0.916666666666667,0,0.290807416522316,0.42482814997113
"3318","Mpoly001321.t01","private",4,1,0,10,0.916666666666667,0,0.290807416522316,0.42482814997113
"3360","Mpoly003423.t01","private",3,1,0,10,0.916666666666667,0,0.290807416522316,0.42482814997113
"3610","Mpoly016183.t01","private",3,1,0,10,0.916666666666667,0,0.290807416522316,0.42482814997113
"3909","Mpoly031244.t01","private",3,1,0,10,0.916666666666667,0,0.290807416522316,0.42482814997113
"4117","Mpoly038875.t01","private",6,1,0,10,0.916666666666667,0,0.290807416522316,0.42482814997113
"4188","Mru003688.t02","private",3,1,0,10,0.916666666666667,0,0.290807416522316,0.42482814997113
"4189","Mru003836.t01","private",3,1,0,10,0.916666666666667,0,0.290807416522316,0.42482814997113
"4206","Mru005584.t02","private",4,1,0,10,0.916666666666667,0,0.290807416522316,0.42482814997113
"4210","Mru005838.t02","private",8,1,0,10,0.916666666666667,0,0.290807416522316,0.42482814997113
"4234","Mru008338.t01","private",3,1,0,10,0.916666666666667,0,0.290807416522316,0.42482814997113
"4246","Mru009011.t01","private",3,1,0,10,0.916666666666667,0,0.290807416522316,0.42482814997113
"4248","Mru009177.t02","private",8,1,0,10,0.916666666666667,0,0.290807416522316,0.42482814997113
"4256","Mru010692.t02","private",3,1,0,10,0.916666666666667,0,0.290807416522316,0.42482814997113
"4273","Mru012474.t02","private",5,1,0,10,0.916666666666667,0,0.290807416522316,0.42482814997113
"4311","Mru016397.t03","private",3,1,0,10,0.916666666666667,0,0.290807416522316,0.42482814997113
"4359","Mru021257.t02","private",3,1,0,10,0.916666666666667,0,0.290807416522316,0.42482814997113
"4377","Mru022490.t02","private",4,1,0,10,0.916666666666667,0,0.290807416522316,0.42482814997113
"4419","Mru027005.t04","private",3,1,0,10,0.916666666666667,0,0.290807416522316,0.42482814997113
"4444","Mru029511.t01","private",3,1,0,10,0.916666666666667,0,0.290807416522316,0.42482814997113
"4451","Mru029933.t01","private",6,1,0,10,0.916666666666667,0,0.290807416522316,0.42482814997113
"4461","Mru030651.t02","private",3,1,0,10,0.916666666666667,0,0.290807416522316,0.42482814997113
"4471","Mru031388.t05","private",3,1,0,10,0.916666666666667,0,0.290807416522316,0.42482814997113
"4488","Mru032625.t02","private",3,1,0,10,0.916666666666667,0,0.290807416522316,0.42482814997113
"4495","Mru033624.t02","private",3,1,0,10,0.916666666666667,0,0.290807416522316,0.42482814997113
"4504","Mru035376.t02","private",7,1,0,10,0.916666666666667,0,0.290807416522316,0.42482814997113
"4513","Mru035628.t02","private",5,1,0,10,0.916666666666667,0,0.290807416522316,0.42482814997113
"4542","Mru038519.t01","private",4,1,0,10,0.916666666666667,0,0.290807416522316,0.42482814997113
"4555","Mru039531.t01","private",3,1,0,10,0.916666666666667,0,0.290807416522316,0.42482814997113
"4556","Mru039610.t02","private",4,1,0,10,0.916666666666667,0,0.290807416522316,0.42482814997113
"4561","Mru040318.t02","private",7,1,0,10,0.916666666666667,0,0.290807416522316,0.42482814997113
"4573","Mru041760.t02","private",3,1,0,10,0.916666666666667,0,0.290807416522316,0.42482814997113
"4575","Mru042112.t02","private",3,1,0,10,0.916666666666667,0,0.290807416522316,0.42482814997113
"4585","Mru042747.t04","private",3,1,0,10,0.916666666666667,0,0.290807416522316,0.42482814997113
"4588","Mru043017.t01","private",6,1,0,10,0.916666666666667,0,0.290807416522316,0.42482814997113
"4595","Mru043616.t02","private",3,1,0,10,0.916666666666667,0,0.290807416522316,0.42482814997113
"4613","Mru045848.t01","private",5,1,0,10,0.916666666666667,0,0.290807416522316,0.42482814997113
"4620","Mru046173.t02","private",3,1,0,10,0.916666666666667,0,0.290807416522316,0.42482814997113
"4633","Mru046944.t01","private",4,1,0,10,0.916666666666667,0,0.290807416522316,0.42482814997113
"4637","Mru047143.t02","private",3,1,0,10,0.916666666666667,0,0.290807416522316,0.42482814997113
"4643","Mru047695.t02","private",3,1,0,10,0.916666666666667,0,0.290807416522316,0.42482814997113
"4701","Mru052426.t02","private",4,1,0,10,0.916666666666667,0,0.290807416522316,0.42482814997113
"4712","Mru053223.t01","private",5,1,0,10,0.916666666666667,0,0.290807416522316,0.42482814997113
"4722","Mru054049.t01","private",4,1,0,10,0.916666666666667,0,0.290807416522316,0.42482814997113
"4739","Mru054851.t02","private",7,1,0,10,0.916666666666667,0,0.290807416522316,0.42482814997113
"4769","Mru055746.t02","private",8,1,0,10,0.916666666666667,0,0.290807416522316,0.42482814997113
"4772","Mru000236.t02","private",3,1,0,10,0.916666666666667,0,0.290807416522316,0.42482814997113
"4782","Mru002247.t02","private",3,1,0,10,0.916666666666667,0,0.290807416522316,0.42482814997113
"4783","Mru002449.t03","private",3,1,0,10,0.916666666666667,0,0.290807416522316,0.42482814997113
"4785","Mru003198.t02","private",4,1,0,10,0.916666666666667,0,0.290807416522316,0.42482814997113
"4786","Mru003237.t04","private",3,1,0,10,0.916666666666667,0,0.290807416522316,0.42482814997113
"4788","Mru003875.t02","private",3,1,0,10,0.916666666666667,0,0.290807416522316,0.42482814997113
"4793","Mru005807.t02","private",4,1,0,10,0.916666666666667,0,0.290807416522316,0.42482814997113
"4795","Mru006951.t02","private",6,1,0,10,0.916666666666667,0,0.290807416522316,0.42482814997113
"4805","Mru008589.t02","private",5,1,0,10,0.916666666666667,0,0.290807416522316,0.42482814997113
"4811","Mru009442.t02","private",4,1,0,10,0.916666666666667,0,0.290807416522316,0.42482814997113
"4817","Mru010507.t02","private",3,1,0,10,0.916666666666667,0,0.290807416522316,0.42482814997113
"4820","Mru012590.t02","private",3,1,0,10,0.916666666666667,0,0.290807416522316,0.42482814997113
"4821","Mru013170.t03","private",3,1,0,10,0.916666666666667,0,0.290807416522316,0.42482814997113
"4823","Mru013765.t04","private",3,1,0,10,0.916666666666667,0,0.290807416522316,0.42482814997113
"4827","Mru014986.t02","private",3,1,0,10,0.916666666666667,0,0.290807416522316,0.42482814997113
"4834","Mru016543.t03","private",3,1,0,10,0.916666666666667,0,0.290807416522316,0.42482814997113
"4838","Mru017478.t02","private",3,1,0,10,0.916666666666667,0,0.290807416522316,0.42482814997113
"4841","Mru017955.t03","private",3,1,0,10,0.916666666666667,0,0.290807416522316,0.42482814997113
"4842","Mru018104.t02","private",3,1,0,10,0.916666666666667,0,0.290807416522316,0.42482814997113
"4846","Mru019650.t02","private",3,1,0,10,0.916666666666667,0,0.290807416522316,0.42482814997113
"4851","Mru020052.t02","private",4,1,0,10,0.916666666666667,0,0.290807416522316,0.42482814997113
"4855","Mru021546.t02","private",3,1,0,10,0.916666666666667,0,0.290807416522316,0.42482814997113
"4866","Mru023168.t02","private",3,1,0,10,0.916666666666667,0,0.290807416522316,0.42482814997113
"4868","Mru023380.t02","private",4,1,0,10,0.916666666666667,0,0.290807416522316,0.42482814997113
"4870","Mru023541.t02","private",4,1,0,10,0.916666666666667,0,0.290807416522316,0.42482814997113
"4874","Mru024423.t02","private",6,1,0,10,0.916666666666667,0,0.290807416522316,0.42482814997113
"4875","Mru025342.t03","private",3,1,0,10,0.916666666666667,0,0.290807416522316,0.42482814997113
"4882","Mru027142.t02","private",4,1,0,10,0.916666666666667,0,0.290807416522316,0.42482814997113
"4886","Mru027846.t03","private",5,1,0,10,0.916666666666667,0,0.290807416522316,0.42482814997113
"4890","Mru028202.t04","private",4,1,0,10,0.916666666666667,0,0.290807416522316,0.42482814997113
"4891","Mru028437.t02","private",3,1,0,10,0.916666666666667,0,0.290807416522316,0.42482814997113
"4894","Mru029274.t02","private",3,1,0,10,0.916666666666667,0,0.290807416522316,0.42482814997113
"4895","Mru029665.t02","private",6,1,0,10,0.916666666666667,0,0.290807416522316,0.42482814997113
"4901","Mru031209.t03","private",3,1,0,10,0.916666666666667,0,0.290807416522316,0.42482814997113
"4909","Mru033122.t02","private",6,1,0,10,0.916666666666667,0,0.290807416522316,0.42482814997113
"4910","Mru033165.t02","private",3,1,0,10,0.916666666666667,0,0.290807416522316,0.42482814997113
"4913","Mru034636.t02","private",4,1,0,10,0.916666666666667,0,0.290807416522316,0.42482814997113
"4915","Mru035339.t01","private",3,1,0,10,0.916666666666667,0,0.290807416522316,0.42482814997113
"4916","Mru035499.t02","private",4,1,0,10,0.916666666666667,0,0.290807416522316,0.42482814997113
"4922","Mru037296.t02","private",5,1,0,10,0.916666666666667,0,0.290807416522316,0.42482814997113
"4925","Mru039316.t01","private",3,1,0,10,0.916666666666667,0,0.290807416522316,0.42482814997113
"4926","Mru039438.t02","private",3,1,0,10,0.916666666666667,0,0.290807416522316,0.42482814997113
"4927","Mru039533.t02","private",4,1,0,10,0.916666666666667,0,0.290807416522316,0.42482814997113
"4929","Mru039618.t03","private",3,1,0,10,0.916666666666667,0,0.290807416522316,0.42482814997113
"4930","Mru039742.t02","private",9,1,0,10,0.916666666666667,0,0.290807416522316,0.42482814997113
"4944","Mru042259.t02","private",3,1,0,10,0.916666666666667,0,0.290807416522316,0.42482814997113
"4947","Mru043110.t02","private",3,1,0,10,0.916666666666667,0,0.290807416522316,0.42482814997113
"4949","Mru043327.t02","private",6,1,0,10,0.916666666666667,0,0.290807416522316,0.42482814997113
"4952","Mru043751.t02","private",5,1,0,10,0.916666666666667,0,0.290807416522316,0.42482814997113
"4956","Mru044892.t02","private",4,1,0,10,0.916666666666667,0,0.290807416522316,0.42482814997113
"4976","Mru047633.t02","private",9,1,0,10,0.916666666666667,0,0.290807416522316,0.42482814997113
"4978","Mru048973.t02","private",6,1,0,10,0.916666666666667,0,0.290807416522316,0.42482814997113
"4984","Mru049626.t02","private",6,1,0,10,0.916666666666667,0,0.290807416522316,0.42482814997113
"4985","Mru049723.t02","private",4,1,0,10,0.916666666666667,0,0.290807416522316,0.42482814997113
"4993","Mru051256.t02","private",3,1,0,10,0.916666666666667,0,0.290807416522316,0.42482814997113
"4994","Mru052363.t02","private",6,1,0,10,0.916666666666667,0,0.290807416522316,0.42482814997113
"4999","Mru053234.t02","private",3,1,0,10,0.916666666666667,0,0.290807416522316,0.42482814997113
"5002","Mru053674.t02","private",5,1,0,10,0.916666666666667,0,0.290807416522316,0.42482814997113
"5028","Mca000274.t03","private",3,1,0,10,0.916666666666667,0,0.290807416522316,0.42482814997113
"5086","Mca003270.t02","private",3,1,0,10,0.916666666666667,0,0.290807416522316,0.42482814997113
"5122","Mca004870.t02","private",3,1,0,10,0.916666666666667,0,0.290807416522316,0.42482814997113
"5123","Mca004922.t02","private",3,1,0,10,0.916666666666667,0,0.290807416522316,0.42482814997113
"5198","Mca008729.t02","private",5,1,0,10,0.916666666666667,0,0.290807416522316,0.42482814997113
"5266","Mca012100.t02","private",3,1,0,10,0.916666666666667,0,0.290807416522316,0.42482814997113
"5288","Mca012905.t02","private",3,1,0,10,0.916666666666667,0,0.290807416522316,0.42482814997113
"5294","Mca013358.t03","private",3,1,0,10,0.916666666666667,0,0.290807416522316,0.42482814997113
"5335","Mca014967.t01","private",4,1,0,10,0.916666666666667,0,0.290807416522316,0.42482814997113
"5344","Mca015325.t02","private",3,1,0,10,0.916666666666667,0,0.290807416522316,0.42482814997113
"5360","Mca016009.t02","private",3,1,0,10,0.916666666666667,0,0.290807416522316,0.42482814997113
"5369","Mca016348.t02","private",5,1,0,10,0.916666666666667,0,0.290807416522316,0.42482814997113
"5381","Mca017073.t03","private",4,1,0,10,0.916666666666667,0,0.290807416522316,0.42482814997113
"5402","Mca017793.t02","private",4,1,0,10,0.916666666666667,0,0.290807416522316,0.42482814997113
"5409","Mca018199.t02","private",3,1,0,10,0.916666666666667,0,0.290807416522316,0.42482814997113
"5427","Mca018849.t02","private",4,1,0,10,0.916666666666667,0,0.290807416522316,0.42482814997113
"5442","Mca019496.t01","private",5,1,0,10,0.916666666666667,0,0.290807416522316,0.42482814997113
"5456","Mca019956.t03","private",3,1,0,10,0.916666666666667,0,0.290807416522316,0.42482814997113
"5541","Mca023614.t01","private",3,1,0,10,0.916666666666667,0,0.290807416522316,0.42482814997113
"5544","Mca023913.t04","private",3,1,0,10,0.916666666666667,0,0.290807416522316,0.42482814997113
"5548","Mca024092.t02","private",4,1,0,10,0.916666666666667,0,0.290807416522316,0.42482814997113
"5554","Mca024518.t03","private",3,1,0,10,0.916666666666667,0,0.290807416522316,0.42482814997113
"5570","Mca025677.t02","private",5,1,0,10,0.916666666666667,0,0.290807416522316,0.42482814997113
"5598","Mca027153.t03","private",3,1,0,10,0.916666666666667,0,0.290807416522316,0.42482814997113
"5623","Mca028046.t01","private",6,1,0,10,0.916666666666667,0,0.290807416522316,0.42482814997113
"5687","Mca030253.t02","private",3,1,0,10,0.916666666666667,0,0.290807416522316,0.42482814997113
"5713","Mca031451.t02","private",4,1,0,10,0.916666666666667,0,0.290807416522316,0.42482814997113
"5714","Mca031464.t02","private",3,1,0,10,0.916666666666667,0,0.290807416522316,0.42482814997113
"5735","Mca032234.t02","private",3,1,0,10,0.916666666666667,0,0.290807416522316,0.42482814997113
"5739","Mca032320.t02","private",3,1,0,10,0.916666666666667,0,0.290807416522316,0.42482814997113
"5827","Mca036033.t05","private",6,1,0,10,0.916666666666667,0,0.290807416522316,0.42482814997113
"5904","Mca038914.t02","private",3,1,0,10,0.916666666666667,0,0.290807416522316,0.42482814997113
"5907","Mca039068.t02","private",4,1,0,10,0.916666666666667,0,0.290807416522316,0.42482814997113
"5914","Mca039243.t05","private",4,1,0,10,0.916666666666667,0,0.290807416522316,0.42482814997113
"5986","Mca041684.t02","private",3,1,0,10,0.916666666666667,0,0.290807416522316,0.42482814997113
"5989","Mca041740.t02","private",3,1,0,10,0.916666666666667,0,0.290807416522316,0.42482814997113
"5993","Mca041931.t02","private",5,1,0,10,0.916666666666667,0,0.290807416522316,0.42482814997113
"6013","Mca043116.t01","private",3,1,0,10,0.916666666666667,0,0.290807416522316,0.42482814997113
"6017","Mca043216.t02","private",4,1,0,10,0.916666666666667,0,0.290807416522316,0.42482814997113
"6025","Mca043643.t02","private",4,1,0,10,0.916666666666667,0,0.290807416522316,0.42482814997113
"6029","Mca043865.t02","private",3,1,0,10,0.916666666666667,0,0.290807416522316,0.42482814997113
"6050","Mca044925.t03","private",7,1,0,10,0.916666666666667,0,0.290807416522316,0.42482814997113
"6052","Mca045026.t02","private",3,1,0,10,0.916666666666667,0,0.290807416522316,0.42482814997113
"6145","Mca049092.t03","private",4,1,0,10,0.916666666666667,0,0.290807416522316,0.42482814997113
"6166","Mca049727.t01","private",6,1,0,10,0.916666666666667,0,0.290807416522316,0.42482814997113
"6187","Mca050154.t02","private",8,1,0,10,0.916666666666667,0,0.290807416522316,0.42482814997113
"6373","Mca001526.t02","private",5,1,0,10,0.916666666666667,0,0.290807416522316,0.42482814997113
"6377","Mca001730.t06","private",4,1,0,10,0.916666666666667,0,0.290807416522316,0.42482814997113
"6388","Mca003501.t02","private",4,1,0,10,0.916666666666667,0,0.290807416522316,0.42482814997113
"6390","Mca004415.t02","private",4,1,0,10,0.916666666666667,0,0.290807416522316,0.42482814997113
"6404","Mca007054.t02","private",3,1,0,10,0.916666666666667,0,0.290807416522316,0.42482814997113
"6416","Mca009218.t02","private",3,1,0,10,0.916666666666667,0,0.290807416522316,0.42482814997113
"6421","Mca009922.t02","private",3,1,0,10,0.916666666666667,0,0.290807416522316,0.42482814997113
"6424","Mca010253.t02","private",4,1,0,10,0.916666666666667,0,0.290807416522316,0.42482814997113
"6456","Mca015064.t02","private",6,1,0,10,0.916666666666667,0,0.290807416522316,0.42482814997113
"6464","Mca015802.t02","private",3,1,0,10,0.916666666666667,0,0.290807416522316,0.42482814997113
"6468","Mca015993.t02","private",6,1,0,10,0.916666666666667,0,0.290807416522316,0.42482814997113
"6480","Mca018111.t02","private",7,1,0,10,0.916666666666667,0,0.290807416522316,0.42482814997113
"6497","Mca019979.t03","private",3,1,0,10,0.916666666666667,0,0.290807416522316,0.42482814997113
"6504","Mca020647.t03","private",3,1,0,10,0.916666666666667,0,0.290807416522316,0.42482814997113
"6505","Mca020777.t02","private",4,1,0,10,0.916666666666667,0,0.290807416522316,0.42482814997113
"6539","Mca026251.t02","private",3,1,0,10,0.916666666666667,0,0.290807416522316,0.42482814997113
"6540","Mca026357.t02","private",3,1,0,10,0.916666666666667,0,0.290807416522316,0.42482814997113
"6560","Mca027685.t02","private",5,1,0,10,0.916666666666667,0,0.290807416522316,0.42482814997113
"6561","Mca027827.t02","private",4,1,0,10,0.916666666666667,0,0.290807416522316,0.42482814997113
"6564","Mca028291.t02","private",3,1,0,10,0.916666666666667,0,0.290807416522316,0.42482814997113
"6565","Mca028295.t02","private",5,1,0,10,0.916666666666667,0,0.290807416522316,0.42482814997113
"6587","Mca031318.t02","private",4,1,0,10,0.916666666666667,0,0.290807416522316,0.42482814997113
"6592","Mca031492.t02","private",3,1,0,10,0.916666666666667,0,0.290807416522316,0.42482814997113
"6606","Mca033874.t02","private",3,1,0,10,0.916666666666667,0,0.290807416522316,0.42482814997113
"6607","Mca033889.t02","private",3,1,0,10,0.916666666666667,0,0.290807416522316,0.42482814997113
"6624","Mca035896.t02","private",3,1,0,10,0.916666666666667,0,0.290807416522316,0.42482814997113
"6626","Mca036130.t02","private",3,1,0,10,0.916666666666667,0,0.290807416522316,0.42482814997113
"6629","Mca036379.t07","private",3,1,0,10,0.916666666666667,0,0.290807416522316,0.42482814997113
"6634","Mca037129.t02","private",7,1,0,10,0.916666666666667,0,0.290807416522316,0.42482814997113
"6635","Mca037134.t01","private",6,1,0,10,0.916666666666667,0,0.290807416522316,0.42482814997113
"6639","Mca037450.t02","private",7,1,0,10,0.916666666666667,0,0.290807416522316,0.42482814997113
"6646","Mca037939.t02","private",3,1,0,10,0.916666666666667,0,0.290807416522316,0.42482814997113
"6656","Mca039905.t02","private",3,1,0,10,0.916666666666667,0,0.290807416522316,0.42482814997113
"6657","Mca039922.t02","private",4,1,0,10,0.916666666666667,0,0.290807416522316,0.42482814997113
"6660","Mca039990.t03","private",4,1,0,10,0.916666666666667,0,0.290807416522316,0.42482814997113
"6666","Mca040234.t02","private",3,1,0,10,0.916666666666667,0,0.290807416522316,0.42482814997113
"6678","Mca041774.t02","private",4,1,0,10,0.916666666666667,0,0.290807416522316,0.42482814997113
"6680","Mca041975.t03","private",6,1,0,10,0.916666666666667,0,0.290807416522316,0.42482814997113
"6690","Mca042719.t03","private",3,1,0,10,0.916666666666667,0,0.290807416522316,0.42482814997113
"6696","Mca044629.t02","private",5,1,0,10,0.916666666666667,0,0.290807416522316,0.42482814997113
"6701","Mca045542.t02","private",3,1,0,10,0.916666666666667,0,0.290807416522316,0.42482814997113
"6705","Mca045846.t02","private",4,1,0,10,0.916666666666667,0,0.290807416522316,0.42482814997113
"6734","Mca050437.t03","private",7,1,0,10,0.916666666666667,0,0.290807416522316,0.42482814997113
"6748","Msa000978.t02","private",3,1,0,10,0.916666666666667,0,0.290807416522316,0.42482814997113
"6750","Msa001129.t02","private",5,1,0,10,0.916666666666667,0,0.290807416522316,0.42482814997113
"6758","Msa001543.t02","private",3,1,0,10,0.916666666666667,0,0.290807416522316,0.42482814997113
"6768","Msa002225.t01","private",5,1,0,10,0.916666666666667,0,0.290807416522316,0.42482814997113
"6770","Msa002241.t02","private",8,1,0,10,0.916666666666667,0,0.290807416522316,0.42482814997113
"6805","Msa004924.t02","private",4,1,0,10,0.916666666666667,0,0.290807416522316,0.42482814997113
"6819","Msa006081.t02","private",4,1,0,10,0.916666666666667,0,0.290807416522316,0.42482814997113
"6823","Msa008077.t01","private",3,1,0,10,0.916666666666667,0,0.290807416522316,0.42482814997113
"6872","Msa024609.t02","private",5,1,0,10,0.916666666666667,0,0.290807416522316,0.42482814997113
"6922","Msa029347.t01","private",5,1,0,10,0.916666666666667,0,0.290807416522316,0.42482814997113
"6927","Msa030407.t04","private",3,1,0,10,0.916666666666667,0,0.290807416522316,0.42482814997113
"6959","Msa043007.t02","private",4,1,0,10,0.916666666666667,0,0.290807416522316,0.42482814997113
"6960","Msa043138.t01","private",3,1,0,10,0.916666666666667,0,0.290807416522316,0.42482814997113
"7006","Msa046470.t03","private",5,1,0,10,0.916666666666667,0,0.290807416522316,0.42482814997113
"7590","Msa095327.t01","private",3,1,0,10,0.916666666666667,0,0.290807416522316,0.42482814997113
"7747","Msa111481.t01","private",5,1,0,10,0.916666666666667,0,0.290807416522316,0.42482814997113
"7798","Msa112553.t01","private",3,1,0,10,0.916666666666667,0,0.290807416522316,0.42482814997113
"8562","Msa000721.t03","private",4,1,0,10,0.916666666666667,0,0.290807416522316,0.42482814997113
"8563","Msa000763.t02","private",3,1,0,10,0.916666666666667,0,0.290807416522316,0.42482814997113
"8566","Msa001302.t02","private",3,1,0,10,0.916666666666667,0,0.290807416522316,0.42482814997113
"8568","Msa001759.t04","private",3,1,0,10,0.916666666666667,0,0.290807416522316,0.42482814997113
"8569","Msa001918.t02","private",3,1,0,10,0.916666666666667,0,0.290807416522316,0.42482814997113
"8571","Msa002232.t02","private",4,1,0,10,0.916666666666667,0,0.290807416522316,0.42482814997113
"8586","Msa003863.t02","private",3,1,0,10,0.916666666666667,0,0.290807416522316,0.42482814997113
"8590","Msa004319.t02","private",3,1,0,10,0.916666666666667,0,0.290807416522316,0.42482814997113
"8595","Msa004868.t02","private",3,1,0,10,0.916666666666667,0,0.290807416522316,0.42482814997113
"8602","Msa005749.t06","private",6,1,0,10,0.916666666666667,0,0.290807416522316,0.42482814997113
"8629","Msa006738.t02","private",3,1,0,10,0.916666666666667,0,0.290807416522316,0.42482814997113
"8632","Msa006776.t02","private",3,1,0,10,0.916666666666667,0,0.290807416522316,0.42482814997113
"8635","Msa006787.t01","private",4,1,0,10,0.916666666666667,0,0.290807416522316,0.42482814997113
"8638","Msa006923.t02","private",3,1,0,10,0.916666666666667,0,0.290807416522316,0.42482814997113
"8639","Msa006927.t01","private",3,1,0,10,0.916666666666667,0,0.290807416522316,0.42482814997113
"8674","Msa008117.t01","private",3,1,0,10,0.916666666666667,0,0.290807416522316,0.42482814997113
"8688","Msa008504.t02","private",5,1,0,10,0.916666666666667,0,0.290807416522316,0.42482814997113
"8694","Msa008624.t01","private",3,1,0,10,0.916666666666667,0,0.290807416522316,0.42482814997113
"8719","Msa009618.t01","private",9,1,0,10,0.916666666666667,0,0.290807416522316,0.42482814997113
"8727","Msa009860.t01","private",5,1,0,10,0.916666666666667,0,0.290807416522316,0.42482814997113
"8753","Msa010570.t01","private",6,1,0,10,0.916666666666667,0,0.290807416522316,0.42482814997113
"8760","Msa010863.t01","private",4,1,0,10,0.916666666666667,0,0.290807416522316,0.42482814997113
"8763","Msa010978.t02","private",3,1,0,10,0.916666666666667,0,0.290807416522316,0.42482814997113
"8769","Msa011152.t02","private",3,1,0,10,0.916666666666667,0,0.290807416522316,0.42482814997113
"8795","Msa011813.t02","private",4,1,0,10,0.916666666666667,0,0.290807416522316,0.42482814997113
"8801","Msa011925.t02","private",3,1,0,10,0.916666666666667,0,0.290807416522316,0.42482814997113
"8818","Msa012504.t02","private",3,1,0,10,0.916666666666667,0,0.290807416522316,0.42482814997113
"8825","Msa012719.t01","private",3,1,0,10,0.916666666666667,0,0.290807416522316,0.42482814997113
"8843","Msa013224.t03","private",3,1,0,10,0.916666666666667,0,0.290807416522316,0.42482814997113
"8853","Msa013347.t02","private",9,1,0,10,0.916666666666667,0,0.290807416522316,0.42482814997113
"8857","Msa013397.t01","private",3,1,0,10,0.916666666666667,0,0.290807416522316,0.42482814997113
"8869","Msa013907.t01","private",7,1,0,10,0.916666666666667,0,0.290807416522316,0.42482814997113
"8881","Msa014131.t02","private",5,1,0,10,0.916666666666667,0,0.290807416522316,0.42482814997113
"8884","Msa014296.t02","private",3,1,0,10,0.916666666666667,0,0.290807416522316,0.42482814997113
"8895","Msa014507.t01","private",3,1,0,10,0.916666666666667,0,0.290807416522316,0.42482814997113
"8909","Msa015378.t02","private",3,1,0,10,0.916666666666667,0,0.290807416522316,0.42482814997113
"8922","Msa015783.t01","private",3,1,0,10,0.916666666666667,0,0.290807416522316,0.42482814997113
"8925","Msa015842.t02","private",4,1,0,10,0.916666666666667,0,0.290807416522316,0.42482814997113
"8946","Msa016649.t01","private",6,1,0,10,0.916666666666667,0,0.290807416522316,0.42482814997113
"8947","Msa016678.t02","private",3,1,0,10,0.916666666666667,0,0.290807416522316,0.42482814997113
"8961","Msa017121.t02","private",4,1,0,10,0.916666666666667,0,0.290807416522316,0.42482814997113
"8967","Msa017262.t02","private",8,1,0,10,0.916666666666667,0,0.290807416522316,0.42482814997113
"8970","Msa017309.t02","private",3,1,0,10,0.916666666666667,0,0.290807416522316,0.42482814997113
"8975","Msa017539.t03","private",3,1,0,10,0.916666666666667,0,0.290807416522316,0.42482814997113
"8987","Msa017813.t03","private",3,1,0,10,0.916666666666667,0,0.290807416522316,0.42482814997113
"8997","Msa018116.t02","private",6,1,0,10,0.916666666666667,0,0.290807416522316,0.42482814997113
"8999","Msa018294.t02","private",3,1,0,10,0.916666666666667,0,0.290807416522316,0.42482814997113
"9002","Msa018382.t02","private",4,1,0,10,0.916666666666667,0,0.290807416522316,0.42482814997113
"9004","Msa018429.t02","private",3,1,0,10,0.916666666666667,0,0.290807416522316,0.42482814997113
"9015","Msa018665.t01","private",3,1,0,10,0.916666666666667,0,0.290807416522316,0.42482814997113
"9020","Msa018732.t01","private",3,1,0,10,0.916666666666667,0,0.290807416522316,0.42482814997113
"9023","Msa018792.t02","private",3,1,0,10,0.916666666666667,0,0.290807416522316,0.42482814997113
"9024","Msa018803.t02","private",3,1,0,10,0.916666666666667,0,0.290807416522316,0.42482814997113
"9027","Msa018865.t01","private",3,1,0,10,0.916666666666667,0,0.290807416522316,0.42482814997113
"9038","Msa019213.t02","private",3,1,0,10,0.916666666666667,0,0.290807416522316,0.42482814997113
"9042","Msa019281.t01","private",4,1,0,10,0.916666666666667,0,0.290807416522316,0.42482814997113
"9054","Msa019492.t02","private",4,1,0,10,0.916666666666667,0,0.290807416522316,0.42482814997113
"9055","Msa019658.t01","private",5,1,0,10,0.916666666666667,0,0.290807416522316,0.42482814997113
"9058","Msa019726.t02","private",4,1,0,10,0.916666666666667,0,0.290807416522316,0.42482814997113
"9063","Msa019857.t04","private",3,1,0,10,0.916666666666667,0,0.290807416522316,0.42482814997113
"9066","Msa019947.t02","private",3,1,0,10,0.916666666666667,0,0.290807416522316,0.42482814997113
"9074","Msa020134.t02","private",3,1,0,10,0.916666666666667,0,0.290807416522316,0.42482814997113
"9081","Msa020273.t02","private",8,1,0,10,0.916666666666667,0,0.290807416522316,0.42482814997113
"9105","Msa021063.t02","private",5,1,0,10,0.916666666666667,0,0.290807416522316,0.42482814997113
"9106","Msa021070.t02","private",3,1,0,10,0.916666666666667,0,0.290807416522316,0.42482814997113
"9123","Msa021477.t02","private",3,1,0,10,0.916666666666667,0,0.290807416522316,0.42482814997113
"9127","Msa021500.t02","private",4,1,0,10,0.916666666666667,0,0.290807416522316,0.42482814997113
"9138","Msa021695.t01","private",3,1,0,10,0.916666666666667,0,0.290807416522316,0.42482814997113
"9167","Msa022939.t02","private",3,1,0,10,0.916666666666667,0,0.290807416522316,0.42482814997113
"9183","Msa023782.t03","private",4,1,0,10,0.916666666666667,0,0.290807416522316,0.42482814997113
"9190","Msa024714.t02","private",3,1,0,10,0.916666666666667,0,0.290807416522316,0.42482814997113
"9192","Msa025061.t02","private",5,1,0,10,0.916666666666667,0,0.290807416522316,0.42482814997113
"9200","Msa025683.t02","private",4,1,0,10,0.916666666666667,0,0.290807416522316,0.42482814997113
"9203","Msa026017.t02","private",5,1,0,10,0.916666666666667,0,0.290807416522316,0.42482814997113
"9209","Msa026516.t02","private",3,1,0,10,0.916666666666667,0,0.290807416522316,0.42482814997113
"9210","Msa026632.t02","private",3,1,0,10,0.916666666666667,0,0.290807416522316,0.42482814997113
"9217","Msa027148.t02","private",4,1,0,10,0.916666666666667,0,0.290807416522316,0.42482814997113
"9219","Msa027271.t02","private",3,1,0,10,0.916666666666667,0,0.290807416522316,0.42482814997113
"9228","Msa028309.t02","private",3,1,0,10,0.916666666666667,0,0.290807416522316,0.42482814997113
"9233","Msa028403.t01","private",3,1,0,10,0.916666666666667,0,0.290807416522316,0.42482814997113
"9249","Msa028641.t02","private",5,1,0,10,0.916666666666667,0,0.290807416522316,0.42482814997113
"9251","Msa028678.t02","private",3,1,0,10,0.916666666666667,0,0.290807416522316,0.42482814997113
"9257","Msa028796.t01","private",4,1,0,10,0.916666666666667,0,0.290807416522316,0.42482814997113
"9265","Msa029040.t02","private",3,1,0,10,0.916666666666667,0,0.290807416522316,0.42482814997113
"9302","Msa030040.t02","private",3,1,0,10,0.916666666666667,0,0.290807416522316,0.42482814997113
"9307","Msa030201.t02","private",3,1,0,10,0.916666666666667,0,0.290807416522316,0.42482814997113
"9333","Msa030976.t01","private",3,1,0,10,0.916666666666667,0,0.290807416522316,0.42482814997113
"9344","Msa031286.t02","private",3,1,0,10,0.916666666666667,0,0.290807416522316,0.42482814997113
"9353","Msa031424.t01","private",3,1,0,10,0.916666666666667,0,0.290807416522316,0.42482814997113
"9354","Msa031452.t02","private",3,1,0,10,0.916666666666667,0,0.290807416522316,0.42482814997113
"9362","Msa031691.t02","private",6,1,0,10,0.916666666666667,0,0.290807416522316,0.42482814997113
"9365","Msa031728.t02","private",3,1,0,10,0.916666666666667,0,0.290807416522316,0.42482814997113
"9385","Msa032324.t02","private",3,1,0,10,0.916666666666667,0,0.290807416522316,0.42482814997113
"9387","Msa032408.t01","private",4,1,0,10,0.916666666666667,0,0.290807416522316,0.42482814997113
"9404","Msa032794.t01","private",3,1,0,10,0.916666666666667,0,0.290807416522316,0.42482814997113
"9418","Msa033232.t02","private",4,1,0,10,0.916666666666667,0,0.290807416522316,0.42482814997113
"9426","Msa033447.t02","private",3,1,0,10,0.916666666666667,0,0.290807416522316,0.42482814997113
"9429","Msa033503.t02","private",3,1,0,10,0.916666666666667,0,0.290807416522316,0.42482814997113
"9443","Msa033898.t04","private",4,1,0,10,0.916666666666667,0,0.290807416522316,0.42482814997113
"9451","Msa034123.t02","private",4,1,0,10,0.916666666666667,0,0.290807416522316,0.42482814997113
"9452","Msa034134.t02","private",3,1,0,10,0.916666666666667,0,0.290807416522316,0.42482814997113
"9453","Msa034153.t02","private",3,1,0,10,0.916666666666667,0,0.290807416522316,0.42482814997113
"9454","Msa034155.t01","private",3,1,0,10,0.916666666666667,0,0.290807416522316,0.42482814997113
"9460","Msa034277.t01","private",3,1,0,10,0.916666666666667,0,0.290807416522316,0.42482814997113
"9474","Msa034638.t01","private",3,1,0,10,0.916666666666667,0,0.290807416522316,0.42482814997113
"9477","Msa034657.t02","private",3,1,0,10,0.916666666666667,0,0.290807416522316,0.42482814997113
"9483","Msa034777.t01","private",5,1,0,10,0.916666666666667,0,0.290807416522316,0.42482814997113
"9494","Msa034957.t01","private",3,1,0,10,0.916666666666667,0,0.290807416522316,0.42482814997113
"9526","Msa035951.t02","private",5,1,0,10,0.916666666666667,0,0.290807416522316,0.42482814997113
"9545","Msa036248.t03","private",5,1,0,10,0.916666666666667,0,0.290807416522316,0.42482814997113
"9560","Msa036546.t01","private",3,1,0,10,0.916666666666667,0,0.290807416522316,0.42482814997113
"9562","Msa036555.t03","private",3,1,0,10,0.916666666666667,0,0.290807416522316,0.42482814997113
"9563","Msa036578.t02","private",3,1,0,10,0.916666666666667,0,0.290807416522316,0.42482814997113
"9572","Msa037022.t02","private",5,1,0,10,0.916666666666667,0,0.290807416522316,0.42482814997113
"9573","Msa037041.t01","private",6,1,0,10,0.916666666666667,0,0.290807416522316,0.42482814997113
"9580","Msa037211.t02","private",3,1,0,10,0.916666666666667,0,0.290807416522316,0.42482814997113
"9583","Msa037324.t01","private",4,1,0,10,0.916666666666667,0,0.290807416522316,0.42482814997113
"9591","Msa037367.t02","private",8,1,0,10,0.916666666666667,0,0.290807416522316,0.42482814997113
"9626","Msa038355.t02","private",4,1,0,10,0.916666666666667,0,0.290807416522316,0.42482814997113
"9636","Msa038628.t02","private",3,1,0,10,0.916666666666667,0,0.290807416522316,0.42482814997113
"9668","Msa039559.t02","private",3,1,0,10,0.916666666666667,0,0.290807416522316,0.42482814997113
"9676","Msa039739.t02","private",4,1,0,10,0.916666666666667,0,0.290807416522316,0.42482814997113
"9683","Msa039897.t01","private",3,1,0,10,0.916666666666667,0,0.290807416522316,0.42482814997113
"9698","Msa040173.t01","private",4,1,0,10,0.916666666666667,0,0.290807416522316,0.42482814997113
"9708","Msa040516.t02","private",3,1,0,10,0.916666666666667,0,0.290807416522316,0.42482814997113
"9729","Msa041136.t02","private",4,1,0,10,0.916666666666667,0,0.290807416522316,0.42482814997113
"9738","Msa041311.t03","private",3,1,0,10,0.916666666666667,0,0.290807416522316,0.42482814997113
"9739","Msa041336.t02","private",6,1,0,10,0.916666666666667,0,0.290807416522316,0.42482814997113
"9763","Msa042273.t02","private",3,1,0,10,0.916666666666667,0,0.290807416522316,0.42482814997113
"9778","Msa043170.t02","private",4,1,0,10,0.916666666666667,0,0.290807416522316,0.42482814997113
"9784","Msa043540.t02","private",3,1,0,10,0.916666666666667,0,0.290807416522316,0.42482814997113
"9791","Msa044429.t02","private",3,1,0,10,0.916666666666667,0,0.290807416522316,0.42482814997113
"9814","Msa047433.t02","private",4,1,0,10,0.916666666666667,0,0.290807416522316,0.42482814997113
"9819","Msa047690.t02","private",8,1,0,10,0.916666666666667,0,0.290807416522316,0.42482814997113
"9847","Msa049235.t02","private",4,1,0,10,0.916666666666667,0,0.290807416522316,0.42482814997113
"9848","Msa049291.t01","private",5,1,0,10,0.916666666666667,0,0.290807416522316,0.42482814997113
"9855","Msa049573.t01","private",3,1,0,10,0.916666666666667,0,0.290807416522316,0.42482814997113
"9856","Msa049575.t02","private",3,1,0,10,0.916666666666667,0,0.290807416522316,0.42482814997113
"9876","Msa050031.t02","private",3,1,0,10,0.916666666666667,0,0.290807416522316,0.42482814997113
"9879","Msa050115.t02","private",7,1,0,10,0.916666666666667,0,0.290807416522316,0.42482814997113
"9884","Msa050376.t01","private",3,1,0,10,0.916666666666667,0,0.290807416522316,0.42482814997113
"9892","Msa050628.t01","private",4,1,0,10,0.916666666666667,0,0.290807416522316,0.42482814997113
"9901","Msa050976.t03","private",4,1,0,10,0.916666666666667,0,0.290807416522316,0.42482814997113
"9907","Msa051179.t02","private",3,1,0,10,0.916666666666667,0,0.290807416522316,0.42482814997113
"9917","Msa051728.t02","private",3,1,0,10,0.916666666666667,0,0.290807416522316,0.42482814997113
"9924","Msa051812.t04","private",3,1,0,10,0.916666666666667,0,0.290807416522316,0.42482814997113
"9928","Msa051925.t02","private",3,1,0,10,0.916666666666667,0,0.290807416522316,0.42482814997113
"9935","Msa051998.t02","private",4,1,0,10,0.916666666666667,0,0.290807416522316,0.42482814997113
"9944","Msa052207.t03","private",4,1,0,10,0.916666666666667,0,0.290807416522316,0.42482814997113
"10097","zm4.44G0002370.t1","private",3,1,0,10,0.916666666666667,0,0.290807416522316,0.42482814997113
"10152","zm4.44G0027970.t1","private",3,1,0,10,0.916666666666667,0,0.290807416522316,0.42482814997113
"10570","zm4.54G0045290.t1","private",3,1,0,10,0.916666666666667,0,0.290807416522316,0.42482814997113
"10588","zm4.14G0003570.t1","private",3,1,0,10,0.916666666666667,0,0.290807416522316,0.42482814997113
"10665","zm4.84G0034140.t1","private",3,1,0,10,0.916666666666667,0,0.290807416522316,0.42482814997113
"14506","Mtrun006295.t01","private",3,1,0,10,0.916666666666667,0,0.290807416522316,0.42482814997113
"14564","Mtrun009954.t01","private",3,1,0,10,0.916666666666667,0,0.290807416522316,0.42482814997113
"14606","Mtrun011690.t01","private",3,1,0,10,0.916666666666667,0,0.290807416522316,0.42482814997113
"14648","Mtrun014033.t05","private",5,1,0,10,0.916666666666667,0,0.290807416522316,0.42482814997113
"14697","Mtrun016396.t01","private",3,1,0,10,0.916666666666667,0,0.290807416522316,0.42482814997113
"14919","Mtrun029489.t01","private",6,1,0,10,0.916666666666667,0,0.290807416522316,0.42482814997113
"14990","Mtrun034947.t03","private",3,1,0,10,0.916666666666667,0,0.290807416522316,0.42482814997113
"15226","Msa018189.t01","private",3,1,0,10,0.916666666666667,0,0.290807416522316,0.42482814997113
"15436","Msa072370.t02","private",3,1,0,10,0.916666666666667,0,0.290807416522316,0.42482814997113
"15553","evm.model.Chr06.1084.1.6a735208","private",3,1,0,10,0.916666666666667,0,0.290807416522316,0.42482814997113
"15672","Msa023857.t02","private",3,1,0,10,0.916666666666667,0,0.290807416522316,0.42482814997113
"16087","evm.model.Chr01.925.2.6a7351db","private",4,1,0,10,0.916666666666667,0,0.290807416522316,0.42482814997113
"16091","evm.model.Chr01.1032","private",3,1,0,10,0.916666666666667,0,0.290807416522316,0.42482814997113
"16430","Msa012104.t01","private",4,1,0,10,0.916666666666667,0,0.290807416522316,0.42482814997113
"16477","evm.model.Chr03.108","private",3,1,0,10,0.916666666666667,0,0.290807416522316,0.42482814997113
"16554","evm.model.Chr03.2284.1.6a735328","private",4,1,0,10,0.916666666666667,0,0.290807416522316,0.42482814997113
"16570","evm.model.Chr03.2757","private",3,1,0,10,0.916666666666667,0,0.290807416522316,0.42482814997113
"16594","Msa018401.t01","private",3,1,0,10,0.916666666666667,0,0.290807416522316,0.42482814997113
"17247","evm.model.Chr08.1733.1.6a735342","private",3,1,0,10,0.916666666666667,0,0.290807416522316,0.42482814997113
"17962","Mca021167.t01","private",3,1,0,10,0.916666666666667,0,0.290807416522316,0.42482814997113
"18724","Mru026900.t03","private",4,1,0,10,0.916666666666667,0,0.290807416522316,0.42482814997113
"18736","Mru039086.t01","private",4,1,0,10,0.916666666666667,0,0.290807416522316,0.42482814997113
"18982","Mru009748.t03","private",3,1,0,10,0.916666666666667,0,0.290807416522316,0.42482814997113
"19081","Mru012462.t03","private",7,1,0,10,0.916666666666667,0,0.290807416522316,0.42482814997113
"19303","Msa017668.t02","private",3,1,0,10,0.916666666666667,0,0.290807416522316,0.42482814997113
"19328","Mru019727.t02","private",7,1,0,10,0.916666666666667,0,0.290807416522316,0.42482814997113
"19388","Mru021886.t02","private",3,1,0,10,0.916666666666667,0,0.290807416522316,0.42482814997113
"19452","Mru024050.t02","private",3,1,0,10,0.916666666666667,0,0.290807416522316,0.42482814997113
"19645","Mru031210.t02","private",5,1,0,10,0.916666666666667,0,0.290807416522316,0.42482814997113
"19834","Mru037899.t03","private",3,1,0,10,0.916666666666667,0,0.290807416522316,0.42482814997113
"19875","Mru046917.t02","private",3,1,0,10,0.916666666666667,0,0.290807416522316,0.42482814997113
"20174","Mru050506.t02","private",7,1,0,10,0.916666666666667,0,0.290807416522316,0.42482814997113
"20259","Mru054227.t02","private",5,1,0,10,0.916666666666667,0,0.290807416522316,0.42482814997113
"20737","Mru027319.t06","private",3,1,0,10,0.916666666666667,0,0.290807416522316,0.42482814997113
"20769","Mru029332.t03","private",3,1,0,10,0.916666666666667,0,0.290807416522316,0.42482814997113
"21211","Mca002532.t02","private",4,1,0,10,0.916666666666667,0,0.290807416522316,0.42482814997113
"21254","zm4.72G0002810.t1","private",3,1,0,10,0.916666666666667,0,0.290807416522316,0.42482814997113
"21400","Mca006488.t01","private",3,1,0,10,0.916666666666667,0,0.290807416522316,0.42482814997113
"21405","Msa006828.t01","private",3,1,0,10,0.916666666666667,0,0.290807416522316,0.42482814997113
"22063","Msa020154.t01","private",3,1,0,10,0.916666666666667,0,0.290807416522316,0.42482814997113
"22124","Msa021254.t01","private",4,1,0,10,0.916666666666667,0,0.290807416522316,0.42482814997113
"22435","Mca028972.t02","private",3,1,0,10,0.916666666666667,0,0.290807416522316,0.42482814997113
"22540","Msa031512.t02","private",3,1,0,10,0.916666666666667,0,0.290807416522316,0.42482814997113
"22678","Mca034133.t02","private",3,1,0,10,0.916666666666667,0,0.290807416522316,0.42482814997113
"22945","Mca037296.t01","private",4,1,0,10,0.916666666666667,0,0.290807416522316,0.42482814997113
"22974","Mtrun029550.t02","private",3,1,0,10,0.916666666666667,0,0.290807416522316,0.42482814997113
"23406","Mca050445.t02","private",3,1,0,10,0.916666666666667,0,0.290807416522316,0.42482814997113
"24279","Mca032000.t02","private",3,1,0,10,0.916666666666667,0,0.290807416522316,0.42482814997113
"26657","Msa024644.t03","private",4,1,0,10,0.916666666666667,0,0.290807416522316,0.42482814997113
"26878","Msa032677.t03","private",3,1,0,10,0.916666666666667,0,0.290807416522316,0.42482814997113
"27362","Msa046581.t03","private",4,1,0,10,0.916666666666667,0,0.290807416522316,0.42482814997113
"27381","Msa047805.t02","private",3,1,0,10,0.916666666666667,0,0.290807416522316,0.42482814997113
"27525","Msa051810.t01","private",3,1,0,10,0.916666666666667,0,0.290807416522316,0.42482814997113
"27579","zm4.11G0048860.t1","private",3,1,0,10,0.916666666666667,0,0.290807416522316,0.42482814997113
"27656","zm4.12G0030470.t1","private",3,1,0,10,0.916666666666667,0,0.290807416522316,0.42482814997113
"11968","LOC_00035147-mRNA-1","dispensable",7,2,0,42,0.833333333333333,0,0.456143727825037,0.424562078898341
"12506","LOC_00003252-mRNA-1","dispensable",5,2,0,42,0.833333333333333,0,0.456143727825037,0.424562078898341
"7221","Msa069039.t01","dispensable",6,2,0,41,0.833333333333333,0,0.45329004057732,0.423991341448797
"26492","Msa019816.t01","dispensable",6,2,0,41,0.833333333333333,0,0.45329004057732,0.423991341448797
"14527","Mtrun007729.t01","dispensable",32,3,0,163,0.75,0,0.618491973902463,0.423698394780493
"3740","Msa038981.t01","dispensable",6,2,0,40,0.833333333333333,0,0.450367583204509,0.423406849974235
"4154","Mru000260.t04","dispensable",7,2,0,40,0.833333333333333,0,0.450367583204509,0.423406849974235
"4211","Mru005960.t03","dispensable",4,2,0,40,0.833333333333333,0,0.450367583204509,0.423406849974235
"4453","Mru029970.t02","dispensable",9,2,0,40,0.833333333333333,0,0.450367583204509,0.423406849974235
"4468","Mru031255.t02","dispensable",9,2,0,40,0.833333333333333,0,0.450367583204509,0.423406849974235
"4483","Mru032430.t03","dispensable",7,2,0,40,0.833333333333333,0,0.450367583204509,0.423406849974235
"4696","Mru052047.t02","dispensable",5,2,0,40,0.833333333333333,0,0.450367583204509,0.423406849974235
"4830","Mru014778.t02","dispensable",8,2,0,40,0.833333333333333,0,0.450367583204509,0.423406849974235
"4928","Mru012066.t02","dispensable",14,2,0,40,0.833333333333333,0,0.450367583204509,0.423406849974235
"5024","Mca000110.t02","dispensable",5,2,0,40,0.833333333333333,0,0.450367583204509,0.423406849974235
"5343","Mca015289.t02","dispensable",4,2,0,40,0.833333333333333,0,0.450367583204509,0.423406849974235
"5421","Mca018627.t02","dispensable",4,2,0,40,0.833333333333333,0,0.450367583204509,0.423406849974235
"5837","Mca036337.t01","dispensable",4,2,0,40,0.833333333333333,0,0.450367583204509,0.423406849974235
"6111","Mca047481.t01","dispensable",4,2,0,40,0.833333333333333,0,0.450367583204509,0.423406849974235
"7579","Msa094974.t01","dispensable",5,2,0,40,0.833333333333333,0,0.450367583204509,0.423406849974235
"8581","Msa003267.t02","dispensable",5,2,0,40,0.833333333333333,0,0.450367583204509,0.423406849974235
"9360","Mca029697.t01","dispensable",4,2,0,40,0.833333333333333,0,0.450367583204509,0.423406849974235
"9694","Msa040134.t01","dispensable",5,2,0,40,0.833333333333333,0,0.450367583204509,0.423406849974235
"11725","zm4.34G0064290.t1","dispensable",6,2,0,40,0.833333333333333,0,0.450367583204509,0.423406849974235
"11788","LOC_00033182-mRNA-1","dispensable",5,2,0,40,0.833333333333333,0,0.450367583204509,0.423406849974235
"12193","LOC_00038706-mRNA-1","dispensable",8,2,0,40,0.833333333333333,0,0.450367583204509,0.423406849974235
"13008","LOC_00010643-mRNA-3","dispensable",7,2,0,40,0.833333333333333,0,0.450367583204509,0.423406849974235
"14075","LOC_00048375-mRNA-1","dispensable",10,2,0,40,0.833333333333333,0,0.450367583204509,0.423406849974235
"16601","Mru020182.t03","dispensable",10,2,0,40,0.833333333333333,0,0.450367583204509,0.423406849974235
"17729","Mca017024.t01","dispensable",4,2,0,40,0.833333333333333,0,0.450367583204509,0.423406849974235
"19185","Mru015422.t01","dispensable",4,2,0,40,0.833333333333333,0,0.450367583204509,0.423406849974235
"19272","Mru017693.t02","dispensable",5,2,0,40,0.833333333333333,0,0.450367583204509,0.423406849974235
"19758","Mru039323.t01","dispensable",4,2,0,40,0.833333333333333,0,0.450367583204509,0.423406849974235
"20088","Mca042197.t02","dispensable",6,2,0,40,0.833333333333333,0,0.450367583204509,0.423406849974235
"21821","Mca034973.t01","dispensable",4,2,0,40,0.833333333333333,0,0.450367583204509,0.423406849974235
"21978","Mca018091.t01","dispensable",5,2,0,40,0.833333333333333,0,0.450367583204509,0.423406849974235
"22038","Mca019657.t01","dispensable",5,2,0,40,0.833333333333333,0,0.450367583204509,0.423406849974235
"28486","LOC_00033634-mRNA-1","dispensable",6,2,0,40,0.833333333333333,0,0.450367583204509,0.423406849974235
"3454","Mpoly008704.t01","private",5,1,0,9,0.916666666666667,0,0.279248568447676,0.422516380356202
"8150","Msa128873.t01","private",5,1,0,9,0.916666666666667,0,0.279248568447676,0.422516380356202
"8782","Msa011509.t02","private",5,1,0,9,0.916666666666667,0,0.279248568447676,0.422516380356202
"9163","Msa022813.t02","private",3,1,0,9,0.916666666666667,0,0.279248568447676,0.422516380356202
"9408","Msa032868.t02","private",4,1,0,9,0.916666666666667,0,0.279248568447676,0.422516380356202
"9601","Msa037660.t02","private",4,1,0,9,0.916666666666667,0,0.279248568447676,0.422516380356202
"9637","Msa038636.t02","private",3,1,0,9,0.916666666666667,0,0.279248568447676,0.422516380356202
"26451","Msa018805.t01","private",3,1,0,9,0.916666666666667,0,0.279248568447676,0.422516380356202
"162","Mara000738.t01","dispensable",31,3,0,155,0.75,0,0.612426904517869,0.422485380903574
"10480","Msa137742.t01","dispensable",24,3,0,155,0.75,0,0.612426904517869,0.422485380903574
"5079","Mca002927.t01","dispensable",6,2,0,37,0.833333333333333,0,0.441152307812366,0.421563794895807
"21568","Msa010274.t01","dispensable",4,2,0,37,0.833333333333333,0,0.441152307812366,0.421563794895807
"5404","Mca017864.t04","dispensable",4,2,0,36,0.833333333333333,0,0.437918086482887,0.420916950629911
"5439","Mca019401.t02","dispensable",10,2,0,36,0.833333333333333,0,0.437918086482887,0.420916950629911
"5581","Msa010568.t03","dispensable",10,2,0,36,0.833333333333333,0,0.437918086482887,0.420916950629911
"23748","Mca010338.t02","dispensable",5,2,0,36,0.833333333333333,0,0.437918086482887,0.420916950629911
"4157","Mru000708.t02","dispensable",4,2,0,35,0.833333333333333,0,0.434595245410804,0.420252382415494
"4553","Mru039171.t02","dispensable",6,2,0,35,0.833333333333333,0,0.434595245410804,0.420252382415494
"4609","Mru045560.t02","dispensable",4,2,0,35,0.833333333333333,0,0.434595245410804,0.420252382415494
"5797","Mca034589.t02","dispensable",4,2,0,35,0.833333333333333,0,0.434595245410804,0.420252382415494
"5921","Mca039387.t02","dispensable",8,2,0,35,0.833333333333333,0,0.434595245410804,0.420252382415494
"6491","Msa031333.t01","dispensable",4,2,0,35,0.833333333333333,0,0.434595245410804,0.420252382415494
"6972","Msa044032.t01","dispensable",7,2,0,35,0.833333333333333,0,0.434595245410804,0.420252382415494
"6986","Msa044813.t01","dispensable",4,2,0,35,0.833333333333333,0,0.434595245410804,0.420252382415494
"7197","Msa068406.t01","dispensable",4,2,0,35,0.833333333333333,0,0.434595245410804,0.420252382415494
"7774","Msa112031.t01","dispensable",4,2,0,35,0.833333333333333,0,0.434595245410804,0.420252382415494
"7796","Msa112515.t01","dispensable",6,2,0,35,0.833333333333333,0,0.434595245410804,0.420252382415494
"8364","Msa150473.t01","dispensable",8,2,0,35,0.833333333333333,0,0.434595245410804,0.420252382415494
"8914","Msa015471.t01","dispensable",4,2,0,35,0.833333333333333,0,0.434595245410804,0.420252382415494
"9566","Msa036790.t01","dispensable",5,2,0,35,0.833333333333333,0,0.434595245410804,0.420252382415494
"10420","zm4.24G0019700.t1","dispensable",5,2,0,35,0.833333333333333,0,0.434595245410804,0.420252382415494
"10434","evm.model.Chr01.2498","dispensable",7,2,0,35,0.833333333333333,0,0.434595245410804,0.420252382415494
"10469","zm4.64G0001770.t1","dispensable",6,2,0,35,0.833333333333333,0,0.434595245410804,0.420252382415494
"10492","Msa011325.t01","dispensable",5,2,0,35,0.833333333333333,0,0.434595245410804,0.420252382415494
"10541","zm4.54G0011440.t1","dispensable",4,2,0,35,0.833333333333333,0,0.434595245410804,0.420252382415494
"11565","LOC_00018209-mRNA-1","dispensable",4,2,0,35,0.833333333333333,0,0.434595245410804,0.420252382415494
"11799","LOC_00033311-mRNA-3","dispensable",5,2,0,35,0.833333333333333,0,0.434595245410804,0.420252382415494
"11842","LOC_00033740-mRNA-1","dispensable",4,2,0,35,0.833333333333333,0,0.434595245410804,0.420252382415494
"12732","Mtrun023712.t01","dispensable",5,2,0,35,0.833333333333333,0,0.434595245410804,0.420252382415494
"13013","LOC_00010661-mRNA-1","dispensable",7,2,0,35,0.833333333333333,0,0.434595245410804,0.420252382415494
"13335","LOC_00029326-mRNA-1","dispensable",4,2,0,35,0.833333333333333,0,0.434595245410804,0.420252382415494
"14109","LOC_00049125-mRNA-1","dispensable",10,2,0,35,0.833333333333333,0,0.434595245410804,0.420252382415494
"14529","LOC_00014830-mRNA-3","dispensable",5,2,0,35,0.833333333333333,0,0.434595245410804,0.420252382415494
"14556","Mtrun009166.t01","dispensable",6,2,0,35,0.833333333333333,0,0.434595245410804,0.420252382415494
"15115","Mara007303.t01","dispensable",5,2,0,35,0.833333333333333,0,0.434595245410804,0.420252382415494
"15245","Mpoly012585.t02","dispensable",5,2,0,35,0.833333333333333,0,0.434595245410804,0.420252382415494
"15298","evm.model.Chr03.1140","dispensable",7,2,0,35,0.833333333333333,0,0.434595245410804,0.420252382415494
"16946","evm.model.Chr06.621","dispensable",7,2,0,35,0.833333333333333,0,0.434595245410804,0.420252382415494
"17031","Mca022044.t01","dispensable",5,2,0,35,0.833333333333333,0,0.434595245410804,0.420252382415494
"17277","Mca042847.t01","dispensable",6,2,0,35,0.833333333333333,0,0.434595245410804,0.420252382415494
"18634","Mru047690.t01","dispensable",4,2,0,35,0.833333333333333,0,0.434595245410804,0.420252382415494
"20074","Mru046379.t01","dispensable",4,2,0,35,0.833333333333333,0,0.434595245410804,0.420252382415494
"20274","zm4.74G0014310.t1","dispensable",5,2,0,35,0.833333333333333,0,0.434595245410804,0.420252382415494
"21180","Msa001873.t01","dispensable",4,2,0,35,0.833333333333333,0,0.434595245410804,0.420252382415494
"23106","Mca039992.t01","dispensable",4,2,0,35,0.833333333333333,0,0.434595245410804,0.420252382415494
"24211","Msa038889.t01","dispensable",5,2,0,35,0.833333333333333,0,0.434595245410804,0.420252382415494
"26208","Msa013071.t01","dispensable",6,2,0,35,0.833333333333333,0,0.434595245410804,0.420252382415494
"28210","zm4.14G0022130.t1","dispensable",4,2,0,35,0.833333333333333,0,0.434595245410804,0.420252382415494
"1113","Mara019030.t01","private",3,1,0,8,0.916666666666667,0,0.26647085471285,0.419960837609237
"1909","Mara037258.t01","private",3,1,0,8,0.916666666666667,0,0.26647085471285,0.419960837609237
"8790","Msa011743.t02","private",3,1,0,8,0.916666666666667,0,0.26647085471285,0.419960837609237
"9298","Msa029951.t02","private",4,1,0,8,0.916666666666667,0,0.26647085471285,0.419960837609237
"9551","Msa036386.t02","private",3,1,0,8,0.916666666666667,0,0.26647085471285,0.419960837609237
"3908","Mpoly031241.t02","dispensable",11,2,0,33,0.833333333333333,0,0.427663295191848,0.418865992371703
"5248","Mca011479.t03","dispensable",7,2,0,33,0.833333333333333,0,0.427663295191848,0.418865992371703
"4660","Mru048924.t03","dispensable",19,3,0,130,0.75,0,0.591244978327229,0.418248995665446
"4668","Mru049763.t04","dispensable",6,2,0,31,0.833333333333333,0,0.420310976744885,0.41739552868231
"11559","Mtrun003296.t01","dispensable",89,4,0,493,0.666666666666667,0,0.752219394275856,0.417110545521838
"1613","Mara029746.t01","private",6,1,0,7,0.916666666666667,0,0.252186586046931,0.417103983876053
"8716","Msa009454.t03","private",3,1,0,7,0.916666666666667,0,0.252186586046931,0.417103983876053
"18321","Msa130426.t03","private",4,1,0,7,0.916666666666667,0,0.252186586046931,0.417103983876053
"20766","Msa067072.t01","private",3,1,0,7,0.916666666666667,0,0.252186586046931,0.417103983876053
"1071","Mara018213.t01","dispensable",7,2,0,30,0.833333333333333,0,0.416460618040923,0.416625456941518
"2378","evm.model.Chr02.802","dispensable",8,2,0,30,0.833333333333333,0,0.416460618040923,0.416625456941518
"2558","evm.model.Chr03.1777","dispensable",7,2,0,30,0.833333333333333,0,0.416460618040923,0.416625456941518
"2806","evm.model.Chr05.295","dispensable",6,2,0,30,0.833333333333333,0,0.416460618040923,0.416625456941518
"4180","Mru002847.t03","dispensable",7,2,0,30,0.833333333333333,0,0.416460618040923,0.416625456941518
"4184","Mru003140.t01","dispensable",5,2,0,30,0.833333333333333,0,0.416460618040923,0.416625456941518
"4199","Mru004941.t04","dispensable",4,2,0,30,0.833333333333333,0,0.416460618040923,0.416625456941518
"4224","Mru007464.t03","dispensable",5,2,0,30,0.833333333333333,0,0.416460618040923,0.416625456941518
"4230","Mru008254.t02","dispensable",3,2,0,30,0.833333333333333,0,0.416460618040923,0.416625456941518
"4257","Mru010785.t02","dispensable",5,2,0,30,0.833333333333333,0,0.416460618040923,0.416625456941518
"4279","Mru013405.t04","dispensable",3,2,0,30,0.833333333333333,0,0.416460618040923,0.416625456941518
"4283","Mru013842.t02","dispensable",4,2,0,30,0.833333333333333,0,0.416460618040923,0.416625456941518
"4286","Mru013948.t01","dispensable",3,2,0,30,0.833333333333333,0,0.416460618040923,0.416625456941518
"4296","Mru015000.t02","dispensable",3,2,0,30,0.833333333333333,0,0.416460618040923,0.416625456941518
"4321","Mru028448.t04","dispensable",10,2,0,30,0.833333333333333,0,0.416460618040923,0.416625456941518
"4322","Mru018108.t03","dispensable",7,2,0,30,0.833333333333333,0,0.416460618040923,0.416625456941518
"4339","Mru019393.t02","dispensable",4,2,0,30,0.833333333333333,0,0.416460618040923,0.416625456941518
"4341","Mru019557.t02","dispensable",5,2,0,30,0.833333333333333,0,0.416460618040923,0.416625456941518
"4346","Mru019878.t02","dispensable",3,2,0,30,0.833333333333333,0,0.416460618040923,0.416625456941518
"4397","Mru024051.t02","dispensable",4,2,0,30,0.833333333333333,0,0.416460618040923,0.416625456941518
"4454","Mru030091.t04","dispensable",9,2,0,30,0.833333333333333,0,0.416460618040923,0.416625456941518
"4510","Mru035506.t02","dispensable",3,2,0,30,0.833333333333333,0,0.416460618040923,0.416625456941518
"4516","Mru036159.t02","dispensable",4,2,0,30,0.833333333333333,0,0.416460618040923,0.416625456941518
"4523","Mru037051.t04","dispensable",3,2,0,30,0.833333333333333,0,0.416460618040923,0.416625456941518
"4670","Mru049815.t04","dispensable",5,2,0,30,0.833333333333333,0,0.416460618040923,0.416625456941518
"4677","Mru050148.t01","dispensable",4,2,0,30,0.833333333333333,0,0.416460618040923,0.416625456941518
"4812","Mru009611.t03","dispensable",6,2,0,30,0.833333333333333,0,0.416460618040923,0.416625456941518
"4856","Mru021673.t02","dispensable",4,2,0,30,0.833333333333333,0,0.416460618040923,0.416625456941518
"4904","Mru031507.t02","dispensable",5,2,0,30,0.833333333333333,0,0.416460618040923,0.416625456941518
"4912","Mru034015.t03","dispensable",4,2,0,30,0.833333333333333,0,0.416460618040923,0.416625456941518
"4967","Mru008630.t01","dispensable",5,2,0,30,0.833333333333333,0,0.416460618040923,0.416625456941518
"5036","Mca000444.t01","dispensable",3,2,0,30,0.833333333333333,0,0.416460618040923,0.416625456941518
"5050","Mca001303.t02","dispensable",5,2,0,30,0.833333333333333,0,0.416460618040923,0.416625456941518
"5094","Mca003720.t02","dispensable",3,2,0,30,0.833333333333333,0,0.416460618040923,0.416625456941518
"5177","Mca007378.t01","dispensable",3,2,0,30,0.833333333333333,0,0.416460618040923,0.416625456941518
"5200","Mca008883.t01","dispensable",4,2,0,30,0.833333333333333,0,0.416460618040923,0.416625456941518
"5232","Mca010748.t01","dispensable",3,2,0,30,0.833333333333333,0,0.416460618040923,0.416625456941518
"5395","Mca017378.t01","dispensable",3,2,0,30,0.833333333333333,0,0.416460618040923,0.416625456941518
"5418","Mca018576.t02","dispensable",6,2,0,30,0.833333333333333,0,0.416460618040923,0.416625456941518
"5428","Mca018884.t03","dispensable",3,2,0,30,0.833333333333333,0,0.416460618040923,0.416625456941518
"5498","Mca021264.t01","dispensable",3,2,0,30,0.833333333333333,0,0.416460618040923,0.416625456941518
"5840","Mca036624.t01","dispensable",3,2,0,30,0.833333333333333,0,0.416460618040923,0.416625456941518
"5905","Mca038983.t02","dispensable",12,2,0,30,0.833333333333333,0,0.416460618040923,0.416625456941518
"6135","Mca048613.t02","dispensable",5,2,0,30,0.833333333333333,0,0.416460618040923,0.416625456941518
"6387","Mca003472.t04","dispensable",3,2,0,30,0.833333333333333,0,0.416460618040923,0.416625456941518
"6439","Mca012048.t03","dispensable",3,2,0,30,0.833333333333333,0,0.416460618040923,0.416625456941518
"6482","Mca018146.t03","dispensable",3,2,0,30,0.833333333333333,0,0.416460618040923,0.416625456941518
"6485","Mca018409.t06","dispensable",5,2,0,30,0.833333333333333,0,0.416460618040923,0.416625456941518
"6566","Mca028374.t02","dispensable",4,2,0,30,0.833333333333333,0,0.416460618040923,0.416625456941518
"6567","Mca028418.t01","dispensable",3,2,0,30,0.833333333333333,0,0.416460618040923,0.416625456941518
"6596","Mca031800.t05","dispensable",5,2,0,30,0.833333333333333,0,0.416460618040923,0.416625456941518
"6880","Msa025174.t01","dispensable",3,2,0,30,0.833333333333333,0,0.416460618040923,0.416625456941518
"6942","Msa037323.t01","dispensable",5,2,0,30,0.833333333333333,0,0.416460618040923,0.416625456941518
"7023","Mca020009.t02","dispensable",5,2,0,30,0.833333333333333,0,0.416460618040923,0.416625456941518
"7029","Msa048608.t03","dispensable",5,2,0,30,0.833333333333333,0,0.416460618040923,0.416625456941518
"7896","Msa114296.t03","dispensable",8,2,0,30,0.833333333333333,0,0.416460618040923,0.416625456941518
"8156","Msa129020.t01","dispensable",4,2,0,30,0.833333333333333,0,0.416460618040923,0.416625456941518
"8332","Msa149243.t01","dispensable",6,2,0,30,0.833333333333333,0,0.416460618040923,0.416625456941518
"8451","Msa153191.t01","dispensable",7,2,0,30,0.833333333333333,0,0.416460618040923,0.416625456941518
"8600","Msa005718.t01","dispensable",4,2,0,30,0.833333333333333,0,0.416460618040923,0.416625456941518
"8692","Msa008571.t02","dispensable",8,2,0,30,0.833333333333333,0,0.416460618040923,0.416625456941518
"8722","Msa022432.t01","dispensable",4,2,0,30,0.833333333333333,0,0.416460618040923,0.416625456941518
"9498","Msa035088.t04","dispensable",5,2,0,30,0.833333333333333,0,0.416460618040923,0.416625456941518
"9505","Msa035336.t01","dispensable",4,2,0,30,0.833333333333333,0,0.416460618040923,0.416625456941518
"9686","Mru041877.t01","dispensable",5,2,0,30,0.833333333333333,0,0.416460618040923,0.416625456941518
"9762","Msa042272.t02","dispensable",5,2,0,30,0.833333333333333,0,0.416460618040923,0.416625456941518
"10121","zm4.44G0013670.t1","dispensable",4,2,0,30,0.833333333333333,0,0.416460618040923,0.416625456941518
"10125","zm4.44G0015700.t1","dispensable",4,2,0,30,0.833333333333333,0,0.416460618040923,0.416625456941518
"10178","zm4.44G0046610.t1","dispensable",5,2,0,30,0.833333333333333,0,0.416460618040923,0.416625456941518
"10426","zm4.24G0022330.t1","dispensable",4,2,0,30,0.833333333333333,0,0.416460618040923,0.416625456941518
"10634","Mca047710.t01","dispensable",4,2,0,30,0.833333333333333,0,0.416460618040923,0.416625456941518
"10769","LOC_00021287-mRNA-1","dispensable",5,2,0,30,0.833333333333333,0,0.416460618040923,0.416625456941518
"11016","LOC_00024585-mRNA-1","dispensable",4,2,0,30,0.833333333333333,0,0.416460618040923,0.416625456941518
"11250","LOC_00013823-mRNA-1","dispensable",5,2,0,30,0.833333333333333,0,0.416460618040923,0.416625456941518
"11821","LOC_00033533-mRNA-1","dispensable",4,2,0,30,0.833333333333333,0,0.416460618040923,0.416625456941518
"12315","LOC_00000970-mRNA-1","dispensable",4,2,0,30,0.833333333333333,0,0.416460618040923,0.416625456941518
"12352","LOC_00001567-mRNA-2","dispensable",4,2,0,30,0.833333333333333,0,0.416460618040923,0.416625456941518
"13255","LOC_00027948-mRNA-1","dispensable",4,2,0,30,0.833333333333333,0,0.416460618040923,0.416625456941518
"13656","LOC_00017045-mRNA-1","dispensable",5,2,0,30,0.833333333333333,0,0.416460618040923,0.416625456941518
"14111","LOC_00049145-mRNA-1","dispensable",4,2,0,30,0.833333333333333,0,0.416460618040923,0.416625456941518
"14152","LOC_00049880-mRNA-1","dispensable",6,2,0,30,0.833333333333333,0,0.416460618040923,0.416625456941518
"14498","Mtrun005114.t01","dispensable",6,2,0,30,0.833333333333333,0,0.416460618040923,0.416625456941518
"15195","Mara013595.t01","dispensable",7,2,0,30,0.833333333333333,0,0.416460618040923,0.416625456941518
"15446","Mca036568.t01","dispensable",5,2,0,30,0.833333333333333,0,0.416460618040923,0.416625456941518
"15467","Mru036348.t02","dispensable",3,2,0,30,0.833333333333333,0,0.416460618040923,0.416625456941518
"15592","Mca039064.t02","dispensable",3,2,0,30,0.833333333333333,0,0.416460618040923,0.416625456941518
"15828","Mru047862.t03","dispensable",4,2,0,30,0.833333333333333,0,0.416460618040923,0.416625456941518
"16546","Mca016912.t03","dispensable",3,2,0,30,0.833333333333333,0,0.416460618040923,0.416625456941518
"16631","Mru021475.t02","dispensable",3,2,0,30,0.833333333333333,0,0.416460618040923,0.416625456941518
"16669","evm.model.Chr04.215","dispensable",8,2,0,30,0.833333333333333,0,0.416460618040923,0.416625456941518
"16872","Msa093869.t01","dispensable",4,2,0,30,0.833333333333333,0,0.416460618040923,0.416625456941518
"16903","Mca030865.t02","dispensable",3,2,0,30,0.833333333333333,0,0.416460618040923,0.416625456941518
"16963","Mru032639.t02","dispensable",3,2,0,30,0.833333333333333,0,0.416460618040923,0.416625456941518
"17252","Msa037785.t01","dispensable",3,2,0,30,0.833333333333333,0,0.416460618040923,0.416625456941518
"17352","Msa000657.t02","dispensable",4,2,0,30,0.833333333333333,0,0.416460618040923,0.416625456941518
"17555","Mpoly006508.t01","dispensable",5,2,0,30,0.833333333333333,0,0.416460618040923,0.416625456941518
"17645","Mca011495.t01","dispensable",4,2,0,30,0.833333333333333,0,0.416460618040923,0.416625456941518
"18629","Mru039180.t01","dispensable",3,2,0,30,0.833333333333333,0,0.416460618040923,0.416625456941518
"18728","Mru039524.t01","dispensable",3,2,0,30,0.833333333333333,0,0.416460618040923,0.416625456941518
"18746","Mru037480.t01","dispensable",3,2,0,30,0.833333333333333,0,0.416460618040923,0.416625456941518
"18785","Mru011419.t01","dispensable",3,2,0,30,0.833333333333333,0,0.416460618040923,0.416625456941518
"18788","Mru004720.t02","dispensable",3,2,0,30,0.833333333333333,0,0.416460618040923,0.416625456941518
"18817","Mru022967.t01","dispensable",3,2,0,30,0.833333333333333,0,0.416460618040923,0.416625456941518
"18908","Mru041432.t01","dispensable",4,2,0,30,0.833333333333333,0,0.416460618040923,0.416625456941518
"18951","Mru011183.t01","dispensable",3,2,0,30,0.833333333333333,0,0.416460618040923,0.416625456941518
"18960","Mru009029.t01","dispensable",3,2,0,30,0.833333333333333,0,0.416460618040923,0.416625456941518
"19037","Mru052026.t01","dispensable",3,2,0,30,0.833333333333333,0,0.416460618040923,0.416625456941518
"19062","Mru040427.t01","dispensable",3,2,0,30,0.833333333333333,0,0.416460618040923,0.416625456941518
"19077","Mca031627.t01","dispensable",3,2,0,30,0.833333333333333,0,0.416460618040923,0.416625456941518
"19082","Mru012472.t02","dispensable",3,2,0,30,0.833333333333333,0,0.416460618040923,0.416625456941518
"19733","Mru036499.t01","dispensable",3,2,0,30,0.833333333333333,0,0.416460618040923,0.416625456941518
"19811","Mru037191.t02","dispensable",3,2,0,30,0.833333333333333,0,0.416460618040923,0.416625456941518
"19852","Mca034965.t02","dispensable",3,2,0,30,0.833333333333333,0,0.416460618040923,0.416625456941518
"19859","Mru038555.t01","dispensable",3,2,0,30,0.833333333333333,0,0.416460618040923,0.416625456941518
"19964","Mru041989.t02","dispensable",3,2,0,30,0.833333333333333,0,0.416460618040923,0.416625456941518
"20020","Mru044249.t01","dispensable",6,2,0,30,0.833333333333333,0,0.416460618040923,0.416625456941518
"20029","Mru044820.t02","dispensable",4,2,0,30,0.833333333333333,0,0.416460618040923,0.416625456941518
"20294","Mru055549.t02","dispensable",4,2,0,30,0.833333333333333,0,0.416460618040923,0.416625456941518
"20519","Mca024771.t03","dispensable",3,2,0,30,0.833333333333333,0,0.416460618040923,0.416625456941518
"20738","Mru027338.t01","dispensable",3,2,0,30,0.833333333333333,0,0.416460618040923,0.416625456941518
"21263","Mca035443.t01","dispensable",3,2,0,30,0.833333333333333,0,0.416460618040923,0.416625456941518
"21452","Mca007529.t01","dispensable",4,2,0,30,0.833333333333333,0,0.416460618040923,0.416625456941518
"21571","Mca009787.t01","dispensable",3,2,0,30,0.833333333333333,0,0.416460618040923,0.416625456941518
"21595","Mca010386.t02","dispensable",3,2,0,30,0.833333333333333,0,0.416460618040923,0.416625456941518
"21675","Mca011618.t01","dispensable",3,2,0,30,0.833333333333333,0,0.416460618040923,0.416625456941518
"21751","Msa013550.t01","dispensable",3,2,0,30,0.833333333333333,0,0.416460618040923,0.416625456941518
"21772","Mca012713.t01","dispensable",3,2,0,30,0.833333333333333,0,0.416460618040923,0.416625456941518
"21880","Mca015713.t01","dispensable",3,2,0,30,0.833333333333333,0,0.416460618040923,0.416625456941518
"22075","Msa040531.t01","dispensable",4,2,0,30,0.833333333333333,0,0.416460618040923,0.416625456941518
"22258","Mca023296.t01","dispensable",3,2,0,30,0.833333333333333,0,0.416460618040923,0.416625456941518
"22441","Mca010378.t01","dispensable",3,2,0,30,0.833333333333333,0,0.416460618040923,0.416625456941518
"22576","Msa038283.t01","dispensable",3,2,0,30,0.833333333333333,0,0.416460618040923,0.416625456941518
"22671","Mca034019.t01","dispensable",4,2,0,30,0.833333333333333,0,0.416460618040923,0.416625456941518
"22688","Mca034322.t01","dispensable",3,2,0,30,0.833333333333333,0,0.416460618040923,0.416625456941518
"22904","Mca039000.t01","dispensable",3,2,0,30,0.833333333333333,0,0.416460618040923,0.416625456941518
"23105","Mca030309.t02","dispensable",3,2,0,30,0.833333333333333,0,0.416460618040923,0.416625456941518
"23292","Mca047323.t01","dispensable",3,2,0,30,0.833333333333333,0,0.416460618040923,0.416625456941518
"23395","Mca050330.t01","dispensable",4,2,0,30,0.833333333333333,0,0.416460618040923,0.416625456941518
"23729","Mca009881.t02","dispensable",4,2,0,30,0.833333333333333,0,0.416460618040923,0.416625456941518
"23777","LOC_00010638-mRNA-1","dispensable",3,2,0,30,0.833333333333333,0,0.416460618040923,0.416625456941518
"23881","Msa128230.t01","dispensable",4,2,0,30,0.833333333333333,0,0.416460618040923,0.416625456941518
"23949","Mca017836.t01","dispensable",5,2,0,30,0.833333333333333,0,0.416460618040923,0.416625456941518
"24241","Mca035663.t01","dispensable",3,2,0,30,0.833333333333333,0,0.416460618040923,0.416625456941518
"24520","Msa037280.t01","dispensable",4,2,0,30,0.833333333333333,0,0.416460618040923,0.416625456941518
"24568","Mca037191.t03","dispensable",3,2,0,30,0.833333333333333,0,0.416460618040923,0.416625456941518
"24607","zm4.74G0012850.t1","dispensable",4,2,0,30,0.833333333333333,0,0.416460618040923,0.416625456941518
"25366","Msa093862.t01","dispensable",6,2,0,30,0.833333333333333,0,0.416460618040923,0.416625456941518
"28398","LOC_00015758-mRNA-1","dispensable",4,2,0,30,0.833333333333333,0,0.416460618040923,0.416625456941518
"28710","LOC_00029260-mRNA-1","dispensable",4,2,0,30,0.833333333333333,0,0.416460618040923,0.416625456941518
"5578","Mca027422.t02","dispensable",10,2,0,29,0.833333333333333,0,0.412483995804101,0.415830132494154
"5767","Mca033138.t01","dispensable",3,2,0,29,0.833333333333333,0,0.412483995804101,0.415830132494154
"6801","Msa004685.t01","dispensable",3,2,0,29,0.833333333333333,0,0.412483995804101,0.415830132494154
"5273","Mca012391.t07","dispensable",4,2,0,28,0.833333333333333,0,0.408372547414032,0.41500784281614
"6670","Mca040740.t01","dispensable",8,2,0,28,0.833333333333333,0,0.408372547414032,0.41500784281614
"13014","LOC_00010662-mRNA-1","dispensable",5,2,0,28,0.833333333333333,0,0.408372547414032,0.41500784281614
"19187","Mru026882.t01","dispensable",3,2,0,28,0.833333333333333,0,0.408372547414032,0.41500784281614
"9786","Msa043612.t03","dispensable",5,2,0,27,0.833333333333333,0,0.404116808569872,0.414156695047308
"18057","Mca044182.t01","dispensable",3,2,0,27,0.833333333333333,0,0.404116808569872,0.414156695047308
"3910","Mpoly031246.t01","private",3,1,0,6,0.916666666666667,0,0.235992417871918,0.41386515024105
"6917","Msa027753.t01","private",3,1,0,6,0.916666666666667,0,0.235992417871918,0.41386515024105
"9457","Msa034215.t01","private",3,1,0,6,0.916666666666667,0,0.235992417871918,0.41386515024105
"19149","Msa012761.t01","private",3,1,0,6,0.916666666666667,0,0.235992417871918,0.41386515024105
"7566","Msa094631.t02","dispensable",13,2,0,26,0.833333333333333,0,0.399706282069275,0.413274589747188
"202","Mara002839.t01","dispensable",5,2,0,25,0.833333333333333,0,0.395129281812467,0.412359189695827
"746","Mara011888.t01","dispensable",4,2,0,25,0.833333333333333,0,0.395129281812467,0.412359189695827
"881","Mru016148.t01","dispensable",4,2,0,25,0.833333333333333,0,0.395129281812467,0.412359189695827
"898","Mara014431.t01","dispensable",4,2,0,25,0.833333333333333,0,0.395129281812467,0.412359189695827
"1493","Mara026607.t01","dispensable",3,2,0,25,0.833333333333333,0,0.395129281812467,0.412359189695827
"1736","Mara032561.t01","dispensable",3,2,0,25,0.833333333333333,0,0.395129281812467,0.412359189695827
"3401","Mpoly005666.t03","dispensable",5,2,0,25,0.833333333333333,0,0.395129281812467,0.412359189695827
"3694","Mpoly021358.t01","dispensable",5,2,0,25,0.833333333333333,0,0.395129281812467,0.412359189695827
"3951","Mpoly034117.t02","dispensable",7,2,0,25,0.833333333333333,0,0.395129281812467,0.412359189695827
"4009","Mpoly036129.t01","dispensable",5,2,0,25,0.833333333333333,0,0.395129281812467,0.412359189695827
"4181","Mru002972.t02","dispensable",7,2,0,25,0.833333333333333,0,0.395129281812467,0.412359189695827
"4247","Mru009043.t04","dispensable",8,2,0,25,0.833333333333333,0,0.395129281812467,0.412359189695827
"4360","Mru021321.t01","dispensable",3,2,0,25,0.833333333333333,0,0.395129281812467,0.412359189695827
"4388","Mru023293.t03","dispensable",4,2,0,25,0.833333333333333,0,0.395129281812467,0.412359189695827
"4390","Mru023365.t04","dispensable",3,2,0,25,0.833333333333333,0,0.395129281812467,0.412359189695827
"4429","evm.model.Chr04.3695","dispensable",8,2,0,25,0.833333333333333,0,0.395129281812467,0.412359189695827
"4459","Mru029825.t05","dispensable",5,2,0,25,0.833333333333333,0,0.395129281812467,0.412359189695827
"4572","Mru041623.t03","dispensable",3,2,0,25,0.833333333333333,0,0.395129281812467,0.412359189695827
"4642","Mru047550.t02","dispensable",5,2,0,25,0.833333333333333,0,0.395129281812467,0.412359189695827
"4761","Mca007944.t02","dispensable",4,2,0,25,0.833333333333333,0,0.395129281812467,0.412359189695827
"4950","Mru042850.t02","dispensable",9,2,0,25,0.833333333333333,0,0.395129281812467,0.412359189695827
"5090","Mca003444.t01","dispensable",3,2,0,25,0.833333333333333,0,0.395129281812467,0.412359189695827
"5137","Mca005566.t01","dispensable",8,2,0,25,0.833333333333333,0,0.395129281812467,0.412359189695827
"5225","Mca010227.t02","dispensable",5,2,0,25,0.833333333333333,0,0.395129281812467,0.412359189695827
"5277","Mca012532.t02","dispensable",7,2,0,25,0.833333333333333,0,0.395129281812467,0.412359189695827
"5341","Mca015153.t01","dispensable",4,2,0,25,0.833333333333333,0,0.395129281812467,0.412359189695827
"5596","Mca027109.t04","dispensable",4,2,0,25,0.833333333333333,0,0.395129281812467,0.412359189695827
"5602","Mca027280.t02","dispensable",7,2,0,25,0.833333333333333,0,0.395129281812467,0.412359189695827
"5670","Mca029614.t01","dispensable",3,2,0,25,0.833333333333333,0,0.395129281812467,0.412359189695827
"5707","Mca031139.t01","dispensable",3,2,0,25,0.833333333333333,0,0.395129281812467,0.412359189695827
"5889","Mpoly026904.t01","dispensable",4,2,0,25,0.833333333333333,0,0.395129281812467,0.412359189695827
"5903","Mca038875.t01","dispensable",5,2,0,25,0.833333333333333,0,0.395129281812467,0.412359189695827
"6062","Mca045595.t02","dispensable",6,2,0,25,0.833333333333333,0,0.395129281812467,0.412359189695827
"6083","Mca046354.t01","dispensable",7,2,0,25,0.833333333333333,0,0.395129281812467,0.412359189695827
"6571","Mca029367.t02","dispensable",3,2,0,25,0.833333333333333,0,0.395129281812467,0.412359189695827
"6774","Msa002588.t01","dispensable",3,2,0,25,0.833333333333333,0,0.395129281812467,0.412359189695827
"6866","Msa024112.t01","dispensable",3,2,0,25,0.833333333333333,0,0.395129281812467,0.412359189695827
"6926","Msa030402.t01","dispensable",3,2,0,25,0.833333333333333,0,0.395129281812467,0.412359189695827
"6961","Msa043214.t01","dispensable",5,2,0,25,0.833333333333333,0,0.395129281812467,0.412359189695827
"6964","Msa043678.t01","dispensable",3,2,0,25,0.833333333333333,0,0.395129281812467,0.412359189695827
"7012","Msa047340.t01","dispensable",4,2,0,25,0.833333333333333,0,0.395129281812467,0.412359189695827
"7266","Msa071538.t01","dispensable",5,2,0,25,0.833333333333333,0,0.395129281812467,0.412359189695827
"7508","Msa093521.t01","dispensable",3,2,0,25,0.833333333333333,0,0.395129281812467,0.412359189695827
"7735","Msa111368.t01","dispensable",3,2,0,25,0.833333333333333,0,0.395129281812467,0.412359189695827
"7809","Msa112788.t01","dispensable",4,2,0,25,0.833333333333333,0,0.395129281812467,0.412359189695827
"8033","Msa126382.t01","dispensable",3,2,0,25,0.833333333333333,0,0.395129281812467,0.412359189695827
"8056","Msa126884.t01","dispensable",3,2,0,25,0.833333333333333,0,0.395129281812467,0.412359189695827
"8095","Msa127519.t01","dispensable",4,2,0,25,0.833333333333333,0,0.395129281812467,0.412359189695827
"8147","Msa128786.t01","dispensable",3,2,0,25,0.833333333333333,0,0.395129281812467,0.412359189695827
"8318","Mtrun029877.t03","dispensable",7,2,0,25,0.833333333333333,0,0.395129281812467,0.412359189695827
"8618","Msa006152.t01","dispensable",3,2,0,25,0.833333333333333,0,0.395129281812467,0.412359189695827
"8698","Msa008733.t01","dispensable",3,2,0,25,0.833333333333333,0,0.395129281812467,0.412359189695827
"8784","Msa011662.t01","dispensable",3,2,0,25,0.833333333333333,0,0.395129281812467,0.412359189695827
"8842","Msa013178.t01","dispensable",3,2,0,25,0.833333333333333,0,0.395129281812467,0.412359189695827
"8924","Msa015840.t01","dispensable",5,2,0,25,0.833333333333333,0,0.395129281812467,0.412359189695827
"8927","Msa015867.t01","dispensable",3,2,0,25,0.833333333333333,0,0.395129281812467,0.412359189695827
"8934","Msa016149.t01","dispensable",3,2,0,25,0.833333333333333,0,0.395129281812467,0.412359189695827
"9012","Msa018629.t02","dispensable",5,2,0,25,0.833333333333333,0,0.395129281812467,0.412359189695827
"9029","Msa018898.t01","dispensable",5,2,0,25,0.833333333333333,0,0.395129281812467,0.412359189695827
"9095","Msa020721.t01","dispensable",3,2,0,25,0.833333333333333,0,0.395129281812467,0.412359189695827
"9306","Msa030193.t01","dispensable",3,2,0,25,0.833333333333333,0,0.395129281812467,0.412359189695827
"9310","Msa030272.t01","dispensable",3,2,0,25,0.833333333333333,0,0.395129281812467,0.412359189695827
"9390","Msa032422.t01","dispensable",4,2,0,25,0.833333333333333,0,0.395129281812467,0.412359189695827
"9604","Msa037792.t01","dispensable",3,2,0,25,0.833333333333333,0,0.395129281812467,0.412359189695827
"9675","Msa039705.t01","dispensable",3,2,0,25,0.833333333333333,0,0.395129281812467,0.412359189695827
"9713","Msa040743.t01","dispensable",6,2,0,25,0.833333333333333,0,0.395129281812467,0.412359189695827
"9861","Msa049664.t02","dispensable",6,2,0,25,0.833333333333333,0,0.395129281812467,0.412359189695827
"10110","zm4.44G0009200.t1","dispensable",5,2,0,25,0.833333333333333,0,0.395129281812467,0.412359189695827
"10120","zm4.44G0013550.t1","dispensable",3,2,0,25,0.833333333333333,0,0.395129281812467,0.412359189695827
"10136","zm4.44G0018850.t1","dispensable",4,2,0,25,0.833333333333333,0,0.395129281812467,0.412359189695827
"10149","zm4.44G0026810.t1","dispensable",5,2,0,25,0.833333333333333,0,0.395129281812467,0.412359189695827
"10206","zm4.34G0001120.t1","dispensable",3,2,0,25,0.833333333333333,0,0.395129281812467,0.412359189695827
"10226","zm4.34G0013650.t1","dispensable",3,2,0,25,0.833333333333333,0,0.395129281812467,0.412359189695827
"10228","zm4.34G0014100.t1","dispensable",4,2,0,25,0.833333333333333,0,0.395129281812467,0.412359189695827
"10232","zm4.34G0015170.t1","dispensable",5,2,0,25,0.833333333333333,0,0.395129281812467,0.412359189695827
"10235","zm4.34G0016850.t1","dispensable",4,2,0,25,0.833333333333333,0,0.395129281812467,0.412359189695827
"10495","zm4.64G0025810.t1","dispensable",3,2,0,25,0.833333333333333,0,0.395129281812467,0.412359189695827
"10563","zm4.54G0037700.t1","dispensable",5,2,0,25,0.833333333333333,0,0.395129281812467,0.412359189695827
"10564","zm4.54G0038430.t1","dispensable",5,2,0,25,0.833333333333333,0,0.395129281812467,0.412359189695827
"10645","Msa121756.t01","dispensable",5,2,0,25,0.833333333333333,0,0.395129281812467,0.412359189695827
"10932","LOC_00023421-mRNA-2","dispensable",3,2,0,25,0.833333333333333,0,0.395129281812467,0.412359189695827
"11057","LOC_00025168-mRNA-1","dispensable",3,2,0,25,0.833333333333333,0,0.395129281812467,0.412359189695827
"11106","LOC_00025786-mRNA-1","dispensable",4,2,0,25,0.833333333333333,0,0.395129281812467,0.412359189695827
"11407","LOC_00016173-mRNA-1","dispensable",3,2,0,25,0.833333333333333,0,0.395129281812467,0.412359189695827
"11721","LOC_00032098-mRNA-1","dispensable",3,2,0,25,0.833333333333333,0,0.395129281812467,0.412359189695827
"11730","LOC_00032268-mRNA-1","dispensable",4,2,0,25,0.833333333333333,0,0.395129281812467,0.412359189695827
"11774","LOC_00032981-mRNA-1","dispensable",3,2,0,25,0.833333333333333,0,0.395129281812467,0.412359189695827
"11880","LOC_00034061-mRNA-1","dispensable",5,2,0,25,0.833333333333333,0,0.395129281812467,0.412359189695827
"12003","LOC_00035692-mRNA-1","dispensable",3,2,0,25,0.833333333333333,0,0.395129281812467,0.412359189695827
"12040","LOC_00036330-mRNA-1","dispensable",3,2,0,25,0.833333333333333,0,0.395129281812467,0.412359189695827
"12170","LOC_00038482-mRNA-1","dispensable",4,2,0,25,0.833333333333333,0,0.395129281812467,0.412359189695827
"12287","LOC_00000492-mRNA-1","dispensable",3,2,0,25,0.833333333333333,0,0.395129281812467,0.412359189695827
"12300","LOC_00000800-mRNA-2","dispensable",3,2,0,25,0.833333333333333,0,0.395129281812467,0.412359189695827
"12350","LOC_00001540-mRNA-1","dispensable",3,2,0,25,0.833333333333333,0,0.395129281812467,0.412359189695827
"12374","LOC_00001851-mRNA-1","dispensable",3,2,0,25,0.833333333333333,0,0.395129281812467,0.412359189695827
"12376","LOC_00001860-mRNA-1","dispensable",3,2,0,25,0.833333333333333,0,0.395129281812467,0.412359189695827
"12766","LOC_00007213-mRNA-1","dispensable",3,2,0,25,0.833333333333333,0,0.395129281812467,0.412359189695827
"12780","LOC_00007390-mRNA-1","dispensable",3,2,0,25,0.833333333333333,0,0.395129281812467,0.412359189695827
"12960","LOC_00010016-mRNA-2","dispensable",3,2,0,25,0.833333333333333,0,0.395129281812467,0.412359189695827
"13112","LOC_00011759-mRNA-1","dispensable",3,2,0,25,0.833333333333333,0,0.395129281812467,0.412359189695827
"13159","LOC_00012494-mRNA-1","dispensable",3,2,0,25,0.833333333333333,0,0.395129281812467,0.412359189695827
"13186","LOC_00013097-mRNA-1","dispensable",3,2,0,25,0.833333333333333,0,0.395129281812467,0.412359189695827
"13193","LOC_00013222-mRNA-5","dispensable",3,2,0,25,0.833333333333333,0,0.395129281812467,0.412359189695827
"13261","LOC_00028228-mRNA-1","dispensable",3,2,0,25,0.833333333333333,0,0.395129281812467,0.412359189695827
"13316","LOC_00029144-mRNA-2","dispensable",3,2,0,25,0.833333333333333,0,0.395129281812467,0.412359189695827
"14617","Mtrun012117.t01","dispensable",4,2,0,25,0.833333333333333,0,0.395129281812467,0.412359189695827
"14872","Mtrun027832.t01","dispensable",4,2,0,25,0.833333333333333,0,0.395129281812467,0.412359189695827
"14890","LOC_00030486-mRNA-2","dispensable",6,2,0,25,0.833333333333333,0,0.395129281812467,0.412359189695827
"14916","Mtrun029189.t01","dispensable",4,2,0,25,0.833333333333333,0,0.395129281812467,0.412359189695827
"14920","LOC_00039398-mRNA-1","dispensable",8,2,0,25,0.833333333333333,0,0.395129281812467,0.412359189695827
"15094","Mara006071.t01","dispensable",4,2,0,25,0.833333333333333,0,0.395129281812467,0.412359189695827
"15103","Msa015515.t01","dispensable",3,2,0,25,0.833333333333333,0,0.395129281812467,0.412359189695827
"15213","Mara015159.t02","dispensable",3,2,0,25,0.833333333333333,0,0.395129281812467,0.412359189695827
"15282","Mara017903.t01","dispensable",5,2,0,25,0.833333333333333,0,0.395129281812467,0.412359189695827
"15283","LOC_00029545-mRNA-1","dispensable",3,2,0,25,0.833333333333333,0,0.395129281812467,0.412359189695827
"15387","Mara022067.t01","dispensable",3,2,0,25,0.833333333333333,0,0.395129281812467,0.412359189695827
"15425","Mca027306.t01","dispensable",4,2,0,25,0.833333333333333,0,0.395129281812467,0.412359189695827
"15502","Msa025915.t01","dispensable",3,2,0,25,0.833333333333333,0,0.395129281812467,0.412359189695827
"16033","evm.model.Chr08.4652.1.6a73567f","dispensable",5,2,0,25,0.833333333333333,0,0.395129281812467,0.412359189695827
"16192","Mtrun003512.t01","dispensable",3,2,0,25,0.833333333333333,0,0.395129281812467,0.412359189695827
"16303","LOC_00014562-mRNA-2","dispensable",3,2,0,25,0.833333333333333,0,0.395129281812467,0.412359189695827
"16520","Mru035139.t02","dispensable",3,2,0,25,0.833333333333333,0,0.395129281812467,0.412359189695827
"16522","evm.model.Chr05.391","dispensable",6,2,0,25,0.833333333333333,0,0.395129281812467,0.412359189695827
"16566","LOC_00036203-mRNA-1","dispensable",3,2,0,25,0.833333333333333,0,0.395129281812467,0.412359189695827
"16921","Msa033338.t01","dispensable",4,2,0,25,0.833333333333333,0,0.395129281812467,0.412359189695827
"17028","Mru040752.t01","dispensable",3,2,0,25,0.833333333333333,0,0.395129281812467,0.412359189695827
"17204","Mpoly031046.t01","dispensable",3,2,0,25,0.833333333333333,0,0.395129281812467,0.412359189695827
"17395","Mpoly032448.t01","dispensable",4,2,0,25,0.833333333333333,0,0.395129281812467,0.412359189695827
"17407","Mpoly002487.t01","dispensable",3,2,0,25,0.833333333333333,0,0.395129281812467,0.412359189695827
"17706","Msa016023.t01","dispensable",3,2,0,25,0.833333333333333,0,0.395129281812467,0.412359189695827
"17726","Mca016972.t01","dispensable",4,2,0,25,0.833333333333333,0,0.395129281812467,0.412359189695827
"17845","Msa068513.t01","dispensable",5,2,0,25,0.833333333333333,0,0.395129281812467,0.412359189695827
"17855","Mru014146.t01","dispensable",3,2,0,25,0.833333333333333,0,0.395129281812467,0.412359189695827
"17927","Mpoly017819.t01","dispensable",3,2,0,25,0.833333333333333,0,0.395129281812467,0.412359189695827
"18026","Mpoly021291.t01","dispensable",5,2,0,25,0.833333333333333,0,0.395129281812467,0.412359189695827
"18080","Mru034425.t01","dispensable",3,2,0,25,0.833333333333333,0,0.395129281812467,0.412359189695827
"18556","Mpoly038231.t01","dispensable",3,2,0,25,0.833333333333333,0,0.395129281812467,0.412359189695827
"18804","Msa003712.t03","dispensable",3,2,0,25,0.833333333333333,0,0.395129281812467,0.412359189695827
"18903","Mru007859.t01","dispensable",3,2,0,25,0.833333333333333,0,0.395129281812467,0.412359189695827
"18983","Msa021864.t01","dispensable",4,2,0,25,0.833333333333333,0,0.395129281812467,0.412359189695827
"19242","Msa007035.t01","dispensable",3,2,0,25,0.833333333333333,0,0.395129281812467,0.412359189695827
"19423","Mru022953.t01","dispensable",4,2,0,25,0.833333333333333,0,0.395129281812467,0.412359189695827
"19495","Mca009820.t01","dispensable",4,2,0,25,0.833333333333333,0,0.395129281812467,0.412359189695827
"19557","Mca024811.t01","dispensable",3,2,0,25,0.833333333333333,0,0.395129281812467,0.412359189695827
"19816","Msa002514.t01","dispensable",3,2,0,25,0.833333333333333,0,0.395129281812467,0.412359189695827
"19892","Mru039782.t01","dispensable",4,2,0,25,0.833333333333333,0,0.395129281812467,0.412359189695827
"19922","LOC_00002840-mRNA-1","dispensable",3,2,0,25,0.833333333333333,0,0.395129281812467,0.412359189695827
"19946","LOC_00011423-mRNA-1","dispensable",3,2,0,25,0.833333333333333,0,0.395129281812467,0.412359189695827
"20106","Mca046746.t01","dispensable",3,2,0,25,0.833333333333333,0,0.395129281812467,0.412359189695827
"20249","Msa033293.t02","dispensable",5,2,0,25,0.833333333333333,0,0.395129281812467,0.412359189695827
"20586","Msa015678.t01","dispensable",3,2,0,25,0.833333333333333,0,0.395129281812467,0.412359189695827
"20587","Msa010382.t01","dispensable",4,2,0,25,0.833333333333333,0,0.395129281812467,0.412359189695827
"21051","Mru053017.t02","dispensable",3,2,0,25,0.833333333333333,0,0.395129281812467,0.412359189695827
"21087","Mca000043.t02","dispensable",3,2,0,25,0.833333333333333,0,0.395129281812467,0.412359189695827
"21119","Msa010107.t01","dispensable",3,2,0,25,0.833333333333333,0,0.395129281812467,0.412359189695827
"21126","Msa039158.t01","dispensable",4,2,0,25,0.833333333333333,0,0.395129281812467,0.412359189695827
"21142","Mca001124.t01","dispensable",4,2,0,25,0.833333333333333,0,0.395129281812467,0.412359189695827
"21165","Mca001452.t01","dispensable",3,2,0,25,0.833333333333333,0,0.395129281812467,0.412359189695827
"21239","Msa023064.t01","dispensable",4,2,0,25,0.833333333333333,0,0.395129281812467,0.412359189695827
"21417","Msa007126.t01","dispensable",3,2,0,25,0.833333333333333,0,0.395129281812467,0.412359189695827
"21472","Msa014226.t01","dispensable",4,2,0,25,0.833333333333333,0,0.395129281812467,0.412359189695827
"21691","Msa006728.t01","dispensable",3,2,0,25,0.833333333333333,0,0.395129281812467,0.412359189695827
"21803","Mca031515.t01","dispensable",3,2,0,25,0.833333333333333,0,0.395129281812467,0.412359189695827
"21820","Mca014966.t01","dispensable",4,2,0,25,0.833333333333333,0,0.395129281812467,0.412359189695827
"22072","Msa042231.t01","dispensable",3,2,0,25,0.833333333333333,0,0.395129281812467,0.412359189695827
"22101","Mca020971.t01","dispensable",4,2,0,25,0.833333333333333,0,0.395129281812467,0.412359189695827
"22189","Mca039253.t01","dispensable",4,2,0,25,0.833333333333333,0,0.395129281812467,0.412359189695827
"22423","Mca028523.t02","dispensable",3,2,0,25,0.833333333333333,0,0.395129281812467,0.412359189695827
"22643","Mca033477.t01","dispensable",3,2,0,25,0.833333333333333,0,0.395129281812467,0.412359189695827
"22770","Msa014011.t01","dispensable",3,2,0,25,0.833333333333333,0,0.395129281812467,0.412359189695827
"22813","Msa112313.t01","dispensable",3,2,0,25,0.833333333333333,0,0.395129281812467,0.412359189695827
"22816","Mca037255.t01","dispensable",3,2,0,25,0.833333333333333,0,0.395129281812467,0.412359189695827
"23571","LOC_00024309-mRNA-1","dispensable",3,2,0,25,0.833333333333333,0,0.395129281812467,0.412359189695827
"23686","LOC_00017644-mRNA-1","dispensable",3,2,0,25,0.833333333333333,0,0.395129281812467,0.412359189695827
"23708","zm4.64G0001450.t1","dispensable",5,2,0,25,0.833333333333333,0,0.395129281812467,0.412359189695827
"23851","Msa014504.t01","dispensable",3,2,0,25,0.833333333333333,0,0.395129281812467,0.412359189695827
"23858","Mca014357.t04","dispensable",3,2,0,25,0.833333333333333,0,0.395129281812467,0.412359189695827
"23880","zm4.24G0008250.t1","dispensable",4,2,0,25,0.833333333333333,0,0.395129281812467,0.412359189695827
"23885","Msa015331.t01","dispensable",3,2,0,25,0.833333333333333,0,0.395129281812467,0.412359189695827
"24175","Msa093245.t01","dispensable",3,2,0,25,0.833333333333333,0,0.395129281812467,0.412359189695827
"24230","Mca030220.t01","dispensable",3,2,0,25,0.833333333333333,0,0.395129281812467,0.412359189695827
"24522","Msa113047.t01","dispensable",4,2,0,25,0.833333333333333,0,0.395129281812467,0.412359189695827
"25208","Msa068324.t01","dispensable",4,2,0,25,0.833333333333333,0,0.395129281812467,0.412359189695827
"27364","zm4.44G0021550.t1","dispensable",4,2,0,25,0.833333333333333,0,0.395129281812467,0.412359189695827
"5524","Mca023566.t02","dispensable",14,3,0,100,0.75,0,0.559703874337883,0.411940774867577
"120","Mara001860.t01","dispensable",5,2,0,24,0.833333333333333,0,0.390372746197399,0.411407882572813
"4399","Mru024319.t02","dispensable",5,2,0,24,0.833333333333333,0,0.390372746197399,0.411407882572813
"8094","Msa127518.t01","dispensable",3,2,0,24,0.833333333333333,0,0.390372746197399,0.411407882572813
"15132","Msa032469.t01","dispensable",3,2,0,24,0.833333333333333,0,0.390372746197399,0.411407882572813
"23173","Mca044096.t01","dispensable",4,2,0,24,0.833333333333333,0,0.390372746197399,0.411407882572813
"2381","evm.model.Chr02.829","dispensable",4,2,0,23,0.833333333333333,0,0.385422013403356,0.410417736014005
"9555","Msa036487.t01","dispensable",3,2,0,23,0.833333333333333,0,0.385422013403356,0.410417736014005
"10185","zm4.24G0034730.t1","dispensable",5,2,0,23,0.833333333333333,0,0.385422013403356,0.410417736014005
"17836","Mpoly014909.t01","dispensable",3,2,0,23,0.833333333333333,0,0.385422013403356,0.410417736014005
"21444","Msa023690.t01","dispensable",3,2,0,23,0.833333333333333,0,0.385422013403356,0.410417736014005
"23043","Msa028982.t01","dispensable",3,2,0,23,0.833333333333333,0,0.385422013403356,0.410417736014005
"874","Mara013965.t01","private",3,1,0,5,0.916666666666667,0,0.217297622705402,0.410126191207747
"976","Mara016241.t02","private",3,1,0,5,0.916666666666667,0,0.217297622705402,0.410126191207747
"1280","Mara022313.t01","private",4,1,0,5,0.916666666666667,0,0.217297622705402,0.410126191207747
"1286","Mara022447.t02","private",3,1,0,5,0.916666666666667,0,0.217297622705402,0.410126191207747
"1414","Mara024979.t02","private",6,1,0,5,0.916666666666667,0,0.217297622705402,0.410126191207747
"1967","Mara039248.t01","private",3,1,0,5,0.916666666666667,0,0.217297622705402,0.410126191207747
"2071","Mara042517.t02","private",4,1,0,5,0.916666666666667,0,0.217297622705402,0.410126191207747
"2197","evm.model.Chr01.15","private",7,1,0,5,0.916666666666667,0,0.217297622705402,0.410126191207747
"2317","evm.model.Chr01.4014","private",3,1,0,5,0.916666666666667,0,0.217297622705402,0.410126191207747
"2401","evm.model.Chr02.1516","private",3,1,0,5,0.916666666666667,0,0.217297622705402,0.410126191207747
"2450","evm.model.Chr02.3305","private",5,1,0,5,0.916666666666667,0,0.217297622705402,0.410126191207747
"2553","evm.model.Chr03.1597","private",3,1,0,5,0.916666666666667,0,0.217297622705402,0.410126191207747
"2605","evm.model.Chr03.3542","private",3,1,0,5,0.916666666666667,0,0.217297622705402,0.410126191207747
"2645","evm.model.Chr04.415","private",3,1,0,5,0.916666666666667,0,0.217297622705402,0.410126191207747
"2672","Mara019923.t01","private",4,1,0,5,0.916666666666667,0,0.217297622705402,0.410126191207747
"2745","evm.model.Chr04.3252","private",5,1,0,5,0.916666666666667,0,0.217297622705402,0.410126191207747
"2831","evm.model.Chr05.1043","private",4,1,0,5,0.916666666666667,0,0.217297622705402,0.410126191207747
"2975","evm.model.Chr06.1785.1.6a735303","private",4,1,0,5,0.916666666666667,0,0.217297622705402,0.410126191207747
"3019","evm.model.Chr07.55","private",3,1,0,5,0.916666666666667,0,0.217297622705402,0.410126191207747
"3034","evm.model.Chr07.614.8.6a735188","private",6,1,0,5,0.916666666666667,0,0.217297622705402,0.410126191207747
"3149","evm.model.Chr08.191.2.6a735128","private",3,1,0,5,0.916666666666667,0,0.217297622705402,0.410126191207747
"3216","evm.model.Chr08.3076","private",4,1,0,5,0.916666666666667,0,0.217297622705402,0.410126191207747
"3507","Mpoly010993.t02","private",3,1,0,5,0.916666666666667,0,0.217297622705402,0.410126191207747
"3886","Mpoly029843.t01","private",4,1,0,5,0.916666666666667,0,0.217297622705402,0.410126191207747
"3890","Mpoly029987.t02","private",3,1,0,5,0.916666666666667,0,0.217297622705402,0.410126191207747
"3957","Mpoly034562.t02","private",5,1,0,5,0.916666666666667,0,0.217297622705402,0.410126191207747
"4107","Mpoly038440.t02","private",3,1,0,5,0.916666666666667,0,0.217297622705402,0.410126191207747
"4112","Mpoly038637.t01","private",3,1,0,5,0.916666666666667,0,0.217297622705402,0.410126191207747
"4684","Mru050919.t01","private",3,1,0,5,0.916666666666667,0,0.217297622705402,0.410126191207747
"5014","Mru055945.t02","private",3,1,0,5,0.916666666666667,0,0.217297622705402,0.410126191207747
"6225","Mca050983.t02","private",3,1,0,5,0.916666666666667,0,0.217297622705402,0.410126191207747
"6245","Mca051401.t02","private",5,1,0,5,0.916666666666667,0,0.217297622705402,0.410126191207747
"6246","Mca051401.t04","private",4,1,0,5,0.916666666666667,0,0.217297622705402,0.410126191207747
"6329","Mca052840.t01","private",4,1,0,5,0.916666666666667,0,0.217297622705402,0.410126191207747
"7043","Msa052823.t02","private",8,1,0,5,0.916666666666667,0,0.217297622705402,0.410126191207747
"7096","Msa061323.t01","private",8,1,0,5,0.916666666666667,0,0.217297622705402,0.410126191207747
"7111","Msa063671.t01","private",4,1,0,5,0.916666666666667,0,0.217297622705402,0.410126191207747
"7159","Msa067568.t01","private",4,1,0,5,0.916666666666667,0,0.217297622705402,0.410126191207747
"7160","Msa067593.t01","private",3,1,0,5,0.916666666666667,0,0.217297622705402,0.410126191207747
"7228","Msa069404.t01","private",3,1,0,5,0.916666666666667,0,0.217297622705402,0.410126191207747
"7230","Msa069548.t02","private",3,1,0,5,0.916666666666667,0,0.217297622705402,0.410126191207747
"7257","Msa071175.t02","private",3,1,0,5,0.916666666666667,0,0.217297622705402,0.410126191207747
"7278","Msa072122.t04","private",3,1,0,5,0.916666666666667,0,0.217297622705402,0.410126191207747
"7306","Msa074526.t02","private",6,1,0,5,0.916666666666667,0,0.217297622705402,0.410126191207747
"7318","Msa076957.t01","private",4,1,0,5,0.916666666666667,0,0.217297622705402,0.410126191207747
"7322","Msa077653.t02","private",3,1,0,5,0.916666666666667,0,0.217297622705402,0.410126191207747
"7367","Msa083033.t01","private",4,1,0,5,0.916666666666667,0,0.217297622705402,0.410126191207747
"7374","Msa083847.t01","private",3,1,0,5,0.916666666666667,0,0.217297622705402,0.410126191207747
"7383","Msa084471.t01","private",4,1,0,5,0.916666666666667,0,0.217297622705402,0.410126191207747
"7404","Msa088001.t01","private",9,1,0,5,0.916666666666667,0,0.217297622705402,0.410126191207747
"7413","Msa089433.t01","private",3,1,0,5,0.916666666666667,0,0.217297622705402,0.410126191207747
"7442","Msa091542.t03","private",5,1,0,5,0.916666666666667,0,0.217297622705402,0.410126191207747
"7446","Msa091685.t02","private",3,1,0,5,0.916666666666667,0,0.217297622705402,0.410126191207747
"7450","Msa091755.t02","private",3,1,0,5,0.916666666666667,0,0.217297622705402,0.410126191207747
"7454","Msa091956.t02","private",3,1,0,5,0.916666666666667,0,0.217297622705402,0.410126191207747
"7461","Msa092166.t02","private",4,1,0,5,0.916666666666667,0,0.217297622705402,0.410126191207747
"7503","Msa093343.t02","private",5,1,0,5,0.916666666666667,0,0.217297622705402,0.410126191207747
"7522","Msa093851.t01","private",3,1,0,5,0.916666666666667,0,0.217297622705402,0.410126191207747
"7548","Msa094266.t01","private",8,1,0,5,0.916666666666667,0,0.217297622705402,0.410126191207747
"7580","Msa094981.t01","private",8,1,0,5,0.916666666666667,0,0.217297622705402,0.410126191207747
"7591","Msa095328.t01","private",3,1,0,5,0.916666666666667,0,0.217297622705402,0.410126191207747
"7641","Msa101648.t01","private",3,1,0,5,0.916666666666667,0,0.217297622705402,0.410126191207747
"7658","Msa104297.t02","private",5,1,0,5,0.916666666666667,0,0.217297622705402,0.410126191207747
"7668","Msa105801.t01","private",3,1,0,5,0.916666666666667,0,0.217297622705402,0.410126191207747
"7696","Msa109402.t02","private",6,1,0,5,0.916666666666667,0,0.217297622705402,0.410126191207747
"7701","Msa109827.t01","private",3,1,0,5,0.916666666666667,0,0.217297622705402,0.410126191207747
"7839","Msa113463.t02","private",4,1,0,5,0.916666666666667,0,0.217297622705402,0.410126191207747
"7879","Msa114063.t01","private",4,1,0,5,0.916666666666667,0,0.217297622705402,0.410126191207747
"7916","Msa116994.t01","private",4,1,0,5,0.916666666666667,0,0.217297622705402,0.410126191207747
"7934","Msa119581.t01","private",3,1,0,5,0.916666666666667,0,0.217297622705402,0.410126191207747
"7942","Msa120080.t01","private",3,1,0,5,0.916666666666667,0,0.217297622705402,0.410126191207747
"8023","Msa126203.t02","private",3,1,0,5,0.916666666666667,0,0.217297622705402,0.410126191207747
"8034","Msa126408.t01","private",3,1,0,5,0.916666666666667,0,0.217297622705402,0.410126191207747
"8103","Msa127641.t01","private",3,1,0,5,0.916666666666667,0,0.217297622705402,0.410126191207747
"8144","Msa128590.t02","private",3,1,0,5,0.916666666666667,0,0.217297622705402,0.410126191207747
"8212","Msa133838.t01","private",3,1,0,5,0.916666666666667,0,0.217297622705402,0.410126191207747
"8240","Msa138455.t01","private",3,1,0,5,0.916666666666667,0,0.217297622705402,0.410126191207747
"8311","Msa148152.t02","private",4,1,0,5,0.916666666666667,0,0.217297622705402,0.410126191207747
"8312","Msa148152.t03","private",3,1,0,5,0.916666666666667,0,0.217297622705402,0.410126191207747
"8322","Msa148380.t02","private",3,1,0,5,0.916666666666667,0,0.217297622705402,0.410126191207747
"8406","Msa151756.t01","private",4,1,0,5,0.916666666666667,0,0.217297622705402,0.410126191207747
"8409","Msa152060.t02","private",5,1,0,5,0.916666666666667,0,0.217297622705402,0.410126191207747
"8459","Msa153536.t03","private",3,1,0,5,0.916666666666667,0,0.217297622705402,0.410126191207747
"8502","Msa159785.t01","private",3,1,0,5,0.916666666666667,0,0.217297622705402,0.410126191207747
"8507","Msa161022.t01","private",4,1,0,5,0.916666666666667,0,0.217297622705402,0.410126191207747
"8514","Msa162065.t01","private",4,1,0,5,0.916666666666667,0,0.217297622705402,0.410126191207747
"8520","Msa163035.t01","private",4,1,0,5,0.916666666666667,0,0.217297622705402,0.410126191207747
"8926","Msa015848.t02","private",3,1,0,5,0.916666666666667,0,0.217297622705402,0.410126191207747
"9011","Msa018598.t02","private",3,1,0,5,0.916666666666667,0,0.217297622705402,0.410126191207747
"9068","Msa020040.t02","private",3,1,0,5,0.916666666666667,0,0.217297622705402,0.410126191207747
"9111","Msa021169.t02","private",3,1,0,5,0.916666666666667,0,0.217297622705402,0.410126191207747
"9216","Msa027011.t02","private",3,1,0,5,0.916666666666667,0,0.217297622705402,0.410126191207747
"9500","Msa035229.t03","private",8,1,0,5,0.916666666666667,0,0.217297622705402,0.410126191207747
"9793","Msa044561.t02","private",3,1,0,5,0.916666666666667,0,0.217297622705402,0.410126191207747
"9938","Msa052029.t02","private",4,1,0,5,0.916666666666667,0,0.217297622705402,0.410126191207747
"9939","Msa052030.t02","private",3,1,0,5,0.916666666666667,0,0.217297622705402,0.410126191207747
"10609","zm4.14G0029860.t1","private",3,1,0,5,0.916666666666667,0,0.217297622705402,0.410126191207747
"14399","Mtrun000203.t01","private",4,1,0,5,0.916666666666667,0,0.217297622705402,0.410126191207747
"14408","Mtrun000723.t02","private",3,1,0,5,0.916666666666667,0,0.217297622705402,0.410126191207747
"14418","Mtrun001114.t02","private",3,1,0,5,0.916666666666667,0,0.217297622705402,0.410126191207747
"14455","Mtrun002835.t01","private",5,1,0,5,0.916666666666667,0,0.217297622705402,0.410126191207747
"14473","Mtrun004112.t02","private",3,1,0,5,0.916666666666667,0,0.217297622705402,0.410126191207747
"14478","Mtrun004191.t03","private",4,1,0,5,0.916666666666667,0,0.217297622705402,0.410126191207747
"14494","Mtrun004925.t02","private",3,1,0,5,0.916666666666667,0,0.217297622705402,0.410126191207747
"14497","Mtrun005030.t01","private",3,1,0,5,0.916666666666667,0,0.217297622705402,0.410126191207747
"14504","Mtrun005724.t02","private",5,1,0,5,0.916666666666667,0,0.217297622705402,0.410126191207747
"14505","Mtrun005813.t01","private",3,1,0,5,0.916666666666667,0,0.217297622705402,0.410126191207747
"14541","Mtrun008374.t01","private",5,1,0,5,0.916666666666667,0,0.217297622705402,0.410126191207747
"14558","Mtrun009299.t02","private",3,1,0,5,0.916666666666667,0,0.217297622705402,0.410126191207747
"14569","Mtrun010190.t03","private",4,1,0,5,0.916666666666667,0,0.217297622705402,0.410126191207747
"14584","Mtrun010886.t02","private",4,1,0,5,0.916666666666667,0,0.217297622705402,0.410126191207747
"14618","Mtrun012120.t01","private",3,1,0,5,0.916666666666667,0,0.217297622705402,0.410126191207747
"14628","Mtrun012674.t02","private",3,1,0,5,0.916666666666667,0,0.217297622705402,0.410126191207747
"14634","Mtrun013133.t02","private",3,1,0,5,0.916666666666667,0,0.217297622705402,0.410126191207747
"14638","Mtrun013238.t01","private",3,1,0,5,0.916666666666667,0,0.217297622705402,0.410126191207747
"14640","Mtrun013353.t02","private",3,1,0,5,0.916666666666667,0,0.217297622705402,0.410126191207747
"14649","Mtrun014086.t04","private",4,1,0,5,0.916666666666667,0,0.217297622705402,0.410126191207747
"14660","Mtrun014549.t01","private",5,1,0,5,0.916666666666667,0,0.217297622705402,0.410126191207747
"14670","Mtrun015456.t02","private",9,1,0,5,0.916666666666667,0,0.217297622705402,0.410126191207747
"14673","Mtrun015729.t02","private",3,1,0,5,0.916666666666667,0,0.217297622705402,0.410126191207747
"14676","Mtrun015769.t01","private",3,1,0,5,0.916666666666667,0,0.217297622705402,0.410126191207747
"14679","Mtrun015924.t02","private",3,1,0,5,0.916666666666667,0,0.217297622705402,0.410126191207747
"14698","Mtrun016434.t02","private",3,1,0,5,0.916666666666667,0,0.217297622705402,0.410126191207747
"14699","Mtrun016505.t02","private",6,1,0,5,0.916666666666667,0,0.217297622705402,0.410126191207747
"14702","Mtrun016544.t01","private",3,1,0,5,0.916666666666667,0,0.217297622705402,0.410126191207747
"14720","Mtrun017127.t02","private",3,1,0,5,0.916666666666667,0,0.217297622705402,0.410126191207747
"14722","Mtrun017369.t02","private",4,1,0,5,0.916666666666667,0,0.217297622705402,0.410126191207747
"14735","Mtrun017962.t05","private",3,1,0,5,0.916666666666667,0,0.217297622705402,0.410126191207747
"14738","Mtrun018601.t02","private",3,1,0,5,0.916666666666667,0,0.217297622705402,0.410126191207747
"14740","Mtrun018662.t02","private",6,1,0,5,0.916666666666667,0,0.217297622705402,0.410126191207747
"14741","Mtrun018688.t01","private",3,1,0,5,0.916666666666667,0,0.217297622705402,0.410126191207747
"14746","Mtrun019007.t01","private",4,1,0,5,0.916666666666667,0,0.217297622705402,0.410126191207747
"14752","Mtrun019383.t02","private",3,1,0,5,0.916666666666667,0,0.217297622705402,0.410126191207747
"14761","Mtrun020327.t01","private",9,1,0,5,0.916666666666667,0,0.217297622705402,0.410126191207747
"14765","Mtrun020910.t02","private",3,1,0,5,0.916666666666667,0,0.217297622705402,0.410126191207747
"14768","Mtrun021108.t01","private",3,1,0,5,0.916666666666667,0,0.217297622705402,0.410126191207747
"14772","Mtrun021253.t02","private",3,1,0,5,0.916666666666667,0,0.217297622705402,0.410126191207747
"14775","Mtrun021714.t02","private",4,1,0,5,0.916666666666667,0,0.217297622705402,0.410126191207747
"14783","Mtrun022284.t03","private",4,1,0,5,0.916666666666667,0,0.217297622705402,0.410126191207747
"14785","Mtrun022625.t02","private",3,1,0,5,0.916666666666667,0,0.217297622705402,0.410126191207747
"14794","Mtrun023600.t02","private",4,1,0,5,0.916666666666667,0,0.217297622705402,0.410126191207747
"14801","Mtrun023883.t02","private",5,1,0,5,0.916666666666667,0,0.217297622705402,0.410126191207747
"14819","Mtrun025106.t02","private",4,1,0,5,0.916666666666667,0,0.217297622705402,0.410126191207747
"14845","Mtrun026774.t01","private",4,1,0,5,0.916666666666667,0,0.217297622705402,0.410126191207747
"14854","Mtrun027437.t01","private",6,1,0,5,0.916666666666667,0,0.217297622705402,0.410126191207747
"14857","Mtrun027493.t01","private",3,1,0,5,0.916666666666667,0,0.217297622705402,0.410126191207747
"14861","Mtrun027516.t02","private",3,1,0,5,0.916666666666667,0,0.217297622705402,0.410126191207747
"14864","Mtrun027614.t02","private",5,1,0,5,0.916666666666667,0,0.217297622705402,0.410126191207747
"14866","Mtrun027654.t01","private",3,1,0,5,0.916666666666667,0,0.217297622705402,0.410126191207747
"14878","Mtrun028003.t01","private",4,1,0,5,0.916666666666667,0,0.217297622705402,0.410126191207747
"14894","Mtrun028412.t02","private",3,1,0,5,0.916666666666667,0,0.217297622705402,0.410126191207747
"14903","Mtrun028783.t02","private",3,1,0,5,0.916666666666667,0,0.217297622705402,0.410126191207747
"14908","Mtrun028954.t01","private",3,1,0,5,0.916666666666667,0,0.217297622705402,0.410126191207747
"14910","Mtrun028960.t01","private",3,1,0,5,0.916666666666667,0,0.217297622705402,0.410126191207747
"14917","Mtrun029338.t01","private",6,1,0,5,0.916666666666667,0,0.217297622705402,0.410126191207747
"14927","Mtrun030149.t02","private",4,1,0,5,0.916666666666667,0,0.217297622705402,0.410126191207747
"14935","Mtrun030600.t01","private",8,1,0,5,0.916666666666667,0,0.217297622705402,0.410126191207747
"14946","Mtrun031624.t02","private",3,1,0,5,0.916666666666667,0,0.217297622705402,0.410126191207747
"14968","Mtrun033252.t01","private",3,1,0,5,0.916666666666667,0,0.217297622705402,0.410126191207747
"14977","Mtrun034035.t02","private",3,1,0,5,0.916666666666667,0,0.217297622705402,0.410126191207747
"14980","Mtrun034276.t02","private",3,1,0,5,0.916666666666667,0,0.217297622705402,0.410126191207747
"14983","Mtrun034491.t02","private",3,1,0,5,0.916666666666667,0,0.217297622705402,0.410126191207747
"14995","Mtrun035508.t01","private",6,1,0,5,0.916666666666667,0,0.217297622705402,0.410126191207747
"15002","Mtrun035941.t02","private",3,1,0,5,0.916666666666667,0,0.217297622705402,0.410126191207747
"15003","Mtrun036097.t02","private",3,1,0,5,0.916666666666667,0,0.217297622705402,0.410126191207747
"15004","Mtrun036125.t02","private",5,1,0,5,0.916666666666667,0,0.217297622705402,0.410126191207747
"15008","Mtrun036358.t01","private",4,1,0,5,0.916666666666667,0,0.217297622705402,0.410126191207747
"15010","Mtrun036724.t02","private",5,1,0,5,0.916666666666667,0,0.217297622705402,0.410126191207747
"15022","Mtrun037686.t02","private",4,1,0,5,0.916666666666667,0,0.217297622705402,0.410126191207747
"15028","Mtrun038381.t02","private",3,1,0,5,0.916666666666667,0,0.217297622705402,0.410126191207747
"15032","Mtrun038634.t02","private",5,1,0,5,0.916666666666667,0,0.217297622705402,0.410126191207747
"15040","Mtrun039331.t01","private",3,1,0,5,0.916666666666667,0,0.217297622705402,0.410126191207747
"15041","Mtrun039419.t02","private",5,1,0,5,0.916666666666667,0,0.217297622705402,0.410126191207747
"15042","Mtrun039493.t03","private",5,1,0,5,0.916666666666667,0,0.217297622705402,0.410126191207747
"15905","Mara042472.t01","private",4,1,0,5,0.916666666666667,0,0.217297622705402,0.410126191207747
"16041","Mara045822.t01","private",3,1,0,5,0.916666666666667,0,0.217297622705402,0.410126191207747
"16254","evm.model.Chr01.4720.1.6a73566a","private",3,1,0,5,0.916666666666667,0,0.217297622705402,0.410126191207747
"16786","evm.model.Chr04.3922","private",3,1,0,5,0.916666666666667,0,0.217297622705402,0.410126191207747
"20107","Msa130426.t02","private",3,1,0,5,0.916666666666667,0,0.217297622705402,0.410126191207747
"21144","Mtrun000961.t01","private",3,1,0,5,0.916666666666667,0,0.217297622705402,0.410126191207747
"24065","Msa069557.t01","private",4,1,0,5,0.916666666666667,0,0.217297622705402,0.410126191207747
"24075","Msa070414.t01","private",4,1,0,5,0.916666666666667,0,0.217297622705402,0.410126191207747
"25028","Msa129167.t01","private",3,1,0,5,0.916666666666667,0,0.217297622705402,0.410126191207747
"27665","zm4.82G0052480.t1","private",3,1,0,5,0.916666666666667,0,0.217297622705402,0.410126191207747
"28747","Mtrun028858.t04","private",3,1,0,5,0.916666666666667,0,0.217297622705402,0.410126191207747
"29460","Mtrun036235.t01","private",3,1,0,5,0.916666666666667,0,0.217297622705402,0.410126191207747
"7463","Msa004993.t01","dispensable",14,3,0,92,0.75,0,0.549696045397348,0.40993920907947
"8923","Msa015810.t01","dispensable",3,2,0,22,0.833333333333333,0,0.380260548823265,0.409385443097986
"10562","Msa093514.t01","dispensable",5,2,0,22,0.833333333333333,0,0.380260548823265,0.409385443097986
"10652","Mca034661.t01","dispensable",4,2,0,22,0.833333333333333,0,0.380260548823265,0.409385443097986
"19493","Mru026050.t01","dispensable",3,2,0,22,0.833333333333333,0,0.380260548823265,0.409385443097986
"23209","Msa043798.t01","dispensable",3,2,0,22,0.833333333333333,0,0.380260548823265,0.409385443097986
"26538","Msa020963.t01","dispensable",3,2,0,22,0.833333333333333,0,0.380260548823265,0.409385443097986
"7021","Msa048093.t01","dispensable",3,2,0,21,0.833333333333333,0,0.374869611871293,0.408307255707592
"7231","Msa069570.t01","dispensable",4,2,0,21,0.833333333333333,0,0.374869611871293,0.408307255707592
"7880","Msa114096.t01","dispensable",4,2,0,21,0.833333333333333,0,0.374869611871293,0.408307255707592
"14523","Mtrun007620.t01","dispensable",4,2,0,21,0.833333333333333,0,0.374869611871293,0.408307255707592
"6987","Msa044890.t01","dispensable",12,3,0,85,0.75,0,0.540205923174014,0.408041184634803
"8841","Msa042842.t01","dispensable",10,3,0,85,0.75,0,0.540205923174014,0.408041184634803
"16189","Mca004315.t02","dispensable",10,3,0,85,0.75,0,0.540205923174014,0.408041184634803
"8298","Msa151011.t01","dispensable",15,3,0,83,0.75,0,0.537352235926297,0.40747044718526
"493","Mara007670.t01","dispensable",3,2,0,20,0.833333333333333,0,0.369227845228343,0.407178902379002
"686","Mara010649.t01","dispensable",3,2,0,20,0.833333333333333,0,0.369227845228343,0.407178902379002
"778","Mara012428.t01","dispensable",4,2,0,20,0.833333333333333,0,0.369227845228343,0.407178902379002
"793","Mara012569.t01","dispensable",4,2,0,20,0.833333333333333,0,0.369227845228343,0.407178902379002
"1151","Mara019952.t01","dispensable",4,2,0,20,0.833333333333333,0,0.369227845228343,0.407178902379002
"1625","Mara029963.t01","dispensable",4,2,0,20,0.833333333333333,0,0.369227845228343,0.407178902379002
"1692","Mara031188.t01","dispensable",4,2,0,20,0.833333333333333,0,0.369227845228343,0.407178902379002
"1763","Mara033260.t01","dispensable",3,2,0,20,0.833333333333333,0,0.369227845228343,0.407178902379002
"1820","Mara035026.t01","dispensable",4,2,0,20,0.833333333333333,0,0.369227845228343,0.407178902379002
"1923","Mara037923.t01","dispensable",4,2,0,20,0.833333333333333,0,0.369227845228343,0.407178902379002
"1932","Mara038249.t01","dispensable",4,2,0,20,0.833333333333333,0,0.369227845228343,0.407178902379002
"2300","evm.model.Chr01.3399.3.6a7354da","dispensable",5,2,0,20,0.833333333333333,0,0.369227845228343,0.407178902379002
"2424","evm.model.Chr02.2113","dispensable",6,2,0,20,0.833333333333333,0,0.369227845228343,0.407178902379002
"2598","evm.model.Chr03.3347.1.6a7354d1","dispensable",4,2,0,20,0.833333333333333,0,0.369227845228343,0.407178902379002
"2706","evm.model.Chr04.2297","dispensable",4,2,0,20,0.833333333333333,0,0.369227845228343,0.407178902379002
"2725","evm.model.Chr04.2449","dispensable",3,2,0,20,0.833333333333333,0,0.369227845228343,0.407178902379002
"3080","evm.model.Chr07.2692","dispensable",3,2,0,20,0.833333333333333,0,0.369227845228343,0.407178902379002
"3354","Mpoly002921.t01","dispensable",4,2,0,20,0.833333333333333,0,0.369227845228343,0.407178902379002
"3447","Mpoly008357.t01","dispensable",5,2,0,20,0.833333333333333,0,0.369227845228343,0.407178902379002
"4179","Mru002709.t02","dispensable",4,2,0,20,0.833333333333333,0,0.369227845228343,0.407178902379002
"4222","Mru007196.t02","dispensable",7,2,0,20,0.833333333333333,0,0.369227845228343,0.407178902379002
"4261","Mru011079.t02","dispensable",5,2,0,20,0.833333333333333,0,0.369227845228343,0.407178902379002
"4293","Mru014449.t02","dispensable",3,2,0,20,0.833333333333333,0,0.369227845228343,0.407178902379002
"4305","Mru015890.t02","dispensable",3,2,0,20,0.833333333333333,0,0.369227845228343,0.407178902379002
"4327","Mru018596.t01","dispensable",3,2,0,20,0.833333333333333,0,0.369227845228343,0.407178902379002
"4332","Mru018820.t02","dispensable",6,2,0,20,0.833333333333333,0,0.369227845228343,0.407178902379002
"4336","Mru019142.t02","dispensable",13,2,0,20,0.833333333333333,0,0.369227845228343,0.407178902379002
"4395","Mru023789.t02","dispensable",3,2,0,20,0.833333333333333,0,0.369227845228343,0.407178902379002
"4410","Mru025834.t03","dispensable",3,2,0,20,0.833333333333333,0,0.369227845228343,0.407178902379002
"4494","Mru033608.t04","dispensable",3,2,0,20,0.833333333333333,0,0.369227845228343,0.407178902379002
"4503","Mru035280.t02","dispensable",4,2,0,20,0.833333333333333,0,0.369227845228343,0.407178902379002
"4582","Mru042601.t02","dispensable",9,2,0,20,0.833333333333333,0,0.369227845228343,0.407178902379002
"4649","Mru047960.t01","dispensable",3,2,0,20,0.833333333333333,0,0.369227845228343,0.407178902379002
"4844","Mru019530.t02","dispensable",4,2,0,20,0.833333333333333,0,0.369227845228343,0.407178902379002
"4848","Mru019799.t02","dispensable",10,2,0,20,0.833333333333333,0,0.369227845228343,0.407178902379002
"4861","Mru022430.t02","dispensable",4,2,0,20,0.833333333333333,0,0.369227845228343,0.407178902379002
"4877","Mru026096.t03","dispensable",4,2,0,20,0.833333333333333,0,0.369227845228343,0.407178902379002
"4879","Mru026374.t02","dispensable",6,2,0,20,0.833333333333333,0,0.369227845228343,0.407178902379002
"4896","Mru029823.t02","dispensable",4,2,0,20,0.833333333333333,0,0.369227845228343,0.407178902379002
"4962","Mru045577.t02","dispensable",3,2,0,20,0.833333333333333,0,0.369227845228343,0.407178902379002
"4968","Mru046714.t02","dispensable",4,2,0,20,0.833333333333333,0,0.369227845228343,0.407178902379002
"4971","Mru047286.t02","dispensable",3,2,0,20,0.833333333333333,0,0.369227845228343,0.407178902379002
"5005","Mru055145.t02","dispensable",3,2,0,20,0.833333333333333,0,0.369227845228343,0.407178902379002
"5067","Mca002175.t02","dispensable",4,2,0,20,0.833333333333333,0,0.369227845228343,0.407178902379002
"5073","Mca002655.t02","dispensable",4,2,0,20,0.833333333333333,0,0.369227845228343,0.407178902379002
"5110","Mca004325.t02","dispensable",4,2,0,20,0.833333333333333,0,0.369227845228343,0.407178902379002
"5156","Mca006664.t02","dispensable",4,2,0,20,0.833333333333333,0,0.369227845228343,0.407178902379002
"5168","Mca007106.t03","dispensable",4,2,0,20,0.833333333333333,0,0.369227845228343,0.407178902379002
"5175","Mca007184.t01","dispensable",6,2,0,20,0.833333333333333,0,0.369227845228343,0.407178902379002
"5208","Mca009321.t01","dispensable",3,2,0,20,0.833333333333333,0,0.369227845228343,0.407178902379002
"5222","Mca009964.t01","dispensable",3,2,0,20,0.833333333333333,0,0.369227845228343,0.407178902379002
"5236","Mca010929.t02","dispensable",4,2,0,20,0.833333333333333,0,0.369227845228343,0.407178902379002
"5284","Mca012856.t01","dispensable",4,2,0,20,0.833333333333333,0,0.369227845228343,0.407178902379002
"5306","Mca013617.t01","dispensable",3,2,0,20,0.833333333333333,0,0.369227845228343,0.407178902379002
"5308","Mca013715.t05","dispensable",3,2,0,20,0.833333333333333,0,0.369227845228343,0.407178902379002
"5336","Mca015009.t01","dispensable",5,2,0,20,0.833333333333333,0,0.369227845228343,0.407178902379002
"5339","Mca015086.t01","dispensable",3,2,0,20,0.833333333333333,0,0.369227845228343,0.407178902379002
"5362","Mca016051.t02","dispensable",3,2,0,20,0.833333333333333,0,0.369227845228343,0.407178902379002
"5408","Mca018155.t02","dispensable",4,2,0,20,0.833333333333333,0,0.369227845228343,0.407178902379002
"5491","Mca021004.t01","dispensable",3,2,0,20,0.833333333333333,0,0.369227845228343,0.407178902379002
"5513","Mca022045.t01","dispensable",3,2,0,20,0.833333333333333,0,0.369227845228343,0.407178902379002
"5589","Mca026723.t02","dispensable",11,2,0,20,0.833333333333333,0,0.369227845228343,0.407178902379002
"5614","Mca027705.t03","dispensable",5,2,0,20,0.833333333333333,0,0.369227845228343,0.407178902379002
"5653","Mca028988.t01","dispensable",3,2,0,20,0.833333333333333,0,0.369227845228343,0.407178902379002
"5667","Mca029500.t02","dispensable",4,2,0,20,0.833333333333333,0,0.369227845228343,0.407178902379002
"5683","Mca030065.t02","dispensable",4,2,0,20,0.833333333333333,0,0.369227845228343,0.407178902379002
"5709","Mca031202.t04","dispensable",3,2,0,20,0.833333333333333,0,0.369227845228343,0.407178902379002
"5883","Mca038285.t01","dispensable",3,2,0,20,0.833333333333333,0,0.369227845228343,0.407178902379002
"6167","Mca049729.t02","dispensable",5,2,0,20,0.833333333333333,0,0.369227845228343,0.407178902379002
"6437","Mca011756.t03","dispensable",5,2,0,20,0.833333333333333,0,0.369227845228343,0.407178902379002
"6445","Mca012852.t02","dispensable",3,2,0,20,0.833333333333333,0,0.369227845228343,0.407178902379002
"6462","Msa015374.t01","dispensable",8,2,0,20,0.833333333333333,0,0.369227845228343,0.407178902379002
"6466","Mca015966.t02","dispensable",4,2,0,20,0.833333333333333,0,0.369227845228343,0.407178902379002
"6490","Mca018889.t09","dispensable",3,2,0,20,0.833333333333333,0,0.369227845228343,0.407178902379002
"6622","Mca035797.t03","dispensable",6,2,0,20,0.833333333333333,0,0.369227845228343,0.407178902379002
"6636","Mca037400.t02","dispensable",3,2,0,20,0.833333333333333,0,0.369227845228343,0.407178902379002
"6728","Mca049487.t02","dispensable",3,2,0,20,0.833333333333333,0,0.369227845228343,0.407178902379002
"6806","Msa004938.t04","dispensable",7,2,0,20,0.833333333333333,0,0.369227845228343,0.407178902379002
"6993","Msa045386.t02","dispensable",4,2,0,20,0.833333333333333,0,0.369227845228343,0.407178902379002
"7002","Msa046170.t02","dispensable",10,2,0,20,0.833333333333333,0,0.369227845228343,0.407178902379002
"7011","Msa047144.t01","dispensable",8,2,0,20,0.833333333333333,0,0.369227845228343,0.407178902379002
"7268","Msa071686.t04","dispensable",3,2,0,20,0.833333333333333,0,0.369227845228343,0.407178902379002
"7492","Msa029132.t01","dispensable",6,2,0,20,0.833333333333333,0,0.369227845228343,0.407178902379002
"7531","Msa094041.t01","dispensable",4,2,0,20,0.833333333333333,0,0.369227845228343,0.407178902379002
"7532","Msa094051.t01","dispensable",4,2,0,20,0.833333333333333,0,0.369227845228343,0.407178902379002
"7565","Mpoly001715.t01","dispensable",4,2,0,20,0.833333333333333,0,0.369227845228343,0.407178902379002
"7725","Msa111250.t01","dispensable",3,2,0,20,0.833333333333333,0,0.369227845228343,0.407178902379002
"7744","Msa111454.t01","dispensable",3,2,0,20,0.833333333333333,0,0.369227845228343,0.407178902379002
"7807","Msa112760.t01","dispensable",3,2,0,20,0.833333333333333,0,0.369227845228343,0.407178902379002
"7825","Msa113263.t01","dispensable",3,2,0,20,0.833333333333333,0,0.369227845228343,0.407178902379002
"8042","Msa126495.t01","dispensable",3,2,0,20,0.833333333333333,0,0.369227845228343,0.407178902379002
"8045","Msa126614.t01","dispensable",3,2,0,20,0.833333333333333,0,0.369227845228343,0.407178902379002
"8052","Msa126764.t01","dispensable",3,2,0,20,0.833333333333333,0,0.369227845228343,0.407178902379002
"8158","Msa129075.t02","dispensable",8,2,0,20,0.833333333333333,0,0.369227845228343,0.407178902379002
"8329","Msa149017.t01","dispensable",3,2,0,20,0.833333333333333,0,0.369227845228343,0.407178902379002
"8366","Msa150485.t01","dispensable",6,2,0,20,0.833333333333333,0,0.369227845228343,0.407178902379002
"8443","Msa152963.t01","dispensable",3,2,0,20,0.833333333333333,0,0.369227845228343,0.407178902379002
"8755","Mca031325.t03","dispensable",6,2,0,20,0.833333333333333,0,0.369227845228343,0.407178902379002
"8796","Msa011824.t01","dispensable",3,2,0,20,0.833333333333333,0,0.369227845228343,0.407178902379002
"8822","Msa012642.t01","dispensable",3,2,0,20,0.833333333333333,0,0.369227845228343,0.407178902379002
"8900","Msa014893.t01","dispensable",3,2,0,20,0.833333333333333,0,0.369227845228343,0.407178902379002
"8903","Msa015134.t03","dispensable",3,2,0,20,0.833333333333333,0,0.369227845228343,0.407178902379002
"8905","Msa015248.t01","dispensable",3,2,0,20,0.833333333333333,0,0.369227845228343,0.407178902379002
"8989","Msa017894.t01","dispensable",3,2,0,20,0.833333333333333,0,0.369227845228343,0.407178902379002
"9026","Msa018858.t02","dispensable",3,2,0,20,0.833333333333333,0,0.369227845228343,0.407178902379002
"9179","Msa023467.t02","dispensable",3,2,0,20,0.833333333333333,0,0.369227845228343,0.407178902379002
"9215","Msa026979.t02","dispensable",5,2,0,20,0.833333333333333,0,0.369227845228343,0.407178902379002
"9234","Msa028431.t01","dispensable",3,2,0,20,0.833333333333333,0,0.369227845228343,0.407178902379002
"9287","Msa029646.t01","dispensable",3,2,0,20,0.833333333333333,0,0.369227845228343,0.407178902379002
"9328","Msa030830.t01","dispensable",4,2,0,20,0.833333333333333,0,0.369227845228343,0.407178902379002
"9393","Msa032504.t01","dispensable",3,2,0,20,0.833333333333333,0,0.369227845228343,0.407178902379002
"9577","Msa037194.t01","dispensable",7,2,0,20,0.833333333333333,0,0.369227845228343,0.407178902379002
"9589","Mca035797.t04","dispensable",6,2,0,20,0.833333333333333,0,0.369227845228343,0.407178902379002
"9606","Msa037865.t01","dispensable",3,2,0,20,0.833333333333333,0,0.369227845228343,0.407178902379002
"9721","Msa040919.t01","dispensable",3,2,0,20,0.833333333333333,0,0.369227845228343,0.407178902379002
"9768","Msa042495.t01","dispensable",3,2,0,20,0.833333333333333,0,0.369227845228343,0.407178902379002
"9811","Msa047144.t05","dispensable",3,2,0,20,0.833333333333333,0,0.369227845228343,0.407178902379002
"9908","Msa051226.t01","dispensable",3,2,0,20,0.833333333333333,0,0.369227845228343,0.407178902379002
"10095","zm4.44G0002080.t1","dispensable",3,2,0,20,0.833333333333333,0,0.369227845228343,0.407178902379002
"10102","zm4.44G0006230.t1","dispensable",3,2,0,20,0.833333333333333,0,0.369227845228343,0.407178902379002
"10108","zm4.44G0008980.t1","dispensable",4,2,0,20,0.833333333333333,0,0.369227845228343,0.407178902379002
"10127","zm4.44G0016000.t1","dispensable",4,2,0,20,0.833333333333333,0,0.369227845228343,0.407178902379002
"10132","zm4.44G0017810.t1","dispensable",3,2,0,20,0.833333333333333,0,0.369227845228343,0.407178902379002
"10159","zm4.44G0029760.t1","dispensable",4,2,0,20,0.833333333333333,0,0.369227845228343,0.407178902379002
"10162","zm4.44G0032100.t1","dispensable",4,2,0,20,0.833333333333333,0,0.369227845228343,0.407178902379002
"10209","zm4.34G0001710.t1","dispensable",3,2,0,20,0.833333333333333,0,0.369227845228343,0.407178902379002
"10212","zm4.34G0003590.t1","dispensable",3,2,0,20,0.833333333333333,0,0.369227845228343,0.407178902379002
"10216","zm4.34G0006610.t1","dispensable",3,2,0,20,0.833333333333333,0,0.369227845228343,0.407178902379002
"10218","zm4.34G0009080.t1","dispensable",3,2,0,20,0.833333333333333,0,0.369227845228343,0.407178902379002
"10274","zm4.34G0044170.t1","dispensable",3,2,0,20,0.833333333333333,0,0.369227845228343,0.407178902379002
"10295","zm4.34G0059510.t1","dispensable",4,2,0,20,0.833333333333333,0,0.369227845228343,0.407178902379002
"10318","zm4.74G0008460.t1","dispensable",4,2,0,20,0.833333333333333,0,0.369227845228343,0.407178902379002
"10345","zm4.74G0026370.t1","dispensable",4,2,0,20,0.833333333333333,0,0.369227845228343,0.407178902379002
"10363","zm4.74G0039560.t1","dispensable",4,2,0,20,0.833333333333333,0,0.369227845228343,0.407178902379002
"10364","zm4.74G0039860.t1","dispensable",4,2,0,20,0.833333333333333,0,0.369227845228343,0.407178902379002
"10386","zm4.74G0058050.t1","dispensable",3,2,0,20,0.833333333333333,0,0.369227845228343,0.407178902379002
"10408","zm4.24G0013550.t1","dispensable",3,2,0,20,0.833333333333333,0,0.369227845228343,0.407178902379002
"10441","zm4.24G0034130.t1","dispensable",3,2,0,20,0.833333333333333,0,0.369227845228343,0.407178902379002
"10449","evm.model.Chr01.2708","dispensable",5,2,0,20,0.833333333333333,0,0.369227845228343,0.407178902379002
"10459","zm4.24G0045050.t1","dispensable",3,2,0,20,0.833333333333333,0,0.369227845228343,0.407178902379002
"10510","zm4.64G0034180.t1","dispensable",3,2,0,20,0.833333333333333,0,0.369227845228343,0.407178902379002
"10538","zm4.54G0009680.t1","dispensable",4,2,0,20,0.833333333333333,0,0.369227845228343,0.407178902379002
"10559","zm4.54G0034550.t1","dispensable",3,2,0,20,0.833333333333333,0,0.369227845228343,0.407178902379002
"10571","zm4.54G0045300.t1","dispensable",4,2,0,20,0.833333333333333,0,0.369227845228343,0.407178902379002
"10577","zm4.54G0051960.t1","dispensable",3,2,0,20,0.833333333333333,0,0.369227845228343,0.407178902379002
"10578","zm4.54G0051970.t1","dispensable",3,2,0,20,0.833333333333333,0,0.369227845228343,0.407178902379002
"10586","zm4.14G0000800.t1","dispensable",3,2,0,20,0.833333333333333,0,0.369227845228343,0.407178902379002
"10655","zm4.84G0023700.t1","dispensable",3,2,0,20,0.833333333333333,0,0.369227845228343,0.407178902379002
"10663","zm4.84G0033880.t1","dispensable",4,2,0,20,0.833333333333333,0,0.369227845228343,0.407178902379002
"10687","LOC_00020282-mRNA-1","dispensable",3,2,0,20,0.833333333333333,0,0.369227845228343,0.407178902379002
"11450","LOC_00016849-mRNA-1","dispensable",3,2,0,20,0.833333333333333,0,0.369227845228343,0.407178902379002
"11764","LOC_00032818-mRNA-1","dispensable",3,2,0,20,0.833333333333333,0,0.369227845228343,0.407178902379002
"11845","LOC_00033755-mRNA-1","dispensable",3,2,0,20,0.833333333333333,0,0.369227845228343,0.407178902379002
"12004","LOC_00035699-mRNA-1","dispensable",3,2,0,20,0.833333333333333,0,0.369227845228343,0.407178902379002
"12270","LOC_00000192-mRNA-2","dispensable",3,2,0,20,0.833333333333333,0,0.369227845228343,0.407178902379002
"12305","LOC_00000827-mRNA-1","dispensable",3,2,0,20,0.833333333333333,0,0.369227845228343,0.407178902379002
"12424","LOC_00002255-mRNA-1","dispensable",3,2,0,20,0.833333333333333,0,0.369227845228343,0.407178902379002
"12510","LOC_00003328-mRNA-1","dispensable",3,2,0,20,0.833333333333333,0,0.369227845228343,0.407178902379002
"12544","LOC_00003791-mRNA-1","dispensable",3,2,0,20,0.833333333333333,0,0.369227845228343,0.407178902379002
"12905","LOC_00009120-mRNA-2","dispensable",3,2,0,20,0.833333333333333,0,0.369227845228343,0.407178902379002
"13354","LOC_00029660-mRNA-1","dispensable",3,2,0,20,0.833333333333333,0,0.369227845228343,0.407178902379002
"13365","LOC_00029780-mRNA-1","dispensable",3,2,0,20,0.833333333333333,0,0.369227845228343,0.407178902379002
"13367","LOC_00029836-mRNA-1","dispensable",3,2,0,20,0.833333333333333,0,0.369227845228343,0.407178902379002
"13948","LOC_00046351-mRNA-1","dispensable",4,2,0,20,0.833333333333333,0,0.369227845228343,0.407178902379002
"13982","LOC_00046882-mRNA-2","dispensable",3,2,0,20,0.833333333333333,0,0.369227845228343,0.407178902379002
"14024","LOC_00047555-mRNA-1","dispensable",4,2,0,20,0.833333333333333,0,0.369227845228343,0.407178902379002
"14074","LOC_00048369-mRNA-1","dispensable",6,2,0,20,0.833333333333333,0,0.369227845228343,0.407178902379002
"14103","LOC_00049085-mRNA-1","dispensable",3,2,0,20,0.833333333333333,0,0.369227845228343,0.407178902379002
"14337","LOC_00052816-mRNA-1","dispensable",5,2,0,20,0.833333333333333,0,0.369227845228343,0.407178902379002
"14481","Mtrun004256.t01","dispensable",3,2,0,20,0.833333333333333,0,0.369227845228343,0.407178902379002
"14551","Mtrun008841.t01","dispensable",3,2,0,20,0.833333333333333,0,0.369227845228343,0.407178902379002
"14581","Mtrun010782.t01","dispensable",4,2,0,20,0.833333333333333,0,0.369227845228343,0.407178902379002
"14727","Mtrun017487.t01","dispensable",3,2,0,20,0.833333333333333,0,0.369227845228343,0.407178902379002
"14743","Mtrun018821.t01","dispensable",3,2,0,20,0.833333333333333,0,0.369227845228343,0.407178902379002
"14779","Mtrun022150.t01","dispensable",3,2,0,20,0.833333333333333,0,0.369227845228343,0.407178902379002
"14888","Mtrun028283.t01","dispensable",3,2,0,20,0.833333333333333,0,0.369227845228343,0.407178902379002
"14895","Mtrun028414.t01","dispensable",3,2,0,20,0.833333333333333,0,0.369227845228343,0.407178902379002
"15231","Msa018371.t01","dispensable",3,2,0,20,0.833333333333333,0,0.369227845228343,0.407178902379002
"15266","Mru014598.t04","dispensable",4,2,0,20,0.833333333333333,0,0.369227845228343,0.407178902379002
"15291","Mara018148.t02","dispensable",3,2,0,20,0.833333333333333,0,0.369227845228343,0.407178902379002
"15318","Mpoly015570.t01","dispensable",3,2,0,20,0.833333333333333,0,0.369227845228343,0.407178902379002
"15400","Mara022639.t01","dispensable",4,2,0,20,0.833333333333333,0,0.369227845228343,0.407178902379002
"15453","Mara024903.t01","dispensable",4,2,0,20,0.833333333333333,0,0.369227845228343,0.407178902379002
"15518","Mca027729.t01","dispensable",3,2,0,20,0.833333333333333,0,0.369227845228343,0.407178902379002
"16172","evm.model.Chr01.2767","dispensable",4,2,0,20,0.833333333333333,0,0.369227845228343,0.407178902379002
"16337","evm.model.Chr02.1143","dispensable",3,2,0,20,0.833333333333333,0,0.369227845228343,0.407178902379002
"16422","Msa013095.t01","dispensable",4,2,0,20,0.833333333333333,0,0.369227845228343,0.407178902379002
"16670","Mru022824.t01","dispensable",3,2,0,20,0.833333333333333,0,0.369227845228343,0.407178902379002
"16672","evm.model.Chr04.352","dispensable",3,2,0,20,0.833333333333333,0,0.369227845228343,0.407178902379002
"17033","evm.model.Chr06.3034","dispensable",3,2,0,20,0.833333333333333,0,0.369227845228343,0.407178902379002
"17069","Msa029627.t01","dispensable",3,2,0,20,0.833333333333333,0,0.369227845228343,0.407178902379002
"17211","evm.model.Chr08.737","dispensable",4,2,0,20,0.833333333333333,0,0.369227845228343,0.407178902379002
"17477","Mru007647.t01","dispensable",3,2,0,20,0.833333333333333,0,0.369227845228343,0.407178902379002
"17505","Mpoly005433.t01","dispensable",4,2,0,20,0.833333333333333,0,0.369227845228343,0.407178902379002
"17827","Mtrun028163.t01","dispensable",4,2,0,20,0.833333333333333,0,0.369227845228343,0.407178902379002
"17990","Mca003390.t01","dispensable",3,2,0,20,0.833333333333333,0,0.369227845228343,0.407178902379002
"18089","Mru046900.t02","dispensable",3,2,0,20,0.833333333333333,0,0.369227845228343,0.407178902379002
"18771","Mru004264.t02","dispensable",3,2,0,20,0.833333333333333,0,0.369227845228343,0.407178902379002
"18797","Mru005014.t01","dispensable",4,2,0,20,0.833333333333333,0,0.369227845228343,0.407178902379002
"18847","Mtrun004509.t02","dispensable",5,2,0,20,0.833333333333333,0,0.369227845228343,0.407178902379002
"18987","LOC_00042204-mRNA-2","dispensable",4,2,0,20,0.833333333333333,0,0.369227845228343,0.407178902379002
"19098","Msa011506.t01","dispensable",3,2,0,20,0.833333333333333,0,0.369227845228343,0.407178902379002
"19336","Mtrun008410.t01","dispensable",3,2,0,20,0.833333333333333,0,0.369227845228343,0.407178902379002
"19536","Mru027329.t02","dispensable",3,2,0,20,0.833333333333333,0,0.369227845228343,0.407178902379002
"20078","Mru046524.t02","dispensable",4,2,0,20,0.833333333333333,0,0.369227845228343,0.407178902379002
"20415","zm4.44G0058460.t1","dispensable",3,2,0,20,0.833333333333333,0,0.369227845228343,0.407178902379002
"20670","Msa020896.t01","dispensable",3,2,0,20,0.833333333333333,0,0.369227845228343,0.407178902379002
"20687","zm4.44G0015640.t1","dispensable",3,2,0,20,0.833333333333333,0,0.369227845228343,0.407178902379002
"20744","Msa036001.t01","dispensable",3,2,0,20,0.833333333333333,0,0.369227845228343,0.407178902379002
"20787","Mru031177.t02","dispensable",5,2,0,20,0.833333333333333,0,0.369227845228343,0.407178902379002
"20852","Mca002305.t01","dispensable",3,2,0,20,0.833333333333333,0,0.369227845228343,0.407178902379002
"21071","zm4.44G0045300.t1","dispensable",3,2,0,20,0.833333333333333,0,0.369227845228343,0.407178902379002
"21184","Msa010690.t01","dispensable",3,2,0,20,0.833333333333333,0,0.369227845228343,0.407178902379002
"21555","Mca009770.t01","dispensable",3,2,0,20,0.833333333333333,0,0.369227845228343,0.407178902379002
"21704","Mca012600.t04","dispensable",3,2,0,20,0.833333333333333,0,0.369227845228343,0.407178902379002
"21749","Msa043107.t01","dispensable",3,2,0,20,0.833333333333333,0,0.369227845228343,0.407178902379002
"21789","Mca014419.t02","dispensable",3,2,0,20,0.833333333333333,0,0.369227845228343,0.407178902379002
"21852","Mca015604.t02","dispensable",3,2,0,20,0.833333333333333,0,0.369227845228343,0.407178902379002
"21886","Msa016184.t01","dispensable",3,2,0,20,0.833333333333333,0,0.369227845228343,0.407178902379002
"21891","Mca015835.t02","dispensable",3,2,0,20,0.833333333333333,0,0.369227845228343,0.407178902379002
"21932","Mca016433.t02","dispensable",3,2,0,20,0.833333333333333,0,0.369227845228343,0.407178902379002
"21946","Mca017432.t04","dispensable",3,2,0,20,0.833333333333333,0,0.369227845228343,0.407178902379002
"22490","Msa029953.t01","dispensable",3,2,0,20,0.833333333333333,0,0.369227845228343,0.407178902379002
"22545","Msa019021.t01","dispensable",5,2,0,20,0.833333333333333,0,0.369227845228343,0.407178902379002
"22623","Msa095199.t01","dispensable",3,2,0,20,0.833333333333333,0,0.369227845228343,0.407178902379002
"22719","Mca035030.t01","dispensable",3,2,0,20,0.833333333333333,0,0.369227845228343,0.407178902379002
"22764","Msa126058.t01","dispensable",4,2,0,20,0.833333333333333,0,0.369227845228343,0.407178902379002
"22765","Mca033314.t03","dispensable",3,2,0,20,0.833333333333333,0,0.369227845228343,0.407178902379002
"22837","Msa112593.t01","dispensable",4,2,0,20,0.833333333333333,0,0.369227845228343,0.407178902379002
"22932","Mca037491.t03","dispensable",3,2,0,20,0.833333333333333,0,0.369227845228343,0.407178902379002
"22976","Mca040127.t01","dispensable",3,2,0,20,0.833333333333333,0,0.369227845228343,0.407178902379002
"23055","Msa040951.t01","dispensable",3,2,0,20,0.833333333333333,0,0.369227845228343,0.407178902379002
"23065","Msa041225.t01","dispensable",3,2,0,20,0.833333333333333,0,0.369227845228343,0.407178902379002
"23215","Mca045069.t02","dispensable",3,2,0,20,0.833333333333333,0,0.369227845228343,0.407178902379002
"23661","zm4.54G0032790.t1","dispensable",3,2,0,20,0.833333333333333,0,0.369227845228343,0.407178902379002
"23692","Mca008373.t02","dispensable",5,2,0,20,0.833333333333333,0,0.369227845228343,0.407178902379002
"23780","Mca012099.t02","dispensable",6,2,0,20,0.833333333333333,0,0.369227845228343,0.407178902379002
"23794","Msa001591.t01","dispensable",3,2,0,20,0.833333333333333,0,0.369227845228343,0.407178902379002
"23906","Mca015525.t02","dispensable",3,2,0,20,0.833333333333333,0,0.369227845228343,0.407178902379002
"23942","Msa111235.t01","dispensable",3,2,0,20,0.833333333333333,0,0.369227845228343,0.407178902379002
"24078","Mca024142.t02","dispensable",6,2,0,20,0.833333333333333,0,0.369227845228343,0.407178902379002
"24192","Mtrun007960.t01","dispensable",4,2,0,20,0.833333333333333,0,0.369227845228343,0.407178902379002
"24225","LOC_00009320-mRNA-1","dispensable",3,2,0,20,0.833333333333333,0,0.369227845228343,0.407178902379002
"24270","Mca031575.t01","dispensable",3,2,0,20,0.833333333333333,0,0.369227845228343,0.407178902379002
"24593","Msa113457.t01","dispensable",3,2,0,20,0.833333333333333,0,0.369227845228343,0.407178902379002
"24697","Mca041535.t01","dispensable",3,2,0,20,0.833333333333333,0,0.369227845228343,0.407178902379002
"25071","Msa037858.t01","dispensable",3,2,0,20,0.833333333333333,0,0.369227845228343,0.407178902379002
"25222","Msa068816.t01","dispensable",3,2,0,20,0.833333333333333,0,0.369227845228343,0.407178902379002
"26011","Msa008278.t01","dispensable",3,2,0,20,0.833333333333333,0,0.369227845228343,0.407178902379002
"26599","Msa022515.t01","dispensable",3,2,0,20,0.833333333333333,0,0.369227845228343,0.407178902379002
"27818","zm4.44G0024110.t1","dispensable",3,2,0,20,0.833333333333333,0,0.369227845228343,0.407178902379002
"28021","zm4.24G0008090.t1","dispensable",3,2,0,20,0.833333333333333,0,0.369227845228343,0.407178902379002
"28391","LOC_00015212-mRNA-2","dispensable",3,2,0,20,0.833333333333333,0,0.369227845228343,0.407178902379002
"28575","LOC_00003148-mRNA-1","dispensable",3,2,0,20,0.833333333333333,0,0.369227845228343,0.407178902379002
"28627","LOC_00009270-mRNA-1","dispensable",3,2,0,20,0.833333333333333,0,0.369227845228343,0.407178902379002
"28731","LOC_00030139-mRNA-1","dispensable",4,2,0,20,0.833333333333333,0,0.369227845228343,0.407178902379002
"2409","evm.model.Chr02.1683.2.6a7352f3","dispensable",14,3,0,80,0.75,0,0.5329417094257,0.40658834188514
"6808","Mca030068.t01","dispensable",11,3,0,80,0.75,0,0.5329417094257,0.40658834188514
"2470","evm.model.Chr02.4047","dispensable",5,2,0,19,0.833333333333333,0,0.363310763796654,0.405995486092664
"7467","Msa092317.t01","dispensable",6,2,0,19,0.833333333333333,0,0.363310763796654,0.405995486092664
"10344","zm4.74G0025920.t1","dispensable",4,2,0,19,0.833333333333333,0,0.363310763796654,0.405995486092664
"16943","Mru030719.t01","dispensable",4,2,0,19,0.833333333333333,0,0.363310763796654,0.405995486092664
"7154","Msa067446.t01","private",4,1,0,4,0.916666666666667,0,0.1951863730987,0.405703941286407
"530","Mara008244.t01","dispensable",14,3,0,75,0.75,0,0.525214503161343,0.405042900632269
"1730","Mara032362.t01","dispensable",15,3,0,75,0.75,0,0.525214503161343,0.405042900632269
"4186","Mru003182.t02","dispensable",8,3,0,75,0.75,0,0.525214503161343,0.405042900632269
"5546","Mca023972.t02","dispensable",11,3,0,75,0.75,0,0.525214503161343,0.405042900632269
"7152","Msa067373.t01","dispensable",12,3,0,75,0.75,0,0.525214503161343,0.405042900632269
"6751","Msa001292.t01","dispensable",3,2,0,18,0.833333333333333,0,0.357090112463389,0.404751355826011
"9268","Msa093003.t01","dispensable",7,2,0,18,0.833333333333333,0,0.357090112463389,0.404751355826011
"9628","Msa038411.t04","dispensable",4,2,0,18,0.833333333333333,0,0.357090112463389,0.404751355826011
"10333","zm4.74G0019570.t1","dispensable",3,2,0,18,0.833333333333333,0,0.357090112463389,0.404751355826011
"14918","Mtrun029368.t01","dispensable",3,2,0,18,0.833333333333333,0,0.357090112463389,0.404751355826011
"20022","zm4.74G0035120.t1","dispensable",4,2,0,18,0.833333333333333,0,0.357090112463389,0.404751355826011
"4889","Mru027939.t02","dispensable",7,2,0,17,0.833333333333333,0,0.350533050061827,0.403439943345699
"6947","Msa038863.t01","dispensable",3,2,0,17,0.833333333333333,0,0.350533050061827,0.403439943345699
"7202","Msa068571.t01","dispensable",5,2,0,17,0.833333333333333,0,0.350533050061827,0.403439943345699
"7441","Msa091495.t01","dispensable",7,2,0,17,0.833333333333333,0,0.350533050061827,0.403439943345699
"8179","Msa129981.t02","dispensable",4,2,0,17,0.833333333333333,0,0.350533050061827,0.403439943345699
"8390","Msa151247.t01","dispensable",3,2,0,17,0.833333333333333,0,0.350533050061827,0.403439943345699
"8418","Msa152417.t01","dispensable",5,2,0,17,0.833333333333333,0,0.350533050061827,0.403439943345699
"13019","LOC_00010701-mRNA-1","dispensable",3,2,0,17,0.833333333333333,0,0.350533050061827,0.403439943345699
"14631","Mtrun012920.t01","dispensable",3,2,0,17,0.833333333333333,0,0.350533050061827,0.403439943345699
"15906","Msa036470.t01","dispensable",3,2,0,17,0.833333333333333,0,0.350533050061827,0.403439943345699
"3345","Mpoly002420.t01","dispensable",16,3,0,70,0.75,0,0.516961243706611,0.403392248741322
"5744","Mru035536.t02","dispensable",13,3,0,70,0.75,0,0.516961243706611,0.403392248741322
"15881","Mru034850.t01","dispensable",7,3,0,70,0.75,0,0.516961243706611,0.403392248741322
"6415","Mca009135.t02","dispensable",18,3,0,68,0.75,0,0.51349597617969,0.402699195235938
"5388","Mca017152.t04","dispensable",6,2,0,16,0.833333333333333,0,0.343601099842871,0.402053553301908
"6630","Mca036580.t03","dispensable",5,2,0,16,0.833333333333333,0,0.343601099842871,0.402053553301908
"7479","Mpoly018811.t01","dispensable",8,2,0,16,0.833333333333333,0,0.343601099842871,0.402053553301908
"8419","Msa152427.t01","dispensable",4,2,0,16,0.833333333333333,0,0.343601099842871,0.402053553301908
"4736","Mru047687.t02","dispensable",10,3,0,65,0.75,0,0.508105039227718,0.401621007845544
"5195","Mca008573.t01","dispensable",9,3,0,65,0.75,0,0.508105039227718,0.401621007845544
"5366","Mca014038.t01","dispensable",9,3,0,65,0.75,0,0.508105039227718,0.401621007845544
"8043","Msa126563.t01","dispensable",11,3,0,65,0.75,0,0.508105039227718,0.401621007845544
"10233","zm4.34G0016260.t1","dispensable",9,3,0,65,0.75,0,0.508105039227718,0.401621007845544
"10539","Mca007411.t02","dispensable",11,3,0,65,0.75,0,0.508105039227718,0.401621007845544
"10545","zm4.11G0020780.t1","dispensable",14,3,0,65,0.75,0,0.508105039227718,0.401621007845544
"18822","Mru038872.t01","dispensable",7,3,0,65,0.75,0,0.508105039227718,0.401621007845544
"21838","zm4.54G0025680.t1","dispensable",10,3,0,65,0.75,0,0.508105039227718,0.401621007845544
"10455","evm.model.Chr02.4061","dispensable",9,3,0,64,0.75,0,0.506253459562189,0.401250691912438
"8714","Mca009164.t01","dispensable",30,4,0,255,0.666666666666667,0,0.672497562791816,0.40116617922503
"149","Mara002073.t01","dispensable",3,2,0,15,0.833333333333333,0,0.336248781395908,0.400583089612515
"361","Mara005652.t01","dispensable",3,2,0,15,0.833333333333333,0,0.336248781395908,0.400583089612515
"919","Mara014838.t01","dispensable",3,2,0,15,0.833333333333333,0,0.336248781395908,0.400583089612515
"1058","Mara017983.t01","dispensable",3,2,0,15,0.833333333333333,0,0.336248781395908,0.400583089612515
"1328","Mara023343.t01","dispensable",3,2,0,15,0.833333333333333,0,0.336248781395908,0.400583089612515
"1605","Mara029532.t01","dispensable",3,2,0,15,0.833333333333333,0,0.336248781395908,0.400583089612515
"1642","Mara030244.t01","dispensable",3,2,0,15,0.833333333333333,0,0.336248781395908,0.400583089612515
"1726","Mara032244.t01","dispensable",3,2,0,15,0.833333333333333,0,0.336248781395908,0.400583089612515
"2208","evm.model.Chr01.110","dispensable",3,2,0,15,0.833333333333333,0,0.336248781395908,0.400583089612515
"2236","evm.model.Chr01.1040","dispensable",4,2,0,15,0.833333333333333,0,0.336248781395908,0.400583089612515
"2242","evm.model.Chr01.1159","dispensable",3,2,0,15,0.833333333333333,0,0.336248781395908,0.400583089612515
"2257","evm.model.Chr01.1619","dispensable",3,2,0,15,0.833333333333333,0,0.336248781395908,0.400583089612515
"2259","evm.model.Chr01.1658.2.6a7352e7","dispensable",7,2,0,15,0.833333333333333,0,0.336248781395908,0.400583089612515
"2272","evm.model.Chr01.2267","dispensable",6,2,0,15,0.833333333333333,0,0.336248781395908,0.400583089612515
"2309","evm.model.Chr01.3754","dispensable",3,2,0,15,0.833333333333333,0,0.336248781395908,0.400583089612515
"2318","evm.model.Chr01.4106","dispensable",3,2,0,15,0.833333333333333,0,0.336248781395908,0.400583089612515
"2342","evm.model.Chr01.4704","dispensable",3,2,0,15,0.833333333333333,0,0.336248781395908,0.400583089612515
"2387","evm.model.Chr02.989","dispensable",3,2,0,15,0.833333333333333,0,0.336248781395908,0.400583089612515
"2391","evm.model.Chr02.1090","dispensable",3,2,0,15,0.833333333333333,0,0.336248781395908,0.400583089612515
"2423","evm.model.Chr02.2112","dispensable",4,2,0,15,0.833333333333333,0,0.336248781395908,0.400583089612515
"2434","evm.model.Chr02.2367","dispensable",4,2,0,15,0.833333333333333,0,0.336248781395908,0.400583089612515
"2444","evm.model.Chr02.3026","dispensable",3,2,0,15,0.833333333333333,0,0.336248781395908,0.400583089612515
"2556","evm.model.Chr03.1729","dispensable",3,2,0,15,0.833333333333333,0,0.336248781395908,0.400583089612515
"2557","evm.model.Chr03.1776","dispensable",4,2,0,15,0.833333333333333,0,0.336248781395908,0.400583089612515
"2559","evm.model.Chr03.1841","dispensable",3,2,0,15,0.833333333333333,0,0.336248781395908,0.400583089612515
"2560","evm.model.Chr03.1978","dispensable",3,2,0,15,0.833333333333333,0,0.336248781395908,0.400583089612515
"2565","evm.model.Chr03.2235","dispensable",3,2,0,15,0.833333333333333,0,0.336248781395908,0.400583089612515
"2567","evm.model.Chr03.2249","dispensable",3,2,0,15,0.833333333333333,0,0.336248781395908,0.400583089612515
"2582","evm.model.Chr03.2761","dispensable",3,2,0,15,0.833333333333333,0,0.336248781395908,0.400583089612515
"2588","evm.model.Chr03.2991","dispensable",3,2,0,15,0.833333333333333,0,0.336248781395908,0.400583089612515
"2627","evm.model.Chr03.4476","dispensable",3,2,0,15,0.833333333333333,0,0.336248781395908,0.400583089612515
"2642","evm.model.Chr04.335.1.6a73517c","dispensable",3,2,0,15,0.833333333333333,0,0.336248781395908,0.400583089612515
"2650","evm.model.Chr04.694","dispensable",3,2,0,15,0.833333333333333,0,0.336248781395908,0.400583089612515
"2703","evm.model.Chr04.2238.1.6a7353c7","dispensable",5,2,0,15,0.833333333333333,0,0.336248781395908,0.400583089612515
"2704","evm.model.Chr04.2260","dispensable",3,2,0,15,0.833333333333333,0,0.336248781395908,0.400583089612515
"2729","evm.model.Chr04.2547","dispensable",3,2,0,15,0.833333333333333,0,0.336248781395908,0.400583089612515
"2774","evm.model.Chr04.3967.1.6a73561e","dispensable",4,2,0,15,0.833333333333333,0,0.336248781395908,0.400583089612515
"2793","evm.model.Chr04.4795.3.6a7356ab","dispensable",5,2,0,15,0.833333333333333,0,0.336248781395908,0.400583089612515
"2827","evm.model.Chr05.1017","dispensable",4,2,0,15,0.833333333333333,0,0.336248781395908,0.400583089612515
"2971","evm.model.Chr06.1571","dispensable",3,2,0,15,0.833333333333333,0,0.336248781395908,0.400583089612515
"3068","evm.model.Chr07.2164","dispensable",3,2,0,15,0.833333333333333,0,0.336248781395908,0.400583089612515
"3129","evm.model.Chr07.4416.1.6a7355d8","dispensable",3,2,0,15,0.833333333333333,0,0.336248781395908,0.400583089612515
"3133","evm.model.Chr07.4514","dispensable",3,2,0,15,0.833333333333333,0,0.336248781395908,0.400583089612515
"3299","Mpoly000661.t02","dispensable",3,2,0,15,0.833333333333333,0,0.336248781395908,0.400583089612515
"3380","Mpoly004474.t02","dispensable",4,2,0,15,0.833333333333333,0,0.336248781395908,0.400583089612515
"3386","Mpoly004817.t04","dispensable",5,2,0,15,0.833333333333333,0,0.336248781395908,0.400583089612515
"3388","Mpoly005055.t02","dispensable",7,2,0,15,0.833333333333333,0,0.336248781395908,0.400583089612515
"3391","Mpoly005212.t01","dispensable",4,2,0,15,0.833333333333333,0,0.336248781395908,0.400583089612515
"3406","Mpoly005981.t01","dispensable",3,2,0,15,0.833333333333333,0,0.336248781395908,0.400583089612515
"3466","Mpoly009107.t01","dispensable",7,2,0,15,0.833333333333333,0,0.336248781395908,0.400583089612515
"3469","Mpoly009176.t02","dispensable",4,2,0,15,0.833333333333333,0,0.336248781395908,0.400583089612515
"3634","Mpoly018343.t01","dispensable",4,2,0,15,0.833333333333333,0,0.336248781395908,0.400583089612515
"3636","Mpoly018601.t01","dispensable",3,2,0,15,0.833333333333333,0,0.336248781395908,0.400583089612515
"3715","Mpoly022643.t01","dispensable",3,2,0,15,0.833333333333333,0,0.336248781395908,0.400583089612515
"3987","Mpoly035687.t01","dispensable",3,2,0,15,0.833333333333333,0,0.336248781395908,0.400583089612515
"4066","Mpoly037433.t01","dispensable",3,2,0,15,0.833333333333333,0,0.336248781395908,0.400583089612515
"4074","Mpoly037653.t01","dispensable",3,2,0,15,0.833333333333333,0,0.336248781395908,0.400583089612515
"4235","Mru008449.t02","dispensable",4,2,0,15,0.833333333333333,0,0.336248781395908,0.400583089612515
"4671","Mru049817.t02","dispensable",8,2,0,15,0.833333333333333,0,0.336248781395908,0.400583089612515
"4829","Mru015223.t02","dispensable",4,2,0,15,0.833333333333333,0,0.336248781395908,0.400583089612515
"4876","Mru025621.t02","dispensable",3,2,0,15,0.833333333333333,0,0.336248781395908,0.400583089612515
"5009","Mru055879.t01","dispensable",4,2,0,15,0.833333333333333,0,0.336248781395908,0.400583089612515
"5063","Mca001936.t02","dispensable",5,2,0,15,0.833333333333333,0,0.336248781395908,0.400583089612515
"5099","Mca003845.t06","dispensable",4,2,0,15,0.833333333333333,0,0.336248781395908,0.400583089612515
"5121","Mca004849.t04","dispensable",5,2,0,15,0.833333333333333,0,0.336248781395908,0.400583089612515
"5141","Mca005685.t02","dispensable",7,2,0,15,0.833333333333333,0,0.336248781395908,0.400583089612515
"5151","Mca006430.t02","dispensable",4,2,0,15,0.833333333333333,0,0.336248781395908,0.400583089612515
"5171","Mca007112.t03","dispensable",3,2,0,15,0.833333333333333,0,0.336248781395908,0.400583089612515
"5188","Mca008324.t01","dispensable",3,2,0,15,0.833333333333333,0,0.336248781395908,0.400583089612515
"5221","Mca009806.t01","dispensable",3,2,0,15,0.833333333333333,0,0.336248781395908,0.400583089612515
"5282","Mca012784.t01","dispensable",3,2,0,15,0.833333333333333,0,0.336248781395908,0.400583089612515
"5315","Mca014225.t01","dispensable",3,2,0,15,0.833333333333333,0,0.336248781395908,0.400583089612515
"5354","Mca015844.t02","dispensable",4,2,0,15,0.833333333333333,0,0.336248781395908,0.400583089612515
"5378","Mca016959.t02","dispensable",7,2,0,15,0.833333333333333,0,0.336248781395908,0.400583089612515
"5412","Mca018303.t02","dispensable",6,2,0,15,0.833333333333333,0,0.336248781395908,0.400583089612515
"5424","Mca018819.t02","dispensable",4,2,0,15,0.833333333333333,0,0.336248781395908,0.400583089612515
"5660","Mca029261.t01","dispensable",3,2,0,15,0.833333333333333,0,0.336248781395908,0.400583089612515
"5675","Mca029725.t01","dispensable",3,2,0,15,0.833333333333333,0,0.336248781395908,0.400583089612515
"5772","Mca033590.t02","dispensable",3,2,0,15,0.833333333333333,0,0.336248781395908,0.400583089612515
"5864","Mca037763.t01","dispensable",5,2,0,15,0.833333333333333,0,0.336248781395908,0.400583089612515
"5926","Mca039507.t01","dispensable",3,2,0,15,0.833333333333333,0,0.336248781395908,0.400583089612515
"5966","Mca041155.t01","dispensable",5,2,0,15,0.833333333333333,0,0.336248781395908,0.400583089612515
"5973","Mca041303.t02","dispensable",3,2,0,15,0.833333333333333,0,0.336248781395908,0.400583089612515
"6043","Mara029564.t01","dispensable",5,2,0,15,0.833333333333333,0,0.336248781395908,0.400583089612515
"6119","Mca047773.t02","dispensable",4,2,0,15,0.833333333333333,0,0.336248781395908,0.400583089612515
"6121","Mca047938.t01","dispensable",3,2,0,15,0.833333333333333,0,0.336248781395908,0.400583089612515
"6241","Mca051284.t01","dispensable",3,2,0,15,0.833333333333333,0,0.336248781395908,0.400583089612515
"6338","Mca052968.t01","dispensable",3,2,0,15,0.833333333333333,0,0.336248781395908,0.400583089612515
"6396","Mca005197.t02","dispensable",3,2,0,15,0.833333333333333,0,0.336248781395908,0.400583089612515
"6495","Msa067581.t02","dispensable",5,2,0,15,0.833333333333333,0,0.336248781395908,0.400583089612515
"6518","Mca022741.t02","dispensable",4,2,0,15,0.833333333333333,0,0.336248781395908,0.400583089612515
"6552","Mca027003.t02","dispensable",9,2,0,15,0.833333333333333,0,0.336248781395908,0.400583089612515
"6568","Mca028447.t03","dispensable",3,2,0,15,0.833333333333333,0,0.336248781395908,0.400583089612515
"6661","Mca040045.t02","dispensable",3,2,0,15,0.833333333333333,0,0.336248781395908,0.400583089612515
"6729","Mca049528.t02","dispensable",6,2,0,15,0.833333333333333,0,0.336248781395908,0.400583089612515
"6754","Msa001401.t01","dispensable",3,2,0,15,0.833333333333333,0,0.336248781395908,0.400583089612515
"6789","Msa003701.t02","dispensable",3,2,0,15,0.833333333333333,0,0.336248781395908,0.400583089612515
"6870","Msa024452.t01","dispensable",3,2,0,15,0.833333333333333,0,0.336248781395908,0.400583089612515
"6918","Msa027960.t02","dispensable",7,2,0,15,0.833333333333333,0,0.336248781395908,0.400583089612515
"6980","Msa044689.t01","dispensable",3,2,0,15,0.833333333333333,0,0.336248781395908,0.400583089612515
"7001","Msa046119.t03","dispensable",3,2,0,15,0.833333333333333,0,0.336248781395908,0.400583089612515
"7255","Msa070891.t02","dispensable",4,2,0,15,0.833333333333333,0,0.336248781395908,0.400583089612515
"7264","Msa071444.t01","dispensable",4,2,0,15,0.833333333333333,0,0.336248781395908,0.400583089612515
"7349","Msa081502.t01","dispensable",3,2,0,15,0.833333333333333,0,0.336248781395908,0.400583089612515
"7447","Msa091697.t02","dispensable",3,2,0,15,0.833333333333333,0,0.336248781395908,0.400583089612515
"7457","Msa092058.t02","dispensable",3,2,0,15,0.833333333333333,0,0.336248781395908,0.400583089612515
"7486","Msa092900.t01","dispensable",7,2,0,15,0.833333333333333,0,0.336248781395908,0.400583089612515
"7500","Msa093241.t01","dispensable",3,2,0,15,0.833333333333333,0,0.336248781395908,0.400583089612515
"7601","Msa095734.t02","dispensable",3,2,0,15,0.833333333333333,0,0.336248781395908,0.400583089612515
"7608","Msa033663.t01","dispensable",6,2,0,15,0.833333333333333,0,0.336248781395908,0.400583089612515
"7713","Mca032025.t01","dispensable",4,2,0,15,0.833333333333333,0,0.336248781395908,0.400583089612515
"7731","Msa111308.t01","dispensable",4,2,0,15,0.833333333333333,0,0.336248781395908,0.400583089612515
"7775","Msa112134.t01","dispensable",3,2,0,15,0.833333333333333,0,0.336248781395908,0.400583089612515
"7847","Msa113622.t01","dispensable",4,2,0,15,0.833333333333333,0,0.336248781395908,0.400583089612515
"7860","Msa113783.t02","dispensable",3,2,0,15,0.833333333333333,0,0.336248781395908,0.400583089612515
"7918","Msa117142.t01","dispensable",7,2,0,15,0.833333333333333,0,0.336248781395908,0.400583089612515
"7979","Msa125405.t01","dispensable",4,2,0,15,0.833333333333333,0,0.336248781395908,0.400583089612515
"8112","Msa127749.t01","dispensable",3,2,0,15,0.833333333333333,0,0.336248781395908,0.400583089612515
"8119","Msa127954.t01","dispensable",3,2,0,15,0.833333333333333,0,0.336248781395908,0.400583089612515
"8162","Msa129266.t02","dispensable",3,2,0,15,0.833333333333333,0,0.336248781395908,0.400583089612515
"8181","Msa130065.t01","dispensable",6,2,0,15,0.833333333333333,0,0.336248781395908,0.400583089612515
"8186","Msa130198.t02","dispensable",4,2,0,15,0.833333333333333,0,0.336248781395908,0.400583089612515
"8394","Msa151420.t01","dispensable",10,2,0,15,0.833333333333333,0,0.336248781395908,0.400583089612515
"8396","Msa151453.t02","dispensable",3,2,0,15,0.833333333333333,0,0.336248781395908,0.400583089612515
"8426","Msa152545.t01","dispensable",3,2,0,15,0.833333333333333,0,0.336248781395908,0.400583089612515
"8587","Msa004011.t02","dispensable",3,2,0,15,0.833333333333333,0,0.336248781395908,0.400583089612515
"8594","Msa004864.t01","dispensable",4,2,0,15,0.833333333333333,0,0.336248781395908,0.400583089612515
"8670","Msa007994.t01","dispensable",4,2,0,15,0.833333333333333,0,0.336248781395908,0.400583089612515
"8678","Msa008237.t01","dispensable",5,2,0,15,0.833333333333333,0,0.336248781395908,0.400583089612515
"8709","Msa009069.t01","dispensable",3,2,0,15,0.833333333333333,0,0.336248781395908,0.400583089612515
"8745","Msa010300.t01","dispensable",3,2,0,15,0.833333333333333,0,0.336248781395908,0.400583089612515
"8941","Msa016336.t01","dispensable",3,2,0,15,0.833333333333333,0,0.336248781395908,0.400583089612515
"9031","Msa018956.t01","dispensable",3,2,0,15,0.833333333333333,0,0.336248781395908,0.400583089612515
"9062","Msa019843.t02","dispensable",5,2,0,15,0.833333333333333,0,0.336248781395908,0.400583089612515
"9134","Msa021588.t01","dispensable",4,2,0,15,0.833333333333333,0,0.336248781395908,0.400583089612515
"9223","Msa027961.t02","dispensable",4,2,0,15,0.833333333333333,0,0.336248781395908,0.400583089612515
"9277","Msa029262.t02","dispensable",3,2,0,15,0.833333333333333,0,0.336248781395908,0.400583089612515
"9352","Msa031421.t02","dispensable",4,2,0,15,0.833333333333333,0,0.336248781395908,0.400583089612515
"9465","Msa034460.t02","dispensable",3,2,0,15,0.833333333333333,0,0.336248781395908,0.400583089612515
"9471","Msa034622.t01","dispensable",3,2,0,15,0.833333333333333,0,0.336248781395908,0.400583089612515
"9496","Msa035080.t01","dispensable",3,2,0,15,0.833333333333333,0,0.336248781395908,0.400583089612515
"9534","Msa036005.t01","dispensable",3,2,0,15,0.833333333333333,0,0.336248781395908,0.400583089612515
"9538","Msa036015.t01","dispensable",3,2,0,15,0.833333333333333,0,0.336248781395908,0.400583089612515
"9639","Msa038661.t01","dispensable",3,2,0,15,0.833333333333333,0,0.336248781395908,0.400583089612515
"9642","Msa038705.t02","dispensable",5,2,0,15,0.833333333333333,0,0.336248781395908,0.400583089612515
"9673","Msa039674.t01","dispensable",3,2,0,15,0.833333333333333,0,0.336248781395908,0.400583089612515
"9758","Msa042150.t02","dispensable",4,2,0,15,0.833333333333333,0,0.336248781395908,0.400583089612515
"9782","Msa043331.t02","dispensable",3,2,0,15,0.833333333333333,0,0.336248781395908,0.400583089612515
"9827","Msa092916.t01","dispensable",5,2,0,15,0.833333333333333,0,0.336248781395908,0.400583089612515
"9852","Msa049411.t02","dispensable",6,2,0,15,0.833333333333333,0,0.336248781395908,0.400583089612515
"9863","Msa049677.t04","dispensable",3,2,0,15,0.833333333333333,0,0.336248781395908,0.400583089612515
"9875","Msa049946.t01","dispensable",3,2,0,15,0.833333333333333,0,0.336248781395908,0.400583089612515
"9900","Mca052000.t01","dispensable",6,2,0,15,0.833333333333333,0,0.336248781395908,0.400583089612515
"9920","Msa051757.t01","dispensable",3,2,0,15,0.833333333333333,0,0.336248781395908,0.400583089612515
"10124","zm4.44G0015440.t1","dispensable",3,2,0,15,0.833333333333333,0,0.336248781395908,0.400583089612515
"10126","zm4.44G0015790.t1","dispensable",3,2,0,15,0.833333333333333,0,0.336248781395908,0.400583089612515
"10141","zm4.44G0021790.t1","dispensable",3,2,0,15,0.833333333333333,0,0.336248781395908,0.400583089612515
"10146","zm4.44G0026470.t1","dispensable",4,2,0,15,0.833333333333333,0,0.336248781395908,0.400583089612515
"10158","zm4.44G0029630.t1","dispensable",3,2,0,15,0.833333333333333,0,0.336248781395908,0.400583089612515
"10169","zm4.44G0042620.t1","dispensable",3,2,0,15,0.833333333333333,0,0.336248781395908,0.400583089612515
"10176","zm4.44G0046030.t1","dispensable",3,2,0,15,0.833333333333333,0,0.336248781395908,0.400583089612515
"10201","zm4.44G0060290.t1","dispensable",3,2,0,15,0.833333333333333,0,0.336248781395908,0.400583089612515
"10202","zm4.44G0060460.t1","dispensable",3,2,0,15,0.833333333333333,0,0.336248781395908,0.400583089612515
"10203","zm4.44G0061320.t1","dispensable",3,2,0,15,0.833333333333333,0,0.336248781395908,0.400583089612515
"10283","zm4.34G0049870.t1","dispensable",3,2,0,15,0.833333333333333,0,0.336248781395908,0.400583089612515
"10313","zm4.74G0003900.t1","dispensable",3,2,0,15,0.833333333333333,0,0.336248781395908,0.400583089612515
"10334","zm4.74G0020580.t1","dispensable",3,2,0,15,0.833333333333333,0,0.336248781395908,0.400583089612515
"10352","zm4.74G0032240.t1","dispensable",3,2,0,15,0.833333333333333,0,0.336248781395908,0.400583089612515
"10369","zm4.74G0045660.t1","dispensable",3,2,0,15,0.833333333333333,0,0.336248781395908,0.400583089612515
"10405","zm4.24G0009620.t1","dispensable",3,2,0,15,0.833333333333333,0,0.336248781395908,0.400583089612515
"10416","zm4.24G0018000.t1","dispensable",3,2,0,15,0.833333333333333,0,0.336248781395908,0.400583089612515
"10466","zm4.24G0053450.t1","dispensable",3,2,0,15,0.833333333333333,0,0.336248781395908,0.400583089612515
"10478","zm4.64G0009990.t1","dispensable",3,2,0,15,0.833333333333333,0,0.336248781395908,0.400583089612515
"10535","zm4.54G0007610.t1","dispensable",3,2,0,15,0.833333333333333,0,0.336248781395908,0.400583089612515
"10584","zm4.54G0054910.t1","dispensable",3,2,0,15,0.833333333333333,0,0.336248781395908,0.400583089612515
"10593","zm4.14G0013560.t1","dispensable",3,2,0,15,0.833333333333333,0,0.336248781395908,0.400583089612515
"10632","zm4.84G0001800.t1","dispensable",3,2,0,15,0.833333333333333,0,0.336248781395908,0.400583089612515
"10751","LOC_00021077-mRNA-1","dispensable",3,2,0,15,0.833333333333333,0,0.336248781395908,0.400583089612515
"10756","LOC_00021122-mRNA-1","dispensable",3,2,0,15,0.833333333333333,0,0.336248781395908,0.400583089612515
"10872","LOC_00022733-mRNA-1","dispensable",3,2,0,15,0.833333333333333,0,0.336248781395908,0.400583089612515
"10949","LOC_00023687-mRNA-2","dispensable",5,2,0,15,0.833333333333333,0,0.336248781395908,0.400583089612515
"10988","LOC_00024112-mRNA-1","dispensable",3,2,0,15,0.833333333333333,0,0.336248781395908,0.400583089612515
"10993","LOC_00024192-mRNA-3","dispensable",3,2,0,15,0.833333333333333,0,0.336248781395908,0.400583089612515
"11078","LOC_00025420-mRNA-3","dispensable",5,2,0,15,0.833333333333333,0,0.336248781395908,0.400583089612515
"11187","LOC_00026802-mRNA-1","dispensable",5,2,0,15,0.833333333333333,0,0.336248781395908,0.400583089612515
"11231","LOC_00027370-mRNA-1","dispensable",7,2,0,15,0.833333333333333,0,0.336248781395908,0.400583089612515
"11358","LOC_00015485-mRNA-1","dispensable",3,2,0,15,0.833333333333333,0,0.336248781395908,0.400583089612515
"11403","LOC_00016101-mRNA-1","dispensable",3,2,0,15,0.833333333333333,0,0.336248781395908,0.400583089612515
"11429","LOC_00016448-mRNA-1","dispensable",4,2,0,15,0.833333333333333,0,0.336248781395908,0.400583089612515
"11622","LOC_00018919-mRNA-2","dispensable",8,2,0,15,0.833333333333333,0,0.336248781395908,0.400583089612515
"11658","LOC_00019337-mRNA-2","dispensable",3,2,0,15,0.833333333333333,0,0.336248781395908,0.400583089612515
"11794","LOC_00033260-mRNA-7","dispensable",4,2,0,15,0.833333333333333,0,0.336248781395908,0.400583089612515
"11848","LOC_00033794-mRNA-1","dispensable",3,2,0,15,0.833333333333333,0,0.336248781395908,0.400583089612515
"12079","LOC_00036892-mRNA-1","dispensable",6,2,0,15,0.833333333333333,0,0.336248781395908,0.400583089612515
"12112","LOC_00037502-mRNA-1","dispensable",3,2,0,15,0.833333333333333,0,0.336248781395908,0.400583089612515
"12115","LOC_00037518-mRNA-1","dispensable",3,2,0,15,0.833333333333333,0,0.336248781395908,0.400583089612515
"12147","LOC_00038136-mRNA-1","dispensable",3,2,0,15,0.833333333333333,0,0.336248781395908,0.400583089612515
"12259","evm.model.Chr04.73","dispensable",5,2,0,15,0.833333333333333,0,0.336248781395908,0.400583089612515
"12363","LOC_00001722-mRNA-1","dispensable",3,2,0,15,0.833333333333333,0,0.336248781395908,0.400583089612515
"12567","LOC_00003991-mRNA-2","dispensable",3,2,0,15,0.833333333333333,0,0.336248781395908,0.400583089612515
"12585","LOC_00004230-mRNA-1","dispensable",10,2,0,15,0.833333333333333,0,0.336248781395908,0.400583089612515
"12657","LOC_00005559-mRNA-1","dispensable",3,2,0,15,0.833333333333333,0,0.336248781395908,0.400583089612515
"12676","LOC_00005875-mRNA-1","dispensable",3,2,0,15,0.833333333333333,0,0.336248781395908,0.400583089612515
"12771","LOC_00007281-mRNA-1","dispensable",3,2,0,15,0.833333333333333,0,0.336248781395908,0.400583089612515
"12835","LOC_00008092-mRNA-1","dispensable",3,2,0,15,0.833333333333333,0,0.336248781395908,0.400583089612515
"12924","LOC_00009291-mRNA-1","dispensable",4,2,0,15,0.833333333333333,0,0.336248781395908,0.400583089612515
"12978","LOC_00010301-mRNA-1","dispensable",3,2,0,15,0.833333333333333,0,0.336248781395908,0.400583089612515
"13028","LOC_00010855-mRNA-1","dispensable",4,2,0,15,0.833333333333333,0,0.336248781395908,0.400583089612515
"13150","LOC_00012366-mRNA-1","dispensable",3,2,0,15,0.833333333333333,0,0.336248781395908,0.400583089612515
"13194","LOC_00013229-mRNA-7","dispensable",4,2,0,15,0.833333333333333,0,0.336248781395908,0.400583089612515
"13501","LOC_00031814-mRNA-1","dispensable",3,2,0,15,0.833333333333333,0,0.336248781395908,0.400583089612515
"13614","LOC_00040975-mRNA-1","dispensable",3,2,0,15,0.833333333333333,0,0.336248781395908,0.400583089612515
"13749","LOC_00043155-mRNA-1","dispensable",3,2,0,15,0.833333333333333,0,0.336248781395908,0.400583089612515
"13883","LOC_00045266-mRNA-1","dispensable",3,2,0,15,0.833333333333333,0,0.336248781395908,0.400583089612515
"13893","LOC_00045576-mRNA-1","dispensable",3,2,0,15,0.833333333333333,0,0.336248781395908,0.400583089612515
"13978","LOC_00046854-mRNA-1","dispensable",3,2,0,15,0.833333333333333,0,0.336248781395908,0.400583089612515
"14123","LOC_00049324-mRNA-1","dispensable",3,2,0,15,0.833333333333333,0,0.336248781395908,0.400583089612515
"14143","LOC_00049703-mRNA-1","dispensable",3,2,0,15,0.833333333333333,0,0.336248781395908,0.400583089612515
"14308","LOC_00052355-mRNA-1","dispensable",3,2,0,15,0.833333333333333,0,0.336248781395908,0.400583089612515
"14402","Mtrun000438.t02","dispensable",5,2,0,15,0.833333333333333,0,0.336248781395908,0.400583089612515
"14412","Mtrun000896.t01","dispensable",3,2,0,15,0.833333333333333,0,0.336248781395908,0.400583089612515
"14428","Mtrun001619.t01","dispensable",4,2,0,15,0.833333333333333,0,0.336248781395908,0.400583089612515
"14431","evm.model.Chr01.476","dispensable",7,2,0,15,0.833333333333333,0,0.336248781395908,0.400583089612515
"14475","Mtrun004136.t02","dispensable",4,2,0,15,0.833333333333333,0,0.336248781395908,0.400583089612515
"14524","Mtrun007688.t01","dispensable",5,2,0,15,0.833333333333333,0,0.336248781395908,0.400583089612515
"14531","Mtrun007983.t01","dispensable",3,2,0,15,0.833333333333333,0,0.336248781395908,0.400583089612515
"14549","Mtrun008707.t03","dispensable",7,2,0,15,0.833333333333333,0,0.336248781395908,0.400583089612515
"14553","Mtrun008931.t04","dispensable",3,2,0,15,0.833333333333333,0,0.336248781395908,0.400583089612515
"14560","Mtrun009494.t01","dispensable",3,2,0,15,0.833333333333333,0,0.336248781395908,0.400583089612515
"14572","Mtrun010386.t01","dispensable",4,2,0,15,0.833333333333333,0,0.336248781395908,0.400583089612515
"14583","Mca012906.t02","dispensable",4,2,0,15,0.833333333333333,0,0.336248781395908,0.400583089612515
"14587","Mtrun010999.t04","dispensable",3,2,0,15,0.833333333333333,0,0.336248781395908,0.400583089612515
"14598","Mtrun011320.t01","dispensable",3,2,0,15,0.833333333333333,0,0.336248781395908,0.400583089612515
"14615","Mtrun011975.t01","dispensable",3,2,0,15,0.833333333333333,0,0.336248781395908,0.400583089612515
"14619","Mtrun012232.t02","dispensable",3,2,0,15,0.833333333333333,0,0.336248781395908,0.400583089612515
"14620","Mtrun012242.t02","dispensable",3,2,0,15,0.833333333333333,0,0.336248781395908,0.400583089612515
"14626","Msa045278.t01","dispensable",4,2,0,15,0.833333333333333,0,0.336248781395908,0.400583089612515
"14666","evm.model.Chr03.4085.1.6a7355bb","dispensable",4,2,0,15,0.833333333333333,0,0.336248781395908,0.400583089612515
"14729","Mtrun017697.t01","dispensable",3,2,0,15,0.833333333333333,0,0.336248781395908,0.400583089612515
"14753","Mtrun019508.t02","dispensable",4,2,0,15,0.833333333333333,0,0.336248781395908,0.400583089612515
"14758","Mtrun020127.t01","dispensable",3,2,0,15,0.833333333333333,0,0.336248781395908,0.400583089612515
"14773","Mtrun021341.t02","dispensable",5,2,0,15,0.833333333333333,0,0.336248781395908,0.400583089612515
"14804","Mtrun024004.t01","dispensable",4,2,0,15,0.833333333333333,0,0.336248781395908,0.400583089612515
"14808","Mtrun024199.t01","dispensable",3,2,0,15,0.833333333333333,0,0.336248781395908,0.400583089612515
"14848","Mtrun026883.t03","dispensable",7,2,0,15,0.833333333333333,0,0.336248781395908,0.400583089612515
"14881","Mtrun028056.t01","dispensable",3,2,0,15,0.833333333333333,0,0.336248781395908,0.400583089612515
"14882","Mtrun028079.t02","dispensable",3,2,0,15,0.833333333333333,0,0.336248781395908,0.400583089612515
"15087","evm.model.Chr01.4211.1.6a7355f1","dispensable",3,2,0,15,0.833333333333333,0,0.336248781395908,0.400583089612515
"15129","LOC_00014749-mRNA-1","dispensable",3,2,0,15,0.833333333333333,0,0.336248781395908,0.400583089612515
"15170","Mara011996.t01","dispensable",3,2,0,15,0.833333333333333,0,0.336248781395908,0.400583089612515
"15275","Msa019896.t01","dispensable",3,2,0,15,0.833333333333333,0,0.336248781395908,0.400583089612515
"15311","Mara018891.t01","dispensable",3,2,0,15,0.833333333333333,0,0.336248781395908,0.400583089612515
"15338","Mara019975.t01","dispensable",3,2,0,15,0.833333333333333,0,0.336248781395908,0.400583089612515
"15421","Mara023610.t01","dispensable",3,2,0,15,0.833333333333333,0,0.336248781395908,0.400583089612515
"15496","Mara026227.t03","dispensable",3,2,0,15,0.833333333333333,0,0.336248781395908,0.400583089612515
"15577","Mpoly018774.t01","dispensable",3,2,0,15,0.833333333333333,0,0.336248781395908,0.400583089612515
"15583","Mara029921.t01","dispensable",3,2,0,15,0.833333333333333,0,0.336248781395908,0.400583089612515
"15584","evm.model.Chr06.3343.1.6a735470","dispensable",3,2,0,15,0.833333333333333,0,0.336248781395908,0.400583089612515
"15594","Mara030617.t01","dispensable",3,2,0,15,0.833333333333333,0,0.336248781395908,0.400583089612515
"15603","Mara031109.t01","dispensable",3,2,0,15,0.833333333333333,0,0.336248781395908,0.400583089612515
"15720","Mara035874.t01","dispensable",3,2,0,15,0.833333333333333,0,0.336248781395908,0.400583089612515
"15776","evm.model.Chr07.3346.2.6a735486","dispensable",3,2,0,15,0.833333333333333,0,0.336248781395908,0.400583089612515
"15777","Msa044319.t01","dispensable",4,2,0,15,0.833333333333333,0,0.336248781395908,0.400583089612515
"15783","Mara038726.t01","dispensable",3,2,0,15,0.833333333333333,0,0.336248781395908,0.400583089612515
"15870","LOC_00015271-mRNA-1","dispensable",4,2,0,15,0.833333333333333,0,0.336248781395908,0.400583089612515
"15941","Mpoly033214.t01","dispensable",3,2,0,15,0.833333333333333,0,0.336248781395908,0.400583089612515
"15975","evm.model.Chr02.1691","dispensable",3,2,0,15,0.833333333333333,0,0.336248781395908,0.400583089612515
"16018","Mca052780.t01","dispensable",3,2,0,15,0.833333333333333,0,0.336248781395908,0.400583089612515
"16035","Msa153480.t01","dispensable",4,2,0,15,0.833333333333333,0,0.336248781395908,0.400583089612515
"16037","Mca050257.t02","dispensable",6,2,0,15,0.833333333333333,0,0.336248781395908,0.400583089612515
"16058","evm.model.Chr01.247","dispensable",3,2,0,15,0.833333333333333,0,0.336248781395908,0.400583089612515
"16068","evm.model.Chr01.418","dispensable",3,2,0,15,0.833333333333333,0,0.336248781395908,0.400583089612515
"16070","evm.model.Chr01.472","dispensable",3,2,0,15,0.833333333333333,0,0.336248781395908,0.400583089612515
"16084","Msa001512.t01","dispensable",4,2,0,15,0.833333333333333,0,0.336248781395908,0.400583089612515
"16090","evm.model.Chr01.983","dispensable",3,2,0,15,0.833333333333333,0,0.336248781395908,0.400583089612515
"16102","evm.model.Chr01.1089","dispensable",3,2,0,15,0.833333333333333,0,0.336248781395908,0.400583089612515
"16103","Mca051768.t01","dispensable",3,2,0,15,0.833333333333333,0,0.336248781395908,0.400583089612515
"16111","evm.model.Chr01.1233","dispensable",3,2,0,15,0.833333333333333,0,0.336248781395908,0.400583089612515
"16126","Msa035929.t01","dispensable",3,2,0,15,0.833333333333333,0,0.336248781395908,0.400583089612515
"16143","LOC_00050391-mRNA-1","dispensable",3,2,0,15,0.833333333333333,0,0.336248781395908,0.400583089612515
"16145","evm.model.Chr01.2005","dispensable",3,2,0,15,0.833333333333333,0,0.336248781395908,0.400583089612515
"16150","Mpoly018724.t01","dispensable",3,2,0,15,0.833333333333333,0,0.336248781395908,0.400583089612515
"16166","evm.model.Chr01.2677","dispensable",3,2,0,15,0.833333333333333,0,0.336248781395908,0.400583089612515
"16194","evm.model.Chr01.3377","dispensable",3,2,0,15,0.833333333333333,0,0.336248781395908,0.400583089612515
"16204","evm.model.Chr01.3589","dispensable",3,2,0,15,0.833333333333333,0,0.336248781395908,0.400583089612515
"16205","evm.model.Chr01.3601","dispensable",4,2,0,15,0.833333333333333,0,0.336248781395908,0.400583089612515
"16233","Msa036531.t01","dispensable",3,2,0,15,0.833333333333333,0,0.336248781395908,0.400583089612515
"16238","evm.model.Chr01.4315","dispensable",3,2,0,15,0.833333333333333,0,0.336248781395908,0.400583089612515
"16293","Mpoly005609.t02","dispensable",4,2,0,15,0.833333333333333,0,0.336248781395908,0.400583089612515
"16302","evm.model.Chr02.600","dispensable",3,2,0,15,0.833333333333333,0,0.336248781395908,0.400583089612515
"16351","evm.model.Chr02.1512","dispensable",3,2,0,15,0.833333333333333,0,0.336248781395908,0.400583089612515
"16451","evm.model.Chr02.4733","dispensable",5,2,0,15,0.833333333333333,0,0.336248781395908,0.400583089612515
"16456","evm.model.Chr02.4771","dispensable",3,2,0,15,0.833333333333333,0,0.336248781395908,0.400583089612515
"16466","evm.model.Chr04.2745","dispensable",3,2,0,15,0.833333333333333,0,0.336248781395908,0.400583089612515
"16484","evm.model.Chr03.301","dispensable",4,2,0,15,0.833333333333333,0,0.336248781395908,0.400583089612515
"16499","evm.model.Chr03.747","dispensable",3,2,0,15,0.833333333333333,0,0.336248781395908,0.400583089612515
"16562","evm.model.Chr03.2417","dispensable",3,2,0,15,0.833333333333333,0,0.336248781395908,0.400583089612515
"16612","evm.model.Chr03.3676","dispensable",3,2,0,15,0.833333333333333,0,0.336248781395908,0.400583089612515
"16651","evm.model.Chr03.4632","dispensable",4,2,0,15,0.833333333333333,0,0.336248781395908,0.400583089612515
"16688","evm.model.Chr04.677","dispensable",3,2,0,15,0.833333333333333,0,0.336248781395908,0.400583089612515
"16721","evm.model.Chr04.2293","dispensable",3,2,0,15,0.833333333333333,0,0.336248781395908,0.400583089612515
"16739","evm.model.Chr04.2737","dispensable",3,2,0,15,0.833333333333333,0,0.336248781395908,0.400583089612515
"16772","Mca008621.t02","dispensable",3,2,0,15,0.833333333333333,0,0.336248781395908,0.400583089612515
"16810","evm.model.Chr04.4498","dispensable",3,2,0,15,0.833333333333333,0,0.336248781395908,0.400583089612515
"16833","evm.model.Chr05.481","dispensable",3,2,0,15,0.833333333333333,0,0.336248781395908,0.400583089612515
"16878","evm.model.Chr05.2484","dispensable",4,2,0,15,0.833333333333333,0,0.336248781395908,0.400583089612515
"17232","zm4.43G0024540.t1","dispensable",3,2,0,15,0.833333333333333,0,0.336248781395908,0.400583089612515
"17246","Mru051153.t02","dispensable",3,2,0,15,0.833333333333333,0,0.336248781395908,0.400583089612515
"17447","Mca004822.t01","dispensable",3,2,0,15,0.833333333333333,0,0.336248781395908,0.400583089612515
"17482","Mpoly004925.t01","dispensable",3,2,0,15,0.833333333333333,0,0.336248781395908,0.400583089612515
"17499","Mca007157.t03","dispensable",4,2,0,15,0.833333333333333,0,0.336248781395908,0.400583089612515
"17652","Mpoly009010.t01","dispensable",3,2,0,15,0.833333333333333,0,0.336248781395908,0.400583089612515
"17793","Mpoly013427.t01","dispensable",3,2,0,15,0.833333333333333,0,0.336248781395908,0.400583089612515
"17907","Mpoly017190.t01","dispensable",4,2,0,15,0.833333333333333,0,0.336248781395908,0.400583089612515
"18092","Mpoly023324.t01","dispensable",3,2,0,15,0.833333333333333,0,0.336248781395908,0.400583089612515
"18096","Mpoly023550.t01","dispensable",3,2,0,15,0.833333333333333,0,0.336248781395908,0.400583089612515
"18147","Mpoly025079.t01","dispensable",3,2,0,15,0.833333333333333,0,0.336248781395908,0.400583089612515
"18218","Mpoly027209.t01","dispensable",3,2,0,15,0.833333333333333,0,0.336248781395908,0.400583089612515
"18277","Mca044400.t05","dispensable",3,2,0,15,0.833333333333333,0,0.336248781395908,0.400583089612515
"18398","Mpoly032768.t01","dispensable",3,2,0,15,0.833333333333333,0,0.336248781395908,0.400583089612515
"18550","Mpoly038110.t01","dispensable",3,2,0,15,0.833333333333333,0,0.336248781395908,0.400583089612515
"18846","Mca036805.t01","dispensable",3,2,0,15,0.833333333333333,0,0.336248781395908,0.400583089612515
"19055","Msa035002.t01","dispensable",3,2,0,15,0.833333333333333,0,0.336248781395908,0.400583089612515
"19862","Mtrun009450.t01","dispensable",3,2,0,15,0.833333333333333,0,0.336248781395908,0.400583089612515
"20015","zm4.74G0032230.t1","dispensable",3,2,0,15,0.833333333333333,0,0.336248781395908,0.400583089612515
"20101","Msa125572.t01","dispensable",3,2,0,15,0.833333333333333,0,0.336248781395908,0.400583089612515
"20450","zm4.74G0041960.t1","dispensable",3,2,0,15,0.833333333333333,0,0.336248781395908,0.400583089612515
"20781","Mru030459.t02","dispensable",4,2,0,15,0.833333333333333,0,0.336248781395908,0.400583089612515
"20930","LOC_00039677-mRNA-1","dispensable",3,2,0,15,0.833333333333333,0,0.336248781395908,0.400583089612515
"20995","Msa049760.t01","dispensable",4,2,0,15,0.833333333333333,0,0.336248781395908,0.400583089612515
"21030","Msa092912.t01","dispensable",3,2,0,15,0.833333333333333,0,0.336248781395908,0.400583089612515
"21491","Msa008890.t01","dispensable",3,2,0,15,0.833333333333333,0,0.336248781395908,0.400583089612515
"21493","Mca035430.t01","dispensable",5,2,0,15,0.833333333333333,0,0.336248781395908,0.400583089612515
"21547","zm4.34G0028790.t1","dispensable",3,2,0,15,0.833333333333333,0,0.336248781395908,0.400583089612515
"21695","Mca012415.t02","dispensable",3,2,0,15,0.833333333333333,0,0.336248781395908,0.400583089612515
"21739","zm4.74G0013680.t1","dispensable",3,2,0,15,0.833333333333333,0,0.336248781395908,0.400583089612515
"22192","Msa022662.t01","dispensable",4,2,0,15,0.833333333333333,0,0.336248781395908,0.400583089612515
"22250","Msa069542.t01","dispensable",3,2,0,15,0.833333333333333,0,0.336248781395908,0.400583089612515
"22613","Msa095099.t01","dispensable",3,2,0,15,0.833333333333333,0,0.336248781395908,0.400583089612515
"22680","Msa093773.t01","dispensable",3,2,0,15,0.833333333333333,0,0.336248781395908,0.400583089612515
"22709","Mtrun026482.t02","dispensable",3,2,0,15,0.833333333333333,0,0.336248781395908,0.400583089612515
"22860","Msa112918.t01","dispensable",3,2,0,15,0.833333333333333,0,0.336248781395908,0.400583089612515
"22919","Mca041074.t01","dispensable",3,2,0,15,0.833333333333333,0,0.336248781395908,0.400583089612515
"22953","Mca040388.t03","dispensable",3,2,0,15,0.833333333333333,0,0.336248781395908,0.400583089612515
"22995","Mca040722.t01","dispensable",3,2,0,15,0.833333333333333,0,0.336248781395908,0.400583089612515
"23200","zm4.74G0041630.t1","dispensable",3,2,0,15,0.833333333333333,0,0.336248781395908,0.400583089612515
"23227","Msa032125.t01","dispensable",3,2,0,15,0.833333333333333,0,0.336248781395908,0.400583089612515
"23289","Mca047354.t01","dispensable",4,2,0,15,0.833333333333333,0,0.336248781395908,0.400583089612515
"23345","Msa149564.t01","dispensable",3,2,0,15,0.833333333333333,0,0.336248781395908,0.400583089612515
"23365","LOC_00049669-mRNA-2","dispensable",3,2,0,15,0.833333333333333,0,0.336248781395908,0.400583089612515
"23433","Mca051045.t02","dispensable",3,2,0,15,0.833333333333333,0,0.336248781395908,0.400583089612515
"23559","Msa111914.t01","dispensable",3,2,0,15,0.833333333333333,0,0.336248781395908,0.400583089612515
"23829","zm4.74G0030280.t1","dispensable",3,2,0,15,0.833333333333333,0,0.336248781395908,0.400583089612515
"23964","Msa068922.t01","dispensable",4,2,0,15,0.833333333333333,0,0.336248781395908,0.400583089612515
"24135","Msa091763.t01","dispensable",3,2,0,15,0.833333333333333,0,0.336248781395908,0.400583089612515
"24140","Msa092096.t01","dispensable",4,2,0,15,0.833333333333333,0,0.336248781395908,0.400583089612515
"24174","Msa093728.t01","dispensable",3,2,0,15,0.833333333333333,0,0.336248781395908,0.400583089612515
"24181","Msa068749.t01","dispensable",3,2,0,15,0.833333333333333,0,0.336248781395908,0.400583089612515
"24511","Msa035993.t01","dispensable",3,2,0,15,0.833333333333333,0,0.336248781395908,0.400583089612515
"24651","Mca040044.t02","dispensable",3,2,0,15,0.833333333333333,0,0.336248781395908,0.400583089612515
"24716","Msa130018.t01","dispensable",3,2,0,15,0.833333333333333,0,0.336248781395908,0.400583089612515
"25004","Msa091675.t01","dispensable",3,2,0,15,0.833333333333333,0,0.336248781395908,0.400583089612515
"25577","Msa127076.t01","dispensable",3,2,0,15,0.833333333333333,0,0.336248781395908,0.400583089612515
"25630","Msa130512.t01","dispensable",3,2,0,15,0.833333333333333,0,0.336248781395908,0.400583089612515
"25739","Msa050993.t01","dispensable",3,2,0,15,0.833333333333333,0,0.336248781395908,0.400583089612515
"26840","Msa031325.t01","dispensable",3,2,0,15,0.833333333333333,0,0.336248781395908,0.400583089612515
"27329","zm4.74G0001920.t1","dispensable",3,2,0,15,0.833333333333333,0,0.336248781395908,0.400583089612515
"27406","Msa048848.t01","dispensable",3,2,0,15,0.833333333333333,0,0.336248781395908,0.400583089612515
"27682","zm4.32G0015940.t1","dispensable",3,2,0,15,0.833333333333333,0,0.336248781395908,0.400583089612515
"27952","zm4.74G0010390.t1","dispensable",3,2,0,15,0.833333333333333,0,0.336248781395908,0.400583089612515
"28350","LOC_00025199-mRNA-1","dispensable",3,2,0,15,0.833333333333333,0,0.336248781395908,0.400583089612515
"28548","LOC_00000647-mRNA-1","dispensable",3,2,0,15,0.833333333333333,0,0.336248781395908,0.400583089612515
"28730","LOC_00041432-mRNA-1","dispensable",3,2,0,15,0.833333333333333,0,0.336248781395908,0.400583089612515
"28881","LOC_00049523-mRNA-1","dispensable",3,2,0,15,0.833333333333333,0,0.336248781395908,0.400583089612515
"28918","LOC_00053512-mRNA-2","dispensable",3,2,0,15,0.833333333333333,0,0.336248781395908,0.400583089612515
"5814","Mca035220.t01","dispensable",11,3,0,62,0.75,0,0.502463272584768,0.400492654516954
"2204","evm.model.Chr01.39","singleton",5,0,0,0,1,0,0,0.4
"2219","evm.model.Chr01.499","singleton",3,0,0,0,1,0,0,0.4
"2224","evm.model.Chr01.602","singleton",7,0,0,0,1,0,0,0.4
"2256","evm.model.Chr01.1596","singleton",3,0,0,0,1,0,0,0.4
"2299","evm.model.Chr01.3295.3.6a7354b6","singleton",7,0,0,0,1,0,0,0.4
"2348","evm.model.Chr01.4962","singleton",6,0,0,0,1,0,0,0.4
"2374","evm.model.Chr02.595.3.6a73517e","singleton",4,0,0,0,1,0,0,0.4
"2403","evm.model.Chr02.1555","singleton",6,0,0,0,1,0,0,0.4
"2411","evm.model.Chr02.1711.3.6a7352fc","singleton",4,0,0,0,1,0,0,0.4
"2420","evm.model.Chr02.2052.6.6a73533f","singleton",5,0,0,0,1,0,0,0.4
"2426","evm.model.Chr02.2172","singleton",3,0,0,0,1,0,0,0.4
"2430","evm.model.Chr02.2263","singleton",4,0,0,0,1,0,0,0.4
"2437","evm.model.Chr02.2658.3.6a735392","singleton",5,0,0,0,1,0,0,0.4
"2454","evm.model.Chr02.3449.2.6a735418","singleton",3,0,0,0,1,0,0,0.4
"2461","evm.model.Chr02.3695.1.6a735469","singleton",4,0,0,0,1,0,0,0.4
"2462","evm.model.Chr02.3705","singleton",5,0,0,0,1,0,0,0.4
"2494","evm.model.Chr02.4971.4.6a7355e0","singleton",8,0,0,0,1,0,0,0.4
"2496","evm.model.Chr02.5017.1.6a7355f0","singleton",3,0,0,0,1,0,0,0.4
"2590","evm.model.Chr03.3048.1.6a735462","singleton",3,0,0,0,1,0,0,0.4
"2664","evm.model.Chr04.1059.2.6a735273","singleton",3,0,0,0,1,0,0,0.4
"2683","evm.model.Chr04.1694.1.6a735307","singleton",4,0,0,0,1,0,0,0.4
"2701","evm.model.Chr04.2163.1.6a7353a7","singleton",3,0,0,0,1,0,0,0.4
"2715","evm.model.Chr04.2333.10.6a7353f4","singleton",5,0,0,0,1,0,0,0.4
"2726","evm.model.Chr04.2471.3.6a735435","singleton",3,0,0,0,1,0,0,0.4
"2773","evm.model.Chr04.3897","singleton",3,0,0,0,1,0,0,0.4
"2847","evm.model.Chr05.1565","singleton",6,0,0,0,1,0,0,0.4
"2878","evm.model.Chr05.2576.13.6a73529b","singleton",10,0,0,0,1,0,0,0.4
"2879","evm.model.Chr05.2576.1.6a73529a","singleton",9,0,0,0,1,0,0,0.4
"2883","evm.model.Chr05.2736.6.6a7352ca","singleton",5,0,0,0,1,0,0,0.4
"2888","evm.model.Chr05.2853.5.6a7352fe","singleton",7,0,0,0,1,0,0,0.4
"3091","evm.model.Chr07.3228.1.6a73545a","singleton",3,0,0,0,1,0,0,0.4
"3255","evm.model.Chr08.3965.2.6a7355ce","singleton",4,0,0,0,1,0,0,0.4
"16565","evm.model.Chr03.2508","singleton",3,0,0,0,1,0,0,0.4
"4676","Mru049971.t05","dispensable",10,3,0,60,0.75,0,0.498550800633683,0.399710160126737
"5375","Mca016806.t01","dispensable",8,3,0,60,0.75,0,0.498550800633683,0.399710160126737
"5781","Mca033992.t01","dispensable",11,3,0,60,0.75,0,0.498550800633683,0.399710160126737
"8041","Msa126488.t01","dispensable",8,3,0,60,0.75,0,0.498550800633683,0.399710160126737
"8944","Msa016413.t02","dispensable",14,3,0,60,0.75,0,0.498550800633683,0.399710160126737
"10719","LOC_00020706-mRNA-2","dispensable",9,3,0,60,0.75,0,0.498550800633683,0.399710160126737
"10850","Msa049083.t01","dispensable",10,3,0,60,0.75,0,0.498550800633683,0.399710160126737
"11732","LOC_00032297-mRNA-1","dispensable",10,3,0,60,0.75,0,0.498550800633683,0.399710160126737
"15562","zm4.74G0022290.t1","dispensable",9,3,0,60,0.75,0,0.498550800633683,0.399710160126737
"16026","Mca008827.t02","dispensable",13,3,0,60,0.75,0,0.498550800633683,0.399710160126737
"16100","evm.model.Chr01.1085","dispensable",8,3,0,60,0.75,0,0.498550800633683,0.399710160126737
"6494","Mca019119.t02","dispensable",18,3,0,59,0.75,0,0.496546191153078,0.399309238230616
"5836","Mca036327.t01","dispensable",10,2,0,14,0.833333333333333,0,0.328421800455124,0.399017693424358
"6779","Msa003111.t01","dispensable",3,2,0,14,0.833333333333333,0,0.328421800455124,0.399017693424358
"9369","evm.model.Chr05.2645","dispensable",4,2,0,14,0.833333333333333,0,0.328421800455124,0.399017693424358
"24648","Msa134656.t01","dispensable",3,2,0,14,0.833333333333333,0,0.328421800455124,0.399017693424358
"8963","Mru017191.t01","dispensable",7,3,0,57,0.75,0,0.492434742763009,0.398486948552602
"4228","Mru008041.t02","dispensable",12,3,0,56,0.75,0,0.490325539819814,0.398065107963963
"5088","Mca003348.t01","dispensable",11,3,0,55,0.75,0,0.488179003918849,0.39763580078377
"5132","Mca005389.t02","dispensable",7,3,0,55,0.75,0,0.488179003918849,0.39763580078377
"5730","Mca032026.t03","dispensable",13,3,0,55,0.75,0,0.488179003918849,0.39763580078377
"6009","Mca042943.t01","dispensable",20,3,0,55,0.75,0,0.488179003918849,0.39763580078377
"7814","Msa112990.t01","dispensable",9,3,0,55,0.75,0,0.488179003918849,0.39763580078377
"8919","Msa015604.t01","dispensable",7,3,0,55,0.75,0,0.488179003918849,0.39763580078377
"9638","Msa038655.t01","dispensable",6,3,0,55,0.75,0,0.488179003918849,0.39763580078377
"10598","evm.model.Chr08.2053","dispensable",9,3,0,55,0.75,0,0.488179003918849,0.39763580078377
"14545","Mtrun008596.t03","dispensable",12,3,0,55,0.75,0,0.488179003918849,0.39763580078377
"14892","Mtrun020142.t01","dispensable",9,3,0,55,0.75,0,0.488179003918849,0.39763580078377
"16439","evm.model.Chr02.4486","dispensable",9,3,0,55,0.75,0,0.488179003918849,0.39763580078377
"17677","Mca015259.t01","dispensable",7,3,0,55,0.75,0,0.488179003918849,0.39763580078377
"19340","LOC_00019277-mRNA-1","dispensable",7,3,0,55,0.75,0,0.488179003918849,0.39763580078377
"19606","Mca052027.t01","dispensable",9,3,0,55,0.75,0,0.488179003918849,0.39763580078377
"2334","evm.model.Chr01.4539.1.6a735643","dispensable",6,2,0,13,0.833333333333333,0,0.320054613220895,0.397344255977512
"7124","Msa066730.t01","dispensable",5,2,0,13,0.833333333333333,0,0.320054613220895,0.397344255977512
"8368","Msa150499.t01","dispensable",3,2,0,13,0.833333333333333,0,0.320054613220895,0.397344255977512
"9535","Msa036006.t01","dispensable",3,2,0,13,0.833333333333333,0,0.320054613220895,0.397344255977512
"9937","Msa052025.t01","dispensable",3,2,0,13,0.833333333333333,0,0.320054613220895,0.397344255977512
"10138","Msa150074.t01","dispensable",5,2,0,13,0.833333333333333,0,0.320054613220895,0.397344255977512
"10315","zm4.74G0006460.t1","dispensable",4,2,0,13,0.833333333333333,0,0.320054613220895,0.397344255977512
"10560","zm4.54G0034560.t1","dispensable",3,2,0,13,0.833333333333333,0,0.320054613220895,0.397344255977512
"22744","Msa035685.t01","dispensable",3,2,0,13,0.833333333333333,0,0.320054613220895,0.397344255977512
"5801","Mca037931.t01","dispensable",7,3,0,53,0.75,0,0.483768477418252,0.39675369548365
"15332","Mara019760.t01","dispensable",6,3,0,52,0.75,0,0.481501568194893,0.396300313638979
"16022","Msa009265.t01","dispensable",7,3,0,52,0.75,0,0.481501568194893,0.396300313638979
"6999","Msa046017.t02","dispensable",5,2,0,12,0.833333333333333,0,0.31106708646349,0.395546750626031
"15887","Mca049109.t02","dispensable",3,2,0,12,0.833333333333333,0,0.31106708646349,0.395546750626031
"626","Mara009530.t01","dispensable",11,3,0,50,0.75,0,0.476836527199296,0.395367305439859
"2721","evm.model.Chr04.2410.1.6a73541e","dispensable",13,3,0,50,0.75,0,0.476836527199296,0.395367305439859
"4183","Mru003082.t02","dispensable",6,3,0,50,0.75,0,0.476836527199296,0.395367305439859
"4537","evm.model.Chr05.132.1.6a7350b0","dispensable",6,3,0,50,0.75,0,0.476836527199296,0.395367305439859
"4682","Mru050460.t03","dispensable",14,3,0,50,0.75,0,0.476836527199296,0.395367305439859
"5157","Mca006749.t04","dispensable",16,3,0,50,0.75,0,0.476836527199296,0.395367305439859
"5167","Mca007060.t01","dispensable",7,3,0,50,0.75,0,0.476836527199296,0.395367305439859
"5312","evm.model.Chr03.61.1.6a7350d1","dispensable",9,3,0,50,0.75,0,0.476836527199296,0.395367305439859
"5916","Mca039274.t01","dispensable",6,3,0,50,0.75,0,0.476836527199296,0.395367305439859
"6037","Mca044262.t02","dispensable",11,3,0,50,0.75,0,0.476836527199296,0.395367305439859
"6151","Mca049186.t01","dispensable",6,3,0,50,0.75,0,0.476836527199296,0.395367305439859
"6519","Mca022862.t02","dispensable",6,3,0,50,0.75,0,0.476836527199296,0.395367305439859
"9550","zm4.64G0023570.t1","dispensable",8,3,0,50,0.75,0,0.476836527199296,0.395367305439859
"9743","Msa041456.t01","dispensable",7,3,0,50,0.75,0,0.476836527199296,0.395367305439859
"9767","Mru043743.t01","dispensable",6,3,0,50,0.75,0,0.476836527199296,0.395367305439859
"9776","Mru024668.t01","dispensable",10,3,0,50,0.75,0,0.476836527199296,0.395367305439859
"10213","zm4.34G0003680.t1","dispensable",7,3,0,50,0.75,0,0.476836527199296,0.395367305439859
"10443","zm4.24G0034930.t1","dispensable",6,3,0,50,0.75,0,0.476836527199296,0.395367305439859
"10694","evm.model.Chr02.3791","dispensable",9,3,0,50,0.75,0,0.476836527199296,0.395367305439859
"11642","LOC_00019122-mRNA-1","dispensable",7,3,0,50,0.75,0,0.476836527199296,0.395367305439859
"11943","LOC_00034856-mRNA-1","dispensable",7,3,0,50,0.75,0,0.476836527199296,0.395367305439859
"13042","LOC_00010956-mRNA-1","dispensable",7,3,0,50,0.75,0,0.476836527199296,0.395367305439859
"16047","Mca000050.t01","dispensable",6,3,0,50,0.75,0,0.476836527199296,0.395367305439859
"17732","Mpoly036888.t01","dispensable",7,3,0,50,0.75,0,0.476836527199296,0.395367305439859
"18686","Mca001650.t01","dispensable",5,3,0,50,0.75,0,0.476836527199296,0.395367305439859
"16120","Mpoly001293.t01","dispensable",7,3,0,49,0.75,0,0.474434941546376,0.394886988309275
"21970","Mca017949.t01","dispensable",7,3,0,49,0.75,0,0.474434941546376,0.394886988309275
"22148","Mca021770.t02","dispensable",6,3,0,49,0.75,0,0.474434941546376,0.394886988309275
"6197","Mca050476.t02","dispensable",19,3,0,47,0.75,0,0.469484208752333,0.393896841750467
"7764","Msa111800.t01","dispensable",7,3,0,47,0.75,0,0.469484208752333,0.393896841750467
"21575","Msa067076.t01","dispensable",10,3,0,47,0.75,0,0.469484208752333,0.393896841750467
"21849","Msa039153.t01","dispensable",6,3,0,47,0.75,0,0.469484208752333,0.393896841750467
"7240","Msa070045.t01","dispensable",3,2,0,11,0.833333333333333,0,0.301359818054379,0.393605296944209
"7284","Msa072361.t02","dispensable",3,2,0,11,0.833333333333333,0,0.301359818054379,0.393605296944209
"8326","Msa148653.t02","dispensable",6,2,0,11,0.833333333333333,0,0.301359818054379,0.393605296944209
"15572","Msa091406.t01","dispensable",3,2,0,11,0.833333333333333,0,0.301359818054379,0.393605296944209
"16928","Msa095873.t02","dispensable",3,2,0,11,0.833333333333333,0,0.301359818054379,0.393605296944209
"7458","Msa092076.t01","dispensable",8,3,0,46,0.75,0,0.466930933132975,0.393386186626595
"22310","Mca043214.t01","dispensable",6,3,0,46,0.75,0,0.466930933132975,0.393386186626595
"7273","Msa071929.t01","private",3,1,0,2,0.916666666666667,0,0.133235427356425,0.393313752137952
"14705","Mtrun016564.t01","private",3,1,0,2,0.916666666666667,0,0.133235427356425,0.393313752137952
"2243","evm.model.Chr01.1161","dispensable",9,3,0,45,0.75,0,0.464322744172242,0.392864548834448
"2467","evm.model.Chr02.3972","dispensable",8,3,0,45,0.75,0,0.464322744172242,0.392864548834448
"2859","evm.model.Chr05.2119","dispensable",8,3,0,45,0.75,0,0.464322744172242,0.392864548834448
"3103","evm.model.Chr07.3563","dispensable",9,3,0,45,0.75,0,0.464322744172242,0.392864548834448
"4169","Mru001652.t01","dispensable",8,3,0,45,0.75,0,0.464322744172242,0.392864548834448
"4302","Mara001373.t01","dispensable",6,3,0,45,0.75,0,0.464322744172242,0.392864548834448
"4674","Mru049927.t03","dispensable",6,3,0,45,0.75,0,0.464322744172242,0.392864548834448
"4800","Mru007978.t02","dispensable",5,3,0,45,0.75,0,0.464322744172242,0.392864548834448
"5042","Mca000933.t01","dispensable",6,3,0,45,0.75,0,0.464322744172242,0.392864548834448
"5158","Mca006797.t01","dispensable",7,3,0,45,0.75,0,0.464322744172242,0.392864548834448
"5172","Mca007161.t02","dispensable",20,3,0,45,0.75,0,0.464322744172242,0.392864548834448
"5304","Mpoly021599.t01","dispensable",6,3,0,45,0.75,0,0.464322744172242,0.392864548834448
"5774","Mca033623.t01","dispensable",5,3,0,45,0.75,0,0.464322744172242,0.392864548834448
"5789","Mca034344.t01","dispensable",8,3,0,45,0.75,0,0.464322744172242,0.392864548834448
"6150","Mca049184.t01","dispensable",5,3,0,45,0.75,0,0.464322744172242,0.392864548834448
"6303","Mca052514.t01","dispensable",6,3,0,45,0.75,0,0.464322744172242,0.392864548834448
"6408","Mca008380.t02","dispensable",8,3,0,45,0.75,0,0.464322744172242,0.392864548834448
"6477","Mca017452.t03","dispensable",14,3,0,45,0.75,0,0.464322744172242,0.392864548834448
"6648","Mca040073.t06","dispensable",7,3,0,45,0.75,0,0.464322744172242,0.392864548834448
"6905","Mca024351.t01","dispensable",8,3,0,45,0.75,0,0.464322744172242,0.392864548834448
"7213","Mca023499.t02","dispensable",8,3,0,45,0.75,0,0.464322744172242,0.392864548834448
"7533","Msa094089.t01","dispensable",8,3,0,45,0.75,0,0.464322744172242,0.392864548834448
"7536","Msa094122.t01","dispensable",7,3,0,45,0.75,0,0.464322744172242,0.392864548834448
"8966","Msa017262.t01","dispensable",5,3,0,45,0.75,0,0.464322744172242,0.392864548834448
"9533","Msa035986.t01","dispensable",6,3,0,45,0.75,0,0.464322744172242,0.392864548834448
"10415","evm.model.Chr03.213","dispensable",10,3,0,45,0.75,0,0.464322744172242,0.392864548834448
"10942","LOC_00023593-mRNA-1","dispensable",7,3,0,45,0.75,0,0.464322744172242,0.392864548834448
"11468","Msa014976.t01","dispensable",5,3,0,45,0.75,0,0.464322744172242,0.392864548834448
"13262","LOC_00028232-mRNA-1","dispensable",8,3,0,45,0.75,0,0.464322744172242,0.392864548834448
"16433","Mpoly009032.t01","dispensable",5,3,0,45,0.75,0,0.464322744172242,0.392864548834448
"17520","Mpoly005728.t01","dispensable",6,3,0,45,0.75,0,0.464322744172242,0.392864548834448
"17591","Mru011992.t01","dispensable",5,3,0,45,0.75,0,0.464322744172242,0.392864548834448
"17925","Mpoly017738.t01","dispensable",9,3,0,45,0.75,0,0.464322744172242,0.392864548834448
"22778","Msa035837.t01","dispensable",6,3,0,45,0.75,0,0.464322744172242,0.392864548834448
"2307","Mara009616.t01","dispensable",10,3,0,43,0.75,0,0.45893180722027,0.391786361444054
"7137","Msa066975.t01","dispensable",6,3,0,43,0.75,0,0.45893180722027,0.391786361444054
"1062","Mara018022.t01","dispensable",3,2,0,10,0.833333333333333,0,0.290807416522316,0.391494816637797
"1204","Mara020792.t01","dispensable",7,2,0,10,0.833333333333333,0,0.290807416522316,0.391494816637797
"1296","Mara022682.t01","dispensable",3,2,0,10,0.833333333333333,0,0.290807416522316,0.391494816637797
"1297","Mara022683.t01","dispensable",3,2,0,10,0.833333333333333,0,0.290807416522316,0.391494816637797
"1344","Mara023855.t01","dispensable",3,2,0,10,0.833333333333333,0,0.290807416522316,0.391494816637797
"1355","Mara024023.t01","dispensable",3,2,0,10,0.833333333333333,0,0.290807416522316,0.391494816637797
"1390","Mara024555.t01","dispensable",3,2,0,10,0.833333333333333,0,0.290807416522316,0.391494816637797
"1518","Mara026958.t01","dispensable",3,2,0,10,0.833333333333333,0,0.290807416522316,0.391494816637797
"1660","Mara030602.t01","dispensable",3,2,0,10,0.833333333333333,0,0.290807416522316,0.391494816637797
"2217","evm.model.Chr01.361","dispensable",3,2,0,10,0.833333333333333,0,0.290807416522316,0.391494816637797
"2247","evm.model.Chr01.1395","dispensable",4,2,0,10,0.833333333333333,0,0.290807416522316,0.391494816637797
"2324","evm.model.Chr01.4284","dispensable",4,2,0,10,0.833333333333333,0,0.290807416522316,0.391494816637797
"2396","evm.model.Chr02.1285","dispensable",3,2,0,10,0.833333333333333,0,0.290807416522316,0.391494816637797
"2517","evm.model.Chr03.378","dispensable",3,2,0,10,0.833333333333333,0,0.290807416522316,0.391494816637797
"2601","evm.model.Chr03.3444","dispensable",3,2,0,10,0.833333333333333,0,0.290807416522316,0.391494816637797
"2606","evm.model.Chr03.3558","dispensable",3,2,0,10,0.833333333333333,0,0.290807416522316,0.391494816637797
"2616","evm.model.Chr03.4062","dispensable",3,2,0,10,0.833333333333333,0,0.290807416522316,0.391494816637797
"2623","evm.model.Chr03.4336","dispensable",4,2,0,10,0.833333333333333,0,0.290807416522316,0.391494816637797
"2684","evm.model.Chr04.1710","dispensable",3,2,0,10,0.833333333333333,0,0.290807416522316,0.391494816637797
"2736","evm.model.Chr04.2904.1.6a7354e0","dispensable",6,2,0,10,0.833333333333333,0,0.290807416522316,0.391494816637797
"2819","evm.model.Chr05.687","dispensable",3,2,0,10,0.833333333333333,0,0.290807416522316,0.391494816637797
"2843","evm.model.Chr05.1366","dispensable",5,2,0,10,0.833333333333333,0,0.290807416522316,0.391494816637797
"2880","evm.model.Chr05.2590","dispensable",3,2,0,10,0.833333333333333,0,0.290807416522316,0.391494816637797
"2921","evm.model.Chr05.3818","dispensable",3,2,0,10,0.833333333333333,0,0.290807416522316,0.391494816637797
"3226","evm.model.Chr08.3329","dispensable",3,2,0,10,0.833333333333333,0,0.290807416522316,0.391494816637797
"3309","Mpoly000946.t02","dispensable",5,2,0,10,0.833333333333333,0,0.290807416522316,0.391494816637797
"3328","Mpoly001949.t01","dispensable",3,2,0,10,0.833333333333333,0,0.290807416522316,0.391494816637797
"3375","Mpoly004159.t01","dispensable",4,2,0,10,0.833333333333333,0,0.290807416522316,0.391494816637797
"3492","Mpoly010174.t01","dispensable",3,2,0,10,0.833333333333333,0,0.290807416522316,0.391494816637797
"3705","Mpoly022101.t01","dispensable",3,2,0,10,0.833333333333333,0,0.290807416522316,0.391494816637797
"3896","Mpoly030392.t01","dispensable",3,2,0,10,0.833333333333333,0,0.290807416522316,0.391494816637797
"3952","Mpoly034173.t02","dispensable",3,2,0,10,0.833333333333333,0,0.290807416522316,0.391494816637797
"6208","Mca050663.t01","dispensable",3,2,0,10,0.833333333333333,0,0.290807416522316,0.391494816637797
"6218","Mca050821.t01","dispensable",3,2,0,10,0.833333333333333,0,0.290807416522316,0.391494816637797
"6250","Mca051601.t01","dispensable",5,2,0,10,0.833333333333333,0,0.290807416522316,0.391494816637797
"6297","Mca052415.t02","dispensable",3,2,0,10,0.833333333333333,0,0.290807416522316,0.391494816637797
"6355","Mca053243.t01","dispensable",3,2,0,10,0.833333333333333,0,0.290807416522316,0.391494816637797
"6953","Msa041147.t01","dispensable",3,2,0,10,0.833333333333333,0,0.290807416522316,0.391494816637797
"7165","Msa067672.t02","dispensable",7,2,0,10,0.833333333333333,0,0.290807416522316,0.391494816637797
"7244","Msa070277.t01","dispensable",3,2,0,10,0.833333333333333,0,0.290807416522316,0.391494816637797
"7444","Msa091633.t01","dispensable",3,2,0,10,0.833333333333333,0,0.290807416522316,0.391494816637797
"7456","Msa091999.t01","dispensable",3,2,0,10,0.833333333333333,0,0.290807416522316,0.391494816637797
"7489","Msa092940.t01","dispensable",4,2,0,10,0.833333333333333,0,0.290807416522316,0.391494816637797
"7857","Msa113755.t01","dispensable",3,2,0,10,0.833333333333333,0,0.290807416522316,0.391494816637797
"8099","Msa127565.t01","dispensable",3,2,0,10,0.833333333333333,0,0.290807416522316,0.391494816637797
"8238","Msa138053.t01","dispensable",4,2,0,10,0.833333333333333,0,0.290807416522316,0.391494816637797
"8382","Msa150916.t01","dispensable",3,2,0,10,0.833333333333333,0,0.290807416522316,0.391494816637797
"10195","zm4.44G0054170.t1","dispensable",4,2,0,10,0.833333333333333,0,0.290807416522316,0.391494816637797
"10306","zm4.34G0068890.t1","dispensable",3,2,0,10,0.833333333333333,0,0.290807416522316,0.391494816637797
"10335","zm4.74G0020940.t1","dispensable",3,2,0,10,0.833333333333333,0,0.290807416522316,0.391494816637797
"10427","zm4.24G0022890.t1","dispensable",3,2,0,10,0.833333333333333,0,0.290807416522316,0.391494816637797
"10642","zm4.84G0011460.t1","dispensable",3,2,0,10,0.833333333333333,0,0.290807416522316,0.391494816637797
"12125","LOC_00037733-mRNA-1","dispensable",10,2,0,10,0.833333333333333,0,0.290807416522316,0.391494816637797
"12126","LOC_00037734-mRNA-1","dispensable",5,2,0,10,0.833333333333333,0,0.290807416522316,0.391494816637797
"12214","LOC_00038912-mRNA-1","dispensable",6,2,0,10,0.833333333333333,0,0.290807416522316,0.391494816637797
"12216","LOC_00038960-mRNA-1","dispensable",3,2,0,10,0.833333333333333,0,0.290807416522316,0.391494816637797
"12228","LOC_00039115-mRNA-1","dispensable",3,2,0,10,0.833333333333333,0,0.290807416522316,0.391494816637797
"12295","LOC_00000699-mRNA-1","dispensable",3,2,0,10,0.833333333333333,0,0.290807416522316,0.391494816637797
"13746","LOC_00043110-mRNA-1","dispensable",3,2,0,10,0.833333333333333,0,0.290807416522316,0.391494816637797
"13754","LOC_00043256-mRNA-1","dispensable",3,2,0,10,0.833333333333333,0,0.290807416522316,0.391494816637797
"13757","LOC_00043314-mRNA-1","dispensable",3,2,0,10,0.833333333333333,0,0.290807416522316,0.391494816637797
"13818","LOC_00044211-mRNA-1","dispensable",5,2,0,10,0.833333333333333,0,0.290807416522316,0.391494816637797
"13844","LOC_00044659-mRNA-1","dispensable",3,2,0,10,0.833333333333333,0,0.290807416522316,0.391494816637797
"14097","LOC_00048886-mRNA-1","dispensable",3,2,0,10,0.833333333333333,0,0.290807416522316,0.391494816637797
"14243","LOC_00051335-mRNA-1","dispensable",3,2,0,10,0.833333333333333,0,0.290807416522316,0.391494816637797
"14375","LOC_00053428-mRNA-1","dispensable",3,2,0,10,0.833333333333333,0,0.290807416522316,0.391494816637797
"14382","LOC_00053524-mRNA-1","dispensable",7,2,0,10,0.833333333333333,0,0.290807416522316,0.391494816637797
"14391","LOC_00053616-mRNA-3","dispensable",3,2,0,10,0.833333333333333,0,0.290807416522316,0.391494816637797
"14392","LOC_00053631-mRNA-1","dispensable",4,2,0,10,0.833333333333333,0,0.290807416522316,0.391494816637797
"14440","Mtrun002091.t01","dispensable",4,2,0,10,0.833333333333333,0,0.290807416522316,0.391494816637797
"14471","Mpoly003752.t02","dispensable",5,2,0,10,0.833333333333333,0,0.290807416522316,0.391494816637797
"14664","Mtrun014876.t02","dispensable",5,2,0,10,0.833333333333333,0,0.290807416522316,0.391494816637797
"14672","Mtrun015725.t01","dispensable",3,2,0,10,0.833333333333333,0,0.290807416522316,0.391494816637797
"14891","Mtrun028371.t01","dispensable",3,2,0,10,0.833333333333333,0,0.290807416522316,0.391494816637797
"14901","Msa113334.t01","dispensable",7,2,0,10,0.833333333333333,0,0.290807416522316,0.391494816637797
"14934","Mtrun030572.t01","dispensable",3,2,0,10,0.833333333333333,0,0.290807416522316,0.391494816637797
"14963","Mtrun032859.t02","dispensable",6,2,0,10,0.833333333333333,0,0.290807416522316,0.391494816637797
"14965","Mpoly029348.t01","dispensable",4,2,0,10,0.833333333333333,0,0.290807416522316,0.391494816637797
"14982","Mtrun034439.t01","dispensable",3,2,0,10,0.833333333333333,0,0.290807416522316,0.391494816637797
"14992","Mtrun035024.t01","dispensable",3,2,0,10,0.833333333333333,0,0.290807416522316,0.391494816637797
"15018","Mtrun036883.t01","dispensable",3,2,0,10,0.833333333333333,0,0.290807416522316,0.391494816637797
"15027","Mtrun038354.t02","dispensable",4,2,0,10,0.833333333333333,0,0.290807416522316,0.391494816637797
"15034","Mtrun038918.t01","dispensable",5,2,0,10,0.833333333333333,0,0.290807416522316,0.391494816637797
"15224","evm.model.Chr02.3095","dispensable",3,2,0,10,0.833333333333333,0,0.290807416522316,0.391494816637797
"15310","Mara021508.t01","dispensable",3,2,0,10,0.833333333333333,0,0.290807416522316,0.391494816637797
"15435","Mpoly018384.t02","dispensable",4,2,0,10,0.833333333333333,0,0.290807416522316,0.391494816637797
"15942","Mara043377.t01","dispensable",3,2,0,10,0.833333333333333,0,0.290807416522316,0.391494816637797
"16210","evm.model.Chr01.3711","dispensable",4,2,0,10,0.833333333333333,0,0.290807416522316,0.391494816637797
"16819","Msa098634.t01","dispensable",3,2,0,10,0.833333333333333,0,0.290807416522316,0.391494816637797
"16847","evm.model.Chr07.1465","dispensable",3,2,0,10,0.833333333333333,0,0.290807416522316,0.391494816637797
"16980","evm.model.Chr06.1508","dispensable",3,2,0,10,0.833333333333333,0,0.290807416522316,0.391494816637797
"17167","Msa129495.t01","dispensable",3,2,0,10,0.833333333333333,0,0.290807416522316,0.391494816637797
"17567","Mpoly006757.t01","dispensable",3,2,0,10,0.833333333333333,0,0.290807416522316,0.391494816637797
"19318","Msa151482.t01","dispensable",3,2,0,10,0.833333333333333,0,0.290807416522316,0.391494816637797
"20097","Mru047403.t01","dispensable",3,2,0,10,0.833333333333333,0,0.290807416522316,0.391494816637797
"21729","Msa150067.t01","dispensable",3,2,0,10,0.833333333333333,0,0.290807416522316,0.391494816637797
"22027","zm4.31G0053290.t1","dispensable",3,2,0,10,0.833333333333333,0,0.290807416522316,0.391494816637797
"23090","Msa103210.t01","dispensable",4,2,0,10,0.833333333333333,0,0.290807416522316,0.391494816637797
"23249","Msa129706.t01","dispensable",3,2,0,10,0.833333333333333,0,0.290807416522316,0.391494816637797
"23457","Mca051538.t01","dispensable",3,2,0,10,0.833333333333333,0,0.290807416522316,0.391494816637797
"25728","Msa151675.t01","dispensable",3,2,0,10,0.833333333333333,0,0.290807416522316,0.391494816637797
"26233","zm4.71G0013770.t1","dispensable",3,2,0,10,0.833333333333333,0,0.290807416522316,0.391494816637797
"27066","Mtrun027169.t02","dispensable",3,2,0,10,0.833333333333333,0,0.290807416522316,0.391494816637797
"27747","zm4.13G0060670.t1","dispensable",3,2,0,10,0.833333333333333,0,0.290807416522316,0.391494816637797
"28193","zm4.14G0008420.t1","dispensable",3,2,0,10,0.833333333333333,0,0.290807416522316,0.391494816637797
"7603","Mca028062.t01","dispensable",5,3,0,42,0.75,0,0.456143727825037,0.391228745565007
"4681","Mru050454.t01","dispensable",5,3,0,41,0.75,0,0.45329004057732,0.390658008115464
"1461","Mara025645.t01","dispensable",9,3,0,40,0.75,0,0.450367583204509,0.390073516640902
"2406","evm.model.Chr02.1606","dispensable",10,3,0,40,0.75,0,0.450367583204509,0.390073516640902
"2452","evm.model.Chr02.3392","dispensable",8,3,0,40,0.75,0,0.450367583204509,0.390073516640902
"2500","evm.model.Chr03.31.2.6a7350cc","dispensable",11,3,0,40,0.75,0,0.450367583204509,0.390073516640902
"2686","evm.model.Chr04.1786","dispensable",8,3,0,40,0.75,0,0.450367583204509,0.390073516640902
"3101","evm.model.Chr07.3532.4.6a7354c9","dispensable",12,3,0,40,0.75,0,0.450367583204509,0.390073516640902
"3300","Mpoly000662.t01","dispensable",5,3,0,40,0.75,0,0.450367583204509,0.390073516640902
"3552","Mpoly013629.t01","dispensable",5,3,0,40,0.75,0,0.450367583204509,0.390073516640902
"3578","Mpoly014660.t01","dispensable",6,3,0,40,0.75,0,0.450367583204509,0.390073516640902
"3811","Mpoly026425.t01","dispensable",6,3,0,40,0.75,0,0.450367583204509,0.390073516640902
"4007","Mpoly036096.t01","dispensable",5,3,0,40,0.75,0,0.450367583204509,0.390073516640902
"4479","Mru032265.t02","dispensable",6,3,0,40,0.75,0,0.450367583204509,0.390073516640902
"4862","Mru022842.t02","dispensable",8,3,0,40,0.75,0,0.450367583204509,0.390073516640902
"5136","Mca005562.t01","dispensable",5,3,0,40,0.75,0,0.450367583204509,0.390073516640902
"5519","Mca022322.t02","dispensable",10,3,0,40,0.75,0,0.450367583204509,0.390073516640902
"5771","Mca033574.t01","dispensable",6,3,0,40,0.75,0,0.450367583204509,0.390073516640902
"5851","Mca039608.t01","dispensable",6,3,0,40,0.75,0,0.450367583204509,0.390073516640902
"5868","Mca037943.t01","dispensable",5,3,0,40,0.75,0,0.450367583204509,0.390073516640902
"6109","Mca047224.t01","dispensable",5,3,0,40,0.75,0,0.450367583204509,0.390073516640902
"6397","Mca005498.t02","dispensable",9,3,0,40,0.75,0,0.450367583204509,0.390073516640902
"6998","Msa045908.t01","dispensable",5,3,0,40,0.75,0,0.450367583204509,0.390073516640902
"7009","Msa046785.t01","dispensable",7,3,0,40,0.75,0,0.450367583204509,0.390073516640902
"7892","Msa114247.t01","dispensable",7,3,0,40,0.75,0,0.450367583204509,0.390073516640902
"8636","evm.model.Chr01.4922","dispensable",6,3,0,40,0.75,0,0.450367583204509,0.390073516640902
"8642","Mru033123.t01","dispensable",6,3,0,40,0.75,0,0.450367583204509,0.390073516640902
"8847","Msa013270.t01","dispensable",8,3,0,40,0.75,0,0.450367583204509,0.390073516640902
"8850","Msa013293.t01","dispensable",5,3,0,40,0.75,0,0.450367583204509,0.390073516640902
"8930","Msa016053.t01","dispensable",7,3,0,40,0.75,0,0.450367583204509,0.390073516640902
"8969","Msa017307.t02","dispensable",6,3,0,40,0.75,0,0.450367583204509,0.390073516640902
"9300","Msa030002.t02","dispensable",7,3,0,40,0.75,0,0.450367583204509,0.390073516640902
"10229","Mca044317.t01","dispensable",8,3,0,40,0.75,0,0.450367583204509,0.390073516640902
"10567","zm4.54G0042180.t1","dispensable",6,3,0,40,0.75,0,0.450367583204509,0.390073516640902
"10827","Mpoly001426.t01","dispensable",8,3,0,40,0.75,0,0.450367583204509,0.390073516640902
"13145","LOC_00000801-mRNA-2","dispensable",7,3,0,40,0.75,0,0.450367583204509,0.390073516640902
"13775","Mru045014.t01","dispensable",7,3,0,40,0.75,0,0.450367583204509,0.390073516640902
"14149","Mpoly019564.t01","dispensable",7,3,0,40,0.75,0,0.450367583204509,0.390073516640902
"14737","Mtrun018490.t01","dispensable",8,3,0,40,0.75,0,0.450367583204509,0.390073516640902
"14813","Mtrun024532.t03","dispensable",7,3,0,40,0.75,0,0.450367583204509,0.390073516640902
"15217","Mara015498.t01","dispensable",6,3,0,40,0.75,0,0.450367583204509,0.390073516640902
"15417","Mara023452.t01","dispensable",5,3,0,40,0.75,0,0.450367583204509,0.390073516640902
"15653","Msa035584.t01","dispensable",6,3,0,40,0.75,0,0.450367583204509,0.390073516640902
"17357","LOC_00002078-mRNA-1","dispensable",5,3,0,40,0.75,0,0.450367583204509,0.390073516640902
"18769","Mca006415.t02","dispensable",8,3,0,40,0.75,0,0.450367583204509,0.390073516640902
"20017","Mca044502.t01","dispensable",4,3,0,40,0.75,0,0.450367583204509,0.390073516640902
"20079","Mru046562.t02","dispensable",5,3,0,40,0.75,0,0.450367583204509,0.390073516640902
"21762","Msa042865.t01","dispensable",5,3,0,40,0.75,0,0.450367583204509,0.390073516640902
"22883","Msa037891.t01","dispensable",5,3,0,40,0.75,0,0.450367583204509,0.390073516640902
"24734","Msa029649.t01","dispensable",5,3,0,40,0.75,0,0.450367583204509,0.390073516640902
"28138","zm4.64G0045280.t1","dispensable",5,3,0,40,0.75,0,0.450367583204509,0.390073516640902
"2289","Msa020012.t01","dispensable",28,4,0,159,0.666666666666667,0,0.615497349843585,0.389766136635384
"5694","Mca030583.t06","dispensable",5,3,0,39,0.75,0,0.447372959145631,0.389474591829126
"7282","Msa072339.t01","dispensable",3,2,0,9,0.833333333333333,0,0.279248568447676,0.389183047022869
"10468","zm4.24G0055120.t1","dispensable",3,2,0,9,0.833333333333333,0,0.279248568447676,0.389183047022869
"16518","evm.model.Chr03.1261","dispensable",3,2,0,9,0.833333333333333,0,0.279248568447676,0.389183047022869
"16914","evm.model.Chr05.3485","dispensable",3,2,0,9,0.833333333333333,0,0.279248568447676,0.389183047022869
"9751","Msa041979.t01","dispensable",5,3,0,38,0.75,0,0.444302513819915,0.388860502763983
"20036","Mca037807.t01","dispensable",5,3,0,37,0.75,0,0.441152307812366,0.388230461562473
"9821","Mru050162.t02","dispensable",9,3,0,36,0.75,0,0.437918086482887,0.387583617296577
"11886","LOC_00049417-mRNA-1","dispensable",6,3,0,36,0.75,0,0.437918086482887,0.387583617296577
"21141","Mca035750.t01","dispensable",20,4,0,145,0.666666666666667,0,0.604392436593445,0.387545153985356
"302","LOC_00025380-mRNA-1","dispensable",5,3,0,35,0.75,0,0.434595245410804,0.386919049082161
"1223","Mara021077.t02","dispensable",5,3,0,35,0.75,0,0.434595245410804,0.386919049082161
"2106","Mara043719.t01","dispensable",6,3,0,35,0.75,0,0.434595245410804,0.386919049082161
"2330","evm.model.Chr01.4440","dispensable",7,3,0,35,0.75,0,0.434595245410804,0.386919049082161
"2475","evm.model.Chr02.4093","dispensable",7,3,0,35,0.75,0,0.434595245410804,0.386919049082161
"2508","evm.model.Chr03.210","dispensable",6,3,0,35,0.75,0,0.434595245410804,0.386919049082161
"2574","evm.model.Chr03.2620","dispensable",8,3,0,35,0.75,0,0.434595245410804,0.386919049082161
"2818","evm.model.Chr05.686","dispensable",6,3,0,35,0.75,0,0.434595245410804,0.386919049082161
"2922","evm.model.Chr05.3841","dispensable",7,3,0,35,0.75,0,0.434595245410804,0.386919049082161
"4195","Mru004415.t04","dispensable",9,3,0,35,0.75,0,0.434595245410804,0.386919049082161
"4226","Mru007589.t01","dispensable",12,3,0,35,0.75,0,0.434595245410804,0.386919049082161
"4389","Mru023314.t01","dispensable",4,3,0,35,0.75,0,0.434595245410804,0.386919049082161
"4430","Mru028355.t03","dispensable",12,3,0,35,0.75,0,0.434595245410804,0.386919049082161
"4437","evm.model.Chr04.3989.1.6a735624","dispensable",7,3,0,35,0.75,0,0.434595245410804,0.386919049082161
"4440","evm.model.Chr04.4075.2.6a735638","dispensable",8,3,0,35,0.75,0,0.434595245410804,0.386919049082161
"4480","Mru032265.t04","dispensable",4,3,0,35,0.75,0,0.434595245410804,0.386919049082161
"4544","Mru038574.t02","dispensable",5,3,0,35,0.75,0,0.434595245410804,0.386919049082161
"4548","Mru038666.t01","dispensable",4,3,0,35,0.75,0,0.434595245410804,0.386919049082161
"4664","Mru049250.t02","dispensable",9,3,0,35,0.75,0,0.434595245410804,0.386919049082161
"4771","Mru000086.t02","dispensable",6,3,0,35,0.75,0,0.434595245410804,0.386919049082161
"4860","Mru022409.t04","dispensable",5,3,0,35,0.75,0,0.434595245410804,0.386919049082161
"5059","Mca001662.t01","dispensable",5,3,0,35,0.75,0,0.434595245410804,0.386919049082161
"5097","Mca003798.t03","dispensable",5,3,0,35,0.75,0,0.434595245410804,0.386919049082161
"5116","Mca004679.t02","dispensable",5,3,0,35,0.75,0,0.434595245410804,0.386919049082161
"5181","Mtrun006268.t04","dispensable",10,3,0,35,0.75,0,0.434595245410804,0.386919049082161
"5210","Mca009408.t01","dispensable",4,3,0,35,0.75,0,0.434595245410804,0.386919049082161
"5235","Mru013157.t01","dispensable",6,3,0,35,0.75,0,0.434595245410804,0.386919049082161
"5242","Mpoly008682.t01","dispensable",5,3,0,35,0.75,0,0.434595245410804,0.386919049082161
"5276","Mca012464.t02","dispensable",5,3,0,35,0.75,0,0.434595245410804,0.386919049082161
"5358","Mpoly009878.t01","dispensable",5,3,0,35,0.75,0,0.434595245410804,0.386919049082161
"5396","Mca017431.t02","dispensable",6,3,0,35,0.75,0,0.434595245410804,0.386919049082161
"5465","Mca020201.t02","dispensable",13,3,0,35,0.75,0,0.434595245410804,0.386919049082161
"5487","Mca039168.t01","dispensable",5,3,0,35,0.75,0,0.434595245410804,0.386919049082161
"5515","Mca022203.t01","dispensable",4,3,0,35,0.75,0,0.434595245410804,0.386919049082161
"5553","Mca024499.t01","dispensable",6,3,0,35,0.75,0,0.434595245410804,0.386919049082161
"5573","Mca025682.t01","dispensable",9,3,0,35,0.75,0,0.434595245410804,0.386919049082161
"5731","Mca032045.t02","dispensable",7,3,0,35,0.75,0,0.434595245410804,0.386919049082161
"5803","Mca034709.t01","dispensable",4,3,0,35,0.75,0,0.434595245410804,0.386919049082161
"5818","Mca035408.t01","dispensable",4,3,0,35,0.75,0,0.434595245410804,0.386919049082161
"5821","Mru041883.t01","dispensable",5,3,0,35,0.75,0,0.434595245410804,0.386919049082161
"5862","Mca037743.t01","dispensable",4,3,0,35,0.75,0,0.434595245410804,0.386919049082161
"5872","Mca038045.t01","dispensable",4,3,0,35,0.75,0,0.434595245410804,0.386919049082161
"5886","Mca038465.t01","dispensable",4,3,0,35,0.75,0,0.434595245410804,0.386919049082161
"5892","Mca038591.t03","dispensable",6,3,0,35,0.75,0,0.434595245410804,0.386919049082161
"5962","Mca041002.t01","dispensable",4,3,0,35,0.75,0,0.434595245410804,0.386919049082161
"6021","Mca043435.t01","dispensable",4,3,0,35,0.75,0,0.434595245410804,0.386919049082161
"6056","Mca045154.t02","dispensable",7,3,0,35,0.75,0,0.434595245410804,0.386919049082161
"6078","Mca046179.t01","dispensable",5,3,0,35,0.75,0,0.434595245410804,0.386919049082161
"6114","Mca047536.t01","dispensable",4,3,0,35,0.75,0,0.434595245410804,0.386919049082161
"6369","Mca000870.t03","dispensable",4,3,0,35,0.75,0,0.434595245410804,0.386919049082161
"6374","Mca001571.t02","dispensable",7,3,0,35,0.75,0,0.434595245410804,0.386919049082161
"6489","Mca018888.t05","dispensable",4,3,0,35,0.75,0,0.434595245410804,0.386919049082161
"6500","Mca020394.t04","dispensable",5,3,0,35,0.75,0,0.434595245410804,0.386919049082161
"6601","Mca033795.t04","dispensable",7,3,0,35,0.75,0,0.434595245410804,0.386919049082161
"6658","Mca039927.t01","dispensable",5,3,0,35,0.75,0,0.434595245410804,0.386919049082161
"6721","Mca048168.t02","dispensable",4,3,0,35,0.75,0,0.434595245410804,0.386919049082161
"6764","Msa010815.t01","dispensable",5,3,0,35,0.75,0,0.434595245410804,0.386919049082161
"6864","Msa024016.t01","dispensable",5,3,0,35,0.75,0,0.434595245410804,0.386919049082161
"6884","Msa025359.t02","dispensable",6,3,0,35,0.75,0,0.434595245410804,0.386919049082161
"7103","Msa061876.t01","dispensable",10,3,0,35,0.75,0,0.434595245410804,0.386919049082161
"7170","Mca021830.t01","dispensable",5,3,0,35,0.75,0,0.434595245410804,0.386919049082161
"7224","Msa069133.t01","dispensable",11,3,0,35,0.75,0,0.434595245410804,0.386919049082161
"7482","Msa092785.t01","dispensable",5,3,0,35,0.75,0,0.434595245410804,0.386919049082161
"7562","Msa094593.t01","dispensable",7,3,0,35,0.75,0,0.434595245410804,0.386919049082161
"7597","Msa095597.t01","dispensable",4,3,0,35,0.75,0,0.434595245410804,0.386919049082161
"7729","Mca007240.t01","dispensable",6,3,0,35,0.75,0,0.434595245410804,0.386919049082161
"7830","Msa113316.t01","dispensable",6,3,0,35,0.75,0,0.434595245410804,0.386919049082161
"8341","Msa149785.t01","dispensable",4,3,0,35,0.75,0,0.434595245410804,0.386919049082161
"8432","Msa152651.t01","dispensable",5,3,0,35,0.75,0,0.434595245410804,0.386919049082161
"8665","Mpoly005753.t04","dispensable",6,3,0,35,0.75,0,0.434595245410804,0.386919049082161
"8667","Msa007816.t02","dispensable",6,3,0,35,0.75,0,0.434595245410804,0.386919049082161
"8707","Msa009015.t01","dispensable",7,3,0,35,0.75,0,0.434595245410804,0.386919049082161
"8812","Mtrun009617.t03","dispensable",9,3,0,35,0.75,0,0.434595245410804,0.386919049082161
"8836","Msa013050.t01","dispensable",5,3,0,35,0.75,0,0.434595245410804,0.386919049082161
"8880","Msa014119.t01","dispensable",6,3,0,35,0.75,0,0.434595245410804,0.386919049082161
"9222","Msa027951.t02","dispensable",5,3,0,35,0.75,0,0.434595245410804,0.386919049082161
"10111","zm4.44G0009920.t1","dispensable",6,3,0,35,0.75,0,0.434595245410804,0.386919049082161
"10115","zm4.44G0011810.t1","dispensable",6,3,0,35,0.75,0,0.434595245410804,0.386919049082161
"10144","zm4.44G0024330.t1","dispensable",5,3,0,35,0.75,0,0.434595245410804,0.386919049082161
"10279","Mara008116.t01","dispensable",7,3,0,35,0.75,0,0.434595245410804,0.386919049082161
"10303","Mca014602.t01","dispensable",6,3,0,35,0.75,0,0.434595245410804,0.386919049082161
"10400","zm4.24G0001880.t1","dispensable",5,3,0,35,0.75,0,0.434595245410804,0.386919049082161
"10512","evm.model.Chr06.1217","dispensable",7,3,0,35,0.75,0,0.434595245410804,0.386919049082161
"11196","LOC_00027009-mRNA-1","dispensable",4,3,0,35,0.75,0,0.434595245410804,0.386919049082161
"11259","Msa007176.t01","dispensable",5,3,0,35,0.75,0,0.434595245410804,0.386919049082161
"11324","LOC_00014842-mRNA-1","dispensable",4,3,0,35,0.75,0,0.434595245410804,0.386919049082161
"11357","LOC_00015482-mRNA-2","dispensable",5,3,0,35,0.75,0,0.434595245410804,0.386919049082161
"12005","LOC_00035701-mRNA-1","dispensable",5,3,0,35,0.75,0,0.434595245410804,0.386919049082161
"12781","zm4.74G0056590.t1","dispensable",5,3,0,35,0.75,0,0.434595245410804,0.386919049082161
"12999","LOC_00010553-mRNA-1","dispensable",5,3,0,35,0.75,0,0.434595245410804,0.386919049082161
"13327","LOC_00029273-mRNA-1","dispensable",5,3,0,35,0.75,0,0.434595245410804,0.386919049082161
"13369","LOC_00029861-mRNA-1","dispensable",8,3,0,35,0.75,0,0.434595245410804,0.386919049082161
"13698","Mara005844.t01","dispensable",5,3,0,35,0.75,0,0.434595245410804,0.386919049082161
"14547","Mpoly014256.t01","dispensable",7,3,0,35,0.75,0,0.434595245410804,0.386919049082161
"14701","Mca036472.t03","dispensable",6,3,0,35,0.75,0,0.434595245410804,0.386919049082161
"15355","Mpoly015516.t01","dispensable",4,3,0,35,0.75,0,0.434595245410804,0.386919049082161
"15609","Mpoly006503.t01","dispensable",4,3,0,35,0.75,0,0.434595245410804,0.386919049082161
"16527","evm.model.Chr03.1543","dispensable",6,3,0,35,0.75,0,0.434595245410804,0.386919049082161
"16725","evm.model.Chr04.2392.2.6a73540f","dispensable",9,3,0,35,0.75,0,0.434595245410804,0.386919049082161
"16726","Mca026548.t02","dispensable",4,3,0,35,0.75,0,0.434595245410804,0.386919049082161
"17063","evm.model.Chr07.236","dispensable",4,3,0,35,0.75,0,0.434595245410804,0.386919049082161
"17296","Mca051314.t04","dispensable",6,3,0,35,0.75,0,0.434595245410804,0.386919049082161
"17366","Mru001524.t02","dispensable",5,3,0,35,0.75,0,0.434595245410804,0.386919049082161
"17415","Mpoly002659.t01","dispensable",5,3,0,35,0.75,0,0.434595245410804,0.386919049082161
"17999","Msa151356.t01","dispensable",4,3,0,35,0.75,0,0.434595245410804,0.386919049082161
"18947","Msa007445.t01","dispensable",4,3,0,35,0.75,0,0.434595245410804,0.386919049082161
"18968","LOC_00028434-mRNA-1","dispensable",4,3,0,35,0.75,0,0.434595245410804,0.386919049082161
"19179","Mca013323.t01","dispensable",4,3,0,35,0.75,0,0.434595245410804,0.386919049082161
"19387","Mru021872.t01","dispensable",4,3,0,35,0.75,0,0.434595245410804,0.386919049082161
"19771","Mca006379.t02","dispensable",4,3,0,35,0.75,0,0.434595245410804,0.386919049082161
"19868","Msa034578.t01","dispensable",4,3,0,35,0.75,0,0.434595245410804,0.386919049082161
"21307","Mca004387.t01","dispensable",4,3,0,35,0.75,0,0.434595245410804,0.386919049082161
"21418","Mca006755.t01","dispensable",4,3,0,35,0.75,0,0.434595245410804,0.386919049082161
"21507","Mca008748.t01","dispensable",4,3,0,35,0.75,0,0.434595245410804,0.386919049082161
"21750","Msa028354.t01","dispensable",6,3,0,35,0.75,0,0.434595245410804,0.386919049082161
"21873","Mca016057.t01","dispensable",4,3,0,35,0.75,0,0.434595245410804,0.386919049082161
"21940","Mca017217.t01","dispensable",6,3,0,35,0.75,0,0.434595245410804,0.386919049082161
"22526","Mca029749.t01","dispensable",4,3,0,35,0.75,0,0.434595245410804,0.386919049082161
"22554","Mca031642.t01","dispensable",4,3,0,35,0.75,0,0.434595245410804,0.386919049082161
"22861","zm4.74G0033530.t1","dispensable",5,3,0,35,0.75,0,0.434595245410804,0.386919049082161
"22969","Mca040827.t01","dispensable",4,3,0,35,0.75,0,0.434595245410804,0.386919049082161
"23254","Mca045961.t01","dispensable",4,3,0,35,0.75,0,0.434595245410804,0.386919049082161
"23520","Mca053088.t01","dispensable",5,3,0,35,0.75,0,0.434595245410804,0.386919049082161
"27793","zm4.44G0005830.t1","dispensable",6,3,0,35,0.75,0,0.434595245410804,0.386919049082161
"2828","zm4.64G0016290.t1","dispensable",21,4,0,140,0.666666666666667,0,0.6001663604894,0.386699938764547
"27019","zm4.61G0044160.t1","dispensable",3,2,0,8,0.833333333333333,0,0.26647085471285,0.386627504275903
"18555","Mpoly038226.t01","dispensable",4,3,0,34,0.75,0,0.431178790970618,0.386235758194124
"21074","Mca017459.t02","dispensable",6,3,0,34,0.75,0,0.431178790970618,0.386235758194124
"24112","Mca045684.t02","dispensable",4,3,0,34,0.75,0,0.431178790970618,0.386235758194124
"5906","Mca038995.t01","dispensable",4,3,0,33,0.75,0,0.427663295191848,0.38553265903837
"21234","Mca002789.t01","dispensable",4,3,0,33,0.75,0,0.427663295191848,0.38553265903837
"5934","Mca040009.t01","dispensable",18,4,0,130,0.666666666666667,0,0.591244978327229,0.384915662332113
"8791","Msa011750.t01","dispensable",4,3,0,32,0.75,0,0.424042843878741,0.384808568775748
"9003","Mru034400.t02","dispensable",6,3,0,32,0.75,0,0.424042843878741,0.384808568775748
"15832","Mpoly002607.t01","dispensable",5,3,0,32,0.75,0,0.424042843878741,0.384808568775748
"6815","Msa005461.t01","dispensable",4,3,0,31,0.75,0,0.420310976744885,0.384062195348977
"7586","Msa095209.t01","dispensable",4,3,0,31,0.75,0,0.420310976744885,0.384062195348977
"8380","Msa150763.t01","dispensable",8,3,0,31,0.75,0,0.420310976744885,0.384062195348977
"8081","Msa127371.t01","dispensable",3,2,0,7,0.833333333333333,0,0.252186586046931,0.38377065054272
"7242","Msa070115.t01","private",4,1,0,1,0.916666666666667,0,0.084062195348977,0.383479105736462
"8367","Msa150492.t04","private",8,1,0,1,0.916666666666667,0,0.084062195348977,0.383479105736462
"2130","Mru053397.t02","dispensable",14,3,0,30,0.75,0,0.416460618040923,0.383292123608185
"2483","evm.model.Chr02.4428","dispensable",6,3,0,30,0.75,0,0.416460618040923,0.383292123608185
"3153","evm.model.Chr08.352","dispensable",5,3,0,30,0.75,0,0.416460618040923,0.383292123608185
"3402","Mpoly005726.t01","dispensable",5,3,0,30,0.75,0,0.416460618040923,0.383292123608185
"3451","Mpoly008469.t01","dispensable",5,3,0,30,0.75,0,0.416460618040923,0.383292123608185
"3588","Mpoly015106.t01","dispensable",4,3,0,30,0.75,0,0.416460618040923,0.383292123608185
"3840","Mpoly027682.t01","dispensable",5,3,0,30,0.75,0,0.416460618040923,0.383292123608185
"4324","Mru018510.t02","dispensable",7,3,0,30,0.75,0,0.416460618040923,0.383292123608185
"4597","Mru043962.t02","dispensable",3,3,0,30,0.75,0,0.416460618040923,0.383292123608185
"4683","Mru050586.t01","dispensable",6,3,0,30,0.75,0,0.416460618040923,0.383292123608185
"4970","Mru047149.t02","dispensable",4,3,0,30,0.75,0,0.416460618040923,0.383292123608185
"5268","Mca012204.t01","dispensable",4,3,0,30,0.75,0,0.416460618040923,0.383292123608185
"5565","Mca025495.t03","dispensable",5,3,0,30,0.75,0,0.416460618040923,0.383292123608185
"5577","Mca025965.t02","dispensable",5,3,0,30,0.75,0,0.416460618040923,0.383292123608185
"5856","Mca037515.t01","dispensable",4,3,0,30,0.75,0,0.416460618040923,0.383292123608185
"5942","Mca017561.t02","dispensable",7,3,0,30,0.75,0,0.416460618040923,0.383292123608185
"5949","Mca040354.t02","dispensable",12,3,0,30,0.75,0,0.416460618040923,0.383292123608185
"5990","Mca041796.t01","dispensable",4,3,0,30,0.75,0,0.416460618040923,0.383292123608185
"6027","Mca043802.t03","dispensable",4,3,0,30,0.75,0,0.416460618040923,0.383292123608185
"6059","Mca051272.t01","dispensable",4,3,0,30,0.75,0,0.416460618040923,0.383292123608185
"6616","Mpoly029679.t01","dispensable",5,3,0,30,0.75,0,0.416460618040923,0.383292123608185
"6631","Mca036676.t01","dispensable",7,3,0,30,0.75,0,0.416460618040923,0.383292123608185
"6855","Msa023350.t01","dispensable",4,3,0,30,0.75,0,0.416460618040923,0.383292123608185
"6994","Msa071551.t01","dispensable",7,3,0,30,0.75,0,0.416460618040923,0.383292123608185
"7129","Msa066855.t01","dispensable",4,3,0,30,0.75,0,0.416460618040923,0.383292123608185
"7271","Mca025762.t02","dispensable",6,3,0,30,0.75,0,0.416460618040923,0.383292123608185
"7487","Msa092934.t01","dispensable",5,3,0,30,0.75,0,0.416460618040923,0.383292123608185
"7585","Msa095205.t01","dispensable",4,3,0,30,0.75,0,0.416460618040923,0.383292123608185
"7728","Msa111272.t01","dispensable",4,3,0,30,0.75,0,0.416460618040923,0.383292123608185
"7783","Msa112197.t01","dispensable",4,3,0,30,0.75,0,0.416460618040923,0.383292123608185
"8073","Msa127174.t01","dispensable",4,3,0,30,0.75,0,0.416460618040923,0.383292123608185
"8089","Msa127466.t01","dispensable",7,3,0,30,0.75,0,0.416460618040923,0.383292123608185
"8363","Msa150468.t01","dispensable",9,3,0,30,0.75,0,0.416460618040923,0.383292123608185
"8441","Msa152898.t01","dispensable",8,3,0,30,0.75,0,0.416460618040923,0.383292123608185
"8864","Msa013622.t01","dispensable",4,3,0,30,0.75,0,0.416460618040923,0.383292123608185
"8891","Msa014436.t01","dispensable",5,3,0,30,0.75,0,0.416460618040923,0.383292123608185
"9157","Msa022478.t03","dispensable",8,3,0,30,0.75,0,0.416460618040923,0.383292123608185
"9214","Mru038732.t02","dispensable",6,3,0,30,0.75,0,0.416460618040923,0.383292123608185
"9308","Msa030216.t01","dispensable",5,3,0,30,0.75,0,0.416460618040923,0.383292123608185
"9541","Msa127210.t01","dispensable",4,3,0,30,0.75,0,0.416460618040923,0.383292123608185
"9809","Mpoly031180.t01","dispensable",10,3,0,30,0.75,0,0.416460618040923,0.383292123608185
"9818","Msa047569.t02","dispensable",5,3,0,30,0.75,0,0.416460618040923,0.383292123608185
"9854","Msa049527.t01","dispensable",4,3,0,30,0.75,0,0.416460618040923,0.383292123608185
"10181","zm4.44G0048840.t1","dispensable",5,3,0,30,0.75,0,0.416460618040923,0.383292123608185
"10211","evm.model.Chr03.189","dispensable",5,3,0,30,0.75,0,0.416460618040923,0.383292123608185
"10374","Msa002950.t01","dispensable",5,3,0,30,0.75,0,0.416460618040923,0.383292123608185
"10433","zm4.24G0025790.t1","dispensable",4,3,0,30,0.75,0,0.416460618040923,0.383292123608185
"10462","Msa006032.t01","dispensable",4,3,0,30,0.75,0,0.416460618040923,0.383292123608185
"10625","zm4.14G0051150.t1","dispensable",4,3,0,30,0.75,0,0.416460618040923,0.383292123608185
"10630","zm4.14G0061430.t1","dispensable",6,3,0,30,0.75,0,0.416460618040923,0.383292123608185
"11322","evm.model.Chr02.820","dispensable",5,3,0,30,0.75,0,0.416460618040923,0.383292123608185
"11951","zm4.34G0032570.t1","dispensable",5,3,0,30,0.75,0,0.416460618040923,0.383292123608185
"12346","LOC_00001485-mRNA-1","dispensable",4,3,0,30,0.75,0,0.416460618040923,0.383292123608185
"12799","evm.model.Chr06.82","dispensable",12,3,0,30,0.75,0,0.416460618040923,0.383292123608185
"13077","LOC_00011262-mRNA-1","dispensable",4,3,0,30,0.75,0,0.416460618040923,0.383292123608185
"13220","Msa071776.t01","dispensable",6,3,0,30,0.75,0,0.416460618040923,0.383292123608185
"13239","LOC_00027564-mRNA-1","dispensable",4,3,0,30,0.75,0,0.416460618040923,0.383292123608185
"13282","LOC_00028595-mRNA-1","dispensable",5,3,0,30,0.75,0,0.416460618040923,0.383292123608185
"13348","LOC_00029568-mRNA-1","dispensable",4,3,0,30,0.75,0,0.416460618040923,0.383292123608185
"14457","Mpoly002726.t01","dispensable",8,3,0,30,0.75,0,0.416460618040923,0.383292123608185
"14885","evm.model.Chr07.3107","dispensable",6,3,0,30,0.75,0,0.416460618040923,0.383292123608185
"14929","Msa020400.t02","dispensable",4,3,0,30,0.75,0,0.416460618040923,0.383292123608185
"15053","Mpoly001377.t01","dispensable",5,3,0,30,0.75,0,0.416460618040923,0.383292123608185
"15327","Mara019524.t01","dispensable",5,3,0,30,0.75,0,0.416460618040923,0.383292123608185
"15329","Mara019553.t01","dispensable",4,3,0,30,0.75,0,0.416460618040923,0.383292123608185
"15507","Mara026612.t01","dispensable",5,3,0,30,0.75,0,0.416460618040923,0.383292123608185
"15682","Mca040424.t02","dispensable",5,3,0,30,0.75,0,0.416460618040923,0.383292123608185
"16056","Mca000237.t01","dispensable",4,3,0,30,0.75,0,0.416460618040923,0.383292123608185
"16498","evm.model.Chr03.738","dispensable",4,3,0,30,0.75,0,0.416460618040923,0.383292123608185
"16648","evm.model.Chr03.4583","dispensable",5,3,0,30,0.75,0,0.416460618040923,0.383292123608185
"16682","evm.model.Chr04.566","dispensable",5,3,0,30,0.75,0,0.416460618040923,0.383292123608185
"16927","evm.model.Chr05.3879","dispensable",6,3,0,30,0.75,0,0.416460618040923,0.383292123608185
"17114","Msa042365.t01","dispensable",5,3,0,30,0.75,0,0.416460618040923,0.383292123608185
"17233","zm4.64G0017720.t1","dispensable",5,3,0,30,0.75,0,0.416460618040923,0.383292123608185
"17576","Mpoly007036.t01","dispensable",4,3,0,30,0.75,0,0.416460618040923,0.383292123608185
"17750","Mpoly011585.t02","dispensable",5,3,0,30,0.75,0,0.416460618040923,0.383292123608185
"17918","LOC_00040677-mRNA-1","dispensable",7,3,0,30,0.75,0,0.416460618040923,0.383292123608185
"17950","Mpoly018975.t01","dispensable",5,3,0,30,0.75,0,0.416460618040923,0.383292123608185
"17989","Msa092943.t01","dispensable",5,3,0,30,0.75,0,0.416460618040923,0.383292123608185
"18061","Mca032024.t02","dispensable",4,3,0,30,0.75,0,0.416460618040923,0.383292123608185
"18667","Mru001570.t01","dispensable",3,3,0,30,0.75,0,0.416460618040923,0.383292123608185
"19074","Mca010505.t02","dispensable",3,3,0,30,0.75,0,0.416460618040923,0.383292123608185
"19206","Mru016009.t01","dispensable",3,3,0,30,0.75,0,0.416460618040923,0.383292123608185
"19492","Mca024281.t04","dispensable",3,3,0,30,0.75,0,0.416460618040923,0.383292123608185
"19550","Msa025102.t01","dispensable",3,3,0,30,0.75,0,0.416460618040923,0.383292123608185
"19695","Mru033615.t02","dispensable",3,3,0,30,0.75,0,0.416460618040923,0.383292123608185
"19867","Mru038663.t01","dispensable",4,3,0,30,0.75,0,0.416460618040923,0.383292123608185
"20099","Mca041781.t01","dispensable",5,3,0,30,0.75,0,0.416460618040923,0.383292123608185
"20617","Mca016081.t01","dispensable",4,3,0,30,0.75,0,0.416460618040923,0.383292123608185
"20644","Msa018750.t01","dispensable",3,3,0,30,0.75,0,0.416460618040923,0.383292123608185
"21997","Msa018318.t01","dispensable",4,3,0,30,0.75,0,0.416460618040923,0.383292123608185
"22427","Mca039303.t01","dispensable",4,3,0,30,0.75,0,0.416460618040923,0.383292123608185
"22575","Mca032090.t01","dispensable",4,3,0,30,0.75,0,0.416460618040923,0.383292123608185
"22694","Msa040819.t01","dispensable",4,3,0,30,0.75,0,0.416460618040923,0.383292123608185
"22782","Mca037968.t01","dispensable",4,3,0,30,0.75,0,0.416460618040923,0.383292123608185
"22912","Mca039163.t01","dispensable",4,3,0,30,0.75,0,0.416460618040923,0.383292123608185
"22980","Mca040191.t01","dispensable",4,3,0,30,0.75,0,0.416460618040923,0.383292123608185
"23197","Mca044624.t01","dispensable",3,3,0,30,0.75,0,0.416460618040923,0.383292123608185
"23278","Mca046858.t02","dispensable",6,3,0,30,0.75,0,0.416460618040923,0.383292123608185
"23371","Msa150256.t01","dispensable",5,3,0,30,0.75,0,0.416460618040923,0.383292123608185
"23604","Mca003093.t01","dispensable",4,3,0,30,0.75,0,0.416460618040923,0.383292123608185
"25324","Msa092499.t01","dispensable",5,3,0,30,0.75,0,0.416460618040923,0.383292123608185
"27926","zm4.34G0054770.t1","dispensable",4,3,0,30,0.75,0,0.416460618040923,0.383292123608185
"19132","Mca015572.t01","dispensable",14,4,0,120,0.666666666666667,0,0.581614833044633,0.382989633275593
"4350","Mru020218.t04","dispensable",7,3,0,29,0.75,0,0.412483995804101,0.38249679916082
"8025","Msa126233.t01","dispensable",5,3,0,29,0.75,0,0.412483995804101,0.38249679916082
"9677","Msa039749.t03","dispensable",4,3,0,29,0.75,0,0.412483995804101,0.38249679916082
"17159","Msa044161.t01","dispensable",4,3,0,28,0.75,0,0.408372547414032,0.381674509482806
"24558","Msa152552.t01","dispensable",4,3,0,28,0.75,0,0.408372547414032,0.381674509482806
"3599","Msa069175.t01","dispensable",4,3,0,27,0.75,0,0.404116808569872,0.380823361713975
"6726","Mca049124.t02","dispensable",6,3,0,27,0.75,0,0.404116808569872,0.380823361713975
"9220","Msa027514.t01","dispensable",6,3,0,27,0.75,0,0.404116808569872,0.380823361713975
"15427","Mara035139.t01","dispensable",5,3,0,27,0.75,0,0.404116808569872,0.380823361713975
"9469","Mca034659.t01","dispensable",17,4,0,109,0.666666666666667,0,0.570055984969993,0.380677863660665
"7143","Msa067081.t01","dispensable",4,2,0,6,0.833333333333333,0,0.235992417871918,0.380531816907717
"4740","Mru054975.t02","dispensable",5,3,0,26,0.75,0,0.399706282069275,0.379941256413855
"17150","Msa044060.t01","dispensable",5,3,0,26,0.75,0,0.399706282069275,0.379941256413855
"137","Mara001972.t01","dispensable",4,3,0,25,0.75,0,0.395129281812467,0.379025856362493
"266","Mara004028.t01","dispensable",5,3,0,25,0.75,0,0.395129281812467,0.379025856362493
"869","Mara013860.t01","dispensable",5,3,0,25,0.75,0,0.395129281812467,0.379025856362493
"1404","Mara024729.t01","dispensable",4,3,0,25,0.75,0,0.395129281812467,0.379025856362493
"1712","Mara031706.t01","dispensable",5,3,0,25,0.75,0,0.395129281812467,0.379025856362493
"2252","evm.model.Chr01.1479","dispensable",4,3,0,25,0.75,0,0.395129281812467,0.379025856362493
"2503","evm.model.Chr03.101.2.6a7350e2","dispensable",7,3,0,25,0.75,0,0.395129281812467,0.379025856362493
"2587","evm.model.Chr03.2979","dispensable",5,3,0,25,0.75,0,0.395129281812467,0.379025856362493
"2856","evm.model.Chr05.1939","dispensable",4,3,0,25,0.75,0,0.395129281812467,0.379025856362493
"2998","evm.model.Chr06.2946.1.6a7353e6","dispensable",12,3,0,25,0.75,0,0.395129281812467,0.379025856362493
"3160","evm.model.Chr08.682","dispensable",4,3,0,25,0.75,0,0.395129281812467,0.379025856362493
"3361","Mpoly003657.t01","dispensable",5,3,0,25,0.75,0,0.395129281812467,0.379025856362493
"3414","Mpoly006252.t01","dispensable",4,3,0,25,0.75,0,0.395129281812467,0.379025856362493
"3587","Mpoly015105.t01","dispensable",4,3,0,25,0.75,0,0.395129281812467,0.379025856362493
"3647","Mpoly019642.t01","dispensable",4,3,0,25,0.75,0,0.395129281812467,0.379025856362493
"3664","Mpoly020236.t01","dispensable",7,3,0,25,0.75,0,0.395129281812467,0.379025856362493
"4106","Mpoly038438.t01","dispensable",4,3,0,25,0.75,0,0.395129281812467,0.379025856362493
"4280","Mru013659.t02","dispensable",4,3,0,25,0.75,0,0.395129281812467,0.379025856362493
"4288","Mru014020.t02","dispensable",5,3,0,25,0.75,0,0.395129281812467,0.379025856362493
"4363","Mca018888.t03","dispensable",12,3,0,25,0.75,0,0.395129281812467,0.379025856362493
"4592","Mru043373.t03","dispensable",5,3,0,25,0.75,0,0.395129281812467,0.379025856362493
"4608","Mru045520.t01","dispensable",4,3,0,25,0.75,0,0.395129281812467,0.379025856362493
"4752","Mru055282.t01","dispensable",4,3,0,25,0.75,0,0.395129281812467,0.379025856362493
"4816","Mru010043.t02","dispensable",5,3,0,25,0.75,0,0.395129281812467,0.379025856362493
"4837","Mru016882.t02","dispensable",4,3,0,25,0.75,0,0.395129281812467,0.379025856362493
"5034","Mca000375.t01","dispensable",3,3,0,25,0.75,0,0.395129281812467,0.379025856362493
"5058","Mca001608.t01","dispensable",3,3,0,25,0.75,0,0.395129281812467,0.379025856362493
"5128","Mca005058.t01","dispensable",4,3,0,25,0.75,0,0.395129281812467,0.379025856362493
"5191","Mca008456.t03","dispensable",5,3,0,25,0.75,0,0.395129281812467,0.379025856362493
"5220","Mca009778.t01","dispensable",3,3,0,25,0.75,0,0.395129281812467,0.379025856362493
"5280","Mpoly021131.t01","dispensable",4,3,0,25,0.75,0,0.395129281812467,0.379025856362493
"5286","Mca012880.t01","dispensable",3,3,0,25,0.75,0,0.395129281812467,0.379025856362493
"5334","Mca014949.t01","dispensable",3,3,0,25,0.75,0,0.395129281812467,0.379025856362493
"5372","Mca016466.t02","dispensable",7,3,0,25,0.75,0,0.395129281812467,0.379025856362493
"5393","Mca017216.t01","dispensable",5,3,0,25,0.75,0,0.395129281812467,0.379025856362493
"5413","Mca018335.t01","dispensable",3,3,0,25,0.75,0,0.395129281812467,0.379025856362493
"5463","Mca020164.t01","dispensable",3,3,0,25,0.75,0,0.395129281812467,0.379025856362493
"5481","Mca020493.t01","dispensable",3,3,0,25,0.75,0,0.395129281812467,0.379025856362493
"5512","Mca022017.t01","dispensable",4,3,0,25,0.75,0,0.395129281812467,0.379025856362493
"5563","Mca025364.t01","dispensable",4,3,0,25,0.75,0,0.395129281812467,0.379025856362493
"5651","Mca028967.t02","dispensable",4,3,0,25,0.75,0,0.395129281812467,0.379025856362493
"5681","Mca030046.t01","dispensable",3,3,0,25,0.75,0,0.395129281812467,0.379025856362493
"5717","Mca031662.t01","dispensable",4,3,0,25,0.75,0,0.395129281812467,0.379025856362493
"5752","Mca032693.t01","dispensable",3,3,0,25,0.75,0,0.395129281812467,0.379025856362493
"5775","Mca033725.t03","dispensable",7,3,0,25,0.75,0,0.395129281812467,0.379025856362493
"5808","Mca034867.t01","dispensable",3,3,0,25,0.75,0,0.395129281812467,0.379025856362493
"5810","Mca034901.t01","dispensable",4,3,0,25,0.75,0,0.395129281812467,0.379025856362493
"5885","Mca038425.t01","dispensable",3,3,0,25,0.75,0,0.395129281812467,0.379025856362493
"5895","Mca038690.t01","dispensable",3,3,0,25,0.75,0,0.395129281812467,0.379025856362493
"5908","Mca039081.t01","dispensable",3,3,0,25,0.75,0,0.395129281812467,0.379025856362493
"5909","Mca039087.t01","dispensable",3,3,0,25,0.75,0,0.395129281812467,0.379025856362493
"5944","Mca040288.t01","dispensable",4,3,0,25,0.75,0,0.395129281812467,0.379025856362493
"5960","Mca040754.t01","dispensable",4,3,0,25,0.75,0,0.395129281812467,0.379025856362493
"6000","Mca042378.t01","dispensable",3,3,0,25,0.75,0,0.395129281812467,0.379025856362493
"6023","Mca043611.t02","dispensable",17,3,0,25,0.75,0,0.395129281812467,0.379025856362493
"6033","Mca043977.t01","dispensable",4,3,0,25,0.75,0,0.395129281812467,0.379025856362493
"6042","Mca044588.t01","dispensable",4,3,0,25,0.75,0,0.395129281812467,0.379025856362493
"6129","Mca048394.t02","dispensable",6,3,0,25,0.75,0,0.395129281812467,0.379025856362493
"6144","Mca049072.t01","dispensable",4,3,0,25,0.75,0,0.395129281812467,0.379025856362493
"6188","Mca050208.t01","dispensable",4,3,0,25,0.75,0,0.395129281812467,0.379025856362493
"6190","Mca050254.t01","dispensable",3,3,0,25,0.75,0,0.395129281812467,0.379025856362493
"6430","Mpoly040067.t01","dispensable",4,3,0,25,0.75,0,0.395129281812467,0.379025856362493
"6449","Mca013369.t02","dispensable",4,3,0,25,0.75,0,0.395129281812467,0.379025856362493
"6460","Mca015339.t03","dispensable",7,3,0,25,0.75,0,0.395129281812467,0.379025856362493
"6498","Mca020131.t02","dispensable",3,3,0,25,0.75,0,0.395129281812467,0.379025856362493
"6532","Mca025814.t03","dispensable",4,3,0,25,0.75,0,0.395129281812467,0.379025856362493
"6542","Mca026645.t02","dispensable",3,3,0,25,0.75,0,0.395129281812467,0.379025856362493
"6555","Mca027355.t02","dispensable",6,3,0,25,0.75,0,0.395129281812467,0.379025856362493
"6580","Mca030865.t03","dispensable",3,3,0,25,0.75,0,0.395129281812467,0.379025856362493
"6594","Mca031533.t02","dispensable",5,3,0,25,0.75,0,0.395129281812467,0.379025856362493
"6595","Mca031774.t01","dispensable",3,3,0,25,0.75,0,0.395129281812467,0.379025856362493
"6600","Mpoly034829.t01","dispensable",7,3,0,25,0.75,0,0.395129281812467,0.379025856362493
"6647","Mca037944.t02","dispensable",5,3,0,25,0.75,0,0.395129281812467,0.379025856362493
"6653","Mca038891.t03","dispensable",4,3,0,25,0.75,0,0.395129281812467,0.379025856362493
"6710","Mca047279.t02","dispensable",6,3,0,25,0.75,0,0.395129281812467,0.379025856362493
"6739","Msa000300.t01","dispensable",3,3,0,25,0.75,0,0.395129281812467,0.379025856362493
"6749","Msa000983.t01","dispensable",5,3,0,25,0.75,0,0.395129281812467,0.379025856362493
"6771","Mca002925.t01","dispensable",4,3,0,25,0.75,0,0.395129281812467,0.379025856362493
"6797","Msa004302.t01","dispensable",3,3,0,25,0.75,0,0.395129281812467,0.379025856362493
"6869","Msa024446.t01","dispensable",3,3,0,25,0.75,0,0.395129281812467,0.379025856362493
"6885","Msa025367.t01","dispensable",3,3,0,25,0.75,0,0.395129281812467,0.379025856362493
"6933","Msa035637.t01","dispensable",3,3,0,25,0.75,0,0.395129281812467,0.379025856362493
"6955","Msa041700.t01","dispensable",9,3,0,25,0.75,0,0.395129281812467,0.379025856362493
"6971","Msa044018.t01","dispensable",4,3,0,25,0.75,0,0.395129281812467,0.379025856362493
"7164","Msa067660.t01","dispensable",3,3,0,25,0.75,0,0.395129281812467,0.379025856362493
"7187","Msa068231.t02","dispensable",10,3,0,25,0.75,0,0.395129281812467,0.379025856362493
"7481","Mca028162.t02","dispensable",9,3,0,25,0.75,0,0.395129281812467,0.379025856362493
"7488","Msa092937.t01","dispensable",5,3,0,25,0.75,0,0.395129281812467,0.379025856362493
"7541","Msa094148.t01","dispensable",4,3,0,25,0.75,0,0.395129281812467,0.379025856362493
"7593","Msa095407.t01","dispensable",3,3,0,25,0.75,0,0.395129281812467,0.379025856362493
"7761","Msa044307.t02","dispensable",8,3,0,25,0.75,0,0.395129281812467,0.379025856362493
"7856","Mca051752.t01","dispensable",5,3,0,25,0.75,0,0.395129281812467,0.379025856362493
"7887","Msa114188.t02","dispensable",4,3,0,25,0.75,0,0.395129281812467,0.379025856362493
"7982","Mca040361.t01","dispensable",11,3,0,25,0.75,0,0.395129281812467,0.379025856362493
"8062","Msa126976.t01","dispensable",3,3,0,25,0.75,0,0.395129281812467,0.379025856362493
"8108","Msa127699.t01","dispensable",5,3,0,25,0.75,0,0.395129281812467,0.379025856362493
"8331","evm.model.Chr04.146","dispensable",7,3,0,25,0.75,0,0.395129281812467,0.379025856362493
"8613","Msa005986.t01","dispensable",3,3,0,25,0.75,0,0.395129281812467,0.379025856362493
"8623","Mca003860.t01","dispensable",5,3,0,25,0.75,0,0.395129281812467,0.379025856362493
"8625","Msa006437.t01","dispensable",3,3,0,25,0.75,0,0.395129281812467,0.379025856362493
"8658","Msa007478.t01","dispensable",3,3,0,25,0.75,0,0.395129281812467,0.379025856362493
"8758","Msa010722.t01","dispensable",5,3,0,25,0.75,0,0.395129281812467,0.379025856362493
"9119","Mca021452.t01","dispensable",4,3,0,25,0.75,0,0.395129281812467,0.379025856362493
"9177","Msa023177.t02","dispensable",4,3,0,25,0.75,0,0.395129281812467,0.379025856362493
"9188","Msa024518.t02","dispensable",7,3,0,25,0.75,0,0.395129281812467,0.379025856362493
"9296","Msa029881.t01","dispensable",3,3,0,25,0.75,0,0.395129281812467,0.379025856362493
"9342","Msa031252.t01","dispensable",3,3,0,25,0.75,0,0.395129281812467,0.379025856362493
"9692","Msa040103.t01","dispensable",3,3,0,25,0.75,0,0.395129281812467,0.379025856362493
"9839","Msa048949.t02","dispensable",6,3,0,25,0.75,0,0.395129281812467,0.379025856362493
"9889","Msa050568.t01","dispensable",3,3,0,25,0.75,0,0.395129281812467,0.379025856362493
"10109","zm4.44G0009130.t1","dispensable",4,3,0,25,0.75,0,0.395129281812467,0.379025856362493
"10130","zm4.44G0017190.t1","dispensable",4,3,0,25,0.75,0,0.395129281812467,0.379025856362493
"10143","Msa017357.t01","dispensable",4,3,0,25,0.75,0,0.395129281812467,0.379025856362493
"10150","zm4.44G0027700.t1","dispensable",6,3,0,25,0.75,0,0.395129281812467,0.379025856362493
"10270","zm4.34G0041010.t1","dispensable",4,3,0,25,0.75,0,0.395129281812467,0.379025856362493
"10332","zm4.74G0019080.t1","dispensable",5,3,0,25,0.75,0,0.395129281812467,0.379025856362493
"10389","zm4.74G0061470.t1","dispensable",5,3,0,25,0.75,0,0.395129281812467,0.379025856362493
"10393","LOC_00024362-mRNA-1","dispensable",5,3,0,25,0.75,0,0.395129281812467,0.379025856362493
"10410","zm4.24G0014090.t1","dispensable",5,3,0,25,0.75,0,0.395129281812467,0.379025856362493
"10414","zm4.24G0016890.t1","dispensable",5,3,0,25,0.75,0,0.395129281812467,0.379025856362493
"10432","Mpoly034363.t01","dispensable",4,3,0,25,0.75,0,0.395129281812467,0.379025856362493
"10474","zm4.64G0007920.t1","dispensable",4,3,0,25,0.75,0,0.395129281812467,0.379025856362493
"10522","zm4.64G0044850.t1","dispensable",5,3,0,25,0.75,0,0.395129281812467,0.379025856362493
"10579","zm4.54G0051980.t1","dispensable",4,3,0,25,0.75,0,0.395129281812467,0.379025856362493
"10599","zm4.14G0018950.t1","dispensable",5,3,0,25,0.75,0,0.395129281812467,0.379025856362493
"10631","zm4.84G0001780.t1","dispensable",4,3,0,25,0.75,0,0.395129281812467,0.379025856362493
"10680","zm4.84G0054590.t1","dispensable",6,3,0,25,0.75,0,0.395129281812467,0.379025856362493
"10681","zm4.84G0058900.t1","dispensable",6,3,0,25,0.75,0,0.395129281812467,0.379025856362493
"10814","LOC_00021929-mRNA-1","dispensable",3,3,0,25,0.75,0,0.395129281812467,0.379025856362493
"11033","evm.model.Chr01.3284","dispensable",4,3,0,25,0.75,0,0.395129281812467,0.379025856362493
"11191","LOC_00026876-mRNA-1","dispensable",5,3,0,25,0.75,0,0.395129281812467,0.379025856362493
"11317","LOC_00014790-mRNA-1","dispensable",3,3,0,25,0.75,0,0.395129281812467,0.379025856362493
"11575","LOC_00018318-mRNA-1","dispensable",3,3,0,25,0.75,0,0.395129281812467,0.379025856362493
"11616","LOC_00018849-mRNA-1","dispensable",3,3,0,25,0.75,0,0.395129281812467,0.379025856362493
"11701","LOC_00020108-mRNA-1","dispensable",3,3,0,25,0.75,0,0.395129281812467,0.379025856362493
"11718","LOC_00032043-mRNA-1","dispensable",3,3,0,25,0.75,0,0.395129281812467,0.379025856362493
"11743","LOC_00032477-mRNA-1","dispensable",3,3,0,25,0.75,0,0.395129281812467,0.379025856362493
"11818","LOC_00033521-mRNA-1","dispensable",3,3,0,25,0.75,0,0.395129281812467,0.379025856362493
"12034","LOC_00036161-mRNA-2","dispensable",3,3,0,25,0.75,0,0.395129281812467,0.379025856362493
"12084","LOC_00037097-mRNA-1","dispensable",4,3,0,25,0.75,0,0.395129281812467,0.379025856362493
"12263","LOC_00000161-mRNA-2","dispensable",3,3,0,25,0.75,0,0.395129281812467,0.379025856362493
"12367","LOC_00001774-mRNA-2","dispensable",3,3,0,25,0.75,0,0.395129281812467,0.379025856362493
"12505","LOC_00003248-mRNA-1","dispensable",4,3,0,25,0.75,0,0.395129281812467,0.379025856362493
"12518","LOC_00003481-mRNA-1","dispensable",3,3,0,25,0.75,0,0.395129281812467,0.379025856362493
"12627","LOC_00005134-mRNA-1","dispensable",3,3,0,25,0.75,0,0.395129281812467,0.379025856362493
"12659","LOC_00005583-mRNA-1","dispensable",3,3,0,25,0.75,0,0.395129281812467,0.379025856362493
"12913","LOC_00009196-mRNA-1","dispensable",3,3,0,25,0.75,0,0.395129281812467,0.379025856362493
"13029","LOC_00010861-mRNA-1","dispensable",3,3,0,25,0.75,0,0.395129281812467,0.379025856362493
"13037","LOC_00010938-mRNA-1","dispensable",3,3,0,25,0.75,0,0.395129281812467,0.379025856362493
"13097","LOC_00011545-mRNA-1","dispensable",4,3,0,25,0.75,0,0.395129281812467,0.379025856362493
"13197","LOC_00013263-mRNA-1","dispensable",3,3,0,25,0.75,0,0.395129281812467,0.379025856362493
"13250","LOC_00027811-mRNA-1","dispensable",4,3,0,25,0.75,0,0.395129281812467,0.379025856362493
"13256","LOC_00028022-mRNA-1","dispensable",3,3,0,25,0.75,0,0.395129281812467,0.379025856362493
"13378","LOC_00029985-mRNA-1","dispensable",4,3,0,25,0.75,0,0.395129281812467,0.379025856362493
"13628","LOC_00041203-mRNA-1","dispensable",5,3,0,25,0.75,0,0.395129281812467,0.379025856362493
"13966","LOC_00046708-mRNA-1","dispensable",5,3,0,25,0.75,0,0.395129281812467,0.379025856362493
"13974","LOC_00046839-mRNA-1","dispensable",5,3,0,25,0.75,0,0.395129281812467,0.379025856362493
"14460","Mtrun003186.t01","dispensable",4,3,0,25,0.75,0,0.395129281812467,0.379025856362493
"14843","zm4.64G0006800.t1","dispensable",6,3,0,25,0.75,0,0.395129281812467,0.379025856362493
"14856","Mara032549.t01","dispensable",4,3,0,25,0.75,0,0.395129281812467,0.379025856362493
"15079","Mru031047.t01","dispensable",3,3,0,25,0.75,0,0.395129281812467,0.379025856362493
"15089","Mca005870.t01","dispensable",3,3,0,25,0.75,0,0.395129281812467,0.379025856362493
"15096","Mca006551.t01","dispensable",3,3,0,25,0.75,0,0.395129281812467,0.379025856362493
"15118","Mara007687.t01","dispensable",4,3,0,25,0.75,0,0.395129281812467,0.379025856362493
"15160","evm.model.Chr02.4509","dispensable",4,3,0,25,0.75,0,0.395129281812467,0.379025856362493
"15161","Mca033679.t01","dispensable",3,3,0,25,0.75,0,0.395129281812467,0.379025856362493
"15360","Mpoly015620.t01","dispensable",4,3,0,25,0.75,0,0.395129281812467,0.379025856362493
"15477","Mara025825.t01","dispensable",3,3,0,25,0.75,0,0.395129281812467,0.379025856362493
"15481","Mara025861.t02","dispensable",4,3,0,25,0.75,0,0.395129281812467,0.379025856362493
"15600","Mca021894.t01","dispensable",4,3,0,25,0.75,0,0.395129281812467,0.379025856362493
"15677","Msa091403.t01","dispensable",4,3,0,25,0.75,0,0.395129281812467,0.379025856362493
"15690","Mpoly036490.t01","dispensable",5,3,0,25,0.75,0,0.395129281812467,0.379025856362493
"15786","evm.model.Chr07.3522","dispensable",4,3,0,25,0.75,0,0.395129281812467,0.379025856362493
"15970","Mara044196.t02","dispensable",3,3,0,25,0.75,0,0.395129281812467,0.379025856362493
"16006","Mca038956.t03","dispensable",9,3,0,25,0.75,0,0.395129281812467,0.379025856362493
"16067","Mca047826.t01","dispensable",4,3,0,25,0.75,0,0.395129281812467,0.379025856362493
"16099","evm.model.Chr01.1079","dispensable",4,3,0,25,0.75,0,0.395129281812467,0.379025856362493
"16289","Mca007250.t01","dispensable",4,3,0,25,0.75,0,0.395129281812467,0.379025856362493
"16472","Mca012986.t01","dispensable",3,3,0,25,0.75,0,0.395129281812467,0.379025856362493
"16568","Mru018701.t01","dispensable",3,3,0,25,0.75,0,0.395129281812467,0.379025856362493
"16635","Mca019752.t01","dispensable",3,3,0,25,0.75,0,0.395129281812467,0.379025856362493
"16637","evm.model.Chr03.4309","dispensable",4,3,0,25,0.75,0,0.395129281812467,0.379025856362493
"16641","evm.model.Chr03.4520","dispensable",4,3,0,25,0.75,0,0.395129281812467,0.379025856362493
"16662","Mca008885.t03","dispensable",3,3,0,25,0.75,0,0.395129281812467,0.379025856362493
"16667","Mca020539.t02","dispensable",3,3,0,25,0.75,0,0.395129281812467,0.379025856362493
"16720","evm.model.Chr04.2133","dispensable",4,3,0,25,0.75,0,0.395129281812467,0.379025856362493
"16768","Mtrun019864.t01","dispensable",4,3,0,25,0.75,0,0.395129281812467,0.379025856362493
"16850","Mpoly038548.t01","dispensable",3,3,0,25,0.75,0,0.395129281812467,0.379025856362493
"17052","Mpoly014594.t01","dispensable",3,3,0,25,0.75,0,0.395129281812467,0.379025856362493
"17068","Mca028169.t01","dispensable",3,3,0,25,0.75,0,0.395129281812467,0.379025856362493
"17076","evm.model.Chr07.495","dispensable",4,3,0,25,0.75,0,0.395129281812467,0.379025856362493
"17263","Mru051614.t01","dispensable",4,3,0,25,0.75,0,0.395129281812467,0.379025856362493
"17379","Mpoly001619.t01","dispensable",4,3,0,25,0.75,0,0.395129281812467,0.379025856362493
"17419","Mpoly002781.t01","dispensable",5,3,0,25,0.75,0,0.395129281812467,0.379025856362493
"17425","Msa032688.t01","dispensable",4,3,0,25,0.75,0,0.395129281812467,0.379025856362493
"17441","Mpoly003361.t01","dispensable",4,3,0,25,0.75,0,0.395129281812467,0.379025856362493
"17465","Mpoly004274.t04","dispensable",4,3,0,25,0.75,0,0.395129281812467,0.379025856362493
"17479","Msa150183.t01","dispensable",5,3,0,25,0.75,0,0.395129281812467,0.379025856362493
"17484","Mpoly005003.t01","dispensable",3,3,0,25,0.75,0,0.395129281812467,0.379025856362493
"17547","Msa051164.t01","dispensable",3,3,0,25,0.75,0,0.395129281812467,0.379025856362493
"17609","Mpoly008115.t02","dispensable",4,3,0,25,0.75,0,0.395129281812467,0.379025856362493
"17611","Mpoly008138.t01","dispensable",3,3,0,25,0.75,0,0.395129281812467,0.379025856362493
"17640","Msa068799.t01","dispensable",3,3,0,25,0.75,0,0.395129281812467,0.379025856362493
"17755","zm4.64G0035490.t1","dispensable",3,3,0,25,0.75,0,0.395129281812467,0.379025856362493
"17965","Mpoly019600.t01","dispensable",4,3,0,25,0.75,0,0.395129281812467,0.379025856362493
"17974","Mpoly019805.t01","dispensable",3,3,0,25,0.75,0,0.395129281812467,0.379025856362493
"18053","Mpoly021962.t01","dispensable",4,3,0,25,0.75,0,0.395129281812467,0.379025856362493
"18113","Mtrun012720.t01","dispensable",4,3,0,25,0.75,0,0.395129281812467,0.379025856362493
"18618","zm4.61G0001560.t1","dispensable",5,3,0,25,0.75,0,0.395129281812467,0.379025856362493
"18749","Msa009573.t01","dispensable",3,3,0,25,0.75,0,0.395129281812467,0.379025856362493
"18871","Mru007187.t03","dispensable",4,3,0,25,0.75,0,0.395129281812467,0.379025856362493
"18892","Msa006662.t01","dispensable",3,3,0,25,0.75,0,0.395129281812467,0.379025856362493
"19018","Mca008554.t02","dispensable",6,3,0,25,0.75,0,0.395129281812467,0.379025856362493
"19208","Mru016968.t01","dispensable",3,3,0,25,0.75,0,0.395129281812467,0.379025856362493
"19259","Mca017275.t01","dispensable",3,3,0,25,0.75,0,0.395129281812467,0.379025856362493
"19515","Mca024572.t01","dispensable",3,3,0,25,0.75,0,0.395129281812467,0.379025856362493
"19643","LOC_00007706-mRNA-1","dispensable",3,3,0,25,0.75,0,0.395129281812467,0.379025856362493
"19766","Msa014370.t01","dispensable",3,3,0,25,0.75,0,0.395129281812467,0.379025856362493
"19924","Msa113580.t01","dispensable",4,3,0,25,0.75,0,0.395129281812467,0.379025856362493
"19967","Msa040213.t01","dispensable",4,3,0,25,0.75,0,0.395129281812467,0.379025856362493
"20104","Mru047844.t02","dispensable",3,3,0,25,0.75,0,0.395129281812467,0.379025856362493
"20338","Msa112182.t01","dispensable",4,3,0,25,0.75,0,0.395129281812467,0.379025856362493
"20553","Msa094036.t01","dispensable",4,3,0,25,0.75,0,0.395129281812467,0.379025856362493
"20694","zm4.34G0021460.t1","dispensable",4,3,0,25,0.75,0,0.395129281812467,0.379025856362493
"20706","Mru025265.t01","dispensable",3,3,0,25,0.75,0,0.395129281812467,0.379025856362493
"20723","Mca040380.t02","dispensable",3,3,0,25,0.75,0,0.395129281812467,0.379025856362493
"20810","LOC_00030077-mRNA-1","dispensable",3,3,0,25,0.75,0,0.395129281812467,0.379025856362493
"20811","Mca047017.t01","dispensable",3,3,0,25,0.75,0,0.395129281812467,0.379025856362493
"20949","Msa068996.t01","dispensable",4,3,0,25,0.75,0,0.395129281812467,0.379025856362493
"21186","Mca001953.t02","dispensable",3,3,0,25,0.75,0,0.395129281812467,0.379025856362493
"21377","Mca042445.t01","dispensable",3,3,0,25,0.75,0,0.395129281812467,0.379025856362493
"21429","Mca007041.t01","dispensable",3,3,0,25,0.75,0,0.395129281812467,0.379025856362493
"21456","Mca007591.t01","dispensable",3,3,0,25,0.75,0,0.395129281812467,0.379025856362493
"21601","Mca010461.t01","dispensable",3,3,0,25,0.75,0,0.395129281812467,0.379025856362493
"21612","Mca010396.t01","dispensable",3,3,0,25,0.75,0,0.395129281812467,0.379025856362493
"21663","Mca011558.t02","dispensable",3,3,0,25,0.75,0,0.395129281812467,0.379025856362493
"21684","Mca012071.t01","dispensable",3,3,0,25,0.75,0,0.395129281812467,0.379025856362493
"21701","Mca013491.t01","dispensable",3,3,0,25,0.75,0,0.395129281812467,0.379025856362493
"21728","Mca012560.t01","dispensable",3,3,0,25,0.75,0,0.395129281812467,0.379025856362493
"21851","Mca015574.t01","dispensable",4,3,0,25,0.75,0,0.395129281812467,0.379025856362493
"21879","Mca016285.t01","dispensable",3,3,0,25,0.75,0,0.395129281812467,0.379025856362493
"21902","Mca016640.t01","dispensable",4,3,0,25,0.75,0,0.395129281812467,0.379025856362493
"22120","Msa067574.t01","dispensable",4,3,0,25,0.75,0,0.395129281812467,0.379025856362493
"22169","Mca021600.t01","dispensable",3,3,0,25,0.75,0,0.395129281812467,0.379025856362493
"22245","Mca031417.t01","dispensable",3,3,0,25,0.75,0,0.395129281812467,0.379025856362493
"22253","Msa071904.t01","dispensable",5,3,0,25,0.75,0,0.395129281812467,0.379025856362493
"22261","Mca024222.t02","dispensable",3,3,0,25,0.75,0,0.395129281812467,0.379025856362493
"22264","Mca026620.t01","dispensable",3,3,0,25,0.75,0,0.395129281812467,0.379025856362493
"22330","Mca024982.t02","dispensable",3,3,0,25,0.75,0,0.395129281812467,0.379025856362493
"22447","Msa028281.t01","dispensable",3,3,0,25,0.75,0,0.395129281812467,0.379025856362493
"22457","Mca029520.t01","dispensable",3,3,0,25,0.75,0,0.395129281812467,0.379025856362493
"22459","Msa028720.t01","dispensable",3,3,0,25,0.75,0,0.395129281812467,0.379025856362493
"22506","Mca030982.t01","dispensable",3,3,0,25,0.75,0,0.395129281812467,0.379025856362493
"22542","LOC_00011394-mRNA-1","dispensable",3,3,0,25,0.75,0,0.395129281812467,0.379025856362493
"22612","Mca032761.t01","dispensable",3,3,0,25,0.75,0,0.395129281812467,0.379025856362493
"22725","Mca034900.t01","dispensable",3,3,0,25,0.75,0,0.395129281812467,0.379025856362493
"22729","Msa047746.t01","dispensable",3,3,0,25,0.75,0,0.395129281812467,0.379025856362493
"22822","Mca037311.t01","dispensable",3,3,0,25,0.75,0,0.395129281812467,0.379025856362493
"22865","Mca042319.t01","dispensable",4,3,0,25,0.75,0,0.395129281812467,0.379025856362493
"22878","Mca038466.t01","dispensable",3,3,0,25,0.75,0,0.395129281812467,0.379025856362493
"22942","Mca039462.t01","dispensable",3,3,0,25,0.75,0,0.395129281812467,0.379025856362493
"23153","Mca043782.t01","dispensable",3,3,0,25,0.75,0,0.395129281812467,0.379025856362493
"23340","Msa149287.t01","dispensable",5,3,0,25,0.75,0,0.395129281812467,0.379025856362493
"23351","Mca048038.t01","dispensable",3,3,0,25,0.75,0,0.395129281812467,0.379025856362493
"23370","Mca049745.t02","dispensable",3,3,0,25,0.75,0,0.395129281812467,0.379025856362493
"23485","Mca052186.t01","dispensable",3,3,0,25,0.75,0,0.395129281812467,0.379025856362493
"23628","Mca004856.t02","dispensable",3,3,0,25,0.75,0,0.395129281812467,0.379025856362493
"23765","Msa011987.t01","dispensable",3,3,0,25,0.75,0,0.395129281812467,0.379025856362493
"23869","Mca014662.t01","dispensable",4,3,0,25,0.75,0,0.395129281812467,0.379025856362493
"23884","Mca014977.t01","dispensable",4,3,0,25,0.75,0,0.395129281812467,0.379025856362493
"24008","Msa020579.t01","dispensable",3,3,0,25,0.75,0,0.395129281812467,0.379025856362493
"24255","Msa110751.t01","dispensable",4,3,0,25,0.75,0,0.395129281812467,0.379025856362493
"24481","Msa045044.t01","dispensable",4,3,0,25,0.75,0,0.395129281812467,0.379025856362493
"26558","Msa021403.t01","dispensable",3,3,0,25,0.75,0,0.395129281812467,0.379025856362493
"26769","LOC_00009866-mRNA-1","dispensable",4,3,0,25,0.75,0,0.395129281812467,0.379025856362493
"3311","Mpoly001223.t02","dispensable",19,4,0,100,0.666666666666667,0,0.559703874337883,0.378607441534243
"7181","evm.model.Chr03.434","dispensable",15,4,0,100,0.666666666666667,0,0.559703874337883,0.378607441534243
"534","Mara008328.t01","dispensable",4,3,0,24,0.75,0,0.390372746197399,0.37807454923948
"10672","Mca039050.t01","dispensable",5,3,0,24,0.75,0,0.390372746197399,0.37807454923948
"17105","evm.model.Chr07.1528","dispensable",4,3,0,24,0.75,0,0.390372746197399,0.37807454923948
"5350","Msa015288.t01","dispensable",11,4,0,97,0.666666666666667,0,0.556047031092814,0.37787607288523
"8988","Msa017835.t01","dispensable",14,4,0,95,0.666666666666667,0,0.55354640410131,0.377375947486929
"9082","Mca045492.t02","dispensable",14,4,0,95,0.666666666666667,0,0.55354640410131,0.377375947486929
"5475","Mca020425.t01","dispensable",4,3,0,23,0.75,0,0.385422013403356,0.377084402680671
"6703","Mca045563.t03","dispensable",3,3,0,23,0.75,0,0.385422013403356,0.377084402680671
"7259","Msa071219.t01","dispensable",3,3,0,23,0.75,0,0.385422013403356,0.377084402680671
"20070","Mca042395.t02","dispensable",4,3,0,23,0.75,0,0.385422013403356,0.377084402680671
"20829","Mru034950.t02","dispensable",3,3,0,23,0.75,0,0.385422013403356,0.377084402680671
"7781","Msa112167.t01","dispensable",3,2,0,5,0.833333333333333,0,0.217297622705402,0.376792857874414
"8433","Msa152677.t01","dispensable",5,2,0,5,0.833333333333333,0,0.217297622705402,0.376792857874414
"10198","zm4.44G0055820.t1","dispensable",3,2,0,5,0.833333333333333,0,0.217297622705402,0.376792857874414
"16671","evm.model.Chr04.349.1.6a735185","dispensable",5,2,0,5,0.833333333333333,0,0.217297622705402,0.376792857874414
"22048","Msa019802.t01","dispensable",3,2,0,5,0.833333333333333,0,0.217297622705402,0.376792857874414
"21587","Msa029206.t01","dispensable",13,4,0,91,0.666666666666667,0,0.548384939521219,0.376343654570911
"48","Mara000684.t01","dispensable",14,4,0,90,0.666666666666667,0,0.547059504335408,0.376078567533748
"7989","Msa125494.t01","dispensable",13,4,0,90,0.666666666666667,0,0.547059504335408,0.376078567533748
"10705","Msa013619.t01","dispensable",11,4,0,90,0.666666666666667,0,0.547059504335408,0.376078567533748
"15077","Mpoly029227.t01","dispensable",13,4,0,90,0.666666666666667,0,0.547059504335408,0.376078567533748
"15932","Mru005669.t01","dispensable",12,4,0,90,0.666666666666667,0,0.547059504335408,0.376078567533748
"5879","Mca038263.t01","dispensable",3,3,0,22,0.75,0,0.380260548823265,0.376052109764653
"6094","Mca046655.t01","dispensable",4,3,0,22,0.75,0,0.380260548823265,0.376052109764653
"10340","zm4.74G0022720.t1","dispensable",5,3,0,22,0.75,0,0.380260548823265,0.376052109764653
"23797","Msa112041.t01","dispensable",4,3,0,22,0.75,0,0.380260548823265,0.376052109764653
"24040","Mca021746.t01","dispensable",3,3,0,22,0.75,0,0.380260548823265,0.376052109764653
"5430","Mca019006.t02","dispensable",5,3,0,21,0.75,0,0.374869611871293,0.374973922374259
"7499","Msa093225.t01","dispensable",4,3,0,21,0.75,0,0.374869611871293,0.374973922374259
"10592","Msa041510.t01","dispensable",4,3,0,21,0.75,0,0.374869611871293,0.374973922374259
"11893","LOC_00034233-mRNA-1","dispensable",4,3,0,21,0.75,0,0.374869611871293,0.374973922374259
"5199","Mca008757.t01","dispensable",10,4,0,85,0.666666666666667,0,0.540205923174014,0.374707851301469
"8865","Msa013722.t01","dispensable",11,4,0,85,0.666666666666667,0,0.540205923174014,0.374707851301469
"98","Mara001593.t01","dispensable",4,3,0,20,0.75,0,0.369227845228343,0.373845569045669
"234","Mara003383.t01","dispensable",5,3,0,20,0.75,0,0.369227845228343,0.373845569045669
"315","Mara004854.t01","dispensable",4,3,0,20,0.75,0,0.369227845228343,0.373845569045669
"356","Mara005572.t01","dispensable",3,3,0,20,0.75,0,0.369227845228343,0.373845569045669
"655","Mara010127.t01","dispensable",4,3,0,20,0.75,0,0.369227845228343,0.373845569045669
"726","Mara011559.t01","dispensable",4,3,0,20,0.75,0,0.369227845228343,0.373845569045669
"850","Mara013538.t01","dispensable",4,3,0,20,0.75,0,0.369227845228343,0.373845569045669
"897","Mara014421.t01","dispensable",4,3,0,20,0.75,0,0.369227845228343,0.373845569045669
"926","Mara015063.t01","dispensable",4,3,0,20,0.75,0,0.369227845228343,0.373845569045669
"1084","Mara018462.t01","dispensable",4,3,0,20,0.75,0,0.369227845228343,0.373845569045669
"1137","Mara019591.t01","dispensable",3,3,0,20,0.75,0,0.369227845228343,0.373845569045669
"1153","Mara019963.t01","dispensable",4,3,0,20,0.75,0,0.369227845228343,0.373845569045669
"1292","Mara022651.t01","dispensable",4,3,0,20,0.75,0,0.369227845228343,0.373845569045669
"1316","Mara023047.t01","dispensable",4,3,0,20,0.75,0,0.369227845228343,0.373845569045669
"1336","Mara023518.t01","dispensable",4,3,0,20,0.75,0,0.369227845228343,0.373845569045669
"1387","Mara024529.t01","dispensable",3,3,0,20,0.75,0,0.369227845228343,0.373845569045669
"1391","Mara024558.t01","dispensable",4,3,0,20,0.75,0,0.369227845228343,0.373845569045669
"1395","Mara024584.t01","dispensable",3,3,0,20,0.75,0,0.369227845228343,0.373845569045669
"1490","Mara026518.t01","dispensable",5,3,0,20,0.75,0,0.369227845228343,0.373845569045669
"1606","Mara029556.t01","dispensable",3,3,0,20,0.75,0,0.369227845228343,0.373845569045669
"1799","Mara034508.t01","dispensable",4,3,0,20,0.75,0,0.369227845228343,0.373845569045669
"2003","Mara040161.t01","dispensable",3,3,0,20,0.75,0,0.369227845228343,0.373845569045669
"2140","Mara044690.t01","dispensable",7,3,0,20,0.75,0,0.369227845228343,0.373845569045669
"2192","Mara045862.t01","dispensable",3,3,0,20,0.75,0,0.369227845228343,0.373845569045669
"2227","evm.model.Chr01.782","dispensable",4,3,0,20,0.75,0,0.369227845228343,0.373845569045669
"2233","evm.model.Chr01.976","dispensable",4,3,0,20,0.75,0,0.369227845228343,0.373845569045669
"2244","evm.model.Chr01.1247","dispensable",4,3,0,20,0.75,0,0.369227845228343,0.373845569045669
"2249","evm.model.Chr01.1425","dispensable",4,3,0,20,0.75,0,0.369227845228343,0.373845569045669
"2332","evm.model.Chr01.4459","dispensable",4,3,0,20,0.75,0,0.369227845228343,0.373845569045669
"2340","Mara005859.t01","dispensable",6,3,0,20,0.75,0,0.369227845228343,0.373845569045669
"2383","evm.model.Chr02.846","dispensable",4,3,0,20,0.75,0,0.369227845228343,0.373845569045669
"2413","evm.model.Chr02.1743","dispensable",4,3,0,20,0.75,0,0.369227845228343,0.373845569045669
"2571","evm.model.Chr03.2488","dispensable",4,3,0,20,0.75,0,0.369227845228343,0.373845569045669
"2583","evm.model.Chr03.2906","dispensable",4,3,0,20,0.75,0,0.369227845228343,0.373845569045669
"2651","evm.model.Chr04.746","dispensable",5,3,0,20,0.75,0,0.369227845228343,0.373845569045669
"2752","evm.model.Chr04.3417","dispensable",4,3,0,20,0.75,0,0.369227845228343,0.373845569045669
"2761","evm.model.Chr04.3597","dispensable",4,3,0,20,0.75,0,0.369227845228343,0.373845569045669
"2785","zm4.34G0028930.t1","dispensable",5,3,0,20,0.75,0,0.369227845228343,0.373845569045669
"2797","evm.model.Chr04.4898","dispensable",4,3,0,20,0.75,0,0.369227845228343,0.373845569045669
"2892","evm.model.Chr05.2936","dispensable",4,3,0,20,0.75,0,0.369227845228343,0.373845569045669
"2928","evm.model.Chr06.64","dispensable",4,3,0,20,0.75,0,0.369227845228343,0.373845569045669
"2930","evm.model.Chr06.153","dispensable",3,3,0,20,0.75,0,0.369227845228343,0.373845569045669
"2948","evm.model.Chr06.782","dispensable",4,3,0,20,0.75,0,0.369227845228343,0.373845569045669
"2968","evm.model.Chr06.1520","dispensable",3,3,0,20,0.75,0,0.369227845228343,0.373845569045669
"3018","evm.model.Chr07.50.1.6a7350df","dispensable",6,3,0,20,0.75,0,0.369227845228343,0.373845569045669
"3027","evm.model.Chr07.428.1.6a73514e","dispensable",5,3,0,20,0.75,0,0.369227845228343,0.373845569045669
"3049","evm.model.Chr07.1157","dispensable",3,3,0,20,0.75,0,0.369227845228343,0.373845569045669
"3070","evm.model.Chr07.2194","dispensable",4,3,0,20,0.75,0,0.369227845228343,0.373845569045669
"3099","evm.model.Chr07.3510","dispensable",3,3,0,20,0.75,0,0.369227845228343,0.373845569045669
"3112","evm.model.Chr07.3837","dispensable",4,3,0,20,0.75,0,0.369227845228343,0.373845569045669
"3166","evm.model.Chr08.898","dispensable",4,3,0,20,0.75,0,0.369227845228343,0.373845569045669
"3324","Mpoly001839.t01","dispensable",8,3,0,20,0.75,0,0.369227845228343,0.373845569045669
"3436","Mpoly007927.t01","dispensable",3,3,0,20,0.75,0,0.369227845228343,0.373845569045669
"3472","Mpoly009498.t01","dispensable",3,3,0,20,0.75,0,0.369227845228343,0.373845569045669
"3596","Mpoly015384.t01","dispensable",3,3,0,20,0.75,0,0.369227845228343,0.373845569045669
"3611","Mpoly016407.t01","dispensable",5,3,0,20,0.75,0,0.369227845228343,0.373845569045669
"3626","Mpoly017800.t01","dispensable",4,3,0,20,0.75,0,0.369227845228343,0.373845569045669
"3666","Mpoly020251.t01","dispensable",3,3,0,20,0.75,0,0.369227845228343,0.373845569045669
"3752","Mpoly024143.t01","dispensable",3,3,0,20,0.75,0,0.369227845228343,0.373845569045669
"3755","Mpoly024234.t01","dispensable",3,3,0,20,0.75,0,0.369227845228343,0.373845569045669
"3838","Mpoly027639.t01","dispensable",3,3,0,20,0.75,0,0.369227845228343,0.373845569045669
"3854","Mpoly028132.t01","dispensable",3,3,0,20,0.75,0,0.369227845228343,0.373845569045669
"5019","Mara045753.t02","dispensable",9,3,0,20,0.75,0,0.369227845228343,0.373845569045669
"5031","Mca000366.t01","dispensable",3,3,0,20,0.75,0,0.369227845228343,0.373845569045669
"5102","Mca004064.t01","dispensable",3,3,0,20,0.75,0,0.369227845228343,0.373845569045669
"5130","Mca005285.t01","dispensable",3,3,0,20,0.75,0,0.369227845228343,0.373845569045669
"5259","Mca011810.t01","dispensable",4,3,0,20,0.75,0,0.369227845228343,0.373845569045669
"5348","Mca015607.t01","dispensable",3,3,0,20,0.75,0,0.369227845228343,0.373845569045669
"5435","Mca019315.t01","dispensable",5,3,0,20,0.75,0,0.369227845228343,0.373845569045669
"5627","Mca028106.t01","dispensable",3,3,0,20,0.75,0,0.369227845228343,0.373845569045669
"5648","Mca028850.t01","dispensable",4,3,0,20,0.75,0,0.369227845228343,0.373845569045669
"5654","Mca029091.t01","dispensable",3,3,0,20,0.75,0,0.369227845228343,0.373845569045669
"5699","Mca030648.t01","dispensable",3,3,0,20,0.75,0,0.369227845228343,0.373845569045669
"5704","Mca030953.t01","dispensable",3,3,0,20,0.75,0,0.369227845228343,0.373845569045669
"5791","Mca034384.t01","dispensable",3,3,0,20,0.75,0,0.369227845228343,0.373845569045669
"5811","Mca035164.t01","dispensable",3,3,0,20,0.75,0,0.369227845228343,0.373845569045669
"5822","Mca035838.t01","dispensable",3,3,0,20,0.75,0,0.369227845228343,0.373845569045669
"5845","Mca036816.t01","dispensable",3,3,0,20,0.75,0,0.369227845228343,0.373845569045669
"5935","Mca040010.t01","dispensable",3,3,0,20,0.75,0,0.369227845228343,0.373845569045669
"6007","Mca042911.t01","dispensable",3,3,0,20,0.75,0,0.369227845228343,0.373845569045669
"6038","Mca044318.t01","dispensable",3,3,0,20,0.75,0,0.369227845228343,0.373845569045669
"6047","Mca044666.t01","dispensable",3,3,0,20,0.75,0,0.369227845228343,0.373845569045669
"6063","Mca045596.t01","dispensable",3,3,0,20,0.75,0,0.369227845228343,0.373845569045669
"6108","Mca047121.t01","dispensable",3,3,0,20,0.75,0,0.369227845228343,0.373845569045669
"6140","Mca048868.t01","dispensable",4,3,0,20,0.75,0,0.369227845228343,0.373845569045669
"6142","Mca048892.t01","dispensable",3,3,0,20,0.75,0,0.369227845228343,0.373845569045669
"6168","Mca049747.t01","dispensable",3,3,0,20,0.75,0,0.369227845228343,0.373845569045669
"6205","Mca050625.t01","dispensable",6,3,0,20,0.75,0,0.369227845228343,0.373845569045669
"6210","Mca050683.t01","dispensable",4,3,0,20,0.75,0,0.369227845228343,0.373845569045669
"6227","Mca051040.t01","dispensable",3,3,0,20,0.75,0,0.369227845228343,0.373845569045669
"6295","Mca052371.t01","dispensable",3,3,0,20,0.75,0,0.369227845228343,0.373845569045669
"6299","Mca052435.t01","dispensable",3,3,0,20,0.75,0,0.369227845228343,0.373845569045669
"6313","Mca052609.t01","dispensable",3,3,0,20,0.75,0,0.369227845228343,0.373845569045669
"6319","Mca052724.t01","dispensable",3,3,0,20,0.75,0,0.369227845228343,0.373845569045669
"6347","Mca053103.t01","dispensable",3,3,0,20,0.75,0,0.369227845228343,0.373845569045669
"6356","Mca053268.t01","dispensable",9,3,0,20,0.75,0,0.369227845228343,0.373845569045669
"6360","Mca053277.t01","dispensable",3,3,0,20,0.75,0,0.369227845228343,0.373845569045669
"6492","Mpoly013086.t02","dispensable",5,3,0,20,0.75,0,0.369227845228343,0.373845569045669
"6517","Mca022691.t01","dispensable",6,3,0,20,0.75,0,0.369227845228343,0.373845569045669
"6675","Mca041488.t02","dispensable",3,3,0,20,0.75,0,0.369227845228343,0.373845569045669
"6787","Msa003611.t01","dispensable",3,3,0,20,0.75,0,0.369227845228343,0.373845569045669
"6788","Msa003695.t01","dispensable",6,3,0,20,0.75,0,0.369227845228343,0.373845569045669
"6881","Msa025205.t01","dispensable",3,3,0,20,0.75,0,0.369227845228343,0.373845569045669
"6894","Msa025785.t01","dispensable",4,3,0,20,0.75,0,0.369227845228343,0.373845569045669
"6950","Msa040693.t01","dispensable",3,3,0,20,0.75,0,0.369227845228343,0.373845569045669
"7030","Msa048859.t01","dispensable",3,3,0,20,0.75,0,0.369227845228343,0.373845569045669
"7127","Msa020424.t01","dispensable",5,3,0,20,0.75,0,0.369227845228343,0.373845569045669
"7128","Msa066848.t01","dispensable",3,3,0,20,0.75,0,0.369227845228343,0.373845569045669
"7139","Msa067015.t01","dispensable",3,3,0,20,0.75,0,0.369227845228343,0.373845569045669
"7236","Msa069747.t01","dispensable",3,3,0,20,0.75,0,0.369227845228343,0.373845569045669
"7250","Msa070531.t01","dispensable",3,3,0,20,0.75,0,0.369227845228343,0.373845569045669
"7251","Msa070578.t02","dispensable",3,3,0,20,0.75,0,0.369227845228343,0.373845569045669
"7253","Msa070703.t01","dispensable",3,3,0,20,0.75,0,0.369227845228343,0.373845569045669
"7433","Msa091326.t01","dispensable",3,3,0,20,0.75,0,0.369227845228343,0.373845569045669
"7459","Msa092104.t01","dispensable",3,3,0,20,0.75,0,0.369227845228343,0.373845569045669
"7466","Msa092285.t01","dispensable",3,3,0,20,0.75,0,0.369227845228343,0.373845569045669
"7483","Msa092789.t02","dispensable",5,3,0,20,0.75,0,0.369227845228343,0.373845569045669
"7495","Msa093076.t01","dispensable",3,3,0,20,0.75,0,0.369227845228343,0.373845569045669
"7543","Msa094198.t01","dispensable",3,3,0,20,0.75,0,0.369227845228343,0.373845569045669
"7544","Msa094202.t01","dispensable",3,3,0,20,0.75,0,0.369227845228343,0.373845569045669
"7549","Msa094363.t01","dispensable",3,3,0,20,0.75,0,0.369227845228343,0.373845569045669
"7560","Msa094545.t01","dispensable",3,3,0,20,0.75,0,0.369227845228343,0.373845569045669
"7716","Msa110981.t01","dispensable",3,3,0,20,0.75,0,0.369227845228343,0.373845569045669
"7795","Msa112511.t01","dispensable",3,3,0,20,0.75,0,0.369227845228343,0.373845569045669
"7797","Msa112546.t01","dispensable",3,3,0,20,0.75,0,0.369227845228343,0.373845569045669
"7820","Msa113176.t01","dispensable",3,3,0,20,0.75,0,0.369227845228343,0.373845569045669
"7894","Msa114268.t01","dispensable",3,3,0,20,0.75,0,0.369227845228343,0.373845569045669
"7998","Msa125598.t01","dispensable",3,3,0,20,0.75,0,0.369227845228343,0.373845569045669
"8061","Msa126966.t01","dispensable",4,3,0,20,0.75,0,0.369227845228343,0.373845569045669
"8102","Msa127640.t01","dispensable",3,3,0,20,0.75,0,0.369227845228343,0.373845569045669
"8104","Msa127672.t01","dispensable",4,3,0,20,0.75,0,0.369227845228343,0.373845569045669
"8110","Msa127727.t01","dispensable",3,3,0,20,0.75,0,0.369227845228343,0.373845569045669
"8139","Msa128463.t01","dispensable",3,3,0,20,0.75,0,0.369227845228343,0.373845569045669
"8176","Msa129792.t01","dispensable",4,3,0,20,0.75,0,0.369227845228343,0.373845569045669
"8302","Msa148011.t01","dispensable",3,3,0,20,0.75,0,0.369227845228343,0.373845569045669
"8309","Msa148122.t01","dispensable",3,3,0,20,0.75,0,0.369227845228343,0.373845569045669
"8335","Msa149299.t01","dispensable",4,3,0,20,0.75,0,0.369227845228343,0.373845569045669
"8351","Msa150119.t02","dispensable",4,3,0,20,0.75,0,0.369227845228343,0.373845569045669
"8376","Msa150640.t01","dispensable",3,3,0,20,0.75,0,0.369227845228343,0.373845569045669
"8377","Msa150642.t01","dispensable",3,3,0,20,0.75,0,0.369227845228343,0.373845569045669
"8388","Msa151066.t01","dispensable",4,3,0,20,0.75,0,0.369227845228343,0.373845569045669
"8404","Msa151731.t01","dispensable",3,3,0,20,0.75,0,0.369227845228343,0.373845569045669
"8435","Mca052304.t01","dispensable",5,3,0,20,0.75,0,0.369227845228343,0.373845569045669
"8456","Msa153403.t01","dispensable",3,3,0,20,0.75,0,0.369227845228343,0.373845569045669
"8506","Msa160342.t01","dispensable",4,3,0,20,0.75,0,0.369227845228343,0.373845569045669
"8654","Msa007274.t01","dispensable",4,3,0,20,0.75,0,0.369227845228343,0.373845569045669
"8663","Msa007705.t01","dispensable",3,3,0,20,0.75,0,0.369227845228343,0.373845569045669
"8686","evm.model.Chr02.1062","dispensable",4,3,0,20,0.75,0,0.369227845228343,0.373845569045669
"8713","Msa071967.t01","dispensable",6,3,0,20,0.75,0,0.369227845228343,0.373845569045669
"8916","Msa015540.t01","dispensable",3,3,0,20,0.75,0,0.369227845228343,0.373845569045669
"8954","Msa016903.t01","dispensable",3,3,0,20,0.75,0,0.369227845228343,0.373845569045669
"8955","Msa016945.t01","dispensable",3,3,0,20,0.75,0,0.369227845228343,0.373845569045669
"9052","Msa019452.t01","dispensable",4,3,0,20,0.75,0,0.369227845228343,0.373845569045669
"9146","Msa021973.t01","dispensable",3,3,0,20,0.75,0,0.369227845228343,0.373845569045669
"9236","Msa028497.t01","dispensable",3,3,0,20,0.75,0,0.369227845228343,0.373845569045669
"9325","Msa030795.t01","dispensable",3,3,0,20,0.75,0,0.369227845228343,0.373845569045669
"9329","Msa030865.t01","dispensable",3,3,0,20,0.75,0,0.369227845228343,0.373845569045669
"9347","Msa031368.t01","dispensable",3,3,0,20,0.75,0,0.369227845228343,0.373845569045669
"9438","Msa033754.t01","dispensable",4,3,0,20,0.75,0,0.369227845228343,0.373845569045669
"9574","Msa037066.t01","dispensable",3,3,0,20,0.75,0,0.369227845228343,0.373845569045669
"9631","Msa038440.t01","dispensable",3,3,0,20,0.75,0,0.369227845228343,0.373845569045669
"9691","Msa040039.t01","dispensable",3,3,0,20,0.75,0,0.369227845228343,0.373845569045669
"9697","Msa040163.t01","dispensable",3,3,0,20,0.75,0,0.369227845228343,0.373845569045669
"9722","Msa040949.t01","dispensable",3,3,0,20,0.75,0,0.369227845228343,0.373845569045669
"9728","Msa041078.t01","dispensable",3,3,0,20,0.75,0,0.369227845228343,0.373845569045669
"9730","Msa041198.t01","dispensable",3,3,0,20,0.75,0,0.369227845228343,0.373845569045669
"9732","Msa041216.t01","dispensable",3,3,0,20,0.75,0,0.369227845228343,0.373845569045669
"9788","Msa044182.t01","dispensable",3,3,0,20,0.75,0,0.369227845228343,0.373845569045669
"10057","zm4.82G0050490.t1","dispensable",5,3,0,20,0.75,0,0.369227845228343,0.373845569045669
"10171","zm4.44G0043210.t1","dispensable",3,3,0,20,0.75,0,0.369227845228343,0.373845569045669
"10172","zm4.44G0043450.t1","dispensable",4,3,0,20,0.75,0,0.369227845228343,0.373845569045669
"10175","zm4.44G0045370.t1","dispensable",3,3,0,20,0.75,0,0.369227845228343,0.373845569045669
"10285","zm4.34G0051070.t1","dispensable",4,3,0,20,0.75,0,0.369227845228343,0.373845569045669
"10309","zm4.74G0002250.t1","dispensable",3,3,0,20,0.75,0,0.369227845228343,0.373845569045669
"10366","zm4.74G0040980.t1","dispensable",4,3,0,20,0.75,0,0.369227845228343,0.373845569045669
"10368","zm4.74G0045100.t1","dispensable",4,3,0,20,0.75,0,0.369227845228343,0.373845569045669
"10458","Mara010778.t01","dispensable",4,3,0,20,0.75,0,0.369227845228343,0.373845569045669
"10460","zm4.24G0045160.t1","dispensable",4,3,0,20,0.75,0,0.369227845228343,0.373845569045669
"10463","Mara011241.t01","dispensable",4,3,0,20,0.75,0,0.369227845228343,0.373845569045669
"10472","zm4.64G0002020.t1","dispensable",3,3,0,20,0.75,0,0.369227845228343,0.373845569045669
"10482","zm4.64G0014830.t1","dispensable",4,3,0,20,0.75,0,0.369227845228343,0.373845569045669
"10546","zm4.54G0014180.t1","dispensable",3,3,0,20,0.75,0,0.369227845228343,0.373845569045669
"10589","zm4.14G0005170.t1","dispensable",3,3,0,20,0.75,0,0.369227845228343,0.373845569045669
"10597","Mara001609.t01","dispensable",4,3,0,20,0.75,0,0.369227845228343,0.373845569045669
"10603","zm4.14G0028180.t1","dispensable",3,3,0,20,0.75,0,0.369227845228343,0.373845569045669
"10612","zm4.14G0031940.t1","dispensable",3,3,0,20,0.75,0,0.369227845228343,0.373845569045669
"10617","zm4.14G0039400.t1","dispensable",4,3,0,20,0.75,0,0.369227845228343,0.373845569045669
"10621","zm4.14G0047580.t1","dispensable",4,3,0,20,0.75,0,0.369227845228343,0.373845569045669
"10622","zm4.14G0047990.t1","dispensable",4,3,0,20,0.75,0,0.369227845228343,0.373845569045669
"10664","Mca050556.t01","dispensable",6,3,0,20,0.75,0,0.369227845228343,0.373845569045669
"10691","LOC_00020361-mRNA-1","dispensable",3,3,0,20,0.75,0,0.369227845228343,0.373845569045669
"10725","evm.model.Chr01.1617","dispensable",4,3,0,20,0.75,0,0.369227845228343,0.373845569045669
"10772","LOC_00021302-mRNA-1","dispensable",3,3,0,20,0.75,0,0.369227845228343,0.373845569045669
"10799","LOC_00021837-mRNA-1","dispensable",3,3,0,20,0.75,0,0.369227845228343,0.373845569045669
"10847","LOC_00022373-mRNA-1","dispensable",3,3,0,20,0.75,0,0.369227845228343,0.373845569045669
"10883","LOC_00022901-mRNA-1","dispensable",3,3,0,20,0.75,0,0.369227845228343,0.373845569045669
"10908","LOC_00023170-mRNA-1","dispensable",3,3,0,20,0.75,0,0.369227845228343,0.373845569045669
"11035","Mpoly003307.t01","dispensable",4,3,0,20,0.75,0,0.369227845228343,0.373845569045669
"11036","LOC_00024940-mRNA-1","dispensable",3,3,0,20,0.75,0,0.369227845228343,0.373845569045669
"11054","evm.model.Chr01.3476","dispensable",4,3,0,20,0.75,0,0.369227845228343,0.373845569045669
"11093","LOC_00025620-mRNA-1","dispensable",4,3,0,20,0.75,0,0.369227845228343,0.373845569045669
"11140","LOC_00026244-mRNA-1","dispensable",3,3,0,20,0.75,0,0.369227845228343,0.373845569045669
"11164","LOC_00026567-mRNA-1","dispensable",3,3,0,20,0.75,0,0.369227845228343,0.373845569045669
"11208","LOC_00027165-mRNA-1","dispensable",3,3,0,20,0.75,0,0.369227845228343,0.373845569045669
"11212","LOC_00027174-mRNA-1","dispensable",4,3,0,20,0.75,0,0.369227845228343,0.373845569045669
"11216","LOC_00027226-mRNA-1","dispensable",3,3,0,20,0.75,0,0.369227845228343,0.373845569045669
"11228","LOC_00027340-mRNA-1","dispensable",3,3,0,20,0.75,0,0.369227845228343,0.373845569045669
"11247","LOC_00013798-mRNA-3","dispensable",3,3,0,20,0.75,0,0.369227845228343,0.373845569045669
"11249","LOC_00013815-mRNA-1","dispensable",4,3,0,20,0.75,0,0.369227845228343,0.373845569045669
"11306","LOC_00014673-mRNA-2","dispensable",3,3,0,20,0.75,0,0.369227845228343,0.373845569045669
"11307","LOC_00014681-mRNA-1","dispensable",4,3,0,20,0.75,0,0.369227845228343,0.373845569045669
"11478","LOC_00017172-mRNA-1","dispensable",3,3,0,20,0.75,0,0.369227845228343,0.373845569045669
"11495","LOC_00017304-mRNA-1","dispensable",3,3,0,20,0.75,0,0.369227845228343,0.373845569045669
"11695","LOC_00020014-mRNA-1","dispensable",4,3,0,20,0.75,0,0.369227845228343,0.373845569045669
"11704","LOC_00020141-mRNA-1","dispensable",3,3,0,20,0.75,0,0.369227845228343,0.373845569045669
"11710","LOC_00020188-mRNA-1","dispensable",3,3,0,20,0.75,0,0.369227845228343,0.373845569045669
"11962","LOC_00035071-mRNA-2","dispensable",3,3,0,20,0.75,0,0.369227845228343,0.373845569045669
"11971","LOC_00035224-mRNA-1","dispensable",3,3,0,20,0.75,0,0.369227845228343,0.373845569045669
"12001","LOC_00035670-mRNA-1","dispensable",3,3,0,20,0.75,0,0.369227845228343,0.373845569045669
"12012","LOC_00035776-mRNA-1","dispensable",3,3,0,20,0.75,0,0.369227845228343,0.373845569045669
"12123","LOC_00037662-mRNA-1","dispensable",3,3,0,20,0.75,0,0.369227845228343,0.373845569045669
"12134","LOC_00037844-mRNA-1","dispensable",3,3,0,20,0.75,0,0.369227845228343,0.373845569045669
"12182","LOC_00038599-mRNA-1","dispensable",3,3,0,20,0.75,0,0.369227845228343,0.373845569045669
"12280","LOC_00000354-mRNA-1","dispensable",3,3,0,20,0.75,0,0.369227845228343,0.373845569045669
"12339","LOC_00001395-mRNA-1","dispensable",4,3,0,20,0.75,0,0.369227845228343,0.373845569045669
"12432","LOC_00002413-mRNA-1","dispensable",3,3,0,20,0.75,0,0.369227845228343,0.373845569045669
"12470","LOC_00002925-mRNA-1","dispensable",3,3,0,20,0.75,0,0.369227845228343,0.373845569045669
"12576","LOC_00004106-mRNA-1","dispensable",3,3,0,20,0.75,0,0.369227845228343,0.373845569045669
"12617","LOC_00004878-mRNA-1","dispensable",3,3,0,20,0.75,0,0.369227845228343,0.373845569045669
"12740","LOC_00006807-mRNA-1","dispensable",3,3,0,20,0.75,0,0.369227845228343,0.373845569045669
"12879","LOC_00008704-mRNA-1","dispensable",3,3,0,20,0.75,0,0.369227845228343,0.373845569045669
"13038","LOC_00010944-mRNA-1","dispensable",3,3,0,20,0.75,0,0.369227845228343,0.373845569045669
"13092","LOC_00011468-mRNA-1","dispensable",4,3,0,20,0.75,0,0.369227845228343,0.373845569045669
"13101","LOC_00011585-mRNA-1","dispensable",3,3,0,20,0.75,0,0.369227845228343,0.373845569045669
"13183","LOC_00012982-mRNA-1","dispensable",3,3,0,20,0.75,0,0.369227845228343,0.373845569045669
"13208","LOC_00013361-mRNA-1","dispensable",3,3,0,20,0.75,0,0.369227845228343,0.373845569045669
"13420","LOC_00030530-mRNA-1","dispensable",3,3,0,20,0.75,0,0.369227845228343,0.373845569045669
"13428","LOC_00030606-mRNA-1","dispensable",3,3,0,20,0.75,0,0.369227845228343,0.373845569045669
"13429","LOC_00030617-mRNA-1","dispensable",3,3,0,20,0.75,0,0.369227845228343,0.373845569045669
"13448","LOC_00030903-mRNA-1","dispensable",3,3,0,20,0.75,0,0.369227845228343,0.373845569045669
"13494","LOC_00031717-mRNA-1","dispensable",3,3,0,20,0.75,0,0.369227845228343,0.373845569045669
"13520","LOC_00039375-mRNA-1","dispensable",3,3,0,20,0.75,0,0.369227845228343,0.373845569045669
"13650","zm4.74G0022590.t1","dispensable",4,3,0,20,0.75,0,0.369227845228343,0.373845569045669
"13776","LOC_00043580-mRNA-1","dispensable",5,3,0,20,0.75,0,0.369227845228343,0.373845569045669
"13896","LOC_00045675-mRNA-1","dispensable",4,3,0,20,0.75,0,0.369227845228343,0.373845569045669
"13923","LOC_00046017-mRNA-1","dispensable",3,3,0,20,0.75,0,0.369227845228343,0.373845569045669
"13991","LOC_00046980-mRNA-1","dispensable",4,3,0,20,0.75,0,0.369227845228343,0.373845569045669
"14290","LOC_00052139-mRNA-1","dispensable",3,3,0,20,0.75,0,0.369227845228343,0.373845569045669
"14348","LOC_00052927-mRNA-1","dispensable",3,3,0,20,0.75,0,0.369227845228343,0.373845569045669
"14396","Mtrun000056.t02","dispensable",4,3,0,20,0.75,0,0.369227845228343,0.373845569045669
"14411","Mtrun000843.t01","dispensable",4,3,0,20,0.75,0,0.369227845228343,0.373845569045669
"14414","Mtrun000956.t01","dispensable",4,3,0,20,0.75,0,0.369227845228343,0.373845569045669
"14467","Mpoly003481.t01","dispensable",5,3,0,20,0.75,0,0.369227845228343,0.373845569045669
"14988","Mca047653.t02","dispensable",6,3,0,20,0.75,0,0.369227845228343,0.373845569045669
"15081","Mara004773.t01","dispensable",5,3,0,20,0.75,0,0.369227845228343,0.373845569045669
"15083","Msa067686.t01","dispensable",4,3,0,20,0.75,0,0.369227845228343,0.373845569045669
"15133","Msa014340.t01","dispensable",3,3,0,20,0.75,0,0.369227845228343,0.373845569045669
"15196","Mpoly025944.t01","dispensable",3,3,0,20,0.75,0,0.369227845228343,0.373845569045669
"15216","Mara015494.t01","dispensable",3,3,0,20,0.75,0,0.369227845228343,0.373845569045669
"15248","Mara016816.t01","dispensable",3,3,0,20,0.75,0,0.369227845228343,0.373845569045669
"15320","Mpoly014590.t01","dispensable",3,3,0,20,0.75,0,0.369227845228343,0.373845569045669
"15397","Msa070214.t01","dispensable",3,3,0,20,0.75,0,0.369227845228343,0.373845569045669
"15401","Msa070941.t01","dispensable",4,3,0,20,0.75,0,0.369227845228343,0.373845569045669
"15405","Mara023014.t01","dispensable",4,3,0,20,0.75,0,0.369227845228343,0.373845569045669
"15478","Mara025827.t01","dispensable",3,3,0,20,0.75,0,0.369227845228343,0.373845569045669
"15671","Mara033838.t01","dispensable",4,3,0,20,0.75,0,0.369227845228343,0.373845569045669
"15693","Mpoly026463.t01","dispensable",3,3,0,20,0.75,0,0.369227845228343,0.373845569045669
"15697","Mara035122.t01","dispensable",4,3,0,20,0.75,0,0.369227845228343,0.373845569045669
"15712","Msa029242.t01","dispensable",3,3,0,20,0.75,0,0.369227845228343,0.373845569045669
"15740","Mru043293.t02","dispensable",4,3,0,20,0.75,0,0.369227845228343,0.373845569045669
"15748","Mara036973.t01","dispensable",3,3,0,20,0.75,0,0.369227845228343,0.373845569045669
"15782","Mara038712.t01","dispensable",4,3,0,20,0.75,0,0.369227845228343,0.373845569045669
"15784","Mara038738.t01","dispensable",3,3,0,20,0.75,0,0.369227845228343,0.373845569045669
"15902","Mpoly027050.t01","dispensable",3,3,0,20,0.75,0,0.369227845228343,0.373845569045669
"16050","evm.model.Chr01.88","dispensable",4,3,0,20,0.75,0,0.369227845228343,0.373845569045669
"16244","evm.model.Chr01.4507","dispensable",4,3,0,20,0.75,0,0.369227845228343,0.373845569045669
"16491","evm.model.Chr03.480","dispensable",5,3,0,20,0.75,0,0.369227845228343,0.373845569045669
"16495","evm.model.Chr03.577","dispensable",4,3,0,20,0.75,0,0.369227845228343,0.373845569045669
"16618","evm.model.Chr03.3949","dispensable",5,3,0,20,0.75,0,0.369227845228343,0.373845569045669
"16760","evm.model.Chr04.3261","dispensable",4,3,0,20,0.75,0,0.369227845228343,0.373845569045669
"16845","evm.model.Chr05.854","dispensable",4,3,0,20,0.75,0,0.369227845228343,0.373845569045669
"16974","evm.model.Chr06.1449","dispensable",3,3,0,20,0.75,0,0.369227845228343,0.373845569045669
"17145","evm.model.Chr07.2773","dispensable",4,3,0,20,0.75,0,0.369227845228343,0.373845569045669
"17181","Mpoly030010.t02","dispensable",3,3,0,20,0.75,0,0.369227845228343,0.373845569045669
"17214","Msa060145.t01","dispensable",5,3,0,20,0.75,0,0.369227845228343,0.373845569045669
"17225","evm.model.Chr08.1115","dispensable",4,3,0,20,0.75,0,0.369227845228343,0.373845569045669
"17312","evm.model.Chr08.4221","dispensable",4,3,0,20,0.75,0,0.369227845228343,0.373845569045669
"17340","Mpoly005420.t02","dispensable",4,3,0,20,0.75,0,0.369227845228343,0.373845569045669
"17435","Mpoly003263.t01","dispensable",3,3,0,20,0.75,0,0.369227845228343,0.373845569045669
"17446","Mpoly009609.t01","dispensable",5,3,0,20,0.75,0,0.369227845228343,0.373845569045669
"17487","Mpoly005053.t01","dispensable",3,3,0,20,0.75,0,0.369227845228343,0.373845569045669
"17751","Mpoly011585.t04","dispensable",3,3,0,20,0.75,0,0.369227845228343,0.373845569045669
"17771","Mpoly012197.t01","dispensable",3,3,0,20,0.75,0,0.369227845228343,0.373845569045669
"17784","Mpoly012866.t04","dispensable",3,3,0,20,0.75,0,0.369227845228343,0.373845569045669
"17914","Mpoly017475.t01","dispensable",3,3,0,20,0.75,0,0.369227845228343,0.373845569045669
"18049","Mpoly021742.t01","dispensable",3,3,0,20,0.75,0,0.369227845228343,0.373845569045669
"18078","Mpoly022974.t01","dispensable",3,3,0,20,0.75,0,0.369227845228343,0.373845569045669
"18099","Mpoly023626.t01","dispensable",3,3,0,20,0.75,0,0.369227845228343,0.373845569045669
"18133","Msa030565.t01","dispensable",3,3,0,20,0.75,0,0.369227845228343,0.373845569045669
"18139","Mpoly024581.t01","dispensable",3,3,0,20,0.75,0,0.369227845228343,0.373845569045669
"18164","Mru035661.t01","dispensable",3,3,0,20,0.75,0,0.369227845228343,0.373845569045669
"18207","Mpoly026819.t01","dispensable",3,3,0,20,0.75,0,0.369227845228343,0.373845569045669
"18223","Mpoly027317.t01","dispensable",3,3,0,20,0.75,0,0.369227845228343,0.373845569045669
"18442","Mca052263.t02","dispensable",3,3,0,20,0.75,0,0.369227845228343,0.373845569045669
"18612","Mpoly040017.t01","dispensable",3,3,0,20,0.75,0,0.369227845228343,0.373845569045669
"18747","Mru003620.t01","dispensable",3,3,0,20,0.75,0,0.369227845228343,0.373845569045669
"18893","Msa035346.t01","dispensable",3,3,0,20,0.75,0,0.369227845228343,0.373845569045669
"18905","Msa017478.t01","dispensable",4,3,0,20,0.75,0,0.369227845228343,0.373845569045669
"19075","Mru013575.t01","dispensable",3,3,0,20,0.75,0,0.369227845228343,0.373845569045669
"19253","Msa150749.t03","dispensable",4,3,0,20,0.75,0,0.369227845228343,0.373845569045669
"19262","Msa009336.t01","dispensable",4,3,0,20,0.75,0,0.369227845228343,0.373845569045669
"19553","zm4.44G0046650.t1","dispensable",3,3,0,20,0.75,0,0.369227845228343,0.373845569045669
"19586","Mca052006.t01","dispensable",5,3,0,20,0.75,0,0.369227845228343,0.373845569045669
"19590","Mca022706.t01","dispensable",3,3,0,20,0.75,0,0.369227845228343,0.373845569045669
"19727","Mru034922.t02","dispensable",3,3,0,20,0.75,0,0.369227845228343,0.373845569045669
"19848","zm4.13G0018920.t1","dispensable",4,3,0,20,0.75,0,0.369227845228343,0.373845569045669
"20042","Mca044740.t02","dispensable",3,3,0,20,0.75,0,0.369227845228343,0.373845569045669
"20135","Mca009313.t01","dispensable",3,3,0,20,0.75,0,0.369227845228343,0.373845569045669
"20245","Mru053528.t01","dispensable",3,3,0,20,0.75,0,0.369227845228343,0.373845569045669
"20833","Msa113515.t01","dispensable",3,3,0,20,0.75,0,0.369227845228343,0.373845569045669
"21123","Mca000686.t01","dispensable",4,3,0,20,0.75,0,0.369227845228343,0.373845569045669
"21248","Msa003450.t01","dispensable",4,3,0,20,0.75,0,0.369227845228343,0.373845569045669
"21581","zm4.14G0032010.t1","dispensable",3,3,0,20,0.75,0,0.369227845228343,0.373845569045669
"21661","Mca011528.t02","dispensable",3,3,0,20,0.75,0,0.369227845228343,0.373845569045669
"21696","Msa013209.t01","dispensable",3,3,0,20,0.75,0,0.369227845228343,0.373845569045669
"21779","Msa113108.t01","dispensable",3,3,0,20,0.75,0,0.369227845228343,0.373845569045669
"21868","Mca015864.t01","dispensable",3,3,0,20,0.75,0,0.369227845228343,0.373845569045669
"22007","zm4.34G0053650.t1","dispensable",3,3,0,20,0.75,0,0.369227845228343,0.373845569045669
"22251","Msa069553.t01","dispensable",3,3,0,20,0.75,0,0.369227845228343,0.373845569045669
"22303","Msa022172.t01","dispensable",3,3,0,20,0.75,0,0.369227845228343,0.373845569045669
"22348","Msa148772.t01","dispensable",4,3,0,20,0.75,0,0.369227845228343,0.373845569045669
"22357","zm4.44G0036890.t1","dispensable",3,3,0,20,0.75,0,0.369227845228343,0.373845569045669
"22429","Msa091887.t01","dispensable",3,3,0,20,0.75,0,0.369227845228343,0.373845569045669
"22476","Msa093085.t01","dispensable",3,3,0,20,0.75,0,0.369227845228343,0.373845569045669
"22551","Msa094118.t01","dispensable",3,3,0,20,0.75,0,0.369227845228343,0.373845569045669
"22562","Mca046694.t01","dispensable",3,3,0,20,0.75,0,0.369227845228343,0.373845569045669
"22601","Mca030924.t01","dispensable",3,3,0,20,0.75,0,0.369227845228343,0.373845569045669
"22648","Msa095773.t01","dispensable",3,3,0,20,0.75,0,0.369227845228343,0.373845569045669
"22740","zm4.44G0012730.t1","dispensable",3,3,0,20,0.75,0,0.369227845228343,0.373845569045669
"22761","Msa066981.t01","dispensable",3,3,0,20,0.75,0,0.369227845228343,0.373845569045669
"22779","Msa036440.t01","dispensable",3,3,0,20,0.75,0,0.369227845228343,0.373845569045669
"22848","Msa112498.t01","dispensable",3,3,0,20,0.75,0,0.369227845228343,0.373845569045669
"22875","Msa002200.t01","dispensable",3,3,0,20,0.75,0,0.369227845228343,0.373845569045669
"22911","Msa113663.t01","dispensable",3,3,0,20,0.75,0,0.369227845228343,0.373845569045669
"22959","Mca039811.t02","dispensable",3,3,0,20,0.75,0,0.369227845228343,0.373845569045669
"23141","Msa042289.t01","dispensable",3,3,0,20,0.75,0,0.369227845228343,0.373845569045669
"23179","Msa127143.t01","dispensable",3,3,0,20,0.75,0,0.369227845228343,0.373845569045669
"23182","Mca041123.t01","dispensable",3,3,0,20,0.75,0,0.369227845228343,0.373845569045669
"23234","Msa129369.t01","dispensable",3,3,0,20,0.75,0,0.369227845228343,0.373845569045669
"23411","Mca050524.t02","dispensable",4,3,0,20,0.75,0,0.369227845228343,0.373845569045669
"23452","Msa050478.t01","dispensable",3,3,0,20,0.75,0,0.369227845228343,0.373845569045669
"23481","Mca052116.t01","dispensable",4,3,0,20,0.75,0,0.369227845228343,0.373845569045669
"23486","Mca052206.t01","dispensable",3,3,0,20,0.75,0,0.369227845228343,0.373845569045669
"23490","Mca052319.t01","dispensable",3,3,0,20,0.75,0,0.369227845228343,0.373845569045669
"23493","Mca052380.t01","dispensable",4,3,0,20,0.75,0,0.369227845228343,0.373845569045669
"23874","Msa013236.t02","dispensable",3,3,0,20,0.75,0,0.369227845228343,0.373845569045669
"24044","Msa068527.t01","dispensable",3,3,0,20,0.75,0,0.369227845228343,0.373845569045669
"24247","Mca030628.t01","dispensable",3,3,0,20,0.75,0,0.369227845228343,0.373845569045669
"24594","Msa088410.t01","dispensable",3,3,0,20,0.75,0,0.369227845228343,0.373845569045669
"24840","Mca048589.t02","dispensable",3,3,0,20,0.75,0,0.369227845228343,0.373845569045669
"25092","Msa015836.t01","dispensable",3,3,0,20,0.75,0,0.369227845228343,0.373845569045669
"25099","Msa045035.t01","dispensable",3,3,0,20,0.75,0,0.369227845228343,0.373845569045669
"25194","Msa067713.t01","dispensable",3,3,0,20,0.75,0,0.369227845228343,0.373845569045669
"25522","Msa121757.t01","dispensable",3,3,0,20,0.75,0,0.369227845228343,0.373845569045669
"28228","zm4.14G0051040.t1","dispensable",3,3,0,20,0.75,0,0.369227845228343,0.373845569045669
"28235","zm4.14G0061220.t1","dispensable",3,3,0,20,0.75,0,0.369227845228343,0.373845569045669
"1438","Mara025362.t01","dispensable",12,4,0,80,0.666666666666667,0,0.5329417094257,0.373255008551807
"5040","Mca027381.t02","dispensable",19,4,0,80,0.666666666666667,0,0.5329417094257,0.373255008551807
"6983","Mca023152.t01","dispensable",14,4,0,80,0.666666666666667,0,0.5329417094257,0.373255008551807
"9746","Msa039091.t01","dispensable",11,4,0,80,0.666666666666667,0,0.5329417094257,0.373255008551807
"15761","Mara038547.t01","dispensable",9,4,0,80,0.666666666666667,0,0.5329417094257,0.373255008551807
"16576","Mca033931.t01","dispensable",10,4,0,80,0.666666666666667,0,0.5329417094257,0.373255008551807
"17590","Mpoly007319.t01","dispensable",9,4,0,80,0.666666666666667,0,0.5329417094257,0.373255008551807
"6868","Msa024437.t01","dispensable",3,3,0,19,0.75,0,0.363310763796654,0.372662152759331
"9461","Msa034288.t02","dispensable",5,3,0,19,0.75,0,0.363310763796654,0.372662152759331
"15500","Mara026359.t01","dispensable",3,3,0,19,0.75,0,0.363310763796654,0.372662152759331
"7789","Mca035129.t01","dispensable",11,4,0,76,0.666666666666667,0,0.526799834394235,0.372026633545514
"2101","Mara043571.t01","dispensable",15,4,0,75,0.666666666666667,0,0.525214503161343,0.371709567298935
"2628","zm4.74G0019140.t1","dispensable",19,4,0,75,0.666666666666667,0,0.525214503161343,0.371709567298935
"5054","Mca001484.t01","dispensable",10,4,0,75,0.666666666666667,0,0.525214503161343,0.371709567298935
"5301","Mca013492.t01","dispensable",18,4,0,75,0.666666666666667,0,0.525214503161343,0.371709567298935
"5321","zm4.84G0000490.t1","dispensable",12,4,0,75,0.666666666666667,0,0.525214503161343,0.371709567298935
"8945","Mara030504.t01","dispensable",9,4,0,75,0.666666666666667,0,0.525214503161343,0.371709567298935
"9247","Mca038546.t01","dispensable",10,4,0,75,0.666666666666667,0,0.525214503161343,0.371709567298935
"10328","zm4.74G0017010.t1","dispensable",11,4,0,75,0.666666666666667,0,0.525214503161343,0.371709567298935
"11444","LOC_00016698-mRNA-2","dispensable",9,4,0,75,0.666666666666667,0,0.525214503161343,0.371709567298935
"13816","zm4.34G0046720.t1","dispensable",11,4,0,75,0.666666666666667,0,0.525214503161343,0.371709567298935
"7430","Msa091140.t01","dispensable",3,3,0,18,0.75,0,0.357090112463389,0.371418022492678
"6474","Mca017260.t02","dispensable",15,4,0,74,0.666666666666667,0,0.523608173553824,0.371388301377432
"5455","Mca023444.t01","dispensable",12,4,0,72,0.666666666666667,0,0.520330241244467,0.37073271491556
"19930","Mca053104.t01","dispensable",11,4,0,71,0.666666666666667,0,0.518657440759781,0.370398154818623
"9897","Msa050793.t01","dispensable",3,3,0,17,0.75,0,0.350533050061827,0.370106610012365
"13271","LOC_00028387-mRNA-1","dispensable",3,3,0,17,0.75,0,0.350533050061827,0.370106610012365
"2816","evm.model.Chr05.655","dispensable",20,4,0,70,0.666666666666667,0,0.516961243706611,0.370058915407989
"3178","LOC_00024220-mRNA-1","dispensable",12,4,0,70,0.666666666666667,0,0.516961243706611,0.370058915407989
"4276","Msa026691.t01","dispensable",9,4,0,70,0.666666666666667,0,0.516961243706611,0.370058915407989
"4330","Mru018657.t02","dispensable",13,4,0,70,0.666666666666667,0,0.516961243706611,0.370058915407989
"4340","Mru019496.t03","dispensable",13,4,0,70,0.666666666666667,0,0.516961243706611,0.370058915407989
"5207","Mca009064.t01","dispensable",8,4,0,70,0.666666666666667,0,0.516961243706611,0.370058915407989
"6913","Msa027310.t01","dispensable",9,4,0,70,0.666666666666667,0,0.516961243706611,0.370058915407989
"10103","zm4.24G0010580.t1","dispensable",12,4,0,70,0.666666666666667,0,0.516961243706611,0.370058915407989
"21801","Mca014629.t01","dispensable",8,4,0,70,0.666666666666667,0,0.516961243706611,0.370058915407989
"23373","Mca036318.t01","dispensable",10,4,0,70,0.666666666666667,0,0.516961243706611,0.370058915407989
"5950","Mca040357.t01","dispensable",10,4,0,67,0.666666666666667,0,0.511725490540825,0.369011764774832
"3665","Mpoly020243.t01","dispensable",3,3,0,16,0.75,0,0.343601099842871,0.368720219968574
"7214","Msa069001.t01","dispensable",3,3,0,16,0.75,0,0.343601099842871,0.368720219968574
"23071","Msa126783.t01","dispensable",3,3,0,16,0.75,0,0.343601099842871,0.368720219968574
"8986","Msa017789.t01","dispensable",9,4,0,66,0.666666666666667,0,0.509928774532579,0.368652421573183
"3582","Mpoly015081.t01","dispensable",11,4,0,65,0.666666666666667,0,0.508105039227718,0.36828767451221
"3737","evm.model.Chr02.4445","dispensable",14,4,0,65,0.666666666666667,0,0.508105039227718,0.36828767451221
"4602","Mru044751.t03","dispensable",13,4,0,65,0.666666666666667,0,0.508105039227718,0.36828767451221
"4880","Mru026064.t01","dispensable",12,4,0,65,0.666666666666667,0,0.508105039227718,0.36828767451221
"5203","Mca008906.t01","dispensable",9,4,0,65,0.666666666666667,0,0.508105039227718,0.36828767451221
"5504","Mca021706.t01","dispensable",11,4,0,65,0.666666666666667,0,0.508105039227718,0.36828767451221
"5584","Mpoly017636.t01","dispensable",12,4,0,65,0.666666666666667,0,0.508105039227718,0.36828767451221
"6921","Msa130102.t01","dispensable",8,4,0,65,0.666666666666667,0,0.508105039227718,0.36828767451221
"7200","Msa068534.t01","dispensable",9,4,0,65,0.666666666666667,0,0.508105039227718,0.36828767451221
"7779","Mca037438.t01","dispensable",9,4,0,65,0.666666666666667,0,0.508105039227718,0.36828767451221
"8115","Msa127853.t04","dispensable",14,4,0,65,0.666666666666667,0,0.508105039227718,0.36828767451221
"8168","Mca004033.t01","dispensable",13,4,0,65,0.666666666666667,0,0.508105039227718,0.36828767451221
"8871","Msa013935.t01","dispensable",11,4,0,65,0.666666666666667,0,0.508105039227718,0.36828767451221
"9374","Msa031994.t01","dispensable",8,4,0,65,0.666666666666667,0,0.508105039227718,0.36828767451221
"10142","Msa061861.t01","dispensable",10,4,0,63,0.666666666666667,0,0.504373172093862,0.367541301085439
"994","Mara016754.t01","dispensable",4,3,0,15,0.75,0,0.336248781395908,0.367249756279182
"1038","Mara017505.t01","dispensable",3,3,0,15,0.75,0,0.336248781395908,0.367249756279182
"1376","Mara024393.t02","dispensable",3,3,0,15,0.75,0,0.336248781395908,0.367249756279182
"2065","Mara042141.t01","dispensable",3,3,0,15,0.75,0,0.336248781395908,0.367249756279182
"2137","Mara044644.t01","dispensable",3,3,0,15,0.75,0,0.336248781395908,0.367249756279182
"2184","Mara045741.t01","dispensable",3,3,0,15,0.75,0,0.336248781395908,0.367249756279182
"2630","LOC_00039170-mRNA-1","dispensable",5,3,0,15,0.75,0,0.336248781395908,0.367249756279182
"3038","evm.model.Chr07.678","dispensable",3,3,0,15,0.75,0,0.336248781395908,0.367249756279182
"3135","evm.model.Chr07.4578","dispensable",3,3,0,15,0.75,0,0.336248781395908,0.367249756279182
"3141","evm.model.Chr08.25","dispensable",3,3,0,15,0.75,0,0.336248781395908,0.367249756279182
"3142","evm.model.Chr08.27","dispensable",3,3,0,15,0.75,0,0.336248781395908,0.367249756279182
"3168","evm.model.Chr08.973","dispensable",3,3,0,15,0.75,0,0.336248781395908,0.367249756279182
"3196","evm.model.Chr08.2493","dispensable",3,3,0,15,0.75,0,0.336248781395908,0.367249756279182
"3211","evm.model.Chr08.2934","dispensable",3,3,0,15,0.75,0,0.336248781395908,0.367249756279182
"3223","evm.model.Chr08.3288","dispensable",3,3,0,15,0.75,0,0.336248781395908,0.367249756279182
"3233","evm.model.Chr08.3463","dispensable",4,3,0,15,0.75,0,0.336248781395908,0.367249756279182
"3365","Mpoly003858.t01","dispensable",3,3,0,15,0.75,0,0.336248781395908,0.367249756279182
"3483","Mpoly009989.t01","dispensable",3,3,0,15,0.75,0,0.336248781395908,0.367249756279182
"3571","Mpoly014337.t01","dispensable",3,3,0,15,0.75,0,0.336248781395908,0.367249756279182
"3674","Mpoly020599.t01","dispensable",3,3,0,15,0.75,0,0.336248781395908,0.367249756279182
"3750","Mpoly024063.t01","dispensable",3,3,0,15,0.75,0,0.336248781395908,0.367249756279182
"3842","Mpoly027750.t01","dispensable",3,3,0,15,0.75,0,0.336248781395908,0.367249756279182
"3950","Mpoly033980.t01","dispensable",3,3,0,15,0.75,0,0.336248781395908,0.367249756279182
"6238","Mca051263.t01","dispensable",3,3,0,15,0.75,0,0.336248781395908,0.367249756279182
"6240","Mca051275.t01","dispensable",3,3,0,15,0.75,0,0.336248781395908,0.367249756279182
"6317","Mca052682.t01","dispensable",3,3,0,15,0.75,0,0.336248781395908,0.367249756279182
"6331","Mca052844.t01","dispensable",3,3,0,15,0.75,0,0.336248781395908,0.367249756279182
"6339","Mca052986.t01","dispensable",3,3,0,15,0.75,0,0.336248781395908,0.367249756279182
"7785","Msa112237.t02","dispensable",10,3,0,15,0.75,0,0.336248781395908,0.367249756279182
"8101","Msa127591.t01","dispensable",3,3,0,15,0.75,0,0.336248781395908,0.367249756279182
"8160","Msa129253.t01","dispensable",4,3,0,15,0.75,0,0.336248781395908,0.367249756279182
"8453","Msa153339.t01","dispensable",3,3,0,15,0.75,0,0.336248781395908,0.367249756279182
"8457","Msa153461.t01","dispensable",3,3,0,15,0.75,0,0.336248781395908,0.367249756279182
"9843","Msa049218.t01","dispensable",3,3,0,15,0.75,0,0.336248781395908,0.367249756279182
"10034","zm4.22G0008810.t1","dispensable",5,3,0,15,0.75,0,0.336248781395908,0.367249756279182
"10290","zm4.34G0055080.t1","dispensable",4,3,0,15,0.75,0,0.336248781395908,0.367249756279182
"10385","zm4.74G0057860.t1","dispensable",3,3,0,15,0.75,0,0.336248781395908,0.367249756279182
"10423","zm4.24G0020850.t1","dispensable",3,3,0,15,0.75,0,0.336248781395908,0.367249756279182
"10644","zm4.84G0012850.t1","dispensable",3,3,0,15,0.75,0,0.336248781395908,0.367249756279182
"10673","zm4.84G0041190.t1","dispensable",3,3,0,15,0.75,0,0.336248781395908,0.367249756279182
"10677","zm4.84G0052360.t1","dispensable",3,3,0,15,0.75,0,0.336248781395908,0.367249756279182
"12161","LOC_00038279-mRNA-1","dispensable",3,3,0,15,0.75,0,0.336248781395908,0.367249756279182
"12162","LOC_00038290-mRNA-1","dispensable",3,3,0,15,0.75,0,0.336248781395908,0.367249756279182
"12185","LOC_00038627-mRNA-1","dispensable",3,3,0,15,0.75,0,0.336248781395908,0.367249756279182
"12207","Mara017320.t01","dispensable",4,3,0,15,0.75,0,0.336248781395908,0.367249756279182
"12230","LOC_00039159-mRNA-1","dispensable",3,3,0,15,0.75,0,0.336248781395908,0.367249756279182
"13127","LOC_00012078-mRNA-1","dispensable",4,3,0,15,0.75,0,0.336248781395908,0.367249756279182
"13564","LOC_00040148-mRNA-2","dispensable",3,3,0,15,0.75,0,0.336248781395908,0.367249756279182
"13604","LOC_00040804-mRNA-1","dispensable",3,3,0,15,0.75,0,0.336248781395908,0.367249756279182
"13605","LOC_00040828-mRNA-1","dispensable",3,3,0,15,0.75,0,0.336248781395908,0.367249756279182
"13696","LOC_00042413-mRNA-1","dispensable",3,3,0,15,0.75,0,0.336248781395908,0.367249756279182
"13709","LOC_00042522-mRNA-2","dispensable",3,3,0,15,0.75,0,0.336248781395908,0.367249756279182
"13724","LOC_00042668-mRNA-1","dispensable",3,3,0,15,0.75,0,0.336248781395908,0.367249756279182
"13755","LOC_00043258-mRNA-1","dispensable",3,3,0,15,0.75,0,0.336248781395908,0.367249756279182
"13774","LOC_00043562-mRNA-1","dispensable",3,3,0,15,0.75,0,0.336248781395908,0.367249756279182
"13813","LOC_00044163-mRNA-1","dispensable",8,3,0,15,0.75,0,0.336248781395908,0.367249756279182
"13869","LOC_00045089-mRNA-1","dispensable",3,3,0,15,0.75,0,0.336248781395908,0.367249756279182
"13892","LOC_00045565-mRNA-1","dispensable",3,3,0,15,0.75,0,0.336248781395908,0.367249756279182
"13926","LOC_00046043-mRNA-1","dispensable",3,3,0,15,0.75,0,0.336248781395908,0.367249756279182
"13931","LOC_00046093-mRNA-1","dispensable",3,3,0,15,0.75,0,0.336248781395908,0.367249756279182
"13969","LOC_00046757-mRNA-1","dispensable",3,3,0,15,0.75,0,0.336248781395908,0.367249756279182
"14028","LOC_00047612-mRNA-1","dispensable",3,3,0,15,0.75,0,0.336248781395908,0.367249756279182
"14091","LOC_00048718-mRNA-1","dispensable",3,3,0,15,0.75,0,0.336248781395908,0.367249756279182
"14127","LOC_00049428-mRNA-1","dispensable",3,3,0,15,0.75,0,0.336248781395908,0.367249756279182
"14185","LOC_00050281-mRNA-1","dispensable",3,3,0,15,0.75,0,0.336248781395908,0.367249756279182
"14249","LOC_00051495-mRNA-1","dispensable",3,3,0,15,0.75,0,0.336248781395908,0.367249756279182
"14293","LOC_00052186-mRNA-1","dispensable",4,3,0,15,0.75,0,0.336248781395908,0.367249756279182
"14318","LOC_00052517-mRNA-1","dispensable",3,3,0,15,0.75,0,0.336248781395908,0.367249756279182
"14329","LOC_00052689-mRNA-1","dispensable",3,3,0,15,0.75,0,0.336248781395908,0.367249756279182
"14335","LOC_00052792-mRNA-1","dispensable",3,3,0,15,0.75,0,0.336248781395908,0.367249756279182
"14372","LOC_00053344-mRNA-1","dispensable",3,3,0,15,0.75,0,0.336248781395908,0.367249756279182
"14760","Mtrun020325.t01","dispensable",6,3,0,15,0.75,0,0.336248781395908,0.367249756279182
"14979","Mpoly030432.t01","dispensable",6,3,0,15,0.75,0,0.336248781395908,0.367249756279182
"15014","Mtrun036746.t02","dispensable",6,3,0,15,0.75,0,0.336248781395908,0.367249756279182
"15064","Mara002936.t01","dispensable",3,3,0,15,0.75,0,0.336248781395908,0.367249756279182
"15067","Mara003080.t01","dispensable",3,3,0,15,0.75,0,0.336248781395908,0.367249756279182
"15114","Msa129827.t01","dispensable",3,3,0,15,0.75,0,0.336248781395908,0.367249756279182
"15116","Mara007317.t01","dispensable",4,3,0,15,0.75,0,0.336248781395908,0.367249756279182
"15159","Mara011023.t01","dispensable",3,3,0,15,0.75,0,0.336248781395908,0.367249756279182
"15269","Mca051772.t01","dispensable",4,3,0,15,0.75,0,0.336248781395908,0.367249756279182
"15519","Mara027016.t01","dispensable",3,3,0,15,0.75,0,0.336248781395908,0.367249756279182
"15556","evm.model.Chr06.921","dispensable",3,3,0,15,0.75,0,0.336248781395908,0.367249756279182
"15669","Mara033763.t01","dispensable",3,3,0,15,0.75,0,0.336248781395908,0.367249756279182
"15692","Mara034764.t01","dispensable",3,3,0,15,0.75,0,0.336248781395908,0.367249756279182
"15845","Mara040400.t01","dispensable",3,3,0,15,0.75,0,0.336248781395908,0.367249756279182
"15901","Msa126384.t01","dispensable",3,3,0,15,0.75,0,0.336248781395908,0.367249756279182
"16030","Mara045666.t01","dispensable",3,3,0,15,0.75,0,0.336248781395908,0.367249756279182
"16032","LOC_00053362-mRNA-1","dispensable",4,3,0,15,0.75,0,0.336248781395908,0.367249756279182
"16341","evm.model.Chr02.1210.2.6a73524b","dispensable",4,3,0,15,0.75,0,0.336248781395908,0.367249756279182
"16938","Mtrun021891.t02","dispensable",3,3,0,15,0.75,0,0.336248781395908,0.367249756279182
"16979","evm.model.Chr06.1496","dispensable",3,3,0,15,0.75,0,0.336248781395908,0.367249756279182
"17047","Msa114139.t01","dispensable",3,3,0,15,0.75,0,0.336248781395908,0.367249756279182
"17130","evm.model.Chr07.2315","dispensable",3,3,0,15,0.75,0,0.336248781395908,0.367249756279182
"17198","evm.model.Chr08.133","dispensable",4,3,0,15,0.75,0,0.336248781395908,0.367249756279182
"17262","evm.model.Chr08.2253","dispensable",3,3,0,15,0.75,0,0.336248781395908,0.367249756279182
"18069","Mpoly022690.t01","dispensable",3,3,0,15,0.75,0,0.336248781395908,0.367249756279182
"18132","Mpoly030913.t01","dispensable",3,3,0,15,0.75,0,0.336248781395908,0.367249756279182
"18182","Mpoly026028.t01","dispensable",3,3,0,15,0.75,0,0.336248781395908,0.367249756279182
"18228","Msa149465.t01","dispensable",3,3,0,15,0.75,0,0.336248781395908,0.367249756279182
"18233","Mpoly027558.t01","dispensable",3,3,0,15,0.75,0,0.336248781395908,0.367249756279182
"18311","LOC_00045808-mRNA-1","dispensable",4,3,0,15,0.75,0,0.336248781395908,0.367249756279182
"18364","Mpoly031999.t01","dispensable",3,3,0,15,0.75,0,0.336248781395908,0.367249756279182
"18382","Mpoly032384.t05","dispensable",4,3,0,15,0.75,0,0.336248781395908,0.367249756279182
"18456","Mpoly035499.t01","dispensable",3,3,0,15,0.75,0,0.336248781395908,0.367249756279182
"19056","Msa010430.t01","dispensable",3,3,0,15,0.75,0,0.336248781395908,0.367249756279182
"19882","zm4.22G0050950.t1","dispensable",3,3,0,15,0.75,0,0.336248781395908,0.367249756279182
"20067","Msa129316.t01","dispensable",3,3,0,15,0.75,0,0.336248781395908,0.367249756279182
"20214","Msa151148.t01","dispensable",3,3,0,15,0.75,0,0.336248781395908,0.367249756279182
"20265","Msa068642.t01","dispensable",3,3,0,15,0.75,0,0.336248781395908,0.367249756279182
"21014","Msa148429.t01","dispensable",3,3,0,15,0.75,0,0.336248781395908,0.367249756279182
"21278","Msa156929.t01","dispensable",3,3,0,15,0.75,0,0.336248781395908,0.367249756279182
"23053","zm4.54G0035430.t1","dispensable",3,3,0,15,0.75,0,0.336248781395908,0.367249756279182
"23417","Mca050753.t01","dispensable",3,3,0,15,0.75,0,0.336248781395908,0.367249756279182
"27205","Msa040676.t01","dispensable",3,3,0,15,0.75,0,0.336248781395908,0.367249756279182
"21538","Mca009361.t01","dispensable",8,4,0,62,0.666666666666667,0,0.502463272584768,0.36715932118362
"5875","Mca038145.t01","dispensable",9,4,0,61,0.666666666666667,0,0.5005228133899,0.366771229344647
"8253","Msa141230.t02","private",7,1,0,0,0.916666666666667,0,0,0.366666666666667
"24810","zm4.41G0023380.t1","private",4,1,0,0,0.916666666666667,0,0,0.366666666666667
"27611","zm4.73G0047610.t1","private",3,1,0,0,0.916666666666667,0,0,0.366666666666667
"4292","Mru014429.t02","dispensable",8,4,0,60,0.666666666666667,0,0.498550800633683,0.366376826793403
"5160","evm.model.Chr02.73","dispensable",8,4,0,60,0.666666666666667,0,0.498550800633683,0.366376826793403
"5169","Mru008559.t02","dispensable",12,4,0,60,0.666666666666667,0,0.498550800633683,0.366376826793403
"5847","Mca036947.t01","dispensable",8,4,0,60,0.666666666666667,0,0.498550800633683,0.366376826793403
"7804","Msa112651.t01","dispensable",13,4,0,60,0.666666666666667,0,0.498550800633683,0.366376826793403
"12614","Msa016828.t01","dispensable",9,4,0,60,0.666666666666667,0,0.498550800633683,0.366376826793403
"12707","Mca025005.t01","dispensable",9,4,0,60,0.666666666666667,0,0.498550800633683,0.366376826793403
"14513","Mara028051.t01","dispensable",10,4,0,60,0.666666666666667,0,0.498550800633683,0.366376826793403
"15167","Mara011678.t01","dispensable",10,4,0,60,0.666666666666667,0,0.498550800633683,0.366376826793403
"15368","Mpoly021837.t01","dispensable",8,4,0,60,0.666666666666667,0,0.498550800633683,0.366376826793403
"16354","Mpoly006680.t01","dispensable",7,4,0,60,0.666666666666667,0,0.498550800633683,0.366376826793403
"16831","Mca033650.t02","dispensable",10,4,0,60,0.666666666666667,0,0.498550800633683,0.366376826793403
"18381","Mca033521.t01","dispensable",9,4,0,60,0.666666666666667,0,0.498550800633683,0.366376826793403
"18494","Mru038428.t01","dispensable",9,4,0,60,0.666666666666667,0,0.498550800633683,0.366376826793403
"21637","Mca040971.t02","dispensable",9,4,0,60,0.666666666666667,0,0.498550800633683,0.366376826793403
"23306","Msa148464.t01","dispensable",3,3,0,14,0.75,0,0.328421800455124,0.365684360091025
"15295","Mca020992.t02","dispensable",7,4,0,58,0.666666666666667,0,0.494507889183757,0.365568244503418
"7594","LOC_00013192-mRNA-1","dispensable",11,4,0,56,0.666666666666667,0,0.490325539819814,0.36473177463063
"2455","Mca010494.t01","dispensable",7,4,0,55,0.666666666666667,0,0.488179003918849,0.364302467450437
"2972","evm.model.Chr06.1626.3.6a7352d6","dispensable",23,4,0,55,0.666666666666667,0,0.488179003918849,0.364302467450437
"3434","Mpoly007852.t01","dispensable",7,4,0,55,0.666666666666667,0,0.488179003918849,0.364302467450437
"4318","Mru017531.t03","dispensable",9,4,0,55,0.666666666666667,0,0.488179003918849,0.364302467450437
"5164","Mca006966.t01","dispensable",8,4,0,55,0.666666666666667,0,0.488179003918849,0.364302467450437
"5356","Mca015924.t01","dispensable",6,4,0,55,0.666666666666667,0,0.488179003918849,0.364302467450437
"5540","Mca023610.t01","dispensable",8,4,0,55,0.666666666666667,0,0.488179003918849,0.364302467450437
"5695","Msa093504.t03","dispensable",9,4,0,55,0.666666666666667,0,0.488179003918849,0.364302467450437
"5870","Mca037981.t01","dispensable",7,4,0,55,0.666666666666667,0,0.488179003918849,0.364302467450437
"6316","Mca052671.t03","dispensable",11,4,0,55,0.666666666666667,0,0.488179003918849,0.364302467450437
"6615","Mca035475.t02","dispensable",11,4,0,55,0.666666666666667,0,0.488179003918849,0.364302467450437
"6638","Mpoly021530.t01","dispensable",8,4,0,55,0.666666666666667,0,0.488179003918849,0.364302467450437
"6830","Msa011747.t01","dispensable",8,4,0,55,0.666666666666667,0,0.488179003918849,0.364302467450437
"7161","Msa067609.t01","dispensable",7,4,0,55,0.666666666666667,0,0.488179003918849,0.364302467450437
"7800","Mca015899.t01","dispensable",7,4,0,55,0.666666666666667,0,0.488179003918849,0.364302467450437
"8084","Mara021309.t01","dispensable",10,4,0,55,0.666666666666667,0,0.488179003918849,0.364302467450437
"8695","Mara033384.t01","dispensable",11,4,0,55,0.666666666666667,0,0.488179003918849,0.364302467450437
"9835","Msa048878.t01","dispensable",7,4,0,55,0.666666666666667,0,0.488179003918849,0.364302467450437
"9891","Mru053440.t01","dispensable",10,4,0,55,0.666666666666667,0,0.488179003918849,0.364302467450437
"10702","Msa000688.t01","dispensable",7,4,0,55,0.666666666666667,0,0.488179003918849,0.364302467450437
"10888","Mca047144.t01","dispensable",8,4,0,55,0.666666666666667,0,0.488179003918849,0.364302467450437
"13707","Mara009698.t01","dispensable",9,4,0,55,0.666666666666667,0,0.488179003918849,0.364302467450437
"23384","Msa095825.t01","dispensable",8,4,0,55,0.666666666666667,0,0.488179003918849,0.364302467450437
"842","Mara013438.t01","dispensable",33,5,0,215,0.583333333333333,0,0.651892868116206,0.363711906956575
"7024","Msa048393.t02","dispensable",8,4,0,53,0.666666666666667,0,0.483768477418252,0.363420362150317
"5422","Mca018740.t04","dispensable",8,4,0,52,0.666666666666667,0,0.481501568194893,0.362966980305645
"7766","Msa111819.t01","dispensable",8,3,0,12,0.75,0,0.31106708646349,0.362213417292698
"8142","Msa128540.t01","dispensable",3,3,0,12,0.75,0,0.31106708646349,0.362213417292698
"10302","zm4.34G0065140.t1","dispensable",4,3,0,12,0.75,0,0.31106708646349,0.362213417292698
"23250","Msa129737.t01","dispensable",3,3,0,12,0.75,0,0.31106708646349,0.362213417292698
"23454","Msa151873.t01","dispensable",3,3,0,12,0.75,0,0.31106708646349,0.362213417292698
"1568","Mara028467.t01","dispensable",9,4,0,50,0.666666666666667,0,0.476836527199296,0.362033972106526
"2150","Mara044950.t01","dispensable",7,4,0,50,0.666666666666667,0,0.476836527199296,0.362033972106526
"4591","Mru043344.t02","dispensable",19,4,0,50,0.666666666666667,0,0.476836527199296,0.362033972106526
"5045","Mca000962.t01","dispensable",8,4,0,50,0.666666666666667,0,0.476836527199296,0.362033972106526
"5083","Mpoly002398.t02","dispensable",26,4,0,50,0.666666666666667,0,0.476836527199296,0.362033972106526
"5261","Mca011991.t02","dispensable",9,4,0,50,0.666666666666667,0,0.476836527199296,0.362033972106526
"5274","Mca012439.t01","dispensable",6,4,0,50,0.666666666666667,0,0.476836527199296,0.362033972106526
"5494","Mca021128.t01","dispensable",6,4,0,50,0.666666666666667,0,0.476836527199296,0.362033972106526
"5559","Mara021873.t01","dispensable",13,4,0,50,0.666666666666667,0,0.476836527199296,0.362033972106526
"5637","Mca028550.t02","dispensable",10,4,0,50,0.666666666666667,0,0.476836527199296,0.362033972106526
"5700","Mca030736.t01","dispensable",7,4,0,50,0.666666666666667,0,0.476836527199296,0.362033972106526
"5854","Msa150660.t01","dispensable",7,4,0,50,0.666666666666667,0,0.476836527199296,0.362033972106526
"5980","Mca041578.t01","dispensable",8,4,0,50,0.666666666666667,0,0.476836527199296,0.362033972106526
"6846","Msa020412.t01","dispensable",7,4,0,50,0.666666666666667,0,0.476836527199296,0.362033972106526
"7338","Msa079171.t01","dispensable",9,4,0,50,0.666666666666667,0,0.476836527199296,0.362033972106526
"7552","LOC_00011920-mRNA-1","dispensable",8,4,0,50,0.666666666666667,0,0.476836527199296,0.362033972106526
"7826","Mru028388.t01","dispensable",8,4,0,50,0.666666666666667,0,0.476836527199296,0.362033972106526
"7829","Msa113304.t01","dispensable",7,4,0,50,0.666666666666667,0,0.476836527199296,0.362033972106526
"7871","Mpoly004930.t01","dispensable",7,4,0,50,0.666666666666667,0,0.476836527199296,0.362033972106526
"8546","Msa168140.t01","dispensable",8,4,0,50,0.666666666666667,0,0.476836527199296,0.362033972106526
"8606","Msa005803.t01","dispensable",6,4,0,50,0.666666666666667,0,0.476836527199296,0.362033972106526
"9846","evm.model.Chr03.1688","dispensable",10,4,0,50,0.666666666666667,0,0.476836527199296,0.362033972106526
"10184","Mara042094.t01","dispensable",9,4,0,50,0.666666666666667,0,0.476836527199296,0.362033972106526
"10384","zm4.74G0056790.t1","dispensable",8,4,0,50,0.666666666666667,0,0.476836527199296,0.362033972106526
"11137","evm.model.Chr01.4222","dispensable",9,4,0,50,0.666666666666667,0,0.476836527199296,0.362033972106526
"13284","Mru038805.t01","dispensable",6,4,0,50,0.666666666666667,0,0.476836527199296,0.362033972106526
"15535","Mara027753.t01","dispensable",6,4,0,50,0.666666666666667,0,0.476836527199296,0.362033972106526
"16019","Mara045410.t02","dispensable",10,4,0,50,0.666666666666667,0,0.476836527199296,0.362033972106526
"17861","Mca041856.t02","dispensable",7,4,0,50,0.666666666666667,0,0.476836527199296,0.362033972106526
"21813","Mca014871.t01","dispensable",6,4,0,50,0.666666666666667,0,0.476836527199296,0.362033972106526
"22218","Msa125824.t01","dispensable",7,4,0,50,0.666666666666667,0,0.476836527199296,0.362033972106526
"22291","Mca024818.t01","dispensable",7,4,0,50,0.666666666666667,0,0.476836527199296,0.362033972106526
"22340","Msa030622.t01","dispensable",7,4,0,50,0.666666666666667,0,0.476836527199296,0.362033972106526
"10624","Mpoly015912.t01","dispensable",29,5,0,200,0.583333333333333,0,0.643164201889004,0.361966173711134
"5536","Msa020486.t01","dispensable",10,4,0,49,0.666666666666667,0,0.474434941546376,0.361553654975942
"5671","Mca029626.t01","dispensable",8,4,0,49,0.666666666666667,0,0.474434941546376,0.361553654975942
"6709","Mca050551.t01","dispensable",13,4,0,49,0.666666666666667,0,0.474434941546376,0.361553654975942
"9323","Msa030720.t01","dispensable",8,4,0,49,0.666666666666667,0,0.474434941546376,0.361553654975942
"20013","Mca040786.t01","dispensable",8,4,0,47,0.666666666666667,0,0.469484208752333,0.360563508417133
"10398","zm4.74G0066150.t1","dispensable",4,2,0,2,0.833333333333333,0,0.133235427356425,0.359980418804618
"2840","evm.model.Chr05.1278","dispensable",11,4,0,45,0.666666666666667,0,0.464322744172242,0.359531215501115
"3564","Mpoly014094.t02","dispensable",6,4,0,45,0.666666666666667,0,0.464322744172242,0.359531215501115
"3850","Mpoly028005.t01","dispensable",8,4,0,45,0.666666666666667,0,0.464322744172242,0.359531215501115
"4316","Mru017342.t02","dispensable",8,4,0,45,0.666666666666667,0,0.464322744172242,0.359531215501115
"4380","evm.model.Chr02.4837","dispensable",6,4,0,45,0.666666666666667,0,0.464322744172242,0.359531215501115
"4439","Mru028981.t05","dispensable",9,4,0,45,0.666666666666667,0,0.464322744172242,0.359531215501115
"4521","Mru036621.t02","dispensable",8,4,0,45,0.666666666666667,0,0.464322744172242,0.359531215501115
"4822","Mru013275.t03","dispensable",6,4,0,45,0.666666666666667,0,0.464322744172242,0.359531215501115
"5237","Mca011020.t01","dispensable",5,4,0,45,0.666666666666667,0,0.464322744172242,0.359531215501115
"5452","LOC_00001168-mRNA-1","dispensable",5,4,0,45,0.666666666666667,0,0.464322744172242,0.359531215501115
"5590","Mca026845.t02","dispensable",7,4,0,45,0.666666666666667,0,0.464322744172242,0.359531215501115
"5740","Mca032354.t01","dispensable",13,4,0,45,0.666666666666667,0,0.464322744172242,0.359531215501115
"5795","Mca034571.t01","dispensable",6,4,0,45,0.666666666666667,0,0.464322744172242,0.359531215501115
"5922","Mca039421.t01","dispensable",7,4,0,45,0.666666666666667,0,0.464322744172242,0.359531215501115
"5979","Mca041551.t01","dispensable",6,4,0,45,0.666666666666667,0,0.464322744172242,0.359531215501115
"6722","Mca048264.t03","dispensable",10,4,0,45,0.666666666666667,0,0.464322744172242,0.359531215501115
"6798","Msa004491.t01","dispensable",6,4,0,45,0.666666666666667,0,0.464322744172242,0.359531215501115
"6896","Mru003541.t02","dispensable",7,4,0,45,0.666666666666667,0,0.464322744172242,0.359531215501115
"7269","Msa071696.t01","dispensable",6,4,0,45,0.666666666666667,0,0.464322744172242,0.359531215501115
"7777","Msa112152.t01","dispensable",7,4,0,45,0.666666666666667,0,0.464322744172242,0.359531215501115
"8107","Msa127690.t01","dispensable",6,4,0,45,0.666666666666667,0,0.464322744172242,0.359531215501115
"8345","Msa149922.t01","dispensable",6,4,0,45,0.666666666666667,0,0.464322744172242,0.359531215501115
"9007","Msa018455.t01","dispensable",5,4,0,45,0.666666666666667,0,0.464322744172242,0.359531215501115
"9657","Msa039096.t01","dispensable",5,4,0,45,0.666666666666667,0,0.464322744172242,0.359531215501115
"10182","Msa025476.t01","dispensable",6,4,0,45,0.666666666666667,0,0.464322744172242,0.359531215501115
"10471","Mpoly022353.t01","dispensable",6,4,0,45,0.666666666666667,0,0.464322744172242,0.359531215501115
"10536","Mara028984.t01","dispensable",7,4,0,45,0.666666666666667,0,0.464322744172242,0.359531215501115
"11341","Mru009814.t02","dispensable",5,4,0,45,0.666666666666667,0,0.464322744172242,0.359531215501115
"11924","LOC_00034580-mRNA-1","dispensable",5,4,0,45,0.666666666666667,0,0.464322744172242,0.359531215501115
"13329","evm.model.Chr01.1733","dispensable",8,4,0,45,0.666666666666667,0,0.464322744172242,0.359531215501115
"14489","Mpoly009872.t01","dispensable",10,4,0,45,0.666666666666667,0,0.464322744172242,0.359531215501115
"15389","Mca037652.t01","dispensable",8,4,0,45,0.666666666666667,0,0.464322744172242,0.359531215501115
"15670","Mca022636.t01","dispensable",6,4,0,45,0.666666666666667,0,0.464322744172242,0.359531215501115
"16059","evm.model.Chr01.249","dispensable",9,4,0,45,0.666666666666667,0,0.464322744172242,0.359531215501115
"17109","evm.model.Chr08.3007","dispensable",8,4,0,45,0.666666666666667,0,0.464322744172242,0.359531215501115
"17133","Mpoly021859.t01","dispensable",6,4,0,45,0.666666666666667,0,0.464322744172242,0.359531215501115
"17396","Msa042816.t01","dispensable",6,4,0,45,0.666666666666667,0,0.464322744172242,0.359531215501115
"18820","LOC_00002034-mRNA-1","dispensable",5,4,0,45,0.666666666666667,0,0.464322744172242,0.359531215501115
"18996","Mru010007.t01","dispensable",5,4,0,45,0.666666666666667,0,0.464322744172242,0.359531215501115
"19035","Mca012897.t01","dispensable",7,4,0,45,0.666666666666667,0,0.464322744172242,0.359531215501115
"20024","Mru049169.t01","dispensable",5,4,0,45,0.666666666666667,0,0.464322744172242,0.359531215501115
"21832","Mca015177.t01","dispensable",5,4,0,45,0.666666666666667,0,0.464322744172242,0.359531215501115
"13788","Msa006166.t01","dispensable",9,4,0,43,0.666666666666667,0,0.45893180722027,0.358453028110721
"8128","Msa128157.t01","dispensable",3,3,0,10,0.75,0,0.290807416522316,0.358161483304463
"16926","Msa112717.t01","dispensable",3,3,0,10,0.75,0,0.290807416522316,0.358161483304463
"6139","Mca048867.t02","dispensable",9,4,0,42,0.666666666666667,0,0.456143727825037,0.357895412231674
"21596","Mca026955.t01","dispensable",6,4,0,41,0.666666666666667,0,0.45329004057732,0.357324674782131
"22229","Mca023557.t01","dispensable",7,4,0,41,0.666666666666667,0,0.45329004057732,0.357324674782131
"947","Mara015402.t01","dispensable",6,4,0,40,0.666666666666667,0,0.450367583204509,0.356740183307568
"996","Mara016764.t01","dispensable",6,4,0,40,0.666666666666667,0,0.450367583204509,0.356740183307568
"1623","Mara029919.t01","dispensable",8,4,0,40,0.666666666666667,0,0.450367583204509,0.356740183307568
"2361","evm.model.Chr02.418.2.6a73513c","dispensable",9,4,0,40,0.666666666666667,0,0.450367583204509,0.356740183307568
"2440","evm.model.Chr02.2719","dispensable",6,4,0,40,0.666666666666667,0,0.450367583204509,0.356740183307568
"2592","evm.model.Chr03.3109","dispensable",6,4,0,40,0.666666666666667,0,0.450367583204509,0.356740183307568
"3181","evm.model.Chr08.1571","dispensable",11,4,0,40,0.666666666666667,0,0.450367583204509,0.356740183307568
"3417","Mpoly006453.t01","dispensable",6,4,0,40,0.666666666666667,0,0.450367583204509,0.356740183307568
"3598","Mpoly015408.t02","dispensable",7,4,0,40,0.666666666666667,0,0.450367583204509,0.356740183307568
"4240","Mtrun005749.t01","dispensable",12,4,0,40,0.666666666666667,0,0.450367583204509,0.356740183307568
"5052","LOC_00021798-mRNA-2","dispensable",7,4,0,40,0.666666666666667,0,0.450367583204509,0.356740183307568
"5206","Mca009021.t01","dispensable",5,4,0,40,0.666666666666667,0,0.450367583204509,0.356740183307568
"5267","Mca012155.t02","dispensable",9,4,0,40,0.666666666666667,0,0.450367583204509,0.356740183307568
"5295","Mca013377.t01","dispensable",6,4,0,40,0.666666666666667,0,0.450367583204509,0.356740183307568
"5340","Mca015121.t01","dispensable",7,4,0,40,0.666666666666667,0,0.450367583204509,0.356740183307568
"5759","Mca032855.t01","dispensable",5,4,0,40,0.666666666666667,0,0.450367583204509,0.356740183307568
"5765","Mca033096.t01","dispensable",20,4,0,40,0.666666666666667,0,0.450367583204509,0.356740183307568
"5820","Mca035630.t01","dispensable",5,4,0,40,0.666666666666667,0,0.450367583204509,0.356740183307568
"5825","Mca035930.t01","dispensable",8,4,0,40,0.666666666666667,0,0.450367583204509,0.356740183307568
"5894","Mca038680.t01","dispensable",5,4,0,40,0.666666666666667,0,0.450367583204509,0.356740183307568
"5965","Mara044397.t01","dispensable",8,4,0,40,0.666666666666667,0,0.450367583204509,0.356740183307568
"5988","Mca041690.t02","dispensable",6,4,0,40,0.666666666666667,0,0.450367583204509,0.356740183307568
"6576","Msa094435.t01","dispensable",5,4,0,40,0.666666666666667,0,0.450367583204509,0.356740183307568
"6715","Mca047601.t02","dispensable",8,4,0,40,0.666666666666667,0,0.450367583204509,0.356740183307568
"6804","LOC_00026278-mRNA-1","dispensable",6,4,0,40,0.666666666666667,0,0.450367583204509,0.356740183307568
"7027","Msa048531.t01","dispensable",6,4,0,40,0.666666666666667,0,0.450367583204509,0.356740183307568
"7188","Msa068242.t01","dispensable",7,4,0,40,0.666666666666667,0,0.450367583204509,0.356740183307568
"7734","Mca039267.t01","dispensable",5,4,0,40,0.666666666666667,0,0.450367583204509,0.356740183307568
"7877","Mca039571.t02","dispensable",9,4,0,40,0.666666666666667,0,0.450367583204509,0.356740183307568
"10230","Mca053026.t01","dispensable",8,4,0,40,0.666666666666667,0,0.450367583204509,0.356740183307568
"10251","evm.model.Chr03.3879","dispensable",8,4,0,40,0.666666666666667,0,0.450367583204509,0.356740183307568
"10436","zm4.24G0029220.t1","dispensable",6,4,0,40,0.666666666666667,0,0.450367583204509,0.356740183307568
"11320","evm.model.Chr02.814","dispensable",6,4,0,40,0.666666666666667,0,0.450367583204509,0.356740183307568
"12802","LOC_00007603-mRNA-1","dispensable",6,4,0,40,0.666666666666667,0,0.450367583204509,0.356740183307568
"13103","Mca030093.t01","dispensable",6,4,0,40,0.666666666666667,0,0.450367583204509,0.356740183307568
"15155","evm.model.Chr02.4210","dispensable",6,4,0,40,0.666666666666667,0,0.450367583204509,0.356740183307568
"15330","Msa014608.t01","dispensable",8,4,0,40,0.666666666666667,0,0.450367583204509,0.356740183307568
"15357","Mara020744.t03","dispensable",5,4,0,40,0.666666666666667,0,0.450367583204509,0.356740183307568
"15645","Mara032677.t01","dispensable",6,4,0,40,0.666666666666667,0,0.450367583204509,0.356740183307568
"15675","zm4.84G0034360.t1","dispensable",6,4,0,40,0.666666666666667,0,0.450367583204509,0.356740183307568
"15797","Mara039077.t01","dispensable",5,4,0,40,0.666666666666667,0,0.450367583204509,0.356740183307568
"15842","Mara040228.t01","dispensable",7,4,0,40,0.666666666666667,0,0.450367583204509,0.356740183307568
"16195","Mpoly003395.t01","dispensable",5,4,0,40,0.666666666666667,0,0.450367583204509,0.356740183307568
"16357","evm.model.Chr02.1668","dispensable",7,4,0,40,0.666666666666667,0,0.450367583204509,0.356740183307568
"16404","Mru013511.t03","dispensable",5,4,0,40,0.666666666666667,0,0.450367583204509,0.356740183307568
"16408","Mca027421.t02","dispensable",11,4,0,40,0.666666666666667,0,0.450367583204509,0.356740183307568
"16835","evm.model.Chr05.540","dispensable",6,4,0,40,0.666666666666667,0,0.450367583204509,0.356740183307568
"17015","Mru040864.t01","dispensable",6,4,0,40,0.666666666666667,0,0.450367583204509,0.356740183307568
"17070","Mca041179.t01","dispensable",5,4,0,40,0.666666666666667,0,0.450367583204509,0.356740183307568
"17226","evm.model.Chr08.1120","dispensable",6,4,0,40,0.666666666666667,0,0.450367583204509,0.356740183307568
"17402","Mpoly002316.t01","dispensable",8,4,0,40,0.666666666666667,0,0.450367583204509,0.356740183307568
"17430","Mpoly003100.t01","dispensable",5,4,0,40,0.666666666666667,0,0.450367583204509,0.356740183307568
"17851","Mpoly015339.t01","dispensable",5,4,0,40,0.666666666666667,0,0.450367583204509,0.356740183307568
"18023","Mpoly021269.t01","dispensable",5,4,0,40,0.666666666666667,0,0.450367583204509,0.356740183307568
"18355","Mpoly031705.t03","dispensable",5,4,0,40,0.666666666666667,0,0.450367583204509,0.356740183307568
"22689","Mca034330.t02","dispensable",6,4,0,40,0.666666666666667,0,0.450367583204509,0.356740183307568
"12996","Mara021588.t01","dispensable",6,4,0,38,0.666666666666667,0,0.444302513819915,0.35552716943065
"6185","Mca050153.t01","dispensable",6,4,0,37,0.666666666666667,0,0.441152307812366,0.35489712822914
"9838","Msa048926.t01","dispensable",5,4,0,36,0.666666666666667,0,0.437918086482887,0.354250283963244
"15375","Mca023642.t02","dispensable",7,4,0,36,0.666666666666667,0,0.437918086482887,0.354250283963244
"21636","Mca011057.t02","dispensable",5,4,0,36,0.666666666666667,0,0.437918086482887,0.354250283963244
"5049","Mca001300.t02","dispensable",25,5,0,144,0.583333333333333,0,0.603558920512731,0.35404511743588
"780","Mara012434.t01","dispensable",6,4,0,35,0.666666666666667,0,0.434595245410804,0.353585715748828
"782","Mara012443.t01","dispensable",5,4,0,35,0.666666666666667,0,0.434595245410804,0.353585715748828
"970","Mara016159.t01","dispensable",8,4,0,35,0.666666666666667,0,0.434595245410804,0.353585715748828
"1000","Mara016830.t01","dispensable",5,4,0,35,0.666666666666667,0,0.434595245410804,0.353585715748828
"1037","Mara017500.t01","dispensable",6,4,0,35,0.666666666666667,0,0.434595245410804,0.353585715748828
"1782","Mara033969.t01","dispensable",6,4,0,35,0.666666666666667,0,0.434595245410804,0.353585715748828
"2278","evm.model.Chr01.1499","dispensable",9,4,0,35,0.666666666666667,0,0.434595245410804,0.353585715748828
"2402","evm.model.Chr02.1551","dispensable",5,4,0,35,0.666666666666667,0,0.434595245410804,0.353585715748828
"2813","evm.model.Chr05.571","dispensable",5,4,0,35,0.666666666666667,0,0.434595245410804,0.353585715748828
"3327","Mpoly001931.t01","dispensable",6,4,0,35,0.666666666666667,0,0.434595245410804,0.353585715748828
"3590","Mpoly015109.t01","dispensable",6,4,0,35,0.666666666666667,0,0.434595245410804,0.353585715748828
"3955","LOC_00052127-mRNA-1","dispensable",10,4,0,35,0.666666666666667,0,0.434595245410804,0.353585715748828
"4165","Mru001341.t02","dispensable",8,4,0,35,0.666666666666667,0,0.434595245410804,0.353585715748828
"4174","Mru002224.t01","dispensable",5,4,0,35,0.666666666666667,0,0.434595245410804,0.353585715748828
"4221","Mru006964.t02","dispensable",6,4,0,35,0.666666666666667,0,0.434595245410804,0.353585715748828
"4563","Mru040451.t02","dispensable",7,4,0,35,0.666666666666667,0,0.434595245410804,0.353585715748828
"4594","Mru043515.t01","dispensable",6,4,0,35,0.666666666666667,0,0.434595245410804,0.353585715748828
"4797","Mru007293.t02","dispensable",6,4,0,35,0.666666666666667,0,0.434595245410804,0.353585715748828
"4832","Mru016204.t02","dispensable",6,4,0,35,0.666666666666667,0,0.434595245410804,0.353585715748828
"4933","Mru039911.t02","dispensable",5,4,0,35,0.666666666666667,0,0.434595245410804,0.353585715748828
"5162","Mca006938.t02","dispensable",9,4,0,35,0.666666666666667,0,0.434595245410804,0.353585715748828
"5218","Mca009657.t02","dispensable",6,4,0,35,0.666666666666667,0,0.434595245410804,0.353585715748828
"5316","Mara037375.t01","dispensable",5,4,0,35,0.666666666666667,0,0.434595245410804,0.353585715748828
"5379","Mca016971.t01","dispensable",4,4,0,35,0.666666666666667,0,0.434595245410804,0.353585715748828
"5386","Mca017147.t01","dispensable",6,4,0,35,0.666666666666667,0,0.434595245410804,0.353585715748828
"5454","Mca019896.t01","dispensable",4,4,0,35,0.666666666666667,0,0.434595245410804,0.353585715748828
"5461","evm.model.Chr01.1765","dispensable",5,4,0,35,0.666666666666667,0,0.434595245410804,0.353585715748828
"5768","Mca033295.t01","dispensable",7,4,0,35,0.666666666666667,0,0.434595245410804,0.353585715748828
"5785","Mca034186.t01","dispensable",6,4,0,35,0.666666666666667,0,0.434595245410804,0.353585715748828
"5929","Mca039817.t01","dispensable",5,4,0,35,0.666666666666667,0,0.434595245410804,0.353585715748828
"5930","Mca039844.t03","dispensable",5,4,0,35,0.666666666666667,0,0.434595245410804,0.353585715748828
"5931","LOC_00030587-mRNA-1","dispensable",4,4,0,35,0.666666666666667,0,0.434595245410804,0.353585715748828
"6156","Mca049308.t01","dispensable",5,4,0,35,0.666666666666667,0,0.434595245410804,0.353585715748828
"6177","Mca049968.t04","dispensable",15,4,0,35,0.666666666666667,0,0.434595245410804,0.353585715748828
"6273","Mca051935.t01","dispensable",6,4,0,35,0.666666666666667,0,0.434595245410804,0.353585715748828
"6359","Mca053275.t02","dispensable",16,4,0,35,0.666666666666667,0,0.434595245410804,0.353585715748828
"6598","Mca031968.t01","dispensable",5,4,0,35,0.666666666666667,0,0.434595245410804,0.353585715748828
"6704","evm.model.Chr08.1258","dispensable",4,4,0,35,0.666666666666667,0,0.434595245410804,0.353585715748828
"7498","Msa093151.t01","dispensable",5,4,0,35,0.666666666666667,0,0.434595245410804,0.353585715748828
"7788","Msa112306.t01","dispensable",5,4,0,35,0.666666666666667,0,0.434595245410804,0.353585715748828
"7977","Msa125397.t01","dispensable",5,4,0,35,0.666666666666667,0,0.434595245410804,0.353585715748828
"8169","Mca042583.t02","dispensable",7,4,0,35,0.666666666666667,0,0.434595245410804,0.353585715748828
"8258","Msa077921.t01","dispensable",8,4,0,35,0.666666666666667,0,0.434595245410804,0.353585715748828
"8710","LOC_00031236-mRNA-2","dispensable",5,4,0,35,0.666666666666667,0,0.434595245410804,0.353585715748828
"8976","Msa017545.t01","dispensable",4,4,0,35,0.666666666666667,0,0.434595245410804,0.353585715748828
"9332","Msa030968.t01","dispensable",6,4,0,35,0.666666666666667,0,0.434595245410804,0.353585715748828
"9734","Msa041226.t01","dispensable",5,4,0,35,0.666666666666667,0,0.434595245410804,0.353585715748828
"10409","LOC_00015399-mRNA-2","dispensable",6,4,0,35,0.666666666666667,0,0.434595245410804,0.353585715748828
"10493","zm4.64G0023380.t1","dispensable",6,4,0,35,0.666666666666667,0,0.434595245410804,0.353585715748828
"10716","Msa000556.t01","dispensable",5,4,0,35,0.666666666666667,0,0.434595245410804,0.353585715748828
"11190","Msa006468.t01","dispensable",5,4,0,35,0.666666666666667,0,0.434595245410804,0.353585715748828
"11770","LOC_00032920-mRNA-1","dispensable",4,4,0,35,0.666666666666667,0,0.434595245410804,0.353585715748828
"11890","Msa015254.t01","dispensable",5,4,0,35,0.666666666666667,0,0.434595245410804,0.353585715748828
"13116","Mpoly025046.t01","dispensable",5,4,0,35,0.666666666666667,0,0.434595245410804,0.353585715748828
"15070","Mpoly002794.t01","dispensable",5,4,0,35,0.666666666666667,0,0.434595245410804,0.353585715748828
"15181","Mara013374.t01","dispensable",4,4,0,35,0.666666666666667,0,0.434595245410804,0.353585715748828
"15293","evm.model.Chr04.356","dispensable",7,4,0,35,0.666666666666667,0,0.434595245410804,0.353585715748828
"15439","Mara024466.t01","dispensable",7,4,0,35,0.666666666666667,0,0.434595245410804,0.353585715748828
"15827","Mara039785.t02","dispensable",5,4,0,35,0.666666666666667,0,0.434595245410804,0.353585715748828
"16569","Mpoly011319.t01","dispensable",4,4,0,35,0.666666666666667,0,0.434595245410804,0.353585715748828
"16951","Mpoly019396.t01","dispensable",5,4,0,35,0.666666666666667,0,0.434595245410804,0.353585715748828
"17048","Mca039734.t01","dispensable",5,4,0,35,0.666666666666667,0,0.434595245410804,0.353585715748828
"17320","Mpoly005924.t01","dispensable",5,4,0,35,0.666666666666667,0,0.434595245410804,0.353585715748828
"17514","Mpoly005659.t01","dispensable",4,4,0,35,0.666666666666667,0,0.434595245410804,0.353585715748828
"17585","Mpoly007232.t01","dispensable",5,4,0,35,0.666666666666667,0,0.434595245410804,0.353585715748828
"17775","Msa069087.t01","dispensable",5,4,0,35,0.666666666666667,0,0.434595245410804,0.353585715748828
"17859","Mpoly015597.t01","dispensable",5,4,0,35,0.666666666666667,0,0.434595245410804,0.353585715748828
"19177","Mru015292.t02","dispensable",4,4,0,35,0.666666666666667,0,0.434595245410804,0.353585715748828
"19310","Mru019158.t01","dispensable",4,4,0,35,0.666666666666667,0,0.434595245410804,0.353585715748828
"20157","Mru050659.t03","dispensable",6,4,0,35,0.666666666666667,0,0.434595245410804,0.353585715748828
"20211","Mca050712.t01","dispensable",5,4,0,35,0.666666666666667,0,0.434595245410804,0.353585715748828
"20969","Mca035433.t01","dispensable",5,4,0,35,0.666666666666667,0,0.434595245410804,0.353585715748828
"21841","Mca014832.t01","dispensable",4,4,0,35,0.666666666666667,0,0.434595245410804,0.353585715748828
"22517","zm4.54G0032210.t1","dispensable",5,4,0,35,0.666666666666667,0,0.434595245410804,0.353585715748828
"25080","zm4.21G0024670.t1","dispensable",5,4,0,35,0.666666666666667,0,0.434595245410804,0.353585715748828
"4129","Mpoly039209.t01","dispensable",7,4,0,34,0.666666666666667,0,0.431178790970618,0.35290242486079
"5613","evm.model.Chr04.4710","dispensable",14,4,0,34,0.666666666666667,0,0.431178790970618,0.35290242486079
"18397","Mpoly032761.t02","dispensable",6,4,0,34,0.666666666666667,0,0.431178790970618,0.35290242486079
"19383","Mca033556.t01","dispensable",5,4,0,34,0.666666666666667,0,0.431178790970618,0.35290242486079
"5060","Mca001792.t03","dispensable",28,5,0,135,0.583333333333333,0,0.595787685889802,0.352490870511294
"5708","Mca031202.t02","dispensable",7,4,0,33,0.666666666666667,0,0.427663295191848,0.352199325705036
"16774","Msa071065.t01","dispensable",6,4,0,33,0.666666666666667,0,0.427663295191848,0.352199325705036
"20336","Mtrun028322.t01","dispensable",4,4,0,33,0.666666666666667,0,0.427663295191848,0.352199325705036
"22774","Mca036456.t04","dispensable",5,4,0,33,0.666666666666667,0,0.427663295191848,0.352199325705036
"10197","Mca026943.t01","dispensable",24,5,0,130,0.583333333333333,0,0.591244978327229,0.351582328998779
"10317","zm4.74G0006920.t1","dispensable",5,4,0,32,0.666666666666667,0,0.424042843878741,0.351475235442415
"10514","Mca039027.t03","dispensable",6,4,0,32,0.666666666666667,0,0.424042843878741,0.351475235442415
"12814","Mca028187.t02","dispensable",5,4,0,32,0.666666666666667,0,0.424042843878741,0.351475235442415
"6459","Mca016031.t02","dispensable",22,5,0,126,0.583333333333333,0,0.587484177371846,0.350830168807703
"5633","Mca028382.t01","dispensable",6,4,0,31,0.666666666666667,0,0.420310976744885,0.350728862015644
"7193","Msa068328.t01","dispensable",5,4,0,31,0.666666666666667,0,0.420310976744885,0.350728862015644
"11374","LOC_00015711-mRNA-1","dispensable",6,4,0,31,0.666666666666667,0,0.420310976744885,0.350728862015644
"114","Mara001753.t01","dispensable",5,4,0,30,0.666666666666667,0,0.416460618040923,0.349958790274851
"466","Mara007337.t01","dispensable",5,4,0,30,0.666666666666667,0,0.416460618040923,0.349958790274851
"1256","Mara021792.t01","dispensable",5,4,0,30,0.666666666666667,0,0.416460618040923,0.349958790274851
"1501","Mara026672.t01","dispensable",5,4,0,30,0.666666666666667,0,0.416460618040923,0.349958790274851
"2146","Mara044782.t01","dispensable",6,4,0,30,0.666666666666667,0,0.416460618040923,0.349958790274851
"2155","Msa152887.t01","dispensable",5,4,0,30,0.666666666666667,0,0.416460618040923,0.349958790274851
"2301","evm.model.Chr01.3429.1.6a7354ea","dispensable",6,4,0,30,0.666666666666667,0,0.416460618040923,0.349958790274851
"2366","evm.model.Chr02.493","dispensable",5,4,0,30,0.666666666666667,0,0.416460618040923,0.349958790274851
"2644","evm.model.Chr04.372","dispensable",5,4,0,30,0.666666666666667,0,0.416460618040923,0.349958790274851
"2792","Mara024015.t01","dispensable",7,4,0,30,0.666666666666667,0,0.416460618040923,0.349958790274851
"2850","evm.model.Chr05.1760","dispensable",6,4,0,30,0.666666666666667,0,0.416460618040923,0.349958790274851
"2926","evm.model.Chr05.3910","dispensable",7,4,0,30,0.666666666666667,0,0.416460618040923,0.349958790274851
"2983","evm.model.Chr06.2098","dispensable",4,4,0,30,0.666666666666667,0,0.416460618040923,0.349958790274851
"2992","evm.model.Chr06.2593","dispensable",6,4,0,30,0.666666666666667,0,0.416460618040923,0.349958790274851
"3920","Mpoly032253.t01","dispensable",6,4,0,30,0.666666666666667,0,0.416460618040923,0.349958790274851
"4794","Mru006433.t02","dispensable",8,4,0,30,0.666666666666667,0,0.416460618040923,0.349958790274851
"5117","Mca004702.t01","dispensable",6,4,0,30,0.666666666666667,0,0.416460618040923,0.349958790274851
"5125","Mca004927.t01","dispensable",5,4,0,30,0.666666666666667,0,0.416460618040923,0.349958790274851
"5337","LOC_00033723-mRNA-1","dispensable",5,4,0,30,0.666666666666667,0,0.416460618040923,0.349958790274851
"5531","Mca023309.t01","dispensable",4,4,0,30,0.666666666666667,0,0.416460618040923,0.349958790274851
"5692","Mca030352.t02","dispensable",5,4,0,30,0.666666666666667,0,0.416460618040923,0.349958790274851
"5723","Mca031839.t01","dispensable",4,4,0,30,0.666666666666667,0,0.416460618040923,0.349958790274851
"5773","Mca033610.t02","dispensable",7,4,0,30,0.666666666666667,0,0.416460618040923,0.349958790274851
"5834","Mca036292.t01","dispensable",6,4,0,30,0.666666666666667,0,0.416460618040923,0.349958790274851
"5858","Mca037645.t01","dispensable",4,4,0,30,0.666666666666667,0,0.416460618040923,0.349958790274851
"5920","Mca039341.t01","dispensable",5,4,0,30,0.666666666666667,0,0.416460618040923,0.349958790274851
"5992","Mca041872.t01","dispensable",4,4,0,30,0.666666666666667,0,0.416460618040923,0.349958790274851
"6022","Mca043558.t01","dispensable",5,4,0,30,0.666666666666667,0,0.416460618040923,0.349958790274851
"6123","Mca048024.t01","dispensable",5,4,0,30,0.666666666666667,0,0.416460618040923,0.349958790274851
"6351","Mca053208.t03","dispensable",8,4,0,30,0.666666666666667,0,0.416460618040923,0.349958790274851
"6484","Msa019013.t01","dispensable",9,4,0,30,0.666666666666667,0,0.416460618040923,0.349958790274851
"6708","Mca046683.t02","dispensable",6,4,0,30,0.666666666666667,0,0.416460618040923,0.349958790274851
"6814","LOC_00026951-mRNA-1","dispensable",6,4,0,30,0.666666666666667,0,0.416460618040923,0.349958790274851
"7183","Msa067982.t01","dispensable",4,4,0,30,0.666666666666667,0,0.416460618040923,0.349958790274851
"7198","Msa068426.t01","dispensable",4,4,0,30,0.666666666666667,0,0.416460618040923,0.349958790274851
"7201","Mca022000.t02","dispensable",4,4,0,30,0.666666666666667,0,0.416460618040923,0.349958790274851
"7258","Msa071201.t01","dispensable",5,4,0,30,0.666666666666667,0,0.416460618040923,0.349958790274851
"7425","Msa090996.t01","dispensable",4,4,0,30,0.666666666666667,0,0.416460618040923,0.349958790274851
"7722","Mca032943.t01","dispensable",7,4,0,30,0.666666666666667,0,0.416460618040923,0.349958790274851
"7794","Msa112492.t01","dispensable",4,4,0,30,0.666666666666667,0,0.416460618040923,0.349958790274851
"7846","Msa113618.t01","dispensable",5,4,0,30,0.666666666666667,0,0.416460618040923,0.349958790274851
"7849","Msa113629.t01","dispensable",4,4,0,30,0.666666666666667,0,0.416460618040923,0.349958790274851
"7867","Msa038841.t01","dispensable",6,4,0,30,0.666666666666667,0,0.416460618040923,0.349958790274851
"8046","Msa126629.t01","dispensable",5,4,0,30,0.666666666666667,0,0.416460618040923,0.349958790274851
"8165","Msa129410.t01","dispensable",5,4,0,30,0.666666666666667,0,0.416460618040923,0.349958790274851
"8402","Mca048493.t01","dispensable",5,4,0,30,0.666666666666667,0,0.416460618040923,0.349958790274851
"8431","Mca052185.t06","dispensable",6,4,0,30,0.666666666666667,0,0.416460618040923,0.349958790274851
"8956","Msa016966.t01","dispensable",5,4,0,30,0.666666666666667,0,0.416460618040923,0.349958790274851
"9087","Msa020423.t02","dispensable",5,4,0,30,0.666666666666667,0,0.416460618040923,0.349958790274851
"9149","Mpoly014655.t02","dispensable",5,4,0,30,0.666666666666667,0,0.416460618040923,0.349958790274851
"9253","Mca045308.t01","dispensable",7,4,0,30,0.666666666666667,0,0.416460618040923,0.349958790274851
"9355","Msa031471.t01","dispensable",5,4,0,30,0.666666666666667,0,0.416460618040923,0.349958790274851
"9568","Msa036866.t01","dispensable",4,4,0,30,0.666666666666667,0,0.416460618040923,0.349958790274851
"10139","zm4.44G0021630.t1","dispensable",5,4,0,30,0.666666666666667,0,0.416460618040923,0.349958790274851
"10167","evm.model.Chr04.2473","dispensable",7,4,0,30,0.666666666666667,0,0.416460618040923,0.349958790274851
"10357","zm4.74G0033980.t1","dispensable",5,4,0,30,0.666666666666667,0,0.416460618040923,0.349958790274851
"10422","LOC_00016154-mRNA-1","dispensable",5,4,0,30,0.666666666666667,0,0.416460618040923,0.349958790274851
"10543","evm.model.Chr08.1055","dispensable",5,4,0,30,0.666666666666667,0,0.416460618040923,0.349958790274851
"10690","Mca000905.t02","dispensable",5,4,0,30,0.666666666666667,0,0.416460618040923,0.349958790274851
"10945","LOC_00023634-mRNA-1","dispensable",5,4,0,30,0.666666666666667,0,0.416460618040923,0.349958790274851
"11027","evm.model.Chr01.3208","dispensable",5,4,0,30,0.666666666666667,0,0.416460618040923,0.349958790274851
"11127","Msa005903.t01","dispensable",4,4,0,30,0.666666666666667,0,0.416460618040923,0.349958790274851
"11447","LOC_00016732-mRNA-1","dispensable",4,4,0,30,0.666666666666667,0,0.416460618040923,0.349958790274851
"11593","Msa011552.t01","dispensable",4,4,0,30,0.666666666666667,0,0.416460618040923,0.349958790274851
"11655","Mca011597.t01","dispensable",4,4,0,30,0.666666666666667,0,0.416460618040923,0.349958790274851
"11881","Msa015095.t01","dispensable",4,4,0,30,0.666666666666667,0,0.416460618040923,0.349958790274851
"11972","Msa016495.t01","dispensable",4,4,0,30,0.666666666666667,0,0.416460618040923,0.349958790274851
"12000","Msa016904.t01","dispensable",4,4,0,30,0.666666666666667,0,0.416460618040923,0.349958790274851
"12002","LOC_00035673-mRNA-1","dispensable",4,4,0,30,0.666666666666667,0,0.416460618040923,0.349958790274851
"12036","LOC_00036244-mRNA-1","dispensable",4,4,0,30,0.666666666666667,0,0.416460618040923,0.349958790274851
"12217","LOC_00039014-mRNA-1","dispensable",6,4,0,30,0.666666666666667,0,0.416460618040923,0.349958790274851
"12546","LOC_00003806-mRNA-1","dispensable",4,4,0,30,0.666666666666667,0,0.416460618040923,0.349958790274851
"12601","evm.model.Chr04.2917","dispensable",5,4,0,30,0.666666666666667,0,0.416460618040923,0.349958790274851
"12608","evm.model.Chr04.3044","dispensable",5,4,0,30,0.666666666666667,0,0.416460618040923,0.349958790274851
"12625","Mca024517.t01","dispensable",4,4,0,30,0.666666666666667,0,0.416460618040923,0.349958790274851
"12817","LOC_00007800-mRNA-1","dispensable",5,4,0,30,0.666666666666667,0,0.416460618040923,0.349958790274851
"12837","Mpoly016186.t01","dispensable",6,4,0,30,0.666666666666667,0,0.416460618040923,0.349958790274851
"12951","Msa029145.t01","dispensable",6,4,0,30,0.666666666666667,0,0.416460618040923,0.349958790274851
"13083","Msa093966.t01","dispensable",4,4,0,30,0.666666666666667,0,0.416460618040923,0.349958790274851
"13178","Mru036702.t01","dispensable",4,4,0,30,0.666666666666667,0,0.416460618040923,0.349958790274851
"13226","Msa095886.t01","dispensable",4,4,0,30,0.666666666666667,0,0.416460618040923,0.349958790274851
"13289","Msa035018.t01","dispensable",4,4,0,30,0.666666666666667,0,0.416460618040923,0.349958790274851
"13446","Msa113432.t01","dispensable",4,4,0,30,0.666666666666667,0,0.416460618040923,0.349958790274851
"13680","Mca043483.t03","dispensable",6,4,0,30,0.666666666666667,0,0.416460618040923,0.349958790274851
"13859","LOC_00044900-mRNA-1","dispensable",6,4,0,30,0.666666666666667,0,0.416460618040923,0.349958790274851
"14739","Mara036306.t01","dispensable",6,4,0,30,0.666666666666667,0,0.416460618040923,0.349958790274851
"15172","evm.model.Chr01.2848","dispensable",7,4,0,30,0.666666666666667,0,0.416460618040923,0.349958790274851
"15237","Mara023665.t02","dispensable",8,4,0,30,0.666666666666667,0,0.416460618040923,0.349958790274851
"15402","Msa038411.t07","dispensable",4,4,0,30,0.666666666666667,0,0.416460618040923,0.349958790274851
"15679","Mara034258.t01","dispensable",6,4,0,30,0.666666666666667,0,0.416460618040923,0.349958790274851
"15680","Mpoly034199.t01","dispensable",4,4,0,30,0.666666666666667,0,0.416460618040923,0.349958790274851
"15805","Mara044857.t01","dispensable",6,4,0,30,0.666666666666667,0,0.416460618040923,0.349958790274851
"15953","evm.model.Chr08.2778.1.6a735451","dispensable",7,4,0,30,0.666666666666667,0,0.416460618040923,0.349958790274851
"16242","Mru016920.t01","dispensable",4,4,0,30,0.666666666666667,0,0.416460618040923,0.349958790274851
"16348","evm.model.Chr07.4305","dispensable",4,4,0,30,0.666666666666667,0,0.416460618040923,0.349958790274851
"16366","evm.model.Chr02.2007","dispensable",5,4,0,30,0.666666666666667,0,0.416460618040923,0.349958790274851
"16622","Mpoly012673.t01","dispensable",4,4,0,30,0.666666666666667,0,0.416460618040923,0.349958790274851
"16666","Mca020534.t01","dispensable",5,4,0,30,0.666666666666667,0,0.416460618040923,0.349958790274851
"16777","Mpoly019742.t02","dispensable",5,4,0,30,0.666666666666667,0,0.416460618040923,0.349958790274851
"17173","evm.model.Chr07.3669","dispensable",5,4,0,30,0.666666666666667,0,0.416460618040923,0.349958790274851
"17422","Mpoly002891.t01","dispensable",4,4,0,30,0.666666666666667,0,0.416460618040923,0.349958790274851
"17553","Mpoly006406.t01","dispensable",4,4,0,30,0.666666666666667,0,0.416460618040923,0.349958790274851
"17647","Mpoly008899.t01","dispensable",4,4,0,30,0.666666666666667,0,0.416460618040923,0.349958790274851
"17958","Mpoly022469.t01","dispensable",4,4,0,30,0.666666666666667,0,0.416460618040923,0.349958790274851
"18037","zm4.34G0015110.t1","dispensable",4,4,0,30,0.666666666666667,0,0.416460618040923,0.349958790274851
"18084","Mca020894.t01","dispensable",8,4,0,30,0.666666666666667,0,0.416460618040923,0.349958790274851
"18161","Mpoly025386.t01","dispensable",5,4,0,30,0.666666666666667,0,0.416460618040923,0.349958790274851
"18170","Mpoly025782.t01","dispensable",4,4,0,30,0.666666666666667,0,0.416460618040923,0.349958790274851
"18367","Mpoly032035.t02","dispensable",5,4,0,30,0.666666666666667,0,0.416460618040923,0.349958790274851
"19191","Msa014018.t01","dispensable",4,4,0,30,0.666666666666667,0,0.416460618040923,0.349958790274851
"19583","Msa071546.t02","dispensable",4,4,0,30,0.666666666666667,0,0.416460618040923,0.349958790274851
"19887","zm4.64G0017970.t1","dispensable",4,4,0,30,0.666666666666667,0,0.416460618040923,0.349958790274851
"20791","Mru031507.t03","dispensable",5,4,0,30,0.666666666666667,0,0.416460618040923,0.349958790274851
"20857","Mca036466.t01","dispensable",4,4,0,30,0.666666666666667,0,0.416460618040923,0.349958790274851
"20888","Mru040028.t05","dispensable",6,4,0,30,0.666666666666667,0,0.416460618040923,0.349958790274851
"21216","Mca025816.t01","dispensable",4,4,0,30,0.666666666666667,0,0.416460618040923,0.349958790274851
"21709","Mca012771.t01","dispensable",4,4,0,30,0.666666666666667,0,0.416460618040923,0.349958790274851
"21742","zm4.24G0030070.t1","dispensable",4,4,0,30,0.666666666666667,0,0.416460618040923,0.349958790274851
"22683","Mca033072.t01","dispensable",4,4,0,30,0.666666666666667,0,0.416460618040923,0.349958790274851
"23211","Mca045023.t02","dispensable",4,4,0,30,0.666666666666667,0,0.416460618040923,0.349958790274851
"23391","Mca047445.t01","dispensable",4,4,0,30,0.666666666666667,0,0.416460618040923,0.349958790274851
"24285","Mca032206.t01","dispensable",4,4,0,30,0.666666666666667,0,0.416460618040923,0.349958790274851
"624","Mara009521.t01","dispensable",17,5,0,120,0.583333333333333,0,0.581614833044633,0.34965629994226
"16048","Msa075966.t01","dispensable",20,5,0,120,0.583333333333333,0,0.581614833044633,0.34965629994226
"3036","evm.model.Chr07.629","dispensable",5,4,0,29,0.666666666666667,0,0.412483995804101,0.349163465827487
"5652","Mca028976.t01","dispensable",4,4,0,29,0.666666666666667,0,0.412483995804101,0.349163465827487
"11607","Msa011764.t01","dispensable",4,4,0,29,0.666666666666667,0,0.412483995804101,0.349163465827487
"15220","Mpoly028390.t01","dispensable",4,4,0,29,0.666666666666667,0,0.412483995804101,0.349163465827487
"23586","Msa002161.t01","dispensable",4,4,0,29,0.666666666666667,0,0.412483995804101,0.349163465827487
"3848","Mpoly027872.t01","dispensable",5,4,0,28,0.666666666666667,0,0.408372547414032,0.348341176149473
"8423","Msa152505.t01","dispensable",13,4,0,28,0.666666666666667,0,0.408372547414032,0.348341176149473
"16709","Mpoly015387.t01","dispensable",4,4,0,28,0.666666666666667,0,0.408372547414032,0.348341176149473
"6472","Mca017587.t03","dispensable",19,5,0,111,0.583333333333333,0,0.572241199267826,0.347781573186899
"4652","Mru048333.t01","dispensable",19,5,0,110,0.583333333333333,0,0.571153513839312,0.347564036101196
"5057","Mca031708.t02","dispensable",19,5,0,110,0.583333333333333,0,0.571153513839312,0.347564036101196
"5528","Mca022782.t01","dispensable",6,4,0,27,0.666666666666667,0,0.404116808569872,0.347490028380641
"7763","Msa111791.t01","dispensable",5,4,0,27,0.666666666666667,0,0.404116808569872,0.347490028380641
"19575","Mru028814.t01","dispensable",4,4,0,27,0.666666666666667,0,0.404116808569872,0.347490028380641
"4491","Mru033200.t01","dispensable",12,5,0,106,0.583333333333333,0,0.566702514749533,0.34667383628324
"20548","Mca039650.t01","dispensable",14,5,0,106,0.583333333333333,0,0.566702514749533,0.34667383628324
"5946","Mca040294.t01","dispensable",4,4,0,26,0.666666666666667,0,0.399706282069275,0.346607923080522
"10186","zm4.44G0051550.t1","dispensable",6,4,0,26,0.666666666666667,0,0.399706282069275,0.346607923080522
"17835","Msa112309.t01","dispensable",4,4,0,26,0.666666666666667,0,0.399706282069275,0.346607923080522
"2320","evm.model.Chr01.4139","dispensable",18,5,0,105,0.583333333333333,0,0.56556376354387,0.346446086042107
"6011","Mca042976.t01","dispensable",12,5,0,105,0.583333333333333,0,0.56556376354387,0.346446086042107
"12166","Mca052800.t02","dispensable",18,5,0,105,0.583333333333333,0,0.56556376354387,0.346446086042107
"142","Mara002021.t01","dispensable",5,4,0,25,0.666666666666667,0,0.395129281812467,0.34569252302916
"609","Mara009344.t01","dispensable",5,4,0,25,0.666666666666667,0,0.395129281812467,0.34569252302916
"889","Mara014280.t01","dispensable",5,4,0,25,0.666666666666667,0,0.395129281812467,0.34569252302916
"1600","Mara029169.t01","dispensable",4,4,0,25,0.666666666666667,0,0.395129281812467,0.34569252302916
"2001","Mara040136.t01","dispensable",5,4,0,25,0.666666666666667,0,0.395129281812467,0.34569252302916
"2026","Mara040849.t01","dispensable",5,4,0,25,0.666666666666667,0,0.395129281812467,0.34569252302916
"2073","Mara042554.t01","dispensable",8,4,0,25,0.666666666666667,0,0.395129281812467,0.34569252302916
"2193","Mpoly020105.t01","dispensable",4,4,0,25,0.666666666666667,0,0.395129281812467,0.34569252302916
"2321","LOC_00026134-mRNA-1","dispensable",5,4,0,25,0.666666666666667,0,0.395129281812467,0.34569252302916
"2390","LOC_00015175-mRNA-1","dispensable",5,4,0,25,0.666666666666667,0,0.395129281812467,0.34569252302916
"2569","evm.model.Chr03.2383","dispensable",5,4,0,25,0.666666666666667,0,0.395129281812467,0.34569252302916
"2753","evm.model.Chr04.3446","dispensable",5,4,0,25,0.666666666666667,0,0.395129281812467,0.34569252302916
"2913","evm.model.Chr05.3627","dispensable",5,4,0,25,0.666666666666667,0,0.395129281812467,0.34569252302916
"3020","evm.model.Chr07.105","dispensable",5,4,0,25,0.666666666666667,0,0.395129281812467,0.34569252302916
"3029","evm.model.Chr07.451","dispensable",4,4,0,25,0.666666666666667,0,0.395129281812467,0.34569252302916
"3364","LOC_00025626-mRNA-1","dispensable",5,4,0,25,0.666666666666667,0,0.395129281812467,0.34569252302916
"3781","Mpoly025238.t01","dispensable",13,4,0,25,0.666666666666667,0,0.395129281812467,0.34569252302916
"3800","Mpoly025778.t01","dispensable",5,4,0,25,0.666666666666667,0,0.395129281812467,0.34569252302916
"3862","Mpoly028433.t01","dispensable",8,4,0,25,0.666666666666667,0,0.395129281812467,0.34569252302916
"3967","Mpoly035288.t01","dispensable",4,4,0,25,0.666666666666667,0,0.395129281812467,0.34569252302916
"4622","LOC_00044674-mRNA-2","dispensable",5,4,0,25,0.666666666666667,0,0.395129281812467,0.34569252302916
"5595","Mara023525.t02","dispensable",7,4,0,25,0.666666666666667,0,0.395129281812467,0.34569252302916
"5685","Mca030211.t01","dispensable",4,4,0,25,0.666666666666667,0,0.395129281812467,0.34569252302916
"5787","Mca034235.t01","dispensable",4,4,0,25,0.666666666666667,0,0.395129281812467,0.34569252302916
"6216","Mca050803.t02","dispensable",4,4,0,25,0.666666666666667,0,0.395129281812467,0.34569252302916
"6262","Mca051793.t01","dispensable",5,4,0,25,0.666666666666667,0,0.395129281812467,0.34569252302916
"6270","Mca051914.t01","dispensable",4,4,0,25,0.666666666666667,0,0.395129281812467,0.34569252302916
"6309","Mca052554.t01","dispensable",4,4,0,25,0.666666666666667,0,0.395129281812467,0.34569252302916
"6336","Mpoly035048.t01","dispensable",5,4,0,25,0.666666666666667,0,0.395129281812467,0.34569252302916
"6343","Mca053011.t01","dispensable",4,4,0,25,0.666666666666667,0,0.395129281812467,0.34569252302916
"6875","Msa024678.t01","dispensable",5,4,0,25,0.666666666666667,0,0.395129281812467,0.34569252302916
"7031","Msa049594.t01","dispensable",4,4,0,25,0.666666666666667,0,0.395129281812467,0.34569252302916
"7206","Msa068636.t01","dispensable",4,4,0,25,0.666666666666667,0,0.395129281812467,0.34569252302916
"7249","Msa070479.t01","dispensable",5,4,0,25,0.666666666666667,0,0.395129281812467,0.34569252302916
"7506","Mca046684.t01","dispensable",8,4,0,25,0.666666666666667,0,0.395129281812467,0.34569252302916
"7538","Msa094136.t01","dispensable",4,4,0,25,0.666666666666667,0,0.395129281812467,0.34569252302916
"8187","Msa130275.t01","dispensable",5,4,0,25,0.666666666666667,0,0.395129281812467,0.34569252302916
"8213","zm4.74G0041370.t1","dispensable",5,4,0,25,0.666666666666667,0,0.395129281812467,0.34569252302916
"8437","Msa152836.t01","dispensable",4,4,0,25,0.666666666666667,0,0.395129281812467,0.34569252302916
"8647","Msa007131.t01","dispensable",6,4,0,25,0.666666666666667,0,0.395129281812467,0.34569252302916
"8701","LOC_00053493-mRNA-1","dispensable",7,4,0,25,0.666666666666667,0,0.395129281812467,0.34569252302916
"9322","Msa030698.t01","dispensable",4,4,0,25,0.666666666666667,0,0.395129281812467,0.34569252302916
"9518","Msa035646.t02","dispensable",6,4,0,25,0.666666666666667,0,0.395129281812467,0.34569252302916
"9731","Msa041211.t01","dispensable",4,4,0,25,0.666666666666667,0,0.395129281812467,0.34569252302916
"9864","Mca050618.t01","dispensable",5,4,0,25,0.666666666666667,0,0.395129281812467,0.34569252302916
"9911","Mpoly005913.t02","dispensable",7,4,0,25,0.666666666666667,0,0.395129281812467,0.34569252302916
"10260","Mara014230.t01","dispensable",5,4,0,25,0.666666666666667,0,0.395129281812467,0.34569252302916
"10356","LOC_00042683-mRNA-1","dispensable",5,4,0,25,0.666666666666667,0,0.395129281812467,0.34569252302916
"10527","zm4.54G0003160.t1","dispensable",4,4,0,25,0.666666666666667,0,0.395129281812467,0.34569252302916
"10530","zm4.54G0005220.t1","dispensable",4,4,0,25,0.666666666666667,0,0.395129281812467,0.34569252302916
"10544","Mara028603.t01","dispensable",4,4,0,25,0.666666666666667,0,0.395129281812467,0.34569252302916
"10574","Mpoly025567.t01","dispensable",4,4,0,25,0.666666666666667,0,0.395129281812467,0.34569252302916
"10649","zm4.84G0015700.t1","dispensable",5,4,0,25,0.666666666666667,0,0.395129281812467,0.34569252302916
"10666","zm4.84G0035100.t1","dispensable",5,4,0,25,0.666666666666667,0,0.395129281812467,0.34569252302916
"10685","evm.model.Chr01.1177","dispensable",6,4,0,25,0.666666666666667,0,0.395129281812467,0.34569252302916
"10773","evm.model.Chr01.52","dispensable",5,4,0,25,0.666666666666667,0,0.395129281812467,0.34569252302916
"10921","LOC_00023299-mRNA-2","dispensable",4,4,0,25,0.666666666666667,0,0.395129281812467,0.34569252302916
"11050","Msa003881.t01","dispensable",4,4,0,25,0.666666666666667,0,0.395129281812467,0.34569252302916
"11209","LOC_00027167-mRNA-1","dispensable",4,4,0,25,0.666666666666667,0,0.395129281812467,0.34569252302916
"11222","LOC_00027284-mRNA-1","dispensable",4,4,0,25,0.666666666666667,0,0.395129281812467,0.34569252302916
"11245","LOC_00013780-mRNA-1","dispensable",4,4,0,25,0.666666666666667,0,0.395129281812467,0.34569252302916
"11319","LOC_00014810-mRNA-1","dispensable",5,4,0,25,0.666666666666667,0,0.395129281812467,0.34569252302916
"11463","Mara018904.t01","dispensable",5,4,0,25,0.666666666666667,0,0.395129281812467,0.34569252302916
"11485","LOC_00017238-mRNA-1","dispensable",4,4,0,25,0.666666666666667,0,0.395129281812467,0.34569252302916
"11819","LOC_00033522-mRNA-1","dispensable",4,4,0,25,0.666666666666667,0,0.395129281812467,0.34569252302916
"12129","Mca018204.t02","dispensable",5,4,0,25,0.666666666666667,0,0.395129281812467,0.34569252302916
"12655","Mara022767.t01","dispensable",5,4,0,25,0.666666666666667,0,0.395129281812467,0.34569252302916
"12700","Mara023446.t01","dispensable",5,4,0,25,0.666666666666667,0,0.395129281812467,0.34569252302916
"12763","Mpoly018392.t01","dispensable",4,4,0,25,0.666666666666667,0,0.395129281812467,0.34569252302916
"12832","evm.model.Chr06.377","dispensable",4,4,0,25,0.666666666666667,0,0.395129281812467,0.34569252302916
"12881","Mpoly019580.t01","dispensable",4,4,0,25,0.666666666666667,0,0.395129281812467,0.34569252302916
"12918","LOC_00009243-mRNA-2","dispensable",11,4,0,25,0.666666666666667,0,0.395129281812467,0.34569252302916
"13135","LOC_00012170-mRNA-1","dispensable",5,4,0,25,0.666666666666667,0,0.395129281812467,0.34569252302916
"13294","LOC_00028747-mRNA-2","dispensable",4,4,0,25,0.666666666666667,0,0.395129281812467,0.34569252302916
"13309","LOC_00029045-mRNA-1","dispensable",4,4,0,25,0.666666666666667,0,0.395129281812467,0.34569252302916
"13320","Mara032864.t01","dispensable",6,4,0,25,0.666666666666667,0,0.395129281812467,0.34569252302916
"13495","LOC_00031744-mRNA-1","dispensable",4,4,0,25,0.666666666666667,0,0.395129281812467,0.34569252302916
"13676","Msa127527.t01","dispensable",5,4,0,25,0.666666666666667,0,0.395129281812467,0.34569252302916
"13849","LOC_00044710-mRNA-1","dispensable",4,4,0,25,0.666666666666667,0,0.395129281812467,0.34569252302916
"13915","LOC_00045870-mRNA-1","dispensable",4,4,0,25,0.666666666666667,0,0.395129281812467,0.34569252302916
"14000","Msa148072.t01","dispensable",5,4,0,25,0.666666666666667,0,0.395129281812467,0.34569252302916
"14147","LOC_00049763-mRNA-1","dispensable",6,4,0,25,0.666666666666667,0,0.395129281812467,0.34569252302916
"14300","LOC_00052274-mRNA-1","dispensable",4,4,0,25,0.666666666666667,0,0.395129281812467,0.34569252302916
"14944","Mtrun031189.t02","dispensable",10,4,0,25,0.666666666666667,0,0.395129281812467,0.34569252302916
"15153","Mara044012.t01","dispensable",4,4,0,25,0.666666666666667,0,0.395129281812467,0.34569252302916
"15508","Msa000500.t02","dispensable",4,4,0,25,0.666666666666667,0,0.395129281812467,0.34569252302916
"15587","Mara030226.t01","dispensable",4,4,0,25,0.666666666666667,0,0.395129281812467,0.34569252302916
"15745","Mpoly027937.t01","dispensable",4,4,0,25,0.666666666666667,0,0.395129281812467,0.34569252302916
"15824","Mpoly030339.t01","dispensable",5,4,0,25,0.666666666666667,0,0.395129281812467,0.34569252302916
"15826","Mara039700.t01","dispensable",5,4,0,25,0.666666666666667,0,0.395129281812467,0.34569252302916
"15962","Mara043914.t01","dispensable",4,4,0,25,0.666666666666667,0,0.395129281812467,0.34569252302916
"15983","Msa066814.t01","dispensable",4,4,0,25,0.666666666666667,0,0.395129281812467,0.34569252302916
"17039","evm.model.Chr06.3158","dispensable",4,4,0,25,0.666666666666667,0,0.395129281812467,0.34569252302916
"17135","Mca044429.t06","dispensable",5,4,0,25,0.666666666666667,0,0.395129281812467,0.34569252302916
"17196","evm.model.Chr07.4638","dispensable",4,4,0,25,0.666666666666667,0,0.395129281812467,0.34569252302916
"17213","evm.model.Chr08.775","dispensable",4,4,0,25,0.666666666666667,0,0.395129281812467,0.34569252302916
"17229","evm.model.Chr08.1208","dispensable",4,4,0,25,0.666666666666667,0,0.395129281812467,0.34569252302916
"17342","Mpoly000440.t01","dispensable",4,4,0,25,0.666666666666667,0,0.395129281812467,0.34569252302916
"17617","Mpoly008226.t01","dispensable",4,4,0,25,0.666666666666667,0,0.395129281812467,0.34569252302916
"17818","Mpoly014373.t01","dispensable",4,4,0,25,0.666666666666667,0,0.395129281812467,0.34569252302916
"18379","Mpoly032295.t01","dispensable",4,4,0,25,0.666666666666667,0,0.395129281812467,0.34569252302916
"20268","Mca052430.t01","dispensable",4,4,0,25,0.666666666666667,0,0.395129281812467,0.34569252302916
"20368","zm4.24G0020590.t1","dispensable",4,4,0,25,0.666666666666667,0,0.395129281812467,0.34569252302916
"21685","Mca013515.t01","dispensable",4,4,0,25,0.666666666666667,0,0.395129281812467,0.34569252302916
"22702","Mca035018.t01","dispensable",4,4,0,25,0.666666666666667,0,0.395129281812467,0.34569252302916
"22921","Msa042279.t01","dispensable",4,4,0,25,0.666666666666667,0,0.395129281812467,0.34569252302916
"23443","Mca051266.t01","dispensable",5,4,0,25,0.666666666666667,0,0.395129281812467,0.34569252302916
"21265","Msa127295.t01","dispensable",15,5,0,101,0.583333333333333,0,0.560898722548273,0.345513077842988
"3702","Mara033784.t01","dispensable",18,5,0,100,0.583333333333333,0,0.559703874337883,0.34527410820091
"5400","Mca017730.t01","dispensable",12,5,0,100,0.583333333333333,0,0.559703874337883,0.34527410820091
"15433","Mpoly018291.t01","dispensable",4,4,0,24,0.666666666666667,0,0.390372746197399,0.344741215906147
"17315","Mpoly006950.t02","dispensable",5,4,0,24,0.666666666666667,0,0.390372746197399,0.344741215906147
"19002","Msa039177.t01","dispensable",18,5,0,97,0.583333333333333,0,0.556047031092814,0.344542739551896
"75","Mara001210.t01","dispensable",22,5,0,95,0.583333333333333,0,0.55354640410131,0.344042614153595
"8893","Msa014508.t01","dispensable",11,5,0,95,0.583333333333333,0,0.55354640410131,0.344042614153595
"9803","zm4.34G0060090.t1","dispensable",19,5,0,95,0.583333333333333,0,0.55354640410131,0.344042614153595
"13623","LOC_00041050-mRNA-1","dispensable",4,4,0,23,0.666666666666667,0,0.385422013403356,0.343751069347338
"17205","evm.model.Chr08.455","dispensable",6,4,0,23,0.666666666666667,0,0.385422013403356,0.343751069347338
"5332","Mpoly021654.t01","dispensable",11,5,0,93,0.583333333333333,0,0.550993128481952,0.343531959029724
"45","Mara000623.t01","dispensable",19,5,0,90,0.583333333333333,0,0.547059504335408,0.342745234200415
"2682","evm.model.Chr02.2207","dispensable",26,5,0,90,0.583333333333333,0,0.547059504335408,0.342745234200415
"7490","Msa092941.t03","dispensable",16,5,0,90,0.583333333333333,0,0.547059504335408,0.342745234200415
"8008","Msa125891.t01","dispensable",17,5,0,90,0.583333333333333,0,0.547059504335408,0.342745234200415
"5394","Mca017865.t01","dispensable",12,5,0,88,0.583333333333333,0,0.544364368701798,0.342206207073693
"9039","Mru000713.t02","dispensable",14,5,0,87,0.583333333333333,0,0.542994002569247,0.341932133847183
"2221","evm.model.Chr01.542","dispensable",8,4,0,21,0.666666666666667,0,0.374869611871293,0.341640589040925
"8136","Msa128296.t01","dispensable",4,4,0,21,0.666666666666667,0,0.374869611871293,0.341640589040925
"8415","Msa152300.t01","dispensable",4,4,0,21,0.666666666666667,0,0.374869611871293,0.341640589040925
"12668","Msa071183.t01","dispensable",4,4,0,21,0.666666666666667,0,0.374869611871293,0.341640589040925
"658","Mara010179.t01","dispensable",13,5,0,85,0.583333333333333,0,0.540205923174014,0.341374517968136
"2310","evm.model.Chr01.3759","dispensable",17,5,0,85,0.583333333333333,0,0.540205923174014,0.341374517968136
"4212","Mca027619.t03","dispensable",27,5,0,85,0.583333333333333,0,0.540205923174014,0.341374517968136
"4524","evm.model.Chr05.3580","dispensable",21,5,0,85,0.583333333333333,0,0.540205923174014,0.341374517968136
"5078","Mca002905.t01","dispensable",12,5,0,85,0.583333333333333,0,0.540205923174014,0.341374517968136
"6669","Mca040661.t04","dispensable",15,5,0,85,0.583333333333333,0,0.540205923174014,0.341374517968136
"9696","Msa040158.t01","dispensable",12,5,0,85,0.583333333333333,0,0.540205923174014,0.341374517968136
"3619","Mpoly017460.t02","dispensable",16,5,0,84,0.583333333333333,0,0.53878747294157,0.341090827921647
"5479","Mca020462.t01","dispensable",11,5,0,84,0.583333333333333,0,0.53878747294157,0.341090827921647
"3067","Mca043945.t02","dispensable",16,5,0,82,0.583333333333333,0,0.535899810035317,0.340513295340397
"1009","Mara016986.t01","dispensable",6,4,0,20,0.666666666666667,0,0.369227845228343,0.340512235712335
"1431","Mara025247.t01","dispensable",8,4,0,20,0.666666666666667,0,0.369227845228343,0.340512235712335
"1529","Mara027413.t01","dispensable",4,4,0,20,0.666666666666667,0,0.369227845228343,0.340512235712335
"1891","Mara036976.t01","dispensable",4,4,0,20,0.666666666666667,0,0.369227845228343,0.340512235712335
"1936","Mara038310.t01","dispensable",4,4,0,20,0.666666666666667,0,0.369227845228343,0.340512235712335
"1952","Mara038878.t01","dispensable",5,4,0,20,0.666666666666667,0,0.369227845228343,0.340512235712335
"1972","Mara039309.t01","dispensable",4,4,0,20,0.666666666666667,0,0.369227845228343,0.340512235712335
"1973","Mara039310.t01","dispensable",4,4,0,20,0.666666666666667,0,0.369227845228343,0.340512235712335
"1989","Mara039803.t01","dispensable",4,4,0,20,0.666666666666667,0,0.369227845228343,0.340512235712335
"2027","Mara040890.t02","dispensable",4,4,0,20,0.666666666666667,0,0.369227845228343,0.340512235712335
"2031","Mara041063.t01","dispensable",4,4,0,20,0.666666666666667,0,0.369227845228343,0.340512235712335
"2110","Mara043768.t01","dispensable",4,4,0,20,0.666666666666667,0,0.369227845228343,0.340512235712335
"2161","Mara045150.t01","dispensable",4,4,0,20,0.666666666666667,0,0.369227845228343,0.340512235712335
"3074","evm.model.Chr07.2531","dispensable",4,4,0,20,0.666666666666667,0,0.369227845228343,0.340512235712335
"3122","evm.model.Chr07.4232","dispensable",4,4,0,20,0.666666666666667,0,0.369227845228343,0.340512235712335
"3127","evm.model.Chr07.4337","dispensable",4,4,0,20,0.666666666666667,0,0.369227845228343,0.340512235712335
"3165","evm.model.Chr08.856","dispensable",4,4,0,20,0.666666666666667,0,0.369227845228343,0.340512235712335
"3193","evm.model.Chr08.2407","dispensable",4,4,0,20,0.666666666666667,0,0.369227845228343,0.340512235712335
"3260","evm.model.Chr08.4200","dispensable",4,4,0,20,0.666666666666667,0,0.369227845228343,0.340512235712335
"3264","Mara045261.t01","dispensable",4,4,0,20,0.666666666666667,0,0.369227845228343,0.340512235712335
"6248","Mca051428.t01","dispensable",4,4,0,20,0.666666666666667,0,0.369227845228343,0.340512235712335
"7147","evm.model.Chr04.431","dispensable",5,4,0,20,0.666666666666667,0,0.369227845228343,0.340512235712335
"7440","Msa091442.t01","dispensable",4,4,0,20,0.666666666666667,0,0.369227845228343,0.340512235712335
"8088","Msa127462.t01","dispensable",6,4,0,20,0.666666666666667,0,0.369227845228343,0.340512235712335
"8123","Msa128060.t01","dispensable",4,4,0,20,0.666666666666667,0,0.369227845228343,0.340512235712335
"8167","Msa129508.t01","dispensable",4,4,0,20,0.666666666666667,0,0.369227845228343,0.340512235712335
"8182","evm.model.Chr07.4104","dispensable",4,4,0,20,0.666666666666667,0,0.369227845228343,0.340512235712335
"8300","Msa147969.t01","dispensable",4,4,0,20,0.666666666666667,0,0.369227845228343,0.340512235712335
"8422","Msa152494.t01","dispensable",6,4,0,20,0.666666666666667,0,0.369227845228343,0.340512235712335
"10383","zm4.74G0053610.t1","dispensable",4,4,0,20,0.666666666666667,0,0.369227845228343,0.340512235712335
"10425","evm.model.Chr01.1100","dispensable",6,4,0,20,0.666666666666667,0,0.369227845228343,0.340512235712335
"10635","zm4.84G0007330.t1","dispensable",4,4,0,20,0.666666666666667,0,0.369227845228343,0.340512235712335
"12167","Mara016991.t01","dispensable",5,4,0,20,0.666666666666667,0,0.369227845228343,0.340512235712335
"13601","LOC_00040772-mRNA-1","dispensable",4,4,0,20,0.666666666666667,0,0.369227845228343,0.340512235712335
"13708","Mara036975.t01","dispensable",4,4,0,20,0.666666666666667,0,0.369227845228343,0.340512235712335
"13728","LOC_00042757-mRNA-1","dispensable",4,4,0,20,0.666666666666667,0,0.369227845228343,0.340512235712335
"13932","Mpoly030313.t01","dispensable",4,4,0,20,0.666666666666667,0,0.369227845228343,0.340512235712335
"13972","LOC_00046805-mRNA-1","dispensable",4,4,0,20,0.666666666666667,0,0.369227845228343,0.340512235712335
"13997","LOC_00047039-mRNA-2","dispensable",4,4,0,20,0.666666666666667,0,0.369227845228343,0.340512235712335
"14130","LOC_00049518-mRNA-1","dispensable",4,4,0,20,0.666666666666667,0,0.369227845228343,0.340512235712335
"14132","LOC_00049544-mRNA-1","dispensable",4,4,0,20,0.666666666666667,0,0.369227845228343,0.340512235712335
"14187","evm.model.Chr08.2410","dispensable",4,4,0,20,0.666666666666667,0,0.369227845228343,0.340512235712335
"14211","LOC_00050628-mRNA-1","dispensable",4,4,0,20,0.666666666666667,0,0.369227845228343,0.340512235712335
"14233","evm.model.Chr08.3023","dispensable",4,4,0,20,0.666666666666667,0,0.369227845228343,0.340512235712335
"14234","Mca051166.t01","dispensable",4,4,0,20,0.666666666666667,0,0.369227845228343,0.340512235712335
"14338","LOC_00052861-mRNA-1","dispensable",4,4,0,20,0.666666666666667,0,0.369227845228343,0.340512235712335
"15281","Mara017889.t01","dispensable",4,4,0,20,0.666666666666667,0,0.369227845228343,0.340512235712335
"17099","evm.model.Chr07.1324","dispensable",4,4,0,20,0.666666666666667,0,0.369227845228343,0.340512235712335
"18340","Mpoly031200.t01","dispensable",4,4,0,20,0.666666666666667,0,0.369227845228343,0.340512235712335
"18410","Msa028611.t01","dispensable",4,4,0,20,0.666666666666667,0,0.369227845228343,0.340512235712335
"3681","Mara032400.t01","dispensable",13,5,0,80,0.583333333333333,0,0.5329417094257,0.339921675218473
"4255","Mca008416.t02","dispensable",18,5,0,80,0.583333333333333,0,0.5329417094257,0.339921675218473
"4708","Mca018924.t02","dispensable",13,5,0,80,0.583333333333333,0,0.5329417094257,0.339921675218473
"5293","Mtrun027538.t01","dispensable",15,5,0,80,0.583333333333333,0,0.5329417094257,0.339921675218473
"5712","Mca031412.t01","dispensable",12,5,0,80,0.583333333333333,0,0.5329417094257,0.339921675218473
"14662","Mpoly005530.t01","dispensable",18,5,0,80,0.583333333333333,0,0.5329417094257,0.339921675218473
"10708","Mpoly000607.t01","dispensable",10,5,0,79,0.583333333333333,0,0.531435154494608,0.339620364232255
"8152","Mca030833.t02","dispensable",18,5,0,76,0.583333333333333,0,0.526799834394235,0.33869330021218
"2740","Mara014661.t01","dispensable",12,5,0,75,0.583333333333333,0,0.525214503161343,0.338376233965602
"4328","evm.model.Chr03.2580.1.6a7353a0","dispensable",14,5,0,75,0.583333333333333,0,0.525214503161343,0.338376233965602
"4349","evm.model.Chr01.1166.1.6a735238","dispensable",11,5,0,75,0.583333333333333,0,0.525214503161343,0.338376233965602
"5038","Mca000908.t01","dispensable",10,5,0,75,0.583333333333333,0,0.525214503161343,0.338376233965602
"5655","Mca029102.t01","dispensable",13,5,0,75,0.583333333333333,0,0.525214503161343,0.338376233965602
"5733","Mca032096.t01","dispensable",12,5,0,75,0.583333333333333,0,0.525214503161343,0.338376233965602
"5866","Mca037877.t01","dispensable",11,5,0,75,0.583333333333333,0,0.525214503161343,0.338376233965602
"6538","Mca026111.t03","dispensable",10,5,0,75,0.583333333333333,0,0.525214503161343,0.338376233965602
"13690","evm.model.Chr07.1920","dispensable",13,5,0,75,0.583333333333333,0,0.525214503161343,0.338376233965602
"18857","Msa066943.t01","dispensable",10,5,0,75,0.583333333333333,0,0.525214503161343,0.338376233965602
"23072","Msa016264.t01","dispensable",10,5,0,75,0.583333333333333,0,0.525214503161343,0.338376233965602
"4436","Mru028721.t02","dispensable",27,5,0,74,0.583333333333333,0,0.523608173553824,0.338054968044098
"6136","zm4.34G0023800.t1","dispensable",173,7,0,1168,0.416666666666667,0,0.856682810504952,0.338003228767657
"6958","evm.model.Chr03.187","dispensable",11,5,0,71,0.583333333333333,0,0.518657440759781,0.337064821485289
"1027","Mara017265.t01","dispensable",6,4,0,17,0.666666666666667,0,0.350533050061827,0.336773276679032
"2288","evm.model.Chr01.2619","dispensable",11,5,0,70,0.583333333333333,0,0.516961243706611,0.336725582074656
"2636","Mca014846.t01","dispensable",14,5,0,70,0.583333333333333,0,0.516961243706611,0.336725582074656
"3090","zm4.74G0011930.t1","dispensable",14,5,0,70,0.583333333333333,0,0.516961243706611,0.336725582074656
"3368","Mpoly003973.t01","dispensable",10,5,0,70,0.583333333333333,0,0.516961243706611,0.336725582074656
"3448","Msa127622.t01","dispensable",13,5,0,70,0.583333333333333,0,0.516961243706611,0.336725582074656
"3464","Mpoly009042.t03","dispensable",24,5,0,70,0.583333333333333,0,0.516961243706611,0.336725582074656
"5091","Mpoly002727.t02","dispensable",12,5,0,70,0.583333333333333,0,0.516961243706611,0.336725582074656
"5101","evm.model.Chr01.3085.1.6a73546f","dispensable",12,5,0,70,0.583333333333333,0,0.516961243706611,0.336725582074656
"5784","Mca034145.t02","dispensable",17,5,0,70,0.583333333333333,0,0.516961243706611,0.336725582074656
"7555","Msa094480.t01","dispensable",10,5,0,70,0.583333333333333,0,0.516961243706611,0.336725582074656
"10187","zm4.44G0052070.t1","dispensable",14,5,0,70,0.583333333333333,0,0.516961243706611,0.336725582074656
"10997","Mca003757.t01","dispensable",9,5,0,70,0.583333333333333,0,0.516961243706611,0.336725582074656
"22241","Mca036345.t01","dispensable",9,5,0,70,0.583333333333333,0,0.516961243706611,0.336725582074656
"25","Mara002510.t01","dispensable",58,6,0,274,0.5,0,0.681180162719715,0.336236032543943
"2216","evm.model.Chr01.360.1.6a73512b","dispensable",11,5,0,68,0.583333333333333,0,0.51349597617969,0.336032528569271
"5757","LOC_00023841-mRNA-1","dispensable",43,6,0,270,0.5,0,0.679403191553836,0.335880638310767
"18374","Mpoly032186.t01","dispensable",4,4,0,16,0.666666666666667,0,0.343601099842871,0.335386886635241
"5209","Mca009373.t02","dispensable",9,5,0,66,0.583333333333333,0,0.509928774532579,0.335319088239849
"10953","Mca020471.t01","dispensable",9,5,0,66,0.583333333333333,0,0.509928774532579,0.335319088239849
"3329","Mpoly001958.t01","dispensable",9,5,0,65,0.583333333333333,0,0.508105039227718,0.334954341178877
"4402","Mru025102.t01","dispensable",9,5,0,65,0.583333333333333,0,0.508105039227718,0.334954341178877
"5981","Mca041601.t01","dispensable",12,5,0,65,0.583333333333333,0,0.508105039227718,0.334954341178877
"6907","LOC_00018921-mRNA-1","dispensable",11,5,0,65,0.583333333333333,0,0.508105039227718,0.334954341178877
"7493","Mca028529.t01","dispensable",10,5,0,65,0.583333333333333,0,0.508105039227718,0.334954341178877
"9320","Mru043900.t01","dispensable",9,5,0,65,0.583333333333333,0,0.508105039227718,0.334954341178877
"9432","Mpoly021558.t01","dispensable",10,5,0,65,0.583333333333333,0,0.508105039227718,0.334954341178877
"9593","Msa037407.t01","dispensable",10,5,0,65,0.583333333333333,0,0.508105039227718,0.334954341178877
"9607","Msa113247.t01","dispensable",8,5,0,65,0.583333333333333,0,0.508105039227718,0.334954341178877
"9796","Mpoly029787.t01","dispensable",10,5,0,65,0.583333333333333,0,0.508105039227718,0.334954341178877
"10100","zm4.44G0004960.t1","dispensable",8,5,0,65,0.583333333333333,0,0.508105039227718,0.334954341178877
"15632","Mara032222.t01","dispensable",9,5,0,65,0.583333333333333,0,0.508105039227718,0.334954341178877
"20350","Mca036021.t01","dispensable",12,5,0,65,0.583333333333333,0,0.508105039227718,0.334954341178877
"6097","Mca046783.t01","dispensable",8,5,0,63,0.583333333333333,0,0.504373172093862,0.334207967752106
"5805","LOC_00019289-mRNA-2","dispensable",37,6,0,250,0.5,0,0.670105451465088,0.334021090293018
"10667","Mara043339.t01","dispensable",5,4,0,15,0.666666666666667,0,0.336248781395908,0.333916422945848
"1314","evm.model.Chr04.3863","dispensable",12,5,0,60,0.583333333333333,0,0.498550800633683,0.33304349346007
"2912","evm.model.Chr05.329","dispensable",11,5,0,60,0.583333333333333,0,0.498550800633683,0.33304349346007
"3641","Mpoly019127.t01","dispensable",9,5,0,60,0.583333333333333,0,0.498550800633683,0.33304349346007
"4651","Mara039930.t01","dispensable",11,5,0,60,0.583333333333333,0,0.498550800633683,0.33304349346007
"5278","Mpoly021019.t01","dispensable",11,5,0,60,0.583333333333333,0,0.498550800633683,0.33304349346007
"5457","Mca019973.t01","dispensable",10,5,0,60,0.583333333333333,0,0.498550800633683,0.33304349346007
"5673","Mca029716.t01","dispensable",8,5,0,60,0.583333333333333,0,0.498550800633683,0.33304349346007
"5911","Mca039115.t01","dispensable",9,5,0,60,0.583333333333333,0,0.498550800633683,0.33304349346007
"7219","Msa069033.t01","dispensable",8,5,0,60,0.583333333333333,0,0.498550800633683,0.33304349346007
"8838","Msa013070.t01","dispensable",9,5,0,60,0.583333333333333,0,0.498550800633683,0.33304349346007
"9133","evm.model.Chr01.3032","dispensable",9,5,0,60,0.583333333333333,0,0.498550800633683,0.33304349346007
"1687","Mara031106.t01","dispensable",8,5,0,59,0.583333333333333,0,0.496546191153078,0.332642571563949
"5928","Mca039801.t01","dispensable",9,5,0,57,0.583333333333333,0,0.492434742763009,0.331820281885935
"864","Mara013775.t01","dispensable",7,5,0,55,0.583333333333333,0,0.488179003918849,0.330969134117103
"5087","Mca003283.t01","dispensable",7,5,0,55,0.583333333333333,0,0.488179003918849,0.330969134117103
"5193","evm.model.Chr02.1528","dispensable",9,5,0,55,0.583333333333333,0,0.488179003918849,0.330969134117103
"5480","Mpoly018642.t01","dispensable",10,5,0,55,0.583333333333333,0,0.488179003918849,0.330969134117103
"5746","Mca032545.t01","dispensable",7,5,0,55,0.583333333333333,0,0.488179003918849,0.330969134117103
"6195","Mca050457.t01","dispensable",8,5,0,55,0.583333333333333,0,0.488179003918849,0.330969134117103
"6655","Mca039255.t01","dispensable",8,5,0,55,0.583333333333333,0,0.488179003918849,0.330969134117103
"9772","Msa127900.t01","dispensable",8,5,0,55,0.583333333333333,0,0.488179003918849,0.330969134117103
"10587","Mpoly001892.t01","dispensable",8,5,0,55,0.583333333333333,0,0.488179003918849,0.330969134117103
"12097","LOC_00037322-mRNA-1","dispensable",6,5,0,55,0.583333333333333,0,0.488179003918849,0.330969134117103
"15112","evm.model.Chr02.761","dispensable",8,5,0,55,0.583333333333333,0,0.488179003918849,0.330969134117103
"15985","Mara044479.t01","dispensable",7,5,0,55,0.583333333333333,0,0.488179003918849,0.330969134117103
"17431","Mpoly003110.t01","dispensable",9,5,0,55,0.583333333333333,0,0.488179003918849,0.330969134117103
"17634","Mpoly008483.t01","dispensable",9,5,0,55,0.583333333333333,0,0.488179003918849,0.330969134117103
"19266","Mru017603.t02","dispensable",7,5,0,55,0.583333333333333,0,0.488179003918849,0.330969134117103
"19594","Mca002221.t01","dispensable",7,5,0,55,0.583333333333333,0,0.488179003918849,0.330969134117103
"20248","Mca051834.t01","dispensable",7,5,0,55,0.583333333333333,0,0.488179003918849,0.330969134117103
"8151","Mara033522.t01","dispensable",10,5,0,51,0.583333333333333,0,0.479191477161444,0.329171628765622
"11267","Mpoly005336.t01","dispensable",7,5,0,51,0.583333333333333,0,0.479191477161444,0.329171628765622
"566","Mara008673.t01","dispensable",8,5,0,50,0.583333333333333,0,0.476836527199296,0.328700638773192
"2279","evm.model.Chr01.2379.1.6a735370","dispensable",13,5,0,50,0.583333333333333,0,0.476836527199296,0.328700638773192
"2509","Mca014124.t01","dispensable",9,5,0,50,0.583333333333333,0,0.476836527199296,0.328700638773192
"3065","evm.model.Chr07.2120","dispensable",9,5,0,50,0.583333333333333,0,0.476836527199296,0.328700638773192
"3474","LOC_00020138-mRNA-1","dispensable",8,5,0,50,0.583333333333333,0,0.476836527199296,0.328700638773192
"4728","Mru054403.t01","dispensable",10,5,0,50,0.583333333333333,0,0.476836527199296,0.328700638773192
"5046","Mca001014.t01","dispensable",7,5,0,50,0.583333333333333,0,0.476836527199296,0.328700638773192
"5062","Mca001917.t01","dispensable",7,5,0,50,0.583333333333333,0,0.476836527199296,0.328700638773192
"5070","Mca002367.t01","dispensable",9,5,0,50,0.583333333333333,0,0.476836527199296,0.328700638773192
"5178","Mca007566.t01","dispensable",7,5,0,50,0.583333333333333,0,0.476836527199296,0.328700638773192
"5180","Mca007614.t02","dispensable",8,5,0,50,0.583333333333333,0,0.476836527199296,0.328700638773192
"5196","Mca008654.t01","dispensable",9,5,0,50,0.583333333333333,0,0.476836527199296,0.328700638773192
"5445","Mca019535.t01","dispensable",8,5,0,50,0.583333333333333,0,0.476836527199296,0.328700638773192
"5446","Mca019572.t01","dispensable",6,5,0,50,0.583333333333333,0,0.476836527199296,0.328700638773192
"5489","Mca020872.t01","dispensable",6,5,0,50,0.583333333333333,0,0.476836527199296,0.328700638773192
"5689","Mara025991.t01","dispensable",10,5,0,50,0.583333333333333,0,0.476836527199296,0.328700638773192
"5793","Mca034536.t01","dispensable",9,5,0,50,0.583333333333333,0,0.476836527199296,0.328700638773192
"5884","Mca038303.t02","dispensable",7,5,0,50,0.583333333333333,0,0.476836527199296,0.328700638773192
"6745","Msa000737.t01","dispensable",9,5,0,50,0.583333333333333,0,0.476836527199296,0.328700638773192
"6923","zm4.44G0033860.t1","dispensable",10,5,0,50,0.583333333333333,0,0.476836527199296,0.328700638773192
"7232","Msa069577.t01","dispensable",8,5,0,50,0.583333333333333,0,0.476836527199296,0.328700638773192
"7550","Mpoly025083.t02","dispensable",9,5,0,50,0.583333333333333,0,0.476836527199296,0.328700638773192
"8087","evm.model.Chr07.1756","dispensable",6,5,0,50,0.583333333333333,0,0.476836527199296,0.328700638773192
"10273","zm4.34G0043430.t1","dispensable",7,5,0,50,0.583333333333333,0,0.476836527199296,0.328700638773192
"12099","LOC_00037356-mRNA-1","dispensable",8,5,0,50,0.583333333333333,0,0.476836527199296,0.328700638773192
"12179","Mara017095.t01","dispensable",8,5,0,50,0.583333333333333,0,0.476836527199296,0.328700638773192
"12782","LOC_00007409-mRNA-3","dispensable",8,5,0,50,0.583333333333333,0,0.476836527199296,0.328700638773192
"13215","Mca008580.t01","dispensable",8,5,0,50,0.583333333333333,0,0.476836527199296,0.328700638773192
"13247","LOC_00027765-mRNA-1","dispensable",6,5,0,50,0.583333333333333,0,0.476836527199296,0.328700638773192
"14456","Mtrun002837.t01","dispensable",7,5,0,50,0.583333333333333,0,0.476836527199296,0.328700638773192
"15095","Msa002922.t01","dispensable",7,5,0,50,0.583333333333333,0,0.476836527199296,0.328700638773192
"16480","evm.model.Chr03.179","dispensable",8,5,0,50,0.583333333333333,0,0.476836527199296,0.328700638773192
"16978","evm.model.Chr06.1476","dispensable",7,5,0,50,0.583333333333333,0,0.476836527199296,0.328700638773192
"17126","evm.model.Chr07.2214.1.6a7352d4","dispensable",8,5,0,50,0.583333333333333,0,0.476836527199296,0.328700638773192
"17398","Mru017878.t01","dispensable",9,5,0,50,0.583333333333333,0,0.476836527199296,0.328700638773192
"7997","Msa125597.t01","dispensable",8,5,0,48,0.583333333333333,0,0.471984835743837,0.327730300482101
"2260","Mpoly002333.t01","dispensable",33,6,0,190,0.5,0,0.636975302385311,0.327395060477062
"7141","Mpoly000710.t01","dispensable",13,5,0,47,0.583333333333333,0,0.469484208752333,0.3272301750838
"18531","Mpoly037514.t01","dispensable",6,5,0,47,0.583333333333333,0,0.469484208752333,0.3272301750838
"10548","Mru052755.t02","dispensable",9,5,0,46,0.583333333333333,0,0.466930933132975,0.326719519959928
"1776","Mara033769.t01","dispensable",9,5,0,45,0.583333333333333,0,0.464322744172242,0.326197882167782
"2692","Mara011933.t01","dispensable",7,5,0,45,0.583333333333333,0,0.464322744172242,0.326197882167782
"4338","evm.model.Chr03.2947.1.6a73542d","dispensable",10,5,0,45,0.583333333333333,0,0.464322744172242,0.326197882167782
"5458","evm.model.Chr03.4484","dispensable",10,5,0,45,0.583333333333333,0,0.464322744172242,0.326197882167782
"5490","Mca020984.t01","dispensable",8,5,0,45,0.583333333333333,0,0.464322744172242,0.326197882167782
"5535","LOC_00002853-mRNA-1","dispensable",8,5,0,45,0.583333333333333,0,0.464322744172242,0.326197882167782
"5693","Mca030387.t01","dispensable",6,5,0,45,0.583333333333333,0,0.464322744172242,0.326197882167782
"5734","Mca033814.t01","dispensable",6,5,0,45,0.583333333333333,0,0.464322744172242,0.326197882167782
"5940","evm.model.Chr05.492","dispensable",12,5,0,45,0.583333333333333,0,0.464322744172242,0.326197882167782
"6048","Mca044808.t01","dispensable",15,5,0,45,0.583333333333333,0,0.464322744172242,0.326197882167782
"6064","Mca045604.t01","dispensable",9,5,0,45,0.583333333333333,0,0.464322744172242,0.326197882167782
"6069","Mca045797.t02","dispensable",8,5,0,45,0.583333333333333,0,0.464322744172242,0.326197882167782
"6152","Mpoly014440.t01","dispensable",7,5,0,45,0.583333333333333,0,0.464322744172242,0.326197882167782
"6507","Mca020912.t01","dispensable",6,5,0,45,0.583333333333333,0,0.464322744172242,0.326197882167782
"6755","Msa001407.t01","dispensable",6,5,0,45,0.583333333333333,0,0.464322744172242,0.326197882167782
"7235","LOC_00003726-mRNA-1","dispensable",8,5,0,45,0.583333333333333,0,0.464322744172242,0.326197882167782
"7575","Msa094886.t01","dispensable",7,5,0,45,0.583333333333333,0,0.464322744172242,0.326197882167782
"7717","Mara034266.t01","dispensable",11,5,0,45,0.583333333333333,0,0.464322744172242,0.326197882167782
"8413","Msa152220.t05","dispensable",10,5,0,45,0.583333333333333,0,0.464322744172242,0.326197882167782
"9326","Msa030808.t01","dispensable",8,5,0,45,0.583333333333333,0,0.464322744172242,0.326197882167782
"10113","zm4.44G0010580.t1","dispensable",7,5,0,45,0.583333333333333,0,0.464322744172242,0.326197882167782
"10553","zm4.54G0039340.t1","dispensable",7,5,0,45,0.583333333333333,0,0.464322744172242,0.326197882167782
"11149","Mca005725.t01","dispensable",7,5,0,45,0.583333333333333,0,0.464322744172242,0.326197882167782
"12351","LOC_00001546-mRNA-1","dispensable",7,5,0,45,0.583333333333333,0,0.464322744172242,0.326197882167782
"13515","Mru041508.t02","dispensable",6,5,0,45,0.583333333333333,0,0.464322744172242,0.326197882167782
"14154","Mca046987.t01","dispensable",7,5,0,45,0.583333333333333,0,0.464322744172242,0.326197882167782
"15521","Mca022255.t01","dispensable",6,5,0,45,0.583333333333333,0,0.464322744172242,0.326197882167782
"15718","Mara035727.t01","dispensable",6,5,0,45,0.583333333333333,0,0.464322744172242,0.326197882167782
"15768","Mru047020.t01","dispensable",6,5,0,45,0.583333333333333,0,0.464322744172242,0.326197882167782
"16866","Msa059766.t01","dispensable",10,5,0,45,0.583333333333333,0,0.464322744172242,0.326197882167782
"17119","evm.model.Chr07.2019","dispensable",6,5,0,45,0.583333333333333,0,0.464322744172242,0.326197882167782
"17458","Msa010147.t02","dispensable",6,5,0,45,0.583333333333333,0,0.464322744172242,0.326197882167782
"25236","Msa069200.t01","dispensable",6,5,0,45,0.583333333333333,0,0.464322744172242,0.326197882167782
"5976","Mpoly026787.t01","dispensable",7,5,0,44,0.583333333333333,0,0.461657227811549,0.325664778895643
"10252","Msa035619.t01","dispensable",45,6,0,175,0.5,0,0.627056197918224,0.325411239583645
"15302","Mara018701.t01","dispensable",6,5,0,42,0.583333333333333,0,0.456143727825037,0.324562078898341
"16727","evm.model.Chr04.2426","dispensable",9,5,0,42,0.583333333333333,0,0.456143727825037,0.324562078898341
"5215","Mca043393.t02","dispensable",21,6,0,167,0.5,0,0.621414431275274,0.324282886255055
"8159","Mca014719.t01","dispensable",6,5,0,41,0.583333333333333,0,0.45329004057732,0.323991341448797
"10394","Mara039949.t01","dispensable",9,5,0,41,0.583333333333333,0,0.45329004057732,0.323991341448797
"1640","Mara030224.t01","dispensable",7,5,0,40,0.583333333333333,0,0.450367583204509,0.323406849974235
"3161","evm.model.Chr08.684.1.6a7351dd","dispensable",9,5,0,40,0.583333333333333,0,0.450367583204509,0.323406849974235
"3194","Mca047571.t01","dispensable",7,5,0,40,0.583333333333333,0,0.450367583204509,0.323406849974235
"3374","Mpoly004137.t01","dispensable",5,5,0,40,0.583333333333333,0,0.450367583204509,0.323406849974235
"3520","Mara015108.t01","dispensable",8,5,0,40,0.583333333333333,0,0.450367583204509,0.323406849974235
"3556","LOC_00019866-mRNA-2","dispensable",6,5,0,40,0.583333333333333,0,0.450367583204509,0.323406849974235
"4407","evm.model.Chr04.2098","dispensable",9,5,0,40,0.583333333333333,0,0.450367583204509,0.323406849974235
"5307","LOC_00037306-mRNA-1","dispensable",6,5,0,40,0.583333333333333,0,0.450367583204509,0.323406849974235
"5352","Mca015728.t01","dispensable",6,5,0,40,0.583333333333333,0,0.450367583204509,0.323406849974235
"6194","Mca050363.t01","dispensable",6,5,0,40,0.583333333333333,0,0.450367583204509,0.323406849974235
"6528","Mca025617.t01","dispensable",6,5,0,40,0.583333333333333,0,0.450367583204509,0.323406849974235
"6737","Msa000262.t01","dispensable",5,5,0,40,0.583333333333333,0,0.450367583204509,0.323406849974235
"6796","evm.model.Chr01.3800","dispensable",6,5,0,40,0.583333333333333,0,0.450367583204509,0.323406849974235
"7013","Mara016523.t01","dispensable",7,5,0,40,0.583333333333333,0,0.450367583204509,0.323406849974235
"7476","Msa092587.t01","dispensable",5,5,0,40,0.583333333333333,0,0.450367583204509,0.323406849974235
"7750","Msa111514.t01","dispensable",6,5,0,40,0.583333333333333,0,0.450367583204509,0.323406849974235
"7819","Msa113093.t01","dispensable",6,5,0,40,0.583333333333333,0,0.450367583204509,0.323406849974235
"9467","Mca034734.t01","dispensable",5,5,0,40,0.583333333333333,0,0.450367583204509,0.323406849974235
"9664","evm.model.Chr05.2995","dispensable",7,5,0,40,0.583333333333333,0,0.450367583204509,0.323406849974235
"10010","Mpoly012819.t01","dispensable",7,5,0,40,0.583333333333333,0,0.450367583204509,0.323406849974235
"10653","zm4.84G0021960.t1","dispensable",8,5,0,40,0.583333333333333,0,0.450367583204509,0.323406849974235
"10931","LOC_00023415-mRNA-1","dispensable",6,5,0,40,0.583333333333333,0,0.450367583204509,0.323406849974235
"11049","evm.model.Chr01.3444","dispensable",7,5,0,40,0.583333333333333,0,0.450367583204509,0.323406849974235
"11052","LOC_00025118-mRNA-1","dispensable",6,5,0,40,0.583333333333333,0,0.450367583204509,0.323406849974235
"11060","evm.model.Chr01.3555","dispensable",6,5,0,40,0.583333333333333,0,0.450367583204509,0.323406849974235
"11238","Mca006777.t01","dispensable",6,5,0,40,0.583333333333333,0,0.450367583204509,0.323406849974235
"11356","evm.model.Chr02.1169","dispensable",6,5,0,40,0.583333333333333,0,0.450367583204509,0.323406849974235
"11389","Mru010686.t02","dispensable",6,5,0,40,0.583333333333333,0,0.450367583204509,0.323406849974235
"12699","LOC_00006320-mRNA-1","dispensable",7,5,0,40,0.583333333333333,0,0.450367583204509,0.323406849974235
"12858","Mpoly019274.t01","dispensable",5,5,0,40,0.583333333333333,0,0.450367583204509,0.323406849974235
"13009","LOC_00010652-mRNA-1","dispensable",6,5,0,40,0.583333333333333,0,0.450367583204509,0.323406849974235
"13705","evm.model.Chr07.2035","dispensable",7,5,0,40,0.583333333333333,0,0.450367583204509,0.323406849974235
"14021","LOC_00047494-mRNA-1","dispensable",8,5,0,40,0.583333333333333,0,0.450367583204509,0.323406849974235
"14548","evm.model.Chr02.3684","dispensable",8,5,0,40,0.583333333333333,0,0.450367583204509,0.323406849974235
"15198","evm.model.Chr03.1400.1.6a73521f","dispensable",9,5,0,40,0.583333333333333,0,0.450367583204509,0.323406849974235
"15297","Msa069618.t01","dispensable",7,5,0,40,0.583333333333333,0,0.450367583204509,0.323406849974235
"16257","evm.model.Chr01.4758","dispensable",7,5,0,40,0.583333333333333,0,0.450367583204509,0.323406849974235
"16309","evm.model.Chr02.677","dispensable",6,5,0,40,0.583333333333333,0,0.450367583204509,0.323406849974235
"17497","Mpoly005361.t01","dispensable",6,5,0,40,0.583333333333333,0,0.450367583204509,0.323406849974235
"23364","Mca049677.t01","dispensable",6,5,0,40,0.583333333333333,0,0.450367583204509,0.323406849974235
"4773","Mca000259.t03","dispensable",25,6,0,161,0.5,0,0.617003904774677,0.323400780954935
"5296","Mpoly038111.t01","dispensable",25,6,0,160,0.5,0,0.616252966695184,0.323250593339037
"6613","Mca034389.t02","dispensable",28,6,0,155,0.5,0,0.612426904517869,0.322485380903574
"2086","Mara043020.t01","dispensable",7,5,0,37,0.583333333333333,0,0.441152307812366,0.321563794895806
"226","Mara003143.t01","dispensable",6,5,0,35,0.583333333333333,0,0.434595245410804,0.320252382415494
"291","Mara004453.t01","dispensable",6,5,0,35,0.583333333333333,0,0.434595245410804,0.320252382415494
"766","Mara012267.t02","dispensable",8,5,0,35,0.583333333333333,0,0.434595245410804,0.320252382415494
"1178","Mara020269.t01","dispensable",5,5,0,35,0.583333333333333,0,0.434595245410804,0.320252382415494
"1218","Mara020992.t01","dispensable",6,5,0,35,0.583333333333333,0,0.434595245410804,0.320252382415494
"1586","Mara028820.t01","dispensable",5,5,0,35,0.583333333333333,0,0.434595245410804,0.320252382415494
"1876","Mara036674.t01","dispensable",7,5,0,35,0.583333333333333,0,0.434595245410804,0.320252382415494
"1899","Mara037129.t01","dispensable",6,5,0,35,0.583333333333333,0,0.434595245410804,0.320252382415494
"2294","evm.model.Chr01.3092","dispensable",6,5,0,35,0.583333333333333,0,0.434595245410804,0.320252382415494
"2876","evm.model.Chr05.2462","dispensable",8,5,0,35,0.583333333333333,0,0.434595245410804,0.320252382415494
"2919","evm.model.Chr05.3789","dispensable",6,5,0,35,0.583333333333333,0,0.434595245410804,0.320252382415494
"3246","evm.model.Chr08.3798","dispensable",7,5,0,35,0.583333333333333,0,0.434595245410804,0.320252382415494
"3261","evm.model.Chr08.4213","dispensable",7,5,0,35,0.583333333333333,0,0.434595245410804,0.320252382415494
"3373","Mpoly004126.t01","dispensable",9,5,0,35,0.583333333333333,0,0.434595245410804,0.320252382415494
"3459","Mpoly008887.t01","dispensable",8,5,0,35,0.583333333333333,0,0.434595245410804,0.320252382415494
"3511","Mpoly011260.t01","dispensable",5,5,0,35,0.583333333333333,0,0.434595245410804,0.320252382415494
"3748","Mpoly023985.t01","dispensable",5,5,0,35,0.583333333333333,0,0.434595245410804,0.320252382415494
"4589","Mru043026.t01","dispensable",6,5,0,35,0.583333333333333,0,0.434595245410804,0.320252382415494
"5145","Mpoly004545.t01","dispensable",5,5,0,35,0.583333333333333,0,0.434595245410804,0.320252382415494
"5459","Mca020034.t01","dispensable",8,5,0,35,0.583333333333333,0,0.434595245410804,0.320252382415494
"5482","Mara018172.t01","dispensable",6,5,0,35,0.583333333333333,0,0.434595245410804,0.320252382415494
"5514","Mca022100.t01","dispensable",6,5,0,35,0.583333333333333,0,0.434595245410804,0.320252382415494
"5547","Mca024029.t01","dispensable",7,5,0,35,0.583333333333333,0,0.434595245410804,0.320252382415494
"5647","Mca028811.t01","dispensable",5,5,0,35,0.583333333333333,0,0.434595245410804,0.320252382415494
"5749","Mara025357.t01","dispensable",6,5,0,35,0.583333333333333,0,0.434595245410804,0.320252382415494
"5796","Mca034579.t01","dispensable",5,5,0,35,0.583333333333333,0,0.434595245410804,0.320252382415494
"5815","Mca035260.t01","dispensable",6,5,0,35,0.583333333333333,0,0.434595245410804,0.320252382415494
"5844","Mca036806.t01","dispensable",5,5,0,35,0.583333333333333,0,0.434595245410804,0.320252382415494
"5997","Mca042246.t01","dispensable",7,5,0,35,0.583333333333333,0,0.434595245410804,0.320252382415494
"6054","Mpoly026942.t01","dispensable",8,5,0,35,0.583333333333333,0,0.434595245410804,0.320252382415494
"6061","Mara038493.t01","dispensable",7,5,0,35,0.583333333333333,0,0.434595245410804,0.320252382415494
"6182","Mca050104.t02","dispensable",8,5,0,35,0.583333333333333,0,0.434595245410804,0.320252382415494
"6215","Mca050803.t01","dispensable",6,5,0,35,0.583333333333333,0,0.434595245410804,0.320252382415494
"6358","Mca053274.t01","dispensable",9,5,0,35,0.583333333333333,0,0.434595245410804,0.320252382415494
"6718","Mca050578.t01","dispensable",8,5,0,35,0.583333333333333,0,0.434595245410804,0.320252382415494
"6719","Mca047779.t01","dispensable",6,5,0,35,0.583333333333333,0,0.434595245410804,0.320252382415494
"6760","LOC_00022470-mRNA-1","dispensable",6,5,0,35,0.583333333333333,0,0.434595245410804,0.320252382415494
"7718","Msa111045.t01","dispensable",5,5,0,35,0.583333333333333,0,0.434595245410804,0.320252382415494
"8098","Msa127543.t01","dispensable",5,5,0,35,0.583333333333333,0,0.434595245410804,0.320252382415494
"8184","Mara034714.t01","dispensable",7,5,0,35,0.583333333333333,0,0.434595245410804,0.320252382415494
"8343","Msa149801.t01","dispensable",6,5,0,35,0.583333333333333,0,0.434595245410804,0.320252382415494
"9030","Mara016471.t01","dispensable",11,5,0,35,0.583333333333333,0,0.434595245410804,0.320252382415494
"9411","Msa032992.t01","dispensable",5,5,0,35,0.583333333333333,0,0.434595245410804,0.320252382415494
"9463","Mara035072.t01","dispensable",8,5,0,35,0.583333333333333,0,0.434595245410804,0.320252382415494
"9798","LOC_00045678-mRNA-1","dispensable",7,5,0,35,0.583333333333333,0,0.434595245410804,0.320252382415494
"9832","Mpoly032574.t01","dispensable",5,5,0,35,0.583333333333333,0,0.434595245410804,0.320252382415494
"10758","evm.model.Chr01.163","dispensable",7,5,0,35,0.583333333333333,0,0.434595245410804,0.320252382415494
"10943","evm.model.Chr01.2396","dispensable",6,5,0,35,0.583333333333333,0,0.434595245410804,0.320252382415494
"11081","Mpoly003716.t01","dispensable",5,5,0,35,0.583333333333333,0,0.434595245410804,0.320252382415494
"11524","Mara009792.t01","dispensable",5,5,0,35,0.583333333333333,0,0.434595245410804,0.320252382415494
"12433","LOC_00002418-mRNA-2","dispensable",6,5,0,35,0.583333333333333,0,0.434595245410804,0.320252382415494
"12768","Mara024211.t01","dispensable",5,5,0,35,0.583333333333333,0,0.434595245410804,0.320252382415494
"13295","Mru038351.t01","dispensable",6,5,0,35,0.583333333333333,0,0.434595245410804,0.320252382415494
"14076","LOC_00048388-mRNA-1","dispensable",6,5,0,35,0.583333333333333,0,0.434595245410804,0.320252382415494
"15698","Mara035179.t01","dispensable",5,5,0,35,0.583333333333333,0,0.434595245410804,0.320252382415494
"16314","evm.model.Chr02.786","dispensable",6,5,0,35,0.583333333333333,0,0.434595245410804,0.320252382415494
"16807","evm.model.Chr04.4434","dispensable",6,5,0,35,0.583333333333333,0,0.434595245410804,0.320252382415494
"16844","evm.model.Chr05.848","dispensable",6,5,0,35,0.583333333333333,0,0.434595245410804,0.320252382415494
"17215","evm.model.Chr08.803","dispensable",5,5,0,35,0.583333333333333,0,0.434595245410804,0.320252382415494
"17227","evm.model.Chr08.1137","dispensable",5,5,0,35,0.583333333333333,0,0.434595245410804,0.320252382415494
"17678","Mpoly009736.t01","dispensable",5,5,0,35,0.583333333333333,0,0.434595245410804,0.320252382415494
"17913","Mca025224.t03","dispensable",5,5,0,35,0.583333333333333,0,0.434595245410804,0.320252382415494
"18294","Mca040309.t01","dispensable",5,5,0,35,0.583333333333333,0,0.434595245410804,0.320252382415494
"21874","Mca015284.t01","dispensable",5,5,0,35,0.583333333333333,0,0.434595245410804,0.320252382415494
"10240","evm.model.Chr01.1836","dispensable",20,6,0,140,0.5,0,0.6001663604894,0.32003327209788
"7260","Msa071290.t01","dispensable",5,5,0,34,0.583333333333333,0,0.431178790970618,0.319569091527457
"5472","Mca020398.t01","dispensable",42,6,0,136,0.5,0,0.596676159551134,0.319335231910227
"4300","Mru015361.t01","dispensable",25,6,0,135,0.5,0,0.595787685889802,0.31915753717796
"9358","Msa031526.t01","dispensable",5,5,0,33,0.583333333333333,0,0.427663295191848,0.318865992371703
"3835","Mpoly027318.t01","dispensable",23,6,0,130,0.5,0,0.591244978327229,0.318248995665446
"4308","Mca012779.t01","dispensable",37,6,0,125,0.5,0,0.586525467933745,0.317305093586749
"656","Msa049802.t01","dispensable",8,5,0,30,0.583333333333333,0,0.416460618040923,0.316625456941518
"1269","Mara022062.t01","dispensable",5,5,0,30,0.583333333333333,0,0.416460618040923,0.316625456941518
"1425","Mara025125.t01","dispensable",6,5,0,30,0.583333333333333,0,0.416460618040923,0.316625456941518
"1552","Mara027886.t01","dispensable",5,5,0,30,0.583333333333333,0,0.416460618040923,0.316625456941518
"1616","Mara029780.t01","dispensable",5,5,0,30,0.583333333333333,0,0.416460618040923,0.316625456941518
"1887","Mara036939.t01","dispensable",5,5,0,30,0.583333333333333,0,0.416460618040923,0.316625456941518
"1951","Mara038792.t01","dispensable",5,5,0,30,0.583333333333333,0,0.416460618040923,0.316625456941518
"2681","evm.model.Chr04.1520.1.6a7352e9","dispensable",7,5,0,30,0.583333333333333,0,0.416460618040923,0.316625456941518
"2962","evm.model.Chr06.1370","dispensable",5,5,0,30,0.583333333333333,0,0.416460618040923,0.316625456941518
"2989","Msa113582.t01","dispensable",6,5,0,30,0.583333333333333,0,0.416460618040923,0.316625456941518
"3008","evm.model.Chr06.3252","dispensable",5,5,0,30,0.583333333333333,0,0.416460618040923,0.316625456941518
"3050","evm.model.Chr07.1164","dispensable",5,5,0,30,0.583333333333333,0,0.416460618040923,0.316625456941518
"3053","evm.model.Chr07.1332.2.6a73520f","dispensable",8,5,0,30,0.583333333333333,0,0.416460618040923,0.316625456941518
"3232","evm.model.Chr08.3462","dispensable",5,5,0,30,0.583333333333333,0,0.416460618040923,0.316625456941518
"3608","Mara021465.t01","dispensable",5,5,0,30,0.583333333333333,0,0.416460618040923,0.316625456941518
"3855","Mpoly028154.t01","dispensable",5,5,0,30,0.583333333333333,0,0.416460618040923,0.316625456941518
"3856","Mara037086.t01","dispensable",8,5,0,30,0.583333333333333,0,0.416460618040923,0.316625456941518
"6184","Mca050129.t01","dispensable",5,5,0,30,0.583333333333333,0,0.416460618040923,0.316625456941518
"7169","Msa067752.t01","dispensable",6,5,0,30,0.583333333333333,0,0.416460618040923,0.316625456941518
"7449","Msa091734.t01","dispensable",5,5,0,30,0.583333333333333,0,0.416460618040923,0.316625456941518
"8122","LOC_00042756-mRNA-1","dispensable",6,5,0,30,0.583333333333333,0,0.416460618040923,0.316625456941518
"9866","Msa049683.t01","dispensable",5,5,0,30,0.583333333333333,0,0.416460618040923,0.316625456941518
"11683","LOC_00019756-mRNA-1","dispensable",5,5,0,30,0.583333333333333,0,0.416460618040923,0.316625456941518
"12136","LOC_00037888-mRNA-1","dispensable",6,5,0,30,0.583333333333333,0,0.416460618040923,0.316625456941518
"12681","Mpoly017526.t01","dispensable",5,5,0,30,0.583333333333333,0,0.416460618040923,0.316625456941518
"12765","Mara024181.t01","dispensable",5,5,0,30,0.583333333333333,0,0.416460618040923,0.316625456941518
"12885","Mara028606.t01","dispensable",5,5,0,30,0.583333333333333,0,0.416460618040923,0.316625456941518
"13646","Msa126991.t01","dispensable",5,5,0,30,0.583333333333333,0,0.416460618040923,0.316625456941518
"13691","evm.model.Chr07.1926","dispensable",6,5,0,30,0.583333333333333,0,0.416460618040923,0.316625456941518
"13730","Mca033994.t01","dispensable",5,5,0,30,0.583333333333333,0,0.416460618040923,0.316625456941518
"13750","LOC_00043166-mRNA-1","dispensable",6,5,0,30,0.583333333333333,0,0.416460618040923,0.316625456941518
"14195","Mara043210.t01","dispensable",5,5,0,30,0.583333333333333,0,0.416460618040923,0.316625456941518
"17239","evm.model.Chr08.1431","dispensable",6,5,0,30,0.583333333333333,0,0.416460618040923,0.316625456941518
"17799","Mpoly013655.t01","dispensable",5,5,0,30,0.583333333333333,0,0.416460618040923,0.316625456941518
"5324","Mca014514.t01","dispensable",17,6,0,120,0.5,0,0.581614833044633,0.316322966608927
"5677","Mara026296.t01","dispensable",19,6,0,120,0.5,0,0.581614833044633,0.316322966608927
"6637","Mca037412.t01","dispensable",16,6,0,120,0.5,0,0.581614833044633,0.316322966608927
"14090","Mca050692.t02","dispensable",5,5,0,29,0.583333333333333,0,0.412483995804101,0.315830132494154
"7986","Msa050736.t01","dispensable",19,6,0,115,0.5,0,0.576496938111986,0.315299387622397
"18353","Mca045251.t02","dispensable",18,6,0,111,0.5,0,0.572241199267826,0.314448239853565
"5766","Mca033375.t01","dispensable",14,6,0,110,0.5,0,0.571153513839312,0.314230702767862
"5635","Mca028471.t01","dispensable",25,6,0,109,0.5,0,0.570055984969993,0.314011196993999
"5849","Mara033505.t01","dispensable",16,6,0,108,0.5,0,0.568948432867282,0.313789686573456
"9556","Mru020913.t01","dispensable",18,6,0,107,0.5,0,0.567830672767229,0.313566134553446
"4333","Mca017167.t01","dispensable",17,6,0,105,0.5,0,0.56556376354387,0.313112752708774
"5947","Mtrun007807.t01","dispensable",15,6,0,105,0.5,0,0.56556376354387,0.313112752708774
"6618","Msa040093.t01","dispensable",16,6,0,105,0.5,0,0.56556376354387,0.313112752708774
"1875","Mara036616.t01","dispensable",6,5,0,25,0.583333333333333,0,0.395129281812467,0.312359189695827
"1904","Mara037171.t01","dispensable",5,5,0,25,0.583333333333333,0,0.395129281812467,0.312359189695827
"1912","Mara037410.t01","dispensable",5,5,0,25,0.583333333333333,0,0.395129281812467,0.312359189695827
"2069","Mara042348.t01","dispensable",5,5,0,25,0.583333333333333,0,0.395129281812467,0.312359189695827
"2121","Mara044102.t01","dispensable",5,5,0,25,0.583333333333333,0,0.395129281812467,0.312359189695827
"3113","evm.model.Chr07.3856","dispensable",5,5,0,25,0.583333333333333,0,0.395129281812467,0.312359189695827
"3136","evm.model.Chr07.4580","dispensable",5,5,0,25,0.583333333333333,0,0.395129281812467,0.312359189695827
"3177","evm.model.Chr08.1291","dispensable",5,5,0,25,0.583333333333333,0,0.395129281812467,0.312359189695827
"3236","evm.model.Chr08.3513","dispensable",11,5,0,25,0.583333333333333,0,0.395129281812467,0.312359189695827
"3265","evm.model.Chr08.4273","dispensable",5,5,0,25,0.583333333333333,0,0.395129281812467,0.312359189695827
"8308","Msa148104.t01","dispensable",5,5,0,25,0.583333333333333,0,0.395129281812467,0.312359189695827
"8350","Msa150075.t01","dispensable",5,5,0,25,0.583333333333333,0,0.395129281812467,0.312359189695827
"10391","Mara039859.t01","dispensable",7,5,0,25,0.583333333333333,0,0.395129281812467,0.312359189695827
"10671","zm4.84G0039560.t1","dispensable",5,5,0,25,0.583333333333333,0,0.395129281812467,0.312359189695827
"13731","LOC_00042767-mRNA-1","dispensable",5,5,0,25,0.583333333333333,0,0.395129281812467,0.312359189695827
"13933","Mara039704.t01","dispensable",5,5,0,25,0.583333333333333,0,0.395129281812467,0.312359189695827
"14155","Mpoly032787.t01","dispensable",5,5,0,25,0.583333333333333,0,0.395129281812467,0.312359189695827
"14201","Mara043280.t01","dispensable",5,5,0,25,0.583333333333333,0,0.395129281812467,0.312359189695827
"14231","Mara043781.t01","dispensable",5,5,0,25,0.583333333333333,0,0.395129281812467,0.312359189695827
"14322","Mara045014.t01","dispensable",5,5,0,25,0.583333333333333,0,0.395129281812467,0.312359189695827
"15850","Mara040650.t01","dispensable",5,5,0,25,0.583333333333333,0,0.395129281812467,0.312359189695827
"5076","Mca002825.t01","dispensable",16,6,0,100,0.5,0,0.559703874337883,0.311940774867577
"13155","Mru045711.t01","dispensable",13,6,0,98,0.5,0,0.557278271235166,0.311455654247033
"2924","evm.model.Chr05.2972","dispensable",19,6,0,95,0.5,0,0.55354640410131,0.310709280820262
"4584","evm.model.Chr07.838.1.6a7351bd","dispensable",21,6,0,95,0.5,0,0.55354640410131,0.310709280820262
"5150","LOC_00027026-mRNA-1","dispensable",14,6,0,95,0.5,0,0.55354640410131,0.310709280820262
"5214","Mpoly008278.t01","dispensable",14,6,0,95,0.5,0,0.55354640410131,0.310709280820262
"5411","Msa018687.t01","dispensable",16,6,0,95,0.5,0,0.55354640410131,0.310709280820262
"5426","Mca017870.t01","dispensable",14,6,0,95,0.5,0,0.55354640410131,0.310709280820262
"5991","Mca041833.t01","dispensable",16,6,0,95,0.5,0,0.55354640410131,0.310709280820262
"16117","evm.model.Chr01.1440","dispensable",15,6,0,95,0.5,0,0.55354640410131,0.310709280820262
"17802","Mpoly014148.t01","dispensable",15,6,0,95,0.5,0,0.55354640410131,0.310709280820262
"20973","Mca043894.t02","dispensable",16,6,0,95,0.5,0,0.55354640410131,0.310709280820262
"5758","Msa111431.t02","dispensable",17,6,0,94,0.5,0,0.552276485562088,0.310455297112418
"1476","Mara026193.t01","dispensable",16,6,0,93,0.5,0,0.550993128481952,0.310198625696391
"2349","evm.model.Chr01.4984.1.6a735699","dispensable",22,6,0,90,0.5,0,0.547059504335408,0.309411900867082
"5499","Mru022836.t01","dispensable",13,6,0,90,0.5,0,0.547059504335408,0.309411900867082
"5719","Mca031736.t01","dispensable",11,6,0,90,0.5,0,0.547059504335408,0.309411900867082
"17244","evm.model.Chr08.1549","dispensable",16,6,0,90,0.5,0,0.547059504335408,0.309411900867082
"6406","Msa028671.t01","dispensable",17,6,0,87,0.5,0,0.542994002569247,0.308598800513849
"9135","Mca051959.t01","dispensable",15,6,0,87,0.5,0,0.542994002569247,0.308598800513849
"2801","Mca015396.t01","dispensable",50,7,0,345,0.416666666666667,0,0.709033365767594,0.308473339820185
"2901","evm.model.Chr05.3243.1.6a735372","dispensable",14,6,0,85,0.5,0,0.540205923174014,0.308041184634803
"4632","Mru046867.t02","dispensable",12,6,0,85,0.5,0,0.540205923174014,0.308041184634803
"6791","evm.model.Chr01.2763","dispensable",16,6,0,85,0.5,0,0.540205923174014,0.308041184634803
"7142","Msa067067.t01","dispensable",23,6,0,82,0.5,0,0.535899810035317,0.307179962007063
"9041","Msa019263.t01","dispensable",13,6,0,81,0.5,0,0.534429778553486,0.306885955710697
"5933","Mca040007.t01","dispensable",12,6,0,80,0.5,0,0.5329417094257,0.30658834188514
"6024","Mpoly028009.t01","dispensable",11,6,0,80,0.5,0,0.5329417094257,0.30658834188514
"7714","Msa110940.t01","dispensable",11,6,0,80,0.5,0,0.5329417094257,0.30658834188514
"7755","Mara033012.t01","dispensable",20,6,0,80,0.5,0,0.5329417094257,0.30658834188514
"7805","Mca044499.t01","dispensable",12,6,0,80,0.5,0,0.5329417094257,0.30658834188514
"10431","LOC_00016536-mRNA-1","dispensable",11,6,0,80,0.5,0,0.5329417094257,0.30658834188514
"15883","evm.model.Chr01.647","dispensable",12,6,0,80,0.5,0,0.5329417094257,0.30658834188514
"16038","zm4.24G0010760.t1","dispensable",13,6,0,80,0.5,0,0.5329417094257,0.30658834188514
"16572","evm.model.Chr03.2791","dispensable",11,6,0,80,0.5,0,0.5329417094257,0.30658834188514
"2907","evm.model.Chr05.3420","dispensable",18,6,0,75,0.5,0,0.525214503161343,0.305042900632269
"5228","Mca010470.t02","dispensable",10,6,0,75,0.5,0,0.525214503161343,0.305042900632269
"11771","Mca035690.t01","dispensable",10,6,0,75,0.5,0,0.525214503161343,0.305042900632269
"8449","Msa153104.t01","dispensable",19,6,0,74,0.5,0,0.523608173553824,0.304721634710765
"3799","Msa068515.t02","dispensable",11,6,0,70,0.5,0,0.516961243706611,0.303392248741322
"4850","evm.model.Chr03.2846.1.6a735402","dispensable",10,6,0,70,0.5,0,0.516961243706611,0.303392248741322
"5474","evm.model.Chr04.106","dispensable",9,6,0,70,0.5,0,0.516961243706611,0.303392248741322
"6365","evm.model.Chr01.300","dispensable",14,6,0,70,0.5,0,0.516961243706611,0.303392248741322
"7272","evm.model.Chr04.4435","dispensable",11,6,0,70,0.5,0,0.516961243706611,0.303392248741322
"9373","Mara025911.t01","dispensable",13,6,0,70,0.5,0,0.516961243706611,0.303392248741322
"12093","evm.model.Chr03.3254","dispensable",10,6,0,70,0.5,0,0.516961243706611,0.303392248741322
"9327","Msa030832.t01","dispensable",10,6,0,68,0.5,0,0.51349597617969,0.302699195235938
"14759","Mru028813.t01","dispensable",14,6,0,68,0.5,0,0.51349597617969,0.302699195235938
"4845","Mpoly011159.t01","dispensable",11,6,0,67,0.5,0,0.511725490540825,0.302345098108165
"5243","evm.model.Chr02.3978","dispensable",11,6,0,66,0.5,0,0.509928774532579,0.301985754906516
"1828","Mara035344.t01","dispensable",10,6,0,65,0.5,0,0.508105039227718,0.301621007845544
"2375","evm.model.Chr02.613","dispensable",11,6,0,65,0.5,0,0.508105039227718,0.301621007845544
"3601","Mpoly015469.t01","dispensable",12,6,0,65,0.5,0,0.508105039227718,0.301621007845544
"3804","Mpoly026148.t04","dispensable",12,6,0,65,0.5,0,0.508105039227718,0.301621007845544
"4469","Mara029394.t01","dispensable",21,6,0,65,0.5,0,0.508105039227718,0.301621007845544
"5108","Mca004256.t01","dispensable",15,6,0,65,0.5,0,0.508105039227718,0.301621007845544
"5115","evm.model.Chr01.3541","dispensable",22,6,0,65,0.5,0,0.508105039227718,0.301621007845544
"5281","Mca050579.t02","dispensable",18,6,0,65,0.5,0,0.508105039227718,0.301621007845544
"5678","Mca029884.t01","dispensable",8,6,0,65,0.5,0,0.508105039227718,0.301621007845544
"5915","Mca039247.t01","dispensable",11,6,0,65,0.5,0,0.508105039227718,0.301621007845544
"6031","LOC_00042709-mRNA-1","dispensable",12,6,0,65,0.5,0,0.508105039227718,0.301621007845544
"6035","Mca044152.t01","dispensable",10,6,0,65,0.5,0,0.508105039227718,0.301621007845544
"6058","Mpoly031583.t01","dispensable",12,6,0,65,0.5,0,0.508105039227718,0.301621007845544
"6137","Mca051623.t01","dispensable",12,6,0,65,0.5,0,0.508105039227718,0.301621007845544
"6281","Mca052076.t01","dispensable",13,6,0,65,0.5,0,0.508105039227718,0.301621007845544
"6488","Mpoly012946.t01","dispensable",16,6,0,65,0.5,0,0.508105039227718,0.301621007845544
"6597","Mca031963.t01","dispensable",10,6,0,65,0.5,0,0.508105039227718,0.301621007845544
"6911","Msa027273.t01","dispensable",9,6,0,65,0.5,0,0.508105039227718,0.301621007845544
"9016","LOC_00019765-mRNA-1","dispensable",20,6,0,65,0.5,0,0.508105039227718,0.301621007845544
"11134","Mpoly021757.t01","dispensable",10,6,0,65,0.5,0,0.508105039227718,0.301621007845544
"12568","evm.model.Chr04.2463","dispensable",9,6,0,65,0.5,0,0.508105039227718,0.301621007845544
"5159","Mca006833.t01","dispensable",9,6,0,61,0.5,0,0.5005228133899,0.30010456267798
"8321","evm.model.Chr04.1431","dispensable",12,6,0,61,0.5,0,0.5005228133899,0.30010456267798
"1016","Mca018057.t02","dispensable",14,6,0,60,0.5,0,0.498550800633683,0.299710160126737
"1888","evm.model.Chr07.2027.1.6a73529e","dispensable",17,6,0,60,0.5,0,0.498550800633683,0.299710160126737
"2220","evm.model.Chr01.522","dispensable",9,6,0,60,0.5,0,0.498550800633683,0.299710160126737
"2936","Msa027267.t01","dispensable",10,6,0,60,0.5,0,0.498550800633683,0.299710160126737
"5696","zm4.44G0019570.t1","dispensable",9,6,0,60,0.5,0,0.498550800633683,0.299710160126737
"5799","Mca034631.t01","dispensable",8,6,0,60,0.5,0,0.498550800633683,0.299710160126737
"5939","Mru043451.t02","dispensable",8,6,0,60,0.5,0,0.498550800633683,0.299710160126737
"5982","LOC_00043755-mRNA-1","dispensable",11,6,0,60,0.5,0,0.498550800633683,0.299710160126737
"8058","zm4.84G0025170.t1","dispensable",9,6,0,60,0.5,0,0.498550800633683,0.299710160126737
"12209","Mpoly013303.t01","dispensable",11,6,0,60,0.5,0,0.498550800633683,0.299710160126737
"15418","evm.model.Chr02.4669","dispensable",9,6,0,60,0.5,0,0.498550800633683,0.299710160126737
"15490","Mara026134.t01","dispensable",11,6,0,60,0.5,0,0.498550800633683,0.299710160126737
"17324","Mpoly027131.t01","dispensable",10,6,0,60,0.5,0,0.498550800633683,0.299710160126737
"19193","Mca033927.t01","dispensable",11,6,0,60,0.5,0,0.498550800633683,0.299710160126737
"5488","Msa066751.t01","dispensable",8,6,0,59,0.5,0,0.496546191153078,0.299309238230616
"5715","LOC_00013236-mRNA-2","dispensable",8,6,0,59,0.5,0,0.496546191153078,0.299309238230616
"9378","zm4.54G0006000.t1","dispensable",12,6,0,59,0.5,0,0.496546191153078,0.299309238230616
"3304","Mpoly000799.t01","dispensable",10,6,0,58,0.5,0,0.494507889183757,0.298901577836751
"4177","Mru002679.t01","dispensable",8,6,0,58,0.5,0,0.494507889183757,0.298901577836751
"5213","Mpoly007293.t01","dispensable",16,6,0,58,0.5,0,0.494507889183757,0.298901577836751
"6816","LOC_00027189-mRNA-2","dispensable",11,6,0,57,0.5,0,0.492434742763009,0.298486948552602
"2109","Mara043748.t01","dispensable",13,6,0,56,0.5,0,0.490325539819814,0.298065107963963
"4236","Mru008481.t01","dispensable",16,6,0,55,0.5,0,0.488179003918849,0.29763580078377
"4433","Mru028504.t01","dispensable",8,6,0,55,0.5,0,0.488179003918849,0.29763580078377
"4710","evm.model.Chr08.3293.2.6a7354fa","dispensable",11,6,0,55,0.5,0,0.488179003918849,0.29763580078377
"5127","Mca005008.t02","dispensable",10,6,0,55,0.5,0,0.488179003918849,0.29763580078377
"5217","LOC_00016961-mRNA-1","dispensable",8,6,0,55,0.5,0,0.488179003918849,0.29763580078377
"5486","Mca020763.t01","dispensable",8,6,0,55,0.5,0,0.488179003918849,0.29763580078377
"6196","Mca047605.t01","dispensable",17,6,0,55,0.5,0,0.488179003918849,0.29763580078377
"6363","evm.model.Chr05.1945","dispensable",11,6,0,55,0.5,0,0.488179003918849,0.29763580078377
"6963","Msa043599.t01","dispensable",10,6,0,55,0.5,0,0.488179003918849,0.29763580078377
"9173","evm.model.Chr04.1831","dispensable",10,6,0,55,0.5,0,0.488179003918849,0.29763580078377
"9592","Msa037404.t01","dispensable",7,6,0,55,0.5,0,0.488179003918849,0.29763580078377
"11006","Mca004142.t03","dispensable",7,6,0,55,0.5,0,0.488179003918849,0.29763580078377
"11269","evm.model.Chr02.231","dispensable",12,6,0,55,0.5,0,0.488179003918849,0.29763580078377
"17922","Mru029027.t01","dispensable",7,6,0,55,0.5,0,0.488179003918849,0.29763580078377
"3960","Mpoly034796.t01","dispensable",10,6,0,54,0.5,0,0.485993789621016,0.297198757924203
"5385","LOC_00036487-mRNA-1","dispensable",8,6,0,54,0.5,0,0.485993789621016,0.297198757924203
"5425","Mca018838.t01","dispensable",9,6,0,54,0.5,0,0.485993789621016,0.297198757924203
"5702","Mca030869.t01","dispensable",37,7,0,207,0.416666666666667,0,0.647315867859398,0.296129840238546
"10484","zm4.64G0015370.t1","dispensable",10,6,0,51,0.5,0,0.479191477161444,0.295838295432289
"12653","Msa026921.t01","dispensable",9,6,0,51,0.5,0,0.479191477161444,0.295838295432289
"2895","LOC_00012388-mRNA-1","dispensable",11,6,0,50,0.5,0,0.476836527199296,0.295367305439859
"3017","Mara025267.t01","dispensable",9,6,0,50,0.5,0,0.476836527199296,0.295367305439859
"3075","evm.model.Chr07.2559","dispensable",10,6,0,50,0.5,0,0.476836527199296,0.295367305439859
"4337","evm.model.Chr04.3936.1.6a735618","dispensable",11,6,0,50,0.5,0,0.476836527199296,0.295367305439859
"5118","Mara004448.t01","dispensable",9,6,0,50,0.5,0,0.476836527199296,0.295367305439859
"5423","Mca018783.t01","dispensable",9,6,0,50,0.5,0,0.476836527199296,0.295367305439859
"5574","LOC_00006580-mRNA-1","dispensable",8,6,0,50,0.5,0,0.476836527199296,0.295367305439859
"7769","Mara032663.t01","dispensable",7,6,0,50,0.5,0,0.476836527199296,0.295367305439859
"7999","Msa125599.t01","dispensable",8,6,0,50,0.5,0,0.476836527199296,0.295367305439859
"8809","Mpoly023209.t01","dispensable",7,6,0,50,0.5,0,0.476836527199296,0.295367305439859
"10154","Mpoly015523.t01","dispensable",8,6,0,50,0.5,0,0.476836527199296,0.295367305439859
"11037","Mara004261.t01","dispensable",8,6,0,50,0.5,0,0.476836527199296,0.295367305439859
"13872","LOC_00045106-mRNA-1","dispensable",14,6,0,50,0.5,0,0.476836527199296,0.295367305439859
"16545","evm.model.Chr03.2063","dispensable",7,6,0,50,0.5,0,0.476836527199296,0.295367305439859
"5778","Mara034298.t01","dispensable",29,7,0,200,0.416666666666667,0,0.643164201889004,0.295299507044468
"6545","Mpoly018761.t01","dispensable",45,7,0,199,0.416666666666667,0,0.64255933224433,0.295178533115533
"5096","Mara003657.t01","dispensable",24,7,0,185,0.416666666666667,0,0.633758240746325,0.293418314815932
"13574","Mpoly026770.t01","dispensable",7,6,0,46,0.5,0,0.466930933132975,0.293386186626595
"1202","Mara020780.t01","dispensable",7,6,0,45,0.5,0,0.464322744172242,0.292864548834448
"1775","Mara033682.t01","dispensable",6,6,0,45,0.5,0,0.464322744172242,0.292864548834448
"2082","Mara042887.t01","dispensable",10,6,0,45,0.5,0,0.464322744172242,0.292864548834448
"2794","evm.model.Chr04.4821.1.6a7356ac","dispensable",12,6,0,45,0.5,0,0.464322744172242,0.292864548834448
"3170","evm.model.Chr08.1084","dispensable",7,6,0,45,0.5,0,0.464322744172242,0.292864548834448
"4490","Mru033198.t01","dispensable",16,6,0,45,0.5,0,0.464322744172242,0.292864548834448
"5120","LOC_00025350-mRNA-1","dispensable",8,6,0,45,0.5,0,0.464322744172242,0.292864548834448
"5148","LOC_00026973-mRNA-1","dispensable",9,6,0,45,0.5,0,0.464322744172242,0.292864548834448
"5258","Mca052352.t01","dispensable",8,6,0,45,0.5,0,0.464322744172242,0.292864548834448
"5462","LOC_00000006-mRNA-1","dispensable",8,6,0,45,0.5,0,0.464322744172242,0.292864548834448
"5523","Mca022655.t01","dispensable",6,6,0,45,0.5,0,0.464322744172242,0.292864548834448
"5665","Mara028368.t01","dispensable",7,6,0,45,0.5,0,0.464322744172242,0.292864548834448
"5732","Mara034407.t01","dispensable",14,6,0,45,0.5,0,0.464322744172242,0.292864548834448
"6393","evm.model.Chr01.3469","dispensable",8,6,0,45,0.5,0,0.464322744172242,0.292864548834448
"6802","evm.model.Chr01.4208","dispensable",8,6,0,45,0.5,0,0.464322744172242,0.292864548834448
"8134","Mpoly027517.t01","dispensable",8,6,0,45,0.5,0,0.464322744172242,0.292864548834448
"10727","evm.model.Chr01.1638","dispensable",7,6,0,45,0.5,0,0.464322744172242,0.292864548834448
"11497","LOC_00017316-mRNA-1","dispensable",6,6,0,45,0.5,0,0.464322744172242,0.292864548834448
"12048","Mpoly011406.t01","dispensable",6,6,0,45,0.5,0,0.464322744172242,0.292864548834448
"12094","Mpoly011919.t01","dispensable",6,6,0,45,0.5,0,0.464322744172242,0.292864548834448
"12314","Mara018468.t01","dispensable",7,6,0,45,0.5,0,0.464322744172242,0.292864548834448
"13079","Mca029721.t01","dispensable",6,6,0,45,0.5,0,0.464322744172242,0.292864548834448
"13955","Mara039988.t01","dispensable",7,6,0,45,0.5,0,0.464322744172242,0.292864548834448
"15527","Mara027374.t01","dispensable",6,6,0,45,0.5,0,0.464322744172242,0.292864548834448
"16700","evm.model.Chr04.1174","dispensable",7,6,0,45,0.5,0,0.464322744172242,0.292864548834448
"22735","Mca035523.t01","dispensable",6,6,0,45,0.5,0,0.464322744172242,0.292864548834448
"5414","Mca018364.t02","dispensable",27,7,0,180,0.416666666666667,0,0.63045351004721,0.292757368676109
"11275","Mru008658.t02","dispensable",8,6,0,44,0.5,0,0.461657227811549,0.29233144556231
"17964","Mpoly019477.t01","dispensable",7,6,0,43,0.5,0,0.45893180722027,0.291786361444054
"2945","Mca012509.t01","dispensable",20,7,0,170,0.416666666666667,0,0.623560967176239,0.291378860101914
"5745","Mru037807.t02","dispensable",35,7,0,170,0.416666666666667,0,0.623560967176239,0.291378860101914
"16973","evm.model.Chr06.1440","dispensable",7,6,0,42,0.5,0,0.456143727825037,0.291228745565007
"197","Mara002788.t01","dispensable",8,6,0,40,0.5,0,0.450367583204509,0.290073516640902
"2608","evm.model.Chr03.3662","dispensable",7,6,0,40,0.5,0,0.450367583204509,0.290073516640902
"3904","Mpoly030926.t01","dispensable",8,6,0,40,0.5,0,0.450367583204509,0.290073516640902
"5179","Mca007587.t01","dispensable",6,6,0,40,0.5,0,0.450367583204509,0.290073516640902
"5505","Mca021726.t01","dispensable",7,6,0,40,0.5,0,0.450367583204509,0.290073516640902
"5508","Mara018765.t01","dispensable",7,6,0,40,0.5,0,0.450367583204509,0.290073516640902
"5517","Mca022278.t01","dispensable",7,6,0,40,0.5,0,0.450367583204509,0.290073516640902
"5568","Mpoly017023.t01","dispensable",11,6,0,40,0.5,0,0.450367583204509,0.290073516640902
"5958","Mca040618.t01","dispensable",6,6,0,40,0.5,0,0.450367583204509,0.290073516640902
"6065","Mpoly031856.t01","dispensable",6,6,0,40,0.5,0,0.450367583204509,0.290073516640902
"6357","Mara044160.t01","dispensable",9,6,0,40,0.5,0,0.450367583204509,0.290073516640902
"7432","Mpoly018901.t01","dispensable",11,6,0,40,0.5,0,0.450367583204509,0.290073516640902
"9384","evm.model.Chr05.2916","dispensable",7,6,0,40,0.5,0,0.450367583204509,0.290073516640902
"9441","Mara034406.t01","dispensable",7,6,0,40,0.5,0,0.450367583204509,0.290073516640902
"11092","LOC_00025606-mRNA-1","dispensable",7,6,0,40,0.5,0,0.450367583204509,0.290073516640902
"11094","Mara004868.t01","dispensable",7,6,0,40,0.5,0,0.450367583204509,0.290073516640902
"12536","Mara021104.t01","dispensable",7,6,0,40,0.5,0,0.450367583204509,0.290073516640902
"19957","Mru042650.t02","dispensable",6,6,0,40,0.5,0,0.450367583204509,0.290073516640902
"6910","Mpoly012529.t01","dispensable",18,7,0,155,0.416666666666667,0,0.612426904517869,0.28915204757024
"10440","Mca010180.t01","dispensable",25,7,0,155,0.416666666666667,0,0.612426904517869,0.28915204757024
"6074","evm.model.Chr07.3785","dispensable",10,6,0,38,0.5,0,0.444302513819915,0.288860502763983
"1452","Mru020526.t02","dispensable",43,7,0,150,0.416666666666667,0,0.608476193212106,0.288361905309088
"3649","evm.model.Chr03.1856","dispensable",28,7,0,150,0.416666666666667,0,0.608476193212106,0.288361905309088
"8754","Mtrun003558.t02","dispensable",28,7,0,150,0.416666666666667,0,0.608476193212106,0.288361905309088
"9801","Mca046835.t01","dispensable",24,7,0,150,0.416666666666667,0,0.608476193212106,0.288361905309088
"5625","evm.model.Chr06.137","dispensable",6,6,0,37,0.5,0,0.441152307812366,0.288230461562473
"7893","LOC_00031811-mRNA-1","dispensable",8,6,0,36,0.5,0,0.437918086482887,0.287583617296577
"12679","Msa071291.t01","dispensable",6,6,0,36,0.5,0,0.437918086482887,0.287583617296577
"5318","Mtrun001704.t01","dispensable",26,7,0,143,0.416666666666667,0,0.602719636108758,0.287210593888418
"974","Mara016201.t01","dispensable",6,6,0,35,0.5,0,0.434595245410804,0.286919049082161
"1274","Mara022162.t01","dispensable",8,6,0,35,0.5,0,0.434595245410804,0.286919049082161
"1637","Mara030129.t01","dispensable",6,6,0,35,0.5,0,0.434595245410804,0.286919049082161
"1979","Mara039439.t02","dispensable",9,6,0,35,0.5,0,0.434595245410804,0.286919049082161
"2176","Mara045544.t01","dispensable",6,6,0,35,0.5,0,0.434595245410804,0.286919049082161
"2937","evm.model.Chr06.291","dispensable",6,6,0,35,0.5,0,0.434595245410804,0.286919049082161
"3106","evm.model.Chr07.3711","dispensable",6,6,0,35,0.5,0,0.434595245410804,0.286919049082161
"3116","evm.model.Chr07.3998.1.6a735551","dispensable",9,6,0,35,0.5,0,0.434595245410804,0.286919049082161
"4147","Mara043630.t01","dispensable",6,6,0,35,0.5,0,0.434595245410804,0.286919049082161
"6101","Mca046897.t01","dispensable",6,6,0,35,0.5,0,0.434595245410804,0.286919049082161
"6236","evm.model.Chr08.3088","dispensable",8,6,0,35,0.5,0,0.434595245410804,0.286919049082161
"6272","LOC_00052004-mRNA-1","dispensable",8,6,0,35,0.5,0,0.434595245410804,0.286919049082161
"10358","evm.model.Chr07.2193","dispensable",6,6,0,35,0.5,0,0.434595245410804,0.286919049082161
"11252","Mara045846.t01","dispensable",6,6,0,35,0.5,0,0.434595245410804,0.286919049082161
"12479","evm.model.Chr04.1811","dispensable",7,6,0,35,0.5,0,0.434595245410804,0.286919049082161
"12579","LOC_00004140-mRNA-1","dispensable",7,6,0,35,0.5,0,0.434595245410804,0.286919049082161
"12717","Mara023587.t01","dispensable",7,6,0,35,0.5,0,0.434595245410804,0.286919049082161
"14222","Mca050927.t01","dispensable",6,6,0,35,0.5,0,0.434595245410804,0.286919049082161
"15250","Mara016860.t01","dispensable",7,6,0,35,0.5,0,0.434595245410804,0.286919049082161
"16007","Mara045147.t01","dispensable",6,6,0,35,0.5,0,0.434595245410804,0.286919049082161
"23456","Mca051534.t01","dispensable",6,6,0,35,0.5,0,0.434595245410804,0.286919049082161
"6970","Msa043926.t01","dispensable",18,7,0,135,0.416666666666667,0,0.595787685889802,0.285824203844627
"17117","Mpoly028057.t01","dispensable",18,7,0,135,0.416666666666667,0,0.595787685889802,0.285824203844627
"3530","Mara021432.t01","dispensable",22,7,0,133,0.416666666666667,0,0.593990969881556,0.285464860642978
"5788","Mru039289.t02","dispensable",22,7,0,133,0.416666666666667,0,0.593990969881556,0.285464860642978
"3517","Mru009128.t03","dispensable",21,7,0,130,0.416666666666667,0,0.591244978327229,0.284915662332113
"3195","evm.model.Chr08.2489","dispensable",6,6,0,31,0.5,0,0.420310976744885,0.284062195348977
"7179","Msa067958.t01","dispensable",21,7,0,125,0.416666666666667,0,0.586525467933745,0.283971760253416
"1929","Mara038127.t01","dispensable",6,6,0,30,0.5,0,0.416460618040923,0.283292123608185
"2170","Mara045423.t01","dispensable",6,6,0,30,0.5,0,0.416460618040923,0.283292123608185
"3140","Mara040131.t01","dispensable",9,6,0,30,0.5,0,0.416460618040923,0.283292123608185
"3276","evm.model.Chr08.4571","dispensable",6,6,0,30,0.5,0,0.416460618040923,0.283292123608185
"6278","Mca052011.t01","dispensable",6,6,0,30,0.5,0,0.416460618040923,0.283292123608185
"13964","Mara040111.t01","dispensable",6,6,0,30,0.5,0,0.416460618040923,0.283292123608185
"14030","Mara040784.t01","dispensable",9,6,0,30,0.5,0,0.416460618040923,0.283292123608185
"14134","LOC_00049556-mRNA-1","dispensable",6,6,0,30,0.5,0,0.416460618040923,0.283292123608185
"4420","LOC_00004653-mRNA-1","dispensable",17,7,0,115,0.416666666666667,0,0.576496938111986,0.281966054289064
"7719","Mru036328.t01","dispensable",16,7,0,115,0.416666666666667,0,0.576496938111986,0.281966054289064
"4217","Mpoly004234.t01","dispensable",17,7,0,110,0.416666666666667,0,0.571153513839312,0.280897369434529
"5205","Mca008977.t02","dispensable",20,7,0,110,0.416666666666667,0,0.571153513839312,0.280897369434529
"5800","Mara017533.t01","dispensable",22,7,0,110,0.416666666666667,0,0.571153513839312,0.280897369434529
"6277","Mpoly008259.t01","dispensable",21,7,0,110,0.416666666666667,0,0.571153513839312,0.280897369434529
"5245","Mca034664.t01","dispensable",20,7,0,105,0.416666666666667,0,0.56556376354387,0.279779419375441
"8592","Mpoly002502.t01","dispensable",20,7,0,105,0.416666666666667,0,0.56556376354387,0.279779419375441
"15230","Mara015948.t01","dispensable",18,7,0,105,0.416666666666667,0,0.56556376354387,0.279779419375441
"10387","Msa112838.t01","dispensable",58,8,0,407,0.333333333333333,0,0.729023113246227,0.279137955982579
"683","Mpoly008681.t01","dispensable",63,8,0,404,0.333333333333333,0,0.728128082524399,0.278958949838213
"966","Mara016083.t01","dispensable",17,7,0,100,0.416666666666667,0,0.559703874337883,0.278607441534243
"3509","Msa044641.t01","dispensable",13,7,0,100,0.416666666666667,0,0.559703874337883,0.278607441534243
"960","Mca013627.t01","dispensable",15,7,0,98,0.416666666666667,0,0.557278271235166,0.2781223209137
"3656","Mpoly019982.t01","dispensable",14,7,0,95,0.416666666666667,0,0.55354640410131,0.277375947486929
"11217","Mara006204.t01","dispensable",14,7,0,95,0.416666666666667,0,0.55354640410131,0.277375947486929
"4285","Mpoly009131.t02","dispensable",11,7,0,90,0.416666666666667,0,0.547059504335408,0.276078567533748
"4799","LOC_00017830-mRNA-1","dispensable",20,7,0,90,0.416666666666667,0,0.547059504335408,0.276078567533748
"8143","Mpoly028651.t01","dispensable",18,7,0,90,0.416666666666667,0,0.547059504335408,0.276078567533748
"8183","Mca043396.t01","dispensable",14,7,0,90,0.416666666666667,0,0.547059504335408,0.276078567533748
"12310","Mca019557.t01","dispensable",14,7,0,90,0.416666666666667,0,0.547059504335408,0.276078567533748
"14642","Mara023198.t01","dispensable",15,7,0,90,0.416666666666667,0,0.547059504335408,0.276078567533748
"5077","Msa036142.t01","dispensable",52,8,0,355,0.333333333333333,0,0.712488759399753,0.275831085213284
"6122","Mca047990.t01","dispensable",19,7,0,87,0.416666666666667,0,0.542994002569247,0.275265467180516
"5843","Mara044982.t01","dispensable",15,7,0,85,0.416666666666667,0,0.540205923174014,0.274707851301469
"10636","Mpoly016483.t01","dispensable",13,7,0,85,0.416666666666667,0,0.540205923174014,0.274707851301469
"10325","Msa025405.t01","dispensable",47,8,0,335,0.333333333333333,0,0.705476626624251,0.274428658658184
"5010","Mpoly035029.t02","dispensable",18,7,0,82,0.416666666666667,0,0.535899810035317,0.27384662867373
"2997","evm.model.Chr06.2910","dispensable",15,7,0,80,0.416666666666667,0,0.5329417094257,0.273255008551807
"3783","Mpoly025357.t02","dispensable",16,7,0,80,0.416666666666667,0,0.5329417094257,0.273255008551807
"4431","Mpoly017326.t01","dispensable",17,7,0,80,0.416666666666667,0,0.5329417094257,0.273255008551807
"7776","Mca039773.t01","dispensable",13,7,0,80,0.416666666666667,0,0.5329417094257,0.273255008551807
"3878","Mpoly010007.t01","dispensable",58,8,0,319,0.333333333333333,0,0.699559545192562,0.273245242371846
"6935","Msa036526.t01","dispensable",12,7,0,77,0.416666666666667,0,0.528364709168892,0.272339608500445
"16164","evm.model.Chr07.1719","dispensable",11,7,0,77,0.416666666666667,0,0.528364709168892,0.272339608500445
"14941","evm.model.Chr06.2430","dispensable",15,7,0,76,0.416666666666667,0,0.526799834394235,0.272026633545514
"15935","Mru049189.t02","dispensable",11,7,0,76,0.416666666666667,0,0.526799834394235,0.272026633545514
"1061","Mca043223.t01","dispensable",47,8,0,300,0.333333333333333,0,0.692136145696955,0.271760562472724
"372","LOC_00026877-mRNA-1","dispensable",25,7,0,75,0.416666666666667,0,0.525214503161343,0.271709567298935
"980","Mpoly031533.t02","dispensable",11,7,0,75,0.416666666666667,0,0.525214503161343,0.271709567298935
"2308","Mara004779.t01","dispensable",21,7,0,75,0.416666666666667,0,0.525214503161343,0.271709567298935
"2964","evm.model.Chr06.1423","dispensable",12,7,0,75,0.416666666666667,0,0.525214503161343,0.271709567298935
"3014","evm.model.Chr06.3433","dispensable",10,7,0,75,0.416666666666667,0,0.525214503161343,0.271709567298935
"3790","evm.model.Chr05.3164","dispensable",11,7,0,75,0.416666666666667,0,0.525214503161343,0.271709567298935
"3965","Mpoly035146.t01","dispensable",11,7,0,75,0.416666666666667,0,0.525214503161343,0.271709567298935
"4500","evm.model.Chr05.2357.1.6a735252","dispensable",13,7,0,75,0.416666666666667,0,0.525214503161343,0.271709567298935
"4702","Mara028816.t01","dispensable",14,7,0,75,0.416666666666667,0,0.525214503161343,0.271709567298935
"6345","Mpoly035163.t01","dispensable",15,7,0,75,0.416666666666667,0,0.525214503161343,0.271709567298935
"6692","Msa045493.t01","dispensable",11,7,0,75,0.416666666666667,0,0.525214503161343,0.271709567298935
"7801","LOC_00032241-mRNA-1","dispensable",12,7,0,75,0.416666666666667,0,0.525214503161343,0.271709567298935
"15541","Mca028338.t01","dispensable",11,7,0,75,0.416666666666667,0,0.525214503161343,0.271709567298935
"6429","Mca010950.t02","dispensable",54,8,0,285,0.333333333333333,0,0.685936698334783,0.27052067300029
"2034","Mara041089.t01","dispensable",14,7,0,70,0.416666666666667,0,0.516961243706611,0.270058915407989
"2316","Mca005258.t01","dispensable",19,7,0,70,0.416666666666667,0,0.516961243706611,0.270058915407989
"4598","Msa042886.t05","dispensable",15,7,0,70,0.416666666666667,0,0.516961243706611,0.270058915407989
"6127","evm.model.Chr08.929","dispensable",11,7,0,70,0.416666666666667,0,0.516961243706611,0.270058915407989
"7215","Mru000754.t01","dispensable",10,7,0,70,0.416666666666667,0,0.516961243706611,0.270058915407989
"8786","LOC_00018549-mRNA-1","dispensable",9,7,0,70,0.416666666666667,0,0.516961243706611,0.270058915407989
"11964","Mara014288.t01","dispensable",10,7,0,70,0.416666666666667,0,0.516961243706611,0.270058915407989
"12675","evm.model.Chr04.3890","dispensable",13,7,0,70,0.416666666666667,0,0.516961243706611,0.270058915407989
"13711","Mpoly028087.t01","dispensable",11,7,0,70,0.416666666666667,0,0.516961243706611,0.270058915407989
"8421","evm.model.Chr08.3741","dispensable",15,7,0,69,0.416666666666667,0,0.515240986319595,0.269714863930586
"2545","evm.model.Chr03.1407","dispensable",20,7,0,65,0.416666666666667,0,0.508105039227718,0.26828767451221
"4194","evm.model.Chr01.2910","dispensable",17,7,0,65,0.416666666666667,0,0.508105039227718,0.26828767451221
"5763","Mpoly023241.t01","dispensable",9,7,0,65,0.416666666666667,0,0.508105039227718,0.26828767451221
"9388","evm.model.Chr05.3017","dispensable",10,7,0,65,0.416666666666667,0,0.508105039227718,0.26828767451221
"10552","LOC_00010330-mRNA-1","dispensable",11,7,0,65,0.416666666666667,0,0.508105039227718,0.26828767451221
"16369","evm.model.Chr02.2151","dispensable",12,7,0,65,0.416666666666667,0,0.508105039227718,0.26828767451221
"16839","Mpoly013136.t01","dispensable",13,7,0,63,0.416666666666667,0,0.504373172093862,0.267541301085439
"3207","evm.model.Chr08.2709","dispensable",12,7,0,62,0.416666666666667,0,0.502463272584768,0.26715932118362
"4249","evm.model.Chr02.782","dispensable",16,7,0,62,0.416666666666667,0,0.502463272584768,0.26715932118362
"5440","Mca019437.t01","dispensable",10,7,0,62,0.416666666666667,0,0.502463272584768,0.26715932118362
"2351","evm.model.Chr02.12","dispensable",53,8,0,247,0.333333333333333,0,0.668647204087854,0.267062774150904
"7607","Msa095874.t01","dispensable",10,7,0,61,0.416666666666667,0,0.5005228133899,0.266771229344647
"1284","Mara022377.t01","dispensable",10,7,0,60,0.416666666666667,0,0.498550800633683,0.266376826793403
"2784","evm.model.Chr04.4342.2.6a735671","dispensable",12,7,0,60,0.416666666666667,0,0.498550800633683,0.266376826793403
"4809","Mca017963.t01","dispensable",7,7,0,60,0.416666666666667,0,0.498550800633683,0.266376826793403
"5701","Mara025526.t01","dispensable",9,7,0,60,0.416666666666667,0,0.498550800633683,0.266376826793403
"12910","LOC_00009179-mRNA-1","dispensable",10,7,0,60,0.416666666666667,0,0.498550800633683,0.266376826793403
"9670","Mpoly026343.t01","dispensable",11,7,0,59,0.416666666666667,0,0.496546191153078,0.265975904897282
"7604","Mara024496.t01","dispensable",15,7,0,57,0.416666666666667,0,0.492434742763009,0.265153615219268
"1310","Mara022930.t01","dispensable",9,7,0,55,0.416666666666667,0,0.488179003918849,0.264302467450437
"1900","Mara037153.t01","dispensable",11,7,0,55,0.416666666666667,0,0.488179003918849,0.264302467450437
"3884","Mru047990.t02","dispensable",25,7,0,55,0.416666666666667,0,0.488179003918849,0.264302467450437
"4361","Mara017008.t01","dispensable",11,7,0,55,0.416666666666667,0,0.488179003918849,0.264302467450437
"5432","Mara016560.t01","dispensable",14,7,0,55,0.416666666666667,0,0.488179003918849,0.264302467450437
"5580","Mara023900.t01","dispensable",10,7,0,55,0.416666666666667,0,0.488179003918849,0.264302467450437
"7737","Mara033249.t01","dispensable",11,7,0,55,0.416666666666667,0,0.488179003918849,0.264302467450437
"7749","Msa035296.t01","dispensable",10,7,0,55,0.416666666666667,0,0.488179003918849,0.264302467450437
"8198","Mara012156.t01","dispensable",10,7,0,55,0.416666666666667,0,0.488179003918849,0.264302467450437
"8416","evm.model.Chr08.3839","dispensable",8,7,0,55,0.416666666666667,0,0.488179003918849,0.264302467450437
"6654","Mca039091.t02","dispensable",36,8,0,220,0.333333333333333,0,0.654668186306361,0.264266970594605
"2275","Mara035831.t01","dispensable",37,8,0,210,0.333333333333333,0,0.649052548309931,0.26314384299532
"1838","Mara035511.t01","dispensable",9,7,0,50,0.416666666666667,0,0.476836527199296,0.262033972106526
"1993","Mara039881.t01","dispensable",10,7,0,50,0.416666666666667,0,0.476836527199296,0.262033972106526
"2688","Mara020636.t01","dispensable",8,7,0,50,0.416666666666667,0,0.476836527199296,0.262033972106526
"2810","Mca032630.t01","dispensable",8,7,0,50,0.416666666666667,0,0.476836527199296,0.262033972106526
"3186","evm.model.Chr08.2033","dispensable",10,7,0,50,0.416666666666667,0,0.476836527199296,0.262033972106526
"3882","Mpoly029613.t01","dispensable",7,7,0,50,0.416666666666667,0,0.476836527199296,0.262033972106526
"5027","LOC_00021142-mRNA-1","dispensable",7,7,0,50,0.416666666666667,0,0.476836527199296,0.262033972106526
"5728","LOC_00027495-mRNA-1","dispensable",8,7,0,50,0.416666666666667,0,0.476836527199296,0.262033972106526
"5828","evm.model.Chr05.1091","dispensable",8,7,0,50,0.416666666666667,0,0.476836527199296,0.262033972106526
"6071","Mara038830.t01","dispensable",8,7,0,50,0.416666666666667,0,0.476836527199296,0.262033972106526
"7992","Msa125508.t01","dispensable",7,7,0,50,0.416666666666667,0,0.476836527199296,0.262033972106526
"9896","Msa050745.t01","dispensable",9,7,0,50,0.416666666666667,0,0.476836527199296,0.262033972106526
"13673","evm.model.Chr07.1773","dispensable",8,7,0,50,0.416666666666667,0,0.476836527199296,0.262033972106526
"5619","Mca027832.t01","dispensable",26,8,0,200,0.333333333333333,0,0.643164201889004,0.261966173711134
"2735","evm.model.Chr04.2859.1.6a7354d3","dispensable",61,8,0,195,0.333333333333333,0,0.640109226441791,0.261355178621692
"5152","Mca006467.t01","dispensable",28,8,0,195,0.333333333333333,0,0.640109226441791,0.261355178621692
"712","Mara014215.t01","dispensable",41,8,0,185,0.333333333333333,0,0.633758240746325,0.260084981482598
"1405","Mara024749.t01","dispensable",8,7,0,45,0.416666666666667,0,0.464322744172242,0.259531215501115
"2112","Mara043897.t01","dispensable",8,7,0,45,0.416666666666667,0,0.464322744172242,0.259531215501115
"2172","Mara045484.t01","dispensable",7,7,0,45,0.416666666666667,0,0.464322744172242,0.259531215501115
"2611","Mara016565.t01","dispensable",10,7,0,45,0.416666666666667,0,0.464322744172242,0.259531215501115
"2800","Msa033761.t01","dispensable",8,7,0,45,0.416666666666667,0,0.464322744172242,0.259531215501115
"2853","Mca029045.t01","dispensable",12,7,0,45,0.416666666666667,0,0.464322744172242,0.259531215501115
"5646","Mca028795.t01","dispensable",7,7,0,45,0.416666666666667,0,0.464322744172242,0.259531215501115
"6010","Mtrun033485.t01","dispensable",8,7,0,45,0.416666666666667,0,0.464322744172242,0.259531215501115
"6192","Mara045857.t01","dispensable",8,7,0,45,0.416666666666667,0,0.464322744172242,0.259531215501115
"6265","zm4.84G0046780.t1","dispensable",8,7,0,45,0.416666666666667,0,0.464322744172242,0.259531215501115
"7207","Mara020041.t01","dispensable",7,7,0,45,0.416666666666667,0,0.464322744172242,0.259531215501115
"7286","Msa072466.t01","dispensable",9,7,0,45,0.416666666666667,0,0.464322744172242,0.259531215501115
"8306","Mpoly030914.t01","dispensable",9,7,0,45,0.416666666666667,0,0.464322744172242,0.259531215501115
"12583","Mara021566.t01","dispensable",8,7,0,45,0.416666666666667,0,0.464322744172242,0.259531215501115
"12678","Mara023090.t01","dispensable",8,7,0,45,0.416666666666667,0,0.464322744172242,0.259531215501115
"13804","LOC_00044088-mRNA-1","dispensable",8,7,0,45,0.416666666666667,0,0.464322744172242,0.259531215501115
"2229","evm.model.Chr01.747","dispensable",31,8,0,171,0.333333333333333,0,0.624268118522991,0.258186957037931
"7163","Mru022704.t01","dispensable",29,8,0,171,0.333333333333333,0,0.624268118522991,0.258186957037931
"2314","LOC_00025500-mRNA-1","dispensable",30,8,0,170,0.333333333333333,0,0.623560967176239,0.258045526768581
"1619","Mara029813.t01","dispensable",27,8,0,165,0.333333333333333,0,0.619962005384293,0.257325734410192
"3934","Mpoly032973.t01","dispensable",8,7,0,41,0.416666666666667,0,0.45329004057732,0.257324674782131
"12770","LOC_00007242-mRNA-1","dispensable",8,7,0,41,0.416666666666667,0,0.45329004057732,0.257324674782131
"17030","evm.model.Chr06.2972","dispensable",9,7,0,41,0.416666666666667,0,0.45329004057732,0.257324674782131
"1602","Mara029282.t01","dispensable",7,7,0,40,0.416666666666667,0,0.450367583204509,0.256740183307568
"5984","evm.model.Chr03.3791","dispensable",8,7,0,40,0.416666666666667,0,0.450367583204509,0.256740183307568
"9912","evm.model.Chr08.4093.1.6a7355f9","dispensable",8,7,0,40,0.416666666666667,0,0.450367583204509,0.256740183307568
"9945","Mara045802.t01","dispensable",7,7,0,40,0.416666666666667,0,0.450367583204509,0.256740183307568
"10526","Mara029476.t01","dispensable",7,7,0,40,0.416666666666667,0,0.450367583204509,0.256740183307568
"12815","Mara029482.t01","dispensable",7,7,0,40,0.416666666666667,0,0.450367583204509,0.256740183307568
"12931","Mara028119.t01","dispensable",7,7,0,40,0.416666666666667,0,0.450367583204509,0.256740183307568
"15952","Mara043546.t01","dispensable",7,7,0,40,0.416666666666667,0,0.450367583204509,0.256740183307568
"16034","Mara045745.t01","dispensable",7,7,0,40,0.416666666666667,0,0.450367583204509,0.256740183307568
"17237","evm.model.Chr08.1306.1.6a7352d3","dispensable",8,7,0,40,0.416666666666667,0,0.450367583204509,0.256740183307568
"10104","Mtrun033408.t01","dispensable",28,8,0,156,0.333333333333333,0,0.613201834390029,0.255973700211339
"6086","Mca046419.t01","dispensable",7,7,0,36,0.416666666666667,0,0.437918086482887,0.254250283963244
"5516","Mca022264.t01","dispensable",26,8,0,145,0.333333333333333,0,0.604392436593445,0.254211820652022
"2015","Mara040548.t01","dispensable",7,7,0,35,0.416666666666667,0,0.434595245410804,0.253585715748827
"2052","Mara041755.t01","dispensable",7,7,0,35,0.416666666666667,0,0.434595245410804,0.253585715748827
"3861","Mara037407.t01","dispensable",7,7,0,35,0.416666666666667,0,0.434595245410804,0.253585715748827
"6288","LOC_00052231-mRNA-1","dispensable",7,7,0,35,0.416666666666667,0,0.434595245410804,0.253585715748827
"6314","Mca052614.t01","dispensable",7,7,0,35,0.416666666666667,0,0.434595245410804,0.253585715748827
"8458","Mara045757.t01","dispensable",7,7,0,35,0.416666666666667,0,0.434595245410804,0.253585715748827
"13958","Mara040017.t01","dispensable",7,7,0,35,0.416666666666667,0,0.434595245410804,0.253585715748827
"2678","evm.model.Chr04.1452","dispensable",27,8,0,140,0.333333333333333,0,0.6001663604894,0.253366605431213
"10397","Mpoly004820.t01","dispensable",20,8,0,139,0.333333333333333,0,0.599303181668572,0.253193969667048
"1713","Mara031776.t01","dispensable",27,8,0,130,0.333333333333333,0,0.591244978327229,0.251582328998779
"3348","Msa094477.t01","dispensable",20,8,0,130,0.333333333333333,0,0.591244978327229,0.251582328998779
"5679","Mara026268.t01","dispensable",24,8,0,130,0.333333333333333,0,0.591244978327229,0.251582328998779
"1946","Msa094942.t01","dispensable",20,8,0,125,0.333333333333333,0,0.586525467933745,0.250638426920082
"5871","Mpoly023966.t01","dispensable",26,8,0,122,0.333333333333333,0,0.583603010560934,0.25005393544552
"6300","Mara045044.t01","dispensable",7,7,0,30,0.416666666666667,0,0.416460618040923,0.249958790274851
"14104","LOC_00049097-mRNA-1","dispensable",7,7,0,30,0.416666666666667,0,0.416460618040923,0.249958790274851
"5187","Mara007679.t01","dispensable",21,8,0,120,0.333333333333333,0,0.581614833044633,0.24965629994226
"5545","Mca023966.t01","dispensable",18,8,0,120,0.333333333333333,0,0.581614833044633,0.24965629994226
"2904","Mru035769.t01","dispensable",17,8,0,115,0.333333333333333,0,0.576496938111986,0.248632720955731
"8038","Mpoly027126.t01","dispensable",17,8,0,115,0.333333333333333,0,0.576496938111986,0.248632720955731
"9495","LOC_00022242-mRNA-2","dispensable",16,8,0,115,0.333333333333333,0,0.576496938111986,0.248632720955731
"12130","LOC_00037826-mRNA-3","dispensable",17,8,0,115,0.333333333333333,0,0.576496938111986,0.248632720955731
"5107","Mca004208.t01","dispensable",17,8,0,110,0.333333333333333,0,0.571153513839312,0.247564036101196
"5710","Msa111265.t01","dispensable",25,8,0,110,0.333333333333333,0,0.571153513839312,0.247564036101196
"6172","LOC_00049845-mRNA-1","dispensable",18,8,0,108,0.333333333333333,0,0.568948432867282,0.24712301990679
"4554","Mca036110.t01","dispensable",17,8,0,107,0.333333333333333,0,0.567830672767229,0.246899467886779
"6148","zm4.84G0048910.t1","dispensable",18,8,0,107,0.333333333333333,0,0.567830672767229,0.246899467886779
"1421","Mara025087.t01","dispensable",17,8,0,102,0.333333333333333,0,0.562081913517113,0.245749716036756
"2805","Mru014401.t01","dispensable",26,8,0,100,0.333333333333333,0,0.559703874337883,0.24527410820091
"2821","Mara033538.t01","dispensable",16,8,0,100,0.333333333333333,0,0.559703874337883,0.24527410820091
"9715","Msa040753.t01","dispensable",16,8,0,100,0.333333333333333,0,0.559703874337883,0.24527410820091
"15044","Mara000209.t01","dispensable",20,8,0,98,0.333333333333333,0,0.557278271235166,0.244788987580367
"2832","Mara033064.t01","dispensable",20,8,0,95,0.333333333333333,0,0.55354640410131,0.244042614153595
"3383","LOC_00026707-mRNA-1","dispensable",18,8,0,95,0.333333333333333,0,0.55354640410131,0.244042614153595
"5718","LOC_00011579-mRNA-1","dispensable",15,8,0,95,0.333333333333333,0,0.55354640410131,0.244042614153595
"14837","Mtrun026282.t01","dispensable",16,8,0,95,0.333333333333333,0,0.55354640410131,0.244042614153595
"2695","Mara035554.t01","dispensable",16,8,0,90,0.333333333333333,0,0.547059504335408,0.242745234200415
"4724","LOC_00052347-mRNA-1","dispensable",14,8,0,90,0.333333333333333,0,0.547059504335408,0.242745234200415
"5265","Mca012049.t01","dispensable",12,8,0,90,0.333333333333333,0,0.547059504335408,0.242745234200415
"11583","Mru012785.t01","dispensable",13,8,0,90,0.333333333333333,0,0.547059504335408,0.242745234200415
"5317","Mca014263.t01","dispensable",13,8,0,85,0.333333333333333,0,0.540205923174014,0.241374517968136
"6361","zm4.24G0053170.t1","dispensable",15,8,0,85,0.333333333333333,0,0.540205923174014,0.241374517968136
"2054","Mara038533.t01","dispensable",65,9,0,329,0.25,0,0.703291412326418,0.240658282465284
"5809","Mara033942.t01","dispensable",12,8,0,80,0.333333333333333,0,0.5329417094257,0.239921675218473
"6049","Mca044883.t01","dispensable",13,8,0,80,0.333333333333333,0,0.5329417094257,0.239921675218473
"6174","LOC_00052950-mRNA-1","dispensable",14,8,0,79,0.333333333333333,0,0.531435154494608,0.239620364232255
"4741","Mara045401.t01","dispensable",12,8,0,77,0.333333333333333,0,0.528364709168892,0.239006275167112
"2613","evm.model.Chr03.3891","dispensable",19,8,0,75,0.333333333333333,0,0.525214503161343,0.238376233965602
"2782","Mara023542.t01","dispensable",12,8,0,75,0.333333333333333,0,0.525214503161343,0.238376233965602
"4354","Mara016321.t01","dispensable",14,8,0,75,0.333333333333333,0,0.525214503161343,0.238376233965602
"4422","Mara022171.t01","dispensable",20,8,0,75,0.333333333333333,0,0.525214503161343,0.238376233965602
"8706","Msa008974.t01","dispensable",13,8,0,75,0.333333333333333,0,0.525214503161343,0.238376233965602
"1556","Mru030063.t02","dispensable",24,8,0,70,0.333333333333333,0,0.516961243706611,0.236725582074656
"3881","Mara038769.t01","dispensable",12,8,0,70,0.333333333333333,0,0.516961243706611,0.236725582074656
"4384","evm.model.Chr04.368","dispensable",12,8,0,70,0.333333333333333,0,0.516961243706611,0.236725582074656
"5269","Mca012216.t01","dispensable",15,8,0,70,0.333333333333333,0,0.516961243706611,0.236725582074656
"5762","Mca032983.t01","dispensable",10,8,0,70,0.333333333333333,0,0.516961243706611,0.236725582074656
"6100","Mara039879.t01","dispensable",11,8,0,70,0.333333333333333,0,0.516961243706611,0.236725582074656
"6976","Msa044448.t01","dispensable",11,8,0,70,0.333333333333333,0,0.516961243706611,0.236725582074656
"2341","Mpoly019591.t01","dispensable",64,9,0,275,0.25,0,0.681620366877644,0.236324073375529
"2665","LOC_00001936-mRNA-1","dispensable",10,8,0,65,0.333333333333333,0,0.508105039227718,0.234954341178877
"2950","evm.model.Chr06.804","dispensable",11,8,0,65,0.333333333333333,0,0.508105039227718,0.234954341178877
"3568","Mpoly014245.t01","dispensable",10,8,0,65,0.333333333333333,0,0.508105039227718,0.234954341178877
"3757","Mca035801.t01","dispensable",11,8,0,65,0.333333333333333,0,0.508105039227718,0.234954341178877
"5669","LOC_00009412-mRNA-1","dispensable",9,8,0,65,0.333333333333333,0,0.508105039227718,0.234954341178877
"6664","Mara039183.t01","dispensable",14,8,0,65,0.333333333333333,0,0.508105039227718,0.234954341178877
"13233","LOC_00027517-mRNA-1","dispensable",10,8,0,65,0.333333333333333,0,0.508105039227718,0.234954341178877
"15686","Mara034521.t02","dispensable",10,8,0,65,0.333333333333333,0,0.508105039227718,0.234954341178877
"14378","Mara045804.t01","dispensable",10,8,0,63,0.333333333333333,0,0.504373172093862,0.234207967752106
"1365","Mara024238.t01","dispensable",12,8,0,60,0.333333333333333,0,0.498550800633683,0.23304349346007
"2149","Mara044936.t01","dispensable",13,8,0,60,0.333333333333333,0,0.498550800633683,0.23304349346007
"2154","Mara045002.t01","dispensable",9,8,0,60,0.333333333333333,0,0.498550800633683,0.23304349346007
"2173","Mara045501.t01","dispensable",9,8,0,60,0.333333333333333,0,0.498550800633683,0.23304349346007
"3943","evm.model.Chr08.2827","dispensable",12,8,0,60,0.333333333333333,0,0.498550800633683,0.23304349346007
"8020","Msa126115.t01","dispensable",10,8,0,60,0.333333333333333,0,0.498550800633683,0.23304349346007
"9389","Mara024553.t01","dispensable",10,8,0,60,0.333333333333333,0,0.498550800633683,0.23304349346007
"13318","Mara032878.t01","dispensable",9,8,0,60,0.333333333333333,0,0.498550800633683,0.23304349346007
"1302","Mara021951.t01","dispensable",57,9,0,230,0.25,0,0.66003526175066,0.232007052350132
"1977","Mara039415.t01","dispensable",10,8,0,55,0.333333333333333,0,0.488179003918849,0.230969134117103
"2981","evm.model.Chr06.1990","dispensable",9,8,0,55,0.333333333333333,0,0.488179003918849,0.230969134117103
"3237","evm.model.Chr08.3536","dispensable",11,8,0,55,0.333333333333333,0,0.488179003918849,0.230969134117103
"3570","Mara018817.t01","dispensable",10,8,0,55,0.333333333333333,0,0.488179003918849,0.230969134117103
"4750","evm.model.Chr08.4474","dispensable",9,8,0,55,0.333333333333333,0,0.488179003918849,0.230969134117103
"4948","evm.model.Chr07.428","dispensable",10,8,0,55,0.333333333333333,0,0.488179003918849,0.230969134117103
"6296","Mca052381.t01","dispensable",10,8,0,55,0.333333333333333,0,0.488179003918849,0.230969134117103
"7229","Mara020931.t01","dispensable",9,8,0,55,0.333333333333333,0,0.488179003918849,0.230969134117103
"7738","Mara033227.t01","dispensable",9,8,0,55,0.333333333333333,0,0.488179003918849,0.230969134117103
"12468","Mara020472.t01","dispensable",9,8,0,55,0.333333333333333,0,0.488179003918849,0.230969134117103
"12684","evm.model.Chr04.3996","dispensable",9,8,0,55,0.333333333333333,0,0.488179003918849,0.230969134117103
"16953","evm.model.Chr06.896","dispensable",9,8,0,55,0.333333333333333,0,0.488179003918849,0.230969134117103
"1127","Mara019394.t01","dispensable",17,8,0,52,0.333333333333333,0,0.481501568194893,0.229633646972312
"3222","evm.model.Chr08.3286","dispensable",9,8,0,50,0.333333333333333,0,0.476836527199296,0.228700638773192
"12884","LOC_00008786-mRNA-3","dispensable",11,8,0,50,0.333333333333333,0,0.476836527199296,0.228700638773192
"12980","Mara027233.t01","dispensable",8,8,0,50,0.333333333333333,0,0.476836527199296,0.228700638773192
"13805","LOC_00044090-mRNA-1","dispensable",8,8,0,50,0.333333333333333,0,0.476836527199296,0.228700638773192
"14172","LOC_00050192-mRNA-1","dispensable",10,8,0,50,0.333333333333333,0,0.476836527199296,0.228700638773192
"1488","Mca009450.t01","dispensable",28,9,0,195,0.25,0,0.640109226441791,0.228021845288358
"4638","Mca001791.t01","dispensable",114,10,0,755,0.166666666666667,0,0.803823090639147,0.227431284794496
"106","Mara001663.t01","dispensable",31,9,0,185,0.25,0,0.633758240746325,0.226751648149265
"4373","evm.model.Chr05.3327","dispensable",31,9,0,185,0.25,0,0.633758240746325,0.226751648149265
"5492","LOC_00035132-mRNA-1","dispensable",91,10,0,730,0.166666666666667,0,0.799744827667907,0.226615632200248
"1997","Mara040063.t01","dispensable",8,8,0,45,0.333333333333333,0,0.464322744172242,0.226197882167782
"3082","Mpoly028698.t01","dispensable",11,8,0,45,0.333333333333333,0,0.464322744172242,0.226197882167782
"3203","LOC_00050616-mRNA-1","dispensable",11,8,0,45,0.333333333333333,0,0.464322744172242,0.226197882167782
"4986","Mara040888.t01","dispensable",12,8,0,45,0.333333333333333,0,0.464322744172242,0.226197882167782
"6323","Mca052777.t01","dispensable",8,8,0,45,0.333333333333333,0,0.464322744172242,0.226197882167782
"8000","Mara034944.t01","dispensable",8,8,0,45,0.333333333333333,0,0.464322744172242,0.226197882167782
"8346","Mara042207.t01","dispensable",8,8,0,45,0.333333333333333,0,0.464322744172242,0.226197882167782
"13921","Mara039609.t01","dispensable",11,8,0,45,0.333333333333333,0,0.464322744172242,0.226197882167782
"14253","LOC_00051545-mRNA-1","dispensable",8,8,0,45,0.333333333333333,0,0.464322744172242,0.226197882167782
"4382","Mara018531.t01","dispensable",25,9,0,175,0.25,0,0.627056197918224,0.225411239583645
"4550","Mca046853.t02","dispensable",24,9,0,170,0.25,0,0.623560967176239,0.224712193435248
"6126","Mara043799.t01","dispensable",25,9,0,169,0.25,0,0.622849668290547,0.224569933658109
"3621","Mca026151.t04","dispensable",34,9,0,168,0.25,0,0.62213417292698,0.224426834585396
"6202","Mru015077.t02","dispensable",23,9,0,165,0.25,0,0.619962005384293,0.223992401076859
"14212","Mara043398.t01","dispensable",8,8,0,40,0.333333333333333,0,0.450367583204509,0.223406849974235
"1928","Mara038094.t01","dispensable",95,9,0,157,0.25,0,0.613971844039361,0.222794368807872
"1583","Msa091980.t01","dispensable",24,9,0,155,0.25,0,0.612426904517869,0.222485380903574
"275","evm.model.Chr02.3510","dispensable",22,9,0,150,0.25,0,0.608476193212106,0.221695238642421
"1780","Mara033903.t01","dispensable",29,9,0,150,0.25,0,0.608476193212106,0.221695238642421
"3405","evm.model.Chr02.797","dispensable",29,9,0,150,0.25,0,0.608476193212106,0.221695238642421
"1497","Mara026644.t01","dispensable",23,9,0,149,0.25,0,0.607670368902801,0.22153407378056
"1177","Mara020252.t01","dispensable",23,9,0,145,0.25,0,0.604392436593445,0.220878487318689
"1185","Mara019667.t01","dispensable",29,9,0,143,0.25,0,0.602719636108758,0.220543927221752
"6099","Mara039840.t01","dispensable",24,9,0,142,0.25,0,0.601874502985806,0.220374900597161
"6266","evm.model.Chr08.3458","dispensable",27,9,0,138,0.25,0,0.598433815133139,0.219686763026628
"1849","Mara035859.t01","dispensable",28,9,0,130,0.25,0,0.591244978327229,0.218248995665446
"2648","evm.model.Chr04.608","dispensable",24,9,0,129,0.25,0,0.590315654911166,0.218063130982233
"3946","evm.model.Chr08.3061","dispensable",27,9,0,129,0.25,0,0.590315654911166,0.218063130982233
"3873","Mpoly029016.t01","dispensable",83,10,0,505,0.166666666666667,0,0.755130160694559,0.217692698805578
"1486","Mara026424.t01","dispensable",20,9,0,127,0.25,0,0.588435367442839,0.217687073488568
"5848","evm.model.Chr05.2309","dispensable",78,10,0,502,0.166666666666667,0,0.754408992390942,0.217548465144855
"5174","Mara006766.t01","dispensable",17,9,0,125,0.25,0,0.586525467933745,0.217305093586749
"4282","Mara020769.t02","dispensable",39,9,0,121,0.25,0,0.58261299598266,0.216522599196532
"1175","Mara020212.t01","dispensable",82,10,0,465,0.166666666666667,0,0.745142947301624,0.215695256126991
"5583","Mca026157.t01","dispensable",19,9,0,116,0.25,0,0.57753794117634,0.215507588235268
"1983","Mara039548.t01","dispensable",17,9,0,115,0.25,0,0.576496938111986,0.215299387622397
"5750","LOC_00012626-mRNA-1","dispensable",18,9,0,105,0.25,0,0.56556376354387,0.213112752708774
"4417","Mca043890.t01","dispensable",16,9,0,102,0.25,0,0.562081913517113,0.212416382703423
"2425","Mara008740.t01","dispensable",19,9,0,100,0.25,0,0.559703874337883,0.211940774867577
"4514","LOC_00012068-mRNA-1","dispensable",26,9,0,100,0.25,0,0.559703874337883,0.211940774867577
"6084","Mara039308.t01","dispensable",20,9,0,100,0.25,0,0.559703874337883,0.211940774867577
"10298","Mara017724.t01","dispensable",18,9,0,99,0.25,0,0.558497136895353,0.211699427379071
"1789","Mca023298.t01","dispensable",62,10,0,394,0.166666666666667,0,0.725096021789084,0.211685871024483
"1055","Mara017927.t01","dispensable",14,9,0,95,0.25,0,0.55354640410131,0.210709280820262
"2867","Mru034113.t01","dispensable",17,9,0,95,0.25,0,0.55354640410131,0.210709280820262
"3639","Mpoly018923.t01","dispensable",13,9,0,95,0.25,0,0.55354640410131,0.210709280820262
"5022","Mca000038.t01","dispensable",14,9,0,95,0.25,0,0.55354640410131,0.210709280820262
"3197","Mru040692.t02","dispensable",55,10,0,375,0.166666666666667,0,0.719117519179906,0.210490170502648
"3508","Msa149613.t01","dispensable",17,9,0,90,0.25,0,0.547059504335408,0.209411900867082
"3813","Mpoly026460.t01","dispensable",23,9,0,90,0.25,0,0.547059504335408,0.209411900867082
"5575","Mca025894.t01","dispensable",16,9,0,90,0.25,0,0.547059504335408,0.209411900867082
"9725","Mara035759.t01","dispensable",19,9,0,90,0.25,0,0.547059504335408,0.209411900867082
"8448","Msa153053.t01","dispensable",16,9,0,89,0.25,0,0.545719423160526,0.209143884632105
"2568","Mara014784.t01","dispensable",14,9,0,87,0.25,0,0.542994002569247,0.208598800513849
"2720","Mara021268.t01","dispensable",15,9,0,85,0.25,0,0.540205923174014,0.208041184634803
"2817","Mca034484.t01","dispensable",26,9,0,85,0.25,0,0.540205923174014,0.208041184634803
"5819","evm.model.Chr06.2374","dispensable",12,9,0,85,0.25,0,0.540205923174014,0.208041184634803
"11173","Mara005696.t01","dispensable",12,9,0,84,0.25,0,0.53878747294157,0.207757494588314
"281","Mara014653.t01","dispensable",80,10,0,332,0.166666666666667,0,0.704388941195736,0.207544454905814
"1603","Mara029475.t01","dispensable",12,9,0,80,0.25,0,0.5329417094257,0.20658834188514
"2766","evm.model.Chr04.3709.1.6a7355d3","dispensable",13,9,0,80,0.25,0,0.5329417094257,0.20658834188514
"3012","Mara029936.t01","dispensable",19,9,0,80,0.25,0,0.5329417094257,0.20658834188514
"3085","Mara038088.t01","dispensable",13,9,0,80,0.25,0,0.5329417094257,0.20658834188514
"3107","evm.model.Chr07.3723.3.6a7354ff","dispensable",20,9,0,80,0.25,0,0.5329417094257,0.20658834188514
"3205","LOC_00051740-mRNA-1","dispensable",15,9,0,80,0.25,0,0.5329417094257,0.20658834188514
"13835","Mara038492.t01","dispensable",19,9,0,78,0.25,0,0.529909648690384,0.205981929738077
"1629","Mara030013.t01","dispensable",11,9,0,75,0.25,0,0.525214503161343,0.205042900632269
"1998","Mara040068.t01","dispensable",13,9,0,75,0.25,0,0.525214503161343,0.205042900632269
"2020","Mara040791.t01","dispensable",13,9,0,75,0.25,0,0.525214503161343,0.205042900632269
"3088","Mara038247.t01","dispensable",12,9,0,75,0.25,0,0.525214503161343,0.205042900632269
"5604","Mpoly029909.t01","dispensable",11,9,0,75,0.25,0,0.525214503161343,0.205042900632269
"5643","LOC_00010041-mRNA-1","dispensable",12,9,0,75,0.25,0,0.525214503161343,0.205042900632269
"5983","Mara037912.t01","dispensable",11,9,0,75,0.25,0,0.525214503161343,0.205042900632269
"14960","Mara038277.t01","dispensable",13,9,0,75,0.25,0,0.525214503161343,0.205042900632269
"2262","Mara002364.t01","dispensable",50,10,0,288,0.166666666666667,0,0.687202199685741,0.204107106603815
"4648","Mara004362.t01","dispensable",42,10,0,280,0.166666666666667,0,0.683797734382272,0.203426213543121
"1601","Mara029197.t01","dispensable",16,9,0,70,0.25,0,0.516961243706611,0.203392248741322
"2940","evm.model.Chr06.382","dispensable",11,9,0,70,0.25,0,0.516961243706611,0.203392248741322
"4605","Mara037832.t01","dispensable",10,9,0,70,0.25,0,0.516961243706611,0.203392248741322
"4657","evm.model.Chr08.272","dispensable",11,9,0,70,0.25,0,0.516961243706611,0.203392248741322
"10657","Mara042567.t01","dispensable",12,9,0,69,0.25,0,0.515240986319595,0.203048197263919
"2908","evm.model.Chr05.3468","dispensable",13,9,0,65,0.25,0,0.508105039227718,0.201621007845544
"3025","Mpoly026581.t01","dispensable",17,9,0,65,0.25,0,0.508105039227718,0.201621007845544
"3209","evm.model.Chr08.2880","dispensable",10,9,0,65,0.25,0,0.508105039227718,0.201621007845544
"4757","Mru055420.t01","dispensable",11,9,0,65,0.25,0,0.508105039227718,0.201621007845544
"9871","LOC_00050760-mRNA-1","dispensable",10,9,0,65,0.25,0,0.508105039227718,0.201621007845544
"7472","Mara028324.t01","dispensable",10,9,0,63,0.25,0,0.504373172093862,0.200874634418772
"289","Msa003844.t01","dispensable",44,10,0,251,0.166666666666667,0,0.670587663282722,0.200784199323211
"3102","evm.model.Chr07.3538.1.6a7354cb","dispensable",38,10,0,245,0.166666666666667,0,0.667665205909911,0.200199707848649
"1859","Mara036328.t01","dispensable",10,9,0,60,0.25,0,0.498550800633683,0.199710160126737
"2143","Mara044738.t01","dispensable",10,9,0,60,0.25,0,0.498550800633683,0.199710160126737
"3016","LOC_00031912-mRNA-1","dispensable",9,9,0,60,0.25,0,0.498550800633683,0.199710160126737
"3097","LOC_00044643-mRNA-2","dispensable",13,9,0,60,0.25,0,0.498550800633683,0.199710160126737
"3258","evm.model.Chr08.4176.1.6a735613","dispensable",16,9,0,60,0.25,0,0.498550800633683,0.199710160126737
"3654","Mpoly019915.t01","dispensable",9,9,0,60,0.25,0,0.498550800633683,0.199710160126737
"4765","Mru055706.t01","dispensable",10,9,0,60,0.25,0,0.498550800633683,0.199710160126737
"4767","Mara045872.t01","dispensable",10,9,0,60,0.25,0,0.498550800633683,0.199710160126737
"5640","evm.model.Chr06.543","dispensable",16,9,0,60,0.25,0,0.498550800633683,0.199710160126737
"5860","Mara030434.t01","dispensable",9,9,0,60,0.25,0,0.498550800633683,0.199710160126737
"6173","LOC_00052949-mRNA-1","dispensable",10,9,0,60,0.25,0,0.498550800633683,0.199710160126737
"6547","LOC_00007797-mRNA-1","dispensable",10,9,0,60,0.25,0,0.498550800633683,0.199710160126737
"8446","Mara045237.t01","dispensable",17,9,0,60,0.25,0,0.498550800633683,0.199710160126737
"13458","Mara030342.t01","dispensable",9,9,0,60,0.25,0,0.498550800633683,0.199710160126737
"2042","Msa044150.t01","dispensable",43,10,0,240,0.166666666666667,0,0.665174849157,0.199701636498067
"2174","Mara016567.t01","dispensable",37,10,0,240,0.166666666666667,0,0.665174849157,0.199701636498067
"3274","evm.model.Chr08.4475.1.6a73565c","dispensable",12,9,0,57,0.25,0,0.492434742763009,0.198486948552602
"6199","Mca050509.t01","dispensable",11,9,0,57,0.25,0,0.492434742763009,0.198486948552602
"1893","Mara037020.t01","dispensable",12,9,0,55,0.25,0,0.488179003918849,0.19763580078377
"2120","Mara044052.t01","dispensable",9,9,0,55,0.25,0,0.488179003918849,0.19763580078377
"4259","Msa149100.t01","dispensable",9,9,0,55,0.25,0,0.488179003918849,0.19763580078377
"4749","Mru055153.t01","dispensable",12,9,0,55,0.25,0,0.488179003918849,0.19763580078377
"5969","LOC_00040096-mRNA-1","dispensable",11,9,0,55,0.25,0,0.488179003918849,0.19763580078377
"6133","LOC_00051406-mRNA-1","dispensable",9,9,0,55,0.25,0,0.488179003918849,0.19763580078377
"6157","LOC_00052439-mRNA-1","dispensable",10,9,0,55,0.25,0,0.488179003918849,0.19763580078377
"6170","LOC_00049751-mRNA-1","dispensable",9,9,0,55,0.25,0,0.488179003918849,0.19763580078377
"6254","Mca051677.t01","dispensable",9,9,0,55,0.25,0,0.488179003918849,0.19763580078377
"6337","Mca052961.t01","dispensable",11,9,0,55,0.25,0,0.488179003918849,0.19763580078377
"8461","Msa153631.t01","dispensable",9,9,0,55,0.25,0,0.488179003918849,0.19763580078377
"9915","Mara045151.t01","dispensable",9,9,0,55,0.25,0,0.488179003918849,0.19763580078377
"9921","Mara045289.t01","dispensable",10,9,0,55,0.25,0,0.488179003918849,0.19763580078377
"3037","Mpoly001659.t01","dispensable",38,10,0,220,0.166666666666667,0,0.654668186306361,0.197600303927939
"1961","Mara039069.t01","dispensable",9,9,0,53,0.25,0,0.483768477418252,0.19675369548365
"3658","Mara028099.t01","dispensable",37,10,0,210,0.166666666666667,0,0.649052548309931,0.196477176328653
"3592","Mpoly019349.t01","dispensable",38,10,0,204,0.166666666666667,0,0.645553956303208,0.195777457927308
"2098","Mca050685.t01","dispensable",19,9,0,50,0.25,0,0.476836527199296,0.195367305439859
"2132","Mara044403.t01","dispensable",11,9,0,50,0.25,0,0.476836527199296,0.195367305439859
"2152","Mara044962.t01","dispensable",10,9,0,50,0.25,0,0.476836527199296,0.195367305439859
"6235","Msa151548.t01","dispensable",10,9,0,50,0.25,0,0.476836527199296,0.195367305439859
"6239","Msa151636.t01","dispensable",9,9,0,50,0.25,0,0.476836527199296,0.195367305439859
"6242","Mara043996.t01","dispensable",9,9,0,50,0.25,0,0.476836527199296,0.195367305439859
"6275","Mara044583.t01","dispensable",10,9,0,50,0.25,0,0.476836527199296,0.195367305439859
"6326","Mara045406.t01","dispensable",9,9,0,50,0.25,0,0.476836527199296,0.195367305439859
"8439","Mara044993.t01","dispensable",9,9,0,50,0.25,0,0.476836527199296,0.195367305439859
"8463","Msa153659.t01","dispensable",11,9,0,50,0.25,0,0.476836527199296,0.195367305439859
"9862","Mara043294.t01","dispensable",9,9,0,50,0.25,0,0.476836527199296,0.195367305439859
"14361","Mara045523.t01","dispensable",9,9,0,50,0.25,0,0.476836527199296,0.195367305439859
"14387","Mara045876.t01","dispensable",10,9,0,50,0.25,0,0.476836527199296,0.195367305439859
"6105","Msa153211.t01","dispensable",33,10,0,198,0.166666666666667,0,0.641951430658948,0.195056952798456
"14385","Mara045868.t01","dispensable",9,9,0,48,0.25,0,0.471984835743837,0.194396967148767
"4268","Mca009387.t01","dispensable",27,10,0,185,0.166666666666667,0,0.633758240746325,0.193418314815932
"14364","Mara045550.t01","dispensable",9,9,0,45,0.25,0,0.464322744172242,0.192864548834448
"2074","Mara042605.t01","dispensable",29,10,0,170,0.166666666666667,0,0.623560967176239,0.191378860101914
"7445","Msa091644.t01","dispensable",27,10,0,170,0.166666666666667,0,0.623560967176239,0.191378860101914
"5888","Mara035357.t01","dispensable",27,10,0,168,0.166666666666667,0,0.62213417292698,0.191093501252063
"2815","Mru019121.t02","dispensable",25,10,0,165,0.166666666666667,0,0.619962005384293,0.190659067743525
"2148","Mara042227.t01","dispensable",29,10,0,161,0.166666666666667,0,0.617003904774677,0.190067447621602
"3151","Mara042905.t01","dispensable",30,10,0,158,0.166666666666667,0,0.614736995551318,0.18961406577693
"3062","LOC_00042349-mRNA-2","dispensable",34,10,0,152,0.166666666666667,0,0.610071954555721,0.188681057577811
"4658","LOC_00047812-mRNA-1","dispensable",25,10,0,150,0.166666666666667,0,0.608476193212106,0.188361905309088
"1971","Mara044741.t01","soft_core",109,11,0,583,0.0833333333333334,0,0.772516827291399,0.187836698791613
"5639","LOC_00008252-mRNA-1","dispensable",16,10,0,130,0.166666666666667,0,0.591244978327229,0.184915662332113
"2614","evm.model.Chr03.3895.2.6a735585","dispensable",35,10,0,125,0.166666666666667,0,0.586525467933745,0.183971760253416
"6107","Mca047103.t01","dispensable",21,10,0,115,0.166666666666667,0,0.576496938111986,0.181966054289064
"1836","Mara042292.t01","dispensable",17,10,0,110,0.166666666666667,0,0.571153513839312,0.180897369434529
"8036","Mara040144.t01","dispensable",18,10,0,109,0.166666666666667,0,0.570055984969993,0.180677863660665
"2151","Mara044959.t01","dispensable",19,10,0,105,0.166666666666667,0,0.56556376354387,0.179779419375441
"3831","Mca042073.t02","dispensable",18,10,0,105,0.166666666666667,0,0.56556376354387,0.179779419375441
"4666","Mara040948.t01","dispensable",29,10,0,105,0.166666666666667,0,0.56556376354387,0.179779419375441
"2772","Mara005584.t01","soft_core",68,11,0,415,0.0833333333333334,0,0.731378063208375,0.179608945975008
"4636","Mru047084.t04","dispensable",38,10,0,100,0.166666666666667,0,0.559703874337883,0.178607441534243
"4738","Mara045284.t01","dispensable",35,10,0,100,0.166666666666667,0,0.559703874337883,0.178607441534243
"1572","Mara028495.t01","dispensable",18,10,0,96,0.166666666666667,0,0.554803162626156,0.177627299191898
"4170","Mru001655.t02","soft_core",74,11,0,379,0.0833333333333334,0,0.720400876260042,0.177413508585342
"3235","Mara044323.t01","dispensable",20,10,0,95,0.166666666666667,0,0.55354640410131,0.177375947486929
"6055","Mara040987.t01","dispensable",14,10,0,95,0.166666666666667,0,0.55354640410131,0.177375947486929
"2084","Mara042980.t01","dispensable",14,10,0,94,0.166666666666667,0,0.552276485562088,0.177121963779084
"1546","Mara027808.t01","dispensable",42,10,0,90,0.166666666666667,0,0.547059504335408,0.176078567533748
"2187","evm.model.Chr08.2330","dispensable",17,10,0,85,0.166666666666667,0,0.540205923174014,0.174707851301469
"5089","zm4.34G0000410.t1","soft_core",56,11,0,329,0.0833333333333334,0,0.703291412326418,0.173991615798617
"4596","Mara036990.t01","dispensable",19,10,0,82,0.166666666666667,0,0.535899810035317,0.17384662867373
"4566","LOC_00031370-mRNA-1","dispensable",11,10,0,80,0.166666666666667,0,0.5329417094257,0.173255008551807
"4760","Mru055596.t01","dispensable",12,10,0,80,0.166666666666667,0,0.5329417094257,0.173255008551807
"6147","Mca049168.t01","dispensable",14,10,0,80,0.166666666666667,0,0.5329417094257,0.173255008551807
"1984","Mara039585.t01","soft_core",67,11,0,305,0.0833333333333334,0,0.694134149904698,0.172160163314273
"3026","evm.model.Chr07.310","dispensable",25,10,0,75,0.166666666666667,0,0.525214503161343,0.171709567298935
"4699","Mara043491.t01","dispensable",13,10,0,75,0.166666666666667,0,0.525214503161343,0.171709567298935
"4729","Mca051512.t01","dispensable",16,10,0,75,0.166666666666667,0,0.525214503161343,0.171709567298935
"4743","Mara045444.t01","dispensable",23,10,0,75,0.166666666666667,0,0.525214503161343,0.171709567298935
"8454","Mara045601.t01","dispensable",12,10,0,75,0.166666666666667,0,0.525214503161343,0.171709567298935
"4744","LOC_00052438-mRNA-1","dispensable",12,10,0,74,0.166666666666667,0,0.523608173553824,0.171388301377431
"6178","Mca049981.t01","dispensable",16,10,0,72,0.166666666666667,0,0.520330241244467,0.17073271491556
"2093","Mara043226.t01","dispensable",11,10,0,70,0.166666666666667,0,0.516961243706611,0.170058915407989
"3217","Mara043907.t01","dispensable",13,10,0,70,0.166666666666667,0,0.516961243706611,0.170058915407989
"3225","evm.model.Chr08.3311","dispensable",11,10,0,70,0.166666666666667,0,0.516961243706611,0.170058915407989
"3637","Mara029557.t01","dispensable",14,10,0,70,0.166666666666667,0,0.516961243706611,0.170058915407989
"4713","Mru053398.t01","dispensable",11,10,0,70,0.166666666666667,0,0.516961243706611,0.170058915407989
"4756","Mca053060.t01","dispensable",12,10,0,70,0.166666666666667,0,0.516961243706611,0.170058915407989
"4770","Mru055816.t01","dispensable",12,10,0,70,0.166666666666667,0,0.516961243706611,0.170058915407989
"8414","Mara044533.t01","dispensable",12,10,0,70,0.166666666666667,0,0.516961243706611,0.170058915407989
"14261","Mara044297.t01","dispensable",12,10,0,70,0.166666666666667,0,0.516961243706611,0.170058915407989
"15841","Mara040197.t01","dispensable",11,10,0,70,0.166666666666667,0,0.516961243706611,0.170058915407989
"2534","Mara039714.t01","soft_core",51,11,0,268,0.0833333333333334,0,0.678504845873151,0.169034302507963
"6169","Mca049777.t01","dispensable",11,10,0,67,0.166666666666667,0,0.511725490540825,0.169011764774832
"14315","LOC_00052425-mRNA-1","dispensable",12,10,0,67,0.166666666666667,0,0.511725490540825,0.169011764774832
"2043","Mara041531.t01","dispensable",10,10,0,65,0.166666666666667,0,0.508105039227718,0.16828767451221
"6154","Mara044722.t01","dispensable",11,10,0,65,0.166666666666667,0,0.508105039227718,0.16828767451221
"6261","Mca051792.t01","dispensable",11,10,0,65,0.166666666666667,0,0.508105039227718,0.16828767451221
"3956","Msa152643.t02","dispensable",20,10,0,64,0.166666666666667,0,0.506253459562189,0.167917358579105
"1894","Mara037049.t01","dispensable",10,10,0,63,0.166666666666667,0,0.504373172093862,0.167541301085439
"2186","Mara045775.t01","dispensable",13,10,0,63,0.166666666666667,0,0.504373172093862,0.167541301085439
"2145","Mara044759.t01","dispensable",12,10,0,62,0.166666666666667,0,0.502463272584768,0.16715932118362
"3212","Mara043735.t01","dispensable",14,10,0,62,0.166666666666667,0,0.502463272584768,0.16715932118362
"2125","Mara044187.t01","dispensable",10,10,0,60,0.166666666666667,0,0.498550800633683,0.166376826793403
"2153","Mara044975.t01","dispensable",10,10,0,60,0.166666666666667,0,0.498550800633683,0.166376826793403
"3234","evm.model.Chr08.3466","dispensable",11,10,0,60,0.166666666666667,0,0.498550800633683,0.166376826793403
"3266","evm.model.Chr08.4332","dispensable",14,10,0,60,0.166666666666667,0,0.498550800633683,0.166376826793403
"6124","Mara043541.t01","dispensable",20,10,0,60,0.166666666666667,0,0.498550800633683,0.166376826793403
"6155","Mara044745.t01","dispensable",10,10,0,60,0.166666666666667,0,0.498550800633683,0.166376826793403
"6263","Mara044417.t01","dispensable",10,10,0,60,0.166666666666667,0,0.498550800633683,0.166376826793403
"6276","LOC_00052043-mRNA-3","dispensable",18,10,0,60,0.166666666666667,0,0.498550800633683,0.166376826793403
"6724","Mca049008.t01","dispensable",13,10,0,60,0.166666666666667,0,0.498550800633683,0.166376826793403
"9865","LOC_00050550-mRNA-1","dispensable",10,10,0,60,0.166666666666667,0,0.498550800633683,0.166376826793403
"3285","evm.model.Chr08.4833.1.6a735691","dispensable",12,10,0,55,0.166666666666667,0,0.488179003918849,0.164302467450437
"3288","Mara045923.t01","dispensable",12,10,0,55,0.166666666666667,0,0.488179003918849,0.164302467450437
"9946","LOC_00053471-mRNA-1","dispensable",10,10,0,55,0.166666666666667,0,0.488179003918849,0.164302467450437
"2164","Mara042668.t01","soft_core",35,11,0,214,0.0833333333333334,0,0.651330100923736,0.163599353518081
"3267","evm.model.Chr08.4333.10.6a73563f","soft_core",49,11,0,205,0.0833333333333334,0,0.646144108866091,0.162562155106551
"3206","evm.model.Chr08.2658","soft_core",32,11,0,189,0.0833333333333334,0,0.636338680911065,0.160601069515546
"2129","Mara044252.t01","soft_core",38,11,0,185,0.0833333333333334,0,0.633758240746325,0.160084981482598
"4918","Mca052547.t01","soft_core",32,11,0,170,0.0833333333333334,0,0.623560967176239,0.158045526768581
"4466","Mara028889.t01","soft_core",26,11,0,165,0.0833333333333334,0,0.619962005384293,0.157325734410192
"1861","Mara036375.t01","soft_core",22,11,0,155,0.0833333333333334,0,0.612426904517869,0.155818714236907
"4758","Mru055423.t01","soft_core",23,11,0,150,0.0833333333333334,0,0.608476193212106,0.155028571975755
"4692","Mara043184.t01","soft_core",32,11,0,140,0.0833333333333334,0,0.6001663604894,0.153366605431213
"3282","Mara042973.t01","soft_core",24,11,0,135,0.0833333333333334,0,0.595787685889802,0.152490870511294
"6362","Msa051863.t01","soft_core",24,11,0,130,0.0833333333333334,0,0.591244978327229,0.151582328998779
"2000","Mru015742.t01","core",84,12,0,506,0,0,0.755369600283405,0.151073920056681
"8405","Mara044003.t01","soft_core",24,11,0,125,0.0833333333333334,0,0.586525467933745,0.150638426920082
"4731","Mara044217.t01","soft_core",26,11,0,118,0.0833333333333334,0,0.579593517714789,0.149252036876291
"3253","LOC_00052368-mRNA-1","soft_core",32,11,0,117,0.0833333333333334,0,0.578570084532734,0.14904735023988
"2185","evm.model.Chr08.2267.1.6a7353a3","soft_core",21,11,0,115,0.0833333333333334,0,0.576496938111986,0.148632720955731
"3262","Mca049749.t01","soft_core",19,11,0,110,0.0833333333333334,0,0.571153513839312,0.147564036101196
"4764","Mara045870.t01","soft_core",19,11,0,110,0.0833333333333334,0,0.571153513839312,0.147564036101196
"2171","Mara045474.t01","soft_core",23,11,0,105,0.0833333333333334,0,0.56556376354387,0.146446086042107
"2122","Mara044134.t01","soft_core",14,11,0,95,0.0833333333333334,0,0.55354640410131,0.144042614153595
"4705","Mara043910.t01","soft_core",20,11,0,95,0.0833333333333334,0,0.55354640410131,0.144042614153595
"3244","Mpoly034366.t01","soft_core",20,11,0,94,0.0833333333333334,0,0.552276485562088,0.143788630445751
"2105","Mara043689.t01","soft_core",32,11,0,90,0.0833333333333334,0,0.547059504335408,0.142745234200415
"3248","LOC_00052210-mRNA-1","soft_core",21,11,0,90,0.0833333333333334,0,0.547059504335408,0.142745234200415
"3200","Msa151041.t01","soft_core",22,11,0,80,0.0833333333333334,0,0.5329417094257,0.139921675218473
"3272","Mara045456.t01","soft_core",27,11,0,80,0.0833333333333334,0,0.5329417094257,0.139921675218473
"3275","Mara045578.t01","soft_core",16,11,0,80,0.0833333333333334,0,0.5329417094257,0.139921675218473
"3963","Mpoly035079.t01","soft_core",13,11,0,80,0.0833333333333334,0,0.5329417094257,0.139921675218473
"4695","LOC_00051593-mRNA-1","soft_core",13,11,0,80,0.0833333333333334,0,0.5329417094257,0.139921675218473
"4706","Mara044057.t01","soft_core",12,11,0,80,0.0833333333333334,0,0.5329417094257,0.139921675218473
"4754","LOC_00053298-mRNA-1","soft_core",14,11,0,80,0.0833333333333334,0,0.5329417094257,0.139921675218473
"14366","Mara045632.t01","soft_core",13,11,0,80,0.0833333333333334,0,0.5329417094257,0.139921675218473
"3284","Mara045850.t01","soft_core",20,11,0,78,0.0833333333333334,0,0.529909648690384,0.13931526307141
"2178","Mara045612.t01","soft_core",34,11,0,75,0.0833333333333334,0,0.525214503161343,0.138376233965602
"9881","Msa050229.t01","soft_core",12,11,0,75,0.0833333333333334,0,0.525214503161343,0.138376233965602
"3079","evm.model.Chr08.4046.1.6a7355eb","core",54,12,0,286,0,0,0.686360001076427,0.137272000215285
"3278","evm.model.Chr08.4613.1.6a735679","soft_core",13,11,0,70,0.0833333333333334,0,0.516961243706611,0.136725582074656
"5011","Mara045500.t01","soft_core",12,11,0,70,0.0833333333333334,0,0.516961243706611,0.136725582074656
"6134","Mara044077.t01","soft_core",11,11,0,70,0.0833333333333334,0,0.516961243706611,0.136725582074656
"6146","Mara044598.t01","soft_core",18,11,0,70,0.0833333333333334,0,0.516961243706611,0.136725582074656
"4762","Mru055620.t01","soft_core",13,11,0,65,0.0833333333333334,0,0.508105039227718,0.134954341178877
"3086","Mara043619.t01","core",54,12,0,247,0,0,0.668647204087854,0.133729440817571
"4755","Mca050145.t01","core",16,12,0,108,0,0,0.568948432867282,0.113789686573456
"3245","evm.model.Chr08.3776.2.6a73558f","core",17,12,0,90,0,0,0.547059504335408,0.109411900867082
