"go_term","expanded","lost","background","(25813 rows)","a","b","c","d","pval","FDR","fold_enrichment","neg_log10_FDR"
"GO:0003674",21944,586,42952,0,21944,286464,21008,494422,0,0,1.36473581456795,300
"GO:0003676",46422,569,81414,0,46422,261986,34992,480438,0,0,1.52314391421552,300
"GO:0003677",16328,288,30474,0,16328,292080,14146,501284,0,0,1.43126388761357,300
"GO:0003700",11825,146,20802,0,11825,296583,8977,506453,0,0,1.51849107108296,300
"GO:0003723",14069,273,25868,0,14069,294339,11799,503631,0,0,1.45283589897886,300
"GO:0003824",18331,420,35458,0,18331,290077,17127,498303,0,0,1.38098228296491,300
"GO:0004672",15116,223,26286,0,15116,293292,11170,504260,0,0,1.53613210114421,300
"GO:0005506",4717,58,8025,0,4717,303691,3308,512122,0,0,1.57013509312542,300
"GO:0005515",39868,758,76566,0,39868,268540,36698,478732,0,0,1.39092808317129,300
"GO:0005524",23138,311,40471,0,23138,285270,17333,498097,0,0,1.52720756406073,300
"GO:0005575",25825,692,50870,0,25825,282583,25045,490385,0,0,1.35610956055001,300
"GO:0005622",22820,597,44487,0,22820,285588,21667,493763,0,0,1.37024651241382,300
"GO:0005623",25301,677,49638,0,25301,283107,24337,491093,0,0,1.36156881879122,300
"GO:0005634",29167,521,53457,0,29167,279241,24290,491140,0,0,1.45748255163555,300
"GO:0005737",30680,654,56934,0,30680,277728,26254,489176,0,0,1.43946080317662,300
"GO:0005829",11348,233,20907,0,11348,297060,9559,505871,0,0,1.44991917394391,300
"GO:0005886",13718,295,25859,0,13718,294690,12141,503289,0,0,1.41708290044176,300
"GO:0005975",6228,106,11012,0,6228,302180,4784,510646,0,0,1.51077081432163,300
"GO:0006355",16863,255,30497,0,16863,291545,13634,501796,0,0,1.47704560746283,300
"GO:0006468",15140,228,26394,0,15140,293268,11254,504176,0,0,1.53227546617603,300
"GO:0006725",8367,167,15211,0,8367,300041,6844,508586,0,0,1.4693599149164,300
"GO:0006807",12939,358,25344,0,12939,295469,12405,503025,0,0,1.36377190129953,300
"GO:0008150",26711,692,53247,0,26711,281697,26536,488894,0,0,1.34001971636146,300
"GO:0008152",16177,421,31711,0,16177,292231,15534,499896,0,0,1.36271247922339,300
"GO:0008270",23290,188,37279,0,23290,285118,13989,501441,0,0,1.66886581903307,300
"GO:0009058",8493,149,15651,0,8493,299915,7158,508272,0,0,1.449556734046,300
"GO:0009451",4927,72,8373,0,4927,303481,3446,511984,0,0,1.5718737314701,300
"GO:0009987",20559,523,40720,0,20559,287849,20161,495269,0,0,1.34868461201142,300
"GO:0015074",11902,53,17891,0,11902,296506,5989,509441,0,0,1.77705764306816,300
"GO:0016020",29740,543,54862,0,29740,278668,25122,490308,0,0,1.44805652050778,300
"GO:0016491",7398,107,13350,0,7398,301010,5952,509478,0,0,1.48029832071276,300
"GO:0016705",4828,53,8290,0,4828,303580,3462,511968,0,0,1.55571097694314,300
"GO:0016740",7472,170,13907,0,7472,300936,6435,508995,0,0,1.43522368825293,300
"GO:0019222",8079,165,15177,0,8079,300329,7098,508332,0,0,1.421961569672,300
"GO:0020037",5900,80,9857,0,5900,302508,3957,511473,0,0,1.5989078703939,300
"GO:0034641",8656,171,15968,0,8656,299752,7312,508118,0,0,1.44804783622393,300
"GO:0043226",17813,517,35412,0,17813,290595,17599,497831,0,0,1.3437014862827,300
"GO:0043227",17303,502,34334,0,17303,291105,17031,498399,0,0,1.34621117132601,300
"GO:0043229",17678,512,35147,0,17678,290730,17469,497961,0,0,1.34357233653348,300
"GO:0043231",18187,513,35900,0,18187,290221,17713,497717,0,0,1.35326485593118,300
"GO:0044237",14434,393,28347,0,14434,293974,13913,501517,0,0,1.36017811370273,300
"GO:0044238",13506,374,26567,0,13506,294902,13061,502369,0,0,1.3580020164474,300
"GO:0044424",22459,590,43792,0,22459,285949,21333,494097,0,0,1.36997240783712,300
"GO:0044444",13715,373,26576,0,13715,294693,12861,502569,0,0,1.37854955381083,300
"GO:0044464",25301,677,49638,0,25301,283107,24337,491093,0,0,1.36156881879122,300
"GO:0046483",8278,164,15021,0,8278,300130,6743,508687,0,0,1.47211846831382,300
"GO:0050789",12818,288,24239,0,12818,295590,11421,504009,0,0,1.41260830019882,300
"GO:0050794",11099,251,20842,0,11099,297309,9743,505687,0,0,1.42252741543858,300
"GO:0055085",10182,149,18268,0,10182,298226,8086,507344,0,0,1.48887512787581,300
"GO:0065007",13626,306,25991,0,13626,294782,12365,503065,0,0,1.4004305639962,300
"GO:0071704",14385,398,28287,0,14385,294023,13902,501528,0,0,1.35843593317904,300
"GO:1901360",8532,170,15614,0,8532,299876,7082,508348,0,0,1.45966386514415,300
"GO:1901576",6939,133,12798,0,6939,301469,5859,509571,0,0,1.44834147313433,300
"GO:0044422",9159,272,17853,0,9159,299249,8694,506736,8.49792565000992e-317,1.23880871681454e-314,1.37041795237311,300
"GO:0006508",8256,144,15820,0,8256,300152,7564,507866,2.15275829631419e-316,3.08118423787071e-314,1.39405333686891,300
"GO:0044446",9134,271,17806,0,9134,299274,8672,506758,1.16972957628357e-315,1.64430557581139e-313,1.3702847467143,300
"GO:0031323",7362,146,13848,0,7362,301046,6486,508944,1.18377468805258e-313,1.63485514813163e-311,1.42011967187718,299.999999999993
"GO:0016887",6347,94,11631,0,6347,302061,5284,510146,2.65551345750303e-311,3.60417274783859e-309,1.45769823446205,299.999999998435
"GO:0018130",4407,63,7494,0,4407,304001,3087,512343,2.36196890665175e-309,3.15142698867162e-307,1.57088917482979,299.999999863135
"GO:0004497",4417,56,7517,0,4417,303991,3100,512330,5.71561469338382e-309,7.49888647771957e-307,1.56963630140526,299.999999674328
"GO:0019438",4483,67,7662,0,4483,303925,3179,512251,1.13294301077318e-307,1.46205366898466e-305,1.56294169244197,299.999993650428
"GO:0009507",6798,166,12664,0,6798,301610,5866,509564,2.26843557721431e-305,2.88018142965017e-303,1.43392502307164,299.99875095098
"GO:1901362",4536,68,7788,0,4536,303872,3252,512178,4.98179025188927e-305,6.22486553378927e-303,1.55583410829246,299.99730495472
"GO:0044249",6718,129,12504,0,6718,301690,5786,509644,2.95199771070901e-303,3.63095718417208e-301,1.43518279592672,299.865473646351
"GO:0009889",6419,117,11854,0,6419,301989,5435,509995,2.85548307153108e-302,3.4582096521681e-300,1.44650066608305,299.350839512204
"GO:0031326",6386,117,11803,0,6386,302022,5417,510013,2.58783544288307e-299,3.0865819100569e-297,1.44528232744514,296.510381512238
"GO:0008168",3443,48,5572,0,3443,304965,2129,513301,9.26759719557213e-298,1.08887350930662e-295,1.65060098575752,294.963018579355
"GO:0046983",5397,59,9680,0,5397,303011,4283,511147,3.81001610280372e-295,4.41065393548101e-293,1.489337915659,292.355497006237
"GO:1901564",8765,254,17187,0,8765,299643,8422,507008,8.26682994104137e-292,9.43137468056198e-290,1.3622851693171,289.025425001567
"GO:0022857",5726,89,10433,0,5726,302682,4707,510723,3.56470948909944e-289,4.00877044259868e-287,1.46608220191366,286.396988812387
"GO:0005730",3950,61,6678,0,3950,304458,2728,512702,2.42368719605557e-284,2.68722050807739e-282,1.58003557773735,281.570696694746
"GO:0043565",4884,71,8650,0,4884,303524,3766,511664,4.68924052067524e-284,5.12690296927159e-282,1.50825833146783,281.290144901851
"GO:0044271",4926,76,8746,0,4926,303482,3820,511610,3.79704213036539e-283,4.09456378770361e-281,1.50453092767554,280.387792358784
"GO:0005488",9724,303,19503,0,9724,298684,9779,505651,2.99464395922697e-279,3.18565368203171e-277,1.33186349217259,276.496801438879
"GO:0016829",3387,31,5551,0,3387,305021,2164,513266,2.71383203003624e-278,2.84843809872604e-276,1.62989697789639,275.545393214043
"GO:0044281",4575,71,8035,0,4575,303833,3460,511970,5.78711032612883e-277,5.99422795885344e-275,1.52097264233834,274.222266744976
"GO:0044283",3814,44,6458,0,3814,304594,2644,512786,8.10905264329672e-273,8.29018992312101e-271,1.57760703126052,270.081435519918
"GO:0005739",6596,147,12474,0,6596,301812,5878,509552,2.76243852644685e-272,2.78793795899866e-270,1.41250857320047,269.55471689498
"GO:0006357",4574,65,8142,0,4574,303834,3568,511862,1.49285757032053e-259,1.48756642956496e-257,1.5006563400933,256.827523631079
"GO:0006139",6077,141,11435,0,6077,302331,5358,510072,6.0192568981396e-258,5.92294878776937e-256,1.41961066242474,255.22746202243
"GO:0019752",3973,51,6899,0,3973,304435,2926,512504,1.40722501958153e-253,1.36761424125257e-251,1.53832679686253,250.864036385453
"GO:0006952",6780,155,13084,0,6780,301628,6304,509126,1.45738476277193e-248,1.39908937226105e-246,1.3842207130464,245.854154542377
"GO:0004553",3862,70,6704,0,3862,304546,2842,512588,6.10293920677047e-247,5.78823342598761e-245,1.53884348076184,244.237453963114
"GO:0005783",4769,83,8666,0,4769,303639,3897,511533,4.75016932159224e-244,4.4515872499493e-242,1.47002534618901,241.351485110146
"GO:0004674",4775,110,8691,0,4775,303633,3916,511514,2.51320644330231e-242,2.32752483784421e-240,1.46764091715191,239.633105675811
"GO:0065008",5555,78,10420,0,5555,302853,4865,510565,6.4566442415032e-240,5.91008179873409e-238,1.42407390855128,237.228406508206
"GO:0000162",2551,18,4047,0,2551,305857,1496,513934,8.61250200316523e-239,7.79282939872606e-237,1.68381137628558,236.108304831268
"GO:0016830",2602,18,4156,0,2602,305806,1554,513876,2.56912840072239e-237,2.29820213300984e-235,1.67242995847482,234.638611776609
"GO:0050896",9611,276,19690,0,9611,298797,10079,505351,3.10252808722599e-237,2.74416866321831e-235,1.30388427074744,234.56158919936
"GO:0009073",2504,17,3992,0,2504,305904,1488,513942,5.20863424126696e-230,4.55581874969483e-228,1.67555997315375,227.341433562375
"GO:0006568",2450,17,3895,0,2450,305958,1445,513985,1.28271027597219e-227,1.10961486730254e-225,1.68025349545302,224.954827732951
"GO:1901566",3580,57,6225,0,3580,304828,2645,512785,4.162273136309e-227,3.56145805750266e-225,1.53624278442399,224.448372165879
"GO:0006520",3048,37,5113,0,3048,305360,2065,513365,4.45250953611332e-227,3.76883387831011e-225,1.59241168273576,224.423793004849
"GO:0008652",2604,23,4211,0,2604,305804,1607,513823,4.92672649039376e-226,4.12587137578507e-224,1.65185500539519,223.384484315301
"GO:0009308",2522,20,4046,0,2522,305886,1524,513906,6.05322642674873e-226,5.01589457172274e-224,1.6650810913272,223.299651600447
"GO:0032350",2458,16,3926,0,2458,305950,1468,513962,3.41332726200244e-224,2.798928354842e-222,1.67242930361198,221.553008218181
"GO:0043170",9470,324,19522,0,9470,298938,10052,505378,4.40119998755146e-223,3.57177796927888e-221,1.29581157719614,220.447115545784
"GO:0090354",2409,16,3833,0,2409,305999,1424,514006,4.49812085095648e-223,3.61318442231933e-221,1.67885877868115,220.442109870828
"GO:0016833",2403,17,3824,0,2403,306005,1421,514009,2.14459151940171e-222,1.70527519603336e-220,1.67861875988271,219.768205524898
"GO:0010600",2397,16,3816,0,2397,306011,1419,514011,1.99022027566527e-221,1.5667014010037e-219,1.67793778220601,218.805013768211
"GO:0046885",2418,16,3860,0,2418,305990,1442,513988,6.61578986776804e-221,5.1563859246604e-219,1.67334379275257,218.287654585757
"GO:0004049",2380,16,3785,0,2380,306028,1405,514025,7.53545278186712e-221,5.81559649988803e-219,1.67968273563195,218.235405733502
"GO:0009309",2390,16,3806,0,2390,306018,1416,514014,1.48645890641125e-220,1.12513504916052e-218,1.67743346186439,217.948795346366
"GO:0042401",2390,16,3806,0,2390,306018,1416,514014,1.48645890641125e-220,1.12513504916052e-218,1.67743346186439,217.948795346366
"GO:1901607",2545,23,4120,0,2545,305863,1575,513855,7.04252628965976e-220,5.27988256687634e-218,1.65008666964427,217.27737573677
"GO:0006576",2399,17,3831,0,2399,306009,1432,513998,5.54838031186509e-219,4.08194858084131e-217,1.67276248947949,216.389132470271
"GO:0044106",2399,17,3831,0,2399,306009,1432,513998,5.54838031186509e-219,4.08194858084131e-217,1.67276248947949,216.389132470271
"GO:0005950",2366,16,3766,0,2366,306042,1400,514030,8.26641520020408e-219,6.02529819037097e-217,1.67822663629379,216.220021455105
"GO:0042430",2398,18,3831,0,2398,306010,1433,513997,1.69103626589374e-218,1.2212694940473e-216,1.67206521457766,215.913188490958
"GO:0006586",2366,16,3769,0,2366,306042,1403,514027,4.00178906217556e-218,2.83802554031045e-216,1.67689082310492,215.546983700504
"GO:0046219",2366,16,3769,0,2366,306042,1403,514027,4.00178906217556e-218,2.83802554031045e-216,1.67689082310492,215.546983700504
"GO:0042435",2386,18,3809,0,2386,306022,1423,514007,4.14400605008647e-218,2.91264425234649e-216,1.67330709248105,215.535712556456
"GO:0016788",4106,87,7413,0,4106,304302,3307,512123,3.8985100241748e-217,2.71584698321274e-215,1.47958912334513,214.566094702808
"GO:0006082",3685,51,6520,0,3685,304723,2835,512595,2.5836847250941e-215,1.76858836138615e-213,1.50975362709711,212.752373237289
"GO:0043436",3685,51,6520,0,3685,304723,2835,512595,2.5836847250941e-215,1.76858836138615e-213,1.50975362709711,212.752373237289
"GO:0016787",6636,166,13064,0,6636,301772,6428,509002,9.07155531010816e-215,6.15614512079064e-213,1.35689546448702,212.210691150956
"GO:0008173",1249,11,1672,0,1249,307159,423,515007,4.7856814062115e-211,3.21990461792282e-209,1.99545689352165,208.492156993063
"GO:0016053",3202,36,5524,0,3202,305206,2322,513108,1.13020721123293e-210,7.47646316539968e-209,1.54840242519144,208.126303802003
"GO:0046394",3202,36,5524,0,3202,305206,2322,513108,1.13020721123293e-210,7.47646316539968e-209,1.54840242519144,208.126303802003
"GO:0032991",5895,143,11424,0,5895,302513,5529,509901,1.77196701683727e-210,1.16241036304525e-208,1.37842074384876,207.934640526899
"GO:0010817",3084,28,5290,0,3084,305324,2206,513224,2.86413605812287e-208,1.86334537599531e-206,1.55730931931722,205.729706640011
"GO:0009072",2396,18,3875,0,2396,306012,1479,513951,4.95111747768638e-208,3.19468826101206e-206,1.65170046883851,205.495571514071
"GO:0006396",3222,63,5590,0,3222,305186,2368,513062,1.58832207824018e-206,1.01652613007371e-204,1.53967803215303,203.992881453228
"GO:0001510",1168,10,1546,0,1168,307240,378,515052,2.56574118473094e-204,1.6288318230808e-202,2.01813185893131,201.788123754291
"GO:1901605",2616,30,4347,0,2616,305792,1731,513699,4.48710700884206e-203,2.82580050988838e-201,1.60754924074209,200.548858500843
"GO:0031167",1094,6,1422,0,1094,307314,328,515102,1.60870777095429e-202,1.00505933118668e-200,2.05510450273536,199.997808299988
"GO:0007165",5838,129,11368,0,5838,302570,5530,509900,2.43564829064101e-202,1.50971837353748e-200,1.3718170961683,199.821104059479
"GO:0006364",2208,24,3523,0,2208,306200,1315,514115,2.77081294680085e-202,1.70404996228252e-200,1.67418177938042,199.768517675986
"GO:0008649",1030,6,1317,0,1030,307378,287,515143,1.34543814633112e-200,8.21030161854155e-199,2.08914043535344,198.085640888086
"GO:0012505",4775,123,9010,0,4775,303633,4235,511195,2.06803019960864e-199,1.25227182548609e-197,1.41567893573444,196.902301390379
"GO:0009383",979,6,1238,0,979,307429,259,515171,3.37885900456632e-197,2.03041054075924e-195,2.11241008543369,194.692416140629
"GO:0043531",4358,66,8112,0,4358,304050,3754,511676,2.77852446568741e-196,1.65701095408267e-194,1.43507787584796,193.78067462056
"GO:0000154",1023,6,1315,0,1023,307385,292,515138,4.026691225336e-196,2.38331679141692e-194,2.07809819948154,193.622818227221
"GO:0008169",968,6,1222,0,968,307440,254,515176,6.64917195835435e-196,3.9061404221019e-194,2.1160227693364,193.408252148286
"GO:0016434",967,6,1221,0,967,307441,254,515176,1.30616140039001e-195,7.61637225471864e-194,2.1155680294678,193.118251837704
"GO:0140102",970,6,1226,0,970,307438,256,515174,1.68685493978641e-195,9.76391329852839e-194,2.11347662677558,193.01037608568
"GO:0008284",1091,9,1448,0,1091,307317,357,515073,1.85585949610609e-189,1.06637415717863e-187,2.01266907627279,186.972090388285
"GO:0000470",1110,9,1482,0,1110,307298,372,515058,3.03078101070084e-189,1.7288629069737e-187,2.00074140706611,186.762239443456
"GO:0010468",5167,121,9976,0,5167,303241,4809,510621,1.24615223836739e-188,7.05734562620724e-187,1.38356066452823,186.151358612922
"GO:0016070",4173,114,7767,0,4173,304235,3594,511836,5.48845541408684e-188,3.08608007283511e-186,1.43519616342646,185.510592809725
"GO:0070475",1150,12,1558,0,1150,307258,408,515022,2.46684503759173e-187,1.377234335881e-185,1.97172604058262,184.86099215842
"GO:1901796",991,9,1280,0,991,307417,289,515141,2.80087437411228e-187,1.55271007556422e-185,2.06813969340127,184.808909628841
"GO:0008757",1748,21,2679,0,1748,306660,931,514499,9.05192923300698e-187,4.9829920924637e-185,1.74294988438452,184.302509802013
"GO:0140098",2104,33,3388,0,2104,306304,1284,514146,5.23546751876558e-186,2.86205557692518e-184,1.65889355173326,183.543321937132
"GO:1902494",3301,52,5891,0,3301,305107,2590,512840,6.19734402281018e-185,3.36451669983184e-183,1.49683071660126,182.473077311728
"GO:0010073",2709,34,4642,0,2709,305699,1933,513497,8.53739490155304e-184,4.60317620993325e-182,1.55890645052843,181.336942399962
"GO:0000027",1235,12,1722,0,1235,307173,487,514943,2.95130389243588e-183,1.58045334974525e-181,1.91579923570481,180.801218318709
"GO:0090304",4915,127,9458,0,4915,303493,4543,510887,4.59592484317019e-183,2.44453515982674e-181,1.3881627861929,180.611803711884
"GO:0048518",3528,89,6403,0,3528,304880,2875,512555,9.80552797838913e-182,5.18047760039458e-180,1.47184223103184,179.285630199781
"GO:0071840",5851,157,11594,0,5851,302557,5743,509687,2.2089977380602e-181,1.15928201293399e-179,1.34807168631852,178.935810902464
"GO:0044260",7342,254,15037,0,7342,301066,7695,507735,4.45819221433119e-181,2.32416484180233e-179,1.30427558776201,178.633733072776
"GO:0044428",3806,111,7013,0,3806,304602,3207,512223,4.96541501261303e-181,2.57156230126906e-179,1.44970998526869,178.589802949558
"GO:0016043",5486,146,10772,0,5486,302922,5286,510144,2.52456205941622e-180,1.29891193017807e-178,1.36042825629694,177.886420294296
"GO:0009966",2242,35,3715,0,2242,306166,1473,513957,3.28250431980419e-176,1.67791389646095e-174,1.61210370223947,173.775230329116
"GO:0016567",5014,89,9749,0,5014,303394,4735,510695,2.57706348237117e-175,1.30881572472425e-173,1.37385356308882,172.883121495824
"GO:0005794",4077,86,7667,0,4077,304331,3590,511840,1.54189112535e-173,7.78061983253537e-172,1.42046793100815,171.108985804151
"GO:0042127",1270,14,1817,0,1270,307138,547,514883,3.60391826753485e-173,1.80700921032066e-171,1.86708882173636,170.743039633836
"GO:0010646",2227,39,3702,0,2227,306181,1475,513955,1.14539004704491e-172,5.70665218375793e-171,1.6069412078839,170.243618596573
"GO:0003735",4329,84,8242,0,4329,304079,3913,511517,1.14732734397036e-171,5.68035273694004e-170,1.40304357978169,169.245624694756
"GO:0032502",7925,183,16514,0,7925,300483,8589,506841,2.00717392423399e-171,9.87529570723124e-170,1.28192664890289,169.005449890932
"GO:0023051",2232,40,3724,0,2232,306176,1492,513938,1.85461315745002e-170,9.06802159965623e-169,1.60103454681275,168.042487454073
"GO:0042273",1694,17,2640,0,1694,306714,946,514484,4.08164037931886e-170,1.98337488061716e-168,1.71405859554011,167.702595191394
"GO:0048522",2880,65,5109,0,2880,305528,2229,513201,2.70905326894316e-166,1.3083231492712e-164,1.50581899174276,163.883284974198
"GO:0000981",2877,26,5106,0,2877,305531,2229,513201,1.108123525548e-165,5.31899292263039e-164,1.50513424370683,163.274170587545
"GO:0048583",2770,56,4887,0,2770,305638,2117,513313,2.91853116937752e-164,1.39240468880847e-162,1.51409670808993,161.856234522934
"GO:1902531",1201,10,1724,0,1201,307207,523,514907,5.3871113602865e-162,2.55465907398647e-160,1.86089526613765,159.59266704941
"GO:0032259",1586,22,2477,0,1586,306822,891,514539,4.0945472133049e-158,1.93007638701414e-156,1.71038296170584,155.714425502494
"GO:0042221",5538,144,11120,0,5538,302870,5582,509848,4.71818061381259e-157,2.21080463047219e-155,1.33034520724579,154.655449634471
"GO:0016741",1341,18,2008,0,1341,307067,667,514763,2.60223110111042e-156,1.2121161673338e-154,1.78394415322033,153.916455756065
"GO:0043412",5732,195,11578,0,5732,302676,5846,509584,5.87917793006291e-156,2.72240521561501e-154,1.3224791132716,153.565047231885
"GO:0016757",2557,26,4491,0,2557,305851,1934,513496,5.53696240434914e-155,2.54894549982669e-153,1.5209112003387,152.593639450281
"GO:0042255",1081,14,1525,0,1081,307327,444,514986,1.06891495815972e-154,4.89215032013564e-153,1.89352932521578,152.31050020695
"GO:0016772",2538,78,4456,0,2538,305870,1918,513512,5.11928031610195e-154,2.32942049990489e-152,1.52146729306377,151.632752106869
"GO:0071944",5934,185,12080,0,5934,302474,6146,509284,8.51332296842562e-153,3.85154473606014e-151,1.31219020890191,150.414365053402
"GO:0097159",5568,175,11246,0,5568,302840,5678,509752,1.53971988533659e-151,6.92609996421121e-150,1.32256593535835,149.159511244581
"GO:0043414",1291,18,1929,0,1291,307117,638,514792,1.72854711285202e-151,7.73131981384722e-150,1.78776404988167,149.111746361328
"GO:1901363",5562,175,11236,0,5562,302846,5674,509756,3.25232056714764e-151,1.44645579121956e-149,1.32231656711878,148.839694835381
"GO:0005525",3108,43,5707,0,3108,305300,2599,512831,8.78279665535933e-151,3.88416715005554e-149,1.45475320532005,148.410702089067
"GO:0048856",7109,163,14850,0,7109,301299,7741,507689,1.12608691802922e-150,4.95226604398103e-149,1.27878709754109,148.305196032338
"GO:0032501",6899,156,14403,0,6899,301509,7504,507926,7.13758138514863e-147,3.121502259105e-145,1.27952674909515,144.505636346423
"GO:0061630",3115,54,5757,0,3115,305293,2642,512788,5.70042592215905e-146,2.47921286515116e-144,1.44536657352854,143.605686183119
"GO:0006996",4211,110,8219,0,4211,304197,4008,511422,8.63831320760241e-144,3.73630777858495e-142,1.3686186259875,141.427557355933
"GO:0006412",3580,85,6808,0,3580,304828,3228,512202,4.36806145005273e-143,1.87898249917022e-141,1.4046873285898,140.726077264896
"GO:0006950",5971,167,12275,0,5971,302437,6304,509126,5.0236357641801e-143,2.14924243128401e-141,1.29939668831317,140.667714593987
"GO:0070925",1166,16,1721,0,1166,307242,555,514875,5.56098510759795e-143,2.36627431173033e-141,1.80981367438119,140.625934910948
"GO:0060255",4941,136,9894,0,4941,303467,4953,510477,8.96367181711674e-143,3.79365723356683e-141,1.33401014712792,140.420941911269
"GO:0006979",2573,48,4608,0,2573,305835,2035,513395,5.52564274475247e-142,2.32608875329901e-140,1.49156952324293,139.633373718527
"GO:0071826",1214,17,1819,0,1214,307194,605,514825,2.88777257426028e-141,1.20917796300941e-139,1.78279814225229,138.917509776339
"GO:0004601",1572,26,2527,0,1572,306836,955,514475,3.39331699431714e-140,1.41334345922035e-138,1.66174157263983,137.849752286617
"GO:0016072",1377,19,2152,0,1377,307031,775,514655,3.33638726356955e-137,1.38231792309576e-135,1.70925893356254,134.859392060893
"GO:0005509",2804,48,5141,0,2804,305604,2337,513093,4.25132220770349e-137,1.75216798005455e-135,1.45695651770042,134.756424260432
"GO:0016301",2306,69,4073,0,2306,306102,1767,513663,3.66215370847984e-136,1.50148302047674e-134,1.51238053114383,133.823479574657
"GO:0022618",1230,19,1873,0,1230,307178,643,514787,5.36480896006147e-135,2.18817492920227e-133,1.75421782335249,132.65991796216
"GO:0051179",4534,153,9079,0,4534,303874,4545,510885,5.43790612719195e-131,2.20655654810593e-129,1.33401184217248,128.656284938275
"GO:0008194",2335,27,4173,0,2335,306073,1838,513592,2.73337958404743e-130,1.10344431208315e-128,1.49470224003516,127.957249579643
"GO:0080090",4632,125,9312,0,4632,303776,4680,510750,2.94505714228842e-130,1.1828311134742e-128,1.32874538334144,127.927077260209
"GO:0031974",3348,115,6409,0,3348,305060,3061,512369,8.49702107996704e-129,3.36123366540204e-127,1.39544062700827,126.473501295306
"GO:0043233",3348,115,6409,0,3348,305060,3061,512369,8.49702107996704e-129,3.36123366540204e-127,1.39544062700827,126.473501295306
"GO:0070013",3348,115,6409,0,3348,305060,3061,512369,8.49702107996704e-129,3.36123366540204e-127,1.39544062700827,126.473501295306
"GO:0048507",3339,45,6397,0,3339,305069,3058,512372,8.4974710589252e-128,3.34460460879296e-126,1.39430008396998,125.475655216123
"GO:0006810",4184,139,8318,0,4184,304224,4134,511296,7.03196312743161e-127,2.75401063378814e-125,1.34365862743101,124.560034387178
"GO:0004842",3668,72,7148,0,3668,304740,3480,511950,1.59940313123019e-126,6.23292150942774e-125,1.37075856549272,124.205308342102
"GO:0034470",1414,22,2274,0,1414,306994,860,514570,4.85237595246661e-126,1.88167012304518e-124,1.66102104245191,123.725456510717
"GO:0016310",2139,70,3785,0,2139,306269,1646,513784,2.60838717523227e-125,1.00653058056022e-123,1.509597214923,122.997173025776
"GO:0042254",1645,23,2749,0,1645,306763,1104,514326,4.74462007703498e-125,1.82193410958143e-123,1.59848051834489,122.73946733338
"GO:0009536",3550,114,6895,0,3550,304858,3345,512085,4.91785912998407e-125,1.87929063452595e-123,1.37534061328101,122.726006050549
"GO:0042744",1257,20,1973,0,1257,307151,716,514714,3.10641608016278e-123,1.18133852091987e-121,1.70186214250347,120.927625634392
"GO:0034622",1475,30,2413,0,1475,306933,938,514492,8.77130703168614e-123,3.31960235353044e-121,1.63286726880156,120.478913936179
"GO:0003729",3367,110,6507,0,3367,305041,3140,512290,2.32086282453488e-122,8.74154648552084e-121,1.38222420797987,120.058411728611
"GO:0022607",2058,48,3636,0,2058,306350,1578,513852,1.61613471472067e-121,6.05819641632436e-120,1.51195087635401,119.21765665026
"GO:0007275",6375,132,13519,0,6375,302033,7144,508286,2.27184283760053e-119,8.47580417895324e-118,1.25965555508523,117.071819085584
"GO:0010033",4059,102,8115,0,4059,304349,4056,511374,1.17647790409391e-118,4.36850663256003e-117,1.33612383787547,116.359667000577
"GO:0034654",1928,38,3382,0,1928,306480,1454,513976,6.37279866237641e-118,2.3552427732501e-116,1.52282364490449,115.627964320107
"GO:0140110",2811,66,5304,0,2811,305597,2493,512937,1.23439177218141e-117,4.54071590215517e-116,1.41570744316367,115.342875669644
"GO:0034660",1454,25,2395,0,1454,306954,941,514489,1.26255179207457e-117,4.62270125916793e-116,1.62171701732418,115.33510417182
"GO:0140359",1829,32,3174,0,1829,306579,1345,514085,1.44191355154789e-117,5.25497383230786e-116,1.53929893268007,115.279429442245
"GO:0044085",2598,61,4838,0,2598,305810,2240,513190,4.95398138679216e-117,1.79713094363262e-115,1.43446338710743,114.745420277913
"GO:0051234",4035,139,8085,0,4035,304373,4050,511380,3.70547730063415e-116,1.33805125277945e-114,1.33315209657217,113.873527251013
"GO:0051171",4337,119,8784,0,4337,304071,4447,510983,7.25364744311201e-116,2.60733847818163e-114,1.31890428799543,113.583802586145
"GO:1903506",3616,92,7132,0,3616,304792,3516,511914,1.10913456780535e-115,3.95072729310577e-114,1.3543573609646,113.403322947334
"GO:2001141",3616,92,7132,0,3616,304792,3516,511914,1.10913456780535e-115,3.95072729310577e-114,1.3543573609646,113.403322947334
"GO:0065003",1672,40,2857,0,1672,306736,1185,514245,2.33015751318053e-115,8.262612587278e-114,1.56329960411278,113.082882609721
"GO:0010467",2635,73,4934,0,2635,305773,2299,513131,3.61875736642083e-115,1.27743757795806e-113,1.42658502074074,112.893660312493
"GO:0010556",3862,100,7711,0,3862,304546,3849,511581,6.42058668199833e-114,2.25637760538798e-112,1.33788181753694,111.64658821931
"GO:0051252",3698,94,7343,0,3698,304710,3645,511785,3.29192663298803e-113,1.15173539799475e-111,1.34527032964848,110.93864728514
"GO:0019219",3859,100,7714,0,3859,304549,3855,511575,6.26064341899193e-113,2.18069845107542e-111,1.33632264902524,110.661404384897
"GO:0043933",1729,44,2991,0,1729,306679,1262,514168,7.28417955653963e-113,2.52603795017974e-111,1.54416877212877,110.597560129066
"GO:0031981",2819,100,5366,0,2819,305589,2547,512883,3.11018004043756e-112,1.07383058238265e-110,1.40333253069908,109.969064231616
"GO:0006629",2584,45,4846,0,2584,305824,2262,513168,5.49767273903645e-112,1.88985501317445e-110,1.42437809012407,109.723571512966
"GO:0005840",3281,75,6409,0,3281,305127,3128,512302,1.28237927378619e-111,4.38908245358473e-110,1.36751514253708,109.357626260394
"GO:1901700",3470,80,6839,0,3470,304938,3369,512061,1.76461891486086e-111,6.0134545877856e-110,1.35535498123425,109.220875964373
"GO:0022613",1528,24,2584,0,1528,306880,1056,514374,1.38595215003513e-110,4.70267901942956e-109,1.57959965460895,108.32765466294
"GO:0006886",2729,63,5179,0,2729,305679,2450,512980,1.61221924290575e-110,5.44694844641805e-109,1.40758234144252,108.263846735162
"GO:0051716",4786,127,9892,0,4786,303622,5106,510324,3.46825176669895e-110,1.16675546613052e-108,1.29242327867015,107.933020155813
"GO:2000112",3792,95,7590,0,3792,304616,3798,511632,5.16017354095691e-110,1.72854834529416e-108,1.33457424039589,107.762318469289
"GO:0003924",2663,44,5044,0,2663,305745,2381,513049,4.02612183890158e-109,1.34295047100988e-107,1.41030249335921,106.871940004132
"GO:0051704",4192,98,8539,0,4192,304216,4347,511083,1.71862525223098e-107,5.70844640741023e-106,1.31138570607358,105.243482071876
"GO:0006281",2787,41,5336,0,2787,305621,2549,512881,3.08954016433745e-107,1.0218848812464e-105,1.39520278016617,104.990598026173
"GO:0016192",2549,69,4809,0,2549,305859,2260,513170,6.74032376691947e-107,2.22007651435942e-105,1.4158956372489,104.653632057445
"GO:0006796",2311,88,4285,0,2311,306097,1974,513456,1.03783617266079e-106,3.4041026463274e-105,1.44067262639283,104.4679973528
"GO:0006511",3410,69,6751,0,3410,304998,3341,512089,1.88131177304658e-106,6.14509804042433e-105,1.34928115949155,104.21147118388
"GO:0043228",3723,118,7476,0,3723,304685,3753,511677,1.1048094240089e-105,3.57903694888808e-104,1.33027040320106,103.446233818063
"GO:0043232",3723,118,7476,0,3723,304685,3753,511677,1.1048094240089e-105,3.57903694888808e-104,1.33027040320106,103.446233818063
"GO:0004252",1826,21,3246,0,1826,306582,1420,514010,9.16597120948662e-105,2.95715267873273e-103,1.50268670113366,102.529126252133
"GO:0005789",2546,38,4837,0,2546,305862,2291,513139,1.19525263165204e-102,3.84041988423056e-101,1.40604265848321,100.415621290363
"GO:0009628",3841,96,7791,0,3841,304567,3950,511480,1.17788766232844e-101,3.769240519451e-100,1.31694393940452,99.4237461488498
"GO:0030154",3848,52,7808,0,3848,304560,3960,511470,1.49062970950931e-101,4.75070326852522e-100,1.31647144632977,99.323242095
"GO:0006793",2299,86,4306,0,2299,306109,2007,513423,1.59501748249613e-100,5.06289420250384e-99,1.42620229500849,98.2956011478154
"GO:0008017",1706,29,3022,0,1706,306702,1316,514114,1.04688522773255e-99,3.30967088863881e-98,1.50799795301542,97.4802151900171
"GO:0009725",3350,81,6684,0,3350,305058,3334,512096,2.22538849695531e-99,7.00730329921289e-98,1.33882727390691,97.1544490844011
"GO:0048731",3904,100,7994,0,3904,304504,4090,511340,1.63065171774867e-96,5.11413957056476e-95,1.30455336768588,94.2912274237678
"GO:0000978",1819,19,3292,0,1819,306589,1473,513957,1.20587901673448e-95,3.76693635703723e-94,1.47600917704666,93.4240117172061
"GO:0045893",1981,39,3651,0,1981,306427,1670,513760,1.26113587459096e-94,3.92397691888539e-93,1.44940190494614,92.406273555836
"GO:0048869",3888,55,7978,0,3888,304520,4090,511340,1.3841923865014e-94,4.28990648288937e-93,1.30181241650772,92.3675521750432
"GO:0015297",1525,11,2674,0,1525,306883,1149,514281,1.00786248914768e-93,3.11133079002766e-92,1.52343744467571,91.5070538131772
"GO:0016779",1082,20,1757,0,1082,307326,675,514755,3.79323113881095e-93,1.16641857518437e-91,1.64502190159531,90.9331455728431
"GO:0140096",4281,165,8915,0,4281,304127,4634,510796,5.11498251804764e-93,1.56673705766813e-91,1.28274421732067,90.805003884186
"GO:0006457",1519,21,2671,0,1519,306889,1152,514278,3.7658077082881e-92,1.14900923564511e-90,1.51914794689985,89.9396764804731
"GO:0019538",5294,207,11324,0,5294,303114,6030,509400,4.73694343599693e-92,1.43973817483273e-90,1.2488211964185,89.8417164798243
"GO:0009570",1719,33,3104,0,1719,306689,1385,514045,1.84326425187734e-91,5.58083699645323e-90,1.47934800127198,89.2533006620515
"GO:0006470",1345,15,2310,0,1345,307063,965,514465,5.4033802170456e-91,1.62970915971582e-89,1.55534411266753,88.7878898935105
"GO:0009535",1619,37,2895,0,1619,306789,1276,514154,1.58869576852603e-90,4.77336377474692e-89,1.49387571021031,88.3211754670909
"GO:0006221",606,5,850,0,606,307802,244,515186,3.95055606936393e-89,1.18246301817615e-87,1.90445135321125,86.9272124330453
"GO:0000003",3924,82,8127,0,3924,304484,4203,511227,4.57306914243403e-89,1.36360607156215e-87,1.28977787920005,86.8653110737089
"GO:0008233",1835,41,3378,0,1835,306573,1543,513887,2.54852468206429e-88,7.57056086687173e-87,1.45108418390168,86.1208719444941
"GO:0006811",1760,45,3215,0,1760,306648,1455,513975,3.05629192986577e-88,9.04478574131703e-87,1.4623383707785,86.0436017165284
"GO:0003887",957,14,1529,0,957,307451,572,514858,4.21253105875302e-88,1.24198668518741e-86,1.67193980542266,85.9058830600215
"GO:0000166",2172,57,4127,0,2172,306236,1955,513475,1.10503570326758e-87,3.24583621497103e-86,1.40585826106059,85.4886733984743
"GO:0022414",3897,82,8083,0,3897,304511,4186,511244,2.04644723776121e-87,5.98871102440753e-86,1.287875887695,85.22266664259
"GO:0003690",1687,32,3064,0,1687,306721,1377,514053,3.0853265411625e-87,8.99544093778933e-86,1.47076236004688,85.0459775435852
"GO:0019205",579,3,806,0,579,307829,227,515203,3.23715121664945e-87,9.40326729795737e-86,1.91893253872139,85.0267212184296
"GO:0071702",2501,73,4871,0,2501,305907,2370,513060,5.90532171036324e-87,1.70906957735219e-85,1.37155032485795,84.7672402565039
"GO:0032196",803,9,1231,0,803,307605,428,515002,1.46948752795283e-86,4.23729150917386e-85,1.7425035739737,84.3729116572002
"GO:0043094",548,6,753,0,548,307860,205,515225,3.89641950069831e-86,1.1194384784488e-84,1.94402465019088,83.9509997691724
"GO:0003712",1220,26,2077,0,1220,307188,857,514573,4.6589315611921e-86,1.33364033635288e-84,1.56905988524327,83.8749612776142
"GO:0016791",1272,18,2187,0,1272,307136,915,514515,7.53750535360014e-86,2.14982761389639e-84,1.5536547368051,83.667596363031
"GO:0006222",502,3,673,0,502,307906,171,515259,2.08439128756856e-85,5.92358419340783e-84,1.99252985846155,83.227415434426
"GO:0003006",3644,72,7517,0,3644,304764,3873,511557,2.55533210090121e-85,7.23581809291163e-84,1.29494106459605,83.1405123597555
"GO:0001101",2657,60,5245,0,2657,305751,2588,512842,8.31053474768853e-85,2.34482184708975e-83,1.35320080373889,82.6298901481579
"GO:0044425",2878,83,5755,0,2878,305530,2877,512553,2.9674661072542e-84,8.34281899868037e-83,1.33586215612789,82.0786871785338
"GO:0000287",1495,16,2670,0,1495,306913,1175,514255,3.15608338457265e-84,8.8415261221907e-83,1.49570558898728,82.0534727656157
"GO:0005096",879,18,1396,0,879,307529,517,514913,7.75124739008821e-83,2.16375246293526e-81,1.68197540893807,80.6647924247717
"GO:0050660",1408,17,2495,0,1408,307000,1087,514343,2.23122802871687e-82,6.20644065090432e-81,1.50746865316324,80.2071573931955
"GO:0003682",1576,32,2859,0,1576,306832,1283,514147,4.91321884944626e-82,1.35708276431021e-80,1.47250996665143,79.8673936652458
"GO:0016616",1576,35,2859,0,1576,306832,1283,514147,4.91321884944626e-82,1.35708276431021e-80,1.47250996665143,79.8673936652458
"GO:0004540",1205,18,2071,0,1205,307203,866,514564,1.73424074498121e-81,4.77340669387834e-80,1.55425807794151,79.3211715622014
"GO:0009719",3021,77,6114,0,3021,305387,3093,512337,1.85738432247346e-81,5.09453985592722e-80,1.31990135914422,79.2928950358099
"GO:0072528",486,5,655,0,486,307922,169,515261,2.48746664920031e-81,6.79907550781417e-80,1.98203424788141,79.1675501356982
"GO:0003964",795,9,1238,0,795,307613,443,514987,7.02564704853682e-81,1.91369873931079e-79,1.7153891909293,78.7181264292304
"GO:0008655",473,5,634,0,473,307935,161,515269,1.46133281139983e-80,3.96676272115155e-79,1.99291175146168,78.4015637768328
"GO:0009791",3119,71,6351,0,3119,305289,3232,512198,1.63487907766963e-80,4.42260072144856e-79,1.31186591157288,78.3543222675712
"GO:0006213",473,5,635,0,473,307935,162,515268,2.70190582499673e-80,7.2591817933018e-79,1.98977330775859,78.1391123273274
"GO:0046131",473,5,635,0,473,307935,162,515268,2.70190582499673e-80,7.2591817933018e-79,1.98977330775859,78.1391123273274
"GO:0009605",2952,79,5972,0,2952,305456,3020,512410,7.47478574940352e-80,2.00141202106478e-78,1.32042196241362,77.6986634960439
"GO:0006220",482,3,652,0,482,307926,170,515260,8.91151839227731e-80,2.37801602657651e-78,1.97476593829256,77.6237852227912
"GO:0009220",480,3,649,0,480,307928,169,515261,1.07159410842423e-79,2.84986108834984e-78,1.97566235973646,77.5451763084243
"GO:0009116",554,8,783,0,554,307854,229,515201,1.26041144728687e-79,3.34072690674822e-78,1.89001037354674,77.4761590250323
"GO:0098542",2767,57,5549,0,2767,305641,2782,512648,1.72640584027805e-79,4.5604922062647e-78,1.33201961290121,77.3409882821319
"GO:0004849",469,3,630,0,469,307939,161,515269,1.78706217067359e-79,4.61237816640737e-78,1.98860477750973,77.3360750923463
"GO:0009129",469,3,630,0,469,307939,161,515269,1.78706217067359e-79,4.61237816640737e-78,1.98860477750973,77.3360750923463
"GO:0009130",469,3,630,0,469,307939,161,515269,1.78706217067359e-79,4.61237816640737e-78,1.98860477750973,77.3360750923463
"GO:0009173",469,3,630,0,469,307939,161,515269,1.78706217067359e-79,4.61237816640737e-78,1.98860477750973,77.3360750923463
"GO:0009174",469,3,630,0,469,307939,161,515269,1.78706217067359e-79,4.61237816640737e-78,1.98860477750973,77.3360750923463
"GO:0043097",469,3,630,0,469,307939,161,515269,1.78706217067359e-79,4.61237816640737e-78,1.98860477750973,77.3360750923463
"GO:0046049",469,3,630,0,469,307939,161,515269,1.78706217067359e-79,4.61237816640737e-78,1.98860477750973,77.3360750923463
"GO:0046132",469,3,631,0,469,307939,162,515268,5.48822806740612e-79,1.40727463669775e-77,1.98545326439165,76.8516211395495
"GO:0046134",469,3,631,0,469,307939,162,515268,5.48822806740612e-79,1.40727463669775e-77,1.98545326439165,76.8516211395495
"GO:0006812",1480,25,2673,0,1480,306928,1193,514237,6.23342038803556e-79,1.59316510696805e-77,1.47903667054345,76.7977392139481
"GO:0016746",1481,16,2675,0,1481,306927,1194,514236,6.79068698133165e-79,1.7299769552441e-77,1.47892945065852,76.7619596820024
"GO:0046872",4907,174,10591,0,4907,303501,5684,509746,8.01382016385569e-79,2.03499330096361e-77,1.23764267308292,76.6914370160994
"GO:0009163",487,3,664,0,487,307921,177,515253,1.02556015219892e-78,2.57930016553031e-77,1.95919230799882,76.5884981139893
"GO:0009218",469,3,632,0,469,307939,163,515267,1.02309213084125e-78,2.57930016553031e-77,1.98231172441635,76.5884981139893
"GO:0042455",487,3,664,0,487,307921,177,515253,1.02556015219892e-78,2.57930016553031e-77,1.95919230799882,76.5884981139893
"GO:0009119",497,5,682,0,497,307911,185,515245,1.61086670320201e-78,4.0384530852249e-77,1.94665145747823,76.3937849579594
"GO:0009055",1094,9,1856,0,1094,307314,762,514668,1.808464314012e-78,4.51943843806428e-77,1.5745466610397,76.3449155250119
"GO:0019206",469,3,633,0,469,307939,164,515266,2.96297463119245e-78,7.35789788540914e-77,1.97918011031775,76.1332462437013
"GO:0043174",469,3,633,0,469,307939,164,515266,2.96297463119245e-78,7.35789788540914e-77,1.97918011031775,76.1332462437013
"GO:0045944",1801,24,3384,0,1801,306607,1583,513847,1.09658927614822e-77,2.71457571755938e-76,1.42167243739879,75.5662980400795
"GO:0004722",1126,11,1931,0,1126,307282,805,514625,4.66761622852819e-77,1.15183307056345e-75,1.55765868858326,74.9386104564911
"GO:0032197",744,8,1159,0,744,307664,415,515015,7.70771419421467e-76,1.89609769177681e-74,1.71476924139508,73.7221392904649
"GO:0030246",1499,21,2736,0,1499,306909,1237,514193,9.13931461410576e-76,2.24126743433771e-74,1.46353032280395,73.6495063191332
"GO:0008236",1365,20,2447,0,1365,307043,1082,514348,1.31687543096692e-75,3.21939235794148e-74,1.49009812147113,73.4922260911911
"GO:0000943",742,8,1156,0,742,307666,414,515016,1.45855035525446e-75,3.55470848190809e-74,1.71459777723106,73.4491960095305
"GO:0008289",1447,25,2627,0,1447,306961,1180,514250,4.2259910426394e-75,1.02675930517461e-73,1.47137930546218,72.9885313525915
"GO:0034061",764,9,1203,0,764,307644,439,514991,1.13081760437818e-74,2.73901420974307e-73,1.69646114194079,72.5624057146621
"GO:0072527",487,5,677,0,487,307921,190,515240,6.13715913997757e-74,1.48195450153078e-72,1.92157118539323,71.8291651297153
"GO:0000149",833,14,1346,0,833,307575,513,514917,1.31225386432271e-73,3.15904049539706e-72,1.65316471324549,71.5004448068854
"GO:0006206",473,5,654,0,473,307935,181,515249,3.2415642241982e-73,7.77975413807567e-72,1.93196643796133,71.1090341277101
"GO:0034404",496,3,696,0,496,307912,200,515230,3.44656205422188e-73,8.24660683611994e-72,1.90365665783227,71.0837247102961
"GO:0006351",1804,38,3430,0,1804,306604,1626,513804,9.60057536871207e-73,2.29017361522731e-71,1.40494265556973,70.6401315930849
"GO:0035251",1235,19,2188,0,1235,307173,953,514477,1.43998134835721e-72,3.42463237893291e-71,1.50777252462691,70.4653860415058
"GO:0009112",478,5,665,0,478,307930,187,515243,1.61777084460099e-72,3.83587111105391e-71,1.92009376115966,70.4161359939671
"GO:0009165",588,6,870,0,588,307820,282,515148,2.2053789427946e-72,5.21343634765138e-71,1.80540341097641,70.2828759245173
"GO:0070887",2536,55,5097,0,2536,305872,2561,512869,6.00247831398516e-72,1.41471584693686e-70,1.32907901463495,69.8493307816944
"GO:0016747",1814,24,3461,0,1814,306594,1647,513783,8.69277871378583e-72,2.04267325477379e-70,1.40007683042275,69.6898010973898
"GO:0006753",645,9,983,0,645,307763,338,515092,2.09155638805427e-71,4.90021782344144e-70,1.75275971112555,69.3097846143764
"GO:0009161",495,5,703,0,495,307913,208,515222,3.01710686637255e-70,7.04767514898656e-69,1.88090152731489,68.1519541222257
"GO:0019693",584,8,870,0,584,307824,286,515144,3.05393908319356e-70,7.11260605411234e-69,1.79312175511943,68.147971244903
"GO:0071705",2184,64,4312,0,2184,306224,2128,513302,7.34906339689614e-70,1.70654357110225e-68,1.35297591956952,67.7678826189308
"GO:0009124",473,4,664,0,473,307935,191,515239,9.74401450499829e-70,2.24941003470224e-68,1.90287055787155,67.6479313717866
"GO:0009156",473,4,664,0,473,307935,191,515239,9.74401450499829e-70,2.24941003470224e-68,1.90287055787155,67.6479313717866
"GO:0001134",769,5,1235,0,769,307639,466,514964,1.22815799046461e-69,2.81867629764939e-68,1.66331907246902,67.5499547965004
"GO:0001135",769,5,1235,0,769,307639,466,514964,1.22815799046461e-69,2.81867629764939e-68,1.66331907246902,67.5499547965004
"GO:0015711",970,20,1647,0,970,307438,677,514753,1.64082025878368e-69,3.75480728986778e-68,1.57323761045954,67.4254123476331
"GO:0009123",495,5,705,0,495,307913,210,515220,1.96193135869833e-69,4.47661555236906e-68,1.87556563645726,67.3490502008263
"GO:0006278",769,9,1237,0,769,307639,468,514962,2.93683768900212e-69,6.6817301409898e-68,1.66062979345128,67.1751110684533
"GO:1901659",550,6,813,0,550,307858,263,515167,6.21430101755618e-68,1.40976880721044e-66,1.80712556198219,65.850852102937
"GO:0099402",2246,51,4474,0,2246,306162,2228,513202,8.07146001764437e-68,1.82581992123266e-66,1.34100364202396,65.7385420587139
"GO:0004518",1957,47,3818,0,1957,306451,1861,513569,1.15257219163344e-67,2.59972730445227e-66,1.36921322980223,65.5850722044841
"GO:0009117",613,9,935,0,613,307795,322,515108,1.17835749782543e-67,2.6502943493948e-66,1.75131815109286,65.5767058893768
"GO:0090305",1762,48,3382,0,1762,306646,1620,513810,2.73977675658943e-67,6.14459334127408e-66,1.39170916095525,65.2115068541095
"GO:0030247",908,16,1531,0,908,307500,623,514807,3.34523931271544e-67,7.48117155389089e-66,1.58426140770441,65.1260303861531
"GO:0009259",551,8,818,0,551,307857,267,515163,3.84819372460093e-67,8.58158101984661e-66,1.7993451614186,65.0664326929274
"GO:0071897",777,9,1263,0,777,307631,486,514944,4.74687327819009e-67,1.05557588830261e-65,1.64336431962817,64.9765105385891
"GO:0009260",513,5,747,0,513,307895,234,515196,7.39119081357961e-67,1.63436668776682e-65,1.83447986128843,64.7866504982273
"GO:0046390",513,5,747,0,513,307895,234,515196,7.39119081357961e-67,1.63436668776682e-65,1.83447986128843,64.7866504982273
"GO:1901293",532,6,783,0,532,307876,251,515179,9.0819732937883e-67,2.00261327083198e-65,1.81495580997629,64.698402910197
"GO:0016579",796,11,1307,0,796,307612,511,514919,5.26472128779933e-66,1.15765044630046e-64,1.6268730516598,63.9364225564635
"GO:0005215",1838,50,3565,0,1838,306570,1727,513703,6.12725739321017e-66,1.34355905847773e-64,1.37721631238894,63.8717432386411
"GO:0055086",710,12,1134,0,710,307698,424,515006,8.77488229193026e-66,1.91877426116875e-64,1.67248210380468,63.7169761158823
"GO:0090407",612,10,941,0,612,307796,329,515101,9.58084701827418e-66,2.0892085243173e-64,1.73731265794148,63.6800182108379
"GO:0006259",1929,35,3773,0,1929,306479,1844,513586,1.27559501337206e-65,2.77389059261461e-64,1.36571980578211,63.5569106723041
"GO:1901135",1077,22,1895,0,1077,307331,818,514612,1.41821516162779e-65,3.07553436703415e-64,1.51817793158759,63.5120794156635
"GO:0005743",1192,23,2144,0,1192,307216,952,514478,3.63195605256693e-65,7.85460385873816e-64,1.48514090367596,63.1048757133996
"GO:0006820",1184,28,2129,0,1184,307224,945,514485,8.85285294628717e-65,1.90930570940199e-63,1.48556694048385,62.7191245287689
"GO:0048544",971,11,1677,0,971,307437,706,514724,1.30360176805678e-64,2.80381232736146e-63,1.54668670517338,62.5522510591501
"GO:0044435",1802,62,3505,0,1802,306606,1703,513727,1.32948192513735e-63,2.85168439092131e-62,1.37335543175646,61.5448985415361
"GO:0019637",739,14,1203,0,739,307669,464,514966,1.35796902604355e-63,2.90487287310185e-62,1.64094867001864,61.5368728690287
"GO:1901657",617,9,961,0,617,307791,344,515086,3.39950634331916e-63,7.25228019908087e-62,1.71505464294214,61.1395254248518
"GO:0044434",1769,61,3441,0,1769,306639,1672,513758,2.08792363548769e-62,4.44219861042138e-61,1.37328079145391,60.3524020280744
"GO:0000989",788,8,1309,0,788,307620,521,514909,2.572326476996e-62,5.45804690752358e-61,1.60806187725608,60.2629627362383
"GO:0001076",786,8,1307,0,786,307622,521,514909,6.01105964536635e-62,1.27201778301946e-60,1.60643494799574,59.8955068171363
"GO:0015031",1969,59,3900,0,1969,306439,1931,513499,6.89079621330286e-62,1.45427205874317e-60,1.34864390594145,59.837354339998
"GO:0000988",795,8,1327,0,795,307613,532,514898,1.23648411055605e-61,2.60256762521316e-60,1.6003404810629,59.584597976947
"GO:0051536",901,13,1551,0,901,307507,650,514780,7.57974912046417e-61,1.59114093536784e-59,1.55177652750045,58.7982913509997
"GO:0031967",1771,53,3462,0,1771,306637,1691,513739,1.31806561272437e-60,2.75220490805471e-59,1.36649385433007,58.5603192349988
"GO:0031975",1771,53,3462,0,1771,306637,1691,513739,1.31806561272437e-60,2.75220490805471e-59,1.36649385433007,58.5603192349988
"GO:0005768",1474,41,2798,0,1474,306934,1324,514106,2.83575936758939e-60,5.90558141313855e-59,1.4072328304036,58.2287373390178
"GO:0009941",1444,38,2732,0,1444,306964,1288,514142,2.94133647357495e-60,6.10928778891345e-59,1.41189592057191,58.2140094161688
"GO:0009416",2086,41,4186,0,2086,306322,2100,513330,5.14281120150455e-60,1.06537394153273e-58,1.3311630842313,57.9724979300281
"GO:0004843",714,9,1170,0,714,307694,456,514974,7.23061232097839e-60,1.49394698663365e-58,1.63015362932486,57.825664813378
"GO:0030170",1074,13,1926,0,1074,307334,852,514578,1.06362729151777e-59,2.1918518426251e-58,1.48958120452326,57.6591888051626
"GO:0006486",945,14,1651,0,945,307463,706,514724,1.14234225559812e-59,2.34791598852961e-58,1.52897688716204,57.6293174467646
"GO:0000976",1381,23,2598,0,1381,307027,1217,514213,1.76690400872654e-59,3.62215321788941e-58,1.41994236552046,57.4410331828799
"GO:0009059",2257,65,4587,0,2257,306151,2330,513100,2.22669769675132e-59,4.55287383605881e-58,1.31437413474014,57.3417143841883
"GO:0043207",2407,65,4938,0,2407,306001,2531,512899,3.56586558824949e-59,7.27214868152849e-58,1.30209055860411,57.1383372503984
"GO:0051707",2404,65,4932,0,2404,306004,2528,512902,4.85166429099507e-59,9.86881170509386e-58,1.3020497562734,57.0057351371975
"GO:0000160",1211,13,2229,0,1211,307197,1018,514412,6.6410670062185e-59,1.34738349157093e-57,1.45127682382694,56.8705087780191
"GO:0033993",1491,37,2848,0,1491,306917,1357,514073,8.52102247490119e-59,1.72435704170751e-57,1.39847221980353,56.763372805107
"GO:0009607",2413,65,4957,0,2413,305995,2544,512886,9.69186153119027e-59,1.95626497368025e-57,1.3003330117572,56.7085723209117
"GO:0051015",807,9,1367,0,807,307601,560,514870,1.00368020427985e-58,2.02070858518951e-57,1.5769619167207,56.694496313387
"GO:0097305",937,25,1641,0,937,307471,704,514726,1.57640704417377e-58,3.16568271727958e-57,1.52527163894782,56.4995326147547
"GO:0090501",862,18,1484,0,862,307546,622,514808,2.20319186074074e-58,4.41311102487306e-57,1.55163493823878,56.3552551464519
"GO:0051082",944,16,1660,0,944,307464,716,514714,7.61628086064205e-58,1.52170971916178e-56,1.51907806057568,55.8176681855351
"GO:0004190",868,4,1500,0,868,307540,632,514798,9.24497674745222e-58,1.84244194825174e-56,1.54576920615981,55.7346061870245
"GO:0003697",786,15,1329,0,786,307622,543,514887,1.03445602542205e-57,2.0563731899299e-56,1.57984234539536,55.6868980669045
"GO:0005777",1193,16,2199,0,1193,307215,1006,514424,1.25311419638005e-57,2.48476447201605e-56,1.44921025813104,55.6047147712572
"GO:0001067",1116,20,2031,0,1116,307292,915,514515,1.45487709724767e-57,2.87037406253976e-56,1.46781207590612,55.5420615030182
"GO:0044212",1116,20,2031,0,1116,307292,915,514515,1.45487709724767e-57,2.87037406253976e-56,1.46781207590612,55.5420615030182
"GO:0034645",2020,60,4084,0,2020,306388,2064,513366,2.39600156549407e-55,4.71533108089233e-54,1.32124032829707,53.326487808429
"GO:1901137",744,12,1256,0,744,307664,512,514918,5.72632956869389e-55,1.12413133079198e-53,1.58233881431281,52.949182947747
"GO:0007154",2805,89,5924,0,2805,305603,3119,512311,7.10923948087343e-55,1.39213764162775e-53,1.26483536759736,52.8563178236017
"GO:0036211",3755,154,8192,0,3755,304653,4437,510993,7.79441305866122e-55,1.52252157810871e-53,1.22443626209665,52.817436543564
"GO:0048519",2492,72,5192,0,2492,305916,2700,512730,1.88235023419621e-54,3.66778738702786e-53,1.28212255220397,52.4355958472978
"GO:0043161",1916,48,3854,0,1916,306492,1938,513492,2.14879376278144e-54,4.1766183952137e-53,1.32800582389213,52.3791752030743
"GO:0031224",1475,34,2855,0,1475,306933,1380,514050,7.21208309511791e-54,1.39836251538838e-52,1.38007310669638,51.8543802262845
"GO:0098656",882,20,1554,0,882,307526,672,514758,1.15246017755273e-53,2.22903354243122e-52,1.51612062504776,51.65188339622
"GO:0000977",1026,10,1866,0,1026,307382,840,514590,2.49463925552844e-53,4.81318632831369e-52,1.46876361884507,51.3175673255672
"GO:0031090",2498,89,5221,0,2498,305910,2723,512707,2.82274365964391e-53,5.43291884809702e-52,1.27807083929063,51.264966782006
"GO:0008514",712,13,1200,0,712,307696,488,514942,4.17546236438455e-53,8.01688773961834e-52,1.58494768834358,51.0959941977804
"GO:0009737",1046,32,1911,0,1046,307362,865,514565,4.67791691868686e-53,8.95974744133893e-52,1.46213402184342,51.0477042321212
"GO:0031984",2013,60,4093,0,2013,306395,2080,513350,5.19905891026842e-53,9.93373585961966e-52,1.3137665965607,51.00288739218
"GO:1901698",1084,19,1995,0,1084,307324,911,514519,7.23828023341065e-53,1.37965476991304e-51,1.45145162977481,50.8602295732211
"GO:0048468",1689,25,3353,0,1689,306719,1664,513766,1.59594838899306e-52,3.03461490776652e-51,1.34558854502875,50.5178964130049
"GO:0000139",1353,26,2595,0,1353,307055,1242,514188,2.97832041060213e-52,5.6494791017494e-51,1.39276107185092,50.2479915935372
"GO:0006887",1006,31,1831,0,1006,307402,825,514605,4.91673141270615e-52,9.30396867327472e-51,1.46766122872039,50.0313317605589
"GO:0061458",2404,57,5017,0,2404,306004,2613,512817,6.61119323364494e-52,1.24804108238017e-50,1.27998991388088,49.9037711185339
"GO:0000398",1387,39,2675,0,1387,307021,1288,514142,6.74867451731881e-52,1.27094655024722e-50,1.38506086972543,49.8958727133491
"GO:0140097",1215,19,2291,0,1215,307193,1076,514354,7.02930446585129e-52,1.32063686766543e-50,1.41666568350319,49.8792165828769
"GO:0048608",2390,57,4989,0,2390,306018,2599,512831,1.67042884925575e-51,3.13086092889078e-50,1.27967764198354,49.5043362230751
"GO:0006633",892,9,1590,0,892,307516,698,514732,2.34485857710752e-51,4.38449565771744e-50,1.49859374390765,49.3580803556998
"GO:0031201",622,18,1031,0,622,307786,409,515021,5.4475740512669e-50,1.01619201259652e-48,1.6115652886633,47.9930242230243
"GO:0003777",865,8,1542,0,865,307543,677,514753,6.86366868096324e-50,1.27732387367713e-48,1.49846953877628,47.8936989706167
"GO:0003755",846,18,1501,0,846,307562,655,514775,7.43459817478339e-50,1.38031030263903e-48,1.50558699930983,47.8600232704285
"GO:0042545",1046,11,1936,0,1046,307362,890,514540,1.18870386936032e-49,2.2017592610834e-48,1.44325315895805,47.6572301682429
"GO:1902600",1097,17,2050,0,1097,307311,953,514477,2.67124700958385e-49,4.93616348813242e-48,1.42944994309091,47.3066104646924
"GO:0009651",1373,25,2666,0,1373,307035,1293,514137,2.82707866317021e-49,5.21188834577889e-48,1.37570899641073,47.2830048967452
"GO:0003743",821,11,1453,0,821,307587,632,514798,5.8409864681992e-49,1.07430480088e-47,1.50936309858342,46.9688724834781
"GO:0007017",1062,14,1977,0,1062,307346,915,514515,8.63185091550324e-49,1.58391446169794e-47,1.43494096010373,46.800268275913
"GO:0005484",591,13,974,0,591,307817,383,515047,1.10677572907725e-48,2.02617175332467e-47,1.62085703079688,46.6933237433984
"GO:0071310",2077,48,4291,0,2077,306331,2214,513216,1.18286233587026e-48,2.16043905057324e-47,1.29298702615991,46.665457981319
"GO:0042626",1211,33,2309,0,1211,307197,1098,514332,1.32260196837127e-48,2.41007469792099e-47,1.40099438731496,46.6179694966815
"GO:0042910",709,6,1220,0,709,307699,511,514919,2.35757006972695e-48,4.28609505517103e-47,1.55239626685706,46.3679382015913
"GO:0051603",2194,63,4569,0,2194,306214,2375,513055,2.64160463359239e-48,4.79140822019338e-47,1.28271936237092,46.3195368263815
"GO:0043167",1468,45,2891,0,1468,306940,1423,514007,3.3569500101939e-48,6.07492194948193e-47,1.35641988881906,46.2164592975037
"GO:0006464",3631,151,8001,0,3631,304777,4370,511060,3.36892182504548e-48,6.08260380888944e-47,1.21226666674577,46.2159104704377
"GO:0044267",4285,191,9598,0,4285,304123,5313,510117,9.4314025040502e-48,1.69894738013463e-46,1.19257655115747,45.7698200719085
"GO:0008171",723,5,1254,0,723,307685,531,514899,1.38407701039459e-47,2.48754662690096e-46,1.54012845905114,45.6042287700331
"GO:0003333",693,10,1191,0,693,307715,498,514932,1.48833431122695e-47,2.66883091070126e-46,1.55431006144695,45.5736789409655
"GO:0007018",907,9,1648,0,907,307501,741,514689,1.65560363004716e-47,2.96202540357529e-46,1.47016562806223,45.5284112211068
"GO:0009506",1884,50,3855,0,1884,306524,1971,513459,1.66031383909414e-47,2.96371667604287e-46,1.30548745019862,45.5281633161827
"GO:0008104",1815,60,3708,0,1815,306593,1893,513537,2.74348849766565e-46,4.88614060036742e-45,1.30753429618177,44.3110340402105
"GO:0055114",1834,35,3753,0,1834,306574,1919,513511,2.8410265726025e-46,5.04843367483677e-45,1.30537999282467,44.296843345028
"GO:0051287",695,12,1203,0,695,307713,508,514922,2.91541801900568e-46,5.16895735261548e-45,1.54324671943566,44.2865970510399
"GO:0042546",735,14,1288,0,735,307673,553,514877,4.02584991804668e-46,7.12168327075583e-45,1.52436041105345,44.1474173450147
"GO:0010035",1803,43,3684,0,1803,306605,1881,513549,4.95752092416821e-46,8.75013558633457e-45,1.30735126179568,44.0579852173845
"GO:0022625",1037,29,1944,0,1037,307371,907,514523,6.05831492866047e-46,1.06691398475202e-44,1.42494690041293,43.9718705922469
"GO:0031982",1857,56,3810,0,1857,306551,1953,513477,6.41363748732109e-46,1.12696772991499e-44,1.30197640327967,43.9480885195533
"GO:0050793",1912,55,3938,0,1912,306496,2026,513404,6.59744316294716e-46,1.15668313092918e-44,1.2969653135309,43.9367855981241
"GO:0006260",1570,37,3148,0,1570,306838,1578,513852,7.88867752052877e-46,1.37999265425783e-44,1.3322358429997,43.8601232253551
"GO:0030599",953,9,1761,0,953,307455,808,514622,1.04891991966023e-45,1.83084204158877e-44,1.44560529352395,43.7373491234348
"GO:0042493",1596,31,3209,0,1596,306812,1613,513817,1.14291371234061e-45,1.99049042998789e-44,1.3285544398985,43.7010399061047
"GO:0032040",707,6,1234,0,707,307701,527,514903,2.8118284062727e-45,4.88625015765533e-44,1.53045455856388,43.3110243025471
"GO:0035556",1374,34,2706,0,1374,307034,1332,514098,3.07340109498612e-45,5.32903379289223e-44,1.35636047471541,43.2733515257677
"GO:0006606",665,3,1146,0,665,307743,481,514949,3.32051315296309e-45,5.74485264618142e-44,1.55007678797059,43.2407211063614
"GO:0048367",1816,44,3726,0,1816,306592,1910,513520,5.40204400714832e-45,9.32563386497184e-44,1.30193462973454,43.0303216394438
"GO:0005216",508,6,823,0,508,307900,315,515115,6.05852408262233e-45,1.04360397326921e-43,1.64884587562331,42.9814642760977
"GO:0008422",760,28,1350,0,760,307648,590,514840,1.08149757682364e-44,1.85885347702089e-43,1.50382052826607,42.7307548418737
"GO:0016114",971,7,1808,0,971,307437,837,514593,1.12751606600708e-44,1.9337269001324e-43,1.43462035651314,42.713604861246
"GO:0005618",1139,27,2183,0,1139,307269,1044,514386,1.76735379850028e-44,3.02448023952049e-43,1.39375415006408,42.5193492486158
"GO:0004364",711,21,1248,0,711,307697,537,514893,2.21689381512672e-44,3.78555056674133e-43,1.52184772905721,42.4218709482091
"GO:0016592",656,13,1132,0,656,307752,476,514954,2.24201435055041e-44,3.820159516782e-43,1.54800941490658,42.417918502059
"GO:0008234",1516,39,3048,0,1516,306892,1532,513898,1.56738347376833e-43,2.66489043315428e-42,1.32861889295368,41.5743206422677
"GO:0009893",1624,56,3297,0,1624,306784,1673,513757,1.78349898753049e-43,3.0257982822931e-42,1.31577994595187,41.5191600280006
"GO:0006970",1328,28,2623,0,1328,307080,1295,514135,5.52320935882817e-43,9.35025894036459e-42,1.35243365525383,41.0291763618746
"GO:0000145",593,8,1008,0,593,307815,415,515015,5.92796643821663e-43,1.00139381548587e-41,1.57148538521225,40.9993950950907
"GO:0009314",1933,41,4024,0,1933,306475,2091,513339,7.61396073692033e-43,1.28344965569672e-41,1.28318734289549,40.8916211621947
"GO:0008509",741,18,1322,0,741,307667,581,514849,9.23295331480275e-43,1.55303009602836e-41,1.49727970524222,40.8088201280368
"GO:0000785",1411,37,2823,0,1411,306997,1412,514018,5.71576327967331e-42,9.59370757731094e-41,1.33515695008465,40.0180135232576
"GO:0048046",811,18,1480,0,811,307597,669,514761,1.0022191633925e-41,1.67861047962251e-40,1.46377836537349,39.7750500698992
"GO:0016125",602,7,1034,0,602,307806,432,514998,1.18994123383981e-41,1.98879350165328e-40,1.55522109248935,39.7014103077495
"GO:0005802",1146,21,2224,0,1146,307262,1078,514352,1.56097977015523e-41,2.60339676920805e-40,1.37646768463676,39.5844596384424
"GO:0043169",951,23,1790,0,951,307457,839,514591,2.45049173832261e-41,4.07828138775382e-40,1.41920022435636,39.3895228126597
"GO:0045892",1078,15,2073,0,1078,307330,995,514435,2.60772254196222e-41,4.33079996842333e-40,1.38910682127708,39.3634318750594
"GO:0051239",1595,44,3254,0,1595,306813,1659,513771,2.77417142255969e-41,4.59753209229261e-40,1.30936076751242,39.3374752305604
"GO:0033036",1815,67,3768,0,1815,306593,1953,513477,3.14272420447172e-41,5.19737918857173e-40,1.28671368636996,39.2842155969164
"GO:0004650",777,15,1411,0,777,307631,634,514796,4.73442271556007e-41,7.81328629284881e-40,1.47099159155945,39.1071662620687
"GO:0005773",1849,66,3850,0,1849,306559,2001,513429,5.5875634470223e-41,9.20194549266936e-40,1.28289870527387,39.0361203435884
"GO:1901701",1606,33,3284,0,1606,306802,1678,513752,6.50050896062671e-41,1.0683091135293e-39,1.30634707646871,38.9713030667118
"GO:0034599",498,7,824,0,498,307910,326,515104,1.07908226957636e-40,1.76969492210523e-39,1.61442664338477,38.7521015952573
"GO:0009723",893,8,1669,0,893,307515,776,514654,1.95598524241024e-40,3.20114674184063e-39,1.42926022346438,38.4946944171677
"GO:0023052",2470,83,5332,0,2470,305938,2862,512568,2.97497368032767e-40,4.85871220156419e-39,1.23743671563529,38.313478824949
"GO:0016021",1104,27,2142,0,1104,307304,1038,514392,3.93896571434298e-40,6.41978014561241e-39,1.37678394228694,38.192479844701
"GO:0034220",1074,32,2075,0,1074,307334,1001,514429,4.73060505690998e-40,7.69407500165193e-39,1.38261850598159,38.1138435845168
"GO:0005546",514,6,860,0,514,307894,346,515084,4.91125708431762e-40,7.97142593149449e-39,1.5965438564318,38.098463984904
"GO:0006906",488,14,807,0,488,307920,319,515111,5.31071862322607e-40,8.60205288107729e-39,1.61533451382914,38.0653978919506
"GO:0030145",570,4,977,0,570,307838,407,515023,8.02013089791395e-40,1.29639569668129e-38,1.55846293231258,37.8872624192556
"GO:0048827",1240,31,2454,0,1240,307168,1214,514216,9.11412724360509e-40,1.47021331273892e-38,1.34978100433095,37.8326196490447
"GO:0010604",1513,53,3083,0,1513,306895,1570,513860,1.3244646807706e-39,2.13214436953501e-38,1.31093629752713,37.671183392155
"GO:0080043",904,13,1701,0,904,307504,797,514633,1.62761138488848e-39,2.60948204110837e-38,1.41964678106989,37.5834456876855
"GO:0080044",904,13,1701,0,904,307504,797,514633,1.62761138488848e-39,2.60948204110837e-38,1.41964678106989,37.5834456876855
"GO:0061659",934,25,1767,0,934,307474,833,514597,1.64303441280353e-39,2.62885506048565e-38,1.41197338939824,37.5802333576618
"GO:0016762",434,7,700,0,434,307974,266,515164,1.99593721851453e-39,3.18702186291001e-38,1.65618129231408,37.4966149572641
"GO:0003779",623,6,1092,0,623,307785,469,514961,3.16754605452397e-39,5.04755517028597e-38,1.52398816186883,37.296918925476
"GO:0006890",922,10,1743,0,922,307486,821,514609,3.58553234671639e-39,5.70208295623261e-38,1.41302458822718,37.243966468687
"GO:0006813",583,12,1008,0,583,307825,425,515005,3.68891835147975e-39,5.85467041589689e-38,1.54498478849704,37.2324975481725
"GO:0048366",950,18,1809,0,950,307458,859,514571,9.59209693848846e-39,1.51929551508614e-37,1.40281765696462,36.8183577441828
"GO:0048523",1696,42,3520,0,1696,306712,1824,513606,1.1827244174117e-38,1.86955956101706e-37,1.28706170810332,36.728260694399
"GO:0009526",1106,33,2162,0,1106,307302,1056,514374,1.83660626787459e-38,2.89734760334846e-37,1.36651883657558,36.5379993980789
"GO:0050661",629,6,1110,0,629,307779,481,514949,2.12180423952936e-38,3.34056859471502e-37,1.51371408437308,36.4761796060835
"GO:0098662",836,17,1560,0,836,307572,724,514706,2.41535849684415e-38,3.79515011719703e-37,1.43152146440712,36.4207710409066
"GO:0032989",1026,19,1983,0,1026,307382,957,514473,2.6791312764052e-38,4.20121940395652e-37,1.38210434330051,36.3766246373291
"GO:0009579",778,25,1434,0,778,307630,656,514774,3.95005952790596e-38,6.18188242617807e-37,1.44926108496463,36.2088792590831
"GO:0015171",601,10,1054,0,601,307807,453,514977,5.97971744334476e-38,9.33974914960514e-37,1.52317585340142,36.0296647880531
"GO:0015849",559,13,966,0,559,307849,407,515023,1.07380596684194e-37,1.67055347252564e-36,1.54579132839706,35.7771396185286
"GO:0046942",559,13,966,0,559,307849,407,515023,1.07380596684194e-37,1.67055347252564e-36,1.54579132839706,35.7771396185286
"GO:0031625",686,16,1238,0,686,307722,552,514878,1.38962172864291e-37,2.15761385559704e-36,1.4801974653805,35.6660262776276
"GO:0003680",624,7,1107,0,624,307784,483,514947,3.16465879009703e-37,4.90397519599288e-36,1.50575097823817,35.3094517351191
"GO:0044042",563,11,978,0,563,307845,415,515015,3.3727252684484e-37,5.21612835230369e-36,1.53774996301343,35.2826517305408
"GO:0033554",1860,51,3924,0,1860,306548,2064,513366,3.43708174994148e-37,5.30523677167438e-36,1.26619364855816,35.2752952288527
"GO:0009505",702,16,1275,0,702,307706,573,514857,3.6065968454827e-37,5.55599420110368e-36,1.47076441139087,35.2552382162156
"GO:0005874",874,16,1653,0,874,307534,779,514651,4.24917311944093e-37,6.53310367114044e-36,1.41239042355298,35.1848804501146
"GO:0005342",547,11,946,0,547,307861,399,515031,6.71290245214393e-37,1.02410790897824e-35,1.54458699941315,34.989654279879
"GO:0046943",547,11,946,0,547,307861,399,515031,6.71290245214393e-37,1.02410790897824e-35,1.54458699941315,34.989654279879
"GO:1903825",547,11,946,0,547,307861,399,515031,6.71290245214393e-37,1.02410790897824e-35,1.54458699941315,34.989654279879
"GO:1905039",547,11,946,0,547,307861,399,515031,6.71290245214393e-37,1.02410790897824e-35,1.54458699941315,34.989654279879
"GO:0031410",1653,51,3441,0,1653,306755,1788,513642,6.90235450366407e-37,1.05097359096409e-35,1.28322959201431,34.9784081968573
"GO:0009738",505,11,861,0,505,307903,356,515074,2.12837673908932e-36,3.23447522975118e-35,1.56676698628491,34.4901961704235
"GO:0097708",1640,51,3417,0,1640,306768,1777,513653,2.40365972480188e-36,3.64578214906367e-35,1.28207979051379,34.4382092858418
"GO:0008643",496,3,843,0,496,307912,347,515083,3.44193427643459e-36,5.21055896617175e-35,1.57170229401099,34.2831156849725
"GO:0010628",1119,34,2214,0,1119,307289,1095,514335,4.34485889406723e-36,6.56482326566166e-35,1.35010844923759,34.1827769612396
"GO:0005516",775,20,1443,0,775,307633,668,514762,5.00019158428325e-36,7.54051880296509e-35,1.43466847913555,34.1225987727624
"GO:0006888",1248,27,2513,0,1248,307160,1265,514165,1.05953201292828e-35,1.59476787873258e-34,1.32659477350549,33.797302520332
"GO:0008610",967,16,1873,0,967,307441,906,514524,1.08490024428379e-35,1.62983487080191e-34,1.37912897169257,33.7878563945729
"GO:0006631",744,12,1378,0,744,307664,634,514796,1.21513113721398e-35,1.82200234517113e-34,1.44224785978004,33.7394510683651
"GO:0016413",668,4,1213,0,668,307740,545,514885,1.81188120874387e-35,2.71162145916953e-34,1.47106494596948,33.566770937839
"GO:0006885",502,6,860,0,502,307906,358,515072,1.94128439427009e-35,2.89977054111843e-34,1.55927045900538,33.5376363664696
"GO:2000026",1359,37,2773,0,1359,307049,1414,514016,2.04069449129794e-35,3.0424899688442e-34,1.30913903438388,33.5167708449739
"GO:0004386",1246,25,2514,0,1246,307162,1268,514162,3.19305145928749e-35,4.75155030009662e-34,1.32394198310323,33.3231646689166
"GO:0005543",586,6,1039,0,586,307822,453,514977,3.45390276185771e-35,5.13002312100828e-34,1.50660100794196,33.289880677519
"GO:0006749",608,15,1089,0,608,307800,481,514949,8.98818938054511e-35,1.33248638048307e-33,1.49139225943742,32.8753372212592
"GO:0007010",749,17,1395,0,749,307659,646,514784,9.24531572729659e-35,1.36802867303156e-33,1.43424648854578,32.8639047999778
"GO:0010243",658,10,1197,0,658,307750,539,514891,9.52464968600242e-35,1.40671749208651e-33,1.46841201167255,32.8517931121936
"GO:0008237",472,5,801,0,472,307936,329,515101,9.78967049019552e-35,1.44315142507152e-33,1.57407589298104,32.8406880974424
"GO:0015075",995,28,1946,0,995,307413,951,514479,1.2294970253954e-34,1.80908422129208e-33,1.36582931559569,32.7425412142397
"GO:0000118",650,18,1180,0,650,307758,530,514900,1.36191277275225e-34,2.00018234087793e-33,1.47145686167872,32.6989304113223
"GO:0009736",635,9,1149,0,635,307773,514,514916,1.75908621015041e-34,2.57868280191881e-33,1.4762838942972,32.5886020761826
"GO:0000413",450,8,757,0,450,307958,307,515123,1.99706259060268e-34,2.92209604335025e-33,1.58793535931592,32.5343055137913
"GO:0004812",758,12,1418,0,758,307650,660,514770,2.35129256455961e-34,3.43402134846258e-33,1.42793737155247,32.4641970092652
"GO:0006338",685,15,1260,0,685,307723,575,514855,3.84960070762331e-34,5.61186236489087e-33,1.45223269999378,32.2508929889091
"GO:0009755",1384,32,2845,0,1384,307024,1461,513969,3.87666977251456e-34,5.64087697767738e-33,1.299481211272,32.2486533717333
"GO:0005507",823,12,1566,0,823,307585,743,514687,6.07721998200605e-34,8.8265453317992e-33,1.40386149587452,32.0542092439776
"GO:0030163",1805,62,3838,0,1805,306603,2033,513397,6.33387340620927e-34,9.18236675021719e-33,1.25628571358861,32.0370453651951
"GO:0048580",964,30,1883,0,964,307444,919,514511,6.42665494542508e-34,9.2997477445563e-33,1.3675490087804,32.0315288315141
"GO:0016773",1184,61,2385,0,1184,307224,1201,514229,6.51714698791352e-34,9.41339102547802e-33,1.32610986007971,32.0262539006575
"GO:0006096",619,8,1118,0,619,307789,499,514931,6.71096410142297e-34,9.67558780337026e-33,1.4789892953177,32.0143226416056
"GO:0014070",1031,20,2035,0,1031,307377,1004,514426,6.78204310988417e-34,9.76019074241466e-33,1.35335096486947,32.0105416948775
"GO:0032879",1147,38,2302,0,1147,307261,1155,514275,1.07636432850898e-33,1.54619342956619e-32,1.33098844082582,31.8107361765636
"GO:0045087",1551,45,3242,0,1551,306857,1691,513739,1.3040078492002e-33,1.86979048978214e-32,1.27795326679028,31.728207053479
"GO:0005643",389,4,637,0,389,308019,248,515182,2.23256760202477e-33,3.19541312057073e-32,1.63127189626317,31.4954729858981
"GO:0010411",463,8,790,0,463,307945,327,515103,2.34076952733241e-33,3.34419922307818e-32,1.56556132776933,31.4757078583543
"GO:0071229",1308,25,2678,0,1308,307100,1370,514060,2.39367935398626e-33,3.41359490481519e-32,1.3047080936344,31.466788018383
"GO:0031490",648,15,1185,0,648,307760,537,514893,2.71623842350122e-33,3.86658749905997e-32,1.46073972698996,31.4126721574945
"GO:0043022",467,6,799,0,467,307941,332,515098,3.43285387775486e-33,4.87787467972677e-32,1.56129973658742,31.3117693615873
"GO:0006865",558,10,992,0,558,307850,434,514996,3.58614428902172e-33,5.0865095212935e-32,1.50258383375269,31.2935801382219
"GO:0003714",766,18,1446,0,766,307642,680,514750,4.17929749553064e-33,5.91716364834842e-32,1.41506588800315,31.2278864194687
"GO:0004857",1023,14,2024,0,1023,307385,1001,514429,4.29779440910332e-33,6.07401033904154e-32,1.35014779264735,31.216524473171
"GO:0009653",2644,48,5868,0,2644,305764,3224,512206,5.53373565686609e-33,7.80673245355732e-32,1.2036148319146,31.107530704193
"GO:0048037",536,10,947,0,536,307872,411,515019,6.97394768432587e-33,9.82091523631722e-32,1.51192760275291,31.0078480373087
"GO:0051641",1769,81,3767,0,1769,306639,1998,513432,7.90866254378253e-33,1.11173199186886e-31,1.25443567915925,30.9539998966398
"GO:0015629",513,10,898,0,513,307895,385,515045,8.27779148860829e-33,1.16154678428386e-31,1.52600941690696,30.9349632931843
"GO:0050801",545,9,966,0,545,307863,421,515009,8.33120647400316e-33,1.16696187479276e-31,1.50707741319571,30.932943332333
"GO:1901565",1848,64,3956,0,1848,306560,2108,513322,8.78204221498999e-33,1.22792604469629e-31,1.24784852253678,30.9108277890153
"GO:0010228",705,13,1314,0,705,307703,609,514821,9.25959593786479e-33,1.29240317771049e-31,1.43321035385848,30.8886019828268
"GO:0071949",370,6,602,0,370,308038,232,515198,9.95359391476106e-33,1.38680869552211e-31,1.6418044104496,30.8579834439082
"GO:1901575",2271,81,4975,0,2271,306137,2704,512726,2.00675150865493e-32,2.79101552581831e-31,1.21938327600754,30.554237747618
"GO:0044255",1130,20,2277,0,1130,307278,1147,514283,2.54514647147109e-32,3.53357901647626e-31,1.32565830841012,30.4517851927217
"GO:0009658",555,5,991,0,555,307853,436,514994,2.55400428195776e-32,3.53963410344569e-31,1.49601350417355,30.4510416292362
"GO:1901264",429,5,725,0,429,307979,296,515134,2.67495977691459e-32,3.70075278802666e-31,1.58064910879364,30.4317099250053
"GO:0000272",483,13,839,0,483,307925,356,515074,3.79158773472586e-32,5.23638221890561e-31,1.5378053062165,30.2809686605355
"GO:0071495",1557,36,3277,0,1557,306851,1720,513710,5.0592613147562e-32,6.97486953936267e-31,1.26919501123816,30.1564639111891
"GO:0009909",714,22,1340,0,714,307694,626,514804,5.57742121252872e-32,7.67577968269686e-31,1.42334309426126,30.1148774992782
"GO:0050832",951,25,1871,0,951,307457,920,514510,5.6488882471886e-32,7.76056689037848e-31,1.35775970154884,30.1101065534363
"GO:0009873",780,10,1487,0,780,307628,707,514723,6.39398405353723e-32,8.76889241627963e-31,1.40119900210966,30.057055258159
"GO:0004864",374,11,614,0,374,308034,240,515190,7.33825618487702e-32,1.00463917717134e-30,1.62711937408181,29.9979898899854
"GO:0010333",568,4,1022,0,568,307840,454,514976,7.37870429782219e-32,1.00842292070237e-30,1.48461425104854,29.9963572916931
"GO:0016679",446,5,763,0,446,307962,317,515113,7.42269297035362e-32,1.01267658687389e-30,1.56144433342933,29.9945292308116
"GO:0019866",688,17,1285,0,688,307720,597,514833,1.2206080601104e-31,1.66239215383894e-30,1.43021555053607,29.7792665195658
"GO:0043130",558,6,1002,0,558,307850,444,514986,1.27856470333267e-31,1.73831802152587e-30,1.48758798710845,29.7598707673815
"GO:0051540",353,5,573,0,353,308055,220,515210,1.47010718968799e-31,1.99529030986619e-30,1.64564543204095,29.6999939065936
"GO:0031325",1382,52,2873,0,1382,307026,1491,513939,2.23505657962838e-31,3.02829008516947e-30,1.28495702254475,29.5188025253562
"GO:0019953",1236,19,2534,0,1236,307172,1298,514132,3.02655860887346e-31,4.09365453076493e-30,1.30295088556929,29.3878888108462
"GO:0044703",1253,19,2577,0,1253,307155,1324,514106,5.93995592732978e-31,8.02046879244255e-30,1.29883157414194,29.0958002466758
"GO:0019722",429,8,733,0,429,307979,304,515126,6.91097721540523e-31,9.31561860268322e-30,1.56339782247665,29.0307883005303
"GO:0009056",2381,86,5268,0,2381,306027,2887,512543,8.80170531818056e-31,1.18439357717466e-29,1.20734062538266,28.9265039564036
"GO:0051085",395,7,663,0,395,308013,268,515162,1.01800479656905e-30,1.36753135812143e-29,1.59147474934088,28.8640627063086
"GO:0009409",655,18,1220,0,655,307753,565,514865,1.24305935458851e-30,1.66701247688598e-29,1.43416016190603,28.7780611496486
"GO:0044248",2210,78,4858,0,2210,306198,2648,512782,1.27449330138056e-30,1.70626041980744e-29,1.21520891911384,28.7679546834534
"GO:0009892",1397,35,2919,0,1397,307011,1522,513908,1.63924549877634e-30,2.19085578376356e-29,1.27843454196796,28.659386209558
"GO:0005741",541,6,973,0,541,307867,432,514998,1.87401050627634e-30,2.50037469583176e-29,1.48525358741159,28.6019949048725
"GO:1990961",427,2,732,0,427,307981,305,515125,2.54296018964905e-30,3.3871713389031e-29,1.55823508685464,28.470162834162
"GO:0080188",491,9,868,0,491,307917,377,515053,3.72365463569167e-30,4.95145427232514e-29,1.51104692754239,28.3052672273923
"GO:0007015",450,8,781,0,450,307958,331,515099,3.75167441780137e-30,4.9803003401235e-29,1.53913837004117,28.3027444660505
"GO:0006261",628,11,1165,0,628,307780,537,514893,3.95649655138373e-30,5.2433570458742e-29,1.43995826051951,28.28039056804
"GO:0015748",374,7,623,0,374,308034,249,515181,4.66765626878558e-30,6.1754269156101e-29,1.60361363673553,28.2093330136659
"GO:0031267",435,11,750,0,435,307973,315,515115,5.09549920339264e-30,6.73016270622599e-29,1.54933088635833,28.1719744362869
"GO:0042886",1387,50,2902,0,1387,307021,1515,513915,5.31789787640216e-30,7.01214272747702e-29,1.27671875482961,28.1541492527145
"GO:0015934",440,8,761,0,440,307968,321,515109,5.77331008651642e-30,7.59991588646442e-29,1.54448681407781,28.1191912143306
"GO:0042592",1104,19,2243,0,1104,307304,1139,514291,5.90501084687024e-30,7.76030807789024e-29,1.31478876699894,28.1101210372635
"GO:0010150",558,10,1013,0,558,307850,455,514975,6.19796728028187e-30,8.13173307172982e-29,1.47143451439553,28.0898168857371
"GO:0009753",962,20,1917,0,962,307446,955,514475,6.88181752600984e-30,9.01392139180524e-29,1.34050717957001,28.045086233624
"GO:0000902",879,17,1728,0,879,307529,849,514581,7.96248299542641e-30,1.04120707873749e-28,1.35881809657265,27.9824628879637
"GO:0006839",398,8,674,0,398,308010,276,515154,8.49873815442284e-30,1.10948701080625e-28,1.57739100780368,27.9548777778558
"GO:0006891",874,12,1718,0,874,307534,844,514586,9.90863251629556e-30,1.29140323126289e-28,1.35895306759783,27.8889381312662
"GO:0120009",253,3,383,0,253,308155,130,515300,1.05011349388686e-29,1.36636254940122e-28,1.76456610357728,27.8644340500591
"GO:0023056",556,8,1011,0,556,307852,455,514975,1.19197995467534e-29,1.548393762905e-28,1.46906097209187,27.810118586734
"GO:0003713",733,18,1401,0,733,307675,668,514762,1.23606300449149e-29,1.60301284536359e-28,1.39759720852181,27.795062997516
"GO:0016682",432,5,746,0,432,307976,314,515116,1.35998653194171e-29,1.76082466767189e-28,1.54689595753628,27.7542838863118
"GO:0004519",1176,34,2414,0,1176,307232,1238,514192,1.38179822861274e-29,1.78612736545804e-28,1.30132640227795,27.7480875756023
"GO:0018105",434,10,751,0,434,307974,317,515113,1.47692371344995e-29,1.90595794627508e-28,1.54371092492657,27.7198866860178
"GO:0030488",309,2,494,0,309,308099,185,515245,1.72285692801718e-29,2.21969390136681e-28,1.67088944536062,27.6537069111858
"GO:0010647",556,9,1012,0,556,307852,456,514974,1.83534330861334e-29,2.36075531460854e-28,1.4676093308151,27.6269490239429
"GO:0015833",1374,50,2880,0,1374,307034,1506,513924,2.40178391001787e-29,3.08431369325623e-28,1.27441369603469,27.5108414580134
"GO:0098827",1012,24,2037,0,1012,307396,1025,514405,2.45864101901692e-29,3.15218601004905e-28,1.32710617117349,27.5013881627706
"GO:0042175",1013,24,2039,0,1013,307395,1026,514404,2.59946479933978e-29,3.32731494315492e-28,1.32711453203987,27.4779060895427
"GO:0046907",1501,67,3181,0,1501,306907,1680,513750,2.82069317882177e-29,3.60462608826055e-28,1.26047201618655,27.4431397784417
"GO:0004222",732,7,1403,0,732,307676,671,514759,3.6282829564035e-29,4.62914804421529e-28,1.39370094724887,27.3344989298766
"GO:0006418",678,11,1283,0,678,307730,605,514825,3.84431252738774e-29,4.89683304459487e-28,1.41162461492589,27.3100847028119
"GO:0010224",305,3,488,0,305,308103,183,515247,4.36306824404495e-29,5.54863864573858e-28,1.66953759305855,27.255813557628
"GO:0043085",489,9,871,0,489,307919,382,515048,5.5561634802074e-29,7.05453530906334e-28,1.49970862549828,27.1515315884803
"GO:0004713",273,4,425,0,273,308135,152,515278,6.06109129690377e-29,7.67088596289815e-28,1.71589181328935,27.1151544735247
"GO:0043632",1463,43,3095,0,1463,306945,1632,513798,6.05693496652759e-29,7.67088596289815e-28,1.26269906230418,27.1151544735247
"GO:0045454",487,3,867,0,487,307921,380,515050,6.17158864043232e-29,7.79819354373727e-28,1.5004656199668,27.1080059902388
"GO:0071805",543,2,989,0,543,307865,446,514984,8.81587953591735e-29,1.11215711068496e-27,1.46662715960492,26.953833857103
"GO:0007031",372,7,626,0,372,308036,254,515176,1.25928564092999e-28,1.58609545046414e-27,1.5873942098857,26.7996706805982
"GO:0042579",456,9,803,0,456,307952,347,515083,1.37669122322324e-28,1.73120020913951e-27,1.51692979812642,26.7616527041081
"GO:0015267",605,5,1126,0,605,307803,521,514909,1.67853293031003e-28,2.10740210963327e-27,1.43526855246951,26.6762525895305
"GO:0009414",899,19,1787,0,899,307509,888,514542,1.70077318814285e-28,2.13192460781218e-27,1.34385163618098,26.6712281575207
"GO:0051173",1294,49,2703,0,1294,307114,1409,514021,1.76669634888735e-28,2.21103873743104e-27,1.27880526550811,26.655403648509
"GO:0019725",654,9,1235,0,654,307754,581,514849,1.80699125870534e-28,2.25787860135372e-27,1.41457824888782,26.6462994123577
"GO:0019941",1445,43,3059,0,1445,306963,1614,513816,1.93815002576707e-28,2.41792662485552e-27,1.26184076990891,26.6165568825091
"GO:0030570",399,7,684,0,399,308009,285,515145,2.4033770457689e-28,2.99357343422355e-27,1.55823508685464,26.5238100838731
"GO:0010038",941,22,1885,0,941,307467,944,514486,3.04885940466942e-28,3.79156733547514e-27,1.33350440324082,26.4211812268552
"GO:0046856",312,0,506,0,312,308096,194,515236,4.50928597784235e-28,5.5989115485134e-27,1.64710111947594,26.2518963934259
"GO:0000724",876,16,1739,0,876,307532,863,514567,4.9808693082743e-28,6.17470916452524e-27,1.3456146580971,26.209383493326
"GO:0000226",671,13,1276,0,671,307737,605,514825,5.1195239196428e-28,6.33661828544468e-27,1.40471438864236,26.1981424537582
"GO:0048316",1389,37,2933,0,1389,307019,1544,513886,5.37468525334146e-28,6.64199722359559e-27,1.26504614620297,26.1777013102759
"GO:0009534",640,23,1208,0,640,307768,568,514862,6.46521513296387e-28,7.97714318600182e-27,1.41523716497678,26.0981526124953
"GO:0008324",704,19,1351,0,704,307704,647,514783,7.18319923388561e-28,8.84916187310602e-27,1.39198160238427,26.0530978605024
"GO:0003993",399,7,687,0,399,308009,288,515142,8.01626306501561e-28,9.8600035699692e-27,1.55143056682471,26.0061229278156
"GO:0046777",543,11,996,0,543,307865,453,514977,8.99122725946078e-28,1.1041956472149e-26,1.45631953900529,25.9569539691994
"GO:0009856",407,5,704,0,407,308001,297,515133,9.76961443938468e-28,1.19791907892268e-26,1.54432227357915,25.921572518144
"GO:0009826",553,7,1018,0,553,307855,465,514965,1.1372104910792e-27,1.39224276606151e-26,1.45108729109843,25.8562850299781
"GO:0015979",768,21,1497,0,768,307640,729,514701,1.17148945961778e-27,1.43198214691167e-26,1.37042604833022,25.8440623965156
"GO:0019888",269,5,422,0,269,308139,153,515277,1.28451489399169e-27,1.56770561945776e-26,1.7027700949109,25.8047354849219
"GO:0006397",830,18,1638,0,830,307578,808,514622,1.47940771009357e-27,1.80277050988492e-26,1.3535689399156,25.7440595548273
"GO:0000155",228,2,343,0,228,308180,115,515315,1.55736719390119e-27,1.89483687023032e-26,1.77564814562028,25.7224281732465
"GO:0005681",606,19,1137,0,606,307802,531,514899,1.87996822458117e-27,2.28381325060231e-26,1.42373232210164,25.6413394116122
"GO:0044257",1659,58,3584,0,1659,306749,1925,513505,2.25392320541045e-27,2.73388035022975e-26,1.23650127985899,25.563220496488
"GO:0044706",409,5,711,0,409,307999,302,515128,2.85394868830879e-27,3.45635139605643e-26,1.53663206877287,25.4613821106346
"GO:0010498",1352,40,2855,0,1352,307056,1503,513927,3.16894786976647e-27,3.83194433652868e-26,1.26498904423967,25.4165808081827
"GO:0010427",324,8,535,0,324,308084,211,515219,3.50890021872932e-27,4.2365126567235e-26,1.6177351182085,25.3729914917858
"GO:1901568",398,7,689,0,398,308010,291,515139,3.81845796999779e-27,4.60320078710913e-26,1.54305012954961,25.336940081193
"GO:0038023",552,23,1020,0,552,307856,468,514962,3.86271364847317e-27,4.64943147412551e-26,1.44562313940128,25.3326001487757
"GO:0034613",1393,52,2955,0,1393,307015,1562,513868,4.5881047645431e-27,5.51413140556996e-26,1.25924378592517,25.2585228885687
"GO:0070727",1431,55,3045,0,1431,306977,1614,513816,5.05998083958631e-27,6.07197700750358e-26,1.25536068081013,25.2166698816339
"GO:0002376",1615,55,3484,0,1615,306793,1869,513561,5.07119228712739e-27,6.07616829288688e-26,1.23825635489761,25.2163702058988
"GO:0015743",268,3,423,0,268,308140,155,515275,5.12066517347334e-27,6.12612100996689e-26,1.69242959788063,25.2128144287763
"GO:0080167",381,6,654,0,381,308027,273,515157,5.50949004655618e-27,6.58129068990747e-26,1.55619283903439,25.1816889263654
"GO:0005778",345,5,580,0,345,308063,235,515195,6.67987915492023e-27,7.96727404659576e-26,1.5889392264971,25.0986902443535
"GO:0090693",525,10,963,0,525,307883,438,514992,6.76113967765057e-27,8.05199569477539e-26,1.45629447369593,25.094096465991
"GO:0048364",1192,30,2483,0,1192,307216,1291,514139,6.84666535490448e-27,8.14153318335469e-26,1.28237700261025,25.0892938026819
"GO:0032446",2010,63,4437,0,2010,306398,2427,513003,7.88035119387458e-27,9.35657987906194e-26,1.21010432708503,25.0288828703951
"GO:0009617",1223,31,2557,0,1223,307185,1334,514096,8.02332078997907e-27,9.51198512932459e-26,1.27765004383925,25.0217288373483
"GO:0045184",1347,52,2849,0,1347,307061,1502,513928,8.13584479463451e-27,9.63088274035531e-26,1.26296504758153,25.0163339048074
"GO:0031966",582,13,1089,0,582,307826,507,514923,8.57766084579117e-27,1.01386405672775e-25,1.42761561676411,24.9940202731792
"GO:0019905",275,5,438,0,275,308133,163,515267,8.59782472629788e-27,1.01472378179036e-25,1.67716105238758,24.9936521610709
"GO:0015276",232,1,354,0,232,308176,122,515308,1.21472499334407e-26,1.43148430353361e-25,1.75065636876648,24.8442134097284
"GO:0008374",497,8,904,0,497,307911,407,515023,1.36491756586728e-26,1.60607340485907e-25,1.46860209513292,24.7942346093707
"GO:0051649",1487,69,3185,0,1487,306921,1698,513732,1.40696353357498e-26,1.65307715467198e-25,1.24714720295287,24.781706875971
"GO:0016049",618,9,1170,0,618,307790,552,514878,1.41744104039322e-26,1.66290549478025e-25,1.41097330941563,24.7791324316354
"GO:0016620",448,8,799,0,448,307960,351,515079,1.52671496769673e-26,1.7884375335876e-25,1.49777790576266,24.7475262242553
"GO:0000176",244,8,378,0,244,308164,134,515296,1.79642849757113e-26,2.10126079240415e-25,1.72430549293666,24.6775200429423
"GO:0016018",200,1,293,0,200,308208,93,515337,1.9591615183892e-26,2.28820763690798e-25,1.82338576716292,24.6405045692707
"GO:0000045",337,6,566,0,337,308071,229,515201,2.58085972035166e-26,3.00985595831233e-25,1.59048528299853,24.5214542877972
"GO:0006000",239,4,369,0,239,308169,130,515300,2.64926381092519e-26,3.08505986976377e-25,1.73016578749482,24.5107364034765
"GO:0009860",387,2,671,0,387,308021,284,515146,2.77432624821115e-26,3.22592263307506e-25,1.54065227663465,24.4913460524559
"GO:0048609",1218,26,2553,0,1218,307190,1335,514095,3.4514255636112e-26,4.00731888447601e-25,1.27442023554739,24.3971460969838
"GO:0032870",1406,33,2998,0,1406,307002,1592,513838,3.64178670227061e-26,4.22211265394319e-25,1.25276576695947,24.3744701830764
"GO:0046677",1011,16,2070,0,1011,307397,1059,514371,3.9296401267818e-26,4.54913633500388e-25,1.30465894228575,24.3420710474188
"GO:0009057",1875,71,4123,0,1875,306533,2248,513182,3.98971789885056e-26,4.61190298087395e-25,1.21479815163125,24.3361198373952
"GO:0010200",380,5,657,0,380,308028,277,515153,4.48003550745494e-26,5.17109083793039e-25,1.54502109068432,24.28641783313
"GO:0015079",387,2,672,0,387,308021,285,515145,4.56834671847644e-26,5.26530386059247e-25,1.53835963931823,24.2785765606284
"GO:0004439",237,1,366,0,237,308171,129,515301,5.09599878960369e-26,5.85630693018398e-25,1.72975042428361,24.232376169895
"GO:0051537",237,2,366,0,237,308171,129,515301,5.09599878960369e-26,5.85630693018398e-25,1.72975042428361,24.232376169895
"GO:1902680",892,32,1796,0,892,307516,904,514526,5.12382507161425e-26,5.87114278948288e-25,1.32670604276902,24.2312773572087
"GO:1903508",892,32,1796,0,892,307516,904,514526,5.12382507161425e-26,5.87114278948288e-25,1.32670604276902,24.2312773572087
"GO:0016538",322,2,537,0,322,308086,215,515215,5.67052306929485e-26,6.48813337230945e-25,1.60176120659919,24.1878802311978
"GO:1901505",284,4,460,0,284,308124,176,515254,6.13202626917183e-26,7.00599576065612e-25,1.64921278757783,24.1545301298108
"GO:0030126",764,10,1504,0,764,307644,740,514690,6.99157620464159e-26,7.97647650477371e-25,1.35694332031567,24.0981889097099
"GO:0000307",289,5,470,0,289,308119,181,515249,7.1743445458708e-26,8.17314620334224e-25,1.64254081495802,24.0876107322403
"GO:0009891",989,34,2022,0,989,307419,1033,514397,7.4099076256013e-26,8.4293053220713e-25,1.30656591852416,24.0742082150814
"GO:0042054",529,11,980,0,529,307879,451,514979,8.47561585933253e-26,9.62771256055782e-25,1.44193532527016,24.0164768842494
"GO:0003746",719,13,1404,0,719,307689,685,514745,1.12481254295905e-25,1.27586806025557e-24,1.367974392489,23.8941942344437
"GO:0016702",557,5,1042,0,557,307851,485,514945,1.151251888824e-25,1.30397911781619e-24,1.42791929264278,23.8847293634276
"GO:0044432",1098,34,2278,0,1098,307310,1180,514250,1.19352821449827e-25,1.34992156674287e-24,1.28755208230257,23.8696914641867
"GO:0009620",955,25,1947,0,955,307453,992,514438,1.72805329195878e-25,1.95168371797697e-24,1.31024830107522,23.7095905609863
"GO:0098805",1434,46,3074,0,1434,306974,1640,513790,1.80254362953888e-25,2.03289734265473e-24,1.24612461077213,23.6918845518313
"GO:0004499",294,2,482,0,294,308114,188,515242,1.91821378120055e-25,2.16025449007306e-24,1.62935785015506,23.6654950835139
"GO:0034976",337,3,571,0,337,308071,234,515196,1.93885162133689e-25,2.18037713759485e-24,1.57655809137858,23.6614683804273
"GO:0006413",560,9,1051,0,560,307848,491,514939,1.95430496182545e-25,2.19462035085448e-24,1.4233165398482,23.6586405978772
"GO:0022622",989,27,2027,0,989,307419,1038,514392,2.23719110359182e-25,2.50871344266022e-24,1.30334301295306,23.6005489430612
"GO:0009654",231,2,357,0,231,308177,126,515304,2.48959088417852e-25,2.78777516931057e-24,1.72846244928414,23.5547422544855
"GO:0003724",652,13,1257,0,652,307756,605,514825,2.55183732556577e-25,2.85341810040536e-24,1.3855701010968,23.5446345881763
"GO:0016311",627,15,1201,0,627,307781,574,514856,3.26055535601217e-25,3.64072223581955e-24,1.39457128505939,23.4388124537363
"GO:0032504",1223,26,2577,0,1223,307185,1354,514076,3.32384127886583e-25,3.7061301058402e-24,1.26773424994061,23.4310793385906
"GO:0015179",340,3,579,0,340,308068,239,515191,4.29334423072354e-25,4.78036856920165e-24,1.5686156314747,23.3205386177394
"GO:0031328",976,34,2000,0,976,307432,1024,514406,4.60700826252584e-25,5.12236850884229e-24,1.30357495266011,23.2905291811195
"GO:0042594",378,9,659,0,378,308030,281,515149,4.96098189692807e-25,5.50815930784454e-24,1.53222509299212,23.2589935075006
"GO:0052689",488,4,896,0,488,307920,408,515022,5.29495185048969e-25,5.87068464324716e-24,1.4548827596653,23.2313112480802
"GO:0006352",499,10,920,0,499,307909,421,515009,5.31074258623755e-25,5.87991077902419e-24,1.44886827641081,23.2306292638
"GO:0007623",319,7,536,0,319,308089,217,515213,6.03558393177935e-25,6.67305009985492e-24,1.58979848413635,23.1756756145455
"GO:0009532",686,26,1337,0,686,307722,651,514779,6.62698845339383e-25,7.31664138921686e-24,1.37059421252136,23.1356882305346
"GO:0098588",1637,66,3569,0,1637,306771,1932,513498,6.82449720250056e-25,7.52415153754684e-24,1.22523195957942,23.1235424662772
"GO:0010557",943,33,1926,0,943,307465,983,514447,7.00573487482372e-25,7.71316712372201e-24,1.30789113209072,23.1127672585345
"GO:0046873",657,13,1273,0,657,307751,616,514814,9.37633860600797e-25,1.03087342886166e-23,1.37864722531276,22.9867946543298
"GO:0005740",580,14,1101,0,580,307828,521,514909,9.6633261476312e-25,1.06094425989056e-23,1.40720334819104,22.9743074325528
"GO:1990904",1309,49,2787,0,1309,307099,1478,513952,9.98200002428858e-25,1.09440535085236e-23,1.25463923031999,22.9608217922322
"GO:0043424",268,5,433,0,268,308140,165,515265,1.12665628786972e-24,1.23352410265792e-23,1.65334346398038,22.9088523601191
"GO:0003899",629,17,1211,0,629,307779,582,514848,1.33937804211251e-24,1.46438665937635e-23,1.38746707981348,22.8343442362134
"GO:0044265",1732,64,3802,0,1732,306676,2070,513360,1.37873789751085e-24,1.50532936604791e-23,1.21689178797576,22.8223684660454
"GO:0065009",802,31,1604,0,802,307606,802,514628,1.43984236793833e-24,1.56986691418428e-23,1.33563007444684,22.8041371634412
"GO:0042393",764,15,1517,0,764,307644,753,514677,1.4583058674564e-24,1.58779858763717e-23,1.34531493325957,22.7992045887008
"GO:0051254",919,34,1874,0,919,307489,955,514475,1.50184771237545e-24,1.6329482309143e-23,1.30997229286728,22.7870275834107
"GO:0009411",401,6,711,0,401,308007,310,515120,1.78367802662938e-24,1.93670530008641e-23,1.50657569578954,22.7129364589316
"GO:0009967",464,5,848,0,464,307944,384,515046,2.21421096100701e-24,2.40086345524066e-23,1.4616329116588,22.6196325389525
"GO:0010605",1254,35,2662,0,1254,307154,1408,514022,2.372042860572e-24,2.56846236567026e-23,1.25836221890033,22.5903267933819
"GO:0009991",433,9,781,0,433,307975,348,515082,2.47310183932239e-24,2.67421121966289e-23,1.4809931427285,22.5728042934423
"GO:0010629",1131,30,2372,0,1131,307277,1241,514189,2.65985992277203e-24,2.87221087956947e-23,1.27369107436709,22.541783677079
"GO:0006955",1446,50,3120,0,1446,306962,1674,513756,2.82450652666956e-24,3.04582402437572e-23,1.23802633823726,22.5162951920867
"GO:0030001",671,17,1309,0,671,307737,638,514792,3.08626077962486e-24,3.32353554818152e-23,1.36930142086146,22.4783996716976
"GO:1901699",551,11,1040,0,551,307857,489,514941,3.18569191096984e-24,3.4259244157315e-23,1.41525417503886,22.4652222228629
"GO:0006334",404,6,720,0,404,308004,316,515114,3.65759544289579e-24,3.92804792994211e-23,1.49887375021256,22.4058232216024
"GO:0044431",1186,27,2505,0,1186,307222,1319,514111,4.36256910582191e-24,4.6787662126744e-23,1.26471638187142,22.329868654975
"GO:0009926",284,5,469,0,284,308124,185,515245,4.64617926686503e-24,4.97615281479749e-23,1.61756478099318,22.3031062911781
"GO:0032968",260,5,420,0,260,308148,160,515270,5.35696404451901e-24,5.72962241283337e-23,1.65363723502942,22.2418739974787
"GO:0047262",246,0,392,0,246,308162,146,515284,5.49615630297648e-24,5.87052135916294e-23,1.67635203221389,22.2313233274827
"GO:0070647",1980,64,4414,0,1980,306428,2434,512996,5.94863032822248e-24,6.34520568343731e-23,1.19825443924093,22.1975542954394
"GO:0007049",836,25,1689,0,836,307572,853,514577,6.04369815927279e-24,6.43788794449193e-23,1.32218678772949,22.1912565867545
"GO:0030422",573,8,1092,0,573,307835,519,514911,6.17204628221819e-24,6.5657227477867e-23,1.40167771549091,22.1827174602677
"GO:0017144",787,13,1576,0,787,307621,789,514641,6.40636716796142e-24,6.80579248936468e-23,1.33393511242343,22.1671212968061
"GO:0008483",415,3,745,0,415,307993,330,515100,6.75409905908123e-24,7.1655347430037e-23,1.48801739837701,22.144751393924
"GO:0031667",420,9,756,0,420,307988,336,515094,6.77059046711341e-24,7.17336314362271e-23,1.48403341605204,22.1442771829274
"GO:0019900",405,8,724,0,405,308003,319,515111,7.35192721608855e-24,7.7788133125066e-23,1.49428226561041,22.1090866512287
"GO:0010329",189,2,281,0,189,308219,92,515338,7.41275034638026e-24,7.83264036600072e-23,1.79668387238756,22.1060918135374
"GO:0006506",325,11,555,0,325,308083,230,515200,7.60326154405212e-24,8.02317357570755e-23,1.56425143854134,22.0956538120407
"GO:0033612",558,16,1059,0,558,307850,501,514929,8.37361949528082e-24,8.82424801430396e-23,1.40751951188165,22.0543222941161
"GO:0019899",943,49,1939,0,943,307465,996,514434,9.2232716930703e-24,9.7066303165574e-23,1.29912239319584,22.0129315104538
"GO:0050790",614,20,1185,0,614,307794,571,514859,9.66834776002011e-24,1.01614464041226e-22,1.38409597588246,21.9930444691565
"GO:0004523",4716,83,11221,0,4716,303692,6505,508925,9.76537400478846e-24,1.0249736555426e-22,1.12268629018649,21.9892872969492
"GO:0040007",715,10,1415,0,715,307693,700,514730,1.35912576389068e-23,1.42463888326864e-22,1.34978869714415,21.8462952064476
"GO:0009734",328,12,562,0,328,308080,234,515196,1.36879238449615e-23,1.43286351738746e-22,1.5590272755109,21.8437951748981
"GO:0051301",454,10,832,0,454,307954,378,515052,1.58684364603309e-23,1.65891542915969e-22,1.45763474470881,21.7801757535691
"GO:0000904",628,10,1219,0,628,307780,591,514839,1.71018212240689e-23,1.78548457129802e-22,1.37617011772373,21.7482438982738
"GO:0019787",1685,53,3708,0,1685,306723,2023,513407,2.0460338466902e-23,2.13329515776758e-22,1.2138817019649,21.6709490524167
"GO:0005635",380,7,674,0,380,308028,294,515136,2.34448764423652e-23,2.44124427717327e-22,1.50605171599347,21.612388761787
"GO:0000723",692,4,1366,0,692,307716,674,514756,2.90679341887405e-23,3.02275796477893e-22,1.35322988509108,21.5195966258189
"GO:0003678",1004,10,2088,0,1004,307404,1084,514346,3.74354919682278e-23,3.88775979912782e-22,1.28445650837608,21.4103005753136
"GO:0009787",383,5,681,0,383,308025,298,515132,3.81633813979806e-23,3.95813094024906e-22,1.5023386740474,21.4025098428515
"GO:0016651",327,6,563,0,327,308081,236,515194,3.94180182795725e-23,4.0828768407473e-22,1.55151344349597,21.3890337202951
"GO:0008353",235,4,374,0,235,308173,139,515291,4.00143628211644e-23,4.13919926581085e-22,1.67846560157758,21.3830836656604
"GO:0009408",710,24,1409,0,710,307698,699,514731,4.5539028316347e-23,4.70450434260215e-22,1.3460572787186,21.3274861262457
"GO:0016132",347,4,605,0,347,308061,258,515172,4.62034639920574e-23,4.76688949600886e-22,1.53211119283654,21.321764915585
"GO:1901419",374,5,663,0,374,308034,289,515141,5.04847513517647e-23,5.19497990380512e-22,1.50686469937592,21.2844161281229
"GO:1905957",374,5,663,0,374,308034,289,515141,5.04847513517647e-23,5.19497990380512e-22,1.50686469937592,21.2844161281229
"GO:0017056",218,2,341,0,218,308190,123,515307,5.33387111428827e-23,5.4814926124905e-22,1.70772642949801,21.2611011668618
"GO:0009636",530,13,1004,0,530,307878,474,514956,5.67475467369519e-23,5.82420714358911e-22,1.4101273694359,21.2347631873149
"GO:0006874",322,4,553,0,322,308086,231,515199,5.82718171215743e-23,5.97286125496137e-22,1.55541730188746,21.2238175734673
"GO:0006032",238,2,381,0,238,308170,143,515287,6.29287271825431e-23,6.44180676698283e-22,1.6686611953719,21.1909923067271
"GO:0010154",1355,37,2923,0,1355,307053,1568,513862,6.9487583224246e-23,7.10397733949694e-22,1.23830225855317,21.1484984325542
"GO:0006833",221,3,347,0,221,308187,126,515304,7.25957154230814e-23,7.41210728677687e-22,1.70129248675937,21.1300583030987
"GO:0098796",902,27,1854,0,902,307506,952,514478,7.3804473323308e-23,7.52576183939223e-22,1.29960984590188,21.123449529502
"GO:0009299",180,1,268,0,180,308228,88,515342,7.64976843412229e-23,7.79029458129504e-22,1.79412995074948,21.1084461196558
"GO:0044093",475,11,883,0,475,307933,408,515022,7.98102320287819e-23,8.11713367610557e-22,1.43697459878199,21.090597301844
"GO:0048585",834,26,1697,0,834,307574,863,514567,9.80645119393609e-23,9.96082371595676e-22,1.31280551807739,21.0017047458632
"GO:0060560",543,7,1035,0,543,307865,492,514938,9.88272976828402e-23,1.00253671051458e-21,1.40144373028914,20.9988997155836
"GO:0009664",510,11,962,0,510,307898,452,514978,1.31895477876859e-22,1.33626924304586e-21,1.41615662779186,20.8741060276477
"GO:1901615",389,6,698,0,389,308019,309,515121,1.38204614072453e-22,1.39838910279994e-21,1.48871088527169,20.8543719690148
"GO:0051017",216,4,339,0,216,308192,123,515307,1.40096436781347e-22,1.41571136115887e-21,1.70204186478181,20.8490252826871
"GO:0015318",840,26,1713,0,840,307568,873,514557,1.55399428712145e-22,1.5683388497718e-21,1.30989989788131,20.8045600993764
"GO:0032508",1010,22,2110,0,1010,307398,1100,514330,1.56855168396945e-22,1.58100369477689e-21,1.27866007127138,20.8010671151283
"GO:0051225",294,3,497,0,294,308114,203,515227,1.63951766808075e-22,1.65041983160252e-21,1.58018205990893,20.7824055664795
"GO:0010315",191,2,290,0,191,308217,99,515331,1.74323164575123e-22,1.75258231358285e-21,1.75934720151273,20.7563215753611
"GO:0015095",301,1,512,0,301,308107,211,515219,1.81868438640861e-22,1.82378133628135e-21,1.57040879847069,20.7390272329698
"GO:0015693",301,1,512,0,301,308107,211,515219,1.81868438640861e-22,1.82378133628135e-21,1.57040879847069,20.7390272329698
"GO:0043168",768,28,1548,0,768,307640,780,514650,1.86596737601779e-22,1.86881618117201e-21,1.3252763529395,20.7284334142063
"GO:0042742",1264,38,2714,0,1264,307144,1450,513980,2.42339705495555e-22,2.42401291189454e-21,1.24409463087753,20.6154650711602
"GO:0005085",395,9,713,0,395,308013,318,515112,2.73206334491567e-22,2.7292896765452e-21,1.47987062947125,20.5639503675003
"GO:0009624",298,7,507,0,298,308110,209,515221,2.8738376362308e-22,2.86728135265004e-21,1.57008979165743,20.5425296897155
"GO:0016405",281,7,472,0,281,308127,191,515239,3.52000431394682e-22,3.5075283492898e-21,1.59030530050661,20.4549988101384
"GO:0015605",203,3,315,0,203,308205,112,515318,3.56883702173668e-22,3.55169216625931e-21,1.72147876262037,20.4495646826143
"GO:0010374",389,9,701,0,389,308019,312,515118,3.82390255355033e-22,3.80072738655912e-21,1.4823397973176,20.4201332797678
"GO:0000177",180,5,270,0,180,308228,90,515340,3.85498324829209e-22,3.82196827840747e-21,1.78084009926245,20.4177129218257
"GO:0034427",180,5,270,0,180,308228,90,515340,3.85498324829209e-22,3.82196827840747e-21,1.78084009926245,20.4177129218257
"GO:0000209",599,13,1166,0,599,307809,567,514863,4.29747887840071e-22,4.2553149346881e-21,1.37228544527214,20.3710682923748
"GO:0098791",1122,25,2380,0,1122,307286,1258,514172,4.42605712560249e-22,4.37712584079683e-21,1.25930835590702,20.3588109673969
"GO:0045935",944,36,1962,0,944,307464,1018,514412,5.59623130837909e-22,5.52741943030868e-21,1.28525462821388,20.2574775791386
"GO:0006605",511,21,970,0,511,307897,459,514971,5.62897418718501e-22,5.55279258164416e-21,1.40723086194296,20.255488548809
"GO:0042578",491,15,925,0,491,307917,434,514996,5.6719302390575e-22,5.58816456093375e-21,1.41793376552086,20.2527308132141
"GO:0030244",415,6,759,0,415,307993,344,515086,6.12041396048722e-22,6.02248733711942e-21,1.46057043714213,20.2202241044761
"GO:0008299",588,8,1143,0,588,307820,555,514875,7.37700930927675e-22,7.24991476686973e-21,1.37419157265921,20.1396670991526
"GO:0010143",347,3,613,0,347,308061,266,515164,7.95468975422759e-22,7.80789498070818e-21,1.51211626699201,20.1074660367355
"GO:0051119",355,1,630,0,355,308053,275,515155,8.50011248870573e-22,8.33286245468138e-21,1.50523389342421,20.079205786741
"GO:0034605",564,15,1090,0,564,307844,526,514904,8.95665601906819e-22,8.7695020126996e-21,1.38219332474865,20.057025067897
"GO:0044429",730,22,1468,0,730,307678,738,514692,9.89261126574634e-22,9.67386781167145e-21,1.32835143643895,20.0143998513133
"GO:0005774",978,27,2045,0,978,307430,1067,514363,1.01657439071906e-21,9.92862729992614e-21,1.27750240861516,20.0031107915124
"GO:0005198",565,18,1093,0,565,307843,528,514902,1.03629784213217e-21,1.01087194712075e-20,1.38084353533845,19.9953038554684
"GO:0009888",2008,53,4525,0,2008,306400,2517,512913,1.12008487751868e-21,1.09125100938454e-20,1.18539013900077,19.9620753415728
"GO:0140662",845,22,1735,0,845,307563,890,514540,1.26196192994976e-21,1.22795603369153e-20,1.30098837222775,19.9108171825979
"GO:0016409",259,2,430,0,259,308149,171,515259,1.34923604734771e-21,1.31125755120015e-20,1.60896832224061,19.8823119977993
"GO:0006265",279,6,471,0,279,308129,192,515238,1.37102715013028e-21,1.33079232131018e-20,1.58233881431281,19.8758897136811
"GO:0003008",357,6,636,0,357,308051,279,515151,1.39231453079024e-21,1.34979063871685e-20,1.49943376282239,19.8697335881725
"GO:0030976",153,1,221,0,153,308255,68,515362,1.51163007174062e-21,1.46365952333852e-20,1.84933394923408,19.8345599371659
"GO:2000241",856,26,1762,0,856,307552,906,514524,1.60953026526923e-21,1.55653835972966e-20,1.29772910752156,19.8078401719852
"GO:0010052",262,6,437,0,262,308146,175,515255,1.85961485848559e-21,1.79398139289198e-20,1.60153354464563,19.7461820657547
"GO:0030117",730,9,1471,0,730,307678,741,514689,1.85949714519537e-21,1.79398139289198e-20,1.32564235805057,19.7461820657547
"GO:0035267",179,3,271,0,179,308229,92,515338,1.92092683365774e-21,1.85086120373975e-20,1.76441168506261,19.7326261478111
"GO:0042651",494,18,936,0,494,307914,442,514988,1.96008034874292e-21,1.88627781238438e-20,1.40983174524944,19.724394343677
"GO:0010268",327,4,573,0,327,308081,246,515184,2.11425834766148e-21,2.03216626529807e-20,1.52443642004927,19.6920407623588
"GO:0090630",190,5,293,0,190,308218,103,515327,2.46310217590943e-21,2.36457808887306e-20,1.73221647880477,19.6262463390786
"GO:0006535",159,2,233,0,159,308249,74,515356,2.73703213048833e-21,2.62435041792986e-20,1.82287709731371,19.5809781759989
"GO:0048584",787,14,1605,0,787,307621,818,514612,2.93686820007041e-21,2.8102566866048e-20,1.30983285805565,19.5512540101715
"GO:0071396",703,12,1411,0,703,307705,708,514722,2.93806053490314e-21,2.8102566866048e-20,1.33089715426807,19.5512540101715
"GO:0055065",346,7,615,0,346,308062,269,515161,3.35856918721482e-21,3.20857483516445e-20,1.50285530328002,19.4936878269915
"GO:0071013",599,19,1174,0,599,307809,575,514855,3.50328183859314e-21,3.34276783435215e-20,1.36293426676943,19.4758937854658
"GO:0007568",681,23,1362,0,681,307727,681,514749,3.8728261457268e-21,3.69090646721082e-20,1.33563007444684,19.4328669603012
"GO:0036503",466,5,877,0,466,307942,411,515019,3.95597990410236e-21,3.76559538151073e-20,1.41939250785,19.4241663473618
"GO:0034475",168,5,251,0,168,308240,83,515347,4.07131309401759e-21,3.87069766619643e-20,1.7879350797376,19.4122107493812
"GO:0034485",207,0,327,0,207,308201,120,515310,4.12429487568176e-21,3.91633887350625e-20,1.69098119517122,19.4071197365506
"GO:0009927",158,4,232,0,158,308250,74,515356,4.57452649605532e-21,4.33863525023463e-20,1.81922027381552,19.3626468595433
"GO:0034357",425,18,787,0,425,307983,362,515068,4.81296673239927e-21,4.55928689740639e-20,1.44254836503153,19.3411030785504
"GO:0007276",938,12,1960,0,938,307470,1022,514408,5.21323385048584e-21,4.93252125853661e-20,1.27838878554197,19.306931034318
"GO:0006465",284,3,485,0,284,308124,201,515229,5.77214668004757e-21,5.45478255286128e-20,1.56420181914599,19.2632225572617
"GO:0006368",279,3,475,0,279,308129,196,515234,5.90632577028808e-21,5.57489166231508e-20,1.56901385587649,19.253763567906
"GO:0006075",165,1,246,0,165,308243,81,515349,6.06853989567908e-21,5.72114324057314e-20,1.79169888035551,19.2425171786437
"GO:0015250",181,1,277,0,181,308227,96,515334,6.34261449537589e-21,5.97237575449749e-20,1.74548045830236,19.22385287627
"GO:0044436",458,19,861,0,458,307950,403,515027,6.59830824430293e-21,6.20572072869208e-20,1.42094906874948,19.2072077725348
"GO:0055080",408,9,751,0,408,308000,343,515087,7.04582886866264e-21,6.61870702316376e-20,1.45123054693558,19.1792268425165
"GO:0007030",278,4,473,0,278,308130,195,515235,7.19291547371226e-21,6.74882367211716e-20,1.57000067947662,19.1707719186103
"GO:0016853",498,12,950,0,498,307910,452,514978,7.6159153320116e-21,7.13720065399944e-20,1.40030268857795,19.146472093393
"GO:0003689",187,0,289,0,187,308221,102,515328,7.68133801475234e-21,7.18995158764927e-20,1.72846244928414,19.1432740338574
"GO:0005782",233,3,381,0,233,308175,148,515282,9.0659822639464e-21,8.47593971280119e-20,1.6336052879061,19.0718121409762
"GO:0009789",290,4,499,0,290,308118,209,515221,9.23908329158692e-21,8.60710812678961e-20,1.55243575787408,19.065142741176
"GO:1901421",290,4,499,0,290,308118,209,515221,9.23908329158692e-21,8.60710812678961e-20,1.55243575787408,19.065142741176
"GO:1905959",290,4,499,0,290,308118,209,515221,9.23908329158692e-21,8.60710812678961e-20,1.55243575787408,19.065142741176
"GO:0006487",259,3,434,0,259,308149,175,515255,9.30664485090225e-21,8.65980003147784e-20,1.59413912111397,19.0624921364155
"GO:0048868",316,3,554,0,316,308092,238,515192,9.44459670148034e-21,8.777788103194e-20,1.5236790740982,19.0566149072828
"GO:0071496",375,8,680,0,375,308033,305,515125,9.65167524220576e-21,8.95966833804762e-20,1.47312140563989,19.0477080664117
"GO:0000148",164,1,245,0,164,308244,81,515349,1.03853700597389e-20,9.62940319319958e-20,1.78810883436148,19.0164006285486
"GO:0008033",453,5,851,0,453,307955,398,515032,1.04461619556515e-20,9.67437493116334e-20,1.42195164212554,19.0143770855045
"GO:0005876",217,2,349,0,217,308191,132,515298,1.05273402828301e-20,9.73809902543342e-20,1.66092679744965,19.0115258134849
"GO:0009739",604,10,1190,0,604,307804,586,514844,1.16004714677863e-20,1.07181820885462e-19,1.35583288229561,18.9698788691081
"GO:0009834",457,5,860,0,457,307951,403,515027,1.19290417998535e-20,1.10088413890324e-19,1.41949521865629,18.9582583853722
"GO:0006400",404,5,745,0,404,308004,341,515089,1.52046246015159e-20,1.40153167287041e-19,1.44857597335979,18.8533970832784
"GO:0120013",118,1,160,0,118,308290,42,515388,1.53475382531226e-20,1.41305053951557e-19,1.97005435980908,18.8498423047897
"GO:0005654",1286,70,2794,0,1286,307122,1508,513922,1.62850268628729e-20,1.49761368533336e-19,1.22950628184584,18.8246001999644
"GO:0009615",400,5,736,0,400,308008,336,515094,1.7434209394997e-20,1.60142469495235e-19,1.45177182005091,18.7954934786896
"GO:0000123",248,2,413,0,248,308160,165,515265,1.81939864822747e-20,1.66926645208003e-19,1.60404967778603,18.7774743347216
"GO:0022402",774,24,1584,0,774,307634,810,514620,1.94714953056893e-20,1.78439593767621e-19,1.30527484548214,18.7485087741363
"GO:0015035",287,5,495,0,287,308121,208,515222,2.4443185698176e-20,2.23740416065164e-19,1.5487912378434,18.6502555586452
"GO:0048589",609,7,1206,0,609,307799,597,514833,2.87960881369868e-20,2.63278520109594e-19,1.34891992593387,18.5795845718791
"GO:0012501",811,12,1672,0,811,307597,861,514569,2.96732199382187e-20,2.70983279992642e-19,1.29568898370381,18.5670575048117
"GO:0005762",332,1,591,0,332,308076,259,515171,3.18537232789854e-20,2.90559107360572e-19,1.50060637805871,18.5367655073722
"GO:0070816",237,3,392,0,237,308171,155,515275,3.47681675098653e-20,3.16776637312106e-19,1.61502207981582,18.4992468556828
"GO:0008047",316,8,557,0,316,308092,241,515189,4.0270888173986e-20,3.66488360353315e-19,1.51547254407612,18.4359398139686
"GO:0009903",225,1,368,0,225,308183,143,515287,4.32164467826087e-20,3.92840495465006e-19,1.63324329755727,18.4057837498808
"GO:0005576",1687,49,3771,0,1687,306721,2084,513346,4.55293550960562e-20,4.13387639349659e-19,1.19501879373737,18.3836425132977
"GO:0009415",736,16,1500,0,736,307672,764,514666,4.57761648924156e-20,4.1514973506117e-19,1.31069831305716,18.3817952348972
"GO:0031464",172,3,263,0,172,308236,91,515339,4.87298194679021e-20,4.41428238033746e-19,1.74698382361107,18.3551398885963
"GO:0016102",595,5,1176,0,595,307813,581,514849,5.12079290629678e-20,4.63343468486991e-19,1.35153043247597,18.3340969546242
"GO:0016798",539,13,1049,0,539,307869,510,514920,5.1612215523406e-20,4.66465396785593e-19,1.37255407078521,18.3311805674426
"GO:0016811",374,13,683,0,374,308034,309,515121,5.44397967974736e-20,4.91456514208386e-19,1.46273981798863,18.3085149040269
"GO:0009266",739,29,1507,0,739,307669,768,514662,5.46672490426037e-20,4.92944541195162e-19,1.30992783678329,18.3072019383449
"GO:0030036",340,6,610,0,340,308068,270,515160,5.88365163184331e-20,5.29932558877237e-19,1.48889909938336,18.2757793967598
"GO:0030136",239,0,397,0,239,308169,158,515272,6.04738954961502e-20,5.44057720395079e-19,1.6081389813239,18.264355022509
"GO:0007064",208,4,334,0,208,308200,126,515304,6.3536745439528e-20,5.70960342579868e-19,1.66353925440085,18.2433940556716
"GO:0044389",308,8,542,0,308,308100,234,515196,6.75462730507209e-20,6.0629904384866e-19,1.51798547206504,18.2173131166596
"GO:0140326",170,4,259,0,170,308238,89,515341,7.11294984366682e-20,6.37735093044934e-19,1.75333677726612,18.1953596841631
"GO:0055088",336,5,602,0,336,308072,266,515164,7.31816107711089e-20,6.55387531274367e-19,1.49093589705693,18.1835018253129
"GO:0005315",155,3,231,0,155,308253,76,515354,7.82638934958032e-20,7.00106101817003e-19,1.79240399601091,18.1548361372118
"GO:0097367",426,12,799,0,426,307982,373,515057,8.31471235338399e-20,7.42944558976603e-19,1.4242263121761,18.1290435935461
"GO:0016709",350,3,632,0,350,308058,282,515148,8.34609578034497e-20,7.44903242436231e-19,1.47933710777339,18.1279001353122
"GO:0030261",217,6,353,0,217,308191,136,515294,9.01427616818235e-20,8.03628335174762e-19,1.64210609719526,18.0949447588413
"GO:0006875",296,6,518,0,296,308112,222,515208,1.20021031657561e-19,1.06878457150262e-18,1.52643437079638,17.9711098241047
"GO:0040008",642,16,1288,0,642,307766,646,514784,1.25722164037097e-19,1.1182879946893e-18,1.33148215496098,17.9514463374177
"GO:0009637",220,2,360,0,220,308188,140,515290,1.30350681936435e-19,1.15814962551199e-18,1.63243675765724,17.9362353289191
"GO:0000467",165,6,251,0,165,308243,86,515344,1.3140195042389e-19,1.16617379226253e-18,1.75600766759943,17.9332367228221
"GO:0009639",554,12,1087,0,554,307854,533,514897,1.33091013013913e-19,1.17983384509631e-18,1.36143341535151,17.9281791496758
"GO:0051321",535,7,1044,0,535,307873,509,514921,1.40176039659918e-19,1.24124385174676e-18,1.36889289239283,17.9061428896821
"GO:0051128",740,31,1514,0,740,307668,774,514656,1.40556026564206e-19,1.24321015855441e-18,1.30563573988198,17.9054554498092
"GO:0010025",251,4,424,0,251,308157,173,515257,1.61049020510631e-19,1.4228708074744e-18,1.58133560701017,17.8468345307998
"GO:0009932",315,2,559,0,315,308093,244,515186,1.67098538717804e-19,1.47466333720466e-18,1.50527181914402,17.8313071169623
"GO:0003843",166,1,253,0,166,308242,87,515343,1.68402960284488e-19,1.48451075404198e-18,1.75268452457055,17.8284166519553
"GO:0009707",387,6,715,0,387,308021,328,515102,1.89800854149312e-19,1.67126658150267e-18,1.44584290576483,17.7769542708478
"GO:0000462",441,7,835,0,441,307967,394,515036,1.95207854830554e-19,1.71695668516885e-18,1.41080925228995,17.7652406609424
"GO:0004568",352,4,639,0,352,308056,287,515143,1.98991675582038e-19,1.74828400689933e-18,1.47149228859245,17.7573880152884
"GO:0009267",301,7,530,0,301,308107,229,515201,2.09952193955849e-19,1.84252360180652e-18,1.51707416003207,17.734586940338
"GO:0051240",492,16,949,0,492,307916,457,514973,2.40861369033567e-19,2.11142616596018e-18,1.38488935011137,17.6754241007305
"GO:0016985",163,5,248,0,163,308245,85,515345,2.5337079101883e-19,2.21861497986677e-18,1.75570727528092,17.6539180590242
"GO:0035627",106,1,142,0,106,308302,36,515394,2.84970269368926e-19,2.48701325994699e-18,1.99403926607556,17.6043218992068
"GO:1902387",106,1,142,0,106,308302,36,515394,2.84970269368926e-19,2.48701325994699e-18,1.99403926607556,17.6043218992068
"GO:1902388",106,1,142,0,106,308302,36,515394,2.84970269368926e-19,2.48701325994699e-18,1.99403926607556,17.6043218992068
"GO:0031976",458,21,875,0,458,307950,417,515013,3.70855853668161e-19,3.23297594692775e-18,1.39821388364949,17.4903975264913
"GO:0009751",519,7,1012,0,519,307889,493,514937,4.15320280873564e-19,3.61659430424414e-18,1.36994468110259,17.4417002060048
"GO:0006790",386,12,716,0,386,308022,330,515100,4.24206331862324e-19,3.68989198278476e-18,1.44009276183374,17.4329863471112
"GO:0009642",292,7,513,0,292,308116,221,515209,4.46503427493558e-19,3.87955295941423e-18,1.5204833596042,17.4112183152421
"GO:0048038",203,3,328,0,203,308205,125,515305,4.54851563427958e-19,3.94773043804287e-18,1.65324942141895,17.4036525098188
"GO:0051094",424,13,800,0,424,307984,376,515054,4.65298784563088e-19,4.03395598246765e-18,1.41576787891365,17.3942688450116
"GO:0006869",636,12,1280,0,636,307772,644,514786,4.74548694164869e-19,4.10962301481391e-18,1.32728238648154,17.3861980151301
"GO:0071038",166,6,255,0,166,308242,89,515341,4.87111849461707e-19,4.21378514171709e-18,1.7389379792798,17.3753276125688
"GO:0048511",255,5,435,0,255,308153,180,515250,4.93909877128648e-19,4.26790181422252e-18,1.56591112176526,17.3697855803516
"GO:1900673",240,4,404,0,240,308168,164,515266,5.85392244852801e-19,5.05285937662417e-18,1.58688721716456,17.2964627882066
"GO:0004445",193,0,309,0,193,308215,116,515314,6.10396979507359e-19,5.26291897336465e-18,1.6684569862022,17.2787733162247
"GO:0016117",135,2,196,0,135,308273,61,515369,6.43736011679107e-19,5.54429965419905e-18,1.83989857194207,17.2561533053356
"GO:0032050",208,1,339,0,208,308200,131,515299,6.57577528967963e-19,5.65732274102274e-18,1.6390032771973,17.247389044762
"GO:0016760",376,5,696,0,376,308032,320,515110,7.88413174087891e-19,6.77553330395183e-18,1.44309456319543,17.1690565156789
"GO:0016758",541,3,1065,0,541,307867,524,514906,7.9234429428527e-19,6.80189125912066e-18,1.35694999112815,17.1673703153526
"GO:0048024",219,2,362,0,219,308189,143,515287,8.2059241117968e-19,7.03671400959307e-18,1.61603859836385,17.1526300994742
"GO:0030276",293,2,517,0,293,308115,224,515206,9.37442393928284e-19,8.02997445593411e-18,1.51388631262253,17.0952858362487
"GO:0030133",683,10,1392,0,683,307725,709,514721,1.06967585063546e-18,9.15270466978513e-18,1.31068296098734,17.0384505507868
"GO:0006383",231,2,387,0,231,308177,156,515274,1.0975613284415e-18,9.38111050759122e-18,1.59447311213033,17.0277457481058
"GO:0055082",351,8,642,0,351,308057,291,515139,1.11380282227859e-18,9.5096050075673e-18,1.46045531504934,17.0218375216111
"GO:0022412",901,9,1903,0,901,307507,1002,514428,1.32032154667581e-18,1.12606405367627e-17,1.26474271894545,16.9484369048959
"GO:0016846",180,1,284,0,180,308228,104,515326,1.37409874684743e-18,1.17066075056093e-17,1.69305220704529,16.9315689422509
"GO:0071035",182,6,288,0,182,308226,106,515324,1.40083615194873e-18,1.19214942574491e-17,1.6880880107592,16.9236693060813
"GO:0031668",339,8,617,0,339,308069,278,515152,1.46551622263848e-18,1.24584705233371e-17,1.46767778034839,16.9045352710032
"GO:0009691",342,6,624,0,342,308066,282,515148,1.60519058411896e-18,1.36311329861752e-17,1.46405604314365,16.8654680451782
"GO:0008219",739,14,1524,0,739,307669,785,514645,1.63778100635193e-18,1.38929009504336e-17,1.29531578086117,16.8572070605819
"GO:0016559",152,3,230,0,152,308256,78,515352,1.73849709457803e-18,1.47313768875331e-17,1.76535453318191,16.8317566593548
"GO:0006099",356,1,655,0,356,308052,299,515131,1.79348897509019e-18,1.51810163568924e-17,1.45186047787198,16.8186991517993
"GO:0003872",154,1,234,0,154,308254,80,515350,1.90584144196325e-18,1.61146979926259e-17,1.75800881593857,16.7927778292373
"GO:0008378",261,3,451,0,261,308147,190,515240,2.24846658870454e-18,1.89913401140366e-17,1.54589556288525,16.7214443884175
"GO:0018107",209,3,344,0,209,308199,135,515295,2.28286661281531e-18,1.92612282701845e-17,1.62294584627552,16.7153160217829
"GO:0048588",334,2,608,0,334,308074,274,515156,2.56887935151039e-18,2.16511972752567e-17,1.46743567389883,16.6645180828829
"GO:0006268",179,3,284,0,179,308229,105,515325,2.86464582989875e-18,2.41181732331154e-17,1.68364636145059,16.6176555897666
"GO:0005801",632,9,1279,0,632,307776,647,514783,2.87498112193635e-18,2.41793284101314e-17,1.31996592189273,16.616555765999
"GO:0030127",150,0,227,0,150,308258,77,515353,3.43426695227257e-18,2.88522406064991e-17,1.76514987812357,16.5398204547698
"GO:0032787",624,16,1261,0,624,307784,637,514793,3.54254241798879e-18,2.97301640878547e-17,1.32186069223604,16.5268026938138
"GO:0000278",558,21,1110,0,558,307850,552,514878,4.04055045821188e-18,3.38734964931246e-17,1.34284969647087,16.4701399722572
"GO:0006270",209,3,345,0,209,308199,136,515294,4.07325348425776e-18,3.4111331306465e-17,1.61824165541675,16.4671013304968
"GO:0031669",326,8,592,0,326,308082,266,515164,4.09608224102484e-18,3.42660567495723e-17,1.47099798739753,16.4651358701962
"GO:0072593",525,6,1036,0,525,307883,511,514919,4.72236644609407e-18,3.94633425304167e-17,1.35367912950693,16.403806132945
"GO:0044419",513,11,1009,0,513,307895,496,514934,5.31270839182059e-18,4.43495657056328e-17,1.35813325706883,16.3531106286523
"GO:0072583",323,5,587,0,323,308085,264,515166,6.41188899033581e-18,5.34686336143257e-17,1.46987568669959,16.2719009141106
"GO:0008865",186,4,299,0,186,308222,113,515317,6.85505413417528e-18,5.71036890415109e-17,1.66172036018135,16.2433358343352
"GO:0044772",249,3,429,0,249,308159,180,515250,7.1400868961791e-18,5.94151839817356e-17,1.55045169481241,16.2261025537259
"GO:1901617",235,3,400,0,235,308173,165,515265,7.2287808239519e-18,6.00897176833679e-17,1.56936533747503,16.2211998364069
"GO:0090558",631,17,1281,0,631,307777,650,514780,8.40009578197772e-18,6.97526940883213e-17,1.31581979231218,16.1564390137878
"GO:0015780",245,2,421,0,245,308163,176,515254,8.41257978275229e-18,6.97827482084573e-17,1.55453381586449,16.1562519310148
"GO:0051049",428,25,819,0,428,307980,391,515039,8.58746794610551e-18,7.11584712334132e-17,1.39596989465994,16.1477733908583
"GO:0046527",291,2,519,0,291,308117,228,515202,8.91591277817341e-18,7.38023821133344e-17,1.49775858059356,16.1319296202639
"GO:0055035",390,17,735,0,390,308018,345,515085,9.78608066913397e-18,8.09201964573767e-17,1.41740334431093,16.0919430715234
"GO:0019898",356,13,660,0,356,308052,304,515126,1.01511038480248e-17,8.38504611664758e-17,1.4408615348578,16.076494544489
"GO:0098771",362,9,674,0,362,308046,312,515118,1.13948939514182e-17,9.40257915991241e-17,1.43471242418325,16.0267530015835
"GO:0035673",253,3,439,0,253,308155,186,515244,1.17758733058115e-17,9.70677221605737e-17,1.53947338877016,16.0129251616265
"GO:0005663",156,0,241,0,156,308252,85,515345,1.2530966038178e-17,1.03183854239055e-16,1.72911445322578,15.9863882539051
"GO:0008097",169,4,267,0,169,308239,98,515332,1.34037834620829e-17,1.10255573054876e-16,1.69079762233345,15.9575994491544
"GO:0005385",249,3,431,0,249,308159,182,515248,1.40072981942786e-17,1.1509963610163e-16,1.54325702337477,15.9389260494311
"GO:0042759",218,3,366,0,218,308190,148,515282,1.56383729323744e-17,1.28368375102869e-16,1.59107844934104,15.8915419560958
"GO:0016573",302,1,544,0,302,308106,242,515188,1.6183709299755e-17,1.32706416257991e-16,1.48294221501083,15.8771080788079
"GO:0009523",418,9,799,0,418,307990,381,515049,1.67299620345411e-17,1.3675831893656e-16,1.39748027814463,15.8640462462863
"GO:0018230",157,1,243,0,157,308251,86,515344,1.67244606943535e-17,1.3675831893656e-16,1.72587589866793,15.8640462462863
"GO:0019706",157,1,243,0,157,308251,86,515344,1.67244606943535e-17,1.3675831893656e-16,1.72587589866793,15.8640462462863
"GO:0042752",144,1,218,0,144,308264,74,515356,1.70294464258905e-17,1.39062035544201e-16,1.76450211670041,15.8567914178445
"GO:0007166",556,15,1112,0,556,307852,556,514874,1.72032815127872e-17,1.40335991780995e-16,1.33563007444684,15.8528309317708
"GO:0045490",284,3,506,0,284,308124,222,515208,1.74829571925624e-17,1.4246981264995e-16,1.49928435234348,15.846277146802
"GO:0015931",434,13,835,0,434,307974,401,515029,1.79484603146601e-17,1.46111974764224e-16,1.38841545463456,15.8353141895352
"GO:0033095",91,0,120,0,91,308317,29,515401,1.81998955008252e-17,1.48005761758776e-16,2.02570561291104,15.8297213775014
"GO:0062012",362,5,676,0,362,308046,314,515116,1.89089841408235e-17,1.53613542989229e-16,1.4304677128691,15.8135704940297
"GO:0048193",935,29,2000,0,935,307473,1065,514365,2.03237847991776e-17,1.64936942205284e-16,1.24881411960779,15.7826820611593
"GO:0032454",275,7,487,0,275,308133,212,515218,2.05328957004274e-17,1.66462363495123e-16,1.50841178838965,15.7786839433832
"GO:0005759",416,7,796,0,416,307992,380,515050,2.07212789328308e-17,1.67816777530087e-16,1.3960354546982,15.7751646226224
"GO:0031324",923,21,1973,0,923,307485,1050,514380,2.29486844689245e-17,1.85664999115492e-16,1.24965692723206,15.7312699601466
"GO:0044438",221,3,374,0,221,308187,153,515277,2.46451271823857e-17,1.98980965312554e-16,1.57847190616444,15.7011884665808
"GO:0044439",221,3,374,0,221,308187,153,515277,2.46451271823857e-17,1.98980965312554e-16,1.57847190616444,15.7011884665808
"GO:0009908",791,16,1661,0,791,307617,870,514560,2.77078921945971e-17,2.23480048520357e-16,1.27210522442799,15.650761243021
"GO:0031047",551,11,1103,0,551,307857,552,514878,2.8897873412798e-17,2.32839364898205e-16,1.33441916776103,15.6329435939842
"GO:0008408",363,5,679,0,363,308045,316,515114,2.99678660276787e-17,2.41213743731991e-16,1.4280816407193,15.6175979508564
"GO:0000165",250,1,435,0,250,308158,185,515245,3.08393109810006e-17,2.47974520983082e-16,1.5352069821228,15.60559294
"GO:0006862",229,4,391,0,229,308179,162,515268,3.13483094656147e-17,2.51810093993182e-16,1.56449763196074,15.5989268648649
"GO:0051345",290,8,520,0,290,308118,230,515200,3.16184887325969e-17,2.53721450869524e-16,1.48974123688301,15.5956428138171
"GO:0047484",260,3,456,0,260,308148,196,515234,3.1868013125983e-17,2.55463339437615e-16,1.52308692700078,15.5926714149904
"GO:0005545",174,0,278,0,174,308234,104,515326,3.29149858581156e-17,2.63587760605377e-16,1.67193980542266,15.5790747595748
"GO:0006108",154,0,239,0,154,308254,85,515345,3.39000099690095e-17,2.71200079752076e-16,1.72123038882689,15.5667101870915
"GO:0006914",265,2,467,0,265,308143,202,515228,3.3981439273109e-17,2.71575522799913e-16,1.51581143352639,15.5661093757464
"GO:0030544",209,1,350,0,209,308199,141,515289,3.55666816488178e-17,2.83956306226667e-16,1.59512391748222,15.5467484818704
"GO:0044459",892,28,1901,0,892,307516,1009,514421,3.60163060837105e-17,2.87254672229958e-16,1.25342664535148,15.541732898733
"GO:0009968",411,8,787,0,411,307997,376,515054,3.61979949134879e-17,2.88411554614349e-16,1.39502912477166,15.539987344491
"GO:0009231",138,2,208,0,138,308270,70,515360,3.85571008017141e-17,3.06897368565312e-16,1.77227836801599,15.5130068353299
"GO:0005249",237,7,408,0,237,308171,171,515259,3.88573800615811e-17,3.08975046307845e-16,1.55168788060735,15.5100765940005
"GO:0048268",174,0,279,0,174,308234,105,515325,4.13034744796825e-17,3.28093795261413e-16,1.66594718963261,15.4840019826868
"GO:0015036",140,1,212,0,140,308268,72,515358,4.25816568650366e-17,3.3790605125158e-16,1.76403972096752,15.4712040307713
"GO:0010027",191,1,313,0,191,308217,122,515308,4.31814448767335e-17,3.42320578116461e-16,1.63006609724822,15.46556699308
"GO:0031907",206,3,344,0,206,308202,138,515292,4.58407316679223e-17,3.63036458440527e-16,1.599649972884,15.4400497581472
"GO:0055028",222,6,377,0,222,308186,155,515275,4.94976553233624e-17,3.91603560508049e-16,1.57299669245198,15.4071533681918
"GO:0010648",414,9,795,0,414,307994,381,515049,5.22029454499863e-17,4.12178120945128e-16,1.3910713228201,15.3849150649706
"GO:0023057",414,9,795,0,414,307994,381,515049,5.22029454499863e-17,4.12178120945128e-16,1.3910713228201,15.3849150649706
"GO:0008061",229,6,392,0,229,308179,163,515267,5.35578490936165e-17,4.22452292650249e-16,1.56050656657309,15.3742223286281
"GO:0015932",187,3,306,0,187,308221,119,515311,5.76387662218436e-17,4.54186554252605e-16,1.63243675765724,15.3427657267881
"GO:0018026",135,4,203,0,135,308273,68,515362,5.90080396292886e-17,4.6451128796176e-16,1.77645379359924,15.3330037278707
"GO:0031222",159,3,250,0,159,308249,91,515339,6.21654359195292e-17,4.88877434124409e-16,1.69892145469638,15.3108000086789
"GO:0005615",776,22,1630,0,776,307632,854,514576,6.49267119306786e-17,5.10082910497307e-16,1.27171648806226,15.2923592265591
"GO:0005694",1344,36,2994,0,1344,307064,1650,513780,7.45281127767639e-17,5.84930512241959e-16,1.19912279228894,15.2328957235628
"GO:0005839",292,3,527,0,292,308116,235,515195,7.78612508889111e-17,6.10481839638953e-16,1.48009101229023,15.2143272507394
"GO:0000159",202,5,337,0,202,308206,135,515295,9.30194599413151e-17,7.28606157868689e-16,1.60117077174042,15.1375071626067
"GO:0061025",219,10,373,0,219,308189,154,515276,9.39599314252757e-17,7.35241133379493e-16,1.56838062361318,15.1335702041518
"GO:0004185",629,9,1289,0,629,307779,660,514770,1.02035242881209e-16,7.97637966197499e-16,1.30350863743531,15.0981941825328
"GO:0019901",288,6,520,0,288,308120,232,515198,1.11412078484189e-16,8.70075279590809e-16,1.47946715938727,15.060443170259
"GO:0090481",146,1,225,0,146,308262,79,515351,1.1612970447774e-16,9.06018863873903e-16,1.73335102994878,15.042862759949
"GO:0080134",821,32,1740,0,821,307587,919,514511,1.18622795261867e-16,9.24553113169719e-16,1.26040493232282,15.0340681347006
"GO:0046556",273,3,488,0,273,308135,215,515215,1.22382257932093e-16,9.52911112207159e-16,1.49437299313109,15.020947608573
"GO:0002098",148,1,229,0,148,308260,81,515349,1.23186228326881e-16,9.58223309673132e-16,1.72640393902299,15.0185332687322
"GO:0005819",358,11,673,0,358,308050,315,515115,1.23491101226946e-16,9.58700146803275e-16,1.42096750862397,15.0183172061263
"GO:0010608",597,20,1216,0,597,307811,619,514811,1.23430080962758e-16,9.58700146803275e-16,1.31146571454731,15.0183172061263
"GO:0008654",225,5,386,0,225,308183,161,515269,1.25058229872863e-16,9.6990973946717e-16,1.55708169300797,15.0132686796258
"GO:0007281",696,8,1447,0,696,307712,751,514679,1.3602945106852e-16,1.05396047127105e-15,1.28486320914305,14.9771756770085
"GO:0090307",207,3,349,0,207,308201,142,515288,1.40817602026504e-16,1.08998639444704e-15,1.58438639203722,14.9625789230258
"GO:0043328",180,1,293,0,180,308228,113,515317,1.44858182880833e-16,1.12016072263057e-15,1.64104719044663,14.9507196595229
"GO:0015421",226,5,388,0,226,308182,162,515268,1.45832313138914e-16,1.1265868194598e-15,1.55594018981951,14.9482353341138
"GO:0019216",333,10,619,0,333,308075,286,515144,1.5027830239478e-16,1.15979489848207e-15,1.43704302032568,14.9356188058878
"GO:0005384",269,4,480,0,269,308139,211,515219,1.5138946338785e-16,1.16722610753101e-15,1.4970187084425,14.9328450070726
"GO:0005905",172,0,277,0,172,308236,105,515325,1.55363927448043e-16,1.19669749204598e-15,1.65868861230943,14.9220156191332
"GO:0017116",170,4,273,0,170,308238,103,515327,1.56608485069861e-16,1.20510458892468e-15,1.66342207073965,14.9189752597931
"GO:0009765",243,4,424,0,243,308165,181,515249,1.62669743456211e-16,1.25052365281962e-15,1.53093447212538,14.9029080894657
"GO:0015144",473,6,932,0,473,307935,459,514971,1.63364795663324e-16,1.25464163069433e-15,1.35569318715312,14.9014803060854
"GO:0005655",231,2,399,0,231,308177,168,515262,1.64668719003083e-16,1.26342315398856e-15,1.54651903357002,14.8984511683176
"GO:0045332",174,8,282,0,174,308234,108,515322,1.89212796432113e-16,1.45032437537838e-15,1.64822434718971,14.8385348538465
"GO:0015935",451,10,883,0,451,307957,432,514998,1.90128274694287e-16,1.45592390894302e-15,1.36436956642248,14.8368613219939
"GO:0006366",646,15,1331,0,646,307762,685,514745,1.92038636707688e-16,1.46912356478418e-15,1.29649440735185,14.8329416751103
"GO:0009648",523,6,1047,0,523,307885,524,514906,1.95635129891624e-16,1.49518421602609e-15,1.3343544010233,14.8253052962527
"GO:0044403",461,9,906,0,461,307947,445,514985,1.9682376348728e-16,1.50280956951684e-15,1.35921736052978,14.8230960481208
"GO:0019005",936,14,2017,0,936,307472,1081,514349,1.98977204213001e-16,1.5177796042294e-15,1.239613038852,14.8187912874762
"GO:0009867",646,15,1332,0,646,307762,686,514744,1.99925944760279e-16,1.5235402102158e-15,1.29552106320219,14.8171460791214
"GO:0010020",200,0,335,0,200,308208,135,515295,2.05653900115876e-16,1.56567456645278e-15,1.59478217844398,14.8052985032495
"GO:0030312",669,20,1386,0,669,307739,717,514713,2.40169293233215e-16,1.82667891433031e-15,1.28937448745301,14.738337784333
"GO:0051213",491,3,975,0,491,307917,484,514946,2.55735647955431e-16,1.94319596593162e-15,1.34521921344287,14.7114833997959
"GO:0046658",299,7,546,0,299,308109,247,515183,2.80567245347368e-16,2.12982194346623e-15,1.46283293867987,14.6716567027596
"GO:2001070",144,0,223,0,144,308264,79,515351,3.02684374622972e-16,2.29550230927942e-15,1.7249392889717,14.6391222659967
"GO:0030003",350,8,658,0,350,308058,308,515122,3.05505957115006e-16,2.31467073571639e-15,1.42088305792217,14.6355107790874
"GO:0051087",587,20,1197,0,587,307821,610,514820,3.17244596692695e-16,2.40129756265855e-15,1.30996633868052,14.6195540199457
"GO:0008094",666,15,1381,0,666,307742,715,514715,3.39096521714596e-16,2.56177333871142e-15,1.28823986905372,14.5914592985186
"GO:0048573",453,3,890,0,453,307955,437,514993,3.38887994534905e-16,2.56177333871142e-15,1.3596414016279,14.5914592985186
"GO:0009086",152,2,239,0,152,308256,87,515343,3.53789836793558e-16,2.67021437702674e-15,1.69887674741355,14.5734538700877
"GO:0005666",339,2,635,0,339,308069,296,515134,3.64113708773628e-16,2.74550106845402e-15,1.42607431570859,14.5613783829422
"GO:0009735",290,9,527,0,290,308118,237,515193,3.6899627788948e-16,2.77965425793874e-15,1.46995340261701,14.5560092196241
"GO:0006873",369,8,701,0,369,308039,332,515098,3.70287791307227e-16,2.78671653266777e-15,1.40612695426785,14.5549072058684
"GO:0070971",143,0,221,0,143,308265,78,515352,3.83370672190351e-16,2.88242018288677e-15,1.72846244928414,14.5402427099177
"GO:0010015",598,10,1223,0,598,307810,625,514805,3.98922737810348e-16,2.99648835118613e-15,1.30614355604122,14.523387406279
"GO:0040029",613,14,1259,0,613,307795,646,514784,4.12711153692629e-16,3.09710410092314e-15,1.30062150220161,14.5090441967431
"GO:0048878",661,16,1371,0,661,307747,710,514720,4.27648851942595e-16,3.20614453570677e-15,1.28789420745348,14.4940169031781
"GO:0005471",120,0,177,0,120,308288,57,515373,4.67419932109439e-16,3.5009797388825e-15,1.81102382975842,14.4558104026074
"GO:0048831",676,26,1407,0,676,307732,731,514699,5.13207186760602e-16,3.84027278914397e-15,1.28341994360492,14.4156379249522
"GO:0006098",149,0,234,0,149,308259,85,515345,5.5313424940643e-16,4.13511188160248e-15,1.70093060762888,14.3835127354693
"GO:0019825",169,5,274,0,169,308239,105,515325,5.68882881261595e-16,4.2488102858551e-15,1.6476020626388,14.3717326602133
"GO:0048278",229,10,398,0,229,308179,169,515261,5.80473367776967e-16,4.33126668354529e-15,1.53698134195138,14.3633850751881
"GO:0004356",132,1,201,0,132,308276,69,515361,6.00554907048593e-16,4.47686385254406e-15,1.75426039628838,14.3490261128955
"GO:0048638",450,10,886,0,450,307958,436,514994,6.91642858713318e-16,5.15100528267856e-15,1.35673483860288,14.288108004723
"GO:0061024",527,23,1062,0,527,307881,535,514895,7.12207646568741e-16,5.29914800925249e-15,1.32556883094818,14.2757939501396
"GO:0101005",195,4,328,0,195,308213,133,515297,7.52612359196416e-16,5.5944896049048e-15,1.58809673486057,14.2522395287754
"GO:0004029",122,0,182,0,122,308286,60,515370,7.5521265607728e-16,5.603236596268e-15,1.79062493497268,14.2515610390916
"GO:0006542",122,0,182,0,122,308286,60,515370,7.5521265607728e-16,5.603236596268e-15,1.79062493497268,14.2515610390916
"GO:0016706",465,3,920,0,465,307943,455,514975,7.7290823892305e-16,5.72912773710193e-15,1.35014779264735,14.241911494577
"GO:0021700",342,9,644,0,342,308066,302,515128,8.12778084799019e-16,6.01899255271672e-15,1.41858846416403,14.2204761940263
"GO:0006744",191,5,320,0,191,308217,129,515301,8.45901594219695e-16,6.25839976475323e-15,1.59440840137091,14.2035366990867
"GO:1900140",189,6,316,0,189,308219,127,515303,8.94071462563209e-16,6.60857328948129e-15,1.59768407639527,14.1798922892865
"GO:0000987",306,4,565,0,306,308102,259,515171,9.23097925408702e-16,6.81672314147964e-15,1.44673558506454,14.1664243443424
"GO:0010029",185,5,308,0,185,308223,123,515307,9.92324970208837e-16,7.32107044562696e-15,1.60449067384847,14.1354254142093
"GO:0030574",117,0,173,0,117,308291,56,515374,1.00048142576964e-15,7.37433500342563e-15,1.8065747827778,14.1322771370263
"GO:0000178",143,3,223,0,143,308265,80,515350,1.0117510705063e-15,7.45042509544021e-15,1.7129605439094,14.1278189472065
"GO:0009410",206,4,351,0,206,308202,145,515285,1.08225692662703e-15,7.96217432374581e-15,1.56774812157292,14.0989683182098
"GO:0035999",161,1,259,0,161,308247,98,515332,1.15045075027114e-15,8.45597414204897e-15,1.6605130655285,14.0728363537497
"GO:0030677",232,2,406,0,232,308176,174,515256,1.15489480678896e-15,8.48072007373389e-15,1.52643437079638,14.0715672714729
"GO:0001709",195,2,329,0,195,308213,134,515296,1.2915058367395e-15,9.47505493645233e-15,1.58326969311327,14.0234182633093
"GO:0015996",118,3,175,0,118,308290,57,515373,1.29984783243366e-15,9.52737629135731e-15,1.80119255753973,14.0210266816353
"GO:0043067",385,6,742,0,385,308023,357,515073,1.37547112753257e-15,1.00722871776152e-14,1.38603120933162,13.9968719002676
"GO:0004791",163,2,264,0,163,308245,101,515329,1.45717141768587e-15,1.06606444238133e-14,1.64930077374875,13.9722165419092
"GO:0000097",120,2,179,0,120,308288,59,515371,1.49051078880665e-15,1.08944298323918e-14,1.79078892663263,13.9627954939286
"GO:0005852",282,6,514,0,282,308126,232,515198,1.55614456552484e-15,1.13636085527009e-14,1.46555517896501,13.9444837350274
"GO:0031418",209,1,359,0,209,308199,150,515280,1.62783820292208e-15,1.18761282051924e-14,1.55513473849242,13.9253251227544
"GO:0009696",187,5,313,0,187,308221,126,515304,1.64225114746585e-15,1.19701861415289e-14,1.5959285873582,13.9218990960756
"GO:0004301",212,3,365,0,212,308196,153,515277,1.68417629394328e-15,1.22644179333224e-14,1.55152644264509,13.9113530584926
"GO:0030639",192,3,323,0,192,308216,131,515299,1.75265070955012e-15,1.27512628332519e-14,1.58786980986868,13.8944468023395
"GO:0010088",148,3,234,0,148,308260,86,515344,1.75517380602804e-15,1.27578284404919e-14,1.68951496596694,13.894223242274
"GO:0071395",635,15,1317,0,635,307773,682,514748,1.81050824370162e-15,1.31478975040767e-14,1.28796521985382,13.881143690169
"GO:0006625",205,4,351,0,205,308203,146,515284,1.90259706666459e-15,1.37658493646908e-14,1.5601376937983,13.8611969871026
"GO:0043574",205,4,351,0,205,308203,146,515284,1.90259706666459e-15,1.37658493646908e-14,1.5601376937983,13.8611969871026
"GO:0072662",205,4,351,0,205,308203,146,515284,1.90259706666459e-15,1.37658493646908e-14,1.5601376937983,13.8611969871026
"GO:0072663",205,4,351,0,205,308203,146,515284,1.90259706666459e-15,1.37658493646908e-14,1.5601376937983,13.8611969871026
"GO:0016624",129,1,197,0,129,308279,68,515362,1.90785746800655e-15,1.37891035277158e-14,1.7492008081588,13.8604639677344
"GO:0044433",872,36,1878,0,872,307536,1006,514424,1.90931438582448e-15,1.37891035277158e-14,1.24032952600388,13.8604639677344
"GO:0010039",186,1,311,0,186,308222,125,515305,2.09555133292738e-15,1.51063920263776e-14,1.59760253277885,13.8208392491051
"GO:0030659",657,12,1370,0,657,307751,713,514717,2.09501944102771e-15,1.51063920263776e-14,1.28103497651324,13.8208392491051
"GO:0080142",133,0,205,0,133,308275,72,515358,2.18643723303359e-15,1.57471490379144e-14,1.73306146245297,13.8027980621396
"GO:0009089",190,1,320,0,190,308218,130,515300,2.2059576532798e-15,1.58732163131797e-14,1.58606071340562,13.7993350653346
"GO:1905392",779,11,1658,0,779,307629,879,514551,2.29093002950028e-15,1.6469590129887e-14,1.25507337514365,13.7833172087564
"GO:0002181",387,11,748,0,387,308021,361,515069,2.40149489677393e-15,1.72486932731792e-14,1.38205571874579,13.7632438006338
"GO:0006189",137,4,213,0,137,308271,76,515354,2.42645592253385e-15,1.74120884431964e-14,1.71813446196448,13.7591491355478
"GO:0016765",290,5,533,0,290,308118,243,515187,2.46982780117935e-15,1.77071807385099e-14,1.45340608476391,13.7518505798135
"GO:0006534",163,2,265,0,163,308245,102,515328,2.67310799307768e-15,1.91471393280323e-14,1.64307699724403,13.717896102471
"GO:0090110",124,0,188,0,124,308284,64,515366,2.73218444826454e-15,1.95525054333986e-14,1.76189499182349,13.7087975847549
"GO:0004565",97,0,137,0,97,308311,40,515390,2.81010706222474e-15,2.00736504481244e-14,1.89133017841377,13.6973736426936
"GO:0010179",121,0,182,0,121,308287,61,515369,2.80913943529667e-15,2.00736504481244e-14,1.77594768140733,13.6973736426936
"GO:0090374",207,5,356,0,207,308201,149,515281,2.9155703745408e-15,2.08081323557436e-14,1.55323272702525,13.6817668983561
"GO:0003691",180,3,300,0,180,308228,120,515310,2.9300352285834e-15,2.08924251081599e-14,1.6027560893362,13.6800111459477
"GO:0009706",374,5,720,0,374,308034,346,515084,3.30931454016118e-15,2.35754968870125e-14,1.38757124400866,13.6275391451224
"GO:0061631",208,6,358,0,208,308200,150,515280,3.38993121651372e-15,2.41279733602134e-14,1.55201706974828,13.6174791553162
"GO:0030029",232,4,409,0,232,308176,177,515253,3.51409692150716e-15,2.49891336640509e-14,1.51523803066829,13.6022487999537
"GO:0017025",150,0,239,0,150,308258,89,515341,3.58678456448974e-15,2.54830036928368e-14,1.67652310600021,13.5937493828382
"GO:0080008",170,3,280,0,170,308238,110,515320,3.6677775716272e-15,2.60349369196117e-14,1.62183651897116,13.5844434702448
"GO:0071215",234,3,414,0,234,308174,180,515250,3.71914434063028e-15,2.63757695940915e-14,1.50984269285295,13.5787948596339
"GO:0046982",1188,48,2646,0,1188,307220,1458,513972,3.84441213840873e-15,2.72396150797061e-14,1.19934129134002,13.5647990336881
"GO:0016226",290,6,535,0,290,308118,245,515185,4.11542097097238e-15,2.91336275930706e-14,1.44797279098909,13.5356054355383
"GO:0000796",138,7,216,0,138,308270,78,515352,4.12802742660734e-15,2.9196614467433e-14,1.70663842845985,13.5346675048309
"GO:0010166",211,4,365,0,211,308197,154,515276,4.13939893768093e-15,2.92245277465689e-14,1.54420792168922,13.5342524980863
"GO:1901570",211,4,365,0,211,308197,154,515276,4.13939893768093e-15,2.92245277465689e-14,1.54420792168922,13.5342524980863
"GO:0004709",160,1,260,0,160,308248,100,515330,4.26518736086323e-15,3.00856226744761e-14,1.64385239931918,13.5216409955969
"GO:0012506",657,12,1374,0,657,307751,717,514713,4.51364087057776e-15,3.18096516859339e-14,1.27730561704741,13.4974410863691
"GO:0015165",133,1,206,0,133,308275,73,515357,4.52990897695131e-15,3.18957454978182e-14,1.72464854273232,13.4962672426496
"GO:0016123",120,2,181,0,120,308288,61,515369,4.71566647095876e-15,3.31740182836348e-14,1.77100120368641,13.4792019203191
"GO:0000302",744,16,1579,0,744,307664,835,514595,4.736834670844e-15,3.32931808293607e-14,1.25865582696447,13.4776447103811
"GO:0000049",337,5,639,0,337,308071,302,515128,4.75878274906306e-15,3.34176073154545e-14,1.40878665129447,13.4760246486046
"GO:0003978",111,0,164,0,111,308297,53,515377,4.95858340105012e-15,3.47896332736778e-14,1.80798705199511,13.4585501492362
"GO:0022900",173,4,287,0,173,308235,114,515316,5.21124967557202e-15,3.65297929172778e-14,1.61020211065716,13.437352789741
"GO:0009790",2205,49,5160,0,2205,306203,2955,512475,5.56808043184267e-15,3.89963782557523e-14,1.14149779618421,13.4089757257063
"GO:0046540",289,8,534,0,289,308119,245,515185,5.68053223534825e-15,3.97485775614768e-14,1.44568199069339,13.4006784083473
"GO:0030681",215,2,374,0,215,308193,159,515271,5.87546143395548e-15,4.10760500960013e-14,1.5356174652731,13.3864113251523
"GO:0045910",187,4,316,0,187,308221,129,515301,6.09636149024934e-15,4.25784612906912e-14,1.58077736659214,13.3708100372386
"GO:0071577",224,3,394,0,224,308184,170,515260,6.10118195323929e-15,4.25784612906912e-14,1.51868597297508,13.3708100372386
"GO:0090447",126,0,193,0,126,308282,67,515363,6.12266541525401e-15,4.26905422044992e-14,1.74393149616893,13.369668329269
"GO:0071241",281,4,517,0,281,308127,236,515194,6.23617707206461e-15,4.34435273551262e-14,1.45188414282229,13.3620749198678
"GO:0016628",405,5,793,0,405,308003,388,515042,6.44548345092627e-15,4.48619325602932e-14,1.36426274943498,13.3481220218321
"GO:0019344",112,1,166,0,112,308296,54,515376,6.46944413256641e-15,4.49889259819459e-14,1.80229600407284,13.346894374598
"GO:0001676",232,4,411,0,232,308176,179,515251,6.49063757512617e-15,4.50964686596586e-14,1.50786460959448,13.3458574648109
"GO:0033559",222,3,390,0,222,308186,168,515262,6.7207937305692e-15,4.66543988069142e-14,1.52056346937024,13.3311074025604
"GO:0015718",155,5,251,0,155,308253,96,515334,6.99309160453495e-15,4.85018652959464e-14,1.64958296047219,13.314241558879
"GO:0016485",206,6,356,0,206,308202,150,515280,7.15449499185763e-15,4.95776272675205e-14,1.54572918728117,13.3047142619426
"GO:0009001",72,1,93,0,72,308336,21,515409,7.78600621811903e-15,5.3906280518059e-14,2.06807237333704,13.2683606330426
"GO:0042325",228,9,403,0,228,308180,175,515255,7.95484120120123e-15,5.50268101369561e-14,1.5112836574386,13.2594256621856
"GO:0009705",427,6,844,0,427,307981,417,515013,8.07243344755014e-15,5.57912169439111e-14,1.35145507532891,13.2534341654536
"GO:0004176",455,6,908,0,455,307953,453,514977,8.40208514492396e-15,5.80186090007381e-14,1.33857199091038,13.236432687642
"GO:0016075",144,2,229,0,144,308264,85,515345,8.59246713051018e-15,5.92812456190851e-14,1.67974437310345,13.2270826795258
"GO:0001228",241,10,431,0,241,308167,190,515240,8.64571202484054e-15,5.95963616983754e-14,1.4936744684069,13.2247802527187
"GO:0051011",121,2,184,0,121,308287,63,515367,8.72259263981079e-15,6.00737088894055e-14,1.7566439022616,13.2213155543273
"GO:0050684",186,2,315,0,186,308222,129,515301,9.15477532867603e-15,6.29950973665539e-14,1.5773155164896,13.200693248475
"GO:0031399",393,8,767,0,393,308015,374,515056,9.87158989376311e-15,6.78682582041076e-14,1.36871608672127,13.1683332965585
"GO:0009904",178,1,298,0,178,308230,120,515310,9.94949280635849e-15,6.83441600101693e-14,1.59558492115125,13.1652985898557
"GO:0004033",198,9,340,0,198,308210,142,515288,9.96718178812982e-15,6.84059764918552e-14,1.55561620435573,13.1649059531915
"GO:0031072",187,2,317,0,187,308221,130,515300,1.0644165749324e-14,7.29885651382214e-14,1.57579068720226,13.1367451739393
"GO:0010050",212,2,370,0,212,308196,158,515272,1.07618551758202e-14,7.37313524317289e-14,1.53055986909583,13.1323477998925
"GO:0016197",225,15,397,0,225,308183,172,515258,1.10877759944365e-14,7.58982370680038e-14,1.51393837153924,13.119768311595
"GO:0009733",1019,31,2244,0,1019,307389,1225,514205,1.11212106330123e-14,7.60609644683519e-14,1.21301875745216,13.118838171948
"GO:0031124",362,9,698,0,362,308046,336,515094,1.12364226420907e-14,7.678222138762e-14,1.38538133796491,13.1147393274566
"GO:0030258",291,8,541,0,291,308117,250,515180,1.24780243154495e-14,8.51925476246476e-14,1.43685157731619,13.0695983942832
"GO:0048528",471,5,947,0,471,307937,476,514954,1.38010087717907e-14,9.41434497846933e-14,1.32857817331459,13.0262098914872
"GO:0016667",128,1,198,0,128,308280,70,515360,1.39634276470739e-14,9.51689198595372e-14,1.72687524776965,13.0215048597807
"GO:0046914",450,12,899,0,450,307958,449,514981,1.42020584853584e-14,9.67115954989113e-14,1.33711575862308,13.0145214518809
"GO:0034647",84,0,115,0,84,308324,31,515399,1.4539741109838e-14,9.89255332900992e-14,1.95118132614842,13.0046915998507
"GO:0042500",130,6,202,0,130,308278,72,515358,1.46959530017504e-14,9.99020224782204e-14,1.71912781859494,13.0004257195594
"GO:0008526",183,3,310,0,183,308225,127,515303,1.47879160098424e-14,1.00440444201449e-13,1.57690518466949,12.998091375272
"GO:0030660",606,8,1261,0,606,307802,655,514775,1.51251676071821e-14,1.0264251672736e-13,1.28373009534462,12.988672707886
"GO:0010117",98,2,141,0,98,308310,43,515387,1.56146543683614e-14,1.05873005329665e-13,1.8566205290183,12.9752147587862
"GO:0006612",186,2,316,0,186,308222,130,515300,1.57105021441094e-14,1.06431215902263e-13,1.57232401169058,12.9729309763097
"GO:0008144",378,12,735,0,378,308030,357,515073,1.60863198326434e-14,1.0888349933153e-13,1.37379093371675,12.9630379300902
"GO:0010119",229,3,407,0,229,308179,178,515252,1.63854472219514e-14,1.10812921418558e-13,1.50299403954951,12.9554095954416
"GO:0035435",110,1,164,0,110,308298,54,515376,1.86664015348945e-14,1.26130397324197e-13,1.79169888035551,12.8991802361924
"GO:0045493",180,3,304,0,180,308228,124,515306,1.92845013108741e-14,1.30195192383534e-13,1.58166719342389,12.8854050523258
"GO:0071051",156,8,255,0,156,308252,99,515331,1.94677707016913e-14,1.313198722911e-13,1.63418267932319,12.8816695482949
"GO:0031123",327,10,622,0,327,308081,295,515135,2.08477662410381e-14,1.40508232747819e-13,1.40434416187819,12.8522982285546
"GO:0006954",233,4,416,0,233,308175,183,515247,2.11893720338899e-14,1.42617312770988e-13,1.49616253531785,12.84582775089
"GO:0045934",696,13,1475,0,696,307712,779,514651,2.11969329194685e-14,1.42617312770988e-13,1.26047258551186,12.84582775089
"GO:0006515",223,1,395,0,223,308185,172,515258,2.23751844823829e-14,1.5041627006432e-13,1.50807851443871,12.822705184908
"GO:0072594",456,19,914,0,456,307952,458,514972,2.29538546426469e-14,1.54174696029792e-13,1.3327074703452,12.8119868991541
"GO:0009749",105,2,155,0,105,308303,50,515380,2.46023711176583e-14,1.65106449648939e-13,1.80956332666991,12.7822359613088
"GO:0043331",304,6,572,0,304,308104,268,515162,2.46707440838683e-14,1.65424273788936e-13,1.41969070850293,12.781400763229
"GO:0031225",350,7,674,0,350,308058,324,515106,2.52031886619103e-14,1.68850639273666e-13,1.38715289630977,12.7724972907733
"GO:0080147",192,2,330,0,192,308216,138,515292,2.55391549666666e-14,1.70955976103401e-13,1.55418772299268,12.7671157129817
"GO:0016116",116,1,176,0,116,308292,60,515370,2.58359571680549e-14,1.72795798493567e-13,1.76060327995265,12.7624668215402
"GO:0006090",199,3,345,0,199,308209,146,515284,2.71517382530481e-14,1.8128794192366e-13,1.54081382501403,12.7416310813439
"GO:0016459",199,0,345,0,199,308209,146,515284,2.71517382530481e-14,1.8128794192366e-13,1.54081382501403,12.7416310813439
"GO:0030674",184,5,313,0,184,308224,129,515301,2.96076903204954e-14,1.97518422205881e-13,1.57032545494069,12.7043923922439
"GO:0010287",188,3,322,0,188,308220,134,515296,2.99006581764225e-14,1.99303963729719e-13,1.55961772668326,12.7004840640249
"GO:0010436",120,0,184,0,120,308288,64,515366,3.03394971198976e-14,2.02057970666526e-13,1.74212618406109,12.6945240130847
"GO:0003018",177,3,299,0,177,308231,122,515308,3.07411512060834e-14,2.02845215669982e-13,1.58131453630161,12.6928352311572
"GO:0009810",177,3,299,0,177,308231,122,515308,3.07411512060834e-14,2.02845215669982e-13,1.58131453630161,12.6928352311572
"GO:0015643",177,3,299,0,177,308231,122,515308,3.07411512060834e-14,2.02845215669982e-13,1.58131453630161,12.6928352311572
"GO:0018904",177,3,299,0,177,308231,122,515308,3.07411512060834e-14,2.02845215669982e-13,1.58131453630161,12.6928352311572
"GO:0019373",177,3,299,0,177,308231,122,515308,3.07411512060834e-14,2.02845215669982e-13,1.58131453630161,12.6928352311572
"GO:0035296",177,3,299,0,177,308231,122,515308,3.07411512060834e-14,2.02845215669982e-13,1.58131453630161,12.6928352311572
"GO:0046272",177,3,299,0,177,308231,122,515308,3.07411512060834e-14,2.02845215669982e-13,1.58131453630161,12.6928352311572
"GO:0050880",177,3,299,0,177,308231,122,515308,3.07411512060834e-14,2.02845215669982e-13,1.58131453630161,12.6928352311572
"GO:0097176",177,3,299,0,177,308231,122,515308,3.07411512060834e-14,2.02845215669982e-13,1.58131453630161,12.6928352311572
"GO:0097746",177,3,299,0,177,308231,122,515308,3.07411512060834e-14,2.02845215669982e-13,1.58131453630161,12.6928352311572
"GO:0097755",177,3,299,0,177,308231,122,515308,3.07411512060834e-14,2.02845215669982e-13,1.58131453630161,12.6928352311572
"GO:0010274",115,1,174,0,115,308293,59,515371,3.19419923965816e-14,2.1059243228299e-13,1.76548802944122,12.6765572394031
"GO:0006690",186,3,318,0,186,308222,132,515298,3.22813099340216e-14,2.1247363862928e-13,1.56243518142837,12.6726949447102
"GO:0032934",186,3,318,0,186,308222,132,515298,3.22813099340216e-14,2.1247363862928e-13,1.56243518142837,12.6726949447102
"GO:0004402",286,1,533,0,286,308122,247,515183,3.23868408124453e-14,2.1299015110741e-13,1.43335910428441,12.6716404783387
"GO:0009644",205,6,358,0,205,308203,153,515277,3.35256001576163e-14,2.20295095526507e-13,1.52963220816537,12.656995171526
"GO:0070402",91,1,129,0,91,308317,38,515392,3.37872023151621e-14,2.2182890460797e-13,1.88437731433585,12.6539818653381
"GO:0010181",394,5,775,0,394,308014,381,515049,3.39542939070133e-14,2.22740168030007e-13,1.35803419182465,12.6522014570534
"GO:0080162",139,3,222,0,139,308269,83,515347,3.47124605623908e-14,2.27524137841082e-13,1.67254576890189,12.6429725226328
"GO:0090567",737,16,1575,0,737,307671,838,514592,3.48157133575574e-14,2.2801106119026e-13,1.24998014586326,12.6420440841514
"GO:0009793",1083,33,2408,0,1083,307325,1325,514105,3.92305988185484e-14,2.56710950872496e-13,1.20140147061954,12.5905556046357
"GO:0001932",218,5,386,0,218,308190,168,515262,3.93294556686622e-14,2.57144082245605e-13,1.50863915144772,12.5898234658117
"GO:0031969",469,13,947,0,469,307939,478,514952,3.94808916358087e-14,2.57919982537001e-13,1.3229366524088,12.5885150092798
"GO:0030234",416,14,826,0,416,307992,410,515020,4.11515377421646e-14,2.68611032426467e-13,1.34533198782054,12.5708761539028
"GO:0016831",174,2,293,0,174,308234,119,515311,4.17656386148149e-14,2.72393626491982e-13,1.58634561743174,12.5648030583295
"GO:0015937",206,4,361,0,206,308202,155,515275,4.45948783494603e-14,2.9060503507198e-13,1.52432019576758,12.5366968653132
"GO:0035091",384,6,753,0,384,308024,369,515061,4.53289026347373e-14,2.95144021125436e-13,1.36223625122865,12.5299660100661
"GO:0080030",163,5,271,0,163,308245,108,515322,4.60070333611506e-14,2.98817959256582e-13,1.60669890874416,12.5245933045419
"GO:0080031",163,5,271,0,163,308245,108,515322,4.60070333611506e-14,2.98817959256582e-13,1.60669890874416,12.5245933045419
"GO:0080032",163,5,271,0,163,308245,108,515322,4.60070333611506e-14,2.98817959256582e-13,1.60669890874416,12.5245933045419
"GO:0090696",587,5,1222,0,587,307821,635,514795,4.62316090487121e-14,3.00029040751411e-13,1.28316670000048,12.5228367065214
"GO:0000290",103,1,152,0,103,308305,49,515381,4.71774022028545e-14,3.0591475299907e-13,1.810130232474,12.5143995782896
"GO:0008217",197,3,342,0,197,308211,145,515285,4.81865771127718e-14,3.12201428009662e-13,1.53870833138027,12.5055651148056
"GO:0051817",337,4,647,0,337,308071,310,515120,4.92160919496533e-14,3.18609437358282e-13,1.39136734185034,12.4967413643418
"GO:0031122",168,4,281,0,168,308240,113,515317,5.0083340003082e-14,3.23957315122647e-13,1.59705233101116,12.4895122090154
"GO:0071695",283,7,528,0,283,308125,245,515185,5.04367251874829e-14,3.2597528791122e-13,1.43175496616839,12.4868153224185
"GO:0019369",183,3,313,0,183,308225,130,515300,5.21553308750221e-14,3.36806205617862e-13,1.56179107746819,12.4726199152699
"GO:0004525",278,5,517,0,278,308130,239,515191,5.35767763834564e-14,3.45701953844729e-13,1.43638360037223,12.461298165897
"GO:0035150",177,3,300,0,177,308231,123,515307,5.3717164153829e-14,3.46323928107241e-13,1.57604348784727,12.460517501272
"GO:1902555",205,2,359,0,205,308203,154,515276,5.47667450508564e-14,3.52513341815488e-13,1.52537139421505,12.4528244413188
"GO:1905348",205,2,359,0,205,308203,154,515276,5.47667450508564e-14,3.52513341815488e-13,1.52537139421505,12.4528244413188
"GO:0003013",198,3,344,0,198,308210,146,515284,5.53453725848379e-14,3.55656141214566e-13,1.53752764383996,12.4489696878165
"GO:0008015",198,3,344,0,198,308210,146,515284,5.53453725848379e-14,3.55656141214566e-13,1.53752764383996,12.4489696878165
"GO:0035821",338,5,650,0,338,308070,312,515118,5.65449299239861e-14,3.63068261306378e-13,1.38905527742471,12.4400117145737
"GO:0031050",299,6,563,0,299,308109,264,515166,5.74060891235763e-14,3.67697911782581e-13,1.41866213946573,12.4345088365545
"GO:0070918",299,6,563,0,299,308109,264,515166,5.74060891235763e-14,3.67697911782581e-13,1.41866213946573,12.4345088365545
"GO:0071359",299,6,563,0,299,308109,264,515166,5.74060891235763e-14,3.67697911782581e-13,1.41866213946573,12.4345088365545
"GO:0090181",184,3,315,0,184,308224,131,515299,5.88528937834324e-14,3.76658520213967e-13,1.56035513459186,12.4240522041505
"GO:0016801",196,3,340,0,196,308212,144,515286,6.05639812927667e-14,3.86353047598589e-13,1.53990290936224,12.4130156576391
"GO:0016803",196,3,340,0,196,308212,144,515286,6.05639812927667e-14,3.86353047598589e-13,1.53990290936224,12.4130156576391
"GO:0019218",196,3,340,0,196,308212,144,515286,6.05639812927667e-14,3.86353047598589e-13,1.53990290936224,12.4130156576391
"GO:0042577",196,3,340,0,196,308212,144,515286,6.05639812927667e-14,3.86353047598589e-13,1.53990290936224,12.4130156576391
"GO:0051701",305,8,577,0,305,308103,272,515158,6.12676888857273e-14,3.90525705998741e-13,1.41201792965783,12.4083503738073
"GO:0005200",160,5,265,0,160,308248,105,515325,6.16313751048885e-14,3.92526039502979e-13,1.61283631631316,12.4061315276134
"GO:0051231",166,0,278,0,166,308242,112,515318,6.29744439835323e-14,4.0075571789682e-13,1.59506900977104,12.3971202725089
"GO:0019887",131,1,207,0,131,308277,76,515354,6.35776061447321e-14,4.04267298522885e-13,1.69050763045928,12.3933313876435
"GO:0090066",271,9,502,0,271,308137,231,515199,6.45698854140343e-14,4.10245470524034e-13,1.44205478157407,12.3869562052469
"GO:0009690",177,3,301,0,177,308231,124,515306,6.50120199984926e-14,4.12056861053248e-13,1.5708074629707,12.3850428501374
"GO:0042632",177,3,301,0,177,308231,124,515306,6.50120199984926e-14,4.12056861053248e-13,1.5708074629707,12.3850428501374
"GO:0055092",177,3,301,0,177,308231,124,515306,6.50120199984926e-14,4.12056861053248e-13,1.5708074629707,12.3850428501374
"GO:0016121",120,0,185,0,120,308288,65,515365,6.51549088409427e-14,4.12630283504345e-13,1.73270928576887,12.3844389017235
"GO:0048477",602,7,1259,0,602,307806,657,514773,6.96694049446487e-14,4.40866202350703e-13,1.27728245403812,12.3556931937462
"GO:0007292",602,7,1260,0,602,307806,658,514772,7.24770019887419e-14,4.58264224622792e-13,1.27626873780476,12.3388840455598
"GO:0030437",167,2,280,0,167,308241,113,515317,7.41270898450973e-14,4.67945831002892e-13,1.59321587451873,12.3298044175629
"GO:0043935",167,2,280,0,167,308241,113,515317,7.41270898450973e-14,4.67945831002892e-13,1.59321587451873,12.3298044175629
"GO:0006623",194,6,337,0,194,308214,143,515287,7.73647408913393e-14,4.87602274056544e-13,1.53775806790912,12.3119342776068
"GO:0048582",194,9,337,0,194,308214,143,515287,7.73647408913393e-14,4.87602274056544e-13,1.53775806790912,12.3119342776068
"GO:0043562",116,1,178,0,116,308292,62,515368,7.84355383092063e-14,4.93955646056057e-13,1.74082122062734,12.3063120460924
"GO:0043039",176,5,299,0,176,308232,123,515307,7.93117396342011e-14,4.99074352038714e-13,1.57238055587052,12.3018347484153
"GO:0006672",99,0,145,0,99,308309,46,515384,8.11986897680942e-14,5.10540004676069e-13,1.82382589476189,12.2919702219818
"GO:0003917",134,2,213,0,134,308274,79,515351,8.21229357808146e-14,5.15939146421845e-13,1.68051107958569,12.2874015191707
"GO:0071028",118,2,182,0,118,308290,64,515366,8.34503150927495e-14,5.23860351204246e-13,1.73191592071128,12.2807844702385
"GO:0009070",113,1,172,0,113,308295,59,515371,8.4743246707333e-14,5.31552859027989e-13,1.7549557954941,12.2744535415965
"GO:0015717",104,1,155,0,104,308304,51,515379,9.29896726557709e-14,5.81887681356302e-13,1.79232939022543,12.2351608367843
"GO:0035436",104,1,155,0,104,308304,51,515379,9.29896726557709e-14,5.81887681356302e-13,1.79232939022543,12.2351608367843
"GO:0071917",104,1,155,0,104,308304,51,515379,9.29896726557709e-14,5.81887681356302e-13,1.79232939022543,12.2351608367843
"GO:0006012",124,0,194,0,124,308284,70,515360,9.55063897381078e-14,5.97161477377589e-13,1.70740339413822,12.2239082161881
"GO:0006378",271,7,503,0,271,308137,232,515198,9.74441385474887e-14,6.0879385606812e-13,1.43918787345961,12.2155297391041
"GO:0006805",179,3,306,0,179,308229,127,515303,1.01454067718865e-13,6.33343712198975e-13,1.5625998910195,12.198360536745
"GO:0035194",318,8,608,0,318,308090,290,515140,1.0602869235257e-13,6.61377073058184e-13,1.3971393541911,12.1795508641803
"GO:0006289",445,9,896,0,445,307963,451,514979,1.08907261626531e-13,6.78794903819521e-13,1.32668612305545,12.1682614268897
"GO:0002161",182,3,312,0,182,308226,130,515300,1.09889423644077e-13,6.8437463839096e-13,1.55823508685464,12.1647060929517
"GO:0043087",201,5,352,0,201,308207,151,515279,1.10457090874907e-13,6.87366181318e-13,1.52535025547622,12.1628118391297
"GO:0008028",143,3,232,0,143,308265,89,515341,1.22098269952676e-13,7.59208199895311e-13,1.6465094883267,12.1196391099195
"GO:0001522",281,7,526,0,281,308127,245,515185,1.24238027590201e-13,7.71903514751429e-13,1.42704201870556,12.1124369815681
"GO:0016602",171,7,290,0,171,308237,119,515311,1.35723873270072e-13,8.42601206925873e-13,1.57512236365799,12.0743779231336
"GO:0002682",433,13,870,0,433,307975,437,514993,1.38892041045286e-13,8.61590344451134e-13,1.32948924651835,12.0646991766728
"GO:0035838",178,2,305,0,178,308230,127,515303,1.50893519539136e-13,9.3530219355282e-13,1.55896493935434,12.0290480471078
"GO:0030054",1047,41,2331,0,1047,307361,1284,514146,1.51309483460002e-13,9.37142607236142e-13,1.19983242208995,12.0281943164514
"GO:0034755",154,2,255,0,154,308254,101,515329,1.5206473751964e-13,9.41079885027204e-13,1.61323161933187,12.0263735092465
"GO:0005911",1031,41,2292,0,1031,307377,1261,514169,1.53610654136433e-13,9.49900290150823e-13,1.20160087849449,12.022321979669
"GO:0042555",127,3,201,0,127,308281,74,515356,1.63642060056114e-13,1.01113838050371e-12,1.68781113885322,11.9951894044717
"GO:0000146",205,1,362,0,205,308203,157,515273,1.66540546466278e-13,1.02824092688827e-12,1.51273019481548,11.98790511398
"GO:0055044",1029,41,2288,0,1029,307379,1259,514171,1.7225641458667e-13,1.06269788058485e-12,1.20136656171835,11.9735901855652
"GO:0030014",269,4,501,0,269,308139,232,515198,1.79783592985326e-13,1.10826659669576e-12,1.43426942126227,11.955355756262
"GO:0010267",252,3,464,0,252,308156,212,515218,1.80265631229952e-13,1.1103685829751e-12,1.45077059810605,11.9545328347437
"GO:0051726",576,17,1203,0,576,307832,627,514803,1.8166189829937e-13,1.11809418562364e-12,1.27900735308625,11.9515216109632
"GO:1901000",203,3,358,0,203,308205,155,515275,1.84200033351878e-13,1.13283020511405e-12,1.5147089671101,11.9458351797289
"GO:0046148",341,11,662,0,341,308067,321,515109,1.87071024320847e-13,1.14958868341429e-12,1.3759814362126,11.9394575200608
"GO:0003904",88,0,126,0,88,308320,38,515392,1.95362480136984e-13,1.19960487023271e-12,1.86564200875114,11.9209617797324
"GO:0051253",668,13,1421,0,668,307740,753,514677,2.01152487843891e-13,1.23419515534459e-12,1.25573664986698,11.9086161626788
"GO:0003756",182,1,314,0,182,308226,132,515298,2.14581925700099e-13,1.31556769401182e-12,1.54831002260716,11.8808867998934
"GO:0004805",209,0,371,0,209,308199,162,515268,2.20052434898842e-13,1.3480566284231e-12,1.50483388441719,11.8702918638132
"GO:0016209",162,1,272,0,162,308246,110,515320,2.24429062143533e-13,1.37379904913988e-12,1.59097111809108,11.8620767885517
"GO:0042873",106,1,160,0,106,308302,54,515376,2.34364483651323e-13,1.43238914231616e-12,1.76970984864206,11.8439389796526
"GO:0042879",106,1,160,0,106,308302,54,515376,2.34364483651323e-13,1.43238914231616e-12,1.76970984864206,11.8439389796526
"GO:0000096",160,3,268,0,160,308248,108,515322,2.38292760094664e-13,1.45526812060915e-12,1.59478217844398,11.8370569842908
"GO:0017022",151,6,250,0,151,308257,99,515331,2.41863235525782e-13,1.47592820934803e-12,1.61344112993178,11.8309347665254
"GO:0046294",175,4,300,0,175,308233,125,515305,2.43858977365695e-13,1.4869541981586e-12,1.55823508685464,11.8277024086087
"GO:0097306",235,3,428,0,235,308173,193,515237,2.51788554333314e-13,1.53411725983889e-12,1.46669657707947,11.8141414439368
"GO:0008134",440,15,889,0,440,307968,449,514981,2.56546764991237e-13,1.56189956226684e-12,1.3221085101386,11.8063468968068
"GO:0042440",341,11,663,0,341,308067,322,515108,2.59219579478748e-13,1.57695249587071e-12,1.37390604943098,11.8021813891644
"GO:0055074",192,4,336,0,192,308216,144,515286,2.6910122921466e-13,1.63580299334193e-12,1.52643437079638,11.7862690014327
"GO:0016441",317,8,609,0,317,308091,292,515138,2.86481594028959e-13,1.74011042299071e-12,1.39045889523694,11.7594231916174
"GO:0005885",119,0,186,0,119,308289,67,515363,2.86841597894876e-13,1.74095378460174e-12,1.7090320307438,11.7592127575207
"GO:0000407",174,1,298,0,174,308234,124,515306,2.97186755705471e-13,1.80235295910128e-12,1.55972908022651,11.7441601560986
"GO:0031012",114,0,176,0,114,308294,62,515368,3.2289550304836e-13,1.956761662815e-12,1.73024805098795,11.7084620689908
"GO:0004714",306,1,585,0,306,308102,279,515151,3.3767712771745e-13,2.04476488414751e-12,1.39727453942131,11.6893566218315
"GO:0071466",179,4,309,0,179,308229,130,515300,3.42646314891701e-13,2.07326040801497e-12,1.54742901829116,11.68334614573
"GO:0003684",309,4,592,0,309,308099,283,515147,3.43039008081923e-13,2.0740422977119e-12,1.39428950339214,11.6831823909192
"GO:0007076",120,7,188,0,120,308288,68,515362,3.69392279584568e-13,2.23166233683017e-12,1.7050596695066,11.6513715159822
"GO:0044452",280,8,528,0,280,308128,248,515182,3.95185844907812e-13,2.38566178766434e-12,1.41657735168604,11.622391125696
"GO:0009069",155,2,259,0,155,308253,104,515326,3.95849174425214e-13,2.38783501998106e-12,1.59863059103675,11.6219956827299
"GO:0006109",187,1,326,0,187,308221,139,515291,3.99429509812074e-13,2.40758736695302e-12,1.53228726332244,11.6184179441631
"GO:0031321",161,2,272,0,161,308247,111,515319,4.03020979815116e-13,2.42552075925427e-12,1.58115030872015,11.6151950040348
"GO:0031322",161,2,272,0,161,308247,111,515319,4.03020979815116e-13,2.42552075925427e-12,1.58115030872015,11.6151950040348
"GO:0009616",249,3,460,0,249,308159,211,515219,4.21413707092726e-13,2.53041090940804e-12,1.44596473277071,11.5968089487063
"GO:0052018",249,3,460,0,249,308159,211,515219,4.21413707092726e-13,2.53041090940804e-12,1.44596473277071,11.5968089487063
"GO:0052249",249,3,460,0,249,308159,211,515219,4.21413707092726e-13,2.53041090940804e-12,1.44596473277071,11.5968089487063
"GO:0007094",114,1,177,0,114,308294,63,515367,4.33738130847524e-13,2.60242878508514e-12,1.7204726382705,11.5846211460317
"GO:0017077",80,1,112,0,80,308328,32,515398,4.39147262088993e-13,2.6308730952546e-12,1.90804296349548,11.5799001003597
"GO:0045254",80,0,112,0,80,308328,32,515398,4.39147262088993e-13,2.6308730952546e-12,1.90804296349548,11.5799001003597
"GO:0048284",225,12,408,0,225,308183,183,515247,4.50424968303438e-13,2.69638429694651e-12,1.47312140563989,11.569218210746
"GO:0030137",574,7,1204,0,574,307834,630,514800,4.59363486516395e-13,2.74780346949625e-12,1.2735077454028,11.5610143324442
"GO:0015120",95,1,140,0,95,308313,45,515385,4.79820752651829e-13,2.86581863799332e-12,1.81264081532071,11.5427512971944
"GO:0015713",95,1,140,0,95,308313,45,515385,4.79820752651829e-13,2.86581863799332e-12,1.81264081532071,11.5427512971944
"GO:0051270",174,5,299,0,174,308234,125,515305,5.11437522645055e-13,3.05233978640021e-12,1.55451259500836,11.5153671223735
"GO:0007005",673,17,1439,0,673,307735,766,514664,5.2670496935838e-13,3.14107690817361e-12,1.24931068812053,11.5029214299223
"GO:0043138",407,7,816,0,407,308001,409,515021,5.83236323813828e-13,3.47557633691329e-12,1.33235647132319,11.4589731682862
"GO:0000036",135,3,219,0,135,308273,84,515346,5.88035844281877e-13,3.50152660074655e-12,1.64666721507144,11.4557425700118
"GO:0071248",246,4,454,0,246,308162,208,515222,5.95803852818996e-13,3.54510047573026e-12,1.44742290006133,11.4503714514719
"GO:0000463",260,5,485,0,260,308148,225,515205,6.05048145126262e-13,3.5973859504788e-12,1.43201574992238,11.4440129658035
"GO:0005267",152,0,254,0,152,308256,102,515328,6.25919826495659e-13,3.71867235786704e-12,1.59854938044031,11.429612084464
"GO:0007610",222,5,402,0,222,308186,180,515250,6.31489095246634e-13,3.74893073739179e-12,1.47517351506069,11.4260925832238
"GO:0005667",459,16,937,0,459,307949,478,514952,6.3844647820847e-13,3.78452611178996e-12,1.30854686055731,11.4219884939498
"GO:0051539",238,0,437,0,238,308170,199,515231,6.38202215844090e-13,3.78452611178996e-12,1.45482818177733,11.4219884939498
"GO:0000245",168,4,287,0,168,308240,119,515311,6.50172798573677e-13,3.8511363960662e-12,1.56366447740117,11.4144110996557
"GO:0010494",175,5,302,0,175,308233,127,515303,6.81831989849961e-13,4.03562513090142e-12,1.54791564919335,11.3940891821631
"GO:0005765",101,0,152,0,101,308307,51,515379,7.1961668210584e-13,4.25606500491147e-12,1.77498207262014,11.3709917474755
"GO:0009982",244,6,451,0,244,308164,207,515223,7.45546371009492e-13,4.40280647605905e-12,1.44520504729502,11.3562704033951
"GO:0016671",197,2,349,0,197,308211,152,515278,7.45145382289258e-13,4.40280647605905e-12,1.5078459866248,11.3562704033951
"GO:0090480",135,1,220,0,135,308273,85,515345,7.46448697009694e-13,4.40483069179933e-12,1.63918236409384,11.3560707798809
"GO:0051639",74,0,102,0,74,308334,28,515402,7.55160591112937e-13,4.45290200242774e-12,1.93797304919737,11.3513568625317
"GO:0009044",164,3,279,0,164,308244,115,515315,7.56444686941434e-13,4.45713516137947e-12,1.57020309827442,11.3509441958552
"GO:0019842",117,3,184,0,117,308291,67,515363,7.66371419947887e-13,4.51224818087492e-12,1.69857302945956,11.3456070214759
"GO:0042644",97,1,145,0,97,308311,48,515382,7.96221838647579e-13,4.6844979924019e-12,1.78698092719094,11.3293369428362
"GO:0010109",94,2,139,0,94,308314,45,515385,8.04037980503108e-13,4.72695069643052e-12,1.80646369781299,11.3254189275003
"GO:0051259",162,1,275,0,162,308246,113,515317,8.13621295957759e-13,4.77972152371603e-12,1.57361506953009,11.3205974055294
"GO:0031327",754,17,1636,0,754,307654,882,514548,8.62648846513076e-13,5.0639610139828e-12,1.23113089991799,11.2955096464894
"GO:0003688",105,1,160,0,105,308303,55,515375,8.74353634648282e-13,5.12884635763881e-12,1.75301447271147,11.2899803106884
"GO:0009890",755,17,1638,0,755,307653,883,514547,8.8047483736241e-13,5.1609068650163e-12,1.23125849353768,11.2872739782434
"GO:0042026",183,3,320,0,183,308225,137,515293,9.2207708682916e-13,5.40073722285651e-12,1.52762689764857,11.2675469531465
"GO:0051117",240,3,443,0,240,308168,203,515227,9.53625838408473e-13,5.58136996278922e-12,1.44718382784307,11.2532591891887
"GO:1905952",570,7,1198,0,570,307838,628,514802,9.64662466063029e-13,5.64177038101647e-12,1.27096684880584,11.2485845935239
"GO:0005684",216,3,391,0,216,308192,175,515255,1.00585559080537e-12,5.87831864203403e-12,1.47568335591057,11.2307468761187
"GO:0040011",241,6,445,0,241,308167,204,515226,1.04177744919078e-12,6.08373299705474e-12,1.44668246265927,11.2158298545221
"GO:0098586",249,3,463,0,249,308159,214,515216,1.04800594283898e-12,6.11556914902037e-12,1.43659563083051,11.2135631188768
"GO:0009295",103,3,157,0,103,308305,54,515376,1.07179345343966e-12,6.24974671516815e-12,1.75248277284107,11.2041375830453
"GO:0044003",276,4,523,0,276,308132,247,515183,1.18738892648549e-12,6.91867182035067e-12,1.40968986824982,11.1599772691929
"GO:0005847",67,0,90,0,67,308341,23,515407,1.20858342189045e-12,7.03695909550413e-12,1.98860477750973,11.1526149734359
"GO:0033365",532,21,1110,0,532,307876,578,514852,1.22182158356803e-12,7.10878012257762e-12,1.28027963892922,11.1482049184667
"GO:0098772",373,19,742,0,373,308035,369,515061,1.2653577626876e-12,7.3566442451084e-12,1.34283023657323,11.1333202451974
"GO:0000122",450,13,920,0,450,307958,470,514960,1.38434730100179e-12,8.04249590663178e-12,1.30659463804582,11.0946091514677
"GO:0022843",113,0,177,0,113,308295,64,515366,1.40780001889232e-12,8.17271515392357e-12,1.70538077302251,11.0876336374124
"GO:0033768",90,0,132,0,90,308318,42,515388,1.44828048404171e-12,8.38915671109368e-12,1.82131373788205,11.0762816928215
"GO:0055072",115,1,181,0,115,308293,66,515364,1.44755098066322e-12,8.38915671109368e-12,1.69720948686615,11.0762816928215
"GO:0140082",90,0,132,0,90,308318,42,515388,1.44828048404171e-12,8.38915671109368e-12,1.82131373788205,11.0762816928215
"GO:0001671",117,1,185,0,117,308291,68,515362,1.47727171434783e-12,8.55079627598981e-12,1.68939155362465,11.067993440574
"GO:0016174",125,0,201,0,125,308283,76,515354,1.50012279804285e-12,8.67668381057555e-12,1.66123143587915,11.0616462285047
"GO:0008519",123,4,197,0,123,308285,74,515356,1.50797557663726e-12,8.70930575149561e-12,1.66784263103514,11.0600164627089
"GO:0072488",123,4,197,0,123,308285,74,515356,1.50797557663726e-12,8.70930575149561e-12,1.66784263103514,11.0600164627089
"GO:0005452",95,0,142,0,95,308313,47,515383,1.55173216018356e-12,8.95545129396261e-12,1.78711066299225,11.0479125237693
"GO:0042645",85,1,123,0,85,308323,38,515392,1.65609599427496e-12,9.55076019555495e-12,1.84599278582083,11.019962059244
"GO:0098553",100,0,152,0,100,308308,52,515378,1.66684407375864e-12,9.60570757586235e-12,1.75740799269321,11.0174706386134
"GO:0001505",419,7,849,0,419,307989,430,515000,1.68392369656376e-12,9.69703536163123e-12,1.31832509115012,11.0133610206698
"GO:0000974",230,2,423,0,230,308178,193,515237,1.75759914966688e-12,1.01139038787849e-11,1.4524582369871,10.9950811781616
"GO:0007346",279,7,531,0,279,308129,252,515178,1.76423102986745e-12,1.01446505968711e-11,1.40354346806278,10.9937629063895
"GO:0036094",684,27,1473,0,684,307724,789,514641,1.7742323547845e-12,1.01947132093895e-11,1.24042222799951,10.9916249869855
"GO:0043547",186,5,328,0,186,308222,142,515288,1.77616330546038e-12,1.01983643622058e-11,1.51479996248239,10.9914694758292
"GO:0070279",114,1,179,0,114,308294,65,515365,1.81151354046193e-12,1.03937569901722e-11,1.701249480301,10.9832274413578
"GO:0015020",128,0,207,0,128,308280,79,515351,1.85966583041585e-12,1.06622646882983e-11,1.65179371525792,10.9721505404154
"GO:0030686",222,8,406,0,222,308186,184,515246,1.89635535942099e-12,1.08647084347613e-11,1.46063978584826,10.9639819239107
"GO:0006264",99,2,150,0,99,308309,51,515379,1.92905923165987e-12,1.10440394702738e-11,1.76303169826982,10.9568720499057
"GO:0016246",283,4,540,0,283,308125,257,515173,1.94815621695684e-12,1.11452657993345e-11,1.39993818914243,10.9529095697313
"GO:0008278",145,4,242,0,145,308263,97,515333,1.99773634165404e-12,1.14206103714601e-11,1.60054843632059,10.9423106847177
"GO:0098554",101,1,154,0,101,308307,53,515377,2.10696878429578e-12,1.20363267561512e-11,1.75193035739131,10.9195060307635
"GO:0019220",229,9,421,0,229,308179,192,515238,2.18726020148774e-12,1.24768929754431e-11,1.45301324013456,10.9038935501998
"GO:0051174",229,9,421,0,229,308179,192,515238,2.18726020148774e-12,1.24768929754431e-11,1.45301324013456,10.9038935501998
"GO:0030334",163,5,280,0,163,308245,117,515313,2.21689948139091e-12,1.26276647738852e-11,1.55505501524882,10.8986769558251
"GO:2000145",163,5,280,0,163,308245,117,515313,2.21689948139091e-12,1.26276647738852e-11,1.55505501524882,10.8986769558251
"GO:0051607",287,4,550,0,287,308121,263,515167,2.31724115869986e-12,1.31896763566777e-11,1.39391211405906,10.8797658608777
"GO:0004866",355,6,704,0,355,308053,349,515081,2.38119478606186e-12,1.35439056039588e-11,1.3470132853086,10.8682560817614
"GO:0042147",213,3,387,0,213,308195,174,515256,2.43101495550412e-12,1.38172922236306e-11,1.47022845404225,10.8595770573638
"GO:0006298",249,8,466,0,249,308159,217,515213,2.55017217564823e-12,1.44840947811709e-11,1.42734716110413,10.839108641905
"GO:0005337",133,3,218,0,133,308275,85,515345,2.61301915883312e-12,1.4819659091019e-11,1.62971376056357,10.8291617866801
"GO:1901642",133,3,218,0,133,308275,85,515345,2.61301915883312e-12,1.4819659091019e-11,1.62971376056357,10.8291617866801
"GO:0000932",247,7,461,0,247,308161,214,515216,2.6404225815646e-12,1.49642955810486e-11,1.4312391687131,10.8249437220222
"GO:0033043",385,20,773,0,385,308023,388,515042,2.77869218470571e-12,1.57365934374125e-11,1.33044651658999,10.8030892752459
"GO:0072330",456,11,937,0,456,307952,481,514949,2.7968031593487e-12,1.5827774601289e-11,1.29999426669745,10.8005801430227
"GO:0000151",270,5,513,0,270,308138,243,515187,2.8181904260205e-12,1.5937352754047e-11,1.40592639415456,10.7975838146706
"GO:0010030",119,2,190,0,119,308289,71,515359,2.95038125642833e-12,1.66729370068943e-11,1.67305240904393,10.7779878906617
"GO:0006406",302,15,584,0,302,308106,282,515148,2.97931943687657e-12,1.68243921141265e-11,1.38137083042104,10.7740606184115
"GO:0030435",188,2,334,0,188,308220,146,515284,3.02032958062223e-12,1.70437523001134e-11,1.50358355686231,10.7684347861047
"GO:0051172",795,21,1743,0,795,307613,948,514482,3.02792007790295e-12,1.70743458834184e-11,1.21838888030434,10.7676559251084
"GO:0030026",214,1,390,0,214,308194,176,515254,3.04146554117873e-12,1.71384514961768e-11,1.46576838939294,10.7660284202802
"GO:0008525",135,2,223,0,135,308273,88,515342,3.1422309265793e-12,1.7668315610023e-11,1.61713058341097,10.7528048515199
"GO:0060187",135,2,223,0,135,308273,88,515342,3.1422309265793e-12,1.7668315610023e-11,1.61713058341097,10.7528048515199
"GO:0120010",135,2,223,0,135,308273,88,515342,3.1422309265793e-12,1.7668315610023e-11,1.61713058341097,10.7528048515199
"GO:0006414",458,13,943,0,458,307950,485,514945,3.34061271541977e-12,1.87703806536648e-11,1.29738828016257,10.7265269200206
"GO:0060589",197,9,353,0,197,308211,156,515274,3.44420457390197e-12,1.93386436560316e-11,1.49075991312197,10.7135739890616
"GO:0046854",234,7,434,0,234,308174,200,515230,3.46724897823199e-12,1.94541582014556e-11,1.44026468857401,10.7109875567581
"GO:0005319",252,4,473,0,252,308156,221,515209,3.60455611396821e-12,2.02101607757534e-11,1.42316608355435,10.694430231574
"GO:0009962",95,1,143,0,95,308313,48,515382,3.61103800439376e-12,2.02320933598489e-11,1.77461338562866,10.6939591796317
"GO:0030970",67,0,91,0,67,308341,24,515406,3.65075478532904e-12,2.04400723116004e-11,1.96675197775688,10.6895175721149
"GO:0043023",184,4,326,0,184,308224,142,515288,3.71138174692375e-12,2.07647456373729e-11,1.50770511471299,10.6826733845137
"GO:0031401",282,2,540,0,282,308126,258,515172,3.72342987112336e-12,2.08173579158261e-11,1.39499141108892,10.6815743908384
"GO:0016668",111,1,175,0,111,308297,64,515366,3.74253015451403e-12,2.09092955119478e-11,1.69434215158399,10.6796605994362
"GO:0008239",123,1,199,0,123,308285,76,515354,3.75826454495393e-12,2.09823109914024e-11,1.6510803935373,10.6781466803207
"GO:0050664",113,2,179,0,113,308295,66,515364,3.80529522954183e-12,2.122982568884e-11,1.68632623924573,10.6730535716694
"GO:0051246",721,27,1566,0,721,307687,845,514585,3.83019632676649e-12,2.13536157820863e-11,1.22987137123393,10.6705285758497
"GO:0034219",119,1,191,0,119,308289,72,515358,3.84363133065904e-12,2.14133516170899e-11,1.66429297234737,10.6693153516272
"GO:0031080",97,1,147,0,97,308311,50,515380,4.00213443721779e-12,2.22806239673115e-11,1.76266826151487,10.6520726509415
"GO:0033619",108,0,169,0,108,308300,61,515369,4.28399656123088e-12,2.38329476537169e-11,1.70707749160069,10.6228222408858
"GO:0045037",265,4,503,0,265,308143,238,515192,4.45333232265523e-12,2.47575085056087e-11,1.40732393530184,10.6062930630732
"GO:0006574",120,0,193,0,120,308288,73,515357,4.57962988315729e-12,2.5441670035437e-11,1.6608871392085,10.5944543842434
"GO:0010447",148,2,250,0,148,308260,102,515328,4.7412412245233e-12,2.63209103804284e-11,1.58138600814505,10.5796990935399
"GO:0009694",178,5,314,0,178,308230,136,515294,5.02333985306666e-12,2.7867322990374e-11,1.51428123090151,10.5549047487732
"GO:0010927",186,5,331,0,186,308222,145,515285,5.26636307644035e-12,2.91949367167172e-11,1.50107065768647,10.5346924617934
"GO:0017183",137,5,228,0,137,308271,91,515339,5.30745768882391e-12,2.94020456906557e-11,1.60509929999313,10.5316224518581
"GO:0031347",592,23,1261,0,592,307816,669,514761,5.51419182889877e-12,3.05258214325536e-11,1.25407296442907,10.5153326406075
"GO:0004124",99,1,152,0,99,308309,53,515377,5.74396424082996e-12,3.17754648656454e-11,1.73983391276627,10.4979080871278
"GO:0030198",149,2,253,0,149,308259,104,515326,6.49357188763447e-12,3.58970490866984e-11,1.57319273590971,10.4449412510885
"GO:0006164",211,7,385,0,211,308197,174,515256,6.54052534355811e-12,3.61312389505189e-11,1.46398932835471,10.4421171460946
"GO:0031146",1438,40,3325,0,1438,306970,1887,513543,6.5803603423035e-12,3.63258040775688e-11,1.15526980273958,10.4397847637447
"GO:1902679",623,12,1336,0,623,307785,713,514717,6.69341419628307e-12,3.68981488467369e-11,1.24565499458141,10.4329954215324
"GO:1903507",623,12,1336,0,623,307785,713,514717,6.69341419628307e-12,3.68981488467369e-11,1.24565499458141,10.4329954215324
"GO:0046165",125,1,204,0,125,308283,79,515351,6.73830248212261e-12,3.71196061156537e-11,1.6368015618221,10.4303966408235
"GO:0019139",107,0,168,0,107,308301,61,515369,6.90875697046379e-12,3.80319824276161e-11,1.7013383091168,10.4198510362783
"GO:0070652",109,2,172,0,109,308299,63,515367,7.07455962077289e-12,3.89174935951951e-11,1.69283346645006,10.4098551373869
"GO:0003747",140,4,235,0,140,308268,95,515335,7.23214444056653e-12,3.97565929023322e-11,1.59138902487283,10.4005908412546
"GO:0040012",163,6,283,0,163,308245,120,515310,7.32991787349428e-12,4.0265954989635e-11,1.53857033310837,10.3950619962658
"GO:0031492",145,4,245,0,145,308263,100,515330,7.46089655228593e-12,4.09568881866073e-11,1.58094988403911,10.3876730475089
"GO:0009688",92,1,139,0,92,308316,47,515383,7.60656273093604e-12,4.17274298382777e-11,1.76802829998718,10.3795783644239
"GO:0072507",198,5,358,0,198,308210,160,515270,7.67943025386075e-12,4.20978237871809e-11,1.47740086447192,10.3757403540847
"GO:0000175",282,7,543,0,282,308126,261,515169,8.12223956687722e-12,4.44942727003879e-11,1.38728427622102,10.3516958877763
"GO:0046686",552,15,1168,0,552,307856,616,514814,8.48914613199322e-12,4.64718764610922e-11,1.26244486488811,10.3328097910407
"GO:0072503",196,5,354,0,196,308212,158,515272,8.60457175703001e-12,4.70710138091315e-11,1.47900279430271,10.3272464478168
"GO:0010114",229,3,426,0,229,308179,197,515233,9.06656555813392e-12,4.95638917177988e-11,1.43595909412359,10.304834600496
"GO:2000377",450,7,930,0,450,307958,480,514950,1.00895381071861e-11,5.51178653572304e-11,1.29254523333565,10.2587076104315
"GO:0051276",1362,41,3143,0,1362,307046,1781,513649,1.16890834574856e-11,6.38116955459962e-11,1.15757439477989,10.1950997155486
"GO:0004806",99,1,153,0,99,308309,54,515376,1.20480150747847e-11,6.57255541709666e-11,1.72846244928414,10.1822657434129
"GO:0038199",79,0,115,0,79,308329,36,515394,1.27641555505816e-11,6.95359394423379e-11,1.83503958054435,10.1577906735791
"GO:0051740",79,0,115,0,79,308329,36,515394,1.27641555505816e-11,6.95359394423379e-11,1.83503958054435,10.1577906735791
"GO:0019932",178,6,316,0,178,308230,138,515292,1.28577453691614e-11,6.99973523831527e-11,1.50469717247808,10.1549183866591
"GO:0016477",133,7,222,0,133,308275,89,515341,1.30967116579342e-11,7.1249007720289e-11,1.60034954866153,10.1472211796648
"GO:0031011",105,2,165,0,105,308303,60,515370,1.36085048459344e-11,7.39821478917097e-11,1.69989282202325,10.1308730641537
"GO:0006081",173,4,306,0,173,308235,133,515297,1.41113882768949e-11,7.66631114670234e-11,1.51022224104119,10.1154135583463
"GO:0005628",136,2,228,0,136,308272,92,515338,1.42881314076149e-11,7.74629273007883e-11,1.59338324670851,10.1109060951816
"GO:0042763",136,2,228,0,136,308272,92,515338,1.42881314076149e-11,7.74629273007883e-11,1.59338324670851,10.1109060951816
"GO:0042764",136,2,228,0,136,308272,92,515338,1.42881314076149e-11,7.74629273007883e-11,1.59338324670851,10.1109060951816
"GO:0032440",134,1,224,0,134,308274,90,515340,1.51312067384713e-11,8.19771916347187e-11,1.59798598192747,10.0863069637755
"GO:0010876",210,8,386,0,210,308198,176,515254,1.52279663157758e-11,8.24446704523984e-11,1.45327624680744,10.0838374136147
"GO:0016108",92,1,140,0,92,308316,48,515382,1.5998014602871e-11,8.65542068411001e-11,1.75539952641584,10.0627118190251
"GO:0071669",321,7,634,0,321,308087,313,515117,1.67356511799028e-11,9.04828613243096e-11,1.35248345078055,10.0434336742441
"GO:0047938",99,1,154,0,99,308309,55,515375,1.67831957808962e-11,9.06776370536822e-11,1.71723866714593,10.0424998055715
"GO:0016891",189,4,341,0,189,308219,152,515278,1.71546941813991e-11,9.26212294896941e-11,1.48055181272992,10.0332894583125
"GO:0007264",169,3,298,0,169,308239,129,515301,1.72630728622283e-11,9.31425014197816e-11,1.51490927907057,10.0308521029051
"GO:0008131",128,2,212,0,128,308280,84,515346,1.7630428703272e-11,9.50594073644914e-11,1.61283631631316,10.0220048975853
"GO:0016109",89,1,134,0,89,308319,45,515385,1.8155918588136e-11,9.78257297233446e-11,1.77419517351893,10.0095469038296
"GO:0006086",107,1,170,0,107,308301,63,515367,1.84918210601709e-11,9.95674523841762e-11,1.68132256430366,10.0018826049502
"GO:0030427",209,5,384,0,209,308199,175,515255,1.90425015640069e-11,1.02462455442148e-10,1.45388898728848,9.98943524076694
"GO:0032432",75,0,108,0,75,308333,33,515397,2.00594766157962e-11,1.07860792294773e-10,1.85504177006505,9.96713639391264
"GO:0000993",172,5,305,0,172,308236,133,515297,2.0425598998969e-11,1.0975448144702e-10,1.5064155593761,9.95957773780132
"GO:0005985",180,2,322,0,180,308228,142,515288,2.09531366468026e-11,1.12512340848315e-10,1.49325101490951,9.94879983961142
"GO:0016157",135,2,227,0,135,308273,92,515338,2.14812662816492e-11,1.15269617020547e-10,1.58863489031122,9.93828514976662
"GO:0032044",93,0,142,0,93,308315,49,515381,2.19032095881219e-11,1.17453723349929e-10,1.74948728061346,9.93013321128571
"GO:0042761",108,1,172,0,108,308300,64,515366,2.21814627881983e-11,1.18864857092374e-10,1.67730288418905,9.92494652744044
"GO:0005338",110,1,176,0,110,308298,66,515364,2.2227403435553e-11,1.19030013499778e-10,1.66953759305855,9.9243435171466
"GO:0010883",536,6,1136,0,536,307872,600,514830,2.40798786885806e-11,1.28862545911969e-10,1.26038330968927,9.88987329263427
"GO:0005992",213,2,394,0,213,308195,181,515249,2.47108199823319e-11,1.32149167731601e-10,1.44410764394506,9.8789355676871
"GO:0048471",233,2,438,0,233,308175,205,515225,2.488584419229e-11,1.32994817027635e-10,1.42101281893202,9.87616528369576
"GO:0045116",86,1,129,0,86,308322,43,515387,2.64830957451312e-11,1.41434823409547e-10,1.78084009926245,9.84944364745127
"GO:0000423",91,0,139,0,91,308317,48,515382,2.66808537677128e-11,1.42297886761135e-10,1.74881060107428,9.84680154949262
"GO:0032183",91,0,139,0,91,308317,48,515382,2.66808537677128e-11,1.42297886761135e-10,1.74881060107428,9.84680154949262
"GO:1990542",138,5,234,0,138,308270,96,515334,2.84111243069625e-11,1.51423405920385e-10,1.57535854934755,9.81980698958888
"GO:0003916",88,2,133,0,88,308320,45,515385,2.95224212215832e-11,1.57239851052979e-10,1.76745032408002,9.80343737624154
"GO:0050877",187,4,338,0,187,308221,151,515279,2.95743180574312e-11,1.57409757774238e-10,1.47788653208023,9.80296834938384
"GO:0031406",95,0,147,0,95,308313,52,515378,3.03149930666418e-11,1.61134115746525e-10,1.72632458601972,9.79281249985465
"GO:0043177",95,0,147,0,95,308313,52,515378,3.03149930666418e-11,1.61134115746525e-10,1.72632458601972,9.79281249985465
"GO:0004177",82,3,122,0,82,308326,40,515390,3.05259584830321e-11,1.62145981901774e-10,1.7954371492564,9.79009380899846
"GO:0009812",198,4,362,0,198,308210,164,515266,3.14533027019147e-11,1.66959136122369e-10,1.46107599304129,9.77738981105724
"GO:0006367",377,9,766,0,377,308031,389,515041,3.16000334617786e-11,1.67624975344421e-10,1.31470636570877,9.77566127301973
"GO:0031902",145,6,249,0,145,308263,104,515326,3.16749179398628e-11,1.67909059947879e-10,1.55555309875334,9.77492586979873
"GO:0019843",550,14,1171,0,550,307858,621,514809,3.17932562916729e-11,1.68422956613761e-10,1.25464823389541,9.7735987130075
"GO:0060090",134,4,226,0,134,308274,92,515338,3.24554816342061e-11,1.71815434717196e-10,1.58384451306085,9.76493782472239
"GO:0009567",115,1,187,0,115,308293,72,515358,3.34407398170809e-11,1.76912300967783e-10,1.64275356750146,9.75224196891787
"GO:0048188",101,1,159,0,101,308307,58,515372,3.38984412353849e-11,1.79213250104063e-10,1.69683820778781,9.74662988399115
"GO:0051338",212,8,393,0,212,308196,181,515249,3.40540720223635e-11,1.79915204671172e-10,1.44098511848717,9.74493213278698
"GO:0007059",346,7,694,0,346,308062,348,515082,3.41235549727118e-11,1.80161384805625e-10,1.33178099642249,9.7443382886231
"GO:0000375",288,11,562,0,288,308120,274,515156,3.41560298837808e-11,1.80211975365364e-10,1.36890199800957,9.7442163528559
"GO:0007613",153,3,266,0,153,308255,113,515317,3.70052211830275e-11,1.9511393245331e-10,1.5364767021832,9.70971171793735
"GO:0043549",160,7,281,0,160,308248,121,515309,3.72233867801362e-11,1.96132865283288e-10,1.52100222001063,9.70744962706013
"GO:0000079",94,0,145,0,94,308314,51,515379,3.74014639622496e-11,1.96939347365103e-10,1.73171347583452,9.70566750561734
"GO:0048015",163,8,287,0,163,308245,124,515306,3.7622662633115e-11,1.97971657919707e-10,1.51712684414519,9.70339697989056
"GO:0015238",202,9,371,0,202,308206,169,515261,3.77305616657856e-11,1.98406801224492e-10,1.4544327495324,9.70244344466349
"GO:2000113",667,15,1452,0,667,307741,785,514645,3.82551773480382e-11,2.01031212338957e-10,1.22708713451245,9.69673650827995
"GO:0000460",176,5,315,0,176,308232,139,515291,4.12208296448204e-11,2.16471228128103e-10,1.49251360700091,9.66459981892063
"GO:0006563",100,1,157,0,100,308308,57,515373,4.2505719646247e-11,2.23014164645209e-10,1.70143958528259,9.65166755205547
"GO:0007611",154,3,268,0,154,308254,114,515316,4.25234071560541e-11,2.23014164645209e-10,1.53497784675233,9.65166755205547
"GO:0070646",202,5,372,0,202,308206,170,515260,4.25620597587485e-11,2.23068265260232e-10,1.45052298407667,9.65156221009573
"GO:1990817",85,3,128,0,85,308323,43,515387,4.38708651574128e-11,2.29774750844413e-10,1.77388369262471,9.63869769614994
"GO:1901998",525,6,1114,0,525,307883,589,514841,4.45302220579757e-11,2.33073077154511e-10,1.25889728740501,9.63250789000803
"GO:0003886",169,3,300,0,169,308239,131,515299,4.51439024677363e-11,2.36128106462472e-10,1.50480988387677,9.62685231552586
"GO:0140664",152,4,264,0,152,308256,112,515318,4.66231180925998e-11,2.43703310507932e-10,1.53799826754484,9.61313857124383
"GO:0015936",120,1,198,0,120,308288,78,515352,4.71023606357087e-11,2.46044978715527e-10,1.61894554478404,9.60898549361869
"GO:0035529",92,2,142,0,92,308316,50,515380,4.7585420849248e-11,2.48403470109602e-10,1.73067558942407,9.60484234151106
"GO:0006893",209,5,387,0,209,308199,178,515252,4.78554697815804e-11,2.49647619695561e-10,1.44261853002268,9.60267257043808
"GO:0006066",164,1,290,0,164,308244,126,515304,4.87941045695214e-11,2.54375623292233e-10,1.51064367040884,9.59452450928507
"GO:0008356",133,0,225,0,133,308275,92,515338,4.92427466269967e-11,2.56544607179165e-10,1.57901155467937,9.59083711021127
"GO:0033692",154,2,269,0,154,308254,115,515315,4.95104205423705e-11,2.57768538696786e-10,1.52927160940381,9.58877009048989
"GO:0045859",157,3,275,0,157,308251,118,515312,5.05379905923281e-11,2.6294452210364e-10,1.52504670318657,9.58013587236884
"GO:0009368",136,1,231,0,136,308272,95,515335,5.23777030972914e-11,2.72336379644569e-10,1.57268995779021,9.56489434021138
"GO:0000922",100,1,158,0,100,308308,58,515372,5.48356241266409e-11,2.84928074669913e-10,1.69067098031245,9.54526475653968
"GO:0007062",155,7,271,0,155,308253,116,515314,5.56316478377763e-11,2.88873569775049e-10,1.52784252058494,9.53929219171739
"GO:0006207",104,0,166,0,104,308304,62,515368,5.58802186170569e-11,2.8997302633716e-10,1.67356057521049,9.53764239885194
"GO:0015291",266,4,515,0,266,308142,249,515181,5.63062467521862e-11,2.91991287505408e-10,1.37971883418586,9.5346301069241
"GO:0047631",91,2,140,0,91,308317,49,515381,5.65508520989749e-11,2.9306669369528e-10,1.73631909678089,9.53303353525062
"GO:0009630",183,5,331,0,183,308225,148,515282,5.81119705443461e-11,3.00958836924403e-10,1.47685984062702,9.52149290015059
"GO:0009792",605,7,1306,0,605,307803,701,514729,6.08239242963237e-11,3.14796799513912e-10,1.23745205978612,9.50196969168944
"GO:0071555",290,7,569,0,290,308118,279,515151,6.12365717531735e-11,3.16724239711552e-10,1.36145069100029,9.49931869769495
"GO:0019432",219,3,410,0,219,308189,191,515239,6.15738993071786e-11,3.18259839360545e-10,1.42684383562857,9.49721816076485
"GO:0048244",82,0,123,0,82,308326,41,515389,6.59114370461255e-11,3.40455926789436e-10,1.78084009926245,9.46793910105226
"GO:0001786",176,3,316,0,176,308232,140,515290,6.60689686638534e-11,3.41045850047117e-10,1.48779046267496,9.46718723073217
"GO:0070006",144,3,248,0,144,308264,104,515326,6.63546048849571e-11,3.42295838567747e-10,1.55105428000278,9.46559838072788
"GO:0019199",287,13,563,0,287,308121,276,515154,6.66531645310384e-11,3.43610812827986e-10,1.36172586630992,9.46393317814219
"GO:0060627",139,17,238,0,139,308269,99,515331,6.68855034217743e-11,3.44582907680764e-10,1.56010571721101,9.46270626862922
"GO:0004332",103,3,164,0,103,308305,61,515369,6.86156809602657e-11,3.53265297919694e-10,1.67768167887834,9.45189902223736
"GO:0000124",194,4,356,0,194,308214,162,515268,6.91369808720511e-11,3.55716544722082e-10,1.45568671035217,9.44889593488618
"GO:0043928",119,5,197,0,119,308289,78,515352,7.30306785040092e-11,3.75504572948113e-10,1.61360384628603,9.42538476972762
"GO:0005657",614,16,1329,0,614,307794,715,514715,7.38349041483115e-11,3.79391883456598e-10,1.23412620874395,9.42091196445346
"GO:0051260",124,1,207,0,124,308284,83,515347,7.67171493730894e-11,3.9394481400193e-10,1.60017516165611,9.40456461231929
"GO:0010558",679,17,1486,0,679,307729,807,514623,7.72659755959948e-11,3.96504406709043e-10,1.22058253102208,9.40175198161552
"GO:0016790",91,2,141,0,91,308317,50,515380,7.94900094009447e-11,4.07651696419698e-10,1.72400477694556,9.38971074604403
"GO:0034473",61,0,84,0,61,308347,23,515407,8.27772007125483e-11,4.2423315365181e-10,1.93984367955374,9.37239539455259
"GO:0009994",537,6,1146,0,537,307871,609,514821,8.31492567557036e-11,4.25585792705396e-10,1.25171614306798,9.37101287848706
"GO:0048599",537,6,1146,0,537,307871,609,514821,8.31492567557036e-11,4.25585792705396e-10,1.25171614306798,9.37101287848706
"GO:0052742",204,7,378,0,204,308204,174,515256,8.39879035351308e-11,4.29598945177745e-10,1.4416324613077,9.3669367936587
"GO:0009743",193,3,354,0,193,308215,161,515269,8.47451842459658e-11,4.33190967781976e-10,1.45636499643073,9.36332060717908
"GO:0005347",74,2,108,0,74,308334,34,515396,8.55531664071796e-11,4.37037330277299e-10,1.83030787979752,9.35948146545288
"GO:0009853",88,1,135,0,88,308320,47,515383,8.6433630876832e-11,4.41248730390675e-10,1.74126587483439,9.35531653120212
"GO:0048527",438,4,913,0,438,307970,475,514955,8.64918110275761e-11,4.41259582896357e-10,1.28150267822062,9.35530584986743
"GO:0009250",107,0,173,0,107,308301,66,515364,8.80294404303677e-11,4.48813312867782e-10,1.65216668168568,9.34793426935603
"GO:0005548",152,4,266,0,152,308256,114,515316,8.83857568624525e-11,4.5033830292636e-10,1.52643437079638,9.34646111312564
"GO:1904382",66,1,93,0,66,308342,27,515403,8.97390601347634e-11,4.56937827542598e-10,1.89573300889228,9.34014288744005
"GO:0090627",231,6,438,0,231,308177,207,515223,9.63697495668796e-11,4.90383108332564e-10,1.40881528400557,9.30946449787851
"GO:0000506",92,4,143,0,92,308316,51,515379,9.67616833645275e-11,4.92059413078527e-10,1.7185729629246,9.30798245574009
"GO:0070847",112,2,183,0,112,308296,71,515359,9.93329362510361e-11,5.04808827739288e-10,1.6348695993229,9.29687305906317
"GO:0006415",141,4,243,0,141,308267,102,515328,1.04757877817595e-10,5.32034847858133e-10,1.54999045676546,9.27405992083119
"GO:0007020",98,0,155,0,98,308310,57,515373,1.0579674008601e-10,5.36964499005204e-10,1.68892577155858,9.27005442639691
"GO:0004315",132,0,224,0,132,308276,92,515338,1.06574694719335e-10,5.40216353400262e-10,1.57413544488377,9.26743227301048
"GO:0012507",132,1,224,0,132,308276,92,515338,1.06574694719335e-10,5.40216353400262e-10,1.57413544488377,9.26743227301048
"GO:0016593",104,0,167,0,104,308304,63,515367,1.07121277985659e-10,5.42637516282567e-10,1.66353925440085,9.26549018375677
"GO:0050808",136,2,233,0,136,308272,97,515333,1.07664284071823e-10,5.45037456085783e-10,1.55919047317399,9.26357365109509
"GO:0000973",64,2,90,0,64,308344,26,515404,1.09078081441977e-10,5.51839753927535e-10,1.89956277254661,9.25818701663415
"GO:0005675",125,1,210,0,125,308283,85,515345,1.09186801912419e-10,5.52035006200745e-10,1.5900358029129,9.25803338147774
"GO:0000911",163,5,290,0,163,308245,127,515303,1.11806422038973e-10,5.64916658723234e-10,1.5014324285161,9.2480156182449
"GO:0030687",232,5,441,0,232,308176,209,515221,1.12937133806563e-10,5.70263705789138e-10,1.40528878581254,9.24392426803805
"GO:0016998",143,5,248,0,143,308265,105,515325,1.14969324157345e-10,5.80152897286295e-10,1.54028306972498,9.23645753454586
"GO:0017076",279,12,547,0,279,308129,268,515162,1.15097581169137e-10,5.80428032647948e-10,1.36248918014869,9.23625162082024
"GO:0003885",68,0,97,0,68,308340,29,515401,1.180050804186e-10,5.94709342544954e-10,1.87263598066773,9.22569523892825
"GO:0050890",156,3,275,0,156,308252,119,515311,1.19208951387353e-10,6.00392108330931e-10,1.51533302991787,9.22156502484125
"GO:0009687",83,1,126,0,83,308325,43,515387,1.23141679673535e-10,6.1940658299685e-10,1.75963962189028,9.20802418331244
"GO:0016272",83,2,126,0,83,308325,43,515387,1.23141679673535e-10,6.1940658299685e-10,1.75963962189028,9.20802418331244
"GO:0005102",466,17,981,0,466,307942,515,514915,1.32217213185053e-10,6.64632121451301e-10,1.26891664565184,9.17741867324096
"GO:0032922",80,0,120,0,80,308328,40,515390,1.33437968400031e-10,6.70340578969398e-10,1.78084009926245,9.17370448985725
"GO:0030663",529,7,1131,0,529,307879,602,514828,1.44239343612228e-10,7.24140378134856e-10,1.2494222977584,9.14017723554354
"GO:0003774",334,2,673,0,334,308074,339,515091,1.47166803632064e-10,7.3836652529739e-10,1.32570711698438,9.13172800077977
"GO:0001731",89,0,138,0,89,308319,49,515381,1.50681392666224e-10,7.55518422336635e-10,1.72276922646041,9.12175494148829
"GO:0051336",327,11,658,0,327,308081,331,515099,1.58705061257165e-10,7.95242674867218e-10,1.32751074268728,9.09950032257193
"GO:0016274",107,2,174,0,107,308301,67,515363,1.62154849255872e-10,8.12012069556123e-10,1.6426714708714,9.09043751545997
"GO:0030662",538,8,1153,0,538,307870,615,514815,1.74385327695247e-10,8.72702669813723e-10,1.2464336167431,9.05913369541681
"GO:0009850",214,2,403,0,214,308194,189,515241,1.7673257458207e-10,8.8336974691975e-10,1.4184855381222,9.05385747826168
"GO:0042170",397,10,820,0,397,308011,423,515007,1.76741279395148e-10,8.8336974691975e-10,1.29328082818389,9.05385747826168
"GO:0008146",173,1,313,0,173,308235,140,515290,1.80696015074274e-10,9.02562836716169e-10,1.47644730274315,9.04452255264766
"GO:0006855",206,9,385,0,206,308202,179,515251,1.80996805320136e-10,9.03491979378635e-10,1.42929763810934,9.04407569847334
"GO:0022627",463,11,976,0,463,307945,513,514917,1.85107003258108e-10,9.2342352956136e-10,1.26720640260018,9.03459906347724
"GO:0010090",355,7,723,0,355,308053,368,515062,1.86161167304363e-10,9.28094179239989e-10,1.31161459592981,9.03240795109913
"GO:0005227",150,0,264,0,150,308258,114,515316,1.86844974155391e-10,9.30913694019771e-10,1.51776144823504,9.03109058104704
"GO:0030120",531,7,1137,0,531,307877,606,514824,1.94409474915388e-10,9.67989491798822e-10,1.24752782679203,9.01412935723557
"GO:0016122",77,1,115,0,77,308331,38,515392,1.96761836847298e-10,9.79082920140282e-10,1.78858288230272,9.00918052552641
"GO:0003989",92,0,144,0,92,308316,52,515378,2.03527780796874e-10,1.01211035403221e-09,1.70663842845985,8.9947721322251
"GO:0010424",148,1,260,0,148,308260,112,515318,2.06061512413631e-10,1.02341717711047e-09,1.52056346937025,8.98994729807165
"GO:0031965",148,7,260,0,148,308260,112,515318,2.06061512413631e-10,1.02341717711047e-09,1.52056346937025,8.98994729807165
"GO:0015175",121,2,203,0,121,308287,82,515348,2.19290923902323e-10,1.08843515318984e-09,1.5922289557445,8.96319744025701
"GO:0044027",190,5,351,0,190,308218,161,515269,2.26613534902951e-10,1.12407167407438e-09,1.44598127717891,8.94920599600665
"GO:0015914",154,4,273,0,154,308254,119,515311,2.43325319697043e-10,1.20620712635713e-09,1.50686469937592,8.91857811001493
"GO:0019239",53,3,71,0,53,308355,18,515412,2.47069798656906e-10,1.22399839838085e-09,1.99403926607556,8.91221915047054
"GO:0018344",88,0,137,0,88,308320,49,515381,2.48145518099447e-10,1.22780113417011e-09,1.71584593505579,8.91087196977997
"GO:0030148",128,2,218,0,128,308280,90,515340,2.48149339998049e-10,1.22780113417011e-09,1.56844632595592,8.91087196977997
"GO:0034476",61,0,85,0,61,308347,24,515406,2.5094345996852e-10,1.24084605331168e-09,1.91702198920605,8.90628209629699
"GO:0032153",172,5,312,0,172,308236,140,515290,2.54597654644583e-10,1.25812475666174e-09,1.4726177743901,8.90027629176566
"GO:0006048",65,0,93,0,65,308343,28,515402,2.56622337969931e-10,1.2673344068377e-09,1.86700978148483,8.89710877431794
"GO:0043934",261,3,509,0,261,308147,248,515182,2.64652577784209e-10,1.30617247167228e-09,1.36974243391208,8.88399947348202
"GO:0016618",126,2,214,0,126,308282,88,515342,2.66955959317339e-10,1.31589061474395e-09,1.5727980315916,8.88078021056061
"GO:0030267",126,2,214,0,126,308282,88,515342,2.66955959317339e-10,1.31589061474395e-09,1.5727980315916,8.88078021056061
"GO:0015804",121,2,204,0,121,308287,83,515347,2.67740678375509e-10,1.31893280361202e-09,1.5844239118438,8.87977733012755
"GO:0031624",94,1,149,0,94,308314,55,515375,2.68152416565284e-10,1.32013497385986e-09,1.68522452346312,8.8793816631837
"GO:0006284",571,13,1235,0,571,307837,664,514766,2.75445661912244e-10,1.35519265660824e-09,1.2350522631727,8.86799896032149
"GO:0030695",160,5,286,0,160,308248,126,515304,2.8242674838439e-10,1.38867168224979e-09,1.49441127210835,8.85740042052694
"GO:0010101",396,4,820,0,396,308012,424,515006,2.84103554390992e-10,1.39517353722139e-09,1.29002319385597,8.85537176975936
"GO:0010102",396,4,820,0,396,308012,424,515006,2.84103554390992e-10,1.39517353722139e-09,1.29002319385597,8.85537176975936
"GO:0005664",74,0,110,0,74,308334,36,515394,2.93211834393334e-10,1.43900471343162e-09,1.79702955471029,8.84193778353804
"GO:0090697",512,4,1094,0,512,307896,582,514848,2.93553144459884e-10,1.43978215151913e-09,1.2501692835773,8.84170321453694
"GO:0050567",71,0,104,0,71,308337,33,515397,3.0449822247126e-10,1.49253425111691e-09,1.82364875549472,8.82607569376617
"GO:0009742",237,4,456,0,237,308171,219,515211,3.21036314807096e-10,1.57261846307496e-09,1.38835231422763,8.80337662987508
"GO:0045492",166,3,299,0,166,308242,133,515297,3.22842866326921e-10,1.58048447992881e-09,1.4830407515597,8.80120976449658
"GO:0006974",970,24,2206,0,970,307438,1236,514194,3.24957734279372e-10,1.58984915117913e-09,1.1745794852343,8.79864408065968
"GO:0003727",160,7,287,0,160,308248,127,515303,3.27073981063009e-10,1.59920893101118e-09,1.4892042641916,8.79609479350347
"GO:0005884",101,2,163,0,101,308307,62,515368,3.27960650185127e-10,1.6025488753925e-09,1.6551980063697,8.79518871626183
"GO:0007033",222,6,423,0,222,308186,201,515229,3.46905116402699e-10,1.69406766521219e-09,1.4019379504832,8.77106924687345
"GO:0033356",118,2,198,0,118,308290,80,515350,3.47918317989092e-10,1.69796218177938e-09,1.59196311903764,8.77007198689974
"GO:0042793",66,0,95,0,66,308342,29,515401,3.49528072193105e-10,1.70476145248087e-09,1.85582284028403,8.76833638331035
"GO:0051286",193,5,359,0,193,308215,166,515264,3.61095792129495e-10,1.76009044931479e-09,1.43608136138295,8.75446501364667
"GO:0045252",83,1,128,0,83,308325,45,515385,3.7563624199723e-10,1.82983199071918e-09,1.73214525279824,8.73758878395984
"GO:0034293",229,3,439,0,229,308179,210,515220,3.88148056544166e-10,1.88961131794414e-09,1.3934363874639,8.72362751848905
"GO:0005261",172,3,313,0,172,308236,141,515289,3.91280421065516e-10,1.90368323524582e-09,1.46791292527064,8.72040531468559
"GO:0009740",346,3,706,0,346,308062,360,515070,4.05533610992943e-10,1.9718101208996e-09,1.30914449223401,8.70513490857122
"GO:0006900",320,13,646,0,320,308088,326,515104,4.06069816523055e-10,1.97319851584537e-09,1.32322484155724,8.70482921986731
"GO:0008320",191,6,355,0,191,308217,164,515266,4.09540209273926e-10,1.98883437841107e-09,1.43721320686955,8.70140138154978
"GO:0032012",87,1,136,0,87,308321,49,515381,4.1038143320246e-10,1.99169090146101e-09,1.70882083054228,8.700778060594
"GO:0043666",75,1,112,0,75,308333,37,515393,4.11272503622178e-10,1.99478567376081e-09,1.78879027827701,8.70010375947762
"GO:0032784",101,4,164,0,101,308307,63,515367,4.19632002883815e-10,2.03407827998854e-09,1.64510533559915,8.69163233759179
"GO:0032543",285,10,566,0,285,308123,281,515149,4.22777035553197e-10,2.04806204546139e-09,1.34506915624505,8.68865689066821
"GO:0009813",236,6,455,0,236,308172,219,515211,4.2668487578346e-10,2.06572161264908e-09,1.38553273656903,8.68492820664828
"GO:0036444",97,1,156,0,97,308311,59,515371,4.32804483152937e-10,2.09277450330462e-09,1.66097586181209,8.67927756442118
"GO:1990246",97,1,156,0,97,308311,59,515371,4.32804483152937e-10,2.09277450330462e-09,1.66097586181209,8.67927756442118
"GO:0080146",60,0,84,0,60,308348,24,515406,4.34638525186414e-10,2.09906409218862e-09,1.90804296349548,8.67797430059869
"GO:0140647",60,1,84,0,60,308348,24,515406,4.34638525186414e-10,2.09906409218862e-09,1.90804296349548,8.67797430059869
"GO:0009814",750,22,1670,0,750,307658,920,514510,4.43814128675486e-10,2.14206304165139e-09,1.19966773153907,8.66916775188024
"GO:0004656",157,1,281,0,157,308251,124,515306,4.45497992938384e-10,2.14624247271173e-09,1.49248342838543,8.66832121498327
"GO:0016298",142,4,249,0,142,308266,107,515323,4.45306353273163e-10,2.14624247271173e-09,1.52336924153776,8.66832121498327
"GO:0018401",157,1,281,0,157,308251,124,515306,4.45497992938384e-10,2.14624247271173e-09,1.49248342838543,8.66832121498327
"GO:1990481",84,2,130,0,84,308324,46,515384,4.58882808885645e-10,2.20937337709346e-09,1.72604501928514,8.65573088353613
"GO:0015893",207,9,390,0,207,308201,183,515247,4.71270257528588e-10,2.26762803622558e-09,1.4178226944128,8.64442818217022
"GO:0098655",433,15,910,0,433,307975,477,514953,4.82211444656596e-10,2.31885674547142e-09,1.2710501587593,8.63472608041461
"GO:0001085",137,5,239,0,137,308271,102,515328,4.86600673098274e-10,2.33853510294848e-09,1.53122443681353,8.63105610666101
"GO:0048167",133,5,230,0,133,308275,97,515333,4.88406410295343e-10,2.3457811237614e-09,1.54468521653417,8.62971251275638
"GO:0003860",63,0,90,0,63,308345,27,515403,4.89539809636265e-10,2.34979108625407e-09,1.86988210422557,8.62897074799219
"GO:0003941",73,0,109,0,73,308335,36,515394,5.03434505511438e-10,2.41501305751739e-09,1.78900909054347,8.61708051675826
"GO:0090174",152,9,271,0,152,308256,119,515311,5.04189486439831e-10,2.41716177664699e-09,1.49827137502523,8.61669428200696
"GO:0032559",225,8,431,0,225,308183,206,515224,5.0744996143573e-10,2.4313122924054e-09,1.39450935847118,8.61415925417285
"GO:0071490",79,1,120,0,79,308329,41,515389,5.09591598427446e-10,2.44008823772558e-09,1.75857959802167,8.6125944685529
"GO:0008970",92,1,146,0,92,308316,54,515376,5.17527610224727e-10,2.47658197427906e-09,1.68325981985081,8.60614729239873
"GO:0004420",94,1,150,0,94,308314,56,515374,5.20737982548526e-10,2.49043098336695e-09,1.6739896933067,8.60372548924909
"GO:0090698",596,9,1299,0,596,307812,703,514727,5.24357401092952e-10,2.50621825221841e-09,1.22561281658247,8.60098111147163
"GO:0008081",331,8,672,0,331,308077,341,515089,5.27837662740736e-10,2.52132165114992e-09,1.31575462691043,8.59837174678339
"GO:0098754",150,3,267,0,150,308258,117,515313,5.60602989036008e-10,2.67620784092872e-09,1.50070794881667,8.57248016120941
"GO:0015867",75,2,113,0,75,308333,38,515392,5.63186798706407e-10,2.68691301782838e-09,1.77296027581438,8.57074639255031
"GO:0071407",512,16,1098,0,512,307896,586,514844,5.78680424675963e-10,2.75915948095044e-09,1.24561493281745,8.55922319633306
"GO:0071491",62,1,88,0,62,308346,26,515404,5.82323564514365e-10,2.77484933405392e-09,1.88202419581145,8.55676059278108
"GO:0045036",214,7,407,0,214,308194,193,515237,5.89711706462139e-10,2.80835484166362e-09,1.40454464831264,8.55154801903502
"GO:0005262",136,2,237,0,136,308272,101,515329,5.92261588623101e-10,2.81538842128083e-09,1.53287502214996,8.5504616798244
"GO:0050804",136,6,237,0,136,308272,101,515329,5.92261588623101e-10,2.81538842128083e-09,1.53287502214996,8.5504616798244
"GO:0099177",136,6,237,0,136,308272,101,515329,5.92261588623101e-10,2.81538842128083e-09,1.53287502214996,8.5504616798244
"GO:0016279",236,8,456,0,236,308172,220,515210,6.01730310092191e-10,2.85867290346755e-09,1.38249428758532,8.54383553486447
"GO:0031226",555,16,1202,0,555,307853,647,514783,6.10701762411298e-10,2.89954419403e-09,1.23340214861563,8.53767026747204
"GO:0045017",183,2,338,0,183,308225,155,515275,6.11514182279238e-10,2.90165138209895e-09,1.44627398593947,8.53735476692429
"GO:0006325",795,29,1783,0,795,307613,988,514442,6.31725357941889e-10,2.99574820344491e-09,1.19105542252971,8.52349469245788
"GO:0005938",233,7,450,0,233,308175,217,515213,6.50601287933603e-10,3.0834035753241e-09,1.3831191437605,8.51096962834987
"GO:0072686",175,1,321,0,175,308233,146,515284,6.55940195602844e-10,3.10683587231383e-09,1.45629447369593,8.50768168901448
"GO:0009263",79,2,121,0,79,308329,42,515388,6.69103922129491e-10,3.16727966025457e-09,1.74404588233554,8.49931358817745
"GO:0009773",107,1,177,0,107,308301,70,515360,6.86280722983847e-10,3.24663572796205e-09,1.61482958153459,8.48856643641581
"GO:0005856",793,33,1778,0,793,307615,985,514445,6.92298772805317e-10,3.27313870241649e-09,1.19140005515899,8.48503559065357
"GO:0006995",132,2,229,0,132,308276,97,515333,7.10861216442988e-10,3.35888325080384e-09,1.53976567534482,8.47380509124998
"GO:0035925",81,0,125,0,81,308327,44,515386,7.12999295023377e-10,3.36696487727896e-09,1.7309765764831,8.47276141396044
"GO:0006369",231,4,446,0,231,308177,215,515215,7.44681356071917e-10,3.51446740707322e-09,1.38354505469605,8.45414047994556
"GO:0043295",127,6,219,0,127,308281,92,515338,7.55798825670697e-10,3.56479829579372e-09,1.5490869356598,8.44796503846345
"GO:0034440",347,6,711,0,347,308061,364,515066,7.63300344776673e-10,3.59802414016885e-09,1.30369517815205,8.44393592717531
"GO:0051560",97,1,157,0,97,308311,60,515370,8.04872224366105e-10,3.79171403363853e-09,1.65039639772412,8.42116442404915
"GO:0042391",140,1,246,0,140,308268,106,515324,8.09374633926495e-10,3.81064420949125e-09,1.52022935302892,8.41900159834615
"GO:0072318",93,1,149,0,93,308315,56,515374,8.22495777650599e-10,3.87010565550838e-09,1.66729660300075,8.41227717839765
"GO:0000949",69,1,102,0,69,308339,33,515397,8.66441966373672e-10,4.06716228938196e-09,1.8070289242516,8.39070849787403
"GO:0004737",69,1,102,0,69,308339,33,515397,8.66441966373672e-10,4.06716228938196e-09,1.8070289242516,8.39070849787403
"GO:0005310",69,1,102,0,69,308339,33,515397,8.66441966373672e-10,4.06716228938196e-09,1.8070289242516,8.39070849787403
"GO:0006835",69,1,102,0,69,308339,33,515397,8.66441966373672e-10,4.06716228938196e-09,1.8070289242516,8.39070849787403
"GO:0072598",166,6,302,0,166,308242,136,515294,8.70748548813465e-10,4.08494194055995e-09,1.46830855866341,8.38881411173221
"GO:0051096",62,1,89,0,62,308346,27,515403,8.75555854334583e-10,4.1050480555818e-09,1.86087785653267,8.3866817544637
"GO:0047634",158,2,285,0,158,308250,127,515303,8.85484915097259e-10,4.14912931645573e-09,1.48090913517614,8.38204302924721
"GO:0042803",507,13,1089,0,507,307901,582,514848,8.95842650847943e-10,4.19516558445866e-09,1.24364453212956,8.37725089276199
"GO:0005744",104,4,171,0,104,308304,67,515363,9.14663405522161e-10,4.28075524867446e-09,1.6246260554675,8.36847960215605
"GO:0006809",345,2,708,0,345,308063,363,515067,9.2427535997505e-10,4.32317031118455e-09,1.30167337763887,8.36419765510926
"GO:0004571",100,2,163,0,100,308308,63,515367,9.79716472670096e-10,4.57162304259573e-09,1.63880990729673,8.33992958695345
"GO:0005244",100,0,163,0,100,308308,63,515367,9.79716472670096e-10,4.57162304259573e-09,1.63880990729673,8.33992958695345
"GO:0016208",100,2,163,0,100,308308,63,515367,9.79716472670096e-10,4.57162304259573e-09,1.63880990729673,8.33992958695345
"GO:0022832",100,0,163,0,100,308308,63,515367,9.79716472670096e-10,4.57162304259573e-09,1.63880990729673,8.33992958695345
"GO:0000445",86,4,135,0,86,308322,49,515381,1.00658778180427e-09,4.69422927628152e-09,1.70169165040634,8.32843570234029
"GO:0003725",200,3,378,0,200,308208,178,515252,1.03391211282909e-09,4.81880174789259e-09,1.4133651581448,8.31706094080138
"GO:0000712",228,7,440,0,228,308180,212,515218,1.03676197665593e-09,4.82922501789083e-09,1.38419844079036,8.31612255816322
"GO:0010506",131,4,228,0,131,308277,97,515333,1.03909119557613e-09,4.83721223629526e-09,1.5348029802854,8.31540485719914
"GO:0000077",109,1,182,0,109,308299,73,515357,1.18523734342785e-09,5.51429572545154e-09,1.59982063862313,8.25850994688315
"GO:0031369",196,6,369,0,196,308212,173,515257,1.21989755099061e-09,5.67219936290495e-09,1.41888072949366,8.24624851324672
"GO:0016655",75,0,114,0,75,308333,39,515391,1.22767032720532e-09,5.69824340551902e-09,1.75740799269321,8.24425900342648
"GO:0140021",75,0,114,0,75,308333,39,515391,1.22767032720532e-09,5.69824340551902e-09,1.75740799269321,8.24425900342648
"GO:1990544",75,0,114,0,75,308333,39,515391,1.22767032720532e-09,5.69824340551902e-09,1.75740799269321,8.24425900342648
"GO:0015172",82,1,128,0,82,308326,46,515384,1.23171895478491e-09,5.71366624164222e-09,1.71127603288501,8.24308513210983
"GO:0000030",118,0,201,0,118,308290,83,515347,1.26796879136419e-09,5.87835708222549e-09,1.56820247546992,8.23074403613855
"GO:0006751",84,1,132,0,84,308324,48,515382,1.27006679221205e-09,5.88461788598779e-09,1.69989282202325,8.23028173254778
"GO:0045735",113,0,191,0,113,308295,78,515352,1.28187751997055e-09,5.93584696306364e-09,1.58037904096851,8.22651730448674
"GO:0006308",94,1,152,0,94,308314,58,515372,1.28917154776552e-09,5.96611312405064e-09,1.65196351313161,8.22430851619602
"GO:0006624",187,3,350,0,187,308221,163,515267,1.29386334147326e-09,5.98075591159069e-09,1.42721613669462,8.22324392178325
"GO:0018342",86,0,136,0,86,308322,50,515380,1.29613434771008e-09,5.98075591159069e-09,1.68917921180041,8.22324392178325
"GO:0034314",86,0,136,0,86,308322,50,515380,1.29613434771008e-09,5.98075591159069e-09,1.68917921180041,8.22324392178325
"GO:0044272",187,7,350,0,187,308221,163,515267,1.29386334147326e-09,5.98075591159069e-09,1.42721613669462,8.22324392178325
"GO:0090351",211,3,403,0,211,308197,192,515238,1.29559360947085e-09,5.98075591159069e-09,1.39860022684011,8.22324392178325
"GO:0030688",130,0,226,0,130,308278,96,515334,1.31104884904247e-09,6.04249211924025e-09,1.53656557237247,8.21878390733698
"GO:0043467",88,2,140,0,88,308320,52,515378,1.31031964865922e-09,6.04249211924025e-09,1.67907780787602,8.21878390733698
"GO:0047134",111,1,187,0,111,308297,76,515354,1.36745407032787e-09,6.29877029936863e-09,1.58561431297967,8.20074422901092
"GO:0004831",61,0,88,0,61,308347,27,515403,1.57344347993735e-09,7.24336086202738e-09,1.85166896684675,8.14005987784177
"GO:0031428",85,1,134,0,85,308323,49,515381,1.58279398008485e-09,7.28214740574399e-09,1.69445606459673,8.13774053429341
"GO:0000786",723,30,1614,0,723,307685,891,514539,1.58857615244025e-09,7.30448100000565e-09,1.19660538268285,8.13641063624454
"GO:0016799",254,5,501,0,254,308154,247,515183,1.59359132930829e-09,7.3232638320577e-09,1.354291572493,8.1352953194419
"GO:0019856",89,1,142,0,89,308319,53,515377,1.61681804326420e-09,7.42566606568013e-09,1.67424051585589,8.12926458501739
"GO:0000727",141,3,250,0,141,308267,109,515321,1.70976497052925e-09,7.84600337485143e-09,1.50659072397603,8.10535150940059
"GO:0010026",358,7,741,0,358,308050,383,515047,1.71033305274963e-09,7.84600337485143e-09,1.29056833104445,8.10535150940059
"GO:0032270",448,16,953,0,448,307960,505,514925,1.81777661893079e-09,8.3340346792214e-09,1.25574454008853,8.07914469670774
"GO:0003973",72,1,109,0,72,308336,37,515393,1.85908870417268e-09,8.51847862587155e-09,1.76450211670041,8.06963796196887
"GO:0006002",77,0,119,0,77,308331,42,515388,1.87619995917391e-09,8.59188253555381e-09,1.72846244928414,8.06591166908743
"GO:0016126",214,3,411,0,214,308194,197,515233,1.88484681113015e-09,8.62646168442821e-09,1.3908751140225,8.06416730231876
"GO:0015098",79,1,123,0,79,308329,44,515386,1.96392720963313e-09,8.97795295832287e-09,1.71568741270407,8.04682267449622
"GO:0015689",79,1,123,0,79,308329,44,515386,1.96392720963313e-09,8.97795295832287e-09,1.71568741270407,8.04682267449622
"GO:0005459",74,1,113,0,74,308334,39,515391,2.02524698452478e-09,9.24217058677049e-09,1.74932080547019,8.03422601978081
"GO:0052635",74,0,113,0,74,308334,39,515391,2.02524698452478e-09,9.24217058677049e-09,1.74932080547019,8.03422601978081
"GO:0072334",74,1,113,0,74,308334,39,515391,2.02524698452478e-09,9.24217058677049e-09,1.74932080547019,8.03422601978081
"GO:0046654",81,1,127,0,81,308327,46,515384,2.03139573820691e-09,9.26485935756943e-09,1.7037171028377,8.03316116897273
"GO:0016614",353,11,730,0,353,308055,377,515053,2.06372099736947e-09,9.40683942749999e-09,1.2917189487116,8.02655626921477
"GO:0003977",54,0,75,0,54,308354,21,515409,2.08825593369922e-09,9.51316592018531e-09,1.92330730720344,8.02167492860881
"GO:0004024",137,4,242,0,137,308271,105,515325,2.11065250851683e-09,9.60407892892745e-09,1.51224231569601,8.01754427945041
"GO:0051903",137,4,242,0,137,308271,105,515325,2.11065250851683e-09,9.60407892892745e-09,1.51224231569601,8.01754427945041
"GO:0009657",285,6,573,0,285,308123,288,515142,2.13717149312502e-09,9.71912997913353e-09,1.32863724683193,8.01237260978284
"GO:0015986",271,3,541,0,271,308137,270,515160,2.17526402002834e-09,9.8866503265953e-09,1.33809889158999,8.00495082580296
"GO:0010431",100,2,165,0,100,308308,65,515365,2.17923509457401e-09,9.8989836494441e-09,1.61894554478404,8.004409393089
"GO:0016458",465,12,995,0,465,307943,530,514900,2.21199143290023e-09,1.00419818683914e-08,1.2483778585282,7.9981805671147
"GO:0044853",132,1,232,0,132,308276,100,515330,2.24610487592033e-09,1.01909726704581e-08,1.51985491230157,7.99178436307375
"GO:0009097",78,1,121,0,78,308330,43,515387,2.29216174502676e-09,1.03939500327481e-08,1.72196935217939,7.98321937530938
"GO:0008725",94,2,153,0,94,308314,59,515371,2.41509860813164e-09,1.09451100997192e-08,1.64116636598696,7.96077986539253
"GO:0048475",539,8,1172,0,539,307869,633,514797,2.44953083967668e-09,1.10947679919073e-08,1.22850616062602,7.95488177508028
"GO:0005978",145,3,260,0,145,308263,115,515315,2.45718171999571e-09,1.11230215640059e-08,1.48974123688301,7.95377722081849
"GO:0015800",82,1,129,0,82,308326,47,515383,2.46035298932237e-09,1.11245828443111e-08,1.69801032720373,7.95371626545359
"GO:0030897",82,3,129,0,82,308326,47,515383,2.46035298932237e-09,1.11245828443111e-08,1.69801032720373,7.95371626545359
"GO:0097237",155,1,282,0,155,308253,127,515303,2.47410196237943e-09,1.11803275820039e-08,1.46824582651957,7.95154547149678
"GO:0007019",84,1,133,0,84,308324,49,515381,2.50671294512472e-09,1.13211958141261e-08,1.68711167298548,7.94610769787852
"GO:0005786",109,2,184,0,109,308299,75,515355,2.50857015827402e-09,1.13230873199158e-08,1.58243128385549,7.94603514353675
"GO:0006729",64,1,94,0,64,308344,30,515400,2.5832259434803e-09,1.16533837404452e-08,1.81873031414037,7.93354795219753
"GO:0008312",118,2,203,0,118,308290,85,515345,2.58704681262044e-09,1.16572595929869e-08,1.55275220477563,7.93340353221195
"GO:1990748",118,1,203,0,118,308290,85,515345,2.58704681262044e-09,1.16572595929869e-08,1.55275220477563,7.93340353221195
"GO:0006828",125,2,218,0,125,308283,93,515337,2.70681681678822e-09,1.21899668087854e-08,1.53168586519133,7.91399747689031
"GO:0071007",153,1,278,0,153,308255,125,515305,2.78150500264889e-09,1.25191580222139e-08,1.47015396683717,7.90242487868171
"GO:0006972",112,6,190,0,112,308296,78,515352,2.78372129137505e-09,1.25219737175454e-08,1.57463756145311,7.90232721209355
"GO:0003955",105,1,176,0,105,308303,71,515359,2.8422595357795e-09,1.27779937553719e-08,1.59364952064679,7.89353732844431
"GO:0032103",199,4,379,0,199,308209,180,515250,2.88974882055914e-09,1.29840768923753e-08,1.40258778266449,7.88658892125981
"GO:0048646",448,10,956,0,448,307960,508,514922,2.92438695233115e-09,1.31322156809759e-08,1.25180391914683,7.88166199311537
"GO:0048500",110,1,186,0,110,308298,76,515354,2.9894669949413e-09,1.34168096831117e-08,1.57977750741024,7.87235074063029
"GO:0004373",66,0,98,0,66,308342,32,515398,3.00890048492002e-09,1.34886472763613e-08,1.79901193701003,7.87003160183802
"GO:0015925",66,0,98,0,66,308342,32,515398,3.00890048492002e-09,1.34886472763613e-08,1.79901193701003,7.87003160183802
"GO:0060284",315,2,644,0,315,308093,329,515101,3.03815661980978e-09,1.36120483273435e-08,1.30659463804582,7.86607651768221
"GO:0004659",141,3,252,0,141,308267,111,515319,3.06511956500153e-09,1.37250405094949e-08,1.49463365473813,7.86248636505462
"GO:0006997",138,4,246,0,138,308270,108,515322,3.10438369970686e-09,1.38850616386889e-08,1.49851179084279,7.85745218798553
"GO:0017119",138,2,246,0,138,308270,108,515322,3.10438369970686e-09,1.38850616386889e-08,1.49851179084279,7.85745218798553
"GO:0022839",101,0,168,0,101,308307,67,515363,3.17234144821181e-09,1.41809607497577e-08,1.60593616094203,7.84829434502151
"GO:0000103",134,1,237,0,134,308274,103,515327,3.31593624306656e-09,1.48144438736776e-08,1.51033274241246,7.82931464706117
"GO:0043289",62,1,91,0,62,308346,29,515401,3.36490583581504e-09,1.50161784237732e-08,1.81997944210338,7.82344058002444
"GO:1902645",62,1,91,0,62,308346,29,515401,3.36490583581504e-09,1.50161784237732e-08,1.81997944210338,7.82344058002444
"GO:0051228",54,0,76,0,54,308354,22,515408,3.37013265830851e-09,1.50309825984162e-08,1.89800063210866,7.82301262798784
"GO:0032147",152,3,276,0,152,308256,124,515306,3.41799335548695e-09,1.52358118314798e-08,1.47112877765159,7.81713439969281
"GO:0030702",7,0,82,0,7,308401,75,515355,3.42517025931033e-09,1.52591625813757e-08,0.228034402954338,7.81646929968827
"GO:0019867",298,7,605,0,298,308110,307,515123,3.42756244925465e-09,1.52611830319754e-08,1.31576119730631,7.81641179899291
"GO:0031507",147,4,265,0,147,308261,118,515312,3.47879211305469e-09,1.5480526576578e-08,1.48179336561272,7.81021427069366
"GO:0099023",163,7,300,0,163,308245,137,515293,3.52442488151774e-09,1.56747303205128e-08,1.4513846808989,7.80479992235183
"GO:0007163",104,5,174,0,104,308304,70,515360,3.63048257008835e-09,1.61373002776598e-08,1.59661526140771,7.79216911971217
"GO:0051247",448,16,957,0,448,307960,509,514921,3.64497549101457e-09,1.6192577350602e-08,1.25049586907457,7.79068401968031
"GO:0004566",93,5,152,0,93,308315,59,515371,3.74001266588295e-09,1.66054031053754e-08,1.63438943320468,7.77975057719807
"GO:0022838",155,2,283,0,155,308253,128,515302,3.76226604243493e-09,1.66947904656414e-08,1.46305767872268,7.77741902735455
"GO:0009744",108,2,183,0,108,308300,75,515355,3.78223291395833e-09,1.67644918348423e-08,1.57648139934709,7.7756096063669
"GO:0034285",108,2,183,0,108,308300,75,515355,3.78223291395833e-09,1.67644918348423e-08,1.57648139934709,7.7756096063669
"GO:0010044",91,0,148,0,91,308317,57,515373,3.84378864915334e-09,1.70277457772285e-08,1.64246401046841,7.76884284242554
"GO:0004834",79,1,124,0,79,308329,45,515385,3.86227650551011e-09,1.71000228635408e-08,1.70185122389194,7.76700330893516
"GO:0005366",89,0,144,0,89,308319,55,515375,3.92490793988563e-09,1.73577951139212e-08,1.6509871753579,7.76050544221671
"GO:0015798",89,0,144,0,89,308319,55,515375,3.92490793988563e-09,1.73577951139212e-08,1.6509871753579,7.76050544221671
"GO:0048569",178,1,333,0,178,308230,155,515275,3.96506340053205e-09,1.75255357040923e-08,1.42788080030953,7.75632869805315
"GO:0009851",87,3,140,0,87,308321,53,515377,3.97950029222554e-09,1.75794760383835e-08,1.65999737824107,7.75499407334813
"GO:0016860",100,1,166,0,100,308308,66,515364,4.05491608835118e-09,1.79025796116099e-08,1.60919286077932,7.74708438631787
"GO:0070062",111,1,189,0,111,308297,78,515352,4.08366833343564e-09,1.80093205158573e-08,1.56883532554073,7.74450267262081
"GO:1903561",111,1,189,0,111,308297,78,515352,4.08366833343564e-09,1.80093205158573e-08,1.56883532554073,7.74450267262081
"GO:0071806",175,10,327,0,175,308233,152,515278,4.10074112397238e-09,1.80744871936789e-08,1.42957347417857,7.74293401558888
"GO:0010207",72,1,110,0,72,308336,38,515392,4.13400288229594e-09,1.82108957411492e-08,1.74846118836677,7.73966869199361
"GO:0051193",217,3,421,0,217,308191,204,515226,4.14625678515204e-09,1.82546607453674e-08,1.37687280833712,7.73862623380623
"GO:0010941",347,8,720,0,347,308061,373,515057,4.17936822083536e-09,1.83901546307524e-08,1.28739898842515,7.73541461904903
"GO:0032101",247,4,489,0,247,308161,242,515188,4.26499801873529e-09,1.87564605606057e-08,1.34928682367431,7.72684911180044
"GO:0016251",193,5,367,0,193,308215,174,515256,4.31325697131121e-09,1.89581009928318e-08,1.40477713552174,7.72220516750633
"GO:0019509",63,0,93,0,63,308345,30,515400,4.38254679864769e-09,1.92519020083452e-08,1.80956332666991,7.71552635753609
"GO:0015714",66,1,99,0,66,308342,33,515397,4.38514104994604e-09,1.92525545706499e-08,1.78084009926245,7.71551163694356
"GO:0061817",170,4,316,0,170,308238,146,515284,4.41788723374497e-09,1.93747121470977e-08,1.43707033326558,7.71276474114969
"GO:0090158",170,4,316,0,170,308238,146,515284,4.41788723374497e-09,1.93747121470977e-08,1.43707033326558,7.71276474114969
"GO:0000400",94,0,154,0,94,308314,60,515370,4.62234709158753e-09,2.02600870294973e-08,1.6305094415325,7.69335869341062
"GO:0017057",51,0,71,0,51,308357,20,515410,4.71616238631255e-09,2.06597831413758e-08,1.91879250131799,7.68487424143199
"GO:0046961",235,6,462,0,235,308173,227,515203,4.8267256039458e-09,2.11323603750063e-08,1.35875786794375,7.67505199179817
"GO:0031301",162,4,299,0,162,308246,137,515293,4.85974236628139e-09,2.12650872192146e-08,1.44730482983537,7.6723328316781
"GO:0004693",141,6,253,0,141,308267,112,515318,4.90123613456738e-09,2.14347393618413e-08,1.48872601183402,7.66888179297454
"GO:0009378",334,6,690,0,334,308074,356,515074,4.97224229223246e-09,2.17331989586085e-08,1.29304476772534,7.66287634418936
"GO:0004594",65,1,97,0,65,308343,32,515398,5.03545143342954e-09,2.19972661953148e-08,1.79001968740298,7.65763128963521
"GO:0008318",84,0,134,0,84,308324,50,515380,5.08144391082166e-09,2.218587158402e-08,1.67452128736618,7.65392350511758
"GO:0006913",296,9,602,0,296,308112,306,515124,5.19357105249088e-09,2.26628555017784e-08,1.31344352835968,7.64468537026545
"GO:0051241",346,11,719,0,346,308062,373,515057,5.20496750731374e-09,2.27000023366059e-08,1.28547428583757,7.64397409810313
"GO:0015038",70,1,107,0,70,308338,37,515393,5.25629654631908e-09,2.28984872233668e-08,1.74755336843511,7.64019320815118
"GO:0015292",70,0,107,0,70,308338,37,515393,5.25629654631908e-09,2.28984872233668e-08,1.74755336843511,7.64019320815118
"GO:0031956",58,0,84,0,58,308350,26,515404,5.37799362664238e-09,2.3415689064673e-08,1.84444153137897,7.63049305750257
"GO:0045595",397,6,839,0,397,308011,442,514988,5.38140580050778e-09,2.34175934005513e-08,1.26399318130011,7.63045773892055
"GO:0022804",451,13,967,0,451,307957,516,514914,5.41245751569319e-09,2.35397047312358e-08,1.24585142414793,7.62819898900317
"GO:0042548",72,1,111,0,72,308336,39,515391,5.60883270515412e-09,2.43803042821498e-08,1.73270928576887,7.61296087840451
"GO:0033674",107,1,182,0,107,308301,75,515355,5.72246136721103e-09,2.48467820643603e-08,1.57046613149243,7.60472984927212
"GO:0045860",107,1,182,0,107,308301,75,515355,5.72246136721103e-09,2.48467820643603e-08,1.57046613149243,7.60472984927212
"GO:0090626",369,12,773,0,369,308039,404,515026,5.84862252680543e-09,2.53805714062912e-08,1.27515523278366,7.5954986046288
"GO:0001558",234,6,460,0,234,308174,226,515204,5.92001970694659e-09,2.56762507620295e-08,1.35885842356765,7.59046839151581
"GO:0042538",110,6,188,0,110,308298,78,515352,6.02106853361635e-09,2.61001384893325e-08,1.56297136371438,7.58335718825584
"GO:0010008",142,8,256,0,142,308266,114,515316,6.12073181705482e-09,2.65175568870972e-08,1.48171461383946,7.5764664908
"GO:0009902",78,0,123,0,78,308330,45,515385,6.27559963604347e-09,2.71735535395678e-08,1.69396985051794,7.5658535643163
"GO:0001046",86,0,139,0,86,308322,53,515377,6.29262848878074e-09,2.72323097656306e-08,1.65272210650975,7.56491552149787
"GO:0008721",60,0,88,0,60,308348,28,515402,6.44113638961226e-09,2.77985886288529e-08,1.82131373788205,7.555977253228
"GO:0018114",60,0,88,0,60,308348,28,515402,6.44113638961226e-09,2.77985886288529e-08,1.82131373788205,7.555977253228
"GO:0019210",60,1,88,0,60,308348,28,515402,6.44113638961226e-09,2.77985886288529e-08,1.82131373788205,7.555977253228
"GO:0030378",60,0,88,0,60,308348,28,515402,6.44113638961226e-09,2.77985886288529e-08,1.82131373788205,7.555977253228
"GO:0070179",60,0,88,0,60,308348,28,515402,6.44113638961226e-09,2.77985886288529e-08,1.82131373788205,7.555977253228
"GO:0000266",120,2,209,0,120,308288,89,515341,6.66439590605635e-09,2.87463696287538e-08,1.53373788453225,7.54141699444401
"GO:0031300",162,4,300,0,162,308246,138,515292,7.34866862906425e-09,3.16805692486275e-08,1.44248048040258,7.4992070234425
"GO:0033615",75,0,117,0,75,308333,42,515388,7.41902613071294e-09,3.19488915213196e-08,1.71234624929082,7.49554420525285
"GO:0071218",75,1,117,0,75,308333,42,515388,7.41902613071294e-09,3.19488915213196e-08,1.71234624929082,7.49554420525285
"GO:0010193",373,2,784,0,373,308035,411,515019,7.5245324814806e-09,3.23855219760608e-08,1.2708929024711,7.48964909878004
"GO:0030060",87,1,141,0,87,308321,54,515376,7.65884535723131e-09,3.29455905202868e-08,1.64822434718971,7.48220270370595
"GO:0006777",83,1,133,0,83,308325,50,515380,7.86634296792549e-09,3.38012291722213e-08,1.66702701021184,7.47106750643812
"GO:1990641",83,1,133,0,83,308325,50,515380,7.86634296792549e-09,3.38012291722213e-08,1.66702701021184,7.47106750643812
"GO:0048513",362,9,758,0,362,308046,396,515034,8.13090784980831e-09,3.49189888672619e-08,1.27572054604157,7.45693834044546
"GO:0033314",111,1,191,0,111,308297,80,515350,8.21603290771352e-09,3.52653277260201e-08,1.55240773050889,7.45265207583637
"GO:0032268",652,26,1455,0,652,307756,803,514627,8.58145964320232e-09,3.68137603876232e-08,1.19701829352486,7.43398981873417
"GO:0099173",114,2,197,0,114,308294,83,515347,8.77318599612571e-09,3.76157517219508e-08,1.54580536534964,7.42463025471591
"GO:0016627",307,5,630,0,307,308101,323,515107,8.96090127829032e-09,3.83996814712582e-08,1.30170931065136,7.41567237812853
"GO:1903046",380,6,802,0,380,308028,422,515008,9.08750839552415e-09,3.89210370454658e-08,1.26568435982493,7.40981559653516
"GO:0051093",347,13,724,0,347,308061,377,515053,9.21483979091956e-09,3.94449259565627e-08,1.28028628683164,7.40400885483207
"GO:0032592",96,1,160,0,96,308312,64,515366,9.61735121476096e-09,4.11455373709773e-08,1.6027560893362,7.38567726130853
"GO:0019919",87,2,142,0,87,308321,55,515375,9.73926836179872e-09,4.1644497851211e-08,1.63661713347711,7.38044237026456
"GO:0015866",83,1,134,0,83,308325,51,515379,1.01730428029659e-08,4.34756747801016e-08,1.65458651013563,7.36175366864669
"GO:0005982",114,0,198,0,114,308294,84,515346,1.0218164307832e-08,4.36103780314384e-08,1.53799826754484,7.36041014867956
"GO:0043269",178,3,337,0,178,308230,159,515271,1.02211823511184e-08,4.36103780314384e-08,1.41093266024651,7.36041014867956
"GO:2001056",114,2,198,0,114,308294,84,515346,1.0218164307832e-08,4.36103780314384e-08,1.53799826754484,7.36041014867956
"GO:0009225",124,1,219,0,124,308284,95,515335,1.02456709060483e-08,4.36911816751962e-08,1.51249433088044,7.35960620916827
"GO:0070979",81,0,130,0,81,308327,49,515381,1.02823476178179e-08,4.38238443137315e-08,1.66440055431067,7.35828952793895
"GO:0006721",450,4,969,0,450,307958,519,514911,1.03214828389134e-08,4.39668359891377e-08,1.24052328895991,7.35687478664093
"GO:0004617",63,0,94,0,63,308345,31,515399,1.06141844075981e-08,4.51892156066048e-08,1.79031265298193,7.34496519707729
"GO:0032797",56,0,81,0,56,308352,25,515405,1.08426532326065e-08,4.61369547281505e-08,1.84679713997587,7.33595107449647
"GO:0005179",6,0,74,0,6,308402,68,515362,1.08885808105095e-08,4.63073517775962e-08,0.216588660721109,7.33435005470601
"GO:0072596",140,6,253,0,140,308268,113,515317,1.09161488818852e-08,4.63995269968683e-08,1.47816767132456,7.33348644667997
"GO:0008380",406,18,864,0,406,308002,458,514972,1.09690430509635e-08,4.6599194224061e-08,1.25524493107735,7.33162159290377
"GO:0010960",103,1,175,0,103,308305,72,515358,1.1219606483455e-08,4.76379407970646e-08,1.57222740192028,7.32204701964519
"GO:0010053",182,4,346,0,182,308226,164,515266,1.12872026592948e-08,4.78991155439182e-08,1.40511371993829,7.31967250574916
"GO:0042136",338,2,704,0,338,308070,366,515064,1.139140109372e-08,4.83152529147432e-08,1.28250842375861,7.31591574272734
"GO:0019252",72,0,112,0,72,308336,40,515390,1.14677918674894e-08,4.85868985903533e-08,1.71723866714593,7.31348082203359
"GO:0071108",72,0,112,0,72,308336,40,515390,1.14677918674894e-08,4.85868985903533e-08,1.71723866714593,7.31348082203359
"GO:0044437",726,34,1638,0,726,307682,912,514518,1.15279913625139e-08,4.88156794005967e-08,1.18396512093822,7.31144066194292
"GO:0010950",115,2,200,0,115,308293,85,515345,1.15798427190212e-08,4.89825480301638e-08,1.53597458561386,7.30995862699699
"GO:0010952",115,2,200,0,115,308293,85,515345,1.15798427190212e-08,4.89825480301638e-08,1.53597458561386,7.30995862699699
"GO:0051980",51,0,72,0,51,308357,21,515409,1.18648263401333e-08,5.0161070327352e-08,1.89214260546635,7.29963320518564
"GO:0009695",101,0,171,0,101,308307,70,515360,1.2040413360764e-08,5.08760783553054e-08,1.57776184232901,7.29348637248328
"GO:0005996",162,3,302,0,162,308246,140,515290,1.21186784620315e-08,5.11793116164764e-08,1.43292762953899,7.29090555985517
"GO:0032940",391,25,829,0,391,308017,438,514992,1.26092007450348e-08,5.32223207854769e-08,1.25990677710184,7.27390619174722
"GO:0071369",361,4,758,0,361,308047,397,515033,1.27193900502332e-08,5.36586487006622e-08,1.27219645613538,7.27036026847428
"GO:0000938",99,2,167,0,99,308309,68,515362,1.28779341516502e-08,5.42983918809805e-08,1.58356140563158,7.2652130324288
"GO:0047617",123,4,217,0,123,308285,94,515336,1.30661283726835e-08,5.50623996519084e-08,1.51412441619319,7.25914486572015
"GO:0016925",163,3,304,0,163,308245,141,515289,1.32830427157256e-08,5.59465555153514e-08,1.43228751404496,7.25222664669997
"GO:0005665",183,1,349,0,183,308225,166,515264,1.33033134202795e-08,5.60019696494334e-08,1.4006894190474,7.25179669812171
"GO:0046903",392,25,832,0,392,308016,440,514990,1.34371439977346e-08,5.65351136024409e-08,1.25857449322875,7.24768173081649
"GO:0018205",345,11,721,0,345,308063,376,515054,1.3472874761356e-08,5.66551656631382e-08,1.27820353865231,7.24676048621155
"GO:0006720",456,6,985,0,456,307952,529,514901,1.35778466126799e-08,5.70661017271841e-08,1.23664429227971,7.24362179375904
"GO:0042138",138,4,250,0,138,308270,112,515318,1.36023550473701e-08,5.71386013515994e-08,1.47453560218931,7.24307039455735
"GO:0043230",111,1,192,0,111,308297,81,515349,1.3884505161261e-08,5.82927064690381e-08,1.54432227357915,7.23438578037653
"GO:0043153",54,0,78,0,54,308354,24,515406,1.42080088569822e-08,5.96191075278061e-08,1.84933394923408,7.22461452945485
"GO:0043139",202,0,392,0,202,308206,190,515240,1.42904518776946e-08,5.99331045184932e-08,1.37651670937888,7.22233322538495
"GO:0009816",354,3,743,0,354,308054,389,515041,1.43824230043807e-08,6.02867060119727e-08,1.27271344913642,7.21977844477795
"GO:0060429",236,6,469,0,236,308172,233,515197,1.4970548175062e-08,6.27185498850923e-08,1.34417355040279,7.20260399152552
"GO:0004000",41,3,54,0,41,308367,13,515417,1.51986572694393e-08,6.36164612176378e-08,2.02817900193779,7.19643049298404
"GO:0065002",131,7,235,0,131,308277,104,515326,1.52010370363791e-08,6.36164612176378e-08,1.48908544470243,7.19643049298404
"GO:0004550",60,0,89,0,60,308348,29,515401,1.53014879281026e-08,6.40028230446459e-08,1.80084953858,7.19380086967748
"GO:0009875",100,2,169,0,100,308308,69,515361,1.53596301356659e-08,6.42119003865971e-08,1.58062730703768,7.19238447670865
"GO:0009887",150,1,276,0,150,308258,126,515304,1.56324535666203e-08,6.53177677688082e-08,1.45177182005091,7.18496866567227
"GO:0022803",158,2,294,0,158,308250,136,515294,1.56449640683423e-08,6.53353618811622e-08,1.4355751820585,7.18485169907566
"GO:0016597",119,1,209,0,119,308289,90,515340,1.60433193532775e-08,6.69634199093323e-08,1.52095673549448,7.17416237446187
"GO:0046839",223,5,440,0,223,308185,217,515213,1.63911671511562e-08,6.83790502458408e-08,1.35384321182566,7.16507693565196
"GO:0045292",153,2,283,0,153,308255,130,515300,1.66713660083147e-08,6.95111192889055e-08,1.44417951512626,7.15794571829396
"GO:0046933",224,8,442,0,224,308184,218,515212,1.72388470968126e-08,7.18391764669715e-08,1.35376079943933,7.14363865487499
"GO:0097435",198,5,383,0,198,308210,185,515245,1.72836964968384e-08,7.19879676312763e-08,1.38096477671266,7.14274008729137
"GO:0043288",62,1,93,0,62,308346,31,515399,1.73853998865133e-08,7.23350253206302e-08,1.78084009926245,7.14065136217778
"GO:1902644",62,1,93,0,62,308346,31,515399,1.73853998865133e-08,7.23350253206302e-08,1.78084009926245,7.14065136217778
"GO:0098573",96,1,161,0,96,308312,65,515365,1.75317507331965e-08,7.29054103389978e-08,1.59280108257014,7.13724024132284
"GO:0005850",87,0,143,0,87,308321,56,515374,1.76659805304113e-08,7.3424814538225e-08,1.62517225841783,7.13415714177659
"GO:0006614",156,3,290,0,156,308252,134,515296,1.7769552101552e-08,7.38163135321464e-08,1.43695373526694,7.13184764774269
"GO:0008379",69,0,107,0,69,308339,38,515392,1.79007313170372e-08,7.4322023696053e-08,1.72258832031461,7.12888247355608
"GO:0043433",71,1,111,0,71,308337,40,515390,1.86395086870447e-08,7.73485568710679e-08,1.70864387902208,7.1115477847284
"GO:0009626",309,8,639,0,309,308099,330,515100,1.88751045717083e-08,7.8284943724177e-08,1.29173612833826,7.10632175628517
"GO:0015369",127,0,227,0,127,308281,100,515330,1.89848736281602e-08,7.86987494475394e-08,1.49449356347796,7.10403216868729
"GO:0000244",132,4,238,0,132,308276,106,515324,1.92204423073188e-08,7.96333272859018e-08,1.48153924224355,7.09890513795052
"GO:0007029",64,0,97,0,64,308344,33,515397,1.92764487904396e-08,7.98233586945504e-08,1.76248092298139,7.0978700025377
"GO:0016255",77,1,123,0,77,308331,46,515384,1.95515719623288e-08,8.07926375262215e-08,1.67225228833181,7.09262821382221
"GO:0016420",77,2,123,0,77,308331,46,515384,1.95515719623288e-08,8.07926375262215e-08,1.67225228833181,7.09262821382221
"GO:0042765",77,1,123,0,77,308331,46,515384,1.95515719623288e-08,8.07926375262215e-08,1.67225228833181,7.09262821382221
"GO:0050736",77,2,123,0,77,308331,46,515384,1.95515719623288e-08,8.07926375262215e-08,1.67225228833181,7.09262821382221
"GO:0005956",58,0,86,0,58,308350,28,515402,1.96845533128403e-08,8.129947727108e-08,1.80154754227713,7.08991224676774
"GO:0008175",66,1,101,0,66,308342,35,515395,2.09233099534064e-08,8.63703701904642e-08,1.74557593888101,7.06363521897663
"GO:0005736",190,3,366,0,190,308218,176,515254,2.10084489306854e-08,8.66763679152808e-08,1.38671974942568,7.06209929563787
"GO:0002683",149,1,275,0,149,308259,126,515304,2.14389079593132e-08,8.83597295579654e-08,1.44733731703694,7.05374562204079
"GO:0045597",149,1,275,0,149,308259,126,515304,2.14389079593132e-08,8.83597295579654e-08,1.44733731703694,7.05374562204079
"GO:0051592",130,3,234,0,130,308278,104,515326,2.15355237562156e-08,8.87114824745834e-08,1.48403341605204,7.05202016311527
"GO:0006302",581,14,1289,0,581,307827,708,514722,2.16702291252064e-08,8.92196881138206e-08,1.20403580023834,7.04953929925943
"GO:0006817",88,0,145,0,88,308320,57,515373,2.16947230441233e-08,8.9273842029973e-08,1.62117857312168,7.04927577432761
"GO:0030336",68,3,105,0,68,308340,37,515393,2.22918515881023e-08,9.15396221708613e-08,1.72995895356924,7.0383908844524
"GO:0040013",68,3,105,0,68,308340,37,515393,2.22918515881023e-08,9.15396221708613e-08,1.72995895356924,7.0383908844524
"GO:0051271",68,3,105,0,68,308340,37,515393,2.22918515881023e-08,9.15396221708613e-08,1.72995895356924,7.0383908844524
"GO:2000146",68,3,105,0,68,308340,37,515393,2.22918515881023e-08,9.15396221708613e-08,1.72995895356924,7.0383908844524
"GO:0016868",92,0,154,0,92,308316,62,515368,2.35187941002015e-08,9.65276053997843e-08,1.59581775128713,7.01534846739903
"GO:0015865",106,2,183,0,106,308302,77,515353,2.41517917549948e-08,9.89707989043826e-08,1.54728729935918,7.00449292404272
"GO:0015868",106,2,183,0,106,308302,77,515353,2.41517917549948e-08,9.89707989043826e-08,1.54728729935918,7.00449292404272
"GO:0051503",106,2,183,0,106,308302,77,515353,2.41517917549948e-08,9.89707989043826e-08,1.54728729935918,7.00449292404272
"GO:0042445",489,6,1068,0,489,307919,579,514851,2.42138857355937e-08,9.91736256558758e-08,1.22307697828559,7.00360380924761
"GO:0048437",510,15,1118,0,510,307898,608,514822,2.42800093834541e-08,9.93927373200991e-08,1.2185533774023,7.00264534857089
"GO:0140663",49,0,69,0,49,308359,20,515410,2.44034958666887e-08,9.98463198869925e-08,1.89698184486652,7.00066793762578
"GO:0071011",286,11,586,0,286,308122,300,515130,2.46774496408407e-08,1.0091474471309e-07,1.30372082352149,6.99604537410307
"GO:0016297",78,3,125,0,78,308330,47,515383,2.47641836801079e-08,1.01216850430846e-07,1.66686633290965,6.99474718077733
"GO:0010054",179,4,342,0,179,308229,163,515267,2.49114380975607e-08,1.01660363247277e-07,1.39811569196482,6.99284834283313
"GO:0048764",179,4,342,0,179,308229,163,515267,2.49114380975607e-08,1.01660363247277e-07,1.39811569196482,6.99284834283313
"GO:0048765",179,4,342,0,179,308229,163,515267,2.49114380975607e-08,1.01660363247277e-07,1.39811569196482,6.99284834283313
"GO:0008080",170,1,322,0,170,308238,152,515278,2.50875656185498e-08,1.02326070750893e-07,1.41029262519231,6.99001370215524
"GO:0005880",144,2,265,0,144,308264,121,515309,2.52187935326748e-08,1.02808049036363e-07,1.45155268468185,6.98797288227428
"GO:0044448",164,7,309,0,164,308244,145,515285,2.56404819074603e-08,1.04473019449031e-07,1.41775619552933,6.98099585325933
"GO:0034637",158,4,296,0,158,308250,138,515292,2.60697274617189e-08,1.06167043237792e-07,1.4258753497473,6.97401027761685
"GO:0044087",218,9,430,0,218,308190,212,515218,2.61278595117244e-08,1.06348764258684e-07,1.35426677316005,6.97326755210589
"GO:0017053",118,4,209,0,118,308290,91,515339,2.63313877743301e-08,1.07121800805957e-07,1.50817558645672,6.9701221350857
"GO:0004560",64,0,98,0,64,308344,34,515396,2.65376521106297e-08,1.07886624165855e-07,1.7444964237673,6.96703239601264
"GO:0044440",156,14,291,0,156,308252,135,515295,2.65467976383715e-08,1.07886624165855e-07,1.43201574992238,6.96703239601264
"GO:0042327",111,2,194,0,111,308297,83,515347,2.69023111424384e-08,1.09275022349471e-07,1.52840142539793,6.96147909601423
"GO:0042133",340,2,713,0,340,308068,373,515057,2.76395313494235e-08,1.12211650738866e-07,1.27381269372209,6.94996204870452
"GO:0046474",93,0,156,0,93,308315,63,515367,2.7680552561298e-08,1.12320262764195e-07,1.59248201184046,6.94954188921617
"GO:0000808",41,0,55,0,41,308367,14,515416,2.78642467755877e-08,1.128329992888e-07,1.99130302008437,6.9475638674348
"GO:0001680",41,0,55,0,41,308367,14,515416,2.78642467755877e-08,1.128329992888e-07,1.99130302008437,6.9475638674348
"GO:0052927",41,0,55,0,41,308367,14,515416,2.78642467755877e-08,1.128329992888e-07,1.99130302008437,6.9475638674348
"GO:0052929",41,0,55,0,41,308367,14,515416,2.78642467755877e-08,1.128329992888e-07,1.99130302008437,6.9475638674348
"GO:0070390",40,1,53,0,40,308368,13,515417,2.82647061384096e-08,1.14395766951959e-07,2.01604539539145,6.94159004567778
"GO:0008840",61,0,92,0,61,308347,31,515399,2.87244025163864e-08,1.16017699645456e-07,1.77116162046211,6.93547574980782
"GO:0009306",61,0,92,0,61,308347,31,515399,2.87244025163864e-08,1.16017699645456e-07,1.77116162046211,6.93547574980782
"GO:0046739",61,0,92,0,61,308347,31,515399,2.87244025163864e-08,1.16017699645456e-07,1.77116162046211,6.93547574980782
"GO:1990547",61,1,92,0,61,308347,31,515399,2.87244025163864e-08,1.16017699645456e-07,1.77116162046211,6.93547574980782
"GO:0005769",109,7,190,0,109,308299,81,515349,2.9560421329357e-08,1.1933314702805e-07,1.53245976962848,6.92323890610444
"GO:0004143",80,1,130,0,80,308328,50,515380,3.02346015001602e-08,1.21929704410482e-07,1.64385239931918,6.9138904790409
"GO:1901002",80,1,130,0,80,308328,50,515380,3.02346015001602e-08,1.21929704410482e-07,1.64385239931918,6.9138904790409
"GO:0000184",160,1,300,0,160,308248,140,515290,3.06759855012333e-08,1.23646368594833e-07,1.42467207940996,6.90781863403285
"GO:0009555",559,6,1238,0,559,307849,679,514751,3.09465889320795e-08,1.24673258993516e-07,1.20616673928236,6.90422668779609
"GO:0000325",350,8,738,0,350,308058,388,515042,3.13871520531018e-08,1.26383458292592e-07,1.26685779419077,6.8983097649964
"GO:0009099",63,0,96,0,63,308345,33,515397,3.14752438135263e-08,1.26608645528911e-07,1.75301447271147,6.89753663730997
"GO:0034058",63,0,96,0,63,308345,33,515397,3.14752438135263e-08,1.26608645528911e-07,1.75301447271147,6.89753663730997
"GO:0000774",130,3,235,0,130,308278,105,515325,3.37430746848305e-08,1.3566163632226e-07,1.47771838023905,6.86754294887027
"GO:0070125",410,11,881,0,410,307998,471,514959,3.46789226996633e-08,1.39352975748724e-07,1.24315171514916,6.85588375291084
"GO:0017196",83,1,136,0,83,308325,53,515377,3.54577365944072e-08,1.42409848199578e-07,1.63025435557482,6.8464599764938
"GO:0030554",204,8,400,0,204,308204,196,515234,3.6242629861249e-08,1.45488007275753e-07,1.36234267593577,6.83717280453803
"GO:0004045",81,1,132,0,81,308327,51,515379,3.66162594074828e-08,1.46912942943784e-07,1.63918236409384,6.83293994143607
"GO:0005798",626,17,1402,0,626,307782,776,514654,3.67705191834846e-08,1.47456712690979e-07,1.19273099372856,6.83133545221837
"GO:0001934",123,3,220,0,123,308285,97,515333,3.81132460081723e-08,1.5276347890852e-07,1.49347726506328,6.81598045992448
"GO:0009566",77,1,124,0,77,308331,47,515383,3.81894491982989e-08,1.52991014803567e-07,1.65876638278075,6.81533407464526
"GO:0045159",89,4,149,0,89,308319,60,515370,3.82472359575529e-08,1.53144578564525e-07,1.59558492115125,6.81489837294285
"GO:0048768",75,1,120,0,75,308333,45,515385,3.85080940824438e-08,1.54032376329775e-07,1.66953759305855,6.81238798446533
"GO:0071486",75,1,120,0,75,308333,45,515385,3.85080940824438e-08,1.54032376329775e-07,1.66953759305855,6.81238798446533
"GO:0000271",167,2,317,0,167,308241,150,515280,3.86608047536007e-08,1.54564680050962e-07,1.40725692386512,6.81088974076336
"GO:0003951",49,0,70,0,49,308359,21,515409,3.91031970202739e-08,1.5617471686636e-07,1.86988210422557,6.80638927272619
"GO:0006741",49,0,70,0,49,308359,21,515409,3.91031970202739e-08,1.5617471686636e-07,1.86988210422557,6.80638927272619
"GO:0004066",53,0,77,0,53,308355,24,515406,3.9458615850152e-08,1.57514312359227e-07,1.83865958300474,6.80267997840624
"GO:0004470",87,0,145,0,87,308321,58,515372,4.04120057804348e-08,1.6115669174447e-07,1.6027560893362,6.79275165647272
"GO:0044770",87,1,145,0,87,308321,58,515372,4.04120057804348e-08,1.6115669174447e-07,1.6027560893362,6.79275165647272
"GO:0007186",153,6,286,0,153,308255,133,515297,4.11154202755174e-08,1.63878778941202e-07,1.42903077895361,6.78547728062977
"GO:0019829",273,10,559,0,273,308135,286,515144,4.11434922885233e-08,1.63907677781e-07,1.30456890992482,6.78540070268438
"GO:0010256",193,9,375,0,193,308215,182,515248,4.23322893458457e-08,1.68558311446888e-07,1.37480855663061,6.77324982797525
"GO:0032555",244,10,492,0,244,308164,248,515182,4.31585486557162e-08,1.717614231637e-07,1.32477129335377,6.76507437012292
"GO:0006555",58,1,87,0,58,308350,29,515401,4.32008843200733e-08,1.71843032525324e-07,1.78084009926245,6.76486807188956
"GO:0006879",174,2,333,0,174,308234,159,515271,4.36389448002649e-08,1.7349786538772e-07,1.39579359131381,6.76070586413557
"GO:0022413",177,2,340,0,177,308231,163,515267,4.46529689829541e-08,1.77439763671789e-07,1.39062660692406,6.75094904962202
"GO:0036464",184,8,355,0,184,308224,171,515259,4.51722601746309e-08,1.79322255216689e-07,1.38454047153926,6.74636580793917
"GO:0042162",187,1,362,0,187,308221,175,515255,4.51549651032332e-08,1.79322255216689e-07,1.379905104539,6.74636580793917
"GO:0004046",42,1,57,0,42,308366,15,515415,4.60701390888657e-08,1.82794422836467e-07,1.96829695181639,6.7380370589758
"GO:0061608",157,1,295,0,157,308251,138,515292,4.70494067651674e-08,1.86585858969974e-07,1.42165370636036,6.72912127379437
"GO:0007142",60,0,91,0,60,308348,31,515399,4.78041391116232e-08,1.8948347587447e-07,1.76127042784198,6.7224286571969
"GO:0048448",67,0,105,0,67,308341,38,515392,4.87867765545425e-08,1.93281079535661e-07,1.70451838072263,6.71381065738082
"GO:0030135",636,17,1429,0,636,307772,793,514637,4.94984069538769e-08,1.9600174021173e-07,1.18888835178193,6.70774007272007
"GO:0006821",97,1,166,0,97,308311,69,515361,4.97068460982404e-08,1.96728151073579e-07,1.56091707495594,6.7061334896936
"GO:0006750",71,1,113,0,71,308337,42,515388,5.0391584142519e-08,1.99337965010005e-07,1.67840239443762,6.70040997965307
"GO:0016036",228,2,456,0,228,308180,228,515202,5.0988477742214e-08,2.01597838667357e-07,1.33563007444684,6.69551412827746
"GO:2000022",387,12,828,0,387,308021,441,514989,5.30410079990573e-08,2.09607838839648e-07,1.24852376524378,6.67859247979353
"GO:0015086",95,2,162,0,95,308313,67,515363,5.37075572443848e-08,2.12135419281383e-07,1.56647971694382,6.67338681326457
"GO:0003935",40,0,54,0,40,308368,14,515416,5.41737076388183e-08,2.13869321230079e-07,1.97871122140272,6.66985150891166
"GO:0004197",500,20,1100,0,500,307908,600,514830,5.49357688442714e-08,2.16769108943411e-07,1.21420915858803,6.6640026076101
"GO:0015630",720,26,1636,0,720,307688,916,514514,5.67358876195124e-08,2.23759973617636e-07,1.17561571344954,6.65021759784191
"GO:0016615",53,0,78,0,53,308355,25,515405,5.70439917328382e-08,2.24862445128143e-07,1.81508702424827,6.6480830711785
"GO:0007200",78,1,127,0,78,308330,49,515381,5.7910797539547e-08,2.28165064179837e-07,1.64061646939926,6.64175085244818
"GO:0071216",68,0,107,0,68,308340,39,515391,5.91874248276711e-08,2.33078243243335e-07,1.69762327219411,6.63249826393267
"GO:0043015",76,0,123,0,76,308332,47,515383,5.92567806479114e-08,2.33234688630179e-07,1.65053472614568,6.63220685717069
"GO:0008641",117,2,209,0,117,308291,92,515338,5.99154003623565e-08,2.35709161245612e-07,1.49539443741895,6.62762353753891
"GO:0004739",74,1,119,0,74,308334,45,515385,6.01323847334051e-08,2.36444621688993e-07,1.66111975645489,6.62627056025865
"GO:0052793",91,1,154,0,91,308317,63,515367,6.20861754592634e-08,2.44005178839402e-07,1.57847190616444,6.61260095596657
"GO:0090406",177,1,341,0,177,308231,164,515266,6.31531641188685e-08,2.48074704562741e-07,1.38654852303279,6.6054175171824
"GO:0008878",96,3,164,0,96,308312,68,515362,6.32771069875521e-08,2.48313751847463e-07,1.56366447740117,6.60499922814544
"GO:0035671",11,1,92,0,11,308397,81,515349,6.32765763746658e-08,2.48313751847463e-07,0.3193898004112,6.60499922814544
"GO:0008283",168,5,321,0,168,308240,153,515277,6.53989769198839e-08,2.56512579129709e-07,1.39804269474809,6.59089133264703
"GO:0030042",113,0,200,0,113,308295,87,515343,6.58867124890592e-08,2.58296912706112e-07,1.50926198412493,6.58788078470052
"GO:0033588",89,1,150,0,89,308319,61,515369,6.638857756237e-08,2.60134834530103e-07,1.58494768834358,6.58480148774555
"GO:0005483",61,2,93,0,61,308347,32,515398,6.64281116284101e-08,2.60160246138728e-07,1.75211687185499,6.58475906519795
"GO:0006437",52,0,76,0,52,308356,24,515406,6.66069946353319e-08,2.60731109780872e-07,1.82770431240093,6.58380714681366
"GO:0070012",33,1,42,0,33,308375,9,515421,6.69314014700535e-08,2.61862031174738e-07,2.09884725984503,6.58192746777065
"GO:0070569",118,1,211,0,118,308290,93,515337,6.69624325145767e-08,2.61862031174738e-07,1.49388008326755,6.58192746777065
"GO:0051347",123,1,222,0,123,308285,99,515331,6.71036733365708e-08,2.62284069764392e-07,1.48002251492758,6.58122808616724
"GO:0006094",169,3,323,0,169,308239,154,515276,7.0880858325422e-08,2.76910231631624e-07,1.39765623889483,6.55766099709277
"GO:0006121",57,0,86,0,57,308351,29,515401,7.32659167889607e-08,2.85944123432176e-07,1.77048637775511,6.54371882440916
"GO:0047746",57,1,86,0,57,308351,29,515401,7.32659167889607e-08,2.85944123432176e-07,1.77048637775511,6.54371882440916
"GO:0015108",96,1,165,0,96,308312,69,515361,7.41085219211325e-08,2.89089338237441e-07,1.55418772299268,6.53896792503647
"GO:0045747",121,0,218,0,121,308287,97,515333,7.52922112166208e-08,2.93561310895116e-07,1.4826719175052,6.53230118163039
"GO:0045010",137,5,253,0,137,308271,116,515314,7.63534059111943e-08,2.97551490758872e-07,1.44649264979618,6.52643786954057
"GO:0001682",83,1,138,0,83,308325,55,515375,7.90870040128951e-08,3.08051902815195e-07,1.60662748085634,6.51137610425545
"GO:0006783",94,0,161,0,94,308314,67,515363,8.03353041694092e-08,3.12759403769332e-07,1.55961772668326,6.50478962346114
"GO:0032553",244,10,495,0,244,308164,251,515179,8.09799220427663e-08,3.1511317168594e-07,1.31674237642436,6.50153344299876
"GO:0004089",140,1,260,0,140,308268,120,515310,8.23116919503268e-08,3.19979081003937e-07,1.43837084940429,6.49487841324735
"GO:0030968",140,7,260,0,140,308268,120,515310,8.23116919503268e-08,3.19979081003937e-07,1.43837084940429,6.49487841324735
"GO:0019243",104,2,182,0,104,308304,78,515352,8.57052681926539e-08,3.3300684660048e-07,1.52643437079638,6.4775468373338
"GO:1902025",5,0,64,0,5,308403,59,515371,8.58080062221506e-08,3.33241551544534e-07,0.208692199132318,6.47724085215896
"GO:1900384",50,0,73,0,50,308358,23,515407,8.59751776359121e-08,3.33561655174914e-07,1.82963023896827,6.47682387980613
"GO:1900386",50,0,73,0,50,308358,23,515407,8.59751776359121e-08,3.33561655174914e-07,1.82963023896827,6.47682387980613
"GO:0019439",300,9,625,0,300,308108,325,515105,8.60271595026948e-08,3.33598916061681e-07,1.28220487146896,6.47677536915299
"GO:0017110",116,0,208,0,116,308292,92,515338,8.61012332415401e-08,3.33721766655541e-07,1.48974123688301,6.47661546601497
"GO:0010476",276,3,569,0,276,308132,293,515137,8.69462198368735e-08,3.36665343116512e-07,1.29572548522786,6.47280158829838
"GO:0071370",276,3,569,0,276,308132,293,515137,8.69462198368735e-08,3.36665343116512e-07,1.29572548522786,6.47280158829838
"GO:0035250",56,0,84,0,56,308352,28,515402,8.88470874095784e-08,3.43856574281318e-07,1.78084009926245,6.4636226678559
"GO:0009640",141,0,262,0,141,308267,121,515309,8.90777875993323e-08,3.44580021612749e-07,1.43758656867942,6.46270990609537
"GO:0048438",417,13,903,0,417,307991,486,514944,8.9799901009044e-08,3.47202760679368e-07,1.23357196244592,6.45941683031856
"GO:0000126",86,2,144,0,86,308322,58,515372,9.03869455727466e-08,3.49129556206409e-07,1.59533592225594,6.45701338362924
"GO:0017101",130,3,238,0,130,308278,108,515322,9.03497574375392e-08,3.49129556206409e-07,1.45909167796713,6.45701338362924
"GO:0045943",109,2,193,0,109,308299,84,515346,9.17900511704786e-08,3.54375322615992e-07,1.50863915144772,6.45053652839009
"GO:0004660",46,0,65,0,46,308362,19,515411,9.32535525378351e-08,3.59496555131165e-07,1.89043025921706,6.44430526687969
"GO:0005965",46,0,65,0,46,308362,19,515411,9.32535525378351e-08,3.59496555131165e-07,1.89043025921706,6.44430526687969
"GO:0018343",46,0,65,0,46,308362,19,515411,9.32535525378351e-08,3.59496555131165e-07,1.89043025921706,6.44430526687969
"GO:0072337",49,0,71,0,49,308359,22,515408,9.48489404757806e-08,3.65467870496987e-07,1.84354573656042,6.43715079730859
"GO:0004814",69,1,110,0,69,308339,41,515389,9.58315155568138e-08,3.68892758172732e-07,1.67560863885149,6.4330998704346
"GO:0006420",69,1,110,0,69,308339,41,515389,9.58315155568138e-08,3.68892758172732e-07,1.67560863885149,6.4330998704346
"GO:0010497",58,0,88,0,58,308350,30,515400,9.82957480283261e-08,3.78008856120656e-07,1.76060327995265,6.42249802524405
"GO:0051996",58,0,88,0,58,308350,30,515400,9.82957480283261e-08,3.78008856120656e-07,1.76060327995265,6.42249802524405
"GO:0004488",52,0,77,0,52,308356,25,515405,1.00132183949966e-07,3.84883082057681e-07,1.80396789275936,6.41467117835844
"GO:0031083",39,0,53,0,39,308369,14,515416,1.05389867200353e-07,4.04894599610141e-07,1.96564426050667,6.3926580157116
"GO:0051046",80,5,132,0,80,308328,52,515378,1.06201819946301e-07,4.07616151446748e-07,1.61894554478404,6.38974861577154
"GO:1903530",80,5,132,0,80,308328,52,515378,1.06201819946301e-07,4.07616151446748e-07,1.61894554478404,6.38974861577154
"GO:0005388",240,9,487,0,240,308168,247,515183,1.06714341004849e-07,4.09383670755444e-07,1.31643210623097,6.38786948419974
"GO:0004721",205,10,406,0,205,308203,201,515229,1.07145264275691e-07,4.10836590539815e-07,1.34878899143646,6.38633088357073
"GO:0044451",509,31,1127,0,509,307899,618,514812,1.11947203460613e-07,4.29040109854889e-07,1.20645201045863,6.36750210484471
"GO:0070008",105,3,185,0,105,308303,80,515350,1.12680573296596e-07,4.31640619460244e-07,1.51612062504776,6.36487769286454
"GO:0002009",145,2,272,0,145,308263,127,515303,1.13434848017909e-07,4.34107498102565e-07,1.42401735878523,6.36240271276428
"GO:0048729",145,2,272,0,145,308263,127,515303,1.13434848017909e-07,4.34107498102565e-07,1.42401735878523,6.36240271276428
"GO:0004590",34,0,44,0,34,308374,10,515420,1.14663860801691e-07,4.38597624990724e-07,2.06415556959966,6.35793372435985
"GO:0071006",76,0,124,0,76,308332,48,515382,1.14792323773431e-07,4.38875751697156e-07,1.63722396222515,6.3576584136755
"GO:0010598",64,0,100,0,64,308344,36,515394,1.17220209595412e-07,4.47940529094701e-07,1.70960649529195,6.34877964136001
"GO:0008092",249,11,508,0,249,308159,259,515171,1.17772562536325e-07,4.49832902613269e-07,1.30933814384749,6.34694878166878
"GO:0047334",43,1,60,0,43,308365,17,515413,1.19600366316657e-07,4.56592669080856e-07,1.91440310670713,6.34047106569574
"GO:0010032",66,3,104,0,66,308342,38,515392,1.20213668657698e-07,4.58711584911974e-07,1.69522278679791,6.33846029147951
"GO:0019674",68,2,108,0,68,308340,40,515390,1.21648759779351e-07,4.63962711716594e-07,1.68190453819231,6.33351692191593
"GO:0018193",551,25,1229,0,551,307857,678,514752,1.22823470400702e-07,4.68216154476673e-07,1.19761134421515,6.32955360627578
"GO:0070588",257,8,527,0,257,308151,270,515160,1.23133097456562e-07,4.69169285178148e-07,1.30268284300887,6.32867042732009
"GO:0006241",80,1,133,0,80,308328,53,515377,1.27802823210932e-07,4.86491210984747e-07,1.60677302189093,6.31292500134692
"GO:0008540",80,1,133,0,80,308328,53,515377,1.27802823210932e-07,4.86491210984747e-07,1.60677302189093,6.31292500134692
"GO:0035770",190,8,373,0,190,308218,183,515247,1.31753365364058e-07,5.0128684975634e-07,1.36069551820321,6.2999136880723
"GO:0048229",641,13,1450,0,641,307767,809,514621,1.32147668377219e-07,5.02544176553366e-07,1.18088121064886,6.29882575522077
"GO:0018995",108,1,192,0,108,308300,84,515346,1.32888251175218e-07,5.03657348700683e-07,1.50258383375269,6.29786482501725
"GO:0033643",108,1,192,0,108,308300,84,515346,1.32888251175218e-07,5.03657348700683e-07,1.50258383375269,6.29786482501725
"GO:0043657",108,1,192,0,108,308300,84,515346,1.32888251175218e-07,5.03657348700683e-07,1.50258383375269,6.29786482501725
"GO:0044215",108,1,192,0,108,308300,84,515346,1.32888251175218e-07,5.03657348700683e-07,1.50258383375269,6.29786482501725
"GO:0044216",108,1,192,0,108,308300,84,515346,1.32888251175218e-07,5.03657348700683e-07,1.50258383375269,6.29786482501725
"GO:0044217",108,1,192,0,108,308300,84,515346,1.32888251175218e-07,5.03657348700683e-07,1.50258383375269,6.29786482501725
"GO:0097550",108,0,192,0,108,308300,84,515346,1.32888251175218e-07,5.03657348700683e-07,1.50258383375269,6.29786482501725
"GO:0010417",119,2,215,0,119,308289,96,515334,1.33744270697086e-07,5.06657795441513e-07,1.47851143124813,6.29528527090225
"GO:0010218",247,11,504,0,247,308161,257,515173,1.35185566203115e-07,5.11871465681057e-07,1.30912947773162,6.29083907955829
"GO:0032300",46,1,66,0,46,308362,20,515410,1.35749280506762e-07,5.13758815456362e-07,1.86178737650165,6.28924071310379
"GO:0005680",282,6,586,0,282,308126,304,515126,1.36875941709295e-07,5.17773865033911e-07,1.28548696584986,6.2858598746389
"GO:0030515",263,5,541,0,263,308145,278,515152,1.39363978633364e-07,5.26932391835657e-07,1.29859781729951,6.27824510345209
"GO:0019207",83,5,139,0,83,308325,56,515374,1.42885162343989e-07,5.39986556875604e-07,1.59506900977104,6.26761705193151
"GO:0000055",229,6,463,0,229,308179,234,515196,1.45113933924677e-07,5.47883399450868e-07,1.32120642353488,6.26131185823677
"GO:0006635",229,3,463,0,229,308179,234,515196,1.45113933924677e-07,5.47883399450868e-07,1.32120642353488,6.26131185823677
"GO:0032505",178,2,346,0,178,308230,168,515262,1.45637853977729e-07,5.49597884234268e-07,1.37423209971987,6.25995494783197
"GO:0046177",26,1,31,0,26,308382,5,515425,1.46749666722865e-07,5.53263111322986e-07,2.24041173778179,6.25706828529451
"GO:0046316",26,1,31,0,26,308382,5,515425,1.46749666722865e-07,5.53263111322986e-07,2.24041173778179,6.25706828529451
"GO:0018206",41,0,57,0,41,308367,16,515414,1.47967500079318e-07,5.57320651016454e-07,1.92143273867791,6.25389486425346
"GO:1901537",41,0,57,0,41,308367,16,515414,1.47967500079318e-07,5.57320651016454e-07,1.92143273867791,6.25389486425346
"GO:0034388",81,2,135,0,81,308327,54,515376,1.51428095465383e-07,5.70082241752029e-07,1.6027560893362,6.24406248720008
"GO:0002239",87,0,148,0,87,308321,61,515369,1.52259379207358e-07,5.72937778738202e-07,1.57026779022804,6.24189254001851
"GO:0002939",40,0,55,0,40,308368,15,515415,1.52550721723094e-07,5.73485807738395e-07,1.94273465374085,6.24147732527303
"GO:0009019",40,0,55,0,40,308368,15,515415,1.52550721723094e-07,5.73485807738395e-07,1.94273465374085,6.24147732527303
"GO:0001006",66,0,105,0,66,308342,39,515391,1.53293626261493e-07,5.75728733745456e-07,1.67907780787602,6.23978209502691
"GO:0015918",66,0,105,0,66,308342,39,515391,1.53293626261493e-07,5.75728733745456e-07,1.67907780787602,6.23978209502691
"GO:0009528",192,4,378,0,192,308216,186,515244,1.5930279123072e-07,5.98012194834633e-07,1.35683055181901,6.22328995966479
"GO:0004084",57,0,87,0,57,308351,30,515400,1.60283054148384e-07,6.01118724276358e-07,1.75013595961999,6.22103974396076
"GO:0071034",57,3,87,0,57,308351,30,515400,1.60283054148384e-07,6.01118724276358e-07,1.75013595961999,6.22103974396076
"GO:0042277",125,4,229,0,125,308283,104,515326,1.6047388360012e-07,6.01547815095308e-07,1.45811143498563,6.22072984628471
"GO:1903338",85,0,144,0,85,308323,59,515371,1.63486844322373e-07,6.12550422896584e-07,1.57678550455529,6.21285815596845
"GO:0045053",48,0,70,0,48,308360,22,515408,1.65698610636979e-07,6.20247010430004e-07,1.83172124495566,6.20743532033569
"GO:0070552",48,0,70,0,48,308360,22,515408,1.65698610636979e-07,6.20247010430004e-07,1.83172124495566,6.20743532033569
"GO:0044183",176,4,342,0,176,308232,166,515264,1.67258984284404e-07,6.25746384752952e-07,1.37468358539557,6.20360165084699
"GO:0045300",77,1,127,0,77,308331,50,515380,1.67326745414757e-07,6.25746384752952e-07,1.61958292491979,6.20360165084699
"GO:0009134",112,0,201,0,112,308296,89,515341,1.67982487480706e-07,6.27900352064632e-07,1.48846336654772,6.20210927343204
"GO:0009090",59,0,91,0,59,308349,32,515398,1.71306939512804e-07,6.40022889342569e-07,1.73191592071128,6.1938044939264
"GO:0001054",189,2,372,0,189,308219,183,515247,1.71810210986363e-07,6.41598662658753e-07,1.35717249500243,6.19273654996163
"GO:0030131",88,0,150,0,88,308320,62,515368,1.73011529840172e-07,6.45778455619645e-07,1.56713928735096,6.18991644795555
"GO:0015672",239,4,487,0,239,308169,248,515182,1.78363846057972e-07,6.65440851264622e-07,1.31094697245501,6.17689054140795
"GO:0042276",73,1,119,0,73,308335,46,515384,1.80205155205824e-07,6.71991938313712e-07,1.63867219217847,6.17263593701592
"GO:0070180",176,4,343,0,176,308232,167,515263,1.80292638846437e-07,6.71999835700356e-07,1.37067576153145,6.17263083312837
"GO:0004435",105,5,186,0,105,308303,81,515349,1.82450655037477e-07,6.78757824411634e-07,1.50796943889159,6.16828515102489
"GO:0033646",105,1,186,0,105,308303,81,515349,1.82450655037477e-07,6.78757824411634e-07,1.50796943889159,6.16828515102489
"GO:0043656",105,1,186,0,105,308303,81,515349,1.82450655037477e-07,6.78757824411634e-07,1.50796943889159,6.16828515102489
"GO:0051209",105,5,186,0,105,308303,81,515349,1.82450655037477e-07,6.78757824411634e-07,1.50796943889159,6.16828515102489
"GO:0030388",63,0,99,0,63,308345,36,515394,1.85362444410444e-07,6.88939170160063e-07,1.69989282202325,6.16181912240308
"GO:0042132",63,0,99,0,63,308345,36,515394,1.85362444410444e-07,6.88939170160063e-07,1.69989282202325,6.16181912240308
"GO:0007423",158,2,302,0,158,308250,144,515286,1.85538955358277e-07,6.89269776583461e-07,1.39754670041457,6.16161076423147
"GO:0046835",81,3,136,0,81,308327,55,515375,1.86206868554458e-07,6.91098759670292e-07,1.59097111809108,6.16045988646792
"GO:0071483",81,1,136,0,81,308327,55,515375,1.86206868554458e-07,6.91098759670292e-07,1.59097111809108,6.16045988646792
"GO:0048581",204,7,406,0,204,308204,202,515228,1.89043584727192e-07,7.01296465114258e-07,1.34220953294165,6.1540983501576
"GO:0030833",113,6,203,0,113,308295,90,515340,1.8960670498203e-07,7.03054159971052e-07,1.48695761982751,6.15301121769631
"GO:0019605",37,0,50,0,37,308371,13,515417,1.93008549410064e-07,7.146581848335e-07,1.97673251018132,6.14590162803923
"GO:0046459",37,0,50,0,37,308371,13,515417,1.93008549410064e-07,7.146581848335e-07,1.97673251018132,6.14590162803923
"GO:0047760",37,0,50,0,37,308371,13,515417,1.93008549410064e-07,7.146581848335e-07,1.97673251018132,6.14590162803923
"GO:0009098",50,0,74,0,50,308358,24,515406,1.94500286956919e-07,7.1916686656875e-07,1.80490550600924,6.14317032961442
"GO:0015786",50,0,74,0,50,308358,24,515406,1.94500286956919e-07,7.1916686656875e-07,1.80490550600924,6.14317032961442
"GO:0035494",50,1,74,0,50,308358,24,515406,1.94500286956919e-07,7.1916686656875e-07,1.80490550600924,6.14317032961442
"GO:0030410",43,0,61,0,43,308365,18,515412,1.94817458447986e-07,7.19663553684912e-07,1.88301944922013,6.14287049096865
"GO:0030418",43,0,61,0,43,308365,18,515412,1.94817458447986e-07,7.19663553684912e-07,1.88301944922013,6.14287049096865
"GO:0010252",292,6,611,0,292,308116,319,515111,1.9577647579564e-07,7.22866987553132e-07,1.27660877819469,6.14094160849536
"GO:0005776",93,1,161,0,93,308315,68,515362,1.99581036749356e-07,7.36569114529268e-07,1.54302604873982,6.13278649573189
"GO:0009249",47,0,68,0,47,308361,21,515409,2.00962911522635e-07,7.40974257379945e-07,1.84631216173533,6.13019687983719
"GO:0043171",47,0,68,0,47,308361,21,515409,2.00962911522635e-07,7.40974257379945e-07,1.84631216173533,6.13019687983719
"GO:0008593",124,1,227,0,124,308284,103,515327,2.02531686193895e-07,7.46408910916826e-07,1.45919056591549,6.12702318445595
"GO:0043900",281,3,585,0,281,308127,304,515126,2.09386020567226e-07,7.71308729015071e-07,1.28311812280192,6.11277175363472
"GO:0002685",96,2,167,0,96,308312,71,515359,2.10587035932273e-07,7.75370040626217e-07,1.53557469637002,6.11049098362553
"GO:0010133",42,0,59,0,42,308366,17,515413,2.12165239123112e-07,7.80815690685898e-07,1.90157502124634,6.10745146799783
"GO:0010562",111,2,199,0,111,308297,88,515342,2.1261463302915e-07,7.81738622702226e-07,1.48999937953366,6.10693843069085
"GO:0045937",111,2,199,0,111,308297,88,515342,2.1261463302915e-07,7.81738622702226e-07,1.48999937953366,6.10693843069085
"GO:0030155",55,0,84,0,55,308353,29,515401,2.12922842672821e-07,7.821412120954e-07,1.74903938320419,6.10671482993598
"GO:0061578",55,0,84,0,55,308353,29,515401,2.12922842672821e-07,7.821412120954e-07,1.74903938320419,6.10671482993598
"GO:0003918",181,5,355,0,181,308227,174,515256,2.1722097218856e-07,7.97557599378892e-07,1.36196644211199,6.09823794251642
"GO:0000295",75,2,124,0,75,308333,49,515381,2.18216602846814e-07,8.00093664466755e-07,1.61568154166956,6.09685916853312
"GO:0005346",75,2,124,0,75,308333,49,515381,2.18216602846814e-07,8.00093664466755e-07,1.61568154166956,6.09685916853312
"GO:0015216",75,2,124,0,75,308333,49,515381,2.18216602846814e-07,8.00093664466755e-07,1.61568154166956,6.09685916853312
"GO:0004144",175,3,341,0,175,308233,166,515264,2.19024535611142e-07,8.02682096988318e-07,1.37088130808326,6.09545642341402
"GO:0006775",98,2,172,0,98,308310,74,515356,2.21620735836441e-07,8.1151979298198e-07,1.52199706157895,6.09070088325854
"GO:0032452",165,3,319,0,165,308243,154,515276,2.21642219882019e-07,8.1151979298198e-07,1.38168628391052,6.09070088325854
"GO:0004588",33,0,43,0,33,308375,10,515420,2.22755040088545e-07,8.15215097897269e-07,2.05003685845328,6.08872778573279
"GO:0002684",274,6,569,0,274,308134,295,515135,2.258518702641e-07,8.26164462230015e-07,1.28633617011752,6.08293349029546
"GO:0042372",80,1,134,0,80,308328,54,515376,2.27758561737241e-07,8.32752158846057e-07,1.59478217844398,6.07948423276021
"GO:0004867",487,11,1078,0,487,307921,591,514839,2.2809588079185e-07,8.33598316431498e-07,1.20677522496402,6.07904317116217
"GO:0034511",189,2,373,0,189,308219,184,515246,2.36903810933423e-07,8.65385985924783e-07,1.35353396284425,6.0627901420525
"GO:0042800",49,1,72,0,49,308359,23,515407,2.413402409355e-07,8.80366254237374e-07,1.81794093466375,6.05533661296033
"GO:0048572",49,0,72,0,49,308359,23,515407,2.413402409355e-07,8.80366254237374e-07,1.81794093466375,6.05533661296033
"GO:0048575",49,0,72,0,49,308359,23,515407,2.413402409355e-07,8.80366254237374e-07,1.81794093466375,6.05533661296033
"GO:0000812",45,0,65,0,45,308363,20,515410,2.43313624893531e-07,8.8715370781004e-07,1.84933394923408,6.05200112800314
"GO:0022603",376,7,812,0,376,308032,436,514994,2.43839061298608e-07,8.88348914220721e-07,1.23693819702466,6.05141642413297
"GO:0042134",127,7,235,0,127,308281,108,515322,2.43867124444992e-07,8.88348914220721e-07,1.44361718684892,6.05141642413297
"GO:0045927",232,1,472,0,232,308176,240,515190,2.45126233858701e-07,8.92522531422615e-07,1.31299227657486,6.04938081146339
"GO:0043202",125,3,230,0,125,308283,105,515325,2.45647448918538e-07,8.94006804385913e-07,1.45177182005091,6.04865917572756
"GO:0019367",63,0,100,0,63,308345,37,515393,2.4733883796825e-07,8.98915665967712e-07,1.68289389380301,6.04628105078388
"GO:0034625",63,0,100,0,63,308345,37,515393,2.4733883796825e-07,8.98915665967712e-07,1.68289389380301,6.04628105078388
"GO:0034626",63,0,100,0,63,308345,37,515393,2.4733883796825e-07,8.98915665967712e-07,1.68289389380301,6.04628105078388
"GO:1900457",65,0,104,0,65,308343,39,515391,2.47970876793072e-07,9.00796835309213e-07,1.66953759305855,6.04537314825889
"GO:0033044",259,6,535,0,259,308149,276,515154,2.48657255662915e-07,9.02873577757595e-07,1.29318949264198,6.04437305624907
"GO:0004427",99,3,174,0,99,308309,75,515355,2.48863882482972e-07,9.03207230477621e-07,1.51985491230157,6.0442125943958
"GO:0022836",104,0,185,0,104,308304,81,515349,2.61001268336793e-07,9.46821190943425e-07,1.50168138099969,6.02373203062592
"GO:0008251",56,0,86,0,56,308352,30,515400,2.63144023519593e-07,9.53715355960515e-07,1.73942521323309,6.02058122464749
"GO:0015740",56,1,86,0,56,308352,30,515400,2.63144023519593e-07,9.53715355960515e-07,1.73942521323309,6.02058122464749
"GO:0004559",112,4,202,0,112,308296,90,515340,2.65256580640943e-07,9.60090662711335e-07,1.48109473602025,6.01768775398532
"GO:0016161",112,2,202,0,112,308296,90,515340,2.65256580640943e-07,9.60090662711335e-07,1.48109473602025,6.01768775398532
"GO:1902532",154,1,295,0,154,308254,141,515289,2.65268952159191e-07,9.60090662711335e-07,1.39448834891399,6.01768775398532
"GO:0032774",525,21,1172,0,525,307883,647,514783,2.69816372655642e-07,9.76100406960118e-07,1.19659690970066,6.01050550615927
"GO:0031491",167,4,324,0,167,308241,157,515273,2.70951948954779e-07,9.79758264663307e-07,1.37685322489273,6.00888106438211
"GO:0001164",44,0,63,0,44,308364,19,515411,2.7606639520178e-07,9.97793692850509e-07,1.86564200875114,6.00095924560517
"GO:0016435",58,0,90,0,58,308350,32,515398,2.78032655141876e-07,1.00397846847562e-06,1.72147876262037,5.99827560105803
"GO:0034657",58,0,90,0,58,308350,32,515398,2.78032655141876e-07,1.00397846847562e-06,1.72147876262037,5.99827560105803
"GO:0009825",85,2,145,0,85,308323,60,515370,2.78165556958388e-07,1.00399782869162e-06,1.56591112176526,5.99826722642234
"GO:0009584",39,0,54,0,39,308369,15,515415,2.81196131061165e-07,1.01447110161022e-06,1.92924344086765,5.9937603198381
"GO:0016783",70,1,114,0,70,308338,44,515386,2.8551196999038e-07,1.02909808963566e-06,1.64024745984699,5.98754322800024
"GO:0033962",70,0,114,0,70,308338,44,515386,2.8551196999038e-07,1.02909808963566e-06,1.64024745984699,5.98754322800024
"GO:0045926",177,3,347,0,177,308231,170,515260,2.8639159896141e-07,1.03179618628111e-06,1.36257362061723,5.98640608169641
"GO:0045003",60,0,94,0,60,308348,34,515396,2.88598532179817e-07,1.03832159292483e-06,1.7050596695066,5.98366811430886
"GO:0051754",60,0,94,0,60,308348,34,515396,2.88598532179817e-07,1.03832159292483e-06,1.7050596695066,5.98366811430886
"GO:0052691",60,2,94,0,60,308348,34,515396,2.88598532179817e-07,1.03832159292483e-06,1.7050596695066,5.98366811430886
"GO:0015248",115,3,209,0,115,308293,94,515336,2.93712875221739e-07,1.05575696518061e-06,1.46983213934341,5.97643604470815
"GO:0016973",115,6,209,0,115,308293,94,515336,2.93712875221739e-07,1.05575696518061e-06,1.46983213934341,5.97643604470815
"GO:0008107",83,1,141,0,83,308325,58,515372,2.99775860216665e-07,1.07705868170953e-06,1.57244391743386,5.96776063426156
"GO:0005747",254,8,524,0,254,308154,270,515160,3.00442713579155e-07,1.07896215387551e-06,1.2948474767538,5.96699378854349
"GO:0008308",143,1,271,0,143,308265,128,515302,3.06850545398112e-07,1.10147172520471e-06,1.40955793834611,5.95802664671583
"GO:0015217",53,1,80,0,53,308355,27,515403,3.11746726365659e-07,1.11853702367843e-06,1.76970984864206,5.95134963614212
"GO:0043255",121,0,222,0,121,308287,101,515329,3.15305407819993e-07,1.13079005483325e-06,1.45595710818079,5.94661801973508
"GO:0018216",100,2,177,0,100,308308,77,515353,3.2282504226734e-07,1.15355366896437e-06,1.50918652479869,5.93796219516728
"GO:0020002",100,1,177,0,100,308308,77,515353,3.2282504226734e-07,1.15355366896437e-06,1.50918652479869,5.93796219516728
"GO:0033644",100,1,177,0,100,308308,77,515353,3.2282504226734e-07,1.15355366896437e-06,1.50918652479869,5.93796219516728
"GO:0044156",100,1,177,0,100,308308,77,515353,3.2282504226734e-07,1.15355366896437e-06,1.50918652479869,5.93796219516728
"GO:0044163",100,1,177,0,100,308308,77,515353,3.2282504226734e-07,1.15355366896437e-06,1.50918652479869,5.93796219516728
"GO:0044218",100,1,177,0,100,308308,77,515353,3.2282504226734e-07,1.15355366896437e-06,1.50918652479869,5.93796219516728
"GO:0044219",100,1,177,0,100,308308,77,515353,3.2282504226734e-07,1.15355366896437e-06,1.50918652479869,5.93796219516728
"GO:0044279",100,1,177,0,100,308308,77,515353,3.2282504226734e-07,1.15355366896437e-06,1.50918652479869,5.93796219516728
"GO:0006398",38,0,52,0,38,308370,14,515416,3.26144646029312e-07,1.1648868663987e-06,1.95207472419153,5.93371625119126
"GO:0008574",113,1,205,0,113,308295,92,515338,3.30794619724733e-07,1.18095929545265e-06,1.47245071621944,5.9277650711121
"GO:0031145",263,5,546,0,263,308145,283,515147,3.3180578733961e-07,1.18403225654461e-06,1.28670589589567,5.92663646598429
"GO:0044728",159,3,307,0,159,308249,148,515282,3.33872446234554e-07,1.19086719381894e-06,1.38348652662571,5.92413666858234
"GO:0046209",310,2,656,0,310,308098,346,515084,3.36472373585566e-07,1.19851154971293e-06,1.26233330206866,5.92135777643848
"GO:1903409",310,2,656,0,310,308098,346,515084,3.36472373585566e-07,1.19851154971293e-06,1.26233330206866,5.92135777643848
"GO:2001057",310,2,656,0,310,308098,346,515084,3.36472373585566e-07,1.19851154971293e-06,1.26233330206866,5.92135777643848
"GO:0004575",84,1,143,0,84,308324,59,515371,3.54782063828977e-07,1.26268823025219e-06,1.56913183571377,5.8987038676517
"GO:1903311",157,5,302,0,157,308251,145,515285,3.54810259821882e-07,1.26268823025219e-06,1.38870146813347,5.8987038676517
"GO:0035295",163,4,316,0,163,308245,153,515277,3.56803932786443e-07,1.26920947080654e-06,1.37789684895465,5.89646669586593
"GO:0061077",211,7,425,0,211,308197,214,515216,3.5935575036962e-07,1.27770933464754e-06,1.32620209745074,5.89356793234042
"GO:0008615",51,0,77,0,51,308357,26,515404,3.74656766233513e-07,1.33151154121454e-06,1.76927620251399,5.87565506485097
"GO:0005749",41,0,58,0,41,308367,17,515413,3.79549708408581e-07,1.34829210496045e-06,1.88830458801104,5.87021600852064
"GO:0015152",35,1,47,0,35,308373,12,515418,3.82005522310137e-07,1.35518137522551e-06,1.98923628109103,5.86800257564705
"GO:0015712",35,1,47,0,35,308373,12,515418,3.82005522310137e-07,1.35518137522551e-06,1.98923628109103,5.86800257564705
"GO:0015760",35,1,47,0,35,308373,12,515418,3.82005522310137e-07,1.35518137522551e-06,1.98923628109103,5.86800257564705
"GO:0016836",183,2,362,0,183,308225,179,515251,3.8725030040877e-07,1.37316863280083e-06,1.35038841781089,5.86227612569276
"GO:0032801",96,2,169,0,96,308312,73,515357,3.96816077042869e-07,1.40645482146847e-06,1.51740221475617,5.85187421380242
"GO:0048235",194,0,387,0,194,308214,193,515237,4.00887738655848e-07,1.42024675008948e-06,1.33908131494928,5.84763619583336
"GO:0004477",48,0,71,0,48,308360,23,515407,4.01412554658357e-07,1.42146632040962e-06,1.80592235418164,5.84726342583181
"GO:0048026",94,1,165,0,94,308314,71,515359,4.38787884478923e-07,1.55311970621317e-06,1.521808812097,5.80879506987073
"GO:0071489",87,1,150,0,87,308321,63,515367,4.39296731711746e-07,1.55422196495949e-06,1.54933088635833,5.80848695768875
"GO:0071763",69,0,113,0,69,308339,44,515386,4.42977695034341e-07,1.56654106707562e-06,1.63112345374923,5.80505821554732
"GO:0004535",117,2,215,0,117,308291,98,515332,4.53808847264834e-07,1.60340361116193e-06,1.45366249963051,5.79495714262591
"GO:0071281",117,1,215,0,117,308291,98,515332,4.53808847264834e-07,1.60340361116193e-06,1.45366249963051,5.79495714262591
"GO:0035101",50,0,75,0,50,308358,25,515405,4.56525926743855e-07,1.61227998893119e-06,1.78084009926245,5.79255953629714
"GO:0008686",40,0,56,0,40,308368,16,515414,4.64078874072891e-07,1.63821923618915e-06,1.90804296349548,5.78562797882963
"GO:0051196",99,1,176,0,99,308309,77,515353,4.65007263860331e-07,1.64076072662865e-06,1.50258383375269,5.78495474782045
"GO:0005381",59,0,93,0,59,308349,34,515396,4.65984872878113e-07,1.64273753663077e-06,1.69467041704007,5.78443181909591
"GO:0006490",59,0,93,0,59,308349,34,515396,4.65984872878113e-07,1.64273753663077e-06,1.69467041704007,5.78443181909591
"GO:0009922",65,1,105,0,65,308343,40,515390,4.66320146681292e-07,1.64318361444724e-06,1.65363723502942,5.7843139044373
"GO:0015215",76,2,127,0,76,308332,51,515379,4.68381452501623e-07,1.64897083814525e-06,1.59854938044031,5.78278702473425
"GO:1901679",76,2,127,0,76,308332,51,515379,4.68381452501623e-07,1.64897083814525e-06,1.59854938044031,5.78278702473425
"GO:0045905",61,0,97,0,61,308347,36,515394,4.71803537564028e-07,1.65953415893835e-06,1.67986462971664,5.78001380388463
"GO:0097352",63,3,101,0,63,308345,38,515392,4.71677872946007e-07,1.65953415893835e-06,1.66623157802279,5.78001380388463
"GO:0033926",85,1,146,0,85,308323,61,515369,4.78688555691256e-07,1.68299969200606e-06,1.55518570312303,5.77391596350135
"GO:0000940",43,0,62,0,43,308365,19,515411,4.81634671098441e-07,1.68958472855924e-06,1.8526481677811,5.77222002453242
"GO:0006004",29,0,37,0,29,308379,8,515422,4.8152938571639e-07,1.68958472855924e-06,2.09369038697072,5.77222002453242
"GO:0006154",29,3,37,0,29,308379,8,515422,4.8152938571639e-07,1.68958472855924e-06,2.09369038697072,5.77222002453242
"GO:0046103",29,3,37,0,29,308379,8,515422,4.8152938571639e-07,1.68958472855924e-06,2.09369038697072,5.77222002453242
"GO:0051377",43,0,62,0,43,308365,19,515411,4.81634671098441e-07,1.68958472855924e-06,1.8526481677811,5.77222002453242
"GO:0019915",118,1,217,0,118,308290,99,515331,4.92989796118988e-07,1.72864840759406e-06,1.4525746431772,5.76229332955379
"GO:0009423",46,0,68,0,46,308362,22,515408,5.12090854142817e-07,1.7948260034783e-06,1.8070289242516,5.74597764702545
"GO:0090575",219,8,445,0,219,308189,226,515204,5.13614644028161e-07,1.79936558869145e-06,1.3146201631634,5.74488058928326
"GO:0044262",274,11,574,0,274,308134,300,515130,5.14266710254481e-07,1.80084855121142e-06,1.27513115121405,5.7445228091898
"GO:0000082",97,3,172,0,97,308311,75,515355,5.17118733080018e-07,1.81003053215025e-06,1.50646647931794,5.74231409925649
"GO:0048469",193,5,386,0,193,308215,193,515237,5.1818016097531e-07,1.81293965653229e-06,1.33563007444684,5.74161665110095
"GO:0004630",144,3,275,0,144,308264,131,515299,5.20965684236881e-07,1.81964757480095e-06,1.39876895069341,5.74001271703694
"GO:0005797",38,2,53,0,38,308370,15,515415,5.21022057113991e-07,1.81964757480095e-06,1.91524312562188,5.74001271703694
"GO:0048219",38,2,53,0,38,308370,15,515415,5.21022057113991e-07,1.81964757480095e-06,1.91524312562188,5.74001271703694
"GO:1990429",38,0,53,0,38,308370,15,515415,5.21022057113991e-07,1.81964757480095e-06,1.91524312562188,5.74001271703694
"GO:0033647",100,1,178,0,100,308308,78,515352,5.23493338186691e-07,1.82746765330627e-06,1.50070794881667,5.73815030143709
"GO:1902170",87,1,151,0,87,308321,64,515366,5.24644499378653e-07,1.83067442336381e-06,1.53907041691225,5.73738888601458
"GO:0032544",70,2,115,0,70,308338,45,515385,5.46047271594257e-07,1.90451223836508e-06,1.62598443845702,5.7202162322247
"GO:0002189",56,0,87,0,56,308352,31,515399,5.7014029503442e-07,1.98678371071756e-06,1.71943181997754,5.70184940936459
"GO:0006015",56,0,87,0,56,308352,31,515399,5.7014029503442e-07,1.98678371071756e-06,1.71943181997754,5.70184940936459
"GO:0005460",48,0,72,0,48,308360,24,515406,5.79716483132454e-07,2.0175777157924e-06,1.78084009926245,5.69516972754034
"GO:0008113",48,0,72,0,48,308360,24,515406,5.79716483132454e-07,2.0175777157924e-06,1.78084009926245,5.69516972754034
"GO:0032299",37,0,51,0,37,308371,14,515416,5.79746035711688e-07,2.0175777157924e-06,1.93797304919737,5.69516972754034
"GO:0080145",45,0,66,0,45,308363,21,515409,5.81265044362196e-07,2.02197014106019e-06,1.82131373788205,5.69422526203312
"GO:0009960",158,3,306,0,158,308250,148,515282,5.82411289189606e-07,2.02506257442605e-06,1.37927811609543,5.69356155254409
"GO:0008482",58,0,91,0,58,308350,33,515397,5.89059524627738e-07,2.04637095228136e-06,1.70256141358058,5.68901563752211
"GO:0043546",58,0,91,0,58,308350,33,515397,5.89059524627738e-07,2.04637095228136e-06,1.70256141358058,5.68901563752211
"GO:0071484",64,1,103,0,64,308344,39,515391,5.95232333395665e-07,2.06599159104527e-06,1.65981213135141,5.6848714504689
"GO:2000652",64,0,103,0,64,308344,39,515391,5.95232333395665e-07,2.06599159104527e-06,1.65981213135141,5.6848714504689
"GO:0097659",517,20,1159,0,517,307891,642,514788,6.07677890763736e-07,2.10825930193571e-06,1.19158023898018,5.67607597482847
"GO:0044455",149,5,286,0,149,308259,137,515293,6.15150643181621e-07,2.13324487362367e-06,1.3916704971509,5.67095928934217
"GO:0006307",50,1,76,0,50,308358,26,515404,6.37645701043318e-07,2.20930764023459e-06,1.75740799269321,5.65574380556193
"GO:0009963",50,0,76,0,50,308358,26,515404,6.37645701043318e-07,2.20930764023459e-06,1.75740799269321,5.65574380556193
"GO:0009845",165,2,323,0,165,308243,158,515272,6.57216523215561e-07,2.27611459338007e-06,1.3645756178559,5.64280587671466
"GO:2000904",47,0,70,0,47,308361,23,515407,6.73242039197774e-07,2.33058985600918e-06,1.79356038568575,5.63253414816299
"GO:0006102",117,1,216,0,117,308291,99,515331,6.82586109934836e-07,2.36189795929979e-06,1.44693258065074,5.62673886907233
"GO:0031023",66,0,108,0,66,308342,42,515388,7.15614052573917e-07,2.4750939463365e-06,1.63243675765724,5.60640831204306
"GO:0000076",120,4,223,0,120,308288,103,515327,7.34308332638027e-07,2.53418465345311e-06,1.43744940747642,5.59616174341706
"GO:0001933",79,3,135,0,79,308329,56,515374,7.3426773735733e-07,2.53418465345311e-06,1.56318186490815,5.59616174341706
"GO:0006897",255,17,531,0,255,308153,276,515154,7.33860492630773e-07,2.53418465345311e-06,1.28280854607888,5.59616174341706
"GO:0016407",141,2,269,0,141,308267,128,515302,7.33085264438451e-07,2.53418465345311e-06,1.40017725276583,5.59616174341706
"GO:0042326",79,3,135,0,79,308329,56,515374,7.3426773735733e-07,2.53418465345311e-06,1.56318186490815,5.59616174341706
"GO:0051552",64,0,104,0,64,308344,40,515390,7.36368723777155e-07,2.53906902916065e-06,1.64385239931918,5.59532549188877
"GO:0051553",64,0,104,0,64,308344,40,515390,7.36368723777155e-07,2.53906902916065e-06,1.64385239931918,5.59532549188877
"GO:0006417",216,9,440,0,216,308192,224,515206,7.42919151162848e-07,2.55494082916293e-06,1.31134589127508,5.5926191534023
"GO:0006552",56,2,88,0,56,308352,32,515398,7.42918997157309e-07,2.55494082916293e-06,1.69989282202325,5.5926191534023
"GO:0015184",56,1,88,0,56,308352,32,515398,7.42918997157309e-07,2.55494082916293e-06,1.69989282202325,5.5926191534023
"GO:0015811",56,1,88,0,56,308352,32,515398,7.42918997157309e-07,2.55494082916293e-06,1.69989282202325,5.5926191534023
"GO:0031515",56,1,88,0,56,308352,32,515398,7.42918997157309e-07,2.55494082916293e-06,1.69989282202325,5.5926191534023
"GO:1900458",56,0,88,0,56,308352,32,515398,7.42918997157309e-07,2.55494082916293e-06,1.69989282202325,5.5926191534023
"GO:0042274",348,11,752,0,348,308060,404,515026,7.46272403320542e-07,2.56535212180756e-06,1.23616826039229,5.59085301493336
"GO:0042549",62,2,100,0,62,308346,38,515392,7.5075998212542e-07,2.57965193334409e-06,1.65618129231408,5.5884388884653
"GO:0031087",49,0,74,0,49,308359,25,515405,7.53698807034508e-07,2.5852361694883e-06,1.76880739588905,5.58749977658532
"GO:0043036",49,0,74,0,49,308359,25,515405,7.53698807034508e-07,2.5852361694883e-06,1.76880739588905,5.58749977658532
"GO:0048571",49,0,74,0,49,308359,25,515405,7.53698807034508e-07,2.5852361694883e-06,1.76880739588905,5.58749977658532
"GO:1904294",49,0,74,0,49,308359,25,515405,7.53698807034508e-07,2.5852361694883e-06,1.76880739588905,5.58749977658532
"GO:0034727",118,3,218,0,118,308290,100,515330,7.55533909771319e-07,2.58927424367428e-06,1.44591145674061,5.58682194871274
"GO:0047429",58,6,92,0,58,308350,34,515396,7.55260456277711e-07,2.58927424367428e-06,1.68405531125906,5.58682194871274
"GO:0034497",60,0,96,0,60,308348,36,515394,7.57483983332671e-07,2.59482764003254e-06,1.66953759305855,5.58589148462431
"GO:0060562",82,0,141,0,82,308326,59,515371,7.65219197115515e-07,2.62018508903581e-06,1.5534988099949,5.58166802917349
"GO:0004662",39,0,55,0,39,308369,16,515414,8.00567957501831e-07,2.73527385479792e-06,1.89416628739733,5.56299918572047
"GO:0005953",39,0,55,0,39,308369,16,515414,8.00567957501831e-07,2.73527385479792e-06,1.89416628739733,5.56299918572047
"GO:0019287",39,1,55,0,39,308369,16,515414,8.00567957501831e-07,2.73527385479792e-06,1.89416628739733,5.56299918572047
"GO:0031305",39,0,55,0,39,308369,16,515414,8.00567957501831e-07,2.73527385479792e-06,1.89416628739733,5.56299918572047
"GO:0042586",39,0,55,0,39,308369,16,515414,8.00567957501831e-07,2.73527385479792e-06,1.89416628739733,5.56299918572047
"GO:0010105",92,0,162,0,92,308316,70,515360,8.02648716665653e-07,2.74119336121129e-06,1.51701193640875,5.56206032865414
"GO:0034765",127,2,238,0,127,308281,111,515319,8.10872226560788e-07,2.76807726257005e-06,1.42542033155251,5.55782179201892
"GO:0055046",213,1,434,0,213,308195,221,515209,8.17256730360687e-07,2.78866275743361e-06,1.31101016524044,5.55460400328196
"GO:0072546",80,0,137,0,80,308328,57,515373,8.31333343136347e-07,2.83546623794165e-06,1.55985994095981,5.54737551951638
"GO:0031904",94,2,167,0,94,308314,73,515357,8.32717360063793e-07,2.83895671651026e-06,1.50358355686231,5.54684122879293
"GO:0006097",42,0,61,0,42,308366,19,515411,8.45734045280048e-07,2.87959273548639e-06,1.83922829923827,5.54066893072619
"GO:0006315",42,1,61,0,42,308366,19,515411,8.45734045280048e-07,2.87959273548639e-06,1.83922829923827,5.54066893072619
"GO:0044030",42,0,61,0,42,308366,19,515411,8.45734045280048e-07,2.87959273548639e-06,1.83922829923827,5.54066893072619
"GO:0010214",87,1,152,0,87,308321,65,515365,8.5693829523054e-07,2.91648000867048e-06,1.52894495364309,5.53514099614254
"GO:0005986",78,0,133,0,78,308330,55,515375,8.99977845124681e-07,3.06163595368258e-06,1.56660369634366,5.51404645070704
"GO:0000305",315,2,674,0,315,308093,359,515071,9.05548990433202e-07,3.07925773334349e-06,1.24843760667879,5.5115539592019
"GO:0070536",55,0,86,0,55,308353,31,515399,9.07202232146571e-07,3.08354748335829e-06,1.70836404871107,5.51094935951213
"GO:0016604",292,11,620,0,292,308116,328,515102,9.1020878456544e-07,3.09243139926592e-06,1.2580773604467,5.50969992573303
"GO:0070141",63,1,102,0,63,308345,39,515391,9.15658781093162e-07,3.10826473685441e-06,1.64989597431668,5.50748199860387
"GO:0071492",63,1,102,0,63,308345,39,515391,9.15658781093162e-07,3.10826473685441e-06,1.64989597431668,5.50748199860387
"GO:0044877",320,11,686,0,320,308088,366,515064,9.23024765672945e-07,3.13191851524889e-06,1.2460688741195,5.50418954573227
"GO:0009643",57,1,90,0,57,308351,33,515397,9.28218765034101e-07,3.14818531596228e-06,1.69179809429933,5.50193971108711
"GO:0000377",211,10,430,0,211,308197,219,515211,9.38539836274747e-07,3.18181980669889e-06,1.31078114282922,5.49732441902389
"GO:0006305",152,3,295,0,152,308256,143,515287,9.40978210422231e-07,3.18734099502745e-06,1.3763781106164,5.49657147140649
"GO:0006306",152,3,295,0,152,308256,143,515287,9.40978210422231e-07,3.18734099502745e-06,1.3763781106164,5.49657147140649
"GO:0006896",114,4,210,0,114,308294,96,515334,9.74769701243576e-07,3.30038154330728e-06,1.45011265225657,5.48143585025104
"GO:0009786",44,0,65,0,44,308364,21,515409,9.99377884760364e-07,3.38224536063353e-06,1.8082376392511,5.47079489026162
"GO:0005845",47,1,71,0,47,308361,24,515406,1.0040464413601e-06,3.39366834967227e-06,1.76829897180285,5.46933060189606
"GO:0030943",47,2,71,0,47,308361,24,515406,1.0040464413601e-06,3.39366834967227e-06,1.76829897180285,5.46933060189606
"GO:0036456",47,0,71,0,47,308361,24,515406,1.0040464413601e-06,3.39366834967227e-06,1.76829897180285,5.46933060189606
"GO:0003952",8,0,72,0,8,308400,64,515366,1.00523858004733e-06,3.39623952881226e-06,0.296806683210408,5.46900168757621
"GO:0006694",125,2,235,0,125,308283,110,515320,1.00854847413526e-06,3.40596035538085e-06,1.42088305792217,5.46776041143494
"GO:2000027",69,0,115,0,69,308339,46,515384,1.02380552419631e-06,3.45600218116353e-06,1.6027560893362,5.46142599209969
"GO:0005504",166,4,327,0,166,308242,161,515269,1.03471801083567e-06,3.49134169794186e-06,1.35605255264939,5.45700764466375
"GO:0004366",36,0,50,0,36,308372,14,515416,1.04157050725122e-06,3.50694740508196e-06,1.92330730720345,5.45507074733605
"GO:0004450",36,0,50,0,36,308372,14,515416,1.04157050725122e-06,3.50694740508196e-06,1.92330730720345,5.45507074733605
"GO:0035461",36,0,50,0,36,308372,14,515416,1.04157050725122e-06,3.50694740508196e-06,1.92330730720345,5.45507074733605
"GO:0051180",36,0,50,0,36,308372,14,515416,1.04157050725122e-06,3.50694740508196e-06,1.92330730720345,5.45507074733605
"GO:0090482",36,0,50,0,36,308372,14,515416,1.04157050725122e-06,3.50694740508196e-06,1.92330730720345,5.45507074733605
"GO:0072699",74,1,125,0,74,308334,51,515379,1.04211985340376e-06,3.50729691577357e-06,1.58138600814505,5.45502746667518
"GO:0002495",98,2,176,0,98,308310,78,515352,1.05394189154137e-06,3.54405406672945e-06,1.48740621927034,5.45049966130442
"GO:0002504",98,2,176,0,98,308310,78,515352,1.05394189154137e-06,3.54405406672945e-06,1.48740621927034,5.45049966130442
"GO:0009298",49,0,75,0,49,308359,26,515404,1.08726886474522e-06,3.65300064160237e-06,1.7452232972772,5.43735025150986
"GO:0051645",49,0,75,0,49,308359,26,515404,1.08726886474522e-06,3.65300064160237e-06,1.7452232972772,5.43735025150986
"GO:0017038",177,8,352,0,177,308231,175,515255,1.09171953833765e-06,3.66638916629436e-06,1.34321888168801,5.43576143904538
"GO:0010492",81,3,140,0,81,308327,59,515371,1.12988933217487e-06,3.79295898630301e-06,1.54551480043134,5.42102185334746
"GO:0004775",46,0,69,0,46,308362,23,515407,1.13662511235188e-06,3.8123190815654e-06,1.78084009926245,5.4188107571513
"GO:0006739",46,0,69,0,46,308362,23,515407,1.13662511235188e-06,3.8123190815654e-06,1.78084009926245,5.4188107571513
"GO:0006304",160,3,314,0,160,308248,154,515276,1.14138174035646e-06,3.82664270020701e-06,1.36115166822608,5.41718208665782
"GO:0005326",51,2,79,0,51,308357,28,515402,1.15085223178913e-06,3.84855937495499e-06,1.7244843999187,5.41470180882741
"GO:0008296",51,0,79,0,51,308357,28,515402,1.15085223178913e-06,3.84855937495499e-06,1.7244843999187,5.41470180882741
"GO:0009815",51,1,79,0,51,308357,28,515402,1.15085223178913e-06,3.84855937495499e-06,1.7244843999187,5.41470180882741
"GO:0016877",51,2,79,0,51,308357,28,515402,1.15085223178913e-06,3.84855937495499e-06,1.7244843999187,5.41470180882741
"GO:0071214",191,2,385,0,191,308217,194,515236,1.15007410060817e-06,3.84855937495499e-06,1.32522256737322,5.41470180882741
"GO:0104004",191,2,385,0,191,308217,194,515236,1.15007410060817e-06,3.84855937495499e-06,1.32522256737322,5.41470180882741
"GO:0007444",144,3,278,0,144,308264,134,515296,1.16246673846528e-06,3.88574869010559e-06,1.3836743217291,5.41052529072278
"GO:0007091",63,0,103,0,63,308345,40,515390,1.16570829604806e-06,3.89493026591269e-06,1.63387756679904,5.40950031344724
"GO:0007398",61,0,99,0,61,308347,38,515392,1.19794266114085e-06,3.96727161485098e-06,1.64592797053045,5.40150806501794
"GO:0007498",61,0,99,0,61,308347,38,515392,1.19794266114085e-06,3.96727161485098e-06,1.64592797053045,5.40150806501794
"GO:0007616",61,0,99,0,61,308347,38,515392,1.19794266114085e-06,3.96727161485098e-06,1.64592797053045,5.40150806501794
"GO:0008052",61,0,99,0,61,308347,38,515392,1.19794266114085e-06,3.96727161485098e-06,1.64592797053045,5.40150806501794
"GO:0010160",61,0,99,0,61,308347,38,515392,1.19794266114085e-06,3.96727161485098e-06,1.64592797053045,5.40150806501794
"GO:0016360",61,0,99,0,61,308347,38,515392,1.19794266114085e-06,3.96727161485098e-06,1.64592797053045,5.40150806501794
"GO:0035203",61,0,99,0,61,308347,38,515392,1.19794266114085e-06,3.96727161485098e-06,1.64592797053045,5.40150806501794
"GO:0035204",61,0,99,0,61,308347,38,515392,1.19794266114085e-06,3.96727161485098e-06,1.64592797053045,5.40150806501794
"GO:0042478",61,0,99,0,61,308347,38,515392,1.19794266114085e-06,3.96727161485098e-06,1.64592797053045,5.40150806501794
"GO:0045314",61,0,99,0,61,308347,38,515392,1.19794266114085e-06,3.96727161485098e-06,1.64592797053045,5.40150806501794
"GO:0045610",61,0,99,0,61,308347,38,515392,1.19794266114085e-06,3.96727161485098e-06,1.64592797053045,5.40150806501794
"GO:0045611",61,0,99,0,61,308347,38,515392,1.19794266114085e-06,3.96727161485098e-06,1.64592797053045,5.40150806501794
"GO:0045613",61,0,99,0,61,308347,38,515392,1.19794266114085e-06,3.96727161485098e-06,1.64592797053045,5.40150806501794
"GO:0045614",61,0,99,0,61,308347,38,515392,1.19794266114085e-06,3.96727161485098e-06,1.64592797053045,5.40150806501794
"GO:0046532",61,0,99,0,61,308347,38,515392,1.19794266114085e-06,3.96727161485098e-06,1.64592797053045,5.40150806501794
"GO:0046592",61,2,99,0,61,308347,38,515392,1.19794266114085e-06,3.96727161485098e-06,1.64592797053045,5.40150806501794
"GO:0048645",61,0,99,0,61,308347,38,515392,1.19794266114085e-06,3.96727161485098e-06,1.64592797053045,5.40150806501794
"GO:0060581",61,0,99,0,61,308347,38,515392,1.19794266114085e-06,3.96727161485098e-06,1.64592797053045,5.40150806501794
"GO:0060582",61,0,99,0,61,308347,38,515392,1.19794266114085e-06,3.96727161485098e-06,1.64592797053045,5.40150806501794
"GO:0070531",99,5,178,0,99,308309,79,515351,1.19109193570725e-06,3.96727161485098e-06,1.4857008693285,5.40150806501794
"GO:1903707",61,0,99,0,61,308347,38,515392,1.19794266114085e-06,3.96727161485098e-06,1.64592797053045,5.40150806501794
"GO:0051513",55,1,87,0,55,308353,32,515398,1.21957104028419e-06,4.03550366923798e-06,1.68872768033508,5.39410225347729
"GO:0055038",59,3,95,0,59,308349,36,515394,1.21914308029759e-06,4.03550366923798e-06,1.65899314510239,5.39410225347729
"GO:0008506",79,0,136,0,79,308329,57,515373,1.23197006135177e-06,4.07481862309293e-06,1.55168788060735,5.38989171765848
"GO:0031304",39,0,56,0,39,308369,17,515413,1.23411570880537e-06,4.0784881862787e-06,1.86034188940809,5.38950079132946
"GO:1990072",39,1,56,0,39,308369,17,515413,1.23411570880537e-06,4.0784881862787e-06,1.86034188940809,5.38950079132946
"GO:0008443",43,1,63,0,43,308365,20,515410,1.24520504047467e-06,4.1134091811232e-06,1.82324105400679,5.3857980869253
"GO:0071554",407,13,897,0,407,308001,490,514940,1.28214304007821e-06,4.23365352831196e-06,1.2120433451502,5.37328468644395
"GO:0006006",219,3,450,0,219,308189,231,515199,1.28536000863167e-06,4.24249643100565e-06,1.30001327246159,5.37237851435977
"GO:0016410",139,5,267,0,139,308269,128,515302,1.30866048600531e-06,4.31759234946931e-06,1.39065603257011,5.36475836448754
"GO:0006526",102,0,185,0,102,308306,83,515347,1.31331529731254e-06,4.33113448698967e-06,1.47280289290354,5.3633983306893
"GO:0016106",66,1,109,0,66,308342,43,515387,1.31404042453726e-06,4.33171114822334e-06,1.61746027364204,5.36334051116841
"GO:0000303",313,2,672,0,313,308095,359,515071,1.32550885044337e-06,4.36768759760995e-06,1.24420301577934,5.35974843245674
"GO:0070192",149,2,289,0,149,308259,140,515290,1.32956038659393e-06,4.3792047545052e-06,1.37722409060608,5.35860474841992
"GO:0006801",84,0,147,0,84,308324,63,515367,1.38530832056683e-06,4.56091472166546e-06,1.52643437079638,5.34094804796436
"GO:0000380",38,0,54,0,38,308370,16,515414,1.39563387390829e-06,4.59106972645468e-06,1.87977566033258,5.33808611137588
"GO:0046481",38,0,54,0,38,308370,16,515414,1.39563387390829e-06,4.59106972645468e-06,1.87977566033258,5.33808611137588
"GO:0004816",45,1,67,0,45,308363,22,515408,1.44164954512213e-06,4.73848234622188e-06,1.79412995074948,5.32436073305177
"GO:0006421",45,1,67,0,45,308363,22,515408,1.44164954512213e-06,4.73848234622188e-06,1.79412995074948,5.32436073305177
"GO:0051090",75,1,128,0,75,308333,53,515377,1.44975450472835e-06,4.76313333106076e-06,1.56519149349239,5.3221072614165
"GO:0061908",54,0,85,0,54,308354,31,515399,1.45218450051659e-06,4.76912656990681e-06,1.69703585929716,5.32156115148463
"GO:0080183",58,0,93,0,58,308350,35,515395,1.46959290025071e-06,4.8242849502809e-06,1.66594718963261,5.31656704815651
"GO:0010594",92,2,164,0,92,308316,72,515358,1.47319564735112e-06,4.83208172331168e-06,1.49851179084279,5.31586572925382
"GO:0010632",92,2,164,0,92,308316,72,515358,1.47319564735112e-06,4.83208172331168e-06,1.49851179084279,5.31586572925382
"GO:0009859",41,1,60,0,41,308367,19,515411,1.49151976058835e-06,4.88607721820703e-06,1.82536110174401,5.311039673839
"GO:0019375",41,0,60,0,41,308367,19,515411,1.49151976058835e-06,4.88607721820703e-06,1.82536110174401,5.311039673839
"GO:0042149",41,1,60,0,41,308367,19,515411,1.49151976058835e-06,4.88607721820703e-06,1.82536110174401,5.311039673839
"GO:0006621",113,0,210,0,113,308295,97,515333,1.49537904516982e-06,4.89668213127156e-06,1.43739236583326,5.31009808734698
"GO:0002478",97,2,175,0,97,308311,78,515352,1.50104836845301e-06,4.90708170949422e-06,1.48064133967249,5.30917671037307
"GO:0008417",95,1,170,0,95,308313,75,515355,1.49978321304805e-06,4.90708170949422e-06,1.49276302438176,5.30917671037307
"GO:0019884",97,2,175,0,97,308311,78,515352,1.50104836845301e-06,4.90708170949422e-06,1.48064133967249,5.30917671037307
"GO:0019886",97,2,175,0,97,308311,78,515352,1.50104836845301e-06,4.90708170949422e-06,1.48064133967249,5.30917671037307
"GO:0080009",73,0,124,0,73,308335,51,515379,1.56358314854394e-06,5.10939250532913e-06,1.57259670055837,5.29163073338137
"GO:0043484",108,2,199,0,108,308300,91,515339,1.56749209388005e-06,5.12004056557002e-06,1.44972912603275,5.29072659813873
"GO:0046488",160,5,315,0,160,308248,155,515275,1.57210350294379e-06,5.13297336174763e-06,1.35683055181901,5.28963098956274
"GO:0000127",114,0,212,0,114,308294,98,515332,1.6092474004955e-06,5.25207111803508e-06,1.43643234421641,5.27966940178266
"GO:0032993",120,1,225,0,120,308288,105,515325,1.62803658355558e-06,5.31119104258165e-06,1.42467207940996,5.2748080768059
"GO:0099568",207,9,423,0,207,308201,216,515214,1.62962575772625e-06,5.31417314201369e-06,1.30721241328839,5.27456429987001
"GO:0008780",23,0,28,0,23,308385,5,515425,1.64208612596217e-06,5.35258881307422e-06,2.1942494080198,5.27143611792272
"GO:0006283",235,7,488,0,235,308173,253,515177,1.66010048065891e-06,5.40906911578928e-06,1.28636503071724,5.26687746921164
"GO:0048002",98,2,177,0,98,308310,79,515351,1.66557666740689e-06,5.42466674630826e-06,1.47900279430271,5.26562693668402
"GO:0009746",80,1,139,0,80,308328,59,515371,1.67258518441561e-06,5.44298907470841e-06,1.53741591303233,5.26416253740782
"GO:0034284",80,1,139,0,80,308328,59,515371,1.67258518441561e-06,5.44298907470841e-06,1.53741591303233,5.26416253740782
"GO:0030100",93,9,166,0,93,308315,73,515357,1.67995490455508e-06,5.46471281349486e-06,1.49654936052477,5.26243265654899
"GO:0016813",30,0,40,0,30,308378,10,515420,1.69117641238254e-06,5.49894288239379e-06,2.00344511167025,5.25972079131831
"GO:0000781",117,1,219,0,117,308291,102,515328,1.70353372363883e-06,5.53683628095989e-06,1.42711158639525,5.25673831797748
"GO:0006013",109,4,201,0,109,308299,92,515338,1.72154397315896e-06,5.59306403495969e-06,1.44859381208662,5.25235020840813
"GO:0051083",83,0,145,0,83,308325,62,515368,1.72423911596532e-06,5.59950920828343e-06,1.52906615419431,5.25185003682864
"GO:0042819",43,0,64,0,43,308365,21,515409,1.72621430414738e-06,5.60130214437269e-06,1.79475291253794,5.25171100006923
"GO:0042823",43,0,64,0,43,308365,21,515409,1.72621430414738e-06,5.60130214437269e-06,1.79475291253794,5.25171100006923
"GO:0043069",223,5,461,0,223,308185,238,515192,1.74079219332998e-06,5.64627776921861e-06,1.2921713952349,5.24823776050161
"GO:0005682",161,6,318,0,161,308247,157,515273,1.78666601142743e-06,5.79268321332649e-06,1.35243045274177,5.23712022127931
"GO:0000783",69,0,116,0,69,308339,47,515383,1.79394956112168e-06,5.81390322978587e-06,1.5889392264971,5.23553220117236
"GO:0010325",36,0,51,0,36,308372,15,515415,1.79997741580786e-06,5.82624268800965e-06,1.88559539921906,5.23461142910275
"GO:0010331",36,0,51,0,36,308372,15,515415,1.79997741580786e-06,5.82624268800965e-06,1.88559539921906,5.23461142910275
"GO:0031573",36,0,51,0,36,308372,15,515415,1.79997741580786e-06,5.82624268800965e-06,1.88559539921906,5.23461142910275
"GO:0034244",118,3,221,0,118,308290,103,515327,1.85842082180858e-06,6.01047194300623e-06,1.42628369940929,5.22109142580153
"GO:0140566",118,3,221,0,118,308290,103,515327,1.85842082180858e-06,6.01047194300623e-06,1.42628369940929,5.22109142580153
"GO:0002687",91,2,162,0,91,308317,71,515359,1.87929896754264e-06,6.02355108814968e-06,1.5005226762304,5.22014740188107
"GO:0002688",91,2,162,0,91,308317,71,515359,1.87929896754264e-06,6.02355108814968e-06,1.5005226762304,5.22014740188107
"GO:0002690",91,2,162,0,91,308317,71,515359,1.87929896754264e-06,6.02355108814968e-06,1.5005226762304,5.22014740188107
"GO:0010595",91,2,162,0,91,308317,71,515359,1.87929896754264e-06,6.02355108814968e-06,1.5005226762304,5.22014740188107
"GO:0010634",91,2,162,0,91,308317,71,515359,1.87929896754264e-06,6.02355108814968e-06,1.5005226762304,5.22014740188107
"GO:0035728",91,2,162,0,91,308317,71,515359,1.87929896754264e-06,6.02355108814968e-06,1.5005226762304,5.22014740188107
"GO:0035729",91,2,162,0,91,308317,71,515359,1.87929896754264e-06,6.02355108814968e-06,1.5005226762304,5.22014740188107
"GO:0036021",91,2,162,0,91,308317,71,515359,1.87929896754264e-06,6.02355108814968e-06,1.5005226762304,5.22014740188107
"GO:0042359",91,2,162,0,91,308317,71,515359,1.87929896754264e-06,6.02355108814968e-06,1.5005226762304,5.22014740188107
"GO:0050806",91,2,162,0,91,308317,71,515359,1.87929896754264e-06,6.02355108814968e-06,1.5005226762304,5.22014740188107
"GO:0071675",91,2,162,0,91,308317,71,515359,1.87929896754264e-06,6.02355108814968e-06,1.5005226762304,5.22014740188107
"GO:0071677",91,2,162,0,91,308317,71,515359,1.87929896754264e-06,6.02355108814968e-06,1.5005226762304,5.22014740188107
"GO:0090025",91,2,162,0,91,308317,71,515359,1.87929896754264e-06,6.02355108814968e-06,1.5005226762304,5.22014740188107
"GO:0090026",91,2,162,0,91,308317,71,515359,1.87929896754264e-06,6.02355108814968e-06,1.5005226762304,5.22014740188107
"GO:0097202",91,2,162,0,91,308317,71,515359,1.87929896754264e-06,6.02355108814968e-06,1.5005226762304,5.22014740188107
"GO:0097264",91,2,162,0,91,308317,71,515359,1.87929896754264e-06,6.02355108814968e-06,1.5005226762304,5.22014740188107
"GO:1900271",91,2,162,0,91,308317,71,515359,1.87929896754264e-06,6.02355108814968e-06,1.5005226762304,5.22014740188107
"GO:1900273",91,2,162,0,91,308317,71,515359,1.87929896754264e-06,6.02355108814968e-06,1.5005226762304,5.22014740188107
"GO:1904645",91,2,162,0,91,308317,71,515359,1.87929896754264e-06,6.02355108814968e-06,1.5005226762304,5.22014740188107
"GO:1904646",91,2,162,0,91,308317,71,515359,1.87929896754264e-06,6.02355108814968e-06,1.5005226762304,5.22014740188107
"GO:2001026",91,2,162,0,91,308317,71,515359,1.87929896754264e-06,6.02355108814968e-06,1.5005226762304,5.22014740188107
"GO:2001028",91,2,162,0,91,308317,71,515359,1.87929896754264e-06,6.02355108814968e-06,1.5005226762304,5.22014740188107
"GO:0004591",35,0,49,0,35,308373,14,515416,1.88652167513955e-06,6.0442403853067e-06,1.90804296349548,5.21865827167646
"GO:0051181",127,1,241,0,127,308281,114,515316,1.89725210844398e-06,6.0761467036904e-06,1.40767650999791,5.21637174899061
"GO:0000455",98,3,178,0,98,308310,80,515350,1.9035212711138e-06,6.09374519975917e-06,1.47069378984034,5.21511570906511
"GO:0001158",45,0,68,0,45,308363,23,515407,1.92810734766956e-06,6.16242835601086e-06,1.76774568676787,5.21024811676461
"GO:0003987",45,1,68,0,45,308363,23,515407,1.92810734766956e-06,6.16242835601086e-06,1.76774568676787,5.21024811676461
"GO:0016884",45,0,68,0,45,308363,23,515407,1.92810734766956e-06,6.16242835601086e-06,1.76774568676787,5.21024811676461
"GO:0035326",45,0,68,0,45,308363,23,515407,1.92810734766956e-06,6.16242835601086e-06,1.76774568676787,5.21024811676461
"GO:0071277",173,4,345,0,173,308235,172,515258,1.97985338288235e-06,6.32524587258518e-06,1.33950146596697,5.19892258809181
"GO:0010183",76,1,131,0,76,308332,55,515375,1.99698148949466e-06,6.37731510271251e-06,1.54973871233526,5.1953621240213
"GO:0035107",72,0,122,0,72,308336,50,515380,1.9985818544705e-06,6.37731510271251e-06,1.57648139934709,5.1953621240213
"GO:0048736",72,0,122,0,72,308336,50,515380,1.9985818544705e-06,6.37731510271251e-06,1.57648139934709,5.1953621240213
"GO:0048640",136,3,262,0,136,308272,126,515304,2.00976333101873e-06,6.4103958435087e-06,1.38660832156313,5.19311515186284
"GO:0032781",65,1,108,0,65,308343,43,515387,2.01365460487831e-06,6.41760690267291e-06,1.60770286738971,5.19262688824214
"GO:0034644",65,1,108,0,65,308343,43,515387,2.01365460487831e-06,6.41760690267291e-06,1.60770286738971,5.19262688824214
"GO:0043066",191,3,387,0,191,308217,196,515234,2.03190032548751e-06,6.47199664181272e-06,1.3183738719346,5.18896171674229
"GO:0048658",86,0,152,0,86,308322,66,515364,2.03236479910582e-06,6.47199664181272e-06,1.51137087371616,5.18896171674229
"GO:0009969",118,1,222,0,118,308290,104,515326,2.05161832456914e-06,6.53066698382866e-06,1.4198589980606,5.18504246151148
"GO:0048574",42,0,62,0,42,308366,20,515410,2.07543064460272e-06,6.60379548678763e-06,1.80956332666991,5.18020638488455
"GO:0006085",47,1,72,0,47,308361,25,515405,2.09114178873021e-06,6.64841201974323e-06,1.74373926386115,5.17728207400791
"GO:0080144",47,0,72,0,47,308361,25,515405,2.09114178873021e-06,6.64841201974323e-06,1.74373926386115,5.17728207400791
"GO:0006517",89,2,158,0,89,308319,69,515361,2.09930590635094e-06,6.67167383722028e-06,1.50469717247808,5.17576519350909
"GO:0003983",91,1,163,0,91,308317,72,515358,2.11106119028526e-06,6.69169210917701e-06,1.49131701564003,5.17446404953295
"GO:0004827",63,2,104,0,63,308345,41,515389,2.11240534696454e-06,6.69169210917701e-06,1.61816720557982,5.17446404953295
"GO:0006433",63,2,104,0,63,308345,41,515389,2.11240534696454e-06,6.69169210917701e-06,1.61816720557982,5.17446404953295
"GO:0008306",91,2,163,0,91,308317,72,515358,2.11106119028526e-06,6.69169210917701e-06,1.49131701564003,5.17446404953295
"GO:0031638",91,2,163,0,91,308317,72,515358,2.11106119028526e-06,6.69169210917701e-06,1.49131701564003,5.17446404953295
"GO:0036019",91,2,163,0,91,308317,72,515358,2.11106119028526e-06,6.69169210917701e-06,1.49131701564003,5.17446404953295
"GO:0097061",91,2,163,0,91,308317,72,515358,2.11106119028526e-06,6.69169210917701e-06,1.49131701564003,5.17446404953295
"GO:0106027",91,2,163,0,91,308317,72,515358,2.11106119028526e-06,6.69169210917701e-06,1.49131701564003,5.17446404953295
"GO:0009832",199,6,406,0,199,308209,207,515223,2.15524818047959e-06,6.82466358678009e-06,1.30931224046759,5.16591875176061
"GO:0007422",61,0,100,0,61,308347,39,515391,2.19897967017124e-06,6.95754339372507e-06,1.62946869082514,5.15754407632032
"GO:0008139",61,1,100,0,61,308347,39,515391,2.19897967017124e-06,6.95754339372507e-06,1.62946869082514,5.15754407632032
"GO:0000275",49,0,76,0,49,308359,27,515403,2.21280287271659e-06,6.99846694014665e-06,1.72225983283934,5.15499708460764
"GO:1901652",105,2,193,0,105,308303,88,515342,2.21724036327178e-06,7.0096851966568e-06,1.45327624680744,5.15430148566027
"GO:0009396",81,0,142,0,81,308327,61,515369,2.25224090873856e-06,7.11747909818947e-06,1.52374698634076,5.14767379956623
"GO:0060341",153,10,301,0,153,308255,148,515282,2.28083817629914e-06,7.2049591187106e-06,1.35781662053399,5.14236847905107
"GO:0008184",53,1,84,0,53,308355,31,515399,2.3352744852808e-06,7.36924978047012e-06,1.68543795108767,5.13257672283107
"GO:0032588",97,6,176,0,97,308311,79,515351,2.33565525943508e-06,7.36924978047012e-06,1.47222860478799,5.13257672283107
"GO:0044614",53,1,84,0,53,308355,31,515399,2.3352744852808e-06,7.36924978047012e-06,1.68543795108767,5.13257672283107
"GO:0032956",89,6,159,0,89,308319,70,515360,2.35921271396753e-06,7.44059394405143e-06,1.49523366824866,5.12839239559276
"GO:0040014",92,2,165,0,92,308316,73,515357,2.36113339383196e-06,7.44068938200368e-06,1.48942990120132,5.12838682508178
"GO:0040015",92,2,165,0,92,308316,73,515357,2.36113339383196e-06,7.44068938200368e-06,1.48942990120132,5.12838682508178
"GO:0005544",200,4,409,0,200,308208,209,515221,2.37637163292778e-06,7.48571328307622e-06,1.3062396816106,5.12576681120002
"GO:0030335",94,2,170,0,94,308314,76,515354,2.40675475553867e-06,7.57233150903293e-06,1.47704972938827,5.12077038131783
"GO:0051272",94,2,170,0,94,308314,76,515354,2.40675475553867e-06,7.57233150903293e-06,1.47704972938827,5.12077038131783
"GO:2000147",94,2,170,0,94,308314,76,515354,2.40675475553867e-06,7.57233150903293e-06,1.47704972938827,5.12077038131783
"GO:0048443",293,13,628,0,293,308115,335,515095,2.43850838728658e-06,7.66610943479232e-06,1.2463044962195,5.1154249854225
"GO:0048466",293,13,628,0,293,308115,335,515095,2.43850838728658e-06,7.66610943479232e-06,1.2463044962195,5.1154249854225
"GO:0030332",79,2,138,0,79,308329,59,515371,2.48020536758373e-06,7.79408249645475e-06,1.52919965045362,5.10823500172969
"GO:0044070",70,1,119,0,70,308338,49,515381,2.53793187572264e-06,7.9723063550234e-06,1.57132949934922,5.09841602084212
"GO:0016641",64,1,106,0,64,308344,42,515388,2.58070947697587e-06,8.10344834573357e-06,1.61283631631316,5.09133013188254
"GO:0004473",46,0,70,0,46,308362,24,515406,2.59643334882101e-06,8.14632256752449e-06,1.75539952641584,5.08903839727944
"GO:0019441",46,0,70,0,46,308362,24,515406,2.59643334882101e-06,8.14632256752449e-06,1.75539952641584,5.08903839727944
"GO:0006271",95,4,172,0,95,308313,77,515353,2.63090129784469e-06,8.25117729746351e-06,1.47540531479592,5.08348408086657
"GO:0004853",31,0,42,0,31,308377,11,515419,2.75041812924151e-06,8.62257726538796e-06,1.971644395612,5.06436290530719
"GO:0035493",48,1,74,0,48,308360,26,515404,2.77488893139492e-06,8.69583028182358e-06,1.73270928576887,5.0606889450472
"GO:0006650",103,2,190,0,103,308305,87,515343,2.81390091133605e-06,8.81457539754772e-06,1.4481041859792,5.05479860304059
"GO:0016412",13,0,13,0,13,308395,0,515430,2.83544267611846e-06,8.87852217438525e-06,2.67126014889367,5.05165931630714
"GO:0004527",177,5,356,0,177,308231,179,515251,2.87317577839863e-06,8.99309730717852e-06,1.32812653470275,5.04609070740473
"GO:0002119",115,0,216,0,115,308293,101,515329,2.87496862908568e-06,8.99513237208366e-06,1.42219869038321,5.04599244120754
"GO:0016071",557,22,1270,0,557,307851,713,514717,2.90325155902024e-06,9.08001441104781e-06,1.17156842750691,5.04191346220209
"GO:0019882",98,2,179,0,98,308310,81,515349,2.90719940618786e-06,9.08875048670009e-06,1.46247762341665,5.04149581909173
"GO:0006714",66,1,111,0,66,308342,45,515385,2.91261748650569e-06,9.10207417775815e-06,1.58831684528813,5.04085962951302
"GO:0015205",54,0,86,0,54,308354,32,515398,2.98492643770694e-06,9.32434163397976e-06,1.67730288418905,5.03038182277114
"GO:0070566",42,4,63,0,42,308366,21,515409,2.98966282498185e-06,9.33543266888422e-06,1.78084009926245,5.02986554902134
"GO:0004848",39,0,57,0,39,308369,18,515412,2.99780126847318e-06,9.3423165421302e-06,1.82770431240093,5.02954542176549
"GO:0009939",39,0,57,0,39,308369,18,515412,2.99780126847318e-06,9.3423165421302e-06,1.82770431240093,5.02954542176549
"GO:0010205",39,1,57,0,39,308369,18,515412,2.99780126847318e-06,9.3423165421302e-06,1.82770431240093,5.02954542176549
"GO:0030692",39,0,57,0,39,308369,18,515412,2.99780126847318e-06,9.3423165421302e-06,1.82770431240093,5.02954542176549
"GO:0043155",39,1,57,0,39,308369,18,515412,2.99780126847318e-06,9.3423165421302e-06,1.82770431240093,5.02954542176549
"GO:0008295",143,3,279,0,143,308265,136,515294,3.03006226142581e-06,9.43629712793514e-06,1.36914050642221,5.02519839260723
"GO:0034969",90,2,162,0,90,308318,72,515358,3.03035558173527e-06,9.43629712793514e-06,1.48403341605204,5.02519839260723
"GO:0001664",64,0,107,0,64,308344,43,515387,3.09475108253136e-06,9.62920178722802e-06,1.5977630797121,5.01640971222853
"GO:0030132",64,1,107,0,64,308344,43,515387,3.09475108253136e-06,9.62920178722802e-06,1.5977630797121,5.01640971222853
"GO:0032418",28,0,37,0,28,308380,9,515421,3.18421022373114e-06,9.89972467662382e-06,2.02149416673035,5.00437688349192
"GO:0099078",28,0,37,0,28,308380,9,515421,3.18421022373114e-06,9.89972467662382e-06,2.02149416673035,5.00437688349192
"GO:0030125",101,1,186,0,101,308307,85,515345,3.18846867973385e-06,9.90905070938211e-06,1.45052298407667,5.00396794908933
"GO:0031099",19,0,22,0,19,308389,3,515427,3.22247529644533e-06,1.00107835570709e-05,2.30699740131726,4.99953192839539
"GO:0005849",99,4,181,0,99,308309,82,515348,3.2275851171315e-06,1.00227021862166e-05,1.46107599304129,4.99901517404252
"GO:0048232",276,5,589,0,276,308132,313,515117,3.24009536934312e-06,1.00575831023143e-05,1.25172801544084,4.99750637031748
"GO:0016926",134,2,259,0,134,308274,125,515305,3.26027753994611e-06,1.01122556321733e-05,1.38204193031565,4.99515196020103
"GO:0016929",134,2,259,0,134,308274,125,515305,3.26027753994611e-06,1.01122556321733e-05,1.38204193031565,4.99515196020103
"GO:0004430",62,4,103,0,62,308346,41,515389,3.26744610800434e-06,1.01304985278496e-05,1.60794300224668,4.99436918222443
"GO:0034198",44,0,67,0,44,308364,23,515407,3.28032185364976e-06,1.01664148157208e-05,1.75426039628838,4.9928321739464
"GO:0000110",29,0,39,0,29,308379,10,515420,3.33208968448916e-06,1.03187293455148e-05,1.98632164917735,4.98637377869783
"GO:0010319",29,1,39,0,29,308379,10,515420,3.33208968448916e-06,1.03187293455148e-05,1.98632164917735,4.98637377869783
"GO:0000120",67,2,113,0,67,308341,46,515384,3.41293510935767e-06,1.05649332209452e-05,1.58384451306085,4.9761332437008
"GO:0003856",34,0,48,0,34,308374,14,515416,3.43576807099401e-06,1.06189109756046e-05,1.89214260546635,4.97392002012243
"GO:0005971",34,2,48,0,34,308374,14,515416,3.43576807099401e-06,1.06189109756046e-05,1.89214260546635,4.97392002012243
"GO:0007131",315,10,682,0,315,308093,367,515063,3.4356801335474e-06,1.06189109756046e-05,1.23379317727494,4.97392002012243
"GO:1990071",34,0,48,0,34,308374,14,515416,3.43576807099401e-06,1.06189109756046e-05,1.89214260546635,4.97392002012243
"GO:0006310",604,17,1387,0,604,307804,783,514647,3.43774854318228e-06,1.06208620611974e-05,1.16325964667035,4.97384023153829
"GO:0101030",41,0,61,0,41,308367,20,515410,3.48683670331931e-06,1.07682928711376e-05,1.7954371492564,4.96785314121545
"GO:0009910",135,6,261,0,135,308273,126,515304,3.52257690996314e-06,1.08744021314627e-05,1.38168628391052,4.96359461098429
"GO:0046034",154,7,305,0,154,308254,151,515279,3.55111190712627e-06,1.0953900052076e-05,1.3487674194414,4.960431226072
"GO:0071417",154,4,305,0,154,308254,151,515279,3.55111190712627e-06,1.0953900052076e-05,1.3487674194414,4.960431226072
"GO:0006083",27,1,35,0,27,308381,8,515422,3.62492531341733e-06,1.11772080169296e-05,2.06068640057512,4.95166666642012
"GO:0046912",65,0,109,0,65,308343,44,515386,3.6471177821551e-06,1.1241233821897e-05,1.59295329979898,4.94918601860381
"GO:0001056",176,2,355,0,176,308232,179,515251,3.65764959731304e-06,1.12692828297645e-05,1.3243430597332,4.94810372130849
"GO:0005770",218,15,453,0,218,308190,235,515195,3.68405314121885e-06,1.13461918339886e-05,1.28550709152058,4.94514987794227
"GO:0000387",145,5,284,0,145,308263,139,515291,3.68932202550473e-06,1.13579753557971e-05,1.36384761123092,4.94469907797101
"GO:2000031",155,0,307,0,155,308253,152,515278,3.72426980393574e-06,1.14610836186795e-05,1.34868183413198,4.94077431889875
"GO:2000116",117,2,221,0,117,308291,104,515326,3.73376410242794e-06,1.14858112599894e-05,1.4141965494143,4.93983832451825
"GO:0005987",89,1,160,0,89,308319,71,515359,3.73733619916187e-06,1.14923088124228e-05,1.48588845782211,4.93959271249829
"GO:0000427",50,0,79,0,50,308358,29,515401,3.74119612548775e-06,1.1495197462857e-05,1.69067098031245,4.93948356408217
"GO:0005834",50,0,79,0,50,308358,29,515401,3.74119612548775e-06,1.1495197462857e-05,1.69067098031245,4.93948356408217
"GO:0048767",111,1,208,0,111,308297,97,515333,3.74732877016143e-06,1.15095482164303e-05,1.4255282525346,4.93894172336953
"GO:0005980",52,1,83,0,52,308356,31,515399,3.76730156971139e-06,1.15663798583339e-05,1.67356057521049,4.93680254887582
"GO:0033045",86,5,154,0,86,308322,68,515362,3.79695449883859e-06,1.16528755613479e-05,1.49174268055101,4.93356689126235
"GO:0009692",63,1,105,0,63,308345,42,515388,3.8742296697065e-06,1.18669011517236e-05,1.6027560893362,4.92566267518273
"GO:0009693",63,1,105,0,63,308345,42,515388,3.8742296697065e-06,1.18669011517236e-05,1.6027560893362,4.92566267518273
"GO:0043449",63,1,105,0,63,308345,42,515388,3.8742296697065e-06,1.18669011517236e-05,1.6027560893362,4.92566267518273
"GO:0043450",63,1,105,0,63,308345,42,515388,3.8742296697065e-06,1.18669011517236e-05,1.6027560893362,4.92566267518273
"GO:1900674",63,1,105,0,63,308345,42,515388,3.8742296697065e-06,1.18669011517236e-05,1.6027560893362,4.92566267518273
"GO:0006850",43,1,65,0,43,308365,22,515408,3.89860029343655e-06,1.19369045157264e-05,1.76714132926812,4.92310828007707
"GO:0040025",114,0,215,0,114,308294,101,515329,3.9047405552979e-06,1.19510566295898e-05,1.41638910220409,4.9225936957105
"GO:0090615",100,2,184,0,100,308308,84,515346,3.93516637562374e-06,1.20394985265877e-05,1.45177182005091,4.91939160208745
"GO:0045177",145,2,285,0,145,308263,140,515290,3.97874076168349e-06,1.21680836347989e-05,1.35906218101608,4.91477781391176
"GO:0006596",61,1,101,0,61,308347,40,515390,4.08793023550707e-06,1.24923085457732e-05,1.61333533745063,4.903357297731
"GO:0090056",97,2,178,0,97,308311,81,515349,4.08656462036661e-06,1.24923085457732e-05,1.45568671035217,4.903357297731
"GO:0047974",67,2,114,0,67,308341,47,515383,4.14896648291877e-06,1.267390925632e-05,1.56995114013926,4.89708940669639
"GO:0006011",92,1,167,0,92,308316,75,515355,4.1754633526913e-06,1.27449583219798e-05,1.4715924173546,4.89466158040372
"GO:1901185",92,2,167,0,92,308316,75,515355,4.1754633526913e-06,1.27449583219798e-05,1.4715924173546,4.89466158040372
"GO:0019827",146,1,287,0,146,308262,141,515289,4.18325997349315e-06,1.2758861879635e-05,1.35889889107483,4.89418806397215
"GO:0098727",146,1,287,0,146,308262,141,515289,4.18325997349315e-06,1.2758861879635e-05,1.35889889107483,4.89418806397215
"GO:0009898",103,1,191,0,103,308305,88,515342,4.21766145475464e-06,1.2858803629678e-05,1.44052248867041,4.89079943585961
"GO:0070059",45,2,69,0,45,308363,24,515406,4.22144967816022e-06,1.28653704477264e-05,1.74212618406109,4.89057770412234
"GO:0001678",84,1,150,0,84,308324,66,515364,4.24127695034581e-06,1.29207941769049e-05,1.49590568338046,4.88871079160042
"GO:0071482",127,1,244,0,127,308281,117,515313,4.26879163726242e-06,1.2999585210263e-05,1.39036901192417,4.88607050490608
"GO:0071322",109,2,204,0,109,308299,95,515335,4.27679875029657e-06,1.30189326227125e-05,1.42729096190887,4.88542462061178
"GO:0016730",59,0,97,0,59,308349,38,515392,4.28069686582681e-06,1.30257617811321e-05,1.62478710087347,4.88519686859137
"GO:0030983",160,5,319,0,160,308248,159,515271,4.31784993700589e-06,1.31337382937057e-05,1.3398170025799,4.88161164182731
"GO:0000243",36,1,52,0,36,308372,16,515414,4.33882329854735e-06,1.31873424734227e-05,1.84933394923408,4.87984271509904
"GO:0008373",36,0,52,0,36,308372,16,515414,4.33882329854735e-06,1.31873424734227e-05,1.84933394923408,4.87984271509904
"GO:0009574",57,1,93,0,57,308351,36,515394,4.44382460343112e-06,1.35012687295291e-05,1.63722396222515,4.86962541844251
"GO:0031022",47,0,73,0,47,308361,26,515404,4.45216112540488e-06,1.35213782327111e-05,1.71985242463017,4.86897903854566
"GO:0007021",65,1,110,0,65,308343,45,515385,4.45796715996958e-06,1.35285726612492e-05,1.57847190616444,4.86874802143954
"GO:0030942",65,1,110,0,65,308343,45,515385,4.45796715996958e-06,1.35285726612492e-05,1.57847190616444,4.86874802143954
"GO:0004467",112,2,211,0,112,308296,99,515331,4.4616194547331e-06,1.35344386696181e-05,1.41792007903361,4.8685597515479
"GO:0010158",95,1,174,0,95,308313,79,515351,4.62190448544146e-06,1.40152666060844e-05,1.45844663301666,4.85339863643741
"GO:0060236",104,2,193,0,104,308304,89,515341,4.66063665974098e-06,1.41272744649522e-05,1.43943552064737,4.84994161727434
"GO:0007612",93,3,169,0,93,308315,76,515354,4.67027191567588e-06,1.41455869642942e-05,1.46998339554504,4.84937902699348
"GO:0009268",93,2,169,0,93,308315,76,515354,4.67027191567588e-06,1.41455869642942e-05,1.46998339554504,4.84937902699348
"GO:0051983",90,5,163,0,90,308318,73,515357,4.7026017834465e-06,1.42380312458811e-05,1.47492891656706,4.84655005832282
"GO:0001055",168,1,338,0,168,308240,170,515260,4.77531301341775e-06,1.44526197776334e-05,1.32772693791165,4.84005342267593
"GO:0000309",31,1,43,0,31,308377,12,515418,4.77907552524324e-06,1.44528937897483e-05,1.92579220036521,4.84004518881776
"GO:0017006",31,0,43,0,31,308377,12,515418,4.77907552524324e-06,1.44528937897483e-05,1.92579220036521,4.84004518881776
"GO:0009611",684,32,1590,0,684,307724,906,514524,4.91888454773916e-06,1.4869991996852e-05,1.14914587537313,4.82768926521873
"GO:0052381",195,2,400,0,195,308213,205,515225,4.94401811863323e-06,1.4940234406864e-05,1.30223932258567,4.82564258854412
"GO:0007051",131,1,254,0,131,308277,123,515307,4.97422634349974e-06,1.50257520245702e-05,1.37769716340579,4.82316378275631
"GO:0032389",30,0,41,0,30,308378,11,515419,5.03461468217143e-06,1.52023347825291e-05,1.95458059675147,4.81808970775912
"GO:0000395",61,1,102,0,61,308347,41,515389,5.06334991988988e-06,1.52832402489928e-05,1.59751832433837,4.81578455982629
"GO:0007023",66,1,112,0,66,308342,46,515384,5.09085156999223e-06,1.53603616554154e-05,1.57413544488377,4.81359855884212
"GO:0006203",38,1,56,0,38,308370,18,515412,5.17327222858636e-06,1.55970888484994e-05,1.81264081532071,4.80695645389003
"GO:0034398",38,1,56,0,38,308370,18,515412,5.17327222858636e-06,1.55970888484994e-05,1.81264081532071,4.80695645389003
"GO:0000814",41,0,62,0,41,308367,21,515409,5.1822102414039e-06,1.56180547551039e-05,1.76647848555872,4.80637305891794
"GO:0003014",93,2,170,0,93,308315,77,515353,5.22359794439249e-06,1.57367634972284e-05,1.46133643439477,4.80308458200398
"GO:0008253",83,0,148,0,83,308325,65,515365,5.25107518178069e-06,1.58014005470098e-05,1.49807156998767,4.80130441792651
"GO:0009959",83,1,148,0,83,308325,65,515365,5.25107518178069e-06,1.58014005470098e-05,1.49807156998767,4.80130441792651
"GO:0035239",83,0,148,0,83,308325,65,515365,5.25107518178069e-06,1.58014005470098e-05,1.49807156998767,4.80130441792651
"GO:0004748",35,2,50,0,35,308373,15,515415,5.27575365775518e-06,1.58574772026914e-05,1.86988210422557,4.79976590428821
"GO:0050921",91,3,165,0,91,308317,74,515356,5.27400420993641e-06,1.58574772026914e-05,1.47324044575348,4.79976590428821
"GO:0071786",35,0,50,0,35,308373,15,515415,5.27575365775518e-06,1.58574772026914e-05,1.86988210422557,4.79976590428821
"GO:0009916",59,1,98,0,59,308349,39,515391,5.344908840039e-06,1.60408396449817e-05,1.60820764066048,4.79477290265794
"GO:0010230",59,1,98,0,59,308349,39,515391,5.344908840039e-06,1.60408396449817e-05,1.60820764066048,4.79477290265794
"GO:0019863",20,0,24,0,20,308388,4,515426,5.3444572516358e-06,1.60408396449817e-05,2.22605012407806,4.79477290265794
"GO:0019865",20,0,24,0,20,308388,4,515426,5.3444572516358e-06,1.60408396449817e-05,2.22605012407806,4.79477290265794
"GO:0002164",116,1,221,0,116,308292,105,515325,5.52292717707244e-06,1.65687815312173e-05,1.4021093994193,4.78070942843799
"GO:0030041",43,1,66,0,43,308365,23,515407,5.58741824562301e-06,1.67558691160169e-05,1.74036646064285,4.77583304067258
"GO:0000479",57,2,94,0,57,308351,37,515393,5.60001336767175e-06,1.67680887144587e-05,1.61980668603127,4.7755164369806
"GO:0004521",368,10,813,0,368,308040,445,514985,5.59545637192441e-06,1.67680887144587e-05,1.20913128510808,4.7755164369806
"GO:0019185",57,0,94,0,57,308351,37,515393,5.60001336767175e-06,1.67680887144587e-05,1.61980668603127,4.7755164369806
"GO:0042796",57,0,94,0,57,308351,37,515393,5.60001336767175e-06,1.67680887144587e-05,1.61980668603127,4.7755164369806
"GO:0006597",76,2,133,0,76,308332,57,515373,5.62310986525294e-06,1.68244473049301e-05,1.52643437079638,4.77405919375252
"GO:0070765",76,4,133,0,76,308332,57,515373,5.62310986525294e-06,1.68244473049301e-05,1.52643437079638,4.77405919375252
"GO:0030295",163,5,327,0,163,308245,164,515266,5.68032526432736e-06,1.69891795139761e-05,1.33154557880633,4.76982759471289
"GO:0044038",78,2,138,0,78,308330,60,515370,5.85274028367123e-06,1.74982041447246e-05,1.50984269285295,4.75700652103127
"GO:0002100",45,0,70,0,45,308363,25,515405,5.87392921411332e-06,1.75548863984434e-05,1.71723866714593,4.75560197660528
"GO:0098789",40,0,60,0,40,308368,20,515410,5.89381566223067e-06,1.76076344945274e-05,1.78084009926245,4.75429898559881
"GO:0050920",91,3,166,0,91,308317,75,515355,5.89901155081665e-06,1.76097910231432e-05,1.46436550330918,4.75424579781093
"GO:0140658",91,1,166,0,91,308317,75,515355,5.89901155081665e-06,1.76097910231432e-05,1.46436550330918,4.75424579781093
"GO:0000293",89,3,161,0,89,308319,72,515358,5.95039077269605e-06,1.77564352398269e-05,1.47665933696607,4.7506442182345
"GO:0003876",53,1,86,0,53,308355,33,515397,5.9847432268621e-06,1.78454161673706e-05,1.64624171966703,4.7484733195444
"GO:0016120",53,1,86,0,53,308355,33,515397,5.9847432268621e-06,1.78454161673706e-05,1.64624171966703,4.7484733195444
"GO:0099515",47,0,74,0,47,308361,27,515403,6.04601888209211e-06,1.80213027791856e-05,1.69661117564868,4.74421381661111
"GO:0007097",51,0,82,0,51,308357,31,515399,6.08808067301291e-06,1.81329440249556e-05,1.66139350723875,4.74153167908188
"GO:0051647",51,0,82,0,51,308357,31,515399,6.08808067301291e-06,1.81329440249556e-05,1.66139350723875,4.74153167908188
"GO:0090333",218,3,455,0,218,308190,237,515193,6.10286675098791e-06,1.81701085717764e-05,1.27985651089851,4.74064247764615
"GO:0043966",49,0,78,0,49,308359,29,515401,6.11319586389283e-06,1.81939802799865e-05,1.678099324305,4.74007228034624
"GO:0004485",27,1,36,0,27,308381,9,515421,6.1628049541773e-06,1.83277675101185e-05,2.00344511167025,4.73689043286018
"GO:0051741",27,0,36,0,27,308381,9,515421,6.1628049541773e-06,1.83277675101185e-05,2.00344511167025,4.73689043286018
"GO:0042981",206,3,427,0,206,308202,221,515209,6.21054626447675e-06,1.84627719765714e-05,1.28871098518055,4.73370309400611
"GO:0033396",33,2,47,0,33,308375,14,515416,6.2759321302069e-06,1.86430708411278e-05,1.87556563645726,4.72948255016268
"GO:0042790",33,0,47,0,33,308375,14,515416,6.2759321302069e-06,1.86430708411278e-05,1.87556563645726,4.72948255016268
"GO:0032549",182,7,372,0,182,308226,190,515240,6.325198954036e-06,1.87823335217546e-05,1.30690684703938,4.72625045186415
"GO:0045951",23,2,29,0,23,308385,6,515424,6.34440429998747e-06,1.88322589176099e-05,2.11858563532946,4.72509758350891
"GO:0045842",69,1,119,0,69,308339,50,515380,6.44914909760928e-06,1.91359599307879e-05,1.5488819350728,4.71814974706961
"GO:0019783",121,2,232,0,121,308287,111,515319,6.45912860172103e-06,1.9158349793801e-05,1.39320033627644,4.71764190164113
"GO:1990518",37,1,54,0,37,308371,17,515413,6.4734995473751e-06,1.91937432907483e-05,1.83030787979752,4.71684031802225
"GO:0010206",92,3,168,0,92,308316,76,515354,6.48452842206825e-06,1.92192047208288e-05,1.46283293867987,4.71626458714101
"GO:0004014",76,2,134,0,76,308332,58,515372,6.49096525022052e-06,1.92238067907208e-05,1.51504306952178,4.71616060706815
"GO:0030718",76,0,134,0,76,308332,58,515372,6.49096525022052e-06,1.92238067907208e-05,1.51504306952178,4.71616060706815
"GO:0033809",58,1,96,0,58,308350,38,515392,6.53382463660009e-06,1.93434627827438e-05,1.61388633995659,4.71346577778033
"GO:0048653",267,12,572,0,267,308141,305,515125,6.6214921554947e-06,1.95956339278399e-05,1.2468994051654,4.70784068233084
"GO:0004345",106,3,199,0,106,308302,93,515337,6.64809076302009e-06,1.96669562143909e-05,1.42288229036547,4.70626284910871
"GO:0000792",19,1,110,0,19,308389,91,515339,6.6585806764596e-06,1.96905886871112e-05,0.461399480263453,4.70574129961901
"GO:0033819",26,0,34,0,26,308382,8,515422,6.67388534374829e-06,1.97284361344298e-05,2.04272834915399,4.70490733974051
"GO:0006928",291,8,629,0,291,308117,338,515092,6.68193054180667e-06,1.97448037631765e-05,1.23582941705574,4.70454717820969
"GO:0046486",115,2,219,0,115,308293,104,515326,6.72801700975899e-06,1.98735271672881e-05,1.40271651654234,4.70172504716563
"GO:0042044",72,2,125,0,72,308336,53,515377,6.84136184664356e-06,2.02007503588815e-05,1.53864584576276,4.69463249834203
"GO:0019264",98,2,181,0,98,308310,83,515347,6.87735852028246e-06,2.02994249237584e-05,1.44631764967724,4.69251626533684
"GO:0030672",44,3,68,0,44,308364,24,515406,6.90300818304978e-06,2.03446201486214e-05,1.72846244928414,4.69155041438271
"GO:0046928",44,3,68,0,44,308364,24,515406,6.90300818304978e-06,2.03446201486214e-05,1.72846244928414,4.69155041438271
"GO:0051588",44,3,68,0,44,308364,24,515406,6.90300818304978e-06,2.03446201486214e-05,1.72846244928414,4.69155041438271
"GO:0099501",44,3,68,0,44,308364,24,515406,6.90300818304978e-06,2.03446201486214e-05,1.72846244928414,4.69155041438271
"GO:0010380",95,2,175,0,95,308313,80,515350,7.01837706908739e-06,2.06768953173114e-05,1.45011265225657,4.68451467098348
"GO:0051510",128,4,248,0,128,308280,120,515310,7.03111469661738e-06,2.07066722378496e-05,1.37871491555802,4.68388969081509
"GO:0034389",74,0,130,0,74,308334,56,515374,7.1826831543311e-06,2.1145131559796e-05,1.52056346937025,4.67478960843547
"GO:0006072",77,0,136,0,77,308331,59,515371,7.27396601478183e-06,2.14058543806963e-05,1.51240464312362,4.66946743330892
"GO:0006538",122,3,235,0,122,308286,113,515317,7.47514738317759e-06,2.19896712258498e-05,1.38678186453203,4.65778126385734
"GO:0003871",39,0,58,0,39,308369,19,515411,7.51721196656837e-06,2.20804076868755e-05,1.79619216908368,4.65599291216903
"GO:0031499",39,0,58,0,39,308369,19,515411,7.51721196656837e-06,2.20804076868755e-05,1.79619216908368,4.65599291216903
"GO:0061928",39,0,58,0,39,308369,19,515411,7.51721196656837e-06,2.20804076868755e-05,1.79619216908368,4.65599291216903
"GO:1905156",39,1,58,0,39,308369,19,515411,7.51721196656837e-06,2.20804076868755e-05,1.79619216908368,4.65599291216903
"GO:0043086",421,10,945,0,421,307987,524,514906,7.52959431332997e-06,2.21085290692031e-05,1.19005346315792,4.65544015106122
"GO:0071103",457,9,1033,0,457,307951,576,514854,7.58379417004443e-06,2.2259369018117e-05,1.18176755861027,4.65248715068567
"GO:0009937",65,1,111,0,65,308343,46,515384,7.61658969925582e-06,2.23223358572382e-05,1.56425143854134,4.65126036184781
"GO:0043409",65,1,111,0,65,308343,46,515384,7.61658969925582e-06,2.23223358572382e-05,1.56425143854134,4.65126036184781
"GO:0071731",65,1,111,0,65,308343,46,515384,7.61658969925582e-06,2.23223358572382e-05,1.56425143854134,4.65126036184781
"GO:0097366",65,1,111,0,65,308343,46,515384,7.61658969925582e-06,2.23223358572382e-05,1.56425143854134,4.65126036184781
"GO:0006949",35,1,51,0,35,308373,16,515414,7.70123816674873e-06,2.25368575645524e-05,1.83321774924076,4.64710664008747
"GO:0008460",35,0,51,0,35,308373,16,515414,7.70123816674873e-06,2.25368575645524e-05,1.83321774924076,4.64710664008747
"GO:0016855",35,0,51,0,35,308373,16,515414,7.70123816674873e-06,2.25368575645524e-05,1.83321774924076,4.64710664008747
"GO:0031179",35,0,51,0,35,308373,16,515414,7.70123816674873e-06,2.25368575645524e-05,1.83321774924076,4.64710664008747
"GO:1901001",113,2,215,0,113,308295,102,515328,7.70931955947464e-06,2.25521232152302e-05,1.40396463639528,4.64681256432924
"GO:0045544",96,0,177,0,96,308312,81,515349,7.82296768801083e-06,2.28760778751936e-05,1.44881906380674,4.64061843368904
"GO:0034399",132,1,258,0,132,308276,126,515304,8.01433367594046e-06,2.34269716661728e-05,1.36669123896886,4.63028384771
"GO:0031060",129,1,251,0,129,308279,122,515308,8.04547543789284e-06,2.35092734399007e-05,1.37287872194137,4.62876079264953
"GO:0000422",119,4,229,0,119,308289,110,515320,8.07950238478816e-06,2.35999416597597e-05,1.38812208610632,4.62708907062632
"GO:0004708",63,0,107,0,63,308345,44,515386,8.22288359315422e-06,2.40033493350474e-05,1.5727980315916,4.6197281542784
"GO:0031683",68,0,117,0,68,308340,49,515381,8.22370848026205e-06,2.40033493350474e-05,1.55252726602367,4.6197281542784
"GO:0016701",30,3,148,0,30,308378,118,515312,8.25576017180852e-06,2.40879703752693e-05,0.541471651802772,4.61819979161457
"GO:0000930",88,1,160,0,88,308320,72,515358,8.28813953016694e-06,2.41734843947663e-05,1.46919308189152,4.61666074535762
"GO:0009975",108,2,204,0,108,308300,96,515334,8.60838564089657e-06,2.50982265796807e-05,1.4141965494143,4.60035696433046
"GO:0019748",513,19,1171,0,513,307895,658,514772,8.68405223102913e-06,2.53094628517813e-05,1.17024462543335,4.59671707186991
"GO:0010440",70,0,122,0,70,308338,52,515378,8.72803610255595e-06,2.54282384157367e-05,1.53269024936522,4.59468372526764
"GO:0048699",203,1,422,0,203,308205,219,515211,8.84105605143784e-06,2.57479812197257e-05,1.28499007162421,4.58925681631223
"GO:0040017",94,3,173,0,94,308314,79,515351,8.89421261550783e-06,2.58932106913009e-05,1.45143615026593,4.5868140948312
"GO:0001727",37,0,55,0,37,308371,18,515412,8.96302912006315e-06,2.60646343676162e-05,1.79702955471029,4.58394836293878
"GO:0004784",37,0,55,0,37,308371,18,515412,8.96302912006315e-06,2.60646343676162e-05,1.79702955471029,4.58394836293878
"GO:0031540",37,0,55,0,37,308371,18,515412,8.96302912006315e-06,2.60646343676162e-05,1.79702955471029,4.58394836293878
"GO:0000719",34,0,49,0,34,308374,15,515415,9.03212424507013e-06,2.62171394016195e-05,1.85352745025275,4.5814146966988
"GO:0004856",34,3,49,0,34,308374,15,515415,9.03212424507013e-06,2.62171394016195e-05,1.85352745025275,4.5814146966988
"GO:0005997",34,3,49,0,34,308374,15,515415,9.03212424507013e-06,2.62171394016195e-05,1.85352745025275,4.5814146966988
"GO:0031210",30,0,42,0,30,308378,12,515418,9.02978405604102e-06,2.62171394016195e-05,1.90804296349548,4.5814146966988
"GO:0047274",34,0,49,0,34,308374,15,515415,9.03212424507013e-06,2.62171394016195e-05,1.85352745025275,4.5814146966988
"GO:0002274",41,9,186,0,41,308367,145,515285,9.3031835928505e-06,2.69939776052043e-05,0.588826161852906,4.56873311675087
"GO:0042826",86,3,156,0,86,308322,70,515360,9.35794753031221e-06,2.71428750768672e-05,1.4726177743901,4.56634415211157
"GO:0050767",165,0,334,0,165,308243,169,515261,9.38811043562306e-06,2.72203334619612e-05,1.31963450469298,4.56510655878725
"GO:1901401",97,2,180,0,97,308311,83,515347,9.39488413960796e-06,2.72299440158298e-05,1.43951241357048,4.56495325155909
"GO:0000813",59,1,99,0,59,308349,40,515390,9.43171311798482e-06,2.73266270389314e-05,1.59196311903764,4.5634139705313
"GO:0000466",83,5,150,0,83,308325,67,515363,9.50640286877732e-06,2.75328930769003e-05,1.47809728238783,4.56014815179885
"GO:0007266",68,1,118,0,68,308340,50,515380,9.57921137465351e-06,2.77233646842913e-05,1.53937025529466,4.55715406211422
"GO:0009269",68,0,118,0,68,308340,50,515380,9.57921137465351e-06,2.77233646842913e-05,1.53937025529466,4.55715406211422
"GO:0006312",94,3,174,0,94,308314,80,515350,9.75477006407794e-06,2.82210767895706e-05,1.44309456319543,4.54942641953819
"GO:0010089",100,0,187,0,100,308308,87,515343,9.88559203332143e-06,2.8589044998643e-05,1.42848136304475,4.54380035176851
"GO:0006999",71,1,124,0,71,308337,53,515377,9.88946953849586e-06,2.85897554928533e-05,1.52951185944718,4.54378955882734
"GO:0002252",363,14,805,0,363,308045,442,514988,9.99859555398888e-06,2.88946197507344e-05,1.20455581869367,4.5391830164163
"GO:0045324",57,0,95,0,57,308351,38,515392,1.00062652310415e-05,2.88955685615402e-05,1.6027560893362,4.53916875574994
"GO:1990019",39,0,59,0,39,308369,20,515410,1.00032959411918e-05,2.88955685615402e-05,1.76574823401446,4.53916875574994
"GO:0006399",240,6,510,0,240,308168,270,515160,1.04734587470336e-05,3.02336146889067e-05,1.25706359947938,4.51950992607397
"GO:0031227",66,1,114,0,66,308342,48,515382,1.04782053435209e-05,3.0236228909163e-05,1.54651903357002,4.51947237540855
"GO:1901184",95,3,176,0,95,308313,81,515349,1.0698371589511e-05,3.08602349405022e-05,1.44187337582329,4.51060077195481
"GO:0004751",41,0,63,0,41,308367,22,515408,1.07946784381207e-05,3.11038465098412e-05,1.73843914451811,4.50718589988954
"GO:0009052",41,0,63,0,41,308367,22,515408,1.07946784381207e-05,3.11038465098412e-05,1.73843914451811,4.50718589988954
"GO:0030870",41,0,63,0,41,308367,22,515408,1.07946784381207e-05,3.11038465098412e-05,1.73843914451811,4.50718589988954
"GO:0031279",36,0,53,0,36,308372,17,515413,1.08231246633267e-05,3.11516041498017e-05,1.81444085585231,4.50651958446327
"GO:0080177",36,0,53,0,36,308372,17,515413,1.08231246633267e-05,3.11516041498017e-05,1.81444085585231,4.50651958446327
"GO:1902171",36,0,53,0,36,308372,17,515413,1.08231246633267e-05,3.11516041498017e-05,1.81444085585231,4.50651958446327
"GO:0055037",106,7,201,0,106,308302,95,515335,1.08329947594241e-05,3.11686165007992e-05,1.40872425762552,4.50628247457281
"GO:0022008",232,1,491,0,232,308176,259,515171,1.08891805438764e-05,3.13188269058806e-05,1.26218402147318,4.50419451346736
"GO:0051051",53,3,87,0,53,308355,34,515396,1.10009474688682e-05,3.16287284422681e-05,1.62731940105017,4.49991826750909
"GO:0003988",28,0,38,0,28,308380,10,515420,1.11320754479593e-05,3.19590437368109e-05,1.96829695181639,4.49540622391497
"GO:0008124",28,0,38,0,28,308380,10,515420,1.11320754479593e-05,3.19590437368109e-05,1.96829695181639,4.49540622391497
"GO:0010124",28,0,38,0,28,308380,10,515420,1.11320754479593e-05,3.19590437368109e-05,1.96829695181639,4.49540622391497
"GO:0043686",28,0,38,0,28,308380,10,515420,1.11320754479593e-05,3.19590437368109e-05,1.96829695181639,4.49540622391497
"GO:0045486",43,0,67,0,43,308365,24,515406,1.13338867106649e-05,3.25265607679015e-05,1.71439084182728,4.48776185490091
"GO:0030915",129,1,252,0,129,308279,123,515307,1.13539243969338e-05,3.25721912728364e-05,1.36743079050509,4.48715302357546
"GO:0006637",51,2,83,0,51,308357,32,515398,1.13727238080479e-05,3.26142374560849e-05,1.64137671799491,4.48659277113463
"GO:0030130",64,1,110,0,64,308344,46,515384,1.1418796078954e-05,3.27225201068532e-05,1.55418772299268,4.48515325676251
"GO:0071732",64,1,110,0,64,308344,46,515384,1.1418796078954e-05,3.27225201068532e-05,1.55418772299268,4.48515325676251
"GO:0030289",32,0,46,0,32,308376,14,515416,1.14711984551794e-05,3.2848772004064e-05,1.85826792966516,4.48348086116743
"GO:0034663",32,1,46,0,32,308376,14,515416,1.14711984551794e-05,3.2848772004064e-05,1.85826792966516,4.48348086116743
"GO:0000350",87,0,159,0,87,308321,72,515358,1.15707707758574e-05,3.31218572900181e-05,1.4616329116588,4.47988531837899
"GO:0005674",45,1,71,0,45,308363,26,515404,1.16345782844476e-05,3.32561366213405e-05,1.69305220704529,4.47812820434944
"GO:0006183",45,1,71,0,45,308363,26,515404,1.16345782844476e-05,3.32561366213405e-05,1.69305220704529,4.47812820434944
"GO:0008333",45,3,71,0,45,308363,26,515404,1.16345782844476e-05,3.32561366213405e-05,1.69305220704529,4.47812820434944
"GO:0044545",49,1,79,0,49,308359,30,515400,1.16231522163432e-05,3.32561366213405e-05,1.6568575607062,4.47812820434944
"GO:0006541",47,1,75,0,47,308361,28,515402,1.17210376340818e-05,3.34789580027185e-05,1.6739896933067,4.47522806742644
"GO:0008936",47,1,75,0,47,308361,28,515402,1.17210376340818e-05,3.34789580027185e-05,1.6739896933067,4.47522806742644
"GO:0031056",136,2,268,0,136,308272,132,515298,1.17656940434699e-05,3.35943211861426e-05,1.35556485167739,4.47373412993043
"GO:0009226",82,0,148,0,82,308326,66,515364,1.18938873236708e-05,3.39480351747412e-05,1.48002251492758,4.46918535650752
"GO:1901463",95,2,177,0,95,308313,82,515348,1.19275871377767e-05,3.40318832724098e-05,1.43372719855875,4.46811401704628
"GO:0006388",67,2,116,0,67,308341,49,515381,1.19740857572454e-05,3.41027507529072e-05,1.54288301703341,4.46721058908295
"GO:0032049",26,0,35,0,26,308382,9,515421,1.1961857808617e-05,3.41027507529072e-05,1.9843646820353,4.46721058908295
"GO:0032790",67,0,116,0,67,308341,49,515381,1.19740857572454e-05,3.41027507529072e-05,1.54288301703341,4.46721058908295
"GO:0044778",19,0,23,0,19,308389,4,515426,1.19684016257846e-05,3.41027507529072e-05,2.20669316647738,4.46721058908295
"GO:0090560",26,0,35,0,26,308382,9,515421,1.1961857808617e-05,3.41027507529072e-05,1.9843646820353,4.46721058908295
"GO:0004175",402,23,902,0,402,308006,500,514930,1.19890378659768e-05,3.41206457270315e-05,1.1905172725668,4.46698275848245
"GO:0006120",79,1,142,0,79,308329,63,515367,1.19869334573462e-05,3.41206457270315e-05,1.48612360396197,4.46698275848245
"GO:1990269",58,0,97,0,58,308350,39,515391,1.20958269756765e-05,3.4412125028018e-05,1.59724833645189,4.46328850786595
"GO:0019902",39,9,178,0,39,308369,139,515291,1.21244164687961e-05,3.44809994372698e-05,0.585276100038502,4.46242015457004
"GO:0016717",93,1,172,0,93,308315,79,515351,1.2177426046449e-05,3.46192480453762e-05,1.4443441502739,4.46068236954238
"GO:0051131",123,5,239,0,123,308285,116,515314,1.22388639965085e-05,3.4781349234843e-05,1.37474894692018,4.45865357489565
"GO:0070985",38,1,57,0,38,308370,19,515411,1.23240082325438e-05,3.5010679468273e-05,1.78084009926245,4.45579946060149
"GO:0009522",146,6,292,0,146,308262,146,515284,1.24042451785503e-05,3.52259083858399e-05,1.33563007444684,4.45313779873327
"GO:0046487",25,0,33,0,25,308383,8,515422,1.24574928231939e-05,3.53643647689081e-05,2.02368193098006,4.45143413851001
"GO:0008841",31,0,44,0,31,308377,13,515417,1.25306607520282e-05,3.55464365549427e-05,1.88202419581145,4.4492039297329
"GO:0035243",31,0,44,0,31,308377,13,515417,1.25306607520282e-05,3.55464365549427e-05,1.88202419581145,4.4492039297329
"GO:0031627",65,0,112,0,65,308343,47,515383,1.31102196099281e-05,3.71771069053868e-05,1.55028490784008,4.42972440972047
"GO:0034050",197,8,410,0,197,308211,213,515217,1.3335831897106e-05,3.78032656442269e-05,1.28350792520013,4.4224706819086
"GO:0097272",54,3,89,0,54,308354,35,515395,1.35223891663785e-05,3.83183036420921e-05,1.620764584722,4.41659372545951
"GO:0005542",34,0,50,0,34,308374,16,515414,1.36885619141378e-05,3.87752282792706e-05,1.8164569012477,4.41144563670879
"GO:0016999",148,5,296,0,148,308260,148,515282,1.37443635166065e-05,3.89192912240024e-05,1.33563007444684,4.40983507745578
"GO:1901361",303,9,663,0,303,308105,360,515070,1.40099796183885e-05,3.96571591355462e-05,1.22080214949439,4.40167839996294
"GO:0034457",52,0,85,0,52,308356,33,515397,1.41134444725973e-05,3.99356703408649e-05,1.63418267932319,4.39863902131301
"GO:0033063",67,0,117,0,67,308341,50,515380,1.42437646198964e-05,4.02899443362648e-05,1.5296959826998,4.39480333262328
"GO:0006144",42,0,65,0,42,308366,23,515407,1.42962349106912e-05,4.04238366440233e-05,1.72604501928514,4.39336246978523
"GO:0010087",163,11,331,0,163,308245,168,515262,1.4421286725193e-05,4.07627896232385e-05,1.31545439356395,4.38973610247418
"GO:0005669",219,9,463,0,219,308189,244,515186,1.4741641708152e-05,4.16533393849867e-05,1.26351181988707,4.38035017508946
"GO:0045703",44,1,69,0,44,308364,25,515405,1.47737106424969e-05,4.17289738707341e-05,1.70341226885973,4.3795622946019
"GO:0004738",23,0,30,0,23,308385,7,515423,1.48549306972105e-05,4.19282948900829e-05,2.04796611415182,4.37749279881478
"GO:0010240",23,0,30,0,23,308385,7,515423,1.48549306972105e-05,4.19282948900829e-05,2.04796611415182,4.37749279881478
"GO:0007188",48,0,77,0,48,308360,29,515401,1.48702150744562e-05,4.19563917799711e-05,1.66520113177787,4.37720186789096
"GO:0008106",56,0,94,0,56,308352,38,515392,1.53578876859516e-05,4.33168369271986e-05,1.59138902487283,4.36334326384767
"GO:0016864",61,0,104,0,61,308347,43,515387,1.55278419182953e-05,4.37805055805232e-05,1.5667968181011,4.35871922747426
"GO:0001188",33,0,48,0,33,308375,15,515415,1.55844969222575e-05,4.38460185032205e-05,1.8364913523644,4.35806983720301
"GO:0003837",33,2,48,0,33,308375,15,515415,1.55844969222575e-05,4.38460185032205e-05,1.8364913523644,4.35806983720301
"GO:0030896",33,0,48,0,33,308375,15,515415,1.55844969222575e-05,4.38460185032205e-05,1.8364913523644,4.35806983720301
"GO:0070860",33,0,48,0,33,308375,15,515415,1.55844969222575e-05,4.38460185032205e-05,1.8364913523644,4.35806983720301
"GO:1904812",33,0,48,0,33,308375,15,515415,1.55844969222575e-05,4.38460185032205e-05,1.8364913523644,4.35806983720301
"GO:1990883",33,0,48,0,33,308375,15,515415,1.55844969222575e-05,4.38460185032205e-05,1.8364913523644,4.35806983720301
"GO:0030176",65,1,113,0,65,308343,48,515382,1.56503603082949e-05,4.40155899774552e-05,1.53656557237247,4.35639347255958
"GO:0097602",68,0,119,0,68,308340,51,515379,1.58546230199909e-05,4.45741401476316e-05,1.52643437079638,4.35091702577999
"GO:0005049",135,1,268,0,135,308273,133,515297,1.637808905919e-05,4.60293884591017e-05,1.34559746306211,4.33696479505175
"GO:0010563",81,3,147,0,81,308327,66,515364,1.66967435216513e-05,4.68914609355829e-05,1.47191885755366,4.32890623630832
"GO:0045936",81,3,147,0,81,308327,66,515364,1.66967435216513e-05,4.68914609355829e-05,1.47191885755366,4.32890623630832
"GO:0000782",59,0,100,0,59,308349,41,515389,1.67800529258842e-05,4.70943108633117e-05,1.57604348784727,4.32703155380321
"GO:0009543",73,1,130,0,73,308335,57,515373,1.67869202594579e-05,4.70943108633117e-05,1.50001531437876,4.32703155380321
"GO:0043047",73,2,130,0,73,308335,57,515373,1.67869202594579e-05,4.70943108633117e-05,1.50001531437876,4.32703155380321
"GO:0008021",76,3,136,0,76,308332,60,515370,1.68901578607825e-05,4.73670547488705e-05,1.49276302438176,4.32452361856695
"GO:0002949",38,0,58,0,38,308370,20,515410,1.7014295149166e-05,4.76472897240251e-05,1.75013595961999,4.3219617978877
"GO:0004742",38,0,58,0,38,308370,20,515410,1.7014295149166e-05,4.76472897240251e-05,1.75013595961999,4.3219617978877
"GO:0018738",38,0,58,0,38,308370,20,515410,1.7014295149166e-05,4.76472897240251e-05,1.75013595961999,4.3219617978877
"GO:0048872",38,1,58,0,38,308370,20,515410,1.7014295149166e-05,4.76472897240251e-05,1.75013595961999,4.3219617978877
"GO:0051554",52,0,86,0,52,308356,34,515396,1.71420875277136e-05,4.79539847257147e-05,1.61518055514501,4.31917529939033
"GO:0051555",52,0,86,0,52,308356,34,515396,1.71420875277136e-05,4.79539847257147e-05,1.61518055514501,4.31917529939033
"GO:1990204",63,1,109,0,63,308345,46,515384,1.71374425185484e-05,4.79539847257147e-05,1.54393935211286,4.31917529939033
"GO:0006529",78,0,141,0,78,308330,63,515367,1.71736535634238e-05,4.80252223272726e-05,1.47771838023905,4.31853061594499
"GO:0009071",17,0,20,0,17,308391,3,515427,1.71968349850294e-05,4.80729705263323e-05,2.27057112655962,4.31809904110549
"GO:0004652",28,1,39,0,28,308380,11,515419,1.7210044915525e-05,4.80928198704341e-05,1.91782779920571,4.31791975779279
"GO:0016810",264,6,570,0,264,308144,306,515124,1.72895530267249e-05,4.82978571420789e-05,1.23721522685602,4.31607213740615
"GO:0031593",218,4,461,0,218,308190,243,515187,1.72961175410058e-05,4.8299055439091e-05,1.26319894242694,4.31606136244935
"GO:0051014",50,0,82,0,50,308358,32,515398,1.78765450929077e-05,4.99021854508402e-05,1.62881716395956,4.30188043416706
"GO:0003994",57,1,96,0,57,308351,39,515391,1.80327813515496e-05,5.03055070455573e-05,1.58606071340562,4.29838446924663
"GO:0004412",40,0,62,0,40,308368,22,515408,1.80401989824197e-05,5.03055070455573e-05,1.72339364444753,4.29838446924663
"GO:0016857",40,1,62,0,40,308368,22,515408,1.80401989824197e-05,5.03055070455573e-05,1.72339364444753,4.29838446924663
"GO:0000972",35,1,52,0,35,308373,17,515413,1.82307651342114e-05,5.07470237399265e-05,1.79796356175536,4.29458942358677
"GO:0010264",35,0,52,0,35,308373,17,515413,1.82307651342114e-05,5.07470237399265e-05,1.79796356175536,4.29458942358677
"GO:0042128",35,0,52,0,35,308373,17,515413,1.82307651342114e-05,5.07470237399265e-05,1.79796356175536,4.29458942358677
"GO:0071933",35,0,52,0,35,308373,17,515413,1.82307651342114e-05,5.07470237399265e-05,1.79796356175536,4.29458942358677
"GO:2000601",35,0,52,0,35,308373,17,515413,1.82307651342114e-05,5.07470237399265e-05,1.79796356175536,4.29458942358677
"GO:0004820",48,2,78,0,48,308360,30,515400,1.84472455691871e-05,5.12952020913603e-05,1.64385239931918,4.28992325482374
"GO:0006426",48,2,78,0,48,308360,30,515400,1.84472455691871e-05,5.12952020913603e-05,1.64385239931918,4.28992325482374
"GO:0008839",48,1,78,0,48,308360,30,515400,1.84472455691871e-05,5.12952020913603e-05,1.64385239931918,4.28992325482374
"GO:0045806",42,3,66,0,42,308366,24,515406,1.86525495422493e-05,5.18477648293032e-05,1.69989282202325,4.28526996142004
"GO:0030286",71,0,126,0,71,308337,55,515375,1.87149189879155e-05,5.19477582062309e-05,1.50523389342421,4.28443318958266
"GO:0030656",71,1,126,0,71,308337,55,515375,1.87149189879155e-05,5.19477582062309e-05,1.50523389342421,4.28443318958266
"GO:0048441",71,0,126,0,71,308337,55,515375,1.87149189879155e-05,5.19477582062309e-05,1.50523389342421,4.28443318958266
"GO:0048465",71,0,126,0,71,308337,55,515375,1.87149189879155e-05,5.19477582062309e-05,1.50523389342421,4.28443318958266
"GO:0004352",46,1,74,0,46,308362,28,515402,1.88032678648488e-05,5.21745945125448e-05,1.6605130655285,4.28254091747379
"GO:0008252",44,5,70,0,44,308364,26,515404,1.88900547066305e-05,5.23969382137404e-05,1.67907780787602,4.28069409003397
"GO:0006475",127,1,250,0,127,308281,123,515307,1.93491872577274e-05,5.36137986951181e-05,1.35700015563799,4.27072342064483
"GO:0018393",127,1,250,0,127,308281,123,515307,1.93491872577274e-05,5.36137986951181e-05,1.35700015563799,4.27072342064483
"GO:0018394",127,1,250,0,127,308281,123,515307,1.93491872577274e-05,5.36137986951181e-05,1.35700015563799,4.27072342064483
"GO:0016101",344,3,764,0,344,308064,420,515010,1.94264390105393e-05,5.38089119954137e-05,1.20276634976364,4.26914578920541
"GO:0006655",27,0,37,0,27,308381,10,515420,1.97570907191464e-05,5.47055287165391e-05,1.94929794648998,4.2619687802525
"GO:0046653",99,2,187,0,99,308309,88,515342,1.99435831621142e-05,5.52024917904933e-05,1.4141965494143,4.25804131816868
"GO:0004385",37,0,56,0,37,308371,19,515411,2.03471933889434e-05,5.62208165523911e-05,1.76493974123332,4.25010285098005
"GO:0004416",37,0,56,0,37,308371,19,515411,2.03471933889434e-05,5.62208165523911e-05,1.76493974123332,4.25010285098005
"GO:0005658",37,1,56,0,37,308371,19,515411,2.03471933889434e-05,5.62208165523911e-05,1.76493974123332,4.25010285098005
"GO:0051410",37,2,56,0,37,308371,19,515411,2.03471933889434e-05,5.62208165523911e-05,1.76493974123332,4.25010285098005
"GO:1990756",37,0,56,0,37,308371,19,515411,2.03471933889434e-05,5.62208165523911e-05,1.76493974123332,4.25010285098005
"GO:0015018",53,0,88,0,53,308355,35,515395,2.04146163811099e-05,5.6387319351613e-05,1.60882713512914,4.24881855124379
"GO:0008821",62,0,107,0,62,308346,45,515385,2.1058614398942e-05,5.81457076634413e-05,1.5478329834711,4.23548233952342
"GO:1903706",72,1,128,0,72,308336,56,515374,2.11805061728188e-05,5.84617617785518e-05,1.50258383375269,4.23312810106934
"GO:0045505",77,0,139,0,77,308331,62,515368,2.12132398126485e-05,5.85315891360564e-05,1.47976281629362,4.23260968460526
"GO:0008441",51,0,84,0,51,308357,33,515397,2.14614331969625e-05,5.91542024252412e-05,1.62183651897116,4.22801439684734
"GO:0019203",51,0,84,0,51,308357,33,515397,2.14614331969625e-05,5.91542024252412e-05,1.62183651897116,4.22801439684734
"GO:0051667",51,0,84,0,51,308357,33,515397,2.14614331969625e-05,5.91542024252412e-05,1.62183651897116,4.22801439684734
"GO:0080050",145,3,292,0,145,308263,147,515283,2.14809927930556e-05,5.91873907129624e-05,1.326481923252,4.22777080555848
"GO:0002263",39,9,175,0,39,308369,136,515294,2.15141823483785e-05,5.92166585477047e-05,0.59530940461059,4.22755610243871
"GO:0002366",39,9,175,0,39,308369,136,515294,2.15141823483785e-05,5.92166585477047e-05,0.59530940461059,4.22755610243871
"GO:0002443",39,9,175,0,39,308369,136,515294,2.15141823483785e-05,5.92166585477047e-05,0.59530940461059,4.22755610243871
"GO:0006101",74,1,133,0,74,308334,59,515371,2.164844874664e-05,5.95445802004019e-05,1.48626504524911,4.22515776224463
"GO:0072350",74,1,133,0,74,308334,59,515371,2.164844874664e-05,5.95445802004019e-05,1.48626504524911,4.22515776224463
"GO:0043068",88,1,163,0,88,308320,75,515355,2.16695935257191e-05,5.95819211437166e-05,1.44215271842112,4.22488549761873
"GO:0060548",222,7,472,0,222,308186,250,515180,2.18459139153334e-05,6.00457522142125e-05,1.25639778189491,4.22151771024573
"GO:0003984",39,0,60,0,39,308369,21,515409,2.18895566594688e-05,6.01447085596296e-05,1.73631909678089,4.22080257521425
"GO:0017004",128,4,253,0,128,308280,125,515305,2.19727754719368e-05,6.03522988538333e-05,1.35146758521103,4.21930618272455
"GO:0043543",142,2,285,0,142,308266,143,515287,2.20863524134546e-05,6.06430994763567e-05,1.33094365313299,4.21721860996376
"GO:0000494",30,0,43,0,30,308378,13,515417,2.23887808998528e-05,6.11960011262643e-05,1.86366987132117,4.21327695604951
"GO:0001504",30,1,43,0,30,308378,13,515417,2.23887808998528e-05,6.11960011262643e-05,1.86366987132117,4.21327695604951
"GO:0006114",30,0,43,0,30,308378,13,515417,2.23887808998528e-05,6.11960011262643e-05,1.86366987132117,4.21327695604951
"GO:0015808",30,1,43,0,30,308378,13,515417,2.23887808998528e-05,6.11960011262643e-05,1.86366987132117,4.21327695604951
"GO:0015813",30,1,43,0,30,308378,13,515417,2.23887808998528e-05,6.11960011262643e-05,1.86366987132117,4.21327695604951
"GO:0016139",30,0,43,0,30,308378,13,515417,2.23887808998528e-05,6.11960011262643e-05,1.86366987132117,4.21327695604951
"GO:0022858",30,1,43,0,30,308378,13,515417,2.23887808998528e-05,6.11960011262643e-05,1.86366987132117,4.21327695604951
"GO:0032328",30,1,43,0,30,308378,13,515417,2.23887808998528e-05,6.11960011262643e-05,1.86366987132117,4.21327695604951
"GO:0043136",30,0,43,0,30,308378,13,515417,2.23887808998528e-05,6.11960011262643e-05,1.86366987132117,4.21327695604951
"GO:0051938",30,1,43,0,30,308378,13,515417,2.23887808998528e-05,6.11960011262643e-05,1.86366987132117,4.21327695604951
"GO:0089718",30,1,43,0,30,308378,13,515417,2.23887808998528e-05,6.11960011262643e-05,1.86366987132117,4.21327695604951
"GO:0098712",30,1,43,0,30,308378,13,515417,2.23887808998528e-05,6.11960011262643e-05,1.86366987132117,4.21327695604951
"GO:1990259",30,0,43,0,30,308378,13,515417,2.23887808998528e-05,6.11960011262643e-05,1.86366987132117,4.21327695604951
"GO:0010345",146,7,294,0,146,308262,148,515282,2.24215713686124e-05,6.12643560616858e-05,1.32654415557305,4.21279212691739
"GO:0001654",85,0,157,0,85,308323,72,515358,2.26541575586962e-05,6.18783928875978e-05,1.44622364749021,4.20846097437008
"GO:0006898",132,9,262,0,132,308276,130,515300,2.27248735689653e-05,6.20500189853955e-05,1.3458257238701,4.20725808128449
"GO:0006567",41,0,64,0,41,308367,23,515407,2.28696214324805e-05,6.24235991388648e-05,1.71127603288501,4.20465119496119
"GO:0005457",47,0,76,0,47,308361,29,515401,2.29966337227021e-05,6.2705057383135e-05,1.65196351313161,4.2026974303812
"GO:0015783",47,0,76,0,47,308361,29,515401,2.29966337227021e-05,6.2705057383135e-05,1.65196351313161,4.2026974303812
"GO:0036080",47,0,76,0,47,308361,29,515401,2.29966337227021e-05,6.2705057383135e-05,1.65196351313161,4.2026974303812
"GO:0004802",25,0,34,0,25,308383,9,515421,2.32180580834132e-05,6.32649890040253e-05,1.96416187418652,4.19883656310818
"GO:0008240",25,0,34,0,25,308383,9,515421,2.32180580834132e-05,6.32649890040253e-05,1.96416187418652,4.19883656310818
"GO:0004605",43,1,68,0,43,308365,25,515405,2.33348407393633e-05,6.35425763025483e-05,1.68917921180041,4.19693518089543
"GO:0035964",45,0,72,0,45,308363,27,515403,2.33522196701311e-05,6.35425763025483e-05,1.66953759305855,4.19693518089543
"GO:1902003",45,0,72,0,45,308363,27,515403,2.33522196701311e-05,6.35425763025483e-05,1.66953759305855,4.19693518089543
"GO:1902991",45,0,72,0,45,308363,27,515403,2.33522196701311e-05,6.35425763025483e-05,1.66953759305855,4.19693518089543
"GO:0052325",55,0,93,0,55,308353,38,515392,2.35963500498205e-05,6.41846812688968e-05,1.57977750741024,4.1925686110936
"GO:0048749",75,0,135,0,75,308333,60,515370,2.38672042064493e-05,6.48990091582623e-05,1.48403341605204,4.18776193371402
"GO:0006360",94,0,177,0,94,308314,83,515347,2.42000937770908e-05,6.57814703775065e-05,1.41863533331076,4.18189642319601
"GO:0004072",33,0,49,0,33,308375,16,515414,2.43143541680136e-05,6.60692426684858e-05,1.79901193701003,4.18000067134792
"GO:2000024",143,3,288,0,143,308265,145,515285,2.47237422442631e-05,6.71584882494269e-05,1.32635486559651,4.17289908847683
"GO:0031348",267,13,580,0,267,308141,313,515117,2.49219683441454e-05,6.76735891014531e-05,1.22970079268036,4.16958078988831
"GO:0006559",58,2,99,0,58,308350,41,515389,2.49593065233893e-05,6.77516072248692e-05,1.56498069329124,4.16908039786149
"GO:0034975",92,0,172,0,92,308316,80,515350,2.52543107509516e-05,6.85287605072357e-05,1.4288135680129,4.16412712327871
"GO:0009538",65,3,114,0,65,308343,49,515381,2.55857748507655e-05,6.94042796778862e-05,1.52308692700078,4.15861374880762
"GO:0017108",95,1,179,0,95,308313,84,515346,2.61359492529405e-05,7.08722674885111e-05,1.41770790025083,4.14952367219129
"GO:2000032",137,1,274,0,137,308271,137,515293,2.62057887268991e-05,7.10371793588671e-05,1.33563007444684,4.14851429122156
"GO:0019750",51,0,85,0,51,308357,34,515396,2.67383825532358e-05,7.2431021149027e-05,1.6027560893362,4.14007539197364
"GO:0051644",51,0,85,0,51,308357,34,515396,2.67383825532358e-05,7.2431021149027e-05,1.6027560893362,4.14007539197364
"GO:0000910",127,4,251,0,127,308281,124,515306,2.68245078218102e-05,7.26393276825904e-05,1.35159378051592,4.13882818410553
"GO:0010048",56,3,95,0,56,308352,39,515391,2.69735760661249e-05,7.30178785393862e-05,1.57463756145311,4.13657078918994
"GO:0004482",35,1,53,0,35,308373,18,515412,2.70018923927102e-05,7.3069404233556e-05,1.76403972096752,4.13626443363102
"GO:0005868",70,0,125,0,70,308338,55,515375,2.71222400150533e-05,7.33698534015462e-05,1.49590568338046,4.13448234867721
"GO:0004105",29,0,41,0,29,308379,12,515418,2.72000958932625e-05,7.35299295576106e-05,1.88942791019309,4.13353585008641
"GO:0043111",29,0,41,0,29,308379,12,515418,2.72000958932625e-05,7.35299295576106e-05,1.88942791019309,4.13353585008641
"GO:0043112",101,4,193,0,101,308307,92,515338,2.77673790760664e-05,7.50376958760022e-05,1.39791334216716,4.12472050996616
"GO:0005688",22,3,115,0,22,308386,93,515337,2.8014376351844e-05,7.56791937686054e-05,0.51102368065792,4.12102350324092
"GO:0030048",84,1,155,0,84,308324,71,515359,2.80509809367014e-05,7.5752082996128e-05,1.44765066133593,4.12060542063046
"GO:0098797",49,0,81,0,49,308359,32,515398,2.81272540378598e-05,7.59320109005597e-05,1.61594749747889,4.1195750985884
"GO:0002064",63,1,110,0,63,308345,47,515383,2.82449829897739e-05,7.61453787998287e-05,1.52990353982092,4.11835644850172
"GO:0002065",63,1,110,0,63,308345,47,515383,2.82449829897739e-05,7.61453787998287e-05,1.52990353982092,4.11835644850172
"GO:0002066",63,1,110,0,63,308345,47,515383,2.82449829897739e-05,7.61453787998287e-05,1.52990353982092,4.11835644850172
"GO:0030707",63,1,110,0,63,308345,47,515383,2.82449829897739e-05,7.61453787998287e-05,1.52990353982092,4.11835644850172
"GO:0071004",145,4,293,0,145,308263,148,515282,2.86759419566268e-05,7.72807309423369e-05,1.32195468119311,4.11192877889688
"GO:0004824",30,1,143,0,30,308378,113,515317,2.87556840005301e-05,7.74691117221674e-05,0.560404227040631,4.11087142372055
"GO:0008898",37,0,57,0,37,308371,20,515410,2.8946039190062e-05,7.79019557279206e-05,1.73397588612396,4.10845163923139
"GO:0033528",37,0,57,0,37,308371,20,515410,2.8946039190062e-05,7.79019557279206e-05,1.73397588612396,4.10845163923139
"GO:0097196",37,2,57,0,37,308371,20,515410,2.8946039190062e-05,7.79019557279206e-05,1.73397588612396,4.10845163923139
"GO:0016051",197,7,414,0,197,308211,217,515213,2.92319927891517e-05,7.86446504566651e-05,1.27110688244457,4.10433081348781
"GO:0005094",66,1,116,0,66,308342,50,515380,2.93124290174747e-05,7.88341104289582e-05,1.51985491230157,4.10328582863088
"GO:0042446",312,3,690,0,312,308096,378,515052,2.94688606142622e-05,7.92277564055574e-05,1.20787415428236,4.1011226423756
"GO:0071421",71,0,127,0,71,308337,56,515374,3.0083395786167e-05,8.08523358240719e-05,1.49338165804292,4.09230742880827
"GO:0004174",39,0,61,0,39,308369,22,515408,3.01638852250131e-05,8.10314644085216e-05,1.70785484929268,4.09134631240976
"GO:0030667",45,0,73,0,45,308363,28,515402,3.01912201613559e-05,8.10314644085216e-05,1.64666721507144,4.09134631240976
"GO:0042588",45,0,73,0,45,308363,28,515402,3.01912201613559e-05,8.10314644085216e-05,1.64666721507144,4.09134631240976
"GO:0042589",45,0,73,0,45,308363,28,515402,3.01912201613559e-05,8.10314644085216e-05,1.64666721507144,4.09134631240976
"GO:0006188",68,1,121,0,68,308340,53,515377,3.02758467103177e-05,8.12309016031427e-05,1.50120405061793,4.09027872639022
"GO:0004792",41,1,65,0,41,308367,24,515406,3.07176359776235e-05,8.23600921034919e-05,1.68494870930216,4.08428317638116
"GO:0140492",41,0,65,0,41,308367,24,515406,3.07176359776235e-05,8.23600921034919e-05,1.68494870930216,4.08428317638116
"GO:0004363",34,0,51,0,34,308374,17,515413,3.08741196965443e-05,8.25266792024437e-05,1.78084009926245,4.08340563014899
"GO:0006104",34,0,51,0,34,308374,17,515413,3.08741196965443e-05,8.25266792024437e-05,1.78084009926245,4.08340563014899
"GO:0009606",111,4,216,0,111,308297,105,515325,3.08288269417827e-05,8.25266792024437e-05,1.37273090984814,4.08340563014899
"GO:0009718",111,4,216,0,111,308297,105,515325,3.08288269417827e-05,8.25266792024437e-05,1.37273090984814,4.08340563014899
"GO:0010272",34,0,51,0,34,308374,17,515413,3.08741196965443e-05,8.25266792024437e-05,1.78084009926245,4.08340563014899
"GO:0015101",34,0,51,0,34,308374,17,515413,3.08741196965443e-05,8.25266792024437e-05,1.78084009926245,4.08340563014899
"GO:0015695",34,0,51,0,34,308374,17,515413,3.08741196965443e-05,8.25266792024437e-05,1.78084009926245,4.08340563014899
"GO:0042709",34,0,51,0,34,308374,17,515413,3.08741196965443e-05,8.25266792024437e-05,1.78084009926245,4.08340563014899
"GO:0071217",34,0,51,0,34,308374,17,515413,3.08741196965443e-05,8.25266792024437e-05,1.78084009926245,4.08340563014899
"GO:1903047",277,16,606,0,277,308131,329,515101,3.13676681662816e-05,8.38174758333226e-05,1.22102155320717,4.07666542210115
"GO:0004657",27,0,38,0,27,308381,11,515419,3.19521139203051e-05,8.52923163040493e-05,1.89800063210866,4.06909009118953
"GO:0035563",27,0,38,0,27,308381,11,515419,3.19521139203051e-05,8.52923163040493e-05,1.89800063210866,4.06909009118953
"GO:0110102",27,0,38,0,27,308381,11,515419,3.19521139203051e-05,8.52923163040493e-05,1.89800063210866,4.06909009118953
"GO:0010720",112,0,218,0,112,308296,106,515324,3.25367199982861e-05,8.68234101106807e-05,1.37239053521143,4.06136316064006
"GO:0002275",38,9,170,0,38,308370,132,515298,3.28008045921316e-05,8.73504512006968e-05,0.597105209752703,4.05873484736718
"GO:0002283",38,9,170,0,38,308370,132,515298,3.28008045921316e-05,8.73504512006968e-05,0.597105209752703,4.05873484736718
"GO:0006661",50,0,83,0,50,308358,33,515397,3.27568518561997e-05,8.73504512006968e-05,1.60919286077932,4.05873484736718
"GO:0019904",254,6,550,0,254,308154,296,515134,3.27636276532726e-05,8.73504512006968e-05,1.23363650512544,4.05873484736718
"GO:0036230",38,9,170,0,38,308370,132,515298,3.28008045921316e-05,8.73504512006968e-05,0.597105209752703,4.05873484736718
"GO:0042119",38,9,170,0,38,308370,132,515298,3.28008045921316e-05,8.73504512006968e-05,0.597105209752703,4.05873484736718
"GO:0005686",136,5,273,0,136,308272,137,515293,3.3728700158932e-05,8.97607598550078e-05,1.33073765659172,4.04691347962356
"GO:0098869",136,1,273,0,136,308272,137,515293,3.3728700158932e-05,8.97607598550078e-05,1.33073765659172,4.04691347962356
"GO:0004020",74,1,134,0,74,308334,60,515370,3.37874878638838e-05,8.97680208191064e-05,1.47517351506069,4.04687834991755
"GO:0006362",97,0,184,0,97,308311,87,515343,3.38112527602452e-05,8.97680208191064e-05,1.40821866544938,4.04687834991755
"GO:0034635",36,0,55,0,36,308372,19,515411,3.3768045258118e-05,8.97680208191064e-05,1.74846118836677,4.04687834991755
"GO:0043523",97,2,184,0,97,308311,87,515343,3.38112527602452e-05,8.97680208191064e-05,1.40821866544938,4.04687834991755
"GO:0043524",97,2,184,0,97,308311,87,515343,3.38112527602452e-05,8.97680208191064e-05,1.40821866544938,4.04687834991755
"GO:1901214",97,2,184,0,97,308311,87,515343,3.38112527602452e-05,8.97680208191064e-05,1.40821866544938,4.04687834991755
"GO:1901215",97,2,184,0,97,308311,87,515343,3.38112527602452e-05,8.97680208191064e-05,1.40821866544938,4.04687834991755
"GO:0009881",31,0,45,0,31,308377,14,515416,3.3985159298885e-05,9.01689160771226e-05,1.84020143590453,4.04494315095881
"GO:0071219",31,0,45,0,31,308377,14,515416,3.3985159298885e-05,9.01689160771226e-05,1.84020143590453,4.04494315095881
"GO:0000815",59,2,102,0,59,308349,43,515387,3.40764807314232e-05,9.03198842820752e-05,1.54514067436007,4.04421662750125
"GO:0048354",59,1,102,0,59,308349,43,515387,3.40764807314232e-05,9.03198842820752e-05,1.54514067436007,4.04421662750125
"GO:1990316",59,1,102,0,59,308349,43,515387,3.40764807314232e-05,9.03198842820752e-05,1.54514067436007,4.04421662750125
"GO:0004148",48,1,79,0,48,308360,31,515399,3.43812457211747e-05,9.10357101638369e-05,1.62304414109995,4.04078821553676
"GO:0010190",48,0,79,0,48,308360,31,515399,3.43812457211747e-05,9.10357101638369e-05,1.62304414109995,4.04078821553676
"GO:0072344",48,2,79,0,48,308360,31,515399,3.43812457211747e-05,9.10357101638369e-05,1.62304414109995,4.04078821553676
"GO:0005464",26,0,36,0,26,308382,10,515420,3.54340691904916e-05,9.36030176736746e-05,1.92924344086765,4.02871014978861
"GO:0010309",26,0,36,0,26,308382,10,515420,3.54340691904916e-05,9.36030176736746e-05,1.92924344086765,4.02871014978861
"GO:0015790",26,0,36,0,26,308382,10,515420,3.54340691904916e-05,9.36030176736746e-05,1.92924344086765,4.02871014978861
"GO:0034196",26,0,36,0,26,308382,10,515420,3.54340691904916e-05,9.36030176736746e-05,1.92924344086765,4.02871014978861
"GO:0071165",26,0,36,0,26,308382,10,515420,3.54340691904916e-05,9.36030176736746e-05,1.92924344086765,4.02871014978861
"GO:0071586",94,0,178,0,94,308314,84,515346,3.54069965497784e-05,9.36030176736746e-05,1.41066547188767,4.02871014978861
"GO:1990052",26,0,36,0,26,308382,10,515420,3.54340691904916e-05,9.36030176736746e-05,1.92924344086765,4.02871014978861
"GO:0002953",46,1,75,0,46,308362,29,515401,3.57087575558545e-05,9.42969941226724e-05,1.63837289132145,4.02550215091848
"GO:0004823",44,0,71,0,44,308364,27,515403,3.66297353510473e-05,9.66317951352025e-05,1.6554288246665,4.0148799524686
"GO:0006429",44,0,71,0,44,308364,27,515403,3.66297353510473e-05,9.66317951352025e-05,1.6554288246665,4.0148799524686
"GO:0035097",44,1,71,0,44,308364,27,515403,3.66297353510473e-05,9.66317951352025e-05,1.6554288246665,4.0148799524686
"GO:0016878",42,1,67,0,42,308366,25,515405,3.70220783422165e-05,9.76341040904282e-05,1.67452128736618,4.01039845455498
"GO:0007476",64,0,113,0,64,308344,49,515381,3.74826637301786e-05,9.87164700180549e-05,1.51292610202828,4.00561038288022
"GO:0035114",64,0,113,0,64,308344,49,515381,3.74826637301786e-05,9.87164700180549e-05,1.51292610202828,4.00561038288022
"GO:0035120",64,0,113,0,64,308344,49,515381,3.74826637301786e-05,9.87164700180549e-05,1.51292610202828,4.00561038288022
"GO:0048737",64,0,113,0,64,308344,49,515381,3.74826637301786e-05,9.87164700180549e-05,1.51292610202828,4.00561038288022
"GO:0005662",67,2,119,0,67,308341,52,515378,3.7662181227224e-05,9.91229323372476e-05,1.50398680651997,4.00382585878041
"GO:0051156",67,0,119,0,67,308341,52,515378,3.7662181227224e-05,9.91229323372476e-05,1.50398680651997,4.00382585878041
"GO:0016638",83,1,154,0,83,308325,71,515359,3.87545789796837e-05,0.000101963919026761,1.43970514518295,3.99155348058814
"GO:0006430",30,1,142,0,30,308378,112,515318,3.9072528468243e-05,0.000102766102272639,0.564350735681762,3.98815011514286
"GO:0017070",89,1,167,0,89,308319,78,515352,3.91537520605205e-05,0.000102945336078964,1.42360570809304,3.9873933242383
"GO:0004107",16,0,19,0,16,308392,3,515427,3.92820903209744e-05,0.000103248285478034,2.2494822306473,3.98611715142567
"GO:0001129",5,3,49,0,5,308403,44,515386,3.96244706510313e-05,0.000104049223318931,0.27257756621364,3.98276115725496
"GO:0001132",5,3,49,0,5,308403,44,515386,3.96244706510313e-05,0.000104049223318931,0.27257756621364,3.98276115725496
"GO:0042753",60,0,104,0,60,308348,44,515386,3.96264699580991e-05,0.000104049223318931,1.54111162436173,3.98276115725496
"GO:0004042",29,0,42,0,29,308379,13,515417,4.01107565135929e-05,0.000105145479612056,1.84444153137897,3.97820939365517
"GO:0017017",29,0,42,0,29,308379,13,515417,4.01107565135929e-05,0.000105145479612056,1.84444153137897,3.97820939365517
"GO:0030604",29,0,42,0,29,308379,13,515417,4.01107565135929e-05,0.000105145479612056,1.84444153137897,3.97820939365517
"GO:0033550",29,0,42,0,29,308379,13,515417,4.01107565135929e-05,0.000105145479612056,1.84444153137897,3.97820939365517
"GO:0051484",29,0,42,0,29,308379,13,515417,4.01107565135929e-05,0.000105145479612056,1.84444153137897,3.97820939365517
"GO:0005351",55,0,94,0,55,308353,39,515391,4.04402057000048e-05,0.000105973801355006,1.56297136371438,3.97480148693573
"GO:0009395",169,3,350,0,169,308239,181,515249,4.06484080674237e-05,0.00010648394951972,1.28983704332295,3.97271584912983
"GO:0008180",107,3,208,0,107,308301,101,515329,4.07571085378111e-05,0.000106697691522996,1.37415786505588,3.97184497672989
"GO:0045202",107,8,208,0,107,308301,101,515329,4.07571085378111e-05,0.000106697691522996,1.37415786505588,3.97184497672989
"GO:0051777",95,2,181,0,95,308313,86,515344,4.18748556801608e-05,0.000109587388269357,1.40204261958508,3.96023942322557
"GO:0002229",65,0,115,0,65,308343,50,515380,4.20125219943827e-05,0.00010991112434024,1.50984269285295,3.95895834947749
"GO:0045261",190,7,400,0,190,308218,210,515220,4.23876471417249e-05,0.000110855667209189,1.26884857072449,3.95524209980014
"GO:0030307",70,0,126,0,70,308338,56,515374,4.2807860506493e-05,0.000111917461941917,1.48403341605204,3.95110214731107
"GO:0045931",114,3,224,0,114,308294,110,515320,4.28363040870423e-05,0.000111954643350995,1.35948061149053,3.950957889223
"GO:0032981",108,1,210,0,108,308300,102,515328,4.31030218185735e-05,0.000112614333805447,1.37379093371675,3.94840632798892
"GO:0010389",89,3,168,0,89,308319,79,515351,4.34686057676516e-05,0.000113531806437609,1.41513186459248,3.944882451905
"GO:0004325",58,0,100,0,58,308350,42,515388,4.35186681784011e-05,0.000113624860995149,1.54933088635833,3.94452663507098
"GO:0009861",236,15,509,0,236,308172,273,515157,4.35343363568836e-05,0.000113628082162264,1.23854105135345,3.94451432337034
"GO:0002444",38,9,169,0,38,308370,131,515299,4.37979903336518e-05,0.000114051531560207,0.600638376674317,3.94289887835155
"GO:0002446",38,9,169,0,38,308370,131,515299,4.37979903336518e-05,0.000114051531560207,0.600638376674317,3.94289887835155
"GO:0006901",38,9,169,0,38,308370,131,515299,4.37979903336518e-05,0.000114051531560207,0.600638376674317,3.94289887835155
"GO:0043299",38,9,169,0,38,308370,131,515299,4.37979903336518e-05,0.000114051531560207,0.600638376674317,3.94289887835155
"GO:0043312",38,9,169,0,38,308370,131,515299,4.37979903336518e-05,0.000114051531560207,0.600638376674317,3.94289887835155
"GO:0048207",38,9,169,0,38,308370,131,515299,4.37979903336518e-05,0.000114051531560207,0.600638376674317,3.94289887835155
"GO:0048208",38,9,169,0,38,308370,131,515299,4.37979903336518e-05,0.000114051531560207,0.600638376674317,3.94289887835155
"GO:0006473",128,1,256,0,128,308280,128,515302,4.40339670177688e-05,0.000114628104617684,1.33563007444684,3.94070888861685
"GO:0052906",24,0,33,0,24,308384,9,515421,4.49541533651111e-05,0.000116868921826339,1.94273465374085,3.93230096252305
"GO:0061522",24,0,33,0,24,308384,9,515421,4.49541533651111e-05,0.000116868921826339,1.94273465374085,3.93230096252305
"GO:0070481",24,0,33,0,24,308384,9,515421,4.49541533651111e-05,0.000116868921826339,1.94273465374085,3.93230096252305
"GO:0070966",24,0,33,0,24,308384,9,515421,4.49541533651111e-05,0.000116868921826339,1.94273465374085,3.93230096252305
"GO:0004372",99,2,190,0,99,308309,91,515339,4.57990803657014e-05,0.000118986917702575,1.39186713021302,3.92450078551426
"GO:0043254",99,9,190,0,99,308309,91,515339,4.57990803657014e-05,0.000118986917702575,1.39186713021302,3.92450078551426
"GO:0004128",60,1,105,0,60,308348,45,515385,4.5925741803692e-05,0.000119276621405036,1.52643437079638,3.9234446710803
"GO:0042148",63,2,111,0,63,308345,48,515382,4.67559234276103e-05,0.000121352663772551,1.51612062504776,3.91595068617158
"GO:0050776",262,10,572,0,262,308146,310,515120,4.67518546943003e-05,0.000121352663772551,1.22354922903871,3.91595068617158
"GO:0048029",31,0,46,0,31,308377,15,515415,4.70544494374204e-05,0.000122087220161956,1.80019705686313,3.91332979472526
"GO:0019897",140,7,284,0,140,308268,144,515286,4.8622162169789e-05,0.000126113232487835,1.31681838325744,3.89923934249159
"GO:0051960",167,0,347,0,167,308241,180,515250,4.90164209509467e-05,0.000127093961042771,1.28559206013038,3.89587508475763
"GO:0004826",49,0,82,0,49,308359,33,515397,5.01233616487672e-05,0.00012966516690736,1.59624082068037,3.887176676589
"GO:0006432",49,0,82,0,49,308359,33,515397,5.01233616487672e-05,0.00012966516690736,1.59624082068037,3.887176676589
"GO:0006595",49,2,82,0,49,308359,33,515397,5.01233616487672e-05,0.00012966516690736,1.59624082068037,3.887176676589
"GO:0016166",19,1,24,0,19,308389,5,515425,5.00748502493155e-05,0.00012966516690736,2.11474761787416,3.887176676589
"GO:0019321",19,0,24,0,19,308389,5,515425,5.00748502493155e-05,0.00012966516690736,2.11474761787416,3.887176676589
"GO:0061574",19,0,24,0,19,308389,5,515425,5.00748502493155e-05,0.00012966516690736,2.11474761787416,3.887176676589
"GO:0071014",160,1,330,0,160,308248,170,515260,5.00306041166355e-05,0.00012966516690736,1.29515643582724,3.887176676589
"GO:0044089",79,2,146,0,79,308329,67,515363,5.02095509935159e-05,0.000129845461702023,1.44540788878493,3.88657322502746
"GO:0080092",119,2,236,0,119,308289,117,515313,5.05442470787818e-05,0.000130668083088397,1.34694897338283,3.88383047998894
"GO:0034515",58,1,101,0,58,308350,43,515387,5.0596570496137e-05,0.000130760408058303,1.53399097659241,3.8835237328057
"GO:0019789",54,0,92,0,54,308354,38,515392,5.18042806559496e-05,0.000133618380512331,1.56791356565498,3.87413379630646
"GO:0047769",54,0,92,0,54,308354,38,515392,5.18042806559496e-05,0.000133618380512331,1.56791356565498,3.87413379630646
"GO:0048808",54,0,92,0,54,308354,38,515392,5.18042806559496e-05,0.000133618380512331,1.56791356565498,3.87413379630646
"GO:0051315",54,2,92,0,54,308354,38,515392,5.18042806559496e-05,0.000133618380512331,1.56791356565498,3.87413379630646
"GO:0090597",54,0,92,0,54,308354,38,515392,5.18042806559496e-05,0.000133618380512331,1.56791356565498,3.87413379630646
"GO:0090598",54,0,92,0,54,308354,38,515392,5.18042806559496e-05,0.000133618380512331,1.56791356565498,3.87413379630646
"GO:0016818",1040,37,2514,0,1040,307368,1474,513956,5.18988075355318e-05,0.000133818346845629,1.10505590885021,3.87348433957582
"GO:0016835",113,1,222,0,113,308295,109,515321,5.20397850708761e-05,0.000134137913581512,1.35969548119363,3.87244845308023
"GO:0010236",33,0,50,0,33,308375,17,515413,5.24533999215782e-05,0.000135159791876486,1.76303169826982,3.86915248563762
"GO:0004818",47,2,78,0,47,308361,31,515399,5.30438106161823e-05,0.000136591716444418,1.60960547433337,3.86457563748876
"GO:0006424",47,2,78,0,47,308361,31,515399,5.30438106161823e-05,0.000136591716444418,1.60960547433337,3.86457563748876
"GO:0071478",120,1,238,0,120,308288,118,515312,5.31910972667984e-05,0.000136926199373524,1.34685385658505,3.86351344627997
"GO:0006353",165,3,342,0,165,308243,177,515253,5.36392817612215e-05,0.000138034791116161,1.28876586130835,3.86001143761723
"GO:0043631",173,4,361,0,173,308235,188,515242,5.36677212392513e-05,0.000138062843658623,1.28013297994074,3.85992318576062
"GO:0006915",145,1,296,0,145,308263,151,515279,5.37295817254943e-05,0.000138176826966054,1.3085564918567,3.85956478449158
"GO:0031062",117,0,231,0,117,308291,114,515316,5.45884854269625e-05,0.00014033982928839,1.35297591956952,3.85281905608963
"GO:0005750",69,0,124,0,69,308339,55,515375,5.46410995193964e-05,0.000140429231281975,1.486427018336,3.8525424815004
"GO:0006760",63,0,112,0,63,308345,49,515381,5.49270472104191e-05,0.000141072011628195,1.50258383375269,3.85055914075404
"GO:0030863",63,4,112,0,63,308345,49,515381,5.49270472104191e-05,0.000141072011628195,1.50258383375269,3.85055914075404
"GO:1901653",91,2,173,0,91,308317,82,515348,5.50471603763451e-05,0.000141334392199148,1.40511371993829,3.84975214441567
"GO:0009501",45,0,74,0,45,308363,29,515401,5.55980844542871e-05,0.000142516483498583,1.62441495540831,3.84613490212233
"GO:0032301",45,3,74,0,45,308363,29,515401,5.55980844542871e-05,0.000142516483498583,1.62441495540831,3.84613490212233
"GO:0036374",45,1,74,0,45,308363,29,515401,5.55980844542871e-05,0.000142516483498583,1.62441495540831,3.84613490212233
"GO:0043455",56,1,97,0,56,308352,41,515389,5.55368865952541e-05,0.000142516483498583,1.54217080760872,3.84613490212233
"GO:0047268",45,1,74,0,45,308363,29,515401,5.55980844542871e-05,0.000142516483498583,1.62441495540831,3.84613490212233
"GO:0072657",195,5,413,0,195,308213,218,515212,5.57978670002964e-05,0.000142982034188259,1.26124873858176,3.84471852857042
"GO:0044843",52,1,88,0,52,308356,36,515394,5.60794507789933e-05,0.000143656829330373,1.57847190616444,3.84267372317015
"GO:1900376",35,0,54,0,35,308373,19,515411,5.62203015272929e-05,0.000143970791679522,1.73137231872738,3.84172560720384
"GO:0032511",107,3,209,0,107,308301,102,515328,5.69508045081667e-05,0.000145794059540907,1.36758294704126,3.83626017122493
"GO:0008330",30,0,44,0,30,308378,14,515416,5.70870218492692e-05,0.000146047785504533,1.82131373788205,3.83550502376714
"GO:0035335",30,0,44,0,30,308378,14,515416,5.70870218492692e-05,0.000146047785504533,1.82131373788205,3.83550502376714
"GO:0032366",43,0,70,0,43,308365,27,515403,5.76180663730051e-05,0.000147358485538758,1.64091694860611,3.83162485053987
"GO:0005766",38,9,167,0,38,308370,129,515301,5.78738366215202e-05,0.000147820519754902,0.607831650646465,3.83026527502265
"GO:0031404",38,9,167,0,38,308370,129,515301,5.78738366215202e-05,0.000147820519754902,0.607831650646465,3.83026527502265
"GO:0035578",38,9,167,0,38,308370,129,515301,5.78738366215202e-05,0.000147820519754902,0.607831650646465,3.83026527502265
"GO:0042582",38,9,167,0,38,308370,129,515301,5.78738366215202e-05,0.000147820519754902,0.607831650646465,3.83026527502265
"GO:0016560",37,0,58,0,37,308371,21,515409,5.84307805739854e-05,0.000149194649587549,1.70407975015631,3.82624675123512
"GO:0007095",83,0,155,0,83,308325,72,515358,5.85248673021702e-05,0.000149313778602281,1.43041672489145,3.82590011394389
"GO:0009510",17,0,21,0,17,308391,4,515426,5.85343395282824e-05,0.000149313778602281,2.16244869196155,3.82590011394389
"GO:0009511",17,0,21,0,17,308391,4,515426,5.85343395282824e-05,0.000149313778602281,2.16244869196155,3.82590011394389
"GO:0033116",38,9,168,0,38,308370,130,515300,5.86035541918291e-05,0.00014944191078655,0.604213605106902,3.82552758812449
"GO:0002188",41,0,66,0,41,308367,25,515405,5.89091484805055e-05,0.000150123929051,1.65941918340365,3.82355007773325
"GO:0017040",41,0,66,0,41,308367,25,515405,5.89091484805055e-05,0.000150123929051,1.65941918340365,3.82355007773325
"GO:0003879",26,0,37,0,26,308382,11,515419,5.92750936698647e-05,0.000150763663124128,1.87710172624961,3.82170331898531
"GO:0006168",39,1,62,0,39,308369,23,515407,5.92553598389042e-05,0.000150763663124128,1.68030880333634,3.82170331898531
"GO:0008531",26,0,37,0,26,308382,11,515419,5.92750936698647e-05,0.000150763663124128,1.87710172624961,3.82170331898531
"GO:0008922",39,0,62,0,39,308369,23,515407,5.92553598389042e-05,0.000150763663124128,1.68030880333634,3.82170331898531
"GO:0016035",26,0,37,0,26,308382,11,515419,5.92750936698647e-05,0.000150763663124128,1.87710172624961,3.82170331898531
"GO:0098739",39,1,62,0,39,308369,23,515407,5.92553598389042e-05,0.000150763663124128,1.68030880333634,3.82170331898531
"GO:0055081",74,0,136,0,74,308334,62,515368,5.9918539545981e-05,0.000152351015279704,1.45347978689803,3.8171546472575
"GO:1904062",111,2,218,0,111,308297,107,515323,5.99685420927834e-05,0.00015242891939115,1.3601370482899,3.81693262918736
"GO:0007472",64,0,114,0,64,308344,50,515380,6.03323414967059e-05,0.000153106444958758,1.49965482043154,3.81500652745254
"GO:0007552",64,0,114,0,64,308344,50,515380,6.03323414967059e-05,0.000153106444958758,1.49965482043154,3.81500652745254
"GO:0007560",64,0,114,0,64,308344,50,515380,6.03323414967059e-05,0.000153106444958758,1.49965482043154,3.81500652745254
"GO:0048563",64,0,114,0,64,308344,50,515380,6.03323414967059e-05,0.000153106444958758,1.49965482043154,3.81500652745254
"GO:0048707",64,0,114,0,64,308344,50,515380,6.03323414967059e-05,0.000153106444958758,1.49965482043154,3.81500652745254
"GO:0004664",54,0,93,0,54,308354,39,515391,6.07041610461715e-05,0.000153950758941837,1.55105428000278,3.81261816578359
"GO:0035112",54,0,93,0,54,308354,39,515391,6.07041610461715e-05,0.000153950758941837,1.55105428000278,3.81261816578359
"GO:0033218",101,6,196,0,101,308307,95,515335,6.19869926455182e-05,0.00015715349633028,1.37651670937888,3.80367595241251
"GO:0004813",57,2,99,0,57,308351,42,515388,6.33540658409115e-05,0.000160412739240803,1.53799826754484,3.79476114501512
"GO:0004828",57,0,99,0,57,308351,42,515388,6.33540658409115e-05,0.000160412739240803,1.53799826754484,3.79476114501512
"GO:0006419",57,2,99,0,57,308351,42,515388,6.33540658409115e-05,0.000160412739240803,1.53799826754484,3.79476114501512
"GO:0006434",57,0,99,0,57,308351,42,515388,6.33540658409115e-05,0.000160412739240803,1.53799826754484,3.79476114501512
"GO:0000026",25,0,35,0,25,308383,10,515420,6.40310422123184e-05,0.000161814563176684,1.90804296349548,3.79098239482106
"GO:0031213",25,0,35,0,25,308383,10,515420,6.40310422123184e-05,0.000161814563176684,1.90804296349548,3.79098239482106
"GO:0031591",25,0,35,0,25,308383,10,515420,6.40310422123184e-05,0.000161814563176684,1.90804296349548,3.79098239482106
"GO:0045038",25,0,35,0,25,308383,10,515420,6.40310422123184e-05,0.000161814563176684,1.90804296349548,3.79098239482106
"GO:0046522",25,1,35,0,25,308383,10,515420,6.40310422123184e-05,0.000161814563176684,1.90804296349548,3.79098239482106
"GO:0090071",25,0,35,0,25,308383,10,515420,6.40310422123184e-05,0.000161814563176684,1.90804296349548,3.79098239482106
"GO:1903094",12,0,13,0,12,308396,1,515429,6.44417502844294e-05,0.000162800211244874,2.46577859897877,3.78834503591842
"GO:0008418",32,1,48,0,32,308376,16,515414,6.50531186423939e-05,0.000164239304025954,1.78084009926245,3.78452290398286
"GO:0160107",32,0,48,0,32,308376,16,515414,6.50531186423939e-05,0.000164239304025954,1.78084009926245,3.78452290398286
"GO:0015977",102,2,198,0,102,308306,96,515334,6.5764713808538e-05,0.000165982631324402,1.37610371306644,3.77993735481909
"GO:0009911",81,6,151,0,81,308327,70,515360,6.68741868095652e-05,0.000168728717488749,1.43292762953899,3.77281099455676
"GO:0010731",70,6,127,0,70,308338,57,515373,6.77345945694857e-05,0.000170844834492468,1.47234811356344,3.76739814759587
"GO:0006665",59,2,104,0,59,308349,45,515385,6.78778382727539e-05,0.000171151294965765,1.51542643062237,3.76661981055264
"GO:0043495",46,1,76,0,46,308362,30,515400,6.8200074622458e-05,0.000171908737569001,1.61681535327775,3.76470204895829
"GO:0006273",90,4,171,0,90,308318,81,515349,6.8413154847756e-05,0.000172390638592041,1.40592639415456,3.76348632156354
"GO:0008250",93,1,178,0,93,308315,85,515345,6.94840281156473e-05,0.00017503304618444,1.3956583923995,3.75687994890994
"GO:0030539",55,0,95,0,55,308353,40,515390,6.96158819964832e-05,0.000175309092474829,1.54651903357002,3.75619555846844
"GO:0061733",78,1,145,0,78,308330,67,515363,6.9659904323868e-05,0.000175363852522382,1.43695373526694,3.7560599221896
"GO:0031400",106,5,207,0,106,308302,101,515329,7.02348937234653e-05,0.000176754822055984,1.36789167044797,3.75262872936281
"GO:0071365",96,3,185,0,96,308312,89,515341,7.04432494594512e-05,0.000177222518294919,1.3861674286151,3.7514810965015
"GO:0006784",34,0,52,0,34,308374,18,515412,7.07238366980974e-05,0.000177701258374536,1.74659317427663,3.7503094967688
"GO:0008474",34,1,52,0,34,308374,18,515412,7.07238366980974e-05,0.000177701258374536,1.74659317427663,3.7503094967688
"GO:0046898",34,0,52,0,34,308374,18,515412,7.07238366980974e-05,0.000177701258374536,1.74659317427663,3.7503094967688
"GO:0060992",34,0,52,0,34,308374,18,515412,7.07238366980974e-05,0.000177701258374536,1.74659317427663,3.7503094967688
"GO:0030030",145,5,297,0,145,308263,152,515278,7.07745316993589e-05,0.000177715187731213,1.3041505777427,3.75027545533481
"GO:0042797",145,0,297,0,145,308263,152,515278,7.07745316993589e-05,0.000177715187731213,1.3041505777427,3.75027545533481
"GO:0000179",44,0,72,0,44,308364,28,515402,7.14734175699493e-05,0.000179298515968974,1.63243675765725,3.74642330502316
"GO:0000965",44,1,72,0,44,308364,28,515402,7.14734175699493e-05,0.000179298515968974,1.63243675765725,3.74642330502316
"GO:0043634",44,0,72,0,44,308364,28,515402,7.14734175699493e-05,0.000179298515968974,1.63243675765725,3.74642330502316
"GO:0004609",28,0,41,0,28,308380,13,515417,7.18737204031645e-05,0.000180073178553059,1.8242752236347,3.744550969434
"GO:0016843",28,0,41,0,28,308380,13,515417,7.18737204031645e-05,0.000180073178553059,1.8242752236347,3.744550969434
"GO:0051238",28,0,41,0,28,308380,13,515417,7.18737204031645e-05,0.000180073178553059,1.8242752236347,3.744550969434
"GO:0097577",28,0,41,0,28,308380,13,515417,7.18737204031645e-05,0.000180073178553059,1.8242752236347,3.744550969434
"GO:0006808",42,0,68,0,42,308366,26,515404,7.40008065667007e-05,0.000185225548264886,1.64989597431668,3.7322991110384
"GO:0046514",42,0,68,0,42,308366,26,515404,7.40008065667007e-05,0.000185225548264886,1.64989597431668,3.7322991110384
"GO:0048168",42,3,68,0,42,308366,26,515404,7.40008065667007e-05,0.000185225548264886,1.64989597431668,3.7322991110384
"GO:0000053",36,0,56,0,36,308372,20,515410,7.41844539351959e-05,0.000185390482977099,1.71723866714593,3.73191256413228
"GO:0003934",36,1,56,0,36,308372,20,515410,7.41844539351959e-05,0.000185390482977099,1.71723866714593,3.73191256413228
"GO:0004055",36,0,56,0,36,308372,20,515410,7.41844539351959e-05,0.000185390482977099,1.71723866714593,3.73191256413228
"GO:0006003",36,0,56,0,36,308372,20,515410,7.41844539351959e-05,0.000185390482977099,1.71723866714593,3.73191256413228
"GO:2000636",36,1,56,0,36,308372,20,515410,7.41844539351959e-05,0.000185390482977099,1.71723866714593,3.73191256413228
"GO:0070542",40,1,64,0,40,308368,24,515406,7.55046871894277e-05,0.000188570081711667,1.66953759305855,3.72452721074095
"GO:0071398",40,1,64,0,40,308368,24,515406,7.55046871894277e-05,0.000188570081711667,1.66953759305855,3.72452721074095
"GO:0004088",38,0,60,0,38,308370,22,515408,7.56746805525543e-05,0.000188874789254822,1.69179809429933,3.72382600723542
"GO:0009509",38,1,60,0,38,308370,22,515408,7.56746805525543e-05,0.000188874789254822,1.69179809429933,3.72382600723542
"GO:2000762",97,2,187,0,97,308311,90,515340,7.59117189992016e-05,0.000189406355613856,1.3856269221534,3.72260545214523
"GO:0006272",48,1,81,0,48,308360,33,515397,7.67941489611936e-05,0.000191547382960239,1.58296897712218,3.71772377724233
"GO:0006370",70,1,128,0,70,308338,58,515372,7.68509144250282e-05,0.00019162825415072,1.46084539392623,3.71754045706803
"GO:0099081",254,10,556,0,254,308154,302,515128,7.70032985794733e-05,0.000191886662367083,1.22032388096941,3.71695521109925
"GO:0099512",254,10,556,0,254,308154,302,515128,7.70032985794733e-05,0.000191886662367083,1.22032388096941,3.71695521109925
"GO:0002165",65,0,117,0,65,308343,52,515378,7.72506240288437e-05,0.000192442060871854,1.48403341605204,3.71570000086279
"GO:0043902",124,0,249,0,124,308284,125,515305,7.89177204010045e-05,0.000196532836126766,1.33026609824424,3.70656487858479
"GO:0004614",27,0,39,0,27,308381,12,515418,8.185078363652e-05,0.000203322615584312,1.84933394923408,3.69181431207908
"GO:0004640",27,1,39,0,27,308381,12,515418,8.185078363652e-05,0.000203322615584312,1.84933394923408,3.69181431207908
"GO:0004740",27,0,39,0,27,308381,12,515418,8.185078363652e-05,0.000203322615584312,1.84933394923408,3.69181431207908
"GO:0006562",27,0,39,0,27,308381,12,515418,8.185078363652e-05,0.000203322615584312,1.84933394923408,3.69181431207908
"GO:0019150",27,3,39,0,27,308381,12,515418,8.185078363652e-05,0.000203322615584312,1.84933394923408,3.69181431207908
"GO:0035561",27,1,39,0,27,308381,12,515418,8.185078363652e-05,0.000203322615584312,1.84933394923408,3.69181431207908
"GO:0043489",27,1,39,0,27,308381,12,515418,8.185078363652e-05,0.000203322615584312,1.84933394923408,3.69181431207908
"GO:0046471",27,0,39,0,27,308381,12,515418,8.185078363652e-05,0.000203322615584312,1.84933394923408,3.69181431207908
"GO:0008121",30,0,45,0,30,308378,15,515415,8.19480723338335e-05,0.000203371760848656,1.78084009926245,3.69170935111351
"GO:0030140",46,0,77,0,46,308362,31,515399,8.19416554100197e-05,0.000203371760848656,1.59581775128713,3.69170935111351
"GO:0051920",30,0,45,0,30,308378,15,515415,8.19480723338335e-05,0.000203371760848656,1.78084009926245,3.69170935111351
"GO:0008300",29,1,136,0,29,308379,107,515323,8.28249039084855e-05,0.000205257407816854,0.569606943514092,3.68770116007489
"GO:0010965",55,2,96,0,55,308353,41,515389,8.29072963362237e-05,0.000205257407816854,1.53040946030367,3.68770116007489
"GO:0016115",29,1,136,0,29,308379,107,515323,8.28249039084855e-05,0.000205257407816854,0.569606943514092,3.68770116007489
"GO:0030071",55,2,96,0,55,308353,41,515389,8.29072963362237e-05,0.000205257407816854,1.53040946030367,3.68770116007489
"GO:0046661",55,0,96,0,55,308353,41,515389,8.29072963362237e-05,0.000205257407816854,1.53040946030367,3.68770116007489
"GO:0070491",51,1,87,0,51,308357,36,515394,8.29164833406499e-05,0.000205257407816854,1.56591112176526,3.68770116007489
"GO:1902099",55,2,96,0,55,308353,41,515389,8.29072963362237e-05,0.000205257407816854,1.53040946030367,3.68770116007489
"GO:1905818",55,2,96,0,55,308353,41,515389,8.29072963362237e-05,0.000205257407816854,1.53040946030367,3.68770116007489
"GO:0018345",58,3,102,0,58,308350,44,515386,8.34246827526415e-05,0.000206320798815204,1.51895184937091,3.68545698940267
"GO:0046423",58,0,102,0,58,308350,44,515386,8.34246827526415e-05,0.000206320798815204,1.51895184937091,3.68545698940267
"GO:0048806",58,0,102,0,58,308350,44,515386,8.34246827526415e-05,0.000206320798815204,1.51895184937091,3.68545698940267
"GO:0072542",22,0,30,0,22,308386,8,515422,8.50298138536675e-05,0.000210092496753318,1.95892410918869,3.67758945771694
"GO:1903312",22,1,30,0,22,308386,8,515422,8.50298138536675e-05,0.000210092496753318,1.95892410918869,3.67758945771694
"GO:1905011",22,0,30,0,22,308386,8,515422,8.50298138536675e-05,0.000210092496753318,1.95892410918869,3.67758945771694
"GO:0010182",88,1,168,0,88,308320,80,515350,8.57656095092596e-05,0.000211777565262513,1.39923150656335,3.67412004894409
"GO:0034551",88,3,168,0,88,308320,80,515350,8.57656095092596e-05,0.000211777565262513,1.39923150656335,3.67412004894409
"GO:0036377",66,0,119,0,66,308342,53,515377,8.63595515912953e-05,0.00021311046712435,1.48153924224355,3.67139521897323
"GO:0051651",66,1,119,0,66,308342,53,515377,8.63595515912953e-05,0.00021311046712435,1.48153924224355,3.67139521897323
"GO:0009629",104,3,204,0,104,308304,100,515330,8.67054043339168e-05,0.00021389687963541,1.36181889943599,3.6697955509451
"GO:0004359",21,0,108,0,21,308387,87,515343,8.67847027817984e-05,0.000214025432424285,0.519411695618214,3.66953461681315
"GO:0006491",77,1,143,0,77,308331,66,515364,8.7216091059457e-05,0.000215021944509879,1.43837084940429,3.66751721499969
"GO:0032574",148,0,305,0,148,308260,157,515273,8.83315627316727e-05,0.000217703839018074,1.29621803946316,3.66213391248548
"GO:0000098",15,0,18,0,15,308393,3,515427,8.89637503507428e-05,0.000218237034204128,2.22605012407806,3.66107154895513
"GO:0004333",15,0,18,0,15,308393,3,515427,8.89637503507428e-05,0.000218237034204128,2.22605012407806,3.66107154895513
"GO:0004747",15,0,18,0,15,308393,3,515427,8.89637503507428e-05,0.000218237034204128,2.22605012407806,3.66107154895513
"GO:0006014",15,0,18,0,15,308393,3,515427,8.89637503507428e-05,0.000218237034204128,2.22605012407806,3.66107154895513
"GO:0006106",15,0,18,0,15,308393,3,515427,8.89637503507428e-05,0.000218237034204128,2.22605012407806,3.66107154895513
"GO:0008455",15,0,18,0,15,308393,3,515427,8.89637503507428e-05,0.000218237034204128,2.22605012407806,3.66107154895513
"GO:0009093",15,0,18,0,15,308393,3,515427,8.89637503507428e-05,0.000218237034204128,2.22605012407806,3.66107154895513
"GO:0010051",50,2,205,0,50,308358,155,515275,8.8762062420803e-05,0.000218237034204128,0.651526865583823,3.66107154895513
"GO:0010276",15,0,18,0,15,308393,3,515427,8.89637503507428e-05,0.000218237034204128,2.22605012407806,3.66107154895513
"GO:0019448",15,0,18,0,15,308393,3,515427,8.89637503507428e-05,0.000218237034204128,2.22605012407806,3.66107154895513
"GO:0019450",15,0,18,0,15,308393,3,515427,8.89637503507428e-05,0.000218237034204128,2.22605012407806,3.66107154895513
"GO:0046439",15,0,18,0,15,308393,3,515427,8.89637503507428e-05,0.000218237034204128,2.22605012407806,3.66107154895513
"GO:0071493",15,0,18,0,15,308393,3,515427,8.89637503507428e-05,0.000218237034204128,2.22605012407806,3.66107154895513
"GO:0080091",15,0,18,0,15,308393,3,515427,8.89637503507428e-05,0.000218237034204128,2.22605012407806,3.66107154895513
"GO:2000300",15,0,18,0,15,308393,3,515427,8.89637503507428e-05,0.000218237034204128,2.22605012407806,3.66107154895513
"GO:1900109",32,0,49,0,32,308376,17,515413,8.92068527708023e-05,0.000218765216514566,1.7444964237673,3.66002172930691
"GO:0120036",144,4,296,0,144,308264,152,515278,8.93203202488148e-05,0.000218975260354615,1.29953196432665,3.65960494862286
"GO:0030658",49,4,83,0,49,308359,34,515396,8.97473050493143e-05,0.000219885087254343,1.57700900356373,3.65780422376684
"GO:0045901",49,0,83,0,49,308359,34,515396,8.97473050493143e-05,0.000219885087254343,1.57700900356373,3.65780422376684
"GO:0004013",34,0,53,0,34,308374,19,515411,9.37120535839191e-05,0.000229201019853643,1.71363858608273,3.63978345426214
"GO:0008650",34,0,53,0,34,308374,19,515411,9.37120535839191e-05,0.000229201019853643,1.71363858608273,3.63978345426214
"GO:0009972",34,0,53,0,34,308374,19,515411,9.37120535839191e-05,0.000229201019853643,1.71363858608273,3.63978345426214
"GO:0019903",34,0,53,0,34,308374,19,515411,9.37120535839191e-05,0.000229201019853643,1.71363858608273,3.63978345426214
"GO:0033353",34,0,53,0,34,308374,19,515411,9.37120535839191e-05,0.000229201019853643,1.71363858608273,3.63978345426214
"GO:0099080",254,10,557,0,254,308154,303,515127,9.37243499630177e-05,0.000229201019853643,1.21813299428904,3.63978345426214
"GO:0000050",40,0,65,0,40,308368,25,515405,9.38587485344064e-05,0.000229244824220555,1.64385239931918,3.6397004608393
"GO:0003825",40,0,65,0,40,308368,25,515405,9.38587485344064e-05,0.000229244824220555,1.64385239931918,3.6397004608393
"GO:0034501",40,0,65,0,40,308368,25,515405,9.38587485344064e-05,0.000229244824220555,1.64385239931918,3.6397004608393
"GO:0070476",40,0,65,0,40,308368,25,515405,9.38587485344064e-05,0.000229244824220555,1.64385239931918,3.6397004608393
"GO:0004526",38,1,61,0,38,308370,23,515407,9.56497783016277e-05,0.000233474435593926,1.66406369931081,3.63176066579725
"GO:0034227",38,0,61,0,38,308370,23,515407,9.56497783016277e-05,0.000233474435593926,1.66406369931081,3.63176066579725
"GO:0055078",36,1,57,0,36,308372,21,515409,9.57352398263144e-05,0.000233610603816722,1.68711167298548,3.63150744805548
"GO:0016581",47,2,79,0,47,308361,32,515398,9.64914476424397e-05,0.000235237124757289,1.5892307214937,3.62849413750701
"GO:0090545",47,2,79,0,47,308361,32,515398,9.64914476424397e-05,0.000235237124757289,1.5892307214937,3.62849413750701
"GO:1990714",47,0,79,0,47,308361,32,515398,9.64914476424397e-05,0.000235237124757289,1.5892307214937,3.62849413750701
"GO:0031298",29,0,43,0,29,308379,14,515416,9.65442369405945e-05,0.000235292951453981,1.80154754227713,3.62839108255832
"GO:0004040",18,0,23,0,18,308390,5,515425,9.988445712401e-05,0.00024320768527071,2.09055142087331,3.61402270564138
"GO:0043864",18,0,23,0,18,308390,5,515425,9.988445712401e-05,0.00024320768527071,2.09055142087331,3.61402270564138
"GO:0044456",102,7,200,0,102,308306,98,515332,9.98734907391498e-05,0.00024320768527071,1.36234267593577,3.61402270564138
"GO:0071804",119,0,239,0,119,308289,120,515310,0.000100612577038498,0.000244904825741205,1.3300416640935,3.61100265721041
"GO:0004407",146,5,301,0,146,308262,155,515275,0.000101596068899646,0.000247222335201858,1.29569429148995,3.60691229565146
"GO:0009094",54,0,94,0,54,308354,40,515390,0.000102049201600678,0.000248248243201651,1.53455370255594,3.60511381622847
"GO:0001103",45,1,75,0,45,308363,30,515400,0.000102929540827728,0.000250312432930453,1.6027560893362,3.60151757860196
"GO:0043622",138,4,283,0,138,308270,145,515285,0.000104003042049062,0.00025284494966344,1.3025932881531,3.5971457165626
"GO:0046467",67,3,122,0,67,308341,55,515375,0.000107372954828539,0.000260957054773157,1.46700352439243,3.58343095783271
"GO:0006657",31,0,47,0,31,308377,16,515414,0.000107468091197597,0.00026110765861342,1.76189499182349,3.5831803895912
"GO:0031338",19,7,25,0,19,308389,6,515424,0.000108225874501476,0.000262867659387726,2.03015771315919,3.58026284186403
"GO:0000447",49,2,84,0,49,308359,35,515395,0.000108643524392224,0.000263719341355407,1.55823508685464,3.57885801758657
"GO:0006598",49,2,84,0,49,308359,35,515395,0.000108643524392224,0.000263719341355407,1.55823508685464,3.57885801758657
"GO:0048359",59,1,105,0,59,308349,46,515384,0.000108722606159218,0.000263829949348139,1.50099379794978,3.57867590591493
"GO:0000056",81,1,153,0,81,308327,72,515358,0.00010883983678222,0.000264033033944419,1.4141965494143,3.57834173387913
"GO:0015749",222,2,482,0,222,308186,260,515170,0.000110367611592146,0.000267656758611638,1.23033143787219,3.57242178575456
"GO:0000281",84,3,160,0,84,308324,76,515354,0.000112892058696128,0.000273694575317498,1.40241157816918,3.5627338103101
"GO:0004799",33,0,51,0,33,308375,18,515412,0.00011459330681694,0.000277477241237451,1.72846244928414,3.55677263203797
"GO:0006228",33,0,51,0,33,308375,18,515412,0.00011459330681694,0.000277477241237451,1.72846244928414,3.55677263203797
"GO:0006231",33,0,51,0,33,308375,18,515412,0.00011459330681694,0.000277477241237451,1.72846244928414,3.55677263203797
"GO:0090436",33,0,51,0,33,308375,18,515412,0.00011459330681694,0.000277477241237451,1.72846244928414,3.55677263203797
"GO:0045786",117,5,235,0,117,308291,118,515312,0.000115940024753314,0.000280651868037542,1.32994654221515,3.55183206274167
"GO:0006225",24,1,34,0,24,308384,10,515420,0.000116218821898851,0.000280894862139318,1.88559539921906,3.55145620442587
"GO:0031397",24,0,34,0,24,308384,10,515420,0.000116218821898851,0.000280894862139318,1.88559539921906,3.55145620442587
"GO:0033862",24,1,34,0,24,308384,10,515420,0.000116218821898851,0.000280894862139318,1.88559539921906,3.55145620442587
"GO:0045900",24,0,34,0,24,308384,10,515420,0.000116218821898851,0.000280894862139318,1.88559539921906,3.55145620442587
"GO:0070651",24,0,34,0,24,308384,10,515420,0.000116218821898851,0.000280894862139318,1.88559539921906,3.55145620442587
"GO:0005853",39,1,63,0,39,308369,24,515406,0.00011724790257049,0.000283295116339748,1.65363723502942,3.5477609121191
"GO:0002694",47,0,80,0,47,308361,33,515397,0.000117657774314627,0.000283675956938666,1.56936533747503,3.54717747143485
"GO:0002696",47,0,80,0,47,308361,33,515397,0.000117657774314627,0.000283675956938666,1.56936533747503,3.54717747143485
"GO:0016639",47,1,80,0,47,308361,33,515397,0.000117657774314627,0.000283675956938666,1.56936533747503,3.54717747143485
"GO:0050865",47,0,80,0,47,308361,33,515397,0.000117657774314627,0.000283675956938666,1.56936533747503,3.54717747143485
"GO:0050867",47,0,80,0,47,308361,33,515397,0.000117657774314627,0.000283675956938666,1.56936533747503,3.54717747143485
"GO:0051249",47,0,80,0,47,308361,33,515397,0.000117657774314627,0.000283675956938666,1.56936533747503,3.54717747143485
"GO:0051251",47,0,80,0,47,308361,33,515397,0.000117657774314627,0.000283675956938666,1.56936533747503,3.54717747143485
"GO:0045727",125,3,253,0,125,308283,128,515302,0.000117985021479207,0.000284377859486932,1.31979256368264,3.54610421904267
"GO:0003873",35,0,55,0,35,308373,20,515410,0.000118251313945883,0.000284497048710877,1.69989282202325,3.5459222344894
"GO:0004331",35,0,55,0,35,308373,20,515410,0.000118251313945883,0.000284497048710877,1.69989282202325,3.5459222344894
"GO:0004612",35,2,55,0,35,308373,20,515410,0.000118251313945883,0.000284497048710877,1.69989282202325,3.5459222344894
"GO:0006346",35,0,55,0,35,308373,20,515410,0.000118251313945883,0.000284497048710877,1.69989282202325,3.5459222344894
"GO:0052636",35,0,55,0,35,308373,20,515410,0.000118251313945883,0.000284497048710877,1.69989282202325,3.5459222344894
"GO:1901654",35,0,55,0,35,308373,20,515410,0.000118251313945883,0.000284497048710877,1.69989282202325,3.5459222344894
"GO:0002143",37,1,59,0,37,308371,22,515408,0.000118948886477067,0.00028600049918982,1.67519704252654,3.5436332088458
"GO:0033290",37,0,59,0,37,308371,22,515408,0.000118948886477067,0.00028600049918982,1.67519704252654,3.5436332088458
"GO:0030619",76,1,142,0,76,308332,66,515364,0.000119358527880958,0.000286897811138597,1.4296885303938,3.54227276515259
"GO:0071541",65,1,118,0,65,308343,53,515377,0.000121469504853063,0.000291882766240328,1.47145686167872,3.53479154649085
"GO:0036396",50,0,86,0,50,308358,36,515394,0.000122882147096186,0.000294754746494199,1.55305822610097,3.5305391926463
"GO:0046137",60,0,107,0,60,308348,47,515383,0.000122926808020891,0.000294754746494199,1.4979028872301,3.5305391926463
"GO:0046398",60,0,107,0,60,308348,47,515383,0.000122926808020891,0.000294754746494199,1.4979028872301,3.5305391926463
"GO:0051198",60,0,107,0,60,308348,47,515383,0.000122926808020891,0.000294754746494199,1.4979028872301,3.5305391926463
"GO:0090568",50,3,86,0,50,308358,36,515394,0.000122882147096186,0.000294754746494199,1.55305822610097,3.5305391926463
"GO:2000082",60,0,107,0,60,308348,47,515383,0.000122926808020891,0.000294754746494199,1.4979028872301,3.5305391926463
"GO:2000083",60,0,107,0,60,308348,47,515383,0.000122926808020891,0.000294754746494199,1.4979028872301,3.5305391926463
"GO:0051235",88,2,169,0,88,308320,81,515349,0.000123116586708894,0.000295119905777228,1.39095203019316,3.53000149643819
"GO:0006826",108,0,214,0,108,308300,106,515324,0.000125111509203353,0.000299810593743925,1.34811259850709,3.52315302551294
"GO:0052634",28,1,130,0,28,308380,102,515328,0.000125366196425652,0.000300329488211422,0.575348339761714,3.52240202398228
"GO:0000408",45,0,76,0,45,308363,31,515399,0.000126577356760598,0.000303046518375739,1.58166719342389,3.51849070112399
"GO:0043486",45,0,76,0,45,308363,31,515399,0.000126577356760598,0.000303046518375739,1.58166719342389,3.51849070112399
"GO:0006227",13,0,15,0,13,308395,2,515428,0.000126899879540692,0.000303633997490676,2.31509212904118,3.51764960268445
"GO:0006235",13,0,15,0,13,308395,2,515428,0.000126899879540692,0.000303633997490676,2.31509212904118,3.51764960268445
"GO:0005948",27,0,40,0,27,308381,13,515417,0.000128512956883024,0.00030693385818664,1.80310060050323,3.51295520145881
"GO:0015851",27,0,40,0,27,308381,13,515417,0.000128512956883024,0.00030693385818664,1.80310060050323,3.51295520145881
"GO:0019365",27,0,40,0,27,308381,13,515417,0.000128512956883024,0.00030693385818664,1.80310060050323,3.51295520145881
"GO:0031468",27,1,40,0,27,308381,13,515417,0.000128512956883024,0.00030693385818664,1.80310060050323,3.51295520145881
"GO:0051574",27,0,40,0,27,308381,13,515417,0.000128512956883024,0.00030693385818664,1.80310060050323,3.51295520145881
"GO:0051721",27,0,40,0,27,308381,13,515417,0.000128512956883024,0.00030693385818664,1.80310060050323,3.51295520145881
"GO:0004159",92,0,178,0,92,308316,86,515344,0.000133222349335614,0.000318085026985125,1.38065131291134,3.49745677368039
"GO:0061709",48,1,82,0,48,308360,34,515396,0.000133841733759615,0.00031927337216839,1.56366447740117,3.49583730069814
"GO:0070300",48,1,82,0,48,308360,34,515396,0.000133841733759615,0.00031927337216839,1.56366447740117,3.49583730069814
"GO:1990414",48,2,82,0,48,308360,34,515396,0.000133841733759615,0.00031927337216839,1.56366447740117,3.49583730069814
"GO:0035102",43,0,72,0,43,308365,29,515401,0.000135117267518701,0.00032221845801491,1.59533592225594,3.491849585008
"GO:0000373",80,2,151,0,80,308328,71,515359,0.000136351825067232,0.000325064072358948,1.41523716497678,3.4880310281615
"GO:0032266",74,2,138,0,74,308334,64,515366,0.000136422382223917,0.000325133815581797,1.43241486245023,3.48793785930472
"GO:0034762",134,2,275,0,134,308274,141,515289,0.000137719076070862,0.000328124868895227,1.30163221800637,3.48396085277558
"GO:0006611",233,10,509,0,233,308175,276,515154,0.000138363866807922,0.000329561379580018,1.22279688544642,3.48206368780629
"GO:0045787",146,4,303,0,146,308262,157,515273,0.000139040313105726,0.000331072397086593,1.28714185392236,3.48007702671607
"GO:0009247",83,5,158,0,83,308325,75,515355,0.000139143548149733,0.000331218025713546,1.40325691365933,3.47988603585183
"GO:0019001",109,2,217,0,109,308299,108,515322,0.000140536238007713,0.00033437567848888,1.34178505174844,3.47576531939753
"GO:0033925",23,0,32,0,23,308385,9,515421,0.000140555020340409,0.00033437567848888,1.91996823201733,3.47576531939753
"GO:0004516",29,1,44,0,29,308379,15,515415,0.000142504770746378,0.00033860475560383,1.76060327995265,3.47030694664646
"GO:0010291",29,1,44,0,29,308379,15,515415,0.000142504770746378,0.00033860475560383,1.76060327995265,3.47030694664646
"GO:0033135",29,1,44,0,29,308379,15,515415,0.000142504770746378,0.00033860475560383,1.76060327995265,3.47030694664646
"GO:0033138",29,1,44,0,29,308379,15,515415,0.000142504770746378,0.00033860475560383,1.76060327995265,3.47030694664646
"GO:1904380",26,0,38,0,26,308382,12,515418,0.00014315742240457,0.000340052875428116,1.82770431240093,3.46845354848349
"GO:0090596",71,0,132,0,71,308337,61,515369,0.00014347141780832,0.000340695927899576,1.43681417099584,3.46763305721966
"GO:0035514",89,3,172,0,89,308319,83,515347,0.000143645458410712,0.000340903541938234,1.38222182122987,3.46736848649115
"GO:0141166",89,3,172,0,89,308319,83,515347,0.000143645458410712,0.000340903541938234,1.38222182122987,3.46736848649115
"GO:0006616",46,1,78,0,46,308362,32,515398,0.000144897678788561,0.000343771708084252,1.57535854934755,3.46372986798777
"GO:0042802",737,31,1761,0,737,307671,1024,514406,0.000145949536029008,0.000346162924863015,1.11795498565283,3.46071944827356
"GO:0016881",373,12,851,0,373,308035,478,514952,0.000146591485168324,0.0003475807744714,1.17083435433295,3.45894425343135
"GO:0016103",29,1,133,0,29,308379,104,515326,0.00014809188242341,0.00035092694113097,0.582455220435463,3.45478328913604
"GO:0045487",29,1,133,0,29,308379,104,515326,0.00014809188242341,0.00035092694113097,0.582455220435463,3.45478328913604
"GO:0003995",39,1,64,0,39,308369,25,515405,0.000149502387848343,0.000354162743647957,1.62779915323208,3.45079712659914
"GO:0000500",53,2,93,0,53,308355,40,515390,0.000149770631463974,0.000354691459351505,1.52233105259532,3.4501492688192
"GO:0042995",261,7,578,0,261,308147,317,515113,0.000151226761743805,0.00035792455455419,1.20622646861808,3.4462085068584
"GO:0120025",261,7,578,0,261,308147,317,515113,0.000151226761743805,0.00035792455455419,1.20622646861808,3.4462085068584
"GO:0008783",31,1,48,0,31,308377,17,515413,0.00015155306196821,0.000358373596819991,1.7251888461605,3.44566399448363
"GO:0033389",31,1,48,0,31,308377,17,515413,0.00015155306196821,0.000358373596819991,1.7251888461605,3.44566399448363
"GO:0050464",31,0,48,0,31,308377,17,515413,0.00015155306196821,0.000358373596819991,1.7251888461605,3.44566399448363
"GO:0090576",37,2,60,0,37,308371,23,515407,0.000154337189296916,0.000364847553797393,1.64727709181777,3.43788856122673
"GO:0000285",44,0,74,0,44,308364,30,515400,0.000155754663898587,0.000368087875775945,1.58831684528813,3.43404848728118
"GO:0000306",33,0,52,0,33,308375,19,515411,0.000156087874014129,0.000368101780778676,1.69522278679791,3.43403208154686
"GO:0005536",72,1,134,0,72,308336,62,515368,0.000155861923508537,0.000368101780778676,1.43530396059959,3.43403208154686
"GO:0010142",33,0,52,0,33,308375,19,515411,0.000156087874014129,0.000368101780778676,1.69522278679791,3.43403208154686
"GO:0010328",33,1,52,0,33,308375,19,515411,0.000156087874014129,0.000368101780778676,1.69522278679791,3.43403208154686
"GO:0015744",33,0,52,0,33,308375,19,515411,0.000156087874014129,0.000368101780778676,1.69522278679791,3.43403208154686
"GO:0060919",33,1,52,0,33,308375,19,515411,0.000156087874014129,0.000368101780778676,1.69522278679791,3.43403208154686
"GO:0070772",33,0,52,0,33,308375,19,515411,0.000156087874014129,0.000368101780778676,1.69522278679791,3.43403208154686
"GO:0070011",472,24,1097,0,472,307936,625,514805,0.000156303912886959,0.00036850086919621,1.14934803124687,3.43356148341776
"GO:0005274",35,0,56,0,35,308373,21,515409,0.00015677075530096,0.000368889908576627,1.66953759305855,3.43310322525417
"GO:0006409",35,0,56,0,35,308373,21,515409,0.00015677075530096,0.000368889908576627,1.66953759305855,3.43310322525417
"GO:0006656",121,2,245,0,121,308287,124,515306,0.00015679695555099,0.000368889908576627,1.31927542047402,3.43310322525417
"GO:0009011",35,0,56,0,35,308373,21,515409,0.00015677075530096,0.000368889908576627,1.66953759305855,3.43310322525417
"GO:0015505",35,0,56,0,35,308373,21,515409,0.00015677075530096,0.000368889908576627,1.66953759305855,3.43310322525417
"GO:0019563",35,0,56,0,35,308373,21,515409,0.00015677075530096,0.000368889908576627,1.66953759305855,3.43310322525417
"GO:0071008",35,0,56,0,35,308373,21,515409,0.00015677075530096,0.000368889908576627,1.66953759305855,3.43310322525417
"GO:0010043",58,1,104,0,58,308350,46,515384,0.000157491282543054,0.000369860195757435,1.48974123688301,3.43196240481077
"GO:0010491",58,0,104,0,58,308350,46,515384,0.000157491282543054,0.000369860195757435,1.48974123688301,3.43196240481077
"GO:0017103",58,0,104,0,58,308350,46,515384,0.000157491282543054,0.000369860195757435,1.48974123688301,3.43196240481077
"GO:0047338",58,0,104,0,58,308350,46,515384,0.000157491282543054,0.000369860195757435,1.48974123688301,3.43196240481077
"GO:0047350",58,0,104,0,58,308350,46,515384,0.000157491282543054,0.000369860195757435,1.48974123688301,3.43196240481077
"GO:0052573",58,0,104,0,58,308350,46,515384,0.000157491282543054,0.000369860195757435,1.48974123688301,3.43196240481077
"GO:0000495",21,0,29,0,21,308387,8,515422,0.000162027377525144,0.000380286081060802,1.93436079747473,3.41988957001075
"GO:0033263",21,4,29,0,21,308387,8,515422,0.000162027377525144,0.000380286081060802,1.93436079747473,3.41988957001075
"GO:0070848",97,2,190,0,97,308311,93,515337,0.00016242922502192,0.000381002043913156,1.36374860232993,3.41907269451382
"GO:0071363",97,2,190,0,97,308311,93,515337,0.00016242922502192,0.000381002043913156,1.36374860232993,3.41907269451382
"GO:0022604",202,5,436,0,202,308206,234,515196,0.000162627008741297,0.00038135234221373,1.23760217907459,3.41867358188999
"GO:0003681",28,0,42,0,28,308380,14,515416,0.00016399305929558,0.00038409799547004,1.78084009926245,3.41555795932421
"GO:0004368",28,0,42,0,28,308380,14,515416,0.00016399305929558,0.00038409799547004,1.78084009926245,3.41555795932421
"GO:0008732",28,0,42,0,28,308380,14,515416,0.00016399305929558,0.00038409799547004,1.78084009926245,3.41555795932421
"GO:0017102",28,1,42,0,28,308380,14,515416,0.00016399305929558,0.00038409799547004,1.78084009926245,3.41555795932421
"GO:0046373",94,0,183,0,94,308314,89,515341,0.000165140314897278,0.00038667000561314,1.37212269943172,3.41265951528645
"GO:0009245",51,4,89,0,51,308357,38,515392,0.00016558443040206,0.00038759459890723,1.530722107793,3.41162228343017
"GO:0005838",42,0,70,0,42,308366,28,515402,0.000166021030841896,0.000388501056714448,1.6027560893362,3.41060779558989
"GO:0009886",64,0,117,0,64,308344,53,515377,0.000171020708042585,0.000400081727700217,1.46120213272816,3.39785128301285
"GO:0007399",276,2,615,0,276,308132,339,515091,0.00017160489138779,0.000401329086454153,1.19880943267423,3.39649936349375
"GO:0009593",54,1,95,0,54,308354,41,515389,0.000171732102577509,0.000401507309619884,1.51840050568693,3.39630654378833
"GO:0043076",122,2,248,0,122,308286,126,515304,0.000173502127677923,0.000405404793434435,1.31408765389124,3.39211112059166
"GO:0043078",122,2,248,0,122,308286,126,515304,0.000173502127677923,0.000405404793434435,1.31408765389124,3.39211112059166
"GO:0007004",91,2,177,0,91,308317,86,515344,0.00017651238921073,0.000412316180375926,1.3733597375668,3.3847696220017
"GO:0022904",85,2,163,0,85,308323,78,515352,0.000176894699666952,0.000413086643660115,1.39298842120222,3.38395884684981
"GO:0042335",104,7,207,0,104,308304,103,515327,0.000178537152410698,0.0004167984768022,1.34208239364706,3.38007387684291
"GO:0031058",119,0,241,0,119,308289,122,515308,0.000180793639078438,0.000421691119059397,1.31900397393505,3.37500554526
"GO:0043124",25,0,36,0,25,308383,11,515419,0.000180778856430918,0.000421691119059397,1.85504177006505,3.37500554526
"GO:0071782",25,0,36,0,25,308383,11,515419,0.000180778856430918,0.000421691119059397,1.85504177006505,3.37500554526
"GO:0004108",49,0,85,0,49,308359,36,515394,0.000182336258109202,0.000425037318281207,1.53990290936224,3.37157293721536
"GO:0043527",49,0,85,0,49,308359,36,515394,0.000182336258109202,0.000425037318281207,1.53990290936224,3.37157293721536
"GO:0051731",38,0,62,0,38,308370,24,515406,0.000182637633004222,0.000425613809061348,1.63722396222515,3.3709842897782
"GO:1902903",79,7,150,0,79,308329,71,515359,0.00018363519397543,0.000427811851723759,1.40686367841733,3.36874718828498
"GO:0016780",112,1,225,0,112,308296,113,515317,0.000185569118633346,0.000432189379254941,1.32969394078263,3.3643259097981
"GO:0022407",32,0,50,0,32,308376,18,515412,0.000186388929922566,0.000433842003651816,1.70960649529195,3.36266840282643
"GO:0030864",32,1,50,0,32,308376,18,515412,0.000186388929922566,0.000433842003651816,1.70960649529195,3.36266840282643
"GO:0051130",210,5,456,0,210,308198,246,515184,0.000187393482649273,0.000436051284485686,1.23018559488524,3.36046242986137
"GO:0000301",34,0,54,0,34,308374,20,515410,0.00018916881834995,0.000439403050472353,1.68190453819231,3.35713693239796
"GO:0004419",34,1,54,0,34,308374,20,515410,0.00018916881834995,0.000439403050472353,1.68190453819231,3.35713693239796
"GO:0009143",34,2,54,0,34,308374,20,515410,0.00018916881834995,0.000439403050472353,1.68190453819231,3.35713693239796
"GO:0046951",34,1,54,0,34,308374,20,515410,0.00018916881834995,0.000439403050472353,1.68190453819231,3.35713693239796
"GO:0048654",34,0,54,0,34,308374,20,515410,0.00018916881834995,0.000439403050472353,1.68190453819231,3.35713693239796
"GO:0048655",34,0,54,0,34,308374,20,515410,0.00018916881834995,0.000439403050472353,1.68190453819231,3.35713693239796
"GO:0034614",85,3,164,0,85,308323,79,515351,0.000190184688457397,0.000441632409302841,1.38449458936562,3.35493906330214
"GO:0015271",52,0,91,0,52,308356,39,515391,0.000190910489053512,0.000443056417992113,1.52643437079638,3.35354096799235
"GO:0043189",52,2,91,0,52,308356,39,515391,0.000190910489053512,0.000443056417992113,1.52643437079638,3.35354096799235
"GO:0000439",65,0,119,0,65,308343,54,515376,0.000191002824293921,0.000443140062729664,1.45909167796713,3.35345898516156
"GO:0022841",54,0,96,0,54,308354,42,515388,0.000197212717384139,0.000457143260084788,1.50258383375269,3.33994767889196
"GO:0030322",54,0,96,0,54,308354,42,515388,0.000197212717384139,0.000457143260084788,1.50258383375269,3.33994767889196
"GO:0051010",54,0,96,0,54,308354,42,515388,0.000197212717384139,0.000457143260084788,1.50258383375269,3.33994767889196
"GO:0051604",152,4,318,0,152,308256,166,515264,0.000197554143013929,0.000457799886313115,1.27682875041459,3.33932431951118
"GO:0004163",14,0,17,0,14,308394,3,515427,0.000199560219925711,0.000460280706491415,2.19986129908891,3.33697722897291
"GO:0015988",14,0,17,0,14,308394,3,515427,0.000199560219925711,0.000460280706491415,2.19986129908891,3.33697722897291
"GO:0016681",14,0,17,0,14,308394,3,515427,0.000199560219925711,0.000460280706491415,2.19986129908891,3.33697722897291
"GO:0031100",14,0,17,0,14,308394,3,515427,0.000199560219925711,0.000460280706491415,2.19986129908891,3.33697722897291
"GO:0033273",14,0,17,0,14,308394,3,515427,0.000199560219925711,0.000460280706491415,2.19986129908891,3.33697722897291
"GO:0033590",14,0,17,0,14,308394,3,515427,0.000199560219925711,0.000460280706491415,2.19986129908891,3.33697722897291
"GO:0033762",14,0,17,0,14,308394,3,515427,0.000199560219925711,0.000460280706491415,2.19986129908891,3.33697722897291
"GO:0036296",14,0,17,0,14,308394,3,515427,0.000199560219925711,0.000460280706491415,2.19986129908891,3.33697722897291
"GO:0043971",14,0,17,0,14,308394,3,515427,0.000199560219925711,0.000460280706491415,2.19986129908891,3.33697722897291
"GO:0043972",14,0,17,0,14,308394,3,515427,0.000199560219925711,0.000460280706491415,2.19986129908891,3.33697722897291
"GO:0044154",14,0,17,0,14,308394,3,515427,0.000199560219925711,0.000460280706491415,2.19986129908891,3.33697722897291
"GO:0045471",14,0,17,0,14,308394,3,515427,0.000199560219925711,0.000460280706491415,2.19986129908891,3.33697722897291
"GO:0055093",14,0,17,0,14,308394,3,515427,0.000199560219925711,0.000460280706491415,2.19986129908891,3.33697722897291
"GO:0090228",14,0,17,0,14,308394,3,515427,0.000199560219925711,0.000460280706491415,2.19986129908891,3.33697722897291
"GO:0097250",14,0,17,0,14,308394,3,515427,0.000199560219925711,0.000460280706491415,2.19986129908891,3.33697722897291
"GO:0103117",14,0,17,0,14,308394,3,515427,0.000199560219925711,0.000460280706491415,2.19986129908891,3.33697722897291
"GO:0010241",17,0,22,0,17,308391,5,515425,0.000200206802314732,0.000461366495263926,2.06415556959966,3.33595394741859
"GO:0051267",17,0,22,0,17,308391,5,515425,0.000200206802314732,0.000461366495263926,2.06415556959966,3.33595394741859
"GO:0052615",17,0,22,0,17,308391,5,515425,0.000200206802314732,0.000461366495263926,2.06415556959966,3.33595394741859
"GO:0009852",16,0,86,0,16,308392,70,515360,0.000202404960701763,0.000466295537209329,0.496978632352311,3.33133874104269
"GO:0030620",68,1,126,0,68,308340,58,515372,0.000203154507909544,0.000467885396800448,1.4416324613077,3.32986050938776
"GO:0009051",89,1,173,0,89,308319,84,515346,0.000203427315681938,0.000468376668338174,1.37423209971987,3.32940474695654
"GO:0008285",152,2,319,0,152,308256,167,515263,0.000205080270887382,0.000472044412989903,1.2728261524509,3.3260171382112
"GO:0004097",23,0,33,0,23,308385,10,515420,0.000211219415877923,0.000485182154009633,1.86178737650165,3.31409518174956
"GO:0015234",23,0,33,0,23,308385,10,515420,0.000211219415877923,0.000485182154009633,1.86178737650165,3.31409518174956
"GO:0030974",23,0,33,0,23,308385,10,515420,0.000211219415877923,0.000485182154009633,1.86178737650165,3.31409518174956
"GO:0045117",23,0,33,0,23,308385,10,515420,0.000211219415877923,0.000485182154009633,1.86178737650165,3.31409518174956
"GO:0071934",23,0,33,0,23,308385,10,515420,0.000211219415877923,0.000485182154009633,1.86178737650165,3.31409518174956
"GO:0090422",23,0,33,0,23,308385,10,515420,0.000211219415877923,0.000485182154009633,1.86178737650165,3.31409518174956
"GO:1901474",23,0,33,0,23,308385,10,515420,0.000211219415877923,0.000485182154009633,1.86178737650165,3.31409518174956
"GO:0008153",16,0,20,0,16,308392,4,515426,0.000212053252842267,0.000486813416848738,2.13700811911494,3.31263746087937
"GO:0034462",16,2,20,0,16,308392,4,515426,0.000212053252842267,0.000486813416848738,2.13700811911494,3.31263746087937
"GO:0030832",71,6,133,0,71,308337,62,515368,0.000214137479638566,0.000491168484765381,1.4260110569282,3.30876950695562
"GO:0061640",110,4,221,0,110,308298,111,515319,0.000214106532107646,0.000491168484765381,1.32958649944934,3.30876950695562
"GO:0110053",71,6,133,0,71,308337,62,515368,0.000214137479638566,0.000491168484765381,1.4260110569282,3.30876950695562
"GO:0017148",145,6,302,0,145,308263,157,515273,0.000215089096954268,0.000493207506910574,1.28255868076021,3.30697032180658
"GO:0043335",45,0,77,0,45,308363,32,515398,0.000217871586107422,0.000499442377937574,1.56112606104176,3.30151461031546
"GO:0000481",18,0,24,0,18,308390,6,515424,0.000218352120074841,0.000499816193436799,2.00344511167025,3.3011896773686
"GO:0009683",18,0,24,0,18,308390,6,515424,0.000218352120074841,0.000499816193436799,2.00344511167025,3.3011896773686
"GO:0009684",18,0,24,0,18,308390,6,515424,0.000218352120074841,0.000499816193436799,2.00344511167025,3.3011896773686
"GO:0034020",18,0,24,0,18,308390,6,515424,0.000218352120074841,0.000499816193436799,2.00344511167025,3.3011896773686
"GO:0071596",18,0,24,0,18,308390,6,515424,0.000218352120074841,0.000499816193436799,2.00344511167025,3.3011896773686
"GO:0033613",60,2,109,0,60,308348,49,515381,0.000219247688192265,0.000501720291119045,1.47041843058367,3.29953833440611
"GO:0019773",125,3,256,0,125,308283,131,515299,0.000219825078481211,0.000502793287131786,1.30432624457699,3.29861052927782
"GO:0043813",52,0,92,0,52,308356,40,515390,0.000219844320923222,0.000502793287131786,1.50984269285295,3.29861052927782
"GO:0016504",5,0,43,0,5,308403,38,515392,0.000225426388864334,0.000515409971867568,0.310611645220195,3.28784718321398
"GO:0016607",176,6,376,0,176,308232,200,515230,0.000226551053274892,0.000517830978914039,1.25037709097151,3.28581197172854
"GO:0042623",787,32,1894,0,787,307621,1107,514323,0.000228580403093942,0.000522317832556026,1.10996923821506,3.28206514657642
"GO:0008964",90,0,176,0,90,308318,86,515344,0.000233926871666085,0.000534379667369537,1.36598530341154,3.27215007470392
"GO:0045229",191,6,412,0,191,308217,221,515209,0.000237761668060338,0.000542982260217865,1.23837545737547,3.26521435902136
"GO:0045156",130,2,268,0,130,308278,138,515292,0.00023858944557323,0.000544714650682271,1.29576051998574,3.26383094375588
"GO:0031983",55,11,216,0,55,308353,161,515269,0.00023913719360996,0.000545490578990903,0.680181982357185,3.26321274558452
"GO:0034774",55,11,216,0,55,308353,161,515269,0.00023913719360996,0.000545490578990903,0.680181982357185,3.26321274558452
"GO:0060205",55,11,216,0,55,308353,161,515269,0.00023913719360996,0.000545490578990903,0.680181982357185,3.26321274558452
"GO:2001006",63,0,116,0,63,308345,53,515377,0.000240838209154442,0.000549211582405495,1.45077059810605,3.26026031243719
"GO:0010191",61,1,111,0,61,308347,50,515380,0.000246503492646609,0.000561642690047498,1.46798981155418,3.25053988921971
"GO:0032051",61,4,111,0,61,308347,50,515380,0.000246503492646609,0.000561642690047498,1.46798981155418,3.25053988921971
"GO:0071439",61,4,111,0,61,308347,50,515380,0.000246503492646609,0.000561642690047498,1.46798981155418,3.25053988921971
"GO:0051748",58,0,105,0,58,308350,47,515383,0.000247754008650275,0.000564328575258959,1.47555322510317,3.24846795830149
"GO:0004532",7,2,52,0,7,308401,45,515385,0.000250272979324875,0.000569736522048993,0.359592712351071,3.24432593989745
"GO:0016896",7,2,52,0,7,308401,45,515385,0.000250272979324875,0.000569736522048993,0.359592712351071,3.24432593989745
"GO:0004749",25,0,37,0,25,308383,12,515418,0.000250830901368374,0.000569853060771095,1.80490550600924,3.24423711471885
"GO:0016149",25,0,37,0,25,308383,12,515418,0.000250830901368374,0.000569853060771095,1.80490550600924,3.24423711471885
"GO:0031440",25,0,37,0,25,308383,12,515418,0.000250830901368374,0.000569853060771095,1.80490550600924,3.24423711471885
"GO:0046838",25,0,37,0,25,308383,12,515418,0.000250830901368374,0.000569853060771095,1.80490550600924,3.24423711471885
"GO:0098807",25,1,37,0,25,308383,12,515418,0.000250830901368374,0.000569853060771095,1.80490550600924,3.24423711471885
"GO:1900111",25,0,37,0,25,308383,12,515418,0.000250830901368374,0.000569853060771095,1.80490550600924,3.24423711471885
"GO:1900363",25,0,37,0,25,308383,12,515418,0.000250830901368374,0.000569853060771095,1.80490550600924,3.24423711471885
"GO:0035618",41,1,69,0,41,308367,28,515402,0.000253737719098675,0.000576124408637083,1.58727052325566,3.23948372464878
"GO:0035619",41,1,69,0,41,308367,28,515402,0.000253737719098675,0.000576124408637083,1.58727052325566,3.23948372464878
"GO:0061157",119,2,243,0,119,308289,124,515306,0.000255022160166737,0.000578706960170815,1.30814797414958,3.23754129429863
"GO:1905269",119,0,243,0,119,308289,124,515306,0.000255022160166737,0.000578706960170815,1.30814797414958,3.23754129429863
"GO:0000776",143,2,299,0,143,308265,156,515274,0.000256855529965606,0.000582699346365779,1.2775592016448,3.23455546907287
"GO:0044550",307,14,694,0,307,308101,387,515043,0.00025820557515227,0.000585593283664267,1.18166695347314,3.23240391296789
"GO:0070042",66,5,123,0,66,308342,57,515373,0.00026075926184882,0.000591214547601933,1.43335910428441,3.22825488810188
"GO:0006384",91,2,179,0,91,308317,88,515342,0.000268773530917466,0.0006092096848207,1.35801493602974,3.21523320114894
"GO:0003999",39,1,65,0,39,308369,26,515404,0.000270351878964429,0.000612258340393551,1.6027560893362,3.21306529005425
"GO:0046863",39,0,65,0,39,308369,26,515404,0.000270351878964429,0.000612258340393551,1.6027560893362,3.21306529005425
"GO:0055076",85,1,165,0,85,308323,80,515350,0.000270293390975345,0.000612258340393551,1.37610371306644,3.21306529005425
"GO:0004462",70,2,131,0,70,308338,61,515369,0.000270736839279035,0.000612953810412586,1.42739091925616,3.21257225083025
"GO:0008661",51,0,90,0,51,308357,39,515391,0.000275103042246199,0.00062265990470445,1.51371408437308,3.20574909915132
"GO:0004830",27,0,41,0,27,308381,14,515416,0.000279096384332131,0.000630972641430941,1.75912253707632,3.19998947107783
"GO:0006436",27,0,41,0,27,308381,14,515416,0.000279096384332131,0.000630972641430941,1.75912253707632,3.19998947107783
"GO:0010168",27,0,41,0,27,308381,14,515416,0.000279096384332131,0.000630972641430941,1.75912253707632,3.19998947107783
"GO:0010496",27,0,41,0,27,308381,14,515416,0.000279096384332131,0.000630972641430941,1.75912253707632,3.19998947107783
"GO:0031396",67,0,125,0,67,308341,58,515372,0.000280083518599353,0.000632840831921386,1.43179543980701,3.1987055072189
"GO:0045912",67,0,125,0,67,308341,58,515372,0.000280083518599353,0.000632840831921386,1.43179543980701,3.1987055072189
"GO:0080113",92,2,181,0,92,308316,89,515341,0.000283219944600194,0.000639560356825223,1.35776758949292,3.19411846385268
"GO:1901979",92,2,181,0,92,308316,89,515341,0.000283219944600194,0.000639560356825223,1.35776758949292,3.19411846385268
"GO:0006089",37,0,61,0,37,308371,24,515406,0.000284934794667215,0.00064251122991129,1.62027254932895,3.19211927726377
"GO:0006679",37,0,61,0,37,308371,24,515406,0.000284934794667215,0.00064251122991129,1.62027254932895,3.19211927726377
"GO:0008120",37,0,61,0,37,308371,24,515406,0.000284934794667215,0.00064251122991129,1.62027254932895,3.19211927726377
"GO:0030121",37,0,61,0,37,308371,24,515406,0.000284934794667215,0.00064251122991129,1.62027254932895,3.19211927726377
"GO:0070150",37,1,61,0,37,308371,24,515406,0.000284934794667215,0.00064251122991129,1.62027254932895,3.19211927726377
"GO:0006356",53,2,95,0,53,308355,42,515388,0.000287876309833733,0.000647845143227886,1.49028197780384,3.18852879270794
"GO:0019346",53,0,95,0,53,308355,42,515388,0.000287876309833733,0.000647845143227886,1.49028197780384,3.18852879270794
"GO:0031398",53,0,95,0,53,308355,42,515388,0.000287876309833733,0.000647845143227886,1.49028197780384,3.18852879270794
"GO:0032957",53,1,95,0,53,308355,42,515388,0.000287876309833733,0.000647845143227886,1.49028197780384,3.18852879270794
"GO:0047325",53,1,95,0,53,308355,42,515388,0.000287876309833733,0.000647845143227886,1.49028197780384,3.18852879270794
"GO:0052725",53,1,95,0,53,308355,42,515388,0.000287876309833733,0.000647845143227886,1.49028197780384,3.18852879270794
"GO:0052726",53,1,95,0,53,308355,42,515388,0.000287876309833733,0.000647845143227886,1.49028197780384,3.18852879270794
"GO:0010638",158,4,335,0,158,308250,177,515253,0.000291765431203265,0.000656409681175222,1.25987792097075,3.18282502230211
"GO:0005048",82,3,159,0,82,308326,77,515353,0.00029416527334297,0.000661619723358818,1.37763102018416,3.17939155663232
"GO:0036435",12,0,14,0,12,308396,2,515428,0.000295706964553801,0.000664897236494578,2.28965155619458,3.17724547209847
"GO:0004318",29,0,45,0,29,308379,16,515414,0.000296283053015036,0.000665541817446666,1.72147876262037,3.17682465166072
"GO:0005672",35,0,57,0,35,308373,22,515408,0.000296331817854493,0.000665541817446666,1.64024745984699,3.17682465166072
"GO:0019310",35,2,57,0,35,308373,22,515408,0.000296331817854493,0.000665541817446666,1.64024745984699,3.17682465166072
"GO:0050113",35,2,57,0,35,308373,22,515408,0.000296331817854493,0.000665541817446666,1.64024745984699,3.17682465166072
"GO:0015908",46,0,80,0,46,308362,34,515396,0.000298446903409091,0.000670100976507805,1.53597458561386,3.17385974918594
"GO:0000212",33,0,53,0,33,308375,20,515410,0.000303137679220555,0.000679857495961313,1.66323745119795,3.16758210965171
"GO:0002151",33,1,53,0,33,308375,20,515410,0.000303137679220555,0.000679857495961313,1.66323745119795,3.16758210965171
"GO:0016034",33,0,53,0,33,308375,20,515410,0.000303137679220555,0.000679857495961313,1.66323745119795,3.16758210965171
"GO:0044839",33,0,53,0,33,308375,20,515410,0.000303137679220555,0.000679857495961313,1.66323745119795,3.16758210965171
"GO:0006469",42,2,71,0,42,308366,29,515401,0.000303607486603636,0.000680573590896378,1.58018205990893,3.16712490735673
"GO:0019408",31,0,49,0,31,308377,18,515412,0.000303716339534931,0.000680573590896378,1.68998091052457,3.16712490735673
"GO:0051723",31,1,49,0,31,308377,18,515412,0.000303716339534931,0.000680573590896378,1.68998091052457,3.16712490735673
"GO:0001096",24,1,35,0,24,308384,11,515419,0.000305913202255868,0.00068296900968752,1.83172124495566,3.165599002361
"GO:0006868",24,1,35,0,24,308384,11,515419,0.000305913202255868,0.00068296900968752,1.83172124495566,3.165599002361
"GO:0015186",24,1,35,0,24,308384,11,515419,0.000305913202255868,0.00068296900968752,1.83172124495566,3.165599002361
"GO:0015194",24,1,35,0,24,308384,11,515419,0.000305913202255868,0.00068296900968752,1.83172124495566,3.165599002361
"GO:0015801",24,1,35,0,24,308384,11,515419,0.000305913202255868,0.00068296900968752,1.83172124495566,3.165599002361
"GO:0015810",24,1,35,0,24,308384,11,515419,0.000305913202255868,0.00068296900968752,1.83172124495566,3.165599002361
"GO:0015825",24,1,35,0,24,308384,11,515419,0.000305913202255868,0.00068296900968752,1.83172124495566,3.165599002361
"GO:0015827",24,1,35,0,24,308384,11,515419,0.000305913202255868,0.00068296900968752,1.83172124495566,3.165599002361
"GO:0019781",24,0,35,0,24,308384,11,515419,0.000305913202255868,0.00068296900968752,1.83172124495566,3.165599002361
"GO:0022889",24,1,35,0,24,308384,11,515419,0.000305913202255868,0.00068296900968752,1.83172124495566,3.165599002361
"GO:0032329",24,1,35,0,24,308384,11,515419,0.000305913202255868,0.00068296900968752,1.83172124495566,3.165599002361
"GO:0033517",24,0,35,0,24,308384,11,515419,0.000305913202255868,0.00068296900968752,1.83172124495566,3.165599002361
"GO:0051668",24,0,35,0,24,308384,11,515419,0.000305913202255868,0.00068296900968752,1.83172124495566,3.165599002361
"GO:0004069",73,0,139,0,73,308335,66,515364,0.000306760336413525,0.000684666109511558,1.402892020642,3.16452116887051
"GO:0004639",20,0,28,0,20,308388,8,515422,0.000307822171539929,0.000686841307925829,1.90804296349548,3.16314359344011
"GO:0010104",89,0,175,0,89,308319,86,515344,0.000309953795717616,0.000691401609489677,1.35852659000878,3.16026961381347
"GO:0007035",80,1,154,0,80,308328,74,515356,0.000311718828025407,0.000695141817058359,1.3876676098149,3.15792658521869
"GO:0006836",54,3,97,0,54,308354,43,515387,0.000314829216826376,0.000701879239551752,1.48709327876555,3.15373760312341
"GO:0035336",126,7,260,0,126,308282,134,515296,0.000316166602813785,0.000704461788097967,1.29453376446386,3.15214255921647
"GO:0080019",126,7,260,0,126,308282,134,515296,0.000316166602813785,0.000704461788097967,1.29453376446386,3.15214255921647
"GO:0034722",15,0,81,0,15,308393,66,515364,0.000316665766930551,0.000705374339920005,0.49467780535068,3.15158034312875
"GO:0004766",65,1,121,0,65,308343,56,515374,0.000320110785781143,0.000712644826263902,1.43497446014949,3.14712686345179
"GO:0009638",65,0,121,0,65,308343,56,515374,0.000320110785781143,0.000712644826263902,1.43497446014949,3.14712686345179
"GO:0050662",147,3,309,0,147,308261,162,515268,0.000320487611075405,0.000713282011418035,1.27079366306592,3.14673872851036
"GO:0031977",93,4,184,0,93,308315,91,515339,0.000321449361681845,0.000715220286930323,1.35014779264735,3.14556017545244
"GO:0004825",51,2,91,0,51,308357,40,515390,0.000322427688416489,0.00071678925817978,1.49707986366569,3.14460851164421
"GO:0006431",51,2,91,0,51,308357,40,515390,0.000322427688416489,0.00071678925817978,1.49707986366569,3.14460851164421
"GO:0016744",51,0,91,0,51,308357,40,515390,0.000322427688416489,0.00071678925817978,1.49707986366569,3.14460851164421
"GO:0004683",100,3,200,0,100,308308,100,515330,0.000322919433280569,0.000717679779442303,1.33563007444684,3.14406928979992
"GO:0033178",40,0,67,0,40,308368,27,515403,0.000326828290458925,0.000725957195962939,1.59478217844398,3.13908898550532
"GO:0070413",40,0,67,0,40,308368,27,515403,0.000326828290458925,0.000725957195962939,1.59478217844398,3.13908898550532
"GO:0005787",74,1,141,0,74,308334,67,515363,0.000327193018779826,0.000726562325482309,1.4019379504832,3.13872712540991
"GO:0015995",143,3,300,0,143,308265,157,515273,0.000329283027800789,0.00073099717846808,1.27330067097265,3.13608429934598
"GO:0009067",80,2,155,0,80,308328,75,515355,0.000338784469649555,0.000751878022295264,1.37871491555803,3.12385260959569
"GO:0003950",101,2,202,0,101,308307,101,515329,0.000342009684985192,0.000758821939177968,1.33563007444684,3.11986012121222
"GO:0016575",157,6,333,0,157,308251,176,515254,0.000345148608617126,0.000765570540161739,1.259422953082,3.11601478694929
"GO:0006560",5,3,42,0,5,308403,37,515393,0.000346042388488641,0.000767336811882418,0.31800716058258,3.11501396664494
"GO:0004668",26,0,39,0,26,308382,13,515417,0.000348934048729718,0.000772009227543659,1.78084009926245,3.1123775086703
"GO:0008911",26,0,39,0,26,308382,13,515417,0.000348934048729718,0.000772009227543659,1.78084009926245,3.1123775086703
"GO:0010304",26,1,39,0,26,308382,13,515417,0.000348934048729718,0.000772009227543659,1.78084009926245,3.1123775086703
"GO:0030275",9,2,58,0,9,308399,49,515381,0.000348565914147,0.000772009227543659,0.414505885173156,3.1123775086703
"GO:0047632",26,0,39,0,26,308382,13,515417,0.000348934048729718,0.000772009227543659,1.78084009926245,3.1123775086703
"GO:0048578",38,0,63,0,38,308370,25,515405,0.000348514666191956,0.000772009227543659,1.61123628028507,3.1123775086703
"GO:0070611",26,0,39,0,26,308382,13,515417,0.000348934048729718,0.000772009227543659,1.78084009926245,3.1123775086703
"GO:0070829",26,0,39,0,26,308382,13,515417,0.000348934048729718,0.000772009227543659,1.78084009926245,3.1123775086703
"GO:0032264",57,1,104,0,57,308351,47,515383,0.00035194419973828,0.000778450334459045,1.46405604314365,3.10876909042847
"GO:0004140",42,1,72,0,42,308366,30,515400,0.000357623204977415,0.000790789289208485,1.55823508685464,3.10193922159048
"GO:0004326",55,0,99,0,55,308353,44,515386,0.000358187481187565,0.000791370152093322,1.48403341605204,3.10162033393557
"GO:0010330",55,0,99,0,55,308353,44,515386,0.000358187481187565,0.000791370152093322,1.48403341605204,3.10162033393557
"GO:0042023",55,1,99,0,55,308353,44,515386,0.000358187481187565,0.000791370152093322,1.48403341605204,3.10162033393557
"GO:0036265",49,0,87,0,49,308359,38,515392,0.000360181592437917,0.000795552608213042,1.50450284248034,3.09933109609134
"GO:0030433",91,2,180,0,91,308317,89,515341,0.00037104758427637,0.000819323024803249,1.35047040860736,3.08654484032614
"GO:0015245",45,0,78,0,45,308363,33,515397,0.000375076507376322,0.000827987175004601,1.54111162436173,3.08197639010868
"GO:0006545",28,0,43,0,28,308380,15,515415,0.00037581896230738,0.0008293935719887,1.73942521323309,3.08123933485174
"GO:0010906",34,0,55,0,34,308374,21,515409,0.000381742893975037,0.000841759120832351,1.65132445567973,3.0748121691416
"GO:0016320",34,0,55,0,34,308374,21,515409,0.000381742893975037,0.000841759120832351,1.65132445567973,3.0748121691416
"GO:0034308",34,0,55,0,34,308374,21,515409,0.000381742893975037,0.000841759120832351,1.65132445567973,3.0748121691416
"GO:0008663",22,0,32,0,22,308386,10,515420,0.000383251251451891,0.00084343132553237,1.8364913523644,3.07395027307073
"GO:0010097",22,0,32,0,22,308386,10,515420,0.000383251251451891,0.00084343132553237,1.8364913523644,3.07395027307073
"GO:0034432",22,0,32,0,22,308386,10,515420,0.000383251251451891,0.00084343132553237,1.8364913523644,3.07395027307073
"GO:0034477",22,1,32,0,22,308386,10,515420,0.000383251251451891,0.00084343132553237,1.8364913523644,3.07395027307073
"GO:0036361",22,0,32,0,22,308386,10,515420,0.000383251251451891,0.00084343132553237,1.8364913523644,3.07395027307073
"GO:0047734",22,0,32,0,22,308386,10,515420,0.000383251251451891,0.00084343132553237,1.8364913523644,3.07395027307073
"GO:0047918",22,0,32,0,22,308386,10,515420,0.000383251251451891,0.00084343132553237,1.8364913523644,3.07395027307073
"GO:0030628",40,3,68,0,40,308368,28,515402,0.000387796222969435,0.00085319504393946,1.57132949934922,3.06895167595584
"GO:0097504",30,0,47,0,30,308378,17,515413,0.000388501066892185,0.00085450695685255,1.7050596695066,3.0682843971792
"GO:0000064",32,0,51,0,32,308376,19,515411,0.000389589214884798,0.000854989210920861,1.67608479930583,3.06803936558422
"GO:0006883",32,1,51,0,32,308376,19,515411,0.000389589214884798,0.000854989210920861,1.67608479930583,3.06803936558422
"GO:0015556",32,0,51,0,32,308376,19,515411,0.000389589214884798,0.000854989210920861,1.67608479930583,3.06803936558422
"GO:0032506",58,3,106,0,58,308350,48,515382,0.000389481748567606,0.000854989210920861,1.4616329116588,3.06803936558422
"GO:0046963",32,0,51,0,32,308376,19,515411,0.000389589214884798,0.000854989210920861,1.67608479930583,3.06803936558422
"GO:0046964",32,0,51,0,32,308376,19,515411,0.000389589214884798,0.000854989210920861,1.67608479930583,3.06803936558422
"GO:0052662",32,1,51,0,32,308376,19,515411,0.000389589214884798,0.000854989210920861,1.67608479930583,3.06803936558422
"GO:1990575",32,0,51,0,32,308376,19,515411,0.000389589214884798,0.000854989210920861,1.67608479930583,3.06803936558422
"GO:0004003",369,6,851,0,369,308039,482,514948,0.000391559456456609,0.000859073590085403,1.15827848994332,3.06596963197888
"GO:0046320",10,0,11,0,10,308398,1,515429,0.000392217676617774,0.000860277946596578,2.42841831717607,3.06536121018563
"GO:1901016",92,2,182,0,92,308316,90,515340,0.00039496401343459,0.000865819190687022,1.35030732801219,3.06257279237697
"GO:2001257",92,2,182,0,92,308316,90,515340,0.00039496401343459,0.000865819190687022,1.35030732801219,3.06257279237697
"GO:0015114",50,0,89,0,50,308358,39,515391,0.000396819871993771,0.000869645331941806,1.50070794881667,3.06065782989342
"GO:0005983",55,0,100,0,55,308353,45,515385,0.000398425483630831,0.000872921070732509,1.46919308189152,3.05902502329903
"GO:0003883",47,1,83,0,47,308361,36,515394,0.000401140681093243,0.000877280539154354,1.51264128913256,3.05686150455415
"GO:0004777",16,1,21,0,16,308392,5,515425,0.000401529697989474,0.000877280539154354,2.03524582772851,3.05686150455415
"GO:0004821",47,3,83,0,47,308361,36,515394,0.000401140681093243,0.000877280539154354,1.51264128913256,3.05686150455415
"GO:0006276",16,1,21,0,16,308392,5,515425,0.000401529697989474,0.000877280539154354,2.03524582772851,3.05686150455415
"GO:0006427",47,3,83,0,47,308361,36,515394,0.000401140681093243,0.000877280539154354,1.51264128913256,3.05686150455415
"GO:0046033",47,1,83,0,47,308361,36,515394,0.000401140681093243,0.000877280539154354,1.51264128913256,3.05686150455415
"GO:0050821",203,6,444,0,203,308205,241,515189,0.000401319216369943,0.000877280539154354,1.22131939239959,3.05686150455415
"GO:0071424",16,1,21,0,16,308392,5,515425,0.000401529697989474,0.000877280539154354,2.03524582772851,3.05686150455415
"GO:0080124",16,0,21,0,16,308392,5,515425,0.000401529697989474,0.000877280539154354,2.03524582772851,3.05686150455415
"GO:0097363",16,1,21,0,16,308392,5,515425,0.000401529697989474,0.000877280539154354,2.03524582772851,3.05686150455415
"GO:0016591",34,9,145,0,34,308374,111,515319,0.000402842328747101,0.000879904220837175,0.626364448706103,3.05556459901544
"GO:0044242",56,3,216,0,56,308352,160,515270,0.000415325543684762,0.000906918912589861,0.692548927490952,3.04243154137325
"GO:0010675",61,0,113,0,61,308347,52,515378,0.000417466636202513,0.00091058391803441,1.4420076909957,3.04068002410315
"GO:0031537",38,0,64,0,38,308370,26,515404,0.000417182687731145,0.00091058391803441,1.58606071340562,3.04068002410315
"GO:0080072",61,4,113,0,61,308347,52,515378,0.000417466636202513,0.00091058391803441,1.4420076909957,3.04068002410315
"GO:0080089",61,4,113,0,61,308347,52,515378,0.000417466636202513,0.00091058391803441,1.4420076909957,3.04068002410315
"GO:1901379",92,2,183,0,92,308316,91,515339,0.000420949133018119,0.000917925644077184,1.34292859944381,3.0371924970938
"GO:0051129",156,12,332,0,156,308252,176,515254,0.000421324897114748,0.00091849060927369,1.25517043140787,3.03692527959929
"GO:0004743",118,2,243,0,118,308290,125,515305,0.000425203660935767,0.000926433218623404,1.29715513403067,3.03318588107109
"GO:0030955",118,2,243,0,118,308290,125,515305,0.000425203660935767,0.000926433218623404,1.29715513403067,3.03318588107109
"GO:0042447",68,1,253,0,68,308340,185,515245,0.000435393643745889,0.000948372651789607,0.717967154643359,3.02302097825787
"GO:0045737",21,0,30,0,21,308387,9,515421,0.000435661177283193,0.000948692887295518,1.86988210422557,3.02287435547485
"GO:0001871",100,6,201,0,100,308308,101,515329,0.000438923936775334,0.000951924532693167,1.32898514870332,3.02139748053787
"GO:0004362",24,0,36,0,24,308384,12,515418,0.000439080027719625,0.000951924532693167,1.78084009926245,3.02139748053787
"GO:0004455",24,0,36,0,24,308384,12,515418,0.000439080027719625,0.000951924532693167,1.78084009926245,3.02139748053787
"GO:0007043",24,0,36,0,24,308384,12,515418,0.000439080027719625,0.000951924532693167,1.78084009926245,3.02139748053787
"GO:0008832",24,1,36,0,24,308384,12,515418,0.000439080027719625,0.000951924532693167,1.78084009926245,3.02139748053787
"GO:0010581",24,0,36,0,24,308384,12,515418,0.000439080027719625,0.000951924532693167,1.78084009926245,3.02139748053787
"GO:0015117",24,0,36,0,24,308384,12,515418,0.000439080027719625,0.000951924532693167,1.78084009926245,3.02139748053787
"GO:0015131",24,0,36,0,24,308384,12,515418,0.000439080027719625,0.000951924532693167,1.78084009926245,3.02139748053787
"GO:0015141",24,0,36,0,24,308384,12,515418,0.000439080027719625,0.000951924532693167,1.78084009926245,3.02139748053787
"GO:0015709",24,0,36,0,24,308384,12,515418,0.000439080027719625,0.000951924532693167,1.78084009926245,3.02139748053787
"GO:0015729",24,0,36,0,24,308384,12,515418,0.000439080027719625,0.000951924532693167,1.78084009926245,3.02139748053787
"GO:0045216",24,0,36,0,24,308384,12,515418,0.000439080027719625,0.000951924532693167,1.78084009926245,3.02139748053787
"GO:0070544",24,0,36,0,24,308384,12,515418,0.000439080027719625,0.000951924532693167,1.78084009926245,3.02139748053787
"GO:0071422",24,0,36,0,24,308384,12,515418,0.000439080027719625,0.000951924532693167,1.78084009926245,3.02139748053787
"GO:0080153",24,0,36,0,24,308384,12,515418,0.000439080027719625,0.000951924532693167,1.78084009926245,3.02139748053787
"GO:1902356",24,0,36,0,24,308384,12,515418,0.000439080027719625,0.000951924532693167,1.78084009926245,3.02139748053787
"GO:0004839",13,0,16,0,13,308395,3,515427,0.00044286234835804,0.000956496819597083,2.17039887097611,3.01931646968659
"GO:0006488",119,3,245,0,119,308289,126,515304,0.000442937472979394,0.000956496819597083,1.29746921517693,3.01931646968659
"GO:0006659",13,0,16,0,13,308395,3,515427,0.00044286234835804,0.000956496819597083,2.17039887097611,3.01931646968659
"GO:0008517",13,0,16,0,13,308395,3,515427,0.00044286234835804,0.000956496819597083,2.17039887097611,3.01931646968659
"GO:0015231",13,0,16,0,13,308395,3,515427,0.00044286234835804,0.000956496819597083,2.17039887097611,3.01931646968659
"GO:0015350",13,0,16,0,13,308395,3,515427,0.00044286234835804,0.000956496819597083,2.17039887097611,3.01931646968659
"GO:0015884",13,0,16,0,13,308395,3,515427,0.00044286234835804,0.000956496819597083,2.17039887097611,3.01931646968659
"GO:0015885",13,0,16,0,13,308395,3,515427,0.00044286234835804,0.000956496819597083,2.17039887097611,3.01931646968659
"GO:0030490",254,13,569,0,254,308154,315,515115,0.000442012842017918,0.000956496819597083,1.19244301901405,3.01931646968659
"GO:0043337",13,0,16,0,13,308395,3,515427,0.00044286234835804,0.000956496819597083,2.17039887097611,3.01931646968659
"GO:0051211",56,0,102,0,56,308352,46,515384,0.000442399872369267,0.000956496819597083,1.4665741993926,3.01931646968659
"GO:0051958",13,0,16,0,13,308395,3,515427,0.00044286234835804,0.000956496819597083,2.17039887097611,3.01931646968659
"GO:0072349",13,0,16,0,13,308395,3,515427,0.00044286234835804,0.000956496819597083,2.17039887097611,3.01931646968659
"GO:0099513",232,9,515,0,232,308176,283,515147,0.000443011611312369,0.000956496819597083,1.20336379522977,3.01931646968659
"GO:0106245",13,0,16,0,13,308395,3,515427,0.00044286234835804,0.000956496819597083,2.17039887097611,3.01931646968659
"GO:0004611",48,2,85,0,48,308360,37,515393,0.000443792511477377,0.000957395080939959,1.50847631937525,3.01890880823711
"GO:0034271",48,0,85,0,48,308360,37,515393,0.000443792511477377,0.000957395080939959,1.50847631937525,3.01890880823711
"GO:0034272",48,0,85,0,48,308360,37,515393,0.000443792511477377,0.000957395080939959,1.50847631937525,3.01890880823711
"GO:0010118",195,9,426,0,195,308213,231,515199,0.000446687642310165,0.000963376745278252,1.22275992731048,3.0162038412261
"GO:0006627",53,0,96,0,53,308355,43,515387,0.000450374808115155,0.000970531204347797,1.47475820720172,3.01299049669169
"GO:0042720",53,0,96,0,53,308355,43,515387,0.000450374808115155,0.000970531204347797,1.47475820720172,3.01299049669169
"GO:1903322",53,0,96,0,53,308355,43,515387,0.000450374808115155,0.000970531204347797,1.47475820720172,3.01299049669169
"GO:0009554",15,1,80,0,15,308393,65,515365,0.000450582957985199,0.000970714024427883,0.500861277917564,3.01290869584446
"GO:0009788",201,2,440,0,201,308207,239,515191,0.000455213167729565,0.000980420808855578,1.22028020438097,3.00858747967695
"GO:0098660",370,16,855,0,370,308038,485,514945,0.000461700241673956,0.000994120432838452,1.15598392408264,3.00256099975872
"GO:0045736",67,1,127,0,67,308341,60,515370,0.000463824413164463,0.000998421050158779,1.40924748012501,3.00068627113979
"GO:0045664",104,0,211,0,104,308304,107,515323,0.000470087335043439,0.0010116258888633,1.31664007338835,2.99498006500714
"GO:0001776",26,0,40,0,26,308382,14,515416,0.000474719668570356,0.00102020017225931,1.73631909678089,2.99131460747484
"GO:0004001",26,0,40,0,26,308382,14,515416,0.000474719668570356,0.00102020017225931,1.73631909678089,2.99131460747484
"GO:0006166",26,0,40,0,26,308382,14,515416,0.000474719668570356,0.00102020017225931,1.73631909678089,2.99131460747484
"GO:0009446",26,0,40,0,26,308382,14,515416,0.000474719668570356,0.00102020017225931,1.73631909678089,2.99131460747484
"GO:0017176",26,0,40,0,26,308382,14,515416,0.000474719668570356,0.00102020017225931,1.73631909678089,2.99131460747484
"GO:0009685",312,3,711,0,312,308096,399,515031,0.000476616831936074,0.00102399773498929,1.17219854634997,2.98970100398786
"GO:0035220",80,3,156,0,80,308328,76,515354,0.000477353959932532,0.00102530160234349,1.36987699943265,2.98914836390922
"GO:0044611",32,0,52,0,32,308376,20,515410,0.00048568682583434,0.00104291508264264,1.64385239931918,2.98175105172791
"GO:0006857",39,0,66,0,39,308369,27,515403,0.000488667735250561,0.00104874384184635,1.57847190616444,2.97933057630389
"GO:0042939",39,0,66,0,39,308369,27,515403,0.000488667735250561,0.00104874384184635,1.57847190616444,2.97933057630389
"GO:0043998",28,0,44,0,28,308380,16,515414,0.00049223492395108,0.00105524872585591,1.69989282202325,2.97664516355553
"GO:0061085",28,0,44,0,28,308380,16,515414,0.00049223492395108,0.00105524872585591,1.69989282202325,2.97664516355553
"GO:0061087",28,0,44,0,28,308380,16,515414,0.00049223492395108,0.00105524872585591,1.69989282202325,2.97664516355553
"GO:0080084",28,0,44,0,28,308380,16,515414,0.00049223492395108,0.00105524872585591,1.69989282202325,2.97664516355553
"GO:0000014",30,0,48,0,30,308378,18,515412,0.000494776853126424,0.00105954390310425,1.66953759305855,2.97488104321852
"GO:0009649",46,0,81,0,46,308362,35,515395,0.000494776700286585,0.00105954390310425,1.51701193640875,2.97488104321852
"GO:0009727",30,1,48,0,30,308378,18,515412,0.000494776853126424,0.00105954390310425,1.66953759305855,2.97488104321852
"GO:0047874",30,1,48,0,30,308378,18,515412,0.000494776853126424,0.00105954390310425,1.66953759305855,2.97488104321852
"GO:0044786",109,6,222,0,109,308299,113,515317,0.000495386090506406,0.00106056005016765,1.31156466770005,2.97446473618268
"GO:0006405",208,9,458,0,208,308200,250,515180,0.000496629683320077,0.00106293335157576,1.21314871390804,2.97349396590974
"GO:0022898",94,2,188,0,94,308314,94,515336,0.000497073773899286,0.00106301677482618,1.33563007444684,2.97345988208351
"GO:0032409",94,2,188,0,94,308314,94,515336,0.000497073773899286,0.00106301677482618,1.33563007444684,2.97345988208351
"GO:0032412",94,2,188,0,94,308314,94,515336,0.000497073773899286,0.00106301677482618,1.33563007444684,2.97345988208351
"GO:0052547",124,2,258,0,124,308284,134,515296,0.000499446819517542,0.00106751163813253,1.28386146691014,2.9716273815496
"GO:0052548",124,2,258,0,124,308284,134,515296,0.000499446819517542,0.00106751163813253,1.28386146691014,2.9716273815496
"GO:0046621",54,1,98,0,54,308354,44,515386,0.000501884946309368,0.00107243167680438,1.47191885755366,2.96963036658568
"GO:0035601",91,5,181,0,91,308317,90,515340,0.000511881973486565,0.00109319991733213,1.34300924612886,2.96130040982076
"GO:0098732",91,5,181,0,91,308317,90,515340,0.000511881973486565,0.00109319991733213,1.34300924612886,2.96130040982076
"GO:0001729",23,0,34,0,23,308385,11,515419,0.000520673432534097,0.001101516060443,1.8070289242516,2.95800916631991
"GO:0001941",23,0,34,0,23,308385,11,515419,0.000520673432534097,0.001101516060443,1.8070289242516,2.95800916631991
"GO:0001960",23,0,34,0,23,308385,11,515419,0.000520673432534097,0.001101516060443,1.8070289242516,2.95800916631991
"GO:0002260",23,0,34,0,23,308385,11,515419,0.000520673432534097,0.001101516060443,1.8070289242516,2.95800916631991
"GO:0004576",23,0,34,0,23,308385,11,515419,0.000520673432534097,0.001101516060443,1.8070289242516,2.95800916631991
"GO:0004719",23,0,34,0,23,308385,11,515419,0.000520673432534097,0.001101516060443,1.8070289242516,2.95800916631991
"GO:0004807",23,0,34,0,23,308385,11,515419,0.000520673432534097,0.001101516060443,1.8070289242516,2.95800916631991
"GO:0005126",23,0,34,0,23,308385,11,515419,0.000520673432534097,0.001101516060443,1.8070289242516,2.95800916631991
"GO:0005133",23,0,34,0,23,308385,11,515419,0.000520673432534097,0.001101516060443,1.8070289242516,2.95800916631991
"GO:0006742",23,0,34,0,23,308385,11,515419,0.000520673432534097,0.001101516060443,1.8070289242516,2.95800916631991
"GO:0006924",23,0,34,0,23,308385,11,515419,0.000520673432534097,0.001101516060443,1.8070289242516,2.95800916631991
"GO:0010185",23,0,34,0,23,308385,11,515419,0.000520673432534097,0.001101516060443,1.8070289242516,2.95800916631991
"GO:0016024",23,0,34,0,23,308385,11,515419,0.000520673432534097,0.001101516060443,1.8070289242516,2.95800916631991
"GO:0019677",23,0,34,0,23,308385,11,515419,0.000520673432534097,0.001101516060443,1.8070289242516,2.95800916631991
"GO:0030971",23,0,34,0,23,308385,11,515419,0.000520673432534097,0.001101516060443,1.8070289242516,2.95800916631991
"GO:0031594",23,0,34,0,23,308385,11,515419,0.000520673432534097,0.001101516060443,1.8070289242516,2.95800916631991
"GO:0032088",23,0,34,0,23,308385,11,515419,0.000520673432534097,0.001101516060443,1.8070289242516,2.95800916631991
"GO:0043029",23,0,34,0,23,308385,11,515419,0.000520673432534097,0.001101516060443,1.8070289242516,2.95800916631991
"GO:0045088",179,9,388,0,179,308229,209,515221,0.000518351745570471,0.001101516060443,1.2323597078659,2.95800916631991
"GO:0046166",23,0,34,0,23,308385,11,515419,0.000520673432534097,0.001101516060443,1.8070289242516,2.95800916631991
"GO:0046244",23,0,34,0,23,308385,11,515419,0.000520673432534097,0.001101516060443,1.8070289242516,2.95800916631991
"GO:0048285",342,10,786,0,342,308066,444,514986,0.000520655126708986,0.001101516060443,1.16230403425145,2.95800916631991
"GO:0051245",23,0,34,0,23,308385,11,515419,0.000520673432534097,0.001101516060443,1.8070289242516,2.95800916631991
"GO:0051365",23,0,34,0,23,308385,11,515419,0.000520673432534097,0.001101516060443,1.8070289242516,2.95800916631991
"GO:0060330",23,0,34,0,23,308385,11,515419,0.000520673432534097,0.001101516060443,1.8070289242516,2.95800916631991
"GO:0060331",23,0,34,0,23,308385,11,515419,0.000520673432534097,0.001101516060443,1.8070289242516,2.95800916631991
"GO:0060334",23,0,34,0,23,308385,11,515419,0.000520673432534097,0.001101516060443,1.8070289242516,2.95800916631991
"GO:0060336",23,0,34,0,23,308385,11,515419,0.000520673432534097,0.001101516060443,1.8070289242516,2.95800916631991
"GO:0060761",23,0,34,0,23,308385,11,515419,0.000520673432534097,0.001101516060443,1.8070289242516,2.95800916631991
"GO:0070227",23,0,34,0,23,308385,11,515419,0.000520673432534097,0.001101516060443,1.8070289242516,2.95800916631991
"GO:0070231",23,0,34,0,23,308385,11,515419,0.000520673432534097,0.001101516060443,1.8070289242516,2.95800916631991
"GO:0071340",23,0,34,0,23,308385,11,515419,0.000520673432534097,0.001101516060443,1.8070289242516,2.95800916631991
"GO:0071887",23,0,34,0,23,308385,11,515419,0.000520673432534097,0.001101516060443,1.8070289242516,2.95800916631991
"GO:0080048",23,0,34,0,23,308385,11,515419,0.000520673432534097,0.001101516060443,1.8070289242516,2.95800916631991
"GO:1990782",23,0,34,0,23,308385,11,515419,0.000520673432534097,0.001101516060443,1.8070289242516,2.95800916631991
"GO:0048509",160,4,343,0,160,308248,183,515247,0.0005250087841547,0.00111038934682047,1.2460688741195,2.95452471353122
"GO:0004357",37,1,62,0,37,308371,25,515405,0.000525735088208613,0.00111162681020097,1.59413912111397,2.95404098745968
"GO:0032468",41,0,71,0,41,308367,30,515400,0.000541201613994621,0.00114371519607132,1.54255867753015,2.94168210856191
"GO:0032472",41,0,71,0,41,308367,30,515400,0.000541201613994621,0.00114371519607132,1.54255867753015,2.94168210856191
"GO:0003841",44,0,77,0,44,308364,33,515397,0.000549604489671989,0.00116022701600909,1.52643437079638,2.93545702615762
"GO:0010232",44,0,77,0,44,308364,33,515397,0.000549604489671989,0.00116022701600909,1.52643437079638,2.93545702615762
"GO:0010233",44,0,77,0,44,308364,33,515397,0.000549604489671989,0.00116022701600909,1.52643437079638,2.93545702615762
"GO:0050291",44,0,77,0,44,308364,33,515397,0.000549604489671989,0.00116022701600909,1.52643437079638,2.93545702615762
"GO:0006573",46,4,183,0,46,308362,137,515293,0.000549762339416612,0.00116024909809318,0.671464299721907,2.93544876050282
"GO:0005991",6,2,45,0,6,308402,39,515391,0.000551706406533471,0.00116372798291305,0.35616801985249,2.93414852254321
"GO:0030491",6,1,45,0,6,308402,39,515391,0.000551706406533471,0.00116372798291305,0.35616801985249,2.93414852254321
"GO:0008883",35,0,58,0,35,308373,23,515407,0.000559788051511482,0.00117982638326597,1.61196733122894,2.92818189636935
"GO:0042781",35,0,58,0,35,308373,23,515407,0.000559788051511482,0.00117982638326597,1.61196733122894,2.92818189636935
"GO:0048829",35,1,58,0,35,308373,23,515407,0.000559788051511482,0.00117982638326597,1.61196733122894,2.92818189636935
"GO:0050769",99,0,200,0,99,308309,101,515329,0.000563303627560868,0.00118660052345709,1.32227377370237,2.9256954644138
"GO:0051962",99,0,200,0,99,308309,101,515329,0.000563303627560868,0.00118660052345709,1.32227377370237,2.9256954644138
"GO:0070482",114,4,235,0,114,308294,121,515309,0.000564274947816904,0.0011883286220478,1.29584534882502,2.92506344234611
"GO:0016462",1013,36,2483,0,1013,307395,1470,513960,0.000565027947032982,0.00118959614844708,1.0898052882921,2.92460045059815
"GO:0009082",54,1,99,0,54,308354,45,515385,0.000567435799043082,0.00119402689389659,1.45705099030564,2.92298589118039
"GO:1902410",54,3,99,0,54,308354,45,515385,0.000567435799043082,0.00119402689389659,1.45705099030564,2.92298589118039
"GO:0071040",49,3,88,0,49,308359,39,515391,0.00057238631851959,0.00120412215376435,1.48740621927034,2.91932945326523
"GO:0004134",25,1,38,0,25,308383,13,515417,0.000577188610826766,0.00121195752051969,1.75740799269321,2.91651260205687
"GO:0004347",25,0,38,0,25,308383,13,515417,0.000577188610826766,0.00121195752051969,1.75740799269321,2.91651260205687
"GO:0004733",25,0,38,0,25,308383,13,515417,0.000577188610826766,0.00121195752051969,1.75740799269321,2.91651260205687
"GO:0008138",25,1,38,0,25,308383,13,515417,0.000577188610826766,0.00121195752051969,1.75740799269321,2.91651260205687
"GO:0031985",25,0,38,0,25,308383,13,515417,0.000577188610826766,0.00121195752051969,1.75740799269321,2.91651260205687
"GO:0034256",25,1,38,0,25,308383,13,515417,0.000577188610826766,0.00121195752051969,1.75740799269321,2.91651260205687
"GO:0043113",25,0,38,0,25,308383,13,515417,0.000577188610826766,0.00121195752051969,1.75740799269321,2.91651260205687
"GO:0004888",202,15,444,0,202,308206,242,515188,0.000580575905020957,0.00121874493981999,1.21530304071289,2.9140871744629
"GO:0051195",69,0,132,0,69,308339,63,515367,0.000585461068129537,0.00122867222828998,1.39634053237624,2.91056395798459
"GO:0000472",33,2,54,0,33,308375,21,515409,0.000588437189890619,0.00123360254562422,1.63243675765724,2.90882474309548
"GO:0000480",33,2,54,0,33,308375,21,515409,0.000588437189890619,0.00123360254562422,1.63243675765724,2.90882474309548
"GO:0004146",33,0,54,0,33,308375,21,515409,0.000588437189890619,0.00123360254562422,1.63243675765724,2.90882474309548
"GO:0010078",33,2,54,0,33,308375,21,515409,0.000588437189890619,0.00123360254562422,1.63243675765724,2.90882474309548
"GO:0044264",182,6,396,0,182,308226,214,515216,0.00059129376414132,0.00123926105200226,1.22770037146123,2.90683719927196
"GO:0009251",140,16,296,0,140,308268,156,515274,0.000594799065770362,0.00124627581733944,1.26343385420647,2.90438583192047
"GO:0004358",18,0,25,0,18,308390,7,515423,0.000605303833847203,0.00126693745813485,1.92330730720345,2.89724482336227
"GO:0006592",18,0,25,0,18,308390,7,515423,0.000605303833847203,0.00126693745813485,1.92330730720345,2.89724482336227
"GO:0043137",18,0,25,0,18,308390,7,515423,0.000605303833847203,0.00126693745813485,1.92330730720345,2.89724482336227
"GO:0044273",18,0,25,0,18,308390,7,515423,0.000605303833847203,0.00126693745813485,1.92330730720345,2.89724482336227
"GO:0010487",42,1,73,0,42,308366,31,515399,0.000607881931951649,0.00127064433572049,1.53688940073335,2.89597599519717
"GO:0032545",42,0,73,0,42,308366,31,515399,0.000607881931951649,0.00127064433572049,1.53688940073335,2.89597599519717
"GO:0034456",42,0,73,0,42,308366,31,515399,0.000607881931951649,0.00127064433572049,1.53688940073335,2.89597599519717
"GO:0055105",27,0,42,0,27,308381,15,515415,0.00060764858885996,0.00127064433572049,1.71723866714593,2.89597599519717
"GO:0080161",42,2,73,0,42,308366,31,515399,0.000607881931951649,0.00127064433572049,1.53688940073335,2.89597599519717
"GO:1990498",31,0,50,0,31,308377,19,515411,0.000608611301545918,0.00127183120938929,1.65618129231408,2.89557052209556
"GO:0043266",93,2,186,0,93,308315,93,515337,0.000609796847800583,0.00127363247171297,1.33563007444684,2.89495587697294
"GO:0045596",93,2,186,0,93,308315,93,515337,0.000609796847800583,0.00127363247171297,1.33563007444684,2.89495587697294
"GO:0009704",29,0,46,0,29,308379,17,515413,0.00061650686171621,0.00128696420456908,1.68405531125906,2.89043353232974
"GO:0010226",29,0,46,0,29,308379,17,515413,0.00061650686171621,0.00128696420456908,1.68405531125906,2.89043353232974
"GO:0006285",55,0,101,0,55,308353,46,515384,0.000618443094977244,0.00129066385038729,1.45464661573418,2.88918685372994
"GO:0009931",96,3,194,0,96,308312,98,515332,0.000625405207401836,0.00130450179985884,1.32186069223604,2.8845553173547
"GO:0010857",96,3,194,0,96,308312,98,515332,0.000625405207401836,0.00130450179985884,1.32186069223604,2.8845553173547
"GO:0033120",70,1,134,0,70,308338,64,515366,0.000634470951923543,0.00132271062858637,1.39543440613849,2.87853515668471
"GO:0050685",70,1,134,0,70,308338,64,515366,0.000634470951923543,0.00132271062858637,1.39543440613849,2.87853515668471
"GO:0070382",76,3,148,0,76,308332,72,515358,0.000635673417333801,0.00132486659816036,1.37172818456702,2.8778278489721
"GO:0030855",73,1,141,0,73,308335,68,515362,0.000635946349633,0.00132508461204631,1.38299284304424,2.87775638937126
"GO:1903828",37,3,63,0,37,308371,26,515404,0.000642770235921919,0.00133894874230679,1.56883532554073,2.87323604834976
"GO:0032436",52,2,95,0,52,308356,43,515387,0.000643719583146715,0.00134021702156333,1.46216344992075,2.8728248705636
"GO:1900424",52,0,95,0,52,308356,43,515387,0.000643719583146715,0.00134021702156333,1.46216344992075,2.8728248705636
"GO:0000214",64,2,121,0,64,308344,57,515373,0.000656785206119636,0.00136669657482786,1.41289792999335,2.86432789399463
"GO:0000379",64,2,121,0,64,308344,57,515373,0.000656785206119636,0.00136669657482786,1.41289792999335,2.86432789399463
"GO:0000784",83,1,164,0,83,308325,81,515349,0.000660064762471759,0.00137315798366218,1.35191824608643,2.86227949372781
"GO:0004832",40,1,69,0,40,308368,29,515401,0.000668903570773914,0.0013904433348646,1.5485566080543,2.85684670536657
"GO:0006438",40,1,69,0,40,308368,29,515401,0.000668903570773914,0.0013904433348646,1.5485566080543,2.85684670536657
"GO:0019288",40,2,69,0,40,308368,29,515401,0.000668903570773914,0.0013904433348646,1.5485566080543,2.85684670536657
"GO:0033500",77,1,150,0,77,308331,73,515357,0.000683373438394422,0.00142014670196433,1.37124687643209,2.84766679043191
"GO:0000811",22,2,102,0,22,308386,80,515350,0.000691074860984446,0.0014357723160912,0.576154149761381,2.84291442479087
"GO:0006335",35,1,59,0,35,308373,24,515406,0.000692248200660558,0.00143581230543119,1.58464585103862,2.84290232892605
"GO:0010187",35,2,59,0,35,308373,24,515406,0.000692248200660558,0.00143581230543119,1.58464585103862,2.84290232892605
"GO:0016782",35,0,59,0,35,308373,24,515406,0.000692248200660558,0.00143581230543119,1.58464585103862,2.84290232892605
"GO:0016920",21,0,31,0,21,308387,10,515420,0.000692370872893394,0.00143581230543119,1.80956332666991,2.84290232892605
"GO:1901407",21,0,31,0,21,308387,10,515420,0.000692370872893394,0.00143581230543119,1.80956332666991,2.84290232892605
"GO:1901409",21,0,31,0,21,308387,10,515420,0.000692370872893394,0.00143581230543119,1.80956332666991,2.84290232892605
"GO:1904031",21,0,31,0,21,308387,10,515420,0.000692370872893394,0.00143581230543119,1.80956332666991,2.84290232892605
"GO:0022853",34,6,143,0,34,308374,109,515321,0.000694512442046076,0.00143798052177452,0.635124790646048,2.84224699666742
"GO:0042625",34,6,143,0,34,308374,109,515321,0.000694512442046076,0.00143798052177452,0.635124790646048,2.84224699666742
"GO:0048444",152,0,325,0,152,308256,173,515257,0.000694481739277021,0.00143798052177452,1.24932782348258,2.84224699666742
"GO:0090662",34,6,143,0,34,308374,109,515321,0.000694512442046076,0.00143798052177452,0.635124790646048,2.84224699666742
"GO:0099131",34,6,143,0,34,308374,109,515321,0.000694512442046076,0.00143798052177452,0.635124790646048,2.84224699666742
"GO:0099132",34,6,143,0,34,308374,109,515321,0.000694512442046076,0.00143798052177452,0.635124790646048,2.84224699666742
"GO:0015939",46,4,181,0,46,308362,135,515295,0.000695992506209967,0.0014402873314629,0.678883794746458,2.8415508592792
"GO:0033317",46,4,181,0,46,308362,135,515295,0.000695992506209967,0.0014402873314629,0.678883794746458,2.8415508592792
"GO:0008889",61,0,115,0,61,308347,54,515376,0.000700158005497465,0.00144852662793063,1.41692929636969,2.83907351685163
"GO:0044427",715,26,1727,0,715,307693,1012,514418,0.000709413190242677,0.00146728865832642,1.10593573043369,2.83348443940398
"GO:0019209",45,1,80,0,45,308363,35,515395,0.000720792558519611,0.00149043315489004,1.50258383375269,2.82668749706402
"GO:0034356",17,0,23,0,17,308391,6,515424,0.000721581169338201,0.00149167199711931,1.97440967526924,2.82632666312447
"GO:0005976",213,6,473,0,213,308195,260,515170,0.000730898085626735,0.00151053550277072,1.20291418967094,2.82086906285928
"GO:0019213",68,2,130,0,68,308340,62,515368,0.000731529856755961,0.00151104776499158,1.39727453942131,2.82072180717361
"GO:0033558",68,2,130,0,68,308340,62,515368,0.000731529856755961,0.00151104776499158,1.39727453942131,2.82072180717361
"GO:0009846",77,0,151,0,77,308331,74,515356,0.000731823543390487,0.001511257852458,1.36216577129015,2.82066142954204
"GO:0030865",71,4,137,0,71,308337,66,515364,0.000733746001493917,0.00151443327838493,1.38437569760183,2.81974985568706
"GO:2000012",74,4,144,0,74,308334,70,515360,0.000733740389656488,0.00151443327838493,1.37273090984814,2.81974985568706
"GO:0097190",114,0,236,0,114,308294,122,515308,0.000737444532244376,0.00152166798370321,1.29035447870288,2.81768009695792
"GO:0015211",95,0,192,0,95,308313,97,515333,0.000751407105168922,0.00155007251883903,1.32171726117135,2.80964798325236
"GO:0072348",131,5,276,0,131,308277,145,515285,0.000753491005884024,0.00155396415989495,1.26788072284446,2.80855900184099
"GO:0031306",56,0,104,0,56,308352,48,515382,0.000756864029811093,0.00156010307480307,1.43837084940429,2.80684670719722
"GO:0031307",56,0,104,0,56,308352,48,515382,0.000756864029811093,0.00156010307480307,1.43837084940429,2.80684670719722
"GO:0000257",23,1,35,0,23,308385,12,515418,0.000765921049181303,0.00156768863732585,1.75539952641584,2.80474018943147
"GO:0000703",23,0,35,0,23,308385,12,515418,0.000765921049181303,0.00156768863732585,1.75539952641584,2.80474018943147
"GO:0003400",23,0,35,0,23,308385,12,515418,0.000765921049181303,0.00156768863732585,1.75539952641584,2.80474018943147
"GO:0006919",23,0,35,0,23,308385,12,515418,0.000765921049181303,0.00156768863732585,1.75539952641584,2.80474018943147
"GO:0008352",23,1,35,0,23,308385,12,515418,0.000765921049181303,0.00156768863732585,1.75539952641584,2.80474018943147
"GO:0008440",23,0,35,0,23,308385,12,515418,0.000765921049181303,0.00156768863732585,1.75539952641584,2.80474018943147
"GO:0010966",23,0,35,0,23,308385,12,515418,0.000765921049181303,0.00156768863732585,1.75539952641584,2.80474018943147
"GO:0018822",23,1,35,0,23,308385,12,515418,0.000765921049181303,0.00156768863732585,1.75539952641584,2.80474018943147
"GO:0019695",23,0,35,0,23,308385,12,515418,0.000765921049181303,0.00156768863732585,1.75539952641584,2.80474018943147
"GO:0022409",23,0,35,0,23,308385,12,515418,0.000765921049181303,0.00156768863732585,1.75539952641584,2.80474018943147
"GO:0030217",23,0,35,0,23,308385,12,515418,0.000765921049181303,0.00156768863732585,1.75539952641584,2.80474018943147
"GO:0031390",23,0,35,0,23,308385,12,515418,0.000765921049181303,0.00156768863732585,1.75539952641584,2.80474018943147
"GO:0033077",23,0,35,0,23,308385,12,515418,0.000765921049181303,0.00156768863732585,1.75539952641584,2.80474018943147
"GO:0035658",23,0,35,0,23,308385,12,515418,0.000765921049181303,0.00156768863732585,1.75539952641584,2.80474018943147
"GO:0042102",23,0,35,0,23,308385,12,515418,0.000765921049181303,0.00156768863732585,1.75539952641584,2.80474018943147
"GO:0042110",23,0,35,0,23,308385,12,515418,0.000765921049181303,0.00156768863732585,1.75539952641584,2.80474018943147
"GO:0042129",23,0,35,0,23,308385,12,515418,0.000765921049181303,0.00156768863732585,1.75539952641584,2.80474018943147
"GO:0042425",23,0,35,0,23,308385,12,515418,0.000765921049181303,0.00156768863732585,1.75539952641584,2.80474018943147
"GO:0045785",23,0,35,0,23,308385,12,515418,0.000765921049181303,0.00156768863732585,1.75539952641584,2.80474018943147
"GO:0046510",23,0,35,0,23,308385,12,515418,0.000765921049181303,0.00156768863732585,1.75539952641584,2.80474018943147
"GO:0048476",23,0,35,0,23,308385,12,515418,0.000765921049181303,0.00156768863732585,1.75539952641584,2.80474018943147
"GO:0050863",23,0,35,0,23,308385,12,515418,0.000765921049181303,0.00156768863732585,1.75539952641584,2.80474018943147
"GO:0050870",23,0,35,0,23,308385,12,515418,0.000765921049181303,0.00156768863732585,1.75539952641584,2.80474018943147
"GO:0072531",23,0,35,0,23,308385,12,515418,0.000765921049181303,0.00156768863732585,1.75539952641584,2.80474018943147
"GO:0098590",81,2,160,0,81,308327,79,515351,0.000762719093074493,0.00156768863732585,1.35232545037742,2.80474018943147
"GO:1903037",23,0,35,0,23,308385,12,515418,0.000765921049181303,0.00156768863732585,1.75539952641584,2.80474018943147
"GO:1903039",23,0,35,0,23,308385,12,515418,0.000765921049181303,0.00156768863732585,1.75539952641584,2.80474018943147
"GO:0034498",20,0,29,0,20,308388,9,515421,0.000772001112956988,0.00157931204812823,1.84224837854736,2.80153205150477
"GO:0042791",20,0,29,0,20,308388,9,515421,0.000772001112956988,0.00157931204812823,1.84224837854736,2.80153205150477
"GO:0000822",65,0,124,0,65,308343,59,515371,0.000775626362426883,0.00158631611458156,1.40025733611362,2.79961026396764
"GO:0002237",78,0,153,0,78,308330,75,515355,0.000776446998948269,0.00158704950829487,1.36181889943599,2.79940952513935
"GO:0009720",31,1,51,0,31,308377,20,515410,0.000776589774638193,0.00158704950829487,1.62370714932753,2.79940952513935
"GO:0009726",31,1,51,0,31,308377,20,515410,0.000776589774638193,0.00158704950829487,1.62370714932753,2.79940952513935
"GO:0008026",453,13,1067,0,453,307955,614,514816,0.000787432462438882,0.00160837268923687,1.13409638936161,2.79361330998745
"GO:0070035",453,13,1067,0,453,307955,614,514816,0.000787432462438882,0.00160837268923687,1.13409638936161,2.79361330998745
"GO:0048859",75,0,146,0,75,308333,71,515359,0.000789770279612732,0.00161272934918584,1.3722226792262,2.79243851048929
"GO:0010076",36,0,61,0,36,308372,25,515405,0.000794113417758001,0.00162117759973833,1.57648139934709,2.7901694056565
"GO:0000033",15,0,20,0,15,308393,5,515425,0.000802640708032741,0.00162910988171591,2.00344511167025,2.78804962200611
"GO:0000150",51,2,93,0,51,308357,42,515388,0.000799774803818654,0.00162910988171591,1.4648845977804,2.78804962200611
"GO:0000730",51,2,93,0,51,308357,42,515388,0.000799774803818654,0.00162910988171591,1.4648845977804,2.78804962200611
"GO:0003862",15,0,20,0,15,308393,5,515425,0.000802640708032741,0.00162910988171591,2.00344511167025,2.78804962200611
"GO:0004109",14,0,18,0,14,308394,4,515426,0.000802349500816467,0.00162910988171591,2.07764678247286,2.78804962200611
"GO:0004378",15,0,20,0,15,308393,5,515425,0.000802640708032741,0.00162910988171591,2.00344511167025,2.78804962200611
"GO:0004798",14,0,18,0,14,308394,4,515426,0.000802349500816467,0.00162910988171591,2.07764678247286,2.78804962200611
"GO:0004860",15,0,20,0,15,308393,5,515425,0.000802640708032741,0.00162910988171591,2.00344511167025,2.78804962200611
"GO:0006233",14,0,18,0,14,308394,4,515426,0.000802349500816467,0.00162910988171591,2.07764678247286,2.78804962200611
"GO:0006782",14,0,18,0,14,308394,4,515426,0.000802349500816467,0.00162910988171591,2.07764678247286,2.78804962200611
"GO:0008419",15,0,20,0,15,308393,5,515425,0.000802640708032741,0.00162910988171591,2.00344511167025,2.78804962200611
"GO:0015990",115,5,239,0,115,308293,124,515306,0.000802758794610773,0.00162910988171591,1.28533438126683,2.78804962200611
"GO:0019786",15,0,20,0,15,308393,5,515425,0.000802640708032741,0.00162910988171591,2.00344511167025,2.78804962200611
"GO:0033119",15,1,20,0,15,308393,5,515425,0.000802640708032741,0.00162910988171591,2.00344511167025,2.78804962200611
"GO:0043482",14,2,18,0,14,308394,4,515426,0.000802349500816467,0.00162910988171591,2.07764678247286,2.78804962200611
"GO:0043625",59,1,111,0,59,308349,52,515378,0.000802749020891268,0.00162910988171591,1.4198589980606,2.78804962200611
"GO:0048025",15,1,20,0,15,308393,5,515425,0.000802640708032741,0.00162910988171591,2.00344511167025,2.78804962200611
"GO:0050080",15,0,20,0,15,308393,5,515425,0.000802640708032741,0.00162910988171591,2.00344511167025,2.78804962200611
"GO:0050686",15,1,20,0,15,308393,5,515425,0.000802640708032741,0.00162910988171591,2.00344511167025,2.78804962200611
"GO:0070522",14,0,18,0,14,308394,4,515426,0.000802349500816467,0.00162910988171591,2.07764678247286,2.78804962200611
"GO:1990180",15,0,20,0,15,308393,5,515425,0.000802640708032741,0.00162910988171591,2.00344511167025,2.78804962200611
"GO:1990247",14,0,18,0,14,308394,4,515426,0.000802349500816467,0.00162910988171591,2.07764678247286,2.78804962200611
"GO:2001294",15,0,20,0,15,308393,5,515425,0.000802640708032741,0.00162910988171591,2.00344511167025,2.78804962200611
"GO:0003865",29,0,47,0,29,308379,18,515412,0.00080420990419236,0.00163139237857462,1.64822434718971,2.78744157093085
"GO:0008137",174,7,379,0,174,308234,205,515225,0.000804297995585378,0.00163139237857462,1.22638328735488,2.78744157093085
"GO:0019200",25,3,39,0,25,308383,14,515416,0.000805084511343869,0.00163214660656681,1.71234624929082,2.78724083359483
"GO:0042726",25,0,39,0,25,308383,14,515416,0.000805084511343869,0.00163214660656681,1.71234624929082,2.78724083359483
"GO:0051640",328,23,756,0,328,308080,428,515002,0.000812223864556067,0.00164619625689633,1.15895942967874,2.78351839014062
"GO:0016872",89,2,178,0,89,308319,89,515341,0.000815309141761842,0.00165202408338461,1.33563007444684,2.78198362577786
"GO:0004017",27,0,43,0,27,308381,16,515414,0.000815698622279974,0.00165238794508182,1.67730288418905,2.78188798205877
"GO:0004844",48,1,87,0,48,308360,39,515391,0.000824786276698424,0.00166993764664866,1.47379870283789,2.77729974455419
"GO:0050918",48,1,87,0,48,308360,39,515391,0.000824786276698424,0.00166993764664866,1.47379870283789,2.77729974455419
"GO:0009686",309,3,709,0,309,308099,400,515030,0.000831991453604316,0.0016840927546344,1.16420223696494,2.77363399257714
"GO:0009581",5,0,40,0,5,308403,35,515395,0.00083448684744037,0.00168740828745199,0.333907518611709,2.77277982225155
"GO:0009582",5,0,40,0,5,308403,35,515395,0.00083448684744037,0.00168740828745199,0.333907518611709,2.77277982225155
"GO:0010959",100,2,204,0,100,308308,104,515326,0.000833946812601167,0.00168740828745199,1.30944124945768,2.77277982225155
"GO:0051055",5,0,40,0,5,308403,35,515395,0.00083448684744037,0.00168740828745199,0.333907518611709,2.77277982225155
"GO:0006311",6,0,44,0,6,308402,38,515392,0.000846064104994993,0.00170994008588462,0.36426274757641,2.7670191064649
"GO:0035822",6,0,44,0,6,308402,38,515392,0.000846064104994993,0.00170994008588462,0.36426274757641,2.7670191064649
"GO:0005771",85,3,170,0,85,308323,85,515345,0.000848413861342513,0.0017124907478175,1.33563007444684,2.76637176621957
"GO:0006091",175,6,382,0,175,308233,207,515223,0.00084772345364298,0.0017124907478175,1.22374483260836,2.76637176621957
"GO:0006152",85,3,170,0,85,308323,85,515345,0.000848413861342513,0.0017124907478175,1.33563007444684,2.76637176621957
"GO:0032970",85,7,170,0,85,308323,85,515345,0.000848413861342513,0.0017124907478175,1.33563007444684,2.76637176621957
"GO:1902275",170,2,370,0,170,308238,200,515230,0.000847971220198902,0.0017124907478175,1.22733574408628,2.76637176621957
"GO:0004801",34,0,57,0,34,308374,23,515407,0.000854201275451029,0.00172328868281663,1.59338324670851,2.76364196407692
"GO:0010071",34,2,57,0,34,308374,23,515407,0.000854201275451029,0.00172328868281663,1.59338324670851,2.76364196407692
"GO:0009559",54,3,100,0,54,308354,46,515384,0.000864418096374909,0.00174345356255785,1.44248048040258,2.75858961570611
"GO:0030941",60,2,113,0,60,308348,53,515377,0.000867093543721394,0.00174840173570052,1.41836822065151,2.75735877104261
"GO:0003868",12,0,67,0,12,308396,55,515375,0.000877074118457806,0.00176807361344426,0.478434653533195,2.75249965716961
"GO:0005851",79,1,156,0,79,308329,77,515353,0.000881547301616547,0.00177663603643765,1.35275353693974,2.75040153311567
"GO:1990837",260,10,589,0,260,308148,329,515101,0.000882827451949556,0.00177876060961016,1.17916407251673,2.7498824965035
"GO:0005732",86,4,172,0,86,308322,86,515344,0.000886139043551379,0.00178497608772683,1.33563007444684,2.74836759750016
"GO:0000417",22,0,33,0,22,308386,11,515419,0.000888812817952549,0.00178853131465298,1.78084009926245,2.74750345156649
"GO:0019148",22,0,33,0,22,308386,11,515419,0.000888812817952549,0.00178853131465298,1.78084009926245,2.74750345156649
"GO:0033316",22,0,33,0,22,308386,11,515419,0.000888812817952549,0.00178853131465298,1.78084009926245,2.74750345156649
"GO:0140575",22,0,33,0,22,308386,11,515419,0.000888812817952549,0.00178853131465298,1.78084009926245,2.74750345156649
"GO:0032271",63,6,120,0,63,308345,57,515373,0.000892714552134268,0.00179592357638665,1.40241157816918,2.74571214821423
"GO:0009756",76,1,149,0,76,308332,73,515357,0.000897534615226133,0.00180515904217172,1.3625219551404,2.74348452888589
"GO:0005375",49,1,89,0,49,308359,40,515390,0.000907735438601537,0.00182427709284434,1.47069378984034,2.73890919519977
"GO:0005968",49,0,89,0,49,308359,40,515390,0.000907735438601537,0.00182427709284434,1.47069378984034,2.73890919519977
"GO:0035434",49,1,89,0,49,308359,40,515390,0.000907735438601537,0.00182427709284434,1.47069378984034,2.73890919519977
"GO:0008622",32,1,53,0,32,308376,21,515409,0.000908465359854439,0.00182481227679871,1.61283631631316,2.73878180591641
"GO:1904029",32,0,53,0,32,308376,21,515409,0.000908465359854439,0.00182481227679871,1.61283631631316,2.73878180591641
"GO:0007584",66,1,127,0,66,308342,61,515369,0.000912762615110046,0.00183297635360875,1.38821393564553,2.73684313763652
"GO:0030981",44,3,78,0,44,308364,34,515396,0.000918436427454578,0.00184342976974055,1.50686469937592,2.73437340332238
"GO:1903798",44,2,78,0,44,308364,34,515396,0.000918436427454578,0.00184342976974055,1.50686469937592,2.73437340332238
"GO:0008202",198,6,438,0,198,308210,240,515190,0.000920693981941207,0.00184748993776222,1.20755595771906,2.73341791828428
"GO:1990937",46,0,83,0,46,308362,37,515393,0.000931097701492317,0.00186789019014972,1.48045743191698,2.7286486587343
"GO:0030150",188,8,414,0,188,308220,226,515204,0.000943885803516684,0.00189306217714225,1.21303600964254,2.72283512151094
"GO:0001523",30,0,49,0,30,308378,19,515411,0.000952423117762365,0.001908725759426,1.63546539728184,2.7192564653851
"GO:0042572",30,0,49,0,30,308378,19,515411,0.000952423117762365,0.001908725759426,1.63546539728184,2.7192564653851
"GO:0052650",30,0,49,0,30,308378,19,515411,0.000952423117762365,0.001908725759426,1.63546539728184,2.7192564653851
"GO:0000086",24,0,37,0,24,308384,13,515417,0.000957221932990225,0.00191541714705111,1.73270928576887,2.71773662904072
"GO:0003852",24,0,37,0,24,308384,13,515417,0.000957221932990225,0.00191541714705111,1.73270928576887,2.71773662904072
"GO:0032928",24,0,37,0,24,308384,13,515417,0.000957221932990225,0.00191541714705111,1.73270928576887,2.71773662904072
"GO:0043419",24,1,37,0,24,308384,13,515417,0.000957221932990225,0.00191541714705111,1.73270928576887,2.71773662904072
"GO:0048455",24,0,37,0,24,308384,13,515417,0.000957221932990225,0.00191541714705111,1.73270928576887,2.71773662904072
"GO:0048568",24,2,37,0,24,308384,13,515417,0.000957221932990225,0.00191541714705111,1.73270928576887,2.71773662904072
"GO:0032575",135,0,287,0,135,308273,152,515278,0.00095926922926225,0.00191561830866373,1.25651609791166,2.71769102080795
"GO:0033677",135,0,287,0,135,308273,152,515278,0.00095926922926225,0.00191561830866373,1.25651609791166,2.71769102080795
"GO:0033678",135,0,287,0,135,308273,152,515278,0.00095926922926225,0.00191561830866373,1.25651609791166,2.71769102080795
"GO:0033680",135,0,287,0,135,308273,152,515278,0.00095926922926225,0.00191561830866373,1.25651609791166,2.71769102080795
"GO:0033682",135,0,287,0,135,308273,152,515278,0.00095926922926225,0.00191561830866373,1.25651609791166,2.71769102080795
"GO:0035649",135,0,287,0,135,308273,152,515278,0.00095926922926225,0.00191561830866373,1.25651609791166,2.71769102080795
"GO:0043141",135,0,287,0,135,308273,152,515278,0.00095926922926225,0.00191561830866373,1.25651609791166,2.71769102080795
"GO:1990248",135,0,287,0,135,308273,152,515278,0.00095926922926225,0.00191561830866373,1.25651609791166,2.71769102080795
"GO:0008887",12,0,15,0,12,308396,3,515427,0.000970935304606232,0.00193842321021057,2.13700811911494,2.71255139870236
"GO:0006103",73,1,143,0,73,308335,70,515360,0.000976036743792239,0.00194811390647376,1.36365028579887,2.7103856534601
"GO:0004322",19,0,27,0,19,308389,8,515422,0.000979562341815162,0.00195069940672121,1.87977566033258,2.70980964811446
"GO:0009438",19,0,27,0,19,308389,8,515422,0.000979562341815162,0.00195069940672121,1.87977566033258,2.70980964811446
"GO:0018283",19,0,27,0,19,308389,8,515422,0.000979562341815162,0.00195069940672121,1.87977566033258,2.70980964811446
"GO:0019172",19,0,27,0,19,308389,8,515422,0.000979562341815162,0.00195069940672121,1.87977566033258,2.70980964811446
"GO:0019249",19,0,27,0,19,308389,8,515422,0.000979562341815162,0.00195069940672121,1.87977566033258,2.70980964811446
"GO:0034986",19,0,27,0,19,308389,8,515422,0.000979562341815162,0.00195069940672121,1.87977566033258,2.70980964811446
"GO:0046185",19,0,27,0,19,308389,8,515422,0.000979562341815162,0.00195069940672121,1.87977566033258,2.70980964811446
"GO:0051596",19,0,27,0,19,308389,8,515422,0.000979562341815162,0.00195069940672121,1.87977566033258,2.70980964811446
"GO:0061727",19,0,27,0,19,308389,8,515422,0.000979562341815162,0.00195069940672121,1.87977566033258,2.70980964811446
"GO:1903859",28,0,45,0,28,308380,17,515413,0.00098025311659296,0.00195108787201512,1.66211742597829,2.70972317065064
"GO:1903861",28,0,45,0,28,308380,17,515413,0.00098025311659296,0.00195108787201512,1.66211742597829,2.70972317065064
"GO:0001959",26,0,41,0,26,308382,15,515415,0.00098469571610137,0.00195498730823455,1.69396985051794,2.70885605769604
"GO:0005344",26,4,41,0,26,308382,15,515415,0.00098469571610137,0.00195498730823455,1.69396985051794,2.70885605769604
"GO:0015671",26,4,41,0,26,308382,15,515415,0.00098469571610137,0.00195498730823455,1.69396985051794,2.70885605769604
"GO:0030098",26,0,41,0,26,308382,15,515415,0.00098469571610137,0.00195498730823455,1.69396985051794,2.70885605769604
"GO:0031937",26,0,41,0,26,308382,15,515415,0.00098469571610137,0.00195498730823455,1.69396985051794,2.70885605769604
"GO:0036002",26,1,41,0,26,308382,15,515415,0.00098469571610137,0.00195498730823455,1.69396985051794,2.70885605769604
"GO:0036228",26,0,41,0,26,308382,15,515415,0.00098469571610137,0.00195498730823455,1.69396985051794,2.70885605769604
"GO:0043954",26,0,41,0,26,308382,15,515415,0.00098469571610137,0.00195498730823455,1.69396985051794,2.70885605769604
"GO:0060759",26,0,41,0,26,308382,15,515415,0.00098469571610137,0.00195498730823455,1.69396985051794,2.70885605769604
"GO:0070827",26,0,41,0,26,308382,15,515415,0.00098469571610137,0.00195498730823455,1.69396985051794,2.70885605769604
"GO:0006210",52,0,96,0,52,308356,44,515386,0.000986481782586969,0.00195754590182118,1.44693258065074,2.70828804552855
"GO:0071230",52,2,96,0,52,308356,44,515386,0.000986481782586969,0.00195754590182118,1.44693258065074,2.70828804552855
"GO:0043628",159,0,345,0,159,308249,186,515244,0.0010156842036169,0.00201498640394965,1.23110250340317,2.69572787989983
"GO:0008176",47,1,85,0,47,308361,38,515392,0.00102864330276053,0.00204018142588332,1.47704972938827,2.69033121063462
"GO:1903335",7,0,7,0,7,308401,0,515430,0.0010303106809569,0.00204297372304603,2.67126014889367,2.68973721927529
"GO:0016817",974,38,2393,0,974,307434,1419,514011,0.00103998408115489,0.00206163552930026,1.08725757836291,2.68578810995672
"GO:0045271",88,2,177,0,88,308320,89,515341,0.00104559668574717,0.00207223995725119,1.32808414182284,2.683559956419
"GO:0032881",44,0,79,0,44,308364,35,515395,0.001048799296445,0.00207806394704632,1.48779046267496,2.68234109228315
"GO:0070417",55,1,103,0,55,308353,48,515382,0.00105407417915812,0.00208798991905704,1.42640105038012,2.68027160246502
"GO:0000722",37,1,64,0,37,308371,27,515403,0.00109493523826879,0.00216620512582355,1.54432227357915,2.66430042084309
"GO:0006110",37,1,64,0,37,308371,27,515403,0.00109493523826879,0.00216620512582355,1.54432227357915,2.66430042084309
"GO:0009328",37,0,64,0,37,308371,27,515403,0.00109493523826879,0.00216620512582355,1.54432227357915,2.66430042084309
"GO:0030811",37,1,64,0,37,308371,27,515403,0.00109493523826879,0.00216620512582355,1.54432227357915,2.66430042084309
"GO:0043470",37,1,64,0,37,308371,27,515403,0.00109493523826879,0.00216620512582355,1.54432227357915,2.66430042084309
"GO:0035145",53,1,98,0,53,308355,45,515385,0.0010952290287854,0.00216624193834136,1.44466110093229,2.66429304049978
"GO:0030414",9,0,54,0,9,308399,45,515385,0.00111314946103997,0.00220113352356359,0.445210024815612,2.65735361179104
"GO:0033047",62,3,118,0,62,308346,56,515374,0.00112154850953205,0.00221662813633852,1.40354346806278,2.65430715843355
"GO:0036459",62,1,118,0,62,308346,56,515374,0.00112154850953205,0.00221662813633852,1.40354346806278,2.65430715843355
"GO:0071036",50,3,92,0,50,308358,42,515388,0.00112475392316225,0.00222184764946883,1.45177182005091,2.6532857236415
"GO:0071037",50,3,92,0,50,308358,42,515388,0.00112475392316225,0.00222184764946883,1.45177182005091,2.6532857236415
"GO:0005990",17,0,24,0,17,308391,7,515423,0.00112732647090981,0.00222459452623546,1.89214260546635,2.65274913572387
"GO:0006493",17,1,24,0,17,308391,7,515423,0.00112732647090981,0.00222459452623546,1.89214260546635,2.65274913572387
"GO:0009341",17,0,24,0,17,308391,7,515423,0.00112732647090981,0.00222459452623546,1.89214260546635,2.65274913572387
"GO:0046923",71,0,139,0,71,308337,68,515362,0.00112755743898368,0.00222459452623546,1.36445662281619,2.65274913572387
"GO:0072380",17,0,24,0,17,308391,7,515423,0.00112732647090981,0.00222459452623546,1.89214260546635,2.65274913572387
"GO:0090100",65,0,125,0,65,308343,60,515370,0.0011278536207501,0.00222462132361433,1.38905527742471,2.65274390426099
"GO:0016796",9,2,55,0,9,308399,46,515384,0.00113041303648878,0.00222855282325061,0.437115297091692,2.65197706740039
"GO:0090503",9,2,55,0,9,308399,46,515384,0.00113041303648878,0.00222855282325061,0.437115297091692,2.65197706740039
"GO:0004365",56,0,105,0,56,308352,49,515381,0.00114367577091353,0.00225357088075878,1.42467207940996,2.6471287776692
"GO:0012511",56,0,105,0,56,308352,49,515381,0.00114367577091353,0.00225357088075878,1.42467207940996,2.6471287776692
"GO:0051098",78,4,155,0,78,308330,77,515353,0.00115598340616853,0.0022772525959356,1.34424704266907,2.64258879418211
"GO:0000054",93,3,189,0,93,308315,96,515334,0.00116830864782531,0.00230095713677278,1.31442959707466,2.63809147148192
"GO:0008242",18,0,86,0,18,308390,68,515362,0.00117533674510938,0.0023142198242874,0.55910096139635,2.63559539044016
"GO:0031177",42,2,75,0,42,308366,33,515397,0.00117831843297685,0.00231893067609843,1.49590568338046,2.63471223430204
"GO:0071025",42,0,75,0,42,308366,33,515397,0.00117831843297685,0.00231893067609843,1.49590568338046,2.63471223430204
"GO:0032392",384,7,899,0,384,308024,515,514915,0.0011833611553235,0.00232827268550527,1.14100544735837,2.63296615680781
"GO:0000444",35,0,60,0,35,308373,25,515405,0.00119926239987126,0.00235896891848739,1.55823508685464,2.62727778129259
"GO:0030008",72,1,141,0,72,308336,69,515361,0.0012001682140697,0.00236016092459573,1.36404773560528,2.62705838419886
"GO:0042887",79,3,157,0,79,308329,78,515352,0.00122345978868606,0.00240536350063353,1.34413727237325,2.61881928336904
"GO:0004106",51,1,94,0,51,308357,43,515387,0.00125292954769811,0.00246207224150762,1.44930071908061,2.60869920825774
"GO:0034553",51,0,94,0,51,308357,43,515387,0.00125292954769811,0.00246207224150762,1.44930071908061,2.60869920825774
"GO:0030242",56,1,106,0,56,308352,50,515380,0.00127617845254158,0.00250713171410216,1.41123177677402,2.6008228494462
"GO:0006564",6,0,42,0,6,308402,36,515394,0.00127941578477601,0.00251286453536844,0.381608592699096,2.59983092291865
"GO:0051861",60,2,114,0,60,308348,54,515376,0.00129331762255905,0.0025395351271601,1.40592639415456,2.59524577557951
"GO:0000104",16,0,22,0,16,308392,6,515424,0.00130093030968805,0.00255066585251914,1.94273465374085,2.59334643198692
"GO:0009450",16,1,22,0,16,308392,6,515424,0.00130093030968805,0.00255066585251914,1.94273465374085,2.59334643198692
"GO:0010189",16,0,22,0,16,308392,6,515424,0.00130093030968805,0.00255066585251914,1.94273465374085,2.59334643198692
"GO:0034587",16,0,22,0,16,308392,6,515424,0.00130093030968805,0.00255066585251914,1.94273465374085,2.59334643198692
"GO:0043291",16,0,22,0,16,308392,6,515424,0.00130093030968805,0.00255066585251914,1.94273465374085,2.59334643198692
"GO:0051598",16,0,22,0,16,308392,6,515424,0.00130093030968805,0.00255066585251914,1.94273465374085,2.59334643198692
"GO:0061061",69,1,135,0,69,308339,66,515364,0.00130289875170063,0.00255388918660044,1.36531074276788,2.59279795072649
"GO:0033170",6,0,43,0,6,308402,37,515393,0.00130413185264657,0.00255503383375655,0.372733974264233,2.59260334456391
"GO:0061806",6,0,43,0,6,308402,37,515393,0.00130413185264657,0.00255503383375655,0.372733974264233,2.59260334456391
"GO:0004396",66,1,128,0,66,308342,62,515368,0.00130484886157063,0.00255516672594129,1.3773685142733,2.59258075666668
"GO:0090092",66,0,128,0,66,308342,62,515368,0.00130484886157063,0.00255516672594129,1.3773685142733,2.59258075666668
"GO:0048489",5,2,39,0,5,308403,34,515396,0.00130824880038122,0.00255927797132231,0.342469249858163,2.59188254144568
"GO:0097479",5,2,39,0,5,308403,34,515396,0.00130824880038122,0.00255927797132231,0.342469249858163,2.59188254144568
"GO:0097480",5,2,39,0,5,308403,34,515396,0.00130824880038122,0.00255927797132231,0.342469249858163,2.59188254144568
"GO:0099003",5,2,39,0,5,308403,34,515396,0.00130824880038122,0.00255927797132231,0.342469249858163,2.59188254144568
"GO:0010962",43,0,77,0,43,308365,34,515396,0.00131316903568394,0.00256826500593888,1.49174268055101,2.59036016569706
"GO:0018209",110,5,230,0,110,308298,120,515310,0.00133200049841461,0.00260444806843512,1.2775592016448,2.58428429778856
"GO:2001252",137,2,293,0,137,308271,156,515274,0.00133335136712191,0.00260644200694902,1.2490192505066,2.58395193363442
"GO:0007283",76,4,151,0,76,308332,75,515355,0.0013367781222192,0.00261249190121886,1.34447530672794,2.58294504720105
"GO:0043903",73,0,144,0,73,308335,71,515359,0.0013631663816887,0.0026634017762853,1.35418049214749,2.57456331494969
"GO:0004644",19,0,28,0,19,308389,9,515421,0.00136774169168142,0.00267101528080282,1.81264081532071,2.57332362738508
"GO:0008193",19,0,28,0,19,308389,9,515421,0.00136774169168142,0.00267101528080282,1.81264081532071,2.57332362738508
"GO:0000741",51,3,95,0,51,308357,44,515386,0.00138142563631972,0.00269640034939471,1.43404492203766,2.56921562525814
"GO:0046417",51,1,95,0,51,308357,44,515386,0.00138142563631972,0.00269640034939471,1.43404492203766,2.56921562525814
"GO:0051052",259,9,590,0,259,308149,331,515099,0.00139658292560324,0.00272531006205967,1.17263792976858,2.56458408033004
"GO:0009228",60,2,115,0,60,308348,55,515375,0.0013974117269652,0.00272625157736556,1.39370094724887,2.56443407013733
"GO:0009670",31,0,52,0,31,308377,21,515409,0.00140226897969415,0.00273234193271097,1.59248201184046,2.56346495279528
"GO:0015121",31,0,52,0,31,308377,21,515409,0.00140226897969415,0.00273234193271097,1.59248201184046,2.56346495279528
"GO:0015355",31,0,52,0,31,308377,21,515409,0.00140226897969415,0.00273234193271097,1.59248201184046,2.56346495279528
"GO:0089721",31,0,52,0,31,308377,21,515409,0.00140226897969415,0.00273234193271097,1.59248201184046,2.56346495279528
"GO:0089722",31,0,52,0,31,308377,21,515409,0.00140226897969415,0.00273234193271097,1.59248201184046,2.56346495279528
"GO:1902477",36,0,62,0,36,308372,26,515404,0.0014088797465352,0.00274386476118879,1.55105428000278,2.56163729781836
"GO:1990841",36,1,62,0,36,308372,26,515404,0.0014088797465352,0.00274386476118879,1.55105428000278,2.56163729781836
"GO:0004620",167,7,366,0,167,308241,199,515231,0.00141148407584223,0.00274825689958695,1.2188536744952,2.56094267304691
"GO:0007088",63,3,122,0,63,308345,59,515371,0.00142467874783773,0.00277326189490075,1.3794212244287,2.55700911558639
"GO:0015631",168,4,368,0,168,308240,200,515230,0.0014458860567892,0.00281384797009754,1.21948832884276,2.55069937084276
"GO:0061134",10,0,57,0,10,308398,47,515383,0.00147855153238853,0.00287670728199765,0.468642131384855,2.54110432729312
"GO:0036297",112,6,235,0,112,308296,123,515307,0.00148801994039062,0.0028944138796034,1.27311121989826,2.53843936790386
"GO:0002238",29,0,48,0,29,308379,19,515411,0.00149019067521318,0.00289720449377085,1.61388633995659,2.53802084984908
"GO:0009317",29,0,48,0,29,308379,19,515411,0.00149019067521318,0.00289720449377085,1.61388633995659,2.53802084984908
"GO:0033260",104,6,216,0,104,308304,112,515318,0.00149797962750871,0.00291162855006137,1.28616229391177,2.53586403078355
"GO:1903320",70,1,138,0,70,308338,68,515362,0.00149904436048297,0.00291297882145692,1.35498703204752,2.53566267285871
"GO:0061665",64,1,124,0,64,308344,60,515370,0.00150754080937491,0.00292876635029598,1.37871491555802,2.53331527387138
"GO:0045552",21,0,32,0,21,308387,11,515419,0.00151717633399182,0.00294675847549559,1.75301447271147,2.53065545867265
"GO:0070897",96,4,198,0,96,308312,102,515328,0.00155286575878168,0.00301533282020952,1.29515643582724,2.52066474521431
"GO:0009436",27,0,44,0,27,308381,17,515413,0.0015583833779484,0.00302231927844538,1.63918236409384,2.51965965861292
"GO:0019481",27,0,44,0,27,308381,17,515413,0.0015583833779484,0.00302231927844538,1.63918236409384,2.51965965861292
"GO:0034329",27,1,44,0,27,308381,17,515413,0.0015583833779484,0.00302231927844538,1.63918236409384,2.51965965861292
"GO:0034330",27,1,44,0,27,308381,17,515413,0.0015583833779484,0.00302231927844538,1.63918236409384,2.51965965861292
"GO:1902326",27,1,44,0,27,308381,17,515413,0.0015583833779484,0.00302231927844538,1.63918236409384,2.51965965861292
"GO:0051783",89,3,181,0,89,308319,92,515338,0.0015612508688895,0.00302713468963009,1.31349255940076,2.51896825507192
"GO:0005958",13,0,17,0,13,308395,4,515426,0.00157836542715538,0.00305055061197328,2.04272834915399,2.51562176519106
"GO:0006274",13,0,17,0,13,308395,4,515426,0.00157836542715538,0.00305055061197328,2.04272834915399,2.51562176519106
"GO:0009820",13,0,17,0,13,308395,4,515426,0.00157836542715538,0.00305055061197328,2.04272834915399,2.51562176519106
"GO:0030696",13,1,17,0,13,308395,4,515426,0.00157836542715538,0.00305055061197328,2.04272834915399,2.51562176519106
"GO:0036261",13,0,17,0,13,308395,4,515426,0.00157836542715538,0.00305055061197328,2.04272834915399,2.51562176519106
"GO:0042284",13,0,17,0,13,308395,4,515426,0.00157836542715538,0.00305055061197328,2.04272834915399,2.51562176519106
"GO:0046523",13,0,17,0,13,308395,4,515426,0.00157836542715538,0.00305055061197328,2.04272834915399,2.51562176519106
"GO:0050636",13,0,17,0,13,308395,4,515426,0.00157836542715538,0.00305055061197328,2.04272834915399,2.51562176519106
"GO:0051351",13,0,17,0,13,308395,4,515426,0.00157836542715538,0.00305055061197328,2.04272834915399,2.51562176519106
"GO:0051500",13,0,17,0,13,308395,4,515426,0.00157836542715538,0.00305055061197328,2.04272834915399,2.51562176519106
"GO:0071164",13,0,17,0,13,308395,4,515426,0.00157836542715538,0.00305055061197328,2.04272834915399,2.51562176519106
"GO:1902979",13,0,17,0,13,308395,4,515426,0.00157836542715538,0.00305055061197328,2.04272834915399,2.51562176519106
"GO:1990069",13,0,17,0,13,308395,4,515426,0.00157836542715538,0.00305055061197328,2.04272834915399,2.51562176519106
"GO:0002084",23,1,36,0,23,308385,13,515417,0.00158738980923089,0.00306122797115767,1.70663842845985,2.51410432707396
"GO:0003923",23,1,36,0,23,308385,13,515417,0.00158738980923089,0.00306122797115767,1.70663842845985,2.51410432707396
"GO:0004730",23,0,36,0,23,308385,13,515417,0.00158738980923089,0.00306122797115767,1.70663842845985,2.51410432707396
"GO:0007528",23,0,36,0,23,308385,13,515417,0.00158738980923089,0.00306122797115767,1.70663842845985,2.51410432707396
"GO:0016653",23,0,36,0,23,308385,13,515417,0.00158738980923089,0.00306122797115767,1.70663842845985,2.51410432707396
"GO:0043280",23,0,36,0,23,308385,13,515417,0.00158738980923089,0.00306122797115767,1.70663842845985,2.51410432707396
"GO:0046506",23,0,36,0,23,308385,13,515417,0.00158738980923089,0.00306122797115767,1.70663842845985,2.51410432707396
"GO:0046975",23,0,36,0,23,308385,13,515417,0.00158738980923089,0.00306122797115767,1.70663842845985,2.51410432707396
"GO:0051765",23,0,36,0,23,308385,13,515417,0.00158738980923089,0.00306122797115767,1.70663842845985,2.51410432707396
"GO:0001193",14,0,19,0,14,308394,5,515425,0.00159345680350574,0.00306392084933982,1.96829695181639,2.51372245807956
"GO:0001735",14,1,19,0,14,308394,5,515425,0.00159345680350574,0.00306392084933982,1.96829695181639,2.51372245807956
"GO:0003881",14,0,19,0,14,308394,5,515425,0.00159345680350574,0.00306392084933982,1.96829695181639,2.51372245807956
"GO:0004056",14,0,19,0,14,308394,5,515425,0.00159345680350574,0.00306392084933982,1.96829695181639,2.51372245807956
"GO:0004795",14,0,19,0,14,308394,5,515425,0.00159345680350574,0.00306392084933982,1.96829695181639,2.51372245807956
"GO:0005245",14,0,19,0,14,308394,5,515425,0.00159345680350574,0.00306392084933982,1.96829695181639,2.51372245807956
"GO:0030328",14,1,19,0,14,308394,5,515425,0.00159345680350574,0.00306392084933982,1.96829695181639,2.51372245807956
"GO:0033059",14,2,19,0,14,308394,5,515425,0.00159345680350574,0.00306392084933982,1.96829695181639,2.51372245807956
"GO:0051697",14,0,19,0,14,308394,5,515425,0.00159345680350574,0.00306392084933982,1.96829695181639,2.51372245807956
"GO:0070914",14,0,19,0,14,308394,5,515425,0.00159345680350574,0.00306392084933982,1.96829695181639,2.51372245807956
"GO:1990070",14,0,19,0,14,308394,5,515425,0.00159345680350574,0.00306392084933982,1.96829695181639,2.51372245807956
"GO:1990845",14,0,19,0,14,308394,5,515425,0.00159345680350574,0.00306392084933982,1.96829695181639,2.51372245807956
"GO:0004475",25,0,40,0,25,308383,15,515415,0.0015955373685464,0.00306717220151337,1.66953759305855,2.51326184055888
"GO:0000289",9,3,53,0,9,308399,44,515386,0.00160737533265277,0.00308917446744204,0.453610213963077,2.51015756333737
"GO:0004506",58,1,111,0,58,308350,53,515377,0.00161072064883254,0.0030940929593972,1.39579359131381,2.50946664243149
"GO:0120114",58,2,111,0,58,308350,53,515377,0.00161072064883254,0.0030940929593972,1.39579359131381,2.50946664243149
"GO:0000172",44,2,80,0,44,308364,36,515394,0.00165516327218998,0.00317868877254929,1.46919308189152,2.49775199205417
"GO:0009938",39,1,69,0,39,308369,30,515400,0.00165895904335908,0.00318520136324944,1.50984269285295,2.49686310706999
"GO:0004348",18,0,26,0,18,308390,8,515422,0.00167849669302209,0.00321878829901824,1.84933394923408,2.49230758609525
"GO:0006680",18,0,26,0,18,308390,8,515422,0.00167849669302209,0.00321878829901824,1.84933394923408,2.49230758609525
"GO:0071326",18,0,26,0,18,308390,8,515422,0.00167849669302209,0.00321878829901824,1.84933394923408,2.49230758609525
"GO:0071331",18,0,26,0,18,308390,8,515422,0.00167849669302209,0.00321878829901824,1.84933394923408,2.49230758609525
"GO:0071333",18,0,26,0,18,308390,8,515422,0.00167849669302209,0.00321878829901824,1.84933394923408,2.49230758609525
"GO:0006641",32,0,54,0,32,308376,22,515408,0.00168401813093553,0.003228590045476,1.58296897712218,2.49098709660273
"GO:0031968",205,6,459,0,205,308203,254,515176,0.00168563574231008,0.00323090444691136,1.19304647172811,2.49067588592936
"GO:0016363",90,0,184,0,90,308318,94,515336,0.00171432481269447,0.00328509370144374,1.30659463804582,2.48345223845136
"GO:0004809",41,1,74,0,41,308367,33,515397,0.00171996120950854,0.00329429066697109,1.48002251492758,2.48223808413033
"GO:0030627",41,0,74,0,41,308367,33,515397,0.00171996120950854,0.00329429066697109,1.48002251492758,2.48223808413033
"GO:0071039",50,3,93,0,50,308358,43,515387,0.00172777433542283,0.00330845039368731,1.43616137037294,2.48037537270525
"GO:0031053",59,1,113,0,59,308349,54,515376,0.00173553705605882,0.00332250673766903,1.39472875030732,2.4785341296841
"GO:0051302",147,2,319,0,147,308261,172,515258,0.00174103502671716,0.00333222167039082,1.23095687112028,2.47726611560098
"GO:0071470",62,1,120,0,62,308346,58,515372,0.00174205876362794,0.00333337058514321,1.3801510769284,2.47711640127014
"GO:0016281",75,0,150,0,75,308333,75,515355,0.00175136491755326,0.00335036321530481,1.33563007444684,2.47490810823127
"GO:0008311",38,0,151,0,38,308370,113,515317,0.00177158411772664,0.00338821918725561,0.672237653363971,2.4700285024923
"GO:0006122",72,0,143,0,72,308336,71,515359,0.00178915321650475,0.00342098958472806,1.34497014489751,2.46584824803125
"GO:1902969",83,6,168,0,83,308325,85,515345,0.00179314471738177,0.00342778902749619,1.31972971641771,2.46498591574937
"GO:0016756",30,1,50,0,30,308378,20,515410,0.0018148373050071,0.00346673119752873,1.6027560893362,2.4600798312469
"GO:0043065",30,0,50,0,30,308378,20,515410,0.0018148373050071,0.00346673119752873,1.6027560893362,2.4600798312469
"GO:0071618",30,0,50,0,30,308378,20,515410,0.0018148373050071,0.00346673119752873,1.6027560893362,2.4600798312469
"GO:0034982",76,0,152,0,76,308332,76,515354,0.00183576620789764,0.00350585919179287,1.33563007444684,2.4552055307566
"GO:0000002",37,0,65,0,37,308371,28,515402,0.00185480928932636,0.0035396506001399,1.52056346937025,2.45103960518332
"GO:1903578",37,1,65,0,37,308371,28,515402,0.00185480928932636,0.0035396506001399,1.52056346937025,2.45103960518332
"GO:2001169",37,1,65,0,37,308371,28,515402,0.00185480928932636,0.0035396506001399,1.52056346937025,2.45103960518332
"GO:1900426",45,0,82,0,45,308363,37,515393,0.00186568532006931,0.0035595431021778,1.4659354475636,2.44860574386348
"GO:0090404",42,0,76,0,42,308366,34,515396,0.00187671039986512,0.0035797102659894,1.47622271386229,2.44615212279023
"GO:0006654",59,0,114,0,59,308349,55,515375,0.00189761463014365,0.00361783055667009,1.38249428758532,2.44155177745034
"GO:0097157",59,1,114,0,59,308349,55,515375,0.00189761463014365,0.00361783055667009,1.38249428758532,2.44155177745034
"GO:0045047",87,2,178,0,87,308321,91,515339,0.00190233011345134,0.00362594253101427,1.3056159154705,2.44057908348959
"GO:0045132",121,0,257,0,121,308287,136,515294,0.00191350848930376,0.00364636621345902,1.25767501173593,2.43813971623574
"GO:0004822",28,0,46,0,28,308380,18,515412,0.0019300880854301,0.00367440227533393,1.62598443845702,2.43481329865788
"GO:0006428",28,0,46,0,28,308380,18,515412,0.0019300880854301,0.00367440227533393,1.62598443845702,2.43481329865788
"GO:0036071",28,0,46,0,28,308380,18,515412,0.0019300880854301,0.00367440227533393,1.62598443845702,2.43481329865788
"GO:0046921",28,0,46,0,28,308380,18,515412,0.0019300880854301,0.00367440227533393,1.62598443845702,2.43481329865788
"GO:0006140",39,1,70,0,39,308369,31,515399,0.00193815641420803,0.00368619649496149,1.48827351152648,2.43342151816659
"GO:0030808",39,1,70,0,39,308369,31,515399,0.00193815641420803,0.00368619649496149,1.48827351152648,2.43342151816659
"GO:1900371",39,1,70,0,39,308369,31,515399,0.00193815641420803,0.00368619649496149,1.48827351152648,2.43342151816659
"GO:1900542",39,1,70,0,39,308369,31,515399,0.00193815641420803,0.00368619649496149,1.48827351152648,2.43342151816659
"GO:1902975",48,0,89,0,48,308360,41,515389,0.0019804770787021,0.0037657767061698,1.440679630864,2.42414543528944
"GO:0016308",88,3,180,0,88,308320,92,515338,0.00198132486172289,0.00376647894505737,1.3059494061258,2.42406445596828
"GO:0001156",32,1,55,0,32,308376,23,515407,0.00198451331814472,0.00376889959962249,1.55418772299268,2.42378543164318
"GO:0009958",32,1,55,0,32,308376,23,515407,0.00198451331814472,0.00376889959962249,1.55418772299268,2.42378543164318
"GO:0044613",32,0,55,0,32,308376,23,515407,0.00198451331814472,0.00376889959962249,1.55418772299268,2.42378543164318
"GO:0070898",32,1,55,0,32,308376,23,515407,0.00198451331814472,0.00376889959962249,1.55418772299268,2.42378543164318
"GO:0031422",66,3,130,0,66,308342,64,515366,0.00200459418170415,0.00380611804109385,1.35617822943833,2.41951774684229
"GO:0042795",60,0,116,0,60,308348,56,515374,0.00201345854619573,0.00382202692926278,1.38168628391052,2.41770625731527
"GO:0004642",26,1,42,0,26,308382,16,515414,0.00201725179531617,0.00382830427500697,1.65363723502942,2.41699355164104
"GO:0004181",22,0,34,0,22,308386,12,515418,0.00203481453891223,0.00384587276118056,1.72846244928414,2.4150050882804
"GO:0004852",22,0,34,0,22,308386,12,515418,0.00203481453891223,0.00384587276118056,1.72846244928414,2.4150050882804
"GO:0006030",22,0,34,0,22,308386,12,515418,0.00203481453891223,0.00384587276118056,1.72846244928414,2.4150050882804
"GO:0006063",22,0,34,0,22,308386,12,515418,0.00203481453891223,0.00384587276118056,1.72846244928414,2.4150050882804
"GO:0010242",22,0,34,0,22,308386,12,515418,0.00203481453891223,0.00384587276118056,1.72846244928414,2.4150050882804
"GO:0010521",22,0,34,0,22,308386,12,515418,0.00203481453891223,0.00384587276118056,1.72846244928414,2.4150050882804
"GO:0019586",22,0,34,0,22,308386,12,515418,0.00203481453891223,0.00384587276118056,1.72846244928414,2.4150050882804
"GO:0030785",22,0,34,0,22,308386,12,515418,0.00203481453891223,0.00384587276118056,1.72846244928414,2.4150050882804
"GO:0033481",22,0,34,0,22,308386,12,515418,0.00203481453891223,0.00384587276118056,1.72846244928414,2.4150050882804
"GO:0046348",22,0,34,0,22,308386,12,515418,0.00203481453891223,0.00384587276118056,1.72846244928414,2.4150050882804
"GO:0051457",22,0,34,0,22,308386,12,515418,0.00203481453891223,0.00384587276118056,1.72846244928414,2.4150050882804
"GO:0072553",22,0,34,0,22,308386,12,515418,0.00203481453891223,0.00384587276118056,1.72846244928414,2.4150050882804
"GO:0090610",22,0,34,0,22,308386,12,515418,0.00203481453891223,0.00384587276118056,1.72846244928414,2.4150050882804
"GO:0099172",22,0,34,0,22,308386,12,515418,0.00203481453891223,0.00384587276118056,1.72846244928414,2.4150050882804
"GO:1901071",22,0,34,0,22,308386,12,515418,0.00203481453891223,0.00384587276118056,1.72846244928414,2.4150050882804
"GO:1901072",22,0,34,0,22,308386,12,515418,0.00203481453891223,0.00384587276118056,1.72846244928414,2.4150050882804
"GO:1902265",22,0,34,0,22,308386,12,515418,0.00203481453891223,0.00384587276118056,1.72846244928414,2.4150050882804
"GO:0043647",24,0,38,0,24,308384,14,515416,0.00205943973541272,0.00388961362695991,1.68711167298548,2.41009353698101
"GO:0044571",24,0,38,0,24,308384,14,515416,0.00205943973541272,0.00388961362695991,1.68711167298548,2.41009353698101
"GO:0050220",24,0,38,0,24,308384,14,515416,0.00205943973541272,0.00388961362695991,1.68711167298548,2.41009353698101
"GO:1902479",35,0,61,0,35,308373,26,515404,0.00206437000182015,0.00389705531278855,1.53269024936522,2.40926343001219
"GO:1990112",35,2,61,0,35,308373,26,515404,0.00206437000182015,0.00389705531278855,1.53269024936522,2.40926343001219
"GO:0042937",70,1,250,0,70,308338,180,515250,0.00206636343071617,0.00389894844836952,0.747952841690229,2.40905250698607
"GO:0042938",70,1,250,0,70,308338,180,515250,0.00206636343071617,0.00389894844836952,0.747952841690229,2.40905250698607
"GO:0016074",156,0,342,0,156,308252,186,515244,0.00208086161254147,0.00392536367455702,1.21846954160062,2.40612010082022
"GO:0004141",16,0,23,0,16,308392,7,515423,0.00209002550304966,0.00393510661564385,1.85826792966516,2.40504349660643
"GO:0008716",16,0,23,0,16,308392,7,515423,0.00209002550304966,0.00393510661564385,1.85826792966516,2.40504349660643
"GO:0010198",16,1,23,0,16,308392,7,515423,0.00209002550304966,0.00393510661564385,1.85826792966516,2.40504349660643
"GO:0016603",16,1,23,0,16,308392,7,515423,0.00209002550304966,0.00393510661564385,1.85826792966516,2.40504349660643
"GO:0017186",16,1,23,0,16,308392,7,515423,0.00209002550304966,0.00393510661564385,1.85826792966516,2.40504349660643
"GO:0030327",16,1,23,0,16,308392,7,515423,0.00209002550304966,0.00393510661564385,1.85826792966516,2.40504349660643
"GO:0046820",16,0,23,0,16,308392,7,515423,0.00209002550304966,0.00393510661564385,1.85826792966516,2.40504349660643
"GO:1990440",16,0,23,0,16,308392,7,515423,0.00209002550304966,0.00393510661564385,1.85826792966516,2.40504349660643
"GO:0010305",105,8,220,0,105,308303,115,515315,0.00210182330586275,0.00395637328162401,1.27491961651744,2.40270273969832
"GO:0032885",43,0,78,0,43,308365,35,515395,0.00212536903255648,0.00399973823195902,1.4726177743901,2.39796843070598
"GO:0061135",10,0,56,0,10,308398,46,515384,0.00212606920788703,0.00400009961866317,0.47701074087387,2.39792919284779
"GO:0003785",30,0,51,0,30,308378,21,515409,0.00216017843847932,0.00405942341076849,1.57132949934922,2.39153564802489
"GO:0003962",30,0,51,0,30,308378,21,515409,0.00216017843847932,0.00405942341076849,1.57132949934922,2.39153564802489
"GO:0008623",30,0,51,0,30,308378,21,515409,0.00216017843847932,0.00405942341076849,1.57132949934922,2.39153564802489
"GO:0042989",30,0,51,0,30,308378,21,515409,0.00216017843847932,0.00405942341076849,1.57132949934922,2.39153564802489
"GO:0048487",30,1,51,0,30,308378,21,515409,0.00216017843847932,0.00405942341076849,1.57132949934922,2.39153564802489
"GO:0050777",78,1,157,0,78,308330,79,515351,0.0021697596281057,0.00407645532039333,1.32712287652042,2.38971731335785
"GO:0006323",57,2,110,0,57,308351,53,515377,0.00219052630980663,0.00411448893123308,1.38419844079036,2.38568410167394
"GO:2000243",85,6,174,0,85,308323,89,515341,0.00219819811449609,0.00412791401653464,1.30492593480438,2.3842693575372
"GO:0033014",152,5,333,0,152,308256,181,515249,0.00220407532535781,0.00413796350136338,1.21931394183735,2.38321334431948
"GO:0043541",48,0,90,0,48,308360,42,515388,0.00221478845675674,0.0041570850576035,1.42467207940996,2.38121108935717
"GO:0045005",148,3,323,0,148,308260,175,515255,0.00225951515457414,0.00424002462379205,1.22398297844044,2.3726316212502
"GO:0015386",143,0,311,0,143,308265,168,515262,0.00226098491927259,0.00424177151680501,1.22826431283535,2.37245272847934
"GO:0009741",110,4,233,0,110,308298,123,515307,0.00229352905012655,0.00430180144927239,1.26110994153779,2.366349638457
"GO:1901990",82,3,167,0,82,308326,85,515345,0.00229640184205577,0.00430616372097738,1.31163671981606,2.36590946225862
"GO:0016180",164,0,362,0,164,308244,198,515232,0.00231576905762383,0.00434144654003686,1.21018415585238,2.36236554244965
"GO:0000331",28,1,47,0,28,308380,19,515411,0.00232661913593094,0.00435070694531239,1.59138902487283,2.36144016890678
"GO:0004632",28,0,47,0,28,308380,19,515411,0.00232661913593094,0.00435070694531239,1.59138902487283,2.36144016890678
"GO:0006935",61,1,119,0,61,308347,58,515372,0.00232844618401945,0.00435070694531239,1.36930142086146,2.36144016890678
"GO:0030623",58,1,112,0,58,308350,54,515376,0.00232760801325191,0.00435070694531239,1.38333114853422,2.36144016890678
"GO:0031350",61,3,119,0,61,308347,58,515372,0.00232844618401945,0.00435070694531239,1.36930142086146,2.36144016890678
"GO:0031351",61,3,119,0,61,308347,58,515372,0.00232844618401945,0.00435070694531239,1.36930142086146,2.36144016890678
"GO:0031354",61,3,119,0,61,308347,58,515372,0.00232844618401945,0.00435070694531239,1.36930142086146,2.36144016890678
"GO:0031355",61,3,119,0,61,308347,58,515372,0.00232844618401945,0.00435070694531239,1.36930142086146,2.36144016890678
"GO:0031358",61,3,119,0,61,308347,58,515372,0.00232844618401945,0.00435070694531239,1.36930142086146,2.36144016890678
"GO:0031359",61,3,119,0,61,308347,58,515372,0.00232844618401945,0.00435070694531239,1.36930142086146,2.36144016890678
"GO:0080143",58,6,112,0,58,308350,54,515376,0.00232760801325191,0.00435070694531239,1.38333114853422,2.36144016890678
"GO:0098793",61,3,119,0,61,308347,58,515372,0.00232844618401945,0.00435070694531239,1.36930142086146,2.36144016890678
"GO:0140027",28,1,47,0,28,308380,19,515411,0.00232661913593094,0.00435070694531239,1.59138902487283,2.36144016890678
"GO:1902369",28,2,47,0,28,308380,19,515411,0.00232661913593094,0.00435070694531239,1.59138902487283,2.36144016890678
"GO:0070449",43,2,79,0,43,308365,36,515394,0.00235115969429827,0.00439106266038339,1.45397704306871,2.35743036547713
"GO:0070762",43,0,79,0,43,308365,36,515394,0.00235115969429827,0.00439106266038339,1.45397704306871,2.35743036547713
"GO:0003842",15,0,21,0,15,308393,6,515424,0.00235855168270719,0.00439756486174113,1.90804296349548,2.3567877462108
"GO:0004515",15,1,21,0,15,308393,6,515424,0.00235855168270719,0.00439756486174113,1.90804296349548,2.3567877462108
"GO:0004649",15,0,21,0,15,308393,6,515424,0.00235855168270719,0.00439756486174113,1.90804296349548,2.3567877462108
"GO:0008177",15,0,21,0,15,308393,6,515424,0.00235855168270719,0.00439756486174113,1.90804296349548,2.3567877462108
"GO:0046741",15,0,21,0,15,308393,6,515424,0.00235855168270719,0.00439756486174113,1.90804296349548,2.3567877462108
"GO:0106018",15,0,21,0,15,308393,6,515424,0.00235855168270719,0.00439756486174113,1.90804296349548,2.3567877462108
"GO:1990966",15,1,21,0,15,308393,6,515424,0.00235855168270719,0.00439756486174113,1.90804296349548,2.3567877462108
"GO:0070085",115,2,245,0,115,308293,130,515300,0.00236683252025228,0.00441195964940231,1.25385680458274,2.35536846815434
"GO:0004311",18,0,27,0,18,308390,9,515421,0.00241464693507168,0.00449576647892248,1.78084009926245,2.34719625516792
"GO:0004586",18,0,27,0,18,308390,9,515421,0.00241464693507168,0.00449576647892248,1.78084009926245,2.34719625516792
"GO:0033387",18,0,27,0,18,308390,9,515421,0.00241464693507168,0.00449576647892248,1.78084009926245,2.34719625516792
"GO:0044615",18,1,27,0,18,308390,9,515421,0.00241464693507168,0.00449576647892248,1.78084009926245,2.34719625516792
"GO:0048255",18,0,27,0,18,308390,9,515421,0.00241464693507168,0.00449576647892248,1.78084009926245,2.34719625516792
"GO:0003849",26,0,43,0,26,308382,17,515413,0.00247179053699759,0.00459781075312972,1.61518055514501,2.33744890835228
"GO:0015140",26,0,43,0,26,308382,17,515413,0.00247179053699759,0.00459781075312972,1.61518055514501,2.33744890835228
"GO:0043122",26,0,43,0,26,308382,17,515413,0.00247179053699759,0.00459781075312972,1.61518055514501,2.33744890835228
"GO:0071423",26,0,43,0,26,308382,17,515413,0.00247179053699759,0.00459781075312972,1.61518055514501,2.33744890835228
"GO:0046283",91,4,188,0,91,308317,97,515333,0.00248113663192015,0.00461410526021153,1.29300358270917,2.33591250227102
"GO:0002831",87,0,179,0,87,308321,92,515338,0.0025124323933962,0.00467115449165008,1.29832197180866,2.3305757688155
"GO:0016558",76,2,153,0,76,308332,77,515353,0.00251300041566795,0.00467115449165008,1.32690046611712,2.3305757688155
"GO:0003968",112,2,238,0,112,308296,126,515304,0.00252781445457786,0.00469647283135165,1.25706359947938,2.32822818567238
"GO:0031380",112,2,238,0,112,308296,126,515304,0.00252781445457786,0.00469647283135165,1.25706359947938,2.32822818567238
"GO:0044430",568,28,1372,0,568,307840,804,514626,0.00256252238526179,0.00475983393505919,1.10588612578105,2.32240819903277
"GO:0071916",67,1,239,0,67,308341,172,515258,0.0025699097732671,0.00477242975587606,0.748846987346762,2.32126045515219
"GO:0006022",24,0,39,0,24,308384,15,515415,0.00257888998603901,0.00478233733100097,1.64385239931918,2.32035979337597
"GO:0006084",24,1,39,0,24,308384,15,515415,0.00257888998603901,0.00478233733100097,1.64385239931918,2.32035979337597
"GO:0006734",24,0,39,0,24,308384,15,515415,0.00257888998603901,0.00478233733100097,1.64385239931918,2.32035979337597
"GO:0042558",24,1,39,0,24,308384,15,515415,0.00257888998603901,0.00478233733100097,1.64385239931918,2.32035979337597
"GO:0047293",24,0,39,0,24,308384,15,515415,0.00257888998603901,0.00478233733100097,1.64385239931918,2.32035979337597
"GO:0097060",24,1,39,0,24,308384,15,515415,0.00257888998603901,0.00478233733100097,1.64385239931918,2.32035979337597
"GO:0045046",20,0,31,0,20,308388,11,515419,0.00258194901500926,0.00478462868318099,1.72339364444753,2.32015176052095
"GO:0046429",20,1,31,0,20,308388,11,515419,0.00258194901500926,0.00478462868318099,1.72339364444753,2.32015176052095
"GO:0051880",20,0,31,0,20,308388,11,515419,0.00258194901500926,0.00478462868318099,1.72339364444753,2.32015176052095
"GO:0006123",44,1,81,0,44,308364,37,515393,0.00259644428022182,0.00480696363450285,1.45105489569533,2.31812916337052
"GO:0015807",44,2,81,0,44,308364,37,515393,0.00259644428022182,0.00480696363450285,1.45105489569533,2.31812916337052
"GO:0019985",44,1,81,0,44,308364,37,515393,0.00259644428022182,0.00480696363450285,1.45105489569533,2.31812916337052
"GO:1902475",44,2,81,0,44,308364,37,515393,0.00259644428022182,0.00480696363450285,1.45105489569533,2.31812916337052
"GO:0004061",22,0,35,0,22,308386,13,515417,0.00262528673411584,0.00485237313241603,1.67907780787602,2.31404581062521
"GO:0004654",22,0,35,0,22,308386,13,515417,0.00262528673411584,0.00485237313241603,1.67907780787602,2.31404581062521
"GO:0005254",22,0,35,0,22,308386,13,515417,0.00262528673411584,0.00485237313241603,1.67907780787602,2.31404581062521
"GO:0006040",22,0,35,0,22,308386,13,515417,0.00262528673411584,0.00485237313241603,1.67907780787602,2.31404581062521
"GO:0010258",22,0,35,0,22,308386,13,515417,0.00262528673411584,0.00485237313241603,1.67907780787602,2.31404581062521
"GO:0035596",22,0,35,0,22,308386,13,515417,0.00262528673411584,0.00485237313241603,1.67907780787602,2.31404581062521
"GO:0070990",22,0,35,0,22,308386,13,515417,0.00262528673411584,0.00485237313241603,1.67907780787602,2.31404581062521
"GO:0009914",108,4,229,0,108,308300,121,515309,0.00263432528869344,0.00486793630812083,1.25980827982758,2.312655112696
"GO:0017015",62,0,122,0,62,308346,60,515370,0.0026838337934155,0.00495709517169565,1.35752564943777,2.30477274295777
"GO:1903844",62,0,122,0,62,308346,60,515370,0.0026838337934155,0.00495709517169565,1.35752564943777,2.30477274295777
"GO:0010444",36,0,64,0,36,308372,28,515402,0.00269663522726345,0.00497723622720231,1.50258383375269,2.30301174649009
"GO:0010508",36,1,64,0,36,308372,28,515402,0.00269663522726345,0.00497723622720231,1.50258383375269,2.30301174649009
"GO:0090329",36,0,64,0,36,308372,28,515402,0.00269663522726345,0.00497723622720231,1.50258383375269,2.30301174649009
"GO:0060249",109,2,231,0,109,308299,122,515308,0.00270547908505532,0.00499238897270406,1.26046474558186,2.30169158476034
"GO:0060918",105,4,221,0,105,308303,116,515314,0.00271194416479775,0.00500314611326176,1.26915074947437,2.30075681367531
"GO:0005977",33,0,58,0,33,308375,25,515405,0.00271686281429322,0.00501104594051458,1.51985491230157,2.30007161569286
"GO:0031416",29,0,49,0,29,308379,20,515410,0.0027354427597762,0.00504295208547032,1.58094988403911,2.29731515817731
"GO:0046173",29,0,49,0,29,308379,20,515410,0.0027354427597762,0.00504295208547032,1.58094988403911,2.29731515817731
"GO:0051656",297,17,690,0,297,308111,393,515037,0.00275765517448285,0.00508271166788316,1.14980328148032,2.29390452626011
"GO:0019104",118,3,253,0,118,308290,135,515295,0.00277656626138579,0.00511636929064348,1.24588418011642,2.29103811644113
"GO:0022884",63,3,124,0,63,308345,61,515369,0.00283504132760012,0.00522289850944727,1.35717249500243,2.28208841322394
"GO:0035639",159,8,351,0,159,308249,192,515238,0.00284322633255554,0.00523675191620899,1.21005801616551,2.2809379997043
"GO:0006402",256,9,589,0,256,308152,333,515097,0.00284534389733211,0.00523942623621014,1.16102308678571,2.28071626952223
"GO:0033355",6,0,40,0,6,308402,34,515396,0.00285132408538702,0.00524798297876237,0.400689022334051,2.28000758221501
"GO:0045174",6,0,40,0,6,308402,34,515396,0.00285132408538702,0.00524798297876237,0.400689022334051,2.28000758221501
"GO:0008616",17,0,25,0,17,308391,8,515422,0.00288860532965937,0.00530915273291585,1.8164569012477,2.2749747807601
"GO:0044000",17,0,25,0,17,308391,8,515422,0.00288860532965937,0.00530915273291585,1.8164569012477,2.2749747807601
"GO:0046116",17,0,25,0,17,308391,8,515422,0.00288860532965937,0.00530915273291585,1.8164569012477,2.2749747807601
"GO:0051814",17,0,25,0,17,308391,8,515422,0.00288860532965937,0.00530915273291585,1.8164569012477,2.2749747807601
"GO:0052126",17,0,25,0,17,308391,8,515422,0.00288860532965937,0.00530915273291585,1.8164569012477,2.2749747807601
"GO:0052192",17,0,25,0,17,308391,8,515422,0.00288860532965937,0.00530915273291585,1.8164569012477,2.2749747807601
"GO:0004340",44,0,82,0,44,308364,38,515392,0.0029096359967746,0.00534531028392291,1.43335910428441,2.27202707985008
"GO:0032776",44,0,82,0,44,308364,38,515392,0.0029096359967746,0.00534531028392291,1.43335910428441,2.27202707985008
"GO:0032958",74,0,149,0,74,308334,75,515355,0.00291145824731149,0.00534741001466076,1.32666611421565,2.2718565149313
"GO:0071163",81,4,166,0,81,308327,85,515345,0.00293732866578969,0.00539366719316456,1.30344621723125,2.26811585444065
"GO:0046938",27,1,45,0,27,308381,18,515412,0.00294596627757938,0.00540322612700487,1.6027560893362,2.26734685669634
"GO:0070274",27,1,45,0,27,308381,18,515412,0.00294596627757938,0.00540322612700487,1.6027560893362,2.26734685669634
"GO:0090471",27,1,45,0,27,308381,18,515412,0.00294596627757938,0.00540322612700487,1.6027560893362,2.26734685669634
"GO:0098849",27,1,45,0,27,308381,18,515412,0.00294596627757938,0.00540322612700487,1.6027560893362,2.26734685669634
"GO:1990380",27,0,45,0,27,308381,18,515412,0.00294596627757938,0.00540322612700487,1.6027560893362,2.26734685669634
"GO:0010011",31,1,54,0,31,308377,23,515407,0.00301149672697261,0.00552212956783797,1.53350119658711,2.25789340755968
"GO:0060965",34,1,60,0,34,308374,26,515404,0.00302288928515394,0.00553142362917987,1.51371408437308,2.2571630794137
"GO:0060967",34,1,60,0,34,308374,26,515404,0.00302288928515394,0.00553142362917987,1.51371408437308,2.2571630794137
"GO:0072361",34,1,60,0,34,308374,26,515404,0.00302288928515394,0.00553142362917987,1.51371408437308,2.2571630794137
"GO:0072362",34,1,60,0,34,308374,26,515404,0.00302288928515394,0.00553142362917987,1.51371408437308,2.2571630794137
"GO:0072367",34,1,60,0,34,308374,26,515404,0.00302288928515394,0.00553142362917987,1.51371408437308,2.2571630794137
"GO:0072368",34,1,60,0,34,308374,26,515404,0.00302288928515394,0.00553142362917987,1.51371408437308,2.2571630794137
"GO:0098679",34,1,60,0,34,308374,26,515404,0.00302288928515394,0.00553142362917987,1.51371408437308,2.2571630794137
"GO:1900402",34,1,60,0,34,308374,26,515404,0.00302288928515394,0.00553142362917987,1.51371408437308,2.2571630794137
"GO:1903799",34,1,60,0,34,308374,26,515404,0.00302288928515394,0.00553142362917987,1.51371408437308,2.2571630794137
"GO:0016168",36,1,142,0,36,308372,106,515324,0.00305220202160333,0.00558376349385577,0.677220882818114,2.25307298499245
"GO:2000036",51,1,97,0,51,308357,46,515384,0.0030875762425889,0.0056471654697165,1.4044769855008,2.24816948665095
"GO:0004077",12,0,16,0,12,308396,4,515426,0.00310622587051177,0.00566017688633539,2.00344511167025,2.24716999645148
"GO:0005112",60,0,118,0,60,308348,58,515372,0.00310691365928039,0.00566017688633539,1.35826787231882,2.24716999645148
"GO:0007221",60,0,118,0,60,308348,58,515372,0.00310691365928039,0.00566017688633539,1.35826787231882,2.24716999645148
"GO:0018991",60,0,118,0,60,308348,58,515372,0.00310691365928039,0.00566017688633539,1.35826787231882,2.24716999645148
"GO:0032526",60,0,118,0,60,308348,58,515372,0.00310691365928039,0.00566017688633539,1.35826787231882,2.24716999645148
"GO:0036065",12,0,16,0,12,308396,4,515426,0.00310622587051177,0.00566017688633539,2.00344511167025,2.24716999645148
"GO:0046920",12,0,16,0,12,308396,4,515426,0.00310622587051177,0.00566017688633539,2.00344511167025,2.24716999645148
"GO:0050577",12,0,16,0,12,308396,4,515426,0.00310622587051177,0.00566017688633539,2.00344511167025,2.24716999645148
"GO:0051312",12,1,16,0,12,308396,4,515426,0.00310622587051177,0.00566017688633539,2.00344511167025,2.24716999645148
"GO:0061798",12,0,16,0,12,308396,4,515426,0.00310622587051177,0.00566017688633539,2.00344511167025,2.24716999645148
"GO:0061799",12,0,16,0,12,308396,4,515426,0.00310622587051177,0.00566017688633539,2.00344511167025,2.24716999645148
"GO:0070260",12,0,16,0,12,308396,4,515426,0.00310622587051177,0.00566017688633539,2.00344511167025,2.24716999645148
"GO:0070564",60,0,118,0,60,308348,58,515372,0.00310691365928039,0.00566017688633539,1.35826787231882,2.24716999645148
"GO:0070682",12,0,16,0,12,308396,4,515426,0.00310622587051177,0.00566017688633539,2.00344511167025,2.24716999645148
"GO:0071300",60,0,118,0,60,308348,58,515372,0.00310691365928039,0.00566017688633539,1.35826787231882,2.24716999645148
"GO:0071567",12,1,16,0,12,308396,4,515426,0.00310622587051177,0.00566017688633539,2.00344511167025,2.24716999645148
"GO:1900378",12,0,16,0,12,308396,4,515426,0.00310622587051177,0.00566017688633539,2.00344511167025,2.24716999645148
"GO:0034754",54,1,104,0,54,308354,50,515380,0.00311249509093052,0.0056677218033322,1.38700046192556,2.24659147498118
"GO:0042256",54,1,104,0,54,308354,50,515380,0.00311249509093052,0.0056677218033322,1.38700046192556,2.24659147498118
"GO:0004489",25,0,41,0,25,308383,16,515414,0.00312519486420988,0.00568953144566608,1.62881716395956,2.24492349791786
"GO:0003980",19,0,29,0,19,308389,10,515420,0.00317913190652546,0.00578237670244186,1.75013595961999,2.23789361891532
"GO:0004070",19,0,29,0,19,308389,10,515420,0.00317913190652546,0.00578237670244186,1.75013595961999,2.23789361891532
"GO:0042182",19,0,29,0,19,308389,10,515420,0.00317913190652546,0.00578237670244186,1.75013595961999,2.23789361891532
"GO:1905897",19,0,29,0,19,308389,10,515420,0.00317913190652546,0.00578237670244186,1.75013595961999,2.23789361891532
"GO:1903313",94,3,197,0,94,308314,103,515327,0.00320298877944211,0.00582442311660159,1.27461144160409,2.23474708312315
"GO:0008064",75,7,152,0,75,308333,77,515353,0.00321904747856477,0.00585227292176949,1.3180559945199,2.23267542867546
"GO:0003919",23,0,37,0,23,308385,14,515416,0.00324831124918434,0.00589730307969999,1.6605130655285,2.22934655198158
"GO:0006771",23,0,37,0,23,308385,14,515416,0.00324831124918434,0.00589730307969999,1.6605130655285,2.22934655198158
"GO:0009330",23,0,37,0,23,308385,14,515416,0.00324831124918434,0.00589730307969999,1.6605130655285,2.22934655198158
"GO:0010275",23,1,37,0,23,308385,14,515416,0.00324831124918434,0.00589730307969999,1.6605130655285,2.22934655198158
"GO:0032042",23,0,37,0,23,308385,14,515416,0.00324831124918434,0.00589730307969999,1.6605130655285,2.22934655198158
"GO:0071568",23,0,37,0,23,308385,14,515416,0.00324831124918434,0.00589730307969999,1.6605130655285,2.22934655198158
"GO:0000914",21,0,33,0,21,308387,12,515418,0.0032811912215057,0.00594739518666656,1.69989282202325,2.22567320296929
"GO:0004768",21,1,33,0,21,308387,12,515418,0.0032811912215057,0.00594739518666656,1.69989282202325,2.22567320296929
"GO:0008108",21,0,33,0,21,308387,12,515418,0.0032811912215057,0.00594739518666656,1.69989282202325,2.22567320296929
"GO:0031071",21,1,33,0,21,308387,12,515418,0.0032811912215057,0.00594739518666656,1.69989282202325,2.22567320296929
"GO:0031110",21,0,33,0,21,308387,12,515418,0.0032811912215057,0.00594739518666656,1.69989282202325,2.22567320296929
"GO:0034355",21,0,33,0,21,308387,12,515418,0.0032811912215057,0.00594739518666656,1.69989282202325,2.22567320296929
"GO:0045550",21,0,33,0,21,308387,12,515418,0.0032811912215057,0.00594739518666656,1.69989282202325,2.22567320296929
"GO:0007219",61,0,120,0,61,308347,59,515371,0.00328542738327692,0.00595233241913829,1.35789057568762,2.22531282279717
"GO:0019098",61,0,120,0,61,308347,59,515371,0.00328542738327692,0.00595233241913829,1.35789057568762,2.22531282279717
"GO:0036498",29,2,50,0,29,308379,21,515409,0.00331523085839993,0.00600356506034604,1.54933088635833,2.22159077857631
"GO:1990604",29,2,50,0,29,308379,21,515409,0.00331523085839993,0.00600356506034604,1.54933088635833,2.22159077857631
"GO:0004781",42,1,78,0,42,308366,36,515394,0.00333140616287374,0.00603146948347335,1.43837084940429,2.21957686517087
"GO:0004351",51,2,98,0,51,308357,47,515383,0.00337227690625813,0.00610246421102125,1.39014558768956,2.21449475889997
"GO:0007265",32,1,56,0,32,308376,24,515406,0.00337294484021258,0.00610246421102125,1.52643437079638,2.21449475889997
"GO:0071044",51,3,98,0,51,308357,47,515383,0.00337227690625813,0.00610246421102125,1.39014558768956,2.21449475889997
"GO:0004471",40,0,73,0,40,308368,33,515397,0.00339027963858269,0.00613241758155399,1.46370419117462,2.21236827991193
"GO:0042721",79,3,162,0,79,308329,83,515347,0.00339677071875984,0.00614274732324316,1.30265155409012,2.21163734865213
"GO:1903052",55,11,200,0,55,308353,145,515285,0.00341415071568764,0.00617134200548636,0.73459654094576,2.20962038504247
"GO:1903364",55,11,200,0,55,308353,145,515285,0.00341415071568764,0.00617134200548636,0.73459654094576,2.20962038504247
"GO:0009828",37,0,67,0,37,308371,30,515400,0.00345595837098561,0.00623974869183458,1.47517351506069,2.20483290133478
"GO:0019948",37,0,67,0,37,308371,30,515400,0.00345595837098561,0.00623974869183458,1.47517351506069,2.20483290133478
"GO:0031510",37,0,67,0,37,308371,30,515400,0.00345595837098561,0.00623974869183458,1.47517351506069,2.20483290133478
"GO:0060590",37,4,67,0,37,308371,30,515400,0.00345595837098561,0.00623974869183458,1.47517351506069,2.20483290133478
"GO:0080065",37,0,67,0,37,308371,30,515400,0.00345595837098561,0.00623974869183458,1.47517351506069,2.20483290133478
"GO:0008696",9,0,11,0,9,308399,2,515428,0.00350071304011272,0.00631910411643369,2.18557648545846,2.19934448894364
"GO:0008690",11,0,14,0,11,308397,3,515427,0.00350731781398849,0.00632957492703288,2.09884725984503,2.19862545476032
"GO:0051493",84,6,173,0,84,308324,89,515341,0.003520763503324,0.00635238374929327,1.29702804917381,2.19706327393637
"GO:0055029",66,10,234,0,66,308342,168,515262,0.00358781290244734,0.00647187515308559,0.753432349687959,2.18896986915366
"GO:0051674",58,5,114,0,58,308350,56,515374,0.00359791584737027,0.00648861249725058,1.35906218101608,2.18784816132142
"GO:0004015",27,0,46,0,27,308381,19,515411,0.00361777586885012,0.00651696376191948,1.56791356565498,2.18595469392571
"GO:0032367",27,2,46,0,27,308381,19,515411,0.00361777586885012,0.00651696376191948,1.56791356565498,2.18595469392571
"GO:0046649",27,0,46,0,27,308381,19,515411,0.00361777586885012,0.00651696376191948,1.56791356565498,2.18595469392571
"GO:1901403",27,1,46,0,27,308381,19,515411,0.00361777586885012,0.00651696376191948,1.56791356565498,2.18595469392571
"GO:1901465",27,1,46,0,27,308381,19,515411,0.00361777586885012,0.00651696376191948,1.56791356565498,2.18595469392571
"GO:0042732",65,0,130,0,65,308343,65,515365,0.00364297219156187,0.00656085039853009,1.33563007444684,2.18303986497606
"GO:0051788",30,0,52,0,30,308378,22,515408,0.0037417154437905,0.00673714180547091,1.54111162436173,2.17152431138483
"GO:0009785",46,0,87,0,46,308362,41,515389,0.0037759902883002,0.0067957465819614,1.41239042355298,2.16776282463934
"GO:0010192",46,1,87,0,46,308362,41,515389,0.0037759902883002,0.0067957465819614,1.41239042355298,2.16776282463934
"GO:0003830",40,0,74,0,40,308368,34,515396,0.00381078899174282,0.00685210848401084,1.44392440480739,2.16417576981127
"GO:0005795",40,0,74,0,40,308368,34,515396,0.00381078899174282,0.00685210848401084,1.44392440480739,2.16417576981127
"GO:0006044",40,0,74,0,40,308368,34,515396,0.00381078899174282,0.00685210848401084,1.44392440480739,2.16417576981127
"GO:0035303",40,0,74,0,40,308368,34,515396,0.00381078899174282,0.00685210848401084,1.44392440480739,2.16417576981127
"GO:0030366",15,0,22,0,15,308393,7,515423,0.00384392230444988,0.00690537571442937,1.82131373788205,2.16081268692396
"GO:0035973",15,0,22,0,15,308393,7,515423,0.00384392230444988,0.00690537571442937,1.82131373788205,2.16081268692396
"GO:1901255",15,0,22,0,15,308393,7,515423,0.00384392230444988,0.00690537571442937,1.82131373788205,2.16081268692396
"GO:1990140",15,0,22,0,15,308393,7,515423,0.00384392230444988,0.00690537571442937,1.82131373788205,2.16081268692396
"GO:0009063",56,1,109,0,56,308352,53,515377,0.00388007499813996,0.00696873155038963,1.37239053521143,2.15684626505823
"GO:0061927",25,1,42,0,25,308383,17,515413,0.00390328813323713,0.00700882394727251,1.5900358029129,2.15435484880349
"GO:0048226",35,1,63,0,35,308373,28,515402,0.00391289069921066,0.00702446421532185,1.48403341605204,2.1533867955799
"GO:0048039",63,2,125,0,63,308345,62,515368,0.00397370615515084,0.00713201433044858,1.34631511504241,2.14678779286229
"GO:0000381",82,1,169,0,82,308326,87,515343,0.00407133461418937,0.00730557239181643,1.29611439177089,2.1363457514109
"GO:0008466",28,0,48,0,28,308380,20,515410,0.00412017415235808,0.00738984072165934,1.55823508685464,2.1313649221532
"GO:0030621",28,0,48,0,28,308380,20,515410,0.00412017415235808,0.00738984072165934,1.55823508685464,2.1313649221532
"GO:0003937",23,1,38,0,23,308385,15,515415,0.00414824572841076,0.00742327582951795,1.61681535327775,2.12940440190023
"GO:0004643",23,1,38,0,23,308385,15,515415,0.00414824572841076,0.00742327582951795,1.61681535327775,2.12940440190023
"GO:0004838",23,0,38,0,23,308385,15,515415,0.00414824572841076,0.00742327582951795,1.61681535327775,2.12940440190023
"GO:0005832",23,0,38,0,23,308385,15,515415,0.00414824572841076,0.00742327582951795,1.61681535327775,2.12940440190023
"GO:0010028",23,0,38,0,23,308385,15,515415,0.00414824572841076,0.00742327582951795,1.61681535327775,2.12940440190023
"GO:0018812",23,0,38,0,23,308385,15,515415,0.00414824572841076,0.00742327582951795,1.61681535327775,2.12940440190023
"GO:0019336",23,0,38,0,23,308385,15,515415,0.00414824572841076,0.00742327582951795,1.61681535327775,2.12940440190023
"GO:0046422",23,0,38,0,23,308385,15,515415,0.00414824572841076,0.00742327582951795,1.61681535327775,2.12940440190023
"GO:0046794",23,0,38,0,23,308385,15,515415,0.00414824572841076,0.00742327582951795,1.61681535327775,2.12940440190023
"GO:0070492",23,3,38,0,23,308385,15,515415,0.00414824572841076,0.00742327582951795,1.61681535327775,2.12940440190023
"GO:0004170",17,0,26,0,17,308391,9,515421,0.0042342131026878,0.00757023064827581,1.74659317427663,2.12089088830079
"GO:0006226",17,0,26,0,17,308391,9,515421,0.0042342131026878,0.00757023064827581,1.74659317427663,2.12089088830079
"GO:0031293",17,0,26,0,17,308391,9,515421,0.0042342131026878,0.00757023064827581,1.74659317427663,2.12089088830079
"GO:0046081",17,0,26,0,17,308391,9,515421,0.0042342131026878,0.00757023064827581,1.74659317427663,2.12089088830079
"GO:0007129",82,1,170,0,82,308326,88,515342,0.00424600617680709,0.00758959142230368,1.28849018946636,2.11978160326329
"GO:0015385",90,0,189,0,90,308318,99,515331,0.00425302127793178,0.00759867986833385,1.27202864233032,2.11926185188994
"GO:0098719",90,0,189,0,90,308318,99,515331,0.00425302127793178,0.00759867986833385,1.27202864233032,2.11926185188994
"GO:0003848",14,0,20,0,14,308394,6,515424,0.00428070623557745,0.00763255254506584,1.86988210422557,2.11733019718933
"GO:0004156",14,0,20,0,14,308394,6,515424,0.00428070623557745,0.00763255254506584,1.86988210422557,2.11733019718933
"GO:0004604",14,1,20,0,14,308394,6,515424,0.00428070623557745,0.00763255254506584,1.86988210422557,2.11733019718933
"GO:0016710",14,0,20,0,14,308394,6,515424,0.00428070623557745,0.00763255254506584,1.86988210422557,2.11733019718933
"GO:0017168",14,0,20,0,14,308394,6,515424,0.00428070623557745,0.00763255254506584,1.86988210422557,2.11733019718933
"GO:0019379",14,1,20,0,14,308394,6,515424,0.00428070623557745,0.00763255254506584,1.86988210422557,2.11733019718933
"GO:0035539",14,0,20,0,14,308394,6,515424,0.00428070623557745,0.00763255254506584,1.86988210422557,2.11733019718933
"GO:0060213",14,0,20,0,14,308394,6,515424,0.00428070623557745,0.00763255254506584,1.86988210422557,2.11733019718933
"GO:0090364",14,0,20,0,14,308394,6,515424,0.00428070623557745,0.00763255254506584,1.86988210422557,2.11733019718933
"GO:0009107",6,0,39,0,6,308402,33,515397,0.00428502809959924,0.007636799003859,0.410963099829796,2.11708863962703
"GO:0016992",6,0,39,0,6,308402,33,515397,0.00428502809959924,0.007636799003859,0.410963099829796,2.11708863962703
"GO:0009625",171,10,383,0,171,308237,212,515218,0.00428850844738004,0.0076412717287858,1.19265139807002,2.1168343562369
"GO:0004126",21,0,34,0,21,308387,13,515417,0.00431881991565365,0.00769005889527834,1.64989597431668,2.1140703340872
"GO:0019646",21,1,34,0,21,308387,13,515417,0.00431881991565365,0.00769005889527834,1.64989597431668,2.1140703340872
"GO:0050242",21,0,34,0,21,308387,13,515417,0.00431881991565365,0.00769005889527834,1.64989597431668,2.1140703340872
"GO:0032106",60,1,119,0,60,308348,59,515371,0.00432368543104257,0.00769350174348263,1.34685385658505,2.1138759434598
"GO:0032109",60,1,119,0,60,308348,59,515371,0.00432368543104257,0.00769350174348263,1.34685385658505,2.1138759434598
"GO:0060065",60,0,119,0,60,308348,59,515371,0.00432368543104257,0.00769350174348263,1.34685385658505,2.1138759434598
"GO:0010295",44,0,83,0,44,308364,39,515391,0.00435043999605819,0.00773761040419567,1.4160897174858,2.1113931411911
"GO:0043090",44,2,83,0,44,308364,39,515391,0.00435043999605819,0.00773761040419567,1.4160897174858,2.1113931411911
"GO:0000254",38,0,70,0,38,308370,32,515398,0.0043542167275108,0.00773908197763942,1.45011265225657,2.11131055297231
"GO:0035308",38,2,70,0,38,308370,32,515398,0.0043542167275108,0.00773908197763942,1.45011265225657,2.11131055297231
"GO:0051570",38,1,70,0,38,308370,32,515398,0.0043542167275108,0.00773908197763942,1.45011265225657,2.11131055297231
"GO:0043548",19,0,30,0,19,308389,11,515419,0.00436806721108255,0.00776019523485485,1.69179809429933,2.11012735240759
"GO:1904423",19,0,30,0,19,308389,11,515419,0.00436806721108255,0.00776019523485485,1.69179809429933,2.11012735240759
"GO:0070589",57,2,112,0,57,308351,55,515375,0.00441719778881782,0.00784393886613441,1.35948061149053,2.10546579978293
"GO:0070592",57,2,112,0,57,308351,55,515375,0.00441719778881782,0.00784393886613441,1.35948061149053,2.10546579978293
"GO:0000075",64,3,128,0,64,308344,64,515366,0.00444529316010325,0.00789204956164475,1.33563007444684,2.10281019606541
"GO:0015145",190,2,430,0,190,308218,240,515190,0.00444913072884894,0.00789708164543379,1.18032425183674,2.1025333719302
"GO:0006476",79,4,163,0,79,308329,84,515346,0.0044858793352397,0.0079587203351379,1.29465982676442,2.09915675588858
"GO:0046512",79,2,163,0,79,308329,84,515346,0.0044858793352397,0.0079587203351379,1.29465982676442,2.09915675588858
"GO:0016832",26,0,44,0,26,308382,18,515412,0.00449354600341055,0.0079687303759513,1.57847190616444,2.09861086739203
"GO:0080132",26,0,44,0,26,308382,18,515412,0.00449354600341055,0.0079687303759513,1.57847190616444,2.09861086739203
"GO:0097193",87,0,182,0,87,308321,95,515335,0.00451252087709638,0.00800057755506818,1.27692106018544,2.09687866051739
"GO:2000028",105,1,224,0,105,308303,119,515311,0.00453026881704313,0.0080302355613068,1.25215319479391,2.09527171481158
"GO:0030511",61,0,121,0,61,308347,60,515370,0.00461168531181099,0.0081561866489724,1.34666833952491,2.08851284423631
"GO:0042330",61,1,121,0,61,308347,60,515370,0.00461168531181099,0.0081561866489724,1.34666833952491,2.08851284423631
"GO:0042809",61,0,121,0,61,308347,60,515370,0.00461168531181099,0.0081561866489724,1.34666833952491,2.08851284423631
"GO:0042974",61,0,121,0,61,308347,60,515370,0.00461168531181099,0.0081561866489724,1.34666833952491,2.08851284423631
"GO:0046332",61,0,121,0,61,308347,60,515370,0.00461168531181099,0.0081561866489724,1.34666833952491,2.08851284423631
"GO:0048384",61,0,121,0,61,308347,60,515370,0.00461168531181099,0.0081561866489724,1.34666833952491,2.08851284423631
"GO:0048385",61,0,121,0,61,308347,60,515370,0.00461168531181099,0.0081561866489724,1.34666833952491,2.08851284423631
"GO:0070562",61,0,121,0,61,308347,60,515370,0.00461168531181099,0.0081561866489724,1.34666833952491,2.08851284423631
"GO:0071141",61,0,121,0,61,308347,60,515370,0.00461168531181099,0.0081561866489724,1.34666833952491,2.08851284423631
"GO:1903846",61,0,121,0,61,308347,60,515370,0.00461168531181099,0.0081561866489724,1.34666833952491,2.08851284423631
"GO:0017111",940,37,2333,0,940,307468,1393,514037,0.00468089111362944,0.00827672390981379,1.0762899871239,2.08214153150457
"GO:0046470",105,3,225,0,105,308303,120,515310,0.00469662111497016,0.00830267267393782,1.24658806948371,2.08078208344309
"GO:0010942",101,1,215,0,101,308307,114,515316,0.00471210818299746,0.00832818042580962,1.25487104668959,2.07944987462568
"GO:0010152",39,0,72,0,39,308369,33,515397,0.00474995981182309,0.00839131140903755,1.44693258065074,2.07617016155485
"GO:1901031",39,1,72,0,39,308369,33,515397,0.00474995981182309,0.00839131140903755,1.44693258065074,2.07617016155485
"GO:0000725",362,8,859,0,362,308046,497,514933,0.00475679147696241,0.00840149484106981,1.1257231360879,2.07564343495362
"GO:0007548",84,1,175,0,84,308324,91,515339,0.00479605919406915,0.00846894974780447,1.28220487146896,2.07217044409835
"GO:0033540",48,1,92,0,48,308360,44,515386,0.00482019738360525,0.00850775645823779,1.39370094724887,2.07018495064017
"GO:0047952",48,0,92,0,48,308360,44,515386,0.00482019738360525,0.00850775645823779,1.39370094724887,2.07018495064017
"GO:0000995",24,0,40,0,24,308384,16,515414,0.00483878561030333,0.00852145868552747,1.6027560893362,2.069486057246
"GO:0017001",24,1,40,0,24,308384,16,515414,0.00483878561030333,0.00852145868552747,1.6027560893362,2.069486057246
"GO:0032944",24,0,40,0,24,308384,16,515414,0.00483878561030333,0.00852145868552747,1.6027560893362,2.069486057246
"GO:0032946",24,0,40,0,24,308384,16,515414,0.00483878561030333,0.00852145868552747,1.6027560893362,2.069486057246
"GO:0045211",24,1,40,0,24,308384,16,515414,0.00483878561030333,0.00852145868552747,1.6027560893362,2.069486057246
"GO:0050670",24,0,40,0,24,308384,16,515414,0.00483878561030333,0.00852145868552747,1.6027560893362,2.069486057246
"GO:0050671",24,0,40,0,24,308384,16,515414,0.00483878561030333,0.00852145868552747,1.6027560893362,2.069486057246
"GO:0070663",24,0,40,0,24,308384,16,515414,0.00483878561030333,0.00852145868552747,1.6027560893362,2.069486057246
"GO:0070665",24,0,40,0,24,308384,16,515414,0.00483878561030333,0.00852145868552747,1.6027560893362,2.069486057246
"GO:1990879",24,0,40,0,24,308384,16,515414,0.00483878561030333,0.00852145868552747,1.6027560893362,2.069486057246
"GO:0043200",51,3,99,0,51,308357,48,515382,0.00484138542142566,0.00852413018060005,1.37610371306644,2.06934992635759
"GO:0010106",136,0,299,0,136,308272,163,515267,0.00488912987164003,0.00860626796725186,1.21502133862722,2.06518513572418
"GO:0010565",111,0,239,0,111,308297,128,515302,0.00489498191243671,0.008614642882786,1.24062709844016,2.06476272137905
"GO:0010992",36,0,66,0,36,308372,30,515400,0.00496819650821523,0.00873967693101677,1.45705099030564,2.05850462110358
"GO:0031365",31,0,55,0,31,308377,24,515406,0.00496824876350356,0.00873967693101677,1.50561935664916,2.05850462110358
"GO:0000111",16,0,24,0,16,308392,8,515422,0.0049741630587559,0.00874226648772638,1.78084009926245,2.05837595918415
"GO:0008442",16,0,24,0,16,308392,8,515422,0.0049741630587559,0.00874226648772638,1.78084009926245,2.05837595918415
"GO:0071942",16,0,24,0,16,308392,8,515422,0.0049741630587559,0.00874226648772638,1.78084009926245,2.05837595918415
"GO:1902456",16,1,24,0,16,308392,8,515422,0.0049741630587559,0.00874226648772638,1.78084009926245,2.05837595918415
"GO:0015301",34,0,61,0,34,308374,27,515403,0.00499752731549059,0.00877353591158384,1.48889909938336,2.05682534193573
"GO:0016922",34,1,61,0,34,308374,27,515403,0.00499752731549059,0.00877353591158384,1.48889909938336,2.05682534193573
"GO:0032890",34,1,61,0,34,308374,27,515403,0.00499752731549059,0.00877353591158384,1.48889909938336,2.05682534193573
"GO:0046329",34,1,61,0,34,308374,27,515403,0.00499752731549059,0.00877353591158384,1.48889909938336,2.05682534193573
"GO:2000191",34,1,61,0,34,308374,27,515403,0.00499752731549059,0.00877353591158384,1.48889909938336,2.05682534193573
"GO:0006354",69,1,140,0,69,308339,71,515359,0.00500905476969745,0.00879181251885358,1.31654964481188,2.05592158160544
"GO:0004534",98,2,208,0,98,308310,110,515320,0.00507141893809977,0.00889928887220718,1.25857449322875,2.05064469573884
"GO:0000009",22,0,36,0,22,308386,14,515416,0.00512114780525537,0.00897854688707578,1.63243675765725,2.04679394506873
"GO:0004421",22,0,36,0,22,308386,14,515416,0.00512114780525537,0.00897854688707578,1.63243675765725,2.04679394506873
"GO:0006026",22,0,36,0,22,308386,14,515416,0.00512114780525537,0.00897854688707578,1.63243675765725,2.04679394506873
"GO:0006747",22,0,36,0,22,308386,14,515416,0.00512114780525537,0.00897854688707578,1.63243675765725,2.04679394506873
"GO:0007517",62,1,124,0,62,308346,62,515368,0.00515814396914241,0.00903335023917443,1.33563007444684,2.04415115106592
"GO:0007519",62,1,124,0,62,308346,62,515368,0.00515814396914241,0.00903335023917443,1.33563007444684,2.04415115106592
"GO:0014706",62,1,124,0,62,308346,62,515368,0.00515814396914241,0.00903335023917443,1.33563007444684,2.04415115106592
"GO:0060537",62,1,124,0,62,308346,62,515368,0.00515814396914241,0.00903335023917443,1.33563007444684,2.04415115106592
"GO:0060538",62,1,124,0,62,308346,62,515368,0.00515814396914241,0.00903335023917443,1.33563007444684,2.04415115106592
"GO:1902883",45,3,86,0,45,308363,41,515389,0.00519672068149409,0.00909888460959108,1.39775240349088,2.04101184257882
"GO:0032200",103,1,220,0,103,308305,117,515313,0.00519994773194907,0.00910251023924908,1.25063543334567,2.04083882386374
"GO:0010449",18,0,28,0,18,308390,10,515420,0.00527279269836091,0.00922797334848757,1.71723866714593,2.03489366844456
"GO:0004021",20,0,32,0,20,308388,12,515418,0.00528977853492255,0.00924126423144924,1.66953759305855,2.034268611985
"GO:0004746",20,1,32,0,20,308388,12,515418,0.00528977853492255,0.00924126423144924,1.66953759305855,2.034268611985
"GO:0008864",20,0,32,0,20,308388,12,515418,0.00528977853492255,0.00924126423144924,1.66953759305855,2.034268611985
"GO:0010296",20,1,32,0,20,308388,12,515418,0.00528977853492255,0.00924126423144924,1.66953759305855,2.034268611985
"GO:0016847",20,0,32,0,20,308388,12,515418,0.00528977853492255,0.00924126423144924,1.66953759305855,2.034268611985
"GO:0017136",20,0,32,0,20,308388,12,515418,0.00528977853492255,0.00924126423144924,1.66953759305855,2.034268611985
"GO:0043181",20,1,32,0,20,308388,12,515418,0.00528977853492255,0.00924126423144924,1.66953759305855,2.034268611985
"GO:0043182",20,1,32,0,20,308388,12,515418,0.00528977853492255,0.00924126423144924,1.66953759305855,2.034268611985
"GO:1901981",113,3,244,0,113,308295,131,515299,0.00534738079883698,0.00933982286408802,1.23709998698764,2.02966136037361
"GO:0031126",138,0,305,0,138,308270,167,515263,0.00537302388035669,0.0093825297218651,1.20863573949943,2.02768005115985
"GO:0009311",118,5,256,0,118,308290,138,515292,0.00537423635305108,0.00938256566227946,1.23128397488068,2.02767838756867
"GO:0000488",13,0,18,0,13,308395,5,515425,0.00545460798143703,0.00948501745744915,1.92924344086765,2.02296186544302
"GO:0000489",13,0,18,0,13,308395,5,515425,0.00545460798143703,0.00948501745744915,1.92924344086765,2.02296186544302
"GO:0001091",13,0,18,0,13,308395,5,515425,0.00545460798143703,0.00948501745744915,1.92924344086765,2.02296186544302
"GO:0003878",13,0,18,0,13,308395,5,515425,0.00545460798143703,0.00948501745744915,1.92924344086765,2.02296186544302
"GO:0004112",13,0,18,0,13,308395,5,515425,0.00545460798143703,0.00948501745744915,1.92924344086765,2.02296186544302
"GO:0004113",13,0,18,0,13,308395,5,515425,0.00545460798143703,0.00948501745744915,1.92924344086765,2.02296186544302
"GO:0005947",37,1,68,0,37,308371,31,515399,0.00544039884451589,0.00948501745744915,1.45347978689803,2.02296186544302
"GO:0008465",13,0,18,0,13,308395,5,515425,0.00545460798143703,0.00948501745744915,1.92924344086765,2.02296186544302
"GO:0030139",37,0,68,0,37,308371,31,515399,0.00544039884451589,0.00948501745744915,1.45347978689803,2.02296186544302
"GO:0031082",13,0,18,0,13,308395,5,515425,0.00545460798143703,0.00948501745744915,1.92924344086765,2.02296186544302
"GO:0042144",13,0,18,0,13,308395,5,515425,0.00545460798143703,0.00948501745744915,1.92924344086765,2.02296186544302
"GO:0046040",13,0,18,0,13,308395,5,515425,0.00545460798143703,0.00948501745744915,1.92924344086765,2.02296186544302
"GO:0048531",13,0,18,0,13,308395,5,515425,0.00545460798143703,0.00948501745744915,1.92924344086765,2.02296186544302
"GO:0050126",13,0,18,0,13,308395,5,515425,0.00545460798143703,0.00948501745744915,1.92924344086765,2.02296186544302
"GO:0071140",13,0,18,0,13,308395,5,515425,0.00545460798143703,0.00948501745744915,1.92924344086765,2.02296186544302
"GO:0097346",13,0,18,0,13,308395,5,515425,0.00545460798143703,0.00948501745744915,1.92924344086765,2.02296186544302
"GO:1990359",13,0,18,0,13,308395,5,515425,0.00545460798143703,0.00948501745744915,1.92924344086765,2.02296186544302
"GO:1990532",13,0,18,0,13,308395,5,515425,0.00545460798143703,0.00948501745744915,1.92924344086765,2.02296186544302
"GO:0034968",139,5,307,0,139,308269,168,515262,0.00548436567660332,0.0095304473744418,1.20946306415707,2.02088671240562
"GO:0043618",139,0,307,0,139,308269,168,515262,0.00548436567660332,0.0095304473744418,1.20946306415707,2.02088671240562
"GO:0043620",139,0,307,0,139,308269,168,515262,0.00548436567660332,0.0095304473744418,1.20946306415707,2.02088671240562
"GO:0016482",43,6,81,0,43,308365,38,515392,0.00549647178136205,0.00954516343765323,1.41807637533862,2.02021663097244
"GO:0046580",43,0,81,0,43,308365,38,515392,0.00549647178136205,0.00954516343765323,1.41807637533862,2.02021663097244
"GO:0051058",43,0,81,0,43,308365,38,515392,0.00549647178136205,0.00954516343765323,1.41807637533862,2.02021663097244
"GO:0048873",7,0,8,0,7,308401,1,515429,0.00554260900427724,0.00961679922452511,2.33735263028196,2.01696945087613
"GO:0050881",7,0,8,0,7,308401,1,515429,0.00554260900427724,0.00961679922452511,2.33735263028196,2.01696945087613
"GO:0060052",7,0,8,0,7,308401,1,515429,0.00554260900427724,0.00961679922452511,2.33735263028196,2.01696945087613
"GO:0060173",7,0,8,0,7,308401,1,515429,0.00554260900427724,0.00961679922452511,2.33735263028196,2.01696945087613
"GO:0010485",29,0,51,0,29,308379,22,515408,0.00556214485740795,0.00964856860236125,1.51895184937091,2.0155371109262
"GO:0046168",46,0,88,0,46,308362,42,515388,0.00557894745415277,0.00967558368783666,1.39634053237624,2.01432282633382
"GO:0070063",52,3,102,0,52,308356,50,515380,0.00559992328725754,0.00970982293332409,1.36181889943599,2.01278868973993
"GO:0005673",49,0,95,0,49,308359,46,515384,0.00560991838810959,0.00972287044280024,1.37780786627147,2.01220550118136
"GO:0051382",49,1,95,0,49,308359,46,515384,0.00560991838810959,0.00972287044280024,1.37780786627147,2.01220550118136
"GO:0004615",34,0,62,0,34,308374,28,515402,0.00565894289617618,0.00979920776038251,1.4648845977804,2.00880903443018
"GO:0032368",34,1,62,0,34,308374,28,515402,0.00565894289617618,0.00979920776038251,1.4648845977804,2.00880903443018
"GO:0032873",34,1,62,0,34,308374,28,515402,0.00565894289617618,0.00979920776038251,1.4648845977804,2.00880903443018
"GO:0070303",34,1,62,0,34,308374,28,515402,0.00565894289617618,0.00979920776038251,1.4648845977804,2.00880903443018
"GO:0004004",219,7,504,0,219,308189,285,515145,0.00571369230371704,0.00988966266817514,1.16072613612642,2.00481852173433
"GO:0008186",219,7,504,0,219,308189,285,515145,0.00571369230371704,0.00988966266817514,1.16072613612642,2.00481852173433
"GO:0000966",63,4,127,0,63,308345,64,515366,0.00576062823716998,0.00996871081182724,1.3251133022071,2.00136100252197
"GO:0071367",56,2,111,0,56,308352,55,515375,0.00582035593294794,0.010069855363553,1.34766277782023,1.99697676730755
"GO:0000920",7,3,41,0,7,308401,34,515396,0.00587877775310294,0.0101664627575629,0.456068805908676,1.99283012594533
"GO:0004149",7,1,41,0,7,308401,34,515396,0.00587877775310294,0.0101664627575629,0.456068805908676,1.99283012594533
"GO:0045165",863,11,2140,0,863,307545,1277,514153,0.00593957318541067,0.0102693433155179,1.07724182639964,1.98845732695436
"GO:0045140",7,0,42,0,7,308401,35,515395,0.00597057258307697,0.0103206735559908,0.445210024815612,1.98629195851264
"GO:0046578",43,0,82,0,43,308365,39,515391,0.0060032768458109,0.0103726504236662,1.40078276100522,1.98411025833611
"GO:0051056",43,0,82,0,43,308365,39,515391,0.0060032768458109,0.0103726504236662,1.40078276100522,1.98411025833611
"GO:0000905",11,0,15,0,11,308397,4,515426,0.00608368545954425,0.0104656407206146,1.95892410918869,1.98023417841852
"GO:0001896",11,0,15,0,11,308397,4,515426,0.00608368545954425,0.0104656407206146,1.95892410918869,1.98023417841852
"GO:0010913",11,0,15,0,11,308397,4,515426,0.00608368545954425,0.0104656407206146,1.95892410918869,1.98023417841852
"GO:0010914",11,0,15,0,11,308397,4,515426,0.00608368545954425,0.0104656407206146,1.95892410918869,1.98023417841852
"GO:0030582",11,0,15,0,11,308397,4,515426,0.00608368545954425,0.0104656407206146,1.95892410918869,1.98023417841852
"GO:0030584",11,0,15,0,11,308397,4,515426,0.00608368545954425,0.0104656407206146,1.95892410918869,1.98023417841852
"GO:0034305",11,0,15,0,11,308397,4,515426,0.00608368545954425,0.0104656407206146,1.95892410918869,1.98023417841852
"GO:0042281",11,0,15,0,11,308397,4,515426,0.00608368545954425,0.0104656407206146,1.95892410918869,1.98023417841852
"GO:0043385",11,0,15,0,11,308397,4,515426,0.00608368545954425,0.0104656407206146,1.95892410918869,1.98023417841852
"GO:0043386",11,0,15,0,11,308397,4,515426,0.00608368545954425,0.0104656407206146,1.95892410918869,1.98023417841852
"GO:0043937",11,0,15,0,11,308397,4,515426,0.00608368545954425,0.0104656407206146,1.95892410918869,1.98023417841852
"GO:0043938",11,0,15,0,11,308397,4,515426,0.00608368545954425,0.0104656407206146,1.95892410918869,1.98023417841852
"GO:0045460",11,0,15,0,11,308397,4,515426,0.00608368545954425,0.0104656407206146,1.95892410918869,1.98023417841852
"GO:0045461",11,0,15,0,11,308397,4,515426,0.00608368545954425,0.0104656407206146,1.95892410918869,1.98023417841852
"GO:0075259",11,0,15,0,11,308397,4,515426,0.00608368545954425,0.0104656407206146,1.95892410918869,1.98023417841852
"GO:0075306",11,0,15,0,11,308397,4,515426,0.00608368545954425,0.0104656407206146,1.95892410918869,1.98023417841852
"GO:0075307",11,0,15,0,11,308397,4,515426,0.00608368545954425,0.0104656407206146,1.95892410918869,1.98023417841852
"GO:1901376",11,0,15,0,11,308397,4,515426,0.00608368545954425,0.0104656407206146,1.95892410918869,1.98023417841852
"GO:1901378",11,0,15,0,11,308397,4,515426,0.00608368545954425,0.0104656407206146,1.95892410918869,1.98023417841852
"GO:1903666",11,0,15,0,11,308397,4,515426,0.00608368545954425,0.0104656407206146,1.95892410918869,1.98023417841852
"GO:0004633",71,2,146,0,71,308337,75,515355,0.00609226965003884,0.0104758293327011,1.29903746966747,1.97981158551121
"GO:0071513",71,2,146,0,71,308337,75,515355,0.00609226965003884,0.0104758293327011,1.29903746966747,1.97981158551121
"GO:0004478",21,0,89,0,21,308387,68,515362,0.00613337291779324,0.010544204326025,0.630297338503002,1.9769861868922
"GO:0032435",27,0,47,0,27,308381,20,515410,0.00619007090632876,0.0106370308174241,1.53455370255594,1.97317958252639
"GO:0052717",27,0,47,0,27,308381,20,515410,0.00619007090632876,0.0106370308174241,1.53455370255594,1.97317958252639
"GO:0001102",35,2,64,0,35,308373,29,515401,0.00622315585322263,0.0106798959835554,1.46084539392623,1.97143297708161
"GO:0004376",35,0,64,0,35,308373,29,515401,0.00622315585322263,0.0106798959835554,1.46084539392623,1.97143297708161
"GO:0008612",35,6,64,0,35,308373,29,515401,0.00622315585322263,0.0106798959835554,1.46084539392623,1.97143297708161
"GO:0009531",35,1,64,0,35,308373,29,515401,0.00622315585322263,0.0106798959835554,1.46084539392623,1.97143297708161
"GO:0061863",35,0,64,0,35,308373,29,515401,0.00622315585322263,0.0106798959835554,1.46084539392623,1.97143297708161
"GO:0070828",35,1,64,0,35,308373,29,515401,0.00622315585322263,0.0106798959835554,1.46084539392623,1.97143297708161
"GO:0032984",84,3,176,0,84,308324,92,515338,0.00623759437609311,0.0107023415275948,1.27491961651744,1.97052119415945
"GO:0010074",60,1,121,0,60,308348,61,515369,0.00641188847707062,0.0109942030258114,1.32459180936876,1.95883624734342
"GO:0035914",60,1,121,0,60,308348,61,515369,0.00641188847707062,0.0109942030258114,1.32459180936876,1.95883624734342
"GO:0042303",60,0,121,0,60,308348,61,515369,0.00641188847707062,0.0109942030258114,1.32459180936876,1.95883624734342
"GO:0003985",32,0,58,0,32,308376,26,515404,0.00643178114795805,0.0110259105393567,1.47379870283789,1.95758553556629
"GO:0007034",199,14,455,0,199,308209,256,515174,0.00659603562504635,0.0113050277466503,1.16830938380185,1.94672836740068
"GO:0009956",38,0,71,0,38,308370,33,515397,0.0066406665207901,0.0113765673235385,1.4296885303938,1.9439887587962
"GO:0060149",38,1,71,0,38,308370,33,515397,0.0066406665207901,0.0113765673235385,1.4296885303938,1.9439887587962
"GO:1902117",10,0,13,0,10,308398,3,515427,0.0067183563552238,0.0115071586658663,2.05481549914898,1.93903189861772
"GO:0031930",156,9,350,0,156,308252,194,515236,0.00672122652716062,0.0115095704202324,1.19061880922118,1.9389408855452
"GO:0004585",5,1,33,0,5,308403,28,515402,0.00673985924218675,0.01153395042489,0.404736386196011,1.93802191960129
"GO:0019240",5,1,33,0,5,308403,28,515402,0.00673985924218675,0.01153395042489,0.404736386196011,1.93802191960129
"GO:1902936",5,2,33,0,5,308403,28,515402,0.00673985924218675,0.01153395042489,0.404736386196011,1.93802191960129
"GO:0031461",89,1,189,0,89,308319,100,515330,0.00676433461786504,0.0115733193027241,1.25789499074887,1.93654206472038
"GO:0030705",77,1,160,0,77,308331,83,515347,0.00682598668400088,0.0116762640539885,1.28554394665508,1.93269609217893
"GO:0005951",25,0,43,0,25,308383,18,515412,0.00683555510348321,0.0116824771547156,1.55305822610097,1.93246505957313
"GO:0016812",25,0,43,0,25,308383,18,515412,0.00683555510348321,0.0116824771547156,1.55305822610097,1.93246505957313
"GO:0045004",25,1,43,0,25,308383,18,515412,0.00683555510348321,0.0116824771547156,1.55305822610097,1.93246505957313
"GO:1990116",25,2,43,0,25,308383,18,515412,0.00683555510348321,0.0116824771547156,1.55305822610097,1.93246505957313
"GO:0001732",41,0,78,0,41,308367,37,515393,0.00693509536147604,0.0118500261961232,1.40412392441847,1.92628068958475
"GO:0006730",90,1,191,0,90,308318,101,515329,0.00696157306765264,0.0118926873239066,1.25870897068288,1.92471999920188
"GO:0032182",69,1,142,0,69,308339,73,515357,0.00705588096541353,0.0120485672363851,1.29800669206805,1.91906459444409
"GO:0090287",69,0,142,0,69,308339,73,515357,0.00705588096541353,0.0120485672363851,1.29800669206805,1.91906459444409
"GO:0006073",135,4,299,0,135,308273,164,515266,0.00705779538892652,0.012049222576801,1.20608735819614,1.91904097313038
"GO:0003958",33,0,60,0,33,308375,27,515403,0.00710696059394005,0.0121305277093443,1.46919308189152,1.91612030578873
"GO:0032535",95,6,203,0,95,308313,108,515322,0.00714410109457259,0.0121912776536907,1.25009711401428,1.91395077765718
"GO:1901348",28,0,49,0,28,308380,21,515409,0.00717496407506633,0.0122386386129842,1.52643437079638,1.9122668890329
"GO:1903340",28,0,49,0,28,308380,21,515409,0.00717496407506633,0.0122386386129842,1.52643437079638,1.9122668890329
"GO:0003954",189,12,432,0,189,308219,243,515187,0.00722406564212554,0.0123197237293787,1.16867631514098,1.90939903114494
"GO:0042364",65,5,226,0,65,308343,161,515269,0.00722774038011798,0.0123233208300387,0.768282786186233,1.90927224478339
"GO:0001952",5,0,5,0,5,308403,0,515430,0.00735208067229243,0.0124036817514544,2.67126014889367,1.90644938524029
"GO:0001953",5,0,5,0,5,308403,0,515430,0.00735208067229243,0.0124036817514544,2.67126014889367,1.90644938524029
"GO:0002686",5,0,5,0,5,308403,0,515430,0.00735208067229243,0.0124036817514544,2.67126014889367,1.90644938524029
"GO:0009703",5,0,5,0,5,308403,0,515430,0.00735208067229243,0.0124036817514544,2.67126014889367,1.90644938524029
"GO:0009827",39,0,73,0,39,308369,34,515396,0.00733018109745756,0.0124036817514544,1.42711158639525,1.90644938524029
"GO:0010640",5,0,5,0,5,308403,0,515430,0.00735208067229243,0.0124036817514544,2.67126014889367,1.90644938524029
"GO:0010642",5,0,5,0,5,308403,0,515430,0.00735208067229243,0.0124036817514544,2.67126014889367,1.90644938524029
"GO:0010810",5,0,5,0,5,308403,0,515430,0.00735208067229243,0.0124036817514544,2.67126014889367,1.90644938524029
"GO:0010812",5,0,5,0,5,308403,0,515430,0.00735208067229243,0.0124036817514544,2.67126014889367,1.90644938524029
"GO:0014012",5,0,5,0,5,308403,0,515430,0.00735208067229243,0.0124036817514544,2.67126014889367,1.90644938524029
"GO:0031102",5,0,5,0,5,308403,0,515430,0.00735208067229243,0.0124036817514544,2.67126014889367,1.90644938524029
"GO:0031103",5,0,5,0,5,308403,0,515430,0.00735208067229243,0.0124036817514544,2.67126014889367,1.90644938524029
"GO:0032260",5,0,5,0,5,308403,0,515430,0.00735208067229243,0.0124036817514544,2.67126014889367,1.90644938524029
"GO:0032387",5,0,5,0,5,308403,0,515430,0.00735208067229243,0.0124036817514544,2.67126014889367,1.90644938524029
"GO:0032642",5,0,5,0,5,308403,0,515430,0.00735208067229243,0.0124036817514544,2.67126014889367,1.90644938524029
"GO:0032682",5,0,5,0,5,308403,0,515430,0.00735208067229243,0.0124036817514544,2.67126014889367,1.90644938524029
"GO:0034442",5,0,5,0,5,308403,0,515430,0.00735208067229243,0.0124036817514544,2.67126014889367,1.90644938524029
"GO:0034443",5,0,5,0,5,308403,0,515430,0.00735208067229243,0.0124036817514544,2.67126014889367,1.90644938524029
"GO:0042246",5,0,5,0,5,308403,0,515430,0.00735208067229243,0.0124036817514544,2.67126014889367,1.90644938524029
"GO:0042308",5,0,5,0,5,308403,0,515430,0.00735208067229243,0.0124036817514544,2.67126014889367,1.90644938524029
"GO:0043953",30,0,54,0,30,308378,24,515406,0.00729019893456912,0.0124036817514544,1.48403341605204,1.90644938524029
"GO:0046322",5,0,5,0,5,308403,0,515430,0.00735208067229243,0.0124036817514544,2.67126014889367,1.90644938524029
"GO:0046823",5,0,5,0,5,308403,0,515430,0.00735208067229243,0.0124036817514544,2.67126014889367,1.90644938524029
"GO:0048662",5,0,5,0,5,308403,0,515430,0.00735208067229243,0.0124036817514544,2.67126014889367,1.90644938524029
"GO:0048678",5,0,5,0,5,308403,0,515430,0.00735208067229243,0.0124036817514544,2.67126014889367,1.90644938524029
"GO:0050746",5,0,5,0,5,308403,0,515430,0.00735208067229243,0.0124036817514544,2.67126014889367,1.90644938524029
"GO:0050748",5,0,5,0,5,308403,0,515430,0.00735208067229243,0.0124036817514544,2.67126014889367,1.90644938524029
"GO:0051893",5,0,5,0,5,308403,0,515430,0.00735208067229243,0.0124036817514544,2.67126014889367,1.90644938524029
"GO:0051895",5,0,5,0,5,308403,0,515430,0.00735208067229243,0.0124036817514544,2.67126014889367,1.90644938524029
"GO:0060587",5,0,5,0,5,308403,0,515430,0.00735208067229243,0.0124036817514544,2.67126014889367,1.90644938524029
"GO:0060588",5,0,5,0,5,308403,0,515430,0.00735208067229243,0.0124036817514544,2.67126014889367,1.90644938524029
"GO:0071637",5,0,5,0,5,308403,0,515430,0.00735208067229243,0.0124036817514544,2.67126014889367,1.90644938524029
"GO:0071638",5,0,5,0,5,308403,0,515430,0.00735208067229243,0.0124036817514544,2.67126014889367,1.90644938524029
"GO:0090109",5,0,5,0,5,308403,0,515430,0.00735208067229243,0.0124036817514544,2.67126014889367,1.90644938524029
"GO:0090317",5,0,5,0,5,308403,0,515430,0.00735208067229243,0.0124036817514544,2.67126014889367,1.90644938524029
"GO:1900015",5,0,5,0,5,308403,0,515430,0.00735208067229243,0.0124036817514544,2.67126014889367,1.90644938524029
"GO:1900016",5,0,5,0,5,308403,0,515430,0.00735208067229243,0.0124036817514544,2.67126014889367,1.90644938524029
"GO:1900181",5,0,5,0,5,308403,0,515430,0.00735208067229243,0.0124036817514544,2.67126014889367,1.90644938524029
"GO:1901889",5,0,5,0,5,308403,0,515430,0.00735208067229243,0.0124036817514544,2.67126014889367,1.90644938524029
"GO:1903391",5,0,5,0,5,308403,0,515430,0.00735208067229243,0.0124036817514544,2.67126014889367,1.90644938524029
"GO:1903392",5,0,5,0,5,308403,0,515430,0.00735208067229243,0.0124036817514544,2.67126014889367,1.90644938524029
"GO:1904590",5,0,5,0,5,308403,0,515430,0.00735208067229243,0.0124036817514544,2.67126014889367,1.90644938524029
"GO:2000097",5,0,5,0,5,308403,0,515430,0.00735208067229243,0.0124036817514544,2.67126014889367,1.90644938524029
"GO:2000098",5,0,5,0,5,308403,0,515430,0.00735208067229243,0.0124036817514544,2.67126014889367,1.90644938524029
"GO:2000401",5,0,5,0,5,308403,0,515430,0.00735208067229243,0.0124036817514544,2.67126014889367,1.90644938524029
"GO:2000402",5,0,5,0,5,308403,0,515430,0.00735208067229243,0.0124036817514544,2.67126014889367,1.90644938524029
"GO:2000404",5,0,5,0,5,308403,0,515430,0.00735208067229243,0.0124036817514544,2.67126014889367,1.90644938524029
"GO:2000405",5,0,5,0,5,308403,0,515430,0.00735208067229243,0.0124036817514544,2.67126014889367,1.90644938524029
"GO:2000694",30,0,54,0,30,308378,24,515406,0.00729019893456912,0.0124036817514544,1.48403341605204,1.90644938524029
"GO:0006390",70,4,144,0,70,308338,74,515356,0.00737297676789535,0.012433606066168,1.29852923904554,1.90540289649816
"GO:0034245",70,4,144,0,70,308338,74,515356,0.00737297676789535,0.012433606066168,1.29852923904554,1.90540289649816
"GO:0006646",78,2,163,0,78,308330,85,515345,0.00739110305713344,0.0124615042334021,1.27827172769145,1.9044295306435
"GO:1904680",66,3,135,0,66,308342,69,515361,0.00742589038646317,0.0125174751867748,1.3059494061258,1.9024832608244
"GO:0048481",58,0,117,0,58,308350,59,515371,0.007439871079368,0.0125383569121783,1.3242144327849,1.90175937185682
"GO:0009772",91,2,194,0,91,308317,103,515327,0.00745539906890713,0.0125618367873367,1.25301378118208,1.90094685357002
"GO:0004641",23,2,39,0,23,308385,16,515414,0.00747053092904527,0.012571188429552,1.57535854934755,1.90062366392109
"GO:0010569",23,0,39,0,23,308385,16,515414,0.00747053092904527,0.012571188429552,1.57535854934755,1.90062366392109
"GO:0017157",23,0,39,0,23,308385,16,515414,0.00747053092904527,0.012571188429552,1.57535854934755,1.90062366392109
"GO:0019912",23,1,39,0,23,308385,16,515414,0.00747053092904527,0.012571188429552,1.57535854934755,1.90062366392109
"GO:0046084",23,2,39,0,23,308385,16,515414,0.00747053092904527,0.012571188429552,1.57535854934755,1.90062366392109
"GO:1901671",23,0,39,0,23,308385,16,515414,0.00747053092904527,0.012571188429552,1.57535854934755,1.90062366392109
"GO:0004637",42,2,80,0,42,308366,38,515392,0.00747745276714871,0.0125774590134604,1.40241157816918,1.90040708924825
"GO:0061136",42,1,80,0,42,308366,38,515392,0.00747745276714871,0.0125774590134604,1.40241157816918,1.90040708924825
"GO:1902459",48,1,94,0,48,308360,46,515384,0.00753635188881848,0.0126738222748941,1.36404773560528,1.89709238728289
"GO:0032977",45,1,87,0,45,308363,42,515388,0.00754005006676553,0.0126746261211997,1.38168628391052,1.8970648427161
"GO:0097510",45,1,87,0,45,308363,42,515388,0.00754005006676553,0.0126746261211997,1.38168628391052,1.8970648427161
"GO:0006767",66,5,228,0,66,308342,162,515268,0.00758962831467509,0.0127552421206495,0.773259516785011,1.89431129317618
"GO:0017062",55,2,110,0,55,308353,55,515375,0.00765220525155066,0.0128576648324881,1.33563007444684,1.89083789940966
"GO:0060089",205,16,472,0,205,308203,267,515163,0.00769095811788753,0.0129200218318418,1.16018714093899,1.88873675248332
"GO:0000109",13,0,19,0,13,308395,6,515424,0.00774202673917187,0.0129285605623167,1.82770431240093,1.88844982582668
"GO:0001561",13,0,19,0,13,308395,6,515424,0.00774202673917187,0.0129285605623167,1.82770431240093,1.88844982582668
"GO:0003948",13,0,19,0,13,308395,6,515424,0.00774202673917187,0.0129285605623167,1.82770431240093,1.88844982582668
"GO:0004038",13,0,19,0,13,308395,6,515424,0.00774202673917187,0.0129285605623167,1.82770431240093,1.88844982582668
"GO:0004132",13,0,19,0,13,308395,6,515424,0.00774202673917187,0.0129285605623167,1.82770431240093,1.88844982582668
"GO:0004360",13,0,19,0,13,308395,6,515424,0.00774202673917187,0.0129285605623167,1.82770431240093,1.88844982582668
"GO:0004438",13,0,19,0,13,308395,6,515424,0.00774202673917187,0.0129285605623167,1.82770431240093,1.88844982582668
"GO:0004452",13,1,19,0,13,308395,6,515424,0.00774202673917187,0.0129285605623167,1.82770431240093,1.88844982582668
"GO:0004476",13,0,19,0,13,308395,6,515424,0.00774202673917187,0.0129285605623167,1.82770431240093,1.88844982582668
"GO:0006047",13,0,19,0,13,308395,6,515424,0.00774202673917187,0.0129285605623167,1.82770431240093,1.88844982582668
"GO:0006787",13,0,19,0,13,308395,6,515424,0.00774202673917187,0.0129285605623167,1.82770431240093,1.88844982582668
"GO:0008093",13,1,19,0,13,308395,6,515424,0.00774202673917187,0.0129285605623167,1.82770431240093,1.88844982582668
"GO:0009974",13,0,19,0,13,308395,6,515424,0.00774202673917187,0.0129285605623167,1.82770431240093,1.88844982582668
"GO:0019788",13,1,19,0,13,308395,6,515424,0.00774202673917187,0.0129285605623167,1.82770431240093,1.88844982582668
"GO:0031509",13,0,19,0,13,308395,6,515424,0.00774202673917187,0.0129285605623167,1.82770431240093,1.88844982582668
"GO:0033015",13,0,19,0,13,308395,6,515424,0.00774202673917187,0.0129285605623167,1.82770431240093,1.88844982582668
"GO:0033388",13,0,19,0,13,308395,6,515424,0.00774202673917187,0.0129285605623167,1.82770431240093,1.88844982582668
"GO:0034203",13,0,19,0,13,308395,6,515424,0.00774202673917187,0.0129285605623167,1.82770431240093,1.88844982582668
"GO:0046149",13,0,19,0,13,308395,6,515424,0.00774202673917187,0.0129285605623167,1.82770431240093,1.88844982582668
"GO:0046475",13,0,19,0,13,308395,6,515424,0.00774202673917187,0.0129285605623167,1.82770431240093,1.88844982582668
"GO:0047412",13,0,19,0,13,308395,6,515424,0.00774202673917187,0.0129285605623167,1.82770431240093,1.88844982582668
"GO:0050378",13,0,19,0,13,308395,6,515424,0.00774202673917187,0.0129285605623167,1.82770431240093,1.88844982582668
"GO:0051306",13,0,19,0,13,308395,6,515424,0.00774202673917187,0.0129285605623167,1.82770431240093,1.88844982582668
"GO:0052637",13,0,19,0,13,308395,6,515424,0.00774202673917187,0.0129285605623167,1.82770431240093,1.88844982582668
"GO:0070291",13,0,19,0,13,308395,6,515424,0.00774202673917187,0.0129285605623167,1.82770431240093,1.88844982582668
"GO:1901332",13,0,19,0,13,308395,6,515424,0.00774202673917187,0.0129285605623167,1.82770431240093,1.88844982582668
"GO:1901959",13,0,19,0,13,308395,6,515424,0.00774202673917187,0.0129285605623167,1.82770431240093,1.88844982582668
"GO:1904161",13,0,19,0,13,308395,6,515424,0.00774202673917187,0.0129285605623167,1.82770431240093,1.88844982582668
"GO:0033108",59,2,119,0,59,308349,60,515370,0.00776201288146234,0.0129591867238328,1.32440629230863,1.88742225251128
"GO:0032434",52,1,103,0,52,308356,51,515379,0.00784986566514382,0.0131030836547948,1.34859735672302,1.8826264862782
"GO:0009060",161,5,364,0,161,308247,203,515227,0.00792818796871114,0.0132310145621569,1.18151891201066,1.87840685257347
"GO:0002213",200,15,460,0,200,308208,260,515170,0.00801080216966657,0.0133632869630829,1.16141745604073,1.87408670545683
"GO:0140818",26,0,45,0,26,308382,19,515411,0.00801253994737697,0.0133632869630829,1.54339475269412,1.87408670545683
"GO:1901136",39,0,74,0,39,308369,35,515395,0.00801125921503218,0.0133632869630829,1.40782629468721,1.87408670545683
"GO:0000225",21,3,35,0,21,308387,14,515416,0.00804952292002579,0.0134107607251731,1.6027560893362,1.87254658610259
"GO:0001872",21,0,35,0,21,308387,14,515416,0.00804952292002579,0.0134107607251731,1.6027560893362,1.87254658610259
"GO:0006363",21,0,35,0,21,308387,14,515416,0.00804952292002579,0.0134107607251731,1.6027560893362,1.87254658610259
"GO:0034090",21,0,35,0,21,308387,14,515416,0.00804952292002579,0.0134107607251731,1.6027560893362,1.87254658610259
"GO:0070534",21,0,35,0,21,308387,14,515416,0.00804952292002579,0.0134107607251731,1.6027560893362,1.87254658610259
"GO:0004861",56,1,112,0,56,308352,56,515374,0.00808094511783163,0.0134602623714707,1.33563007444684,1.87094647463126
"GO:0033866",31,0,56,0,31,308377,25,515405,0.00809952202603175,0.0134797964881442,1.478733296709,1.87031666453239
"GO:0034030",31,0,56,0,31,308377,25,515405,0.00809952202603175,0.0134797964881442,1.478733296709,1.87031666453239
"GO:0034033",31,0,56,0,31,308377,25,515405,0.00809952202603175,0.0134797964881442,1.478733296709,1.87031666453239
"GO:0071985",31,1,56,0,31,308377,25,515405,0.00809952202603175,0.0134797964881442,1.478733296709,1.87031666453239
"GO:0140101",13,4,61,0,13,308395,48,515382,0.00811388620764505,0.0135008480715667,0.569284949764225,1.86963894993215
"GO:0009084",13,3,62,0,13,308395,49,515381,0.00812590603707013,0.0135179907700372,0.560102934445448,1.8690878544248
"GO:0061572",46,0,89,0,46,308362,43,515387,0.00817030677686485,0.0135889826637397,1.38065131291134,1.86681305541336
"GO:0098800",67,5,138,0,67,308341,71,515359,0.00817474612434955,0.0135934941890325,1.29691615924548,1.86666889411649
"GO:0016423",42,1,81,0,42,308366,39,515391,0.00825405023916406,0.013722467472587,1.3850978549819,1.86256778998652
"GO:0004316",17,0,75,0,17,308391,58,515372,0.0083113888588554,0.0138148760762056,0.605485633749233,1.85965300648844
"GO:0007052",108,0,235,0,108,308300,127,515303,0.00842741294024862,0.0140047698259736,1.22764296204475,1.85372402458629
"GO:0009083",37,2,69,0,37,308371,32,515398,0.00846207622702747,0.0140564389236464,1.43241486245023,1.85212469010543
"GO:0070681",37,1,69,0,37,308371,32,515398,0.00846207622702747,0.0140564389236464,1.43241486245023,1.85212469010543
"GO:0006907",7,1,40,0,7,308401,33,515397,0.00848861077742158,0.0140945673992539,0.467470526056393,1.85094824927092
"GO:0018196",7,2,40,0,7,308401,33,515397,0.00848861077742158,0.0140945673992539,0.467470526056393,1.85094824927092
"GO:0031647",123,4,272,0,123,308285,149,515281,0.00849382385799034,0.0141002491375158,1.20795955262471,1.85077321372104
"GO:0004595",19,1,31,0,19,308389,12,515418,0.00850125209340292,0.0141036578459995,1.63722396222515,1.85066823654231
"GO:0031235",19,0,31,0,19,308389,12,515418,0.00850125209340292,0.0141036578459995,1.63722396222515,1.85066823654231
"GO:0072341",19,2,31,0,19,308389,12,515418,0.00850125209340292,0.0141036578459995,1.63722396222515,1.85066823654231
"GO:0008962",15,0,23,0,15,308393,8,515422,0.00853719876660019,0.0141454070070883,1.74212618406109,1.8493845520324
"GO:0010452",15,0,23,0,15,308393,8,515422,0.00853719876660019,0.0141454070070883,1.74212618406109,1.8493845520324
"GO:0043461",15,0,23,0,15,308393,8,515422,0.00853719876660019,0.0141454070070883,1.74212618406109,1.8493845520324
"GO:0044232",15,0,23,0,15,308393,8,515422,0.00853719876660019,0.0141454070070883,1.74212618406109,1.8493845520324
"GO:0051997",15,0,23,0,15,308393,8,515422,0.00853719876660019,0.0141454070070883,1.74212618406109,1.8493845520324
"GO:1900865",15,0,23,0,15,308393,8,515422,0.00853719876660019,0.0141454070070883,1.74212618406109,1.8493845520324
"GO:0004016",56,1,113,0,56,308352,57,515373,0.00863689998664086,0.0143075918970616,1.32381033927474,1.8444334559554
"GO:0034237",40,2,76,0,40,308368,36,515394,0.00865866316265872,0.0143406262184829,1.40592639415456,1.84343188372446
"GO:0048562",17,0,27,0,17,308391,10,515420,0.00871708435440022,0.0144282775521107,1.68190453819231,1.84078551189077
"GO:0080178",17,0,27,0,17,308391,10,515420,0.00871708435440022,0.0144282775521107,1.68190453819231,1.84078551189077
"GO:1900180",17,0,27,0,17,308391,10,515420,0.00871708435440022,0.0144282775521107,1.68190453819231,1.84078551189077
"GO:0006696",34,0,63,0,34,308374,29,515401,0.00877897616165866,0.0145124108241447,1.4416324613077,1.8382604358977
"GO:0008204",34,0,63,0,34,308374,29,515401,0.00877897616165866,0.0145124108241447,1.4416324613077,1.8382604358977
"GO:0015149",34,0,63,0,34,308374,29,515401,0.00877897616165866,0.0145124108241447,1.4416324613077,1.8382604358977
"GO:0044107",34,0,63,0,34,308374,29,515401,0.00877897616165866,0.0145124108241447,1.4416324613077,1.8382604358977
"GO:0044108",34,0,63,0,34,308374,29,515401,0.00877897616165866,0.0145124108241447,1.4416324613077,1.8382604358977
"GO:0097384",34,0,63,0,34,308374,29,515401,0.00877897616165866,0.0145124108241447,1.4416324613077,1.8382604358977
"GO:0000493",24,0,41,0,24,308384,17,515413,0.00887772718649,0.0146664151966525,1.56366447740117,1.83367602457273
"GO:0004157",24,0,41,0,24,308384,17,515413,0.00887772718649,0.0146664151966525,1.56366447740117,1.83367602457273
"GO:0034450",24,1,41,0,24,308384,17,515413,0.00887772718649,0.0146664151966525,1.56366447740117,1.83367602457273
"GO:0016050",249,24,582,0,249,308159,333,515097,0.00890517811957374,0.0147086785894428,1.14285872349575,1.83242634203052
"GO:0051571",85,0,181,0,85,308323,96,515334,0.008960233133624,0.0147965083339392,1.25445918594454,1.82984075691649
"GO:0090502",95,5,204,0,95,308313,109,515321,0.00902210401664048,0.0148955542825071,1.2439691869848,1.82694333149859
"GO:0048524",61,0,124,0,61,308347,63,515367,0.00908021259054574,0.0149789257151668,1.31408765389124,1.82451933301207
"GO:0050792",61,0,124,0,61,308347,63,515367,0.00908021259054574,0.0149789257151668,1.31408765389124,1.82451933301207
"GO:0051702",61,0,124,0,61,308347,63,515367,0.00908021259054574,0.0149789257151668,1.31408765389124,1.82451933301207
"GO:0051851",61,0,124,0,61,308347,63,515367,0.00908021259054574,0.0149789257151668,1.31408765389124,1.82451933301207
"GO:1901987",90,3,193,0,90,308318,103,515327,0.00917377043598668,0.0151300902728027,1.24566535440638,1.82015848077634
"GO:0009631",86,3,183,0,86,308322,97,515333,0.00922246748079165,0.015204034347391,1.25534629948009,1.81804115795439
"GO:0051569",86,0,183,0,86,308322,97,515333,0.00922246748079165,0.015204034347391,1.25534629948009,1.81804115795439
"GO:0000448",26,0,46,0,26,308382,20,515410,0.00925876085312801,0.0152574765408884,1.50984269285295,1.81651728911973
"GO:0043007",26,1,46,0,26,308382,20,515410,0.00925876085312801,0.0152574765408884,1.50984269285295,1.81651728911973
"GO:0018024",110,5,241,0,110,308298,131,515299,0.00936893447166004,0.0154357999499598,1.21924737086433,1.81147085857897
"GO:0000035",44,2,85,0,44,308364,41,515389,0.00949465016313679,0.0156396497351356,1.38276995942731,1.80577297760617
"GO:0000994",12,0,17,0,12,308396,5,515425,0.00957877822102096,0.0156570062616024,1.88559539921906,1.80529127474034
"GO:0001016",12,0,17,0,12,308396,5,515425,0.00957877822102096,0.0156570062616024,1.88559539921906,1.80529127474034
"GO:0001032",12,0,17,0,12,308396,5,515425,0.00957877822102096,0.0156570062616024,1.88559539921906,1.80529127474034
"GO:0001093",12,0,17,0,12,308396,5,515425,0.00957877822102096,0.0156570062616024,1.88559539921906,1.80529127474034
"GO:0003942",12,0,17,0,12,308396,5,515425,0.00957877822102096,0.0156570062616024,1.88559539921906,1.80529127474034
"GO:0003998",12,0,17,0,12,308396,5,515425,0.00957877822102096,0.0156570062616024,1.88559539921906,1.80529127474034
"GO:0004019",12,0,17,0,12,308396,5,515425,0.00957877822102096,0.0156570062616024,1.88559539921906,1.80529127474034
"GO:0004048",12,0,17,0,12,308396,5,515425,0.00957877822102096,0.0156570062616024,1.88559539921906,1.80529127474034
"GO:0004198",12,0,17,0,12,308396,5,515425,0.00957877822102096,0.0156570062616024,1.88559539921906,1.80529127474034
"GO:0004400",12,0,17,0,12,308396,5,515425,0.00957877822102096,0.0156570062616024,1.88559539921906,1.80529127474034
"GO:0004638",12,0,17,0,12,308396,5,515425,0.00957877822102096,0.0156570062616024,1.88559539921906,1.80529127474034
"GO:0005053",12,0,17,0,12,308396,5,515425,0.00957877822102096,0.0156570062616024,1.88559539921906,1.80529127474034
"GO:0005539",12,0,17,0,12,308396,5,515425,0.00957877822102096,0.0156570062616024,1.88559539921906,1.80529127474034
"GO:0006382",12,0,17,0,12,308396,5,515425,0.00957877822102096,0.0156570062616024,1.88559539921906,1.80529127474034
"GO:0010792",12,0,17,0,12,308396,5,515425,0.00957877822102096,0.0156570062616024,1.88559539921906,1.80529127474034
"GO:0016004",12,0,17,0,12,308396,5,515425,0.00957877822102096,0.0156570062616024,1.88559539921906,1.80529127474034
"GO:0016480",12,0,17,0,12,308396,5,515425,0.00957877822102096,0.0156570062616024,1.88559539921906,1.80529127474034
"GO:0016719",12,0,17,0,12,308396,5,515425,0.00957877822102096,0.0156570062616024,1.88559539921906,1.80529127474034
"GO:0018858",12,0,17,0,12,308396,5,515425,0.00957877822102096,0.0156570062616024,1.88559539921906,1.80529127474034
"GO:0030259",40,0,77,0,40,308368,37,515393,0.00956093465346737,0.0156570062616024,1.3876676098149,1.80529127474034
"GO:0031001",12,0,17,0,12,308396,5,515425,0.00957877822102096,0.0156570062616024,1.88559539921906,1.80529127474034
"GO:0032422",12,0,17,0,12,308396,5,515425,0.00957877822102096,0.0156570062616024,1.88559539921906,1.80529127474034
"GO:0035060",12,0,17,0,12,308396,5,515425,0.00957877822102096,0.0156570062616024,1.88559539921906,1.80529127474034
"GO:0035597",12,0,17,0,12,308396,5,515425,0.00957877822102096,0.0156570062616024,1.88559539921906,1.80529127474034
"GO:0042834",12,0,17,0,12,308396,5,515425,0.00957877822102096,0.0156570062616024,1.88559539921906,1.80529127474034
"GO:0043144",144,0,323,0,144,308264,179,515251,0.00955569960205068,0.0156570062616024,1.19090235740151,1.80529127474034
"GO:0044208",12,0,17,0,12,308396,5,515425,0.00957877822102096,0.0156570062616024,1.88559539921906,1.80529127474034
"GO:0045436",12,0,17,0,12,308396,5,515425,0.00957877822102096,0.0156570062616024,1.88559539921906,1.80529127474034
"GO:0046341",12,0,17,0,12,308396,5,515425,0.00957877822102096,0.0156570062616024,1.88559539921906,1.80529127474034
"GO:0047453",12,0,17,0,12,308396,5,515425,0.00957877822102096,0.0156570062616024,1.88559539921906,1.80529127474034
"GO:0047793",12,0,17,0,12,308396,5,515425,0.00957877822102096,0.0156570062616024,1.88559539921906,1.80529127474034
"GO:0052751",12,0,17,0,12,308396,5,515425,0.00957877822102096,0.0156570062616024,1.88559539921906,1.80529127474034
"GO:0060229",12,0,17,0,12,308396,5,515425,0.00957877822102096,0.0156570062616024,1.88559539921906,1.80529127474034
"GO:0070401",12,0,17,0,12,308396,5,515425,0.00957877822102096,0.0156570062616024,1.88559539921906,1.80529127474034
"GO:0090657",12,0,17,0,12,308396,5,515425,0.00957877822102096,0.0156570062616024,1.88559539921906,1.80529127474034
"GO:0110051",12,0,17,0,12,308396,5,515425,0.00957877822102096,0.0156570062616024,1.88559539921906,1.80529127474034
"GO:1904430",12,0,17,0,12,308396,5,515425,0.00957877822102096,0.0156570062616024,1.88559539921906,1.80529127474034
"GO:0016703",18,3,78,0,18,308390,60,515370,0.00960288759566404,0.0156931557303441,0.616444649744694,1.80428971552923
"GO:0010564",156,6,353,0,156,308252,197,515233,0.00966912820987421,0.015798127286868,1.18050023577171,1.80139439134826
"GO:0000958",22,0,37,0,22,308386,15,515415,0.00973151575202527,0.0158802844112651,1.58831684528813,1.79914172375168
"GO:0008893",22,0,37,0,22,308386,15,515415,0.00973151575202527,0.0158802844112651,1.58831684528813,1.79914172375168
"GO:0032131",22,0,37,0,22,308386,15,515415,0.00973151575202527,0.0158802844112651,1.58831684528813,1.79914172375168
"GO:0043916",22,0,37,0,22,308386,15,515415,0.00973151575202527,0.0158802844112651,1.58831684528813,1.79914172375168
"GO:0045025",22,1,37,0,22,308386,15,515415,0.00973151575202527,0.0158802844112651,1.58831684528813,1.79914172375168
"GO:0070567",22,0,37,0,22,308386,15,515415,0.00973151575202527,0.0158802844112651,1.58831684528813,1.79914172375168
"GO:0042537",35,0,65,0,35,308373,30,515400,0.00976502437893621,0.0159316625722251,1.43837084940429,1.79773890039054
"GO:0052861",87,4,186,0,87,308321,99,515331,0.00985783444431616,0.0160797498436918,1.24946039222446,1.79372071195258
"GO:0008066",38,2,72,0,38,308370,34,515396,0.0100275583629833,0.0163498217550549,1.40983174524944,1.78648697763477
"GO:0031429",38,1,72,0,38,308370,34,515396,0.0100275583629833,0.0163498217550549,1.40983174524944,1.78648697763477
"GO:0033177",54,0,109,0,54,308354,55,515375,0.010031759418774,0.0163532843538184,1.32337658752531,1.78639501159725
"GO:0046906",32,0,59,0,32,308376,27,515403,0.010079679367878,0.0164279991685167,1.44881906380674,1.78441532779967
"GO:0009838",47,1,93,0,47,308361,46,515384,0.010090899464357,0.0164428815117818,1.34999168815057,1.7840220727444
"GO:0004491",41,0,79,0,41,308367,38,515392,0.0101487557921333,0.0165337346017535,1.38635020385621,1.78162903791419
"GO:0004564",24,0,42,0,24,308384,18,515412,0.010348626347201,0.0168488907146156,1.52643437079638,1.77342868662527
"GO:0006071",24,0,42,0,24,308384,18,515412,0.010348626347201,0.0168488907146156,1.52643437079638,1.77342868662527
"GO:0045740",24,0,42,0,24,308384,18,515412,0.010348626347201,0.0168488907146156,1.52643437079638,1.77342868662527
"GO:0060261",66,1,137,0,66,308342,71,515359,0.0104089191562785,0.0169435507854062,1.28688445129184,1.77099557128318
"GO:0004150",27,0,48,0,27,308381,21,515409,0.0104281919867164,0.0169643991154023,1.50258383375269,1.77046151859986
"GO:0033204",27,0,48,0,27,308381,21,515409,0.0104281919867164,0.0169643991154023,1.50258383375269,1.77046151859986
"GO:0071339",27,1,48,0,27,308381,21,515409,0.0104281919867164,0.0169643991154023,1.50258383375269,1.77046151859986
"GO:0097164",55,1,111,0,55,308353,56,515374,0.0104792267586875,0.0170438993893364,1.32359737107344,1.76843103811774
"GO:0008444",20,0,33,0,20,308388,13,515417,0.010508323952906,0.0170771110977036,1.61894554478404,1.76758559620218
"GO:0018293",20,0,33,0,20,308388,13,515417,0.010508323952906,0.0170771110977036,1.61894554478404,1.76758559620218
"GO:0034039",20,0,33,0,20,308388,13,515417,0.010508323952906,0.0170771110977036,1.61894554478404,1.76758559620218
"GO:1905177",20,0,33,0,20,308388,13,515417,0.010508323952906,0.0170771110977036,1.61894554478404,1.76758559620218
"GO:0002833",48,0,95,0,48,308360,47,515383,0.0106096351811898,0.0172346364313508,1.34968933838838,1.76359787370213
"GO:0010167",48,1,95,0,48,308360,47,515383,0.0106096351811898,0.0172346364313508,1.34968933838838,1.76359787370213
"GO:0051194",29,1,53,0,29,308379,24,515406,0.0106400430540207,0.0172804660452344,1.4616329116588,1.76244454900155
"GO:0036293",93,4,201,0,93,308315,108,515322,0.0106764264444361,0.0173359795731438,1.23595618829409,1.76105161341391
"GO:0004312",19,1,80,0,19,308389,61,515369,0.0108847042988845,0.0176705284060258,0.634424285362247,1.75275046348758
"GO:0000333",14,0,21,0,14,308394,7,515423,0.0109619783716052,0.0177374498954318,1.78084009926245,1.75110881832338
"GO:0003720",14,0,21,0,14,308394,7,515423,0.0109619783716052,0.0177374498954318,1.78084009926245,1.75110881832338
"GO:0003721",14,0,21,0,14,308394,7,515423,0.0109619783716052,0.0177374498954318,1.78084009926245,1.75110881832338
"GO:0003905",14,0,21,0,14,308394,7,515423,0.0109619783716052,0.0177374498954318,1.78084009926245,1.75110881832338
"GO:0004602",14,0,21,0,14,308394,7,515423,0.0109619783716052,0.0177374498954318,1.78084009926245,1.75110881832338
"GO:0007162",14,0,21,0,14,308394,7,515423,0.0109619783716052,0.0177374498954318,1.78084009926245,1.75110881832338
"GO:0016078",14,0,21,0,14,308394,7,515423,0.0109619783716052,0.0177374498954318,1.78084009926245,1.75110881832338
"GO:0016670",14,1,21,0,14,308394,7,515423,0.0109619783716052,0.0177374498954318,1.78084009926245,1.75110881832338
"GO:0019499",14,1,21,0,14,308394,7,515423,0.0109619783716052,0.0177374498954318,1.78084009926245,1.75110881832338
"GO:0019500",14,1,21,0,14,308394,7,515423,0.0109619783716052,0.0177374498954318,1.78084009926245,1.75110881832338
"GO:0032441",14,0,21,0,14,308394,7,515423,0.0109619783716052,0.0177374498954318,1.78084009926245,1.75110881832338
"GO:0042180",52,4,104,0,52,308356,52,515378,0.0109285182775105,0.0177374498954318,1.33563007444684,1.75110881832338
"GO:0050017",14,1,21,0,14,308394,7,515423,0.0109619783716052,0.0177374498954318,1.78084009926245,1.75110881832338
"GO:0070043",14,0,21,0,14,308394,7,515423,0.0109619783716052,0.0177374498954318,1.78084009926245,1.75110881832338
"GO:0080026",14,0,21,0,14,308394,7,515423,0.0109619783716052,0.0177374498954318,1.78084009926245,1.75110881832338
"GO:0106364",14,0,21,0,14,308394,7,515423,0.0109619783716052,0.0177374498954318,1.78084009926245,1.75110881832338
"GO:0048598",63,2,130,0,63,308345,67,515363,0.0109851008050307,0.0177712111667082,1.29453376446386,1.75028297258338
"GO:0016893",80,2,170,0,80,308328,90,515340,0.0110590673267773,0.0178871949859033,1.25706359947938,1.74745775879854
"GO:0015193",38,2,73,0,38,308370,35,515395,0.0110774960366606,0.0178949412683341,1.39051898161588,1.7472697226375
"GO:0015824",38,2,73,0,38,308370,35,515395,0.0110774960366606,0.0178949412683341,1.39051898161588,1.7472697226375
"GO:0034247",38,0,73,0,38,308370,35,515395,0.0110774960366606,0.0178949412683341,1.39051898161588,1.7472697226375
"GO:0035524",38,2,73,0,38,308370,35,515395,0.0110774960366606,0.0178949412683341,1.39051898161588,1.7472697226375
"GO:0043462",38,4,73,0,38,308370,35,515395,0.0110774960366606,0.0178949412683341,1.39051898161588,1.7472697226375
"GO:1901006",38,2,73,0,38,308370,35,515395,0.0110774960366606,0.0178949412683341,1.39051898161588,1.7472697226375
"GO:0045862",181,13,415,0,181,308227,234,515196,0.0111017877089839,0.0179305032509482,1.16505563120423,1.7464075210322
"GO:0030243",16,0,25,0,16,308392,9,515421,0.0113404671462931,0.0182934748720531,1.70960649529195,1.73770379182159
"GO:0042283",16,0,25,0,16,308392,9,515421,0.0113404671462931,0.0182934748720531,1.70960649529195,1.73770379182159
"GO:0042306",16,0,25,0,16,308392,9,515421,0.0113404671462931,0.0182934748720531,1.70960649529195,1.73770379182159
"GO:0047627",16,2,25,0,16,308392,9,515421,0.0113404671462931,0.0182934748720531,1.70960649529195,1.73770379182159
"GO:0051274",16,0,25,0,16,308392,9,515421,0.0113404671462931,0.0182934748720531,1.70960649529195,1.73770379182159
"GO:2000641",16,0,25,0,16,308392,9,515421,0.0113404671462931,0.0182934748720531,1.70960649529195,1.73770379182159
"GO:0010019",203,9,470,0,203,308205,267,515163,0.0114369898558305,0.018445397284388,1.1537570430328,1.73411198632716
"GO:0005881",81,5,172,0,81,308327,91,515339,0.0114575513158443,0.018470989956651,1.25797716314179,1.7335098278305
"GO:0030151",81,0,172,0,81,308327,91,515339,0.0114575513158443,0.018470989956651,1.25797716314179,1.7335098278305
"GO:0004306",22,0,38,0,22,308386,16,515414,0.0114741859625632,0.0184788854127041,1.54651903357002,1.73332422758076
"GO:0035657",22,0,38,0,22,308386,16,515414,0.0114741859625632,0.0184788854127041,1.54651903357002,1.73332422758076
"GO:0071005",22,1,38,0,22,308386,16,515414,0.0114741859625632,0.0184788854127041,1.54651903357002,1.73332422758076
"GO:1902554",22,1,38,0,22,308386,16,515414,0.0114741859625632,0.0184788854127041,1.54651903357002,1.73332422758076
"GO:1902911",22,1,38,0,22,308386,16,515414,0.0114741859625632,0.0184788854127041,1.54651903357002,1.73332422758076
"GO:0010113",36,1,68,0,36,308372,32,515398,0.0116136176766532,0.0186576323164518,1.4141965494143,1.7291434697611
"GO:0033865",36,2,68,0,36,308372,32,515398,0.0116136176766532,0.0186576323164518,1.4141965494143,1.7291434697611
"GO:0033875",36,2,68,0,36,308372,32,515398,0.0116136176766532,0.0186576323164518,1.4141965494143,1.7291434697611
"GO:0034032",36,2,68,0,36,308372,32,515398,0.0116136176766532,0.0186576323164518,1.4141965494143,1.7291434697611
"GO:0043921",60,0,123,0,60,308348,63,515367,0.0116007129904825,0.0186576323164518,1.30305373116765,1.7291434697611
"GO:0043923",60,0,123,0,60,308348,63,515367,0.0116007129904825,0.0186576323164518,1.30305373116765,1.7291434697611
"GO:0044426",36,1,68,0,36,308372,32,515398,0.0116136176766532,0.0186576323164518,1.4141965494143,1.7291434697611
"GO:0044462",36,1,68,0,36,308372,32,515398,0.0116136176766532,0.0186576323164518,1.4141965494143,1.7291434697611
"GO:0046782",60,0,123,0,60,308348,63,515367,0.0116007129904825,0.0186576323164518,1.30305373116765,1.7291434697611
"GO:0050434",60,0,123,0,60,308348,63,515367,0.0116007129904825,0.0186576323164518,1.30305373116765,1.7291434697611
"GO:0052312",60,0,123,0,60,308348,63,515367,0.0116007129904825,0.0186576323164518,1.30305373116765,1.7291434697611
"GO:0052472",60,0,123,0,60,308348,63,515367,0.0116007129904825,0.0186576323164518,1.30305373116765,1.7291434697611
"GO:0035690",218,7,508,0,218,308190,290,515140,0.0116254166638601,0.0186727769797809,1.14632817413154,1.72879108980069
"GO:0006882",52,1,105,0,52,308356,53,515377,0.0116583802317251,0.0187180846796125,1.32290978802353,1.72773859233036
"GO:0009405",52,1,105,0,52,308356,53,515377,0.0116583802317251,0.0187180846796125,1.32290978802353,1.72773859233036
"GO:0030134",95,10,311,0,95,308313,216,515214,0.0117242583624654,0.0188200166862414,0.815979788247263,1.72537999585354
"GO:0009864",45,1,89,0,45,308363,44,515386,0.0117295140495483,0.0188207775373103,1.350637153935,1.72536243865648
"GO:0051205",45,1,89,0,45,308363,44,515386,0.0117295140495483,0.0188207775373103,1.350637153935,1.72536243865648
"GO:0000393",68,0,142,0,68,308340,74,515356,0.0117391164942875,0.0188323466564156,1.27919500087866,1.72509556015151
"GO:0006446",25,0,44,0,25,308383,19,515411,0.0117587028071689,0.0188599243068527,1.51776144823504,1.72446005460941
"GO:0004168",10,0,14,0,10,308398,4,515426,0.0117974844975688,0.0188990227848721,1.90804296349548,1.72356065138812
"GO:0043048",10,0,14,0,10,308398,4,515426,0.0117974844975688,0.0188990227848721,1.90804296349548,1.72356065138812
"GO:1900032",10,0,14,0,10,308398,4,515426,0.0117974844975688,0.0188990227848721,1.90804296349548,1.72356065138812
"GO:1900033",10,0,14,0,10,308398,4,515426,0.0117974844975688,0.0188990227848721,1.90804296349548,1.72356065138812
"GO:1905614",10,0,14,0,10,308398,4,515426,0.0117974844975688,0.0188990227848721,1.90804296349548,1.72356065138812
"GO:2001009",10,0,14,0,10,308398,4,515426,0.0117974844975688,0.0188990227848721,1.90804296349548,1.72356065138812
"GO:0000015",42,1,82,0,42,308366,40,515390,0.0118079656749622,0.0189042720751073,1.36820641772603,1.72344004085371
"GO:0004634",42,1,82,0,42,308366,40,515390,0.0118079656749622,0.0189042720751073,1.36820641772603,1.72344004085371
"GO:0009113",42,0,82,0,42,308366,40,515390,0.0118079656749622,0.0189042720751073,1.36820641772603,1.72344004085371
"GO:0001775",68,9,231,0,68,308340,163,515267,0.0118220685578716,0.0189191550493119,0.786344978895107,1.72309826357987
"GO:0045321",68,9,231,0,68,308340,163,515267,0.0118220685578716,0.0189191550493119,0.786344978895107,1.72309826357987
"GO:0035371",77,0,163,0,77,308331,86,515344,0.0118825627211922,0.0190121003539075,1.26188362861848,1.72096990198125
"GO:0005345",27,0,49,0,27,308381,22,515408,0.012119923170588,0.0193800599632071,1.47191885755366,1.71264488354688
"GO:0015853",27,0,49,0,27,308381,22,515408,0.012119923170588,0.0193800599632071,1.47191885755366,1.71264488354688
"GO:0015854",27,0,49,0,27,308381,22,515408,0.012119923170588,0.0193800599632071,1.47191885755366,1.71264488354688
"GO:0003997",57,3,116,0,57,308351,59,515371,0.0122581405647801,0.0195970923082755,1.31260196971499,1.70780836171235
"GO:1901259",134,0,301,0,134,308274,167,515263,0.0122869474792453,0.0196391574734252,1.1891988702716,1.70687714753129
"GO:0004512",46,1,91,0,46,308362,45,515385,0.0123454540713977,0.0197246629693613,1.35030732801219,1.70499040874197
"GO:0006021",46,1,91,0,46,308362,45,515385,0.0123454540713977,0.0197246629693613,1.35030732801219,1.70499040874197
"GO:0005815",269,13,636,0,269,308139,367,515063,0.0123691681247094,0.0197585412901202,1.12982544033396,1.70424512113685
"GO:0004592",57,4,198,0,57,308351,141,515289,0.0123758345362304,0.0197651794419164,0.768999133772421,1.70409923847859
"GO:0001666",92,4,199,0,92,308316,107,515323,0.0125604253391102,0.0200518491724752,1.23495444069456,1.69784557075598
"GO:0019684",200,8,464,0,200,308208,264,515166,0.0125579708990921,0.0200518491724752,1.1514052365921,1.69784557075598
"GO:0000414",20,0,34,0,20,308388,14,515416,0.0125817450386819,0.0200614739608069,1.57132949934922,1.69763716156842
"GO:0000416",20,0,34,0,20,308388,14,515416,0.0125817450386819,0.0200614739608069,1.57132949934922,1.69763716156842
"GO:0002097",20,0,34,0,20,308388,14,515416,0.0125817450386819,0.0200614739608069,1.57132949934922,1.69763716156842
"GO:0009240",20,3,34,0,20,308388,14,515416,0.0125817450386819,0.0200614739608069,1.57132949934922,1.69763716156842
"GO:0062064",20,0,34,0,20,308388,14,515416,0.0125817450386819,0.0200614739608069,1.57132949934922,1.69763716156842
"GO:0101031",20,0,34,0,20,308388,14,515416,0.0125817450386819,0.0200614739608069,1.57132949934922,1.69763716156842
"GO:0048040",61,0,126,0,61,308347,65,515365,0.0127417161923833,0.0203124321317216,1.29322911970249,1.69223807274748
"GO:0001012",78,4,166,0,78,308330,88,515342,0.0127445091292461,0.0203127709790293,1.25517043140787,1.69223082800753
"GO:0001700",69,0,145,0,69,308339,76,515354,0.012764668952533,0.0203407842093806,1.27115138119768,1.69163230749777
"GO:0035266",36,0,69,0,36,308372,33,515397,0.01283757886325,0.0204486889541692,1.39370094724887,1.68933453109048
"GO:0045273",36,0,69,0,36,308372,33,515397,0.01283757886325,0.0204486889541692,1.39370094724887,1.68933453109048
"GO:0016851",9,0,12,0,9,308399,3,515427,0.0129319887698727,0.020574093693702,2.00344511167025,1.68667928673505
"GO:0032194",9,0,12,0,9,308399,3,515427,0.0129319887698727,0.020574093693702,2.00344511167025,1.68667928673505
"GO:0042371",9,0,12,0,9,308399,3,515427,0.0129319887698727,0.020574093693702,2.00344511167025,1.68667928673505
"GO:0046656",9,0,12,0,9,308399,3,515427,0.0129319887698727,0.020574093693702,2.00344511167025,1.68667928673505
"GO:0052541",9,0,12,0,9,308399,3,515427,0.0129319887698727,0.020574093693702,2.00344511167025,1.68667928673505
"GO:0080001",9,0,12,0,9,308399,3,515427,0.0129319887698727,0.020574093693702,2.00344511167025,1.68667928673505
"GO:0008565",161,5,367,0,161,308247,206,515224,0.0129710685978325,0.0206320977979668,1.17186071926943,1.68545661227102
"GO:0033188",12,0,57,0,12,308396,45,515385,0.0129801191270026,0.0206381534574358,0.562370557661826,1.6853291626224
"GO:0047493",12,0,57,0,12,308396,45,515385,0.0129801191270026,0.0206381534574358,0.562370557661826,1.6853291626224
"GO:0030476",6,0,7,0,6,308402,1,515429,0.0130839654562155,0.0207571495508522,2.28965155619458,1.6828322856661
"GO:0033313",6,0,7,0,6,308402,1,515429,0.0130839654562155,0.0207571495508522,2.28965155619458,1.6828322856661
"GO:0042244",6,0,7,0,6,308402,1,515429,0.0130839654562155,0.0207571495508522,2.28965155619458,1.6828322856661
"GO:0043102",6,0,7,0,6,308402,1,515429,0.0130839654562155,0.0207571495508522,2.28965155619458,1.6828322856661
"GO:0051443",6,0,7,0,6,308402,1,515429,0.0130839654562155,0.0207571495508522,2.28965155619458,1.6828322856661
"GO:0055106",6,0,7,0,6,308402,1,515429,0.0130839654562155,0.0207571495508522,2.28965155619458,1.6828322856661
"GO:0070590",6,0,7,0,6,308402,1,515429,0.0130839654562155,0.0207571495508522,2.28965155619458,1.6828322856661
"GO:0070591",6,0,7,0,6,308402,1,515429,0.0130839654562155,0.0207571495508522,2.28965155619458,1.6828322856661
"GO:0071265",6,0,7,0,6,308402,1,515429,0.0130839654562155,0.0207571495508522,2.28965155619458,1.6828322856661
"GO:0071267",6,0,7,0,6,308402,1,515429,0.0130839654562155,0.0207571495508522,2.28965155619458,1.6828322856661
"GO:1901888",6,0,7,0,6,308402,1,515429,0.0130839654562155,0.0207571495508522,2.28965155619458,1.6828322856661
"GO:0000780",31,2,118,0,31,308377,87,515343,0.0130869619849491,0.0207577200776787,0.701771734031389,1.6828203488996
"GO:0046900",23,0,92,0,23,308385,69,515361,0.0131398422050243,0.0208373968247283,0.667815037223418,1.68115653754484
"GO:0008793",23,0,40,0,23,308385,17,515413,0.0131780835174128,0.0208728115591697,1.53597458561386,1.68041904770541
"GO:0009045",23,0,40,0,23,308385,17,515413,0.0131780835174128,0.0208728115591697,1.53597458561386,1.68041904770541
"GO:0009954",23,0,40,0,23,308385,17,515413,0.0131780835174128,0.0208728115591697,1.53597458561386,1.68041904770541
"GO:0043682",23,0,40,0,23,308385,17,515413,0.0131780835174128,0.0208728115591697,1.53597458561386,1.68041904770541
"GO:0048280",23,1,40,0,23,308385,17,515413,0.0131780835174128,0.0208728115591697,1.53597458561386,1.68041904770541
"GO:2001295",23,0,40,0,23,308385,17,515413,0.0131780835174128,0.0208728115591697,1.53597458561386,1.68041904770541
"GO:0030174",88,4,190,0,88,308320,102,515328,0.0132102911302395,0.0209196161289972,1.23721522685602,1.67944628895332
"GO:0030898",28,1,51,0,28,308380,23,515407,0.0132287595190431,0.0209362273691009,1.4665741993926,1.67910157386982
"GO:0033275",28,1,51,0,28,308380,23,515407,0.0132287595190431,0.0209362273691009,1.4665741993926,1.67910157386982
"GO:0070252",28,1,51,0,28,308380,23,515407,0.0132287595190431,0.0209362273691009,1.4665741993926,1.67910157386982
"GO:0006695",34,0,64,0,34,308374,30,515400,0.0134505868321258,0.0212701927566281,1.41910695409976,1.67222857437745
"GO:0016129",34,0,64,0,34,308374,30,515400,0.0134505868321258,0.0212701927566281,1.41910695409976,1.67222857437745
"GO:0033065",34,0,64,0,34,308374,30,515400,0.0134505868321258,0.0212701927566281,1.41910695409976,1.67222857437745
"GO:1902653",34,0,64,0,34,308374,30,515400,0.0134505868321258,0.0212701927566281,1.41910695409976,1.67222857437745
"GO:1903050",67,10,227,0,67,308341,160,515270,0.0134911622786726,0.021325789047733,0.788433612228529,1.67109489109892
"GO:1903362",67,10,227,0,67,308341,160,515270,0.0134911622786726,0.021325789047733,0.788433612228529,1.67109489109892
"GO:0018022",143,7,324,0,143,308265,181,515249,0.0135389462600779,0.0213970256894867,1.17898210275245,1.66964659190399
"GO:0004745",18,0,30,0,18,308390,12,515418,0.0135796056744159,0.0214354633785846,1.6027560893362,1.66886712374247
"GO:0006525",18,0,30,0,18,308390,12,515418,0.0135796056744159,0.0214354633785846,1.6027560893362,1.66886712374247
"GO:0009407",18,1,30,0,18,308390,12,515418,0.0135796056744159,0.0214354633785846,1.6027560893362,1.66886712374247
"GO:0042392",18,0,30,0,18,308390,12,515418,0.0135796056744159,0.0214354633785846,1.6027560893362,1.66886712374247
"GO:0042574",18,0,30,0,18,308390,12,515418,0.0135796056744159,0.0214354633785846,1.6027560893362,1.66886712374247
"GO:0061015",18,0,30,0,18,308390,12,515418,0.0135796056744159,0.0214354633785846,1.6027560893362,1.66886712374247
"GO:0030428",6,3,35,0,6,308402,29,515401,0.0135896913107021,0.0214470829987664,0.457930311238915,1.66863176752058
"GO:0004829",43,2,85,0,43,308365,42,515388,0.0136426390267084,0.0215220149134767,1.35134336944033,1.66711707200003
"GO:0006435",43,2,85,0,43,308365,42,515388,0.0136426390267084,0.0215220149134767,1.35134336944033,1.66711707200003
"GO:0070001",37,0,71,0,37,308371,34,515396,0.0136803877568435,0.0215772415191088,1.39206514801501,1.66600407724362
"GO:0000152",40,0,78,0,40,308368,38,515392,0.0137290771893467,0.021649698644739,1.36987699943265,1.66454814447634
"GO:0002144",12,0,18,0,12,308396,6,515424,0.0138883371006968,0.021653592722655,1.78084009926245,1.66447003602304
"GO:0004057",12,0,18,0,12,308396,6,515424,0.0138883371006968,0.021653592722655,1.78084009926245,1.66447003602304
"GO:0004310",12,0,18,0,12,308396,6,515424,0.0138883371006968,0.021653592722655,1.78084009926245,1.66447003602304
"GO:0004370",12,0,18,0,12,308396,6,515424,0.0138883371006968,0.021653592722655,1.78084009926245,1.66447003602304
"GO:0004451",12,0,18,0,12,308396,6,515424,0.0138883371006968,0.021653592722655,1.78084009926245,1.66447003602304
"GO:0004776",12,0,18,0,12,308396,6,515424,0.0138883371006968,0.021653592722655,1.78084009926245,1.66447003602304
"GO:0004819",12,0,18,0,12,308396,6,515424,0.0138883371006968,0.021653592722655,1.78084009926245,1.66447003602304
"GO:0005324",12,0,18,0,12,308396,6,515424,0.0138883371006968,0.021653592722655,1.78084009926245,1.66447003602304
"GO:0006425",12,0,18,0,12,308396,6,515424,0.0138883371006968,0.021653592722655,1.78084009926245,1.66447003602304
"GO:0008179",12,0,18,0,12,308396,6,515424,0.0138883371006968,0.021653592722655,1.78084009926245,1.66447003602304
"GO:0008676",12,0,18,0,12,308396,6,515424,0.0138883371006968,0.021653592722655,1.78084009926245,1.66447003602304
"GO:0009361",12,0,18,0,12,308396,6,515424,0.0138883371006968,0.021653592722655,1.78084009926245,1.66447003602304
"GO:0009569",12,0,18,0,12,308396,6,515424,0.0138883371006968,0.021653592722655,1.78084009926245,1.66447003602304
"GO:0009976",12,0,18,0,12,308396,6,515424,0.0138883371006968,0.021653592722655,1.78084009926245,1.66447003602304
"GO:0015910",12,0,18,0,12,308396,6,515424,0.0138883371006968,0.021653592722655,1.78084009926245,1.66447003602304
"GO:0016077",12,0,18,0,12,308396,6,515424,0.0138883371006968,0.021653592722655,1.78084009926245,1.66447003602304
"GO:0016207",12,0,18,0,12,308396,6,515424,0.0138883371006968,0.021653592722655,1.78084009926245,1.66447003602304
"GO:0016598",12,0,18,0,12,308396,6,515424,0.0138883371006968,0.021653592722655,1.78084009926245,1.66447003602304
"GO:0016629",12,0,18,0,12,308396,6,515424,0.0138883371006968,0.021653592722655,1.78084009926245,1.66447003602304
"GO:0016822",12,0,18,0,12,308396,6,515424,0.0138883371006968,0.021653592722655,1.78084009926245,1.66447003602304
"GO:0016823",12,0,18,0,12,308396,6,515424,0.0138883371006968,0.021653592722655,1.78084009926245,1.66447003602304
"GO:0019171",12,0,18,0,12,308396,6,515424,0.0138883371006968,0.021653592722655,1.78084009926245,1.66447003602304
"GO:0019933",12,0,18,0,12,308396,6,515424,0.0138883371006968,0.021653592722655,1.78084009926245,1.66447003602304
"GO:0031408",12,0,18,0,12,308396,6,515424,0.0138883371006968,0.021653592722655,1.78084009926245,1.66447003602304
"GO:0031445",12,0,18,0,12,308396,6,515424,0.0138883371006968,0.021653592722655,1.78084009926245,1.66447003602304
"GO:0033759",12,0,18,0,12,308396,6,515424,0.0138883371006968,0.021653592722655,1.78084009926245,1.66447003602304
"GO:0034628",12,1,18,0,12,308396,6,515424,0.0138883371006968,0.021653592722655,1.78084009926245,1.66447003602304
"GO:0034785",12,0,18,0,12,308396,6,515424,0.0138883371006968,0.021653592722655,1.78084009926245,1.66447003602304
"GO:0034820",12,0,18,0,12,308396,6,515424,0.0138883371006968,0.021653592722655,1.78084009926245,1.66447003602304
"GO:0042159",12,1,18,0,12,308396,6,515424,0.0138883371006968,0.021653592722655,1.78084009926245,1.66447003602304
"GO:0042760",12,0,18,0,12,308396,6,515424,0.0138883371006968,0.021653592722655,1.78084009926245,1.66447003602304
"GO:0042766",12,1,18,0,12,308396,6,515424,0.0138883371006968,0.021653592722655,1.78084009926245,1.66447003602304
"GO:0043041",12,0,18,0,12,308396,6,515424,0.0138883371006968,0.021653592722655,1.78084009926245,1.66447003602304
"GO:0043630",12,0,18,0,12,308396,6,515424,0.0138883371006968,0.021653592722655,1.78084009926245,1.66447003602304
"GO:0044110",12,0,18,0,12,308396,6,515424,0.0138883371006968,0.021653592722655,1.78084009926245,1.66447003602304
"GO:0044116",12,0,18,0,12,308396,6,515424,0.0138883371006968,0.021653592722655,1.78084009926245,1.66447003602304
"GO:0044117",12,0,18,0,12,308396,6,515424,0.0138883371006968,0.021653592722655,1.78084009926245,1.66447003602304
"GO:0046167",12,0,18,0,12,308396,6,515424,0.0138883371006968,0.021653592722655,1.78084009926245,1.66447003602304
"GO:0047641",12,0,18,0,12,308396,6,515424,0.0138883371006968,0.021653592722655,1.78084009926245,1.66447003602304
"GO:0047884",12,0,18,0,12,308396,6,515424,0.0138883371006968,0.021653592722655,1.78084009926245,1.66447003602304
"GO:0047912",12,0,18,0,12,308396,6,515424,0.0138883371006968,0.021653592722655,1.78084009926245,1.66447003602304
"GO:0048257",12,0,18,0,12,308396,6,515424,0.0138883371006968,0.021653592722655,1.78084009926245,1.66447003602304
"GO:0061685",12,1,18,0,12,308396,6,515424,0.0138883371006968,0.021653592722655,1.78084009926245,1.66447003602304
"GO:0070615",12,1,18,0,12,308396,6,515424,0.0138883371006968,0.021653592722655,1.78084009926245,1.66447003602304
"GO:0070773",12,1,18,0,12,308396,6,515424,0.0138883371006968,0.021653592722655,1.78084009926245,1.66447003602304
"GO:0070987",12,0,18,0,12,308396,6,515424,0.0138883371006968,0.021653592722655,1.78084009926245,1.66447003602304
"GO:0071074",12,0,18,0,12,308396,6,515424,0.0138883371006968,0.021653592722655,1.78084009926245,1.66447003602304
"GO:0090730",12,0,18,0,12,308396,6,515424,0.0138883371006968,0.021653592722655,1.78084009926245,1.66447003602304
"GO:0098599",12,1,18,0,12,308396,6,515424,0.0138883371006968,0.021653592722655,1.78084009926245,1.66447003602304
"GO:0098734",12,1,18,0,12,308396,6,515424,0.0138883371006968,0.021653592722655,1.78084009926245,1.66447003602304
"GO:0102043",12,0,18,0,12,308396,6,515424,0.0138883371006968,0.021653592722655,1.78084009926245,1.66447003602304
"GO:1902659",12,0,18,0,12,308396,6,515424,0.0138883371006968,0.021653592722655,1.78084009926245,1.66447003602304
"GO:1902816",12,1,18,0,12,308396,6,515424,0.0138883371006968,0.021653592722655,1.78084009926245,1.66447003602304
"GO:1902817",12,1,18,0,12,308396,6,515424,0.0138883371006968,0.021653592722655,1.78084009926245,1.66447003602304
"GO:1905666",12,1,18,0,12,308396,6,515424,0.0138883371006968,0.021653592722655,1.78084009926245,1.66447003602304
"GO:1905668",12,1,18,0,12,308396,6,515424,0.0138883371006968,0.021653592722655,1.78084009926245,1.66447003602304
"GO:1990423",12,0,18,0,12,308396,6,515424,0.0138883371006968,0.021653592722655,1.78084009926245,1.66447003602304
"GO:0035196",62,2,129,0,62,308346,67,515363,0.0139741706850308,0.0217831032935767,1.28386146691014,1.66188024913169
"GO:0002538",31,1,58,0,31,308377,27,515403,0.0142376291760929,0.0221630644402222,1.4277424933742,1.65437019080886
"GO:0002539",31,1,58,0,31,308377,27,515403,0.0142376291760929,0.0221630644402222,1.4277424933742,1.65437019080886
"GO:0004673",31,1,58,0,31,308377,27,515403,0.0142376291760929,0.0221630644402222,1.4277424933742,1.65437019080886
"GO:0016775",31,1,58,0,31,308377,27,515403,0.0142376291760929,0.0221630644402222,1.4277424933742,1.65437019080886
"GO:0018106",31,1,58,0,31,308377,27,515403,0.0142376291760929,0.0221630644402222,1.4277424933742,1.65437019080886
"GO:0045777",31,1,58,0,31,308377,27,515403,0.0142376291760929,0.0221630644402222,1.4277424933742,1.65437019080886
"GO:0051348",31,2,58,0,31,308377,27,515403,0.0142376291760929,0.0221630644402222,1.4277424933742,1.65437019080886
"GO:0016854",16,0,26,0,16,308392,10,515420,0.0143160758650373,0.0222631665763678,1.64385239931918,1.65241306422249
"GO:0031176",16,0,26,0,16,308392,10,515420,0.0143160758650373,0.0222631665763678,1.64385239931918,1.65241306422249
"GO:0042646",16,2,26,0,16,308392,10,515420,0.0143160758650373,0.0222631665763678,1.64385239931918,1.65241306422249
"GO:0043014",16,0,26,0,16,308392,10,515420,0.0143160758650373,0.0222631665763678,1.64385239931918,1.65241306422249
"GO:1904589",16,0,26,0,16,308392,10,515420,0.0143160758650373,0.0222631665763678,1.64385239931918,1.65241306422249
"GO:0000492",44,0,87,0,44,308364,43,515387,0.0143746522151966,0.0223454309316801,1.35098214426806,1.65081126555291
"GO:0031570",44,1,87,0,44,308364,43,515387,0.0143746522151966,0.0223454309316801,1.35098214426806,1.65081126555291
"GO:0008902",14,0,22,0,14,308394,8,515422,0.0145462911636794,0.0225854840316537,1.69989282202325,1.64617059759656
"GO:0008972",14,0,22,0,14,308394,8,515422,0.0145462911636794,0.0225854840316537,1.69989282202325,1.64617059759656
"GO:0009662",14,0,22,0,14,308394,8,515422,0.0145462911636794,0.0225854840316537,1.69989282202325,1.64617059759656
"GO:0018117",14,0,22,0,14,308394,8,515422,0.0145462911636794,0.0225854840316537,1.69989282202325,1.64617059759656
"GO:0061133",14,0,22,0,14,308394,8,515422,0.0145462911636794,0.0225854840316537,1.69989282202325,1.64617059759656
"GO:0070733",14,0,22,0,14,308394,8,515422,0.0145462911636794,0.0225854840316537,1.69989282202325,1.64617059759656
"GO:0004764",21,0,36,0,21,308387,15,515415,0.0146448617124592,0.0226893035623851,1.55823508685464,1.64417883437752
"GO:0006349",21,1,36,0,21,308387,15,515415,0.0146448617124592,0.0226893035623851,1.55823508685464,1.64417883437752
"GO:0009527",134,6,302,0,134,308274,168,515262,0.0146425807886855,0.0226893035623851,1.18526112566805,1.64417883437752
"GO:0009934",21,0,36,0,21,308387,15,515415,0.0146448617124592,0.0226893035623851,1.55823508685464,1.64417883437752
"GO:0015174",21,1,36,0,21,308387,15,515415,0.0146448617124592,0.0226893035623851,1.55823508685464,1.64417883437752
"GO:0015802",21,1,36,0,21,308387,15,515415,0.0146448617124592,0.0226893035623851,1.55823508685464,1.64417883437752
"GO:0015809",21,1,36,0,21,308387,15,515415,0.0146448617124592,0.0226893035623851,1.55823508685464,1.64417883437752
"GO:0030690",21,1,36,0,21,308387,15,515415,0.0146448617124592,0.0226893035623851,1.55823508685464,1.64417883437752
"GO:0030691",21,1,36,0,21,308387,15,515415,0.0146448617124592,0.0226893035623851,1.55823508685464,1.64417883437752
"GO:0071514",21,1,36,0,21,308387,15,515415,0.0146448617124592,0.0226893035623851,1.55823508685464,1.64417883437752
"GO:1990822",21,1,36,0,21,308387,15,515415,0.0146448617124592,0.0226893035623851,1.55823508685464,1.64417883437752
"GO:0002943",11,0,52,0,11,308397,41,515389,0.0146582915399298,0.0227056416769633,0.565074262265969,1.64386622013049
"GO:0005047",41,0,80,0,41,308367,39,515391,0.0147043571936482,0.0227725161968127,1.36902082630801,1.64258898036346
"GO:1990819",5,3,31,0,5,308403,26,515404,0.0148271540617683,0.022958174031125,0.430848411111883,1.63906265633249
"GO:0006626",55,2,113,0,55,308353,58,515372,0.0150393569823506,0.023282166797456,1.30017086893055,1.63297660373057
"GO:0046910",129,0,290,0,129,308279,161,515269,0.0150832567712262,0.0233455362373363,1.18825020416305,1.63179614605352
"GO:0004582",26,2,47,0,26,308382,21,515409,0.0151058854527609,0.023371369945781,1.47771838023905,1.63131583007865
"GO:0071902",26,0,47,0,26,308382,21,515409,0.0151058854527609,0.023371369945781,1.47771838023905,1.63131583007865
"GO:0008198",118,0,263,0,118,308290,145,515285,0.015295476224647,0.0236600488977051,1.19851215805876,1.62598436216026
"GO:0015662",43,6,154,0,43,308365,111,515319,0.0155247601074188,0.0240100022722201,0.745871340275506,1.61960779884291
"GO:0004044",23,0,41,0,23,308385,18,515412,0.0155607047386205,0.024051417180919,1.49851179084279,1.61885932861573
"GO:0016411",23,0,41,0,23,308385,18,515412,0.0155607047386205,0.024051417180919,1.49851179084279,1.61885932861573
"GO:0071249",23,0,41,0,23,308385,18,515412,0.0155607047386205,0.024051417180919,1.49851179084279,1.61885932861573
"GO:0005785",32,0,60,0,32,308376,28,515402,0.0155768445282489,0.0240669126842738,1.42467207940996,1.61857961766762
"GO:0043651",32,1,60,0,32,308376,28,515402,0.0155768445282489,0.0240669126842738,1.42467207940996,1.61857961766762
"GO:0005753",77,7,165,0,77,308331,88,515342,0.0157343361547327,0.0243007051618708,1.24658806948371,1.61438112378992
"GO:0031119",77,3,165,0,77,308331,88,515342,0.0157343361547327,0.0243007051618708,1.24658806948371,1.61438112378992
"GO:0010216",52,1,106,0,52,308356,54,515376,0.015763651255208,0.024341204919772,1.31042950700444,1.61365792745944
"GO:0055075",48,1,97,0,48,308360,49,515381,0.0157744875385164,0.0243531606007454,1.32186069223604,1.61344466720549
"GO:0045739",35,0,67,0,35,308373,32,515398,0.0158922876928595,0.0245302134741548,1.39543440613849,1.61029867232993
"GO:0016151",38,1,74,0,38,308370,36,515394,0.0159721025280641,0.0246340891655409,1.37172818456702,1.60846349093697
"GO:0031334",38,2,74,0,38,308370,36,515394,0.0159721025280641,0.0246340891655409,1.37172818456702,1.60846349093697
"GO:0033046",38,3,74,0,38,308370,36,515394,0.0159721025280641,0.0246340891655409,1.37172818456702,1.60846349093697
"GO:0051985",38,3,74,0,38,308370,36,515394,0.0159721025280641,0.0246340891655409,1.37172818456702,1.60846349093697
"GO:0000709",19,1,32,0,19,308389,13,515417,0.0160814844369876,0.0247591326986048,1.58606071340562,1.60626457252782
"GO:0010774",19,1,32,0,19,308389,13,515417,0.0160814844369876,0.0247591326986048,1.58606071340562,1.60626457252782
"GO:0018175",19,0,32,0,19,308389,13,515417,0.0160814844369876,0.0247591326986048,1.58606071340562,1.60626457252782
"GO:0018177",19,0,32,0,19,308389,13,515417,0.0160814844369876,0.0247591326986048,1.58606071340562,1.60626457252782
"GO:0019632",19,0,32,0,19,308389,13,515417,0.0160814844369876,0.0247591326986048,1.58606071340562,1.60626457252782
"GO:0019877",19,1,32,0,19,308389,13,515417,0.0160814844369876,0.0247591326986048,1.58606071340562,1.60626457252782
"GO:0090293",19,0,32,0,19,308389,13,515417,0.0160814844369876,0.0247591326986048,1.58606071340562,1.60626457252782
"GO:0120230",19,1,32,0,19,308389,13,515417,0.0160814844369876,0.0247591326986048,1.58606071340562,1.60626457252782
"GO:0120231",19,1,32,0,19,308389,13,515417,0.0160814844369876,0.0247591326986048,1.58606071340562,1.60626457252782
"GO:0032456",45,2,90,0,45,308363,45,515385,0.0162865121995317,0.0250698912856303,1.33563007444684,1.60084754933469
"GO:0000819",163,10,375,0,163,308245,212,515218,0.0163596703225521,0.0251775806019805,1.16110774471912,1.59898600503403
"GO:0033673",29,2,54,0,29,308379,25,515405,0.0164196887364384,0.025245271432274,1.43456563551697,1.59781995549315
"GO:0044766",29,3,54,0,29,308379,25,515405,0.0164196887364384,0.025245271432274,1.43456563551697,1.59781995549315
"GO:0050265",29,0,54,0,29,308379,25,515405,0.0164196887364384,0.025245271432274,1.43456563551697,1.59781995549315
"GO:0071076",29,0,54,0,29,308379,25,515405,0.0164196887364384,0.025245271432274,1.43456563551697,1.59781995549315
"GO:1902579",29,3,54,0,29,308379,25,515405,0.0164196887364384,0.025245271432274,1.43456563551697,1.59781995549315
"GO:0009150",93,6,203,0,93,308315,110,515320,0.016478647832038,0.02533097358598,1.22377928003503,1.59634811795153
"GO:0001190",11,0,16,0,11,308397,5,515425,0.016854817674744,0.0256735922475977,1.8364913523644,1.59051336061722
"GO:0002130",11,1,16,0,11,308397,5,515425,0.016854817674744,0.0256735922475977,1.8364913523644,1.59051336061722
"GO:0003726",11,0,16,0,11,308397,5,515425,0.016854817674744,0.0256735922475977,1.8364913523644,1.59051336061722
"GO:0004458",11,0,16,0,11,308397,5,515425,0.016854817674744,0.0256735922475977,1.8364913523644,1.59051336061722
"GO:0004479",11,0,16,0,11,308397,5,515425,0.016854817674744,0.0256735922475977,1.8364913523644,1.59051336061722
"GO:0004631",11,0,16,0,11,308397,5,515425,0.016854817674744,0.0256735922475977,1.8364913523644,1.59051336061722
"GO:0004789",11,0,16,0,11,308397,5,515425,0.016854817674744,0.0256735922475977,1.8364913523644,1.59051336061722
"GO:0007009",11,0,16,0,11,308397,5,515425,0.016854817674744,0.0256735922475977,1.8364913523644,1.59051336061722
"GO:0007634",7,2,9,0,7,308401,2,515428,0.0168350815410417,0.0256735922475977,2.07764678247286,1.59051336061722
"GO:0008720",11,0,16,0,11,308397,5,515425,0.016854817674744,0.0256735922475977,1.8364913523644,1.59051336061722
"GO:0008915",11,1,16,0,11,308397,5,515425,0.016854817674744,0.0256735922475977,1.8364913523644,1.59051336061722
"GO:0008942",11,0,16,0,11,308397,5,515425,0.016854817674744,0.0256735922475977,1.8364913523644,1.59051336061722
"GO:0015377",11,0,16,0,11,308397,5,515425,0.016854817674744,0.0256735922475977,1.8364913523644,1.59051336061722
"GO:0015721",7,2,9,0,7,308401,2,515428,0.0168350815410417,0.0256735922475977,2.07764678247286,1.59051336061722
"GO:0017178",11,0,16,0,11,308397,5,515425,0.016854817674744,0.0256735922475977,1.8364913523644,1.59051336061722
"GO:0030436",11,0,16,0,11,308397,5,515425,0.016854817674744,0.0256735922475977,1.8364913523644,1.59051336061722
"GO:0030903",7,2,9,0,7,308401,2,515428,0.0168350815410417,0.0256735922475977,2.07764678247286,1.59051336061722
"GO:0034593",7,1,9,0,7,308401,2,515428,0.0168350815410417,0.0256735922475977,2.07764678247286,1.59051336061722
"GO:0034595",7,1,9,0,7,308401,2,515428,0.0168350815410417,0.0256735922475977,2.07764678247286,1.59051336061722
"GO:0042292",11,1,16,0,11,308397,5,515425,0.016854817674744,0.0256735922475977,1.8364913523644,1.59051336061722
"GO:0043485",7,2,9,0,7,308401,2,515428,0.0168350815410417,0.0256735922475977,2.07764678247286,1.59051336061722
"GO:0043968",11,0,16,0,11,308397,5,515425,0.016854817674744,0.0256735922475977,1.8364913523644,1.59051336061722
"GO:0044090",7,0,9,0,7,308401,2,515428,0.0168350815410417,0.0256735922475977,2.07764678247286,1.59051336061722
"GO:0045103",7,0,9,0,7,308401,2,515428,0.0168350815410417,0.0256735922475977,2.07764678247286,1.59051336061722
"GO:0045104",7,0,9,0,7,308401,2,515428,0.0168350815410417,0.0256735922475977,2.07764678247286,1.59051336061722
"GO:0048315",11,0,16,0,11,308397,5,515425,0.016854817674744,0.0256735922475977,1.8364913523644,1.59051336061722
"GO:0048757",7,2,9,0,7,308401,2,515428,0.0168350815410417,0.0256735922475977,2.07764678247286,1.59051336061722
"GO:0050764",42,4,83,0,42,308366,41,515389,0.0167491655359929,0.0256735922475977,1.35172200305463,1.59051336061722
"GO:0052866",7,1,9,0,7,308401,2,515428,0.0168350815410417,0.0256735922475977,2.07764678247286,1.59051336061722
"GO:0055091",11,0,16,0,11,308397,5,515425,0.016854817674744,0.0256735922475977,1.8364913523644,1.59051336061722
"GO:0060034",7,2,9,0,7,308401,2,515428,0.0168350815410417,0.0256735922475977,2.07764678247286,1.59051336061722
"GO:0060035",7,2,9,0,7,308401,2,515428,0.0168350815410417,0.0256735922475977,2.07764678247286,1.59051336061722
"GO:0060036",7,2,9,0,7,308401,2,515428,0.0168350815410417,0.0256735922475977,2.07764678247286,1.59051336061722
"GO:0061651",11,0,16,0,11,308397,5,515425,0.016854817674744,0.0256735922475977,1.8364913523644,1.59051336061722
"GO:0061666",11,0,16,0,11,308397,5,515425,0.016854817674744,0.0256735922475977,1.8364913523644,1.59051336061722
"GO:0061794",11,0,16,0,11,308397,5,515425,0.016854817674744,0.0256735922475977,1.8364913523644,1.59051336061722
"GO:0071709",11,0,16,0,11,308397,5,515425,0.016854817674744,0.0256735922475977,1.8364913523644,1.59051336061722
"GO:0071951",11,0,16,0,11,308397,5,515425,0.016854817674744,0.0256735922475977,1.8364913523644,1.59051336061722
"GO:0090391",11,0,16,0,11,308397,5,515425,0.016854817674744,0.0256735922475977,1.8364913523644,1.59051336061722
"GO:0090549",7,0,9,0,7,308401,2,515428,0.0168350815410417,0.0256735922475977,2.07764678247286,1.59051336061722
"GO:0106019",7,1,9,0,7,308401,2,515428,0.0168350815410417,0.0256735922475977,2.07764678247286,1.59051336061722
"GO:1900036",7,0,9,0,7,308401,2,515428,0.0168350815410417,0.0256735922475977,2.07764678247286,1.59051336061722
"GO:1900377",11,0,16,0,11,308397,5,515425,0.016854817674744,0.0256735922475977,1.8364913523644,1.59051336061722
"GO:1903085",11,0,16,0,11,308397,5,515425,0.016854817674744,0.0256735922475977,1.8364913523644,1.59051336061722
"GO:1903086",11,0,16,0,11,308397,5,515425,0.016854817674744,0.0256735922475977,1.8364913523644,1.59051336061722
"GO:1903457",11,0,16,0,11,308397,5,515425,0.016854817674744,0.0256735922475977,1.8364913523644,1.59051336061722
"GO:2000786",7,0,9,0,7,308401,2,515428,0.0168350815410417,0.0256735922475977,2.07764678247286,1.59051336061722
"GO:0005720",10,1,48,0,10,308398,38,515392,0.0168678308193664,0.0256884434532892,0.556512531019515,1.59026221025788
"GO:1901265",455,24,1112,0,455,307953,657,514773,0.0169656016405909,0.0258323435425013,1.09300662567142,1.58783619230103
"GO:1903827",83,6,180,0,83,308325,97,515333,0.0170218256418792,0.0259129397510875,1.23174773532319,1.58648331471573
"GO:0051059",39,3,76,0,39,308369,37,515393,0.0171345708672427,0.0260744909852957,1.3707782343007,1.58378416092387
"GO:0071900",39,0,76,0,39,308369,37,515393,0.0171345708672427,0.0260744909852957,1.3707782343007,1.58378416092387
"GO:0034341",32,0,61,0,32,308376,29,515401,0.0172509265370807,0.0262464811944143,1.40131679941963,1.58092891322127
"GO:0004474",17,0,28,0,17,308391,11,515419,0.0173505663091312,0.0263776859763386,1.62183651897116,1.57876330627969
"GO:0016119",17,1,28,0,17,308391,11,515419,0.0173505663091312,0.0263776859763386,1.62183651897116,1.57876330627969
"GO:0045026",17,0,28,0,17,308391,11,515419,0.0173505663091312,0.0263776859763386,1.62183651897116,1.57876330627969
"GO:0061936",17,0,28,0,17,308391,11,515419,0.0173505663091312,0.0263776859763386,1.62183651897116,1.57876330627969
"GO:0060178",21,0,37,0,21,308387,16,515414,0.0174928018854151,0.0265887886545641,1.51612062504776,1.57530144802466
"GO:0050773",14,0,62,0,14,308394,48,515382,0.0175042517149404,0.0266010558880329,0.603187775556636,1.57510112437476
"GO:0006266",75,4,160,0,75,308333,85,515345,0.0175344218465127,0.0266417619717715,1.25215319479391,1.57443705617917
"GO:0055069",7,1,38,0,7,308401,31,515399,0.0177862025121288,0.0270191019250246,0.492074237954098,1.56832909038016
"GO:0045930",58,4,120,0,58,308350,62,515368,0.0179602766739882,0.0272782747400415,1.29110907196528,1.56418310082545
"GO:0005685",123,2,277,0,123,308285,154,515276,0.0182147052410695,0.0276014749455263,1.18615522857011,1.55906770983377
"GO:0031248",15,0,24,0,15,308393,9,515421,0.0182151501958853,0.0276014749455263,1.66953759305855,1.55906770983377
"GO:0036066",15,0,24,0,15,308393,9,515421,0.0182151501958853,0.0276014749455263,1.66953759305855,1.55906770983377
"GO:0044715",15,0,24,0,15,308393,9,515421,0.0182151501958853,0.0276014749455263,1.66953759305855,1.55906770983377
"GO:0046922",15,0,24,0,15,308393,9,515421,0.0182151501958853,0.0276014749455263,1.66953759305855,1.55906770983377
"GO:0070122",15,1,24,0,15,308393,9,515421,0.0182151501958853,0.0276014749455263,1.66953759305855,1.55906770983377
"GO:0070138",15,1,24,0,15,308393,9,515421,0.0182151501958853,0.0276014749455263,1.66953759305855,1.55906770983377
"GO:0070140",15,1,24,0,15,308393,9,515421,0.0182151501958853,0.0276014749455263,1.66953759305855,1.55906770983377
"GO:0071031",15,0,24,0,15,308393,9,515421,0.0182151501958853,0.0276014749455263,1.66953759305855,1.55906770983377
"GO:0097552",15,0,24,0,15,308393,9,515421,0.0182151501958853,0.0276014749455263,1.66953759305855,1.55906770983377
"GO:1902493",15,0,24,0,15,308393,9,515421,0.0182151501958853,0.0276014749455263,1.66953759305855,1.55906770983377
"GO:2000042",15,1,24,0,15,308393,9,515421,0.0182151501958853,0.0276014749455263,1.66953759305855,1.55906770983377
"GO:0004335",13,0,20,0,13,308395,7,515423,0.0182728458930548,0.0276038846421276,1.73631909678089,1.55902979619837
"GO:0004729",13,0,20,0,13,308395,7,515423,0.0182728458930548,0.0276038846421276,1.73631909678089,1.55902979619837
"GO:0008835",13,0,20,0,13,308395,7,515423,0.0182728458930548,0.0276038846421276,1.73631909678089,1.55902979619837
"GO:0009443",13,0,20,0,13,308395,7,515423,0.0182728458930548,0.0276038846421276,1.73631909678089,1.55902979619837
"GO:0009540",13,1,20,0,13,308395,7,515423,0.0182728458930548,0.0276038846421276,1.73631909678089,1.55902979619837
"GO:0009866",13,0,20,0,13,308395,7,515423,0.0182728458930548,0.0276038846421276,1.73631909678089,1.55902979619837
"GO:0010420",13,0,20,0,13,308395,7,515423,0.0182728458930548,0.0276038846421276,1.73631909678089,1.55902979619837
"GO:0032955",13,0,20,0,13,308395,7,515423,0.0182728458930548,0.0276038846421276,1.73631909678089,1.55902979619837
"GO:0042352",13,0,20,0,13,308395,7,515423,0.0182728458930548,0.0276038846421276,1.73631909678089,1.55902979619837
"GO:0042727",13,0,20,0,13,308395,7,515423,0.0182728458930548,0.0276038846421276,1.73631909678089,1.55902979619837
"GO:0043743",13,0,20,0,13,308395,7,515423,0.0182728458930548,0.0276038846421276,1.73631909678089,1.55902979619837
"GO:0050201",13,0,20,0,13,308395,7,515423,0.0182728458930548,0.0276038846421276,1.73631909678089,1.55902979619837
"GO:0071021",13,0,20,0,13,308395,7,515423,0.0182728458930548,0.0276038846421276,1.73631909678089,1.55902979619837
"GO:0090656",13,0,20,0,13,308395,7,515423,0.0182728458930548,0.0276038846421276,1.73631909678089,1.55902979619837
"GO:1990810",13,0,20,0,13,308395,7,515423,0.0182728458930548,0.0276038846421276,1.73631909678089,1.55902979619837
"GO:1990811",13,0,20,0,13,308395,7,515423,0.0182728458930548,0.0276038846421276,1.73631909678089,1.55902979619837
"GO:0006536",85,3,185,0,85,308323,100,515330,0.0184332932616873,0.027840921825787,1.22733574408628,1.55531638913243
"GO:0032880",106,8,236,0,106,308302,130,515300,0.018573627283823,0.0280474954878678,1.19980328721495,1.5521059131729
"GO:0006518",238,13,563,0,238,308170,325,515105,0.0186412049648375,0.0281441437443807,1.12923608425701,1.55061195975018
"GO:2000142",27,0,50,0,27,308381,23,515407,0.0189187270831781,0.028557664352594,1.44248048040258,1.54427731511224
"GO:0042771",63,0,132,0,63,308345,69,515361,0.0189924038361464,0.0286578882495964,1.27491961651744,1.54275581517165
"GO:0072332",63,0,132,0,63,308345,69,515361,0.0189924038361464,0.0286578882495964,1.27491961651744,1.54275581517165
"GO:0045039",102,5,226,0,102,308306,124,515306,0.0192680042948926,0.0290681735932148,1.20561298755378,1.53658225489304
"GO:0072331",91,1,200,0,91,308317,109,515321,0.0194251520672926,0.0292996353848874,1.21542336774662,1.53313778412769
"GO:0010222",22,0,39,0,22,308386,17,515413,0.0194864892695356,0.0293808932253944,1.50686469937592,1.53193500510931
"GO:0048205",22,0,39,0,22,308386,17,515413,0.0194864892695356,0.0293808932253944,1.50686469937592,1.53193500510931
"GO:0005875",217,2,510,0,217,308191,293,515137,0.0195016570528841,0.0293876682487785,1.13659500452927,1.53183487145928
"GO:0007060",19,0,33,0,19,308389,14,515416,0.0195059154725442,0.0293876682487785,1.53799826754484,1.53183487145928
"GO:0051881",19,0,33,0,19,308389,14,515416,0.0195059154725442,0.0293876682487785,1.53799826754484,1.53183487145928
"GO:1990188",19,0,33,0,19,308389,14,515416,0.0195059154725442,0.0293876682487785,1.53799826754484,1.53183487145928
"GO:0016236",97,2,214,0,97,308311,117,515313,0.0195763468157317,0.0294881366501033,1.21080483384433,1.5303526695691
"GO:0048478",55,0,114,0,55,308353,59,515371,0.0199367664757799,0.0300252966706217,1.28876586130835,1.5225126927751
"GO:2000058",37,1,72,0,37,308371,35,515395,0.0199809604055342,0.0300860979939489,1.37273090984814,1.52163413427996
"GO:0019751",30,0,57,0,30,308378,27,515403,0.0200011480471069,0.0301107357863502,1.40592639415456,1.52127863193169
"GO:0000062",44,1,88,0,44,308364,44,515386,0.0201395234250461,0.0303074609829789,1.33563007444684,1.51845044526448
"GO:0005656",44,0,88,0,44,308364,44,515386,0.0201395234250461,0.0303074609829789,1.33563007444684,1.51845044526448
"GO:0009895",51,0,105,0,51,308357,54,515376,0.0203236624308528,0.0305728780156074,1.29746921517693,1.51466367650242
"GO:0031330",51,0,105,0,51,308357,54,515376,0.0203236624308528,0.0305728780156074,1.29746921517693,1.51466367650242
"GO:0006892",25,5,97,0,25,308383,72,515358,0.0204851430231872,0.0308099055939108,0.688469110539606,1.51130963242329
"GO:0016556",104,2,231,0,104,308304,127,515303,0.0205865618689889,0.0309565262717633,1.20264526183958,1.50924777879164
"GO:0016143",109,4,244,0,109,308299,135,515295,0.0206037378831912,0.030964609510592,1.19330883700578,1.5091343924335
"GO:0019757",109,4,244,0,109,308299,135,515295,0.0206037378831912,0.030964609510592,1.19330883700578,1.5091343924335
"GO:0019760",109,4,244,0,109,308299,135,515295,0.0206037378831912,0.030964609510592,1.19330883700578,1.5091343924335
"GO:0030518",28,3,106,0,28,308380,78,515352,0.0206224775239145,0.0309868568559371,0.705615888387008,1.50882247407862
"GO:0042641",28,1,52,0,28,308380,24,515406,0.020874875659621,0.0313541349346569,1.43837084940429,1.50370517697403
"GO:1905421",28,1,52,0,28,308380,24,515406,0.020874875659621,0.0313541349346569,1.43837084940429,1.50370517697403
"GO:0022890",283,10,678,0,283,308125,395,515035,0.0213118343976155,0.0320043419263696,1.11499501790105,1.49479109834429
"GO:0006450",48,1,98,0,48,308360,50,515380,0.0213597834529794,0.0320641142909714,1.30837231782547,1.49398075212461
"GO:0140030",49,1,170,0,49,308359,121,515309,0.0213576164956865,0.0320641142909714,0.769951454681118,1.49398075212461
"GO:0002532",31,1,59,0,31,308377,28,515402,0.0214701220560988,0.0322236035892488,1.40354346806278,1.49182589373015
"GO:0070286",17,1,29,0,17,308391,12,515418,0.0214971708123625,0.0322580496825997,1.56591112176526,1.49136189354004
"GO:0008235",37,3,73,0,37,308371,36,515394,0.0215563034388713,0.0323406176235553,1.35392637683652,1.49025169043022
"GO:0018202",34,1,66,0,34,308374,32,515398,0.0216586667271658,0.0324818107213277,1.37610371306644,1.48835976870544
"GO:0051787",34,1,66,0,34,308374,32,515398,0.0216586667271658,0.0324818107213277,1.37610371306644,1.48835976870544
"GO:0010343",25,0,46,0,25,308383,21,515409,0.0217695654164087,0.0326356920506512,1.45177182005091,1.48630717351213
"GO:0035269",25,2,46,0,25,308383,21,515409,0.0217695654164087,0.0326356920506512,1.45177182005091,1.48630717351213
"GO:0009521",35,2,127,0,35,308373,92,515338,0.0217753660245114,0.0326381723809889,0.736174056781721,1.48627416814961
"GO:0001181",20,0,35,0,20,308388,15,515415,0.0219488088979625,0.0328731019111036,1.52643437079638,1.4831593138887
"GO:0009303",20,1,35,0,20,308388,15,515415,0.0219488088979625,0.0328731019111036,1.52643437079638,1.4831593138887
"GO:0048871",20,2,35,0,20,308388,15,515415,0.0219488088979625,0.0328731019111036,1.52643437079638,1.4831593138887
"GO:2000030",20,1,35,0,20,308388,15,515415,0.0219488088979625,0.0328731019111036,1.52643437079638,1.4831593138887
"GO:0000935",5,3,30,0,5,308403,25,515405,0.0220599110069672,0.0329454789312931,0.445210024815612,1.48220417469389
"GO:0000936",5,3,30,0,5,308403,25,515405,0.0220599110069672,0.0329454789312931,0.445210024815612,1.48220417469389
"GO:0006076",5,3,30,0,5,308403,25,515405,0.0220599110069672,0.0329454789312931,0.445210024815612,1.48220417469389
"GO:0030994",5,3,30,0,5,308403,25,515405,0.0220599110069672,0.0329454789312931,0.445210024815612,1.48220417469389
"GO:0032933",5,0,30,0,5,308403,25,515405,0.0220599110069672,0.0329454789312931,0.445210024815612,1.48220417469389
"GO:0035214",61,0,128,0,61,308347,67,515363,0.0220062788809301,0.0329454789312931,1.27302241470714,1.48220417469389
"GO:0042973",5,3,30,0,5,308403,25,515405,0.0220599110069672,0.0329454789312931,0.445210024815612,1.48220417469389
"GO:0043187",5,3,30,0,5,308403,25,515405,0.0220599110069672,0.0329454789312931,0.445210024815612,1.48220417469389
"GO:0044277",5,3,30,0,5,308403,25,515405,0.0220599110069672,0.0329454789312931,0.445210024815612,1.48220417469389
"GO:0044347",5,3,30,0,5,308403,25,515405,0.0220599110069672,0.0329454789312931,0.445210024815612,1.48220417469389
"GO:0044457",5,3,30,0,5,308403,25,515405,0.0220599110069672,0.0329454789312931,0.445210024815612,1.48220417469389
"GO:0051275",5,3,30,0,5,308403,25,515405,0.0220599110069672,0.0329454789312931,0.445210024815612,1.48220417469389
"GO:0070871",5,3,30,0,5,308403,25,515405,0.0220599110069672,0.0329454789312931,0.445210024815612,1.48220417469389
"GO:0071853",5,3,30,0,5,308403,25,515405,0.0220599110069672,0.0329454789312931,0.445210024815612,1.48220417469389
"GO:1904541",5,3,30,0,5,308403,25,515405,0.0220599110069672,0.0329454789312931,0.445210024815612,1.48220417469389
"GO:0004712",41,1,82,0,41,308367,41,515389,0.0221381494578628,0.0330435177346029,1.33563007444684,1.480913724929
"GO:0046328",41,1,82,0,41,308367,41,515389,0.0221381494578628,0.0330435177346029,1.33563007444684,1.480913724929
"GO:0070037",41,0,82,0,41,308367,41,515389,0.0221381494578628,0.0330435177346029,1.33563007444684,1.480913724929
"GO:0050826",26,2,99,0,26,308382,73,515357,0.022148482905851,0.0330526743952339,0.701543069406419,1.48079339463214
"GO:0043197",8,2,40,0,8,308400,32,515398,0.0221869274436179,0.0330974972211788,0.534252029778735,1.48020484562388
"GO:0044309",8,2,40,0,8,308400,32,515398,0.0221869274436179,0.0330974972211788,0.534252029778735,1.48020484562388
"GO:0006333",79,4,172,0,79,308329,93,515337,0.0224065427203243,0.0334187768651748,1.22691599861977,1.47600944942845
"GO:0015706",45,1,91,0,45,308363,46,515384,0.0224259206119936,0.0334350089124269,1.32095282088149,1.47579855669865
"GO:0070298",45,0,91,0,45,308363,46,515384,0.0224259206119936,0.0334350089124269,1.32095282088149,1.47579855669865
"GO:0030015",70,3,150,0,70,308338,80,515350,0.0224976951517052,0.0335356667741382,1.24658806948371,1.47449305436135
"GO:0004694",9,0,13,0,9,308399,4,515426,0.0225365625660568,0.0335745307570021,1.84933394923408,1.47399004838579
"GO:0010371",9,0,13,0,9,308399,4,515426,0.0225365625660568,0.0335745307570021,1.84933394923408,1.47399004838579
"GO:0019427",9,0,13,0,9,308399,4,515426,0.0225365625660568,0.0335745307570021,1.84933394923408,1.47399004838579
"GO:0003979",57,5,119,0,57,308351,62,515368,0.0226126641124758,0.0336751592685224,1.27951116375579,1.47269034158042
"GO:0006024",57,5,119,0,57,308351,62,515368,0.0226126641124758,0.0336751592685224,1.27951116375579,1.47269034158042
"GO:0003002",270,6,646,0,270,308138,376,515054,0.0227717490431985,0.033905656982799,1.11647096006392,1.46972783597242
"GO:0004663",28,0,53,0,28,308380,25,515405,0.0231899907682012,0.034521862202587,1.41123177677402,1.46190578530635
"GO:0004309",15,0,25,0,15,308393,10,515420,0.0232773615626541,0.0346191933159292,1.6027560893362,1.46068305611754
"GO:0004750",15,0,25,0,15,308393,10,515420,0.0232773615626541,0.0346191933159292,1.6027560893362,1.46068305611754
"GO:0004794",15,1,25,0,15,308393,10,515420,0.0232773615626541,0.0346191933159292,1.6027560893362,1.46068305611754
"GO:0010069",15,0,25,0,15,308393,10,515420,0.0232773615626541,0.0346191933159292,1.6027560893362,1.46068305611754
"GO:0010070",15,0,25,0,15,308393,10,515420,0.0232773615626541,0.0346191933159292,1.6027560893362,1.46068305611754
"GO:0030951",35,0,68,0,35,308373,33,515397,0.0233184886637854,0.0346672602004379,1.37491331193057,1.46008047985641
"GO:0048639",35,1,68,0,35,308373,33,515397,0.0233184886637854,0.0346672602004379,1.37491331193057,1.46008047985641
"GO:0071569",49,2,101,0,49,308359,52,515378,0.0236472789836906,0.0351494297884465,1.29595789401772,1.45408171592836
"GO:0006779",102,3,228,0,102,308306,126,515304,0.0239504076677067,0.035586562695392,1.19503743503138,1.44871395845629
"GO:0010639",102,8,228,0,102,308306,126,515304,0.0239504076677067,0.035586562695392,1.19503743503138,1.44871395845629
"GO:0000701",11,0,17,0,11,308397,6,515424,0.0245981269971281,0.0359985974570352,1.72846244928414,1.44371441946982
"GO:0000906",11,0,17,0,11,308397,6,515424,0.0245981269971281,0.0359985974570352,1.72846244928414,1.44371441946982
"GO:0001002",11,0,17,0,11,308397,6,515424,0.0245981269971281,0.0359985974570352,1.72846244928414,1.44371441946982
"GO:0001003",11,0,17,0,11,308397,6,515424,0.0245981269971281,0.0359985974570352,1.72846244928414,1.44371441946982
"GO:0002058",11,0,17,0,11,308397,6,515424,0.0245981269971281,0.0359985974570352,1.72846244928414,1.44371441946982
"GO:0002938",11,0,17,0,11,308397,6,515424,0.0245981269971281,0.0359985974570352,1.72846244928414,1.44371441946982
"GO:0003827",11,0,17,0,11,308397,6,515424,0.0245981269971281,0.0359985974570352,1.72846244928414,1.44371441946982
"GO:0003850",11,0,17,0,11,308397,6,515424,0.0245981269971281,0.0359985974570352,1.72846244928414,1.44371441946982
"GO:0003866",11,0,17,0,11,308397,6,515424,0.0245981269971281,0.0359985974570352,1.72846244928414,1.44371441946982
"GO:0004298",11,0,17,0,11,308397,6,515424,0.0245981269971281,0.0359985974570352,1.72846244928414,1.44371441946982
"GO:0004346",11,0,17,0,11,308397,6,515424,0.0245981269971281,0.0359985974570352,1.72846244928414,1.44371441946982
"GO:0004418",11,0,17,0,11,308397,6,515424,0.0245981269971281,0.0359985974570352,1.72846244928414,1.44371441946982
"GO:0004496",13,0,21,0,13,308395,8,515422,0.0245086597376275,0.0359985974570352,1.65363723502942,1.44371441946982
"GO:0004635",11,0,17,0,11,308397,6,515424,0.0245981269971281,0.0359985974570352,1.72846244928414,1.44371441946982
"GO:0004636",11,0,17,0,11,308397,6,515424,0.0245981269971281,0.0359985974570352,1.72846244928414,1.44371441946982
"GO:0004671",11,0,17,0,11,308397,6,515424,0.0245981269971281,0.0359985974570352,1.72846244928414,1.44371441946982
"GO:0004691",11,0,17,0,11,308397,6,515424,0.0245981269971281,0.0359985974570352,1.72846244928414,1.44371441946982
"GO:0006481",11,0,17,0,11,308397,6,515424,0.0245981269971281,0.0359985974570352,1.72846244928414,1.44371441946982
"GO:0006565",13,0,21,0,13,308395,8,515422,0.0245086597376275,0.0359985974570352,1.65363723502942,1.44371441946982
"GO:0008117",11,0,17,0,11,308397,6,515424,0.0245981269971281,0.0359985974570352,1.72846244928414,1.44371441946982
"GO:0008265",11,0,17,0,11,308397,6,515424,0.0245981269971281,0.0359985974570352,1.72846244928414,1.44371441946982
"GO:0008470",11,0,17,0,11,308397,6,515424,0.0245981269971281,0.0359985974570352,1.72846244928414,1.44371441946982
"GO:0008478",11,0,17,0,11,308397,6,515424,0.0245981269971281,0.0359985974570352,1.72846244928414,1.44371441946982
"GO:0008495",11,0,17,0,11,308397,6,515424,0.0245981269971281,0.0359985974570352,1.72846244928414,1.44371441946982
"GO:0008987",11,0,17,0,11,308397,6,515424,0.0245981269971281,0.0359985974570352,1.72846244928414,1.44371441946982
"GO:0009020",11,0,17,0,11,308397,6,515424,0.0245981269971281,0.0359985974570352,1.72846244928414,1.44371441946982
"GO:0009029",11,0,17,0,11,308397,6,515424,0.0245981269971281,0.0359985974570352,1.72846244928414,1.44371441946982
"GO:0009556",67,0,143,0,67,308341,76,515354,0.0243194089777867,0.0359985974570352,1.25156944039074,1.44371441946982
"GO:0010045",11,0,17,0,11,308397,6,515424,0.0245981269971281,0.0359985974570352,1.72846244928414,1.44371441946982
"GO:0010301",11,0,17,0,11,308397,6,515424,0.0245981269971281,0.0359985974570352,1.72846244928414,1.44371441946982
"GO:0010306",11,0,17,0,11,308397,6,515424,0.0245981269971281,0.0359985974570352,1.72846244928414,1.44371441946982
"GO:0015015",13,0,21,0,13,308395,8,515422,0.0245086597376275,0.0359985974570352,1.65363723502942,1.44371441946982
"GO:0017059",18,0,31,0,18,308390,13,515417,0.0245040349209662,0.0359985974570352,1.55105428000278,1.44371441946982
"GO:0017095",13,0,21,0,13,308395,8,515422,0.0245086597376275,0.0359985974570352,1.65363723502942,1.44371441946982
"GO:0017113",11,0,17,0,11,308397,6,515424,0.0245981269971281,0.0359985974570352,1.72846244928414,1.44371441946982
"GO:0018580",11,0,17,0,11,308397,6,515424,0.0245981269971281,0.0359985974570352,1.72846244928414,1.44371441946982
"GO:0030626",11,0,17,0,11,308397,6,515424,0.0245981269971281,0.0359985974570352,1.72846244928414,1.44371441946982
"GO:0032357",11,0,17,0,11,308397,6,515424,0.0245981269971281,0.0359985974570352,1.72846244928414,1.44371441946982
"GO:0033971",11,0,17,0,11,308397,6,515424,0.0245981269971281,0.0359985974570352,1.72846244928414,1.44371441946982
"GO:0034402",11,0,17,0,11,308397,6,515424,0.0245981269971281,0.0359985974570352,1.72846244928414,1.44371441946982
"GO:0035485",11,0,17,0,11,308397,6,515424,0.0245981269971281,0.0359985974570352,1.72846244928414,1.44371441946982
"GO:0035511",11,0,17,0,11,308397,6,515424,0.0245981269971281,0.0359985974570352,1.72846244928414,1.44371441946982
"GO:0035550",11,0,17,0,11,308397,6,515424,0.0245981269971281,0.0359985974570352,1.72846244928414,1.44371441946982
"GO:0043025",13,0,21,0,13,308395,8,515422,0.0245086597376275,0.0359985974570352,1.65363723502942,1.44371441946982
"GO:0044594",11,0,17,0,11,308397,6,515424,0.0245981269971281,0.0359985974570352,1.72846244928414,1.44371441946982
"GO:0046949",11,0,17,0,11,308397,6,515424,0.0245981269971281,0.0359985974570352,1.72846244928414,1.44371441946982
"GO:0048451",11,0,17,0,11,308397,6,515424,0.0245981269971281,0.0359985974570352,1.72846244928414,1.44371441946982
"GO:0048529",11,0,17,0,11,308397,6,515424,0.0245981269971281,0.0359985974570352,1.72846244928414,1.44371441946982
"GO:0050072",11,0,17,0,11,308397,6,515424,0.0245981269971281,0.0359985974570352,1.72846244928414,1.44371441946982
"GO:0050152",11,0,17,0,11,308397,6,515424,0.0245981269971281,0.0359985974570352,1.72846244928414,1.44371441946982
"GO:0050308",11,0,17,0,11,308397,6,515424,0.0245981269971281,0.0359985974570352,1.72846244928414,1.44371441946982
"GO:0050309",11,0,17,0,11,308397,6,515424,0.0245981269971281,0.0359985974570352,1.72846244928414,1.44371441946982
"GO:0050891",13,1,21,0,13,308395,8,515422,0.0245086597376275,0.0359985974570352,1.65363723502942,1.44371441946982
"GO:0051747",11,0,17,0,11,308397,6,515424,0.0245981269971281,0.0359985974570352,1.72846244928414,1.44371441946982
"GO:0051764",11,0,17,0,11,308397,6,515424,0.0245981269971281,0.0359985974570352,1.72846244928414,1.44371441946982
"GO:0051974",11,0,17,0,11,308397,6,515424,0.0245981269971281,0.0359985974570352,1.72846244928414,1.44371441946982
"GO:0052684",11,0,17,0,11,308397,6,515424,0.0245981269971281,0.0359985974570352,1.72846244928414,1.44371441946982
"GO:0061503",11,0,17,0,11,308397,6,515424,0.0245981269971281,0.0359985974570352,1.72846244928414,1.44371441946982
"GO:0061504",11,0,17,0,11,308397,6,515424,0.0245981269971281,0.0359985974570352,1.72846244928414,1.44371441946982
"GO:0061635",11,0,17,0,11,308397,6,515424,0.0245981269971281,0.0359985974570352,1.72846244928414,1.44371441946982
"GO:0061657",11,0,17,0,11,308397,6,515424,0.0245981269971281,0.0359985974570352,1.72846244928414,1.44371441946982
"GO:0061775",11,0,17,0,11,308397,6,515424,0.0245981269971281,0.0359985974570352,1.72846244928414,1.44371441946982
"GO:0071169",11,0,17,0,11,308397,6,515424,0.0245981269971281,0.0359985974570352,1.72846244928414,1.44371441946982
"GO:0071289",11,0,17,0,11,308397,6,515424,0.0245981269971281,0.0359985974570352,1.72846244928414,1.44371441946982
"GO:0071819",11,0,17,0,11,308397,6,515424,0.0245981269971281,0.0359985974570352,1.72846244928414,1.44371441946982
"GO:0072582",11,1,17,0,11,308397,6,515424,0.0245981269971281,0.0359985974570352,1.72846244928414,1.44371441946982
"GO:0080121",11,0,17,0,11,308397,6,515424,0.0245981269971281,0.0359985974570352,1.72846244928414,1.44371441946982
"GO:0080122",11,0,17,0,11,308397,6,515424,0.0245981269971281,0.0359985974570352,1.72846244928414,1.44371441946982
"GO:0090213",11,0,17,0,11,308397,6,515424,0.0245981269971281,0.0359985974570352,1.72846244928414,1.44371441946982
"GO:0090599",11,0,17,0,11,308397,6,515424,0.0245981269971281,0.0359985974570352,1.72846244928414,1.44371441946982
"GO:0106050",11,0,17,0,11,308397,6,515424,0.0245981269971281,0.0359985974570352,1.72846244928414,1.44371441946982
"GO:0106388",11,0,17,0,11,308397,6,515424,0.0245981269971281,0.0359985974570352,1.72846244928414,1.44371441946982
"GO:0140588",11,0,17,0,11,308397,6,515424,0.0245981269971281,0.0359985974570352,1.72846244928414,1.44371441946982
"GO:0140933",11,0,17,0,11,308397,6,515424,0.0245981269971281,0.0359985974570352,1.72846244928414,1.44371441946982
"GO:1903756",13,0,21,0,13,308395,8,515422,0.0245086597376275,0.0359985974570352,1.65363723502942,1.44371441946982
"GO:1903758",13,0,21,0,13,308395,8,515422,0.0245086597376275,0.0359985974570352,1.65363723502942,1.44371441946982
"GO:1990113",11,0,17,0,11,308397,6,515424,0.0245981269971281,0.0359985974570352,1.72846244928414,1.44371441946982
"GO:1990115",11,0,17,0,11,308397,6,515424,0.0245981269971281,0.0359985974570352,1.72846244928414,1.44371441946982
"GO:2000640",11,0,17,0,11,308397,6,515424,0.0245981269971281,0.0359985974570352,1.72846244928414,1.44371441946982
"GO:2001066",11,0,17,0,11,308397,6,515424,0.0245981269971281,0.0359985974570352,1.72846244928414,1.44371441946982
"GO:2001071",11,0,17,0,11,308397,6,515424,0.0245981269971281,0.0359985974570352,1.72846244928414,1.44371441946982
"GO:0034098",72,0,155,0,72,308336,83,515347,0.0247088642472346,0.0361539366829426,1.24084342400222,1.44184440690071
"GO:0010769",141,2,323,0,141,308267,182,515248,0.0247662741489581,0.0362312042558258,1.16609189162232,1.44091723060891
"GO:0006761",8,0,11,0,8,308400,3,515427,0.0248353296034404,0.0363052394871463,1.94273465374085,1.44003069407816
"GO:0007632",8,2,11,0,8,308400,3,515427,0.0248353296034404,0.0363052394871463,1.94273465374085,1.44003069407816
"GO:0030144",8,0,11,0,8,308400,3,515427,0.0248353296034404,0.0363052394871463,1.94273465374085,1.44003069407816
"GO:0071932",8,0,11,0,8,308400,3,515427,0.0248353296034404,0.0363052394871463,1.94273465374085,1.44003069407816
"GO:0010277",77,3,167,0,77,308331,90,515340,0.0248613672635193,0.0363365546042376,1.23165887104678,1.43965625444419
"GO:0035670",46,0,94,0,46,308362,48,515382,0.0248894553049623,0.0363708543086436,1.30721241328839,1.43924649775826
"GO:0015919",29,1,55,0,29,308379,26,515404,0.0249673303692405,0.0364778813412511,1.40848262396212,1.43797039371324
"GO:0004573",23,0,42,0,23,308385,19,515411,0.0250032916169194,0.0365100930455184,1.46283293867987,1.43758706025477
"GO:0004619",23,0,42,0,23,308385,19,515411,0.0250032916169194,0.0365100930455184,1.46283293867987,1.43758706025477
"GO:2000379",23,2,42,0,23,308385,19,515411,0.0250032916169194,0.0365100930455184,1.46283293867987,1.43758706025477
"GO:0006471",35,1,69,0,35,308373,34,515396,0.0251472665077903,0.0367067090579131,1.35498703204752,1.43525455044714
"GO:0061723",35,2,69,0,35,308373,34,515396,0.0251472665077903,0.0367067090579131,1.35498703204752,1.43525455044714
"GO:0003864",32,0,62,0,32,308376,30,515400,0.0252473481465759,0.0368459630348249,1.37871491555802,1.43361008793358
"GO:0005745",54,0,113,0,54,308354,59,515371,0.0253085089647342,0.0369283748971988,1.27653139858636,1.43263980387646
"GO:1901371",22,0,86,0,22,308386,64,515366,0.0253964167330289,0.0370497762272801,0.683345619484428,1.43121441072247
"GO:0005687",59,2,124,0,59,308349,65,515365,0.0255063169678668,0.0372032105190009,1.27100281278005,1.42941958026536
"GO:0004417",7,1,37,0,7,308401,30,515400,0.0257232622285317,0.0375074102252782,0.505373541682587,1.42588292155175
"GO:0006644",218,8,516,0,218,308190,298,515132,0.0257244039388055,0.0375074102252782,1.12855564430004,1.42588292155175
"GO:1990234",396,18,967,0,396,308012,571,514859,0.0258718021994307,0.0377153383173924,1.09391832364208,1.42348199218461
"GO:0030521",28,3,104,0,28,308380,76,515354,0.0260025557770776,0.037898929656944,0.719185424702143,1.4213730552205
"GO:0009292",111,2,250,0,111,308297,139,515291,0.0260999457652471,0.0380267949405933,1.18603950610879,1.41991027722508
"GO:0009294",111,2,250,0,111,308297,139,515291,0.0260999457652471,0.0380267949405933,1.18603950610879,1.41991027722508
"GO:0031332",43,1,87,0,43,308365,44,515386,0.0261682024872209,0.0381191876349746,1.32027800462561,1.41885636326475
"GO:0009641",143,9,329,0,143,308265,186,515244,0.0261818962863988,0.0381320791057412,1.1610644416164,1.41870951469658
"GO:0016849",64,2,136,0,64,308344,72,515358,0.0263488294853828,0.0383681068643976,1.25706359947938,1.41602962896507
"GO:1905369",15,2,63,0,15,308393,48,515382,0.0265923368926276,0.0387155309818318,0.63601432116516,1.41211478002958
"GO:0051084",36,2,71,0,36,308372,35,515395,0.0266242918118733,0.0387548863060404,1.35444176563623,1.41167353284889
"GO:0000213",26,1,49,0,26,308382,23,515407,0.0268838186654668,0.0391109629522371,1.41740334431093,1.40770149113827
"GO:0060260",26,0,49,0,26,308382,23,515407,0.0268838186654668,0.0391109629522371,1.41740334431093,1.40770149113827
"GO:2000144",26,0,49,0,26,308382,23,515407,0.0268838186654668,0.0391109629522371,1.41740334431093,1.40770149113827
"GO:0042737",51,1,106,0,51,308357,55,515375,0.026937278416543,0.0391814958786081,1.28522893956205,1.40691898744737
"GO:0004587",16,1,27,0,16,308392,11,515419,0.0269955325738689,0.0392444750547546,1.58296897712218,1.40622147578818
"GO:0010121",16,1,27,0,16,308392,11,515419,0.0269955325738689,0.0392444750547546,1.58296897712218,1.40622147578818
"GO:0019544",16,1,27,0,16,308392,11,515419,0.0269955325738689,0.0392444750547546,1.58296897712218,1.40622147578818
"GO:0010344",33,0,64,0,33,308375,31,515399,0.0272366333045128,0.039580353954795,1.3773685142733,1.40252032635178
"GO:0016899",33,1,64,0,33,308375,31,515399,0.0272366333045128,0.039580353954795,1.3773685142733,1.40252032635178
"GO:0046916",60,1,127,0,60,308348,67,515363,0.0273688830380318,0.0397651988326664,1.26201266876866,1.40049684166052
"GO:0048814",13,0,56,0,13,308395,43,515387,0.02739335782535,0.03979341443092,0.620113963136031,1.40018879508614
"GO:0046976",84,7,185,0,84,308324,101,515329,0.0274862475053565,0.0399209853066728,1.21289650003821,1.39879874824714
"GO:0015980",79,1,173,0,79,308329,94,515336,0.0277326779577592,0.0402714703714223,1.21982399862775,1.39500251336408
"GO:0004618",23,1,88,0,23,308385,65,515365,0.0278348515990995,0.0404123850586705,0.698170266188119,1.39348551760355
"GO:0010294",24,0,44,0,24,308384,20,515410,0.0279048598565487,0.0405065566643465,1.45705099030564,1.39247467326253
"GO:0070297",65,0,139,0,65,308343,74,515356,0.0280753502918626,0.040746526087305,1.24915042933877,1.38990941184243
"GO:0098562",52,1,108,0,52,308356,56,515374,0.0281922065707988,0.0409085806682633,1.28616229391177,1.38818558817785
"GO:0006342",90,1,289,0,90,308318,199,515231,0.0285214773221677,0.0413787448359941,0.831880323184881,1.38322268716156
"GO:0003960",21,0,38,0,21,308387,17,515413,0.0286405136428001,0.0415208330379599,1.47622271386229,1.38173394176461
"GO:0009304",21,1,38,0,21,308387,17,515413,0.0286405136428001,0.0415208330379599,1.47622271386229,1.38173394176461
"GO:0009671",21,0,38,0,21,308387,17,515413,0.0286405136428001,0.0415208330379599,1.47622271386229,1.38173394176461
"GO:2000060",21,1,38,0,21,308387,17,515413,0.0286405136428001,0.0415208330379599,1.47622271386229,1.38173394176461
"GO:0010314",6,0,32,0,6,308402,26,515404,0.0287118029120658,0.0416088572392824,0.500861277917564,1.38081421166413
"GO:0030122",6,0,32,0,6,308402,26,515404,0.0287118029120658,0.0416088572392824,0.500861277917564,1.38081421166413
"GO:0031929",44,0,90,0,44,308364,46,515384,0.0290244623128709,0.0420542181717136,1.3059494061258,1.37619043656472
"GO:0051176",27,0,51,0,27,308381,24,515406,0.0290417205173225,0.0420714802930369,1.4141965494143,1.37601220698021
"GO:0000229",14,2,23,0,14,308394,9,515421,0.0291238110988735,0.0421516162843045,1.62598443845702,1.37518576789816
"GO:0004399",14,0,23,0,14,308394,9,515421,0.0291238110988735,0.0421516162843045,1.62598443845702,1.37518576789816
"GO:0007039",14,0,23,0,14,308394,9,515421,0.0291238110988735,0.0421516162843045,1.62598443845702,1.37518576789816
"GO:0009508",14,2,23,0,14,308394,9,515421,0.0291238110988735,0.0421516162843045,1.62598443845702,1.37518576789816
"GO:0055122",14,0,23,0,14,308394,9,515421,0.0291238110988735,0.0421516162843045,1.62598443845702,1.37518576789816
"GO:0006591",6,1,33,0,6,308402,27,515403,0.0291639179225036,0.0422019047584464,0.485683663435213,1.3746679469669
"GO:0004484",33,0,65,0,33,308375,32,515398,0.0293632201530279,0.042474691114413,1.35617822943833,1.3718697707354
"GO:0044773",33,1,65,0,33,308375,32,515398,0.0293632201530279,0.042474691114413,1.35617822943833,1.3718697707354
"GO:0030104",30,2,58,0,30,308378,28,515402,0.0294526484753645,0.0425962242877217,1.38168628391052,1.37062889488038
"GO:0044798",121,12,276,0,121,308287,155,515275,0.0294725534769896,0.0426171823972928,1.17109593484107,1.37041526672313
"GO:0042285",86,2,190,0,86,308322,104,515326,0.0294852507309326,0.042627712351497,1.20909669897293,1.37030797347015
"GO:0004788",10,0,15,0,10,308398,5,515425,0.0295496954858488,0.0426425669779288,1.78084009926245,1.37015665973209
"GO:0009229",10,0,15,0,10,308398,5,515425,0.0295496954858488,0.0426425669779288,1.78084009926245,1.37015665973209
"GO:0009698",115,6,261,0,115,308293,146,515284,0.0295399753204015,0.0426425669779288,1.17699201962748,1.37015665973209
"GO:0010454",10,0,15,0,10,308398,5,515425,0.0295496954858488,0.0426425669779288,1.78084009926245,1.37015665973209
"GO:0019136",10,0,15,0,10,308398,5,515425,0.0295496954858488,0.0426425669779288,1.78084009926245,1.37015665973209
"GO:0031511",10,0,15,0,10,308398,5,515425,0.0295496954858488,0.0426425669779288,1.78084009926245,1.37015665973209
"GO:0052925",10,0,15,0,10,308398,5,515425,0.0295496954858488,0.0426425669779288,1.78084009926245,1.37015665973209
"GO:0072354",10,0,15,0,10,308398,5,515425,0.0295496954858488,0.0426425669779288,1.78084009926245,1.37015665973209
"GO:0180022",10,0,15,0,10,308398,5,515425,0.0295496954858488,0.0426425669779288,1.78084009926245,1.37015665973209
"GO:1905202",10,0,15,0,10,308398,5,515425,0.0295496954858488,0.0426425669779288,1.78084009926245,1.37015665973209
"GO:0035861",135,2,310,0,135,308273,175,515255,0.0297222563083989,0.0428837246443761,1.16329071000208,1.36770750124789
"GO:0000253",12,0,19,0,12,308396,7,515423,0.0303266581515014,0.0434961709558811,1.68711167298548,1.36154897306663
"GO:0003711",12,0,19,0,12,308396,7,515423,0.0303266581515014,0.0434961709558811,1.68711167298548,1.36154897306663
"GO:0003972",12,0,19,0,12,308396,7,515423,0.0303266581515014,0.0434961709558811,1.68711167298548,1.36154897306663
"GO:0004090",12,0,19,0,12,308396,7,515423,0.0303266581515014,0.0434961709558811,1.68711167298548,1.36154897306663
"GO:0004551",12,0,19,0,12,308396,7,515423,0.0303266581515014,0.0434961709558811,1.68711167298548,1.36154897306663
"GO:0004845",12,0,19,0,12,308396,7,515423,0.0303266581515014,0.0434961709558811,1.68711167298548,1.36154897306663
"GO:0005109",5,0,6,0,5,308403,1,515429,0.030351177218071,0.0434961709558811,2.22605012407806,1.36154897306663
"GO:0006551",12,1,19,0,12,308396,7,515423,0.0303266581515014,0.0434961709558811,1.68711167298548,1.36154897306663
"GO:0006921",5,0,6,0,5,308403,1,515429,0.030351177218071,0.0434961709558811,2.22605012407806,1.36154897306663
"GO:0008569",5,0,6,0,5,308403,1,515429,0.030351177218071,0.0434961709558811,2.22605012407806,1.36154897306663
"GO:0008614",12,0,19,0,12,308396,7,515423,0.0303266581515014,0.0434961709558811,1.68711167298548,1.36154897306663
"GO:0008703",12,0,19,0,12,308396,7,515423,0.0303266581515014,0.0434961709558811,1.68711167298548,1.36154897306663
"GO:0009513",12,0,19,0,12,308396,7,515423,0.0303266581515014,0.0434961709558811,1.68711167298548,1.36154897306663
"GO:0009537",12,0,19,0,12,308396,7,515423,0.0303266581515014,0.0434961709558811,1.68711167298548,1.36154897306663
"GO:0010239",12,0,19,0,12,308396,7,515423,0.0303266581515014,0.0434961709558811,1.68711167298548,1.36154897306663
"GO:0010488",12,0,19,0,12,308396,7,515423,0.0303266581515014,0.0434961709558811,1.68711167298548,1.36154897306663
"GO:0016095",12,0,19,0,12,308396,7,515423,0.0303266581515014,0.0434961709558811,1.68711167298548,1.36154897306663
"GO:0018455",12,0,19,0,12,308396,7,515423,0.0303266581515014,0.0434961709558811,1.68711167298548,1.36154897306663
"GO:0030149",12,0,19,0,12,308396,7,515423,0.0303266581515014,0.0434961709558811,1.68711167298548,1.36154897306663
"GO:0030262",5,0,6,0,5,308403,1,515429,0.030351177218071,0.0434961709558811,2.22605012407806,1.36154897306663
"GO:0030263",5,0,6,0,5,308403,1,515429,0.030351177218071,0.0434961709558811,2.22605012407806,1.36154897306663
"GO:0030272",12,0,19,0,12,308396,7,515423,0.0303266581515014,0.0434961709558811,1.68711167298548,1.36154897306663
"GO:0031998",5,0,6,0,5,308403,1,515429,0.030351177218071,0.0434961709558811,2.22605012407806,1.36154897306663
"GO:0032324",12,0,19,0,12,308396,7,515423,0.0303266581515014,0.0434961709558811,1.68711167298548,1.36154897306663
"GO:0032783",12,0,19,0,12,308396,7,515423,0.0303266581515014,0.0434961709558811,1.68711167298548,1.36154897306663
"GO:0033549",12,0,19,0,12,308396,7,515423,0.0303266581515014,0.0434961709558811,1.68711167298548,1.36154897306663
"GO:0038018",5,0,6,0,5,308403,1,515429,0.030351177218071,0.0434961709558811,2.22605012407806,1.36154897306663
"GO:0043496",12,0,19,0,12,308396,7,515423,0.0303266581515014,0.0434961709558811,1.68711167298548,1.36154897306663
"GO:0044233",12,0,19,0,12,308396,7,515423,0.0303266581515014,0.0434961709558811,1.68711167298548,1.36154897306663
"GO:0045655",5,0,6,0,5,308403,1,515429,0.030351177218071,0.0434961709558811,2.22605012407806,1.36154897306663
"GO:0045657",5,0,6,0,5,308403,1,515429,0.030351177218071,0.0434961709558811,2.22605012407806,1.36154897306663
"GO:0045793",12,0,19,0,12,308396,7,515423,0.0303266581515014,0.0434961709558811,1.68711167298548,1.36154897306663
"GO:0051012",5,0,6,0,5,308403,1,515429,0.030351177218071,0.0434961709558811,2.22605012407806,1.36154897306663
"GO:0060070",5,0,6,0,5,308403,1,515429,0.030351177218071,0.0434961709558811,2.22605012407806,1.36154897306663
"GO:0097194",5,0,6,0,5,308403,1,515429,0.030351177218071,0.0434961709558811,2.22605012407806,1.36154897306663
"GO:1903600",12,0,19,0,12,308396,7,515423,0.0303266581515014,0.0434961709558811,1.68711167298548,1.36154897306663
"GO:2000051",5,0,6,0,5,308403,1,515429,0.030351177218071,0.0434961709558811,2.22605012407806,1.36154897306663
"GO:0032872",41,1,83,0,41,308367,42,515388,0.0305613019262049,0.0437813591925542,1.31953814583904,1.35871075988405
"GO:0070302",41,1,83,0,41,308367,42,515388,0.0305613019262049,0.0437813591925542,1.31953814583904,1.35871075988405
"GO:0006829",45,1,92,0,45,308363,47,515383,0.0305734288731501,0.0437907627528089,1.30659463804582,1.35861749014811
"GO:2000378",8,0,39,0,8,308400,31,515399,0.0310060717562131,0.0444023643559959,0.547950799773061,1.35259390377224
"GO:0052324",49,0,168,0,49,308359,119,515311,0.0310240775451085,0.0444200688314104,0.779117543427321,1.35242077282315
"GO:0017069",34,1,67,0,34,308374,33,515397,0.0311300236514624,0.0445636563346631,1.35556485167739,1.35101918361476
"GO:0045911",24,1,45,0,24,308384,21,515409,0.0311558497931188,0.0445763085371557,1.42467207940996,1.35089589925468
"GO:0051751",24,0,45,0,24,308384,21,515409,0.0311558497931188,0.0445763085371557,1.42467207940996,1.35089589925468
"GO:2000001",24,1,45,0,24,308384,21,515409,0.0311558497931188,0.0445763085371557,1.42467207940996,1.35089589925468
"GO:0070212",49,0,102,0,49,308359,53,515377,0.0313378612129398,0.0448204294092046,1.28325242446853,1.34852398695413
"GO:1990404",49,0,102,0,49,308359,53,515377,0.0313378612129398,0.0448204294092046,1.28325242446853,1.34852398695413
"GO:0048870",62,6,133,0,62,308346,71,515359,0.031448305592998,0.0449702200959273,1.24524909196547,1.34707498687696
"GO:0019233",31,1,60,0,31,308377,29,515401,0.0318424952757334,0.0455173638660929,1.3801510769284,1.34182289800932
"GO:0080037",31,0,60,0,31,308377,29,515401,0.0318424952757334,0.0455173638660929,1.3801510769284,1.34182289800932
"GO:0034063",53,0,112,0,53,308355,59,515371,0.0320050468457737,0.0457331146796026,1.26407846331576,1.33976921974111
"GO:0034212",53,0,112,0,53,308355,59,515371,0.0320050468457737,0.0457331146796026,1.26407846331576,1.33976921974111
"GO:0010024",12,0,52,0,12,308396,40,515390,0.0320213080590031,0.0457480466498135,0.616444649744694,1.33962744470831
"GO:0060964",45,2,93,0,45,308363,48,515382,0.0320790890636174,0.0458222807310463,1.29254523333565,1.33892329829247
"GO:0030203",38,1,76,0,38,308370,38,515392,0.0321207090977713,0.045873407477804,1.33563007444684,1.33843899926535
"GO:0006509",22,4,40,0,22,308386,18,515412,0.0322016762589109,0.0459556917168503,1.46919308189152,1.3376606925882
"GO:0030017",22,1,40,0,22,308386,18,515412,0.0322016762589109,0.0459556917168503,1.46919308189152,1.3376606925882
"GO:0031261",22,0,40,0,22,308386,18,515412,0.0322016762589109,0.0459556917168503,1.46919308189152,1.3376606925882
"GO:0044449",22,1,40,0,22,308386,18,515412,0.0322016762589109,0.0459556917168503,1.46919308189152,1.3376606925882
"GO:0005764",243,18,582,0,243,308165,339,515091,0.032213813094641,0.0459646794781609,1.11531995907416,1.33757576396784
"GO:0046351",5,2,28,0,5,308403,23,515407,0.0322921728568378,0.04606813786318,0.47701074087387,1.33659934216646
"GO:0001042",19,0,34,0,19,308389,15,515415,0.0326788549856392,0.0465522885354599,1.49276302438176,1.33205896400828
"GO:0006617",19,0,34,0,19,308389,15,515415,0.0326788549856392,0.0465522885354599,1.49276302438176,1.33205896400828
"GO:0009041",19,0,34,0,19,308389,15,515415,0.0326788549856392,0.0465522885354599,1.49276302438176,1.33205896400828
"GO:0010018",19,0,34,0,19,308389,15,515415,0.0326788549856392,0.0465522885354599,1.49276302438176,1.33205896400828
"GO:0010155",19,0,34,0,19,308389,15,515415,0.0326788549856392,0.0465522885354599,1.49276302438176,1.33205896400828
"GO:0010981",19,0,34,0,19,308389,15,515415,0.0326788549856392,0.0465522885354599,1.49276302438176,1.33205896400828
"GO:0032963",19,0,34,0,19,308389,15,515415,0.0326788549856392,0.0465522885354599,1.49276302438176,1.33205896400828
"GO:0052692",19,0,34,0,19,308389,15,515415,0.0326788549856392,0.0465522885354599,1.49276302438176,1.33205896400828
"GO:0046785",54,0,114,0,54,308354,60,515370,0.0329320687219459,0.0469045132945826,1.26533375473911,1.3287853661415
"GO:0015368",17,0,68,0,17,308391,51,515379,0.0335803404775996,0.0478105335937175,0.667815037223418,1.32047640929493
"GO:0051139",17,0,68,0,17,308391,51,515379,0.0335803404775996,0.0478105335937175,0.667815037223418,1.32047640929493
"GO:0006638",25,0,47,0,25,308383,22,515408,0.0337866137541636,0.048078131502671,1.42088305792217,1.31805241899716
"GO:0006639",25,0,47,0,25,308383,22,515408,0.0337866137541636,0.048078131502671,1.42088305792217,1.31805241899716
"GO:0034038",25,5,47,0,25,308383,22,515408,0.0337866137541636,0.048078131502671,1.42088305792217,1.31805241899716
"GO:0005763",133,6,307,0,133,308275,174,515256,0.0338476496659787,0.0481562801681881,1.15725602541648,1.31734706753143
"GO:0010311",42,2,86,0,42,308366,44,515386,0.0338743037047508,0.0481854930906755,1.30456890992482,1.31708369244509
"GO:0002940",28,1,54,0,28,308380,26,515404,0.0343856255004984,0.0488951668966624,1.3850978549819,1.31073406713088
"GO:0051053",28,0,54,0,28,308380,26,515404,0.0343856255004984,0.0488951668966624,1.3850978549819,1.31073406713088
"GO:0042773",102,6,230,0,102,308306,128,515302,0.0344605211251901,0.048992816019053,1.18464580516154,1.3098675973596
"GO:0032104",64,1,138,0,64,308344,74,515356,0.0344856541329006,0.0490108447976519,1.23884528644344,1.30970781150907
"GO:0032107",64,1,138,0,64,308344,74,515356,0.0344856541329006,0.0490108447976519,1.23884528644344,1.30970781150907
"GO:0005793",141,9,327,0,141,308267,186,515244,0.0345705605601248,0.049122644896986,1.15182777062388,1.30871825763965
"GO:0140034",36,0,127,0,36,308372,91,515339,0.0349786569402301,0.04969355485174,0.757207601261199,1.30369993468386
"GO:0004725",35,0,70,0,35,308373,35,515395,0.0353216294192555,0.0501717551043629,1.33563007444684,1.29954070625135
"GO:1900150",51,0,107,0,51,308357,56,515374,0.0354278988550369,0.0503136243526702,1.27321745414558,1.2983143970517
"GO:0070181",97,1,218,0,97,308311,121,515309,0.03555013044944,0.0504781073048325,1.18858823138847,1.2968969374897
"GO:0045824",39,1,79,0,39,308369,40,515390,0.0357254467791803,0.0507178930650509,1.31872336464371,1.29483879631773
"GO:0004869",220,4,657,0,220,308188,437,514993,0.0360651584432403,0.0511810278152463,0.894485894606709,1.29089099687775
"GO:0017177",22,0,41,0,22,308386,19,515411,0.0360841850069382,0.0511810278152463,1.43335910428441,1.29089099687775
"GO:0030016",22,1,41,0,22,308386,19,515411,0.0360841850069382,0.0511810278152463,1.43335910428441,1.29089099687775
"GO:0043292",22,1,41,0,22,308386,19,515411,0.0360841850069382,0.0511810278152463,1.43335910428441,1.29089099687775
"GO:0048515",22,1,41,0,22,308386,19,515411,0.0360841850069382,0.0511810278152463,1.43335910428441,1.29089099687775
"GO:0009404",32,3,63,0,32,308376,31,515399,0.0364376334590952,0.0516730409998194,1.35683055181901,1.28673597912439
"GO:0000041",56,1,119,0,56,308352,63,515367,0.0367116825741329,0.0520522992117388,1.25706359947938,1.28356008242785
"GO:0016866",200,11,475,0,200,308208,275,515155,0.0369366425936665,0.0523618315320264,1.12474111532365,1.2809851709383
"GO:0009110",78,5,251,0,78,308330,173,515257,0.037010028512085,0.0524564177974673,0.830112715592456,1.28020137032042
"GO:0004334",17,2,30,0,17,308391,13,515417,0.0370695592743244,0.0525124294776825,1.51371408437308,1.27973788869554
"GO:0030124",17,0,30,0,17,308391,13,515417,0.0370695592743244,0.0525124294776825,1.51371408437308,1.27973788869554
"GO:1902000",17,2,30,0,17,308391,13,515417,0.0370695592743244,0.0525124294776825,1.51371408437308,1.27973788869554
"GO:0031436",51,5,108,0,51,308357,57,515373,0.0371412953629954,0.0525951209025903,1.26142840364423,1.279054542222
"GO:0045547",51,0,108,0,51,308357,57,515373,0.0371412953629954,0.0525951209025903,1.26142840364423,1.279054542222
"GO:0015228",29,0,56,0,29,308379,27,515403,0.0372646649299558,0.0527129276421585,1.38333114853422,1.2780828626785
"GO:0015880",29,0,56,0,29,308379,27,515403,0.0372646649299558,0.0527129276421585,1.38333114853422,1.2780828626785
"GO:0035349",29,0,56,0,29,308379,27,515403,0.0372646649299558,0.0527129276421585,1.38333114853422,1.2780828626785
"GO:0071077",29,0,56,0,29,308379,27,515403,0.0372646649299558,0.0527129276421585,1.38333114853422,1.2780828626785
"GO:0071106",29,0,56,0,29,308379,27,515403,0.0372646649299558,0.0527129276421585,1.38333114853422,1.2780828626785
"GO:1990559",29,0,56,0,29,308379,27,515403,0.0372646649299558,0.0527129276421585,1.38333114853422,1.2780828626785
"GO:0000228",411,18,1011,0,411,307997,600,514830,0.0373909145283997,0.0528820120674744,1.08594255311108,1.27669202906747
"GO:1902904",43,4,89,0,43,308365,46,515384,0.0374049755463357,0.0528923958147574,1.29060883598234,1.27660676072608
"GO:0006401",352,11,860,0,352,308056,508,514922,0.0374860917618797,0.0529975780081747,1.09335299117508,1.27574397722411
"GO:0072659",48,3,100,0,48,308360,52,515378,0.0381766942472321,0.0539642551830151,1.28220487146896,1.26789381271322
"GO:0010075",56,1,120,0,56,308352,64,515366,0.0382598163503317,0.0540720420663934,1.24658806948371,1.26702722869662
"GO:0044454",333,16,813,0,333,308075,480,514950,0.0388026736238603,0.0548294106564401,1.09413238570922,1.26098642218202
"GO:0009234",23,0,43,0,23,308385,20,515410,0.0393073716451685,0.0555226322610383,1.4288135680129,1.25552995268748
"GO:0050829",23,1,43,0,23,308385,20,515410,0.0393073716451685,0.0555226322610383,1.4288135680129,1.25552995268748
"GO:0097458",113,6,258,0,113,308295,145,515285,0.0393261417791859,0.0555391797785704,1.1699705303294,1.2554005383465
"GO:1905368",16,2,64,0,16,308392,48,515382,0.0394015953258427,0.0556357593551631,0.667815037223418,1.25464598002505
"GO:0030837",40,4,82,0,40,308368,42,515388,0.0395698838043851,0.0558433354801219,1.30305373116765,1.25302864952979
"GO:0032272",40,4,82,0,40,308368,42,515388,0.0395698838043851,0.0558433354801219,1.30305373116765,1.25302864952979
"GO:0042762",40,0,82,0,40,308368,42,515388,0.0395698838043851,0.0558433354801219,1.30305373116765,1.25302864952979
"GO:0051703",62,4,134,0,62,308346,72,515358,0.0397683349212985,0.0561133415487474,1.23595618829409,1.25093386829581
"GO:0004563",36,1,73,0,36,308372,37,515393,0.0398059546079997,0.0561563574684898,1.31733377205715,1.25060107008479
"GO:0015450",29,1,57,0,29,308379,28,515402,0.0401580573794875,0.0566429363360196,1.35906218101608,1.24685424116793
"GO:0050982",47,3,159,0,47,308361,112,515318,0.0406138369241113,0.0572755507464358,0.789617779861652,1.24203072605846
"GO:0015926",19,3,74,0,19,308389,55,515375,0.0406959703289642,0.057370823501004,0.685864092283511,1.24130891620828
"GO:0046521",19,1,74,0,19,308389,55,515375,0.0406959703289642,0.057370823501004,0.685864092283511,1.24130891620828
"GO:0006074",6,3,31,0,6,308402,25,515405,0.0409067039428985,0.0576369381490061,0.517018093334259,1.23929909830063
"GO:0051961",6,0,31,0,6,308402,25,515405,0.0409067039428985,0.0576369381490061,0.517018093334259,1.23929909830063
"GO:1990381",6,2,31,0,6,308402,25,515405,0.0409067039428985,0.0576369381490061,0.517018093334259,1.23929909830063
"GO:0000349",33,1,66,0,33,308375,33,515397,0.0413629297869533,0.0582276436485867,1.33563007444684,1.23487078452914
"GO:0001736",33,2,66,0,33,308375,33,515397,0.0413629297869533,0.0582276436485867,1.33563007444684,1.23487078452914
"GO:0001738",33,2,66,0,33,308375,33,515397,0.0413629297869533,0.0582276436485867,1.33563007444684,1.23487078452914
"GO:0007164",33,2,66,0,33,308375,33,515397,0.0413629297869533,0.0582276436485867,1.33563007444684,1.23487078452914
"GO:0051091",33,1,66,0,33,308375,33,515397,0.0413629297869533,0.0582276436485867,1.33563007444684,1.23487078452914
"GO:0010385",15,0,26,0,15,308393,11,515419,0.0416726702319071,0.0586007967248253,1.54111162436173,1.23209647936001
"GO:0018364",15,0,26,0,15,308393,11,515419,0.0416726702319071,0.0586007967248253,1.54111162436173,1.23209647936001
"GO:0019676",15,1,26,0,15,308393,11,515419,0.0416726702319071,0.0586007967248253,1.54111162436173,1.23209647936001
"GO:0030337",15,0,26,0,15,308393,11,515419,0.0416726702319071,0.0586007967248253,1.54111162436173,1.23209647936001
"GO:0043626",15,0,26,0,15,308393,11,515419,0.0416726702319071,0.0586007967248253,1.54111162436173,1.23209647936001
"GO:1901957",15,0,26,0,15,308393,11,515419,0.0416726702319071,0.0586007967248253,1.54111162436173,1.23209647936001
"GO:0003855",20,0,37,0,20,308388,17,515413,0.0417469623485208,0.0586633501620057,1.44392440480739,1.23163313884393
"GO:0004354",20,1,37,0,20,308388,17,515413,0.0417469623485208,0.0586633501620057,1.44392440480739,1.23163313884393
"GO:0010484",20,0,37,0,20,308388,17,515413,0.0417469623485208,0.0586633501620057,1.44392440480739,1.23163313884393
"GO:0044666",20,0,37,0,20,308388,17,515413,0.0417469623485208,0.0586633501620057,1.44392440480739,1.23163313884393
"GO:0060966",84,2,188,0,84,308324,104,515326,0.0419790222148557,0.058968390948491,1.19354176865462,1.2293807225143
"GO:1900618",84,1,188,0,84,308324,104,515326,0.0419790222148557,0.058968390948491,1.19354176865462,1.2293807225143
"GO:0009524",63,2,137,0,63,308345,74,515356,0.0422310325329232,0.0593118087598879,1.22838970350585,1.22685883161562
"GO:0008469",18,0,32,0,18,308390,14,515416,0.0425503532432692,0.0596963786724319,1.50258383375269,1.22405201343146
"GO:0010623",18,1,32,0,18,308390,14,515416,0.0425503532432692,0.0596963786724319,1.50258383375269,1.22405201343146
"GO:0016605",18,1,32,0,18,308390,14,515416,0.0425503532432692,0.0596963786724319,1.50258383375269,1.22405201343146
"GO:0035246",18,0,32,0,18,308390,14,515416,0.0425503532432692,0.0596963786724319,1.50258383375269,1.22405201343146
"GO:0051445",54,1,115,0,54,308354,61,515369,0.0425368114390492,0.0596963786724319,1.25433085252399,1.22405201343146
"GO:0071561",18,0,32,0,18,308390,14,515416,0.0425503532432692,0.0596963786724319,1.50258383375269,1.22405201343146
"GO:0002521",30,0,59,0,30,308378,29,515401,0.0427011632510931,0.0598866127049002,1.35826787231882,1.22267025070229
"GO:0043476",30,3,59,0,30,308378,29,515401,0.0427011632510931,0.0598866127049002,1.35826787231882,1.22267025070229
"GO:0044732",27,0,52,0,27,308381,25,515405,0.0436580578113186,0.0612068087427782,1.38700046192556,1.21320026355803
"GO:0051499",27,2,52,0,27,308381,25,515405,0.0436580578113186,0.0612068087427782,1.38700046192556,1.21320026355803
"GO:0015886",10,1,45,0,10,308398,35,515395,0.0439817258959818,0.0616386231534927,0.593613366420816,1.21014707085431
"GO:0045833",10,0,45,0,10,308398,35,515395,0.0439817258959818,0.0616386231534927,0.593613366420816,1.21014707085431
"GO:0008496",34,1,68,0,34,308374,34,515396,0.0440724845460468,0.0616889399620342,1.33563007444684,1.20979269243384
"GO:0015924",34,1,68,0,34,308374,34,515396,0.0440724845460468,0.0616889399620342,1.33563007444684,1.20979269243384
"GO:0016063",34,1,68,0,34,308374,34,515396,0.0440724845460468,0.0616889399620342,1.33563007444684,1.20979269243384
"GO:0035010",34,1,68,0,34,308374,34,515396,0.0440724845460468,0.0616889399620342,1.33563007444684,1.20979269243384
"GO:0046154",34,1,68,0,34,308374,34,515396,0.0440724845460468,0.0616889399620342,1.33563007444684,1.20979269243384
"GO:0051188",177,12,534,0,177,308231,357,515073,0.0440481989172997,0.0616889399620342,0.885417689801836,1.20979269243384
"GO:0052767",34,1,68,0,34,308374,34,515396,0.0440724845460468,0.0616889399620342,1.33563007444684,1.20979269243384
"GO:0051568",54,0,116,0,54,308354,62,515368,0.044274340662736,0.0619604639461436,1.24351765551947,1.20788533900038
"GO:0006163",86,5,193,0,86,308322,107,515323,0.0445078568592166,0.0622761907564439,1.19030244976609,1.20567795975277
"GO:0035195",59,2,128,0,59,308349,69,515361,0.0447917751956856,0.0626623163924714,1.23128397488068,1.20299355490797
"GO:0005199",80,11,256,0,80,308328,176,515254,0.0450642070645516,0.063032238452763,0.834768796529273,1.20043726957721
"GO:0045333",55,1,118,0,55,308353,63,515367,0.0454307771351663,0.0635336787365481,1.24507888295892,1.19699599735278
"GO:0000112",21,0,39,0,21,308387,18,515412,0.0457199767930961,0.0636891978968771,1.43837084940429,1.19593422059391
"GO:0002637",21,0,39,0,21,308387,18,515412,0.0457199767930961,0.0636891978968771,1.43837084940429,1.19593422059391
"GO:0002639",21,0,39,0,21,308387,18,515412,0.0457199767930961,0.0636891978968771,1.43837084940429,1.19593422059391
"GO:0002706",21,0,39,0,21,308387,18,515412,0.0457199767930961,0.0636891978968771,1.43837084940429,1.19593422059391
"GO:0002708",21,0,39,0,21,308387,18,515412,0.0457199767930961,0.0636891978968771,1.43837084940429,1.19593422059391
"GO:0002712",21,0,39,0,21,308387,18,515412,0.0457199767930961,0.0636891978968771,1.43837084940429,1.19593422059391
"GO:0002714",21,0,39,0,21,308387,18,515412,0.0457199767930961,0.0636891978968771,1.43837084940429,1.19593422059391
"GO:0002819",21,0,39,0,21,308387,18,515412,0.0457199767930961,0.0636891978968771,1.43837084940429,1.19593422059391
"GO:0002821",21,0,39,0,21,308387,18,515412,0.0457199767930961,0.0636891978968771,1.43837084940429,1.19593422059391
"GO:0002822",21,0,39,0,21,308387,18,515412,0.0457199767930961,0.0636891978968771,1.43837084940429,1.19593422059391
"GO:0002824",21,0,39,0,21,308387,18,515412,0.0457199767930961,0.0636891978968771,1.43837084940429,1.19593422059391
"GO:0002889",21,0,39,0,21,308387,18,515412,0.0457199767930961,0.0636891978968771,1.43837084940429,1.19593422059391
"GO:0002891",21,0,39,0,21,308387,18,515412,0.0457199767930961,0.0636891978968771,1.43837084940429,1.19593422059391
"GO:0007286",21,1,39,0,21,308387,18,515412,0.0457199767930961,0.0636891978968771,1.43837084940429,1.19593422059391
"GO:0009699",112,5,257,0,112,308296,145,515285,0.0455721974605796,0.0636891978968771,1.16412893648285,1.19593422059391
"GO:0035082",21,1,39,0,21,308387,18,515412,0.0457199767930961,0.0636891978968771,1.43837084940429,1.19593422059391
"GO:0042779",21,0,39,0,21,308387,18,515412,0.0457199767930961,0.0636891978968771,1.43837084940429,1.19593422059391
"GO:0042780",21,0,39,0,21,308387,18,515412,0.0457199767930961,0.0636891978968771,1.43837084940429,1.19593422059391
"GO:0045144",21,0,39,0,21,308387,18,515412,0.0457199767930961,0.0636891978968771,1.43837084940429,1.19593422059391
"GO:0045191",21,0,39,0,21,308387,18,515412,0.0457199767930961,0.0636891978968771,1.43837084940429,1.19593422059391
"GO:0045721",21,0,39,0,21,308387,18,515412,0.0457199767930961,0.0636891978968771,1.43837084940429,1.19593422059391
"GO:0045830",21,0,39,0,21,308387,18,515412,0.0457199767930961,0.0636891978968771,1.43837084940429,1.19593422059391
"GO:0015298",30,1,107,0,30,308378,77,515353,0.0458695878180789,0.0638750035917065,0.748951443615049,1.19466906243675
"GO:0015299",30,1,107,0,30,308378,77,515353,0.0458695878180789,0.0638750035917065,0.748951443615049,1.19466906243675
"GO:0001947",13,0,22,0,13,308395,9,515421,0.0461679029893218,0.0642109067724278,1.57847190616444,1.1923911970282
"GO:0003143",13,0,22,0,13,308395,9,515421,0.0461679029893218,0.0642109067724278,1.57847190616444,1.1923911970282
"GO:0034353",13,0,22,0,13,308395,9,515421,0.0461679029893218,0.0642109067724278,1.57847190616444,1.1923911970282
"GO:0035050",13,0,22,0,13,308395,9,515421,0.0461679029893218,0.0642109067724278,1.57847190616444,1.1923911970282
"GO:0061371",13,0,22,0,13,308395,9,515421,0.0461679029893218,0.0642109067724278,1.57847190616444,1.1923911970282
"GO:0061912",13,0,22,0,13,308395,9,515421,0.0461679029893218,0.0642109067724278,1.57847190616444,1.1923911970282
"GO:0110155",13,0,22,0,13,308395,9,515421,0.0461679029893218,0.0642109067724278,1.57847190616444,1.1923911970282
"GO:0009955",46,2,97,0,46,308362,51,515379,0.0461934097788381,0.0642236880570494,1.26678316339288,1.19230475861325
"GO:0018958",46,1,97,0,46,308362,51,515379,0.0461934097788381,0.0642236880570494,1.26678316339288,1.19230475861325
"GO:0004930",38,1,78,0,38,308370,40,515390,0.0462681897405119,0.0642822431410713,1.30138314946102,1.19190897685592
"GO:0010976",38,0,78,0,38,308370,40,515390,0.0462681897405119,0.0642822431410713,1.30138314946102,1.19190897685592
"GO:0045666",38,0,78,0,38,308370,40,515390,0.0462681897405119,0.0642822431410713,1.30138314946102,1.19190897685592
"GO:0090322",38,1,78,0,38,308370,40,515390,0.0462681897405119,0.0642822431410713,1.30138314946102,1.19190897685592
"GO:0006479",191,8,454,0,191,308217,263,515167,0.0466119603480157,0.064714171403806,1.12381208907201,1.18900060513427
"GO:0009585",34,0,69,0,34,308374,35,515395,0.0466077106709274,0.064714171403806,1.31627311684616,1.18900060513427
"GO:0016128",34,0,69,0,34,308374,35,515395,0.0466077106709274,0.064714171403806,1.31627311684616,1.18900060513427
"GO:0046966",34,1,69,0,34,308374,35,515395,0.0466077106709274,0.064714171403806,1.31627311684616,1.18900060513427
"GO:0098552",120,5,277,0,120,308288,157,515273,0.0468174982492898,0.0649880702201392,1.15722461323914,1.18716635894288
"GO:0000828",24,0,46,0,24,308384,22,515408,0.0469881522769604,0.0651904714001115,1.39370094724887,1.18581587851301
"GO:0000829",24,0,46,0,24,308384,22,515408,0.0469881522769604,0.0651904714001115,1.39370094724887,1.18581587851301
"GO:0033857",24,0,46,0,24,308384,22,515408,0.0469881522769604,0.0651904714001115,1.39370094724887,1.18581587851301
"GO:0006851",27,1,53,0,27,308381,26,515404,0.0470458335967332,0.0652589959600853,1.36083064188923,1.18535961231874
"GO:0016073",142,0,332,0,142,308266,190,515240,0.0471120427471908,0.0653393235563577,1.14252693115332,1.18482536599254
"GO:0008266",7,1,10,0,7,308401,3,515427,0.0472193838751128,0.0653960221437171,1.86988210422557,1.18444866778542
"GO:0019478",7,0,10,0,7,308401,3,515427,0.0472193838751128,0.0653960221437171,1.86988210422557,1.18444866778542
"GO:0042360",7,0,10,0,7,308401,3,515427,0.0472193838751128,0.0653960221437171,1.86988210422557,1.18444866778542
"GO:0042362",7,0,10,0,7,308401,3,515427,0.0472193838751128,0.0653960221437171,1.86988210422557,1.18444866778542
"GO:0042405",7,1,10,0,7,308401,3,515427,0.0472193838751128,0.0653960221437171,1.86988210422557,1.18444866778542
"GO:0046931",7,1,10,0,7,308401,3,515427,0.0472193838751128,0.0653960221437171,1.86988210422557,1.18444866778542
"GO:0051292",7,1,10,0,7,308401,3,515427,0.0472193838751128,0.0653960221437171,1.86988210422557,1.18444866778542
"GO:1902373",7,0,10,0,7,308401,3,515427,0.0472193838751128,0.0653960221437171,1.86988210422557,1.18444866778542
"GO:0062014",77,0,171,0,77,308331,94,515336,0.0478655016713666,0.0662791959818818,1.20284813722113,1.17862276855008
"GO:0030587",47,4,99,0,47,308361,52,515378,0.0479069449116634,0.0663015946456776,1.26817401008083,1.17847602608256
"GO:0090702",47,4,99,0,47,308361,52,515378,0.0479069449116634,0.0663015946456776,1.26817401008083,1.17847602608256
"GO:0099120",47,4,99,0,47,308361,52,515378,0.0479069449116634,0.0663015946456776,1.26817401008083,1.17847602608256
"GO:0004127",18,0,33,0,18,308390,15,515415,0.0482117793929428,0.0667117467711804,1.45705099030564,1.1757976876917
"GO:0043687",95,4,299,0,95,308313,204,515226,0.0483940515403845,0.0669521922189643,0.848728140952839,1.17423519829331
"GO:0070603",114,5,263,0,114,308294,149,515281,0.048447576389633,0.0670144651799669,1.15788462727711,1.1738314440188
"GO:0048467",83,0,186,0,83,308325,103,515327,0.0485920790918596,0.0672025380553617,1.19201393740954,1.17261432452618
"GO:0042593",39,0,80,0,39,308369,41,515389,0.0487676868309017,0.0674335553720109,1.30223932258567,1.17112394194371
"GO:1900864",77,2,172,0,77,308331,95,515335,0.0490258521501252,0.0677786280515956,1.19585483409775,1.16890722622823
"GO:0000454",11,0,18,0,11,308397,7,515423,0.0498680431190033,0.0685217726362007,1.63243675765725,1.16417141050275
"GO:0003352",11,0,18,0,11,308397,7,515423,0.0498680431190033,0.0685217726362007,1.63243675765725,1.16417141050275
"GO:0003356",11,0,18,0,11,308397,7,515423,0.0498680431190033,0.0685217726362007,1.63243675765725,1.16417141050275
"GO:0004152",11,0,18,0,11,308397,7,515423,0.0498680431190033,0.0685217726362007,1.63243675765725,1.16417141050275
"GO:0004610",11,0,18,0,11,308397,7,515423,0.0498680431190033,0.0685217726362007,1.63243675765725,1.16417141050275
"GO:0007204",11,0,18,0,11,308397,7,515423,0.0498680431190033,0.0685217726362007,1.63243675765725,1.16417141050275
"GO:0008375",11,0,18,0,11,308397,7,515423,0.0498680431190033,0.0685217726362007,1.63243675765725,1.16417141050275
"GO:0008988",11,0,18,0,11,308397,7,515423,0.0498680431190033,0.0685217726362007,1.63243675765725,1.16417141050275
"GO:0010196",11,0,18,0,11,308397,7,515423,0.0498680431190033,0.0685217726362007,1.63243675765725,1.16417141050275
"GO:0022417",11,1,18,0,11,308397,7,515423,0.0498680431190033,0.0685217726362007,1.63243675765725,1.16417141050275
"GO:0030018",11,0,18,0,11,308397,7,515423,0.0498680431190033,0.0685217726362007,1.63243675765725,1.16417141050275
"GO:0031674",11,0,18,0,11,308397,7,515423,0.0498680431190033,0.0685217726362007,1.63243675765725,1.16417141050275
"GO:0034087",11,0,18,0,11,308397,7,515423,0.0498680431190033,0.0685217726362007,1.63243675765725,1.16417141050275
"GO:0034513",11,0,18,0,11,308397,7,515423,0.0498680431190033,0.0685217726362007,1.63243675765725,1.16417141050275
"GO:0035098",11,0,18,0,11,308397,7,515423,0.0498680431190033,0.0685217726362007,1.63243675765725,1.16417141050275
"GO:0036158",11,0,18,0,11,308397,7,515423,0.0498680431190033,0.0685217726362007,1.63243675765725,1.16417141050275
"GO:0036159",11,0,18,0,11,308397,7,515423,0.0498680431190033,0.0685217726362007,1.63243675765725,1.16417141050275
"GO:0040031",11,0,18,0,11,308397,7,515423,0.0498680431190033,0.0685217726362007,1.63243675765725,1.16417141050275
"GO:0044458",11,0,18,0,11,308397,7,515423,0.0498680431190033,0.0685217726362007,1.63243675765725,1.16417141050275
"GO:0045171",11,0,18,0,11,308397,7,515423,0.0498680431190033,0.0685217726362007,1.63243675765725,1.16417141050275
"GO:0050515",11,0,18,0,11,308397,7,515423,0.0498680431190033,0.0685217726362007,1.63243675765725,1.16417141050275
"GO:0050850",11,0,18,0,11,308397,7,515423,0.0498680431190033,0.0685217726362007,1.63243675765725,1.16417141050275
"GO:0051480",11,0,18,0,11,308397,7,515423,0.0498680431190033,0.0685217726362007,1.63243675765725,1.16417141050275
"GO:0051750",11,0,18,0,11,308397,7,515423,0.0498680431190033,0.0685217726362007,1.63243675765725,1.16417141050275
"GO:0055129",11,0,18,0,11,308397,7,515423,0.0498680431190033,0.0685217726362007,1.63243675765725,1.16417141050275
"GO:0060972",11,0,18,0,11,308397,7,515423,0.0498680431190033,0.0685217726362007,1.63243675765725,1.16417141050275
"GO:0061542",11,0,18,0,11,308397,7,515423,0.0498680431190033,0.0685217726362007,1.63243675765725,1.16417141050275
"GO:0070182",67,4,147,0,67,308341,80,515350,0.0495729994019523,0.0685217726362007,1.21751312908759,1.16417141050275
"GO:0070840",11,0,18,0,11,308397,7,515423,0.0498680431190033,0.0685217726362007,1.63243675765725,1.16417141050275
"GO:0071528",11,0,18,0,11,308397,7,515423,0.0498680431190033,0.0685217726362007,1.63243675765725,1.16417141050275
"GO:0090694",11,0,18,0,11,308397,7,515423,0.0498680431190033,0.0685217726362007,1.63243675765725,1.16417141050275
"GO:0106335",11,0,18,0,11,308397,7,515423,0.0498680431190033,0.0685217726362007,1.63243675765725,1.16417141050275
"GO:1902562",11,0,18,0,11,308397,7,515423,0.0498680431190033,0.0685217726362007,1.63243675765725,1.16417141050275
"GO:1903664",11,1,18,0,11,308397,7,515423,0.0498680431190033,0.0685217726362007,1.63243675765725,1.16417141050275
"GO:1990066",11,0,18,0,11,308397,7,515423,0.0498680431190033,0.0685217726362007,1.63243675765725,1.16417141050275
"GO:0032296",57,1,123,0,57,308351,66,515364,0.0499277630770049,0.0685918588031732,1.23790104460926,1.16372742783079
"GO:0019747",47,1,100,0,47,308361,53,515377,0.0500906087045412,0.0688035721029747,1.25549226998003,1.1623890137363
"GO:0016212",28,0,55,0,28,308380,27,515403,0.0501079169788531,0.0688153388795415,1.3599142576186,1.16231474710959
"GO:2001233",11,0,47,0,11,308397,36,515394,0.0501873608057189,0.0689124200702284,0.625188545485753,1.16170249823956
"GO:0010099",39,1,81,0,39,308369,42,515388,0.0509864250625243,0.0699974081081603,1.28616229391177,1.15491804091666
"GO:0006287",25,1,48,0,25,308383,23,515407,0.051209996608421,0.0702798279814313,1.39128132754879,1.15316931016488
"GO:0010162",25,1,48,0,25,308383,23,515407,0.051209996608421,0.0702798279814313,1.39128132754879,1.15316931016488
"GO:0008187",9,2,14,0,9,308399,5,515425,0.0513020013637135,0.0703202776832931,1.71723866714593,1.15291942297291
"GO:0009273",9,0,14,0,9,308399,5,515425,0.0513020013637135,0.0703202776832931,1.71723866714593,1.15291942297291
"GO:0010478",9,0,14,0,9,308399,5,515425,0.0513020013637135,0.0703202776832931,1.71723866714593,1.15291942297291
"GO:0033328",9,0,14,0,9,308399,5,515425,0.0513020013637135,0.0703202776832931,1.71723866714593,1.15291942297291
"GO:0051224",9,0,14,0,9,308399,5,515425,0.0513020013637135,0.0703202776832931,1.71723866714593,1.15291942297291
"GO:0071766",9,0,14,0,9,308399,5,515425,0.0513020013637135,0.0703202776832931,1.71723866714593,1.15291942297291
"GO:1904950",9,0,14,0,9,308399,5,515425,0.0513020013637135,0.0703202776832931,1.71723866714593,1.15291942297291
"GO:0030532",48,4,102,0,48,308360,54,515376,0.0515347574557242,0.070627021359934,1.25706359947938,1.15102910939689
"GO:0000105",85,0,191,0,85,308323,106,515324,0.0515816528605018,0.07067898543392,1.18878069453383,1.15070969322883
"GO:0000288",22,3,82,0,22,308386,60,515370,0.0520994329511098,0.0713760418014509,0.716679552142205,1.14644753975738
"GO:0051646",35,0,72,0,35,308373,37,515393,0.0521591155868967,0.071445372872812,1.29852923904554,1.14602589284749
"GO:0016324",53,0,114,0,53,308355,61,515369,0.0525777545622982,0.0719937526377476,1.24190164816987,1.14270518846693
"GO:0045488",53,2,114,0,53,308355,61,515369,0.0525777545622982,0.0719937526377476,1.24190164816987,1.14270518846693
"GO:0070973",54,1,178,0,54,308354,124,515306,0.0528105055723682,0.07229987823751,0.810382292361002,1.1408624341138
"GO:0009884",19,1,35,0,19,308389,16,515414,0.0531461057494865,0.0726456232783396,1.45011265225657,1.13879054576133
"GO:0010324",19,0,35,0,19,308389,16,515414,0.0531461057494865,0.0726456232783396,1.45011265225657,1.13879054576133
"GO:0031577",19,1,35,0,19,308389,16,515414,0.0531461057494865,0.0726456232783396,1.45011265225657,1.13879054576133
"GO:0043812",19,0,35,0,19,308389,16,515414,0.0531461057494865,0.0726456232783396,1.45011265225657,1.13879054576133
"GO:0071173",19,1,35,0,19,308389,16,515414,0.0531461057494865,0.0726456232783396,1.45011265225657,1.13879054576133
"GO:0071174",19,1,35,0,19,308389,16,515414,0.0531461057494865,0.0726456232783396,1.45011265225657,1.13879054576133
"GO:0071324",19,1,35,0,19,308389,16,515414,0.0531461057494865,0.0726456232783396,1.45011265225657,1.13879054576133
"GO:0071329",19,1,35,0,19,308389,16,515414,0.0531461057494865,0.0726456232783396,1.45011265225657,1.13879054576133
"GO:0099024",19,0,35,0,19,308389,16,515414,0.0531461057494865,0.0726456232783396,1.45011265225657,1.13879054576133
"GO:0031333",40,4,83,0,40,308368,43,515387,0.0531589686847893,0.0726505905358787,1.28735428862346,1.1387608512155
"GO:0010223",45,0,151,0,45,308363,106,515324,0.0533600152205611,0.0729000416203153,0.796070905299439,1.13727222373322
"GO:0010346",45,0,151,0,45,308363,106,515324,0.0533600152205611,0.0729000416203153,0.796070905299439,1.13727222373322
"GO:0016743",44,1,93,0,44,308364,49,515381,0.0537697711002225,0.0734343577551963,1.26382200592819,1.13410069904426
"GO:1901606",44,1,93,0,44,308364,49,515381,0.0537697711002225,0.0734343577551963,1.26382200592819,1.13410069904426
"GO:0006112",36,0,74,0,36,308372,38,515392,0.0541581594120637,0.0739519567895517,1.29953196432665,1.13105032996106
"GO:0046902",28,0,56,0,28,308380,28,515402,0.054352040613646,0.0741909595475328,1.33563007444684,1.12964901194231
"GO:0055071",28,0,56,0,28,308380,28,515402,0.054352040613646,0.0741909595475328,1.33563007444684,1.12964901194231
"GO:0097361",14,1,57,0,14,308394,43,515387,0.054421121496758,0.0742723766335782,0.656098983938797,1.12917267892089
"GO:0005637",14,0,24,0,14,308394,10,515420,0.0549687535735407,0.0748899321791126,1.55823508685464,1.12557656271368
"GO:0009514",14,1,24,0,14,308394,10,515420,0.0549687535735407,0.0748899321791126,1.55823508685464,1.12557656271368
"GO:0010486",14,0,24,0,14,308394,10,515420,0.0549687535735407,0.0748899321791126,1.55823508685464,1.12557656271368
"GO:0031163",14,0,24,0,14,308394,10,515420,0.0549687535735407,0.0748899321791126,1.55823508685464,1.12557656271368
"GO:0032211",14,0,24,0,14,308394,10,515420,0.0549687535735407,0.0748899321791126,1.55823508685464,1.12557656271368
"GO:0032216",14,0,24,0,14,308394,10,515420,0.0549687535735407,0.0748899321791126,1.55823508685464,1.12557656271368
"GO:0043190",14,0,24,0,14,308394,10,515420,0.0549687535735407,0.0748899321791126,1.55823508685464,1.12557656271368
"GO:0045948",14,0,24,0,14,308394,10,515420,0.0549687535735407,0.0748899321791126,1.55823508685464,1.12557656271368
"GO:0097177",14,0,24,0,14,308394,10,515420,0.0549687535735407,0.0748899321791126,1.55823508685464,1.12557656271368
"GO:1902932",14,1,24,0,14,308394,10,515420,0.0549687535735407,0.0748899321791126,1.55823508685464,1.12557656271368
"GO:0046822",25,0,49,0,25,308383,24,515406,0.0551891217630143,0.0751251541619313,1.3628878310682,1.12421462378644
"GO:0051177",25,0,49,0,25,308383,24,515406,0.0551891217630143,0.0751251541619313,1.3628878310682,1.12421462378644
"GO:0070137",25,1,49,0,25,308383,24,515406,0.0551891217630143,0.0751251541619313,1.3628878310682,1.12421462378644
"GO:0070139",25,1,49,0,25,308383,24,515406,0.0551891217630143,0.0751251541619313,1.3628878310682,1.12421462378644
"GO:0090143",25,0,49,0,25,308383,24,515406,0.0551891217630143,0.0751251541619313,1.3628878310682,1.12421462378644
"GO:0050778",151,3,356,0,151,308257,205,515225,0.0552028124742763,0.0751307987201768,1.13303450135659,1.12418199412415
"GO:0015077",143,2,336,0,143,308265,193,515237,0.0552341096652372,0.0751603995306391,1.13687559908272,1.12401091998329
"GO:0046577",49,0,105,0,49,308359,56,515374,0.0553461591993348,0.0752998557236715,1.24658806948371,1.12320585591714
"GO:0072521",87,5,197,0,87,308321,110,515320,0.0554927375944467,0.0754862329952453,1.17969356829315,1.12213224677315
"GO:0009349",16,1,29,0,16,308392,13,515417,0.0555134137516993,0.0755013118613298,1.47379870283789,1.12204550228887
"GO:0048440",75,0,168,0,75,308333,93,515337,0.0558915318439618,0.0760024423347154,1.19252685218468,1.11917245146333
"GO:0090522",40,0,84,0,40,308368,44,515386,0.05595238575482,0.0760720519277967,1.27202864233032,1.11877486915446
"GO:0046700",97,6,302,0,97,308311,205,515225,0.0571675334875246,0.0777107276141934,0.857987531267173,1.10951902467321
"GO:0016569",350,12,862,0,350,308058,512,514918,0.0572302514058352,0.07778255163445,1.08461838992203,1.1091178140481
"GO:0008541",82,2,185,0,82,308326,103,515327,0.0574258412119141,0.0780349079958895,1.18401801194206,1.10771107732771
"GO:0009965",88,0,200,0,88,308320,112,515318,0.0575810410656535,0.0782323015652096,1.17535446551322,1.10661389278393
"GO:0010077",41,0,86,0,41,308367,45,515385,0.0577817445459246,0.0784914397006934,1.2735077454028,1.10517770495502
"GO:0051453",95,2,217,0,95,308313,122,515308,0.0581143732077954,0.0789296663029272,1.16944568730368,1.10275973329122
"GO:0034248",147,7,346,0,147,308261,199,515231,0.0587336212353501,0.0797569546946137,1.13489954302708,1.09823143674973
"GO:0004577",26,0,51,0,26,308382,25,515405,0.0588869942081183,0.0799514347027091,1.36181889943599,1.09717373857342
"GO:0006884",6,0,8,0,6,308402,2,515428,0.0591834967632856,0.0802018396489213,2.00344511167025,1.09581566986781
"GO:0007130",6,0,8,0,6,308402,2,515428,0.0591834967632856,0.0802018396489213,2.00344511167025,1.09581566986781
"GO:0009000",6,0,8,0,6,308402,2,515428,0.0591834967632856,0.0802018396489213,2.00344511167025,1.09581566986781
"GO:0009992",6,0,8,0,6,308402,2,515428,0.0591834967632856,0.0802018396489213,2.00344511167025,1.09581566986781
"GO:0015183",6,0,8,0,6,308402,2,515428,0.0591834967632856,0.0802018396489213,2.00344511167025,1.09581566986781
"GO:0018315",6,0,8,0,6,308402,2,515428,0.0591834967632856,0.0802018396489213,2.00344511167025,1.09581566986781
"GO:0042040",6,0,8,0,6,308402,2,515428,0.0591834967632856,0.0802018396489213,2.00344511167025,1.09581566986781
"GO:0070193",6,0,8,0,6,308402,2,515428,0.0591834967632856,0.0802018396489213,2.00344511167025,1.09581566986781
"GO:0070778",6,0,8,0,6,308402,2,515428,0.0591834967632856,0.0802018396489213,2.00344511167025,1.09581566986781
"GO:1902446",6,1,8,0,6,308402,2,515428,0.0591834967632856,0.0802018396489213,2.00344511167025,1.09581566986781
"GO:2000050",6,0,8,0,6,308402,2,515428,0.0591834967632856,0.0802018396489213,2.00344511167025,1.09581566986781
"GO:0051169",173,9,412,0,173,308235,239,515191,0.0595312030936332,0.0806591447079312,1.12166991688982,1.09334638746844
"GO:0005937",15,3,59,0,15,308393,44,515386,0.060021856452051,0.0812959487251455,0.679133936159409,1.08993109635123
"GO:0043332",15,3,59,0,15,308393,44,515386,0.060021856452051,0.0812959487251455,0.679133936159409,1.08993109635123
"GO:0052167",23,1,44,0,23,308385,21,515409,0.0601478957183811,0.0813826461146607,1.39634053237624,1.08946819339263
"GO:0052169",23,1,44,0,23,308385,21,515409,0.0601478957183811,0.0813826461146607,1.39634053237624,1.08946819339263
"GO:0052306",23,1,44,0,23,308385,21,515409,0.0601478957183811,0.0813826461146607,1.39634053237624,1.08946819339263
"GO:0052308",23,1,44,0,23,308385,21,515409,0.0601478957183811,0.0813826461146607,1.39634053237624,1.08946819339263
"GO:0052546",23,0,44,0,23,308385,21,515409,0.0601478957183811,0.0813826461146607,1.39634053237624,1.08946819339263
"GO:1990529",23,0,44,0,23,308385,21,515409,0.0601478957183811,0.0813826461146607,1.39634053237624,1.08946819339263
"GO:0000795",8,1,36,0,8,308400,28,515402,0.0602152071991776,0.0814457235518774,0.593613366420816,1.0891317141373
"GO:0099086",8,1,36,0,8,308400,28,515402,0.0602152071991776,0.0814457235518774,0.593613366420816,1.0891317141373
"GO:0031931",30,0,60,0,30,308378,30,515400,0.0607841335260333,0.0822011164949208,1.33563007444684,1.0851222836243
"GO:0003341",12,0,20,0,12,308396,8,515422,0.0612955534057766,0.0823129642460377,1.6027560893362,1.08453175826151
"GO:0003938",12,1,20,0,12,308396,8,515422,0.0612955534057766,0.0823129642460377,1.6027560893362,1.08453175826151
"GO:0004425",12,1,20,0,12,308396,8,515422,0.0612955534057766,0.0823129642460377,1.6027560893362,1.08453175826151
"GO:0005052",12,0,20,0,12,308396,8,515422,0.0612955534057766,0.0823129642460377,1.6027560893362,1.08453175826151
"GO:0007096",12,0,20,0,12,308396,8,515422,0.0612955534057766,0.0823129642460377,1.6027560893362,1.08453175826151
"GO:0009977",12,0,20,0,12,308396,8,515422,0.0612955534057766,0.0823129642460377,1.6027560893362,1.08453175826151
"GO:0010227",56,1,122,0,56,308352,66,515364,0.0610085607546285,0.0823129642460377,1.22615219949218,1.08453175826151
"GO:0010349",12,0,20,0,12,308396,8,515422,0.0612955534057766,0.0823129642460377,1.6027560893362,1.08453175826151
"GO:0030123",33,1,68,0,33,308375,35,515395,0.0611072829817405,0.0823129642460377,1.29634683696311,1.08453175826151
"GO:0031204",12,0,20,0,12,308396,8,515422,0.0612955534057766,0.0823129642460377,1.6027560893362,1.08453175826151
"GO:0031341",12,0,20,0,12,308396,8,515422,0.0612955534057766,0.0823129642460377,1.6027560893362,1.08453175826151
"GO:0031343",12,0,20,0,12,308396,8,515422,0.0612955534057766,0.0823129642460377,1.6027560893362,1.08453175826151
"GO:0031405",12,0,20,0,12,308396,8,515422,0.0612955534057766,0.0823129642460377,1.6027560893362,1.08453175826151
"GO:0033281",12,0,20,0,12,308396,8,515422,0.0612955534057766,0.0823129642460377,1.6027560893362,1.08453175826151
"GO:0035598",12,0,20,0,12,308396,8,515422,0.0612955534057766,0.0823129642460377,1.6027560893362,1.08453175826151
"GO:0035600",12,0,20,0,12,308396,8,515422,0.0612955534057766,0.0823129642460377,1.6027560893362,1.08453175826151
"GO:0042268",12,0,20,0,12,308396,8,515422,0.0612955534057766,0.0823129642460377,1.6027560893362,1.08453175826151
"GO:0042575",12,0,20,0,12,308396,8,515422,0.0612955534057766,0.0823129642460377,1.6027560893362,1.08453175826151
"GO:0042754",12,0,20,0,12,308396,8,515422,0.0612955534057766,0.0823129642460377,1.6027560893362,1.08453175826151
"GO:0044126",12,0,20,0,12,308396,8,515422,0.0612955534057766,0.0823129642460377,1.6027560893362,1.08453175826151
"GO:0044130",12,0,20,0,12,308396,8,515422,0.0612955534057766,0.0823129642460377,1.6027560893362,1.08453175826151
"GO:0044144",12,0,20,0,12,308396,8,515422,0.0612955534057766,0.0823129642460377,1.6027560893362,1.08453175826151
"GO:0044146",12,0,20,0,12,308396,8,515422,0.0612955534057766,0.0823129642460377,1.6027560893362,1.08453175826151
"GO:0045176",12,2,20,0,12,308396,8,515422,0.0612955534057766,0.0823129642460377,1.6027560893362,1.08453175826151
"GO:0045828",33,1,68,0,33,308375,35,515395,0.0611072829817405,0.0823129642460377,1.29634683696311,1.08453175826151
"GO:0045919",12,0,20,0,12,308396,8,515422,0.0612955534057766,0.0823129642460377,1.6027560893362,1.08453175826151
"GO:0046715",12,0,20,0,12,308396,8,515422,0.0612955534057766,0.0823129642460377,1.6027560893362,1.08453175826151
"GO:0050313",12,1,20,0,12,308396,8,515422,0.0612955534057766,0.0823129642460377,1.6027560893362,1.08453175826151
"GO:0050897",21,3,78,0,21,308387,57,515373,0.0609748664302869,0.0823129642460377,0.719185424702143,1.08453175826151
"GO:0051214",33,1,68,0,33,308375,35,515395,0.0611072829817405,0.0823129642460377,1.29634683696311,1.08453175826151
"GO:0051709",12,0,20,0,12,308396,8,515422,0.0612955534057766,0.0823129642460377,1.6027560893362,1.08453175826151
"GO:0051710",12,0,20,0,12,308396,8,515422,0.0612955534057766,0.0823129642460377,1.6027560893362,1.08453175826151
"GO:0051712",12,0,20,0,12,308396,8,515422,0.0612955534057766,0.0823129642460377,1.6027560893362,1.08453175826151
"GO:0051714",12,0,20,0,12,308396,8,515422,0.0612955534057766,0.0823129642460377,1.6027560893362,1.08453175826151
"GO:0051802",12,0,20,0,12,308396,8,515422,0.0612955534057766,0.0823129642460377,1.6027560893362,1.08453175826151
"GO:0051804",12,0,20,0,12,308396,8,515422,0.0612955534057766,0.0823129642460377,1.6027560893362,1.08453175826151
"GO:0051839",12,0,20,0,12,308396,8,515422,0.0612955534057766,0.0823129642460377,1.6027560893362,1.08453175826151
"GO:0051841",12,0,20,0,12,308396,8,515422,0.0612955534057766,0.0823129642460377,1.6027560893362,1.08453175826151
"GO:0070813",12,1,20,0,12,308396,8,515422,0.0612955534057766,0.0823129642460377,1.6027560893362,1.08453175826151
"GO:0120330",33,0,68,0,33,308375,35,515395,0.0611072829817405,0.0823129642460377,1.29634683696311,1.08453175826151
"GO:1990610",12,0,20,0,12,308396,8,515422,0.0612955534057766,0.0823129642460377,1.6027560893362,1.08453175826151
"GO:0008863",17,0,31,0,17,308391,14,515416,0.0617006497159349,0.0827863498489585,1.4648845977804,1.08204126555786
"GO:0042775",17,1,31,0,17,308391,14,515416,0.0617006497159349,0.0827863498489585,1.4648845977804,1.08204126555786
"GO:0050878",17,1,31,0,17,308391,14,515416,0.0617006497159349,0.0827863498489585,1.4648845977804,1.08204126555786
"GO:0051187",17,1,31,0,17,308391,14,515416,0.0617006497159349,0.0827863498489585,1.4648845977804,1.08204126555786
"GO:0061564",17,0,31,0,17,308391,14,515416,0.0617006497159349,0.0827863498489585,1.4648845977804,1.08204126555786
"GO:0098798",158,10,375,0,158,308250,217,515213,0.0618720438215966,0.0830021692167022,1.12549094273387,1.08091055742473
"GO:0031346",38,0,79,0,38,308370,41,515389,0.0621528833719826,0.0833505107162261,1.28490994503746,1.07909173476148
"GO:0070469",38,2,79,0,38,308370,41,515389,0.0621528833719826,0.0833505107162261,1.28490994503746,1.07909173476148
"GO:0000428",132,13,401,0,132,308276,269,515161,0.0632261275553672,0.0847753493639671,0.879317555246795,1.07173041179428
"GO:0016442",34,1,70,0,34,308374,36,515394,0.0634681056989822,0.085085307912532,1.29746921517693,1.07014542514897
"GO:0003007",14,1,25,0,14,308394,11,515419,0.063606678014352,0.0852130308592544,1.49590568338046,1.06949398742181
"GO:0010031",14,0,25,0,14,308394,11,515419,0.063606678014352,0.0852130308592544,1.49590568338046,1.06949398742181
"GO:0018773",14,0,25,0,14,308394,11,515419,0.063606678014352,0.0852130308592544,1.49590568338046,1.06949398742181
"GO:0070069",14,1,25,0,14,308394,11,515419,0.063606678014352,0.0852130308592544,1.49590568338046,1.06949398742181
"GO:0043154",26,0,52,0,26,308382,26,515404,0.0638548184179797,0.0855309053235215,1.33563007444684,1.06787693104665
"GO:0006361",20,0,38,0,20,308388,18,515412,0.0644405845216759,0.0862274828071788,1.40592639415456,1.06435429184102
"GO:0007368",20,0,38,0,20,308388,18,515412,0.0644405845216759,0.0862274828071788,1.40592639415456,1.06435429184102
"GO:0008430",20,1,38,0,20,308388,18,515412,0.0644405845216759,0.0862274828071788,1.40592639415456,1.06435429184102
"GO:0008837",20,0,38,0,20,308388,18,515412,0.0644405845216759,0.0862274828071788,1.40592639415456,1.06435429184102
"GO:0034414",20,0,38,0,20,308388,18,515412,0.0644405845216759,0.0862274828071788,1.40592639415456,1.06435429184102
"GO:1905267",20,0,38,0,20,308388,18,515412,0.0644405845216759,0.0862274828071788,1.40592639415456,1.06435429184102
"GO:0003921",23,0,45,0,23,308385,22,515408,0.0648392499196417,0.0866725378446968,1.36531074276788,1.06211848674281
"GO:0006177",23,0,45,0,23,308385,22,515408,0.0648392499196417,0.0866725378446968,1.36531074276788,1.06211848674281
"GO:0052552",23,1,45,0,23,308385,22,515408,0.0648392499196417,0.0866725378446968,1.36531074276788,1.06211848674281
"GO:0052553",23,1,45,0,23,308385,22,515408,0.0648392499196417,0.0866725378446968,1.36531074276788,1.06211848674281
"GO:0052564",23,1,45,0,23,308385,22,515408,0.0648392499196417,0.0866725378446968,1.36531074276788,1.06211848674281
"GO:0052572",23,1,45,0,23,308385,22,515408,0.0648392499196417,0.0866725378446968,1.36531074276788,1.06211848674281
"GO:0003906",72,0,229,0,72,308336,157,515273,0.0651271303653933,0.0870425755919144,0.839872186551723,1.06026826667155
"GO:1904949",114,5,265,0,114,308294,151,515279,0.0655161963300241,0.0875476994584875,1.14914587537313,1.05775526163777
"GO:0004073",10,0,16,0,10,308398,6,515424,0.0664924042567605,0.0884318645563809,1.66953759305855,1.05339121793397
"GO:0005363",10,0,16,0,10,308398,6,515424,0.0664924042567605,0.0884318645563809,1.66953759305855,1.05339121793397
"GO:0006480",10,0,16,0,10,308398,6,515424,0.0664924042567605,0.0884318645563809,1.66953759305855,1.05339121793397
"GO:0006772",10,0,16,0,10,308398,6,515424,0.0664924042567605,0.0884318645563809,1.66953759305855,1.05339121793397
"GO:0006780",10,0,16,0,10,308398,6,515424,0.0664924042567605,0.0884318645563809,1.66953759305855,1.05339121793397
"GO:0006990",10,0,16,0,10,308398,6,515424,0.0664924042567605,0.0884318645563809,1.66953759305855,1.05339121793397
"GO:0009039",10,0,16,0,10,308398,6,515424,0.0664924042567605,0.0884318645563809,1.66953759305855,1.05339121793397
"GO:0009979",10,0,16,0,10,308398,6,515424,0.0664924042567605,0.0884318645563809,1.66953759305855,1.05339121793397
"GO:0015093",10,0,16,0,10,308398,6,515424,0.0664924042567605,0.0884318645563809,1.66953759305855,1.05339121793397
"GO:0017009",10,0,16,0,10,308398,6,515424,0.0664924042567605,0.0884318645563809,1.66953759305855,1.05339121793397
"GO:0017121",10,0,16,0,10,308398,6,515424,0.0664924042567605,0.0884318645563809,1.66953759305855,1.05339121793397
"GO:0017125",10,0,16,0,10,308398,6,515424,0.0664924042567605,0.0884318645563809,1.66953759305855,1.05339121793397
"GO:0017128",10,0,16,0,10,308398,6,515424,0.0664924042567605,0.0884318645563809,1.66953759305855,1.05339121793397
"GO:0018025",10,0,16,0,10,308398,6,515424,0.0664924042567605,0.0884318645563809,1.66953759305855,1.05339121793397
"GO:0042060",10,0,16,0,10,308398,6,515424,0.0664924042567605,0.0884318645563809,1.66953759305855,1.05339121793397
"GO:0043448",10,0,16,0,10,308398,6,515424,0.0664924042567605,0.0884318645563809,1.66953759305855,1.05339121793397
"GO:0045549",10,0,16,0,10,308398,6,515424,0.0664924042567605,0.0884318645563809,1.66953759305855,1.05339121793397
"GO:0046406",10,0,16,0,10,308398,6,515424,0.0664924042567605,0.0884318645563809,1.66953759305855,1.05339121793397
"GO:0048250",10,0,16,0,10,308398,6,515424,0.0664924042567605,0.0884318645563809,1.66953759305855,1.05339121793397
"GO:0051743",10,1,16,0,10,308398,6,515424,0.0664924042567605,0.0884318645563809,1.66953759305855,1.05339121793397
"GO:0052624",10,0,16,0,10,308398,6,515424,0.0664924042567605,0.0884318645563809,1.66953759305855,1.05339121793397
"GO:0070176",10,0,16,0,10,308398,6,515424,0.0664924042567605,0.0884318645563809,1.66953759305855,1.05339121793397
"GO:0080041",10,0,16,0,10,308398,6,515424,0.0664924042567605,0.0884318645563809,1.66953759305855,1.05339121793397
"GO:0080042",10,0,16,0,10,308398,6,515424,0.0664924042567605,0.0884318645563809,1.66953759305855,1.05339121793397
"GO:0098505",10,0,16,0,10,308398,6,515424,0.0664924042567605,0.0884318645563809,1.66953759305855,1.05339121793397
"GO:0106073",10,0,16,0,10,308398,6,515424,0.0664924042567605,0.0884318645563809,1.66953759305855,1.05339121793397
"GO:1903426",10,0,16,0,10,308398,6,515424,0.0664924042567605,0.0884318645563809,1.66953759305855,1.05339121793397
"GO:1990133",10,0,16,0,10,308398,6,515424,0.0664924042567605,0.0884318645563809,1.66953759305855,1.05339121793397
"GO:0000339",27,0,54,0,27,308381,27,515403,0.0669747797059969,0.0889531745985503,1.33563007444684,1.05083854801816
"GO:0006497",27,1,54,0,27,308381,27,515403,0.0669747797059969,0.0889531745985503,1.33563007444684,1.05083854801816
"GO:0008637",27,0,54,0,27,308381,27,515403,0.0669747797059969,0.0889531745985503,1.33563007444684,1.05083854801816
"GO:0035794",27,0,54,0,27,308381,27,515403,0.0669747797059969,0.0889531745985503,1.33563007444684,1.05083854801816
"GO:0097345",27,0,54,0,27,308381,27,515403,0.0669747797059969,0.0889531745985503,1.33563007444684,1.05083854801816
"GO:1902108",27,0,54,0,27,308381,27,515403,0.0669747797059969,0.0889531745985503,1.33563007444684,1.05083854801816
"GO:1902110",27,0,54,0,27,308381,27,515403,0.0669747797059969,0.0889531745985503,1.33563007444684,1.05083854801816
"GO:1902686",27,0,54,0,27,308381,27,515403,0.0669747797059969,0.0889531745985503,1.33563007444684,1.05083854801816
"GO:0050178",48,1,104,0,48,308360,56,515374,0.0687253319584207,0.091262788997417,1.23288929948939,1.03970626328985
"GO:0006513",24,0,47,0,24,308384,23,515407,0.0693205822406905,0.0920377168829002,1.36404773560528,1.03603416311787
"GO:0090332",9,0,39,0,9,308399,30,515400,0.0694624457289026,0.0922105181750289,0.616444649744694,1.03521953746224
"GO:0006537",35,1,73,0,35,308373,38,515392,0.069773119148056,0.0926073164615573,1.28074116727779,1.03335470043082
"GO:0006275",95,3,219,0,95,308313,124,515306,0.0698438874115889,0.0926856172798429,1.15876581801324,1.0329876533487
"GO:0000215",17,1,32,0,17,308391,15,515415,0.0703045104949693,0.0932026114207474,1.41910695409976,1.03057191908666
"GO:0007231",17,1,32,0,17,308391,15,515415,0.0703045104949693,0.0932026114207474,1.41910695409976,1.03057191908666
"GO:0009608",17,0,32,0,17,308391,15,515415,0.0703045104949693,0.0932026114207474,1.41910695409976,1.03057191908666
"GO:0009784",17,1,32,0,17,308391,15,515415,0.0703045104949693,0.0932026114207474,1.41910695409976,1.03057191908666
"GO:0009885",17,1,32,0,17,308391,15,515415,0.0703045104949693,0.0932026114207474,1.41910695409976,1.03057191908666
"GO:0010086",17,1,32,0,17,308391,15,515415,0.0703045104949693,0.0932026114207474,1.41910695409976,1.03057191908666
"GO:0002703",21,0,40,0,21,308387,19,515411,0.0707489928120808,0.0936814249649622,1.40241157816918,1.02834651193961
"GO:0002705",21,0,40,0,21,308387,19,515411,0.0707489928120808,0.0936814249649622,1.40241157816918,1.02834651193961
"GO:0019774",21,1,40,0,21,308387,19,515411,0.0707489928120808,0.0936814249649622,1.40241157816918,1.02834651193961
"GO:0033743",14,0,55,0,14,308394,41,515389,0.0707248174240207,0.0936814249649622,0.679957128809299,1.02834651193961
"GO:0043044",21,1,40,0,21,308387,19,515411,0.0707489928120808,0.0936814249649622,1.40241157816918,1.02834651193961
"GO:0050864",21,0,40,0,21,308387,19,515411,0.0707489928120808,0.0936814249649622,1.40241157816918,1.02834651193961
"GO:0050871",21,0,40,0,21,308387,19,515411,0.0707489928120808,0.0936814249649622,1.40241157816918,1.02834651193961
"GO:0005811",217,10,525,0,217,308191,308,515122,0.0710837799944695,0.094108899447774,1.10412086154272,1.02636930538988
"GO:0035859",15,0,27,0,15,308393,12,515418,0.0714626305680114,0.0945468618204009,1.48403341605204,1.02435288159103
"GO:0044818",15,0,27,0,15,308393,12,515418,0.0714626305680114,0.0945468618204009,1.48403341605204,1.02435288159103
"GO:0045089",111,3,258,0,111,308297,147,515283,0.0714357672553244,0.0945468618204009,1.14926308731472,1.02435288159103
"GO:0070876",15,0,27,0,15,308393,12,515418,0.0714626305680114,0.0945468618204009,1.48403341605204,1.02435288159103
"GO:0009561",65,5,145,0,65,308343,80,515350,0.0714776659707187,0.0945508631358591,1.19746144605578,1.02433450221366
"GO:0005758",39,6,132,0,39,308369,93,515337,0.0716248053062524,0.0947295812114951,0.789235953082222,1.02351438265616
"GO:0007600",31,1,64,0,31,308377,33,515397,0.0716870908862856,0.0947960321614044,1.29389163462037,1.02320984036732
"GO:0008685",12,0,21,0,12,308396,9,515421,0.0722632773329297,0.095429712995273,1.52643437079638,1.02031638231105
"GO:0016239",12,0,21,0,12,308396,9,515421,0.0722632773329297,0.095429712995273,1.52643437079638,1.02031638231105
"GO:0019156",12,0,21,0,12,308396,9,515421,0.0722632773329297,0.095429712995273,1.52643437079638,1.02031638231105
"GO:0043719",12,0,21,0,12,308396,9,515421,0.0722632773329297,0.095429712995273,1.52643437079638,1.02031638231105
"GO:0048555",12,0,21,0,12,308396,9,515421,0.0722632773329297,0.095429712995273,1.52643437079638,1.02031638231105
"GO:0090173",12,0,21,0,12,308396,9,515421,0.0722632773329297,0.095429712995273,1.52643437079638,1.02031638231105
"GO:1900182",12,0,21,0,12,308396,9,515421,0.0722632773329297,0.095429712995273,1.52643437079638,1.02031638231105
"GO:2000014",12,0,21,0,12,308396,9,515421,0.0722632773329297,0.095429712995273,1.52643437079638,1.02031638231105
"GO:0045834",36,1,75,0,36,308372,39,515391,0.0727413394144261,0.0960449218165653,1.28220487146896,1.01752559264869
"GO:0009553",152,9,456,0,152,308256,304,515126,0.0733263191144037,0.0968010706135478,0.890420049631225,1.01411983939631
"GO:0046901",32,0,66,0,32,308376,34,515396,0.0744752016745385,0.0983012722303768,1.29515643582724,1.00744086142466
"GO:0046688",45,1,97,0,45,308363,52,515378,0.0745250487051358,0.0983505755920921,1.23924439897129,1.00722309404929
"GO:0004616",24,0,48,0,24,308384,24,515406,0.0751514969650271,0.0991440563279191,1.33563007444684,1.00373331657073
"GO:0006607",24,0,48,0,24,308384,24,515406,0.0751514969650271,0.0991440563279191,1.33563007444684,1.00373331657073
"GO:0004459",18,0,34,0,18,308390,16,515414,0.0755646481458242,0.0996056447092981,1.4141965494143,1.00171604916028
"GO:0006636",18,0,34,0,18,308390,16,515414,0.0755646481458242,0.0996056447092981,1.4141965494143,1.00171604916028
"GO:0046824",18,0,34,0,18,308390,16,515414,0.0755646481458242,0.0996056447092981,1.4141965494143,1.00171604916028
"GO:0051304",18,0,34,0,18,308390,16,515414,0.0755646481458242,0.0996056447092981,1.4141965494143,1.00171604916028
"GO:0070525",18,0,34,0,18,308390,16,515414,0.0755646481458242,0.0996056447092981,1.4141965494143,1.00171604916028
"GO:0035516",41,0,87,0,41,308367,46,515384,0.0756545023656729,0.0997073903603846,1.2588697253407,1.00127265037658
"GO:0002700",21,0,41,0,21,308387,20,515410,0.0763055025092069,0.100514878807309,1.36820641772603,0.997769646645163
"GO:0002702",21,0,41,0,21,308387,20,515410,0.0763055025092069,0.100514878807309,1.36820641772603,0.997769646645163
"GO:0009187",21,1,41,0,21,308387,20,515410,0.0763055025092069,0.100514878807309,1.36820641772603,0.997769646645163
"GO:0043140",215,5,521,0,215,308193,306,515124,0.0773080097632706,0.101818412724856,1.10234343956265,0.992173677581624
"GO:0016570",346,12,857,0,346,308062,511,514919,0.0774848464619106,0.102034244119799,1.07847842650783,0.991254048469885
"GO:0005784",15,0,58,0,15,308393,43,515387,0.0775940315283655,0.102160932629418,0.69084314195526,0.990715151042592
"GO:0009313",41,1,88,0,41,308367,47,515383,0.0787682216569297,0.103672202120607,1.24456438755273,0.98433767643636
"GO:0019776",41,2,88,0,41,308367,47,515383,0.0787682216569297,0.103672202120607,1.24456438755273,0.98433767643636
"GO:0046915",37,1,78,0,37,308371,41,515389,0.0788291754937882,0.103700412681668,1.2671362244752,0.984219515308022
"GO:0070585",37,2,78,0,37,308371,41,515389,0.0788291754937882,0.103700412681668,1.2671362244752,0.984219515308022
"GO:0072655",37,2,78,0,37,308371,41,515389,0.0788291754937882,0.103700412681668,1.2671362244752,0.984219515308022
"GO:0043162",25,0,50,0,25,308383,25,515405,0.0789104131642856,0.103789936913827,1.33563007444684,0.983844752023736
"GO:0043614",29,0,59,0,29,308379,30,515400,0.0793796220069396,0.104354773620345,1.31299227657486,0.981487679712503
"GO:0046834",29,2,59,0,29,308379,30,515400,0.0793796220069396,0.104354773620345,1.31299227657486,0.981487679712503
"GO:0072530",29,0,59,0,29,308379,30,515400,0.0793796220069396,0.104354773620345,1.31299227657486,0.981487679712503
"GO:0004123",10,0,17,0,10,308398,7,515423,0.0808320401212816,0.106016297873164,1.57132949934922,0.974627365562607
"GO:0004377",10,0,17,0,10,308398,7,515423,0.0808320401212816,0.106016297873164,1.57132949934922,0.974627365562607
"GO:0007189",10,0,17,0,10,308398,7,515423,0.0808320401212816,0.106016297873164,1.57132949934922,0.974627365562607
"GO:0008310",10,1,17,0,10,308398,7,515423,0.0808320401212816,0.106016297873164,1.57132949934922,0.974627365562607
"GO:0008479",10,0,17,0,10,308398,7,515423,0.0808320401212816,0.106016297873164,1.57132949934922,0.974627365562607
"GO:0009961",10,1,17,0,10,308398,7,515423,0.0808320401212816,0.106016297873164,1.57132949934922,0.974627365562607
"GO:0010270",10,0,17,0,10,308398,7,515423,0.0808320401212816,0.106016297873164,1.57132949934922,0.974627365562607
"GO:0017005",10,0,17,0,10,308398,7,515423,0.0808320401212816,0.106016297873164,1.57132949934922,0.974627365562607
"GO:0019135",10,1,17,0,10,308398,7,515423,0.0808320401212816,0.106016297873164,1.57132949934922,0.974627365562607
"GO:0046028",10,0,17,0,10,308398,7,515423,0.0808320401212816,0.106016297873164,1.57132949934922,0.974627365562607
"GO:0050589",10,0,17,0,10,308398,7,515423,0.0808320401212816,0.106016297873164,1.57132949934922,0.974627365562607
"GO:0051776",10,0,17,0,10,308398,7,515423,0.0808320401212816,0.106016297873164,1.57132949934922,0.974627365562607
"GO:0080005",10,0,17,0,10,308398,7,515423,0.0808320401212816,0.106016297873164,1.57132949934922,0.974627365562607
"GO:0098572",10,1,17,0,10,308398,7,515423,0.0808320401212816,0.106016297873164,1.57132949934922,0.974627365562607
"GO:0044743",42,3,90,0,42,308366,48,515382,0.0809895325959601,0.106205164183808,1.24658806948371,0.973854365344914
"GO:0006116",95,4,220,0,95,308313,125,515305,0.0816776749289436,0.107089716362532,1.15349870065863,0.970252231702565
"GO:0001405",33,1,69,0,33,308375,36,515394,0.0817617822745933,0.107146454147761,1.2775592016448,0.970022196713072
"GO:0042562",22,1,43,0,22,308386,21,515409,0.0817591734681374,0.107146454147761,1.36669123896886,0.970022196713072
"GO:0140673",63,0,141,0,63,308345,78,515352,0.0817442980143423,0.107146454147761,1.19354176865462,0.970022196713072
"GO:0005721",8,0,35,0,8,308400,27,515403,0.081908887714107,0.107303505422774,0.610573748318554,0.969386090141221
"GO:1900407",8,1,35,0,8,308400,27,515403,0.081908887714107,0.107303505422774,0.610573748318554,0.969386090141221
"GO:0072423",15,0,28,0,15,308393,13,515417,0.0820576460504335,0.107480497455742,1.43103222262161,0.96867033217389
"GO:0008734",13,0,23,0,13,308395,10,515420,0.0824079082553418,0.10774207835676,1.50984269285295,0.967614651120059
"GO:0010257",13,0,23,0,13,308395,10,515420,0.0824079082553418,0.10774207835676,1.50984269285295,0.967614651120059
"GO:0010321",13,0,23,0,13,308395,10,515420,0.0824079082553418,0.10774207835676,1.50984269285295,0.967614651120059
"GO:0017000",22,2,80,0,22,308386,58,515372,0.0823874600119783,0.10774207835676,0.73459654094576,0.967614651120059
"GO:0030178",13,0,23,0,13,308395,10,515420,0.0824079082553418,0.10774207835676,1.50984269285295,0.967614651120059
"GO:0030834",13,0,23,0,13,308395,10,515420,0.0824079082553418,0.10774207835676,1.50984269285295,0.967614651120059
"GO:0071010",13,1,23,0,13,308395,10,515420,0.0824079082553418,0.10774207835676,1.50984269285295,0.967614651120059
"GO:0090090",13,0,23,0,13,308395,10,515420,0.0824079082553418,0.10774207835676,1.50984269285295,0.967614651120059
"GO:0090734",22,1,80,0,22,308386,58,515372,0.0823874600119783,0.10774207835676,0.73459654094576,0.967614651120059
"GO:0101016",13,0,23,0,13,308395,10,515420,0.0824079082553418,0.10774207835676,1.50984269285295,0.967614651120059
"GO:0106300",13,0,23,0,13,308395,10,515420,0.0824079082553418,0.10774207835676,1.50984269285295,0.967614651120059
"GO:0044322",6,2,29,0,6,308402,23,515407,0.0825489867276358,0.107908605699095,0.552674513564208,0.966943919000158
"GO:0043604",247,16,720,0,247,308161,473,514957,0.083134784532387,0.108656321407762,0.916390634412135,0.963945002222906
"GO:0006386",19,0,36,0,19,308389,17,515413,0.0833526332391875,0.108832630429405,1.40983174524944,0.963240874023881
"GO:0045841",19,1,36,0,19,308389,17,515413,0.0833526332391875,0.108832630429405,1.40983174524944,0.963240874023881
"GO:0052745",19,1,36,0,19,308389,17,515413,0.0833526332391875,0.108832630429405,1.40983174524944,0.963240874023881
"GO:1902100",19,1,36,0,19,308389,17,515413,0.0833526332391875,0.108832630429405,1.40983174524944,0.963240874023881
"GO:1905819",19,1,36,0,19,308389,17,515413,0.0833526332391875,0.108832630429405,1.40983174524944,0.963240874023881
"GO:2000816",19,1,36,0,19,308389,17,515413,0.0833526332391875,0.108832630429405,1.40983174524944,0.963240874023881
"GO:0030891",13,1,51,0,13,308395,38,515392,0.0834885717213737,0.108973973899959,0.680909449717995,0.962677211612261
"GO:0080171",13,3,51,0,13,308395,38,515392,0.0834885717213737,0.108973973899959,0.680909449717995,0.962677211612261
"GO:0033169",26,3,91,0,26,308382,65,515365,0.0837917677354021,0.109333465210191,0.763217185398192,0.961246887166301
"GO:0043009",19,1,70,0,19,308389,51,515379,0.0837793873962034,0.109333465210191,0.725056326128283,0.961246887166301
"GO:0034655",84,6,261,0,84,308324,177,515253,0.0841624845710907,0.10979898550607,0.859715909988768,0.959401672555792
"GO:0071540",29,0,60,0,29,308379,31,515399,0.0842252600989084,0.109808090013019,1.29110907196528,0.959365662448911
"GO:1903424",29,0,60,0,29,308379,31,515399,0.0842252600989084,0.109808090013019,1.29110907196528,0.959365662448911
"GO:1903425",29,0,60,0,29,308379,31,515399,0.0842252600989084,0.109808090013019,1.29110907196528,0.959365662448911
"GO:1990592",29,1,60,0,29,308379,31,515399,0.0842252600989084,0.109808090013019,1.29110907196528,0.959365662448911
"GO:0071236",136,5,323,0,136,308272,187,515243,0.0847062425943453,0.11041688056014,1.12474111532365,0.956964526482735
"GO:0051099",38,1,81,0,38,308370,43,515387,0.0851560788552259,0.110984876282837,1.25318377355506,0.954736197739507
"GO:0031415",64,2,144,0,64,308344,80,515350,0.085390830752234,0.111272408488923,1.18722673284163,0.953612511555135
"GO:0080156",164,3,394,0,164,308244,230,515200,0.0860475320073032,0.112109594829773,1.11189508735676,0.950357216991949
"GO:0005697",43,0,93,0,43,308365,50,515380,0.0865320514554155,0.112684914649633,1.23509877852073,0.948134219916027
"GO:0051182",43,1,93,0,43,308365,50,515380,0.0865320514554155,0.112684914649633,1.23509877852073,0.948134219916027
"GO:0051185",43,1,93,0,43,308365,50,515380,0.0865320514554155,0.112684914649633,1.23509877852073,0.948134219916027
"GO:0045040",77,0,176,0,77,308331,99,515331,0.0868403186053991,0.113067646057179,1.16867631514098,0.946661649265415
"GO:0033539",30,1,62,0,30,308378,32,515398,0.0875177351770668,0.11391197277015,1.29254523333565,0.943430626801137
"GO:1902850",30,0,62,0,30,308378,32,515398,0.0875177351770668,0.11391197277015,1.29254523333565,0.943430626801137
"GO:0001401",8,0,13,0,8,308400,5,515425,0.0876272319989079,0.113997945842903,1.64385239931918,0.943102974252386
"GO:0030975",8,0,13,0,8,308400,5,515425,0.0876272319989079,0.113997945842903,1.64385239931918,0.943102974252386
"GO:0034397",8,1,13,0,8,308400,5,515425,0.0876272319989079,0.113997945842903,1.64385239931918,0.943102974252386
"GO:0005854",54,0,119,0,54,308354,65,515365,0.0877114877592176,0.114088703179207,1.21216847092654,0.942757356369021
"GO:0051438",6,0,9,0,6,308402,3,515427,0.0881411578305137,0.114534036718687,1.78084009926245,0.941065432429146
"GO:0090175",6,0,9,0,6,308402,3,515427,0.0881411578305137,0.114534036718687,1.78084009926245,0.941065432429146
"GO:1901402",6,0,9,0,6,308402,3,515427,0.0881411578305137,0.114534036718687,1.78084009926245,0.941065432429146
"GO:1901464",6,0,9,0,6,308402,3,515427,0.0881411578305137,0.114534036718687,1.78084009926245,0.941065432429146
"GO:1902325",6,0,9,0,6,308402,3,515427,0.0881411578305137,0.114534036718687,1.78084009926245,0.941065432429146
"GO:1904666",6,0,9,0,6,308402,3,515427,0.0881411578305137,0.114534036718687,1.78084009926245,0.941065432429146
"GO:0015969",39,0,83,0,39,308369,44,515386,0.0882148266614538,0.114591933247354,1.25517043140787,0.940845953655436
"GO:0070461",39,0,83,0,39,308369,44,515386,0.0882148266614538,0.114591933247354,1.25517043140787,0.940845953655436
"GO:0051170",27,1,94,0,27,308381,67,515363,0.088246296465221,0.114613899649269,0.76727685127797,0.940762710685153
"GO:0070628",114,2,268,0,114,308294,154,515276,0.0883727646613134,0.11475922194224,1.13628230214134,0.940212404895691
"GO:0008446",16,0,30,0,16,308392,14,515416,0.0886738956992758,0.115036405231493,1.42467207940996,0.939164698001864
"GO:0018126",16,0,30,0,16,308392,14,515416,0.0886738956992758,0.115036405231493,1.42467207940996,0.939164698001864
"GO:0019673",16,0,30,0,16,308392,14,515416,0.0886738956992758,0.115036405231493,1.42467207940996,0.939164698001864
"GO:0042351",16,0,30,0,16,308392,14,515416,0.0886738956992758,0.115036405231493,1.42467207940996,0.939164698001864
"GO:0044804",16,0,30,0,16,308392,14,515416,0.0886738956992758,0.115036405231493,1.42467207940996,0.939164698001864
"GO:1901879",16,0,30,0,16,308392,14,515416,0.0886738956992758,0.115036405231493,1.42467207940996,0.939164698001864
"GO:0002926",26,1,53,0,26,308382,27,515403,0.0888624347585625,0.11526200138728,1.31042950700444,0.938313843683123
"GO:0046889",34,1,72,0,34,308374,38,515392,0.0893127808521605,0.115827052861319,1.26142840364423,0.936189993836292
"GO:0004379",19,0,37,0,19,308389,18,515412,0.0899713729843843,0.116623521839795,1.37172818456702,0.933213847733236
"GO:0006499",19,0,37,0,19,308389,18,515412,0.0899713729843843,0.116623521839795,1.37172818456702,0.933213847733236
"GO:0018008",19,0,37,0,19,308389,18,515412,0.0899713729843843,0.116623521839795,1.37172818456702,0.933213847733236
"GO:0000963",66,1,149,0,66,308342,83,515347,0.090404034131495,0.117165057076577,1.18324275051666,0.931201891573456
"GO:0042300",51,1,165,0,51,308357,114,515316,0.0910468452583714,0.117978726892823,0.825662227839863,0.928196294608684
"GO:0006561",49,3,108,0,49,308359,59,515371,0.0915850801207605,0.118656640999116,1.21196062310917,0.925707950084161
"GO:0015180",39,4,84,0,39,308369,45,515385,0.0917079688694321,0.118796302606577,1.24022792627206,0.925197076042951
"GO:0006556",32,0,109,0,32,308376,77,515353,0.0921981379451798,0.119398247647544,0.784223162977959,0.923002047097661
"GO:0015923",35,2,74,0,35,308373,39,515391,0.0922029912918469,0.119398247647544,1.26343385420647,0.923002047097661
"GO:0051184",44,1,96,0,44,308364,52,515378,0.0922726520607,0.119468802141748,1.22432756824293,0.922745490754501
"GO:0001097",23,0,46,0,23,308385,23,515407,0.0931664335032525,0.120487294979071,1.33563007444684,0.919058745714717
"GO:0009635",23,0,46,0,23,308385,23,515407,0.0931664335032525,0.120487294979071,1.33563007444684,0.919058745714717
"GO:0052031",23,1,46,0,23,308385,23,515407,0.0931664335032525,0.120487294979071,1.33563007444684,0.919058745714717
"GO:0052173",23,1,46,0,23,308385,23,515407,0.0931664335032525,0.120487294979071,1.33563007444684,0.919058745714717
"GO:0052200",23,1,46,0,23,308385,23,515407,0.0931664335032525,0.120487294979071,1.33563007444684,0.919058745714717
"GO:0052255",23,1,46,0,23,308385,23,515407,0.0931664335032525,0.120487294979071,1.33563007444684,0.919058745714717
"GO:0075136",23,1,46,0,23,308385,23,515407,0.0931664335032525,0.120487294979071,1.33563007444684,0.919058745714717
"GO:0051606",61,1,137,0,61,308347,76,515354,0.0934527862989902,0.120837768355067,1.18939320498185,0.917797303922005
"GO:0031120",27,1,55,0,27,308381,28,515402,0.0935477047011833,0.120920776914239,1.31134589127508,0.917499071149505
"GO:0070939",27,0,55,0,27,308381,28,515402,0.0935477047011833,0.120920776914239,1.31134589127508,0.917499071149505
"GO:0005458",11,0,19,0,11,308397,8,515422,0.0942474418060091,0.121345873383498,1.54651903357002,0.915974988159806
"GO:0006528",40,0,86,0,40,308368,46,515384,0.0942619430564138,0.121345873383498,1.24244658088078,0.915974988159806
"GO:0008425",11,0,19,0,11,308397,8,515422,0.0942474418060091,0.121345873383498,1.54651903357002,0.915974988159806
"GO:0009398",11,0,19,0,11,308397,8,515422,0.0942474418060091,0.121345873383498,1.54651903357002,0.915974988159806
"GO:0009901",172,12,415,0,172,308236,243,515187,0.0941858161268291,0.121345873383498,1.10712468821617,0.915974988159806
"GO:0030323",11,0,19,0,11,308397,8,515422,0.0942474418060091,0.121345873383498,1.54651903357002,0.915974988159806
"GO:0030324",11,0,19,0,11,308397,8,515422,0.0942474418060091,0.121345873383498,1.54651903357002,0.915974988159806
"GO:0031016",11,0,19,0,11,308397,8,515422,0.0942474418060091,0.121345873383498,1.54651903357002,0.915974988159806
"GO:0032877",11,0,19,0,11,308397,8,515422,0.0942474418060091,0.121345873383498,1.54651903357002,0.915974988159806
"GO:0033557",11,0,19,0,11,308397,8,515422,0.0942474418060091,0.121345873383498,1.54651903357002,0.915974988159806
"GO:0035469",11,0,19,0,11,308397,8,515422,0.0942474418060091,0.121345873383498,1.54651903357002,0.915974988159806
"GO:0042307",11,0,19,0,11,308397,8,515422,0.0942474418060091,0.121345873383498,1.54651903357002,0.915974988159806
"GO:0045041",11,1,19,0,11,308397,8,515422,0.0942474418060091,0.121345873383498,1.54651903357002,0.915974988159806
"GO:0046136",11,1,19,0,11,308397,8,515422,0.0942474418060091,0.121345873383498,1.54651903357002,0.915974988159806
"GO:0048213",11,0,19,0,11,308397,8,515422,0.0942474418060091,0.121345873383498,1.54651903357002,0.915974988159806
"GO:0050848",11,0,19,0,11,308397,8,515422,0.0942474418060091,0.121345873383498,1.54651903357002,0.915974988159806
"GO:0060632",11,0,19,0,11,308397,8,515422,0.0942474418060091,0.121345873383498,1.54651903357002,0.915974988159806
"GO:0071907",11,0,19,0,11,308397,8,515422,0.0942474418060091,0.121345873383498,1.54651903357002,0.915974988159806
"GO:0071910",11,0,19,0,11,308397,8,515422,0.0942474418060091,0.121345873383498,1.54651903357002,0.915974988159806
"GO:1904591",11,0,19,0,11,308397,8,515422,0.0942474418060091,0.121345873383498,1.54651903357002,0.915974988159806
"GO:1904963",11,1,19,0,11,308397,8,515422,0.0942474418060091,0.121345873383498,1.54651903357002,0.915974988159806
"GO:1904964",11,1,19,0,11,308397,8,515422,0.0942474418060091,0.121345873383498,1.54651903357002,0.915974988159806
"GO:1904965",11,1,19,0,11,308397,8,515422,0.0942474418060091,0.121345873383498,1.54651903357002,0.915974988159806
"GO:1904966",11,1,19,0,11,308397,8,515422,0.0942474418060091,0.121345873383498,1.54651903357002,0.915974988159806
"GO:1990570",11,0,19,0,11,308397,8,515422,0.0942474418060091,0.121345873383498,1.54651903357002,0.915974988159806
"GO:0009062",45,2,98,0,45,308363,53,515377,0.0945460938572298,0.121671873605381,1.22659904796138,0.914809804265681
"GO:0030004",45,3,98,0,45,308363,53,515377,0.0945460938572298,0.121671873605381,1.22659904796138,0.914809804265681
"GO:0043407",13,0,24,0,13,308395,11,515419,0.0956650736076505,0.123071655407652,1.44693258065074,0.909841957771235
"GO:0051495",13,2,24,0,13,308395,11,515419,0.0956650736076505,0.123071655407652,1.44693258065074,0.909841957771235
"GO:0046292",21,2,75,0,21,308387,54,515376,0.0958394478635845,0.123255699000512,0.747952841690229,0.909192991018242
"GO:0046293",21,2,75,0,21,308387,54,515376,0.0958394478635845,0.123255699000512,0.747952841690229,0.909192991018242
"GO:0070838",115,9,348,0,115,308293,233,515197,0.096486686108635,0.124047557250886,0.88274401472061,0.906411783450669
"GO:0072511",115,9,348,0,115,308293,233,515197,0.096486686108635,0.124047557250886,0.88274401472061,0.906411783450669
"GO:0004797",20,0,39,0,20,308388,19,515411,0.0966425236758685,0.12412627612603,1.36987699943265,0.906136273548776
"GO:0009799",20,0,39,0,20,308388,19,515411,0.0966425236758685,0.12412627612603,1.36987699943265,0.906136273548776
"GO:0009855",20,0,39,0,20,308388,19,515411,0.0966425236758685,0.12412627612603,1.36987699943265,0.906136273548776
"GO:0010265",5,0,25,0,5,308403,20,515410,0.0965904494217134,0.12412627612603,0.534252029778735,0.906136273548776
"GO:0016531",5,0,25,0,5,308403,20,515410,0.0965904494217134,0.12412627612603,0.534252029778735,0.906136273548776
"GO:0022611",20,1,39,0,20,308388,19,515411,0.0966425236758685,0.12412627612603,1.36987699943265,0.906136273548776
"GO:0070034",75,2,171,0,75,308333,96,515334,0.096700731882986,0.124180776734562,1.17160532846214,0.905945628026199
"GO:0000107",7,0,31,0,7,308401,24,515406,0.0967535700745729,0.124228364643131,0.603187775556636,0.905779231844198
"GO:0070370",29,6,99,0,29,308379,70,515360,0.097472862641891,0.125131502726185,0.782490346645621,0.902633339884509
"GO:0015189",43,3,141,0,43,308365,98,515332,0.0981153336253564,0.125935742099919,0.814639619875376,0.899850994325759
"GO:0070577",18,0,66,0,18,308390,48,515382,0.098377286747357,0.126251385926833,0.72852549515282,0.898763845707739
"GO:0000323",255,19,627,0,255,308153,372,515058,0.0986873404088394,0.126628646079606,1.08639766821035,0.897468036601405
"GO:0034620",12,2,47,0,12,308396,35,515395,0.0987617362398086,0.126703453011697,0.68202386780264,0.897211549256326
"GO:0030497",69,1,157,0,69,308339,88,515342,0.0990332907558862,0.127031133262235,1.17399331384499,0.896089827493114
"GO:0000012",27,1,56,0,27,308381,29,515401,0.0991239239376407,0.127126674688353,1.28792900035945,0.895763312904048
"GO:0003910",76,5,174,0,76,308332,98,515332,0.0997026382741755,0.127816922794853,1.16675730641333,0.893411642344514
"GO:0006986",12,2,48,0,12,308396,36,515394,0.099710838780893,0.127816922794853,0.667815037223418,0.893411642344514
"GO:0042304",12,0,48,0,12,308396,36,515394,0.099710838780893,0.127816922794853,0.667815037223418,0.893411642344514
"GO:0009863",122,5,289,0,122,308286,167,515263,0.100633828991798,0.128979078772945,1.12765999365062,0.889480729315681
"GO:0044092",140,6,335,0,140,308268,195,515235,0.101733137258042,0.130366800666663,1.11634752491079,0.884832992369457
"GO:0035257",132,6,314,0,132,308276,182,515248,0.102320518072123,0.131076829660496,1.12295012628651,0.882474071390998
"GO:0051427",132,6,314,0,132,308276,182,515248,0.102320518072123,0.131076829660496,1.12295012628651,0.882474071390998
"GO:0003844",28,0,58,0,28,308380,30,515400,0.103011146399594,0.13185426739148,1.28957386498315,0.87990580993895
"GO:0008630",64,0,145,0,64,308344,81,515349,0.102990816156056,0.13185426739148,1.17903896227031,0.87990580993895
"GO:0010393",28,0,58,0,28,308380,30,515400,0.103011146399594,0.13185426739148,1.28957386498315,0.87990580993895
"GO:0031118",28,1,58,0,28,308380,30,515400,0.103011146399594,0.13185426739148,1.28957386498315,0.87990580993895
"GO:1990189",64,2,145,0,64,308344,81,515349,0.102990816156056,0.13185426739148,1.17903896227031,0.87990580993895
"GO:0071446",124,5,294,0,124,308284,170,515260,0.103507589901894,0.132468175533687,1.12665394034971,0.877888445124864
"GO:0016776",14,0,26,0,14,308394,12,515418,0.104100096955891,0.133161514988101,1.43837084940429,0.875621272487811
"GO:0047209",14,0,26,0,14,308394,12,515418,0.104100096955891,0.133161514988101,1.43837084940429,0.875621272487811
"GO:0140033",14,0,26,0,14,308394,12,515418,0.104100096955891,0.133161514988101,1.43837084940429,0.875621272487811
"GO:1902930",32,1,68,0,32,308376,36,515394,0.104603262150799,0.133783408554198,1.25706359947938,0.87359774322102
"GO:0004018",20,0,40,0,20,308388,20,515410,0.10475950060518,0.133896215094005,1.33563007444684,0.873231699216673
"GO:0004164",20,0,40,0,20,308388,20,515410,0.10475950060518,0.133896215094005,1.33563007444684,0.873231699216673
"GO:0004655",20,2,40,0,20,308388,20,515410,0.10475950060518,0.133896215094005,1.33563007444684,0.873231699216673
"GO:0071566",20,1,40,0,20,308388,20,515410,0.10475950060518,0.133896215094005,1.33563007444684,0.873231699216673
"GO:0043901",24,0,49,0,24,308384,25,515405,0.104896634234636,0.134049724788159,1.30837231782547,0.872734073311887
"GO:0004623",40,0,131,0,40,308368,91,515339,0.105007411134086,0.134150730735038,0.815651953860664,0.872406957331733
"GO:0007032",65,6,147,0,65,308343,82,515348,0.105009756451893,0.134150730735038,1.18116945359244,0.872406957331733
"GO:0009539",19,2,69,0,19,308389,50,515380,0.105414843118308,0.134646380825461,0.735564388825794,0.870805315543634
"GO:0006622",10,2,41,0,10,308398,31,515399,0.105724198230104,0.134963802799734,0.651526865583823,0.869782693373341
"GO:0009594",9,0,15,0,9,308399,6,515424,0.106006249074029,0.134963802799734,1.6027560893362,0.869782693373341
"GO:0009800",9,0,15,0,9,308399,6,515424,0.106006249074029,0.134963802799734,1.6027560893362,0.869782693373341
"GO:0009803",9,0,15,0,9,308399,6,515424,0.106006249074029,0.134963802799734,1.6027560893362,0.869782693373341
"GO:0016358",10,0,41,0,10,308398,31,515399,0.105724198230104,0.134963802799734,0.651526865583823,0.869782693373341
"GO:0022408",9,0,15,0,9,308399,6,515424,0.106006249074029,0.134963802799734,1.6027560893362,0.869782693373341
"GO:0033341",9,0,15,0,9,308399,6,515424,0.106006249074029,0.134963802799734,1.6027560893362,0.869782693373341
"GO:0033342",9,0,15,0,9,308399,6,515424,0.106006249074029,0.134963802799734,1.6027560893362,0.869782693373341
"GO:0034979",9,0,15,0,9,308399,6,515424,0.106006249074029,0.134963802799734,1.6027560893362,0.869782693373341
"GO:0036033",9,0,15,0,9,308399,6,515424,0.106006249074029,0.134963802799734,1.6027560893362,0.869782693373341
"GO:0042286",9,0,15,0,9,308399,6,515424,0.106006249074029,0.134963802799734,1.6027560893362,0.869782693373341
"GO:0043874",9,0,15,0,9,308399,6,515424,0.106006249074029,0.134963802799734,1.6027560893362,0.869782693373341
"GO:0044548",9,0,15,0,9,308399,6,515424,0.106006249074029,0.134963802799734,1.6027560893362,0.869782693373341
"GO:0046626",9,0,15,0,9,308399,6,515424,0.106006249074029,0.134963802799734,1.6027560893362,0.869782693373341
"GO:0047958",9,0,15,0,9,308399,6,515424,0.106006249074029,0.134963802799734,1.6027560893362,0.869782693373341
"GO:0061462",10,2,41,0,10,308398,31,515399,0.105724198230104,0.134963802799734,0.651526865583823,0.869782693373341
"GO:0070204",9,0,15,0,9,308399,6,515424,0.106006249074029,0.134963802799734,1.6027560893362,0.869782693373341
"GO:0106035",9,0,15,0,9,308399,6,515424,0.106006249074029,0.134963802799734,1.6027560893362,0.869782693373341
"GO:1900459",9,0,15,0,9,308399,6,515424,0.106006249074029,0.134963802799734,1.6027560893362,0.869782693373341
"GO:1903104",9,0,15,0,9,308399,6,515424,0.106006249074029,0.134963802799734,1.6027560893362,0.869782693373341
"GO:0006119",17,1,33,0,17,308391,16,515414,0.106316519360141,0.135315059078906,1.37610371306644,0.868653868510001
"GO:1901800",17,2,33,0,17,308391,16,515414,0.106316519360141,0.135315059078906,1.37610371306644,0.868653868510001
"GO:0008203",37,0,80,0,37,308371,43,515387,0.106844897710937,0.135921628115789,1.23545781886332,0.866711431979888
"GO:0045277",37,3,80,0,37,308371,43,515387,0.106844897710937,0.135921628115789,1.23545781886332,0.866711431979888
"GO:1902652",37,0,80,0,37,308371,43,515387,0.106844897710937,0.135921628115789,1.23545781886332,0.866711431979888
"GO:2000033",38,1,82,0,38,308370,44,515386,0.109773712958743,0.139624926225759,1.23790104460926,0.855037043346374
"GO:0002699",21,0,42,0,21,308387,21,515409,0.110262995635885,0.140111428837076,1.33563007444684,0.853526438030167
"GO:0010453",21,1,42,0,21,308387,21,515409,0.110262995635885,0.140111428837076,1.33563007444684,0.853526438030167
"GO:0052033",21,1,42,0,21,308387,21,515409,0.110262995635885,0.140111428837076,1.33563007444684,0.853526438030167
"GO:0052166",21,1,42,0,21,308387,21,515409,0.110262995635885,0.140111428837076,1.33563007444684,0.853526438030167
"GO:0052257",21,1,42,0,21,308387,21,515409,0.110262995635885,0.140111428837076,1.33563007444684,0.853526438030167
"GO:0052305",21,1,42,0,21,308387,21,515409,0.110262995635885,0.140111428837076,1.33563007444684,0.853526438030167
"GO:1901601",25,0,51,0,25,308383,26,515404,0.110464489378767,0.140344812845328,1.30944124945768,0.852803634289117
"GO:0015399",188,9,457,0,188,308220,269,515161,0.110527569416446,0.140402295698929,1.09889914221447,0.85262579105788
"GO:0004735",11,0,20,0,11,308397,9,515421,0.111215148890467,0.14045975486375,1.46919308189152,0.852448093867998
"GO:0006193",5,0,7,0,5,308403,2,515428,0.111041422928083,0.14045975486375,1.90804296349548,0.852448093867998
"GO:0006195",5,0,7,0,5,308403,2,515428,0.111041422928083,0.14045975486375,1.90804296349548,0.852448093867998
"GO:0008154",5,0,7,0,5,308403,2,515428,0.111041422928083,0.14045975486375,1.90804296349548,0.852448093867998
"GO:0009146",5,0,7,0,5,308403,2,515428,0.111041422928083,0.14045975486375,1.90804296349548,0.852448093867998
"GO:0009154",5,0,7,0,5,308403,2,515428,0.111041422928083,0.14045975486375,1.90804296349548,0.852448093867998
"GO:0009203",5,0,7,0,5,308403,2,515428,0.111041422928083,0.14045975486375,1.90804296349548,0.852448093867998
"GO:0009204",5,0,7,0,5,308403,2,515428,0.111041422928083,0.14045975486375,1.90804296349548,0.852448093867998
"GO:0009207",5,0,7,0,5,308403,2,515428,0.111041422928083,0.14045975486375,1.90804296349548,0.852448093867998
"GO:0009261",5,0,7,0,5,308403,2,515428,0.111041422928083,0.14045975486375,1.90804296349548,0.852448093867998
"GO:0010439",11,0,20,0,11,308397,9,515421,0.111215148890467,0.14045975486375,1.46919308189152,0.852448093867998
"GO:0016055",5,0,7,0,5,308403,2,515428,0.111041422928083,0.14045975486375,1.90804296349548,0.852448093867998
"GO:0019988",11,0,20,0,11,308397,9,515421,0.111215148890467,0.14045975486375,1.46919308189152,0.852448093867998
"GO:0034066",11,0,20,0,11,308397,9,515421,0.111215148890467,0.14045975486375,1.46919308189152,0.852448093867998
"GO:0035567",5,0,7,0,5,308403,2,515428,0.111041422928083,0.14045975486375,1.90804296349548,0.852448093867998
"GO:0035870",5,0,7,0,5,308403,2,515428,0.111041422928083,0.14045975486375,1.90804296349548,0.852448093867998
"GO:0036220",5,0,7,0,5,308403,2,515428,0.111041422928083,0.14045975486375,1.90804296349548,0.852448093867998
"GO:0036222",5,0,7,0,5,308403,2,515428,0.111041422928083,0.14045975486375,1.90804296349548,0.852448093867998
"GO:0043142",5,0,7,0,5,308403,2,515428,0.111041422928083,0.14045975486375,1.90804296349548,0.852448093867998
"GO:0043399",11,0,20,0,11,308397,9,515421,0.111215148890467,0.14045975486375,1.46919308189152,0.852448093867998
"GO:0045738",5,0,7,0,5,308403,2,515428,0.111041422928083,0.14045975486375,1.90804296349548,0.852448093867998
"GO:0046041",5,0,7,0,5,308403,2,515428,0.111041422928083,0.14045975486375,1.90804296349548,0.852448093867998
"GO:0048269",11,0,20,0,11,308397,9,515421,0.111215148890467,0.14045975486375,1.46919308189152,0.852448093867998
"GO:0048270",11,0,20,0,11,308397,9,515421,0.111215148890467,0.14045975486375,1.46919308189152,0.852448093867998
"GO:0051775",11,0,20,0,11,308397,9,515421,0.111215148890467,0.14045975486375,1.46919308189152,0.852448093867998
"GO:0060071",5,0,7,0,5,308403,2,515428,0.111041422928083,0.14045975486375,1.90804296349548,0.852448093867998
"GO:0071156",8,1,34,0,8,308400,26,515404,0.111029873234532,0.14045975486375,0.628531799739688,0.852448093867998
"GO:0071158",8,1,34,0,8,308400,26,515404,0.111029873234532,0.14045975486375,0.628531799739688,0.852448093867998
"GO:0097681",5,0,7,0,5,308403,2,515428,0.111041422928083,0.14045975486375,1.90804296349548,0.852448093867998
"GO:1900750",5,0,7,0,5,308403,2,515428,0.111041422928083,0.14045975486375,1.90804296349548,0.852448093867998
"GO:1901974",11,0,20,0,11,308397,9,515421,0.111215148890467,0.14045975486375,1.46919308189152,0.852448093867998
"GO:1901975",11,0,20,0,11,308397,9,515421,0.111215148890467,0.14045975486375,1.46919308189152,0.852448093867998
"GO:1905114",5,0,7,0,5,308403,2,515428,0.111041422928083,0.14045975486375,1.90804296349548,0.852448093867998
"GO:1990067",5,0,7,0,5,308403,2,515428,0.111041422928083,0.14045975486375,1.90804296349548,0.852448093867998
"GO:2000011",5,0,7,0,5,308403,2,515428,0.111041422928083,0.14045975486375,1.90804296349548,0.852448093867998
"GO:2000780",5,0,7,0,5,308403,2,515428,0.111041422928083,0.14045975486375,1.90804296349548,0.852448093867998
"GO:0004815",53,0,169,0,53,308355,116,515314,0.11187393878473,0.14124645486983,0.837732472729969,0.85002244368404
"GO:0006422",53,0,169,0,53,308355,116,515314,0.11187393878473,0.14124645486983,0.837732472729969,0.85002244368404
"GO:0016079",18,1,35,0,18,308390,17,515413,0.114529283487922,0.14445994546017,1.37379093371675,0.840252553440504
"GO:0034051",6,1,27,0,6,308402,21,515409,0.114503551846953,0.14445994546017,0.593613366420816,0.840252553440504
"GO:0044325",18,0,35,0,18,308390,17,515413,0.114529283487922,0.14445994546017,1.37379093371675,0.840252553440504
"GO:0045732",73,11,227,0,73,308335,154,515276,0.114463125493696,0.14445994546017,0.859039607353472,0.840252553440504
"GO:0045922",6,0,27,0,6,308402,21,515409,0.114503551846953,0.14445994546017,0.593613366420816,0.840252553440504
"GO:0071459",18,1,35,0,18,308390,17,515413,0.114529283487922,0.14445994546017,1.37379093371675,0.840252553440504
"GO:0035542",7,2,11,0,7,308401,4,515426,0.114771163447698,0.14464915124244,1.69989282202325,0.839684110317458
"GO:0050879",7,0,11,0,7,308401,4,515426,0.114771163447698,0.14464915124244,1.69989282202325,0.839684110317458
"GO:1901181",7,0,11,0,7,308401,4,515426,0.114771163447698,0.14464915124244,1.69989282202325,0.839684110317458
"GO:2001024",7,0,11,0,7,308401,4,515426,0.114771163447698,0.14464915124244,1.69989282202325,0.839684110317458
"GO:2001039",7,0,11,0,7,308401,4,515426,0.114771163447698,0.14464915124244,1.69989282202325,0.839684110317458
"GO:0000028",192,9,468,0,192,308216,276,515154,0.114854609663051,0.144731148914285,1.09590159954612,0.839437990333859
"GO:0000338",55,0,124,0,55,308353,69,515361,0.115245998908661,0.145201104899004,1.18483313055768,0.838030078885822
"GO:0009064",43,4,139,0,43,308365,96,515334,0.115599513908035,0.145623199469364,0.826361053254877,0.836769431349075
"GO:0002520",44,2,97,0,44,308364,53,515377,0.115673618558198,0.145693236046421,1.21170563454971,0.836560610315826
"GO:0006303",171,8,415,0,171,308237,244,515186,0.115892727481245,0.145945856780093,1.10068791677306,0.835808229576848
"GO:0006643",34,4,73,0,34,308374,39,515391,0.116164139166951,0.146264252002917,1.24414856249842,0.834861805487443
"GO:1904874",6,1,28,0,6,308402,22,515408,0.116329793726011,0.146449406078867,0.572412889048644,0.834312385246934
"GO:0009900",172,12,417,0,172,308236,245,515185,0.116572930139248,0.146732028470764,1.10181473767317,0.833475078590929
"GO:2000242",98,5,230,0,98,308310,132,515298,0.116875395138704,0.147089226304058,1.13818910691991,0.832419136436648
"GO:0018279",62,2,141,0,62,308346,79,515351,0.117268368725262,0.147560197986774,1.17459666121566,0.831030770736465
"GO:0000707",30,0,63,0,30,308378,33,515397,0.11743506004906,0.147722721749153,1.27202864233032,0.830552699194977
"GO:0043572",30,0,63,0,30,308378,33,515397,0.11743506004906,0.147722721749153,1.27202864233032,0.830552699194977
"GO:0000793",97,7,294,0,97,308311,197,515233,0.117517781616832,0.14780315975199,0.881334130757436,0.830316281447384
"GO:0016314",14,0,53,0,14,308394,39,515391,0.117947174818171,0.148319514403936,0.705615888387008,0.828801705071451
"GO:0030906",11,0,44,0,11,308397,33,515397,0.11811549459893,0.148483738978406,0.667815037223418,0.828321104990752
"GO:0050486",11,0,44,0,11,308397,33,515397,0.11811549459893,0.148483738978406,0.667815037223418,0.828321104990752
"GO:0007569",50,1,112,0,50,308358,62,515368,0.118916669304625,0.149467031896217,1.19252685218468,0.825454589576937
"GO:0002697",26,0,54,0,26,308382,28,515402,0.121469331172467,0.152602389880252,1.28616229391177,0.816438664915355
"GO:0043281",26,0,54,0,26,308382,28,515402,0.121469331172467,0.152602389880252,1.28616229391177,0.816438664915355
"GO:0097502",26,0,54,0,26,308382,28,515402,0.121469331172467,0.152602389880252,1.28616229391177,0.816438664915355
"GO:0004350",45,2,100,0,45,308363,55,515375,0.121971061443079,0.153208264828454,1.20206706700215,0.814717806031252
"GO:0001818",12,0,22,0,12,308396,10,515420,0.122172331312885,0.153216599027406,1.45705099030564,0.814694181991275
"GO:0010968",12,0,22,0,12,308396,10,515420,0.122172331312885,0.153216599027406,1.45705099030564,0.814694181991275
"GO:0019433",12,0,22,0,12,308396,10,515420,0.122172331312885,0.153216599027406,1.45705099030564,0.814694181991275
"GO:0019954",12,0,22,0,12,308396,10,515420,0.122172331312885,0.153216599027406,1.45705099030564,0.814694181991275
"GO:0030007",12,0,22,0,12,308396,10,515420,0.122172331312885,0.153216599027406,1.45705099030564,0.814694181991275
"GO:0036258",12,0,22,0,12,308396,10,515420,0.122172331312885,0.153216599027406,1.45705099030564,0.814694181991275
"GO:0047545",12,2,22,0,12,308396,10,515420,0.122172331312885,0.153216599027406,1.45705099030564,0.814694181991275
"GO:0048211",12,0,22,0,12,308396,10,515420,0.122172331312885,0.153216599027406,1.45705099030564,0.814694181991275
"GO:0070676",12,0,22,0,12,308396,10,515420,0.122172331312885,0.153216599027406,1.45705099030564,0.814694181991275
"GO:0080024",12,0,22,0,12,308396,10,515420,0.122172331312885,0.153216599027406,1.45705099030564,0.814694181991275
"GO:0006664",22,2,45,0,22,308386,23,515407,0.124117880476444,0.155549149344373,1.3059494061258,0.808132359586168
"GO:0043633",18,0,36,0,18,308390,18,515412,0.12417058618903,0.155549149344373,1.33563007444684,0.808132359586168
"GO:0050992",18,0,36,0,18,308390,18,515412,0.12417058618903,0.155549149344373,1.33563007444684,0.808132359586168
"GO:0051745",18,0,36,0,18,308390,18,515412,0.12417058618903,0.155549149344373,1.33563007444684,0.808132359586168
"GO:0071029",18,0,36,0,18,308390,18,515412,0.12417058618903,0.155549149344373,1.33563007444684,0.808132359586168
"GO:0071046",18,0,36,0,18,308390,18,515412,0.12417058618903,0.155549149344373,1.33563007444684,0.808132359586168
"GO:1903509",22,2,45,0,22,308386,23,515407,0.124117880476444,0.155549149344373,1.3059494061258,0.808132359586168
"GO:0051248",178,10,434,0,178,308230,256,515174,0.124339995761338,0.155736586576492,1.0955859596845,0.807609348371344
"GO:0034719",35,1,76,0,35,308373,41,515389,0.124569164166287,0.155998800559499,1.23018559488524,0.806878740827547
"GO:0000346",9,3,37,0,9,308399,28,515402,0.125579544529013,0.157239092497597,0.649765982163326,0.803439471366978
"GO:0098876",41,3,90,0,41,308367,49,515381,0.12696638559894,0.158950284261269,1.21690740116267,0.798738691071071
"GO:0006482",65,3,149,0,65,308343,84,515346,0.127579169992785,0.159692037872985,1.16531483005429,0.796716736923696
"GO:0019221",12,2,46,0,12,308396,34,515396,0.128209454739452,0.160429951948651,0.696850473624437,0.794714546577632
"GO:0031505",12,3,46,0,12,308396,34,515396,0.128209454739452,0.160429951948651,0.696850473624437,0.794714546577632
"GO:0004151",9,0,16,0,9,308399,7,515423,0.128475082032808,0.160430813096806,1.50258383375269,0.794712215398924
"GO:0004343",9,0,16,0,9,308399,7,515423,0.128475082032808,0.160430813096806,1.50258383375269,0.794712215398924
"GO:0005469",9,0,16,0,9,308399,7,515423,0.128475082032808,0.160430813096806,1.50258383375269,0.794712215398924
"GO:0008534",9,0,16,0,9,308399,7,515423,0.128475082032808,0.160430813096806,1.50258383375269,0.794712215398924
"GO:0010351",9,0,16,0,9,308399,7,515423,0.128475082032808,0.160430813096806,1.50258383375269,0.794712215398924
"GO:0010352",9,0,16,0,9,308399,7,515423,0.128475082032808,0.160430813096806,1.50258383375269,0.794712215398924
"GO:0015741",9,0,16,0,9,308399,7,515423,0.128475082032808,0.160430813096806,1.50258383375269,0.794712215398924
"GO:0016590",9,0,16,0,9,308399,7,515423,0.128475082032808,0.160430813096806,1.50258383375269,0.794712215398924
"GO:0032542",9,0,16,0,9,308399,7,515423,0.128475082032808,0.160430813096806,1.50258383375269,0.794712215398924
"GO:0045435",9,0,16,0,9,308399,7,515423,0.128475082032808,0.160430813096806,1.50258383375269,0.794712215398924
"GO:0046464",9,0,16,0,9,308399,7,515423,0.128475082032808,0.160430813096806,1.50258383375269,0.794712215398924
"GO:0070336",9,0,16,0,9,308399,7,515423,0.128475082032808,0.160430813096806,1.50258383375269,0.794712215398924
"GO:1900076",9,0,16,0,9,308399,7,515423,0.128475082032808,0.160430813096806,1.50258383375269,0.794712215398924
"GO:0004520",53,1,119,0,53,308355,66,515364,0.129211537425408,0.161324856877528,1.18972090665012,0.792298711513429
"GO:0031349",131,3,315,0,131,308277,184,515246,0.130311008939645,0.162671782805723,1.11090501430181,0.788687773643058
"GO:0009682",47,2,105,0,47,308361,58,515372,0.130507251678044,0.162890928366825,1.1957069237905,0.788103101510602
"GO:0034715",23,1,47,0,23,308385,24,515406,0.130739284629433,0.163154668453218,1.30721241328839,0.787400494940989
"GO:0005700",19,1,38,0,19,308389,19,515411,0.130866202394917,0.16315786272613,1.33563007444684,0.787391992324834
"GO:0031386",19,2,38,0,19,308389,19,515411,0.130866202394917,0.16315786272613,1.33563007444684,0.787391992324834
"GO:0043393",19,1,38,0,19,308389,19,515411,0.130866202394917,0.16315786272613,1.33563007444684,0.787391992324834
"GO:0045875",19,2,38,0,19,308389,19,515411,0.130866202394917,0.16315786272613,1.33563007444684,0.787391992324834
"GO:0046104",19,0,38,0,19,308389,19,515411,0.130866202394917,0.16315786272613,1.33563007444684,0.787391992324834
"GO:0071923",19,2,38,0,19,308389,19,515411,0.130866202394917,0.16315786272613,1.33563007444684,0.787391992324834
"GO:0009808",73,2,169,0,73,308335,96,515334,0.130962735947085,0.163252360629526,1.1538579341375,0.787140530108235
"GO:0035825",60,2,188,0,60,308348,128,515302,0.131585018605146,0.164002100452772,0.8525298347533,0.78515058970104
"GO:0043473",66,5,152,0,66,308342,86,515344,0.131818030604125,0.16426650893077,1.15988927517752,0.784450972591676
"GO:0000731",53,1,120,0,53,308355,67,515363,0.131881256496745,0.164319286347321,1.17980656576137,0.784311459920687
"GO:0000153",7,2,30,0,7,308401,23,515407,0.132049890326974,0.164425298426754,0.623294034741857,0.784031361237143
"GO:0000835",7,2,30,0,7,308401,23,515407,0.132049890326974,0.164425298426754,0.623294034741857,0.784031361237143
"GO:0000836",7,2,30,0,7,308401,23,515407,0.132049890326974,0.164425298426754,0.623294034741857,0.784031361237143
"GO:0042565",19,0,68,0,19,308389,49,515381,0.131999178439472,0.164425298426754,0.746381512190879,0.784031361237143
"GO:0019784",27,0,57,0,27,308381,30,515400,0.132677797423805,0.165154905332099,1.26533375473911,0.782108522626368
"GO:0034455",27,0,57,0,27,308381,30,515400,0.132677797423805,0.165154905332099,1.26533375473911,0.782108522626368
"GO:0030091",67,2,154,0,67,308341,87,515343,0.133685301187768,0.166382717936776,1.16217162321997,0.778891785584217
"GO:0004596",74,3,172,0,74,308334,98,515332,0.134727025083924,0.167652725491725,1.14926308731472,0.775589381952459
"GO:0005879",5,2,23,0,5,308403,18,515412,0.135776201353704,0.168771554880208,0.580708728020364,0.772700748466003
"GO:0032280",5,2,23,0,5,308403,18,515412,0.135776201353704,0.168771554880208,0.580708728020364,0.772700748466003
"GO:0032760",5,2,23,0,5,308403,18,515412,0.135776201353704,0.168771554880208,0.580708728020364,0.772700748466003
"GO:0048579",5,0,23,0,5,308403,18,515412,0.135776201353704,0.168771554880208,0.580708728020364,0.772700748466003
"GO:0050811",5,2,23,0,5,308403,18,515412,0.135776201353704,0.168771554880208,0.580708728020364,0.772700748466003
"GO:0061951",5,2,23,0,5,308403,18,515412,0.135776201353704,0.168771554880208,0.580708728020364,0.772700748466003
"GO:1903557",5,2,23,0,5,308403,18,515412,0.135776201353704,0.168771554880208,0.580708728020364,0.772700748466003
"GO:0030097",37,2,81,0,37,308371,44,515386,0.135818582615595,0.168797581678238,1.22020525319834,0.772633779696857
"GO:0006911",16,0,31,0,16,308392,15,515415,0.136140248939446,0.16906389645864,1.37871491555802,0.771949125949591
"GO:0008935",16,0,31,0,16,308392,15,515415,0.136140248939446,0.16906389645864,1.37871491555802,0.771949125949591
"GO:0009646",16,0,31,0,16,308392,15,515415,0.136140248939446,0.16906389645864,1.37871491555802,0.771949125949591
"GO:0036092",16,0,31,0,16,308392,15,515415,0.136140248939446,0.16906389645864,1.37871491555802,0.771949125949591
"GO:0071479",16,0,31,0,16,308392,15,515415,0.136140248939446,0.16906389645864,1.37871491555802,0.771949125949591
"GO:0033185",16,0,58,0,16,308392,42,515388,0.136213005346232,0.169127567521378,0.736899351418944,0.771785597330594
"GO:0006575",76,5,233,0,76,308332,157,515273,0.136538608825832,0.169505114126629,0.871312323244288,0.770817194195596
"GO:0006903",84,10,256,0,84,308324,172,515258,0.137369365336554,0.170509562272052,0.876507236355737,0.768251260509972
"GO:0000156",5,1,24,0,5,308403,19,515411,0.137841112005254,0.170987272881399,0.556512531019515,0.76703621430423
"GO:0019359",5,1,24,0,5,308403,19,515411,0.137841112005254,0.170987272881399,0.556512531019515,0.76703621430423
"GO:0019363",5,1,24,0,5,308403,19,515411,0.137841112005254,0.170987272881399,0.556512531019515,0.76703621430423
"GO:0051018",5,2,24,0,5,308403,19,515411,0.137841112005254,0.170987272881399,0.556512531019515,0.76703621430423
"GO:0070726",23,0,48,0,23,308385,25,515405,0.138123891346631,0.17131105603918,1.27997882134489,0.766214607718303
"GO:0016032",61,2,140,0,61,308347,79,515351,0.138152822547793,0.171319946297452,1.16390620773224,0.76619207041091
"GO:0000967",49,3,110,0,49,308359,61,515369,0.139181698367555,0.172568645385005,1.18992497541627,0.763038109972332
"GO:0007140",91,1,215,0,91,308317,124,515306,0.139475019504543,0.172905095045632,1.13062638860151,0.76219220905343
"GO:0072401",10,1,40,0,10,308398,30,515400,0.140312608474132,0.173888673474239,0.667815037223418,0.759728705563927
"GO:0072422",10,1,40,0,10,308398,30,515400,0.140312608474132,0.173888673474239,0.667815037223418,0.759728705563927
"GO:0045275",33,0,71,0,33,308375,38,515392,0.140486122820378,0.174076303926022,1.24157161849988,0.759260343038751
"GO:0008276",138,7,333,0,138,308270,195,515235,0.140821087684923,0.174463897112955,1.10700871035233,0.75829443063499
"GO:2000280",78,2,239,0,78,308330,161,515269,0.141242012887222,0.174957848221592,0.871792015120111,0.757066571255488
"GO:0006766",170,7,415,0,170,308238,245,515185,0.141349794134099,0.175063810482005,1.09425114532994,0.756803622805019
"GO:0098813",159,7,387,0,159,308249,228,515202,0.141454819932247,0.175166327278063,1.09749447977802,0.756549375809677
"GO:0052746",56,1,127,0,56,308352,71,515359,0.141991934866979,0.175803792273177,1.17787849085075,0.754971760971285
"GO:0003846",10,0,18,0,10,308398,8,515422,0.143105304235425,0.176959622202524,1.48403341605204,0.75212581756535
"GO:0004622",10,0,18,0,10,308398,8,515422,0.143105304235425,0.176959622202524,1.48403341605204,0.75212581756535
"GO:0008670",10,0,18,0,10,308398,8,515422,0.143105304235425,0.176959622202524,1.48403341605204,0.75212581756535
"GO:0010412",10,0,18,0,10,308398,8,515422,0.143105304235425,0.176959622202524,1.48403341605204,0.75212581756535
"GO:0034085",10,0,18,0,10,308398,8,515422,0.143105304235425,0.176959622202524,1.48403341605204,0.75212581756535
"GO:0090430",10,0,18,0,10,308398,8,515422,0.143105304235425,0.176959622202524,1.48403341605204,0.75212581756535
"GO:1902476",10,0,18,0,10,308398,8,515422,0.143105304235425,0.176959622202524,1.48403341605204,0.75212581756535
"GO:1903730",10,0,18,0,10,308398,8,515422,0.143105304235425,0.176959622202524,1.48403341605204,0.75212581756535
"GO:0008301",24,0,50,0,24,308384,26,515404,0.143533432911982,0.177377579887461,1.28220487146896,0.751101274845308
"GO:0035023",24,0,50,0,24,308384,26,515404,0.143533432911982,0.177377579887461,1.28220487146896,0.751101274845308
"GO:0035024",24,0,50,0,24,308384,26,515404,0.143533432911982,0.177377579887461,1.28220487146896,0.751101274845308
"GO:0048446",24,0,50,0,24,308384,26,515404,0.143533432911982,0.177377579887461,1.28220487146896,0.751101274845308
"GO:0098794",44,4,98,0,44,308364,54,515376,0.143650313693009,0.177494156237853,1.19934129134002,0.750815940949349
"GO:0006020",38,0,84,0,38,308370,46,515384,0.143888180096968,0.177732269531356,1.2084272102138,0.750233713404199
"GO:0048534",38,2,84,0,38,308370,46,515384,0.143888180096968,0.177732269531356,1.2084272102138,0.750233713404199
"GO:0016471",56,1,128,0,56,308352,72,515358,0.144537555279126,0.17850637514234,1.16867631514098,0.74834626896524
"GO:0000578",50,1,113,0,50,308358,63,515367,0.144944023928723,0.178980291194809,1.18197351720959,0.74719478967146
"GO:0045543",102,1,243,0,102,308306,141,515289,0.145209682092402,0.179280209760255,1.12126969212821,0.746467648342316
"GO:0031519",33,0,72,0,33,308375,39,515391,0.145344441823224,0.179418448491833,1.22432756824293,0.746132903174468
"GO:0002182",17,2,61,0,17,308391,44,515386,0.145392862758912,0.179450080846371,0.74444954969168,0.746056341671086
"GO:0001894",7,1,12,0,7,308401,5,515425,0.146237088249483,0.18029418303836,1.55823508685464,0.744018285008572
"GO:0046461",7,0,12,0,7,308401,5,515425,0.146237088249483,0.18029418303836,1.55823508685464,0.744018285008572
"GO:0050733",7,1,12,0,7,308401,5,515425,0.146237088249483,0.18029418303836,1.55823508685464,0.744018285008572
"GO:0050931",7,2,12,0,7,308401,5,515425,0.146237088249483,0.18029418303836,1.55823508685464,0.744018285008572
"GO:0071940",7,0,12,0,7,308401,5,515425,0.146237088249483,0.18029418303836,1.55823508685464,0.744018285008572
"GO:0098799",7,0,12,0,7,308401,5,515425,0.146237088249483,0.18029418303836,1.55823508685464,0.744018285008572
"GO:2000785",7,0,12,0,7,308401,5,515425,0.146237088249483,0.18029418303836,1.55823508685464,0.744018285008572
"GO:0043024",39,1,86,0,39,308369,47,515383,0.147184547761577,0.181433880360028,1.21138541635876,0.741281610994266
"GO:0009272",16,0,32,0,16,308392,16,515414,0.14766009448047,0.181963097017887,1.33563007444684,0.740016680072834
"GO:0043244",16,0,32,0,16,308392,16,515414,0.14766009448047,0.181963097017887,1.33563007444684,0.740016680072834
"GO:0030111",13,0,25,0,13,308395,12,515418,0.149635535488018,0.184310895847548,1.38905527742471,0.734448989975758
"GO:0060828",13,0,25,0,13,308395,12,515418,0.149635535488018,0.184310895847548,1.38905527742471,0.734448989975758
"GO:0060962",13,0,25,0,13,308395,12,515418,0.149635535488018,0.184310895847548,1.38905527742471,0.734448989975758
"GO:0036513",8,2,33,0,8,308400,25,515405,0.149664906927958,0.18431823331303,0.647578217913618,0.734431700941775
"GO:0000060",14,0,51,0,14,308394,37,515393,0.150420979293622,0.185220389331986,0.733287099696302,0.732311207249283
"GO:0000746",14,3,52,0,14,308394,38,515392,0.151090163841264,0.185986203246041,0.719185424702143,0.730519271246329
"GO:0000747",14,3,52,0,14,308394,38,515392,0.151090163841264,0.185986203246041,0.719185424702143,0.730519271246329
"GO:0034728",89,2,210,0,89,308319,121,515309,0.153644281638968,0.189100654324884,1.13210549167399,0.723306968409351
"GO:0010997",116,5,279,0,116,308292,163,515267,0.155120924203732,0.190771414424547,1.11063145975508,0.719486700322418
"GO:0052509",21,1,43,0,21,308387,22,515408,0.155147179261426,0.190771414424547,1.30456890992482,0.719486700322418
"GO:0052510",21,1,43,0,21,308387,22,515408,0.155147179261426,0.190771414424547,1.30456890992482,0.719486700322418
"GO:0052555",21,1,43,0,21,308387,22,515408,0.155147179261426,0.190771414424547,1.30456890992482,0.719486700322418
"GO:0052556",21,1,43,0,21,308387,22,515408,0.155147179261426,0.190771414424547,1.30456890992482,0.719486700322418
"GO:1901562",21,0,43,0,21,308387,22,515408,0.155147179261426,0.190771414424547,1.30456890992482,0.719486700322418
"GO:0046460",17,0,34,0,17,308391,17,515413,0.155844097974363,0.191508701101184,1.33563007444684,0.717811489296484
"GO:0046463",17,0,34,0,17,308391,17,515413,0.155844097974363,0.191508701101184,1.33563007444684,0.717811489296484
"GO:0046689",17,0,34,0,17,308391,17,515413,0.155844097974363,0.191508701101184,1.33563007444684,0.717811489296484
"GO:0051262",17,1,34,0,17,308391,17,515413,0.155844097974363,0.191508701101184,1.33563007444684,0.717811489296484
"GO:0040034",74,1,173,0,74,308334,99,515331,0.157332094479923,0.193307046628056,1.14261994808169,0.713752314332019
"GO:0000419",35,1,77,0,35,308373,42,515388,0.157990194077205,0.194085332049899,1.21420915858803,0.712007285067572
"GO:0097027",108,4,259,0,108,308300,151,515279,0.158198378437383,0.194250138053202,1.11388454085142,0.71163866387468
"GO:1904668",108,4,259,0,108,308300,151,515279,0.158198378437383,0.194250138053202,1.11388454085142,0.71163866387468
"GO:1990757",108,4,259,0,108,308300,151,515279,0.158198378437383,0.194250138053202,1.11388454085142,0.71163866387468
"GO:0009767",138,3,335,0,138,308270,197,515233,0.158324543772185,0.194374736209395,1.10039970312635,0.711360183020119
"GO:1902882",53,4,121,0,53,308355,68,515362,0.158940810884275,0.1951008986872,1.17005609827574,0.709740730123714
"GO:0001025",5,1,8,0,5,308403,3,515427,0.160013288258431,0.19595902382862,1.66953759305855,0.707834732651611
"GO:0002224",5,0,8,0,5,308403,3,515427,0.160013288258431,0.19595902382862,1.66953759305855,0.707834732651611
"GO:0002566",5,0,8,0,5,308403,3,515427,0.160013288258431,0.19595902382862,1.66953759305855,0.707834732651611
"GO:0005496",5,0,8,0,5,308403,3,515427,0.160013288258431,0.19595902382862,1.66953759305855,0.707834732651611
"GO:0009200",5,0,8,0,5,308403,3,515427,0.160013288258431,0.19595902382862,1.66953759305855,0.707834732651611
"GO:0010068",5,1,8,0,5,308403,3,515427,0.160013288258431,0.19595902382862,1.66953759305855,0.707834732651611
"GO:0016446",5,0,8,0,5,308403,3,515427,0.160013288258431,0.19595902382862,1.66953759305855,0.707834732651611
"GO:0016755",5,1,8,0,5,308403,3,515427,0.160013288258431,0.19595902382862,1.66953759305855,0.707834732651611
"GO:0016819",5,1,8,0,5,308403,3,515427,0.160013288258431,0.19595902382862,1.66953759305855,0.707834732651611
"GO:0030430",5,0,8,0,5,308403,3,515427,0.160013288258431,0.19595902382862,1.66953759305855,0.707834732651611
"GO:0034720",5,0,8,0,5,308403,3,515427,0.160013288258431,0.19595902382862,1.66953759305855,0.707834732651611
"GO:0043530",5,1,8,0,5,308403,3,515427,0.160013288258431,0.19595902382862,1.66953759305855,0.707834732651611
"GO:0050727",5,1,8,0,5,308403,3,515427,0.160013288258431,0.19595902382862,1.66953759305855,0.707834732651611
"GO:0050728",5,1,8,0,5,308403,3,515427,0.160013288258431,0.19595902382862,1.66953759305855,0.707834732651611
"GO:0198738",5,0,8,0,5,308403,3,515427,0.160013288258431,0.19595902382862,1.66953759305855,0.707834732651611
"GO:0005527",23,4,78,0,23,308385,55,515375,0.161135217637487,0.197271607036127,0.787679274673775,0.704935417509469
"GO:0005528",23,4,78,0,23,308385,55,515375,0.161135217637487,0.197271607036127,0.787679274673775,0.704935417509469
"GO:0044421",226,14,560,0,226,308182,334,515096,0.162180528201973,0.198520466180366,1.07804427437495,0.702194713631258
"GO:0004180",36,2,79,0,36,308372,43,515387,0.162469350883871,0.198812176303099,1.21728310582497,0.701557020646417
"GO:0016984",36,2,79,0,36,308372,43,515387,0.162469350883871,0.198812176303099,1.21728310582497,0.701557020646417
"GO:1901616",26,0,55,0,26,308382,29,515401,0.162781071909289,0.199131716871783,1.26277752493155,0.700859561844158
"GO:2000117",26,0,55,0,26,308382,29,515401,0.162781071909289,0.199131716871783,1.26277752493155,0.700859561844158
"GO:0048236",76,1,178,0,76,308332,102,515328,0.163092717021234,0.199481955933989,1.14053804110067,0.700096382146205
"GO:0004675",111,9,266,0,111,308297,155,515275,0.163195489819555,0.199514660018564,1.11469878393683,0.700025187539882
"GO:0007178",111,9,266,0,111,308297,155,515275,0.163195489819555,0.199514660018564,1.11469878393683,0.700025187539882
"GO:0080135",92,4,219,0,92,308316,127,515303,0.163158239354409,0.199514660018564,1.12217321323387,0.700025187539882
"GO:0001578",21,1,44,0,21,308387,23,515407,0.163640707265949,0.199996840179716,1.27491961651744,0.698976865852788
"GO:0032509",21,1,44,0,21,308387,23,515407,0.163640707265949,0.199996840179716,1.27491961651744,0.698976865852788
"GO:1990752",61,0,141,0,61,308347,80,515350,0.163895583997094,0.200277248870712,1.1556515537767,0.698368382963537
"GO:0010273",31,1,67,0,31,308377,36,515394,0.164337803874956,0.200786464706449,1.23595618829409,0.697265566932535
"GO:0043410",9,0,35,0,9,308399,26,515404,0.166161257383481,0.202919860087305,0.686895466858373,0.692675445799402
"GO:0070555",9,0,35,0,9,308399,26,515404,0.166161257383481,0.202919860087305,0.686895466858373,0.692675445799402
"GO:1901678",9,0,35,0,9,308399,26,515404,0.166161257383481,0.202919860087305,0.686895466858373,0.692675445799402
"GO:0002039",8,1,14,0,8,308400,6,515424,0.166641274412767,0.203316818378379,1.52643437079638,0.69182669501264
"GO:0004661",8,0,14,0,8,308400,6,515424,0.166641274412767,0.203316818378379,1.52643437079638,0.69182669501264
"GO:0046503",8,0,14,0,8,308400,6,515424,0.166641274412767,0.203316818378379,1.52643437079638,0.69182669501264
"GO:0050707",8,0,14,0,8,308400,6,515424,0.166641274412767,0.203316818378379,1.52643437079638,0.69182669501264
"GO:0060151",8,0,14,0,8,308400,6,515424,0.166641274412767,0.203316818378379,1.52643437079638,0.69182669501264
"GO:0080120",8,0,14,0,8,308400,6,515424,0.166641274412767,0.203316818378379,1.52643437079638,0.69182669501264
"GO:2001251",55,4,126,0,55,308353,71,515359,0.167121615834289,0.203871278451499,1.16602625546946,0.690643953665854
"GO:0008381",59,3,182,0,59,308349,123,515307,0.168619100081308,0.205634323135562,0.865957960355641,0.686904394033415
"GO:0051753",59,3,182,0,59,308349,123,515307,0.168619100081308,0.205634323135562,0.865957960355641,0.686904394033415
"GO:0072329",62,2,144,0,62,308346,82,515348,0.168822820730653,0.205850874348157,1.15012589744033,0.686447284004006
"GO:0001047",26,1,56,0,26,308382,30,515400,0.16941416234094,0.20653992348581,1.24022792627206,0.684995988202565
"GO:0032204",31,1,68,0,31,308377,37,515393,0.169722828013486,0.206884190480359,1.21778036199565,0.684272695653621
"GO:0010023",22,1,46,0,22,308386,24,515406,0.17001155081997,0.207204045216721,1.2775592016448,0.68360177017125
"GO:0007093",37,3,82,0,37,308371,45,515385,0.170659465575286,0.207961503561711,1.20532470133007,0.682017051277918
"GO:1900055",16,3,57,0,16,308392,41,515389,0.171106907104221,0.20847447341347,0.749827410215768,0.680947114476114
"GO:0008360",56,2,129,0,56,308352,73,515357,0.172475660163782,0.210109625009176,1.15961680882206,0.677554052341177
"GO:0034643",27,0,58,0,27,308381,31,515399,0.174581909096491,0.212543889329969,1.24351765551947,0.672551376551593
"GO:0035974",27,0,58,0,27,308381,31,515399,0.174581909096491,0.212543889329969,1.24351765551947,0.672551376551593
"GO:0047497",27,0,58,0,27,308381,31,515399,0.174581909096491,0.212543889329969,1.24351765551947,0.672551376551593
"GO:0051654",27,0,58,0,27,308381,31,515399,0.174581909096491,0.212543889329969,1.24351765551947,0.672551376551593
"GO:0000919",14,0,28,0,14,308394,14,515416,0.176292632517649,0.214527068044355,1.33563007444684,0.668517902730351
"GO:0004536",14,1,28,0,14,308394,14,515416,0.176292632517649,0.214527068044355,1.33563007444684,0.668517902730351
"GO:0004765",14,0,28,0,14,308394,14,515416,0.176292632517649,0.214527068044355,1.33563007444684,0.668517902730351
"GO:0002020",13,2,47,0,13,308395,34,515396,0.178168639101144,0.216742934168475,0.738859190119527,0.664055051644877
"GO:1990778",13,3,47,0,13,308395,34,515396,0.178168639101144,0.216742934168475,0.738859190119527,0.664055051644877
"GO:0003949",11,0,21,0,11,308397,10,515420,0.178379328691412,0.216798220697667,1.39923150656335,0.663944286452634
"GO:0005952",11,0,21,0,11,308397,10,515420,0.178379328691412,0.216798220697667,1.39923150656335,0.663944286452634
"GO:0009610",11,0,21,0,11,308397,10,515420,0.178379328691412,0.216798220697667,1.39923150656335,0.663944286452634
"GO:0032273",11,2,21,0,11,308397,10,515420,0.178379328691412,0.216798220697667,1.39923150656335,0.663944286452634
"GO:0051295",11,0,21,0,11,308397,10,515420,0.178379328691412,0.216798220697667,1.39923150656335,0.663944286452634
"GO:0060541",11,0,21,0,11,308397,10,515420,0.178379328691412,0.216798220697667,1.39923150656335,0.663944286452634
"GO:0005451",13,0,48,0,13,308395,35,515395,0.178819205699438,0.217299287938558,0.72346629032537,0.662941696803552
"GO:0000991",7,0,29,0,7,308401,22,515408,0.179100237234641,0.21757362152949,0.644786932491576,0.662393759335142
"GO:0031978",7,0,29,0,7,308401,22,515408,0.179100237234641,0.21757362152949,0.644786932491576,0.662393759335142
"GO:0044247",21,3,72,0,21,308387,51,515379,0.179991464932848,0.218622560091249,0.779117543427322,0.660305024373507
"GO:0044463",119,6,288,0,119,308289,169,515261,0.180464656788739,0.219129689687021,1.10374985318871,0.659298776279093
"GO:0120038",119,6,288,0,119,308289,169,515261,0.180464656788739,0.219129689687021,1.10374985318871,0.659298776279093
"GO:0005761",73,2,172,0,73,308335,99,515331,0.180835043746545,0.219545568225293,1.13373250505371,0.658475325194647
"GO:0051972",45,1,102,0,45,308363,57,515373,0.183297166781445,0.222469444915453,1.17849712451191,0.652729628799226
"GO:2000034",39,1,87,0,39,308369,48,515382,0.183299900879272,0.222469444915453,1.19746144605578,0.652729628799226
"GO:0034045",33,3,73,0,33,308375,40,515390,0.183872652704349,0.223130186848872,1.20755595771906,0.651441670885865
"GO:0062013",19,1,39,0,19,308389,20,515410,0.184688765485992,0.224085999060686,1.30138314946102,0.64958527742584
"GO:0002011",15,0,30,0,15,308393,15,515415,0.186353555672816,0.226001415846004,1.33563007444684,0.645888840090738
"GO:0031903",15,0,30,0,15,308393,15,515415,0.186353555672816,0.226001415846004,1.33563007444684,0.645888840090738
"GO:1904263",15,0,30,0,15,308393,15,515415,0.186353555672816,0.226001415846004,1.33563007444684,0.645888840090738
"GO:0005816",28,0,61,0,28,308380,33,515397,0.186454125564966,0.226088551516853,1.22615219949218,0.645721428538935
"GO:0043539",67,0,157,0,67,308341,90,515340,0.18707431103125,0.226805633210843,1.13996452213934,0.644346162997816
"GO:0044275",22,3,74,0,22,308386,52,515378,0.18747617469067,0.227257845267162,0.794158422644065,0.643481115378043
"GO:0033144",5,1,22,0,5,308403,17,515413,0.188930257349925,0.228844281560026,0.607104579294017,0.640459935401657
"GO:0033146",5,1,22,0,5,308403,17,515413,0.188930257349925,0.228844281560026,0.607104579294017,0.640459935401657
"GO:0033147",5,1,22,0,5,308403,17,515413,0.188930257349925,0.228844281560026,0.607104579294017,0.640459935401657
"GO:0048482",5,0,22,0,5,308403,17,515413,0.188930257349925,0.228844281560026,0.607104579294017,0.640459935401657
"GO:0060333",5,0,22,0,5,308403,17,515413,0.188930257349925,0.228844281560026,0.607104579294017,0.640459935401657
"GO:0004803",6,0,10,0,6,308402,4,515426,0.190761032970867,0.230635977813956,1.6027560893362,0.637072944451083
"GO:0016889",6,0,10,0,6,308402,4,515426,0.190761032970867,0.230635977813956,1.6027560893362,0.637072944451083
"GO:0032647",6,0,10,0,6,308402,4,515426,0.190761032970867,0.230635977813956,1.6027560893362,0.637072944451083
"GO:0032727",6,0,10,0,6,308402,4,515426,0.190761032970867,0.230635977813956,1.6027560893362,0.637072944451083
"GO:0033293",6,0,10,0,6,308402,4,515426,0.190761032970867,0.230635977813956,1.6027560893362,0.637072944451083
"GO:0044409",6,1,10,0,6,308402,4,515426,0.190761032970867,0.230635977813956,1.6027560893362,0.637072944451083
"GO:0051828",6,1,10,0,6,308402,4,515426,0.190761032970867,0.230635977813956,1.6027560893362,0.637072944451083
"GO:0070972",18,1,62,0,18,308390,44,515386,0.190654819795703,0.230635977813956,0.775527140001389,0.637072944451083
"GO:0071222",6,0,10,0,6,308402,4,515426,0.190761032970867,0.230635977813956,1.6027560893362,0.637072944451083
"GO:1901681",6,0,10,0,6,308402,4,515426,0.190761032970867,0.230635977813956,1.6027560893362,0.637072944451083
"GO:1902739",6,0,10,0,6,308402,4,515426,0.190761032970867,0.230635977813956,1.6027560893362,0.637072944451083
"GO:1902741",6,0,10,0,6,308402,4,515426,0.190761032970867,0.230635977813956,1.6027560893362,0.637072944451083
"GO:0120029",76,1,180,0,76,308332,104,515326,0.190803015147785,0.230651310694619,1.12786539619955,0.637044073135388
"GO:0005355",24,0,51,0,24,308384,27,515403,0.192166359344957,0.232228059681225,1.25706359947938,0.63408530643864
"GO:1904659",24,0,51,0,24,308384,27,515403,0.192166359344957,0.232228059681225,1.25706359947938,0.63408530643864
"GO:0009750",29,0,63,0,29,308379,34,515396,0.192424148101554,0.232468215754363,1.22962768758598,0.633636417682011
"GO:0031670",29,1,63,0,29,308379,34,515396,0.192424148101554,0.232468215754363,1.22962768758598,0.633636417682011
"GO:0031935",53,0,123,0,53,308355,70,515360,0.193682178741555,0.233880366782255,1.15103079586475,0.631006233753068
"GO:0033750",53,3,123,0,53,308355,70,515360,0.193682178741555,0.233880366782255,1.15103079586475,0.631006233753068
"GO:0071428",53,3,123,0,53,308355,70,515360,0.193682178741555,0.233880366782255,1.15103079586475,0.631006233753068
"GO:0006458",47,2,107,0,47,308361,60,515370,0.193757224954273,0.233881315302501,1.17335726166358,0.631004472441168
"GO:0007006",47,1,107,0,47,308361,60,515370,0.193757224954273,0.233881315302501,1.17335726166358,0.631004472441168
"GO:0022610",39,3,124,0,39,308369,85,515345,0.193772095833703,0.233881315302501,0.840154401668171,0.631004472441168
"GO:1990745",19,0,40,0,19,308389,21,515409,0.194447563326735,0.234660619118206,1.26884857072449,0.629559787839349
"GO:0006007",12,0,23,0,12,308396,11,515419,0.194661679974765,0.234847010691395,1.39370094724887,0.629214963470915
"GO:0047598",12,0,23,0,12,308396,11,515419,0.194661679974765,0.234847010691395,1.39370094724887,0.629214963470915
"GO:0001708",671,8,1723,0,671,307737,1052,514378,0.195199243479777,0.235459461335092,1.04028761457206,0.628083853859757
"GO:0045055",104,12,308,0,104,308304,204,515226,0.19527072426948,0.235509597280427,0.901983946379682,0.627991390186876
"GO:0043408",54,1,125,0,54,308354,71,515359,0.195863260397569,0.23618804930295,1.15398438432207,0.626742080698316
"GO:0048506",61,1,143,0,61,308347,82,515348,0.196206919089676,0.236529994957723,1.13948859498262,0.62611377746901
"GO:0048510",61,1,143,0,61,308347,82,515348,0.196206919089676,0.236529994957723,1.13948859498262,0.62611377746901
"GO:0072395",11,1,41,0,11,308397,30,515400,0.196877235342006,0.237301729691054,0.716679552142205,0.62469909620094
"GO:0046513",96,2,231,0,96,308312,135,515295,0.197016633790265,0.237433395774183,1.11013408785192,0.62445819616319
"GO:0090506",34,0,109,0,34,308374,75,515355,0.198474593413598,0.239153834280093,0.833237110664082,0.621322651825939
"GO:0006336",8,0,31,0,8,308400,23,515407,0.199063467045861,0.239789994274678,0.689357457779012,0.62016894267985
"GO:0034724",8,0,31,0,8,308400,23,515407,0.199063467045861,0.239789994274678,0.689357457779012,0.62016894267985
"GO:0043186",8,1,32,0,8,308400,24,515406,0.200149843616005,0.241061745554649,0.667815037223418,0.617871702989117
"GO:0065001",19,1,65,0,19,308389,46,515384,0.200198808360504,0.241083833473136,0.780829889676612,0.617831911434286
"GO:0005775",165,12,407,0,165,308243,242,515188,0.20046345526916,0.24136560414176,1.08294330360554,0.617324619059507
"GO:0010014",611,8,1701,0,611,307797,1090,514340,0.200960631839039,0.241927220345147,0.959517901807193,0.616315264417723
"GO:0045489",20,0,42,0,20,308388,22,515408,0.201934820813647,0.243062830190372,1.27202864233032,0.614281449537741
"GO:0046184",24,2,79,0,24,308384,55,515375,0.203402972378147,0.244792569723403,0.811522070549977,0.611201768622468
"GO:0008836",25,0,54,0,25,308383,29,515401,0.205513294561977,0.247294505471092,1.2366945133767,0.606785532931444
"GO:0000959",121,5,294,0,121,308287,173,515257,0.20554506125438,0.247294929267076,1.09939618372835,0.606784788668649
"GO:0042788",56,2,172,0,56,308352,116,515314,0.207425795797593,0.24951953919906,0.869712606616545,0.602895440284778
"GO:0034249",42,5,132,0,42,308366,90,515340,0.207905773312096,0.250058708558108,0.849946411011623,0.601958016089825
"GO:0015293",16,1,33,0,16,308392,17,515413,0.209520840953153,0.251962734491785,1.29515643582724,0.598663687001604
"GO:0010928",43,1,98,0,43,308365,55,515375,0.210216652957086,0.252645113294379,1.17208353471865,0.597489097543741
"GO:0030031",43,4,98,0,43,308365,55,515375,0.210216652957086,0.252645113294379,1.17208353471865,0.597489097543741
"GO:0033037",43,2,98,0,43,308365,55,515375,0.210216652957086,0.252645113294379,1.17208353471865,0.597489097543741
"GO:0052545",43,2,98,0,43,308365,55,515375,0.210216652957086,0.252645113294379,1.17208353471865,0.597489097543741
"GO:0001889",12,0,24,0,12,308396,12,515418,0.211524389210425,0.253790579464177,1.33563007444684,0.595524502661553
"GO:0004371",12,0,24,0,12,308396,12,515418,0.211524389210425,0.253790579464177,1.33563007444684,0.595524502661553
"GO:0007411",12,0,24,0,12,308396,12,515418,0.211524389210425,0.253790579464177,1.33563007444684,0.595524502661553
"GO:0016241",12,0,24,0,12,308396,12,515418,0.211524389210425,0.253790579464177,1.33563007444684,0.595524502661553
"GO:0016807",12,0,24,0,12,308396,12,515418,0.211524389210425,0.253790579464177,1.33563007444684,0.595524502661553
"GO:0030171",12,0,24,0,12,308396,12,515418,0.211524389210425,0.253790579464177,1.33563007444684,0.595524502661553
"GO:0046537",12,0,24,0,12,308396,12,515418,0.211524389210425,0.253790579464177,1.33563007444684,0.595524502661553
"GO:0055047",12,0,24,0,12,308396,12,515418,0.211524389210425,0.253790579464177,1.33563007444684,0.595524502661553
"GO:0097485",12,0,24,0,12,308396,12,515418,0.211524389210425,0.253790579464177,1.33563007444684,0.595524502661553
"GO:0140358",12,0,24,0,12,308396,12,515418,0.211524389210425,0.253790579464177,1.33563007444684,0.595524502661553
"GO:2000123",12,1,24,0,12,308396,12,515418,0.211524389210425,0.253790579464177,1.33563007444684,0.595524502661553
"GO:0051307",43,0,135,0,43,308365,92,515338,0.212894920331535,0.255396039751577,0.85084582520317,0.592785841322298
"GO:0035264",16,0,55,0,16,308392,39,515391,0.213223222421216,0.255750907648912,0.777093861496341,0.59218281632073
"GO:0017003",9,0,17,0,9,308399,8,515422,0.21346567736274,0.255807856934007,1.4141965494143,0.59208612064438
"GO:0033061",9,0,17,0,9,308399,8,515422,0.21346567736274,0.255807856934007,1.4141965494143,0.59208612064438
"GO:0034080",9,0,17,0,9,308399,8,515422,0.21346567736274,0.255807856934007,1.4141965494143,0.59208612064438
"GO:0042559",9,1,17,0,9,308399,8,515422,0.21346567736274,0.255807856934007,1.4141965494143,0.59208612064438
"GO:0098659",9,0,17,0,9,308399,8,515422,0.21346567736274,0.255807856934007,1.4141965494143,0.59208612064438
"GO:0099587",9,0,17,0,9,308399,8,515422,0.21346567736274,0.255807856934007,1.4141965494143,0.59208612064438
"GO:0085020",31,5,69,0,31,308377,38,515392,0.214104219626725,0.256534005616679,1.20013137124209,0.590855057558806
"GO:0030964",37,1,117,0,37,308371,80,515350,0.214606946401486,0.257097227525871,0.844757482983469,0.589902606658219
"GO:0048069",43,4,99,0,43,308365,56,515374,0.214850416089516,0.257349737592311,1.16024430709523,0.589476270243691
"GO:0022616",37,4,84,0,37,308371,47,515383,0.21627916986063,0.259021698637285,1.17662649415555,0.586663852892832
"GO:0007263",9,0,34,0,9,308399,25,515405,0.217149578529848,0.260024563764369,0.707098274707149,0.584985623554485
"GO:0000018",67,4,158,0,67,308341,91,515339,0.217408588649946,0.260295119369182,1.13274955680934,0.584533974998349
"GO:0007063",21,3,45,0,21,308387,24,515406,0.218923109072875,0.261988859018193,1.24658806948371,0.581717176503909
"GO:0007507",21,2,45,0,21,308387,24,515406,0.218923109072875,0.261988859018193,1.24658806948371,0.581717176503909
"GO:0015030",21,1,45,0,21,308387,24,515406,0.218923109072875,0.261988859018193,1.24658806948371,0.581717176503909
"GO:0009100",95,4,229,0,95,308313,134,515296,0.219017654215953,0.262062163548865,1.10816469058908,0.581595677825322
"GO:0015081",32,3,71,0,32,308376,39,515391,0.219685341943469,0.262821126410181,1.20394823612109,0.580339727717307
"GO:0051567",17,0,35,0,17,308391,18,515412,0.220679631937114,0.263930425798992,1.29746921517693,0.578510541591463
"GO:0061647",17,0,35,0,17,308391,18,515412,0.220679631937114,0.263930425798992,1.29746921517693,0.578510541591463
"GO:0030684",154,9,380,0,154,308254,226,515204,0.222753295263476,0.266370034986189,1.08256332349902,0.574514632249854
"GO:0008023",60,1,141,0,60,308348,81,515349,0.22326340763143,0.266898943792653,1.13670644633773,0.573653144855918
"GO:0045263",60,1,141,0,60,308348,81,515349,0.22326340763143,0.266898943792653,1.13670644633773,0.573653144855918
"GO:0032481",13,0,26,0,13,308395,13,515417,0.223982552365154,0.267636711022843,1.33563007444684,0.57245431578785
"GO:0032483",13,0,26,0,13,308395,13,515417,0.223982552365154,0.267636711022843,1.33563007444684,0.57245431578785
"GO:2000023",13,0,26,0,13,308395,13,515417,0.223982552365154,0.267636711022843,1.33563007444684,0.57245431578785
"GO:0032155",13,3,46,0,13,308395,33,515397,0.224852372946991,0.268635283023025,0.754921346426473,0.570836946932116
"GO:0071345",27,2,87,0,27,308381,60,515370,0.225468071227081,0.269329993429375,0.829011770346312,0.569715279505174
"GO:0006814",27,0,59,0,27,308381,32,515398,0.225544813598558,0.269339923035171,1.22244108508694,0.569699268315859
"GO:0010413",27,2,59,0,27,308381,32,515398,0.225544813598558,0.269339923035171,1.22244108508694,0.569699268315859
"GO:0010005",22,0,73,0,22,308386,51,515379,0.226911269399263,0.270930610148794,0.805037305146039,0.567141924949462
"GO:0000706",46,2,106,0,46,308362,60,515370,0.228330780056151,0.272584152350928,1.15922610235008,0.564499397021558
"GO:0030162",199,13,497,0,199,308209,298,515132,0.228510684514773,0.272757560045533,1.06957901333972,0.564223203194044
"GO:0016874",336,20,852,0,336,308072,516,514914,0.228704629566192,0.272947671914049,1.05345470660596,0.563920605623248
"GO:0005742",89,1,214,0,89,308319,125,515305,0.229707378822308,0.274102847671549,1.11094464136232,0.562086452524655
"GO:0008290",17,0,36,0,17,308391,19,515411,0.231869614486053,0.276641043533527,1.26142840364423,0.55808338583997
"GO:0005844",111,4,270,0,111,308297,159,515271,0.232043588637588,0.276775175887352,1.09818472787851,0.557872864571503
"GO:0055070",27,0,60,0,27,308381,33,515397,0.232052357832383,0.276775175887352,1.20206706700215,0.557872864571503
"GO:0010212",80,1,192,0,80,308328,112,515318,0.233168510204155,0.278064310305576,1.11302506203903,0.555854749474613
"GO:0004161",18,1,61,0,18,308390,43,515387,0.234230431443394,0.27920380925536,0.788240699673543,0.554078660807839
"GO:0004337",18,1,61,0,18,308390,43,515387,0.234230431443394,0.27920380925536,0.788240699673543,0.554078660807839
"GO:0045337",18,1,61,0,18,308390,43,515387,0.234230431443394,0.27920380925536,0.788240699673543,0.554078660807839
"GO:0005828",10,0,19,0,10,308398,9,515421,0.234644524636457,0.279443524650255,1.40592639415456,0.55370594953437
"GO:0008930",10,0,19,0,10,308398,9,515421,0.234644524636457,0.279443524650255,1.40592639415456,0.55370594953437
"GO:0009088",10,1,19,0,10,308398,9,515421,0.234644524636457,0.279443524650255,1.40592639415456,0.55370594953437
"GO:0010148",10,0,19,0,10,308398,9,515421,0.234644524636457,0.279443524650255,1.40592639415456,0.55370594953437
"GO:0051100",10,1,19,0,10,308398,9,515421,0.234644524636457,0.279443524650255,1.40592639415456,0.55370594953437
"GO:1902977",10,0,19,0,10,308398,9,515421,0.234644524636457,0.279443524650255,1.40592639415456,0.55370594953437
"GO:0016144",63,3,149,0,63,308345,86,515344,0.236104940393568,0.281055208041459,1.12945898912954,0.551208362683049
"GO:0019758",63,3,149,0,63,308345,86,515344,0.236104940393568,0.281055208041459,1.12945898912954,0.551208362683049
"GO:0019761",63,3,149,0,63,308345,86,515344,0.236104940393568,0.281055208041459,1.12945898912954,0.551208362683049
"GO:0048830",28,2,62,0,28,308380,34,515396,0.237501335843842,0.282674707554086,1.20637555111327,0.548713048465186
"GO:0080186",14,0,49,0,14,308394,35,515395,0.238166176630465,0.283423150783827,0.763217185398192,0.547564678269832
"GO:0097472",34,4,77,0,34,308374,43,515387,0.239519018634112,0.284989981059209,1.17951746834266,0.545170407525465
"GO:0004142",7,1,27,0,7,308401,20,515410,0.239686234106569,0.285059681959043,0.692548927490952,0.545064203739035
"GO:0070071",7,2,27,0,7,308401,20,515410,0.239686234106569,0.285059681959043,0.692548927490952,0.545064203739035
"GO:0072525",7,1,27,0,7,308401,20,515410,0.239686234106569,0.285059681959043,0.692548927490952,0.545064203739035
"GO:0008897",18,0,38,0,18,308390,20,515410,0.24063888004026,0.286149435600745,1.26533375473911,0.543407106354313
"GO:0009870",7,0,28,0,7,308401,21,515409,0.240743853510174,0.286187800488084,0.667815037223418,0.543348883132602
"GO:0030308",7,1,28,0,7,308401,21,515409,0.240743853510174,0.286187800488084,0.667815037223418,0.543348883132602
"GO:0035967",41,2,94,0,41,308367,53,515377,0.240964203933968,0.286406494544496,1.16512410749618,0.543017138204763
"GO:0010507",23,0,50,0,23,308385,27,515403,0.24234424572934,0.288003306518925,1.22877966849109,0.540602526148129
"GO:0016460",115,3,282,0,115,308293,167,515263,0.243139227121011,0.288904452210808,1.08934367774033,0.539245765335841
"GO:0070988",74,3,177,0,74,308334,103,515327,0.244087804080921,0.289987804667222,1.11679802835103,0.537620265815173
"GO:0009066",41,3,95,0,41,308367,54,515376,0.245895555178645,0.292091415477033,1.15285964320674,0.534481206688688
"GO:0032269",172,10,428,0,172,308236,256,515174,0.250592570417904,0.297625937587468,1.07349706918157,0.526329223461328
"GO:0002791",14,2,29,0,14,308394,15,515415,0.251630585174117,0.29867852329473,1.28957386498315,0.524796004546592
"GO:0016303",14,0,29,0,14,308394,15,515415,0.251630585174117,0.29867852329473,1.28957386498315,0.524796004546592
"GO:0050708",14,2,29,0,14,308394,15,515415,0.251630585174117,0.29867852329473,1.28957386498315,0.524796004546592
"GO:0090735",14,0,29,0,14,308394,15,515415,0.251630585174117,0.29867852329473,1.28957386498315,0.524796004546592
"GO:0043021",79,4,235,0,79,308329,156,515274,0.251776487324816,0.298806649814707,0.89799809260681,0.524609741710395
"GO:0010555",11,0,40,0,11,308397,29,515401,0.252466856833075,0.299580810520043,0.73459654094576,0.523486008569905
"GO:0006376",20,1,66,0,20,308388,46,515384,0.254041762036567,0.301404182479556,0.809472772392022,0.520850725428192
"GO:1990726",38,3,118,0,38,308370,80,515350,0.254856571919101,0.302325336670761,0.860236319135251,0.519525454822826
"GO:0016233",10,0,20,0,10,308398,10,515420,0.255428367952762,0.302502198363795,1.33563007444684,0.519271464866731
"GO:0032045",10,0,20,0,10,308398,10,515420,0.255428367952762,0.302502198363795,1.33563007444684,0.519271464866731
"GO:0032467",10,0,20,0,10,308398,10,515420,0.255428367952762,0.302502198363795,1.33563007444684,0.519271464866731
"GO:0032541",10,0,20,0,10,308398,10,515420,0.255428367952762,0.302502198363795,1.33563007444684,0.519271464866731
"GO:0050518",10,0,20,0,10,308398,10,515420,0.255428367952762,0.302502198363795,1.33563007444684,0.519271464866731
"GO:0052597",10,0,20,0,10,308398,10,515420,0.255428367952762,0.302502198363795,1.33563007444684,0.519271464866731
"GO:0071522",10,0,20,0,10,308398,10,515420,0.255428367952762,0.302502198363795,1.33563007444684,0.519271464866731
"GO:0090059",10,0,20,0,10,308398,10,515420,0.255428367952762,0.302502198363795,1.33563007444684,0.519271464866731
"GO:0097036",10,0,20,0,10,308398,10,515420,0.255428367952762,0.302502198363795,1.33563007444684,0.519271464866731
"GO:0097184",10,0,20,0,10,308398,10,515420,0.255428367952762,0.302502198363795,1.33563007444684,0.519271464866731
"GO:0097185",10,0,20,0,10,308398,10,515420,0.255428367952762,0.302502198363795,1.33563007444684,0.519271464866731
"GO:0050000",30,3,67,0,30,308378,37,515393,0.255591435105985,0.302649785973874,1.19608663383299,0.519059628873182
"GO:0002793",7,1,13,0,7,308401,6,515424,0.25651109726395,0.303510500174631,1.43837084940429,0.517826279583719
"GO:0044088",7,0,13,0,7,308401,6,515424,0.25651109726395,0.303510500174631,1.43837084940429,0.517826279583719
"GO:0050714",7,1,13,0,7,308401,6,515424,0.25651109726395,0.303510500174631,1.43837084940429,0.517826279583719
"GO:0051261",7,0,13,0,7,308401,6,515424,0.25651109726395,0.303510500174631,1.43837084940429,0.517826279583719
"GO:0070205",7,0,13,0,7,308401,6,515424,0.25651109726395,0.303510500174631,1.43837084940429,0.517826279583719
"GO:0044782",24,1,53,0,24,308384,29,515401,0.257152447533417,0.304086535523969,1.20962723723487,0.517002809310324
"GO:0051455",24,0,53,0,24,308384,29,515401,0.257152447533417,0.304086535523969,1.20962723723487,0.517002809310324
"GO:0051864",24,0,53,0,24,308384,29,515401,0.257152447533417,0.304086535523969,1.20962723723487,0.517002809310324
"GO:0060271",24,1,53,0,24,308384,29,515401,0.257152447533417,0.304086535523969,1.20962723723487,0.517002809310324
"GO:0033179",68,5,163,0,68,308340,95,515335,0.258302378480377,0.305400469119484,1.11439073696178,0.515130300168114
"GO:0000304",36,1,83,0,36,308372,47,515383,0.259509791307845,0.306781960831259,1.15861885976111,0.513170181039131
"GO:0032950",19,0,41,0,19,308389,22,515408,0.259997704678742,0.307174235514192,1.23790104460926,0.512615213911559
"GO:0032951",19,0,41,0,19,308389,22,515408,0.259997704678742,0.307174235514192,1.23790104460926,0.512615213911559
"GO:0071922",19,3,41,0,19,308389,22,515408,0.259997704678742,0.307174235514192,1.23790104460926,0.512615213911559
"GO:1905634",19,3,41,0,19,308389,22,515408,0.259997704678742,0.307174235514192,1.23790104460926,0.512615213911559
"GO:0051494",44,4,102,0,44,308364,58,515372,0.26034053224293,0.307533113717939,1.15230829952276,0.512108114585463
"GO:0010622",5,0,21,0,5,308403,16,515414,0.260831788269269,0.30797477684951,0.63601432116516,0.5114848507841
"GO:0031154",5,0,21,0,5,308403,16,515414,0.260831788269269,0.30797477684951,0.63601432116516,0.5114848507841
"GO:0048283",5,0,21,0,5,308403,16,515414,0.260831788269269,0.30797477684951,0.63601432116516,0.5114848507841
"GO:0000990",8,0,30,0,8,308400,22,515408,0.260972984053115,0.308049082391081,0.712336039704979,0.511380080534209
"GO:0052592",8,1,30,0,8,308400,22,515408,0.260972984053115,0.308049082391081,0.712336039704979,0.511380080534209
"GO:0051784",30,2,68,0,30,308378,38,515392,0.261319003297763,0.308411273457269,1.17849712451191,0.510869755423933
"GO:0099503",180,14,450,0,180,308228,270,515160,0.262796444981933,0.310108471728044,1.06850405955747,0.508486369285132
"GO:0000070",80,6,193,0,80,308328,113,515317,0.264620739964484,0.312214398231478,1.10725809280567,0.50554707267561
"GO:0010501",61,4,145,0,61,308347,84,515346,0.264792970615559,0.312323983321199,1.12377151091389,0.505394665068138
"GO:0035312",61,1,145,0,61,308347,84,515346,0.264792970615559,0.312323983321199,1.12377151091389,0.505394665068138
"GO:0098740",15,0,31,0,15,308393,16,515414,0.264890139788558,0.312391787328169,1.29254523333565,0.505300392096085
"GO:0001763",56,0,169,0,56,308352,113,515317,0.266262813812289,0.313963581535402,0.885151291941099,0.503120725351924
"GO:0044764",127,6,313,0,127,308281,186,515244,0.267065028182258,0.314862348637223,1.08386593900798,0.501879269362591
"GO:0070920",45,2,105,0,45,308363,60,515370,0.267684125419631,0.315544988814515,1.14482577809729,0.500938712486464
"GO:0009108",133,9,384,0,133,308275,251,515179,0.268324118685801,0.316252053046058,0.925202082819944,0.49996664645271
"GO:0004300",11,0,22,0,11,308397,11,515419,0.27099974027196,0.319023471724372,1.33563007444684,0.496177363132868
"GO:0004769",11,0,22,0,11,308397,11,515419,0.27099974027196,0.319023471724372,1.33563007444684,0.496177363132868
"GO:0031430",11,1,22,0,11,308397,11,515419,0.27099974027196,0.319023471724372,1.33563007444684,0.496177363132868
"GO:0031501",11,0,22,0,11,308397,11,515419,0.27099974027196,0.319023471724372,1.33563007444684,0.496177363132868
"GO:0031672",11,1,22,0,11,308397,11,515419,0.27099974027196,0.319023471724372,1.33563007444684,0.496177363132868
"GO:0034260",11,0,22,0,11,308397,11,515419,0.27099974027196,0.319023471724372,1.33563007444684,0.496177363132868
"GO:0047750",11,0,22,0,11,308397,11,515419,0.27099974027196,0.319023471724372,1.33563007444684,0.496177363132868
"GO:1990114",11,0,22,0,11,308397,11,515419,0.27099974027196,0.319023471724372,1.33563007444684,0.496177363132868
"GO:0010001",22,0,71,0,22,308386,49,515381,0.273030550362919,0.321318058372985,0.827714412333251,0.493064866009785
"GO:0021782",22,0,71,0,22,308386,49,515381,0.273030550362919,0.321318058372985,0.827714412333251,0.493064866009785
"GO:0000314",28,2,89,0,28,308380,61,515369,0.273970476954117,0.322376023106548,0.840396451337335,0.491637266555989
"GO:0044445",189,8,474,0,189,308219,285,515145,0.275188426244275,0.323760766910018,1.06512271759684,0.489775779877934
"GO:0010115",39,2,90,0,39,308369,51,515379,0.276040743729612,0.324714993221683,1.15754606452059,0.488497658022868
"GO:0018208",35,5,109,0,35,308373,74,515356,0.276839009844505,0.325556720271279,0.857744084507143,0.48737333534516
"GO:0043005",35,2,109,0,35,308373,74,515356,0.276839009844505,0.325556720271279,0.857744084507143,0.48737333534516
"GO:0030119",32,1,73,0,32,308376,41,515389,0.277057570855297,0.325716427385439,1.17096335293969,0.487160337404004
"GO:0090559",32,0,73,0,32,308376,41,515389,0.277057570855297,0.325716427385439,1.17096335293969,0.487160337404004
"GO:0033048",26,2,58,0,26,308382,32,515398,0.277771153564698,0.326360376247955,1.19746144605578,0.486302574861395
"GO:0043175",15,3,32,0,15,308393,17,515413,0.277673401108315,0.326360376247955,1.25215319479391,0.486302574861395
"GO:0045839",26,2,58,0,26,308382,32,515398,0.277771153564698,0.326360376247955,1.19746144605578,0.486302574861395
"GO:0070403",107,0,262,0,107,308301,155,515275,0.27773334013599,0.326360376247955,1.09093448828864,0.486302574861395
"GO:0061739",20,2,44,0,20,308388,24,515406,0.278742154530688,0.3274523564342,1.21420915858803,0.484851879925398
"GO:0071166",107,9,263,0,107,308301,156,515274,0.279208755783218,0.327902629498059,1.08678644840921,0.484255100647139
"GO:0071426",107,9,263,0,107,308301,156,515274,0.279208755783218,0.327902629498059,1.08678644840921,0.484255100647139
"GO:0015103",51,4,154,0,51,308357,103,515327,0.280159063344423,0.328969592280325,0.884638101256996,0.482844243433538
"GO:2000278",55,2,131,0,55,308353,76,515354,0.280212001485839,0.328982680939079,1.12152143655841,0.482826964574555
"GO:0044441",23,2,74,0,23,308385,51,515379,0.281410133917215,0.330340079659457,0.83025653276425,0.481038730822811
"GO:0048254",9,0,33,0,9,308399,24,515406,0.281571066761733,0.330381195043726,0.72852549515282,0.480984680241375
"GO:0070507",9,0,33,0,9,308399,24,515406,0.281571066761733,0.330381195043726,0.72852549515282,0.480984680241375
"GO:0070761",9,0,33,0,9,308399,24,515406,0.281571066761733,0.330381195043726,0.72852549515282,0.480984680241375
"GO:0000931",13,1,45,0,13,308395,32,515398,0.281806424812742,0.33055881033019,0.771697376347061,0.480751263168592
"GO:0034472",13,0,45,0,13,308395,32,515398,0.281806424812742,0.33055881033019,0.771697376347061,0.480751263168592
"GO:0042776",75,7,181,0,75,308333,106,515324,0.282353310811092,0.331150962858301,1.10687575230401,0.479973977855689
"GO:0046452",8,0,15,0,8,308400,7,515423,0.285001522767968,0.334207059024198,1.42467207940996,0.475984381304147
"GO:0030141",104,11,303,0,104,308304,199,515231,0.28528610327163,0.334490945033403,0.9168681699173,0.4756156344739
"GO:0010310",18,0,60,0,18,308390,42,515388,0.285882691778737,0.335140513727807,0.801378044668102,0.474773068957033
"GO:0001098",16,3,34,0,16,308392,18,515412,0.287886241656488,0.337288360517915,1.25706359947938,0.471998645617978
"GO:0001099",16,3,34,0,16,308392,18,515412,0.287886241656488,0.337288360517915,1.25706359947938,0.471998645617978
"GO:0061599",16,0,34,0,16,308392,18,515412,0.287886241656488,0.337288360517915,1.25706359947938,0.471998645617978
"GO:1904580",16,0,34,0,16,308392,18,515412,0.287886241656488,0.337288360517915,1.25706359947938,0.471998645617978
"GO:0090068",30,2,94,0,30,308378,64,515366,0.288039181034264,0.337417326354424,0.8525298347533,0.471832620185195
"GO:0033143",6,2,23,0,6,308402,17,515413,0.290462183821666,0.340205075292985,0.696850473624437,0.468259211724931
"GO:1901991",27,3,61,0,27,308381,34,515396,0.290745686222828,0.340486468602515,1.18236104951031,0.467900142864356
"GO:0044447",6,2,24,0,6,308402,18,515412,0.291440106678129,0.341248924553061,0.667815037223418,0.466928708629303
"GO:0045491",49,2,116,0,49,308359,67,515363,0.292219846145208,0.342111039389512,1.12837713186026,0.465832911583441
"GO:0060968",140,5,348,0,140,308268,208,515222,0.292637691740396,0.342549280205264,1.07464488748596,0.465276940721479
"GO:0035966",41,2,96,0,41,308367,55,515375,0.292845151348244,0.342588353605792,1.14085068859001,0.465227405091206
"GO:0048564",41,1,96,0,41,308367,55,515375,0.292845151348244,0.342588353605792,1.14085068859001,0.465227405091206
"GO:0098803",41,2,96,0,41,308367,55,515375,0.292845151348244,0.342588353605792,1.14085068859001,0.465227405091206
"GO:1901682",78,4,189,0,78,308330,111,515319,0.292768049409986,0.342588353605792,1.10242482335294,0.465227405091206
"GO:0001819",19,2,62,0,19,308389,43,515387,0.295864829344901,0.346069529955878,0.818611981112577,0.460836636922468
"GO:0045338",14,0,47,0,14,308394,33,515397,0.296260134352052,0.34642896280739,0.795694512436413,0.460385806430631
"GO:0090691",14,0,47,0,14,308394,33,515397,0.296260134352052,0.34642896280739,0.795694512436413,0.460385806430631
"GO:0001701",14,0,48,0,14,308394,34,515396,0.296487864988872,0.346643765512016,0.779117543427321,0.460116606306339
"GO:0016763",102,3,251,0,102,308306,149,515281,0.297230794762449,0.347460768691713,1.08553201269783,0.459094223886919
"GO:0001650",28,3,63,0,28,308380,35,515395,0.297463499603345,0.347577952928237,1.18722673284163,0.458947778901375
"GO:0015850",28,3,63,0,28,308380,35,515395,0.297463499603345,0.347577952928237,1.18722673284163,0.458947778901375
"GO:0097525",28,2,63,0,28,308380,35,515395,0.297463499603345,0.347577952928237,1.18722673284163,0.458947778901375
"GO:0016571",143,5,356,0,143,308265,213,515217,0.29811774876084,0.348290726958346,1.07300618340392,0.458058088230342
"GO:0000322",25,1,80,0,25,308383,55,515375,0.298542024788041,0.34873465189664,0.834768796529273,0.457504896960708
"GO:0008453",39,0,120,0,39,308369,81,515349,0.29957925669295,0.349894348469867,0.868159548390444,0.456063072230363
"GO:0044270",111,7,322,0,111,308297,211,515219,0.299898058524136,0.350214733229787,0.920838125860862,0.455665587476432
"GO:0007350",10,0,36,0,10,308398,26,515404,0.30145384375288,0.351927133030205,0.74201670802602,0.453547248450314
"GO:0015485",10,0,36,0,10,308398,26,515404,0.30145384375288,0.351927133030205,0.74201670802602,0.453547248450314
"GO:0008553",81,2,197,0,81,308327,116,515314,0.302773870578137,0.353415763521811,1.09833539116948,0.451714083414829
"GO:0035065",28,1,64,0,28,308380,36,515394,0.303563654463294,0.354180093068779,1.16867631514098,0.450775852274512
"GO:1901983",28,1,64,0,28,308380,36,515394,0.303563654463294,0.354180093068779,1.16867631514098,0.450775852274512
"GO:2000756",28,1,64,0,28,308380,36,515394,0.303563654463294,0.354180093068779,1.16867631514098,0.450775852274512
"GO:0003922",12,0,25,0,12,308396,13,515417,0.3040766480638,0.35462094423085,1.28220487146896,0.450235618156216
"GO:0061008",12,0,25,0,12,308396,13,515417,0.3040766480638,0.35462094423085,1.28220487146896,0.450235618156216
"GO:0090711",12,0,25,0,12,308396,13,515417,0.3040766480638,0.35462094423085,1.28220487146896,0.450235618156216
"GO:0033013",57,3,171,0,57,308351,114,515316,0.304268051280665,0.354791601197067,0.890420049631224,0.450026669553224
"GO:0009627",194,8,489,0,194,308214,295,515135,0.304326161826436,0.354806804783428,1.05976374005189,0.450008059495459
"GO:0015940",89,4,260,0,89,308319,171,515259,0.305395846546529,0.356001200061348,0.914392897121296,0.448548538040769
"GO:0009081",119,6,295,0,119,308289,176,515254,0.306800958955439,0.357586193203615,1.07755917870626,0.446619258140218
"GO:0002761",5,1,9,0,5,308403,4,515426,0.309174108247884,0.359606764203213,1.48403341605204,0.444172147782799
"GO:0002763",5,1,9,0,5,308403,4,515426,0.309174108247884,0.359606764203213,1.48403341605204,0.444172147782799
"GO:0005247",5,0,9,0,5,308403,4,515426,0.309174108247884,0.359606764203213,1.48403341605204,0.444172147782799
"GO:0006029",5,0,9,0,5,308403,4,515426,0.309174108247884,0.359606764203213,1.48403341605204,0.444172147782799
"GO:0016211",5,1,9,0,5,308403,4,515426,0.309174108247884,0.359606764203213,1.48403341605204,0.444172147782799
"GO:0016323",5,1,9,0,5,308403,4,515426,0.309174108247884,0.359606764203213,1.48403341605204,0.444172147782799
"GO:0016880",5,1,9,0,5,308403,4,515426,0.309174108247884,0.359606764203213,1.48403341605204,0.444172147782799
"GO:0019740",5,1,9,0,5,308403,4,515426,0.309174108247884,0.359606764203213,1.48403341605204,0.444172147782799
"GO:0033206",29,1,66,0,29,308379,37,515393,0.308990570195873,0.359606764203213,1.17373551996843,0.444172147782799
"GO:0043330",5,0,9,0,5,308403,4,515426,0.309174108247884,0.359606764203213,1.48403341605204,0.444172147782799
"GO:0046340",5,0,9,0,5,308403,4,515426,0.309174108247884,0.359606764203213,1.48403341605204,0.444172147782799
"GO:0048479",15,0,50,0,15,308393,35,515395,0.30888258254705,0.359606764203213,0.801378044668102,0.444172147782799
"GO:0072523",5,0,9,0,5,308403,4,515426,0.309174108247884,0.359606764203213,1.48403341605204,0.444172147782799
"GO:0080169",5,0,9,0,5,308403,4,515426,0.309174108247884,0.359606764203213,1.48403341605204,0.444172147782799
"GO:0032102",17,1,37,0,17,308391,20,515410,0.309773796399084,0.360197832386054,1.22733574408628,0.443458905024559
"GO:0051016",17,0,37,0,17,308391,20,515410,0.309773796399084,0.360197832386054,1.22733574408628,0.443458905024559
"GO:0002177",8,0,16,0,8,308400,8,515422,0.311128606582366,0.360760699810927,1.33563007444684,0.442780779292177
"GO:0002262",8,1,16,0,8,308400,8,515422,0.311128606582366,0.360760699810927,1.33563007444684,0.442780779292177
"GO:0004411",8,0,16,0,8,308400,8,515422,0.311128606582366,0.360760699810927,1.33563007444684,0.442780779292177
"GO:0005960",23,0,51,0,23,308385,28,515402,0.310942818700777,0.360760699810927,1.20468594950107,0.442780779292177
"GO:0009312",23,4,51,0,23,308385,28,515402,0.310942818700777,0.360760699810927,1.20468594950107,0.442780779292177
"GO:0009337",8,0,16,0,8,308400,8,515422,0.311128606582366,0.360760699810927,1.33563007444684,0.442780779292177
"GO:0016002",8,0,16,0,8,308400,8,515422,0.311128606582366,0.360760699810927,1.33563007444684,0.442780779292177
"GO:0019464",23,0,51,0,23,308385,28,515402,0.310942818700777,0.360760699810927,1.20468594950107,0.442780779292177
"GO:0034101",8,1,16,0,8,308400,8,515422,0.311128606582366,0.360760699810927,1.33563007444684,0.442780779292177
"GO:0046864",8,0,16,0,8,308400,8,515422,0.311128606582366,0.360760699810927,1.33563007444684,0.442780779292177
"GO:0046865",8,0,16,0,8,308400,8,515422,0.311128606582366,0.360760699810927,1.33563007444684,0.442780779292177
"GO:0050311",8,0,16,0,8,308400,8,515422,0.311128606582366,0.360760699810927,1.33563007444684,0.442780779292177
"GO:0051047",8,1,16,0,8,308400,8,515422,0.311128606582366,0.360760699810927,1.33563007444684,0.442780779292177
"GO:0055062",23,0,51,0,23,308385,28,515402,0.310942818700777,0.360760699810927,1.20468594950107,0.442780779292177
"GO:0080168",8,0,16,0,8,308400,8,515422,0.311128606582366,0.360760699810927,1.33563007444684,0.442780779292177
"GO:1902105",8,1,16,0,8,308400,8,515422,0.311128606582366,0.360760699810927,1.33563007444684,0.442780779292177
"GO:1902107",8,1,16,0,8,308400,8,515422,0.311128606582366,0.360760699810927,1.33563007444684,0.442780779292177
"GO:1903532",8,1,16,0,8,308400,8,515422,0.311128606582366,0.360760699810927,1.33563007444684,0.442780779292177
"GO:1905330",8,0,16,0,8,308400,8,515422,0.311128606582366,0.360760699810927,1.33563007444684,0.442780779292177
"GO:0006107",36,0,84,0,36,308372,48,515382,0.311755229155891,0.361327615417429,1.14482577809729,0.442098845060579
"GO:0051865",36,1,84,0,36,308372,48,515382,0.311755229155891,0.361327615417429,1.14482577809729,0.442098845060579
"GO:0072524",36,2,84,0,36,308372,48,515382,0.311755229155891,0.361327615417429,1.14482577809729,0.442098845060579
"GO:0008213",152,8,380,0,152,308256,228,515202,0.31387255762608,0.363728069134771,1.06850405955747,0.439223182860698
"GO:0005689",63,2,152,0,63,308345,89,515341,0.315168217563102,0.365175774014828,1.10716703539672,0.437498041544811
"GO:0032212",7,1,26,0,7,308401,19,515411,0.315458690351841,0.365404769047924,0.719185424702143,0.437225788790593
"GO:1904358",7,1,26,0,7,308401,19,515411,0.315458690351841,0.365404769047924,0.719185424702143,0.437225788790593
"GO:2000779",37,2,86,0,37,308371,49,515381,0.3159971617476,0.365974644295587,1.14926308731472,0.436549002649216
"GO:0032039",11,0,38,0,11,308397,27,515403,0.317792067597172,0.367945161953955,0.773259516785011,0.434216903161942
"GO:0046434",11,0,38,0,11,308397,27,515403,0.317792067597172,0.367945161953955,0.773259516785011,0.434216903161942
"GO:0032979",23,1,52,0,23,308385,29,515401,0.318539129521609,0.368701665577725,1.18151891201066,0.433324900501881
"GO:0046189",23,1,52,0,23,308385,29,515401,0.318539129521609,0.368701665577725,1.18151891201066,0.433324900501881
"GO:0008156",13,0,27,0,13,308395,14,515416,0.319775156086137,0.369969140022056,1.28616229391177,0.431834499925103
"GO:0097035",13,2,27,0,13,308395,14,515416,0.319775156086137,0.369969140022056,1.28616229391177,0.431834499925103
"GO:1902905",13,3,27,0,13,308395,14,515416,0.319775156086137,0.369969140022056,1.28616229391177,0.431834499925103
"GO:2000069",30,0,69,0,30,308378,39,515391,0.320438902029249,0.370682591737582,1.16141745604073,0.430997809141278
"GO:1901420",38,1,89,0,38,308370,51,515379,0.324790437625094,0.375606041572607,1.14053804110067,0.425267430781477
"GO:1905958",38,1,89,0,38,308370,51,515379,0.324790437625094,0.375606041572607,1.14053804110067,0.425267430781477
"GO:0000347",31,0,71,0,31,308377,40,515390,0.326475623023517,0.377499427796875,1.16632485374231,0.423083702325781
"GO:0045143",66,0,160,0,66,308342,94,515336,0.327529494938615,0.378662385689056,1.10189481141864,0.421747833244653
"GO:0009894",233,15,591,0,233,308175,358,515072,0.328194381591066,0.379375355636544,1.05313640387855,0.420930884461283
"GO:1905786",102,4,252,0,102,308306,150,515280,0.329090558708884,0.380355436522733,1.08122434598077,0.419810371876557
"GO:0008409",56,0,135,0,56,308352,79,515351,0.329458866751542,0.380725220062851,1.10807828398552,0.41938835362601
"GO:0001673",9,0,18,0,9,308399,9,515421,0.330833850336929,0.381753748146043,1.33563007444684,0.418216690247566
"GO:0008909",18,1,40,0,18,308390,22,515408,0.330604518407834,0.381753748146043,1.20206706700215,0.418216690247566
"GO:0009819",9,1,18,0,9,308399,9,515421,0.330833850336929,0.381753748146043,1.33563007444684,0.418216690247566
"GO:0042631",9,0,18,0,9,308399,9,515421,0.330833850336929,0.381753748146043,1.33563007444684,0.418216690247566
"GO:0044390",9,1,18,0,9,308399,9,515421,0.330833850336929,0.381753748146043,1.33563007444684,0.418216690247566
"GO:0071027",18,0,40,0,18,308390,22,515408,0.330604518407834,0.381753748146043,1.20206706700215,0.418216690247566
"GO:0071462",9,0,18,0,9,308399,9,515421,0.330833850336929,0.381753748146043,1.33563007444684,0.418216690247566
"GO:0140115",9,0,18,0,9,308399,9,515421,0.330833850336929,0.381753748146043,1.33563007444684,0.418216690247566
"GO:0140496",9,0,18,0,9,308399,9,515421,0.330833850336929,0.381753748146043,1.33563007444684,0.418216690247566
"GO:1903708",9,1,18,0,9,308399,9,515421,0.330833850336929,0.381753748146043,1.33563007444684,0.418216690247566
"GO:0061695",159,13,452,0,159,308249,293,515137,0.331266915712799,0.382197444011602,0.939668946181624,0.417712221664494
"GO:0003730",31,3,72,0,31,308377,41,515389,0.331787603491048,0.382742088904093,1.15012589744033,0.417093777196143
"GO:0097428",39,1,92,0,39,308369,53,515377,0.33360252262183,0.384779349169091,1.13238201963971,0.414788244281246
"GO:0009943",17,0,55,0,17,308391,38,515392,0.33390596444337,0.384941392932156,0.825662227839863,0.414605386500972
"GO:0016514",17,2,56,0,17,308391,39,515391,0.333938614371658,0.384941392932156,0.810918259485579,0.414605386500972
"GO:0048508",17,3,55,0,17,308391,38,515392,0.33390596444337,0.384941392932156,0.825662227839863,0.414605386500972
"GO:2000573",17,1,55,0,17,308391,38,515392,0.33390596444337,0.384941392932156,0.825662227839863,0.414605386500972
"GO:0019237",23,0,73,0,23,308385,50,515380,0.334161729479662,0.385142186597935,0.841629909925404,0.414378908270964
"GO:0042176",116,10,334,0,116,308292,218,515212,0.336416559812701,0.387684256894391,0.927743045723551,0.411521834491149
"GO:0015491",38,3,116,0,38,308370,78,515352,0.337553589450563,0.388937625315403,0.875067979809996,0.410120041742084
"GO:0032680",8,2,29,0,8,308400,21,515409,0.339094291786406,0.390598516965553,0.736899351418944,0.408269409985439
"GO:1903555",8,2,29,0,8,308400,21,515409,0.339094291786406,0.390598516965553,0.736899351418944,0.408269409985439
"GO:0005788",120,10,299,0,120,308288,179,515251,0.339374697778575,0.390864319080167,1.0720776517299,0.407973973297264
"GO:0006778",57,3,169,0,57,308351,112,515318,0.340777922774838,0.392423026343406,0.900957565011476,0.406245517294941
"GO:0007389",925,16,2410,0,925,307483,1485,513945,0.342913260722486,0.39482421945406,1.02527619822682,0.403596214531693
"GO:0008143",60,3,145,0,60,308348,85,515345,0.3454473780439,0.397683790576423,1.10534902712842,0.400462110313188
"GO:0010483",14,0,30,0,14,308394,16,515414,0.346057700177904,0.398211696506427,1.24658806948371,0.399885987770198
"GO:0035327",14,1,30,0,14,308394,16,515414,0.346057700177904,0.398211696506427,1.24658806948371,0.399885987770198
"GO:0043434",14,0,30,0,14,308394,16,515414,0.346057700177904,0.398211696506427,1.24658806948371,0.399885987770198
"GO:0000469",6,2,11,0,6,308402,5,515425,0.349873880521947,0.401839391226841,1.45705099030564,0.395947492789538
"GO:0007167",125,9,312,0,125,308283,187,515243,0.349380118017909,0.401839391226841,1.07021640580676,0.395947492789538
"GO:0009833",6,0,11,0,6,308402,5,515425,0.349873880521947,0.401839391226841,1.45705099030564,0.395947492789538
"GO:0016759",6,0,11,0,6,308402,5,515425,0.349873880521947,0.401839391226841,1.45705099030564,0.395947492789538
"GO:0016894",6,0,11,0,6,308402,5,515425,0.349873880521947,0.401839391226841,1.45705099030564,0.395947492789538
"GO:0018210",6,0,11,0,6,308402,5,515425,0.349873880521947,0.401839391226841,1.45705099030564,0.395947492789538
"GO:0045639",6,1,11,0,6,308402,5,515425,0.349873880521947,0.401839391226841,1.45705099030564,0.395947492789538
"GO:0048660",6,0,11,0,6,308402,5,515425,0.349873880521947,0.401839391226841,1.45705099030564,0.395947492789538
"GO:0050715",6,0,11,0,6,308402,5,515425,0.349873880521947,0.401839391226841,1.45705099030564,0.395947492789538
"GO:0061513",6,0,11,0,6,308402,5,515425,0.349873880521947,0.401839391226841,1.45705099030564,0.395947492789538
"GO:0090669",6,0,11,0,6,308402,5,515425,0.349873880521947,0.401839391226841,1.45705099030564,0.395947492789538
"GO:0140053",125,4,312,0,125,308283,187,515243,0.349380118017909,0.401839391226841,1.07021640580676,0.395947492789538
"GO:1900425",6,0,11,0,6,308402,5,515425,0.349873880521947,0.401839391226841,1.45705099030564,0.395947492789538
"GO:1900056",13,2,44,0,13,308395,31,515399,0.350216131978212,0.402115138700771,0.789235953082222,0.395649576411025
"GO:1905268",13,1,44,0,13,308395,31,515399,0.350216131978212,0.402115138700771,0.789235953082222,0.395649576411025
"GO:0005791",5,1,19,0,5,308403,14,515416,0.355013259999995,0.407444872826937,0.702963197077282,0.389931142866643
"GO:0036442",5,1,19,0,5,308403,14,515416,0.355013259999995,0.407444872826937,0.702963197077282,0.389931142866643
"GO:0045807",5,1,19,0,5,308403,14,515416,0.355013259999995,0.407444872826937,0.702963197077282,0.389931142866643
"GO:0000900",5,0,20,0,5,308403,15,515415,0.355838728490912,0.407916480367039,0.667815037223418,0.389428748255153
"GO:0010219",5,0,20,0,5,308403,15,515415,0.355838728490912,0.407916480367039,0.667815037223418,0.389428748255153
"GO:0010220",5,0,20,0,5,308403,15,515415,0.355838728490912,0.407916480367039,0.667815037223418,0.389428748255153
"GO:0030173",5,0,20,0,5,308403,15,515415,0.355838728490912,0.407916480367039,0.667815037223418,0.389428748255153
"GO:0030371",5,0,20,0,5,308403,15,515415,0.355838728490912,0.407916480367039,0.667815037223418,0.389428748255153
"GO:0031228",5,0,20,0,5,308403,15,515415,0.355838728490912,0.407916480367039,0.667815037223418,0.389428748255153
"GO:0072509",5,1,20,0,5,308403,15,515415,0.355838728490912,0.407916480367039,0.667815037223418,0.389428748255153
"GO:0090079",5,0,20,0,5,308403,15,515415,0.355838728490912,0.407916480367039,0.667815037223418,0.389428748255153
"GO:0006666",20,2,45,0,20,308388,25,515405,0.356781382452075,0.408878008831377,1.18722673284163,0.388406246990334
"GO:0047560",20,2,45,0,20,308388,25,515405,0.356781382452075,0.408878008831377,1.18722673284163,0.388406246990334
"GO:0019878",34,1,80,0,34,308374,46,515384,0.356984555958266,0.409051299054362,1.13528556327981,0.3882222237795
"GO:0048066",43,4,102,0,43,308365,59,515371,0.357221505622839,0.409263235666277,1.12611947453361,0.387997266506421
"GO:0015085",146,7,367,0,146,308262,221,515209,0.359366394397339,0.411660689274717,1.06268114915116,0.385460603117144
"GO:0051123",101,6,250,0,101,308307,149,515281,0.360205921972716,0.412562347994939,1.07918910015304,0.384510409916389
"GO:0010363",9,1,31,0,9,308399,22,515408,0.361108835715415,0.413536333248726,0.775527140001389,0.383486327378119
"GO:0009166",9,0,32,0,9,308399,23,515407,0.361427734458587,0.413781141020651,0.751291916876346,0.383229307138891
"GO:1901292",9,0,32,0,9,308399,23,515407,0.361427734458587,0.413781141020651,0.751291916876346,0.383229307138891
"GO:0004305",43,2,103,0,43,308365,60,515370,0.361650767699346,0.41397627502243,1.11518627575173,0.383024547579793
"GO:0051026",53,0,128,0,53,308355,75,515355,0.361916837718241,0.414220608682465,1.10606865540129,0.382768297488872
"GO:0010093",34,0,104,0,34,308374,70,515360,0.362053872356646,0.414256988835976,0.873296587138316,0.38273015596283
"GO:0090701",34,0,104,0,34,308374,70,515360,0.362053872356646,0.414256988835976,0.873296587138316,0.38273015596283
"GO:0007169",14,0,46,0,14,308394,32,515398,0.363681369329297,0.415998218448159,0.812992219228509,0.3809085292766
"GO:0019395",14,2,46,0,14,308394,32,515398,0.363681369329297,0.415998218448159,0.812992219228509,0.3809085292766
"GO:0015078",168,3,424,0,168,308240,256,515174,0.366362494644948,0.419004149040393,1.05842383258051,0.377781676564906
"GO:0010948",54,5,131,0,54,308354,77,515353,0.368196460989105,0.421040462072376,1.1011301377119,0.375676166372469
"GO:0006297",65,6,159,0,65,308343,94,515336,0.368556515466026,0.421329783582422,1.09202458917037,0.375377839737839
"GO:0010103",65,5,159,0,65,308343,94,515336,0.368556515466026,0.421329783582422,1.09202458917037,0.375377839737839
"GO:0006516",10,0,21,0,10,308398,11,515419,0.370447017960094,0.423086237530837,1.27202864233032,0.373571101498356
"GO:0008420",91,2,225,0,91,308317,134,515296,0.370576677816962,0.423086237530837,1.08037632688589,0.373571101498356
"GO:0009609",10,0,21,0,10,308398,11,515419,0.370447017960094,0.423086237530837,1.27202864233032,0.373571101498356
"GO:0033729",10,0,21,0,10,308398,11,515419,0.370447017960094,0.423086237530837,1.27202864233032,0.373571101498356
"GO:0042168",10,0,21,0,10,308398,11,515419,0.370447017960094,0.423086237530837,1.27202864233032,0.373571101498356
"GO:0043010",10,0,21,0,10,308398,11,515419,0.370447017960094,0.423086237530837,1.27202864233032,0.373571101498356
"GO:0060041",10,0,21,0,10,308398,11,515419,0.370447017960094,0.423086237530837,1.27202864233032,0.373571101498356
"GO:0070940",91,2,225,0,91,308317,134,515296,0.370576677816962,0.423086237530837,1.08037632688589,0.373571101498356
"GO:1903321",15,1,33,0,15,308393,18,515412,0.370492314141905,0.423086237530837,1.21420915858803,0.373571101498356
"GO:0000777",21,2,48,0,21,308387,27,515403,0.373826752630275,0.426611220166067,1.16867631514098,0.36996772649529
"GO:0000778",21,2,48,0,21,308387,27,515403,0.373826752630275,0.426611220166067,1.16867631514098,0.36996772649529
"GO:0007080",21,2,48,0,21,308387,27,515403,0.373826752630275,0.426611220166067,1.16867631514098,0.36996772649529
"GO:0071852",21,3,66,0,21,308387,45,515385,0.375584349739362,0.428554863190065,0.849946411011623,0.367993572211031
"GO:0090421",577,8,1588,0,577,307831,1011,514419,0.377598783825907,0.430790960330078,0.970602711531266,0.365733418465874
"GO:0030374",10,0,34,0,10,308398,24,515406,0.379593308016945,0.432940962142768,0.78566474967461,0.363571322038603
"GO:0051973",10,0,34,0,10,308398,24,515406,0.379593308016945,0.432940962142768,0.78566474967461,0.363571322038603
"GO:0042063",29,0,89,0,29,308379,60,515370,0.381791616975301,0.435385138176092,0.870410610313669,0.361126399636388
"GO:0009942",29,1,68,0,29,308379,39,515391,0.382372758435977,0.435984697915413,1.13921388702818,0.360528753225725
"GO:0004707",16,0,35,0,16,308392,19,515411,0.382530462911839,0.436101347435481,1.22114749663711,0.360412571471747
"GO:0035383",6,2,12,0,6,308402,6,515424,0.383756331361977,0.437435540179769,1.33563007444684,0.359085934885658
"GO:0035437",6,0,22,0,6,308402,16,515414,0.384177968285823,0.437789369766358,0.72852549515282,0.358734788012175
"GO:0043491",6,0,22,0,6,308402,16,515414,0.384177968285823,0.437789369766358,0.72852549515282,0.358734788012175
"GO:0051648",111,11,318,0,111,308297,207,515223,0.384732159106363,0.438294002385715,0.932420995368546,0.358234472190235
"GO:0051650",111,11,318,0,111,308297,207,515223,0.384732159106363,0.438294002385715,0.932420995368546,0.358234472190235
"GO:0048199",83,9,240,0,83,308325,157,515273,0.386145726961539,0.43984071229073,0.923810801492395,0.356704574191032
"GO:0035513",30,0,70,0,30,308378,40,515390,0.387504725472872,0.441133362100137,1.14482577809729,0.355430096091253
"GO:0035515",30,0,70,0,30,308378,40,515390,0.387504725472872,0.441133362100137,1.14482577809729,0.355430096091253
"GO:0035552",30,0,70,0,30,308378,40,515390,0.387504725472872,0.441133362100137,1.14482577809729,0.355430096091253
"GO:1905710",30,0,70,0,30,308378,40,515390,0.387504725472872,0.441133362100137,1.14482577809729,0.355430096091253
"GO:0000247",11,1,23,0,11,308397,12,515418,0.388876547467839,0.442205938460231,1.2775592016448,0.354375429502234
"GO:0004817",38,1,91,0,38,308370,53,515377,0.388675977482002,0.442205938460231,1.11547127096659,0.354375429502234
"GO:0006423",38,1,91,0,38,308370,53,515377,0.388675977482002,0.442205938460231,1.11547127096659,0.354375429502234
"GO:0016131",11,0,23,0,11,308397,12,515418,0.388876547467839,0.442205938460231,1.2775592016448,0.354375429502234
"GO:0033565",11,1,23,0,11,308397,12,515418,0.388876547467839,0.442205938460231,1.2775592016448,0.354375429502234
"GO:0048565",11,1,23,0,11,308397,12,515418,0.388876547467839,0.442205938460231,1.2775592016448,0.354375429502234
"GO:0050681",97,5,242,0,97,308311,145,515285,0.388896304872991,0.442205938460231,1.07071171257308,0.354375429502234
"GO:0055123",11,1,23,0,11,308397,12,515418,0.388876547467839,0.442205938460231,1.2775592016448,0.354375429502234
"GO:0072359",22,2,51,0,22,308386,29,515401,0.39021058309314,0.443636295509706,1.15230829952276,0.352972929847599
"GO:0034052",16,1,36,0,16,308392,20,515410,0.393264366617542,0.446979077968999,1.18722673284163,0.349712804687449
"GO:0071668",16,0,36,0,16,308392,20,515410,0.393264366617542,0.446979077968999,1.18722673284163,0.349712804687449
"GO:0006403",132,11,332,0,132,308276,200,515230,0.395046356952833,0.448939645146917,1.06206728811435,0.347812041049036
"GO:0031054",23,0,53,0,23,308385,30,515400,0.39561067534534,0.449516056050594,1.15922610235008,0.347254791295293
"GO:0018195",11,0,37,0,11,308397,26,515404,0.397394870183687,0.451347917773191,0.794158422644065,0.345488556752924
"GO:0045296",11,1,37,0,11,308397,26,515404,0.397394870183687,0.451347917773191,0.794158422644065,0.345488556752924
"GO:1902183",11,1,37,0,11,308397,26,515404,0.397394870183687,0.451347917773191,0.794158422644065,0.345488556752924
"GO:0000220",17,0,54,0,17,308391,37,515393,0.401609653890914,0.456069128019226,0.840952269096156,0.340969324787505
"GO:0000956",173,8,439,0,173,308235,266,515164,0.40189499649216,0.456327334831427,1.05268338441596,0.340723515424386
"GO:0004034",32,0,97,0,32,308376,65,515365,0.402166318493489,0.456372100213456,0.881240461490696,0.340680913538893
"GO:0016589",32,1,97,0,32,308376,65,515365,0.402166318493489,0.456372100213456,0.881240461490696,0.340680913538893
"GO:0033499",32,0,97,0,32,308376,65,515365,0.402166318493489,0.456372100213456,0.881240461490696,0.340680913538893
"GO:0070734",32,3,97,0,32,308376,65,515365,0.402166318493489,0.456372100213456,0.881240461490696,0.340680913538893
"GO:0000217",17,1,38,0,17,308391,21,515409,0.402479770383328,0.456661970662663,1.19503743503138,0.340405153532114
"GO:0043624",24,2,55,0,24,308384,31,515399,0.403237567699547,0.457389932698968,1.16564079224451,0.33971339858673
"GO:0051103",24,1,55,0,24,308384,31,515399,0.403237567699547,0.457389932698968,1.16564079224451,0.33971339858673
"GO:0009435",75,1,185,0,75,308333,110,515320,0.403495457081629,0.457616516085086,1.08294330360554,0.339498309575228
"GO:0034097",51,2,124,0,51,308357,73,515357,0.404518434644492,0.458710619060997,1.0986634483353,0.33846120591944
"GO:0001503",11,0,24,0,11,308397,13,515417,0.405112829835522,0.459186205394561,1.22432756824293,0.338011167236845
"GO:0050780",11,0,24,0,11,308397,13,515417,0.405112829835522,0.459186205394561,1.22432756824293,0.338011167236845
"GO:1990391",11,1,24,0,11,308397,13,515417,0.405112829835522,0.459186205394561,1.22432756824293,0.338011167236845
"GO:0033897",218,7,557,0,218,308190,339,515091,0.405711047049788,0.459798065415481,1.04548422344492,0.337432860341965
"GO:0098661",42,3,125,0,42,308366,83,515347,0.406298853046702,0.460397951804179,0.897543410028274,0.336866617105933
"GO:0021761",7,0,14,0,7,308401,7,515423,0.409117202583693,0.463391455933645,1.33563007444684,0.334051978045136
"GO:0050994",7,0,14,0,7,308401,7,515423,0.409117202583693,0.463391455933645,1.33563007444684,0.334051978045136
"GO:2001021",7,0,14,0,7,308401,7,515423,0.409117202583693,0.463391455933645,1.33563007444684,0.334051978045136
"GO:0007155",64,3,157,0,64,308344,93,515337,0.409789634811335,0.464019563468762,1.08892133458086,0.333463708825676
"GO:0055067",64,4,157,0,64,308344,93,515337,0.409789634811335,0.464019563468762,1.08892133458086,0.333463708825676
"GO:1902806",7,2,25,0,7,308401,18,515412,0.410923612732641,0.465236686240666,0.747952841690229,0.332326046300248
"GO:2000070",42,1,101,0,42,308366,59,515371,0.411266018023168,0.465557390549091,1.11082105201519,0.332026774698813
"GO:0031497",12,0,39,0,12,308396,27,515403,0.414481799827872,0.468995361254133,0.821926199659592,0.328831452789598
"GO:0035282",12,0,39,0,12,308396,27,515403,0.414481799827872,0.468995361254133,0.821926199659592,0.328831452789598
"GO:0072599",12,1,39,0,12,308396,27,515403,0.414481799827872,0.468995361254133,0.821926199659592,0.328831452789598
"GO:0005719",25,0,58,0,25,308383,33,515397,0.415914157460916,0.470548469033104,1.1514052365921,0.327395635255939
"GO:0003867",12,0,26,0,12,308396,14,515416,0.418466799084555,0.473164412868948,1.23288929948939,0.324987926503599
"GO:0007409",12,0,26,0,12,308396,14,515416,0.418466799084555,0.473164412868948,1.23288929948939,0.324987926503599
"GO:0009448",12,0,26,0,12,308396,14,515416,0.418466799084555,0.473164412868948,1.23288929948939,0.324987926503599
"GO:0030900",12,0,26,0,12,308396,14,515416,0.418466799084555,0.473164412868948,1.23288929948939,0.324987926503599
"GO:0008214",54,3,132,0,54,308354,78,515352,0.419061156387037,0.47356437310921,1.09278824272923,0.324620977619752
"GO:0016577",54,3,132,0,54,308354,78,515352,0.419061156387037,0.47356437310921,1.09278824272923,0.324620977619752
"GO:0016769",26,0,80,0,26,308382,54,515376,0.419053933848297,0.47356437310921,0.868159548390444,0.324620977619752
"GO:0070076",54,3,132,0,54,308354,78,515352,0.419061156387037,0.47356437310921,1.09278824272923,0.324620977619752
"GO:0048532",653,8,1789,0,653,307755,1136,514294,0.41977700564024,0.474305237318784,0.975032351720273,0.323942079805034
"GO:0016879",190,11,533,0,190,308218,343,515087,0.420385193955965,0.474924260450826,0.952231572776356,0.323375644882482
"GO:0031262",35,2,105,0,35,308373,70,515360,0.420692224773104,0.475202926304187,0.890420049631224,0.323120893629036
"GO:0043492",131,11,371,0,131,308277,240,515190,0.421085422793513,0.475578830449144,0.943221238558143,0.322777485474165
"GO:0006269",18,1,41,0,18,308390,23,515407,0.421353929561695,0.475813819180844,1.17274835805088,0.322562948791331
"GO:0050657",111,9,279,0,111,308297,168,515262,0.42169954794412,0.475931016690483,1.06275941407598,0.322455991064706
"GO:0050658",111,9,279,0,111,308297,168,515262,0.42169954794412,0.475931016690483,1.06275941407598,0.322455991064706
"GO:0051168",111,9,279,0,111,308297,168,515262,0.42169954794412,0.475931016690483,1.06275941407598,0.322455991064706
"GO:0051236",111,9,279,0,111,308297,168,515262,0.42169954794412,0.475931016690483,1.06275941407598,0.322455991064706
"GO:0019362",34,2,81,0,34,308374,47,515383,0.422268600294977,0.476368360779888,1.12126969212821,0.3220570910075
"GO:0046496",34,2,81,0,34,308374,47,515383,0.422268600294977,0.476368360779888,1.12126969212821,0.3220570910075
"GO:1903829",34,3,81,0,34,308374,47,515383,0.422268600294977,0.476368360779888,1.12126969212821,0.3220570910075
"GO:0019079",19,0,60,0,19,308389,41,515389,0.423906191599412,0.478147233166725,0.845899047149663,0.320438352956673
"GO:0000775",112,2,282,0,112,308296,170,515260,0.424526023858868,0.478777773612752,1.06092601658188,0.31986601912901
"GO:0045814",149,1,378,0,149,308259,229,515201,0.4257304334085,0.480067321557329,1.05295704281788,0.318697855685384
"GO:0031331",117,14,332,0,117,308291,215,515215,0.427506615935214,0.482001157353481,0.941377823555903,0.316951918956945
"GO:0060688",69,1,170,0,69,308339,101,515329,0.428113156025825,0.482615890625132,1.08421735455096,0.316398382598819
"GO:0000421",13,2,42,0,13,308395,29,515401,0.428805008946903,0.483326608022626,0.826818617514708,0.31575929548948
"GO:0043648",45,2,109,0,45,308363,64,515366,0.428934657904549,0.483403525701447,1.10281382293775,0.315690186391961
"GO:0033730",20,0,62,0,20,308388,42,515388,0.43358382018334,0.488573122313663,0.861696822223766,0.311070428381684
"GO:0006571",20,0,63,0,20,308388,43,515387,0.434866555885937,0.4899484081772,0.84801909488688,0.309849648999233
"GO:0006294",8,0,27,0,8,308400,19,515411,0.435351582449687,0.490354508090419,0.791484488561088,0.309489827644886
"GO:0008544",8,0,27,0,8,308400,19,515411,0.435351582449687,0.490354508090419,0.791484488561088,0.309489827644886
"GO:0006337",19,0,44,0,19,308389,25,515405,0.439229135761726,0.494438975649408,1.15349870065863,0.305887301992275
"GO:0009678",19,0,44,0,19,308389,25,515405,0.439229135761726,0.494438975649408,1.15349870065863,0.305887301992275
"GO:0019628",19,0,44,0,19,308389,25,515405,0.439229135761726,0.494438975649408,1.15349870065863,0.305887301992275
"GO:0090151",19,1,44,0,19,308389,25,515405,0.439229135761726,0.494438975649408,1.15349870065863,0.305887301992275
"GO:0030641",14,2,45,0,14,308394,31,515399,0.442785873985136,0.498371518445953,0.831058712989143,0.302446785239742
"GO:0043650",37,0,89,0,37,308371,52,515378,0.443859619192198,0.499508637924372,1.11052388212434,0.301456997186841
"GO:0010520",13,0,29,0,13,308395,16,515414,0.44516062108105,0.500614915592861,1.19746144605578,0.30049621492921
"GO:0034508",13,0,29,0,13,308395,16,515414,0.44516062108105,0.500614915592861,1.19746144605578,0.30049621492921
"GO:2000769",13,0,29,0,13,308395,16,515414,0.44516062108105,0.500614915592861,1.19746144605578,0.30049621492921
"GO:2001023",13,0,29,0,13,308395,16,515414,0.44516062108105,0.500614915592861,1.19746144605578,0.30049621492921
"GO:2001038",13,0,29,0,13,308395,16,515414,0.44516062108105,0.500614915592861,1.19746144605578,0.30049621492921
"GO:0071472",20,0,46,0,20,308388,26,515404,0.446672416180995,0.502171559579662,1.16141745604073,0.299147887137577
"GO:0098609",20,0,46,0,20,308388,26,515404,0.446672416180995,0.502171559579662,1.16141745604073,0.299147887137577
"GO:0010770",9,0,30,0,9,308399,21,515409,0.455200341733693,0.511466898391041,0.801378044668102,0.291182468132267
"GO:0050775",9,0,30,0,9,308399,21,515409,0.455200341733693,0.511466898391041,0.801378044668102,0.291182468132267
"GO:1900006",9,0,30,0,9,308399,21,515409,0.455200341733693,0.511466898391041,0.801378044668102,0.291182468132267
"GO:2000039",9,0,30,0,9,308399,21,515409,0.455200341733693,0.511466898391041,0.801378044668102,0.291182468132267
"GO:0016273",8,0,17,0,8,308400,9,515421,0.456378668540891,0.512368149693936,1.25706359947938,0.2904178751063
"GO:0030838",8,2,17,0,8,308400,9,515421,0.456378668540891,0.512368149693936,1.25706359947938,0.2904178751063
"GO:0035242",8,0,17,0,8,308400,9,515421,0.456378668540891,0.512368149693936,1.25706359947938,0.2904178751063
"GO:0035247",8,0,17,0,8,308400,9,515421,0.456378668540891,0.512368149693936,1.25706359947938,0.2904178751063
"GO:0070919",15,0,48,0,15,308393,33,515397,0.456392970738551,0.512368149693936,0.834768796529273,0.2904178751063
"GO:0070936",8,0,17,0,8,308400,9,515421,0.456378668540891,0.512368149693936,1.25706359947938,0.2904178751063
"GO:0005746",50,2,123,0,50,308358,73,515357,0.45766333779893,0.513721060195805,1.08587810930637,0.289272629838551
"GO:0018023",14,2,31,0,14,308394,17,515413,0.458180959758239,0.514228758941668,1.20637555111327,0.288843638505275
"GO:0034062",51,4,125,0,51,308357,74,515356,0.460043064160943,0.516171465375562,1.08987414074862,0.287206007487742
"GO:0097747",51,4,125,0,51,308357,74,515356,0.460043064160943,0.516171465375562,1.08987414074862,0.287206007487742
"GO:0017137",23,9,70,0,23,308385,47,515383,0.460987709587225,0.517157652824659,0.877699763207921,0.28637704430504
"GO:0016859",52,5,128,0,52,308356,76,515354,0.465803382006552,0.522485640233054,1.08519943548805,0.28192564101259
"GO:0035258",97,5,244,0,97,308311,147,515283,0.467074110418553,0.523836358058819,1.06193538706019,0.280804361664259
"GO:0022416",16,2,50,0,16,308392,34,515396,0.46801895921399,0.524821260246799,0.854803247645975,0.279988580223765
"GO:0046890",66,1,164,0,66,308342,98,515332,0.468274630068955,0.525033170189832,1.07501932821331,0.279813258164817
"GO:0043457",24,0,73,0,24,308384,49,515381,0.469201881095715,0.525997893475573,0.878222514704769,0.279015995111977
"GO:0043629",14,0,32,0,14,308394,18,515412,0.469397434846683,0.526067284611773,1.16867631514098,0.278958705529134
"GO:0060631",14,0,32,0,14,308394,18,515412,0.469397434846683,0.526067284611773,1.16867631514098,0.278958705529134
"GO:0032875",82,1,205,0,82,308326,123,515307,0.470618257410267,0.527360415990552,1.06850405955747,0.277892471740247
"GO:0044450",10,0,33,0,10,308398,23,515407,0.473961072257213,0.531030680445314,0.809472772392022,0.274880386709141
"GO:0043570",42,5,102,0,42,308366,60,515370,0.474047479067387,0.531051907673042,1.09993064954445,0.27486302672608
"GO:0010188",9,0,19,0,9,308399,10,515420,0.477588611149123,0.534790547221322,1.26533375473911,0.271816277786082
"GO:0045022",9,5,19,0,9,308399,10,515420,0.477588611149123,0.534790547221322,1.26533375473911,0.271816277786082
"GO:0098927",9,5,19,0,9,308399,10,515420,0.477588611149123,0.534790547221322,1.26533375473911,0.271816277786082
"GO:0001882",42,2,103,0,42,308366,61,515369,0.478015419736051,0.534812021626235,1.08925171119936,0.271798839130213
"GO:0001883",42,2,103,0,42,308366,61,515369,0.478015419736051,0.534812021626235,1.08925171119936,0.271798839130213
"GO:0032550",42,2,103,0,42,308366,61,515369,0.478015419736051,0.534812021626235,1.08925171119936,0.271798839130213
"GO:0032561",42,2,103,0,42,308366,61,515369,0.478015419736051,0.534812021626235,1.08925171119936,0.271798839130213
"GO:0051223",42,4,103,0,42,308366,61,515369,0.478015419736051,0.534812021626235,1.08925171119936,0.271798839130213
"GO:0090087",42,4,103,0,42,308366,61,515369,0.478015419736051,0.534812021626235,1.08925171119936,0.271798839130213
"GO:0004096",15,0,34,0,15,308393,19,515411,0.479147823853768,0.535394133339512,1.17849712451191,0.271326391969102
"GO:0010165",15,0,34,0,15,308393,19,515411,0.479147823853768,0.535394133339512,1.17849712451191,0.271326391969102
"GO:0032479",15,0,34,0,15,308393,19,515411,0.479147823853768,0.535394133339512,1.17849712451191,0.271326391969102
"GO:0042177",15,0,34,0,15,308393,19,515411,0.479147823853768,0.535394133339512,1.17849712451191,0.271326391969102
"GO:0043967",15,0,34,0,15,308393,19,515411,0.479147823853768,0.535394133339512,1.17849712451191,0.271326391969102
"GO:1901799",15,0,34,0,15,308393,19,515411,0.479147823853768,0.535394133339512,1.17849712451191,0.271326391969102
"GO:1903051",15,0,34,0,15,308393,19,515411,0.479147823853768,0.535394133339512,1.17849712451191,0.271326391969102
"GO:1903363",15,0,34,0,15,308393,19,515411,0.479147823853768,0.535394133339512,1.17849712451191,0.271326391969102
"GO:2000059",15,0,34,0,15,308393,19,515411,0.479147823853768,0.535394133339512,1.17849712451191,0.271326391969102
"GO:0034250",23,1,54,0,23,308385,31,515399,0.482426128631779,0.538980767043622,1.13775895230656,0.268426731874214
"GO:0008477",18,1,56,0,18,308390,38,515392,0.490494104666555,0.547916786140928,0.858619333572966,0.26128539418711
"GO:0005846",15,0,35,0,15,308393,20,515410,0.491531040699094,0.548841468423159,1.14482577809729,0.26055308238336
"GO:0006501",15,0,35,0,15,308393,20,515410,0.491531040699094,0.548841468423159,1.14482577809729,0.26055308238336
"GO:0099572",15,1,35,0,15,308393,20,515410,0.491531040699094,0.548841468423159,1.14482577809729,0.26055308238336
"GO:0006212",11,0,36,0,11,308397,25,515405,0.491677805929293,0.548849643828048,0.816218378828623,0.26054661328984
"GO:0007007",11,1,36,0,11,308397,25,515405,0.491677805929293,0.548849643828048,0.816218378828623,0.26054661328984
"GO:0031503",108,10,274,0,108,308300,166,515264,0.493051891237171,0.550305471121368,1.05290546014787,0.259396169423973
"GO:1990939",34,1,82,0,34,308374,48,515382,0.493807787105436,0.551071009369719,1.1075956714925,0.258792435648328
"GO:0000224",9,0,20,0,9,308399,11,515419,0.495273124305976,0.551533460820008,1.20206706700215,0.258428134341349
"GO:0000755",9,0,20,0,9,308399,11,515419,0.495273124305976,0.551533460820008,1.20206706700215,0.258428134341349
"GO:0000917",9,0,20,0,9,308399,11,515419,0.495273124305976,0.551533460820008,1.20206706700215,0.258428134341349
"GO:0015698",91,5,229,0,91,308317,138,515292,0.494817969352911,0.551533460820008,1.06150512466954,0.258428134341349
"GO:0031109",24,0,57,0,24,308384,33,515397,0.494844260631388,0.551533460820008,1.12474111532365,0.258428134341349
"GO:0032952",9,0,20,0,9,308399,11,515419,0.495273124305976,0.551533460820008,1.20206706700215,0.258428134341349
"GO:0032953",9,0,20,0,9,308399,11,515419,0.495273124305976,0.551533460820008,1.20206706700215,0.258428134341349
"GO:0032995",9,0,20,0,9,308399,11,515419,0.495273124305976,0.551533460820008,1.20206706700215,0.258428134341349
"GO:0051666",9,0,20,0,9,308399,11,515419,0.495273124305976,0.551533460820008,1.20206706700215,0.258428134341349
"GO:0055120",9,0,20,0,9,308399,11,515419,0.495273124305976,0.551533460820008,1.20206706700215,0.258428134341349
"GO:0090038",9,0,20,0,9,308399,11,515419,0.495273124305976,0.551533460820008,1.20206706700215,0.258428134341349
"GO:0090334",9,0,20,0,9,308399,11,515419,0.495273124305976,0.551533460820008,1.20206706700215,0.258428134341349
"GO:0090529",9,0,20,0,9,308399,11,515419,0.495273124305976,0.551533460820008,1.20206706700215,0.258428134341349
"GO:0120031",24,1,57,0,24,308384,33,515397,0.494844260631388,0.551533460820008,1.12474111532365,0.258428134341349
"GO:1902626",9,0,20,0,9,308399,11,515419,0.495273124305976,0.551533460820008,1.20206706700215,0.258428134341349
"GO:0019187",16,0,37,0,16,308392,21,515409,0.49860055049094,0.555003327695797,1.15513952384591,0.255704412921306
"GO:0043073",16,0,37,0,16,308392,21,515409,0.49860055049094,0.555003327695797,1.15513952384591,0.255704412921306
"GO:0045182",16,1,37,0,16,308392,21,515409,0.49860055049094,0.555003327695797,1.15513952384591,0.255704412921306
"GO:0003857",28,0,84,0,28,308380,56,515374,0.499191479547047,0.555504004381447,0.890420049631224,0.255312806075953
"GO:0007041",28,3,84,0,28,308380,56,515374,0.499191479547047,0.555504004381447,0.890420049631224,0.255312806075953
"GO:0016722",52,2,150,0,52,308356,98,515332,0.501045368218591,0.557488217472332,0.926036851616473,0.253764307007737
"GO:0002757",19,0,59,0,19,308389,40,515390,0.50141317370996,0.557660992292287,0.860236319135251,0.253629732816477
"GO:0002764",19,0,59,0,19,308389,40,515390,0.50141317370996,0.557660992292287,0.860236319135251,0.253629732816477
"GO:0046786",19,0,59,0,19,308389,40,515390,0.50141317370996,0.557660992292287,0.860236319135251,0.253629732816477
"GO:0048480",6,0,21,0,6,308402,15,515415,0.502010054302665,0.558167111224659,0.763217185398192,0.253235756945289
"GO:0061387",6,0,21,0,6,308402,15,515415,0.502010054302665,0.558167111224659,0.763217185398192,0.253235756945289
"GO:0005813",123,11,345,0,123,308285,222,515208,0.504950647129239,0.561357363960086,0.952362313953397,0.25076057584841
"GO:0120091",29,0,86,0,29,308379,57,515373,0.505739174060591,0.562154586021601,0.900773771138564,0.250144242038552
"GO:0000315",17,2,39,0,17,308391,22,515408,0.508409240513336,0.564962950497033,1.16439544951776,0.247980031689017
"GO:0072595",17,0,39,0,17,308391,22,515408,0.508409240513336,0.564962950497033,1.16439544951776,0.247980031689017
"GO:0015116",41,3,120,0,41,308367,79,515351,0.509441465576843,0.56595021408706,0.912680550872005,0.247221771458826
"GO:1902358",41,3,120,0,41,308367,79,515351,0.509441465576843,0.56595021408706,0.912680550872005,0.247221771458826
"GO:0008585",20,0,61,0,20,308388,41,515389,0.509605495536246,0.565972694816778,0.87582299963727,0.247204520713585
"GO:0046545",20,0,61,0,20,308388,41,515389,0.509605495536246,0.565972694816778,0.87582299963727,0.247204520713585
"GO:0080140",10,0,22,0,10,308398,12,515418,0.509908863373804,0.566149869178926,1.21420915858803,0.247068588702527
"GO:0080141",10,0,22,0,10,308398,12,515418,0.509908863373804,0.566149869178926,1.21420915858803,0.247068588702527
"GO:0005929",30,2,89,0,30,308378,59,515371,0.512074426338264,0.568417117483003,0.900424769290002,0.24533285207378
"GO:0034274",26,2,62,0,26,308382,36,515394,0.512095299439717,0.568417117483003,1.1202058688909,0.24533285207378
"GO:0009144",37,2,90,0,37,308371,53,515377,0.513647279921669,0.569979050964671,1.09818472787851,0.244141106112838
"GO:0009205",37,2,90,0,37,308371,53,515377,0.513647279921669,0.569979050964671,1.09818472787851,0.244141106112838
"GO:0034504",42,1,123,0,42,308366,81,515349,0.51442354139898,0.570679554381732,0.912137611817352,0.243607686550834
"GO:0090150",42,4,123,0,42,308366,81,515349,0.51442354139898,0.570679554381732,0.912137611817352,0.243607686550834
"GO:0071824",81,5,204,0,81,308327,123,515307,0.515331978127702,0.571606781995389,1.06064741206072,0.242902627036945
"GO:0005873",5,0,10,0,5,308403,5,515425,0.516415840197023,0.572486339111528,1.33563007444684,0.242234872165833
"GO:0030218",5,1,10,0,5,308403,5,515425,0.516415840197023,0.572486339111528,1.33563007444684,0.242234872165833
"GO:0072089",5,0,10,0,5,308403,5,515425,0.516415840197023,0.572486339111528,1.33563007444684,0.242234872165833
"GO:1990428",5,0,10,0,5,308403,5,515425,0.516415840197023,0.572486339111528,1.33563007444684,0.242234872165833
"GO:0006726",37,3,91,0,37,308371,54,515376,0.517950498099584,0.573783608364752,1.08611676383589,0.241251862674929
"GO:0009199",37,2,91,0,37,308371,54,515376,0.517950498099584,0.573783608364752,1.08611676383589,0.241251862674929
"GO:0042441",37,3,91,0,37,308371,54,515376,0.517950498099584,0.573783608364752,1.08611676383589,0.241251862674929
"GO:0043324",37,3,91,0,37,308371,54,515376,0.517950498099584,0.573783608364752,1.08611676383589,0.241251862674929
"GO:0043474",37,3,91,0,37,308371,54,515376,0.517950498099584,0.573783608364752,1.08611676383589,0.241251862674929
"GO:0000791",26,0,63,0,26,308382,37,515393,0.518504280429111,0.574073937487758,1.10242482335294,0.241032169318027
"GO:0010582",26,0,63,0,26,308382,37,515393,0.518504280429111,0.574073937487758,1.10242482335294,0.241032169318027
"GO:0017016",43,10,125,0,43,308365,82,515348,0.518482745315506,0.574073937487758,0.918913491219424,0.241032169318027
"GO:0055087",26,0,63,0,26,308382,37,515393,0.518504280429111,0.574073937487758,1.10242482335294,0.241032169318027
"GO:0000340",21,0,64,0,21,308387,43,515387,0.518933464114036,0.574468320841751,0.876507236355737,0.24073391556222
"GO:0042398",91,5,257,0,91,308317,166,515264,0.519803362944604,0.57535040397918,0.945854760892312,0.240067577632516
"GO:0008340",13,2,41,0,13,308395,28,515402,0.520410147197063,0.575860089785673,0.84698492525897,0.239683019380265
"GO:0048667",13,1,41,0,13,308395,28,515402,0.520410147197063,0.575860089785673,0.84698492525897,0.239683019380265
"GO:0047372",103,6,262,0,103,308305,159,515271,0.524017728344298,0.57977056325036,1.0501518905956,0.236743838899054
"GO:0017048",18,1,42,0,18,308390,24,515406,0.524219647159306,0.579830976877625,1.14482577809729,0.236698586622184
"GO:0034661",18,0,42,0,18,308390,24,515406,0.524219647159306,0.579830976877625,1.14482577809729,0.236698586622184
"GO:0002183",32,1,95,0,32,308376,63,515367,0.524893284427595,0.580494511803038,0.899792892258922,0.236201881877041
"GO:0023014",39,0,96,0,39,308369,57,515373,0.528026227653717,0.583438545638897,1.08519943548805,0.23400488202731
"GO:0034629",7,1,24,0,7,308401,17,515413,0.528074140965084,0.583438545638897,0.779117543427321,0.23400488202731
"GO:0042543",10,0,23,0,10,308398,13,515417,0.528049823384429,0.583438545638897,1.16141745604073,0.23400488202731
"GO:0048281",7,0,24,0,7,308401,17,515413,0.528074140965084,0.583438545638897,0.779117543427321,0.23400488202731
"GO:1902807",7,2,24,0,7,308401,17,515413,0.528074140965084,0.583438545638897,0.779117543427321,0.23400488202731
"GO:2000045",7,2,24,0,7,308401,17,515413,0.528074140965084,0.583438545638897,0.779117543427321,0.23400488202731
"GO:2000628",10,1,23,0,10,308398,13,515417,0.528049823384429,0.583438545638897,1.16141745604073,0.23400488202731
"GO:0007040",28,3,68,0,28,308380,40,515390,0.532711963316851,0.588397442855374,1.09993064954445,0.230329223361594
"GO:0033843",28,0,68,0,28,308380,40,515390,0.532711963316851,0.588397442855374,1.09993064954445,0.230329223361594
"GO:0043596",70,5,176,0,70,308338,106,515324,0.533675441202684,0.589378938432594,1.06243301376453,0.229605387803936
"GO:0030424",14,0,44,0,14,308394,30,515400,0.533927946050934,0.589492397098591,0.849946411011623,0.229521791789284
"GO:0042301",14,1,44,0,14,308394,30,515400,0.533927946050934,0.589492397098591,0.849946411011623,0.229521791789284
"GO:0008327",34,1,100,0,34,308374,66,515364,0.535687140454341,0.591351727619768,0.908228450623849,0.228154130070315
"GO:0016707",89,2,226,0,89,308319,137,515293,0.537167390590274,0.5929026498495,1.05195643031653,0.227016608665925
"GO:0004413",11,1,25,0,11,308397,14,515416,0.537921883562009,0.593319471402569,1.17535446551322,0.226711398866439
"GO:0010100",11,0,25,0,11,308397,14,515416,0.537921883562009,0.593319471402569,1.17535446551322,0.226711398866439
"GO:0010262",11,0,25,0,11,308397,14,515416,0.537921883562009,0.593319471402569,1.17535446551322,0.226711398866439
"GO:0070301",11,0,25,0,11,308397,14,515416,0.537921883562009,0.593319471402569,1.17535446551322,0.226711398866439
"GO:1905613",11,0,25,0,11,308397,14,515416,0.537921883562009,0.593319471402569,1.17535446551322,0.226711398866439
"GO:0010286",48,4,139,0,48,308360,91,515339,0.539687136461864,0.595183123876127,0.922449547819398,0.225349391493396
"GO:0032451",112,4,286,0,112,308296,174,515256,0.54185107142963,0.597485871171599,1.04608789047584,0.223672360078168
"GO:0005313",73,4,184,0,73,308335,111,515319,0.542674429510353,0.598309959258473,1.05979342863716,0.223073767983626
"GO:0046246",15,0,46,0,15,308393,31,515399,0.545408415915958,0.601240029420308,0.871063092030546,0.220952112620017
"GO:0009913",8,0,26,0,8,308400,18,515412,0.548463606539905,0.604354074843523,0.821926199659592,0.218708545325461
"GO:0035510",8,0,26,0,8,308400,18,515412,0.548463606539905,0.604354074843523,0.821926199659592,0.218708545325461
"GO:0080111",8,0,26,0,8,308400,18,515412,0.548463606539905,0.604354074843523,0.821926199659592,0.218708545325461
"GO:1902533",25,0,74,0,25,308383,49,515381,0.550235415240388,0.606221579954141,0.902452753004619,0.217368607908696
"GO:0005848",12,0,27,0,12,308396,15,515415,0.551355779119613,0.607370933841253,1.18722673284163,0.216545995385151
"GO:0022626",170,8,438,0,170,308238,268,515162,0.553756713677303,0.609930439354656,1.03679046874869,0.214719692082727
"GO:0016094",32,0,78,0,32,308376,46,515384,0.55883825116428,0.615441342076834,1.09590159954612,0.210813333514661
"GO:1900034",21,1,50,0,21,308387,29,515401,0.5593605379835,0.615930361589888,1.12192926253534,0.210468387327259
"GO:0005967",12,1,28,0,12,308396,16,515414,0.562522123559604,0.6189787750435,1.14482577809729,0.208324242804642
"GO:0008079",12,2,28,0,12,308396,16,515414,0.562522123559604,0.6189787750435,1.14482577809729,0.208324242804642
"GO:0010923",12,1,28,0,12,308396,16,515414,0.562522123559604,0.6189787750435,1.14482577809729,0.208324242804642
"GO:0019212",12,1,28,0,12,308396,16,515414,0.562522123559604,0.6189787750435,1.14482577809729,0.208324242804642
"GO:0051601",12,1,28,0,12,308396,16,515414,0.562522123559604,0.6189787750435,1.14482577809729,0.208324242804642
"GO:0007143",32,0,79,0,32,308376,47,515383,0.563493413802442,0.619604174638777,1.08202942739997,0.207885664804896
"GO:0009880",623,9,1696,0,623,307785,1073,514357,0.56356274014401,0.619604174638777,0.981247094788183,0.207885664804896
"GO:0043062",32,2,79,0,32,308376,47,515383,0.563493413802442,0.619604174638777,1.08202942739997,0.207885664804896
"GO:0052386",32,2,79,0,32,308376,47,515383,0.563493413802442,0.619604174638777,1.08202942739997,0.207885664804896
"GO:0052543",32,2,79,0,32,308376,47,515383,0.563493413802442,0.619604174638777,1.08202942739997,0.207885664804896
"GO:0090114",101,9,258,0,101,308307,157,515273,0.563368285278809,0.619604174638777,1.04572587224132,0.207885664804896
"GO:0030425",27,2,80,0,27,308381,53,515377,0.563991927219519,0.619902883422515,0.901550300251615,0.207676343562001
"GO:0097447",27,2,80,0,27,308381,53,515377,0.563991927219519,0.619902883422515,0.901550300251615,0.207676343562001
"GO:0003896",21,1,51,0,21,308387,30,515400,0.566759869657818,0.62285825686812,1.09993064954445,0.205610773989085
"GO:0048013",9,0,29,0,9,308399,20,515410,0.567274827786786,0.622989319801559,0.829011770346312,0.205519398591243
"GO:0061919",63,1,159,0,63,308345,96,515334,0.567196197069389,0.622989319801559,1.05842383258051,0.205519398591243
"GO:0071564",9,0,29,0,9,308399,20,515410,0.567274827786786,0.622989319801559,0.829011770346312,0.205519398591243
"GO:0071565",9,0,29,0,9,308399,20,515410,0.567274827786786,0.622989319801559,0.829011770346312,0.205519398591243
"GO:0097150",9,0,29,0,9,308399,20,515410,0.567274827786786,0.622989319801559,0.829011770346312,0.205519398591243
"GO:0002200",6,0,13,0,6,308402,7,515423,0.571611140429884,0.625308907374103,1.23288929948939,0.203905384855444
"GO:0002377",6,0,13,0,6,308402,7,515423,0.571611140429884,0.625308907374103,1.23288929948939,0.203905384855444
"GO:0002440",6,0,13,0,6,308402,7,515423,0.571611140429884,0.625308907374103,1.23288929948939,0.203905384855444
"GO:0003407",6,0,13,0,6,308402,7,515423,0.571611140429884,0.625308907374103,1.23288929948939,0.203905384855444
"GO:0006404",6,0,13,0,6,308402,7,515423,0.571611140429884,0.625308907374103,1.23288929948939,0.203905384855444
"GO:0010421",6,0,13,0,6,308402,7,515423,0.571611140429884,0.625308907374103,1.23288929948939,0.203905384855444
"GO:0016445",6,0,13,0,6,308402,7,515423,0.571611140429884,0.625308907374103,1.23288929948939,0.203905384855444
"GO:0021537",6,0,13,0,6,308402,7,515423,0.571611140429884,0.625308907374103,1.23288929948939,0.203905384855444
"GO:0021543",6,0,13,0,6,308402,7,515423,0.571611140429884,0.625308907374103,1.23288929948939,0.203905384855444
"GO:0021766",6,0,13,0,6,308402,7,515423,0.571611140429884,0.625308907374103,1.23288929948939,0.203905384855444
"GO:0032352",6,0,13,0,6,308402,7,515423,0.571611140429884,0.625308907374103,1.23288929948939,0.203905384855444
"GO:0035068",6,0,13,0,6,308402,7,515423,0.571611140429884,0.625308907374103,1.23288929948939,0.203905384855444
"GO:0035281",6,0,13,0,6,308402,7,515423,0.571611140429884,0.625308907374103,1.23288929948939,0.203905384855444
"GO:0036474",6,0,13,0,6,308402,7,515423,0.571611140429884,0.625308907374103,1.23288929948939,0.203905384855444
"GO:0036477",28,2,82,0,28,308380,54,515376,0.570232239934882,0.625308907374103,0.912137611817352,0.203905384855444
"GO:0042272",6,0,13,0,6,308402,7,515423,0.571611140429884,0.625308907374103,1.23288929948939,0.203905384855444
"GO:0046827",6,0,13,0,6,308402,7,515423,0.571611140429884,0.625308907374103,1.23288929948939,0.203905384855444
"GO:0046886",6,0,13,0,6,308402,7,515423,0.571611140429884,0.625308907374103,1.23288929948939,0.203905384855444
"GO:0051030",6,0,13,0,6,308402,7,515423,0.571611140429884,0.625308907374103,1.23288929948939,0.203905384855444
"GO:0070883",6,0,13,0,6,308402,7,515423,0.571611140429884,0.625308907374103,1.23288929948939,0.203905384855444
"GO:0071389",6,0,13,0,6,308402,7,515423,0.571611140429884,0.625308907374103,1.23288929948939,0.203905384855444
"GO:0071431",6,0,13,0,6,308402,7,515423,0.571611140429884,0.625308907374103,1.23288929948939,0.203905384855444
"GO:0075733",6,0,13,0,6,308402,7,515423,0.571611140429884,0.625308907374103,1.23288929948939,0.203905384855444
"GO:1902570",6,0,13,0,6,308402,7,515423,0.571611140429884,0.625308907374103,1.23288929948939,0.203905384855444
"GO:1903800",6,1,13,0,6,308402,7,515423,0.571611140429884,0.625308907374103,1.23288929948939,0.203905384855444
"GO:2000630",6,1,13,0,6,308402,7,515423,0.571611140429884,0.625308907374103,1.23288929948939,0.203905384855444
"GO:2000634",6,1,13,0,6,308402,7,515423,0.571611140429884,0.625308907374103,1.23288929948939,0.203905384855444
"GO:2000637",6,1,13,0,6,308402,7,515423,0.571611140429884,0.625308907374103,1.23288929948939,0.203905384855444
"GO:0006359",13,0,30,0,13,308395,17,515413,0.572306450739121,0.62580863734107,1.15754606452059,0.203558447064421
"GO:0010358",13,0,30,0,13,308395,17,515413,0.572306450739121,0.62580863734107,1.15754606452059,0.203558447064421
"GO:0034517",13,1,30,0,13,308395,17,515413,0.572306450739121,0.62580863734107,1.15754606452059,0.203558447064421
"GO:0030522",106,3,271,0,106,308302,165,515265,0.572514679358468,0.625949382765258,1.0448471431097,0.203460784480513
"GO:0009817",42,2,121,0,42,308366,79,515351,0.573822190671257,0.62729180460549,0.927214266558135,0.202530386363291
"GO:0009896",123,14,343,0,123,308285,220,515210,0.577009110431985,0.6306881029326,0.957915446979364,0.200185361300092
"GO:0031970",18,2,55,0,18,308390,37,515393,0.577610137811243,0.631257393426365,0.874230594183384,0.199793522290361
"GO:0005871",136,1,350,0,136,308272,214,515216,0.581128947839842,0.635014863602892,1.03797537214154,0.197216109188072
"GO:0000291",19,2,57,0,19,308389,38,515392,0.585415090065095,0.639343450193178,0.890420049631225,0.194265779630103
"GO:0002429",19,0,57,0,19,308389,38,515392,0.585415090065095,0.639343450193178,0.890420049631225,0.194265779630103
"GO:0002768",19,0,57,0,19,308389,38,515392,0.585415090065095,0.639343450193178,0.890420049631225,0.194265779630103
"GO:0004165",19,0,57,0,19,308389,38,515392,0.585415090065095,0.639343450193178,0.890420049631225,0.194265779630103
"GO:0042542",115,7,295,0,115,308293,180,515250,0.588507890958333,0.642632004109308,1.04133870211109,0.192037649680916
"GO:0000715",14,0,33,0,14,308394,19,515411,0.591286409210086,0.644682356412991,1.13326188134883,0.19065421534393
"GO:0009141",37,2,92,0,37,308371,55,515375,0.591226920605751,0.644682356412991,1.07431114683767,0.19065421534393
"GO:0009403",14,2,33,0,14,308394,19,515411,0.591286409210086,0.644682356412991,1.13326188134883,0.19065421534393
"GO:0016333",14,0,33,0,14,308394,19,515411,0.591286409210086,0.644682356412991,1.13326188134883,0.19065421534393
"GO:0036099",14,0,33,0,14,308394,19,515411,0.591286409210086,0.644682356412991,1.13326188134883,0.19065421534393
"GO:0048138",14,0,33,0,14,308394,19,515411,0.591286409210086,0.644682356412991,1.13326188134883,0.19065421534393
"GO:0048140",14,0,33,0,14,308394,19,515411,0.591286409210086,0.644682356412991,1.13326188134883,0.19065421534393
"GO:0048442",14,0,33,0,14,308394,19,515411,0.591286409210086,0.644682356412991,1.13326188134883,0.19065421534393
"GO:0048464",14,0,33,0,14,308394,19,515411,0.591286409210086,0.644682356412991,1.13326188134883,0.19065421534393
"GO:0048826",14,0,33,0,14,308394,19,515411,0.591286409210086,0.644682356412991,1.13326188134883,0.19065421534393
"GO:0050307",14,0,33,0,14,308394,19,515411,0.591286409210086,0.644682356412991,1.13326188134883,0.19065421534393
"GO:0045168",32,2,93,0,32,308376,61,515369,0.593075419292897,0.646543373587271,0.919143277038683,0.189402335009793
"GO:0009877",24,0,59,0,24,308384,35,515395,0.593751998626332,0.647012144682514,1.08661429785505,0.189087567369786
"GO:0010964",24,0,59,0,24,308384,35,515395,0.593751998626332,0.647012144682514,1.08661429785505,0.189087567369786
"GO:0016971",24,0,59,0,24,308384,35,515395,0.593751998626332,0.647012144682514,1.08661429785505,0.189087567369786
"GO:0015746",7,0,15,0,7,308401,8,515422,0.594781273356222,0.647237791520622,1.24658806948371,0.188936132666332
"GO:0032648",7,0,15,0,7,308401,8,515422,0.594781273356222,0.647237791520622,1.24658806948371,0.188936132666332
"GO:0032728",7,0,15,0,7,308401,8,515422,0.594781273356222,0.647237791520622,1.24658806948371,0.188936132666332
"GO:0034471",7,3,15,0,7,308401,8,515422,0.594781273356222,0.647237791520622,1.24658806948371,0.188936132666332
"GO:0042171",20,0,60,0,20,308388,40,515390,0.5942059971525,0.647237791520622,0.890420049631224,0.188936132666332
"GO:0042891",7,0,15,0,7,308401,8,515422,0.594781273356222,0.647237791520622,1.24658806948371,0.188936132666332
"GO:0042895",7,0,15,0,7,308401,8,515422,0.594781273356222,0.647237791520622,1.24658806948371,0.188936132666332
"GO:0046039",7,0,15,0,7,308401,8,515422,0.594781273356222,0.647237791520622,1.24658806948371,0.188936132666332
"GO:0046490",7,2,15,0,7,308401,8,515422,0.594781273356222,0.647237791520622,1.24658806948371,0.188936132666332
"GO:0051031",7,0,15,0,7,308401,8,515422,0.594781273356222,0.647237791520622,1.24658806948371,0.188936132666332
"GO:0034708",25,0,61,0,25,308383,36,515394,0.597555132630374,0.650166413830864,1.09477874954659,0.186975468959648
"GO:0000390",38,1,95,0,38,308370,57,515373,0.597894163990127,0.650445392334201,1.06850405955747,0.186789158446622
"GO:1904356",11,1,34,0,11,308397,23,515407,0.598872204150993,0.65141937143521,0.864231224642071,0.186139330845864
"GO:0045430",39,2,97,0,39,308369,58,515372,0.600362170745001,0.652949849144052,1.07401181244179,0.185120174125252
"GO:0006408",11,0,35,0,11,308397,24,515406,0.600767047719313,0.653299930880844,0.839538903938012,0.184887387758557
"GO:0048445",21,0,62,0,21,308387,41,515389,0.601949138423078,0.654404587441854,0.904781663334954,0.184153664878145
"GO:2000134",21,2,62,0,21,308387,41,515389,0.601949138423078,0.654404587441854,0.904781663334954,0.184153664878145
"GO:0009933",653,8,1773,0,653,307755,1120,514310,0.606052375138618,0.658774412743883,0.98383129003247,0.181263277474267
"GO:0035252",40,0,100,0,40,308368,60,515370,0.606356044442201,0.65901350018625,1.06850405955747,0.181105688598192
"GO:0032465",26,1,64,0,26,308382,38,515392,0.607064422746095,0.659601260987889,1.08519943548805,0.180718522767424
"GO:0051781",26,1,64,0,26,308382,38,515392,0.607064422746095,0.659601260987889,1.08519943548805,0.180718522767424
"GO:0014069",15,1,36,0,15,308393,21,515409,0.608585064715323,0.660615227446087,1.11302506203903,0.180051419867145
"GO:0015665",15,1,36,0,15,308393,21,515409,0.608585064715323,0.660615227446087,1.11302506203903,0.180051419867145
"GO:0015930",15,0,36,0,15,308393,21,515409,0.608585064715323,0.660615227446087,1.11302506203903,0.180051419867145
"GO:0052482",15,0,36,0,15,308393,21,515409,0.608585064715323,0.660615227446087,1.11302506203903,0.180051419867145
"GO:0052542",15,0,36,0,15,308393,21,515409,0.608585064715323,0.660615227446087,1.11302506203903,0.180051419867145
"GO:0052544",15,0,36,0,15,308393,21,515409,0.608585064715323,0.660615227446087,1.11302506203903,0.180051419867145
"GO:0080022",15,0,36,0,15,308393,21,515409,0.608585064715323,0.660615227446087,1.11302506203903,0.180051419867145
"GO:0097526",52,5,148,0,52,308356,96,515334,0.610658900331682,0.662774970827382,0.938550863124804,0.178633900730675
"GO:0006613",12,1,37,0,12,308396,25,515405,0.612196328502198,0.664352012402716,0.866354642884435,0.177601745126978
"GO:0006111",7,0,16,0,7,308401,9,515421,0.61282665460779,0.664486422186298,1.16867631514098,0.177513888806746
"GO:0010677",7,0,16,0,7,308401,9,515421,0.61282665460779,0.664486422186298,1.16867631514098,0.177513888806746
"GO:0043178",7,0,16,0,7,308401,9,515421,0.61282665460779,0.664486422186298,1.16867631514098,0.177513888806746
"GO:0045540",7,0,16,0,7,308401,9,515421,0.61282665460779,0.664486422186298,1.16867631514098,0.177513888806746
"GO:0050810",7,0,16,0,7,308401,9,515421,0.61282665460779,0.664486422186298,1.16867631514098,0.177513888806746
"GO:0106118",7,0,16,0,7,308401,9,515421,0.61282665460779,0.664486422186298,1.16867631514098,0.177513888806746
"GO:0004129",16,1,38,0,16,308392,22,515408,0.615721145863836,0.667257277015435,1.12474111532365,0.175706681159166
"GO:0010971",16,0,38,0,16,308392,22,515408,0.615721145863836,0.667257277015435,1.12474111532365,0.175706681159166
"GO:0042158",16,1,38,0,16,308392,22,515408,0.615721145863836,0.667257277015435,1.12474111532365,0.175706681159166
"GO:1902751",16,0,38,0,16,308392,22,515408,0.615721145863836,0.667257277015435,1.12474111532365,0.175706681159166
"GO:0004758",23,2,68,0,23,308385,45,515385,0.616743838201836,0.668273571139002,0.903514462125801,0.175045714000435
"GO:0031297",61,5,154,0,61,308347,93,515337,0.617475777270474,0.668974582806657,1.05809655248386,0.174590382615603
"GO:0007417",75,1,211,0,75,308333,136,515294,0.618649900123021,0.670154398481963,0.949500052924292,0.173825127621973
"GO:0010929",5,0,17,0,5,308403,12,515418,0.620024839863499,0.671274314317902,0.78566474967461,0.173099970368211
"GO:0044528",5,0,17,0,5,308403,12,515418,0.620024839863499,0.671274314317902,0.78566474967461,0.173099970368211
"GO:0071347",5,0,17,0,5,308403,12,515418,0.620024839863499,0.671274314317902,0.78566474967461,0.173099970368211
"GO:0090382",5,0,17,0,5,308403,12,515418,0.620024839863499,0.671274314317902,0.78566474967461,0.173099970368211
"GO:0004449",24,0,70,0,24,308384,46,515384,0.6233233260172,0.674567118835222,0.915860622477831,0.170974831923058
"GO:0008361",24,0,70,0,24,308384,46,515384,0.6233233260172,0.674567118835222,0.915860622477831,0.170974831923058
"GO:0046660",24,0,70,0,24,308384,46,515384,0.6233233260172,0.674567118835222,0.915860622477831,0.170974831923058
"GO:0042157",16,1,39,0,16,308392,23,515407,0.624436925200616,0.675679378031512,1.09590159954612,0.170259335690667
"GO:0071821",13,1,40,0,13,308395,27,515403,0.624829582550429,0.676011335051811,0.868159548390444,0.170046021944189
"GO:0006620",29,0,72,0,29,308379,43,515387,0.627572606949385,0.678646008811656,1.07592422663773,0.168356700694899
"GO:0019682",8,2,18,0,8,308400,10,515420,0.627695832083037,0.678646008811656,1.18722673284163,0.168356700694899
"GO:0031074",8,0,18,0,8,308400,10,515420,0.627695832083037,0.678646008811656,1.18722673284163,0.168356700694899
"GO:0050734",8,0,18,0,8,308400,10,515420,0.627695832083037,0.678646008811656,1.18722673284163,0.168356700694899
"GO:0097064",8,0,18,0,8,308400,10,515420,0.627695832083037,0.678646008811656,1.18722673284163,0.168356700694899
"GO:0006145",17,0,41,0,17,308391,24,515406,0.629643869575652,0.680471793149305,1.1075956714925,0.167189872420235
"GO:0010208",17,2,41,0,17,308391,24,515406,0.629643869575652,0.680471793149305,1.1075956714925,0.167189872420235
"GO:0085029",17,2,41,0,17,308391,24,515406,0.629643869575652,0.680471793149305,1.1075956714925,0.167189872420235
"GO:0033617",40,0,114,0,40,308368,74,515356,0.629853343217878,0.680604738203313,0.93728426276971,0.167105031777985
"GO:0051346",59,3,166,0,59,308349,107,515323,0.631456725859253,0.682243665380736,0.9494237878598,0.166060488055227
"GO:0000280",219,9,570,0,219,308189,351,515079,0.634061930568633,0.684964391030091,1.02632626773283,0.164332005414306
"GO:0010091",14,1,42,0,14,308394,28,515402,0.635467110688522,0.686294017744553,0.890420049631224,0.163489786730563
"GO:0032990",14,0,42,0,14,308394,28,515402,0.635467110688522,0.686294017744553,0.890420049631224,0.163489786730563
"GO:0009798",91,2,233,0,91,308317,142,515288,0.635700062427854,0.686451425436497,1.04328186072671,0.163390188815072
"GO:0016054",110,4,306,0,110,308298,196,515234,0.636569493753224,0.687201735439575,0.960256916268967,0.162915752420587
"GO:0046395",110,4,306,0,110,308298,196,515234,0.636569493753224,0.687201735439575,0.960256916268967,0.162915752420587
"GO:0070478",14,0,43,0,14,308394,29,515401,0.636801894043349,0.687358358687679,0.869712606616545,0.162816781683732
"GO:0006880",47,0,119,0,47,308361,72,515358,0.637042477314468,0.687523770416712,1.05503552099162,0.162712281959738
"GO:0008170",92,8,236,0,92,308316,144,515286,0.637981008948603,0.688442289574147,1.04133870211109,0.162132459720732
"GO:1905428",69,1,176,0,69,308339,107,515323,0.640652455557627,0.691230280996387,1.04725539928218,0.160377244803497
"GO:0071168",27,0,78,0,27,308381,51,515379,0.641590878013161,0.692147922669535,0.924666974617041,0.159801080205256
"GO:0070696",27,0,79,0,27,308381,52,515378,0.642149359142832,0.692655488513617,0.912962329368724,0.159482720135692
"GO:0032507",18,0,44,0,18,308390,26,515404,0.642641088635848,0.692995979416629,1.09278824272923,0.159269285045101
"GO:0045185",18,0,44,0,18,308390,26,515404,0.642641088635848,0.692995979416629,1.09278824272923,0.159269285045101
"GO:0010199",8,0,19,0,8,308400,11,515419,0.645198588570285,0.695658579540513,1.12474111532365,0.157603854357626
"GO:0032807",15,1,45,0,15,308393,30,515400,0.645527612766668,0.695727459980725,0.890420049631224,0.157560854939392
"GO:1900368",15,0,45,0,15,308393,30,515400,0.645527612766668,0.695727459980725,0.890420049631224,0.157560854939392
"GO:1902074",6,0,20,0,6,308402,14,515416,0.645476340839062,0.695727459980725,0.801378044668102,0.157560854939392
"GO:0006474",50,3,127,0,50,308358,77,515353,0.647759965501928,0.698037843727745,1.05167722397389,0.156121031708342
"GO:1901661",19,3,46,0,19,308389,27,515403,0.648150029079498,0.698075937736189,1.10334658323869,0.156097331608989
"GO:1901663",19,3,46,0,19,308389,27,515403,0.648150029079498,0.698075937736189,1.10334658323869,0.156097331608989
"GO:1901989",19,1,46,0,19,308389,27,515403,0.648150029079498,0.698075937736189,1.10334658323869,0.156097331608989
"GO:1901992",19,1,46,0,19,308389,27,515403,0.648150029079498,0.698075937736189,1.10334658323869,0.156097331608989
"GO:0043487",45,3,128,0,45,308363,83,515347,0.64826854306521,0.69810806716954,0.939114896095432,0.156077343361646
"GO:0009944",29,0,84,0,29,308379,55,515375,0.652458528519619,0.702524078307542,0.922220765689483,0.1533387861604
"GO:0000313",47,5,133,0,47,308361,86,515344,0.654844211201988,0.70422590581722,0.943979150360922,0.152288002914615
"GO:0006570",9,0,21,0,9,308399,12,515418,0.654674222236672,0.70422590581722,1.14482577809729,0.152288002914615
"GO:0031048",34,2,85,0,34,308374,51,515379,0.654460442751609,0.70422590581722,1.06850405955747,0.152288002914615
"GO:0046403",9,0,21,0,9,308399,12,515418,0.654674222236672,0.70422590581722,1.14482577809729,0.152288002914615
"GO:0046404",9,0,21,0,9,308399,12,515418,0.654674222236672,0.70422590581722,1.14482577809729,0.152288002914615
"GO:0048027",19,1,47,0,19,308389,28,515402,0.654805992542268,0.70422590581722,1.07987112402085,0.152288002914615
"GO:0070717",9,2,21,0,9,308399,12,515418,0.654674222236672,0.70422590581722,1.14482577809729,0.152288002914615
"GO:0090036",9,0,21,0,9,308399,12,515418,0.654674222236672,0.70422590581722,1.14482577809729,0.152288002914615
"GO:1904667",9,0,21,0,9,308399,12,515418,0.654674222236672,0.70422590581722,1.14482577809729,0.152288002914615
"GO:0010970",30,1,86,0,30,308378,56,515374,0.657437363131335,0.706821486283784,0.931834935660584,0.150690257081724
"GO:0099111",30,1,86,0,30,308378,56,515374,0.657437363131335,0.706821486283784,0.931834935660584,0.150690257081724
"GO:0004103",30,2,87,0,30,308378,57,515373,0.657890059673228,0.707211600402519,0.92112418927368,0.150450624197638
"GO:0030956",20,1,49,0,20,308388,29,515401,0.65891314233444,0.708117987229585,1.09031026485456,0.149894373759977
"GO:0032210",20,1,49,0,20,308388,29,515401,0.65891314233444,0.708117987229585,1.09031026485456,0.149894373759977
"GO:0098657",106,12,273,0,106,308302,167,515263,0.66161621899394,0.710925863488984,1.03719258528472,0.1481756858474
"GO:0006279",7,1,22,0,7,308401,15,515415,0.664699599275913,0.713168222093497,0.849946411011623,0.146808016698188
"GO:0016160",7,0,22,0,7,308401,15,515415,0.664699599275913,0.713168222093497,0.849946411011623,0.146808016698188
"GO:0031329",217,15,566,0,217,308191,349,515081,0.664096669304846,0.713168222093497,1.02414037510588,0.146808016698188
"GO:0035198",7,0,22,0,7,308401,15,515415,0.664699599275913,0.713168222093497,0.849946411011623,0.146808016698188
"GO:0042278",7,0,22,0,7,308401,15,515415,0.664699599275913,0.713168222093497,0.849946411011623,0.146808016698188
"GO:0046128",7,0,22,0,7,308401,15,515415,0.664699599275913,0.713168222093497,0.849946411011623,0.146808016698188
"GO:0046685",7,0,22,0,7,308401,15,515415,0.664699599275913,0.713168222093497,0.849946411011623,0.146808016698188
"GO:0106111",7,1,22,0,7,308401,15,515415,0.664699599275913,0.713168222093497,0.849946411011623,0.146808016698188
"GO:0106112",7,1,22,0,7,308401,15,515415,0.664699599275913,0.713168222093497,0.849946411011623,0.146808016698188
"GO:1905405",7,1,22,0,7,308401,15,515415,0.664699599275913,0.713168222093497,0.849946411011623,0.146808016698188
"GO:1905412",7,1,22,0,7,308401,15,515415,0.664699599275913,0.713168222093497,0.849946411011623,0.146808016698188
"GO:0016278",80,7,206,0,80,308328,126,515304,0.666652356981405,0.715165897268687,1.03738258209463,0.145593203078392
"GO:0035067",7,1,23,0,7,308401,16,515414,0.667262777516076,0.715333322158048,0.812992219228509,0.14549154387449
"GO:0043405",7,0,23,0,7,308401,16,515414,0.667262777516076,0.715333322158048,0.812992219228509,0.14549154387449
"GO:0060148",7,1,23,0,7,308401,16,515414,0.667262777516076,0.715333322158048,0.812992219228509,0.14549154387449
"GO:1901984",7,1,23,0,7,308401,16,515414,0.667262777516076,0.715333322158048,0.812992219228509,0.14549154387449
"GO:2000757",7,1,23,0,7,308401,16,515414,0.667262777516076,0.715333322158048,0.812992219228509,0.14549154387449
"GO:0140013",143,3,371,0,143,308265,228,515202,0.667940547067082,0.715962416464062,1.02962318407492,0.145109774829953
"GO:0009862",76,4,212,0,76,308332,136,515294,0.67052485298603,0.718634668850378,0.95762156281094,0.143491835103503
"GO:0035066",22,0,54,0,22,308386,32,515398,0.673556133012068,0.721294229230173,1.0882911717715,0.141887542402361
"GO:0035265",22,0,54,0,22,308386,32,515398,0.673556133012068,0.721294229230173,1.0882911717715,0.141887542402361
"GO:0051258",22,0,54,0,22,308386,32,515398,0.673556133012068,0.721294229230173,1.0882911717715,0.141887542402361
"GO:0051310",22,2,54,0,22,308386,32,515398,0.673556133012068,0.721294229230173,1.0882911717715,0.141887542402361
"GO:1901985",22,0,54,0,22,308386,32,515398,0.673556133012068,0.721294229230173,1.0882911717715,0.141887542402361
"GO:2000758",22,0,54,0,22,308386,32,515398,0.673556133012068,0.721294229230173,1.0882911717715,0.141887542402361
"GO:0017150",38,0,96,0,38,308370,58,515372,0.674008387182748,0.721680362337132,1.05737380893708,0.141655112139742
"GO:0010021",10,0,24,0,10,308398,14,515416,0.677342617198429,0.7248560471161,1.11302506203903,0.139748233636731
"GO:0015204",10,0,24,0,10,308398,14,515416,0.677342617198429,0.7248560471161,1.11302506203903,0.139748233636731
"GO:0071918",10,0,24,0,10,308398,14,515416,0.677342617198429,0.7248560471161,1.11302506203903,0.139748233636731
"GO:2000896",10,0,24,0,10,308398,14,515416,0.677342617198429,0.7248560471161,1.11302506203903,0.139748233636731
"GO:0007272",19,0,56,0,19,308389,37,515393,0.679270872956808,0.726327127399618,0.906320407660353,0.138867735186048
"GO:0008366",19,0,56,0,19,308389,37,515393,0.679270872956808,0.726327127399618,0.906320407660353,0.138867735186048
"GO:0042552",19,0,56,0,19,308389,37,515393,0.679270872956808,0.726327127399618,0.906320407660353,0.138867735186048
"GO:0050851",19,0,56,0,19,308389,37,515393,0.679270872956808,0.726327127399618,0.906320407660353,0.138867735186048
"GO:0050852",19,0,56,0,19,308389,37,515393,0.679270872956808,0.726327127399618,0.906320407660353,0.138867735186048
"GO:0051101",22,3,55,0,22,308386,33,515397,0.678839104495999,0.726327127399618,1.06850405955747,0.138867735186048
"GO:0010017",40,1,101,0,40,308368,61,515369,0.681271793707891,0.72826881587025,1.05792481144304,0.137708285933995
"GO:0010833",40,1,101,0,40,308368,61,515369,0.681271793707891,0.72826881587025,1.05792481144304,0.137708285933995
"GO:0010225",8,0,25,0,8,308400,17,515413,0.681770310337001,0.728603839665065,0.854803247645975,0.137508544402151
"GO:2001242",8,0,25,0,8,308400,17,515413,0.681770310337001,0.728603839665065,0.854803247645975,0.137508544402151
"GO:0031417",23,1,57,0,23,308385,34,515396,0.682192133447865,0.728856741924755,1.07787690218517,0.137357824638839
"GO:0051303",23,2,57,0,23,308385,34,515396,0.682192133447865,0.728856741924755,1.07787690218517,0.137357824638839
"GO:0015112",36,1,102,0,36,308372,66,515364,0.683702539967024,0.730371338664732,0.942797699609532,0.136456277784792
"GO:0099516",63,0,161,0,63,308345,98,515332,0.684070499172838,0.730665260446212,1.04527571043665,0.136281540739044
"GO:0006566",11,1,26,0,11,308397,15,515415,0.686187455657971,0.732230940889189,1.13014852453194,0.135351923674193
"GO:0010888",11,0,26,0,11,308397,15,515415,0.686187455657971,0.732230940889189,1.13014852453194,0.135351923674193
"GO:0032279",20,3,58,0,20,308388,38,515392,0.686065115749391,0.732230940889189,0.92112418927368,0.135351923674193
"GO:0034088",11,3,26,0,11,308397,15,515415,0.686187455657971,0.732230940889189,1.13014852453194,0.135351923674193
"GO:0045048",20,0,58,0,20,308388,38,515392,0.686065115749391,0.732230940889189,0.92112418927368,0.135351923674193
"GO:0098984",20,3,58,0,20,308388,38,515392,0.686065115749391,0.732230940889189,0.92112418927368,0.135351923674193
"GO:1905953",11,0,26,0,11,308397,15,515415,0.686187455657971,0.732230940889189,1.13014852453194,0.135351923674193
"GO:0043603",292,19,796,0,292,308116,504,514926,0.6869759988633,0.73297303646678,0.979909501855468,0.134912001251198
"GO:0006208",24,0,60,0,24,308384,36,515394,0.690491871292233,0.736524662711715,1.06850405955747,0.132812706119006
"GO:0098781",24,1,60,0,24,308384,36,515394,0.690491871292233,0.736524662711715,1.06850405955747,0.132812706119006
"GO:0051762",25,0,62,0,25,308383,37,515393,0.694153977319567,0.740330593342316,1.07712102777971,0.130574303508219
"GO:0006379",9,3,28,0,9,308399,19,515411,0.697130338973432,0.741997029258904,0.858619333572966,0.129597833506752
"GO:0007268",9,1,28,0,9,308399,19,515411,0.697130338973432,0.741997029258904,0.858619333572966,0.129597833506752
"GO:0010470",11,1,27,0,11,308397,16,515414,0.696761627003906,0.741997029258904,1.0882911717715,0.129597833506752
"GO:0030099",9,1,28,0,9,308399,19,515411,0.697130338973432,0.741997029258904,0.858619333572966,0.129597833506752
"GO:0033567",44,4,112,0,44,308364,68,515362,0.696795372124012,0.741997029258904,1.04942362992251,0.129597833506752
"GO:0035987",11,1,27,0,11,308397,16,515414,0.696761627003906,0.741997029258904,1.0882911717715,0.129597833506752
"GO:0043879",11,1,27,0,11,308397,16,515414,0.696761627003906,0.741997029258904,1.0882911717715,0.129597833506752
"GO:0071012",11,0,27,0,11,308397,16,515414,0.696761627003906,0.741997029258904,1.0882911717715,0.129597833506752
"GO:0097339",11,1,27,0,11,308397,16,515414,0.696761627003906,0.741997029258904,1.0882911717715,0.129597833506752
"GO:0098916",9,1,28,0,9,308399,19,515411,0.697130338973432,0.741997029258904,0.858619333572966,0.129597833506752
"GO:0099536",9,1,28,0,9,308399,19,515411,0.697130338973432,0.741997029258904,0.858619333572966,0.129597833506752
"GO:0099537",9,1,28,0,9,308399,19,515411,0.697130338973432,0.741997029258904,0.858619333572966,0.129597833506752
"GO:1900866",11,1,27,0,11,308397,16,515414,0.696761627003906,0.741997029258904,1.0882911717715,0.129597833506752
"GO:1903224",11,1,27,0,11,308397,16,515414,0.696761627003906,0.741997029258904,1.0882911717715,0.129597833506752
"GO:2000067",11,1,27,0,11,308397,16,515414,0.696761627003906,0.741997029258904,1.0882911717715,0.129597833506752
"GO:0005086",25,5,63,0,25,308383,38,515392,0.69846891153128,0.743321248015984,1.0600238686086,0.128823452607785
"GO:0032469",22,1,64,0,22,308386,42,515388,0.698897397702122,0.743475718204203,0.9182456761822,0.128733210897413
"GO:0048825",22,0,64,0,22,308386,42,515388,0.698897397702122,0.743475718204203,0.9182456761822,0.128733210897413
"GO:0051013",22,0,64,0,22,308386,42,515388,0.698897397702122,0.743475718204203,0.9182456761822,0.128733210897413
"GO:0001302",26,1,65,0,26,308382,39,515391,0.701278297729808,0.745605451070914,1.06850405955747,0.127490925544949
"GO:0006531",26,1,65,0,26,308382,39,515391,0.701278297729808,0.745605451070914,1.06850405955747,0.127490925544949
"GO:0010215",101,1,261,0,101,308307,160,515270,0.701224012228614,0.745605451070914,1.03370603462935,0.127490925544949
"GO:0046939",26,0,65,0,26,308382,39,515391,0.701278297729808,0.745605451070914,1.06850405955747,0.127490925544949
"GO:0001704",12,1,29,0,12,308396,17,515413,0.70283104611187,0.746752057631616,1.10534902712842,0.126823572049143
"GO:0001706",12,1,29,0,12,308396,17,515413,0.70283104611187,0.746752057631616,1.10534902712842,0.126823572049143
"GO:0002832",12,0,29,0,12,308396,17,515413,0.70283104611187,0.746752057631616,1.10534902712842,0.126823572049143
"GO:0007492",12,1,29,0,12,308396,17,515413,0.70283104611187,0.746752057631616,1.10534902712842,0.126823572049143
"GO:0010482",12,0,29,0,12,308396,17,515413,0.70283104611187,0.746752057631616,1.10534902712842,0.126823572049143
"GO:0098687",132,3,363,0,132,308276,231,515199,0.704315942292618,0.748228758127866,0.971367326870427,0.125965603734416
"GO:0046364",27,1,68,0,27,308381,41,515389,0.7081904534196,0.752243320647563,1.06064741206072,0.123641659777692
"GO:0072522",48,2,122,0,48,308360,74,515356,0.708399188354445,0.752363520065595,1.05098759956472,0.123572270296429
"GO:0031021",10,1,30,0,10,308398,20,515410,0.70944952358917,0.753174194159669,0.890420049631224,0.123104568535951
"GO:0042719",10,0,30,0,10,308398,20,515410,0.70944952358917,0.753174194159669,0.890420049631224,0.123104568535951
"GO:0072321",10,0,30,0,10,308398,20,515410,0.70944952358917,0.753174194159669,0.890420049631224,0.123104568535951
"GO:0051222",28,3,70,0,28,308380,42,515388,0.711290124318892,0.755026410280248,1.06850405955747,0.12203785679681
"GO:1905393",148,3,386,0,148,308260,238,515192,0.712987878825257,0.756726517744698,1.02421373584524,0.121061046912032
"GO:0007369",13,1,32,0,13,308395,19,515411,0.717623067225123,0.760722971343411,1.08519943548805,0.118773469275338
"GO:0008934",13,0,32,0,13,308395,19,515411,0.717623067225123,0.760722971343411,1.08519943548805,0.118773469275338
"GO:0009871",13,0,32,0,13,308395,19,515411,0.717623067225123,0.760722971343411,1.08519943548805,0.118773469275338
"GO:0048498",13,0,32,0,13,308395,19,515411,0.717623067225123,0.760722971343411,1.08519943548805,0.118773469275338
"GO:0048559",13,0,32,0,13,308395,19,515411,0.717623067225123,0.760722971343411,1.08519943548805,0.118773469275338
"GO:0048560",13,0,32,0,13,308395,19,515411,0.717623067225123,0.760722971343411,1.08519943548805,0.118773469275338
"GO:0090428",13,0,32,0,13,308395,19,515411,0.717623067225123,0.760722971343411,1.08519943548805,0.118773469275338
"GO:0090707",13,0,32,0,13,308395,19,515411,0.717623067225123,0.760722971343411,1.08519943548805,0.118773469275338
"GO:0140104",13,2,32,0,13,308395,19,515411,0.717623067225123,0.760722971343411,1.08519943548805,0.118773469275338
"GO:0070201",51,4,131,0,51,308357,80,515350,0.71890262260151,0.761976766543569,1.03995624117235,0.118058270544588
"GO:0005984",52,2,133,0,52,308356,81,515349,0.720289005535647,0.763343437207406,1.04440246422911,0.117280023871852
"GO:0045995",26,2,75,0,26,308382,49,515381,0.720609398150654,0.763580183368145,0.926036851616473,0.117145351055662
"GO:0010065",11,3,33,0,11,308397,22,515408,0.72073722302266,0.763612842481074,0.890420049631224,0.11712677622944
"GO:0044297",14,0,34,0,14,308394,20,515410,0.723659390093261,0.766502518677899,1.09993064954445,0.11548641374357
"GO:0051782",14,0,34,0,14,308394,20,515410,0.723659390093261,0.766502518677899,1.09993064954445,0.11548641374357
"GO:0008083",31,2,78,0,31,308377,47,515383,0.725836435352596,0.768705020731284,1.06165467456031,0.114240282364099
"GO:0051028",54,6,139,0,54,308354,85,515345,0.726710736575495,0.769423929834875,1.03775574129682,0.11383431083707
"GO:0071427",54,6,139,0,54,308354,85,515345,0.726710736575495,0.769423929834875,1.03775574129682,0.11383431083707
"GO:0000794",115,7,316,0,115,308293,201,515229,0.727480187472686,0.770135023639724,0.97213581367966,0.113433125631625
"GO:0001751",14,0,35,0,14,308394,21,515409,0.7308881353941,0.773533757748092,1.06850405955747,0.111520728527241
"GO:0001754",14,0,35,0,14,308394,21,515409,0.7308881353941,0.773533757748092,1.06850405955747,0.111520728527241
"GO:0006282",32,1,81,0,32,308376,49,515381,0.730985470514235,0.773533757748092,1.05531265141478,0.111520728527241
"GO:0060628",12,0,36,0,12,308396,24,515406,0.731265087209831,0.773725640660724,0.890420049631224,0.111413010725507
"GO:0016554",83,1,229,0,83,308325,146,515284,0.733222246838476,0.775692182114297,0.968185992830458,0.11031058561103
"GO:0009809",57,2,147,0,57,308351,90,515340,0.733902823878929,0.776307851326919,1.03579475161183,0.109966021500226
"GO:0001891",15,0,37,0,15,308393,22,515408,0.735208950782519,0.777271670770882,1.08294330360554,0.109427160741814
"GO:0010337",15,0,37,0,15,308393,22,515408,0.735208950782519,0.777271670770882,1.08294330360554,0.109427160741814
"GO:0045145",15,5,37,0,15,308393,22,515408,0.735208950782519,0.777271670770882,1.08294330360554,0.109427160741814
"GO:0061929",15,0,37,0,15,308393,22,515408,0.735208950782519,0.777271670770882,1.08294330360554,0.109427160741814
"GO:0051186",289,17,760,0,289,308119,471,514959,0.735908341587317,0.777906601984069,1.01578181977667,0.109072542699077
"GO:0071368",33,2,84,0,33,308375,51,515379,0.736049713185793,0.777951576557272,1.04942362992251,0.109047434743554
"GO:0019058",30,1,85,0,30,308378,55,515375,0.737450812481312,0.779327801832848,0.942797699609532,0.108279830411372
"GO:0000221",34,0,86,0,34,308374,52,515378,0.738385513867757,0.780210840962011,1.05607959374866,0.107788019498119
"GO:0005887",236,9,619,0,236,308172,383,515047,0.739669006116584,0.78146214147762,1.01844490329387,0.107092056858643
"GO:0032206",13,1,38,0,13,308395,25,515405,0.740026219831128,0.781629733330289,0.913852156200467,0.106998928337821
"GO:0060145",13,0,38,0,13,308395,25,515405,0.740026219831128,0.781629733330289,0.913852156200467,0.106998928337821
"GO:0003909",35,4,89,0,35,308373,54,515376,0.742862797907917,0.784310078477886,1.05049556417167,0.105512204218254
"GO:0005092",35,0,89,0,35,308373,54,515376,0.742862797907917,0.784310078477886,1.05049556417167,0.105512204218254
"GO:0016886",35,4,89,0,35,308373,54,515376,0.742862797907917,0.784310078477886,1.05049556417167,0.105512204218254
"GO:0010410",57,3,159,0,57,308351,102,515328,0.743200761395782,0.784561672751454,0.957621562810939,0.105372911754686
"GO:0010466",32,0,90,0,32,308376,58,515372,0.745091850218614,0.786347103488528,0.949781386273306,0.10438570859873
"GO:0010951",32,0,90,0,32,308376,58,515372,0.745091850218614,0.786347103488528,0.949781386273306,0.10438570859873
"GO:0010094",16,0,40,0,16,308392,24,515406,0.745816783072273,0.78669030099758,1.06850405955747,0.104196204158055
"GO:0031932",16,0,40,0,16,308392,24,515406,0.745816783072273,0.78669030099758,1.06850405955747,0.104196204158055
"GO:0048462",16,0,40,0,16,308392,24,515406,0.745816783072273,0.78669030099758,1.06850405955747,0.104196204158055
"GO:1904143",16,0,40,0,16,308392,24,515406,0.745816783072273,0.78669030099758,1.06850405955747,0.104196204158055
"GO:0060147",63,2,163,0,63,308345,100,515330,0.746733788581288,0.787552034259365,1.03245024159694,0.103720742369912
"GO:0015405",136,9,372,0,136,308272,236,515194,0.748069699141183,0.788855280862611,0.976589731853601,0.103002662807777
"GO:0008238",17,2,42,0,17,308391,25,515405,0.750281224771623,0.790975465568798,1.08122434598077,0.101836987214506
"GO:0097501",17,0,42,0,17,308391,25,515405,0.750281224771623,0.790975465568798,1.08122434598077,0.101836987214506
"GO:0000779",66,5,171,0,66,308342,105,515325,0.75249071483068,0.793198568177171,1.03101268904668,0.100618078421999
"GO:0000790",203,9,532,0,203,308205,329,515101,0.753810848070957,0.794483732228487,1.01929663576206,0.0999149909370693
"GO:1901618",17,1,43,0,17,308391,26,515404,0.75560268584538,0.796159060764936,1.05607959374866,0.0990001580016041
"GO:2000035",17,0,43,0,17,308391,26,515404,0.75560268584538,0.796159060764936,1.05607959374866,0.0990001580016041
"GO:0004647",5,0,11,0,5,308403,6,515424,0.756809191671764,0.796364384018196,1.21420915858803,0.0988881712592004
"GO:0010036",5,0,11,0,5,308403,6,515424,0.756809191671764,0.796364384018196,1.21420915858803,0.0988881712592004
"GO:0016408",5,0,11,0,5,308403,6,515424,0.756809191671764,0.796364384018196,1.21420915858803,0.0988881712592004
"GO:0018108",5,0,11,0,5,308403,6,515424,0.756809191671764,0.796364384018196,1.21420915858803,0.0988881712592004
"GO:0018212",5,0,11,0,5,308403,6,515424,0.756809191671764,0.796364384018196,1.21420915858803,0.0988881712592004
"GO:0046339",5,0,11,0,5,308403,6,515424,0.756809191671764,0.796364384018196,1.21420915858803,0.0988881712592004
"GO:0080029",5,0,11,0,5,308403,6,515424,0.756809191671764,0.796364384018196,1.21420915858803,0.0988881712592004
"GO:1901683",5,1,11,0,5,308403,6,515424,0.756809191671764,0.796364384018196,1.21420915858803,0.0988881712592004
"GO:1901684",5,1,11,0,5,308403,6,515424,0.756809191671764,0.796364384018196,1.21420915858803,0.0988881712592004
"GO:2000765",5,0,11,0,5,308403,6,515424,0.756809191671764,0.796364384018196,1.21420915858803,0.0988881712592004
"GO:0007267",65,5,180,0,65,308343,115,515315,0.75826320248937,0.797787286571399,0.964621720433827,0.0981128888282362
"GO:1990190",36,2,101,0,36,308372,65,515365,0.758364108919434,0.797787286571399,0.952132330298735,0.0981128888282362
"GO:0044391",156,7,408,0,156,308252,252,515178,0.758914353214115,0.798259458645312,1.02136417457699,0.0978559267651812
"GO:0051050",41,4,105,0,41,308367,64,515366,0.762552512311681,0.801979075072486,1.04306348671086,0.0958369630114817
"GO:0010022",16,0,47,0,16,308392,31,515399,0.76338361929866,0.802745905840108,0.909365157070187,0.0954219007419437
"GO:0015994",73,3,189,0,73,308335,116,515314,0.763800320862312,0.80307681659251,1.0317565654457,0.095242911226106
"GO:0016444",38,1,107,0,38,308370,69,515361,0.764576409228809,0.803785455855928,0.948671828579062,0.094859856440402
"GO:0019318",69,2,191,0,69,308339,122,515308,0.764995670878837,0.804118830439071,0.965010210856877,0.0946797676811709
"GO:0016723",17,0,49,0,17,308391,32,515398,0.768862293004121,0.808075296465747,0.926763725126377,0.0925481697749176
"GO:0008199",43,0,111,0,43,308365,68,515362,0.769506937923012,0.808536921426849,1.03481249011196,0.0923001434683665
"GO:0043488",43,5,111,0,43,308365,68,515362,0.769506937923012,0.808536921426849,1.03481249011196,0.0923001434683665
"GO:0000276",5,0,12,0,5,308403,7,515423,0.771773437868088,0.808759385369754,1.11302506203903,0.0921806664584591
"GO:0002178",5,0,12,0,5,308403,7,515423,0.771773437868088,0.808759385369754,1.11302506203903,0.0921806664584591
"GO:0005826",5,0,12,0,5,308403,7,515423,0.771773437868088,0.808759385369754,1.11302506203903,0.0921806664584591
"GO:0006667",5,0,12,0,5,308403,7,515423,0.771773437868088,0.808759385369754,1.11302506203903,0.0921806664584591
"GO:0006670",5,0,12,0,5,308403,7,515423,0.771773437868088,0.808759385369754,1.11302506203903,0.0921806664584591
"GO:0006684",5,0,12,0,5,308403,7,515423,0.771773437868088,0.808759385369754,1.11302506203903,0.0921806664584591
"GO:0006686",5,0,12,0,5,308403,7,515423,0.771773437868088,0.808759385369754,1.11302506203903,0.0921806664584591
"GO:0030665",5,0,12,0,5,308403,7,515423,0.771773437868088,0.808759385369754,1.11302506203903,0.0921806664584591
"GO:0031211",5,0,12,0,5,308403,7,515423,0.771773437868088,0.808759385369754,1.11302506203903,0.0921806664584591
"GO:0046511",5,0,12,0,5,308403,7,515423,0.771773437868088,0.808759385369754,1.11302506203903,0.0921806664584591
"GO:0046520",5,0,12,0,5,308403,7,515423,0.771773437868088,0.808759385369754,1.11302506203903,0.0921806664584591
"GO:0050688",5,0,12,0,5,308403,7,515423,0.771773437868088,0.808759385369754,1.11302506203903,0.0921806664584591
"GO:0051575",5,0,12,0,5,308403,7,515423,0.771773437868088,0.808759385369754,1.11302506203903,0.0921806664584591
"GO:0051984",5,1,12,0,5,308403,7,515423,0.771773437868088,0.808759385369754,1.11302506203903,0.0921806664584591
"GO:0070938",5,0,12,0,5,308403,7,515423,0.771773437868088,0.808759385369754,1.11302506203903,0.0921806664584591
"GO:1902298",5,0,12,0,5,308403,7,515423,0.771773437868088,0.808759385369754,1.11302506203903,0.0921806664584591
"GO:1904502",5,0,12,0,5,308403,7,515423,0.771773437868088,0.808759385369754,1.11302506203903,0.0921806664584591
"GO:1904504",5,0,12,0,5,308403,7,515423,0.771773437868088,0.808759385369754,1.11302506203903,0.0921806664584591
"GO:1905961",5,0,12,0,5,308403,7,515423,0.771773437868088,0.808759385369754,1.11302506203903,0.0921806664584591
"GO:1990505",5,0,12,0,5,308403,7,515423,0.771773437868088,0.808759385369754,1.11302506203903,0.0921806664584591
"GO:0071260",20,1,51,0,20,308388,31,515399,0.774561559799865,0.811573086482702,1.04755299956615,0.0906723635433925
"GO:0000326",21,1,53,0,21,308387,32,515398,0.777173491801616,0.813768253187326,1.05842383258051,0.089499256894257
"GO:0008608",21,3,53,0,21,308387,32,515398,0.777173491801616,0.813768253187326,1.05842383258051,0.089499256894257
"GO:0010827",21,0,53,0,21,308387,32,515398,0.777173491801616,0.813768253187326,1.05842383258051,0.089499256894257
"GO:0034502",46,1,119,0,46,308362,73,515357,0.777100677714254,0.813768253187326,1.0325879567152,0.089499256894257
"GO:0046324",21,0,53,0,21,308387,32,515398,0.777173491801616,0.813768253187326,1.05842383258051,0.089499256894257
"GO:0001541",19,0,55,0,19,308389,36,515394,0.780758780045915,0.817196265991417,0.922798960526905,0.0876736264534765
"GO:0014003",19,0,55,0,19,308389,36,515394,0.780758780045915,0.817196265991417,0.922798960526905,0.0876736264534765
"GO:0048709",19,0,55,0,19,308389,36,515394,0.780758780045915,0.817196265991417,0.922798960526905,0.0876736264534765
"GO:0006313",6,0,14,0,6,308402,8,515422,0.7838090273877,0.81984382986925,1.14482577809729,0.0862688674765437
"GO:0009547",6,3,14,0,6,308402,8,515422,0.7838090273877,0.81984382986925,1.14482577809729,0.0862688674765437
"GO:0016540",6,0,14,0,6,308402,8,515422,0.7838090273877,0.81984382986925,1.14482577809729,0.0862688674765437
"GO:0051273",22,3,56,0,22,308386,34,515396,0.78358496315288,0.81984382986925,1.04942362992251,0.0862688674765437
"GO:0051385",6,0,14,0,6,308402,8,515422,0.7838090273877,0.81984382986925,1.14482577809729,0.0862688674765437
"GO:0043413",46,2,128,0,46,308362,82,515348,0.784341088208001,0.820291357296849,0.959984116008664,0.0860318642116287
"GO:0009986",89,7,232,0,89,308319,143,515287,0.786264981932992,0.822194200023447,1.02475066056697,0.0850255911736409
"GO:1905622",23,2,58,0,23,308385,35,515395,0.786402222021768,0.822228488744237,1.05929281766473,0.0850074797691531
"GO:0016052",87,4,239,0,87,308321,152,515278,0.789285826406635,0.825133867924705,0.972383401480124,0.0834755867414099
"GO:0009865",23,1,59,0,23,308385,36,515394,0.789699344082888,0.825346951224176,1.04133870211109,0.0833634486291863
"GO:0048586",23,0,59,0,23,308385,36,515394,0.789699344082888,0.825346951224176,1.04133870211109,0.0833634486291863
"GO:0045815",21,0,60,0,21,308387,39,515391,0.790033786847665,0.825586880401543,0.934941052112786,0.0832372171394497
"GO:0006572",52,2,135,0,52,308356,83,515347,0.790278594467013,0.8257330894139,1.02892983512941,0.0831603116715839
"GO:0001300",25,0,64,0,25,308383,39,515391,0.797091290861589,0.831879253969859,1.04346099566159,0.0799397063296648
"GO:0006530",25,0,64,0,25,308383,39,515391,0.797091290861589,0.831879253969859,1.04346099566159,0.0799397063296648
"GO:0006532",25,0,64,0,25,308383,39,515391,0.797091290861589,0.831879253969859,1.04346099566159,0.0799397063296648
"GO:0006533",25,0,64,0,25,308383,39,515391,0.797091290861589,0.831879253969859,1.04346099566159,0.0799397063296648
"GO:0019266",25,0,64,0,25,308383,39,515391,0.797091290861589,0.831879253969859,1.04346099566159,0.0799397063296648
"GO:0019918",6,0,15,0,6,308402,9,515421,0.797111942669543,0.831879253969859,1.06850405955747,0.0799397063296648
"GO:0035241",6,0,15,0,6,308402,9,515421,0.797111942669543,0.831879253969859,1.06850405955747,0.0799397063296648
"GO:0035672",6,0,15,0,6,308402,9,515421,0.797111942669543,0.831879253969859,1.06850405955747,0.0799397063296648
"GO:0042374",6,0,15,0,6,308402,9,515421,0.797111942669543,0.831879253969859,1.06850405955747,0.0799397063296648
"GO:0004514",5,0,16,0,5,308403,11,515419,0.7974604235946,0.831912066596434,0.834768796529273,0.0799225763657277
"GO:0034213",5,0,16,0,5,308403,11,515419,0.7974604235946,0.831912066596434,0.834768796529273,0.0799225763657277
"GO:0043406",5,0,16,0,5,308403,11,515419,0.7974604235946,0.831912066596434,0.834768796529273,0.0799225763657277
"GO:0061982",95,2,260,0,95,308313,165,515265,0.797872430165713,0.832231584770702,0.976037362095765,0.0797558059291204
"GO:0009897",58,3,151,0,58,308350,93,515337,0.801366034717992,0.835764894713835,1.02604694460817,0.077915874819885
"GO:0000726",55,4,152,0,55,308353,97,515333,0.801692928278327,0.835995063108623,0.966574395981263,0.0777962872392296
"GO:0043649",26,0,67,0,26,308382,41,515389,0.802147923121101,0.836247973885486,1.03660841598859,0.0776649214590011
"GO:1902584",26,0,67,0,26,308382,41,515389,0.802147923121101,0.836247973885486,1.03660841598859,0.0776649214590011
"GO:0008406",24,0,68,0,24,308384,44,515386,0.802467496753647,0.836359610015187,0.942797699609532,0.0776069485600991
"GO:0045137",24,0,68,0,24,308384,44,515386,0.802467496753647,0.836359610015187,0.942797699609532,0.0776069485600991
"GO:0007420",56,1,154,0,56,308352,98,515332,0.803419378526556,0.837130026176181,0.971367326870427,0.0772070805192222
"GO:0060322",56,1,154,0,56,308352,98,515332,0.803419378526556,0.837130026176181,0.971367326870427,0.0772070805192222
"GO:0031313",7,4,17,0,7,308401,10,515420,0.804163330515924,0.837461798891567,1.09993064954445,0.0770349943316913
"GO:0034756",7,0,17,0,7,308401,10,515420,0.804163330515924,0.837461798891567,1.09993064954445,0.0770349943316913
"GO:0061650",7,0,17,0,7,308401,10,515420,0.804163330515924,0.837461798891567,1.09993064954445,0.0770349943316913
"GO:2000038",7,1,17,0,7,308401,10,515420,0.804163330515924,0.837461798891567,1.09993064954445,0.0770349943316913
"GO:0022406",25,6,70,0,25,308383,45,515385,0.806091273155892,0.839136538254851,0.95402148174774,0.0761673681508799
"GO:0034338",25,0,70,0,25,308383,45,515385,0.806091273155892,0.839136538254851,0.95402148174774,0.0761673681508799
"GO:0140056",25,6,70,0,25,308383,45,515385,0.806091273155892,0.839136538254851,0.95402148174774,0.0761673681508799
"GO:0009126",26,2,73,0,26,308382,47,515383,0.809517895443225,0.842258111674474,0.9514077242635,0.074554797695018
"GO:0009167",26,2,73,0,26,308382,47,515383,0.809517895443225,0.842258111674474,0.9514077242635,0.074554797695018
"GO:0009668",26,0,73,0,26,308382,47,515383,0.809517895443225,0.842258111674474,0.9514077242635,0.074554797695018
"GO:1902749",26,1,73,0,26,308382,47,515383,0.809517895443225,0.842258111674474,0.9514077242635,0.074554797695018
"GO:0015137",29,0,74,0,29,308379,45,515385,0.810342003810379,0.842892739692826,1.04684519348536,0.0742276869687139
"GO:0030330",29,1,74,0,29,308379,45,515385,0.810342003810379,0.842892739692826,1.04684519348536,0.0742276869687139
"GO:0016645",6,2,18,0,6,308402,12,515418,0.811482007141963,0.843632641339347,0.890420049631224,0.0738466251400988
"GO:0030880",178,14,468,0,178,308230,290,515140,0.811244854979467,0.843632641339347,1.01599210791255,0.0738466251400988
"GO:0046519",6,1,18,0,6,308402,12,515418,0.811482007141963,0.843632641339347,0.890420049631224,0.0738466251400988
"GO:1903008",6,0,18,0,6,308402,12,515418,0.811482007141963,0.843632641339347,0.890420049631224,0.0738466251400988
"GO:0035064",62,0,171,0,62,308346,109,515321,0.812709406868238,0.844797101659417,0.9685270715287,0.0732475847907092
"GO:0010112",27,1,76,0,27,308381,49,515381,0.812925400773092,0.844798515496473,0.949000316054331,0.0732468579639757
"GO:0034067",27,2,76,0,27,308381,49,515381,0.812925400773092,0.844798515496473,0.949000316054331,0.0732468579639757
"GO:0017091",6,0,19,0,6,308402,13,515417,0.813253162922217,0.844916048373194,0.843555836492739,0.0731864408012479
"GO:0046622",6,1,19,0,6,308402,13,515417,0.813253162922217,0.844916048373194,0.843555836492739,0.0731864408012479
"GO:0015185",30,4,77,0,30,308378,47,515383,0.814169826369278,0.845645187119535,1.04075070736117,0.0728118185195292
"GO:0015812",30,4,77,0,30,308378,47,515383,0.814169826369278,0.845645187119535,1.04075070736117,0.0728118185195292
"GO:0006909",28,2,78,0,28,308380,50,515380,0.816025521133581,0.847460805061155,0.958913899602857,0.0718803787169615
"GO:0010197",66,4,181,0,66,308342,115,515315,0.818113435924773,0.849517077905265,0.974050662027527,0.070827886052772
"GO:0016104",124,6,326,0,124,308284,202,515228,0.819156280792668,0.850487766077537,1.01606214252397,0.0703319291569163
"GO:0089701",32,1,82,0,32,308376,50,515380,0.819643127377794,0.850881009985229,1.04244298493412,0.0701311688460454
"GO:0000388",8,0,20,0,8,308400,12,515418,0.820250506346368,0.851399259751927,1.06850405955747,0.0698667317555388
"GO:0006816",123,9,335,0,123,308285,212,515218,0.821411514456298,0.852491950138428,0.98079103974305,0.0693097132468626
"GO:0032386",32,2,83,0,32,308376,51,515379,0.821587121299416,0.852561800536383,1.02988343089877,0.069274130037365
"GO:0006977",7,1,21,0,7,308401,14,515416,0.823363079673279,0.85339225321765,0.890420049631224,0.0688513038250747
"GO:0031571",7,1,21,0,7,308401,14,515416,0.823363079673279,0.85339225321765,0.890420049631224,0.0688513038250747
"GO:0044783",7,1,21,0,7,308401,14,515416,0.823363079673279,0.85339225321765,0.890420049631224,0.0688513038250747
"GO:0044819",7,1,21,0,7,308401,14,515416,0.823363079673279,0.85339225321765,0.890420049631224,0.0688513038250747
"GO:0045334",7,0,21,0,7,308401,14,515416,0.823363079673279,0.85339225321765,0.890420049631224,0.0688513038250747
"GO:0072431",7,1,21,0,7,308401,14,515416,0.823363079673279,0.85339225321765,0.890420049631224,0.0688513038250747
"GO:1902400",7,1,21,0,7,308401,14,515416,0.823363079673279,0.85339225321765,0.890420049631224,0.0688513038250747
"GO:1902402",7,1,21,0,7,308401,14,515416,0.823363079673279,0.85339225321765,0.890420049631224,0.0688513038250747
"GO:1902403",7,1,21,0,7,308401,14,515416,0.823363079673279,0.85339225321765,0.890420049631224,0.0688513038250747
"GO:0006842",9,0,22,0,9,308399,13,515417,0.826338271865785,0.856025118585006,1.09278824272923,0.0675134915111542
"GO:0015142",9,0,22,0,9,308399,13,515417,0.826338271865785,0.856025118585006,1.09278824272923,0.0675134915111542
"GO:0035674",9,0,22,0,9,308399,13,515417,0.826338271865785,0.856025118585006,1.09278824272923,0.0675134915111542
"GO:0097223",9,0,22,0,9,308399,13,515417,0.826338271865785,0.856025118585006,1.09278824272923,0.0675134915111542
"GO:0006754",35,1,91,0,35,308373,56,515374,0.829379615282684,0.859062675198065,1.02740774957449,0.0659751499059959
"GO:0072665",34,5,94,0,34,308374,60,515370,0.83203239791943,0.861583666985235,0.966200479387073,0.06470254253902
"GO:0072666",34,5,94,0,34,308374,60,515370,0.83203239791943,0.861583666985235,0.966200479387073,0.06470254253902
"GO:0008157",9,0,23,0,9,308399,14,515416,0.83340254254473,0.862775488547095,1.04527571043665,0.0641022017011029
"GO:0140014",83,6,217,0,83,308325,134,515296,0.833393585556637,0.862775488547095,1.02172623206532,0.0641022017011029
"GO:0019003",8,0,24,0,8,308400,16,515414,0.833688693443049,0.862958237315409,0.890420049631224,0.0640102213674506
"GO:0030496",38,3,99,0,38,308370,61,515369,0.836232988587666,0.865478054977927,1.02533217836323,0.0627439396000483
"GO:0015616",36,1,100,0,36,308372,64,515366,0.836505554974788,0.865646342679313,0.961653653601723,0.0626595015083511
"GO:0060237",10,0,25,0,10,308398,15,515415,0.837419038784372,0.866477743600233,1.06850405955747,0.0622425881211471
"GO:0010383",91,6,239,0,91,308317,148,515282,0.841282727912948,0.870361103184482,1.0170906843068,0.0603005260211339
"GO:0004865",9,0,26,0,9,308399,17,515413,0.841755962541693,0.870621854832244,0.924666974617041,0.0601704351410421
"GO:0047782",9,0,26,0,9,308399,17,515413,0.841755962541693,0.870621854832244,0.924666974617041,0.0601704351410421
"GO:0007317",9,0,27,0,9,308399,18,515412,0.842757371491349,0.870970989678338,0.890420049631224,0.0599963102419786
"GO:0060281",9,0,27,0,9,308399,18,515412,0.842757371491349,0.870970989678338,0.890420049631224,0.0599963102419786
"GO:0071346",9,0,27,0,9,308399,18,515412,0.842757371491349,0.870970989678338,0.890420049631224,0.0599963102419786
"GO:1902875",9,0,27,0,9,308399,18,515412,0.842757371491349,0.870970989678338,0.890420049631224,0.0599963102419786
"GO:1903429",9,0,27,0,9,308399,18,515412,0.842757371491349,0.870970989678338,0.890420049631224,0.0599963102419786
"GO:1905879",9,0,27,0,9,308399,18,515412,0.842757371491349,0.870970989678338,0.890420049631224,0.0599963102419786
"GO:0010975",43,0,112,0,43,308365,69,515361,0.845534962796803,0.873612183637804,1.02557309287882,0.058681317805809
"GO:0043001",43,4,112,0,43,308365,69,515361,0.845534962796803,0.873612183637804,1.02557309287882,0.058681317805809
"GO:0031010",41,1,113,0,41,308367,72,515358,0.84624295333157,0.874228940764583,0.969218284111864,0.0583748205799319
"GO:0042659",11,1,28,0,11,308397,17,515413,0.846967524721432,0.874862662984794,1.04942362992251,0.0580601177081667
"GO:0009152",44,2,115,0,44,308364,71,515359,0.847778572146605,0.875585531348474,1.02204736131584,0.0577014235630313
"GO:0009504",45,4,117,0,45,308363,72,515358,0.848649760840313,0.876237570821652,1.02740774957449,0.0573781293241209
"GO:0032496",10,0,29,0,10,308398,19,515411,0.8489664574005,0.876237570821652,0.92112418927368,0.0573781293241209
"GO:0036294",10,0,29,0,10,308398,19,515411,0.8489664574005,0.876237570821652,0.92112418927368,0.0573781293241209
"GO:0071453",10,0,29,0,10,308398,19,515411,0.8489664574005,0.876237570821652,0.92112418927368,0.0573781293241209
"GO:0140029",10,3,29,0,10,308398,19,515411,0.8489664574005,0.876237570821652,0.92112418927368,0.0573781293241209
"GO:0006788",12,0,30,0,12,308396,18,515412,0.85079991984928,0.877784661737029,1.06850405955747,0.056612012214182
"GO:0033503",46,0,120,0,46,308362,74,515356,0.85067901256423,0.877784661737029,1.02398305707591,0.056612012214182
"GO:1902115",12,0,30,0,12,308396,18,515412,0.85079991984928,0.877784661737029,1.06850405955747,0.056612012214182
"GO:0010279",102,5,278,0,102,308306,176,515254,0.852537886152325,0.879462487195794,0.98010264455811,0.0557826803126206
"GO:0001077",11,1,32,0,11,308397,21,515409,0.855561878439364,0.881773122162173,0.9182456761822,0.0546431432898688
"GO:0009952",12,0,31,0,12,308396,19,515411,0.855313359555416,0.881773122162173,1.03403618666852,0.0546431432898688
"GO:0010204",11,0,32,0,11,308397,21,515409,0.855561878439364,0.881773122162173,0.9182456761822,0.0546431432898688
"GO:0048194",109,11,287,0,109,308299,178,515252,0.854943538814005,0.881773122162173,1.01452040498052,0.0546431432898688
"GO:0090708",11,1,32,0,11,308397,21,515409,0.855561878439364,0.881773122162173,0.9182456761822,0.0546431432898688
"GO:1903189",12,1,31,0,12,308396,19,515411,0.855313359555416,0.881773122162173,1.03403618666852,0.0546431432898688
"GO:1990351",11,1,32,0,11,308397,21,515409,0.855561878439364,0.881773122162173,0.9182456761822,0.0546431432898688
"GO:0010586",13,0,33,0,13,308395,20,515410,0.857994761150555,0.884049052326855,1.05231460410963,0.0535236370640157
"GO:0046855",13,0,33,0,13,308395,20,515410,0.857994761150555,0.884049052326855,1.05231460410963,0.0535236370640157
"GO:0010016",209,5,552,0,209,308199,343,515087,0.860344582917015,0.886354214987926,1.01140103463547,0.0523926857064077
"GO:0000982",12,1,35,0,12,308396,23,515407,0.861612230553903,0.887544030217263,0.915860622477831,0.0518100928012374
"GO:0000095",14,1,36,0,14,308394,22,515408,0.864481008778098,0.890033285521997,1.03882339123643,0.0505937512784365
"GO:0001745",14,0,36,0,14,308394,22,515408,0.864481008778098,0.890033285521997,1.03882339123643,0.0505937512784365
"GO:0015805",14,1,36,0,14,308394,22,515408,0.864481008778098,0.890033285521997,1.03882339123643,0.0505937512784365
"GO:1901962",14,1,36,0,14,308394,22,515408,0.864481008778098,0.890033285521997,1.03882339123643,0.0505937512784365
"GO:0008272",58,4,152,0,58,308350,94,515336,0.867079238709756,0.89234673043696,1.01929663576206,0.0494663632736687
"GO:0008298",15,1,38,0,15,308393,23,515407,0.867181464410917,0.89234673043696,1.05444479561592,0.0494663632736687
"GO:0043564",15,0,38,0,15,308393,23,515407,0.867181464410917,0.89234673043696,1.05444479561592,0.0494663632736687
"GO:0046530",15,0,38,0,15,308393,23,515407,0.867181464410917,0.89234673043696,1.05444479561592,0.0494663632736687
"GO:0016042",132,4,348,0,132,308276,216,515214,0.868053012355481,0.893126821756939,1.01323660820105,0.04908686801115
"GO:0031098",14,0,40,0,14,308394,26,515404,0.870591036092961,0.895153165637904,0.934941052112786,0.0481026481476063
"GO:0043248",61,2,160,0,61,308347,99,515331,0.870399926519737,0.895153165637904,1.01841793176571,0.0481026481476063
"GO:0048812",14,0,40,0,14,308394,26,515404,0.870591036092961,0.895153165637904,0.934941052112786,0.0481026481476063
"GO:0048858",14,0,40,0,14,308394,26,515404,0.870591036092961,0.895153165637904,0.934941052112786,0.0481026481476063
"GO:0120039",14,0,40,0,14,308394,26,515404,0.870591036092961,0.895153165637904,0.934941052112786,0.0481026481476063
"GO:0010067",16,2,41,0,16,308392,25,515405,0.872325912385598,0.896351596697484,1.04244298493412,0.0475216035590612
"GO:0043478",16,1,41,0,16,308392,25,515405,0.872325912385598,0.896351596697484,1.04244298493412,0.0475216035590612
"GO:0043479",16,1,41,0,16,308392,25,515405,0.872325912385598,0.896351596697484,1.04244298493412,0.0475216035590612
"GO:0043480",16,1,41,0,16,308392,25,515405,0.872325912385598,0.896351596697484,1.04244298493412,0.0475216035590612
"GO:0043481",16,1,41,0,16,308392,25,515405,0.872325912385598,0.896351596697484,1.04244298493412,0.0475216035590612
"GO:0065004",64,4,174,0,64,308344,110,515320,0.875910452266333,0.899917394967447,0.982532468558592,0.045797353400982
"GO:0006165",17,0,44,0,17,308391,27,515403,0.877094417553856,0.900311286345541,1.03207778479983,0.0456073054848688
"GO:0006301",17,0,44,0,17,308391,27,515403,0.877094417553856,0.900311286345541,1.03207778479983,0.0456073054848688
"GO:0009132",17,0,44,0,17,308391,27,515403,0.877094417553856,0.900311286345541,1.03207778479983,0.0456073054848688
"GO:0032074",17,0,44,0,17,308391,27,515403,0.877094417553856,0.900311286345541,1.03207778479983,0.0456073054848688
"GO:0060701",17,0,44,0,17,308391,27,515403,0.877094417553856,0.900311286345541,1.03207778479983,0.0456073054848688
"GO:1901918",17,0,44,0,17,308391,27,515403,0.877094417553856,0.900311286345541,1.03207778479983,0.0456073054848688
"GO:1905778",17,0,44,0,17,308391,27,515403,0.877094417553856,0.900311286345541,1.03207778479983,0.0456073054848688
"GO:0048439",16,0,45,0,16,308392,29,515401,0.878207742456894,0.901336551319514,0.949781386273306,0.0451130169125498
"GO:0005930",18,2,46,0,18,308390,28,515402,0.879133062945857,0.901815933217329,1.04527571043665,0.0448820958788202
"GO:0010229",18,0,46,0,18,308390,28,515402,0.879133062945857,0.901815933217329,1.04527571043665,0.0448820958788202
"GO:0032838",18,2,46,0,18,308390,28,515402,0.879133062945857,0.901815933217329,1.04527571043665,0.0448820958788202
"GO:0097014",18,2,46,0,18,308390,28,515402,0.879133062945857,0.901815933217329,1.04527571043665,0.0448820958788202
"GO:0030527",631,42,1694,0,631,307777,1063,514367,0.880196497374289,0.902789163170085,0.995020752037726,0.0444136627131061
"GO:0045717",18,0,47,0,18,308390,29,515401,0.88152906758995,0.903920388181332,1.02303580170396,0.0438698178610016
"GO:0071818",18,1,47,0,18,308390,29,515401,0.88152906758995,0.903920388181332,1.02303580170396,0.0438698178610016
"GO:0030866",19,3,49,0,19,308389,30,515400,0.883042661793898,0.905236597687403,1.03579475161183,0.0432378963297776
"GO:0033186",19,0,49,0,19,308389,30,515400,0.883042661793898,0.905236597687403,1.03579475161183,0.0432378963297776
"GO:0002576",18,2,50,0,18,308390,32,515398,0.884779918639808,0.906899416605804,0.961653653601723,0.0424408774772716
"GO:0006732",171,12,462,0,171,308237,291,515139,0.885341127410068,0.907356510216385,0.988713171993113,0.0422220403947472
"GO:0032886",20,0,52,0,20,308388,32,515398,0.886735533402961,0.908312572407041,1.02740774957449,0.0417646744836275
"GO:0042181",20,3,52,0,20,308388,32,515398,0.886735533402961,0.908312572407041,1.02740774957449,0.0417646744836275
"GO:0046620",20,1,52,0,20,308388,32,515398,0.886735533402961,0.908312572407041,1.02740774957449,0.0417646744836275
"GO:2001020",20,0,52,0,20,308388,32,515398,0.886735533402961,0.908312572407041,1.02740774957449,0.0417646744836275
"GO:0097599",21,0,55,0,21,308387,34,515396,0.890228596936925,0.911771989993166,1.01993569321395,0.0401137536324712
"GO:0035615",22,0,57,0,22,308386,35,515395,0.891446745034892,0.912900842580287,1.03101268904668,0.0395763920811141
"GO:0022821",87,2,230,0,87,308321,143,515287,0.891864507578449,0.91320985999708,1.01043318675543,0.0394294080455716
"GO:0044036",93,6,246,0,93,308315,153,515277,0.895393605246227,0.916704182663324,1.00986664165493,0.0377707870818367
"GO:0032388",24,2,63,0,24,308384,39,515391,0.897256082801309,0.918252715004148,1.01762291386426,0.0370377788992746
"GO:0050779",24,2,63,0,24,308384,39,515391,0.897256082801309,0.918252715004148,1.01762291386426,0.0370377788992746
"GO:0061014",24,2,63,0,24,308384,39,515391,0.897256082801309,0.918252715004148,1.01762291386426,0.0370377788992746
"GO:0007127",95,2,258,0,95,308313,163,515267,0.897649734768957,0.918536164318372,0.983603543197283,0.0369037401151447
"GO:0009068",25,0,65,0,25,308383,40,515390,0.898265818181191,0.918927683004852,1.02740774957449,0.0367186650096712
"GO:0031209",25,5,65,0,25,308383,40,515390,0.898265818181191,0.918927683004852,1.02740774957449,0.0367186650096712
"GO:0035753",25,4,69,0,25,308383,44,515386,0.901363603156356,0.921617649570961,0.96784788003394,0.0354492168224689
"GO:0043529",25,0,69,0,25,308383,44,515386,0.901363603156356,0.921617649570961,0.96784788003394,0.0354492168224689
"GO:0071816",25,0,69,0,25,308383,44,515386,0.901363603156356,0.921617649570961,0.96784788003394,0.0354492168224689
"GO:1903461",25,4,69,0,25,308383,44,515386,0.901363603156356,0.921617649570961,0.96784788003394,0.0354492168224689
"GO:1901096",26,6,72,0,26,308382,46,515384,0.903253007018502,0.923429567694759,0.964621720433827,0.0345962236974917
"GO:0033157",28,2,73,0,28,308380,45,515385,0.903942691107797,0.923894685068888,1.02459293382223,0.0343775312692538
"GO:1904951",28,3,73,0,28,308380,45,515385,0.903942691107797,0.923894685068888,1.02459293382223,0.0343775312692538
"GO:0008135",27,2,75,0,27,308381,48,515382,0.905118856709534,0.92497671556763,0.961653653601722,0.0338691996153133
"GO:0061013",30,3,78,0,30,308378,48,515382,0.906956981496781,0.926734859597957,1.02740774957449,0.0330445004662142
"GO:0070545",30,1,79,0,30,308378,49,515381,0.908025257123012,0.92770601220926,1.01440258818747,0.0325896288494983
"GO:0030904",31,0,81,0,31,308377,50,515380,0.908764323511278,0.928340611819463,1.02233413105807,0.0322926501894793
"GO:0016972",30,0,82,0,30,308378,52,515378,0.909655623605739,0.929009998576074,0.977290298375734,0.0319796118373072
"GO:0072384",30,1,82,0,30,308378,52,515378,0.909655623605739,0.929009998576074,0.977290298375734,0.0319796118373072
"GO:0009102",34,0,89,0,34,308374,55,515375,0.912925928005215,0.932228940881703,1.02048140519534,0.0304774185991809
"GO:0050482",33,0,91,0,33,308375,58,515372,0.913815061170804,0.933015844557273,0.96869873531309,0.0301109809637221
"GO:0006904",38,4,104,0,38,308370,66,515364,0.919408666033377,0.938605241734502,0.976037362095765,0.0275170247559412
"GO:0043043",171,12,461,0,171,308237,290,515140,0.923321470408388,0.942477517512296,0.990857886032143,0.0257290009490205
"GO:0030182",46,1,121,0,46,308362,75,515355,0.925240959210445,0.944314382329135,1.01552038718272,0.0248833957648457
"GO:0045861",47,0,124,0,47,308361,77,515353,0.926218512881272,0.945189542831394,1.01249376611292,0.0244810918595421
"GO:0048449",48,0,127,0,48,308360,79,515351,0.927195716927462,0.946064119721709,1.00961013501493,0.0240794281884453
"GO:0051879",60,2,158,0,60,308348,98,515332,0.934512576600407,0.953406298988907,1.01440258818747,0.0207219830917049
"GO:0060969",61,3,161,0,61,308347,100,515330,0.935141258141377,0.953924061693524,1.01209235454978,0.0204861964700385
"GO:0022411",62,6,168,0,62,308346,106,515324,0.936528959257345,0.955215854790596,0.985822197805999,0.0198984776814953
"GO:0051020",73,14,194,0,73,308335,121,515309,0.941043164886042,0.959695788830538,1.00516490138783,0.0178664108872512
"GO:0043401",76,5,201,0,76,308332,125,515305,0.941926573524873,0.960472278081321,1.01002871301452,0.0175151655759
"GO:0048545",76,5,205,0,76,308332,129,515301,0.942573090676314,0.961007041808567,0.990320835687411,0.0172734300136622
"GO:0017171",88,6,233,0,88,308320,145,515285,0.946048482824683,0.964425492980562,1.00888795323023,0.0157313182920368
"GO:0044282",133,4,357,0,133,308275,224,515206,0.9564513336503,0.974904169169386,0.995175349587839,0.0110380723490335
"GO:0000131",10,0,27,0,10,308398,17,515413,1,1,0.98935561070136,0
"GO:0000502",79,3,211,0,79,308329,132,515298,1,1,1.00014005574692,0
"GO:0001653",7,1,19,0,7,308401,12,515418,1,1,0.984148475908195,0
"GO:0001674",7,0,18,0,7,308401,11,515419,1,1,1.03882339123643,0
"GO:0001817",31,2,84,0,31,308377,53,515377,1,1,0.985822197805999,0
"GO:0001881",14,2,38,0,14,308394,24,515406,1,1,0.984148475908195,0
"GO:0002218",48,1,128,0,48,308360,80,515350,1,1,1.00172255583513,0
"GO:0002253",63,1,169,0,63,308345,106,515324,1,1,0.995795203433736,0
"GO:0003861",17,0,46,0,17,308391,29,515401,1,1,0.987204837634619,0
"GO:0003939",5,2,13,0,5,308403,8,515422,1,1,1.02740774957449,0
"GO:0004383",8,1,23,0,8,308400,15,515415,1,1,0.929133964832582,0
"GO:0004392",12,0,33,0,12,308396,21,515409,1,1,0.971367326870426,0
"GO:0004556",37,0,100,0,37,308371,63,515367,1,1,0.988366255090659,0
"GO:0004753",16,1,42,0,16,308392,26,515404,1,1,1.01762291386426,0
"GO:0005701",7,0,19,0,7,308401,12,515418,1,1,0.984148475908195,0
"GO:0005722",7,0,18,0,7,308401,11,515419,1,1,1.03882339123643,0
"GO:0005814",6,0,16,0,6,308402,10,515420,1,1,1.00172255583513,0
"GO:0005933",10,0,27,0,10,308398,17,515413,1,1,0.98935561070136,0
"GO:0005934",10,0,26,0,10,308398,16,515414,1,1,1.02740774957449,0
"GO:0005935",10,0,26,0,10,308398,16,515414,1,1,1.02740774957449,0
"GO:0006182",8,1,23,0,8,308400,15,515415,1,1,0.929133964832582,0
"GO:0006344",8,0,21,0,8,308400,13,515417,1,1,1.01762291386426,0
"GO:0006733",35,5,94,0,35,308373,59,515371,1,1,0.994618140545517,0
"GO:0007028",10,0,27,0,10,308398,17,515413,1,1,0.98935561070136,0
"GO:0007112",19,1,52,0,19,308389,33,515397,1,1,0.976037362095765,0
"GO:0007308",10,0,28,0,10,308398,18,515412,1,1,0.95402148174774,0
"GO:0007309",10,0,28,0,10,308398,18,515412,1,1,0.95402148174774,0
"GO:0007314",10,0,27,0,10,308398,17,515413,1,1,0.98935561070136,0
"GO:0007315",10,0,27,0,10,308398,17,515413,1,1,0.98935561070136,0
"GO:0007318",9,0,25,0,9,308399,16,515414,1,1,0.961653653601723,0
"GO:0007351",10,0,27,0,10,308398,17,515413,1,1,0.98935561070136,0
"GO:0008195",62,3,165,0,62,308346,103,515327,1,1,1.00374623776611,0
"GO:0008347",7,0,18,0,7,308401,11,515419,1,1,1.03882339123643,0
"GO:0008358",10,0,27,0,10,308398,17,515413,1,1,0.98935561070136,0
"GO:0008595",10,0,27,0,10,308398,17,515413,1,1,0.98935561070136,0
"GO:0009065",25,0,67,0,25,308383,42,515388,1,1,0.99673886152749,0
"GO:0009101",50,2,134,0,50,308358,84,515346,1,1,0.99673886152749,0
"GO:0009190",8,1,23,0,8,308400,15,515415,1,1,0.929133964832582,0
"GO:0009264",14,0,37,0,14,308394,23,515407,1,1,1.01074708336517,0
"GO:0009612",13,1,35,0,13,308395,22,515408,1,1,0.99218234101765,0
"GO:0009824",7,0,18,0,7,308401,11,515419,1,1,1.03882339123643,0
"GO:0009948",10,0,27,0,10,308398,17,515413,1,1,0.98935561070136,0
"GO:0010082",9,2,24,0,9,308399,15,515415,1,1,1.00172255583513,0
"GO:0010259",18,2,48,0,18,308390,30,515400,1,1,1.00172255583513,0
"GO:0010332",16,1,44,0,16,308392,28,515402,1,1,0.971367326870427,0
"GO:0010369",12,0,33,0,12,308396,21,515409,1,1,0.971367326870426,0
"GO:0010540",17,2,46,0,17,308391,29,515401,1,1,0.987204837634619,0
"GO:0010588",10,0,27,0,10,308398,17,515413,1,1,0.98935561070136,0
"GO:0010945",12,0,33,0,12,308396,21,515409,1,1,0.971367326870426,0
"GO:0015562",9,1,24,0,9,308399,15,515415,1,1,1.00172255583513,0
"GO:0015938",12,0,33,0,12,308396,21,515409,1,1,0.971367326870426,0
"GO:0016234",10,1,26,0,10,308398,16,515414,1,1,1.02740774957449,0
"GO:0016725",5,1,13,0,5,308403,8,515422,1,1,1.02740774957449,0
"GO:0016838",18,0,48,0,18,308390,30,515400,1,1,1.00172255583513,0
"GO:0016903",33,2,89,0,33,308375,56,515374,1,1,0.990467246219003,0
"GO:0017126",14,0,37,0,14,308394,23,515407,1,1,1.01074708336517,0
"GO:0019217",22,0,59,0,22,308386,37,515393,1,1,0.996063106367133,0
"GO:0019853",15,1,40,0,15,308393,25,515405,1,1,1.00172255583513,0
"GO:0022624",7,0,19,0,7,308401,12,515418,1,1,0.984148475908195,0
"GO:0030894",9,1,25,0,9,308399,16,515414,1,1,0.961653653601723,0
"GO:0031057",10,1,27,0,10,308398,17,515413,1,1,0.98935561070136,0
"GO:0031091",17,2,47,0,17,308391,30,515400,1,1,0.966200479387073,0
"GO:0031093",17,2,47,0,17,308391,30,515400,1,1,0.966200479387073,0
"GO:0031175",29,1,79,0,29,308379,50,515380,1,1,0.980589168581222,0
"GO:0031312",9,4,25,0,9,308399,16,515414,1,1,0.961653653601723,0
"GO:0031344",43,0,114,0,43,308365,71,515359,1,1,1.00758058247744,0
"GO:0031514",8,0,21,0,8,308400,13,515417,1,1,1.01762291386426,0
"GO:0031960",6,0,17,0,6,308402,11,515419,1,1,0.942797699609532,0
"GO:0032069",17,0,45,0,17,308391,28,515402,1,1,1.00914272291539,0
"GO:0032092",6,1,16,0,6,308402,10,515420,1,1,1.00172255583513,0
"GO:0032780",6,3,16,0,6,308402,10,515420,1,1,1.00172255583513,0
"GO:0032786",11,4,30,0,11,308397,19,515411,1,1,0.979462054594347,0
"GO:0032878",16,0,43,0,16,308392,27,515403,1,1,0.993957264704623,0
"GO:0032988",5,0,13,0,5,308403,8,515422,1,1,1.02740774957449,0
"GO:0033566",12,1,32,0,12,308396,20,515410,1,1,1.00172255583513,0
"GO:0034243",5,1,14,0,5,308403,9,515421,1,1,0.95402148174774,0
"GO:0034311",5,0,13,0,5,308403,8,515422,1,1,1.02740774957449,0
"GO:0034312",5,0,13,0,5,308403,8,515422,1,1,1.02740774957449,0
"GO:0034401",7,0,18,0,7,308401,11,515419,1,1,1.03882339123643,0
"GO:0035551",23,2,62,0,23,308385,39,515391,1,1,0.99095134555733,0
"GO:0035725",13,0,35,0,13,308395,22,515408,1,1,0.99218234101765,0
"GO:0036126",7,0,19,0,7,308401,12,515418,1,1,0.984148475908195,0
"GO:0036473",6,0,16,0,6,308402,10,515420,1,1,1.00172255583513,0
"GO:0040020",15,0,40,0,15,308393,25,515405,1,1,1.00172255583513,0
"GO:0042030",6,3,16,0,6,308402,10,515420,1,1,1.00172255583513,0
"GO:0042450",19,1,52,0,19,308389,33,515397,1,1,0.976037362095765,0
"GO:0042585",7,0,18,0,7,308401,11,515419,1,1,1.03882339123643,0
"GO:0042770",32,1,85,0,32,308376,53,515377,1,1,1.0056508795835,0
"GO:0043242",5,0,15,0,5,308403,10,515420,1,1,0.890420049631224,0
"GO:0043601",9,1,25,0,9,308399,16,515414,1,1,0.961653653601723,0
"GO:0043621",137,10,365,0,137,308271,228,515202,1,1,1.00263737095461,0
"GO:0044417",6,3,16,0,6,308402,10,515420,1,1,1.00172255583513,0
"GO:0044774",8,1,23,0,8,308400,15,515415,1,1,0.929133964832582,0
"GO:0045259",6,1,17,0,6,308402,11,515419,1,1,0.942797699609532,0
"GO:0045637",8,1,22,0,8,308400,14,515416,1,1,0.971367326870427,0
"GO:0046068",8,1,23,0,8,308400,15,515415,1,1,0.929133964832582,0
"GO:0046352",7,0,20,0,7,308401,13,515417,1,1,0.934941052112786,0
"GO:0046695",14,2,37,0,14,308394,23,515407,1,1,1.01074708336517,0
"GO:0046784",6,3,16,0,6,308402,10,515420,1,1,1.00172255583513,0
"GO:0046825",8,0,22,0,8,308400,14,515416,1,1,0.971367326870427,0
"GO:0048017",8,1,21,0,8,308400,13,515417,1,1,1.01762291386426,0
"GO:0048497",18,1,49,0,18,308390,31,515399,1,1,0.981279238369105,0
"GO:0048592",14,0,37,0,14,308394,23,515407,1,1,1.01074708336517,0
"GO:0048666",31,1,83,0,31,308377,52,515378,1,1,0.997699573683179,0
"GO:0048732",14,1,37,0,14,308394,23,515407,1,1,1.01074708336517,0
"GO:0051054",53,2,142,0,53,308355,89,515341,1,1,0.997019633037779,0
"GO:0051095",6,3,16,0,6,308402,10,515420,1,1,1.00172255583513,0
"GO:0051097",6,3,16,0,6,308402,10,515420,1,1,1.00172255583513,0
"GO:0051415",13,1,34,0,13,308395,21,515409,1,1,1.02136417457699,0
"GO:0051836",6,3,16,0,6,308402,10,515420,1,1,1.00172255583513,0
"GO:0052652",8,1,23,0,8,308400,15,515415,1,1,0.929133964832582,0
"GO:0060700",17,0,45,0,17,308391,28,515402,1,1,1.00914272291539,0
"GO:0060810",10,0,27,0,10,308398,17,515413,1,1,0.98935561070136,0
"GO:0060811",10,0,27,0,10,308398,17,515413,1,1,0.98935561070136,0
"GO:0061158",23,2,62,0,23,308385,39,515391,1,1,0.99095134555733,0
"GO:0061617",11,0,30,0,11,308397,19,515411,1,1,0.979462054594347,0
"GO:0061676",6,1,16,0,6,308402,10,515420,1,1,1.00172255583513,0
"GO:0061980",8,0,23,0,8,308400,15,515415,1,1,0.929133964832582,0
"GO:0070072",29,2,77,0,29,308379,48,515382,1,1,1.0060590171158,0
"GO:0070868",7,0,18,0,7,308401,11,515419,1,1,1.03882339123643,0
"GO:0071383",76,5,204,0,76,308332,128,515302,1,1,0.995175349587839,0
"GO:0071384",6,0,16,0,6,308402,10,515420,1,1,1.00172255583513,0
"GO:0071452",10,1,28,0,10,308398,18,515412,1,1,0.95402148174774,0
"GO:0071456",10,0,28,0,10,308398,18,515412,1,1,0.95402148174774,0
"GO:0072413",8,1,22,0,8,308400,14,515416,1,1,0.971367326870427,0
"GO:0080175",17,1,46,0,17,308391,29,515401,1,1,0.987204837634619,0
"GO:0090316",21,2,57,0,21,308387,36,515394,1,1,0.984148475908196,0
"GO:0090700",18,1,49,0,18,308390,31,515399,1,1,0.981279238369105,0
"GO:0097468",6,0,16,0,6,308402,10,515420,1,1,1.00172255583513,0
"GO:0097549",7,0,18,0,7,308401,11,515419,1,1,1.03882339123643,0
"GO:0097729",7,0,19,0,7,308401,12,515418,1,1,0.984148475908195,0
"GO:0098847",13,1,36,0,13,308395,23,515407,1,1,0.964621720433827,0
"GO:0120035",43,0,114,0,43,308365,71,515359,1,1,1.00758058247744,0
"GO:0140142",8,0,22,0,8,308400,14,515416,1,1,0.971367326870427,0
"GO:0180047",10,0,27,0,10,308398,17,515413,1,1,0.98935561070136,0
"GO:1900049",7,0,18,0,7,308401,11,515419,1,1,1.03882339123643,0
"GO:1900364",13,2,35,0,13,308395,22,515408,1,1,0.99218234101765,0
"GO:1901068",7,0,19,0,7,308401,12,515418,1,1,0.984148475908195,0
"GO:1901880",5,0,13,0,5,308403,8,515422,1,1,1.02740774957449,0
"GO:1901917",17,0,45,0,17,308391,28,515402,1,1,1.00914272291539,0
"GO:1901988",30,3,80,0,30,308378,50,515380,1,1,1.00172255583513,0
"GO:1902175",6,0,17,0,6,308402,11,515419,1,1,0.942797699609532,0
"GO:1902280",6,3,16,0,6,308402,10,515420,1,1,1.00172255583513,0
"GO:1902281",6,3,16,0,6,308402,10,515420,1,1,1.00172255583513,0
"GO:1902347",13,0,35,0,13,308395,22,515408,1,1,0.99218234101765,0
"GO:1903201",6,0,17,0,6,308402,11,515419,1,1,0.942797699609532,0
"GO:1905037",37,0,98,0,37,308371,61,515369,1,1,1.00853699499047,0
"GO:1905777",17,0,45,0,17,308391,28,515402,1,1,1.00914272291539,0
"GO:1990119",6,3,16,0,6,308402,10,515420,1,1,1.00172255583513,0
