"go_term","expanded","lost","background","(25813 rows)","a","b","c","d","pval","FDR","fold_enrichment","neg_log10_FDR"
"GO:0005575",25825,692,50870,0,692,3729,50178,769239,3.45873211715268e-110,5.75878897505922e-107,2.53492819600788,106.239668835456
"GO:0005623",25301,677,49638,0,677,3744,48961,770456,5.55040938145529e-108,3.08047720670768e-105,2.54153268487646,104.511382000322
"GO:0044464",25301,677,49638,0,677,3744,48961,770456,5.55040938145529e-108,3.08047720670768e-105,2.54153268487646,104.511382000322
"GO:0008150",26711,692,53247,0,692,3729,52555,766862,3.47852247492425e-101,1.44793498018722e-98,2.4217664343704,97.8392509397825
"GO:0003674",21944,586,42952,0,586,3835,42366,777051,9.41866114565903e-93,3.13641416150446e-90,2.54235112148039,89.5035665938895
"GO:0005622",22820,597,44487,0,597,3824,43890,775527,7.84611085544014e-92,2.17729576238464e-89,2.50070531114953,88.6620825726828
"GO:0043226",17813,517,35412,0,517,3904,34895,784522,2.55053798431499e-91,5.30830717985557e-89,2.72057932176439,88.2750439534308
"GO:0044424",22459,590,43792,0,590,3831,43202,776215,2.33129092550847e-91,5.30830717985557e-89,2.51060585224619,88.2750439534308
"GO:0043229",17678,512,35147,0,512,3909,34635,784782,4.52501798393896e-90,8.37128327028708e-88,2.71458224891588,87.0772079620204
"GO:0043227",17303,502,34334,0,502,3919,33832,785585,8.97001604816146e-89,1.49350767201888e-86,2.72458662035585,85.8257925421212
"GO:0043231",18187,513,35900,0,513,3908,35387,784030,2.08334174250278e-87,3.15342181933375e-85,2.66283478636717,84.5012179317082
"GO:0005737",30680,654,56934,0,654,3767,56280,763137,4.33075776678103e-74,6.00892640140868e-72,2.1405597581304,71.2212031152841
"GO:0009987",20559,523,40720,0,523,3898,40197,779220,1.19831634131911e-73,1.53476669868948e-71,2.39339965888826,70.8139576326769
"GO:0043170",9470,324,19522,0,324,4097,19198,800219,7.1143226346019e-69,8.46096227615155e-67,3.09272999953352,66.0725802412805
"GO:0071704",14385,398,28287,0,398,4023,27889,791528,2.44152769205263e-65,2.71009573817841e-63,2.62190823056785,62.5670153667536
"GO:0044237",14434,393,28347,0,393,4028,27954,791463,5.10411982684794e-63,5.31147469481364e-61,2.58348980415559,60.2747848832682
"GO:0008152",16177,421,31711,0,421,4000,31290,788127,1.9594207720959e-62,1.9190797561998e-60,2.47396450003389,59.7169069757816
"GO:0044238",13506,374,26567,0,374,4047,26193,793224,1.46108280675095e-61,1.35150159624463e-59,2.62331469295127,58.8691834370242
"GO:0044444",13715,373,26576,0,373,4048,26203,793214,5.52330234404611e-61,4.84015705412462e-59,2.61541446868232,58.315140546076
"GO:0005515",39868,758,76566,0,758,3663,75808,743609,6.03399312901441e-60,5.02329927990449e-58,1.84482235162632,57.2990109465191
"GO:0006807",12939,358,25344,0,358,4063,24986,794431,3.14888404522709e-59,2.49661520728719e-57,2.63226235008991,56.6026483884574
"GO:0005488",9724,303,19503,0,303,4118,19200,800217,2.19194753096788e-58,1.65890574502796e-56,2.89509295822496,55.7801782888262
"GO:0044260",7342,254,15037,0,254,4167,14783,804634,2.3775421991457e-55,1.72113380938156e-53,3.1477035376374,52.7641853641774
"GO:0044267",4285,191,9598,0,191,4230,9407,810010,1.1063306039033e-51,7.67516856457917e-50,3.70829202287535,49.1149120776276
"GO:0044422",9159,272,17853,0,272,4149,17581,801836,7.28312268326488e-51,4.85055970705441e-49,2.83908898214759,48.3142081451791
"GO:0044446",9134,271,17806,0,271,4150,17535,801882,1.35165380851624e-50,8.65578304299824e-49,2.83611754859857,48.0626936376822
"GO:0019538",5294,207,11324,0,207,4214,11117,808300,2.66026670439357e-50,1.6404978010427e-48,3.40636977062127,47.7850243474149
"GO:0003824",18331,420,35458,0,420,4001,35038,784379,8.1495676569564e-50,4.84608219601158e-48,2.20727457083422,47.3146092239229
"GO:1901564",8765,254,17187,0,254,4167,16933,802484,2.71783823228976e-45,1.56041401957326e-43,2.75394298571324,42.8067601564146
"GO:0050896",9611,276,19690,0,276,4145,19414,800003,7.62655413612469e-45,4.2327375455492e-43,2.61206915744136,42.3733786594857
"GO:0043412",5732,195,11578,0,195,4226,11383,808034,1.74435980272148e-42,9.36890023074603e-41,3.13850172286207,40.0283113858198
"GO:0016020",29740,543,54862,0,543,3878,54319,765098,5.25600049972015e-42,2.73476276001064e-40,1.84437615596637,39.5630803426348
"GO:0140096",4281,165,8915,0,165,4256,8750,810667,6.01396358634059e-41,3.03431799129003e-39,3.44892620406633,38.5179389078519
"GO:0036211",3755,154,8192,0,154,4267,8038,811379,4.64565225405176e-39,2.27500323617535e-37,3.50309635033788,36.6430179812257
"GO:0006464",3631,151,8001,0,151,4270,7850,811567,1.64120537575185e-38,7.80744843036235e-37,3.51685110838187,36.1074908756835
"GO:0005634",29167,521,53457,0,521,3900,52936,766481,1.99531800013524e-38,9.22834575062549e-37,1.81616142046991,36.0348761425021
"GO:0046872",4907,174,10591,0,174,4247,10417,809000,1.02240927289762e-36,4.60084172803927e-35,3.0614952186446,34.3371627064921
"GO:0065007",13626,306,25991,0,306,4115,25685,793732,8.28223136395999e-36,3.62892505815616e-34,2.1939147223295,33.4402220004314
"GO:0071944",5934,185,12080,0,185,4236,11895,807522,3.99508698985006e-35,1.70559483028214e-33,2.85381685992951,32.7681241290134
"GO:0050789",12818,288,24239,0,288,4133,23951,795466,2.7991034116349e-34,1.16512679509303e-32,2.21410949483224,31.9336268099059
"GO:1901363",5562,175,11236,0,175,4246,11061,808356,3.78464364180775e-34,1.53693455209997e-32,2.90233556324314,31.8133446258425
"GO:0097159",5568,175,11246,0,175,4246,11071,808346,4.20346010497865e-34,1.66637168447368e-32,2.89975479180152,31.7782281226698
"GO:0051179",4534,153,9079,0,153,4268,8926,810491,1.31235858149715e-33,5.08157450742501e-32,3.14032589206223,31.294001702295
"GO:0005886",13718,295,25859,0,295,4126,25564,793853,3.99615289995136e-32,1.51218058600432e-30,2.12584499558307,29.820396341889
"GO:0051234",4035,139,8085,0,139,4282,7946,811471,1.6779154474286e-31,6.20828715548581e-30,3.20373127803897,29.2070282036122
"GO:0050794",11099,251,20842,0,251,4170,20591,798826,9.42654102982053e-31,3.41199800318504e-29,2.24416939409121,28.466991231668
"GO:0006810",4184,139,8318,0,139,4282,8179,811238,2.67496491990493e-30,9.4762055141313e-29,3.11398982723552,28.0233655291349
"GO:0031974",3348,115,6409,0,115,4306,6294,813123,7.93647776956203e-28,2.64284709726415e-26,3.34371207871875,25.577927962383
"GO:0043233",3348,115,6409,0,115,4306,6294,813123,7.93647776956203e-28,2.64284709726415e-26,3.34371207871875,25.577927962383
"GO:0070013",3348,115,6409,0,115,4306,6294,813123,7.93647776956203e-28,2.64284709726415e-26,3.34371207871875,25.577927962383
"GO:0006950",5971,167,12275,0,167,4254,12108,807309,2.94784465642591e-26,9.62384579009635e-25,2.5352236387064,24.0166513446298
"GO:0031981",2819,100,5366,0,100,4321,5266,814151,1.39823561952779e-25,4.47704289714186e-24,3.47272694623288,23.3490087443696
"GO:0006796",2311,88,4285,0,88,4333,4197,815220,1.88364187656991e-25,5.91747872545077e-24,3.82695319912891,23.2278632947738
"GO:0005654",1286,70,2794,0,70,4351,2724,816693,2.77098586335716e-25,8.54387307868456e-24,4.66866748584107,23.0683452118179
"GO:0003723",14069,273,25868,0,273,4148,25595,793822,7.29263760747733e-25,2.20768029389996e-23,1.96662293668686,22.6560638189175
"GO:0051641",1769,81,3767,0,81,4340,3686,815731,8.80204623925792e-25,2.61703696220794e-23,4.00692029804178,22.582190143478
"GO:0009536",3550,114,6895,0,114,4307,6781,812636,9.71234008328377e-25,2.83702565590657e-23,3.08100133206289,22.5471367367567
"GO:0003729",3367,110,6507,0,110,4311,6397,813020,1.16218065068851e-24,3.33625997137306e-23,3.15016414212912,22.4767401151885
"GO:0071840",5851,157,11594,0,157,4264,11437,807980,1.44608360478983e-24,4.08089695250011e-23,2.52340908105679,22.3892443715403
"GO:0009507",6798,166,12664,0,166,4255,12498,806919,1.91004285767481e-24,5.30036893004761e-23,2.44263452599385,22.2756939004544
"GO:0005829",11348,233,20907,0,233,4188,20674,798743,2.4891291710436e-24,6.79409847506162e-23,2.07675615864646,22.1678681626668
"GO:0006793",2299,86,4306,0,86,4335,4220,815197,3.99696993301069e-24,1.07337982878432e-22,3.72173743669244,21.9692465703402
"GO:0043228",3723,118,7476,0,118,4303,7358,812059,6.31003331512783e-24,1.64159460463873e-22,2.94126408457906,21.7847340839437
"GO:0043232",3723,118,7476,0,118,4303,7358,812059,6.31003331512783e-24,1.64159460463873e-22,2.94126408457906,21.7847340839437
"GO:0016787",6636,166,13064,0,166,4255,12898,806519,4.38013545790438e-23,1.12198854421705e-21,2.36784473646557,20.9500115773122
"GO:0016043",5486,146,10772,0,146,4275,10626,808791,5.79029493603671e-23,1.46073349522744e-21,2.52567704033504,20.8354290120669
"GO:0044428",3806,111,7013,0,111,4310,6902,812515,1.09981819457594e-22,2.73313028950589e-21,2.94944597187638,20.5633396648076
"GO:0016773",1184,61,2385,0,61,4360,2324,817093,1.11880926018524e-22,2.73943737971828e-21,4.76609568302987,20.5623386225714
"GO:0016740",7472,170,13907,0,170,4251,13737,805680,6.40159841768619e-22,1.54473353122428e-20,2.27791110584063,19.8111464262066
"GO:0060255",4941,136,9894,0,136,4285,9758,809659,8.04063984119599e-22,1.91252361937019e-20,2.56146430151005,19.7183931926717
"GO:0051649",1487,69,3185,0,69,4352,3116,816301,1.62778230331924e-21,3.8172641338402e-20,4.03702054238778,19.4182477882038
"GO:0042221",5538,144,11120,0,144,4277,10976,808441,6.36744451686458e-21,1.47247154452494e-19,2.41312050563123,18.8319530891896
"GO:0016070",4173,114,7767,0,114,4307,7653,811764,8.96337625464174e-21,2.04438650191486e-19,2.73509774489167,18.6894369951416
"GO:0031090",2498,89,5221,0,89,4332,5132,814285,1.81248824144277e-20,4.07809854324623e-19,3.17656406554342,18.3895422841314
"GO:0046907",1501,67,3181,0,67,4354,3114,816303,2.61551408897766e-20,5.8064412775304e-19,3.92493472858704,18.2360899617675
"GO:0090304",4915,127,9458,0,127,4294,9331,810086,7.68095419835371e-20,1.68273536056038e-18,2.5022212991887,17.7739841790244
"GO:0012505",4775,123,9010,0,123,4298,8887,810530,1.13035970616416e-19,2.44421936462769e-18,2.54390931586985,17.611859819472
"GO:0080090",4632,125,9312,0,125,4296,9187,810230,1.53992456922656e-19,3.28714667661822e-18,2.50142998194341,17.4831809167201
"GO:0032991",5895,143,11424,0,143,4278,11281,808136,1.62053237841576e-19,3.41542583552183e-18,2.33259396837224,17.4665551407415
"GO:0003677",16328,288,30474,0,288,4133,30186,789231,1.78731805790676e-19,3.71985570801844e-18,1.76110126813804,17.4294739059317
"GO:0032502",7925,183,16514,0,183,4238,16331,803086,5.16472562187074e-19,1.06163804449565e-17,2.06500027928295,16.9740235266371
"GO:0051171",4337,119,8784,0,119,4302,8665,810752,6.6551528827711e-19,1.35132067680657e-17,2.52450328144899,16.8692415779642
"GO:0006952",6780,155,13084,0,155,4266,12929,806488,7.98776050613514e-19,1.60236400514639e-17,2.20755975465475,16.7952388194196
"GO:0016772",2538,78,4456,0,78,4343,4378,815039,9.1740850418788e-19,1.81843471365812e-17,3.26190062363528,16.7403022865845
"GO:0006139",6077,141,11435,0,141,4280,11294,808123,1.05084908172596e-18,2.03449269892294e-17,2.297757799634,16.6915438643377
"GO:0009056",2381,86,5268,0,86,4335,5182,814235,1.04603142594829e-18,2.03449269892294e-17,3.04210353120684,16.6915438643377
"GO:0019899",943,49,1939,0,49,4372,1890,817527,2.54203139662181e-18,4.80963894929012e-17,4.70911803445485,16.3178875240869
"GO:0051716",4786,127,9892,0,127,4294,9765,809652,2.52249138940051e-18,4.80963894929012e-17,2.39243924865818,16.3178875240869
"GO:0016310",2139,70,3785,0,70,4351,3715,815702,3.35138326506366e-18,6.26972262509101e-17,3.44630302653631,16.202751672097
"GO:0005739",6596,147,12474,0,147,4274,12327,807090,1.07783744496473e-17,1.99399927318476e-16,2.19600285445117,15.7002750043252
"GO:1901575",2271,81,4975,0,81,4340,4894,814523,1.2079558956314e-17,2.21016106178712e-16,3.03398367089917,15.6555760766784
"GO:0006996",4211,110,8219,0,110,4311,8109,811308,2.89282133058991e-17,5.23537773416543e-16,2.49399173534909,15.28105197837
"GO:0098588",1637,66,3569,0,66,4355,3503,815914,3.00287876572166e-17,5.37612166121136e-16,3.44602713468773,15.269530911793
"GO:0007154",2805,89,5924,0,89,4332,5835,813582,3.85356254420339e-17,6.8257251447858e-16,2.7996017870024,15.1658512036791
"GO:0006725",8367,167,15211,0,167,4254,15044,804373,3.90307956456426e-17,6.84066049999947e-16,2.04587930873191,15.16490196295
"GO:1901360",8532,170,15614,0,170,4251,15444,803973,3.98458815802505e-17,6.91077008657469e-16,2.02887855443356,15.1604735552719
"GO:0023052",2470,83,5332,0,83,4338,5249,814168,6.10094540353689e-17,1.04722413369989e-15,2.90074302674289,14.9799603578516
"GO:0009057",1875,71,4123,0,71,4350,4052,815365,7.31061295541903e-17,1.24205822150742e-15,3.20897489288741,14.9058580461186
"GO:0044248",2210,78,4858,0,78,4343,4780,814637,1.00422284785276e-16,1.68892024411601e-15,2.99197801130482,14.7723908586339
"GO:0046483",8278,164,15021,0,164,4257,14857,804560,1.13322334205197e-16,1.88681686451654e-15,2.03454034893259,14.724270250651
"GO:0033036",1815,67,3768,0,67,4354,3701,815716,1.15683466410259e-16,1.90705912448595e-15,3.3134865635975,14.719635842329
"GO:0048856",7109,163,14850,0,163,4258,14687,804730,1.18041082197305e-16,1.92684707704424e-15,2.04541980157452,14.7151527514739
"GO:0034641",8656,171,15968,0,171,4250,15797,803620,1.45689250305302e-16,2.3550738034789e-15,1.99556965661701,14.6279954783689
"GO:0019222",8079,165,15177,0,165,4256,15012,804405,1.57157419011711e-16,2.51602983321634e-15,2.02590611512495,14.5992842136543
"GO:0016301",2306,69,4073,0,69,4352,4004,815413,4.36545583596159e-16,6.92236568273909e-15,3.15686482384117,14.1597454622796
"GO:0010468",5167,121,9976,0,121,4300,9855,809562,9.9018187169231e-16,1.5553328456299e-14,2.26021751003585,13.808176656443
"GO:0005773",1849,66,3850,0,66,4355,3784,815633,1.07876757140298e-15,1.6786429966224e-14,3.19451190745468,13.7750416570976
"GO:0004674",4775,110,8691,0,110,4311,8581,810836,1.16914543894277e-15,1.80243255170343e-14,2.35854540016502,13.7441409779101
"GO:0030527",631,42,1694,0,42,4379,1652,817765,1.19633086949381e-15,1.82742284193321e-14,4.62016184962454,13.7381609509119
"GO:0032501",6899,156,14403,0,156,4265,14247,805170,1.29677157648165e-15,1.96284061349267e-14,2.01833356646793,13.7071149645319
"GO:0044435",1802,62,3505,0,62,4359,3443,815974,1.95160724516643e-15,2.92741086774964e-14,3.29628665676493,13.5335163192219
"GO:0044434",1769,61,3441,0,61,4360,3380,816037,2.97256156633516e-15,4.41903125709647e-14,3.30344033828138,13.3546729265354
"GO:0044425",2878,83,5755,0,83,4338,5672,813745,3.97198975902695e-15,5.85253358299104e-14,2.68753463398663,13.2326560855569
"GO:0048518",3528,89,6403,0,89,4332,6314,813103,4.31610412546108e-15,6.30378365692342e-14,2.59016726318948,13.2003987000579
"GO:0010556",3862,100,7711,0,100,4321,7611,811806,5.70185557528832e-15,8.25529524596092e-14,2.4166324463086,13.0832673898271
"GO:0019219",3859,100,7714,0,100,4321,7614,811803,5.80887634873378e-15,8.33774062124289e-14,2.41569260999295,13.0789516194658
"GO:0044265",1732,64,3802,0,64,4357,3738,815679,6.55702188770112e-15,9.33114653249775e-14,3.13681688264882,13.0300649905359
"GO:0007165",5838,129,11368,0,129,4292,11239,808178,1.46759035522323e-14,2.07079486563278e-13,2.11459378110455,12.6838629204866
"GO:0010033",4059,102,8115,0,102,4319,8013,811404,1.92851619303575e-14,2.69830206840717e-13,2.34224841027176,12.568909433723
"GO:0071702",2501,73,4871,0,73,4348,4798,814619,2.76467608545661e-14,3.83598806857105e-13,2.79271125831339,12.4161227523256
"GO:0070727",1431,55,3045,0,55,4366,2990,816427,3.15432754170586e-14,4.34045897267789e-13,3.36586503659018,12.3624643445054
"GO:0060627",139,17,238,0,17,4404,221,819196,3.18319659945838e-14,4.34428060499853e-13,13.3104662810612,12.3620821306414
"GO:1901565",1848,64,3956,0,64,4357,3892,815525,3.81022819332691e-14,5.15774792023521e-13,3.01470621532629,12.2875398873873
"GO:0016050",249,24,582,0,24,4397,558,818859,3.97849431121879e-14,5.34209115175749e-13,7.68439290453016,12.2722887059126
"GO:0048731",3904,100,7994,0,100,4321,7894,811523,4.51833068392384e-14,6.01841647098656e-13,2.33107990911754,12.2205177626257
"GO:0010467",2635,73,4934,0,73,4348,4861,814556,5.1216371701529e-14,6.76787768913062e-13,2.7570523995226,12.1695474985825
"GO:0051252",3698,94,7343,0,94,4327,7249,812168,7.18728113029104e-14,9.42269534010597e-13,2.38547918097188,12.0258248505087
"GO:0031323",7362,146,13848,0,146,4275,13702,805715,7.52743716588331e-14,9.79154912593416e-13,1.96465865673664,12.0091485928116
"GO:1903506",3616,92,7132,0,92,4329,7040,812377,9.50072038102392e-14,1.21682303341576e-12,2.40379705131896,11.9147725780554
"GO:2001141",3616,92,7132,0,92,4329,7040,812377,9.50072038102392e-14,1.21682303341576e-12,2.40379705131896,11.9147725780554
"GO:0030163",1805,62,3838,0,62,4359,3776,815641,1.00356382907774e-13,1.27552196596521e-12,3.01028784053181,11.8943120579359
"GO:0045184",1347,52,2849,0,52,4369,2797,816620,1.04605136481474e-13,1.31945115334587e-12,3.40120022906723,11.8796066829165
"GO:0031325",1382,52,2873,0,52,4369,2821,816596,1.43395366429331e-13,1.79513748199125e-12,3.372787835925,11.7459022850334
"GO:2000112",3792,95,7590,0,95,4326,7495,811922,1.95273505558926e-13,2.426346169818e-12,2.33240054727422,11.6150472377165
"GO:0009893",1624,56,3297,0,56,4365,3241,816176,2.1521960642836e-13,2.65437514594977e-12,3.16512149358567,11.5760376977857
"GO:0008104",1815,60,3708,0,60,4361,3648,815769,2.31408587796003e-13,2.83305366676725e-12,3.01531598600091,11.5477451985258
"GO:0009628",3841,96,7791,0,96,4325,7695,811722,3.93591929442688e-13,4.78343476293486e-12,2.29614512665206,11.3202601446219
"GO:0034613",1393,52,2955,0,52,4369,2903,816514,4.0985913392257e-13,4.94503955058753e-12,3.27919440020729,11.3058302305515
"GO:0044451",509,31,1127,0,31,4390,1096,818321,4.27383846555045e-13,5.11938204686439e-12,5.12576962376269,11.2907824589136
"GO:0044257",1659,58,3584,0,58,4363,3526,815891,5.70373178930927e-13,6.78336673514281e-12,3.01565251680292,11.1685547026544
"GO:0010604",1513,53,3083,0,53,4368,3030,816387,5.91434200953651e-13,6.98395705381439e-12,3.2034920468853,11.1558984398851
"GO:0051173",1294,49,2703,0,49,4372,2654,816763,6.69351518043538e-13,7.84838223621472e-12,3.37809096145319,11.1052198538651
"GO:0016192",2549,69,4809,0,69,4352,4740,814677,9.77766947496232e-13,1.13844892837848e-11,2.67371811759307,10.9436864473685
"GO:0046982",1188,48,2646,0,48,4373,2598,816819,1.11390019823072e-12,1.28794710420427e-11,3.38043588090442,10.8901019730196
"GO:0071705",2184,64,4312,0,64,4357,4248,815169,1.54610118188464e-12,1.77535066747443e-11,2.76581117528544,10.7507158522384
"GO:0009605",2952,79,5972,0,79,4342,5893,813524,1.64440147449681e-12,1.87529346235424e-11,2.46506626035728,10.7269307604118
"GO:0015833",1374,50,2880,0,50,4371,2830,816587,1.84568446578217e-12,2.09052016022266e-11,3.23518277664681,10.679745639914
"GO:1990904",1309,49,2787,0,49,4372,2738,816679,1.9647068217309e-12,2.21029517444727e-11,3.27627551805094,10.6555497244717
"GO:0048519",2492,72,5192,0,72,4349,5120,814297,2.19678135956339e-12,2.45479259306916e-11,2.58415832267135,10.6099851957979
"GO:0042886",1387,50,2902,0,50,4371,2852,816565,2.41665507168318e-12,2.68248712956833e-11,3.21065692513536,10.571462353079
"GO:1901576",6939,133,12798,0,133,4288,12665,806752,3.03525895296892e-12,3.34682526933328e-11,1.93655947924175,10.4753669606465
"GO:0070647",1980,64,4414,0,64,4357,4350,815067,4.10371964432163e-12,4.49519289986546e-11,2.7018980035865,10.3472516668786
"GO:0006412",3580,85,6808,0,85,4336,6723,812694,4.59309294090331e-12,4.9983658474536e-11,2.32659442926892,10.301171959551
"GO:0051020",73,14,194,0,14,4407,180,819237,4.96932333884772e-12,5.37267750596198e-11,13.4476875829278,10.2698092271001
"GO:0015031",1969,59,3900,0,59,4362,3841,815576,5.31379617710971e-12,5.70804557089526e-11,2.81908849952731,10.2435125682993
"GO:0002376",1615,55,3484,0,55,4366,3429,815988,5.64385106908456e-12,6.02372566027295e-11,2.94175058450548,10.2201348155163
"GO:0009059",2257,65,4587,0,65,4356,4522,814895,7.3277110402223e-12,7.77110756813384e-11,2.6406200819197,10.1095170794681
"GO:0006468",15140,228,26394,0,228,4193,26166,793251,7.81607087277803e-12,8.23655569821229e-11,1.60972222357912,10.0842543603874
"GO:0051049",428,25,819,0,25,4396,794,818623,8.40697569865049e-12,8.803531156134e-11,5.68823345344494,10.0553430944383
"GO:0044249",6718,129,12504,0,129,4292,12375,807042,1.01851450061274e-11,1.05989165220013e-10,1.92248097437592,9.97473852837356
"GO:0032940",391,25,829,0,25,4396,804,818613,1.08682838081868e-11,1.12395605842428e-10,5.61961785087022,9.9492506673763
"GO:0034645",2020,60,4084,0,60,4361,4024,815393,1.12396749257523e-11,1.15518881181343e-10,2.73770609110954,9.9373470259649
"GO:0046903",392,25,832,0,25,4396,807,818610,1.17300167815487e-11,1.19818883075329e-10,5.59935480573487,9.92147473312224
"GO:0006355",16863,255,30497,0,255,4166,30242,789175,1.19320950344874e-11,1.21139867270863e-10,1.55813242690718,9.91671290651524
"GO:0031984",2013,60,4093,0,60,4361,4033,815384,1.22518540810868e-11,1.23632345727331e-10,2.73168621453491,9.9078678906298
"GO:0009251",140,16,296,0,16,4405,280,819137,1.23571984522286e-11,1.23944189294943e-10,10.072785293776,9.90677382885014
"GO:0032446",2010,63,4437,0,63,4358,4374,815043,1.40499962549226e-11,1.40079303978719e-10,2.64589390576875,9.8536260248269
"GO:0051704",4192,98,8539,0,98,4323,8441,810976,1.50818981116766e-11,1.49472383071081e-10,2.13865320735636,9.82543904137152
"GO:0009719",3021,77,6114,0,77,4344,6037,813380,2.71868698637222e-11,2.6784697232602e-10,2.34685682875105,9.57211325841762
"GO:0006955",1446,50,3120,0,50,4371,3070,816347,3.00360253202979e-11,2.94176365637035e-10,2.9863225630586,9.53139222177072
"GO:0031967",1771,53,3462,0,53,4368,3409,816008,4.04655435006539e-11,3.91715871677842e-10,2.85279202211074,9.40702883120307
"GO:0031975",1771,53,3462,0,53,4368,3409,816008,4.04655435006539e-11,3.91715871677842e-10,2.85279202211074,9.40702883120307
"GO:0031982",1857,56,3810,0,56,4365,3754,815663,5.24112704598045e-11,5.04420608760546e-10,2.73895159169343,9.29720717807012
"GO:0031338",19,7,25,0,7,4414,18,819399,5.63456465205518e-11,5.39169548601832e-10,52.1770278217598,9.26827464400917
"GO:0051640",328,23,756,0,23,4398,733,818684,5.98310651187781e-11,5.69249848130089e-10,5.66927267526679,9.24469707657803
"GO:0009725",3350,81,6684,0,81,4340,6603,812814,6.36969160241159e-11,6.0258730215996e-10,2.25823889328596,9.21998002410634
"GO:0051603",2194,63,4569,0,63,4358,4506,814911,6.5040727203899e-11,6.11823789799389e-10,2.56945311006696,9.2133736401697
"GO:0044437",726,34,1638,0,34,4387,1604,817813,6.59083838382264e-11,6.16502579160938e-10,3.86799874834256,9.21006510217771
"GO:0055044",1029,41,2288,0,41,4380,2247,817170,6.74295160088535e-11,6.27207509244364e-10,3.33925159323825,9.2025887507001
"GO:0005911",1031,41,2292,0,41,4380,2251,817166,7.09977979021903e-11,6.5672963059526e-10,3.33342392902666,9.18261338859483
"GO:0009058",8493,149,15651,0,149,4272,15502,803915,7.25732676456597e-11,6.64602205830995e-10,1.77404847372651,9.1774382216209
"GO:0016788",4106,87,7413,0,87,4334,7326,812091,7.26472080848295e-11,6.64602205830995e-10,2.18698879405538,9.1774382216209
"GO:0004672",15116,223,26286,0,223,4198,26063,793354,7.42834293623337e-11,6.75857431083528e-10,1.5808900452512,9.17014490675628
"GO:0030054",1047,41,2331,0,41,4380,2290,817127,1.16610936406267e-10,1.05520222345888e-09,3.27765235749855,8.97666430234142
"GO:0003676",46422,569,81414,0,569,3852,80845,738572,1.29557159006304e-10,1.16601443105674e-09,1.3023702851467,8.93329607454311
"GO:0044433",872,36,1878,0,36,4385,1842,817575,1.59110764945275e-10,1.42429797652625e-09,3.57213791568415,8.84639914270528
"GO:0017137",23,9,70,0,9,4412,61,819356,1.77383993382429e-10,1.57938154535692e-09,23.9588393059101,8.80151294090601
"GO:0007275",6375,132,13519,0,132,4289,13387,806030,2.1098380948469e-10,1.86855341910643e-09,1.81949417023456,8.72849448181674
"GO:0051707",2404,65,4932,0,65,4356,4867,814550,2.16496046915989e-10,1.90722707997418e-09,2.45590517351291,8.71959759551795
"GO:0097708",1640,51,3417,0,51,4370,3366,816051,2.19905623629769e-10,1.92706770180824e-09,2.78129146171427,8.71510302742797
"GO:0043207",2407,65,4938,0,65,4356,4873,814544,2.21072354684146e-10,1.92714906046651e-09,2.4529210846022,8.71508469238429
"GO:0009607",2413,65,4957,0,65,4356,4892,814525,2.38269397974909e-10,2.06624243556367e-09,2.44351912765093,8.68481872335345
"GO:0031410",1653,51,3441,0,51,4370,3390,816027,2.7818833221736e-10,2.39991488674562e-09,2.76189274184181,8.61980416031847
"GO:1901700",3470,80,6839,0,80,4341,6759,812658,3.670901277986e-10,3.15054156074571e-09,2.17981024050132,8.50161478696348
"GO:0019787",1685,53,3708,0,53,4368,3655,815762,4.40757274921262e-10,3.76338903971232e-09,2.66352912096747,8.42442088424006
"GO:0050793",1912,55,3938,0,55,4366,3883,815534,4.72986648381926e-10,4.01797331406075e-09,2.60260513875498,8.39599295200655
"GO:0009611",684,32,1590,0,32,4389,1558,817859,4.97482393512042e-10,4.20461007714493e-09,3.7503703735317,8.37627427315886
"GO:0045935",944,36,1962,0,36,4385,1926,817491,5.05933237510094e-10,4.25443858815306e-09,3.41920234742856,8.37115774090336
"GO:0043550",3,5,9,0,5,4416,4,819413,5.49554633630512e-10,4.59803248741107e-09,103.525848852698,8.33742796454705
"GO:0000166",2172,57,4127,0,57,4364,4070,815347,5.61039428028779e-10,4.67065323833959e-09,2.57372233881435,8.33062237468735
"GO:0048522",2880,65,5109,0,65,4356,5044,814373,5.9016627921627e-10,4.88869082037358e-09,2.37082096609232,8.31080742832251
"GO:0005524",23138,311,40471,0,311,4110,40160,779257,5.95720543948439e-10,4.91027082016906e-09,1.43198265888514,8.30889455421889
"GO:0051128",740,31,1514,0,31,4390,1483,817934,6.12994726194635e-10,5.02776462617767e-09,3.81554977937949,8.29862506192183
"GO:0043167",1468,45,2891,0,45,4376,2846,816571,6.86246836291011e-10,5.6009852079634e-09,2.90058587238621,8.25173557428865
"GO:0005794",4077,86,7667,0,86,4335,7581,811836,7.73159319851007e-10,6.2795622807411e-09,2.09023104244133,8.20207062786855
"GO:0044440",156,14,291,0,14,4407,277,819140,1.05309456050794e-09,8.51166234585303e-09,8.96512505528519,8.06998561299092
"GO:0031326",6386,117,11803,0,117,4304,11686,807731,1.12340210206158e-09,9.0360603861475e-09,1.84720357268306,8.04402087544058
"GO:0140110",2811,66,5304,0,66,4355,5238,814179,1.15184825466585e-09,9.22032376932037e-09,2.31879163719844,8.03525382853851
"GO:0009889",6419,117,11854,0,117,4304,11737,807680,1.22375247883662e-09,9.74903290556444e-09,1.83925626525883,8.01103846374845
"GO:0098805",1434,46,3074,0,46,4375,3028,816389,1.50174216739354e-09,1.19066700414773e-08,2.78852969583715,7.92420968140729
"GO:0005840",3281,75,6409,0,75,4346,6334,813083,1.51388028709594e-09,1.1946022170686e-08,2.18068179046875,7.92277668357876
"GO:0004175",402,23,902,0,23,4398,879,818538,1.74531351082717e-09,1.37072971487134e-08,4.75162986973581,7.86304817242579
"GO:0005856",793,33,1778,0,33,4388,1745,817672,1.96515150515194e-09,1.53613955684412e-08,3.45862509665369,7.81356932726407
"GO:0017016",43,10,125,0,10,4411,115,819302,1.98669244103172e-09,1.5385315880548e-08,14.9077222347885,7.81289358269435
"GO:0051254",919,34,1874,0,34,4387,1840,817577,1.98534485820291e-09,1.5385315880548e-08,3.38088684620337,7.81289358269435
"GO:0065009",802,31,1604,0,31,4390,1573,817844,2.35415866647589e-09,1.81466397207517e-08,3.60146032791805,7.74120378307104
"GO:0005215",1838,50,3565,0,50,4371,3515,815902,2.46789598820615e-09,1.89356996330103e-08,2.61355579151271,7.72271864400804
"GO:0044085",2598,61,4838,0,61,4360,4777,814640,2.70051198977184e-09,2.06254700136244e-08,2.34955316329604,7.68559614595391
"GO:0000323",255,19,627,0,19,4402,608,818809,2.83139078753925e-09,2.15263272203326e-08,5.64686448287444,7.66703006232741
"GO:0032879",1147,38,2302,0,38,4383,2264,817153,2.98111155501899e-09,2.25615942686665e-08,3.07609385817747,7.64663021507783
"GO:0008422",760,28,1350,0,28,4393,1322,818095,3.0544182618859e-09,2.30117936924888e-08,3.86496502383406,7.63804952820709
"GO:0006508",8256,144,15820,0,144,4277,15676,803741,3.17526368928243e-09,2.38144776696182e-08,1.69620101280779,7.62315893956454
"GO:0090305",1762,48,3382,0,48,4373,3334,816083,3.52102534549784e-09,2.62892699562955e-08,2.64477626873835,7.58022147392995
"GO:0080134",821,32,1740,0,32,4389,1708,817709,4.23491249773728e-09,3.14782558425562e-08,3.42706258271,7.50198933917633
"GO:0044430",568,28,1372,0,28,4393,1344,818073,4.31115867598162e-09,3.1902574202264e-08,3.80299036601748,7.49617427253111
"GO:0005764",243,18,582,0,18,4403,564,818853,5.34373985521177e-09,3.93687029156088e-08,5.76329467839762,7.40484889371557
"GO:0043933",1729,44,2991,0,44,4377,2947,816470,5.50753830361526e-09,4.03967016542705e-08,2.74130632869732,7.39365409310294
"GO:0031331",117,14,332,0,14,4407,318,819099,5.65802985422356e-09,4.131850748808e-08,7.85798611773491,7.38385537450474
"GO:0016197",225,15,397,0,15,4406,382,819035,7.13275859442704e-09,5.18604500424499e-08,7.04080080358399,7.28516371876403
"GO:0016817",974,38,2393,0,38,4383,2355,817062,8.23391140937632e-09,5.96063586809199e-08,2.95911745153554,7.22470740816693
"GO:0009266",739,29,1507,0,29,4392,1478,817939,8.3031549363156e-09,5.9847415450067e-08,3.5859650365699,7.22295460014497
"GO:0006886",2729,63,5179,0,63,4358,5116,814301,8.35876947080048e-09,5.99885826244948e-08,2.26681430003784,7.22193139919995
"GO:0006897",255,17,531,0,17,4404,514,818903,8.49411031639814e-09,6.06982561236176e-08,5.96589637456226,7.21682378613676
"GO:0009896",123,14,343,0,14,4407,329,819088,8.53182717986586e-09,6.07072318567378e-08,7.60598073203495,7.21675956974198
"GO:1902680",892,32,1796,0,32,4389,1764,817653,8.83366336445965e-09,6.23222436518022e-08,3.32020539750301,7.20535692009709
"GO:1903508",892,32,1796,0,32,4389,1764,817653,8.83366336445965e-09,6.23222436518022e-08,3.32020539750301,7.20535692009709
"GO:0031328",976,34,2000,0,34,4387,1966,817451,9.67448967077836e-09,6.79663514845821e-08,3.16789097489256,7.16770604290166
"GO:0000786",723,30,1614,0,30,4391,1584,817833,1.00173774915377e-08,7.00795526193707e-08,3.46369011031332,7.15440867932226
"GO:0060089",205,16,472,0,16,4405,456,818961,1.04437920483003e-08,7.27569613406694e-08,6.31683145541886,7.13812544732896
"GO:0009891",989,34,2022,0,34,4387,1988,817429,1.25720937097797e-08,8.72189001115969e-08,3.13342331839027,7.05938939437064
"GO:0010557",943,33,1926,0,33,4388,1893,817524,1.31560700457153e-08,9.08915212701906e-08,3.19285328237293,7.04147662763956
"GO:0017111",940,37,2333,0,37,4384,2296,817121,1.32420015031634e-08,9.11071591023429e-08,2.95534570663939,7.04044749529393
"GO:0070011",472,24,1097,0,24,4397,1073,818344,1.46003824401019e-08,1.00039657459957e-07,4.07686113986924,6.99982780398177
"GO:0033043",385,20,773,0,20,4401,753,818664,1.5281547576674e-08,1.04277773422796e-07,4.82138494009978,6.98180825061952
"GO:0006811",1760,45,3215,0,45,4376,3170,816247,1.58451412732486e-08,1.07682286612077e-07,2.60827177513796,6.96785573086468
"GO:1903052",55,11,200,0,11,4410,189,819228,1.61155141027775e-08,1.08632918951921e-07,10.2490590364171,6.96403855087223
"GO:1903364",55,11,200,0,11,4410,189,819228,1.61155141027775e-08,1.08632918951921e-07,10.2490590364171,6.96403855087223
"GO:0038023",552,23,1020,0,23,4398,997,818420,1.67410328196742e-08,1.12394434051442e-07,4.20193151225657,6.94925519517797
"GO:1901265",455,24,1112,0,24,4397,1088,818329,1.88052982510008e-08,1.25746271437415e-07,4.02186750938539,6.90050488355365
"GO:0042802",737,31,1761,0,31,4390,1730,817687,1.95311204634759e-08,1.3007726228675e-07,3.28037613059656,6.88579861217336
"GO:0005768",1474,41,2798,0,41,4380,2757,816660,1.97993175982458e-08,1.31338102793144e-07,2.73059601334135,6.88160926147936
"GO:0033554",1860,51,3924,0,51,4370,3873,815544,1.99828636104302e-08,1.32029634568914e-07,2.42193499609523,6.87932857875423
"GO:0045087",1551,45,3242,0,45,4376,3197,816220,2.01310018604822e-08,1.32482680228075e-07,2.58654958577068,6.87784089435382
"GO:0009791",3119,71,6351,0,71,4350,6280,813137,2.08280548479104e-08,1.36530359534531e-07,2.08323153572269,6.86477076611572
"GO:0031976",458,21,875,0,21,4400,854,818563,2.42422421343846e-08,1.58287580995099e-07,4.47231667043655,6.80055315789113
"GO:0005975",6228,106,11012,0,106,4315,10906,808511,2.59049338703179e-08,1.68483261304997e-07,1.79374609163592,6.77344323950465
"GO:0019941",1445,43,3059,0,43,4378,3016,816401,2.89129187237304e-08,1.87315212743234e-07,2.61945103014018,6.72742695010929
"GO:0009506",1884,50,3855,0,50,4371,3805,815612,2.90965536640094e-08,1.87774270738665e-07,2.41694588761163,6.72636391601951
"GO:0042623",787,32,1894,0,32,4389,1862,817555,2.96780652899051e-08,1.90787562577962e-07,3.14841018686135,6.7194499403228
"GO:0018193",551,25,1229,0,25,4396,1204,818213,2.99780832555677e-08,1.91975033155847e-07,3.79061285465534,6.71675524873235
"GO:0004888",202,15,444,0,15,4406,429,818988,3.11072772140147e-08,1.98442975330784e-07,6.29549080861001,6.70236427004517
"GO:0022607",2058,48,3636,0,48,4373,3588,815829,3.43594840018872e-08,2.18353209401306e-07,2.46002017075718,6.66084042034427
"GO:0061024",527,23,1062,0,23,4398,1039,818378,3.4558064204908e-08,2.18780140308638e-07,4.03575342985094,6.65999210348039
"GO:0031983",55,11,216,0,11,4410,205,819212,3.54912376012744e-08,2.22153799271135e-07,9.48986947816398,6.65334625506151
"GO:0034774",55,11,216,0,11,4410,205,819212,3.54912376012744e-08,2.22153799271135e-07,9.48986947816398,6.65334625506151
"GO:0060205",55,11,216,0,11,4410,205,819212,3.54912376012744e-08,2.22153799271135e-07,9.48986947816398,6.65334625506151
"GO:0009737",1046,32,1911,0,32,4389,1879,817538,3.62896570283886e-08,2.2630067023321e-07,3.12040235160408,6.64531415979625
"GO:0005576",1687,49,3771,0,49,4372,3722,815695,3.7907578153108e-08,2.3550790158554e-07,2.42136830252134,6.62799451716595
"GO:0009532",686,26,1337,0,26,4395,1311,818106,3.87882382445429e-08,2.40083333372356e-07,3.62379186709519,6.61963798769662
"GO:0043632",1463,43,3095,0,43,4378,3052,816365,3.98462804115482e-08,2.45718729204547e-07,2.58898245596085,6.60956173940847
"GO:0005770",218,15,453,0,15,4406,438,818979,4.03839689768564e-08,2.48115528953748e-07,6.17041483228001,6.60534605343086
"GO:0098772",373,19,742,0,19,4402,723,818694,4.05934457633646e-08,2.48485614691184e-07,4.77167659132382,6.60469874834342
"GO:0098657",106,12,273,0,12,4409,261,819156,4.34153373783951e-08,2.64785848846256e-07,8.19105617296072,6.57710522894611
"GO:0006887",1006,31,1831,0,31,4390,1800,817617,4.61522918098799e-08,2.80450970304562e-07,3.15496579245251,6.55214305307936
"GO:0045022",9,5,19,0,5,4416,14,819403,4.84979554364527e-08,2.92569187687296e-07,49.0385599828569,6.53377141410274
"GO:0098927",9,5,19,0,5,4416,14,819403,4.84979554364527e-08,2.92569187687296e-07,49.0385599828569,6.53377141410274
"GO:0000398",1387,39,2675,0,39,4382,2636,816781,4.90778239724349e-08,2.93937327029152e-07,2.71682788391006,6.53174525947542
"GO:0044798",121,12,276,0,12,4409,264,819153,4.89074008347724e-08,2.93937327029152e-07,8.10202295368941,6.53174525947542
"GO:0002213",200,15,460,0,15,4406,445,818972,4.92640850024926e-08,2.93995345982617e-07,6.07651721526706,6.53165954452004
"GO:0043168",768,28,1548,0,28,4393,1520,817897,5.31312907807212e-08,3.1594142553536e-07,3.37060903241342,6.5003934266371
"GO:0045732",73,11,227,0,11,4410,216,819201,5.88337394584211e-08,3.48605609246516e-07,9.03000796160097,6.45766562914453
"GO:0036094",684,27,1473,0,27,4394,1446,817971,6.99610991003935e-08,4.13068191497004e-07,3.41572047131101,6.38397824677893
"GO:0016874",336,20,852,0,20,4401,832,818585,7.34853010353907e-08,4.32342848847794e-07,4.37433164166329,6.36417172006208
"GO:0003735",4329,84,8242,0,84,4337,8158,811259,7.94665053881284e-08,4.65886378419837e-07,1.89918810319436,6.33171998726284
"GO:0051239",1595,44,3254,0,44,4377,3210,816207,8.32729932664369e-08,4.86489592240763e-07,2.51974407779154,6.31292644641465
"GO:0016818",1040,37,2514,0,37,4384,2477,816940,8.45594043169181e-08,4.92277651005835e-07,2.74257022020274,6.30778988038642
"GO:0010498",1352,40,2855,0,40,4381,2815,816602,9.3368810165788e-08,5.41669229707446e-07,2.61080949821165,6.26626583442908
"GO:0065003",1672,40,2857,0,40,4381,2817,816600,9.50553704206024e-08,5.49538860244108e-07,2.60898184018,6.26000159133357
"GO:0006396",3222,63,5590,0,63,4358,5527,813890,1.00251129328432e-07,5.77571385231276e-07,2.10014870481144,6.23839433126943
"GO:0048831",676,26,1407,0,26,4395,1381,818036,1.03600632776896e-07,5.94810529563902e-07,3.44350371450339,6.22562135203471
"GO:0010628",1119,34,2214,0,34,4387,2180,817237,1.05016802845722e-07,6.00869335869854e-07,2.86169013088759,6.22121995874649
"GO:0001101",2657,60,5245,0,60,4361,5185,814232,1.14431029022183e-07,6.52491997677856e-07,2.13170480001742,6.18542481025123
"GO:0016591",34,9,145,0,9,4412,136,819281,1.1527196045741e-07,6.55043734339891e-07,11.5663362166463,6.18372970314041
"GO:0043603",292,19,796,0,19,4402,777,818640,1.19384327114644e-07,6.76105117843135e-07,4.4479698878923,6.16998577661732
"GO:0006605",511,21,970,0,21,4400,949,818468,1.33764747030431e-07,7.54977301036162e-07,4.03430627487833,6.12206610556675
"GO:0022414",3897,82,8083,0,82,4339,8001,811416,1.40712774118743e-07,7.91509354417932e-07,1.89043861074579,6.10154394808137
"GO:0000003",3924,82,8127,0,82,4339,8045,811372,1.53587125475246e-07,8.61018733724862e-07,1.8802036779449,6.06498739922599
"GO:0045055",104,12,308,0,12,4409,296,819121,1.59930600223257e-07,8.93571977757462e-07,7.26025433512427,6.04887045906895
"GO:0016462",1013,36,2483,0,36,4385,2447,816970,1.7842085331768e-07,9.93547561116845e-07,2.70176198375144,6.00281133838185
"GO:0009861",236,15,509,0,15,4406,494,818923,1.80208082501673e-07,1.00015485788429e-06,5.49154797450461,5.99993275128224
"GO:0009526",1106,33,2162,0,33,4388,2129,817288,1.83243264774746e-07,1.0136213815613e-06,2.84432720714628,5.99412423692084
"GO:0043161",1916,48,3854,0,48,4373,3806,815611,1.89490338424622e-07,1.04470666714237e-06,2.32087009363599,5.98100563369115
"GO:0032268",652,26,1455,0,26,4395,1429,817988,1.95597929493303e-07,1.07128471252089e-06,3.32990359196307,5.97009509252543
"GO:0042742",1264,38,2714,0,38,4383,2676,816741,1.95230298529656e-07,1.07128471252089e-06,2.60912603593388,5.97009509252543
"GO:0005199",80,11,256,0,11,4410,245,819172,1.97161612957297e-07,1.07630847729147e-06,8.00707737220086,5.96806323909222
"GO:0044432",1098,34,2278,0,34,4387,2244,817173,2.00711309065965e-07,1.09210565227069e-06,2.78129146171427,5.96173534516733
"GO:0034220",1074,32,2075,0,32,4389,2043,817374,2.22875721862732e-07,1.20875595081905e-06,2.87377778020019,5.91766137483116
"GO:0009941",1444,38,2732,0,38,4383,2694,816723,2.29185765066159e-07,1.23894252868557e-06,2.59193560085086,5.90694883894566
"GO:0051246",721,27,1566,0,27,4394,1539,817878,2.30712693853084e-07,1.24316063192681e-06,3.21287117129063,5.90547275144508
"GO:0099503",180,14,450,0,14,4407,436,818981,2.39595799266269e-07,1.28686130896238e-06,5.79744753575109,5.89046825651286
"GO:0048608",2390,57,4989,0,57,4364,4932,814485,2.62802531589969e-07,1.40696532185626e-06,2.12903429390395,5.85171660669608
"GO:0048580",964,30,1883,0,30,4391,1853,817564,2.68088704007923e-07,1.43066568004228e-06,2.96887723741141,5.84446184092645
"GO:0007034",199,14,455,0,14,4407,441,818976,2.73460917351623e-07,1.45467229198228e-06,5.7337393210725,5.83723483335413
"GO:0006325",795,29,1783,0,29,4392,1754,817663,2.77257317905277e-07,1.47017017296906e-06,3.03087454296738,5.83263239252802
"GO:0061458",2404,57,5017,0,57,4364,4960,814457,2.96748171272978e-07,1.56852604815717e-06,2.1171521013129,5.80450826467616
"GO:1903047",277,16,606,0,16,4405,590,818827,3.08723660023728e-07,1.62666105677059e-06,4.92004034151436,5.78870293047378
"GO:0009534",640,23,1208,0,23,4398,1185,818232,3.28353193247956e-07,1.71920775710015e-06,3.54798852856101,5.76467163796671
"GO:0048583",2770,56,4887,0,56,4365,4831,814586,3.27998856641172e-07,1.71920775710015e-06,2.13533979217351,5.76467163796671
"GO:0009888",2008,53,4525,0,53,4368,4472,814945,3.3150821054101e-07,1.73028580109963e-06,2.18262231614307,5.76188215606833
"GO:0004518",1957,47,3818,0,47,4374,3771,815646,3.36106968037663e-07,1.74880656807097e-06,2.2939462579723,5.75725822429212
"GO:0004553",3862,70,6704,0,70,4351,6634,812783,3.41275444748982e-07,1.77016702650173e-06,1.94574238595465,5.7519857532621
"GO:0051656",297,17,690,0,17,4404,673,818744,3.49221317436537e-07,1.80575619109265e-06,4.591146340424,5.74334088747265
"GO:0051129",156,12,332,0,12,4409,320,819097,3.55429973494605e-07,1.83216998720903e-06,6.73541667234421,5.73703423531769
"GO:0030100",93,9,166,0,9,4412,157,819260,3.63752897372381e-07,1.86928572260807e-06,10.1031250085163,5.72832431110481
"GO:0005766",38,9,167,0,9,4412,158,819259,3.82634616651727e-07,1.93643354627697e-06,10.0426272539743,5.71299740236001
"GO:0030880",178,14,468,0,14,4407,454,818963,3.82549571143027e-07,1.93643354627697e-06,5.57446878437604,5.71299740236001
"GO:0031404",38,9,167,0,9,4412,158,819259,3.82634616651727e-07,1.93643354627697e-06,10.0426272539743,5.71299740236001
"GO:0035578",38,9,167,0,9,4412,158,819259,3.82634616651727e-07,1.93643354627697e-06,10.0426272539743,5.71299740236001
"GO:0042582",38,9,167,0,9,4412,158,819259,3.82634616651727e-07,1.93643354627697e-06,10.0426272539743,5.71299740236001
"GO:0044436",458,19,861,0,19,4402,842,818575,3.88883842192243e-07,1.96209574924268e-06,4.11217657463678,5.70727980309618
"GO:0000428",132,13,401,0,13,4408,388,819029,4.02198138089219e-07,2.01786029382403e-06,6.0411592597335,5.69510890535462
"GO:0033116",38,9,168,0,9,4412,159,819258,4.02360130660407e-07,2.01786029382403e-06,9.98284971079588,5.69510890535462
"GO:0002444",38,9,169,0,9,4412,160,819257,4.22960977375123e-07,2.07737471188667e-06,9.92377959416395,5.68248515939803
"GO:0002446",38,9,169,0,9,4412,160,819257,4.22960977375123e-07,2.07737471188667e-06,9.92377959416395,5.68248515939803
"GO:0006901",38,9,169,0,9,4412,160,819257,4.22960977375123e-07,2.07737471188667e-06,9.92377959416395,5.68248515939803
"GO:0043299",38,9,169,0,9,4412,160,819257,4.22960977375123e-07,2.07737471188667e-06,9.92377959416395,5.68248515939803
"GO:0043312",38,9,169,0,9,4412,160,819257,4.22960977375123e-07,2.07737471188667e-06,9.92377959416395,5.68248515939803
"GO:0048207",38,9,169,0,9,4412,160,819257,4.22960977375123e-07,2.07737471188667e-06,9.92377959416395,5.68248515939803
"GO:0048208",38,9,169,0,9,4412,160,819257,4.22960977375123e-07,2.07737471188667e-06,9.92377959416395,5.68248515939803
"GO:0002275",38,9,170,0,9,4412,161,819256,4.44469636613241e-07,2.15755669084853e-06,9.86540442008063,5.66603778416467
"GO:0002283",38,9,170,0,9,4412,161,819256,4.44469636613241e-07,2.15755669084853e-06,9.86540442008063,5.66603778416467
"GO:0036230",38,9,170,0,9,4412,161,819256,4.44469636613241e-07,2.15755669084853e-06,9.86540442008063,5.66603778416467
"GO:0042119",38,9,170,0,9,4412,161,819256,4.44469636613241e-07,2.15755669084853e-06,9.86540442008063,5.66603778416467
"GO:0051276",1362,41,3143,0,41,4380,3102,816315,4.50171284878019e-07,2.17888136430785e-06,2.43086466602899,5.66176641556792
"GO:0034357",425,18,787,0,18,4403,769,818648,4.67515705666678e-07,2.25627144908701e-06,4.26205527678198,5.64660865214047
"GO:0009579",778,25,1434,0,25,4396,1409,818008,5.18015433679646e-07,2.49276213027922e-06,3.24871910625621,5.60331916170317
"GO:1903050",67,10,227,0,10,4411,217,819200,5.59493910788447e-07,2.67688896972059e-06,8.20909814690997,5.57236964182677
"GO:1903362",67,10,227,0,10,4411,217,819200,5.59493910788447e-07,2.67688896972059e-06,8.20909814690997,5.57236964182677
"GO:0002263",39,9,175,0,9,4412,166,819251,5.66835466885995e-07,2.68883490702331e-06,9.58353572236404,5.57043586239919
"GO:0002366",39,9,175,0,9,4412,166,819251,5.66835466885995e-07,2.68883490702331e-06,9.58353572236404,5.57043586239919
"GO:0002443",39,9,175,0,9,4412,166,819251,5.66835466885995e-07,2.68883490702331e-06,9.58353572236404,5.57043586239919
"GO:0045862",181,13,415,0,13,4408,402,819015,5.9039902391148e-07,2.79265447389947e-06,5.83736111603165,5.5539827948259
"GO:0048194",109,11,287,0,11,4410,276,819141,6.10427205458728e-07,2.87921047333933e-06,7.14220141910599,5.54072658657423
"GO:0019902",39,9,178,0,9,4412,169,819248,6.5344514480357e-07,3.07340724886425e-06,9.42201545738038,5.51237988874591
"GO:0031329",217,15,566,0,15,4406,551,818866,6.81433661313098e-07,3.18704226428738e-06,4.93851222442199,5.4966121771836
"GO:0031347",592,23,1261,0,23,4398,1238,818179,6.80058044331049e-07,3.18704226428738e-06,3.39886609238834,5.4966121771836
"GO:0004519",1176,34,2414,0,34,4387,2380,817037,7.27963181956566e-07,3.39512240324281e-06,2.62459898499798,5.46914456362364
"GO:0055029",66,10,234,0,10,4411,224,819193,7.3731056634517e-07,3.42911199152153e-06,7.96352683482292,5.46481833101058
"GO:0042626",1211,33,2309,0,33,4388,2276,817141,7.68366446279086e-07,3.56359368538908e-06,2.66324617663502,5.44811181929647
"GO:0055035",390,17,735,0,17,4404,718,818699,8.26360846688763e-07,3.82191891593553e-06,4.31005574815314,5.41771853097418
"GO:0004842",3668,72,7148,0,72,4349,7076,812341,8.32758500332918e-07,3.84083906663243e-06,1.87702154607018,5.41557388964236
"GO:0005783",4769,83,8666,0,83,4338,8583,810834,8.96515194077538e-07,4.12347458049475e-06,1.7847636531956,5.38473667833739
"GO:0006511",3410,69,6751,0,69,4352,6682,812735,9.11339704834083e-07,4.1801118692803e-06,1.90459345689603,5.37881209536348
"GO:0072594",456,19,914,0,19,4402,895,818522,9.37903141963046e-07,4.29013387738591e-06,3.87372432249701,5.36752915506405
"GO:0002274",41,9,186,0,9,4412,177,819240,9.42555219651972e-07,4.29960120745352e-06,9.01676748071886,5.36657182382368
"GO:0006406",302,15,584,0,15,4406,569,818848,1.00250174558671e-06,4.56056121967723e-06,4.78629780654597,5.34098171005236
"GO:0030141",104,11,303,0,11,4410,292,819125,1.03628683190234e-06,4.70141028642345e-06,6.76505546958224,5.32777184680058
"GO:0055085",10182,149,18268,0,149,4272,18119,801298,1.04161131807035e-06,4.71272512116068e-06,1.51990544461866,5.3267278905702
"GO:0043254",99,9,190,0,9,4412,181,819236,1.12455576961204e-06,5.07421505800556e-06,8.82694079691425,5.29463113023099
"GO:0000278",558,21,1110,0,21,4400,1089,818328,1.15088526264972e-06,5.16502415717462e-06,3.52547485282161,5.28692764291433
"GO:0033365",532,21,1110,0,21,4400,1089,818328,1.15088526264972e-06,5.16502415717462e-06,3.52547485282161,5.28692764291433
"GO:0009894",233,15,591,0,15,4406,576,818841,1.16026444360897e-06,5.19311908228208e-06,4.72960730799128,5.28457171857863
"GO:2000026",1359,37,2773,0,37,4384,2736,816681,1.18517017820974e-06,5.29037090273248e-06,2.48641238138827,5.27651387893584
"GO:0008234",1516,39,3048,0,39,4382,3009,816408,1.28464645293936e-06,5.71752684732146e-06,2.38435518026883,5.24279178743548
"GO:0009408",710,24,1409,0,24,4397,1385,818032,1.28773127191925e-06,5.71752684732146e-06,3.17410693430557,5.24279178743548
"GO:0051186",289,17,760,0,17,4404,743,818674,1.29586584359876e-06,5.73834209997857e-06,4.16827759854284,5.24121356419316
"GO:0008612",35,6,64,0,6,4415,58,819359,1.36730654511426e-06,6.03863500693699e-06,17.4699869938928,5.21906121964879
"GO:0099402",2246,51,4474,0,51,4370,4423,814994,1.50331747835543e-06,6.62175555942274e-06,2.12420047489443,5.17902685516856
"GO:0061695",159,13,452,0,13,4408,439,818978,1.51718494999826e-06,6.66520565104775e-06,5.35952403352463,5.17618644613949
"GO:0022625",1037,29,1944,0,29,4392,1915,817502,1.52491796257103e-06,6.68154844126518e-06,2.77986075622985,5.17512287860712
"GO:0000785",1411,37,2823,0,37,4384,2786,816631,1.54437446187287e-06,6.7490380026728e-06,2.44237390492019,5.17075812641416
"GO:0006903",84,10,256,0,10,4411,246,819171,1.65619975943627e-06,7.1811786444307e-06,7.27916124745533,5.14380426930048
"GO:0051648",111,11,318,0,11,4410,307,819110,1.65357608829816e-06,7.1811786444307e-06,6.44594907950761,5.14380426930048
"GO:0051650",111,11,318,0,11,4410,307,819110,1.65357608829816e-06,7.1811786444307e-06,6.44594907950761,5.14380426930048
"GO:0045145",15,5,37,0,5,4416,32,819385,1.6776685592776e-06,7.25537182129144e-06,25.1819632344401,5.13934032605225
"GO:0015630",720,26,1636,0,26,4395,1610,817807,1.68437906704804e-06,7.26552110527197e-06,2.96149738771777,5.1387332313277
"GO:0008380",406,18,864,0,18,4403,846,818571,1.73618759624858e-06,7.46964430944155e-06,3.88221933197617,5.1267000779871
"GO:0015074",11902,53,17891,0,53,4368,17838,801579,1.77596360198454e-06,7.62108092088727e-06,0.552029846322027,5.1179834269958
"GO:0033993",1491,37,2848,0,37,4384,2811,816606,1.8006711440014e-06,7.70724281429906e-06,2.42093452724357,5.11310095848524
"GO:0009793",1083,33,2408,0,33,4388,2375,817042,1.86786433430886e-06,7.97434388878014e-06,2.55375225159895,5.09830503958167
"GO:0022406",25,6,70,0,6,4415,64,819353,2.32638988477727e-06,9.88122234222999e-06,15.9725595372734,5.00518932832232
"GO:0140056",25,6,70,0,6,4415,64,819353,2.32638988477727e-06,9.88122234222999e-06,15.9725595372734,5.00518932832232
"GO:0010087",163,11,331,0,11,4410,320,819097,2.42884983821076e-06,1.02901653450914e-05,6.19278491626411,4.9875776468232
"GO:0007568",681,23,1362,0,23,4398,1339,818078,2.43670747428109e-06,1.02972536666955e-05,3.14682095631549,4.98727858854119
"GO:0009535",1619,37,2895,0,37,4384,2858,816559,2.45843023363556e-06,1.03627502253246e-05,2.38163092697398,4.98452496957406
"GO:0006403",132,11,332,0,11,4410,321,819096,2.4999016092758e-06,1.05109499480914e-05,6.17413194964885,4.97835803196693
"GO:0048367",1816,44,3726,0,44,4377,3682,815735,2.51204268367036e-06,1.05353931191716e-05,2.20054944421194,4.97734925442687
"GO:0016567",5014,89,9749,0,89,4332,9660,809757,2.59589493883806e-06,1.0859711239109e-05,1.70118381230918,4.96418172253067
"GO:0008233",1835,41,3378,0,41,4380,3337,816080,2.61287496055799e-06,1.09033503993209e-05,2.26175477955273,4.96244003083389
"GO:0048193",935,29,2000,0,29,4392,1971,817446,2.62756533464657e-06,1.09372407054663e-05,2.70202465505542,4.96109222988003
"GO:0032774",525,21,1172,0,21,4400,1151,818266,2.66339493561769e-06,1.1058734583051e-05,3.33897362340613,4.95629456516871
"GO:0016071",557,22,1270,0,22,4399,1248,818169,2.67038267146346e-06,1.10601670347927e-05,3.22805009021011,4.95623831410357
"GO:0070887",2536,55,5097,0,55,4366,5042,814375,2.72830175097306e-06,1.12720159190326e-05,2.01080224375458,4.94799840656095
"GO:1901096",26,6,72,0,6,4415,66,819351,2.74689624214119e-06,1.13207481266462e-05,15.5288773279047,4.94612487204012
"GO:0043604",247,16,720,0,16,4405,704,818713,2.84822330228732e-06,1.1709362464959e-05,4.14103395410792,4.93146675014435
"GO:0010605",1254,35,2662,0,35,4386,2627,816790,2.89055652719633e-06,1.1842247412496e-05,2.45008582934635,4.92656586972258
"GO:0044459",892,28,1901,0,28,4393,1873,817544,2.89477158972123e-06,1.1842247412496e-05,2.74471477231772,4.92656586972258
"GO:0005775",165,12,407,0,12,4409,395,819022,2.9445333950281e-06,1.20162943694161e-05,5.49424652387783,4.92022944107167
"GO:0010154",1355,37,2923,0,37,4384,2886,816531,2.98393489748857e-06,1.21473144359865e-05,2.35881680930198,4.91551972655536
"GO:0048284",225,12,408,0,12,4409,396,819021,3.01896604741765e-06,1.22599474852448e-05,5.48078023337813,4.91151139008818
"GO:0031503",108,10,274,0,10,4411,264,819153,3.03134929853319e-06,1.22802836546418e-05,6.80096817280498,4.91079160158061
"GO:0044421",226,14,560,0,14,4407,546,818871,3.09381408433797e-06,1.25029137146182e-05,4.65866319837141,4.90298876597421
"GO:0009733",1019,31,2244,0,31,4390,2213,817204,3.20600500851241e-06,1.28937157951043e-05,2.57430586719276,4.88962190679268
"GO:0048316",1389,37,2933,0,37,4384,2896,816521,3.20027457571786e-06,1.28937157951043e-05,2.35077447445949,4.88962190679268
"GO:0048585",834,26,1697,0,26,4395,1671,817746,3.22421727817866e-06,1.2935715104018e-05,2.85504403435844,4.88820955789103
"GO:0009901",172,12,415,0,12,4409,403,819014,3.58806728435927e-06,1.43608942991783e-05,5.38833333787537,4.84281851433432
"GO:0005813",123,11,345,0,11,4410,334,819083,3.60371283210262e-06,1.43889253368126e-05,5.94148349937223,4.84197164092932
"GO:0004197",500,20,1100,0,20,4401,1080,818337,3.67332293825472e-06,1.4631776775584e-05,3.38811868972466,4.83470293313795
"GO:0009900",172,12,417,0,12,4409,405,819012,3.76711138883786e-06,1.49695476429953e-05,5.36249001251385,4.82479132317861
"GO:0015318",840,26,1713,0,26,4395,1687,817730,3.80108911168637e-06,1.50686032641852e-05,2.82837695639595,4.82192700135287
"GO:0048523",1696,42,3520,0,42,4379,3478,815939,3.88650208812314e-06,1.53706080207245e-05,2.22345289013181,4.81330895261589
"GO:0010035",1803,43,3684,0,43,4378,3641,815776,4.11578555752653e-06,1.62388221641746e-05,2.17505447915278,4.78944547424202
"GO:0031146",1438,40,3325,0,40,4381,3285,816132,4.1540145366481e-06,1.6350908282551e-05,2.24176274207346,4.78645811755148
"GO:0030162",199,13,497,0,13,4408,484,818933,4.2433815706882e-06,1.66632790452732e-05,4.87425525785339,4.77823953287265
"GO:0044427",715,26,1727,0,26,4395,1701,817716,4.38168838413775e-06,1.71659086107985e-05,2.8054485965873,4.76533320393574
"GO:0015075",995,28,1946,0,28,4393,1918,817499,4.45362200884797e-06,1.736599682607e-05,2.68124500625693,4.760300282688
"GO:0071310",2077,48,4291,0,48,4373,4243,815174,4.45211717134736e-06,1.736599682607e-05,2.08451021693617,4.760300282688
"GO:0003006",3644,72,7517,0,72,4349,7445,811972,5.0852452968477e-06,1.97825547178772e-05,1.78488093804838,4.70371762435495
"GO:0042651",494,18,936,0,18,4403,918,818499,5.18672550755603e-06,2.01302982985566e-05,3.58358707567031,4.69614978951983
"GO:0098796",902,27,1854,0,27,4394,1827,817590,5.26783910121532e-06,2.039756303145e-05,2.71378438740082,4.69042171616304
"GO:0003954",189,12,432,0,12,4409,420,818997,5.38001310400157e-06,2.07835773043216e-05,5.1762924426349,4.68227969884742
"GO:0097305",937,25,1641,0,25,4396,1616,817801,5.41904586055623e-06,2.08859059208938e-05,2.83891724458952,4.68014668257686
"GO:0016482",43,6,81,0,6,4415,75,819342,5.47582407599101e-06,2.10559978903581e-05,13.8034465136931,4.67662417157896
"GO:0001775",68,9,231,0,9,4412,222,819195,5.55371318195531e-06,2.12573159723117e-05,7.26025433512427,4.67249157198588
"GO:0045321",68,9,231,0,9,4412,222,819195,5.55371318195531e-06,2.12573159723117e-05,7.26025433512427,4.67249157198588
"GO:0034038",25,5,47,0,5,4416,42,819375,5.64649872395408e-06,2.15628907692283e-05,19.8240987164741,4.66629301709538
"GO:0009909",714,22,1340,0,22,4399,1318,818099,6.16666780744001e-06,2.34954276873858e-05,3.0594206078857,4.62901664510449
"GO:2000241",856,26,1762,0,26,4395,1736,817681,6.2048553344207e-06,2.35869500726266e-05,2.74972175159266,4.62732821224123
"GO:0005788",120,10,299,0,10,4411,289,819128,6.52537734244476e-06,2.47488685083611e-05,6.23232534899185,4.60644465175296
"GO:0004364",711,21,1248,0,21,4400,1227,818190,6.87251971292833e-06,2.60062393682402e-05,3.13563869121153,4.58492244440936
"GO:0060341",153,10,301,0,10,4411,291,819126,6.91541599844867e-06,2.61092236676123e-05,6.19091454933078,4.58320604130936
"GO:0043492",131,11,371,0,11,4410,360,819057,7.14468867842369e-06,2.69138159492657e-05,5.52509921100652,4.57002472184909
"GO:0098542",2767,57,5549,0,57,4364,5492,813925,7.33061557101468e-06,2.7551862134852e-05,1.91417410205205,4.5598490433617
"GO:0048199",83,9,240,0,9,4412,231,819186,7.54945198401883e-06,2.83104449400706e-05,6.98799479755711,4.54805330500795
"GO:0097659",517,20,1159,0,20,4401,1139,818278,7.83544861747575e-06,2.93169032541508e-05,3.21564327756439,4.53288190615446
"GO:1990234",396,18,967,0,18,4403,949,818468,8.02855247512481e-06,2.99720624912171e-05,3.46870475990426,4.52328337057672
"GO:0035556",1374,34,2706,0,34,4387,2672,816745,8.59592368759181e-06,3.20183734672044e-05,2.34138283436257,4.49460073400822
"GO:0007049",836,25,1689,0,25,4396,1664,817753,8.78357140192332e-06,3.26442999647373e-05,2.75823753603991,4.48619264011547
"GO:0022402",774,24,1584,0,24,4397,1560,817857,9.0149356558155e-06,3.34295498149951e-05,2.82343224143722,4.47586947187228
"GO:0030134",95,10,311,0,10,4411,301,819116,9.18279757344453e-06,3.39763510217448e-05,5.99184977282496,4.46882326514372
"GO:0043043",171,12,461,0,12,4409,449,818968,1.02838010180931e-05,3.79656955546011e-05,4.85066883995288,4.4206086391745
"GO:0006732",171,12,462,0,12,4409,450,818967,1.050664969057e-05,3.87025923336263e-05,4.84016955674952,4.412259944581
"GO:0050790",614,20,1185,0,20,4401,1165,818252,1.07568117848658e-05,3.95366260966923e-05,3.14508907906931,4.40300039445855
"GO:0047429",58,6,92,0,6,4415,86,819331,1.14417069900285e-05,4.19613262960296e-05,12.1530344305341,4.37715079326342
"GO:0051087",587,20,1197,0,20,4401,1177,818240,1.24098042606363e-05,4.54117013054053e-05,3.11355936399092,4.34283222737213
"GO:0044454",333,16,813,0,16,4405,797,818620,1.2777515818827e-05,4.66547452595329e-05,3.6673363431214,4.331104177529
"GO:0005694",1344,36,2994,0,36,4385,2958,816459,1.3127716740455e-05,4.78285522382006e-05,2.24063961444717,4.32031276494607
"GO:0090114",101,9,258,0,9,4412,249,819168,1.34260240141315e-05,4.88085807500633e-05,6.50046027679732,4.31150382052166
"GO:0016616",1576,35,2859,0,35,4386,2824,816593,1.37278660695789e-05,4.97971612327861e-05,2.28126214680657,4.30279541418961
"GO:0071806",175,10,327,0,10,4411,317,819100,1.4143108900033e-05,5.11919050403369e-05,5.69867057904759,4.29079870844328
"GO:0000228",411,18,1011,0,18,4403,993,818424,1.44578760622104e-05,5.22177085544043e-05,3.3177423371191,4.28218219003917
"GO:0006898",132,9,262,0,9,4412,253,819164,1.51615979540901e-05,5.46408237955843e-05,6.40121660844926,4.26248276161094
"GO:0010608",597,20,1216,0,20,4401,1196,818221,1.54976442098512e-05,5.57312691347782e-05,3.06490999892856,4.25390106690334
"GO:0071166",107,9,263,0,9,4412,254,819163,1.56241597509802e-05,5.59445720115742e-05,6.37687738180117,4.2522420442523
"GO:0071426",107,9,263,0,9,4412,254,819163,1.56241597509802e-05,5.59445720115742e-05,6.37687738180117,4.2522420442523
"GO:0006518",238,13,563,0,13,4408,550,818867,1.58187537857881e-05,5.6398768850829e-05,4.30285055622226,4.24873037628487
"GO:0019199",287,13,563,0,13,4408,550,818867,1.58187537857881e-05,5.6398768850829e-05,4.30285055622226,4.24873037628487
"GO:0042176",116,10,334,0,10,4411,324,819093,1.69506818738989e-05,6.03053105129094e-05,5.57923736331905,4.21964444200742
"GO:0004675",111,9,266,0,9,4412,257,819160,1.70845898500201e-05,6.05230682984753e-05,6.30495771208161,4.21807906294696
"GO:0007178",111,9,266,0,9,4412,257,819160,1.70845898500201e-05,6.05230682984753e-05,6.30495771208161,4.21807906294696
"GO:0070370",29,6,99,0,6,4415,93,819324,1.74144385919672e-05,6.15605950225593e-05,11.2937289657489,4.21069719108609
"GO:0030490",254,13,569,0,13,4408,556,818861,1.76562144246617e-05,6.22830445276732e-05,4.25747779113029,4.20563016634715
"GO:0009892",1397,35,2919,0,35,4386,2884,816533,1.83421015553547e-05,6.45657486039443e-05,2.23437083854744,4.18999780920565
"GO:0061659",934,25,1767,0,25,4396,1742,817675,1.84460413751177e-05,6.47946390075336e-05,2.63648171950844,4.18846092539115
"GO:0031201",622,18,1031,0,18,4403,1013,818404,1.8672190789507e-05,6.54509424516402e-05,3.25338264095773,4.18408409550589
"GO:1902903",79,7,150,0,7,4414,143,819274,1.92291640001655e-05,6.72616765972177e-05,8.69617130362663,4.17223231145128
"GO:0048827",1240,31,2454,0,31,4390,2423,816994,1.9720826102514e-05,6.88368458295302e-05,2.35401074408335,4.16217903767936
"GO:0090174",152,9,271,0,9,4412,262,819155,1.97766759801352e-05,6.88873755375002e-05,6.18863007901737,4.16186036062879
"GO:0045202",107,8,208,0,8,4413,200,819217,2.00674295885344e-05,6.97542176720455e-05,7.16717415134063,4.15642952774873
"GO:0005681",606,19,1137,0,19,4402,1118,818299,2.01579301703261e-05,6.99228202783185e-05,3.11397012380147,4.15538106311665
"GO:0008064",75,7,152,0,7,4414,145,819272,2.09418330960611e-05,7.24909607171345e-05,8.58174799699997,4.13971614453821
"GO:0006260",1570,37,3148,0,37,4384,3111,816306,2.11321668593427e-05,7.29980452713809e-05,2.19022285056852,4.13668876918391
"GO:0031348",267,13,580,0,13,4408,567,818850,2.15151840193173e-05,7.41672492591373e-05,4.17673252267782,4.12978782795505
"GO:0098660",370,16,855,0,16,4405,839,818578,2.33984304760684e-05,8.049253459226e-05,3.48718648766983,4.09424439709465
"GO:0005086",25,5,63,0,5,4416,58,819359,2.40961133080535e-05,8.27217085730084e-05,14.7894069789569,4.08238050403536
"GO:0044429",730,22,1468,0,22,4399,1446,817971,2.44578994025555e-05,8.3790951656903e-05,2.79265913798831,4.07680287704568
"GO:0022622",989,27,2027,0,27,4394,2000,817417,2.47537824843844e-05,8.42052028558512e-05,2.48216884767692,4.07466107356237
"GO:0050657",111,9,279,0,9,4412,270,819147,2.48316844457795e-05,8.42052028558512e-05,6.01117832047924,4.07466107356237
"GO:0050658",111,9,279,0,9,4412,270,819147,2.48316844457795e-05,8.42052028558512e-05,6.01117832047924,4.07466107356237
"GO:0051168",111,9,279,0,9,4412,270,819147,2.48316844457795e-05,8.42052028558512e-05,6.01117832047924,4.07466107356237
"GO:0051236",111,9,279,0,9,4412,270,819147,2.48316844457795e-05,8.42052028558512e-05,6.01117832047924,4.07466107356237
"GO:0006979",2573,48,4608,0,48,4373,4560,814857,2.62111556396059e-05,8.87023864633003e-05,1.94110966598809,4.05206469568236
"GO:0010629",1131,30,2372,0,30,4391,2342,817075,2.64892489990221e-05,8.94616624409164e-05,2.3568279249771,4.04836303571614
"GO:0031224",1475,34,2855,0,34,4387,2821,816596,2.71767746953979e-05,9.15978337405619e-05,2.2191880734799,4.03811479713613
"GO:0031209",25,5,65,0,5,4416,60,819357,2.80658507936591e-05,9.44033163059441e-05,14.3343483026813,4.0250127490486
"GO:0010305",105,8,220,0,8,4413,212,819205,2.99284531355109e-05,0.00010026332891474,6.77623737944932,3.99885788016081
"GO:0019748",513,19,1171,0,19,4402,1152,818265,2.99016596629748e-05,0.00010026332891474,3.02355596136829,3.99885788016081
"GO:0071013",599,19,1174,0,19,4402,1155,818262,3.09359002342818e-05,0.000103430268855581,3.01582966845168,3.98535234641388
"GO:0006820",1184,28,2129,0,28,4393,2101,817316,3.2573641163573e-05,0.000108687600275249,2.45077631854203,3.96381999997266
"GO:0044550",307,14,694,0,14,4407,680,818737,3.32684448021047e-05,0.000110783921191009,3.75915186035733,3.95552326708716
"GO:0005102",466,17,981,0,17,4404,964,818453,3.44130096807468e-05,0.000114366589058769,3.2292466614603,3.9417008313708
"GO:0034622",1475,30,2413,0,30,4391,2383,817034,3.44981975811964e-05,0.000114421312694605,2.31678236139482,3.94149307411315
"GO:0080143",58,6,112,0,6,4415,106,819311,3.50415675457371e-05,0.000115992465136486,9.98284971079588,3.93557022160006
"GO:0005753",77,7,165,0,7,4414,158,819259,3.54113385887682e-05,0.00011682890849572,7.90561027602421,3.93244968079601
"GO:0022857",5726,89,10433,0,89,4332,10344,809073,3.54345938680712e-05,0.00011682890849572,1.58965216008839,3.93244968079601
"GO:0043621",137,10,365,0,10,4411,355,819062,3.58939540004983e-05,0.000118109552195316,5.10538432698237,3.92771497708626
"GO:0085020",31,5,69,0,5,4416,64,819353,3.75144287391379e-05,0.000123198271894802,13.5033715894823,3.90939538398828
"GO:0010639",102,8,228,0,8,4413,220,819197,3.85311372487358e-05,0.000126288077793593,6.53847466438093,3.89863764701276
"GO:0005198",565,18,1093,0,18,4403,1075,818342,3.95538948401454e-05,0.000129385530272774,3.06883577568839,3.88811428992749
"GO:0008252",44,5,70,0,5,4416,65,819352,4.02212009587042e-05,0.000131310391365181,13.3104662810612,3.88170090426858
"GO:0032970",85,7,170,0,7,4414,163,819254,4.28046472819447e-05,0.000139471111006728,7.67309232672938,3.85551573955635
"GO:0051188",177,12,534,0,12,4409,522,818895,4.28956406632476e-05,0.000139494612703725,4.18756242550239,3.85544256456403
"GO:0061025",219,10,373,0,10,4411,363,819054,4.30201273878571e-05,0.000139626729241291,4.99588546742242,3.85503143521707
"GO:0034654",1928,38,3382,0,38,4383,3344,816073,4.31429424139102e-05,0.000139752916574242,2.0937812127512,3.85463911983594
"GO:0000819",163,10,375,0,10,4411,365,819052,4.49792244339876e-05,0.000145136450935251,4.9692407449295,3.83822350105661
"GO:0098798",158,10,375,0,10,4411,365,819052,4.49792244339876e-05,0.000145136450935251,4.9692407449295,3.83822350105661
"GO:0005774",978,27,2045,0,27,4394,2018,817399,4.51451271070936e-05,0.000145390012830388,2.46032090671937,3.83746542512499
"GO:0050832",951,25,1871,0,25,4396,1846,817571,4.60012981645826e-05,0.000147861315529015,2.48993222788424,3.83014543418307
"GO:0048443",293,13,628,0,13,4408,615,818802,4.8324844250736e-05,0.000154732433995145,3.85749182030754,3.81041864280537
"GO:0048466",293,13,628,0,13,4408,615,818802,4.8324844250736e-05,0.000154732433995145,3.85749182030754,3.81041864280537
"GO:0008170",92,8,236,0,8,4413,228,819189,4.91057798901801e-05,0.000156630504822126,6.31683145541886,3.80512365233068
"GO:0032880",106,8,236,0,8,4413,228,819189,4.91057798901801e-05,0.000156630504822126,6.31683145541886,3.80512365233068
"GO:0006351",1804,38,3430,0,38,4383,3392,816025,4.99962803521308e-05,0.000159165978558887,2.06448048440949,3.79814975634162
"GO:0032271",63,6,120,0,6,4415,114,819303,5.15877356879701e-05,0.000163919045649752,9.31732639674282,3.78537058309791
"GO:0009617",1223,31,2557,0,31,4390,2526,816891,5.36056817019756e-05,0.000169683384094656,2.25918747202994,3.77036068301707
"GO:0009625",171,10,383,0,10,4411,373,819044,5.35951028885272e-05,0.000169683384094656,4.86544459359938,3.77036068301707
"GO:0017076",279,12,547,0,12,4409,535,818882,5.39015650226913e-05,0.000170296215868655,4.08804083220892,3.76879500233465
"GO:0005815",269,13,636,0,13,4408,623,818794,5.48706894360779e-05,0.000173029730892178,3.80896991061813,3.76187926766282
"GO:0007167",125,9,312,0,9,4412,303,819114,5.88594631919757e-05,0.000185257100594782,5.37538061350547,3.73222513724859
"GO:0023051",2232,40,3724,0,40,4381,3684,815733,6.34848875816913e-05,0.000199347610518407,2.0015738768513,3.70038896564437
"GO:0042776",75,7,181,0,7,4414,174,819243,6.35757244356002e-05,0.000199347610518407,7.2067717985856,3.70038896564437
"GO:0006900",320,13,646,0,13,4408,633,818784,6.41257038160965e-05,0.000200694167018422,3.75000752810082,3.69746524967756
"GO:0016866",200,11,475,0,11,4410,464,818953,6.76378970148227e-05,0.0002112891154403,4.31539327849141,3.67512287505357
"GO:0005667",459,16,937,0,16,4405,921,818496,6.83359633560301e-05,0.000213069998104476,3.18201114936788,3.67147769798626
"GO:0009734",328,12,562,0,12,4409,550,818867,6.95572946128756e-05,0.000216472701926052,3.97892942209658,3.66459686212982
"GO:0010731",70,6,127,0,6,4415,121,819296,7.07184777371137e-05,0.000219675868343833,8.8037729733003,3.65821764822617
"GO:0016021",1104,27,2142,0,27,4394,2115,817302,7.16555071401088e-05,0.000222172103143913,2.34890581430491,3.65331047379867
"GO:0046976",84,7,185,0,7,4414,178,819239,7.29138216136227e-05,0.000225653369863721,7.05094970564321,3.64655817642573
"GO:0048278",229,10,398,0,10,4411,388,819029,7.35677631680167e-05,0.000227254778617343,4.68207356620242,3.64348697584935
"GO:0016491",7398,107,13350,0,107,4314,13243,806174,7.56054592410215e-05,0.000233116832659816,1.49356393176252,3.63242636625918
"GO:0048364",1192,30,2483,0,30,4391,2453,816964,7.58565118998638e-05,0.000233458580985718,2.25146831979287,3.6317901585451
"GO:0051240",492,16,949,0,16,4405,933,818484,7.90712917534908e-05,0.000242903506954912,3.14177497045069,3.6145662149595
"GO:0019898",356,13,660,0,13,4408,647,818770,7.93427362711046e-05,0.00024328850072079,3.67046191386838,3.61387841795586
"GO:0007076",120,7,188,0,7,4414,181,819236,8.06274373574594e-05,0.000246773314706195,6.93843455076593,3.6077018053456
"GO:0044281",4575,71,8035,0,71,4350,7964,811453,8.130330416066e-05,0.000248385323720182,1.64662146650589,3.60487406878387
"GO:0048653",267,12,572,0,12,4409,560,818857,8.20472891378128e-05,0.000250199150942231,3.90936771891307,3.60171416843049
"GO:0032270",448,16,953,0,16,4405,937,818480,8.29643777329413e-05,0.000252533252148715,3.12858808704901,3.59768142834181
"GO:0005793",141,9,327,0,9,4412,318,819099,8.40903384112563e-05,0.000255351828509399,5.12880352114284,3.59286102792515
"GO:0071051",156,8,255,0,8,4413,247,819170,8.41970894003963e-05,0.000255351828509399,5.84616558227,3.59286102792515
"GO:0004721",205,10,406,0,10,4411,396,819021,8.65867718846309e-05,0.000260699774300019,4.58981595898661,3.58385934482054
"GO:0005769",109,7,190,0,7,4414,183,819234,8.61297385220958e-05,0.000260699774300019,6.86539839759997,3.58385934482054
"GO:0010008",142,8,256,0,8,4413,248,819169,8.65059075121781e-05,0.000260699774300019,5.82332899796426,3.58385934482054
"GO:0044271",4926,76,8746,0,76,4345,8670,810747,8.65754344411152e-05,0.000260699774300019,1.61929294798183,3.58385934482054
"GO:0051247",448,16,957,0,16,4405,941,818476,8.70244114668465e-05,0.000261544485726172,3.11551143882727,3.58245443198883
"GO:0005758",39,6,132,0,6,4415,126,819291,8.75547906948809e-05,0.000262241784919536,8.47029672431165,3.58129810778644
"GO:0045893",1981,39,3651,0,39,4382,3612,815805,8.75714308800373e-05,0.000262241784919536,1.99055453011761,3.58129810778644
"GO:0009641",143,9,329,0,9,4412,320,819097,8.8054350970458e-05,0.000263214532075067,5.09762538423619,3.57969013699658
"GO:0030832",71,6,133,0,6,4415,127,819290,9.12753817003671e-05,0.000271381268805556,8.40661028277547,3.56642013138196
"GO:0048870",62,6,133,0,6,4415,127,819290,9.12753817003671e-05,0.000271381268805556,8.40661028277547,3.56642013138196
"GO:0110053",71,6,133,0,6,4415,127,819290,9.12753817003671e-05,0.000271381268805556,8.40661028277547,3.56642013138196
"GO:0005618",1139,27,2183,0,27,4394,2156,817261,9.20339545995282e-05,0.000273148902688439,2.30478985535553,3.56360053982197
"GO:0015979",768,21,1497,0,21,4400,1476,817941,9.24329662940526e-05,0.000273358594812784,2.61407955018837,3.56326726667426
"GO:0030312",669,20,1386,0,20,4401,1366,818051,9.24181666666274e-05,0.000273358594812784,2.68898308708306,3.56326726667426
"GO:0071495",1557,36,3277,0,36,4385,3241,816176,9.43789432973165e-05,0.000278618688989418,2.04713915338872,3.55498975563369
"GO:0005730",3950,61,6678,0,61,4360,6617,812800,9.80073292972709e-05,0.000288818058902577,1.70217702965352,3.53937565515871
"GO:0006816",123,9,335,0,9,4412,326,819091,0.000100899017110696,0.000296814246447542,5.00632463108569,3.52751525768861
"GO:0000118",650,18,1180,0,18,4403,1162,818255,0.000102905215613343,0.000302181982356641,2.84257415493849,3.51973143409483
"GO:0010646",2227,39,3702,0,39,4382,3663,815754,0.000104550970010291,0.000306474234273123,1.96313197986478,3.51360603136863
"GO:0048582",194,9,337,0,9,4412,328,819089,0.000105514514714433,0.00030875512653696,4.97661350567866,3.51038582269348
"GO:0003712",1220,26,2077,0,26,4395,2051,817366,0.000107120417121217,0.000312904376327767,2.33269606466358,3.50458836270325
"GO:0005615",776,22,1630,0,22,4399,1608,817809,0.000110178162790954,0.000321272576264339,2.5151065120042,3.49312634411973
"GO:0016811",374,13,683,0,13,4408,670,818747,0.000111146629214649,0.000323529960913271,3.54685924326959,3.49008549472697
"GO:0004033",198,9,340,0,9,4412,331,819086,0.000112768339713738,0.000327677636340968,4.93270221004032,3.48455319775445
"GO:0009620",955,25,1947,0,25,4396,1922,817495,0.000113211355416797,0.000328391823639317,2.39273918765866,3.48360766456274
"GO:0010218",247,11,504,0,11,4410,493,818924,0.000113618410507278,0.000328999397381943,4.06708691921313,3.48280489753312
"GO:0051028",54,6,139,0,6,4415,133,819284,0.000116322866960854,0.000335663038977161,8.04373501877078,3.4740964777928
"GO:0071427",54,6,139,0,6,4415,133,819284,0.000116322866960854,0.000335663038977161,8.04373501877078,3.4740964777928
"GO:0044456",102,7,200,0,7,4414,193,819224,0.000118424055764223,0.000341135039528429,6.52212847771997,3.46707366994385
"GO:0008092",249,11,508,0,11,4410,497,818920,0.000121678752668119,0.000349905221403141,4.03506261276264,3.45604957678073
"GO:0055037",106,7,201,0,7,4414,194,819223,0.000122130729963613,0.000350599423085198,6.48968007733331,3.45518880287748
"GO:0061630",3115,54,5757,0,54,4367,5703,813714,0.000126714266508796,0.00036313124567495,1.74790906869589,3.4399363805545
"GO:0008134",440,15,889,0,15,4406,874,818543,0.000129098026703443,0.000369326828971189,3.14420463332154,3.4325891427933
"GO:0032269",172,10,428,0,10,4411,418,818999,0.000132860086461546,0.000379437468196353,4.35389083959945,3.42085978618462
"GO:0070838",115,9,348,0,9,4412,339,819078,0.000134178822964703,0.000381893573053386,4.81930675693594,3.41805765037488
"GO:0072511",115,9,348,0,9,4412,339,819078,0.000134178822964703,0.000381893573053386,4.81930675693594,3.41805765037488
"GO:0022853",34,6,143,0,6,4415,137,819280,0.000135846711252227,0.000383364024127049,7.81873543782614,3.4163886448648
"GO:0042625",34,6,143,0,6,4415,137,819280,0.000135846711252227,0.000383364024127049,7.81873543782614,3.4163886448648
"GO:0090662",34,6,143,0,6,4415,137,819280,0.000135846711252227,0.000383364024127049,7.81873543782614,3.4163886448648
"GO:0099131",34,6,143,0,6,4415,137,819280,0.000135846711252227,0.000383364024127049,7.81873543782614,3.4163886448648
"GO:0099132",34,6,143,0,6,4415,137,819280,0.000135846711252227,0.000383364024127049,7.81873543782614,3.4163886448648
"GO:0000377",211,10,430,0,10,4411,420,818997,0.000137943381069876,0.000388622215704473,4.33364018453154,3.41047237645345
"GO:0031930",156,9,350,0,9,4412,341,819076,0.000140031324568047,0.000393838100347631,4.79176786118202,3.40468227202133
"GO:0001228",241,10,431,0,10,4411,421,818996,0.000140545893935311,0.000394618740981944,4.32358533491546,3.40382229335709
"GO:0016278",80,7,206,0,7,4414,199,819218,0.000142103430219093,0.000398320221068669,6.33216357060192,3.39976764569806
"GO:0009755",1384,32,2845,0,32,4389,2813,816604,0.000143360760045938,0.000401169185674767,2.0959890664026,3.3966724330927
"GO:0042335",104,7,207,0,7,4414,200,819217,0.00014639851407446,0.000408982426063717,6.30157340842509,3.38829535318466
"GO:0051248",178,10,434,0,10,4411,424,818993,0.000148603112822759,0.000414445867420257,4.29369880034231,3.3825321865032
"GO:0060589",197,9,353,0,9,4412,344,819073,0.000149208495997918,0.000415438370964104,4.75104462156858,3.381493393385
"GO:0003682",1576,32,2859,0,32,4389,2827,816590,0.000151786459676781,0.00042191060995299,2.085725391366,3.37477955310568
"GO:0016887",6347,94,11631,0,94,4327,11537,807880,0.000152635712566594,0.000422859336810948,1.5060247292474,3.37380407566582
"GO:0019438",4483,67,7662,0,67,4354,7595,811822,0.00015251999510766,0.000422859336810948,1.62949848233299,3.37380407566582
"GO:0009409",655,18,1220,0,18,4403,1202,818215,0.000154384472339466,0.000426285483325392,2.74937500231755,3.37029945651314
"GO:0009814",750,22,1670,0,22,4399,1648,817769,0.000154219843355577,0.000426285483325392,2.45486443986038,3.37029945651314
"GO:0005516",775,20,1443,0,20,4401,1423,817994,0.000156528890055354,0.000430990313548346,2.58276545994257,3.365532490442
"GO:0009451",4927,72,8373,0,72,4349,8301,811116,0.000156606089907957,0.000430990313548346,1.60240654619726,3.365532490442
"GO:0002252",363,14,805,0,14,4407,791,818626,0.000156876158769566,0.00043102112929262,3.24080918147576,3.36550143956022
"GO:0007032",65,6,147,0,6,4415,141,819276,0.000157878412925344,0.000433060226557987,7.60598073203495,3.36345170123803
"GO:0006906",488,14,807,0,14,4407,793,818624,0.000160884269341419,0.000439856007312747,3.23277743629243,3.35668947229622
"GO:1901566",3580,57,6225,0,57,4364,6168,813249,0.000160723217702064,0.000439856007312747,1.70630555699387,3.35668947229622
"GO:0006733",35,5,94,0,5,4416,89,819328,0.000164010029454527,0.000446203756604227,9.91204935823704,3.35046677769714
"GO:0072665",34,5,94,0,5,4416,89,819328,0.000164010029454527,0.000446203756604227,9.91204935823704,3.35046677769714
"GO:0072666",34,5,94,0,5,4416,89,819328,0.000164010029454527,0.000446203756604227,9.91204935823704,3.35046677769714
"GO:0098655",433,15,910,0,15,4406,895,818522,0.000165712861376787,0.000449700296989575,3.07164606486027,3.34707682561665
"GO:1901362",4536,68,7788,0,68,4353,7720,811697,0.000165835424835795,0.000449700296989575,1.62706264760789,3.34707682561665
"GO:0045332",174,8,282,0,8,4413,274,819143,0.000167727623321361,0.00045409185826027,5.28642632439309,3.34285628480755
"GO:0009911",81,6,151,0,6,4415,145,819272,0.000182642347523205,0.000493668033483987,7.40449779873602,3.30656499376686
"GO:0016879",190,11,533,0,11,4410,522,818895,0.000183919236869681,0.000496313661893061,3.845800764134,3.30424376993041
"GO:0008324",704,19,1351,0,19,4402,1332,818085,0.000188071903993982,0.000506698576294466,2.62071356829184,3.29525031597443
"GO:0048015",163,8,287,0,8,4413,279,819138,0.000188910174628458,0.000508134799283331,5.19432830480436,3.2940210616943
"GO:0000796",138,7,216,0,7,4414,209,819208,0.000189989078849134,0.000509477063810531,6.03900784974071,3.29287536275616
"GO:0006892",25,5,97,0,5,4416,92,819325,0.000190021175150955,0.000509477063810531,9.6054911306627,3.29287536275616
"GO:0009314",1933,41,4024,0,41,4380,3983,815434,0.000192746016618439,0.00051595195766833,1.89865995162254,3.28739073537066
"GO:0051093",347,13,724,0,13,4408,711,818706,0.000195460718022118,0.000522378965500524,3.34600119220046,3.28201431900513
"GO:0042578",491,15,925,0,15,4406,910,818507,0.000197088977956885,0.000525886455606111,3.02183558813281,3.27910801445233
"GO:0015662",43,6,154,0,6,4415,148,819269,0.000203149445250683,0.000541190122147819,7.26025433512427,3.26665013878514
"GO:0030234",416,14,826,0,14,4407,812,818605,0.000203586954138414,0.000541489263003929,3.15841572770943,3.26641015042255
"GO:0015238",202,9,371,0,9,4412,362,819055,0.000215441537414992,0.000571430425980955,4.52053571809625,3.24303663920032
"GO:0032870",1406,33,2998,0,33,4388,2965,816452,0.000215530515024648,0.000571430425980955,2.0511792601235,3.24303663920032
"GO:0015405",136,9,372,0,9,4412,363,819054,0.000219740050166086,0.000581664838674933,4.50838374035943,3.23532718827484
"GO:0043169",951,23,1790,0,23,4398,1767,817650,0.000223195938584721,0.000589874980545333,2.39439672765458,3.22924002397246
"GO:0016477",133,7,222,0,7,4414,215,819202,0.000224466426737177,0.000592292552325514,5.87579142136935,3.22746372828134
"GO:0010256",193,9,375,0,9,4412,366,819051,0.000233064847175081,0.000614007864788782,4.47231667043655,3.21182606597203
"GO:0043570",42,5,102,0,5,4416,97,819320,0.000240219028283317,0.000631855737901615,9.13463372229688,3.19938206631406
"GO:0006297",65,6,159,0,6,4415,153,819264,0.00024131881373666,0.00063274933050636,7.03194445037194,3.19876830568381
"GO:0032956",89,6,159,0,6,4415,153,819264,0.00024131881373666,0.00063274933050636,7.03194445037194,3.19876830568381
"GO:0009790",2205,49,5160,0,49,4372,5111,814306,0.000242935476932801,0.000635986743857096,1.76956974201705,3.19655193644233
"GO:0030684",154,9,380,0,9,4412,371,819046,0.000256759182850079,0.000671120941044556,4.41347039845712,3.17319920964414
"GO:0006506",325,11,555,0,11,4410,544,818873,0.000259214961541612,0.000676477916875836,3.69335460771787,3.16974637605897
"GO:0033612",558,16,1059,0,16,4405,1043,818374,0.0002692006757233,0.000701438380405782,2.81543384981842,3.15401047463585
"GO:0009108",133,9,384,0,9,4412,375,819042,0.000277120786387886,0.000720947045837234,4.3674967484732,3.1420966334016
"GO:0006855",206,9,385,0,9,4412,376,819041,0.000282414620129379,0.000733573077247139,4.35615260107457,3.13455661602065
"GO:0000375",288,11,562,0,11,4410,551,818866,0.000288042675246536,0.000747026564307604,3.6473519702552,3.12666395437325
"GO:0009986",89,7,232,0,7,4414,225,819192,0.000292992219952081,0.000758681253841704,5.6225245497586,3.1199406467303
"GO:0009570",1719,33,3104,0,33,4388,3071,816346,0.000297201979278245,0.000768387104810991,1.98113254569918,3.11441993214509
"GO:0045088",179,9,388,0,9,4412,379,819038,0.000298800401014862,0.000771321965410458,4.32247100879821,3.11276430079005
"GO:0015893",207,9,390,0,9,4412,381,819036,0.000310154716508098,0.000799392574281708,4.30030449080438,3.09723989030591
"GO:0031436",51,5,108,0,5,4416,103,819314,0.000313075803362996,0.00080567420803615,8.62715407105816,3.09384053915708
"GO:0042134",127,7,235,0,7,4414,228,819189,0.000316531111180116,0.00081205593238042,5.55074764061274,3.09041405661153
"GO:0065002",131,7,235,0,7,4414,228,819189,0.000316531111180116,0.00081205593238042,5.55074764061274,3.09041405661153
"GO:0022411",62,6,168,0,6,4415,162,819255,0.000324042533469275,0.000828772378227868,6.65523314053059,3.08156473175801
"GO:1902969",83,6,168,0,6,4415,162,819255,0.000324042533469275,0.000828772378227868,6.65523314053059,3.08156473175801
"GO:0018208",35,5,109,0,5,4416,104,819313,0.000326681913745632,0.000834241390163308,8.54800586857139,3.07870826681145
"GO:0044262",274,11,574,0,11,4410,563,818854,0.000343741636465131,0.000876462212426406,3.571100709553,3.05726680323072
"GO:0140662",845,22,1735,0,22,4399,1713,817704,0.000346700698861005,0.000882655448935127,2.36289545508175,3.05420879339671
"GO:0005509",2804,48,5141,0,48,4373,5093,814324,0.000349117522513985,0.000887451412192039,1.73986254442192,3.05185541516811
"GO:0043488",43,5,111,0,5,4416,106,819311,0.000355231331823005,0.000901616108971498,8.39398774481335,3.04497833745116
"GO:0051726",576,17,1203,0,17,4404,1186,818231,0.000377137085468032,0.000955758367281998,2.63332583116588,3.01965189121791
"GO:0051493",84,6,173,0,6,4415,167,819250,0.000378737663180965,0.000958355941027821,6.46288536190253,3.01847316053107
"GO:0020037",5900,80,9857,0,80,4341,9777,809640,0.000388716332727319,0.000982113344447627,1.51239953685589,3.00783838794873
"GO:2000243",85,6,174,0,6,4415,168,819249,0.000390492907327114,0.000985107107120674,6.42574234258125,3.00651654767231
"GO:0042325",228,9,403,0,9,4412,394,819023,0.000392972944106456,0.000989863769950454,4.16158499110101,3.00442457108914
"GO:0009416",2086,41,4186,0,41,4380,4145,815272,0.00039526556187043,0.000994134683556294,1.8251809950619,3.00255477419131
"GO:0071407",512,16,1098,0,16,4405,1082,818335,0.000397864653015564,0.000999162363907863,2.71543210105437,3.00036393317573
"GO:0008509",741,18,1322,0,18,4403,1304,818113,0.000398908913020763,0.00100027611472827,2.53724470713118,2.99988010144926
"GO:0032555",244,10,492,0,10,4411,482,818935,0.000399820325621307,0.00100105389798417,3.78753105558651,2.99954253893731
"GO:0051674",58,5,114,0,5,4416,109,819308,0.000401540267373242,0.0010038506684331,8.17309333047616,2.99833088748884
"GO:0003899",629,17,1211,0,17,4404,1194,818223,0.000406074476231702,0.00101366417230252,2.6159297893415,2.99410590326009
"GO:0071011",286,11,586,0,11,4410,575,818842,0.000408222684828235,0.00101750115305241,3.49797236737785,2.99246508995138
"GO:0032588",97,6,176,0,6,4415,170,819247,0.000414856861614845,0.00103249129235982,6.35272254323374,2.98611360233115
"GO:0032553",244,10,495,0,10,4411,485,818932,0.00041908109429123,0.00104144779402223,3.76457632191629,2.98236249560229
"GO:0051169",173,9,412,0,9,4412,403,819014,0.000460347878545251,0.00114229391621139,4.07067658110123,2.94222213622552
"GO:1903827",83,6,180,0,6,4415,174,819243,0.000467132297526301,0.00115740368360311,6.21155093116188,2.93651513976584
"GO:0003690",1687,32,3064,0,32,4389,3032,816385,0.000468428192020781,0.00115888995499941,1.94617783743975,2.93595780148726
"GO:0003979",57,5,119,0,5,4416,114,819303,0.000488658926258307,0.00120535868477049,7.82968604768304,2.91888369861865
"GO:0006024",57,5,119,0,5,4416,114,819303,0.000488658926258307,0.00120535868477049,7.82968604768304,2.91888369861865
"GO:0051094",424,13,800,0,13,4408,787,818630,0.000499547267740166,0.00123039378814701,3.02813107894142,2.90995587014691
"GO:0006611",233,10,509,0,10,4411,499,818918,0.000519457867351276,0.00127754409031001,3.66103198300307,2.89362410266259
"GO:0019220",229,9,421,0,9,4412,412,819005,0.000536930472315601,0.0013166262686384,3.98365499148149,2.88053748434124
"GO:0051174",229,9,421,0,9,4412,412,819005,0.000536930472315601,0.0013166262686384,3.98365499148149,2.88053748434124
"GO:0099568",207,9,423,0,9,4412,414,819003,0.000555291454152427,0.00135964745759381,3.96481974329482,2.86657368506323
"GO:0070042",66,5,123,0,5,4416,118,819299,0.000568011430458916,0.00138875041367709,7.57506211117302,2.85737579868463
"GO:0030968",140,7,260,0,7,4414,253,819164,0.000577473995102606,0.00140364117057787,5.01702190593844,2.85274390186119
"GO:0031965",148,7,260,0,7,4414,253,819164,0.000577473995102606,0.00140364117057787,5.01702190593844,2.85274390186119
"GO:0035336",126,7,260,0,7,4414,253,819164,0.000577473995102606,0.00140364117057787,5.01702190593844,2.85274390186119
"GO:0080019",126,7,260,0,7,4414,253,819164,0.000577473995102606,0.00140364117057787,5.01702190593844,2.85274390186119
"GO:0010118",195,9,426,0,9,4412,417,819000,0.000583794085156268,0.00141693462359357,3.93689847749697,2.84865018734432
"GO:0042538",110,6,188,0,6,4415,182,819235,0.000586974848256415,0.00142258096411489,5.94722961494223,2.84692300699426
"GO:0004864",374,11,614,0,11,4410,603,818814,0.000598946360226633,0.00144948501421125,3.33845571218798,2.83878627032554
"GO:0098827",1012,24,2037,0,24,4397,2013,817404,0.000606668104747854,0.00146604121103799,2.19554082986576,2.83385382132188
"GO:0042175",1013,24,2039,0,24,4397,2015,817402,0.000610151265678591,0.00147232153239834,2.19338728319596,2.83199733639957
"GO:0006790",386,12,716,0,12,4409,704,818713,0.00061895238319451,0.00149139756587389,3.12312616650597,2.82640657006151
"GO:0006972",112,6,190,0,6,4415,184,819233,0.000620357772594095,0.00149262383145834,5.88462719794283,2.82604962864874
"GO:0044087",218,9,430,0,9,4412,421,818996,0.000623648257203597,0.00149837568289176,3.90027616607839,2.82437928373187
"GO:0043565",4884,71,8650,0,71,4350,8579,810838,0.000632293807085579,0.00151477581121941,1.52954953565027,2.81965163855109
"GO:0098656",882,20,1554,0,20,4401,1534,817883,0.000631893381992082,0.00151477581121941,2.39828221280381,2.81965163855109
"GO:0016604",292,11,620,0,11,4410,609,818808,0.000648229385198675,0.00155072115855718,3.30614807626358,2.80946628741333
"GO:0005811",217,10,525,0,10,4411,515,818902,0.000657758824078487,0.00157126031863799,3.54945767494964,2.80375185723736
"GO:0000070",80,6,193,0,6,4415,187,819230,0.000673168666699334,0.00160576766483437,5.79315630885564,2.79431729167233
"GO:0016859",52,5,128,0,5,4416,123,819294,0.000680346114809212,0.0016205669258331,7.27916124745533,2.79033302885896
"GO:0006629",2584,45,4846,0,45,4376,4801,814616,0.000711121389208772,0.00169145301861801,1.73041555036495,2.77174006056492
"GO:0035639",159,8,351,0,8,4413,343,819074,0.000713824607961307,0.00169546073074975,4.24721431190556,2.77071226463918
"GO:0017038",177,8,352,0,8,4413,344,819073,0.000727027614583298,0.00172436036792193,4.23514836215583,2.76337196737151
"GO:0033218",101,6,196,0,6,4415,190,819227,0.000729392182770259,0.00172750780129798,5.70448554902622,2.76257998270745
"GO:0006417",216,9,440,0,9,4412,431,818986,0.00073308688925822,0.00173143918372656,3.81163352594024,2.76159275830789
"GO:0006970",1328,28,2623,0,28,4393,2595,816822,0.000733131906622959,0.00173143918372656,1.98921188798169,2.76159275830789
"GO:0007062",155,7,271,0,7,4414,264,819153,0.000736171425937155,0.00173615499176397,4.81337895034684,2.7604115066577
"GO:0015931",434,13,835,0,13,4408,822,818595,0.000738511421835919,0.00173921006698275,2.90120342892591,2.75964795944545
"GO:0005096",879,18,1396,0,18,4403,1378,818039,0.000741904280859407,0.00174473252490242,2.4027489275268,2.75827114283811
"GO:0090558",631,17,1281,0,17,4404,1264,818153,0.000752038531244492,0.00176607073980547,2.47298280631738,2.75299190478344
"GO:0010948",54,5,131,0,5,4416,126,819291,0.000755260187247334,0.00177113832643213,7.11246289827696,2.75174751895662
"GO:0051172",795,21,1743,0,21,4400,1722,817695,0.000757540493514938,0.0017739872316489,2.2451388907814,2.75104951034667
"GO:0036464",184,8,355,0,8,4413,347,819070,0.000767819309108357,0.00179553251357502,4.19935837599676,2.74580672624475
"GO:0000272",483,13,839,0,13,4408,826,818591,0.000771099329133753,0.0018006737489589,2.88737170816822,2.74456496672621
"GO:0003713",733,18,1401,0,18,4403,1383,818034,0.000772214072328544,0.00180075130311908,2.39417380644355,2.74454626227265
"GO:0008144",378,12,735,0,12,4409,723,818694,0.000775153194920256,0.00180507702033878,3.04239229281398,2.74350426257024
"GO:0019866",688,17,1285,0,17,4404,1268,818149,0.000777757791357189,0.00180861274107503,2.46528480536386,2.74265441402391
"GO:0034249",42,5,132,0,5,4416,127,819290,0.000781547801284835,0.00180984296125069,7.05858060359304,2.74235910691041
"GO:0051046",80,5,132,0,5,4416,127,819290,0.000781547801284835,0.00180984296125069,7.05858060359304,2.74235910691041
"GO:1903530",80,5,132,0,5,4416,127,819290,0.000781547801284835,0.00180984296125069,7.05858060359304,2.74235910691041
"GO:0018130",4407,63,7494,0,63,4358,7431,811986,0.000790024452540373,0.00182693154649961,1.56656408592153,2.73827772497064
"GO:0000313",47,5,133,0,5,4416,128,819289,0.000808511567674851,0.00186708981994262,7.00550856897956,2.728834788978
"GO:0001871",100,6,201,0,6,4415,195,819222,0.000831083477632564,0.00191655677321083,5.56258292342855,2.71747831132902
"GO:0044431",1186,27,2505,0,27,4394,2478,816939,0.000841805040330096,0.00193859666963985,2.00852545079486,2.71251253768263
"GO:1902494",3301,52,5891,0,52,4369,5839,813578,0.000846148465626523,0.00194590772827094,1.64488532551562,2.71087775710613
"GO:0042500",130,6,202,0,6,4415,196,819221,0.000852669778586383,0.00195820025013287,5.53504538420365,2.70814289829345
"GO:0006888",1248,27,2513,0,27,4394,2486,816931,0.000869441190931938,0.00199396636763316,2.00213141832118,2.70028217123726
"GO:0009150",93,6,203,0,6,4415,197,819220,0.000874685307653476,0.00199773804834436,5.50777915078393,2.69946145886122
"GO:0030833",113,6,203,0,6,4415,197,819220,0.000874685307653476,0.00199773804834436,5.50777915078393,2.69946145886122
"GO:0032535",95,6,203,0,6,4415,197,819220,0.000874685307653476,0.00199773804834436,5.50777915078393,2.69946145886122
"GO:0140359",1829,32,3174,0,32,4389,3142,816275,0.000896756837407466,0.00204534264970333,1.8787299602758,2.68923392559807
"GO:0043549",160,7,281,0,7,4414,274,819143,0.000908656088734846,0.00206964758925242,4.64208432577934,2.68410359805644
"GO:0009553",152,9,456,0,9,4412,447,818970,0.000940349789314879,0.00213891038143343,3.67789199871427,2.66980741162497
"GO:0030001",671,17,1309,0,17,4404,1292,818125,0.000948388802453117,0.00215425287323935,2.42008477837476,2.66670331914082
"GO:0015711",970,20,1647,0,20,4401,1627,817790,0.000951817686438605,0.00215909597809302,2.26286008421198,2.66572805158438
"GO:0015399",188,9,457,0,9,4412,448,818969,0.000954734607091671,0.00215982760979298,3.66984409499717,2.66558091139695
"GO:0098800",67,5,138,0,5,4416,133,819284,0.000953855771785624,0.00215982760979298,6.75168579474117,2.66558091139695
"GO:0019897",140,7,284,0,7,4414,277,819140,0.000966159729036111,0.00218270820738823,4.59304822374646,2.66100431852414
"GO:0006405",208,9,458,0,9,4412,449,818968,0.000969297271637904,0.00218682921040259,3.66183133496443,2.66018513368668
"GO:0019207",83,5,139,0,5,4416,134,819283,0.000985106999577596,0.0022194900599414,6.70311251564232,2.65374679563626
"GO:0099081",254,10,556,0,10,4411,546,818871,0.00101230526024175,0.00227461303414644,3.35155625782116,2.64309247655823
"GO:0099512",254,10,556,0,10,4411,546,818871,0.00101230526024175,0.00227461303414644,3.35155625782116,2.64309247655823
"GO:0016973",115,6,209,0,6,4415,203,819214,0.0010161152335963,0.00228009685166824,5.34966108903894,2.64204670508212
"GO:0003727",160,7,287,0,7,4414,280,819137,0.00102648698130289,0.00229409506559639,4.54503726670381,2.63938858922094
"GO:0031226",555,16,1202,0,16,4405,1186,818231,0.0010251764285526,0.00229409506559639,2.48048622875017,2.63938858922094
"GO:0099080",254,10,557,0,10,4411,547,818870,0.00102592708608123,0.00229409506559639,3.34553910116439,2.63938858922094
"GO:0006749",608,15,1089,0,15,4406,1074,818343,0.00103853114377141,0.00231790127932895,2.56675658312474,2.63490506481577
"GO:0005669",219,9,463,0,9,4412,454,818963,0.00104483547644776,0.002326023441555,3.622286720116,2.63338591278612
"GO:0051336",327,11,658,0,11,4410,647,818770,0.00104496428485474,0.002326023441555,3.11521551258878,2.63338591278612
"GO:0034605",564,15,1090,0,15,4406,1075,818342,0.00104788947966973,0.00232942053891868,2.56440176057142,2.63275209959555
"GO:1901701",1606,33,3284,0,33,4388,3251,816166,0.00104954392304728,0.00232998750916496,1.87254428192761,2.63264640717796
"GO:0019829",273,10,559,0,10,4411,549,818868,0.00105362057157572,0.002332816824034,3.33356937271657,2.63211936126388
"GO:0035770",190,8,373,0,8,4413,365,819052,0.00105285404642537,0.002332816824034,3.99670837393794,2.63211936126388
"GO:0002682",433,13,870,0,13,4408,857,818560,0.00106702449351631,0.00235935694781495,2.78448834845188,2.62720634960223
"GO:0016602",171,7,290,0,7,4414,283,819134,0.00108973367767646,0.00240637476569139,4.49801963980688,2.61863673526832
"GO:0046148",341,11,662,0,11,4410,651,818766,0.00109638760216006,0.00241786140079006,3.09639245813205,2.61656859784963
"GO:0042440",341,11,663,0,11,4410,652,818765,0.0011095638723196,0.00244368233784674,3.09172218293125,2.61195525010164
"GO:0000028",192,9,468,0,9,4412,459,818958,0.00112506724857555,0.0024745534595486,3.58358707567031,2.6065031593771
"GO:0000176",244,8,378,0,8,4413,370,819047,0.00114541846554203,0.0025159917481893,3.94384186105516,2.59929078759948
"GO:0032543",285,10,566,0,10,4411,556,818861,0.00115540162053117,0.00253457667744979,3.29234148294799,2.59609456571909
"GO:0010019",203,9,470,0,9,4412,461,818956,0.00115852138598877,0.00253807645746225,3.56833776896534,2.59549529928079
"GO:0000793",97,7,294,0,7,4414,287,819130,0.00117877245993363,0.00257566423331954,4.43682209368706,2.58911075277219
"GO:0010345",146,7,294,0,7,4414,287,819130,0.00117877245993363,0.00257566423331954,4.43682209368706,2.58911075277219
"GO:0008213",152,8,380,0,8,4413,372,819045,0.001184211732184,0.00258415797390087,3.92308479862856,2.58768094071706
"GO:0090626",369,12,773,0,12,4409,761,818656,0.00118719739540287,0.0025872822818662,2.89283096405987,2.58715618559776
"GO:0009561",65,5,145,0,5,4416,140,819277,0.00118883143905916,0.00258745666148171,6.42574234258125,2.58712691567492
"GO:0010038",941,22,1885,0,22,4399,1863,817554,0.00120335398635028,0.00260883383759534,2.1748666390275,2.58355358119626
"GO:0033260",104,6,216,0,6,4415,210,819207,0.00120259545409485,0.00260883383759534,5.1762924426349,2.58355358119626
"GO:0042542",115,7,295,0,7,4414,288,819129,0.00120189761195211,0.00260883383759534,4.4217820187932,2.58355358119626
"GO:0140014",83,6,217,0,6,4415,211,819206,0.00123123559619172,0.00266580919071419,5.15243856041078,2.57417093908777
"GO:1901135",1077,22,1895,0,22,4399,1873,817544,0.00123584578750843,0.00267231589117083,2.16338977021997,2.57311220574607
"GO:0005819",358,11,673,0,11,4410,662,818755,0.00124864495335544,0.00269354575068716,3.04578277456675,2.56967564343259
"GO:0050776",262,10,572,0,10,4411,562,818855,0.0012488992910093,0.00269354575068716,3.25780643242756,2.56967564343259
"GO:0043531",4358,66,8112,0,66,4355,8046,811371,0.00127055067933011,0.00273669712947559,1.51613299355283,2.56277326334096
"GO:0007166",556,15,1112,0,15,4406,1097,818320,0.00127250287473684,0.00273736083518971,2.51366719336587,2.56266795070725
"GO:0043295",127,6,219,0,6,4415,213,819204,0.00129007703781485,0.00277158486188609,5.10538432698237,2.55727181940433
"GO:0097526",52,5,148,0,5,4416,143,819274,0.0013016298165647,0.00279280108837658,6.29549080861001,2.55395999494586
"GO:0010876",210,8,386,0,8,4413,378,819039,0.00130690682183696,0.00280051461822205,3.86210420590376,2.55276215604412
"GO:0099023",163,7,300,0,7,4414,293,819124,0.00132290215160073,0.00283114663549513,4.34808565181331,2.54803763634413
"GO:0140098",2104,33,3388,0,33,4388,3355,816062,0.00133314014925279,0.00284939454236958,1.81506358378107,2.54524741186597
"GO:0048437",510,15,1118,0,15,4406,1103,818314,0.00134034153203829,0.00286111365492788,2.50017702953743,2.54346488993062
"GO:0000466",83,5,150,0,5,4416,145,819272,0.001381089400026,0.00293944805164269,6.21155093116188,2.53173421061839
"GO:0031625",686,16,1238,0,16,4405,1222,818195,0.00138194297301389,0.00293944805164269,2.40835577298684,2.53173421061839
"GO:0044786",109,6,222,0,6,4415,216,819201,0.00138233502969143,0.00293944805164269,5.03639264688801,2.53173421061839
"GO:0071554",407,13,897,0,13,4408,884,818533,0.001396897199854,0.00296662479305729,2.70067431789647,2.52773737805424
"GO:0044877",320,11,686,0,11,4410,675,818742,0.00145054897680859,0.0030766420973074,2.98806385901373,2.51192302185619
"GO:0046034",154,7,305,0,7,4414,298,819119,0.00145321850860545,0.00307838271861078,4.27680555916064,2.51167738767277
"GO:0004566",93,5,152,0,5,4416,147,819270,0.00146406559482594,0.00308956808033611,6.12981999785712,2.5101022304256
"GO:0043473",66,5,152,0,5,4416,147,819270,0.00146406559482594,0.00308956808033611,6.12981999785712,2.5101022304256
"GO:0051338",212,8,393,0,8,4413,385,819032,0.00146259590141767,0.00308956808033611,3.79331354574771,2.5101022304256
"GO:0005388",240,9,487,0,9,4412,478,818939,0.00147654954998163,0.00311196835534103,3.44377567025402,2.50696482786829
"GO:0048438",417,13,903,0,13,4408,890,818527,0.00148066225807455,0.00311669109948689,2.68272963804334,2.50630623924905
"GO:0003700",11825,146,20802,0,146,4275,20656,798761,0.00148453770416942,0.00312090312808343,1.30788352458845,2.50571971149864
"GO:0003714",766,18,1446,0,18,4403,1428,817989,0.00151103211872728,0.00317259581044252,2.31966632284054,2.49858525360893
"GO:0031297",61,5,154,0,5,4416,149,819268,0.00155065159699277,0.00324351119220222,6.0502119459369,2.48898459913555
"GO:0033045",86,5,154,0,5,4416,149,819268,0.00155065159699277,0.00324351119220222,6.0502119459369,2.48898459913555
"GO:1990837",260,10,589,0,10,4411,579,818838,0.00154774613053993,0.00324351119220222,3.16377806341012,2.48898459913555
"GO:0044448",164,7,309,0,7,4414,302,819115,0.00156449970153596,0.00326427569305436,4.22144238040128,2.48621316887776
"GO:0097367",426,12,799,0,12,4409,787,818630,0.00156254803605053,0.00326427569305436,2.79869628938458,2.48621316887776
"GO:0030554",204,8,400,0,8,4413,392,819025,0.00163263727161963,0.00340217904536506,3.72693055869713,2.46824283464822
"GO:0042773",102,6,230,0,6,4415,224,819193,0.001652996974569,0.00344029995332173,4.86121377221365,2.46340369045365
"GO:0032787",624,16,1261,0,16,4405,1245,818172,0.00166058516223191,0.0034517781462124,2.36442858600928,2.46195712517351
"GO:0009247",83,5,158,0,5,4416,153,819264,0.00173502802760857,0.00360202202739185,5.89704202325495,2.44345363567376
"GO:0000122",450,13,920,0,13,4408,907,818510,0.00174089651909445,0.00360970448853333,2.63315745994906,2.44252835051885
"GO:0006974",970,24,2206,0,24,4397,2182,817235,0.0017555601729805,0.00363453712468553,2.02734209901929,2.43955089071829
"GO:0048046",811,18,1480,0,18,4403,1462,817955,0.001757238669893,0.00363453712468553,2.2663766910996,2.43955089071829
"GO:0017171",88,6,233,0,6,4415,227,819190,0.00176422693688479,0.00364446383363918,4.79862303694909,2.43836635519774
"GO:0098791",1122,25,2380,0,25,4396,2355,817062,0.00177108321247591,0.00365409361681832,1.95742151192076,2.43722033034232
"GO:0000794",115,7,316,0,7,4414,309,819108,0.00177508319118526,0.0036578137541132,4.12792941627846,2.4367784113856
"GO:0010103",65,5,159,0,5,4416,154,819263,0.001783525080007,0.00367066657380922,5.85995370864328,2.43525506298479
"GO:0030686",222,8,406,0,8,4413,398,819019,0.00179050016145595,0.00367824270539609,3.67185276718929,2.43435961763828
"GO:0090501",862,18,1484,0,18,4403,1466,817951,0.00179162452497071,0.00367824270539609,2.26026785904812,2.43435961763828
"GO:0090066",271,9,502,0,9,4412,493,818924,0.00181216753105072,0.00371583613201903,3.34087400680021,2.42994344659688
"GO:0036297",112,6,235,0,6,4415,229,819188,0.00184146955137723,0.00377127528049581,4.75778369195378,2.4235117655427
"GO:0034660",1454,25,2395,0,25,4396,2370,817047,0.00188407200957044,0.00385378365593954,1.94516208700268,2.41411266945973
"GO:0034050",197,8,410,0,8,4413,402,819015,0.00190226223593216,0.0038862167151252,3.63602981336305,2.41047298460121
"GO:0050804",136,6,237,0,6,4415,231,819186,0.00192124480442763,0.00391538873852143,4.71763361860396,2.40722511263196
"GO:0099177",136,6,237,0,6,4415,231,819186,0.00192124480442763,0.00391538873852143,4.71763361860396,2.40722511263196
"GO:0003755",846,18,1501,0,18,4403,1483,817934,0.00195133364409334,0.00397184659830735,2.23466855618082,2.40100753328722
"GO:0044270",111,7,322,0,7,4414,315,819102,0.00197252070417039,0.00401006956342333,4.0510114768447,2.39684809352724
"GO:0033179",68,5,163,0,5,4416,158,819259,0.00198748013739467,0.00403063876828516,5.7161511636459,2.39462612220671
"GO:0051983",90,5,163,0,5,4416,158,819259,0.00198748013739467,0.00403063876828516,5.7161511636459,2.39462612220671
"GO:0010383",91,6,239,0,6,4415,233,819184,0.00200360551384436,0.00405839802986722,4.67815551300895,2.39164536151709
"GO:0030150",188,8,414,0,8,4413,406,819011,0.00201944775809673,0.00408551703187249,3.60089909052863,2.38875297465658
"GO:0046686",552,15,1168,0,15,4406,1153,818264,0.00203281880368179,0.00410757683025507,2.39314890327298,2.38641430454688
"GO:0018022",143,7,324,0,7,4414,317,819100,0.00204197158425116,0.00412106992457962,4.02600523316048,2.38499001648695
"GO:0006303",171,8,415,0,8,4413,407,819010,0.00204961267348531,0.00413148317355089,3.59222222525024,2.38389401167164
"GO:0051241",346,11,719,0,11,4410,708,818709,0.00208537273330444,0.0041984831934122,2.85092045519252,2.37690758096165
"GO:2000022",387,12,828,0,12,4409,816,818601,0.00209124181467321,0.00420521451863634,2.70067431789647,2.37621184484022
"GO:0009966",2242,35,3715,0,35,4386,3680,815737,0.00211437367193175,0.00424660092131046,1.75562004783849,2.37195855036235
"GO:0018205",345,11,721,0,11,4410,710,818707,0.00213012223101032,0.00427307652365324,2.84301221537229,2.36925932962541
"GO:0006414",458,13,943,0,13,4408,930,818487,0.00215206400571286,0.0043067146268172,2.56893410726737,2.36585390467219
"GO:0099513",232,9,515,0,9,4412,506,818911,0.00214999597265406,0.0043067146268172,3.25654126488099,2.36585390467219
"GO:0006357",4574,65,8142,0,65,4356,8077,811340,0.00219561828061317,0.00438860076497109,1.48765958189212,2.35767392552466
"GO:0019216",333,10,619,0,10,4411,609,818808,0.00221499828960203,0.00442202895945729,3.01044471623354,2.35437841759373
"GO:0042493",1596,31,3209,0,31,4390,3178,816239,0.00221871504787878,0.00442414437690799,1.800169014017,2.3541707087668
"GO:0008168",3443,48,5572,0,48,4373,5524,813893,0.00222539593084934,0.0044321581637131,1.60528236555512,2.35338474999393
"GO:0031969",469,13,947,0,13,4408,934,818483,0.00223111834885284,0.00443824617782555,2.55808327682485,2.35278861226489
"GO:0055114",1834,35,3753,0,35,4386,3718,815699,0.00225403929045762,0.00447849095299754,1.7378439855369,2.34886829876719
"GO:0004601",1572,26,2527,0,26,4395,2501,816916,0.00228489180463486,0.00453438004137907,1.91729708203651,2.343482083028
"GO:0031123",327,10,622,0,10,4411,612,818805,0.00229277014337584,0.00454459796276283,2.99592488641248,2.34250453054465
"GO:0006310",604,17,1387,0,17,4404,1370,818047,0.00230930738588566,0.00457193436087945,2.28398772522895,2.33990001338447
"GO:0044036",93,6,246,0,6,4415,240,819177,0.00231299818696762,0.00457380282814856,4.54503726670381,2.33972256130618
"GO:0031490",648,15,1185,0,15,4406,1170,818247,0.00232722410534267,0.00459647465645972,2.35881680930198,2.33757513010619
"GO:0016614",353,11,730,0,11,4410,719,818698,0.00234123895999896,0.00461867638435814,2.8079613798403,2.33548246629018
"GO:0006259",1929,35,3773,0,35,4386,3738,815679,0.00234716460039759,0.00462488646113845,1.7286319845534,2.33489892452631
"GO:0008276",138,7,333,0,7,4414,326,819091,0.00237818772570766,0.00468047584314805,3.9171942809129,2.32970999189421
"GO:0007010",749,17,1395,0,17,4404,1378,818039,0.00239104386250857,0.00470022199654872,2.2708895877366,2.32788162938359
"GO:0000779",66,5,171,0,5,4416,166,819251,0.00244570830764951,0.00480200982575052,5.4487288869841,2.31857695563575
"GO:0031902",145,6,249,0,6,4415,243,819174,0.00245606063810299,0.00481198496276409,4.4902777815628,2.31767573848073
"GO:0048609",1218,26,2553,0,26,4395,2527,816890,0.00245656889990959,0.00481198496276409,1.89777114230563,2.31767573848073
"GO:0005798",626,17,1402,0,17,4404,1385,818032,0.00246777951497432,0.00482826426842802,2.25955133729854,2.31620896741084
"GO:0005881",81,5,172,0,5,4416,167,819250,0.00250793727952524,0.00488387786012809,5.41705023066443,2.3112352057705
"GO:0009735",290,9,527,0,9,4412,518,818899,0.00250460476206511,0.00488387786012809,3.18238852260666,2.3112352057705
"GO:0017022",151,6,250,0,6,4415,244,819173,0.00250519325824472,0.00488387786012809,4.47231667043655,2.3112352057705
"GO:0051123",101,6,250,0,6,4415,244,819173,0.00250519325824472,0.00488387786012809,4.47231667043655,2.3112352057705
"GO:0005743",1192,23,2144,0,23,4398,2121,817296,0.00251829148499199,0.00489831229265381,1.99905323810713,2.30995352981712
"GO:0003924",2663,44,5044,0,44,4377,5000,814417,0.0025228778429011,0.00490150712769001,1.62554465288138,2.30967036148177
"GO:0016779",1082,20,1757,0,20,4401,1737,817680,0.00254073318730589,0.00493044377256913,2.12118984558744,2.30711398958599
"GO:0000467",165,6,251,0,6,4415,245,819172,0.00255505982497291,0.00495247335108253,4.45449867573362,2.30517785269178
"GO:0032559",225,8,431,0,8,4413,423,818994,0.00258224069179716,0.00499933808353753,3.45886826793237,2.30108749280332
"GO:0016881",373,12,851,0,12,4409,839,818578,0.00260746904866676,0.00504231819515698,2.62768312011548,2.29736975167018
"GO:0003910",76,5,174,0,5,4416,169,819248,0.00263582742248332,0.00508140152983249,5.35478528548438,2.29401648599886
"GO:0007163",104,5,174,0,5,4416,169,819248,0.00263582742248332,0.00508140152983249,5.35478528548438,2.29401648599886
"GO:0015849",559,13,966,0,13,4408,953,818464,0.00263988728126433,0.00508140152983249,2.50776900947529,2.29401648599886
"GO:0046942",559,13,966,0,13,4408,953,818464,0.00263988728126433,0.00508140152983249,2.50776900947529,2.29401648599886
"GO:0032504",1223,26,2577,0,26,4395,2551,816866,0.00264766691664925,0.00509049124274943,1.88009690582315,2.29324030534085
"GO:0004693",141,6,253,0,6,4415,247,819170,0.00265702220668792,0.00509670734347394,4.41928524746695,2.29271030319045
"GO:0072596",140,6,253,0,6,4415,247,819170,0.00265702220668792,0.00509670734347394,4.41928524746695,2.29271030319045
"GO:0000790",203,9,532,0,9,4412,523,818894,0.00266537455658229,0.00510097544449368,3.1524788560408,2.29234676710723
"GO:0022804",451,13,967,0,13,4408,954,818463,0.00266299116209546,0.00510097544449368,2.50517565993085,2.29234676710723
"GO:0016570",346,12,857,0,12,4409,845,818572,0.00275791362129334,0.00527201627951022,2.60928627213334,2.27802325734983
"GO:0071038",166,6,255,0,6,4415,249,819168,0.00276200273634488,0.00527377816056678,4.3846241867025,2.27787814258734
"GO:0043596",70,5,176,0,5,4416,171,819246,0.0027683738886408,0.00527988834431493,5.29393545269478,2.27737526154964
"GO:0000139",1353,26,2595,0,26,4395,2569,816848,0.00281257822881449,0.00534904195843376,1.86705577121629,2.27172399544116
"GO:0002181",387,11,748,0,11,4410,737,818680,0.00281427072407686,0.00534904195843376,2.74039011668906,2.27172399544116
"GO:0030135",636,17,1429,0,17,4404,1412,818005,0.00281149295013701,0.00534904195843376,2.21685862483734,2.27172399544116
"GO:0005484",591,13,974,0,13,4408,961,818456,0.00282938719920018,0.00537164160395473,2.48717131740568,2.26989297117405
"GO:0022626",170,8,438,0,8,4413,430,818987,0.00284675250460699,0.00539845435099162,3.40358955132158,2.26773056664415
"GO:0031267",435,11,750,0,11,4410,739,818678,0.00287126080744569,0.00543873634174867,2.73308240971123,2.26450199433782
"GO:0000956",173,8,439,0,8,4413,431,818986,0.00288620062321247,0.00545915417579052,3.39583649995182,2.26287464030669
"GO:0016569",350,12,862,0,12,4409,850,818567,0.00288859749481768,0.00545915417579052,2.59415120094928,2.26287464030669
"GO:0009505",702,16,1275,0,16,4405,1259,818158,0.00289499566719369,0.00546504284113094,2.338466232908,2.26240642921403
"GO:0070531",99,5,178,0,5,4416,173,819244,0.00290567277627649,0.00547898660532317,5.23445303187799,2.26129976129943
"GO:0097458",113,6,258,0,6,4415,252,819165,0.00292525327823586,0.00550966822201664,4.33364018453154,2.25887455245232
"GO:0042274",348,11,752,0,11,4410,741,818676,0.0029291759404907,0.00551082253210962,2.72581357351519,2.2587835745609
"GO:0034248",147,7,346,0,7,4414,339,819078,0.00293716839241565,0.00551962231757569,3.77001646110981,2.25809063803247
"GO:0007005",673,17,1439,0,17,4404,1422,817995,0.00295899095242463,0.00555436294902708,2.20145307497746,2.2553657447497
"GO:0046933",224,8,442,0,8,4413,434,818983,0.00300710345735979,0.0056383189825496,3.372787835925,2.24885035797091
"GO:0040008",642,16,1288,0,16,4405,1272,818145,0.00301857929843672,0.0056534696646762,2.31486370105412,2.2476849338209
"GO:0007267",65,5,180,0,5,4416,175,819242,0.00304782018478361,0.00570182090748843,5.1762924426349,2.24398642787381
"GO:0005740",580,14,1101,0,14,4407,1087,818330,0.00306706351476364,0.00573138131546741,2.36952896556584,2.24174069646384
"GO:0009698",115,6,261,0,6,4415,255,819162,0.0030956057941647,0.00576530609315909,4.2838282283875,2.23917763007943
"GO:0009910",135,6,261,0,6,4415,255,819162,0.0030956057941647,0.00576530609315909,4.2838282283875,2.23917763007943
"GO:0034655",84,6,261,0,6,4415,255,819162,0.0030956057941647,0.00576530609315909,4.2838282283875,2.23917763007943
"GO:0035601",91,5,181,0,5,4416,176,819241,0.00312074210699652,0.00579914688409509,5.14769414184686,2.23663589105449
"GO:0098732",91,5,181,0,5,4416,176,819241,0.00312074210699652,0.00579914688409509,5.14769414184686,2.23663589105449
"GO:0044272",187,7,350,0,7,4414,343,819074,0.0031278875313319,0.00580594508324148,3.72693055869713,2.23612707635105
"GO:0090575",219,8,445,0,8,4413,437,818980,0.00313190895903244,0.00580693587615704,3.35004994040191,2.23605296969337
"GO:0047372",103,6,262,0,6,4415,256,819161,0.00315400063046666,0.00584139160147606,4.26747773896618,2.23348367808502
"GO:0004435",105,5,186,0,5,4416,181,819236,0.00350431380447191,0.00647578522136041,5.00931526706603,2.18870756367481
"GO:0051209",105,5,186,0,5,4416,181,819236,0.00350431380447191,0.00647578522136041,5.00931526706603,2.18870756367481
"GO:0006479",191,8,454,0,8,4413,446,818971,0.00353058509824997,0.00651709998734612,3.28363925876399,2.18594561587419
"GO:0005657",614,16,1329,0,16,4405,1313,818104,0.00355260160886882,0.0065504780495754,2.24344954624357,2.18372700432628
"GO:0016279",236,8,456,0,8,4413,448,818969,0.00362428362812964,0.00667525690357948,3.26923733219046,2.17553201540759
"GO:0009636",530,13,1004,0,13,4408,991,818426,0.00364138091573727,0.00669933615989233,2.41285344935571,2.17396822959457
"GO:0008017",1706,29,3022,0,29,4392,2993,816424,0.00366521043096159,0.00673573440127047,1.78823603908366,2.17161504596458
"GO:0004386",1246,25,2514,0,25,4396,2489,816928,0.00374935094690189,0.00688276662248252,1.85308798662347,2.16223695604359
"GO:0010558",679,17,1486,0,17,4404,1469,817948,0.00381310214432065,0.00699208708182146,2.13182434380387,2.15539317148935
"GO:0032508",1010,22,2110,0,22,4399,2088,817329,0.0039311746001155,0.00720066634674622,1.94294958036343,2.14262731227367
"GO:0004620",167,7,366,0,7,4414,359,819058,0.00398677808446507,0.00729448957212565,3.56400463263387,2.13700509222356
"GO:0019684",200,8,464,0,8,4413,456,818961,0.00401844688717472,0.00733822341588614,3.21287117129063,2.13440907006583
"GO:0046914",450,12,899,0,12,4409,887,818530,0.00401949534852142,0.00733822341588614,2.4873841326121,2.13440907006583
"GO:0015085",146,7,367,0,7,4414,360,819057,0.00404583108768846,0.00737821331982617,3.55429344834876,2.13204879255133
"GO:0006163",86,5,193,0,5,4416,188,819229,0.00409658599937923,0.00746259922206391,4.8276302573797,2.12710988148289
"GO:0006298",249,8,466,0,8,4413,458,818959,0.00412195925819633,0.00750061438786545,3.19908202463273,2.12490316136412
"GO:0000280",219,9,570,0,9,4412,561,818856,0.00417083288289577,0.00758126282753435,2.94231359897142,2.12025844696031
"GO:0016311",627,15,1201,0,15,4406,1186,818231,0.0041895341734359,0.00760504875124925,2.32739210576423,2.11889799760958
"GO:0022890",283,10,678,0,10,4411,668,818749,0.00419305390609418,0.00760504875124925,2.74847386334596,2.11889799760958
"GO:0032549",182,7,372,0,7,4414,365,819052,0.00435108441126047,0.00787451689646595,3.50652068694622,2.10377608079358
"GO:0048878",661,16,1371,0,16,4405,1355,818062,0.00434873010560276,0.00787451689646595,2.17472242666499,2.10377608079358
"GO:0007131",315,10,682,0,10,4411,672,818745,0.00436577067236966,0.0078925170135673,2.73235378203602,2.10278447324437
"GO:0043928",119,5,197,0,5,4416,192,819225,0.00446537719372251,0.00805509537112457,4.72960730799128,2.0939293132326
"GO:0072521",87,5,197,0,5,4416,192,819225,0.00446537719372251,0.00805509537112457,4.72960730799128,2.0939293132326
"GO:0065008",5555,78,10420,0,78,4343,10342,809075,0.00447634195426814,0.00806613566434681,1.39491642791927,2.09333447786749
"GO:0044445",189,8,474,0,8,4413,466,818951,0.00455667804633499,0.00820202048340298,3.14508907906931,2.08607915045724
"GO:0040012",163,6,283,0,6,4415,277,819140,0.00457982447738016,0.00823478159269758,3.95080977953759,2.0843479149331
"GO:0031324",923,21,1973,0,21,4400,1952,817465,0.00460424616745273,0.00826976253377431,1.98341464096907,2.08250696103417
"GO:0052742",204,7,378,0,7,4414,371,819046,0.00473997803820633,0.00850437870001459,3.45086162842327,2.07035740891929
"GO:0008137",174,7,379,0,7,4414,372,819045,0.00480725503110943,0.00861580153584198,3.44175645262268,2.06470431352639
"GO:0007186",153,6,286,0,6,4415,280,819137,0.0048167262028529,0.00862349368575277,3.90936771891307,2.06431675029495
"GO:0043401",76,5,201,0,5,4416,196,819221,0.00485718768023665,0.00868659236046619,4.63548576952379,2.06115055833667
"GO:0044463",119,6,288,0,6,4415,282,819135,0.00497958033351359,0.00887687500567465,3.88221933197617,2.05173989533069
"GO:0071035",182,6,288,0,6,4415,282,819135,0.00497958033351359,0.00887687500567465,3.88221933197617,2.05173989533069
"GO:0120038",119,6,288,0,6,4415,282,819135,0.00497958033351359,0.00887687500567465,3.88221933197617,2.05173989533069
"GO:0004523",4716,83,11221,0,83,4338,11138,808279,0.00501060332570705,0.00892262517358529,1.37837642087096,2.04950735070589
"GO:0006402",256,9,589,0,9,4412,580,818837,0.00513772553177054,0.00913922330170721,2.84740025706911,2.03909071128101
"GO:0071383",76,5,204,0,5,4416,199,819218,0.00516660386116448,0.00916123048864628,4.56731686114844,2.03804619024711
"GO:0071824",81,5,204,0,5,4416,199,819218,0.00516660386116448,0.00916123048864628,4.56731686114844,2.03804619024711
"GO:0090502",95,5,204,0,5,4416,199,819218,0.00516660386116448,0.00916123048864628,4.56731686114844,2.03804619024711
"GO:0051052",259,9,590,0,9,4412,581,818836,0.00519303819636154,0.00919830701802336,2.84257415493849,2.03629209878371
"GO:0006338",685,15,1260,0,15,4406,1245,818172,0.00520984339107232,0.00920753247326125,2.21841104684353,2.03585674079417
"GO:0009653",2644,48,5868,0,48,4373,5820,813597,0.0052148367100813,0.00920753247326125,1.52430697697224,2.03585674079417
"GO:0016798",539,13,1049,0,13,4408,1036,818381,0.00520378028231678,0.00920753247326125,2.30934686668554,2.03585674079417
"GO:0006164",211,7,385,0,7,4414,378,819039,0.00522611315639445,0.00921766780232708,3.38811868972466,2.03537894756927
"GO:0009414",899,19,1787,0,19,4402,1768,817649,0.00526369622612156,0.0092741314460237,1.98130052085186,2.03272675296488
"GO:0048545",76,5,205,0,5,4416,200,819217,0.00527276828286641,0.00928029512787799,4.54503726670381,2.03243821231877
"GO:0009522",146,6,292,0,6,4415,286,819131,0.00531735089571042,0.0093488798747179,3.82903824523678,2.029240420504
"GO:0098813",159,7,387,0,7,4414,380,819037,0.00537163474905433,0.00943435849913024,3.37060903241342,2.02528762488533
"GO:0009627",194,8,489,0,8,4413,481,818936,0.00546566820431628,0.00958939679682466,3.04861395394448,2.01820871045704
"GO:0031400",106,5,207,0,5,4416,202,819215,0.0054897052397534,0.00962143076230465,4.50112386316078,2.01676034106294
"GO:0006397",830,18,1638,0,18,4403,1620,817797,0.00552268778142036,0.0096690590494899,2.04776404324018,2.01461578749897
"GO:0009081",119,6,295,0,6,4415,289,819128,0.00558145643045424,0.00976168587889319,3.79009887325132,2.01047517160864
"GO:0006913",296,9,602,0,9,4412,593,818824,0.00589337629189423,0.0102964024407176,2.78591154719885,1.98731449112627
"GO:0016853",498,12,950,0,12,4409,938,818479,0.00613312119142632,0.0107040322680554,2.35385087917713,1.97045259036313
"GO:0009527",134,6,302,0,6,4415,296,819121,0.00623478280660196,0.0108360264853781,3.70224889936801,1.96512994213651
"GO:0017148",145,6,302,0,6,4415,296,819121,0.00623478280660196,0.0108360264853781,3.70224889936801,1.96512994213651
"GO:0046700",97,6,302,0,6,4415,296,819121,0.00623478280660196,0.0108360264853781,3.70224889936801,1.96512994213651
"GO:0072598",166,6,302,0,6,4415,296,819121,0.00623478280660196,0.0108360264853781,3.70224889936801,1.96512994213651
"GO:0045261",190,7,400,0,7,4414,393,819024,0.00639268873437637,0.011098880857911,3.26106423885999,1.95472081055905
"GO:0009753",962,20,1917,0,20,4401,1897,817520,0.00664538814526302,0.0115255950644406,1.9441473962948,1.93833664281195
"GO:0005763",133,6,307,0,6,4415,301,819116,0.00673428452318024,0.0116676209480698,3.64195168602325,1.93301768846663
"GO:0071395",635,15,1317,0,15,4406,1302,818115,0.00686219329368141,0.0118768730082948,2.12239781246989,1.92529788713272
"GO:0008289",1447,25,2627,0,25,4396,2602,816815,0.00688783121303127,0.0119088670505681,1.7733776925662,1.9241295531344
"GO:0048581",204,7,406,0,7,4414,399,819018,0.0069097798850901,0.0119344227268413,3.21287117129063,1.92319858316001
"GO:0045036",214,7,407,0,7,4414,400,819017,0.00699888704780918,0.0120757999322303,3.20497713892873,1.91808409083345
"GO:0005887",236,9,619,0,9,4412,610,818807,0.00700741959481295,0.0120780058233577,2.70940024461019,1.91800476533447
"GO:0019843",550,14,1171,0,14,4407,1157,818260,0.00703498860307732,0.0121129845130545,2.22788333995558,1.91674883804128
"GO:0005249",237,7,408,0,7,4414,401,819016,0.007088842679027,0.0121805191543653,3.19712180280391,1.91433420094196
"GO:0044391",156,7,408,0,7,4414,401,819016,0.007088842679027,0.0121805191543653,3.19712180280391,1.91433420094196
"GO:0003697",786,15,1329,0,15,4406,1314,818103,0.00730378644602246,0.0125369117862138,2.10323394960335,1.90180942996309
"GO:0044764",127,6,313,0,6,4415,307,819110,0.00737119887274898,0.0126395943595541,3.57213791568415,1.89826686357215
"GO:0006366",646,15,1331,0,15,4406,1316,818101,0.00738077165690542,0.0126429884863658,2.10007356801115,1.89815025756216
"GO:0009867",646,15,1332,0,15,4406,1317,818100,0.00741963226519217,0.0126964930334481,2.09849693620334,1.89631622129193
"GO:0006644",218,8,516,0,8,4413,508,818909,0.00744227245574857,0.0127091114244322,2.88909345635436,1.89588481269981
"GO:0019439",300,9,625,0,9,4412,616,818801,0.00743680340277761,0.0127091114244322,2.68339000226193,1.89588481269981
"GO:0035257",132,6,314,0,6,4415,308,819109,0.00748142743781302,0.0127498226038472,3.56076168028388,1.89449585779522
"GO:0051427",132,6,314,0,6,4415,308,819109,0.00748142743781302,0.0127498226038472,3.56076168028388,1.89449585779522
"GO:0016051",197,7,414,0,7,4414,407,819010,0.00764666010266488,0.0130180869845982,3.15078670421255,1.88545283090408
"GO:0009651",1373,25,2666,0,25,4396,2641,816776,0.00766570422511226,0.0130371782786639,1.74743555827885,1.88481639561431
"GO:0098662",836,17,1560,0,17,4404,1543,817874,0.00767620244776581,0.0130417113015613,2.03069934287984,1.88466541780181
"GO:0019932",178,6,316,0,6,4415,310,819107,0.00770544085506633,0.0130647240567061,3.53822521395297,1.88389975868181
"GO:1900140",189,6,316,0,6,4415,310,819107,0.00770544085506633,0.0130647240567061,3.53822521395297,1.88389975868181
"GO:0006401",352,11,860,0,11,4410,849,818568,0.00774980676085685,0.0131132400984011,2.38350210149235,1.88228998695235
"GO:0006766",170,7,415,0,7,4414,408,819009,0.00774268787718514,0.0131132400984011,3.14319444709396,1.88228998695235
"GO:0042744",1257,20,1973,0,20,4401,1953,817464,0.00777202476767208,0.0131301420419399,1.88896632473245,1.88173057568531
"GO:0051345",290,8,520,0,8,4413,512,818905,0.00777556759961128,0.0131301420419399,2.86686966053625,1.88173057568531
"GO:0009738",505,11,861,0,11,4410,850,818567,0.0078130598619289,0.0131800857853208,2.38073380636866,1.88008176303714
"GO:0042364",65,5,226,0,5,4416,221,819196,0.00787371221159044,0.0132555417920102,4.12271079501895,1.87760251670707
"GO:0045039",102,5,226,0,5,4416,221,819196,0.00787371221159044,0.0132555417920102,4.12271079501895,1.87760251670707
"GO:0005682",161,6,318,0,6,4415,312,819105,0.00793424202217838,0.0133439524918455,3.51597222518597,1.87471551291183
"GO:0019637",739,14,1203,0,14,4407,1189,818228,0.00806133124014465,0.0135440126284973,2.16862127272485,1.86825264996084
"GO:0005747",254,8,524,0,8,4413,516,818901,0.00811994631703352,0.0136287405421984,2.84498515931078,1.86554427628904
"GO:0006767",66,5,228,0,5,4416,223,819194,0.00816046968428599,0.0136691972075817,4.08654666523808,1.86425699081296
"GO:0017183",137,5,228,0,5,4416,223,819194,0.00816046968428599,0.0136691972075817,4.08654666523808,1.86425699081296
"GO:0015698",91,5,229,0,5,4416,224,819193,0.00830652637397608,0.0138998657413771,4.06870148329381,1.85698939457041
"GO:0018105",434,10,751,0,10,4411,741,818676,0.00832524934720494,0.0139172089990926,2.48131195652272,1.85644785077616
"GO:0070588",257,8,527,0,8,4413,519,818898,0.00838563649217533,0.0140040970506238,2.82878979787258,1.85374488816662
"GO:0018209",110,5,230,0,5,4416,225,819192,0.0084543825828518,0.0140765470004483,4.0510114768447,1.8515038652625
"GO:0048167",133,5,230,0,5,4416,225,819192,0.0084543825828518,0.0140765470004483,4.0510114768447,1.8515038652625
"GO:2000242",98,5,230,0,5,4416,225,819192,0.0084543825828518,0.0140765470004483,4.0510114768447,1.8515038652625
"GO:0044452",280,8,528,0,8,4413,520,818897,0.00847562893865479,0.0140978243585017,2.82343224143722,1.85084790450787
"GO:0061077",211,7,425,0,7,4414,418,818999,0.00875249786826252,0.014543821308041,3.06923693069175,1.83732147002753
"GO:0016104",124,6,326,0,6,4415,320,819097,0.00889842241636937,0.0147715586473131,3.42969069818754,1.83057367691464
"GO:0006575",76,5,233,0,5,4416,228,819189,0.00890885409576023,0.0147741454874908,3.99885253079091,1.83049762860572
"GO:0021700",342,9,644,0,9,4412,635,818782,0.00892974509430118,0.014794055305484,2.60422166368588,1.82991276208256
"GO:0034470",1414,22,2274,0,22,4399,2252,817165,0.00895212544170358,0.0148163905173325,1.80282480851664,1.82925758376099
"GO:0046540",289,8,534,0,8,4413,526,818891,0.00903082961784092,0.0149318086531332,2.79170828366826,1.82588758406992
"GO:1990542",138,5,234,0,5,4416,229,819188,0.0090640139023728,0.0149718086780265,3.98176341741146,1.824725731291
"GO:0010427",324,8,535,0,8,4413,527,818890,0.00912593617161243,0.0150591513634635,2.78649013734365,1.82219950147858
"GO:0008026",453,13,1067,0,13,4408,1054,818363,0.0091607589698414,0.0150778122544365,2.27038881270209,1.82166166872837
"GO:0070035",453,13,1067,0,13,4408,1054,818363,0.0091607589698414,0.0150778122544365,2.27038881270209,1.82166166872837
"GO:0070125",410,11,881,0,11,4410,870,818547,0.00916441201290676,0.0150778122544365,2.32668763596302,1.82166166872837
"GO:0045786",117,5,235,0,5,4416,230,819187,0.0092210257360901,0.0151559801091708,3.96481974329482,1.81941597336821
"GO:0044093",475,11,883,0,11,4410,872,818545,0.00930886945732589,0.0152852738130647,2.32141767529266,1.81572677712514
"GO:0030258",291,8,541,0,8,4413,533,818884,0.00971232686613346,0.0159320435784357,2.7555863650256,1.79772851434856
"GO:0046854",234,7,434,0,7,4414,427,818990,0.00974101145196067,0.0159633701451915,3.00558916023962,1.79687541618394
"GO:0016575",157,6,333,0,6,4415,327,819090,0.00980838299467164,0.0160492848609164,3.35759509792534,1.79454431452872
"GO:0044389",308,8,542,0,8,4413,534,818883,0.0098127159089567,0.0160492848609164,2.75050225734105,1.79454431452872
"GO:0001085",137,5,239,0,5,4416,234,819183,0.00986779949810638,0.016060494784308,3.89846292750746,1.79424107930736
"GO:0015990",115,5,239,0,5,4416,234,819183,0.00986779949810638,0.016060494784308,3.89846292750746,1.79424107930736
"GO:0031966",582,13,1089,0,13,4408,1076,818341,0.00984692182503591,0.016060494784308,2.22452237204144,1.79424107930736
"GO:0042803",507,13,1089,0,13,4408,1076,818341,0.00984692182503591,0.016060494784308,2.22452237204144,1.79424107930736
"GO:0051131",123,5,239,0,5,4416,234,819183,0.00986779949810638,0.016060494784308,3.89846292750746,1.79424107930736
"GO:0022618",1230,19,1873,0,19,4402,1854,817563,0.00992345735375776,0.0161353090761784,1.89032783276149,1.79222271115297
"GO:0022613",1528,24,2584,0,24,4397,2560,816857,0.0100541339705323,0.0163318371326208,1.7307727052773,1.78696495967953
"GO:0044092",140,6,335,0,6,4415,329,819088,0.0100800807832988,0.0163580258325464,3.33754975405713,1.78626911030805
"GO:0031327",754,17,1636,0,17,4404,1619,817798,0.0101182267683219,0.0164039411579903,1.93636367658469,1.78505179722447
"GO:0009890",755,17,1638,0,17,4404,1621,817796,0.0102009865386105,0.0165085236050805,1.93399937417128,1.78229176494662
"GO:0018024",110,5,241,0,5,4416,236,819181,0.0102025650388155,0.0165085236050805,3.86611053806756,1.78229176494662
"GO:0042594",378,9,659,0,9,4412,650,818767,0.0102603391372906,0.0165858880229018,2.54494499455798,1.78026127101688
"GO:0006082",3685,51,6520,0,51,4370,6469,812948,0.0102974487840338,0.0166136164974964,1.4576185467297,1.77953581884631
"GO:0043436",3685,51,6520,0,51,4370,6469,812948,0.0102974487840338,0.0166136164974964,1.4576185467297,1.77953581884631
"GO:0006623",194,6,337,0,6,4415,331,819086,0.0103570800106342,0.0166936478390184,3.3177423371191,1.77744875240086
"GO:0050681",97,5,242,0,5,4416,237,819180,0.0103728277904449,0.0167028609971865,3.85013487468711,1.77720913311165
"GO:0000712",228,7,440,0,7,4414,433,818984,0.0104437145811074,0.0168007582391728,2.96460385350908,1.77467111758022
"GO:0040029",613,14,1259,0,14,4407,1245,818172,0.0105903361447947,0.0170201830898486,2.07216154971246,1.76903577242515
"GO:1901361",303,9,663,0,9,4412,654,818763,0.0106390734061935,0.0170820223927793,2.52959087694375,1.76746071315351
"GO:0035258",97,5,244,0,5,4416,239,819178,0.0107191630762195,0.0171940332580978,3.81857639210771,1.76462223754924
"GO:0006812",1480,25,2673,0,25,4396,2648,816769,0.0107343063456925,0.0172017517474284,1.74285940829458,1.7644273242841
"GO:0071229",1308,25,2678,0,25,4396,2653,816764,0.0108010679835138,0.0172920944159139,1.73960537653899,1.76215240185696
"GO:0048285",342,10,786,0,10,4411,776,818641,0.0111735882059457,0.0178713010210371,2.37082096609232,1.74784382994036
"GO:0009415",736,16,1500,0,16,4405,1484,817933,0.0112784206328887,0.0180216606082147,1.9876962979718,1.74420519339269
"GO:0008047",316,8,557,0,8,4413,549,818868,0.0114126679708509,0.0182186885632471,2.67643128093151,1.73948288807892
"GO:0016985",163,5,248,0,5,4416,243,819174,0.0114353481318627,0.0182199565928721,3.75698645029952,1.73945266202266
"GO:0016998",143,5,248,0,5,4416,243,819174,0.0114353481318627,0.0182199565928721,3.75698645029952,1.73945266202266
"GO:0005938",233,7,450,0,7,4414,443,818974,0.0116956496925674,0.0186168802467731,2.89872376787554,1.73009309484388
"GO:0016592",656,13,1132,0,13,4408,1119,818298,0.011713637056093,0.0186277036278843,2.1400219639162,1.7298406804343
"GO:0098771",362,9,674,0,9,4412,665,818752,0.011734667051245,0.0186433403056516,2.48830675283933,1.72947627297203
"GO:0009110",78,5,251,0,5,4416,246,819171,0.0119933672134475,0.0189999585255852,3.71208222977802,1.72124734705397
"GO:0015718",155,5,251,0,5,4416,246,819171,0.0119933672134475,0.0189999585255852,3.71208222977802,1.72124734705397
"GO:0034475",168,5,251,0,5,4416,246,819171,0.0119933672134475,0.0189999585255852,3.71208222977802,1.72124734705397
"GO:0042546",735,14,1288,0,14,4407,1274,818143,0.0123036603032616,0.0194729984837743,2.02550573842235,1.71056716996468
"GO:0006302",581,14,1289,0,14,4407,1275,818142,0.0123680110881009,0.0195494785933363,2.02393436081302,1.70886482123776
"GO:0045010",137,5,253,0,5,4416,248,819169,0.0123754657281541,0.0195494785933363,3.68273770622246,1.70886482123776
"GO:0030247",908,16,1531,0,16,4405,1515,817902,0.012541323331926,0.0197927045949354,1.94744901826107,1.7034948571124
"GO:0010564",156,6,353,0,6,4415,347,819070,0.0127701762886649,0.0201157459987011,3.16736308104572,1.69646385684804
"GO:0030261",217,6,353,0,6,4415,347,819070,0.0127701762886649,0.0201157459987011,3.16736308104572,1.69646385684804
"GO:0009311",118,5,256,0,5,4416,251,819166,0.0129639288687362,0.0204016460930489,3.63958062372766,1.69033479040317
"GO:0005802",1146,21,2224,0,21,4400,2203,817214,0.0130239907167389,0.020476812599972,1.75956703535611,1.68873764427703
"GO:0008320",191,6,355,0,6,4415,349,819068,0.013097218434012,0.0205725176345566,3.14951878199757,1.68671255673072
"GO:0009699",112,5,257,0,5,4416,252,819165,0.0131642041126469,0.0206387945833871,3.62541883141744,1.68531567143779
"GO:0042398",91,5,257,0,5,4416,252,819165,0.0131642041126469,0.0206387945833871,3.62541883141744,1.68531567143779
"GO:0000932",247,7,461,0,7,4414,454,818963,0.0131941188391209,0.0206662350584538,2.82955682330584,1.68473863523863
"GO:0016485",206,6,356,0,6,4415,350,819067,0.0132629162122703,0.0207544694487124,3.14067181912679,1.68288836411353
"GO:0016458",465,12,995,0,12,4409,983,818434,0.0133672642999153,0.0208981174266282,2.24739531177716,1.67989283484836
"GO:0001067",1116,20,2031,0,20,4401,2011,817406,0.0134084031110769,0.0209231407497124,1.83502243165787,1.67937312344296
"GO:0044212",1116,20,2031,0,20,4401,2011,817406,0.0134084031110769,0.0209231407497124,1.83502243165787,1.67937312344296
"GO:0014070",1031,20,2035,0,20,4401,2015,817402,0.0134902226412417,0.0210311055221605,1.83141550795928,1.67713789756786
"GO:0009644",205,6,358,0,6,4415,352,819065,0.013598695922974,0.0211605875810763,3.12312616650597,1.67447227710584
"GO:0061631",208,6,358,0,6,4415,352,819065,0.013598695922974,0.0211605875810763,3.12312616650597,1.67447227710584
"GO:0000209",599,13,1166,0,13,4408,1153,818264,0.0137151567237955,0.0213218823016989,2.07761995124625,1.67117445831542
"GO:0004521",368,10,813,0,10,4411,803,818614,0.0138325807857268,0.0214676155760064,2.29208521445088,1.66821619029547
"GO:0051701",305,8,577,0,8,4413,569,818848,0.0138346855934263,0.0214676155760064,2.58366069927011,1.66821619029547
"GO:0006813",583,12,1008,0,12,4409,996,818421,0.0139089059474628,0.0215626893878265,2.21841104684353,1.66629707310257
"GO:0008094",666,15,1381,0,15,4406,1366,818051,0.0140354051706003,0.02173855777586,2.02403904346332,1.66276927215232
"GO:0048366",950,18,1809,0,18,4403,1791,817626,0.0140624792258205,0.02176024898791,1.85419430780952,1.66233613960544
"GO:0031124",362,9,698,0,9,4412,689,818728,0.0144145958297242,0.0222637310357057,2.4027489275268,1.65240205327904
"GO:0070603",114,5,263,0,5,4416,258,819159,0.0144097544250042,0.0222637310357057,3.5427096565562,1.65240205327904
"GO:0042170",397,10,820,0,10,4411,810,818607,0.0145932841776672,0.0225188305429249,2.27251863335191,1.64745416719291
"GO:0010374",389,9,701,0,9,4412,692,818725,0.0147788363696629,0.0227840394032302,2.39246612184552,1.64236927696394
"GO:0005200",160,5,265,0,5,4416,260,819157,0.014841872394775,0.0227905239060925,3.51597222518597,1.64224569119041
"GO:0016405",281,7,472,0,7,4414,465,818952,0.0148254760851402,0.0227905239060925,2.76361376174575,1.64224569119041
"GO:0060548",222,7,472,0,7,4414,465,818952,0.0148254760851402,0.0227905239060925,2.76361376174575,1.64224569119041
"GO:0090567",737,16,1575,0,16,4405,1559,817858,0.0148514825454116,0.0227905239060925,1.89304409330648,1.64224569119041
"GO:1904949",114,5,265,0,5,4416,260,819157,0.014841872394775,0.0227905239060925,3.51597222518597,1.64224569119041
"GO:0000302",744,16,1579,0,16,4405,1563,817854,0.0150929867749206,0.0231398001659694,1.88824854145516,1.63564039591113
"GO:0004650",777,15,1411,0,15,4406,1396,818021,0.0151488983404576,0.0232041543117404,1.98100490363065,1.63443425505953
"GO:0016410",139,5,267,0,5,4416,262,819155,0.0152825724706094,0.0233873926135704,3.48963535458533,1.6310181936102
"GO:0031369",196,6,369,0,6,4415,363,819054,0.015551990297063,0.0237778364046005,3.03002484446921,1.62382766528888
"GO:0031669",326,8,592,0,8,4413,584,818833,0.0158823696894486,0.0242606839751669,2.51819632344401,1.61509695934523
"GO:0000177",180,5,270,0,5,4416,265,819152,0.0159598608581816,0.0243265046576695,3.45086162842327,1.61392028798403
"GO:0034427",180,5,270,0,5,4416,265,819152,0.0159598608581816,0.0243265046576695,3.45086162842327,1.61392028798403
"GO:0051301",454,10,832,0,10,4411,822,818595,0.0159692910455452,0.0243265046576695,2.23974192229395,1.61392028798403
"GO:0080030",163,5,271,0,5,4416,266,819151,0.0161899868623273,0.02459518989578,3.43812782167632,1.60914981996901
"GO:0080031",163,5,271,0,5,4416,266,819151,0.0161899868623273,0.02459518989578,3.43812782167632,1.60914981996901
"GO:0080032",163,5,271,0,5,4416,266,819151,0.0161899868623273,0.02459518989578,3.43812782167632,1.60914981996901
"GO:0008514",712,13,1200,0,13,4408,1187,818230,0.0162176962516767,0.024614826124924,2.01875405262761,1.60880322766505
"GO:0005085",395,9,713,0,9,4412,704,818713,0.0163037912192801,0.02472296209481,2.35220021236144,1.60689949699893
"GO:0005686",136,5,273,0,5,4416,268,819149,0.0166568323395823,0.0252353283397676,3.41294007206697,1.59799104023794
"GO:0016607",176,6,376,0,6,4415,370,819047,0.0168913190506751,0.0255474935127819,2.97361480747111,1.59265170245551
"GO:0019825",169,5,274,0,5,4416,269,819148,0.016893567782326,0.0255474935127819,3.40048408640249,1.59265170245551
"GO:0004497",4417,56,7517,0,56,4365,7461,811956,0.0170183543935176,0.0257128494239625,1.38824072959318,1.58984979342585
"GO:0055028",222,6,377,0,6,4415,371,819046,0.0170889132328391,0.0257960476270872,2.9657272350375,1.58844682989867
"GO:2000113",667,15,1452,0,15,4406,1437,817980,0.0172385042978821,0.0259982877318602,1.92506743734356,1.58505525407119
"GO:0032454",275,7,487,0,7,4414,480,818937,0.0172746491579142,0.0260292224868119,2.67849218797535,1.5845388044121
"GO:0072348",131,5,276,0,5,4416,271,819146,0.0173737034612643,0.0261548067477442,3.37584289737059,1.58244848453344
"GO:0006283",235,7,488,0,7,4414,481,818936,0.0174474452753007,0.0262420924872409,2.6730034744754,1.58100153822053
"GO:0098552",120,5,277,0,5,4416,272,819145,0.0176171192345446,0.0264733786331378,3.36365573889632,1.57719062885009
"GO:0010279",102,5,278,0,5,4416,273,819144,0.0178627772004149,0.0268183264550864,3.35155625782116,1.57156832693179
"GO:0006091",175,6,382,0,6,4415,376,819041,0.018100727135259,0.0271415755475125,2.92690881573073,1.56636494548505
"GO:0010997",116,5,279,0,5,4416,274,819143,0.0181106849449168,0.0271415755475125,3.33954351137735,1.56636494548505
"GO:0035194",318,8,608,0,8,4413,600,818817,0.0182986687816438,0.0273986362602849,2.45192799914285,1.5622710532151
"GO:0030334",163,5,280,0,5,4416,275,819142,0.0183608499805142,0.0274423834987039,3.32761657026529,1.56157817083044
"GO:2000145",163,5,280,0,5,4416,275,819142,0.0183608499805142,0.0274423834987039,3.32761657026529,1.56157817083044
"GO:0016441",317,8,609,0,8,4413,601,818816,0.0184579292751216,0.0275627374377377,2.44790184479286,1.55967765196522
"GO:0000902",879,17,1728,0,17,4404,1711,817706,0.018981256601248,0.0283188102518619,1.83327024009986,1.54792499645914
"GO:0032989",1026,19,1983,0,19,4402,1964,817453,0.0190169021714196,0.0283465909717221,1.78546849761083,1.5474991629154
"GO:0009639",554,12,1087,0,12,4409,1075,818342,0.0191246613118452,0.0284817183222023,2.05718338106557,1.54543381295165
"GO:0000387",145,5,284,0,5,4416,279,819138,0.0193842306908376,0.0288424880252409,3.28074873124747,1.53996727900716
"GO:1901698",1084,19,1995,0,19,4402,1976,817441,0.0194601788332371,0.0289296408547676,1.77472883747482,1.53865695784047
"GO:0031668",339,8,617,0,8,4413,609,818808,0.0197678443733705,0.02936080364109,2.41616243675665,1.53223206142237
"GO:0030695",160,5,286,0,5,4416,281,819136,0.0199096546580302,0.0295187667013538,3.25780643242756,1.5299017913607
"GO:0044455",149,5,286,0,5,4416,281,819136,0.0199096546580302,0.0295187667013538,3.25780643242756,1.5299017913607
"GO:0006378",271,7,503,0,7,4414,496,818921,0.0201872001522356,0.0299036372361853,2.59329164124055,1.52427598440019
"GO:0008061",229,6,392,0,6,4415,386,819031,0.0202457276688625,0.0299636769499166,2.85224277451311,1.52340489387392
"GO:0004004",219,7,504,0,7,4414,497,818920,0.0203798834314098,0.0300820087883841,2.58814622131745,1.52169316619936
"GO:0008186",219,7,504,0,7,4414,497,818920,0.0203798834314098,0.0300820087883841,2.58814622131745,1.52169316619936
"GO:0072330",456,11,937,0,11,4410,926,818491,0.0203582098891752,0.0300820087883841,2.18763266519042,1.52169316619936
"GO:0009863",122,5,289,0,5,4416,284,819133,0.0207151161509214,0.0305497505680107,3.22398837257537,1.51499233132581
"GO:0005342",547,11,946,0,11,4410,935,818482,0.0209636169176968,0.0307828322296064,2.16682009226577,1.51169142462466
"GO:0009624",298,7,507,0,7,4414,500,818917,0.0209656046536779,0.0307828322296064,2.5728317466351,1.51169142462466
"GO:0046943",547,11,946,0,11,4410,935,818482,0.0209636169176968,0.0307828322296064,2.16682009226577,1.51169142462466
"GO:1903825",547,11,946,0,11,4410,935,818482,0.0209636169176968,0.0307828322296064,2.16682009226577,1.51169142462466
"GO:1905039",547,11,946,0,11,4410,935,818482,0.0209636169176968,0.0307828322296064,2.16682009226577,1.51169142462466
"GO:0000911",163,5,290,0,5,4416,285,819132,0.0209882508844982,0.0307889319142638,3.21287117129063,1.51160537676056
"GO:0035690",218,7,508,0,7,4414,501,818916,0.0211634147680647,0.0309912802012557,2.56776711721259,1.50876048336519
"GO:0044264",182,6,396,0,6,4415,390,819027,0.0211499681006133,0.0309912802012557,2.82343224143722,1.50876048336519
"GO:0000976",1381,23,2598,0,23,4398,2575,816842,0.0212238043169371,0.0310524026253957,1.64971906947717,1.50790479141066
"GO:0000149",833,14,1346,0,14,4407,1332,818085,0.0218329832375925,0.0318876465706943,1.93822540199702,1.49637753215487
"GO:0090630",190,5,293,0,5,4416,288,819129,0.0218216913720269,0.0318876465706943,3.17997487943441,1.49637753215487
"GO:0006928",291,8,629,0,8,4413,621,818796,0.021854674081356,0.0318913517488674,2.3700671279473,1.49632707233332
"GO:0055080",408,9,751,0,9,4412,742,818675,0.0218922605128822,0.0319182257039832,2.23318076087045,1.49596125856148
"GO:0000959",121,5,294,0,5,4416,289,819128,0.0221042053982233,0.0321708933461904,3.1691586383479,1.4925368791063
"GO:0071446",124,5,294,0,5,4416,289,819128,0.0221042053982233,0.0321708933461904,3.1691586383479,1.4925368791063
"GO:0009642",292,7,513,0,7,4414,506,818911,0.0221719059425994,0.0322316943244975,2.54274014725925,1.4917168643158
"GO:0009664",510,11,962,0,11,4410,951,818466,0.0221846977152397,0.0322316943244975,2.13078150445262,1.4917168643158
"GO:0005789",2546,38,4837,0,38,4383,4799,814618,0.0226527387348612,0.0328830078409275,1.46395866477663,1.48302846397348
"GO:0016999",148,5,296,0,5,4416,291,819126,0.0226763226167707,0.0328885689520237,3.14774540430501,1.48295502313518
"GO:0031667",420,9,756,0,9,4412,747,818670,0.0227182886633077,0.0329207577235921,2.21841104684353,1.48253017736658
"GO:0030030",145,5,297,0,5,4416,292,819125,0.0229659383275398,0.0332506846220468,3.13714693493024,1.47819940827017
"GO:0048513",362,9,758,0,9,4412,749,818668,0.0230548518672,0.0333504156028566,2.21255771954315,1.47689874966639
"GO:0022627",463,11,976,0,11,4410,965,818452,0.0234072722471836,0.0338308231697575,2.10021701565924,1.47068743485364
"GO:0009832",199,6,406,0,6,4415,400,819017,0.023528962039586,0.0339520380208282,2.75388957539197,1.46913415143843
"GO:0043039",176,5,299,0,5,4416,294,819123,0.0235523146630971,0.0339520380208282,3.11616267449593,1.46913415143843
"GO:0051270",174,5,299,0,5,4416,294,819123,0.0235523146630971,0.0339520380208282,3.11616267449593,1.46913415143843
"GO:0044042",563,11,978,0,11,4410,967,818450,0.0235938053717117,0.0339824272871107,2.09592209333683,1.46874560369684
"GO:0009626",309,8,639,0,8,4413,631,818786,0.0237087094548936,0.0341184107540171,2.33297687555376,1.46701120660286
"GO:0042054",529,11,980,0,11,4410,969,818448,0.0237833281926691,0.0341962361319465,2.09164470130961,1.46602169268895
"GO:0006281",2787,41,5336,0,41,4380,5295,814122,0.0238995267159397,0.0343278972821358,1.43182302198821,1.46435279799381
"GO:0055086",710,12,1134,0,12,4409,1122,818295,0.0239161326410075,0.0343278972821358,1.97192093052758,1.46435279799381
"GO:0004407",146,5,301,0,5,4416,296,819121,0.0241482575853138,0.0346312221184733,3.09545727466539,1.46053218214549
"GO:0055082",351,8,642,0,8,4413,634,818783,0.0242857696215621,0.0347984564715153,2.32207511445304,1.45844001929395
"GO:0006367",377,9,766,0,9,4412,757,818660,0.024436709978174,0.0349433210351249,2.18945006711972,1.45663582177187
"GO:0010494",175,5,302,0,5,4416,297,819120,0.0244498312347871,0.0349433210351249,3.08520741614001,1.45663582177187
"GO:1903311",157,5,302,0,5,4416,297,819120,0.0244498312347871,0.0349433210351249,3.08520741614001,1.45663582177187
"GO:0001522",281,7,526,0,7,4414,519,818898,0.0249483075232789,0.0356251561117147,2.47989675958934,1.44824322387304
"GO:0045229",191,6,412,0,6,4415,406,819011,0.0250390531883533,0.0357240990219436,2.71378438740082,1.44703871550361
"GO:0019752",3973,51,6899,0,51,4370,6848,812569,0.0251218958741667,0.0358116067041845,1.37754354611939,1.44597619372957
"GO:0000993",172,5,305,0,5,4416,300,819117,0.0253690296923953,0.0361265913309884,3.05486111368617,1.44217301368742
"GO:0046777",543,11,996,0,11,4410,985,818432,0.0254079510201726,0.0361265913309884,2.05804398321628,1.44217301368742
"GO:0071695",283,7,528,0,7,4414,521,818896,0.0253955841443441,0.0361265913309884,2.47050321125757,1.44217301368742
"GO:0005506",4717,58,8025,0,58,4363,7967,811450,0.0257264539844136,0.0365482473413385,1.34680356638276,1.43713344464965
"GO:0032259",1586,22,2477,0,22,4399,2455,816962,0.0258207949493255,0.0366510005035183,1.65507614637337,1.43591416543687
"GO:0009267",301,7,530,0,7,4414,523,818894,0.0258483083813892,0.0366588019207947,2.46118055763018,1.43582173270959
"GO:0005874",874,16,1653,0,16,4405,1637,817780,0.0260003027948549,0.036811653191695,1.80371714879474,1.43401467818201
"GO:0034968",139,5,307,0,5,4416,302,819115,0.0259939489686536,0.036811653191695,3.03495973835271,1.43401467818201
"GO:0007346",279,7,531,0,7,4414,524,818893,0.0260767216776442,0.0368884805380438,2.45654556599622,1.43310923329403
"GO:0010029",185,5,308,0,5,4416,303,819114,0.026310060995405,0.0371869707617566,3.02510597296845,1.42960919768393
"GO:0051082",944,16,1660,0,16,4405,1644,817773,0.0264675621844227,0.0373778549932686,1.79611111262512,1.42738562514329
"GO:0009908",791,16,1661,0,16,4405,1645,817772,0.0265362199140433,0.0374430560651543,1.79502976939055,1.42662871180178
"GO:0043414",1291,18,1929,0,18,4403,1911,817506,0.0267485849753548,0.0377107485046281,1.73884785009197,1.42353484738214
"GO:0044419",513,11,1009,0,11,4410,998,818419,0.026871584675259,0.0378521053166719,2.03152805479031,1.42190996023298
"GO:0007623",319,7,536,0,7,4414,529,818888,0.0272394310190368,0.0383378297943333,2.43363002899999,1.41637247505268
"GO:0030003",350,8,658,0,8,4413,650,818767,0.0275299464250796,0.0387139871602681,2.26561128188275,1.41213209831342
"GO:0032153",172,5,312,0,5,4416,307,819110,0.0275989804697768,0.0387783143309522,2.9863225630586,1.41141107335626
"GO:0009696",187,5,313,0,5,4416,308,819109,0.0279273535476506,0.0391735835356683,2.97678159640346,1.40700669808247
"GO:0030674",184,5,313,0,5,4416,308,819109,0.0279273535476506,0.0391735835356683,2.97678159640346,1.40700669808247
"GO:0006284",571,13,1235,0,13,4408,1222,818195,0.0279889409406743,0.0391939332768904,1.96154239931428,1.4067811510477
"GO:0007033",222,6,423,0,6,4415,417,819000,0.0279723708343907,0.0391939332768904,2.64321316219654,1.4067811510477
"GO:0009694",178,5,314,0,5,4416,309,819108,0.0282581937759651,0.0395377249050268,2.96730140023657,1.40298832464348
"GO:0000460",176,5,315,0,5,4416,310,819107,0.0285915059477183,0.0399369609085159,2.95788139579137,1.39862498680831
"GO:0046488",160,5,315,0,5,4416,310,819107,0.0285915059477183,0.0399369609085159,2.95788139579137,1.39862498680831
"GO:0005525",3108,43,5707,0,43,4378,5664,813753,0.0288047164509073,0.0402010502018111,1.40404778363393,1.39576260137091
"GO:0000175",282,7,543,0,7,4414,536,818881,0.0289256061935015,0.0403359583854104,2.4022572661952,1.39430761972881
"GO:0003724",652,13,1257,0,13,4408,1244,818173,0.0294437146409929,0.0410240877633917,1.92721150608841,1.38696106740418
"GO:0046658",299,7,546,0,7,4414,539,818878,0.0296693369042779,0.0413038845699187,2.38905805044688,1.38400910166211
"GO:0030983",160,5,319,0,5,4416,314,819103,0.0299495671160005,0.0416591723042112,2.92079197390057,1.38028936298368
"GO:0006744",191,5,320,0,5,4416,315,819102,0.0302953080859608,0.0421049148273161,2.91166449898213,1.37566720682939
"GO:0008081",331,8,672,0,8,4413,664,818753,0.030604659597926,0.0424993813432417,2.21841104684353,1.37161739185961
"GO:0008283",168,5,321,0,5,4416,316,819101,0.0306435480681432,0.0425179229445487,2.9025938930663,1.37142795947692
"GO:0046873",657,13,1273,0,13,4408,1260,818157,0.0307085330943472,0.0425726124913307,1.90298889485713,1.37086969828996
"GO:0044255",1130,20,2277,0,20,4401,2257,817160,0.0309122082181139,0.0427837295786863,1.63677231387665,1.36872135943624
"GO:1901699",551,11,1040,0,11,4410,1029,818388,0.0308934372053225,0.0427837295786863,1.97097289161867,1.36872135943624
"GO:0000226",671,13,1276,0,13,4408,1263,818154,0.0309651985193384,0.0428214746965934,1.89851478303537,1.36833838044268
"GO:0006839",398,8,674,0,8,4413,666,818751,0.0310623136446464,0.0429201263222708,2.21182822474607,1.36733900849117
"GO:0071236",136,5,323,0,5,4416,318,819099,0.0313475419061806,0.0432783227809209,2.88462117546217,1.36372957833368
"GO:0042393",764,15,1517,0,15,4406,1502,817915,0.0314798644823461,0.0434249994723333,1.84258267569074,1.36226017815807
"GO:0015935",451,10,883,0,10,4411,873,818544,0.0315256056567624,0.0434520972007528,2.11037970481151,1.3619892576334
"GO:0048638",450,10,886,0,10,4411,876,818541,0.0318539507638622,0.0438683441040783,2.10323394960335,1.35784875857509
"GO:0010052",262,6,437,0,6,4415,431,818986,0.032021485769154,0.044062622979869,2.55853356432297,1.35592965353621
"GO:0008202",198,6,438,0,6,4415,432,818985,0.0323244853530851,0.0444061618093124,2.55269216349118,1.35255676290091
"GO:0090627",231,6,438,0,6,4415,432,818985,0.0323244853530851,0.0444061618093124,2.55269216349118,1.35255676290091
"GO:0071496",375,8,680,0,8,4413,672,818745,0.0324633046833078,0.0445601008225124,2.19231209335125,1.35105383519045
"GO:0033897",218,7,557,0,7,4414,550,818867,0.0325061828377527,0.0445822029858799,2.34187737081507,1.35083847508923
"GO:0030295",163,5,327,0,5,4416,322,819095,0.0327856984157558,0.0449285496808506,2.8493352895238,1.34747760045371
"GO:0043547",186,5,328,0,5,4416,323,819094,0.0331515453869097,0.0453925354187538,2.84064829168988,1.34301555888258
"GO:0015629",513,10,898,0,10,4411,888,818529,0.0332577839244049,0.0455005835941941,2.07512837343938,1.34198303301074
"GO:0071826",1214,17,1819,0,17,4404,1802,817615,0.033856695551237,0.0462819360367895,1.74155633583978,1.33458848220715
"GO:0050821",203,6,444,0,6,4415,438,818979,0.0341815605091997,0.046687693394436,2.51819632344401,1.33079758185873
"GO:0009630",183,5,331,0,5,4416,326,819091,0.0342642840752754,0.0467240237390119,2.8149022346655,1.33045976408909
"GO:0010927",186,5,331,0,5,4416,326,819091,0.0342642840752754,0.0467240237390119,2.8149022346655,1.33045976408909
"GO:0040011",241,6,445,0,6,4415,439,818978,0.0344976157450961,0.047003707214063,2.51253745530143,1.32786788761498
"GO:0010228",705,13,1314,0,13,4408,1301,818116,0.034754957098362,0.0473156202524715,1.84361100696585,1.32499546244255
"GO:0033014",152,5,333,0,5,4416,328,819089,0.0350188095043801,0.0476358805758112,2.79799591493778,1.32206580219655
"GO:0071555",290,7,569,0,7,4414,562,818855,0.0358010977735219,0.0486602675860522,2.29248804137785,1.31282550718435
"GO:0042254",1645,23,2749,0,23,4398,2726,816691,0.0361262832252853,0.0490622035645187,1.55910154328909,1.30925294992459
"GO:0006352",499,10,920,0,10,4411,910,818507,0.0362098724279909,0.0491356459597432,2.02550573842235,1.30860333013993
"GO:0009982",244,6,451,0,6,4415,445,818972,0.0364334805153524,0.0493988151938614,2.4791112363839,1.30628346728969
"GO:0000159",202,5,337,0,5,4416,332,819085,0.0365584575939399,0.0495279348201057,2.76478528093259,1.30514978053624
"GO:0016072",1377,19,2152,0,19,4402,2133,817284,0.0367941545961373,0.0498067214655029,1.64525280239882,1.30271204482257
"GO:0006873",369,8,701,0,8,4413,693,818724,0.0377039115903084,0.0509967610055755,2.12663655275157,1.29245740668787
"GO:0009813",236,6,455,0,6,4415,449,818968,0.0377619182009502,0.0510337612050179,2.45731685188822,1.29214242284179
"GO:0042995",261,7,578,0,7,4414,571,818846,0.0384119606501944,0.0518281316714535,2.25679186080276,1.28543444656087
"GO:0120025",261,7,578,0,7,4414,571,818846,0.0384119606501944,0.0518281316714535,2.25679186080276,1.28543444656087
"GO:0031968",205,6,459,0,6,4415,453,818964,0.0391208473006926,0.0527418710572091,2.43590232594583,1.27784446734866
"GO:0001558",234,6,460,0,6,4415,454,818963,0.0394653630159995,0.0531524370211544,2.43060688610682,1.27447681842994
"GO:0090407",612,10,941,0,10,4411,931,818486,0.0394892279850859,0.0531524370211544,1.9803031661515,1.27447681842994
"GO:0035251",1235,19,2188,0,19,4402,2169,817248,0.039573408475799,0.0532227181843338,1.61818282941603,1.27390294898208
"GO:0043086",421,10,945,0,10,4411,935,818482,0.0401654123726912,0.0539317835488151,1.97192093052758,1.26815521715666
"GO:0046961",235,6,462,0,6,4415,456,818961,0.0401601516430091,0.0539317835488151,2.42008477837476,1.26815521715666
"GO:0000055",229,6,463,0,6,4415,457,818960,0.0405104292621375,0.0543074595180829,2.41485781341067,1.26514051285981
"GO:0048037",536,10,947,0,10,4411,937,818480,0.0405097201730467,0.0543074595180829,1.96775636678835,1.26514051285981
"GO:0060968",140,5,348,0,5,4416,343,819074,0.0410041911817385,0.0549251635700681,2.67739264274219,1.26022864105338
"GO:0009991",433,9,781,0,9,4412,772,818645,0.0421141752668848,0.0563213669231832,2.1473991695438,1.24932681338314
"GO:0048646",448,10,956,0,10,4411,946,818471,0.0421105194757042,0.0563213669231832,1.94923146375373,1.24932681338314
"GO:0044027",190,5,351,0,5,4416,346,819071,0.0422708636066046,0.0564855440650053,2.65450894494097,1.24806268379275
"GO:0060429",236,6,469,0,6,4415,463,818954,0.0426526028626155,0.0569499468855291,2.38396411004081,1.24450667663023
"GO:0043087",201,5,352,0,5,4416,347,819070,0.0426982705814916,0.0569652407998266,2.64696772634739,1.24439006245856
"GO:0006265",279,6,471,0,6,4415,465,818952,0.0433821434471638,0.0578273570184314,2.37384112018925,1.23786665653855
"GO:0090693",525,10,963,0,10,4411,953,818464,0.043413931695519,0.0578273570184314,1.93506259537753,1.23786665653855
"GO:0051287",695,12,1203,0,12,4409,1191,818226,0.0434756982875933,0.0578633394475162,1.85881823376415,1.23759650567287
"GO:0072503",196,5,354,0,5,4416,349,819068,0.0435608693300496,0.0579303893247066,2.63201310642452,1.23709355278864
"GO:0010648",414,9,795,0,9,4412,786,818631,0.0437840931885488,0.0581343821044129,2.10958333511158,1.23556693917958
"GO:0023057",414,9,795,0,9,4412,786,818631,0.0437840931885488,0.0581343821044129,2.10958333511158,1.23556693917958
"GO:0016741",1341,18,2008,0,18,4403,1990,817427,0.0439292397313746,0.0582806248228994,1.67043700340011,1.23447580083337
"GO:0003918",181,5,355,0,5,4416,350,819067,0.0439960643428502,0.0583228082251955,2.62459898499798,1.23416157304152
"GO:0005976",213,6,473,0,6,4415,467,818950,0.0441194522427672,0.0584398472428062,2.36380373701721,1.23329092794809
"GO:0070925",1166,16,1721,0,16,4405,1705,817712,0.0441597851108574,0.058446774411429,1.7324488361172,1.2332394518926
"GO:0009523",418,9,799,0,9,4412,790,818627,0.0443103960678581,0.0585995309396217,2.09902221703843,1.23210586028139
"GO:0004527",177,5,356,0,5,4416,351,819066,0.0444338584757644,0.0586231175611314,2.61722651593899,1.23193108962337
"GO:0016571",143,5,356,0,5,4416,351,819066,0.0444338584757644,0.0586231175611314,2.61722651593899,1.23193108962337
"GO:0090374",207,5,356,0,5,4416,351,819066,0.0444338584757644,0.0586231175611314,2.61722651593899,1.23193108962337
"GO:0042579",456,9,803,0,9,4412,794,818623,0.044858535010834,0.0591365485297218,2.0885663155837,1.22814402641521
"GO:0000724",876,16,1739,0,16,4405,1723,817694,0.0452050491080087,0.0595462078835716,1.71451664574911,1.22514589073332
"GO:0072507",198,5,358,0,5,4416,353,819064,0.045317249712376,0.059646814838819,2.60260513875498,1.22441274285464
"GO:0051286",193,5,359,0,5,4416,354,819063,0.0457628494247473,0.0601857379875231,2.59535554226819,1.22050640985741
"GO:0019867",298,7,605,0,7,4414,598,818819,0.0469801820206014,0.0617379661123136,2.15607552982478,1.20944768196031
"GO:0009060",161,5,364,0,5,4416,359,819058,0.048029934050986,0.0630676973145834,2.55970505405022,1.20019302538572
"GO:0004540",1205,18,2071,0,18,4403,2053,817364,0.0481123825853953,0.0631261757326109,1.61962216457142,1.19979052001103
"GO:0006865",558,10,992,0,10,4411,982,818435,0.0493616384375581,0.0646908609598324,1.87849322514976,1.18915706886854
"GO:0008565",161,5,367,0,5,4416,362,819055,0.0494214865711152,0.0646908609598324,2.53878103453483,1.18915706886854
"GO:0016251",193,5,367,0,5,4416,362,819055,0.0494214865711152,0.0646908609598324,2.53878103453483,1.18915706886854
"GO:0055065",346,7,615,0,7,4414,608,818809,0.0504389054143396,0.0659707600273962,2.12101739112845,1.18064851252705
"GO:1901137",744,12,1256,0,12,4409,1244,818173,0.050896791182746,0.0665173919303548,1.78038084014194,1.17706478730069
"GO:0008219",739,14,1524,0,14,4407,1510,817907,0.0509416186126378,0.0665237607765035,1.71184474480839,1.17702320686209
"GO:0042255",1081,14,1525,0,14,4407,1511,817906,0.0510680833913606,0.0666366448641187,1.71072222366426,1.17628687765291
"GO:0003887",957,14,1529,0,14,4407,1515,817902,0.0515815834338983,0.0672539830990138,1.7062468221635,1.17228198959028
"GO:0070646",202,5,372,0,5,4416,367,819050,0.0517929660412419,0.0674767515326039,2.50465763353302,1.17084583339506
"GO:0015748",374,7,623,0,7,4414,616,818801,0.0533185620920436,0.069410012418493,2.0937812127512,1.15857787789583
"GO:0004867",487,11,1078,0,11,4410,1067,818350,0.0544332888188889,0.0707505276217408,1.90149518300874,1.15027031704245
"GO:0007031",372,7,626,0,7,4414,619,818798,0.0544243947561892,0.0707505276217408,2.08374711748242,1.15027031704245
"GO:0006869",636,12,1280,0,12,4409,1268,818149,0.0550868786153266,0.0715441910253657,1.74699869938928,1.14542562267353
"GO:0080188",491,9,868,0,9,4412,859,818558,0.056817087233033,0.0737337881862822,1.93216446015404,1.13233345297964
"GO:0031047",551,11,1103,0,11,4410,1092,818325,0.0571680910280496,0.0741315199078681,1.85839692410102,1.12999709550981
"GO:0042592",1104,19,2243,0,19,4402,2224,817193,0.0572613158912355,0.0741369292059931,1.57850380328233,1.12996540665973
"GO:0097435",198,5,383,0,5,4416,378,819039,0.0572401142706271,0.0741369292059931,2.43272229679969,1.12996540665973
"GO:0043085",489,9,871,0,9,4412,862,818555,0.0575073807450937,0.0743976604044918,1.9255094734945,1.12844072156965
"GO:0030427",209,5,384,0,5,4416,379,819038,0.0577509775021938,0.074654796227603,2.42638708248511,1.12694228561786
"GO:0001932",218,5,386,0,5,4416,381,819036,0.0587805302478025,0.0758091269268715,2.41381512868985,1.12027850498324
"GO:0008654",225,5,386,0,5,4416,381,819036,0.0587805302478025,0.0758091269268715,2.41381512868985,1.12027850498324
"GO:0048469",193,5,386,0,5,4416,381,819036,0.0587805302478025,0.0758091269268715,2.41381512868985,1.12027850498324
"GO:0006399",240,6,510,0,6,4415,504,818913,0.0591757708078818,0.0762597975194451,2.19231209335125,1.11770435217413
"GO:0006893",209,5,387,0,5,4416,382,819035,0.0592992181105608,0.0763597820217199,2.4075778802953,1.11713532002299
"GO:0015421",226,5,388,0,5,4416,383,819034,0.059820512410735,0.0769715248561621,2.40137278266567,1.11366990969806
"GO:0005852",282,6,514,0,6,4415,508,818909,0.0609656385673371,0.0783843924437191,2.17525129885046,1.10577040351906
"GO:0140097",1215,19,2291,0,19,4402,2272,817145,0.0613988404224661,0.0788804547094183,1.54543170264612,1.10303059455237
"GO:0003746",719,13,1404,0,13,4408,1391,818026,0.0627792665762487,0.0805399177015579,1.72543081421163,1.09398881850531
"GO:0006875",296,6,518,0,6,4415,512,818905,0.0627872751811545,0.0805399177015579,2.15845399152343,1.09398881850531
"GO:0006289",445,9,896,0,9,4412,887,818530,0.0637321473369834,0.0815634322183531,1.87178432077423,1.08850450724249
"GO:0010941",347,8,720,0,8,4413,712,818705,0.0636454242338386,0.0815634322183531,2.07051697705396,1.08850450724249
"GO:0019901",288,6,520,0,6,4415,514,818903,0.0637100076199411,0.0815634322183531,2.15015224540219,1.08850450724249
"GO:0048869",3888,55,7978,0,55,4366,7923,811494,0.0642769901024019,0.0821975334258826,1.28466520887655,1.08514121452322
"GO:0019900",405,8,724,0,8,4413,716,818701,0.0643567078228059,0.0822363150613751,2.05907765673874,1.08493635827542
"GO:0051253",668,13,1421,0,13,4408,1408,818009,0.064931843985419,0.082907607542732,1.70478878476646,1.08140561707045
"GO:0019722",429,8,733,0,8,4413,725,818692,0.0660651982576059,0.0842900805355662,2.03379566641044,1.07422353121326
"GO:0044403",461,9,906,0,9,4412,897,818520,0.0664575029560941,0.0847256833245763,1.851124449684,1.07198491983026
"GO:0000325",350,8,738,0,8,4413,730,818687,0.0670786974475245,0.0853868740444405,2.02001656297947,1.0686088853789
"GO:0006261",628,11,1165,0,11,4410,1154,818263,0.067055324843073,0.0853868740444405,1.759495113548,1.0686088853789
"GO:0007610",222,5,402,0,5,4416,397,819020,0.0673916134183088,0.0857196610706525,2.31774288476189,1.06691955479582
"GO:0006520",3048,37,5113,0,37,4384,5076,814341,0.0680821756399695,0.0865319255271368,1.3484884673557,1.06282363216263
"GO:0008236",1365,20,2447,0,20,4401,2427,816990,0.0691901936131606,0.0878667846310534,1.52306111920602,1.056175265741
"GO:0048229",641,13,1450,0,13,4408,1437,817980,0.0692379708323976,0.0878667846310534,1.67069300907113,1.056175265741
"GO:0010073",2709,34,4642,0,34,4387,4608,814809,0.0695717815076433,0.0882231654304845,1.36488193661894,1.05441736387421
"GO:0048507",3339,45,6397,0,45,4376,6352,813065,0.0707731979966047,0.0896783673244648,1.31086349180374,1.04731230706373
"GO:0016226",290,6,535,0,6,4415,529,818888,0.0708834815523002,0.0896816084989209,2.08986760300773,1.04729661098466
"GO:0033044",259,6,535,0,6,4415,529,818888,0.0708834815523002,0.0896816084989209,2.08986760300773,1.04729661098466
"GO:0000413",450,8,757,0,8,4413,749,818668,0.0713450481464188,0.0901970426452447,1.96931601516361,1.04480770174749
"GO:0015934",440,8,761,0,8,4413,753,818664,0.0723262645997248,0.0913681567212001,1.95896481403266,1.03920513654042
"GO:0045934",696,13,1475,0,13,4408,1462,817955,0.0735861917887376,0.0928893171556088,1.6423761784089,1.03203422967854
"GO:0072657",195,5,413,0,5,4416,408,819009,0.073695763551577,0.092957156298012,2.25601123407816,1.03171717048485
"GO:0031399",393,8,767,0,8,4413,759,818658,0.0738517640033861,0.0930834118589235,1.94364044782119,1.03112770655906
"GO:0016791",1272,18,2187,0,18,4403,2169,817248,0.076256569319205,0.0960417457764572,1.53371627929923,1.0175399542565
"GO:0007015",450,8,781,0,8,4413,773,818644,0.0776598490027736,0.0976613660042432,1.90879926181671,1.01027720546705
"GO:0010150",558,10,1013,0,10,4411,1003,818414,0.0776380388251043,0.0976613660042432,1.83955111485544,1.01027720546705
"GO:0008610",967,16,1873,0,16,4405,1857,817560,0.0777432736544224,0.0976924910449911,1.59185501706231,1.01013881625104
"GO:0032968",260,5,420,0,5,4416,415,819002,0.0778688107445099,0.0977764478805497,2.21841104684353,1.00976574426484
"GO:0009116",554,8,783,0,8,4413,775,818642,0.0782320691749112,0.0981585494922586,1.90392365706111,1.00807186788662
"GO:0019904",254,6,550,0,6,4415,544,818873,0.0785019871277291,0.0984230486202326,2.0328712138348,1.00690318697071
"GO:0019888",269,5,422,0,5,4416,417,819000,0.0790839838743079,0.0990781287815822,2.20789725041299,1.00402220422091
"GO:0009968",411,8,787,0,8,4413,779,818638,0.0793975254453,0.0993961502755072,1.89424678968088,1.00263043598982
"GO:0010411",463,8,790,0,8,4413,782,818635,0.080289950476771,0.10043784188116,1.88705344744158,0.998102627591662
"GO:0048584",787,14,1605,0,14,4407,1591,817826,0.0827807614135656,0.103475951766957,1.62545258011713,0.985160570288531
"GO:0016620",448,8,799,0,8,4413,791,818626,0.0830609883606391,0.103748346301924,1.86579752625638,0.98401881700308
"GO:0006457",1519,21,2671,0,21,4400,2650,816767,0.0831594851554603,0.103793510332715,1.46509812303706,0.983829799809337
"GO:0008757",1748,21,2679,0,21,4400,2658,816759,0.0839545188769292,0.104707321295945,1.46072306331914,0.980022950725497
"GO:0015171",601,10,1054,0,10,4411,1044,818373,0.0846105912548399,0.105446582664153,1.76799362367036,0.976967490406713
"GO:0043424",268,5,433,0,5,4416,428,818989,0.0859475609310519,0.10703267685131,2.15180748192675,0.970483612878428
"GO:1902679",623,12,1336,0,12,4409,1324,818093,0.086427994245557,0.107470209424087,1.67377120899572,0.968711904825089
"GO:1903507",623,12,1336,0,12,4409,1324,818093,0.086427994245557,0.107470209424087,1.67377120899572,0.968711904825089
"GO:0048511",255,5,435,0,5,4416,430,818987,0.0872279942476416,0.108384037628599,2.14191411419375,0.965034674257763
"GO:0022604",202,5,436,0,5,4416,431,818986,0.087871934572154,0.10910273755603,2.13700146714285,0.962164352156278
"GO:0019905",275,5,438,0,5,4416,433,818984,0.0891672417164945,0.110628507792819,2.12724346957599,0.956132945528806
"GO:0006486",945,14,1651,0,14,4407,1637,817780,0.0893621694158217,0.110712232102529,1.58016437982313,0.955804393203017
"GO:0009259",551,8,818,0,8,4413,810,818607,0.0893677116791585,0.110712232102529,1.82245993090324,0.955804393203017
"GO:0071669",321,7,634,0,7,4414,627,818790,0.0903935868932311,0.111899867789762,2.05745377846056,0.95117042659239
"GO:0046839",223,5,440,0,5,4416,435,818982,0.0904724223942723,0.111914252070181,2.11757418107791,0.951114603361714
"GO:0030687",232,5,441,0,5,4416,436,818981,0.0911287044198323,0.112642385196007,2.11277242556526,0.948298161944004
"GO:1902600",1097,17,2050,0,17,4404,2033,817384,0.0922113331563997,0.113896045775523,1.5453126706793,0.943491353424679
"GO:0030659",657,12,1370,0,12,4409,1358,818059,0.0925380250696983,0.114214834500406,1.63223236147319,0.94227748520345
"GO:0012506",657,12,1374,0,12,4409,1362,818055,0.0933445514712869,0.115124946814587,1.62748059331752,0.938830557430375
"GO:0006631",744,12,1378,0,12,4409,1366,818051,0.0941693317418685,0.116056208253302,1.62275641162429,0.935331622652827
"GO:0048468",1689,25,3353,0,25,4396,3328,816089,0.0970142484082918,0.119473907988022,1.3894014907162,0.922726930314961
"GO:0051085",395,7,663,0,7,4414,656,818761,0.0974237782170413,0.119889571863543,1.96745957095625,0.92121859070497
"GO:0005635",380,7,674,0,7,4414,667,818750,0.100627203414465,0.123648925228845,1.93534969665281,0.907809654225536
"GO:0031225",350,7,674,0,7,4414,667,818750,0.100627203414465,0.123648925228845,1.93534969665281,0.907809654225536
"GO:0051130",210,5,456,0,5,4416,451,818966,0.101264931904446,0.124340790280902,2.04327333261904,0.905386376685218
"GO:0030570",399,7,684,0,7,4414,677,818740,0.103787912644246,0.127344785963648,1.90705511044444,0.895018832196818
"GO:0003993",399,7,687,0,7,4414,680,818737,0.104781584278967,0.128374788686152,1.89872735887044,0.891520258273058
"GO:0043069",223,5,461,0,5,4416,456,818961,0.104763607843137,0.128374788686152,2.02111201664703,0.891520258273058
"GO:1901568",398,7,689,0,7,4414,682,818735,0.10545557662871,0.129105540505001,1.89321581356168,0.889055119785341
"GO:0007059",346,7,694,0,7,4414,687,818730,0.107180702071204,0.131121138095926,1.87957593017867,0.882327289862852
"GO:0009117",613,9,935,0,9,4412,926,818491,0.108011502915068,0.13204049365168,1.79370989456011,0.879292860668597
"GO:0016762",434,7,700,0,7,4414,693,818724,0.109325909995566,0.133549259092162,1.86346527934856,0.874358517025447
"GO:0009926",284,5,469,0,5,4416,464,818953,0.110483634604418,0.134864553970935,1.98663675836734,0.870102179591486
"GO:0000307",289,5,470,0,5,4416,465,818952,0.111209088706635,0.135650646664138,1.98240987164741,0.867578131559611
"GO:0030246",1499,21,2736,0,21,4400,2715,816702,0.112969777293237,0.137697422542635,1.43029133283333,0.861074188907835
"GO:1901657",617,9,961,0,9,4412,952,818465,0.113219153391864,0.137900431892797,1.74518080271978,0.860434373647464
"GO:0051536",901,13,1551,0,13,4408,1538,817879,0.113435148022223,0.138062515684942,1.5618986867525,0.85992421744536
"GO:0050801",545,9,966,0,9,4412,957,818460,0.114363828925522,0.139091143287797,1.73614777579059,0.856700523089885
"GO:0017144",787,13,1576,0,13,4408,1563,817854,0.118181832545341,0.143629745392695,1.53712237509717,0.842755609382394
"GO:0010090",355,7,723,0,7,4414,716,818701,0.118290547226299,0.143657010307649,1.80418491776486,0.842673176051134
"GO:0006753",645,9,983,0,9,4412,974,818443,0.118593026577568,0.143919379921028,1.70612283968841,0.841880720823261
"GO:0030154",3848,52,7808,0,52,4369,7756,811661,0.119024348935068,0.144337611782147,1.24103732743501,0.840620484838549
"GO:0006418",678,11,1283,0,11,4410,1272,818145,0.121735360746897,0.147517740643073,1.59767093319051,0.831155747820815
"GO:0044283",3814,44,6458,0,44,4377,6414,813003,0.12258745480675,0.148442263456901,1.26962639038924,0.828442432123391
"GO:0010026",358,7,741,0,7,4414,734,818683,0.126099870954156,0.152584509548452,1.76035856348717,0.81648955392441
"GO:0010647",556,9,1012,0,9,4412,1003,818414,0.126978833285785,0.153536497763858,1.65723196780011,0.813788370067441
"GO:0016579",796,11,1307,0,11,4410,1296,818121,0.127705613247761,0.154303226456838,1.56833344092075,0.811624992810793
"GO:0046677",1011,16,2070,0,16,4405,2054,817363,0.132300813436453,0.159739560820663,1.44035963621145,0.796587513927742
"GO:0016651",327,6,563,0,6,4415,557,818860,0.133757073476227,0.161030750063571,1.98593102594874,0.793091184168365
"GO:0031050",299,6,563,0,6,4415,557,818860,0.133757073476227,0.161030750063571,1.98593102594874,0.793091184168365
"GO:0070918",299,6,563,0,6,4415,557,818860,0.133757073476227,0.161030750063571,1.98593102594874,0.793091184168365
"GO:0071359",299,6,563,0,6,4415,557,818860,0.133757073476227,0.161030750063571,1.98593102594874,0.793091184168365
"GO:0071103",457,9,1033,0,9,4412,1024,818393,0.133939692580915,0.161134095482098,1.62354186971317,0.792812554472067
"GO:0019953",1236,19,2534,0,19,4402,2515,816902,0.134215081234417,0.161348816068811,1.39723126707272,0.792234216976337
"GO:0000045",337,6,566,0,6,4415,560,818857,0.134636103438781,0.161738176208925,1.9754048897688,0.791187458386684
"GO:0002684",274,6,569,0,6,4415,563,818854,0.135544957637723,0.162712584330792,1.96498974975244,0.788578857056564
"GO:0016810",264,6,570,0,6,4415,564,818853,0.135854492934519,0.162966664795371,1.96154239931428,0.787901222442696
"GO:0043331",304,6,572,0,6,4415,566,818851,0.136483383212211,0.163603191539476,1.95468385945654,0.786208228449149
"GO:0009657",285,6,573,0,6,4415,567,818850,0.136802719481856,0.163868005710281,1.95127254382049,0.785505831663443
"GO:0071396",703,12,1411,0,12,4409,1399,818018,0.138591585847433,0.165891438127948,1.58480392290452,0.780176027898124
"GO:0004812",758,12,1418,0,12,4409,1406,818011,0.139502653915481,0.166862010610112,1.57698049028087,0.777642527672873
"GO:0005680",282,6,586,0,6,4415,580,818837,0.141246283829056,0.168826319149589,1.90798492766065,0.772559848169906
"GO:0071949",370,6,602,0,6,4415,596,818821,0.147438570813286,0.17610130588531,1.85727436479923,0.754237423495068
"GO:0000725",362,8,859,0,8,4413,851,818566,0.15053795198018,0.179674329782795,1.73547406691368,0.745513966463849
"GO:0030036",340,6,610,0,6,4415,604,818813,0.15082297402505,0.179885567157384,1.8329166682117,0.745003680208398
"GO:0010252",292,6,611,0,6,4415,605,818812,0.151259187651853,0.180276698239324,1.82991680459761,0.74406040461467
"GO:0019693",584,8,870,0,8,4413,862,818555,0.153136200737907,0.182383243368108,1.713531291355,0.739015065388418
"GO:0009691",342,6,624,0,6,4415,618,818799,0.157189950283219,0.187077389007548,1.79179353783516,0.727978700060986
"GO:0045944",1801,24,3384,0,24,4397,3360,816057,0.157520809298564,0.187337248201506,1.32160658109827,0.727375863414589
"GO:0009739",604,10,1190,0,10,4411,1180,818237,0.158605205840233,0.188492268182718,1.56593720953661,0.724706459540145
"GO:0003333",693,10,1191,0,10,4411,1181,818236,0.158862693611996,0.188663612599125,1.56462240079644,0.72431185378978
"GO:0010243",658,10,1197,0,10,4411,1187,818230,0.160442166975957,0.190403569504611,1.55677968199546,0.72032491413629
"GO:0008374",497,8,904,0,8,4413,896,818521,0.162893365996885,0.193174825060408,1.64908431800758,0.714049472380896
"GO:0003008",357,6,636,0,6,4415,630,818787,0.16308097018458,0.193259655058595,1.75798611259298,0.713858799950771
"GO:0000904",628,10,1219,0,10,4411,1209,818208,0.166731495240241,0.197445191731865,1.52868357616781,0.704553437920067
"GO:0010015",598,10,1223,0,10,4411,1213,818204,0.16795742861923,0.1987555925025,1.52368379341665,0.701680642501403
"GO:0003002",270,6,646,0,6,4415,640,818777,0.168283650590725,0.19900019760906,1.7307727052773,0.701146492331591
"GO:0080167",381,6,654,0,6,4415,648,818769,0.17263122464339,0.203996443599179,1.70960117371428,0.690377403842312
"GO:0044703",1253,19,2577,0,19,4402,2558,816859,0.173818358537169,0.205253593591764,1.37391696964,0.687709230489102
"GO:1901605",2616,30,4347,0,30,4391,4317,815100,0.174243470734282,0.205609765253423,1.28603538947451,0.686956262755735
"GO:0080043",904,13,1701,0,13,4408,1688,817729,0.18313142964807,0.215791812005688,1.42416511649214,0.665965038189768
"GO:0080044",904,13,1701,0,13,4408,1688,817729,0.18313142964807,0.215791812005688,1.42416511649214,0.665965038189768
"GO:0042127",1270,14,1817,0,14,4407,1803,817614,0.193569988926877,0.227930715391266,1.43580153609686,0.642197146403236
"GO:0009378",334,6,690,0,6,4415,684,818733,0.194103119054075,0.228396956342781,1.62040459073788,0.641309687870771
"GO:0000463",260,5,485,0,5,4416,480,818937,0.195864858301057,0.230307195671794,1.92109822613254,0.637692492814171
"GO:0006413",560,9,1051,0,9,4412,1042,818375,0.19660836116502,0.231018293112039,1.59573620496071,0.636353629272091
"GO:0016705",4828,53,8290,0,53,4368,8237,811180,0.198370049181238,0.232923929398281,1.19135898438449,0.632785892007272
"GO:0016747",1814,24,3461,0,24,4397,3437,815980,0.198698566358121,0.233145252280671,1.29220360313105,0.632373423998039
"GO:0015035",287,5,495,0,5,4416,490,818927,0.199725999758795,0.234185767322812,1.88228816095815,0.630439502777714
"GO:0016799",254,5,501,0,5,4416,496,818921,0.202243436541272,0.236970669838999,1.85974578777302,0.625305403843644
"GO:0000151",270,5,513,0,5,4416,508,818909,0.20771204643266,0.24320714297495,1.81624296232803,0.614023674016696
"GO:0004525",278,5,517,0,5,4416,512,818905,0.209659290808667,0.245314630496437,1.80219079240673,0.610276549818919
"GO:0043140",215,5,521,0,5,4416,516,818901,0.211666855609245,0.247489687211652,1.7883543947683,0.60644289321682
"GO:0005759",416,7,796,0,7,4414,789,818628,0.213170488131687,0.249072886132813,1.63872574817085,0.603673546826437
"GO:0016765",290,5,533,0,5,4416,528,818889,0.218040385521982,0.254584321103857,1.74809125642454,0.594168346431583
"GO:0022603",376,7,812,0,7,4414,805,818612,0.218533888112939,0.254981726494775,1.60643558564531,0.593490942573303
"GO:0070475",1150,12,1558,0,12,4409,1546,817871,0.218925511383053,0.255259787431921,1.43527492632752,0.593017596758454
"GO:0043138",407,7,816,0,7,4414,809,818608,0.219978887303074,0.256308500601552,1.59856090140195,0.591236989979912
"GO:0005507",823,12,1566,0,12,4409,1554,817863,0.220447441189964,0.256674817889014,1.42794274279583,0.590616737438056
"GO:0030515",263,5,541,0,5,4416,536,818881,0.222570783279642,0.258966005702728,1.722241478141,0.586757241728318
"GO:0034599",498,7,824,0,7,4414,817,818600,0.222990296226098,0.259272935207021,1.58304089265048,0.586242815678439
"GO:0009736",635,9,1149,0,9,4412,1140,818277,0.224083911877347,0.260362675000547,1.45963337807981,0.584421275108306
"GO:0031145",263,5,546,0,5,4416,541,818876,0.225511988610567,0.261839233637792,1.70647003603348,0.581965278809757
"GO:0045892",1078,15,2073,0,15,4406,2058,817359,0.227166157624904,0.263576064421927,1.34838298071531,0.57909403095761
"GO:0000462",441,7,835,0,7,4414,828,818589,0.227388911359928,0.263650792071226,1.56218646172933,0.578970919604105
"GO:0010016",209,5,552,0,5,4416,547,818870,0.229149315973069,0.265366186773348,1.68792144868529,0.576154416186326
"GO:0016053",3202,36,5524,0,36,4385,5488,813929,0.229346512172281,0.265366186773348,1.21442342607799,0.576154416186326
"GO:0046394",3202,36,5524,0,36,4385,5488,813929,0.229346512172281,0.265366186773348,1.21442342607799,0.576154416186326
"GO:0001505",419,7,849,0,7,4414,842,818575,0.233403712127648,0.269873042147593,1.53642602537573,0.56884049532962
"GO:0005777",1193,16,2199,0,16,4405,2183,817234,0.238295826900593,0.2753383426714,1.35586377760696,0.560133306038177
"GO:0051540",353,5,573,0,5,4416,568,818849,0.242756665457455,0.28029809153028,1.62606045318374,0.552379859216846
"GO:0006364",2208,24,3523,0,24,4397,3499,815918,0.245590514886759,0.283373671023183,1.26946258031126,0.54764050363173
"GO:0005778",345,5,580,0,5,4416,575,818842,0.247577384447767,0.285468383037073,1.60643558564531,0.544441984906386
"GO:0072583",323,5,587,0,5,4416,582,818835,0.252531397588199,0.290979084418236,1.5872787728693,0.536138226987289
"GO:0048232",276,5,589,0,5,4416,584,818833,0.253970554229954,0.29243497426893,1.58188903170506,0.533970688404727
"GO:0055088",336,5,602,0,5,4416,597,818820,0.263570935076316,0.303279617762313,1.54772863733269,0.518156775943212
"GO:0000145",593,8,1008,0,8,4413,1000,818417,0.27223581185946,0.313033582006906,1.47894069789569,0.504409069169345
"GO:0023056",556,8,1011,0,8,4413,1003,818414,0.273135415648907,0.313851254006508,1.47455214983071,0.503276131767075
"GO:0003743",821,11,1453,0,11,4410,1442,817975,0.274758323693151,0.315498350999376,1.41074453357427,0.501002906320776
"GO:0007017",1062,14,1977,0,14,4407,1963,817454,0.278369320964178,0.319424479259378,1.31960110828932,0.49563180454101
"GO:1901615",389,6,698,0,6,4415,692,818725,0.287259130867864,0.329398383536497,1.6018326183512,0.482278536383333
"GO:0004866",355,6,704,0,6,4415,698,818719,0.289157920510009,0.331347513867285,1.58818063580844,0.479716283614516
"GO:0009411",401,6,711,0,6,4415,705,818712,0.291519088717128,0.333594008738157,1.57254453953465,0.476781757780472
"GO:0034440",347,6,711,0,6,4415,705,818712,0.291519088717128,0.333594008738157,1.57254453953465,0.476781757780472
"GO:0009707",387,6,715,0,6,4415,709,818708,0.29293739334738,0.334986785661667,1.56374708756523,0.474972324388262
"GO:0006334",404,6,720,0,6,4415,714,818703,0.294779479745462,0.336861931212213,1.55288773279047,0.472548065892239
"GO:0043067",385,6,742,0,6,4415,736,818681,0.303761683407955,0.346888342163405,1.50684523936542,0.459810295197369
"GO:0035091",384,6,753,0,6,4415,747,818670,0.308761511143334,0.352115010995652,1.48483289191121,0.453315460151009
"GO:0043094",548,6,753,0,6,4415,747,818670,0.308761511143334,0.352115010995652,1.48483289191121,0.453315460151009
"GO:0004843",714,9,1170,0,9,4412,1161,818256,0.309322376239411,0.35227206322751,1.43343483026813,0.453121796975483
"GO:0016049",618,9,1170,0,9,4412,1161,818256,0.309322376239411,0.35227206322751,1.43343483026813,0.453121796975483
"GO:0012501",811,12,1672,0,12,4409,1660,817757,0.310074022147022,0.352886703263699,1.33741527225973,0.452364705505138
"GO:0030244",415,6,759,0,6,4415,753,818664,0.311623826476274,0.354408245275271,1.47309508248898,0.450496182846225
"GO:0034061",764,9,1203,0,9,4412,1194,818223,0.316671604746619,0.359903223142062,1.39411367532311,0.443814263970751
"GO:0006891",874,12,1718,0,12,4409,1706,817711,0.320241079695562,0.363711731032136,1.30160555018526,0.439242691135662
"GO:0000027",1235,12,1722,0,12,4409,1710,817707,0.321258777440372,0.364618857831097,1.29858207620109,0.438160873694767
"GO:0032350",2458,16,3926,0,16,4405,3910,815507,0.323087570251593,0.366444689692712,0.759435671665232,0.435991567473031
"GO:1901293",532,6,783,0,6,4415,777,818640,0.323969640283805,0.367194997326437,1.42794274279583,0.435103244269061
"GO:0032196",803,9,1231,0,9,4412,1222,818195,0.32454276436168,0.367594355552515,1.36240353486085,0.434631165869213
"GO:0019725",654,9,1235,0,9,4412,1226,818191,0.325783051648142,0.368748321545993,1.35799089183296,0.433269947813706
"GO:0006278",769,9,1237,0,9,4412,1228,818189,0.326413719694266,0.369039078313879,1.35579527195934,0.432927643061875
"GO:0046983",5397,59,9680,0,59,4362,9621,809796,0.326483220634441,0.369039078313879,1.1357897880327,0.432927643061875
"GO:0003964",795,9,1238,0,9,4412,1229,818188,0.326731667448273,0.369069352986007,1.35470012230509,0.432892016526542
"GO:0043022",467,6,799,0,6,4415,793,818624,0.332940631718654,0.375827899533261,1.39934814469229,0.425010983246685
"GO:0050660",1408,17,2495,0,17,4404,2478,816939,0.333384886351953,0.376074414482386,1.26969578152006,0.424726211983312
"GO:1903046",380,6,802,0,6,4415,796,818621,0.334683994880228,0.377284259631402,1.39411367532311,0.423331313266595
"GO:0071897",777,9,1263,0,9,4412,1254,818163,0.335231542077835,0.37764581702273,1.3278849971605,0.422915321383886
"GO:0008194",2335,27,4173,0,27,4394,4146,815271,0.337120462528469,0.379516950716633,1.20569284788908,0.420768822039129
"GO:0030170",1074,13,1926,0,13,4408,1913,817504,0.350061943151258,0.393819686045166,1.2577906869954,0.404702578377948
"GO:0032392",384,7,899,0,7,4414,892,818525,0.351466926893762,0.395133310788734,1.45097407735706,0.403256356595629
"GO:0030133",683,10,1392,0,10,4411,1382,818035,0.352909491123407,0.396487383752006,1.33869632137109,0.401770627398229
"GO:0019005",936,14,2017,0,14,4407,2003,817414,0.35580904515479,0.399475428309323,1.29343152755974,0.398509928935377
"GO:0004857",1023,14,2024,0,14,4407,2010,817407,0.356627185212897,0.400124166697759,1.28895819717786,0.397805217312521
"GO:0040007",715,10,1415,0,10,4411,1405,818012,0.358304333222894,0.401735161492336,1.3169365931792,0.396060155388538
"GO:2000377",450,7,930,0,7,4414,923,818494,0.360591394556982,0.404027370078988,1.40260827477849,0.393589213424929
"GO:0009309",2390,16,3806,0,16,4405,3790,815627,0.373859603180223,0.418165645652811,0.783380043866974,0.378651649462556
"GO:0010600",2397,16,3816,0,16,4405,3800,815617,0.373963150977199,0.418165645652811,0.781327161152437,0.378651649462556
"GO:0042401",2390,16,3806,0,16,4405,3790,815627,0.373859603180223,0.418165645652811,0.783380043866974,0.378651649462556
"GO:0090354",2409,16,3833,0,16,4405,3817,815600,0.374294338290214,0.418255082720273,0.777861843714506,0.378558772699208
"GO:0046885",2418,16,3860,0,16,4405,3844,815573,0.375217921332776,0.419005928248874,0.772420841180752,0.377779832433322
"GO:0009073",2504,17,3992,0,17,4404,3975,815442,0.3852573578672,0.429928619871909,0.79355986345004,0.366603643418173
"GO:0004252",1826,21,3246,0,21,4400,3225,816192,0.397051126702985,0.442793118526771,1.2055690346987,0.353799137136299
"GO:0007389",925,16,2410,0,16,4405,2394,817023,0.398922339039639,0.444582124833333,1.23715537218162,0.352048002820808
"GO:0030422",573,8,1092,0,8,4413,1084,818333,0.399692599640729,0.445142594248705,1.36517602882679,0.351500847501083
"GO:0016627",307,5,630,0,5,4416,625,818792,0.400098339978595,0.445296615016283,1.47894069789569,0.351350606205712
"GO:0006213",473,5,635,0,5,4416,630,818787,0.402041095428186,0.446563324808492,1.46729549555005,0.350116947380422
"GO:0008655",473,5,634,0,5,4416,629,818788,0.401645993909997,0.446563324808492,1.46960984175754,0.350116947380422
"GO:0046131",473,5,635,0,5,4416,630,818787,0.402041095428186,0.446563324808492,1.46729549555005,0.350116947380422
"GO:0000049",337,5,639,0,5,4416,634,818783,0.403653762328134,0.448055676184229,1.4581105472211,0.348668016454521
"GO:0008270",23290,188,37279,0,188,4233,37091,782326,0.404005221896262,0.448147031617106,0.939755552771077,0.348579475859447
"GO:0006096",619,8,1118,0,8,4413,1110,818307,0.405837004176025,0.449879235654515,1.33342774908663,0.346904051397163
"GO:0035821",338,5,650,0,5,4416,645,818772,0.40834757823529,0.452361089661848,1.43343483026813,0.344514758459007
"GO:0006206",473,5,654,0,5,4416,649,818768,0.410145516431712,0.454050721315692,1.4246676447619,0.342895630056734
"GO:0072528",486,5,655,0,5,4416,650,818767,0.410602377497604,0.454254457497349,1.42249257965539,0.342700802364444
"GO:0010200",380,5,657,0,5,4416,652,818765,0.411524839303264,0.454972680903011,1.41816231305066,0.342014680022606
"GO:0008299",588,8,1143,0,8,4413,1135,818282,0.412994522304671,0.456294545213853,1.30426266271116,0.340754722982069
"GO:1901419",374,5,663,0,5,4416,658,818759,0.414360993611676,0.457197517802148,1.40532826496875,0.339896136123993
"GO:1905957",374,5,663,0,5,4416,658,818759,0.414360993611676,0.457197517802148,1.40532826496875,0.339896136123993
"GO:0009112",478,5,665,0,5,4416,660,818757,0.41532887759798,0.457961974305058,1.40110171379591,0.339170581024686
"GO:0030662",538,8,1153,0,8,4413,1145,818272,0.416179393355074,0.458596088640766,1.29295075757056,0.338569653681474
"GO:0000943",742,8,1156,0,8,4413,1148,818269,0.417169238194351,0.459382792059256,1.28959534903015,0.33782527699837
"GO:0032197",744,8,1159,0,8,4413,1151,818266,0.418174663210521,0.460185600955398,1.28625731102576,0.337066974375433
"GO:0062012",362,5,676,0,5,4416,671,818746,0.420846185643044,0.462819616311538,1.37830272141166,0.33458824203811
"GO:0072527",487,5,677,0,5,4416,672,818745,0.421363596162698,0.463082764099599,1.3762668237434,0.334341383108325
"GO:0042273",1694,17,2640,0,17,4404,2623,816794,0.421755708491586,0.463207951608503,1.19995870261082,0.334223993948033
"GO:0008408",363,5,679,0,5,4416,674,818743,0.422406118073307,0.463616471056068,1.3722130186661,0.333841143110315
"GO:0048475",539,8,1172,0,8,4413,1164,818253,0.422707567182373,0.463641699182247,1.27198995177376,0.333817511210716
"GO:0009787",383,5,681,0,5,4416,676,818741,0.4234588048568,0.464159914474372,1.368183024485,0.333332368564058
"GO:0009119",497,5,682,0,5,4416,677,818740,0.423988921567455,0.464435233164351,1.36617689101801,0.333074841068615
"GO:0005950",2366,16,3766,0,16,4405,3750,815667,0.432311004503401,0.472438087624129,0.791700596643043,0.325655097133462
"GO:0006586",2366,16,3769,0,16,4405,3753,815664,0.432429817140645,0.472438087624129,0.791070429015044,0.325655097133462
"GO:0016760",376,5,696,0,5,4416,691,818726,0.431665600329454,0.472438087624129,1.33869632137109,0.325655097133462
"GO:0046219",2366,16,3769,0,16,4405,3753,815664,0.432429817140645,0.472438087624129,0.791070429015044,0.325655097133462
"GO:0004049",2380,16,3785,0,16,4405,3769,815648,0.433162188843246,0.472927897982954,0.787726406065443,0.325205066228416
"GO:0009161",495,5,703,0,5,4416,698,818719,0.43567433066121,0.475358951868227,1.32536648602316,0.322978323126971
"GO:0009856",407,5,704,0,5,4416,699,818718,0.436255841320498,0.475681713031191,1.3234838631737,0.322683544149367
"GO:0009123",495,5,705,0,5,4416,700,818717,0.436839516419435,0.476006410234528,1.32160658109827,0.322387198727536
"GO:0005801",632,9,1279,0,9,4412,1270,818147,0.437644018026069,0.476443985537175,1.31127345693019,0.321988151063594
"GO:1901796",991,9,1280,0,9,4412,1271,818146,0.437813392115242,0.476443985537175,1.31024902454196,0.321988151063594
"GO:0004185",629,9,1289,0,9,4412,1280,818137,0.439417282559799,0.477877057780578,1.30110066052266,0.32068381885871
"GO:0044706",409,5,711,0,5,4416,706,818711,0.440386200106053,0.478618161342414,1.31045378294554,0.320010825945841
"GO:0090698",596,9,1299,0,9,4412,1290,818127,0.441364578768891,0.479368573809656,1.29108448915605,0.319330440616122
"GO:0006568",2450,17,3895,0,17,4404,3878,815539,0.442395588053558,0.480175133056827,0.813322458252261,0.318600334607681
"GO:0009706",374,5,720,0,5,4416,715,818702,0.445844465324327,0.483603279977202,1.29407311065872,0.315510762254672
"GO:1901264",429,5,725,0,5,4416,720,818697,0.448945168492626,0.486649547877749,1.28514846851625,0.31278367577014
"GO:0016830",2602,18,4156,0,18,4403,4138,815279,0.454586994190736,0.492444596829912,0.80708313350034,0.307642623327838
"GO:0051015",807,9,1367,0,9,4412,1358,818059,0.458880964029089,0.496772955207044,1.22686082766182,0.303842055593261
"GO:1901659",550,6,813,0,6,4415,807,818610,0.462184835391552,0.500024529517177,1.37525112867053,0.301008690118685
"GO:0005216",508,6,823,0,6,4415,817,818600,0.464842685705136,0.502573423181202,1.35854090839506,0.29880048126459
"GO:0045595",397,6,839,0,6,4415,833,818584,0.469613907183227,0.507402437027952,1.33263309607764,0.294647451215096
"GO:0009705",427,6,844,0,6,4415,838,818579,0.47123043897621,0.50881885920583,1.32473835024779,0.293436800077341
"GO:0006470",1345,15,2310,0,15,4406,2295,817122,0.472706797572917,0.509751825102919,1.21004238918738,0.292641210609738
"GO:0009873",780,10,1487,0,10,4411,1477,817940,0.472521576432275,0.509751825102919,1.2531710015794,0.292641210609738
"GO:0004003",369,6,851,0,6,4415,845,818572,0.473590109974094,0.51037380783616,1.31384156005774,0.292111621520638
"GO:0030126",764,10,1504,0,10,4411,1494,817923,0.47563435506147,0.512245278898672,1.23900616977963,0.290522035577238
"GO:0005546",514,6,860,0,6,4415,854,818563,0.476784448154242,0.512820482026365,1.30009205535946,0.290034637441289
"GO:0006885",502,6,860,0,6,4415,854,818563,0.476784448154242,0.512820482026365,1.30009205535946,0.290034637441289
"GO:0009165",588,6,870,0,6,4415,864,818553,0.480537307453723,0.516523316275306,1.28514846851625,0.286910069301864
"GO:0001510",1168,10,1546,0,10,4411,1536,817881,0.48502672237367,0.521012575969136,1.20534623502494,0.283151793767492
"GO:0004176",455,6,908,0,6,4415,902,818515,0.49658289874538,0.532881345574044,1.2313647220365,0.2733694827166
"GO:1905392",779,11,1658,0,11,4410,1647,817770,0.496715824823373,0.532881345574044,1.23631592719145,0.2733694827166
"GO:0008173",1249,11,1672,0,11,4410,1661,817756,0.498589803373762,0.534547342316364,1.22596399957142,0.272013825354628
"GO:0048544",971,11,1677,0,11,4410,1666,817751,0.499320117441986,0.534985840116414,1.22230876999608,0.271657712634262
"GO:0006576",2399,17,3831,0,17,4404,3814,815603,0.505649025152095,0.540375883747265,0.826909677601816,0.267304041199219
"GO:0015297",1525,11,2674,0,11,4410,2663,816754,0.504942372438042,0.540375883747265,0.766571356500905,0.267304041199219
"GO:0016833",2403,17,3824,0,17,4404,3807,815610,0.505559849725171,0.540375883747265,0.828423372095334,0.267304041199219
"GO:0044106",2399,17,3831,0,17,4404,3814,815603,0.505649025152095,0.540375883747265,0.826909677601816,0.267304041199219
"GO:0009751",519,7,1012,0,7,4414,1005,818412,0.51155659006084,0.546338500610198,1.28895819717786,0.262538193566705
"GO:0009826",553,7,1018,0,7,4414,1011,818406,0.512867737228312,0.547387681080218,1.28136119405108,0.261704980581513
"GO:0000162",2551,18,4047,0,18,4403,4029,815388,0.516338951037777,0.550343812940553,0.828820732104624,0.259365911573909
"GO:0016114",971,7,1808,0,7,4414,1801,817616,0.516612825162898,0.550343812940553,0.721474389128316,0.259365911573909
"GO:0016125",602,7,1034,0,7,4414,1027,818390,0.516703856764532,0.550343812940553,1.26153355468471,0.259365911573909
"GO:0060560",543,7,1035,0,7,4414,1028,818389,0.516959593657072,0.550343812940553,1.26031468168502,0.259365911573909
"GO:0051321",535,7,1044,0,7,4414,1037,818380,0.51934324845952,0.552528120565559,1.24944989994635,0.257645613940284
"GO:0030660",606,8,1261,0,8,4413,1253,818164,0.560857976166443,0.596314514889609,1.18221429300464,0.224524619365073
"GO:0008284",1091,9,1448,0,9,4412,1439,817978,0.587526549343643,0.624270392250904,1.15823118191554,0.204627262196652
"GO:0030117",730,9,1471,0,9,4412,1462,817955,0.592753721166403,0.629422797029375,1.14012151693658,0.201057531450183
"GO:0000287",1495,16,2670,0,16,4405,2654,816763,0.595355422575492,0.631782523000761,1.1166833134673,0.199432392152478
"GO:0016746",1481,16,2675,0,16,4405,2659,816758,0.595974723402718,0.632036888194602,1.11459605493746,0.199257573819121
"GO:0009615",400,5,736,0,5,4416,731,818686,0.605950315018478,0.642207049335306,1.26594108651397,0.192324931608785
"GO:0006400",404,5,745,0,5,4416,740,818677,0.608242649312456,0.643562885367269,1.25064783848897,0.191409009857301
"GO:0009260",513,5,747,0,5,4416,742,818675,0.608775702374444,0.643562885367269,1.24729938376745,0.191409009857301
"GO:0016682",432,5,746,0,5,4416,741,818676,0.608508118546867,0.643562885367269,1.24897136685561,0.191409009857301
"GO:0046390",513,5,747,0,5,4416,742,818675,0.608775702374444,0.643562885367269,1.24729938376745,0.191409009857301
"GO:0016679",446,5,763,0,5,4416,758,818659,0.613336093613237,0.647972459305862,1.2211436955102,0.188443452502357
"GO:0010181",394,5,775,0,5,4416,770,818647,0.617084202103453,0.65151883100967,1.20223566409585,0.186073027249326
"GO:0016628",405,5,793,0,5,4416,788,818629,0.623190612565451,0.657549030368489,1.17494658218699,0.182071858314132
"GO:0008237",472,5,801,0,5,4416,796,818621,0.626077753979445,0.660176985671802,1.16321178486177,0.18033961961485
"GO:0007276",938,12,1960,0,12,4409,1948,817469,0.639796467440927,0.674215897651357,1.14089710980524,0.171201011262007
"GO:0015144",473,6,932,0,6,4415,926,818491,0.64820147941048,0.682641026703636,1.19965575923727,0.165807614188689
"GO:0005741",541,6,973,0,6,4415,967,818450,0.657332596583677,0.691580070991753,1.14910500268154,0.160157530121966
"GO:0042430",2398,18,3831,0,18,4403,3813,815604,0.657520271699667,0.691580070991753,0.8755514233431,0.160157530121966
"GO:0009072",2396,18,3875,0,18,4403,3857,815560,0.658296048554444,0.691958914673706,0.86560967814901,0.159919691179381
"GO:0006720",456,6,985,0,6,4415,979,818438,0.660458427449545,0.693793868582645,1.13510575391791,0.158769542563273
"GO:0000160",1211,13,2229,0,13,4408,2216,817201,0.664330296687926,0.697421150053844,1.08681241056668,0.156504886308483
"GO:0043130",558,6,1002,0,6,4415,996,818421,0.665201435392599,0.697895645827774,1.11584747266381,0.156209511229711
"GO:0003680",624,7,1107,0,7,4414,1100,818317,0.676318100217578,0.709111862003947,1.17834299507136,0.149285249698414
"GO:0030663",529,7,1131,0,7,4414,1124,818293,0.679838696349538,0.712354581134035,1.15333836918125,0.147303778416649
"GO:0016757",2557,26,4491,0,26,4395,4465,814952,0.681177033230627,0.712859685939028,1.07882648103012,0.146995945069982
"GO:0030120",531,7,1137,0,7,4414,1130,818287,0.680832706342046,0.712859685939028,1.14725215087423,0.146995945069982
"GO:1905952",570,7,1198,0,7,4414,1191,818226,0.69325870828811,0.725047581218406,1.08883613985308,0.139633491935854
"GO:0001134",769,5,1235,0,5,4416,1230,818187,0.695772005265952,0.725397863974834,0.754439384351645,0.139423727588378
"GO:0001135",769,5,1235,0,5,4416,1230,818187,0.695772005265952,0.725397863974834,0.754439384351645,0.139423727588378
"GO:0030137",574,7,1204,0,7,4414,1197,818220,0.694688046811645,0.725397863974834,1.08341004613289,0.139423727588378
"GO:0048589",609,7,1206,0,7,4414,1199,818218,0.695171941637559,0.725397863974834,1.08161334622222,0.139423727588378
"GO:0090696",587,5,1222,0,5,4416,1217,818200,0.695415691557113,0.725397863974834,0.762465335249003,0.139423727588378
"GO:0008171",723,5,1254,0,5,4416,1249,818168,0.69667031850938,0.725879900073916,0.743008484588741,0.13913522923087
"GO:0000989",788,8,1309,0,8,4413,1301,818116,0.701644807416814,0.730149127718122,1.13886342511753,0.136588429289543
"GO:0001076",786,8,1307,0,8,4413,1299,818118,0.701405589843382,0.730149127718122,1.14060613885145,0.136588429289543
"GO:0000988",795,8,1327,0,8,4413,1319,818098,0.703983177820914,0.732124916347172,1.12341539071503,0.135414812586608
"GO:0031167",1094,6,1422,0,6,4415,1416,818001,0.715622412586273,0.743764867013823,0.786272269767326,0.128564340123852
"GO:0000470",1110,9,1482,0,9,4412,1473,817944,0.71914840108337,0.746497560974944,1.13165907652747,0.126971606903261
"GO:0000978",1819,19,3292,0,19,4402,3273,816144,0.718958894421098,0.746497560974944,1.07551155247943,0.126971606903261
"GO:0042435",2386,18,3809,0,18,4403,3791,815626,0.737799136999387,0.765380413148897,0.880608428151067,0.116122655999938
"GO:1902531",1201,10,1724,0,10,4411,1714,817703,0.740160373421975,0.76735181926998,1.08089633372887,0.115005472901683
"GO:0006890",922,10,1743,0,10,4411,1733,817684,0.742434779401909,0.769230807532158,1.06911375751495,0.113943330682531
"GO:0009933",653,8,1773,0,8,4413,1765,817652,0.745573997719666,0.771692714769297,0.840819076976227,0.112555599724685
"GO:0048532",653,8,1789,0,8,4413,1781,817636,0.745737884723003,0.771692714769297,0.83329917466677,0.112555599724685
"GO:0004722",1126,11,1931,0,11,4410,1920,817497,0.754949211949154,0.780739402419467,1.06152864178323,0.107493902073087
"GO:0042545",1046,11,1936,0,11,4410,1925,817492,0.755503242699678,0.780827373739891,1.05878709053896,0.107444969860069
"GO:0016829",3387,31,5551,0,31,4390,5520,813897,0.781935673814714,0.807644476986041,1.04066697279419,0.0927797724701882
"GO:0006221",606,5,850,0,5,4416,845,818572,0.811063827412516,0.836304634752048,1.09615604667563,0.0776354963735717
"GO:0008033",453,5,851,0,5,4416,846,818571,0.811190381456191,0.836304634752048,1.09486796671478,0.0776354963735717
"GO:0009967",464,5,848,0,5,4416,843,818574,0.810813624354528,0.836304634752048,1.09874132037062,0.0776354963735717
"GO:0009834",457,5,860,0,5,4416,855,818562,0.812372129660059,0.837004700423266,1.08341004613289,0.0772721031033289
"GO:0036503",466,5,877,0,5,4416,872,818545,0.814805357747187,0.838992529776788,1.0624089391953,0.0762419060260826
"GO:0005543",586,6,1039,0,6,4415,1033,818384,0.829379904298744,0.85217573876113,1.07611084466712,0.0694708342192899
"GO:0009308",2522,20,4046,0,20,4401,4026,815391,0.828875492123239,0.85217573876113,0.921139535021534,0.0694708342192899
"GO:0009648",523,6,1047,0,6,4415,1041,818376,0.830167596558891,0.85217573876113,1.06788841223413,0.0694708342192899
"GO:0072593",525,6,1036,0,6,4415,1030,818387,0.829096667283121,0.85217573876113,1.07922699576172,0.0694708342192899
"GO:1901607",2545,23,4120,0,23,4398,4097,815320,0.830166942107621,0.85217573876113,1.04028401517031,0.0694708342192899
"GO:0042445",489,6,1068,0,6,4415,1062,818355,0.832450222704671,0.853992372645272,1.0468906063756,0.0685460081550962
"GO:0003779",623,6,1092,0,6,4415,1086,818331,0.83541286126236,0.856503949508516,1.02388202162009,0.0672706300764041
"GO:0015267",605,5,1126,0,5,4416,1121,818296,0.838862170760151,0.858454526315705,0.827471260811973,0.0662827051544554
"GO:0050661",629,6,1110,0,6,4415,1104,818313,0.837859948010764,0.858454526315705,1.0072785293776,0.0662827051544554
"GO:1901998",525,6,1114,0,6,4415,1108,818309,0.838428035502319,0.858454526315705,1.00366173034932,0.0662827051544554
"GO:0016102",595,5,1176,0,5,4416,1171,818246,0.84011389350686,0.859207391086561,0.792289659586974,0.0659019957340184
"GO:0007292",602,7,1260,0,7,4414,1253,818164,0.845957250495307,0.864121976732936,1.03525848852698,0.0634249495546136
"GO:0048477",602,7,1259,0,7,4414,1252,818165,0.84586349583558,0.864121976732936,1.03608077485623,0.0634249495546136
"GO:0000154",1023,6,1315,0,6,4415,1309,818108,0.850515116819646,0.867728146673211,0.850250317573489,0.0616163150218575
"GO:0008649",1030,6,1317,0,6,4415,1311,818106,0.850529931153561,0.867728146673211,0.848959124987956,0.0616163150218575
"GO:0007281",696,8,1447,0,8,4413,1439,817978,0.856272940580298,0.873052324596568,1.03025032721413,0.0589597269673088
"GO:0006633",892,9,1590,0,9,4412,1581,817836,0.862308189571852,0.878667769667768,1.05479166755579,0.0561753036228138
"GO:0007018",907,9,1648,0,9,4412,1639,817778,0.865692477374118,0.88157674301401,1.01766914527531,0.0547398755180499
"GO:0001708",671,8,1723,0,8,4413,1715,817702,0.868204160439667,0.883054323232771,0.865218934114249,0.0540125789201116
"GO:0010014",611,8,1701,0,8,4413,1693,817724,0.867880129064829,0.883054323232771,0.876409302456703,0.0540125789201116
"GO:0022412",901,9,1903,0,9,4412,1894,817523,0.874698368769518,0.889116473749235,0.881302549350346,0.0510413429744394
"GO:0003678",1004,10,2088,0,10,4411,2078,817339,0.880384609291894,0.894350442020137,0.892464214247396,0.0484922740299799
"GO:0008652",2604,23,4211,0,23,4398,4188,815229,0.915515902669987,0.929471937771663,1.01780340596098,0.0317637177316643
"GO:0000981",2877,26,5106,0,26,4395,5080,814337,0.923250291012791,0.936753037499267,0.948885571152813,0.0283748899960735
"GO:0000977",1026,10,1866,0,10,4411,1856,817561,1,1,0.998641628804161,0
"GO:0003777",865,8,1542,0,8,4413,1534,817883,1,1,0.96677835504465,0
"GO:0004222",732,7,1403,0,7,4414,1396,818021,1,1,0.929740338947965,0
"GO:0008169",968,6,1222,0,6,4415,1216,818201,1,1,0.914958402298804,0
"GO:0009055",1094,9,1856,0,9,4412,1847,817570,1,1,0.903620016925489,0
"GO:0009383",979,6,1238,0,6,4415,1232,818185,1,1,0.903133414870063,0
"GO:0009555",559,6,1238,0,6,4415,1232,818185,1,1,0.903133414870063,0
"GO:0009658",555,5,991,0,5,4416,986,818431,1,1,0.940194389176874,0
"GO:0009723",893,8,1669,0,8,4413,1661,817756,1,1,0.893212836116747,0
"GO:0009792",605,7,1306,0,7,4414,1299,818118,1,1,0.998794560140884,0
"GO:0009880",623,9,1696,0,9,4412,1687,817730,1,1,0.988867188333554,0
"GO:0009994",537,6,1146,0,6,4415,1140,818277,1,1,0.975636271910243,0
"GO:0010817",3084,28,5290,0,28,4393,5262,814155,1,1,0.986333229144797,0
"GO:0010883",536,6,1136,0,6,4415,1130,818287,1,1,0.984224619374241,0
"GO:0016434",967,6,1221,0,6,4415,1215,818202,1,1,0.915707753979638,0
"GO:0016702",557,5,1042,0,5,4416,1037,818380,1,1,0.894177197384148,0
"GO:0030599",953,9,1761,0,9,4412,1752,817665,1,1,0.952367263721583,0
"GO:0032040",707,6,1234,0,6,4415,1228,818189,1,1,0.906060913783743,0
"GO:0042910",709,6,1220,0,6,4415,1214,818203,1,1,0.916458334105851,0
"GO:0045165",863,11,2140,0,11,4410,2129,817288,1,1,0.957855984711878,0
"GO:0048528",471,5,947,0,5,4416,942,818475,1,1,0.983878183394173,0
"GO:0048599",537,6,1146,0,6,4415,1140,818277,1,1,0.975636271910243,0
"GO:0090421",577,8,1588,0,8,4413,1580,817837,1,1,0.938773440477866,0
"GO:0140102",970,6,1226,0,6,4415,1220,818197,1,1,0.911973219909574,0
