"accession_id","accession_name","contig_name","bin_mb","n_core","n_soft_core","n_dispensable","n_private","n_singleton","n_total","total_classified","pct_core","pct_dispensable","pct_private"
"1","M_arabica","M_arabica_Chr01",0,33,37,3,35,0,108,108,30.5555555555556,2.77777777777778,32.4074074074074
"1","M_arabica","M_arabica_Chr01",1,46,32,4,35,0,117,117,39.3162393162393,3.41880341880342,29.9145299145299
"1","M_arabica","M_arabica_Chr01",2,50,14,12,24,0,100,100,50,12,24
"1","M_arabica","M_arabica_Chr01",3,45,7,28,26,0,106,106,42.4528301886792,26.4150943396226,24.5283018867925
"1","M_arabica","M_arabica_Chr01",4,22,23,30,36,0,111,111,19.8198198198198,27.027027027027,32.4324324324324
"1","M_arabica","M_arabica_Chr01",5,24,15,25,38,0,102,102,23.5294117647059,24.5098039215686,37.2549019607843
"1","M_arabica","M_arabica_Chr01",6,53,14,16,19,0,102,102,51.9607843137255,15.6862745098039,18.6274509803922
"1","M_arabica","M_arabica_Chr01",7,48,19,10,28,0,105,105,45.7142857142857,9.52380952380952,26.6666666666667
"1","M_arabica","M_arabica_Chr01",8,67,13,6,27,0,113,113,59.2920353982301,5.30973451327434,23.8938053097345
"1","M_arabica","M_arabica_Chr01",9,26,23,30,22,0,101,101,25.7425742574257,29.7029702970297,21.7821782178218
"1","M_arabica","M_arabica_Chr01",10,26,34,10,21,0,91,91,28.5714285714286,10.989010989011,23.0769230769231
"1","M_arabica","M_arabica_Chr01",11,8,39,28,29,0,104,104,7.69230769230769,26.9230769230769,27.8846153846154
"1","M_arabica","M_arabica_Chr01",12,26,53,6,30,0,115,115,22.6086956521739,5.21739130434783,26.0869565217391
"1","M_arabica","M_arabica_Chr01",13,25,33,2,44,0,104,104,24.0384615384615,1.92307692307692,42.3076923076923
"1","M_arabica","M_arabica_Chr01",14,11,28,13,37,0,89,89,12.3595505617978,14.6067415730337,41.5730337078652
"1","M_arabica","M_arabica_Chr01",15,13,11,39,26,0,89,89,14.6067415730337,43.8202247191011,29.2134831460674
"1","M_arabica","M_arabica_Chr01",16,17,19,25,24,0,85,85,20,29.4117647058824,28.2352941176471
"1","M_arabica","M_arabica_Chr01",17,24,26,1,20,0,71,71,33.8028169014084,1.40845070422535,28.169014084507
"1","M_arabica","M_arabica_Chr01",18,22,14,7,36,0,79,79,27.8481012658228,8.86075949367089,45.5696202531646
"1","M_arabica","M_arabica_Chr01",19,21,22,9,44,0,96,96,21.875,9.375,45.8333333333333
"1","M_arabica","M_arabica_Chr01",20,23,16,5,54,0,98,98,23.469387755102,5.10204081632653,55.1020408163265
"1","M_arabica","M_arabica_Chr01",21,14,24,10,39,0,87,87,16.0919540229885,11.4942528735632,44.8275862068966
"1","M_arabica","M_arabica_Chr01",22,16,26,8,31,0,81,81,19.7530864197531,9.87654320987654,38.2716049382716
"1","M_arabica","M_arabica_Chr01",23,25,29,3,30,0,87,87,28.735632183908,3.44827586206897,34.4827586206897
"1","M_arabica","M_arabica_Chr01",24,17,13,6,20,0,56,56,30.3571428571429,10.7142857142857,35.7142857142857
"1","M_arabica","M_arabica_Chr01",25,13,13,7,22,0,55,55,23.6363636363636,12.7272727272727,40
"1","M_arabica","M_arabica_Chr01",26,12,16,10,17,0,55,55,21.8181818181818,18.1818181818182,30.9090909090909
"1","M_arabica","M_arabica_Chr01",27,2,3,3,2,0,10,10,20,30,20
"1","M_arabica","M_arabica_Chr01",28,3,1,9,1,0,14,14,21.4285714285714,64.2857142857143,7.14285714285714
"1","M_arabica","M_arabica_Chr01",29,20,40,3,22,0,85,85,23.5294117647059,3.52941176470588,25.8823529411765
"1","M_arabica","M_arabica_Chr01",30,15,24,5,21,0,66,65,23.0769230769231,7.69230769230769,32.3076923076923
"1","M_arabica","M_arabica_Chr01",31,19,18,12,29,0,78,78,24.3589743589744,15.3846153846154,37.1794871794872
"1","M_arabica","M_arabica_Chr01",32,21,22,7,40,0,90,90,23.3333333333333,7.77777777777778,44.4444444444444
"1","M_arabica","M_arabica_Chr01",33,14,11,6,26,0,57,57,24.5614035087719,10.5263157894737,45.6140350877193
"1","M_arabica","M_arabica_Chr01",34,10,10,8,16,0,44,44,22.7272727272727,18.1818181818182,36.3636363636364
"1","M_arabica","M_arabica_Chr01",35,10,7,5,24,0,46,46,21.7391304347826,10.8695652173913,52.1739130434783
"1","M_arabica","M_arabica_Chr01",36,15,34,1,27,0,77,77,19.4805194805195,1.2987012987013,35.0649350649351
"1","M_arabica","M_arabica_Chr01",37,18,51,3,34,0,106,106,16.9811320754717,2.83018867924528,32.0754716981132
"1","M_arabica","M_arabica_Chr01",38,22,46,0,26,0,94,94,23.4042553191489,0,27.6595744680851
"1","M_arabica","M_arabica_Chr01",39,42,33,2,44,0,121,121,34.7107438016529,1.65289256198347,36.3636363636364
"1","M_arabica","M_arabica_Chr01",40,16,40,3,23,0,82,82,19.5121951219512,3.65853658536585,28.0487804878049
"1","M_arabica","M_arabica_Chr01",41,22,53,1,29,0,105,105,20.952380952381,0.952380952380952,27.6190476190476
"1","M_arabica","M_arabica_Chr01",42,32,43,3,36,0,114,114,28.0701754385965,2.63157894736842,31.5789473684211
"1","M_arabica","M_arabica_Chr01",43,21,52,0,27,0,100,100,21,0,27
"1","M_arabica","M_arabica_Chr01",44,19,52,3,20,0,95,94,20.2127659574468,3.19148936170213,21.2765957446809
"1","M_arabica","M_arabica_Chr01",45,33,36,3,23,0,95,95,34.7368421052632,3.15789473684211,24.2105263157895
"1","M_arabica","M_arabica_Chr01",46,31,50,6,28,0,115,115,26.9565217391304,5.21739130434783,24.3478260869565
"1","M_arabica","M_arabica_Chr01",47,40,40,4,19,0,103,103,38.8349514563107,3.88349514563107,18.4466019417476
"1","M_arabica","M_arabica_Chr01",48,41,40,4,20,0,106,105,39.0476190476191,3.80952380952381,19.047619047619
"1","M_arabica","M_arabica_Chr01",49,37,51,5,18,0,111,111,33.3333333333333,4.5045045045045,16.2162162162162
"1","M_arabica","M_arabica_Chr01",50,34,61,4,17,0,116,116,29.3103448275862,3.44827586206897,14.6551724137931
"1","M_arabica","M_arabica_Chr01",51,37,46,3,38,0,125,124,29.8387096774194,2.41935483870968,30.6451612903226
"1","M_arabica","M_arabica_Chr01",52,35,45,5,34,0,119,119,29.4117647058824,4.20168067226891,28.5714285714286
"1","M_arabica","M_arabica_Chr01",53,40,34,6,27,0,107,107,37.3831775700935,5.60747663551402,25.2336448598131
"1","M_arabica","M_arabica_Chr01",54,35,42,6,24,0,107,107,32.7102803738318,5.60747663551402,22.4299065420561
"1","M_arabica","M_arabica_Chr01",55,24,34,7,29,0,94,94,25.531914893617,7.4468085106383,30.8510638297872
"1","M_arabica","M_arabica_Chr01",56,42,36,4,21,0,103,103,40.7766990291262,3.88349514563107,20.3883495145631
"1","M_arabica","M_arabica_Chr01",57,33,39,9,29,0,112,110,30,8.18181818181818,26.3636363636364
"1","M_arabica","M_arabica_Chr01",58,37,45,9,25,0,116,116,31.8965517241379,7.75862068965517,21.551724137931
"1","M_arabica","M_arabica_Chr01",59,42,47,4,17,0,110,110,38.1818181818182,3.63636363636364,15.4545454545455
"1","M_arabica","M_arabica_Chr01",60,30,41,11,26,0,108,108,27.7777777777778,10.1851851851852,24.0740740740741
"1","M_arabica","M_arabica_Chr01",61,44,36,5,26,0,111,111,39.6396396396396,4.5045045045045,23.4234234234234
"1","M_arabica","M_arabica_Chr01",62,57,35,4,30,0,126,126,45.2380952380952,3.17460317460317,23.8095238095238
"1","M_arabica","M_arabica_Chr01",63,45,42,5,31,0,123,123,36.5853658536585,4.0650406504065,25.2032520325203
"1","M_arabica","M_arabica_Chr01",64,44,43,4,21,0,112,112,39.2857142857143,3.57142857142857,18.75
"1","M_arabica","M_arabica_Chr01",65,48,44,8,36,0,136,136,35.2941176470588,5.88235294117647,26.4705882352941
"1","M_arabica","M_arabica_Chr01",66,65,28,8,24,0,125,125,52,6.4,19.2
"1","M_arabica","M_arabica_Chr01",67,20,9,4,12,0,45,45,44.4444444444444,8.88888888888889,26.6666666666667
"1","M_arabica","M_arabica_Chr02",0,51,19,7,27,0,104,104,49.0384615384615,6.73076923076923,25.9615384615385
"1","M_arabica","M_arabica_Chr02",1,46,21,10,36,0,113,113,40.7079646017699,8.84955752212389,31.858407079646
"1","M_arabica","M_arabica_Chr02",2,38,41,3,36,0,119,118,32.2033898305085,2.54237288135593,30.5084745762712
"1","M_arabica","M_arabica_Chr02",3,27,45,21,17,0,111,110,24.5454545454545,19.0909090909091,15.4545454545455
"1","M_arabica","M_arabica_Chr02",4,34,25,33,22,0,114,114,29.8245614035088,28.9473684210526,19.2982456140351
"1","M_arabica","M_arabica_Chr02",5,36,34,20,24,0,114,114,31.5789473684211,17.5438596491228,21.0526315789474
"1","M_arabica","M_arabica_Chr02",6,37,15,26,26,0,104,104,35.5769230769231,25,25
"1","M_arabica","M_arabica_Chr02",7,40,20,18,32,0,110,110,36.3636363636364,16.3636363636364,29.0909090909091
"1","M_arabica","M_arabica_Chr02",8,55,22,6,21,0,105,104,52.8846153846154,5.76923076923077,20.1923076923077
"1","M_arabica","M_arabica_Chr02",9,71,10,2,23,0,106,106,66.9811320754717,1.88679245283019,21.6981132075472
"1","M_arabica","M_arabica_Chr02",10,67,8,2,35,0,112,112,59.8214285714286,1.78571428571429,31.25
"1","M_arabica","M_arabica_Chr02",11,41,17,3,34,0,95,95,43.1578947368421,3.15789473684211,35.7894736842105
"1","M_arabica","M_arabica_Chr02",12,66,7,9,26,0,108,108,61.1111111111111,8.33333333333333,24.0740740740741
"1","M_arabica","M_arabica_Chr02",13,61,14,2,34,0,111,111,54.954954954955,1.8018018018018,30.6306306306306
"1","M_arabica","M_arabica_Chr02",14,47,7,6,35,0,95,95,49.4736842105263,6.31578947368421,36.8421052631579
"1","M_arabica","M_arabica_Chr02",15,53,12,4,28,0,97,97,54.639175257732,4.12371134020619,28.8659793814433
"1","M_arabica","M_arabica_Chr02",16,49,16,2,22,0,89,89,55.0561797752809,2.24719101123596,24.7191011235955
"1","M_arabica","M_arabica_Chr02",17,38,19,9,24,0,90,90,42.2222222222222,10,26.6666666666667
"1","M_arabica","M_arabica_Chr02",18,37,14,10,34,0,95,95,38.9473684210526,10.5263157894737,35.7894736842105
"1","M_arabica","M_arabica_Chr02",19,36,15,4,26,0,81,81,44.4444444444444,4.93827160493827,32.0987654320988
"1","M_arabica","M_arabica_Chr02",20,41,16,5,31,0,93,93,44.0860215053763,5.37634408602151,33.3333333333333
"1","M_arabica","M_arabica_Chr02",21,40,11,2,26,0,79,79,50.6329113924051,2.53164556962025,32.9113924050633
"1","M_arabica","M_arabica_Chr02",22,34,17,4,34,0,89,89,38.2022471910112,4.49438202247191,38.2022471910112
"1","M_arabica","M_arabica_Chr02",23,31,12,4,42,0,89,89,34.8314606741573,4.49438202247191,47.1910112359551
"1","M_arabica","M_arabica_Chr02",24,35,11,3,35,0,84,84,41.6666666666667,3.57142857142857,41.6666666666667
"1","M_arabica","M_arabica_Chr02",25,24,13,5,34,0,76,76,31.5789473684211,6.57894736842105,44.7368421052632
"1","M_arabica","M_arabica_Chr02",26,29,7,4,30,0,70,70,41.4285714285714,5.71428571428571,42.8571428571429
"1","M_arabica","M_arabica_Chr02",27,20,10,5,12,0,47,47,42.5531914893617,10.6382978723404,25.531914893617
"1","M_arabica","M_arabica_Chr02",28,23,4,5,18,0,50,50,46,10,36
"1","M_arabica","M_arabica_Chr02",30,23,7,5,16,0,51,51,45.0980392156863,9.80392156862745,31.3725490196078
"1","M_arabica","M_arabica_Chr02",31,18,2,4,23,0,47,47,38.2978723404255,8.51063829787234,48.936170212766
"1","M_arabica","M_arabica_Chr02",32,21,5,4,46,0,77,76,27.6315789473684,5.26315789473684,60.5263157894737
"1","M_arabica","M_arabica_Chr02",33,19,17,6,44,0,86,86,22.093023255814,6.97674418604651,51.1627906976744
"1","M_arabica","M_arabica_Chr02",34,35,18,3,34,0,90,90,38.8888888888889,3.33333333333333,37.7777777777778
"1","M_arabica","M_arabica_Chr02",35,18,14,1,25,0,59,58,31.0344827586207,1.72413793103448,43.1034482758621
"1","M_arabica","M_arabica_Chr02",36,43,19,8,31,0,101,101,42.5742574257426,7.92079207920792,30.6930693069307
"1","M_arabica","M_arabica_Chr02",37,32,19,5,26,0,82,82,39.0243902439024,6.09756097560976,31.7073170731707
"1","M_arabica","M_arabica_Chr02",38,24,21,4,47,0,96,96,25,4.16666666666667,48.9583333333333
"1","M_arabica","M_arabica_Chr02",39,36,26,5,32,0,99,99,36.3636363636364,5.05050505050505,32.3232323232323
"1","M_arabica","M_arabica_Chr02",40,24,26,7,24,0,81,81,29.6296296296296,8.64197530864197,29.6296296296296
"1","M_arabica","M_arabica_Chr02",41,27,25,4,35,0,91,91,29.6703296703297,4.3956043956044,38.4615384615385
"1","M_arabica","M_arabica_Chr02",42,19,20,11,31,0,81,81,23.4567901234568,13.5802469135802,38.2716049382716
"1","M_arabica","M_arabica_Chr02",43,45,16,9,34,0,104,104,43.2692307692308,8.65384615384615,32.6923076923077
"1","M_arabica","M_arabica_Chr02",44,31,36,6,24,0,97,97,31.9587628865979,6.18556701030928,24.7422680412371
"1","M_arabica","M_arabica_Chr02",45,36,23,10,42,0,111,111,32.4324324324324,9.00900900900901,37.8378378378378
"1","M_arabica","M_arabica_Chr02",46,36,48,7,31,0,122,122,29.5081967213115,5.73770491803279,25.4098360655738
"1","M_arabica","M_arabica_Chr02",47,30,32,10,36,0,108,108,27.7777777777778,9.25925925925926,33.3333333333333
"1","M_arabica","M_arabica_Chr02",48,26,44,7,27,0,104,104,25,6.73076923076923,25.9615384615385
"1","M_arabica","M_arabica_Chr02",49,30,36,8,29,0,103,103,29.126213592233,7.76699029126214,28.1553398058252
"1","M_arabica","M_arabica_Chr02",50,44,42,5,34,0,125,125,35.2,4,27.2
"1","M_arabica","M_arabica_Chr02",51,33,30,10,27,0,100,100,33,10,27
"1","M_arabica","M_arabica_Chr02",52,32,34,5,25,0,96,96,33.3333333333333,5.20833333333333,26.0416666666667
"1","M_arabica","M_arabica_Chr02",53,48,39,4,28,0,119,119,40.3361344537815,3.36134453781513,23.5294117647059
"1","M_arabica","M_arabica_Chr02",54,45,36,9,19,0,109,109,41.2844036697248,8.25688073394495,17.4311926605505
"1","M_arabica","M_arabica_Chr02",55,52,38,6,28,0,124,124,41.9354838709677,4.83870967741935,22.5806451612903
"1","M_arabica","M_arabica_Chr02",56,39,42,12,34,0,127,127,30.7086614173228,9.44881889763779,26.7716535433071
"1","M_arabica","M_arabica_Chr02",57,60,30,5,33,0,128,128,46.875,3.90625,25.78125
"1","M_arabica","M_arabica_Chr02",58,6,8,1,4,0,19,19,31.5789473684211,5.26315789473684,21.0526315789474
"1","M_arabica","M_arabica_Chr03",0,48,17,6,33,0,105,104,46.1538461538462,5.76923076923077,31.7307692307692
"1","M_arabica","M_arabica_Chr03",1,29,51,4,31,0,115,115,25.2173913043478,3.47826086956522,26.9565217391304
"1","M_arabica","M_arabica_Chr03",2,36,28,8,18,0,90,90,40,8.88888888888889,20
"1","M_arabica","M_arabica_Chr03",3,30,30,6,39,0,105,105,28.5714285714286,5.71428571428571,37.1428571428571
"1","M_arabica","M_arabica_Chr03",4,33,21,7,42,0,103,103,32.0388349514563,6.79611650485437,40.7766990291262
"1","M_arabica","M_arabica_Chr03",5,25,42,7,25,0,99,99,25.2525252525253,7.07070707070707,25.2525252525253
"1","M_arabica","M_arabica_Chr03",6,31,12,6,32,0,81,81,38.2716049382716,7.40740740740741,39.5061728395062
"1","M_arabica","M_arabica_Chr03",7,26,19,5,52,0,102,102,25.4901960784314,4.90196078431373,50.9803921568627
"1","M_arabica","M_arabica_Chr03",8,27,15,3,33,0,78,78,34.6153846153846,3.84615384615385,42.3076923076923
"1","M_arabica","M_arabica_Chr03",9,20,14,1,52,0,87,87,22.9885057471264,1.14942528735632,59.7701149425287
"1","M_arabica","M_arabica_Chr03",10,26,12,2,22,0,62,62,41.9354838709677,3.2258064516129,35.4838709677419
"1","M_arabica","M_arabica_Chr03",11,16,15,3,26,0,60,60,26.6666666666667,5,43.3333333333333
"1","M_arabica","M_arabica_Chr03",12,20,12,2,30,0,64,64,31.25,3.125,46.875
"1","M_arabica","M_arabica_Chr03",13,12,11,3,19,0,45,45,26.6666666666667,6.66666666666667,42.2222222222222
"1","M_arabica","M_arabica_Chr03",14,18,9,10,16,0,53,53,33.9622641509434,18.8679245283019,30.188679245283
"1","M_arabica","M_arabica_Chr03",17,6,10,8,13,0,37,37,16.2162162162162,21.6216216216216,35.1351351351351
"1","M_arabica","M_arabica_Chr03",18,13,8,3,23,0,47,47,27.6595744680851,6.38297872340426,48.936170212766
"1","M_arabica","M_arabica_Chr03",19,19,6,3,26,0,54,54,35.1851851851852,5.55555555555556,48.1481481481481
"1","M_arabica","M_arabica_Chr03",20,21,8,7,25,0,61,61,34.4262295081967,11.4754098360656,40.9836065573771
"1","M_arabica","M_arabica_Chr03",21,8,7,9,26,0,50,50,16,18,52
"1","M_arabica","M_arabica_Chr03",22,16,5,6,12,0,39,39,41.025641025641,15.3846153846154,30.7692307692308
"1","M_arabica","M_arabica_Chr03",23,37,13,7,32,0,89,89,41.5730337078652,7.86516853932584,35.9550561797753
"1","M_arabica","M_arabica_Chr03",24,13,14,7,21,0,55,55,23.6363636363636,12.7272727272727,38.1818181818182
"1","M_arabica","M_arabica_Chr03",25,22,23,2,24,0,72,71,30.9859154929577,2.8169014084507,33.8028169014084
"1","M_arabica","M_arabica_Chr03",26,36,15,3,38,0,92,92,39.1304347826087,3.26086956521739,41.304347826087
"1","M_arabica","M_arabica_Chr03",27,19,44,6,39,0,108,108,17.5925925925926,5.55555555555556,36.1111111111111
"1","M_arabica","M_arabica_Chr03",28,29,21,6,42,0,98,98,29.5918367346939,6.12244897959184,42.8571428571429
"1","M_arabica","M_arabica_Chr03",29,39,18,5,30,0,92,92,42.3913043478261,5.43478260869565,32.6086956521739
"1","M_arabica","M_arabica_Chr03",30,20,23,5,27,0,76,75,26.6666666666667,6.66666666666667,36
"1","M_arabica","M_arabica_Chr03",31,47,17,3,35,0,102,102,46.078431372549,2.94117647058824,34.3137254901961
"1","M_arabica","M_arabica_Chr03",32,38,24,6,20,0,88,88,43.1818181818182,6.81818181818182,22.7272727272727
"1","M_arabica","M_arabica_Chr03",33,24,35,10,30,0,99,99,24.2424242424242,10.1010101010101,30.3030303030303
"1","M_arabica","M_arabica_Chr03",34,26,29,10,22,0,87,87,29.8850574712644,11.4942528735632,25.2873563218391
"1","M_arabica","M_arabica_Chr03",35,22,36,12,24,0,94,94,23.4042553191489,12.7659574468085,25.531914893617
"1","M_arabica","M_arabica_Chr03",36,33,29,14,20,0,96,96,34.375,14.5833333333333,20.8333333333333
"1","M_arabica","M_arabica_Chr03",37,47,13,4,23,0,88,87,54.0229885057471,4.59770114942529,26.4367816091954
"1","M_arabica","M_arabica_Chr03",38,30,24,7,35,0,96,96,31.25,7.29166666666667,36.4583333333333
"1","M_arabica","M_arabica_Chr03",39,32,34,6,34,0,106,106,30.188679245283,5.66037735849057,32.0754716981132
"1","M_arabica","M_arabica_Chr03",40,22,39,14,23,0,98,98,22.4489795918367,14.2857142857143,23.469387755102
"1","M_arabica","M_arabica_Chr03",41,32,30,19,18,0,99,99,32.3232323232323,19.1919191919192,18.1818181818182
"1","M_arabica","M_arabica_Chr03",42,47,27,11,24,0,110,109,43.1192660550459,10.0917431192661,22.0183486238532
"1","M_arabica","M_arabica_Chr03",43,69,14,5,15,0,104,103,66.9902912621359,4.85436893203883,14.5631067961165
"1","M_arabica","M_arabica_Chr03",44,62,21,10,21,0,114,114,54.3859649122807,8.7719298245614,18.4210526315789
"1","M_arabica","M_arabica_Chr03",45,31,38,5,29,0,103,103,30.0970873786408,4.85436893203883,28.1553398058252
"1","M_arabica","M_arabica_Chr03",46,43,28,20,25,0,116,116,37.0689655172414,17.2413793103448,21.551724137931
"1","M_arabica","M_arabica_Chr03",47,64,25,13,24,0,126,126,50.7936507936508,10.3174603174603,19.047619047619
"1","M_arabica","M_arabica_Chr03",48,61,30,7,19,0,117,117,52.1367521367521,5.98290598290598,16.2393162393162
"1","M_arabica","M_arabica_Chr03",49,48,36,11,22,0,118,117,41.025641025641,9.4017094017094,18.8034188034188
"1","M_arabica","M_arabica_Chr03",50,41,34,1,27,0,103,103,39.8058252427184,0.970873786407767,26.2135922330097
"1","M_arabica","M_arabica_Chr03",51,53,30,19,33,0,135,135,39.2592592592593,14.0740740740741,24.4444444444444
"1","M_arabica","M_arabica_Chr03",52,55,27,14,16,0,112,112,49.1071428571429,12.5,14.2857142857143
"1","M_arabica","M_arabica_Chr03",53,61,22,14,24,0,121,121,50.4132231404959,11.5702479338843,19.8347107438017
"1","M_arabica","M_arabica_Chr03",54,65,19,10,17,0,111,111,58.5585585585586,9.00900900900901,15.3153153153153
"1","M_arabica","M_arabica_Chr03",55,65,18,8,23,0,114,114,57.0175438596491,7.01754385964912,20.1754385964912
"1","M_arabica","M_arabica_Chr03",56,51,21,26,23,0,121,121,42.1487603305785,21.4876033057851,19.0082644628099
"1","M_arabica","M_arabica_Chr03",57,57,31,14,19,0,121,121,47.1074380165289,11.5702479338843,15.702479338843
"1","M_arabica","M_arabica_Chr03",58,65,24,13,32,0,134,134,48.5074626865672,9.70149253731343,23.8805970149254
"1","M_arabica","M_arabica_Chr03",59,54,26,10,25,0,115,115,46.9565217391304,8.69565217391304,21.7391304347826
"1","M_arabica","M_arabica_Chr03",60,64,18,7,29,0,118,118,54.2372881355932,5.93220338983051,24.5762711864407
"1","M_arabica","M_arabica_Chr03",61,71,30,11,28,0,140,140,50.7142857142857,7.85714285714286,20
"1","M_arabica","M_arabica_Chr03",62,57,28,6,27,0,118,118,48.3050847457627,5.08474576271186,22.8813559322034
"1","M_arabica","M_arabica_Chr03",63,63,19,6,34,0,122,122,51.6393442622951,4.91803278688525,27.8688524590164
"1","M_arabica","M_arabica_Chr03",64,45,24,3,21,0,94,93,48.3870967741936,3.2258064516129,22.5806451612903
"1","M_arabica","M_arabica_Chr04",0,41,19,3,30,0,94,93,44.0860215053763,3.2258064516129,32.258064516129
"1","M_arabica","M_arabica_Chr04",1,43,19,8,36,0,106,106,40.5660377358491,7.54716981132075,33.9622641509434
"1","M_arabica","M_arabica_Chr04",2,43,26,7,24,0,100,100,43,7,24
"1","M_arabica","M_arabica_Chr04",3,38,31,6,29,0,104,104,36.5384615384615,5.76923076923077,27.8846153846154
"1","M_arabica","M_arabica_Chr04",4,45,12,5,18,0,80,80,56.25,6.25,22.5
"1","M_arabica","M_arabica_Chr04",5,20,9,11,22,0,63,62,32.258064516129,17.741935483871,35.4838709677419
"1","M_arabica","M_arabica_Chr04",6,31,11,5,31,0,78,78,39.7435897435897,6.41025641025641,39.7435897435897
"1","M_arabica","M_arabica_Chr04",7,35,22,3,37,0,98,97,36.0824742268041,3.09278350515464,38.1443298969072
"1","M_arabica","M_arabica_Chr04",8,44,12,10,28,0,94,94,46.8085106382979,10.6382978723404,29.7872340425532
"1","M_arabica","M_arabica_Chr04",9,36,8,4,41,0,89,89,40.4494382022472,4.49438202247191,46.0674157303371
"1","M_arabica","M_arabica_Chr04",10,34,22,7,21,0,84,84,40.4761904761905,8.33333333333333,25
"1","M_arabica","M_arabica_Chr04",11,34,7,6,36,0,83,83,40.9638554216867,7.2289156626506,43.3734939759036
"1","M_arabica","M_arabica_Chr04",12,43,11,9,38,0,101,101,42.5742574257426,8.91089108910891,37.6237623762376
"1","M_arabica","M_arabica_Chr04",13,17,9,6,23,0,55,55,30.9090909090909,10.9090909090909,41.8181818181818
"1","M_arabica","M_arabica_Chr04",14,44,11,10,31,0,96,96,45.8333333333333,10.4166666666667,32.2916666666667
"1","M_arabica","M_arabica_Chr04",15,84,7,7,21,0,119,119,70.5882352941177,5.88235294117647,17.6470588235294
"1","M_arabica","M_arabica_Chr04",16,15,6,4,21,0,46,46,32.6086956521739,8.69565217391304,45.6521739130435
"1","M_arabica","M_arabica_Chr04",17,30,15,3,36,0,84,84,35.7142857142857,3.57142857142857,42.8571428571429
"1","M_arabica","M_arabica_Chr04",18,35,22,6,41,0,105,104,33.6538461538462,5.76923076923077,39.4230769230769
"1","M_arabica","M_arabica_Chr04",19,22,10,13,35,0,81,80,27.5,16.25,43.75
"1","M_arabica","M_arabica_Chr04",20,24,13,6,30,0,73,73,32.8767123287671,8.21917808219178,41.0958904109589
"1","M_arabica","M_arabica_Chr04",21,16,15,9,33,0,73,73,21.9178082191781,12.3287671232877,45.2054794520548
"1","M_arabica","M_arabica_Chr04",22,30,8,11,27,0,76,76,39.4736842105263,14.4736842105263,35.5263157894737
"1","M_arabica","M_arabica_Chr04",23,16,2,4,24,0,46,46,34.7826086956522,8.69565217391304,52.1739130434783
"1","M_arabica","M_arabica_Chr04",24,11,3,7,11,0,32,32,34.375,21.875,34.375
"1","M_arabica","M_arabica_Chr04",25,6,4,2,9,0,21,21,28.5714285714286,9.52380952380952,42.8571428571429
"1","M_arabica","M_arabica_Chr04",26,6,5,2,12,0,25,25,24,8,48
"1","M_arabica","M_arabica_Chr04",27,5,0,8,5,0,19,18,27.7777777777778,44.4444444444444,27.7777777777778
"1","M_arabica","M_arabica_Chr04",28,11,5,6,16,0,38,38,28.9473684210526,15.7894736842105,42.1052631578947
"1","M_arabica","M_arabica_Chr04",29,20,12,6,15,0,53,53,37.7358490566038,11.3207547169811,28.3018867924528
"1","M_arabica","M_arabica_Chr04",30,18,8,10,24,0,60,60,30,16.6666666666667,40
"1","M_arabica","M_arabica_Chr04",31,25,15,9,25,0,74,74,33.7837837837838,12.1621621621622,33.7837837837838
"1","M_arabica","M_arabica_Chr04",32,25,15,8,40,0,88,88,28.4090909090909,9.09090909090909,45.4545454545455
"1","M_arabica","M_arabica_Chr04",33,35,18,12,37,0,102,102,34.3137254901961,11.7647058823529,36.2745098039216
"1","M_arabica","M_arabica_Chr04",34,26,24,8,27,0,85,85,30.5882352941176,9.41176470588235,31.7647058823529
"1","M_arabica","M_arabica_Chr04",35,36,28,8,39,0,111,111,32.4324324324324,7.20720720720721,35.1351351351351
"1","M_arabica","M_arabica_Chr04",36,22,9,5,38,0,75,74,29.7297297297297,6.75675675675676,51.3513513513514
"1","M_arabica","M_arabica_Chr04",37,17,14,3,41,0,75,75,22.6666666666667,4,54.6666666666667
"1","M_arabica","M_arabica_Chr04",38,33,22,4,20,0,79,79,41.7721518987342,5.06329113924051,25.3164556962025
"1","M_arabica","M_arabica_Chr04",39,34,20,12,34,0,100,100,34,12,34
"1","M_arabica","M_arabica_Chr04",40,35,20,10,37,0,103,102,34.3137254901961,9.80392156862745,36.2745098039216
"1","M_arabica","M_arabica_Chr04",41,51,17,9,23,0,100,100,51,9,23
"1","M_arabica","M_arabica_Chr04",42,38,21,7,29,0,95,95,40,7.36842105263158,30.5263157894737
"1","M_arabica","M_arabica_Chr04",43,42,28,3,39,0,112,112,37.5,2.67857142857143,34.8214285714286
"1","M_arabica","M_arabica_Chr04",44,52,32,10,35,0,129,129,40.3100775193798,7.75193798449612,27.1317829457364
"1","M_arabica","M_arabica_Chr04",45,45,27,4,35,0,111,111,40.5405405405405,3.6036036036036,31.5315315315315
"1","M_arabica","M_arabica_Chr04",46,45,25,8,26,0,104,104,43.2692307692308,7.69230769230769,25
"1","M_arabica","M_arabica_Chr04",47,38,45,5,20,0,108,108,35.1851851851852,4.62962962962963,18.5185185185185
"1","M_arabica","M_arabica_Chr04",48,48,44,2,27,0,121,121,39.6694214876033,1.65289256198347,22.3140495867769
"1","M_arabica","M_arabica_Chr04",49,61,30,6,29,0,126,126,48.4126984126984,4.76190476190476,23.015873015873
"1","M_arabica","M_arabica_Chr04",50,47,33,5,23,0,108,108,43.5185185185185,4.62962962962963,21.2962962962963
"1","M_arabica","M_arabica_Chr04",51,59,16,7,23,0,105,105,56.1904761904762,6.66666666666667,21.9047619047619
"1","M_arabica","M_arabica_Chr04",52,40,48,8,18,0,114,114,35.0877192982456,7.01754385964912,15.7894736842105
"1","M_arabica","M_arabica_Chr04",53,54,48,4,26,0,132,132,40.9090909090909,3.03030303030303,19.6969696969697
"1","M_arabica","M_arabica_Chr04",54,54,36,8,23,0,121,121,44.6280991735537,6.61157024793388,19.0082644628099
"1","M_arabica","M_arabica_Chr04",55,49,37,7,16,0,109,109,44.954128440367,6.42201834862385,14.6788990825688
"1","M_arabica","M_arabica_Chr04",56,55,32,8,37,0,132,132,41.6666666666667,6.06060606060606,28.030303030303
"1","M_arabica","M_arabica_Chr04",57,51,30,2,27,0,110,110,46.3636363636364,1.81818181818182,24.5454545454545
"1","M_arabica","M_arabica_Chr04",58,60,23,4,17,0,104,104,57.6923076923077,3.84615384615385,16.3461538461538
"1","M_arabica","M_arabica_Chr04",59,54,24,9,35,0,122,122,44.2622950819672,7.37704918032787,28.6885245901639
"1","M_arabica","M_arabica_Chr04",60,40,46,9,24,0,119,119,33.6134453781513,7.56302521008403,20.1680672268908
"1","M_arabica","M_arabica_Chr04",61,55,40,5,27,0,127,127,43.3070866141732,3.93700787401575,21.259842519685
"1","M_arabica","M_arabica_Chr04",62,54,36,5,26,0,121,121,44.6280991735537,4.13223140495868,21.4876033057851
"1","M_arabica","M_arabica_Chr04",63,56,29,8,21,0,114,114,49.1228070175439,7.01754385964912,18.4210526315789
"1","M_arabica","M_arabica_Chr04",64,56,32,8,28,0,124,124,45.1612903225806,6.45161290322581,22.5806451612903
"1","M_arabica","M_arabica_Chr04",65,59,19,4,37,0,119,119,49.5798319327731,3.36134453781513,31.0924369747899
"1","M_arabica","M_arabica_Chr04",66,70,18,4,25,0,117,117,59.8290598290598,3.41880341880342,21.3675213675214
"1","M_arabica","M_arabica_Chr04",67,55,26,5,30,0,116,116,47.4137931034483,4.31034482758621,25.8620689655172
"1","M_arabica","M_arabica_Chr04",68,56,34,4,21,0,115,115,48.695652173913,3.47826086956522,18.2608695652174
"1","M_arabica","M_arabica_Chr04",69,62,35,3,26,0,126,126,49.2063492063492,2.38095238095238,20.6349206349206
"1","M_arabica","M_arabica_Chr04",70,51,35,3,37,0,126,126,40.4761904761905,2.38095238095238,29.3650793650794
"1","M_arabica","M_arabica_Chr04",71,61,8,11,24,0,104,104,58.6538461538462,10.5769230769231,23.0769230769231
"1","M_arabica","M_arabica_Chr05",0,47,21,1,28,0,97,97,48.4536082474227,1.03092783505155,28.8659793814433
"1","M_arabica","M_arabica_Chr05",1,71,21,5,33,0,130,130,54.6153846153846,3.84615384615385,25.3846153846154
"1","M_arabica","M_arabica_Chr05",2,52,26,13,29,0,121,120,43.3333333333333,10.8333333333333,24.1666666666667
"1","M_arabica","M_arabica_Chr05",3,68,22,4,21,0,115,115,59.1304347826087,3.47826086956522,18.2608695652174
"1","M_arabica","M_arabica_Chr05",4,71,10,6,30,0,117,117,60.6837606837607,5.12820512820513,25.6410256410256
"1","M_arabica","M_arabica_Chr05",5,57,11,7,30,0,105,105,54.2857142857143,6.66666666666667,28.5714285714286
"1","M_arabica","M_arabica_Chr05",6,55,11,8,18,0,92,92,59.7826086956522,8.69565217391304,19.5652173913043
"1","M_arabica","M_arabica_Chr05",7,72,16,11,20,0,119,119,60.5042016806723,9.2436974789916,16.8067226890756
"1","M_arabica","M_arabica_Chr05",8,60,23,7,18,0,108,108,55.5555555555556,6.48148148148148,16.6666666666667
"1","M_arabica","M_arabica_Chr05",9,60,21,3,23,0,107,107,56.0747663551402,2.80373831775701,21.4953271028037
"1","M_arabica","M_arabica_Chr05",10,48,21,9,24,0,102,102,47.0588235294118,8.82352941176471,23.5294117647059
"1","M_arabica","M_arabica_Chr05",11,51,21,4,23,0,99,99,51.5151515151515,4.04040404040404,23.2323232323232
"1","M_arabica","M_arabica_Chr05",12,68,11,5,16,0,100,100,68,5,16
"1","M_arabica","M_arabica_Chr05",13,42,17,5,22,0,87,86,48.8372093023256,5.81395348837209,25.5813953488372
"1","M_arabica","M_arabica_Chr05",14,55,12,4,30,0,101,101,54.4554455445545,3.96039603960396,29.7029702970297
"1","M_arabica","M_arabica_Chr05",15,43,11,5,20,0,79,79,54.4303797468354,6.32911392405063,25.3164556962025
"1","M_arabica","M_arabica_Chr05",16,36,32,4,40,0,112,112,32.1428571428571,3.57142857142857,35.7142857142857
"1","M_arabica","M_arabica_Chr05",17,39,11,5,44,0,99,99,39.3939393939394,5.05050505050505,44.4444444444444
"1","M_arabica","M_arabica_Chr05",18,47,6,6,45,0,104,104,45.1923076923077,5.76923076923077,43.2692307692308
"1","M_arabica","M_arabica_Chr05",19,22,6,4,29,0,61,61,36.0655737704918,6.55737704918033,47.5409836065574
"1","M_arabica","M_arabica_Chr05",20,53,12,2,38,0,105,105,50.4761904761905,1.9047619047619,36.1904761904762
"1","M_arabica","M_arabica_Chr05",21,25,6,19,40,0,90,90,27.7777777777778,21.1111111111111,44.4444444444444
"1","M_arabica","M_arabica_Chr05",22,40,20,8,44,0,113,112,35.7142857142857,7.14285714285714,39.2857142857143
"1","M_arabica","M_arabica_Chr05",23,31,15,10,33,0,89,89,34.8314606741573,11.2359550561798,37.0786516853933
"1","M_arabica","M_arabica_Chr05",24,32,7,4,25,0,68,68,47.0588235294118,5.88235294117647,36.7647058823529
"1","M_arabica","M_arabica_Chr05",25,25,7,11,35,0,78,78,32.0512820512821,14.1025641025641,44.8717948717949
"1","M_arabica","M_arabica_Chr05",26,20,6,4,11,0,41,41,48.780487804878,9.75609756097561,26.8292682926829
"1","M_arabica","M_arabica_Chr05",27,17,11,6,16,0,50,50,34,12,32
"1","M_arabica","M_arabica_Chr05",30,12,4,10,11,0,37,37,32.4324324324324,27.027027027027,29.7297297297297
"1","M_arabica","M_arabica_Chr05",31,14,9,6,21,0,50,50,28,12,42
"1","M_arabica","M_arabica_Chr05",32,16,5,7,18,0,46,46,34.7826086956522,15.2173913043478,39.1304347826087
"1","M_arabica","M_arabica_Chr05",33,13,4,8,20,0,46,45,28.8888888888889,17.7777777777778,44.4444444444444
"1","M_arabica","M_arabica_Chr05",34,15,12,7,17,0,51,51,29.4117647058824,13.7254901960784,33.3333333333333
"1","M_arabica","M_arabica_Chr05",35,26,15,9,40,0,90,90,28.8888888888889,10,44.4444444444444
"1","M_arabica","M_arabica_Chr05",36,26,8,9,38,0,81,81,32.0987654320988,11.1111111111111,46.9135802469136
"1","M_arabica","M_arabica_Chr05",37,22,10,16,35,0,83,83,26.5060240963855,19.2771084337349,42.1686746987952
"1","M_arabica","M_arabica_Chr05",38,24,14,7,39,0,84,84,28.5714285714286,8.33333333333333,46.4285714285714
"1","M_arabica","M_arabica_Chr05",39,9,29,13,37,0,89,88,10.2272727272727,14.7727272727273,42.0454545454545
"1","M_arabica","M_arabica_Chr05",40,32,18,8,52,0,111,110,29.0909090909091,7.27272727272727,47.2727272727273
"1","M_arabica","M_arabica_Chr05",41,31,15,6,33,0,85,85,36.4705882352941,7.05882352941176,38.8235294117647
"1","M_arabica","M_arabica_Chr05",42,58,19,12,29,0,119,118,49.1525423728814,10.1694915254237,24.5762711864407
"1","M_arabica","M_arabica_Chr05",43,48,16,5,28,0,98,97,49.4845360824742,5.15463917525773,28.8659793814433
"1","M_arabica","M_arabica_Chr05",44,36,23,6,24,0,89,89,40.4494382022472,6.74157303370786,26.9662921348315
"1","M_arabica","M_arabica_Chr05",45,44,17,9,17,0,87,87,50.5747126436782,10.3448275862069,19.5402298850575
"1","M_arabica","M_arabica_Chr05",46,42,18,10,37,0,107,107,39.2523364485981,9.34579439252336,34.5794392523364
"1","M_arabica","M_arabica_Chr05",47,37,19,6,36,0,98,98,37.7551020408163,6.12244897959184,36.734693877551
"1","M_arabica","M_arabica_Chr05",48,42,24,7,35,0,108,108,38.8888888888889,6.48148148148148,32.4074074074074
"1","M_arabica","M_arabica_Chr05",49,48,21,7,34,0,112,110,43.6363636363636,6.36363636363636,30.9090909090909
"1","M_arabica","M_arabica_Chr05",50,40,18,4,53,0,115,115,34.7826086956522,3.47826086956522,46.0869565217391
"1","M_arabica","M_arabica_Chr05",51,67,16,8,26,0,117,117,57.2649572649573,6.83760683760684,22.2222222222222
"1","M_arabica","M_arabica_Chr05",52,40,21,12,35,0,109,108,37.037037037037,11.1111111111111,32.4074074074074
"1","M_arabica","M_arabica_Chr05",53,52,21,11,31,0,115,115,45.2173913043478,9.56521739130435,26.9565217391304
"1","M_arabica","M_arabica_Chr05",54,61,18,6,44,0,129,129,47.2868217054264,4.65116279069767,34.1085271317829
"1","M_arabica","M_arabica_Chr05",55,40,26,5,30,0,101,101,39.6039603960396,4.95049504950495,29.7029702970297
"1","M_arabica","M_arabica_Chr05",56,54,21,14,38,0,127,127,42.5196850393701,11.0236220472441,29.9212598425197
"1","M_arabica","M_arabica_Chr05",57,61,12,16,28,0,117,117,52.1367521367521,13.6752136752137,23.9316239316239
"1","M_arabica","M_arabica_Chr05",58,32,12,7,27,0,78,78,41.025641025641,8.97435897435897,34.6153846153846
"1","M_arabica","M_arabica_Chr06",0,50,12,13,35,0,110,110,45.4545454545455,11.8181818181818,31.8181818181818
"1","M_arabica","M_arabica_Chr06",1,40,11,7,22,0,80,80,50,8.75,27.5
"1","M_arabica","M_arabica_Chr06",2,51,6,13,21,0,92,91,56.043956043956,14.2857142857143,23.0769230769231
"1","M_arabica","M_arabica_Chr06",3,40,13,7,38,0,98,98,40.8163265306122,7.14285714285714,38.7755102040816
"1","M_arabica","M_arabica_Chr06",4,47,15,2,30,0,94,94,50,2.12765957446809,31.9148936170213
"1","M_arabica","M_arabica_Chr06",5,47,6,5,26,0,84,84,55.9523809523809,5.95238095238095,30.952380952381
"1","M_arabica","M_arabica_Chr06",6,46,19,8,26,0,99,99,46.4646464646465,8.08080808080808,26.2626262626263
"1","M_arabica","M_arabica_Chr06",7,34,7,5,18,0,64,64,53.125,7.8125,28.125
"1","M_arabica","M_arabica_Chr06",8,25,18,8,30,0,81,81,30.8641975308642,9.87654320987654,37.037037037037
"1","M_arabica","M_arabica_Chr06",9,35,8,12,45,0,100,100,35,12,45
"1","M_arabica","M_arabica_Chr06",10,45,10,12,19,0,86,86,52.3255813953488,13.953488372093,22.093023255814
"1","M_arabica","M_arabica_Chr06",11,31,10,11,65,0,117,117,26.4957264957265,9.4017094017094,55.5555555555556
"1","M_arabica","M_arabica_Chr06",12,40,15,5,39,0,100,99,40.4040404040404,5.05050505050505,39.3939393939394
"1","M_arabica","M_arabica_Chr06",13,36,8,7,46,0,97,97,37.1134020618557,7.21649484536082,47.4226804123711
"1","M_arabica","M_arabica_Chr06",14,44,5,9,34,0,92,92,47.8260869565217,9.78260869565217,36.9565217391304
"1","M_arabica","M_arabica_Chr06",15,21,13,8,38,0,80,80,26.25,10,47.5
"1","M_arabica","M_arabica_Chr06",16,16,9,7,47,0,79,79,20.253164556962,8.86075949367089,59.4936708860759
"1","M_arabica","M_arabica_Chr06",17,31,7,0,35,0,74,73,42.4657534246575,0,47.9452054794521
"1","M_arabica","M_arabica_Chr06",18,16,11,11,33,0,71,71,22.5352112676056,15.4929577464789,46.4788732394366
"1","M_arabica","M_arabica_Chr06",19,27,12,5,27,0,71,71,38.0281690140845,7.04225352112676,38.0281690140845
"1","M_arabica","M_arabica_Chr06",20,33,5,3,33,0,74,74,44.5945945945946,4.05405405405405,44.5945945945946
"1","M_arabica","M_arabica_Chr06",21,25,15,6,31,0,78,77,32.4675324675325,7.79220779220779,40.2597402597403
"1","M_arabica","M_arabica_Chr06",22,17,7,12,33,0,69,69,24.6376811594203,17.3913043478261,47.8260869565217
"1","M_arabica","M_arabica_Chr06",23,15,5,2,23,0,45,45,33.3333333333333,4.44444444444444,51.1111111111111
"1","M_arabica","M_arabica_Chr06",24,13,7,10,28,0,58,58,22.4137931034483,17.2413793103448,48.2758620689655
"1","M_arabica","M_arabica_Chr06",25,13,3,9,22,0,47,47,27.6595744680851,19.1489361702128,46.8085106382979
"1","M_arabica","M_arabica_Chr06",26,18,8,15,23,0,64,64,28.125,23.4375,35.9375
"1","M_arabica","M_arabica_Chr06",27,25,4,5,19,0,53,53,47.1698113207547,9.43396226415094,35.8490566037736
"1","M_arabica","M_arabica_Chr06",28,27,9,8,44,0,88,88,30.6818181818182,9.09090909090909,50
"1","M_arabica","M_arabica_Chr06",29,29,7,4,28,0,68,68,42.6470588235294,5.88235294117647,41.1764705882353
"1","M_arabica","M_arabica_Chr06",30,30,10,5,19,0,64,64,46.875,7.8125,29.6875
"1","M_arabica","M_arabica_Chr06",31,15,6,6,26,0,53,53,28.3018867924528,11.3207547169811,49.0566037735849
"1","M_arabica","M_arabica_Chr06",32,14,6,6,9,0,35,35,40,17.1428571428571,25.7142857142857
"1","M_arabica","M_arabica_Chr06",33,14,6,9,13,0,42,42,33.3333333333333,21.4285714285714,30.952380952381
"1","M_arabica","M_arabica_Chr06",34,19,1,1,17,0,38,38,50,2.63157894736842,44.7368421052632
"1","M_arabica","M_arabica_Chr06",35,2,0,0,4,0,6,6,33.3333333333333,0,66.6666666666667
"1","M_arabica","M_arabica_Chr06",36,16,12,6,14,0,48,48,33.3333333333333,12.5,29.1666666666667
"1","M_arabica","M_arabica_Chr06",37,17,9,8,33,0,67,67,25.3731343283582,11.9402985074627,49.2537313432836
"1","M_arabica","M_arabica_Chr06",38,13,6,9,22,0,50,50,26,18,44
"1","M_arabica","M_arabica_Chr06",39,15,9,5,33,0,62,62,24.1935483870968,8.06451612903226,53.2258064516129
"1","M_arabica","M_arabica_Chr06",40,22,7,6,26,0,61,61,36.0655737704918,9.83606557377049,42.6229508196721
"1","M_arabica","M_arabica_Chr06",41,23,3,5,22,0,53,53,43.3962264150943,9.43396226415094,41.5094339622642
"1","M_arabica","M_arabica_Chr06",42,14,4,11,31,0,60,60,23.3333333333333,18.3333333333333,51.6666666666667
"1","M_arabica","M_arabica_Chr06",43,24,10,3,29,0,66,66,36.3636363636364,4.54545454545455,43.9393939393939
"1","M_arabica","M_arabica_Chr06",44,12,3,7,39,0,61,61,19.672131147541,11.4754098360656,63.9344262295082
"1","M_arabica","M_arabica_Chr06",45,15,8,12,21,0,56,56,26.7857142857143,21.4285714285714,37.5
"1","M_arabica","M_arabica_Chr06",46,28,16,6,30,0,80,80,35,7.5,37.5
"1","M_arabica","M_arabica_Chr06",47,10,10,8,28,0,56,56,17.8571428571429,14.2857142857143,50
"1","M_arabica","M_arabica_Chr06",48,11,4,19,41,0,75,75,14.6666666666667,25.3333333333333,54.6666666666667
"1","M_arabica","M_arabica_Chr06",49,27,8,5,25,0,65,65,41.5384615384615,7.69230769230769,38.4615384615385
"1","M_arabica","M_arabica_Chr06",50,28,12,8,40,0,88,88,31.8181818181818,9.09090909090909,45.4545454545455
"1","M_arabica","M_arabica_Chr06",51,17,15,4,33,0,69,69,24.6376811594203,5.79710144927536,47.8260869565217
"1","M_arabica","M_arabica_Chr06",52,27,9,5,37,0,78,78,34.6153846153846,6.41025641025641,47.4358974358974
"1","M_arabica","M_arabica_Chr06",53,32,16,7,24,0,79,79,40.5063291139241,8.86075949367089,30.379746835443
"1","M_arabica","M_arabica_Chr06",54,37,7,3,43,0,90,90,41.1111111111111,3.33333333333333,47.7777777777778
"1","M_arabica","M_arabica_Chr06",55,37,9,5,43,0,94,94,39.3617021276596,5.31914893617021,45.7446808510638
"1","M_arabica","M_arabica_Chr06",56,21,19,10,42,0,92,92,22.8260869565217,10.8695652173913,45.6521739130435
"1","M_arabica","M_arabica_Chr06",57,36,12,2,32,0,83,82,43.9024390243902,2.4390243902439,39.0243902439024
"1","M_arabica","M_arabica_Chr06",58,31,11,5,36,0,83,83,37.3493975903614,6.02409638554217,43.3734939759036
"1","M_arabica","M_arabica_Chr06",59,35,6,6,22,0,70,69,50.7246376811594,8.69565217391304,31.8840579710145
"1","M_arabica","M_arabica_Chr06",60,44,16,5,39,0,104,104,42.3076923076923,4.80769230769231,37.5
"1","M_arabica","M_arabica_Chr06",61,35,12,5,27,0,79,79,44.3037974683544,6.32911392405063,34.1772151898734
"1","M_arabica","M_arabica_Chr06",62,42,14,6,31,0,93,93,45.1612903225806,6.45161290322581,33.3333333333333
"1","M_arabica","M_arabica_Chr06",63,51,13,4,20,0,89,88,57.9545454545455,4.54545454545455,22.7272727272727
"1","M_arabica","M_arabica_Chr06",64,41,14,11,24,0,90,90,45.5555555555556,12.2222222222222,26.6666666666667
"1","M_arabica","M_arabica_Chr07",0,31,17,7,29,0,84,84,36.9047619047619,8.33333333333333,34.5238095238095
"1","M_arabica","M_arabica_Chr07",1,43,16,13,21,0,93,93,46.2365591397849,13.9784946236559,22.5806451612903
"1","M_arabica","M_arabica_Chr07",2,29,15,6,27,0,77,77,37.6623376623377,7.79220779220779,35.0649350649351
"1","M_arabica","M_arabica_Chr07",3,47,10,5,43,0,105,105,44.7619047619048,4.76190476190476,40.9523809523809
"1","M_arabica","M_arabica_Chr07",4,49,3,5,36,0,93,93,52.6881720430108,5.37634408602151,38.7096774193548
"1","M_arabica","M_arabica_Chr07",5,39,16,8,24,0,88,87,44.8275862068966,9.19540229885057,27.5862068965517
"1","M_arabica","M_arabica_Chr07",6,42,12,8,26,0,88,88,47.7272727272727,9.09090909090909,29.5454545454545
"1","M_arabica","M_arabica_Chr07",7,36,8,4,38,0,86,86,41.8604651162791,4.65116279069767,44.1860465116279
"1","M_arabica","M_arabica_Chr07",8,29,18,5,35,0,87,87,33.3333333333333,5.74712643678161,40.2298850574713
"1","M_arabica","M_arabica_Chr07",9,35,19,10,31,0,95,95,36.8421052631579,10.5263157894737,32.6315789473684
"1","M_arabica","M_arabica_Chr07",10,33,11,10,34,0,88,88,37.5,11.3636363636364,38.6363636363636
"1","M_arabica","M_arabica_Chr07",11,18,8,4,30,0,60,60,30,6.66666666666667,50
"1","M_arabica","M_arabica_Chr07",12,24,13,7,41,0,85,85,28.2352941176471,8.23529411764706,48.2352941176471
"1","M_arabica","M_arabica_Chr07",13,37,8,9,30,0,84,84,44.0476190476191,10.7142857142857,35.7142857142857
"1","M_arabica","M_arabica_Chr07",14,18,2,8,25,0,53,53,33.9622641509434,15.0943396226415,47.1698113207547
"1","M_arabica","M_arabica_Chr07",15,24,4,13,27,0,69,68,35.2941176470588,19.1176470588235,39.7058823529412
"1","M_arabica","M_arabica_Chr07",16,16,9,10,15,0,50,50,32,20,30
"1","M_arabica","M_arabica_Chr07",17,21,6,6,11,0,44,44,47.7272727272727,13.6363636363636,25
"1","M_arabica","M_arabica_Chr07",18,8,2,1,13,0,24,24,33.3333333333333,4.16666666666667,54.1666666666667
"1","M_arabica","M_arabica_Chr07",19,5,6,3,14,0,28,28,17.8571428571429,10.7142857142857,50
"1","M_arabica","M_arabica_Chr07",20,13,5,1,10,0,29,29,44.8275862068966,3.44827586206897,34.4827586206897
"1","M_arabica","M_arabica_Chr07",21,14,2,1,14,0,31,31,45.1612903225806,3.2258064516129,45.1612903225806
"1","M_arabica","M_arabica_Chr07",22,21,7,3,21,0,52,52,40.3846153846154,5.76923076923077,40.3846153846154
"1","M_arabica","M_arabica_Chr07",23,22,5,5,32,0,64,64,34.375,7.8125,50
"1","M_arabica","M_arabica_Chr07",24,21,8,8,22,0,59,59,35.5932203389831,13.5593220338983,37.2881355932203
"1","M_arabica","M_arabica_Chr07",25,25,9,17,40,0,91,91,27.4725274725275,18.6813186813187,43.956043956044
"1","M_arabica","M_arabica_Chr07",26,27,13,7,49,0,96,96,28.125,7.29166666666667,51.0416666666667
"1","M_arabica","M_arabica_Chr07",27,33,23,3,40,0,100,99,33.3333333333333,3.03030303030303,40.4040404040404
"1","M_arabica","M_arabica_Chr07",28,47,17,5,36,0,105,105,44.7619047619048,4.76190476190476,34.2857142857143
"1","M_arabica","M_arabica_Chr07",29,38,10,6,48,0,102,102,37.2549019607843,5.88235294117647,47.0588235294118
"1","M_arabica","M_arabica_Chr07",30,24,12,7,32,0,75,75,32,9.33333333333333,42.6666666666667
"1","M_arabica","M_arabica_Chr07",31,36,20,7,22,0,85,85,42.3529411764706,8.23529411764706,25.8823529411765
"1","M_arabica","M_arabica_Chr07",32,30,15,8,18,0,72,71,42.2535211267606,11.2676056338028,25.3521126760563
"1","M_arabica","M_arabica_Chr07",33,29,15,12,40,0,96,96,30.2083333333333,12.5,41.6666666666667
"1","M_arabica","M_arabica_Chr07",34,49,13,10,27,0,100,99,49.4949494949495,10.1010101010101,27.2727272727273
"1","M_arabica","M_arabica_Chr07",35,48,11,8,24,0,92,91,52.7472527472527,8.79120879120879,26.3736263736264
"1","M_arabica","M_arabica_Chr07",36,42,11,2,36,0,91,91,46.1538461538462,2.1978021978022,39.5604395604396
"1","M_arabica","M_arabica_Chr07",37,48,9,10,17,0,84,84,57.1428571428571,11.9047619047619,20.2380952380952
"1","M_arabica","M_arabica_Chr07",38,60,15,9,22,0,106,106,56.6037735849057,8.49056603773585,20.7547169811321
"1","M_arabica","M_arabica_Chr07",39,58,22,6,29,0,116,115,50.4347826086956,5.21739130434783,25.2173913043478
"1","M_arabica","M_arabica_Chr07",40,55,6,5,35,0,101,101,54.4554455445545,4.95049504950495,34.6534653465347
"1","M_arabica","M_arabica_Chr07",41,65,28,5,28,0,126,126,51.5873015873016,3.96825396825397,22.2222222222222
"1","M_arabica","M_arabica_Chr07",42,49,20,4,19,0,92,92,53.2608695652174,4.34782608695652,20.6521739130435
"1","M_arabica","M_arabica_Chr07",43,56,21,5,30,0,112,112,50,4.46428571428571,26.7857142857143
"1","M_arabica","M_arabica_Chr07",44,56,15,11,31,0,113,113,49.5575221238938,9.73451327433628,27.4336283185841
"1","M_arabica","M_arabica_Chr07",45,72,6,7,30,0,115,115,62.6086956521739,6.08695652173913,26.0869565217391
"1","M_arabica","M_arabica_Chr07",46,53,15,8,24,0,100,100,53,8,24
"1","M_arabica","M_arabica_Chr07",47,53,19,3,25,0,100,100,53,3,25
"1","M_arabica","M_arabica_Chr07",48,53,16,11,24,0,104,104,50.9615384615385,10.5769230769231,23.0769230769231
"1","M_arabica","M_arabica_Chr07",49,71,12,13,22,0,118,118,60.1694915254237,11.0169491525424,18.6440677966102
"1","M_arabica","M_arabica_Chr07",50,50,34,10,24,0,118,118,42.3728813559322,8.47457627118644,20.3389830508475
"1","M_arabica","M_arabica_Chr07",51,49,24,9,19,0,102,101,48.5148514851485,8.91089108910891,18.8118811881188
"1","M_arabica","M_arabica_Chr07",52,49,41,10,25,0,125,125,39.2,8,20
"1","M_arabica","M_arabica_Chr07",53,65,19,6,24,0,114,114,57.0175438596491,5.26315789473684,21.0526315789474
"1","M_arabica","M_arabica_Chr07",54,57,14,9,30,0,112,110,51.8181818181818,8.18181818181818,27.2727272727273
"1","M_arabica","M_arabica_Chr07",55,55,27,12,27,0,122,121,45.4545454545455,9.91735537190083,22.3140495867769
"1","M_arabica","M_arabica_Chr07",56,74,23,7,29,0,133,133,55.6390977443609,5.26315789473684,21.8045112781955
"1","M_arabica","M_arabica_Chr07",57,63,13,7,28,0,111,111,56.7567567567568,6.30630630630631,25.2252252252252
"1","M_arabica","M_arabica_Chr07",58,58,38,10,24,0,130,130,44.6153846153846,7.69230769230769,18.4615384615385
"1","M_arabica","M_arabica_Chr07",59,63,38,8,17,0,126,126,50,6.34920634920635,13.4920634920635
"1","M_arabica","M_arabica_Chr07",60,62,23,10,30,0,125,125,49.6,8,24
"1","M_arabica","M_arabica_Chr07",61,71,10,8,31,0,121,120,59.1666666666667,6.66666666666667,25.8333333333333
"1","M_arabica","M_arabica_Chr08",0,52,9,9,16,0,86,86,60.4651162790698,10.4651162790698,18.6046511627907
"1","M_arabica","M_arabica_Chr08",1,60,15,3,29,0,107,107,56.0747663551402,2.80373831775701,27.1028037383178
"1","M_arabica","M_arabica_Chr08",2,63,8,6,18,0,95,95,66.3157894736842,6.31578947368421,18.9473684210526
"1","M_arabica","M_arabica_Chr08",3,41,17,8,21,0,87,87,47.1264367816092,9.19540229885057,24.1379310344828
"1","M_arabica","M_arabica_Chr08",4,63,15,6,40,0,124,124,50.8064516129032,4.83870967741935,32.258064516129
"1","M_arabica","M_arabica_Chr08",5,42,18,5,35,0,100,100,42,5,35
"1","M_arabica","M_arabica_Chr08",6,53,11,6,22,0,92,92,57.6086956521739,6.52173913043478,23.9130434782609
"1","M_arabica","M_arabica_Chr08",7,63,16,7,21,0,107,107,58.8785046728972,6.54205607476636,19.6261682242991
"1","M_arabica","M_arabica_Chr08",8,57,13,5,31,0,106,106,53.7735849056604,4.71698113207547,29.2452830188679
"1","M_arabica","M_arabica_Chr08",9,46,9,8,30,0,93,93,49.4623655913978,8.60215053763441,32.258064516129
"1","M_arabica","M_arabica_Chr08",10,62,11,6,20,0,99,99,62.6262626262626,6.06060606060606,20.2020202020202
"1","M_arabica","M_arabica_Chr08",11,63,5,3,35,0,107,106,59.4339622641509,2.83018867924528,33.0188679245283
"1","M_arabica","M_arabica_Chr08",12,49,16,3,34,0,102,102,48.0392156862745,2.94117647058824,33.3333333333333
"1","M_arabica","M_arabica_Chr08",13,62,4,7,33,0,106,106,58.4905660377358,6.60377358490566,31.1320754716981
"1","M_arabica","M_arabica_Chr08",14,51,12,6,31,0,100,100,51,6,31
"1","M_arabica","M_arabica_Chr08",15,49,7,3,23,0,82,82,59.7560975609756,3.65853658536585,28.0487804878049
"1","M_arabica","M_arabica_Chr08",16,44,17,4,43,0,108,108,40.7407407407407,3.7037037037037,39.8148148148148
"1","M_arabica","M_arabica_Chr08",17,42,10,6,39,0,97,97,43.298969072165,6.18556701030928,40.2061855670103
"1","M_arabica","M_arabica_Chr08",18,45,12,6,30,0,93,93,48.3870967741936,6.45161290322581,32.258064516129
"1","M_arabica","M_arabica_Chr08",19,18,4,11,21,0,54,54,33.3333333333333,20.3703703703704,38.8888888888889
"1","M_arabica","M_arabica_Chr08",20,36,8,14,33,0,91,91,39.5604395604396,15.3846153846154,36.2637362637363
"1","M_arabica","M_arabica_Chr08",21,41,15,8,27,0,92,91,45.0549450549451,8.79120879120879,29.6703296703297
"1","M_arabica","M_arabica_Chr08",22,29,7,9,27,0,72,72,40.2777777777778,12.5,37.5
"1","M_arabica","M_arabica_Chr08",23,14,5,7,17,0,43,43,32.5581395348837,16.2790697674419,39.5348837209302
"1","M_arabica","M_arabica_Chr08",24,18,5,3,16,0,42,42,42.8571428571429,7.14285714285714,38.0952380952381
"1","M_arabica","M_arabica_Chr08",25,13,3,8,17,0,41,41,31.7073170731707,19.5121951219512,41.4634146341463
"1","M_arabica","M_arabica_Chr08",26,8,1,1,4,0,14,14,57.1428571428571,7.14285714285714,28.5714285714286
"1","M_arabica","M_arabica_Chr08",28,17,2,2,10,0,31,31,54.8387096774194,6.45161290322581,32.258064516129
"1","M_arabica","M_arabica_Chr08",29,17,4,6,21,0,49,48,35.4166666666667,12.5,43.75
"1","M_arabica","M_arabica_Chr08",30,16,4,8,19,0,48,47,34.0425531914894,17.0212765957447,40.4255319148936
"1","M_arabica","M_arabica_Chr08",31,19,4,6,20,0,49,49,38.7755102040816,12.2448979591837,40.8163265306122
"1","M_arabica","M_arabica_Chr08",32,32,8,19,40,0,99,99,32.3232323232323,19.1919191919192,40.4040404040404
"1","M_arabica","M_arabica_Chr08",33,53,5,4,37,0,99,99,53.5353535353535,4.04040404040404,37.3737373737374
"1","M_arabica","M_arabica_Chr08",34,48,10,10,45,0,113,113,42.4778761061947,8.84955752212389,39.8230088495575
"1","M_arabica","M_arabica_Chr08",35,27,13,5,27,0,72,72,37.5,6.94444444444444,37.5
"1","M_arabica","M_arabica_Chr08",36,42,14,7,47,0,110,110,38.1818181818182,6.36363636363636,42.7272727272727
"1","M_arabica","M_arabica_Chr08",37,42,6,11,28,0,87,87,48.2758620689655,12.6436781609195,32.183908045977
"1","M_arabica","M_arabica_Chr08",38,51,5,12,26,0,94,94,54.2553191489362,12.7659574468085,27.6595744680851
"1","M_arabica","M_arabica_Chr08",39,54,15,9,35,0,114,113,47.787610619469,7.9646017699115,30.9734513274336
"1","M_arabica","M_arabica_Chr08",40,74,4,5,27,0,111,110,67.2727272727273,4.54545454545455,24.5454545454545
"1","M_arabica","M_arabica_Chr08",41,70,10,9,19,0,109,108,64.8148148148148,8.33333333333333,17.5925925925926
"1","M_arabica","M_arabica_Chr08",42,60,6,6,22,0,95,94,63.8297872340426,6.38297872340426,23.4042553191489
"1","M_arabica","M_arabica_Chr08",43,56,4,17,15,0,92,92,60.8695652173913,18.4782608695652,16.304347826087
"1","M_arabica","M_arabica_Chr08",44,60,2,3,35,0,100,100,60,3,35
"1","M_arabica","M_arabica_Chr08",45,67,5,9,25,0,106,106,63.2075471698113,8.49056603773585,23.5849056603774
"1","M_arabica","M_arabica_Chr08",46,70,8,5,21,0,104,104,67.3076923076923,4.80769230769231,20.1923076923077
"1","M_arabica","M_arabica_Chr08",47,54,9,9,27,0,99,99,54.5454545454545,9.09090909090909,27.2727272727273
"1","M_arabica","M_arabica_Chr08",48,73,5,11,29,0,118,118,61.864406779661,9.32203389830508,24.5762711864407
"1","M_arabica","M_arabica_Chr08",49,77,8,11,31,0,127,127,60.6299212598425,8.66141732283465,24.4094488188976
"1","M_arabica","M_arabica_Chr08",50,86,4,7,20,0,117,117,73.5042735042735,5.98290598290598,17.0940170940171
"1","M_arabica","M_arabica_Chr08",51,74,6,8,21,0,109,109,67.8899082568807,7.3394495412844,19.2660550458716
"1","M_arabica","M_arabica_Chr08",52,57,8,16,19,0,100,100,57,16,19
"1","M_arabica","M_arabica_Chr08",53,63,8,6,29,0,107,106,59.4339622641509,5.66037735849057,27.3584905660377
"1","M_arabica","M_arabica_Chr08",54,73,5,13,28,0,119,119,61.3445378151261,10.9243697478992,23.5294117647059
"1","M_arabica","M_arabica_Chr08",55,85,8,11,23,0,127,127,66.9291338582677,8.66141732283465,18.1102362204724
"1","M_arabica","M_arabica_Chr08",56,67,6,10,30,0,113,113,59.2920353982301,8.84955752212389,26.5486725663717
"1","M_arabica","M_arabica_Chr08",57,69,5,17,19,0,110,110,62.7272727272727,15.4545454545455,17.2727272727273
"1","M_arabica","M_arabica_Chr08",58,72,12,10,32,0,126,126,57.1428571428571,7.93650793650794,25.3968253968254
"1","M_arabica","M_arabica_Chr08",59,63,11,14,32,0,120,120,52.5,11.6666666666667,26.6666666666667
"1","M_arabica","M_arabica_Chr08",60,61,12,12,35,0,120,120,50.8333333333333,10,29.1666666666667
"1","M_arabica","M_arabica_Chr08",61,75,10,13,30,0,128,128,58.59375,10.15625,23.4375
"1","M_arabica","M_arabica_Chr08",62,58,8,19,27,0,112,112,51.7857142857143,16.9642857142857,24.1071428571429
"2","M_lupulina","M_lupulina_T2T_Chr06",0,8,0,0,0,0,8,8,100,0,0
"2","M_lupulina","M_lupulina_T2T_Chr06",1,74,24,18,7,0,123,123,60.1626016260163,14.6341463414634,5.69105691056911
"2","M_lupulina","M_lupulina_T2T_Chr06",2,62,27,10,7,0,106,106,58.4905660377358,9.43396226415094,6.60377358490566
"2","M_lupulina","M_lupulina_T2T_Chr06",3,79,11,9,10,0,109,109,72.4770642201835,8.25688073394495,9.1743119266055
"2","M_lupulina","M_lupulina_T2T_Chr06",4,56,14,12,5,0,87,87,64.367816091954,13.7931034482759,5.74712643678161
"2","M_lupulina","M_lupulina_T2T_Chr06",5,68,13,4,8,0,93,93,73.1182795698925,4.3010752688172,8.60215053763441
"2","M_lupulina","M_lupulina_T2T_Chr06",6,75,14,9,11,0,109,109,68.8073394495413,8.25688073394495,10.0917431192661
"2","M_lupulina","M_lupulina_T2T_Chr06",7,57,21,5,6,0,89,89,64.0449438202247,5.61797752808989,6.74157303370786
"2","M_lupulina","M_lupulina_T2T_Chr06",8,61,19,9,7,0,96,96,63.5416666666667,9.375,7.29166666666667
"2","M_lupulina","M_lupulina_T2T_Chr06",9,60,24,2,10,0,96,96,62.5,2.08333333333333,10.4166666666667
"2","M_lupulina","M_lupulina_T2T_Chr06",10,58,20,8,6,0,92,92,63.0434782608696,8.69565217391304,6.52173913043478
"2","M_lupulina","M_lupulina_T2T_Chr06",11,43,12,5,6,0,66,66,65.1515151515152,7.57575757575758,9.09090909090909
"2","M_lupulina","M_lupulina_T2T_Chr06",12,53,13,4,11,0,81,81,65.4320987654321,4.93827160493827,13.5802469135802
"2","M_lupulina","M_lupulina_T2T_Chr06",13,40,12,6,12,0,70,70,57.1428571428571,8.57142857142857,17.1428571428571
"2","M_lupulina","M_lupulina_T2T_Chr06",14,44,16,11,8,0,79,79,55.6962025316456,13.9240506329114,10.126582278481
"2","M_lupulina","M_lupulina_T2T_Chr06",15,22,27,8,16,0,73,73,30.1369863013699,10.958904109589,21.9178082191781
"2","M_lupulina","M_lupulina_T2T_Chr06",16,40,6,5,9,0,60,60,66.6666666666667,8.33333333333333,15
"2","M_lupulina","M_lupulina_T2T_Chr06",17,37,4,3,8,0,52,52,71.1538461538462,5.76923076923077,15.3846153846154
"2","M_lupulina","M_lupulina_T2T_Chr06",18,28,6,2,17,0,53,53,52.8301886792453,3.77358490566038,32.0754716981132
"2","M_lupulina","M_lupulina_T2T_Chr06",19,41,10,0,13,0,64,64,64.0625,0,20.3125
"2","M_lupulina","M_lupulina_T2T_Chr06",20,24,6,4,9,0,43,43,55.8139534883721,9.30232558139535,20.9302325581395
"2","M_lupulina","M_lupulina_T2T_Chr06",21,22,10,4,8,0,44,44,50,9.09090909090909,18.1818181818182
"2","M_lupulina","M_lupulina_T2T_Chr06",22,19,8,2,10,0,39,39,48.7179487179487,5.12820512820513,25.6410256410256
"2","M_lupulina","M_lupulina_T2T_Chr06",23,17,9,1,15,0,42,42,40.4761904761905,2.38095238095238,35.7142857142857
"2","M_lupulina","M_lupulina_T2T_Chr06",24,28,4,5,6,0,43,43,65.1162790697674,11.6279069767442,13.953488372093
"2","M_lupulina","M_lupulina_T2T_Chr06",25,9,1,0,9,0,19,19,47.3684210526316,0,47.3684210526316
"2","M_lupulina","M_lupulina_T2T_Chr06",26,9,3,0,2,0,14,14,64.2857142857143,0,14.2857142857143
"2","M_lupulina","M_lupulina_T2T_Chr06",27,18,3,1,6,0,28,28,64.2857142857143,3.57142857142857,21.4285714285714
"2","M_lupulina","M_lupulina_T2T_Chr06",28,20,7,4,13,0,44,44,45.4545454545455,9.09090909090909,29.5454545454545
"2","M_lupulina","M_lupulina_T2T_Chr06",29,10,3,1,5,0,19,19,52.6315789473684,5.26315789473684,26.3157894736842
"2","M_lupulina","M_lupulina_T2T_Chr06",30,4,2,1,0,0,7,7,57.1428571428571,14.2857142857143,0
"2","M_lupulina","M_lupulina_T2T_Chr06",37,14,2,2,4,0,22,22,63.6363636363636,9.09090909090909,18.1818181818182
"2","M_lupulina","M_lupulina_T2T_Chr06",38,19,8,1,7,0,35,35,54.2857142857143,2.85714285714286,20
"2","M_lupulina","M_lupulina_T2T_Chr06",39,15,6,1,5,0,27,27,55.5555555555556,3.7037037037037,18.5185185185185
"2","M_lupulina","M_lupulina_T2T_Chr06",40,9,2,4,4,0,19,19,47.3684210526316,21.0526315789474,21.0526315789474
"2","M_lupulina","M_lupulina_T2T_Chr06",41,11,5,0,8,0,24,24,45.8333333333333,0,33.3333333333333
"2","M_lupulina","M_lupulina_T2T_Chr06",42,11,9,3,3,0,26,26,42.3076923076923,11.5384615384615,11.5384615384615
"2","M_lupulina","M_lupulina_T2T_Chr06",43,12,6,3,8,0,29,29,41.3793103448276,10.3448275862069,27.5862068965517
"2","M_lupulina","M_lupulina_T2T_Chr06",44,2,4,7,11,0,24,24,8.33333333333333,29.1666666666667,45.8333333333333
"2","M_lupulina","M_lupulina_T2T_Chr06",45,12,4,0,8,0,24,24,50,0,33.3333333333333
"2","M_lupulina","M_lupulina_T2T_Chr06",46,19,1,3,8,0,31,31,61.2903225806452,9.67741935483871,25.8064516129032
"2","M_lupulina","M_lupulina_T2T_Chr06",47,15,8,0,5,0,28,28,53.5714285714286,0,17.8571428571429
"2","M_lupulina","M_lupulina_T2T_Chr06",48,17,4,2,9,0,32,32,53.125,6.25,28.125
"2","M_lupulina","M_lupulina_T2T_Chr06",49,24,9,5,12,0,50,50,48,10,24
"2","M_lupulina","M_lupulina_T2T_Chr06",50,26,8,5,12,0,51,51,50.9803921568627,9.80392156862745,23.5294117647059
"2","M_lupulina","M_lupulina_T2T_Chr06",51,23,17,6,13,0,59,59,38.9830508474576,10.1694915254237,22.0338983050847
"2","M_lupulina","M_lupulina_T2T_Chr06",52,43,5,3,7,0,58,58,74.1379310344828,5.17241379310345,12.0689655172414
"2","M_lupulina","M_lupulina_T2T_Chr06",53,27,17,3,5,0,52,52,51.9230769230769,5.76923076923077,9.61538461538461
"2","M_lupulina","M_lupulina_T2T_Chr06",54,36,9,5,18,0,68,68,52.9411764705882,7.35294117647059,26.4705882352941
"2","M_lupulina","M_lupulina_T2T_Chr06",55,43,10,6,20,0,79,79,54.4303797468354,7.59493670886076,25.3164556962025
"2","M_lupulina","M_lupulina_T2T_Chr06",56,36,4,6,15,0,61,61,59.0163934426229,9.83606557377049,24.5901639344262
"2","M_lupulina","M_lupulina_T2T_Chr06",57,49,16,5,18,0,88,88,55.6818181818182,5.68181818181818,20.4545454545455
"2","M_lupulina","M_lupulina_T2T_Chr06",58,38,13,2,8,0,61,61,62.2950819672131,3.27868852459016,13.1147540983607
"2","M_lupulina","M_lupulina_T2T_Chr06",59,38,16,7,11,0,72,72,52.7777777777778,9.72222222222222,15.2777777777778
"2","M_lupulina","M_lupulina_T2T_Chr06",60,31,15,11,18,0,75,75,41.3333333333333,14.6666666666667,24
"2","M_lupulina","M_lupulina_T2T_Chr06",61,6,2,0,0,0,8,8,75,0,0
"2","M_lupulina","M_lupulina_T2T_Chr07",0,33,12,5,8,0,59,58,56.8965517241379,8.62068965517241,13.7931034482759
"2","M_lupulina","M_lupulina_T2T_Chr07",1,33,14,11,9,0,67,67,49.2537313432836,16.4179104477612,13.4328358208955
"2","M_lupulina","M_lupulina_T2T_Chr07",2,19,14,3,6,0,42,42,45.2380952380952,7.14285714285714,14.2857142857143
"2","M_lupulina","M_lupulina_T2T_Chr07",3,41,6,6,12,0,65,65,63.0769230769231,9.23076923076923,18.4615384615385
"2","M_lupulina","M_lupulina_T2T_Chr07",4,40,6,5,16,0,67,67,59.7014925373134,7.46268656716418,23.8805970149254
"2","M_lupulina","M_lupulina_T2T_Chr07",5,43,8,4,14,0,69,69,62.3188405797101,5.79710144927536,20.2898550724638
"2","M_lupulina","M_lupulina_T2T_Chr07",6,33,8,8,11,0,60,60,55,13.3333333333333,18.3333333333333
"2","M_lupulina","M_lupulina_T2T_Chr07",7,36,8,4,12,0,60,60,60,6.66666666666667,20
"2","M_lupulina","M_lupulina_T2T_Chr07",8,33,15,5,9,0,62,62,53.2258064516129,8.06451612903226,14.5161290322581
"2","M_lupulina","M_lupulina_T2T_Chr07",9,32,13,6,8,0,59,59,54.2372881355932,10.1694915254237,13.5593220338983
"2","M_lupulina","M_lupulina_T2T_Chr07",10,22,7,14,6,0,49,49,44.8979591836735,28.5714285714286,12.2448979591837
"2","M_lupulina","M_lupulina_T2T_Chr07",11,16,11,1,9,0,37,37,43.2432432432432,2.7027027027027,24.3243243243243
"2","M_lupulina","M_lupulina_T2T_Chr07",12,18,6,6,9,0,39,39,46.1538461538462,15.3846153846154,23.0769230769231
"2","M_lupulina","M_lupulina_T2T_Chr07",13,17,1,2,5,0,25,25,68,8,20
"2","M_lupulina","M_lupulina_T2T_Chr07",14,26,2,6,10,0,44,44,59.0909090909091,13.6363636363636,22.7272727272727
"2","M_lupulina","M_lupulina_T2T_Chr07",15,18,8,4,5,0,35,35,51.4285714285714,11.4285714285714,14.2857142857143
"2","M_lupulina","M_lupulina_T2T_Chr07",16,29,5,4,10,0,48,48,60.4166666666667,8.33333333333333,20.8333333333333
"2","M_lupulina","M_lupulina_T2T_Chr07",17,22,4,3,9,0,38,38,57.8947368421053,7.89473684210526,23.6842105263158
"2","M_lupulina","M_lupulina_T2T_Chr07",18,21,8,1,10,0,40,40,52.5,2.5,25
"2","M_lupulina","M_lupulina_T2T_Chr07",19,16,4,1,4,0,25,25,64,4,16
"2","M_lupulina","M_lupulina_T2T_Chr07",20,20,4,2,6,0,32,32,62.5,6.25,18.75
"2","M_lupulina","M_lupulina_T2T_Chr07",21,3,2,1,3,0,9,9,33.3333333333333,11.1111111111111,33.3333333333333
"2","M_lupulina","M_lupulina_T2T_Chr07",28,15,3,1,2,0,21,21,71.4285714285714,4.76190476190476,9.52380952380952
"2","M_lupulina","M_lupulina_T2T_Chr07",29,5,3,0,4,0,12,12,41.6666666666667,0,33.3333333333333
"2","M_lupulina","M_lupulina_T2T_Chr07",30,10,5,0,2,0,17,17,58.8235294117647,0,11.7647058823529
"2","M_lupulina","M_lupulina_T2T_Chr07",31,16,4,2,2,0,24,24,66.6666666666667,8.33333333333333,8.33333333333333
"2","M_lupulina","M_lupulina_T2T_Chr07",32,13,3,5,4,0,25,25,52,20,16
"2","M_lupulina","M_lupulina_T2T_Chr07",33,15,9,1,6,0,31,31,48.3870967741936,3.2258064516129,19.3548387096774
"2","M_lupulina","M_lupulina_T2T_Chr07",34,7,4,0,9,0,20,20,35,0,45
"2","M_lupulina","M_lupulina_T2T_Chr07",35,23,7,4,12,0,46,46,50,8.69565217391304,26.0869565217391
"2","M_lupulina","M_lupulina_T2T_Chr07",36,20,9,2,10,0,41,41,48.780487804878,4.8780487804878,24.390243902439
"2","M_lupulina","M_lupulina_T2T_Chr07",37,24,11,0,17,0,52,52,46.1538461538462,0,32.6923076923077
"2","M_lupulina","M_lupulina_T2T_Chr07",38,28,12,5,6,0,52,51,54.9019607843137,9.80392156862745,11.7647058823529
"2","M_lupulina","M_lupulina_T2T_Chr07",39,27,11,4,8,0,50,50,54,8,16
"2","M_lupulina","M_lupulina_T2T_Chr07",40,19,3,9,12,0,43,43,44.1860465116279,20.9302325581395,27.906976744186
"2","M_lupulina","M_lupulina_T2T_Chr07",41,11,5,5,12,0,33,33,33.3333333333333,15.1515151515152,36.3636363636364
"2","M_lupulina","M_lupulina_T2T_Chr07",42,35,12,5,13,0,65,65,53.8461538461538,7.69230769230769,20
"2","M_lupulina","M_lupulina_T2T_Chr07",43,23,12,6,11,0,52,52,44.2307692307692,11.5384615384615,21.1538461538462
"2","M_lupulina","M_lupulina_T2T_Chr07",44,17,11,1,15,0,44,44,38.6363636363636,2.27272727272727,34.0909090909091
"2","M_lupulina","M_lupulina_T2T_Chr07",45,27,9,12,13,0,61,61,44.2622950819672,19.672131147541,21.3114754098361
"2","M_lupulina","M_lupulina_T2T_Chr07",46,30,18,11,19,0,78,78,38.4615384615385,14.1025641025641,24.3589743589744
"2","M_lupulina","M_lupulina_T2T_Chr07",47,50,8,10,7,0,75,75,66.6666666666667,13.3333333333333,9.33333333333333
"2","M_lupulina","M_lupulina_T2T_Chr07",48,60,10,3,5,0,78,78,76.9230769230769,3.84615384615385,6.41025641025641
"2","M_lupulina","M_lupulina_T2T_Chr07",49,41,5,2,11,0,59,59,69.4915254237288,3.38983050847458,18.6440677966102
"2","M_lupulina","M_lupulina_T2T_Chr07",50,55,10,10,7,0,82,82,67.0731707317073,12.1951219512195,8.53658536585366
"2","M_lupulina","M_lupulina_T2T_Chr07",51,56,21,3,10,0,90,90,62.2222222222222,3.33333333333333,11.1111111111111
"2","M_lupulina","M_lupulina_T2T_Chr07",52,59,18,13,16,0,106,106,55.6603773584906,12.2641509433962,15.0943396226415
"2","M_lupulina","M_lupulina_T2T_Chr07",53,59,23,6,5,0,93,93,63.4408602150538,6.45161290322581,5.37634408602151
"2","M_lupulina","M_lupulina_T2T_Chr07",54,60,19,7,7,0,93,93,64.5161290322581,7.52688172043011,7.52688172043011
"2","M_lupulina","M_lupulina_T2T_Chr07",55,64,24,5,8,0,101,101,63.3663366336634,4.95049504950495,7.92079207920792
"2","M_lupulina","M_lupulina_T2T_Chr07",56,32,11,23,2,0,68,68,47.0588235294118,33.8235294117647,2.94117647058824
"2","M_lupulina","M_lupulina_T2T_Chr07",57,66,11,8,7,0,92,92,71.7391304347826,8.69565217391304,7.60869565217391
"2","M_lupulina","M_lupulina_T2T_Chr07",58,66,13,9,10,0,98,98,67.3469387755102,9.18367346938776,10.2040816326531
"2","M_lupulina","M_lupulina_T2T_Chr07",59,62,13,8,16,0,99,99,62.6262626262626,8.08080808080808,16.1616161616162
"2","M_lupulina","M_lupulina_T2T_Chr07",60,60,14,7,20,0,101,101,59.4059405940594,6.93069306930693,19.8019801980198
"2","M_lupulina","M_lupulina_T2T_Chr07",61,66,20,8,12,0,106,106,62.2641509433962,7.54716981132075,11.3207547169811
"2","M_lupulina","M_lupulina_T2T_Chr07",62,54,17,16,12,0,99,99,54.5454545454545,16.1616161616162,12.1212121212121
"2","M_lupulina","M_lupulina_T2T_Chr07",63,49,34,9,5,0,97,97,50.5154639175258,9.27835051546392,5.15463917525773
"2","M_lupulina","M_lupulina_T2T_Chr07",64,49,41,14,8,0,112,112,43.75,12.5,7.14285714285714
"2","M_lupulina","M_lupulina_T2T_Chr07",65,68,24,6,5,0,103,103,66.0194174757282,5.8252427184466,4.85436893203883
"2","M_lupulina","M_lupulina_T2T_Chr07",66,71,14,17,8,0,110,110,64.5454545454545,15.4545454545455,7.27272727272727
"2","M_lupulina","M_lupulina_T2T_Chr07",67,74,29,10,8,0,121,121,61.1570247933884,8.26446280991735,6.61157024793388
"2","M_lupulina","M_lupulina_T2T_Chr07",68,79,23,9,11,0,122,122,64.7540983606557,7.37704918032787,9.01639344262295
"2","M_lupulina","M_lupulina_T2T_Chr07",69,70,29,13,7,0,119,119,58.8235294117647,10.9243697478992,5.88235294117647
"2","M_lupulina","M_lupulina_T2T_Chr07",70,67,36,9,7,0,119,119,56.3025210084034,7.56302521008403,5.88235294117647
"2","M_lupulina","M_lupulina_T2T_Chr07",71,78,20,13,14,0,125,125,62.4,10.4,11.2
"2","M_lupulina","M_lupulina_T2T_Chr07",72,51,2,6,5,0,64,64,79.6875,9.375,7.8125
"2","M_lupulina","M_lupulina_T2T_Chr08",0,60,12,14,9,0,95,95,63.1578947368421,14.7368421052632,9.47368421052632
"2","M_lupulina","M_lupulina_T2T_Chr08",1,69,15,4,9,0,97,97,71.1340206185567,4.12371134020619,9.27835051546392
"2","M_lupulina","M_lupulina_T2T_Chr08",2,66,5,8,13,0,92,92,71.7391304347826,8.69565217391304,14.1304347826087
"2","M_lupulina","M_lupulina_T2T_Chr08",3,52,26,3,13,0,94,94,55.3191489361702,3.19148936170213,13.8297872340426
"2","M_lupulina","M_lupulina_T2T_Chr08",4,57,13,7,8,0,85,85,67.0588235294118,8.23529411764706,9.41176470588235
"2","M_lupulina","M_lupulina_T2T_Chr08",5,45,18,2,10,0,75,75,60,2.66666666666667,13.3333333333333
"2","M_lupulina","M_lupulina_T2T_Chr08",6,58,13,7,11,0,89,89,65.1685393258427,7.86516853932584,12.3595505617978
"2","M_lupulina","M_lupulina_T2T_Chr08",7,54,11,8,15,0,88,88,61.3636363636364,9.09090909090909,17.0454545454545
"2","M_lupulina","M_lupulina_T2T_Chr08",8,48,11,9,8,0,76,76,63.1578947368421,11.8421052631579,10.5263157894737
"2","M_lupulina","M_lupulina_T2T_Chr08",9,60,8,8,7,0,83,83,72.289156626506,9.63855421686747,8.43373493975904
"2","M_lupulina","M_lupulina_T2T_Chr08",10,60,10,7,3,0,80,80,75,8.75,3.75
"2","M_lupulina","M_lupulina_T2T_Chr08",11,57,9,5,16,0,87,87,65.5172413793103,5.74712643678161,18.3908045977011
"2","M_lupulina","M_lupulina_T2T_Chr08",12,45,5,11,12,0,73,73,61.6438356164384,15.0684931506849,16.4383561643836
"2","M_lupulina","M_lupulina_T2T_Chr08",13,29,3,3,7,0,42,42,69.0476190476191,7.14285714285714,16.6666666666667
"2","M_lupulina","M_lupulina_T2T_Chr08",14,37,9,7,5,0,58,58,63.7931034482759,12.0689655172414,8.62068965517241
"2","M_lupulina","M_lupulina_T2T_Chr08",15,34,15,10,11,0,70,70,48.5714285714286,14.2857142857143,15.7142857142857
"2","M_lupulina","M_lupulina_T2T_Chr08",16,41,8,2,10,0,61,61,67.2131147540984,3.27868852459016,16.3934426229508
"2","M_lupulina","M_lupulina_T2T_Chr08",17,36,9,3,7,0,55,55,65.4545454545455,5.45454545454545,12.7272727272727
"2","M_lupulina","M_lupulina_T2T_Chr08",18,43,4,2,12,0,61,61,70.4918032786885,3.27868852459016,19.672131147541
"2","M_lupulina","M_lupulina_T2T_Chr08",19,17,6,7,11,0,41,41,41.4634146341463,17.0731707317073,26.8292682926829
"2","M_lupulina","M_lupulina_T2T_Chr08",20,20,3,4,3,0,30,30,66.6666666666667,13.3333333333333,10
"2","M_lupulina","M_lupulina_T2T_Chr08",21,12,7,7,12,0,38,38,31.5789473684211,18.4210526315789,31.5789473684211
"2","M_lupulina","M_lupulina_T2T_Chr08",22,20,11,2,3,0,36,36,55.5555555555556,5.55555555555556,8.33333333333333
"2","M_lupulina","M_lupulina_T2T_Chr08",23,29,5,2,2,0,38,38,76.3157894736842,5.26315789473684,5.26315789473684
"2","M_lupulina","M_lupulina_T2T_Chr08",24,17,3,2,1,0,23,23,73.9130434782609,8.69565217391304,4.34782608695652
"2","M_lupulina","M_lupulina_T2T_Chr08",25,7,3,0,0,0,10,10,70,0,0
"2","M_lupulina","M_lupulina_T2T_Chr08",35,5,1,0,0,0,6,6,83.3333333333333,0,0
"2","M_lupulina","M_lupulina_T2T_Chr08",36,10,1,0,3,0,14,14,71.4285714285714,0,21.4285714285714
"2","M_lupulina","M_lupulina_T2T_Chr08",37,5,0,3,2,0,10,10,50,30,20
"2","M_lupulina","M_lupulina_T2T_Chr08",38,21,2,2,5,0,30,30,70,6.66666666666667,16.6666666666667
"2","M_lupulina","M_lupulina_T2T_Chr08",39,15,4,4,10,0,33,33,45.4545454545455,12.1212121212121,30.3030303030303
"2","M_lupulina","M_lupulina_T2T_Chr08",40,20,6,9,5,0,40,40,50,22.5,12.5
"2","M_lupulina","M_lupulina_T2T_Chr08",41,12,4,4,9,0,29,29,41.3793103448276,13.7931034482759,31.0344827586207
"2","M_lupulina","M_lupulina_T2T_Chr08",42,36,5,2,7,0,50,50,72,4,14
"2","M_lupulina","M_lupulina_T2T_Chr08",43,39,9,1,17,0,66,66,59.0909090909091,1.51515151515152,25.7575757575758
"2","M_lupulina","M_lupulina_T2T_Chr08",44,28,9,7,9,0,53,53,52.8301886792453,13.2075471698113,16.9811320754717
"2","M_lupulina","M_lupulina_T2T_Chr08",45,20,5,2,13,0,41,40,50,5,32.5
"2","M_lupulina","M_lupulina_T2T_Chr08",46,41,11,5,16,0,73,73,56.1643835616438,6.84931506849315,21.9178082191781
"2","M_lupulina","M_lupulina_T2T_Chr08",47,38,7,5,12,0,62,62,61.2903225806452,8.06451612903226,19.3548387096774
"2","M_lupulina","M_lupulina_T2T_Chr08",48,47,2,8,11,0,68,68,69.1176470588235,11.7647058823529,16.1764705882353
"2","M_lupulina","M_lupulina_T2T_Chr08",49,47,7,8,12,0,74,74,63.5135135135135,10.8108108108108,16.2162162162162
"2","M_lupulina","M_lupulina_T2T_Chr08",50,63,1,7,14,0,85,85,74.1176470588235,8.23529411764706,16.4705882352941
"2","M_lupulina","M_lupulina_T2T_Chr08",51,76,7,15,11,0,109,109,69.7247706422018,13.7614678899083,10.0917431192661
"2","M_lupulina","M_lupulina_T2T_Chr08",52,61,10,4,12,0,87,87,70.1149425287356,4.59770114942529,13.7931034482759
"2","M_lupulina","M_lupulina_T2T_Chr08",53,59,3,7,12,0,81,81,72.8395061728395,8.64197530864197,14.8148148148148
"2","M_lupulina","M_lupulina_T2T_Chr08",54,60,3,6,7,0,76,76,78.9473684210526,7.89473684210526,9.21052631578947
"2","M_lupulina","M_lupulina_T2T_Chr08",55,55,3,8,11,0,77,77,71.4285714285714,10.3896103896104,14.2857142857143
"2","M_lupulina","M_lupulina_T2T_Chr08",56,77,3,8,4,0,92,92,83.695652173913,8.69565217391304,4.34782608695652
"2","M_lupulina","M_lupulina_T2T_Chr08",57,67,7,15,4,0,93,93,72.0430107526882,16.1290322580645,4.3010752688172
"2","M_lupulina","M_lupulina_T2T_Chr08",58,72,9,5,15,0,101,101,71.2871287128713,4.95049504950495,14.8514851485149
"2","M_lupulina","M_lupulina_T2T_Chr08",59,84,6,13,13,0,116,116,72.4137931034483,11.2068965517241,11.2068965517241
"2","M_lupulina","M_lupulina_T2T_Chr08",60,83,3,5,8,0,99,99,83.8383838383838,5.05050505050505,8.08080808080808
"2","M_lupulina","M_lupulina_T2T_Chr08",61,79,6,12,10,0,107,107,73.8317757009346,11.214953271028,9.34579439252336
"2","M_lupulina","M_lupulina_T2T_Chr08",62,55,7,13,11,0,86,86,63.953488372093,15.1162790697674,12.7906976744186
"2","M_lupulina","M_lupulina_T2T_Chr08",63,60,5,7,8,0,80,80,75,8.75,10
"2","M_lupulina","M_lupulina_T2T_Chr08",64,77,5,11,7,0,100,100,77,11,7
"2","M_lupulina","M_lupulina_T2T_Chr08",65,93,7,9,13,0,122,122,76.2295081967213,7.37704918032787,10.655737704918
"2","M_lupulina","M_lupulina_T2T_Chr08",66,75,6,15,11,0,107,107,70.0934579439252,14.018691588785,10.2803738317757
"2","M_lupulina","M_lupulina_T2T_Chr08",67,92,5,17,7,0,121,121,76.0330578512397,14.0495867768595,5.78512396694215
"2","M_lupulina","M_lupulina_T2T_Chr08",68,66,13,16,8,0,103,103,64.0776699029126,15.5339805825243,7.76699029126214
"2","M_lupulina","M_lupulina_T2T_Chr08",69,72,13,10,12,0,107,107,67.2897196261682,9.34579439252336,11.214953271028
"2","M_lupulina","M_lupulina_T2T_Chr08",70,77,14,8,8,0,107,107,71.9626168224299,7.47663551401869,7.47663551401869
"2","M_lupulina","M_lupulina_T2T_Chr08",71,39,7,12,4,0,62,62,62.9032258064516,19.3548387096774,6.45161290322581
"2","M_lupulina","M_lupulina_T2T_Chr08",72,30,5,6,3,0,44,44,68.1818181818182,13.6363636363636,6.81818181818182
"3","M_polymorpha","M_polymorpha_Chr01",0,26,22,47,27,0,122,122,21.3114754098361,38.5245901639344,22.1311475409836
"3","M_polymorpha","M_polymorpha_Chr01",1,23,16,13,35,0,87,87,26.4367816091954,14.9425287356322,40.2298850574713
"3","M_polymorpha","M_polymorpha_Chr01",2,26,41,6,21,0,95,94,27.6595744680851,6.38297872340426,22.3404255319149
"3","M_polymorpha","M_polymorpha_Chr01",3,46,10,22,11,0,89,89,51.685393258427,24.7191011235955,12.3595505617978
"3","M_polymorpha","M_polymorpha_Chr01",4,39,8,24,38,0,109,109,35.7798165137615,22.0183486238532,34.8623853211009
"3","M_polymorpha","M_polymorpha_Chr01",5,28,17,24,17,0,87,86,32.5581395348837,27.906976744186,19.7674418604651
"3","M_polymorpha","M_polymorpha_Chr01",6,25,19,31,31,0,107,106,23.5849056603774,29.2452830188679,29.2452830188679
"3","M_polymorpha","M_polymorpha_Chr01",7,45,9,21,8,0,83,83,54.2168674698795,25.3012048192771,9.63855421686747
"3","M_polymorpha","M_polymorpha_Chr01",8,49,17,18,24,0,108,108,45.3703703703704,16.6666666666667,22.2222222222222
"3","M_polymorpha","M_polymorpha_Chr01",9,58,12,8,21,0,99,99,58.5858585858586,8.08080808080808,21.2121212121212
"3","M_polymorpha","M_polymorpha_Chr01",10,54,11,10,19,0,94,94,57.4468085106383,10.6382978723404,20.2127659574468
"3","M_polymorpha","M_polymorpha_Chr01",11,32,22,31,11,0,96,96,33.3333333333333,32.2916666666667,11.4583333333333
"3","M_polymorpha","M_polymorpha_Chr01",12,29,17,3,10,0,59,59,49.1525423728814,5.08474576271186,16.9491525423729
"3","M_polymorpha","M_polymorpha_Chr01",13,10,32,15,18,0,75,75,13.3333333333333,20,24
"3","M_polymorpha","M_polymorpha_Chr01",14,26,48,19,13,0,107,106,24.5283018867925,17.9245283018868,12.2641509433962
"3","M_polymorpha","M_polymorpha_Chr01",15,29,19,6,37,0,92,91,31.8681318681319,6.59340659340659,40.6593406593407
"3","M_polymorpha","M_polymorpha_Chr01",16,19,43,5,19,0,86,86,22.093023255814,5.81395348837209,22.093023255814
"3","M_polymorpha","M_polymorpha_Chr01",17,18,9,24,20,0,71,71,25.3521126760563,33.8028169014084,28.169014084507
"3","M_polymorpha","M_polymorpha_Chr01",18,19,14,36,31,0,100,100,19,36,31
"3","M_polymorpha","M_polymorpha_Chr01",19,29,24,8,16,0,79,77,37.6623376623377,10.3896103896104,20.7792207792208
"3","M_polymorpha","M_polymorpha_Chr01",20,27,22,6,27,0,83,82,32.9268292682927,7.31707317073171,32.9268292682927
"3","M_polymorpha","M_polymorpha_Chr01",21,29,25,8,29,0,92,91,31.8681318681319,8.79120879120879,31.8681318681319
"3","M_polymorpha","M_polymorpha_Chr01",22,34,34,12,24,0,104,104,32.6923076923077,11.5384615384615,23.0769230769231
"3","M_polymorpha","M_polymorpha_Chr01",23,49,27,6,22,0,104,104,47.1153846153846,5.76923076923077,21.1538461538462
"3","M_polymorpha","M_polymorpha_Chr01",24,28,32,10,22,0,93,92,30.4347826086957,10.8695652173913,23.9130434782609
"3","M_polymorpha","M_polymorpha_Chr01",25,20,16,8,26,0,70,70,28.5714285714286,11.4285714285714,37.1428571428571
"3","M_polymorpha","M_polymorpha_Chr01",26,28,28,16,36,0,109,108,25.9259259259259,14.8148148148148,33.3333333333333
"3","M_polymorpha","M_polymorpha_Chr01",27,24,29,11,36,0,100,100,24,11,36
"3","M_polymorpha","M_polymorpha_Chr01",28,23,23,3,16,0,67,65,35.3846153846154,4.61538461538461,24.6153846153846
"3","M_polymorpha","M_polymorpha_Chr01",29,27,33,8,22,0,91,90,30,8.88888888888889,24.4444444444444
"3","M_polymorpha","M_polymorpha_Chr01",30,23,26,10,27,0,86,86,26.7441860465116,11.6279069767442,31.3953488372093
"3","M_polymorpha","M_polymorpha_Chr01",31,14,38,9,32,0,93,93,15.0537634408602,9.67741935483871,34.4086021505376
"3","M_polymorpha","M_polymorpha_Chr01",32,23,46,4,25,0,98,98,23.469387755102,4.08163265306122,25.5102040816327
"3","M_polymorpha","M_polymorpha_Chr01",33,28,28,7,22,0,85,85,32.9411764705882,8.23529411764706,25.8823529411765
"3","M_polymorpha","M_polymorpha_Chr01",34,21,49,7,19,0,96,96,21.875,7.29166666666667,19.7916666666667
"3","M_polymorpha","M_polymorpha_Chr01",35,23,54,10,13,0,100,100,23,10,13
"3","M_polymorpha","M_polymorpha_Chr01",36,37,43,3,17,0,100,100,37,3,17
"3","M_polymorpha","M_polymorpha_Chr01",37,21,32,5,21,0,80,79,26.5822784810127,6.32911392405063,26.5822784810127
"3","M_polymorpha","M_polymorpha_Chr01",38,33,43,5,21,0,102,102,32.3529411764706,4.90196078431373,20.5882352941176
"3","M_polymorpha","M_polymorpha_Chr01",39,33,31,12,20,0,97,96,34.375,12.5,20.8333333333333
"3","M_polymorpha","M_polymorpha_Chr01",40,36,45,2,17,0,101,100,36,2,17
"3","M_polymorpha","M_polymorpha_Chr01",41,42,33,6,16,0,99,97,43.298969072165,6.18556701030928,16.4948453608247
"3","M_polymorpha","M_polymorpha_Chr01",42,36,42,5,20,0,103,103,34.9514563106796,4.85436893203883,19.4174757281553
"3","M_polymorpha","M_polymorpha_Chr01",43,49,46,9,12,0,116,116,42.2413793103448,7.75862068965517,10.3448275862069
"3","M_polymorpha","M_polymorpha_Chr01",44,31,52,4,11,0,98,98,31.6326530612245,4.08163265306122,11.2244897959184
"3","M_polymorpha","M_polymorpha_Chr01",45,35,49,9,17,0,110,110,31.8181818181818,8.18181818181818,15.4545454545455
"3","M_polymorpha","M_polymorpha_Chr01",46,41,35,12,22,0,110,110,37.2727272727273,10.9090909090909,20
"3","M_polymorpha","M_polymorpha_Chr01",47,37,47,11,16,0,112,111,33.3333333333333,9.90990990990991,14.4144144144144
"3","M_polymorpha","M_polymorpha_Chr01",48,36,28,10,21,0,96,95,37.8947368421053,10.5263157894737,22.1052631578947
"3","M_polymorpha","M_polymorpha_Chr01",49,35,36,9,16,0,96,96,36.4583333333333,9.375,16.6666666666667
"3","M_polymorpha","M_polymorpha_Chr01",50,30,38,9,15,0,92,92,32.6086956521739,9.78260869565217,16.304347826087
"3","M_polymorpha","M_polymorpha_Chr01",51,33,37,14,13,0,97,97,34.020618556701,14.4329896907216,13.4020618556701
"3","M_polymorpha","M_polymorpha_Chr01",52,43,45,8,23,0,119,119,36.1344537815126,6.72268907563025,19.327731092437
"3","M_polymorpha","M_polymorpha_Chr01",53,31,38,11,13,0,93,93,33.3333333333333,11.8279569892473,13.9784946236559
"3","M_polymorpha","M_polymorpha_Chr01",54,59,40,12,16,0,127,127,46.4566929133858,9.44881889763779,12.5984251968504
"3","M_polymorpha","M_polymorpha_Chr01",55,56,34,5,33,0,128,128,43.75,3.90625,25.78125
"3","M_polymorpha","M_polymorpha_Chr01",56,45,36,4,19,0,105,104,43.2692307692308,3.84615384615385,18.2692307692308
"3","M_polymorpha","M_polymorpha_Chr01",57,46,42,7,26,0,121,121,38.0165289256198,5.78512396694215,21.4876033057851
"3","M_polymorpha","M_polymorpha_Chr01",58,56,27,13,26,0,122,122,45.9016393442623,10.655737704918,21.3114754098361
"3","M_polymorpha","M_polymorpha_Chr01",59,47,28,15,19,0,109,109,43.1192660550459,13.7614678899083,17.4311926605505
"3","M_polymorpha","M_polymorpha_Chr02",0,61,20,13,25,0,119,119,51.2605042016807,10.9243697478992,21.0084033613445
"3","M_polymorpha","M_polymorpha_Chr02",1,45,25,12,21,0,103,103,43.6893203883495,11.6504854368932,20.3883495145631
"3","M_polymorpha","M_polymorpha_Chr02",2,44,35,9,17,0,105,105,41.9047619047619,8.57142857142857,16.1904761904762
"3","M_polymorpha","M_polymorpha_Chr02",3,20,37,27,22,0,106,106,18.8679245283019,25.4716981132075,20.7547169811321
"3","M_polymorpha","M_polymorpha_Chr02",4,28,24,31,18,0,101,101,27.7227722772277,30.6930693069307,17.8217821782178
"3","M_polymorpha","M_polymorpha_Chr02",5,41,26,27,15,0,109,109,37.6146788990826,24.7706422018349,13.7614678899083
"3","M_polymorpha","M_polymorpha_Chr02",6,34,14,35,25,0,108,108,31.4814814814815,32.4074074074074,23.1481481481481
"3","M_polymorpha","M_polymorpha_Chr02",7,48,18,19,18,0,105,103,46.6019417475728,18.4466019417476,17.4757281553398
"3","M_polymorpha","M_polymorpha_Chr02",8,41,20,11,24,0,96,96,42.7083333333333,11.4583333333333,25
"3","M_polymorpha","M_polymorpha_Chr02",9,60,7,5,15,0,87,87,68.9655172413793,5.74712643678161,17.2413793103448
"3","M_polymorpha","M_polymorpha_Chr02",10,69,8,6,21,0,104,104,66.3461538461538,5.76923076923077,20.1923076923077
"3","M_polymorpha","M_polymorpha_Chr02",11,52,9,8,22,0,91,91,57.1428571428571,8.79120879120879,24.1758241758242
"3","M_polymorpha","M_polymorpha_Chr02",12,52,11,7,19,0,89,89,58.4269662921348,7.86516853932584,21.3483146067416
"3","M_polymorpha","M_polymorpha_Chr02",13,59,6,8,24,0,98,97,60.8247422680412,8.24742268041237,24.7422680412371
"3","M_polymorpha","M_polymorpha_Chr02",14,38,8,6,29,0,81,81,46.9135802469136,7.40740740740741,35.8024691358025
"3","M_polymorpha","M_polymorpha_Chr02",15,53,8,8,17,0,86,86,61.6279069767442,9.30232558139535,19.7674418604651
"3","M_polymorpha","M_polymorpha_Chr02",16,55,12,8,11,0,86,86,63.953488372093,9.30232558139535,12.7906976744186
"3","M_polymorpha","M_polymorpha_Chr02",17,42,9,7,27,0,85,85,49.4117647058824,8.23529411764706,31.7647058823529
"3","M_polymorpha","M_polymorpha_Chr02",18,37,16,9,13,0,75,75,49.3333333333333,12,17.3333333333333
"3","M_polymorpha","M_polymorpha_Chr02",19,46,13,9,28,0,96,96,47.9166666666667,9.375,29.1666666666667
"3","M_polymorpha","M_polymorpha_Chr02",20,43,14,5,23,0,85,85,50.5882352941176,5.88235294117647,27.0588235294118
"3","M_polymorpha","M_polymorpha_Chr02",21,41,11,6,24,0,82,82,50,7.31707317073171,29.2682926829268
"3","M_polymorpha","M_polymorpha_Chr02",22,31,15,8,21,0,75,75,41.3333333333333,10.6666666666667,28
"3","M_polymorpha","M_polymorpha_Chr02",23,34,15,7,29,0,85,85,40,8.23529411764706,34.1176470588235
"3","M_polymorpha","M_polymorpha_Chr02",24,43,11,6,28,0,88,88,48.8636363636364,6.81818181818182,31.8181818181818
"3","M_polymorpha","M_polymorpha_Chr02",25,40,17,12,32,0,101,101,39.6039603960396,11.8811881188119,31.6831683168317
"3","M_polymorpha","M_polymorpha_Chr02",26,35,16,11,26,0,88,88,39.7727272727273,12.5,29.5454545454545
"3","M_polymorpha","M_polymorpha_Chr02",27,30,40,20,29,0,119,119,25.2100840336134,16.8067226890756,24.3697478991597
"3","M_polymorpha","M_polymorpha_Chr02",28,21,35,21,23,0,100,100,21,21,23
"3","M_polymorpha","M_polymorpha_Chr02",29,23,19,21,37,0,100,100,23,21,37
"3","M_polymorpha","M_polymorpha_Chr02",30,25,30,16,40,0,112,111,22.5225225225225,14.4144144144144,36.036036036036
"3","M_polymorpha","M_polymorpha_Chr02",31,33,20,9,24,0,87,86,38.3720930232558,10.4651162790698,27.906976744186
"3","M_polymorpha","M_polymorpha_Chr02",32,26,15,12,18,0,71,71,36.6197183098592,16.9014084507042,25.3521126760563
"3","M_polymorpha","M_polymorpha_Chr02",33,36,20,15,29,0,100,100,36,15,29
"3","M_polymorpha","M_polymorpha_Chr02",34,43,20,10,20,0,94,93,46.2365591397849,10.752688172043,21.505376344086
"3","M_polymorpha","M_polymorpha_Chr02",35,26,22,6,20,0,74,74,35.1351351351351,8.10810810810811,27.027027027027
"3","M_polymorpha","M_polymorpha_Chr02",36,26,23,7,21,0,79,77,33.7662337662338,9.09090909090909,27.2727272727273
"3","M_polymorpha","M_polymorpha_Chr02",37,36,19,12,32,0,99,99,36.3636363636364,12.1212121212121,32.3232323232323
"3","M_polymorpha","M_polymorpha_Chr02",38,35,11,9,18,0,74,73,47.9452054794521,12.3287671232877,24.6575342465753
"3","M_polymorpha","M_polymorpha_Chr02",39,34,15,10,24,0,83,83,40.9638554216867,12.0481927710843,28.9156626506024
"3","M_polymorpha","M_polymorpha_Chr02",40,23,24,26,26,0,100,99,23.2323232323232,26.2626262626263,26.2626262626263
"3","M_polymorpha","M_polymorpha_Chr02",41,35,19,6,25,0,85,85,41.1764705882353,7.05882352941176,29.4117647058824
"3","M_polymorpha","M_polymorpha_Chr02",42,37,24,14,16,0,91,91,40.6593406593407,15.3846153846154,17.5824175824176
"3","M_polymorpha","M_polymorpha_Chr02",43,29,28,11,14,0,83,82,35.3658536585366,13.4146341463415,17.0731707317073
"3","M_polymorpha","M_polymorpha_Chr02",44,39,23,14,18,0,94,94,41.4893617021277,14.8936170212766,19.1489361702128
"3","M_polymorpha","M_polymorpha_Chr02",45,20,30,8,31,0,89,89,22.4719101123596,8.98876404494382,34.8314606741573
"3","M_polymorpha","M_polymorpha_Chr02",46,43,34,9,11,0,97,97,44.3298969072165,9.27835051546392,11.340206185567
"3","M_polymorpha","M_polymorpha_Chr02",47,28,37,10,10,0,85,85,32.9411764705882,11.7647058823529,11.7647058823529
"3","M_polymorpha","M_polymorpha_Chr02",48,36,26,9,27,0,98,98,36.734693877551,9.18367346938776,27.5510204081633
"3","M_polymorpha","M_polymorpha_Chr02",49,41,33,8,20,0,102,102,40.1960784313725,7.84313725490196,19.6078431372549
"3","M_polymorpha","M_polymorpha_Chr02",50,32,33,14,21,0,100,100,32,14,21
"3","M_polymorpha","M_polymorpha_Chr02",51,42,42,5,11,0,100,100,42,5,11
"3","M_polymorpha","M_polymorpha_Chr02",52,50,28,12,18,0,108,108,46.2962962962963,11.1111111111111,16.6666666666667
"3","M_polymorpha","M_polymorpha_Chr02",53,54,38,6,14,0,112,112,48.2142857142857,5.35714285714286,12.5
"3","M_polymorpha","M_polymorpha_Chr02",54,41,32,10,24,0,107,107,38.3177570093458,9.34579439252336,22.4299065420561
"3","M_polymorpha","M_polymorpha_Chr02",55,46,32,7,25,0,111,110,41.8181818181818,6.36363636363636,22.7272727272727
"3","M_polymorpha","M_polymorpha_Chr02",56,16,12,2,7,0,37,37,43.2432432432432,5.40540540540541,18.9189189189189
"3","M_polymorpha","M_polymorpha_Chr03",0,34,22,16,22,0,94,94,36.1702127659574,17.0212765957447,23.4042553191489
"3","M_polymorpha","M_polymorpha_Chr03",1,28,32,9,28,0,98,97,28.8659793814433,9.27835051546392,28.8659793814433
"3","M_polymorpha","M_polymorpha_Chr03",2,32,19,6,24,0,81,81,39.5061728395062,7.40740740740741,29.6296296296296
"3","M_polymorpha","M_polymorpha_Chr03",3,31,14,9,26,0,80,80,38.75,11.25,32.5
"3","M_polymorpha","M_polymorpha_Chr03",4,15,27,7,20,0,69,69,21.7391304347826,10.1449275362319,28.9855072463768
"3","M_polymorpha","M_polymorpha_Chr03",5,25,23,10,27,0,85,85,29.4117647058824,11.7647058823529,31.7647058823529
"3","M_polymorpha","M_polymorpha_Chr03",6,41,18,9,29,0,97,97,42.2680412371134,9.27835051546392,29.8969072164948
"3","M_polymorpha","M_polymorpha_Chr03",7,18,24,10,22,0,75,74,24.3243243243243,13.5135135135135,29.7297297297297
"3","M_polymorpha","M_polymorpha_Chr03",8,53,17,2,23,0,96,95,55.7894736842105,2.10526315789474,24.2105263157895
"3","M_polymorpha","M_polymorpha_Chr03",9,34,16,3,21,0,74,74,45.9459459459459,4.05405405405405,28.3783783783784
"3","M_polymorpha","M_polymorpha_Chr03",10,29,24,7,23,0,83,83,34.9397590361446,8.43373493975904,27.710843373494
"3","M_polymorpha","M_polymorpha_Chr03",11,20,25,13,18,0,76,76,26.3157894736842,17.1052631578947,23.6842105263158
"3","M_polymorpha","M_polymorpha_Chr03",12,24,32,11,19,0,86,86,27.906976744186,12.7906976744186,22.093023255814
"3","M_polymorpha","M_polymorpha_Chr03",13,30,21,12,17,0,80,80,37.5,15,21.25
"3","M_polymorpha","M_polymorpha_Chr03",14,51,29,6,25,0,111,111,45.9459459459459,5.40540540540541,22.5225225225225
"3","M_polymorpha","M_polymorpha_Chr03",15,38,24,11,18,0,92,91,41.7582417582418,12.0879120879121,19.7802197802198
"3","M_polymorpha","M_polymorpha_Chr03",16,35,29,4,19,0,87,87,40.2298850574713,4.59770114942529,21.8390804597701
"3","M_polymorpha","M_polymorpha_Chr03",17,25,42,15,14,0,96,96,26.0416666666667,15.625,14.5833333333333
"3","M_polymorpha","M_polymorpha_Chr03",18,41,29,19,15,0,104,104,39.4230769230769,18.2692307692308,14.4230769230769
"3","M_polymorpha","M_polymorpha_Chr03",19,38,27,16,17,0,98,98,38.7755102040816,16.3265306122449,17.3469387755102
"3","M_polymorpha","M_polymorpha_Chr03",20,66,13,8,22,0,110,109,60.5504587155963,7.3394495412844,20.1834862385321
"3","M_polymorpha","M_polymorpha_Chr03",21,58,18,11,18,0,105,105,55.2380952380952,10.4761904761905,17.1428571428571
"3","M_polymorpha","M_polymorpha_Chr03",22,43,38,8,21,0,110,110,39.0909090909091,7.27272727272727,19.0909090909091
"3","M_polymorpha","M_polymorpha_Chr03",23,51,19,24,20,0,114,114,44.7368421052632,21.0526315789474,17.5438596491228
"3","M_polymorpha","M_polymorpha_Chr03",24,47,30,17,23,0,117,117,40.1709401709402,14.5299145299145,19.6581196581197
"3","M_polymorpha","M_polymorpha_Chr03",25,64,19,6,21,0,110,110,58.1818181818182,5.45454545454545,19.0909090909091
"3","M_polymorpha","M_polymorpha_Chr03",26,47,33,16,14,0,111,110,42.7272727272727,14.5454545454545,12.7272727272727
"3","M_polymorpha","M_polymorpha_Chr03",27,44,31,8,17,0,100,100,44,8,17
"3","M_polymorpha","M_polymorpha_Chr03",28,52,25,18,20,0,115,115,45.2173913043478,15.6521739130435,17.3913043478261
"3","M_polymorpha","M_polymorpha_Chr03",29,53,24,14,21,0,112,112,47.3214285714286,12.5,18.75
"3","M_polymorpha","M_polymorpha_Chr03",30,67,20,20,15,0,122,122,54.9180327868852,16.3934426229508,12.2950819672131
"3","M_polymorpha","M_polymorpha_Chr03",31,66,20,10,15,0,112,111,59.4594594594595,9.00900900900901,13.5135135135135
"3","M_polymorpha","M_polymorpha_Chr03",32,56,18,13,18,0,105,105,53.3333333333333,12.3809523809524,17.1428571428571
"3","M_polymorpha","M_polymorpha_Chr03",33,54,15,28,10,0,107,107,50.4672897196262,26.1682242990654,9.34579439252336
"3","M_polymorpha","M_polymorpha_Chr03",34,54,32,10,21,0,117,117,46.1538461538462,8.54700854700855,17.9487179487179
"3","M_polymorpha","M_polymorpha_Chr03",35,66,16,12,14,0,108,108,61.1111111111111,11.1111111111111,12.962962962963
"3","M_polymorpha","M_polymorpha_Chr03",36,58,26,11,15,0,110,110,52.7272727272727,10,13.6363636363636
"3","M_polymorpha","M_polymorpha_Chr03",37,62,16,7,15,0,101,100,62,7,15
"3","M_polymorpha","M_polymorpha_Chr03",38,56,21,9,21,0,107,107,52.3364485981308,8.41121495327103,19.6261682242991
"3","M_polymorpha","M_polymorpha_Chr03",39,62,26,5,18,0,111,111,55.8558558558559,4.5045045045045,16.2162162162162
"3","M_polymorpha","M_polymorpha_Chr03",40,73,22,8,12,0,116,115,63.4782608695652,6.95652173913043,10.4347826086957
"3","M_polymorpha","M_polymorpha_Chr03",41,42,17,5,6,0,70,70,60,7.14285714285714,8.57142857142857
"3","M_polymorpha","M_polymorpha_Chr04",0,47,27,10,25,0,109,109,43.1192660550459,9.1743119266055,22.9357798165138
"3","M_polymorpha","M_polymorpha_Chr04",1,42,15,12,25,0,94,94,44.6808510638298,12.7659574468085,26.5957446808511
"3","M_polymorpha","M_polymorpha_Chr04",2,43,22,10,27,0,103,102,42.156862745098,9.80392156862745,26.4705882352941
"3","M_polymorpha","M_polymorpha_Chr04",3,40,22,13,21,0,96,96,41.6666666666667,13.5416666666667,21.875
"3","M_polymorpha","M_polymorpha_Chr04",4,34,12,14,33,0,93,93,36.5591397849462,15.0537634408602,35.4838709677419
"3","M_polymorpha","M_polymorpha_Chr04",5,43,15,8,16,0,82,82,52.4390243902439,9.75609756097561,19.5121951219512
"3","M_polymorpha","M_polymorpha_Chr04",6,35,22,9,24,0,90,90,38.8888888888889,10,26.6666666666667
"3","M_polymorpha","M_polymorpha_Chr04",7,53,16,7,28,0,104,104,50.9615384615385,6.73076923076923,26.9230769230769
"3","M_polymorpha","M_polymorpha_Chr04",8,47,16,8,17,0,88,88,53.4090909090909,9.09090909090909,19.3181818181818
"3","M_polymorpha","M_polymorpha_Chr04",9,40,8,8,17,0,73,73,54.7945205479452,10.958904109589,23.2876712328767
"3","M_polymorpha","M_polymorpha_Chr04",10,28,8,14,16,0,67,66,42.4242424242424,21.2121212121212,24.2424242424242
"3","M_polymorpha","M_polymorpha_Chr04",11,31,10,6,30,0,77,77,40.2597402597403,7.79220779220779,38.961038961039
"3","M_polymorpha","M_polymorpha_Chr04",12,34,8,14,25,0,82,81,41.9753086419753,17.2839506172839,30.8641975308642
"3","M_polymorpha","M_polymorpha_Chr04",13,37,11,15,26,0,91,89,41.5730337078652,16.8539325842697,29.2134831460674
"3","M_polymorpha","M_polymorpha_Chr04",14,42,16,11,28,0,98,97,43.298969072165,11.340206185567,28.8659793814433
"3","M_polymorpha","M_polymorpha_Chr04",15,25,18,12,35,0,91,90,27.7777777777778,13.3333333333333,38.8888888888889
"3","M_polymorpha","M_polymorpha_Chr04",16,31,11,13,34,0,89,89,34.8314606741573,14.6067415730337,38.2022471910112
"3","M_polymorpha","M_polymorpha_Chr04",17,38,20,17,23,0,100,98,38.7755102040816,17.3469387755102,23.469387755102
"3","M_polymorpha","M_polymorpha_Chr04",18,36,27,17,37,0,117,117,30.7692307692308,14.5299145299145,31.6239316239316
"3","M_polymorpha","M_polymorpha_Chr04",19,51,18,14,22,0,105,105,48.5714285714286,13.3333333333333,20.952380952381
"3","M_polymorpha","M_polymorpha_Chr04",20,42,14,15,37,0,108,108,38.8888888888889,13.8888888888889,34.2592592592593
"3","M_polymorpha","M_polymorpha_Chr04",21,19,22,16,24,0,82,81,23.4567901234568,19.7530864197531,29.6296296296296
"3","M_polymorpha","M_polymorpha_Chr04",22,24,24,20,30,0,98,98,24.4897959183673,20.4081632653061,30.6122448979592
"3","M_polymorpha","M_polymorpha_Chr04",23,35,20,12,34,0,102,101,34.6534653465347,11.8811881188119,33.6633663366337
"3","M_polymorpha","M_polymorpha_Chr04",24,34,26,14,35,0,109,109,31.1926605504587,12.8440366972477,32.1100917431193
"3","M_polymorpha","M_polymorpha_Chr04",25,37,7,12,30,0,86,86,43.0232558139535,13.953488372093,34.8837209302326
"3","M_polymorpha","M_polymorpha_Chr04",26,38,17,10,23,0,88,88,43.1818181818182,11.3636363636364,26.1363636363636
"3","M_polymorpha","M_polymorpha_Chr04",27,34,22,9,25,0,90,90,37.7777777777778,10,27.7777777777778
"3","M_polymorpha","M_polymorpha_Chr04",28,35,23,15,24,0,98,97,36.0824742268041,15.4639175257732,24.7422680412371
"3","M_polymorpha","M_polymorpha_Chr04",29,24,21,11,30,0,86,86,27.906976744186,12.7906976744186,34.8837209302326
"3","M_polymorpha","M_polymorpha_Chr04",30,53,14,11,27,0,105,105,50.4761904761905,10.4761904761905,25.7142857142857
"3","M_polymorpha","M_polymorpha_Chr04",31,45,17,6,17,0,85,85,52.9411764705882,7.05882352941176,20
"3","M_polymorpha","M_polymorpha_Chr04",32,52,26,8,27,0,114,113,46.0176991150442,7.07964601769912,23.8938053097345
"3","M_polymorpha","M_polymorpha_Chr04",33,45,24,7,13,0,89,89,50.561797752809,7.86516853932584,14.6067415730337
"3","M_polymorpha","M_polymorpha_Chr04",34,55,24,4,30,0,113,113,48.6725663716814,3.53982300884956,26.5486725663717
"3","M_polymorpha","M_polymorpha_Chr04",35,43,32,5,18,0,98,98,43.8775510204082,5.10204081632653,18.3673469387755
"3","M_polymorpha","M_polymorpha_Chr04",36,46,40,5,20,0,111,111,41.4414414414414,4.5045045045045,18.018018018018
"3","M_polymorpha","M_polymorpha_Chr04",37,41,33,6,19,0,99,99,41.4141414141414,6.06060606060606,19.1919191919192
"3","M_polymorpha","M_polymorpha_Chr04",38,53,26,6,20,0,105,105,50.4761904761905,5.71428571428571,19.047619047619
"3","M_polymorpha","M_polymorpha_Chr04",39,63,28,10,21,0,122,122,51.6393442622951,8.19672131147541,17.2131147540984
"3","M_polymorpha","M_polymorpha_Chr04",40,56,24,7,17,0,104,104,53.8461538461538,6.73076923076923,16.3461538461538
"3","M_polymorpha","M_polymorpha_Chr04",41,36,45,8,11,0,100,100,36,8,11
"3","M_polymorpha","M_polymorpha_Chr04",42,51,39,11,15,0,116,116,43.9655172413793,9.48275862068965,12.9310344827586
"3","M_polymorpha","M_polymorpha_Chr04",43,53,34,3,20,0,111,110,48.1818181818182,2.72727272727273,18.1818181818182
"3","M_polymorpha","M_polymorpha_Chr04",44,56,33,5,22,0,116,116,48.2758620689655,4.31034482758621,18.9655172413793
"3","M_polymorpha","M_polymorpha_Chr04",45,58,24,11,17,0,110,110,52.7272727272727,10,15.4545454545455
"3","M_polymorpha","M_polymorpha_Chr04",46,67,21,9,13,0,110,110,60.9090909090909,8.18181818181818,11.8181818181818
"3","M_polymorpha","M_polymorpha_Chr04",47,51,19,7,23,0,101,100,51,7,23
"3","M_polymorpha","M_polymorpha_Chr04",48,40,38,18,19,0,115,115,34.7826086956522,15.6521739130435,16.5217391304348
"3","M_polymorpha","M_polymorpha_Chr04",49,58,34,10,25,0,127,127,45.6692913385827,7.8740157480315,19.6850393700787
"3","M_polymorpha","M_polymorpha_Chr04",50,50,31,5,12,0,99,98,51.0204081632653,5.10204081632653,12.2448979591837
"3","M_polymorpha","M_polymorpha_Chr04",51,61,26,10,15,0,112,112,54.4642857142857,8.92857142857143,13.3928571428571
"3","M_polymorpha","M_polymorpha_Chr04",52,48,29,7,14,0,98,98,48.9795918367347,7.14285714285714,14.2857142857143
"3","M_polymorpha","M_polymorpha_Chr04",53,59,18,8,14,0,99,99,59.5959595959596,8.08080808080808,14.1414141414141
"3","M_polymorpha","M_polymorpha_Chr04",54,73,22,7,15,0,117,117,62.3931623931624,5.98290598290598,12.8205128205128
"3","M_polymorpha","M_polymorpha_Chr04",55,55,30,6,14,0,105,105,52.3809523809524,5.71428571428571,13.3333333333333
"3","M_polymorpha","M_polymorpha_Chr04",56,63,29,6,16,0,116,114,55.2631578947368,5.26315789473684,14.0350877192982
"3","M_polymorpha","M_polymorpha_Chr04",57,47,35,12,19,0,113,113,41.5929203539823,10.6194690265487,16.8141592920354
"3","M_polymorpha","M_polymorpha_Chr04",58,69,20,7,32,0,128,128,53.90625,5.46875,25
"3","M_polymorpha","M_polymorpha_Chr04",59,16,3,0,1,0,20,20,80,0,5
"3","M_polymorpha","M_polymorpha_Chr05",0,49,23,2,25,0,100,99,49.4949494949495,2.02020202020202,25.2525252525253
"3","M_polymorpha","M_polymorpha_Chr05",1,66,28,11,21,0,126,126,52.3809523809524,8.73015873015873,16.6666666666667
"3","M_polymorpha","M_polymorpha_Chr05",2,48,23,12,27,0,111,110,43.6363636363636,10.9090909090909,24.5454545454545
"3","M_polymorpha","M_polymorpha_Chr05",3,55,22,6,22,0,106,105,52.3809523809524,5.71428571428571,20.952380952381
"3","M_polymorpha","M_polymorpha_Chr05",4,72,7,7,20,0,106,106,67.9245283018868,6.60377358490566,18.8679245283019
"3","M_polymorpha","M_polymorpha_Chr05",5,48,12,15,20,0,95,95,50.5263157894737,15.7894736842105,21.0526315789474
"3","M_polymorpha","M_polymorpha_Chr05",6,68,13,4,14,0,100,99,68.6868686868687,4.04040404040404,14.1414141414141
"3","M_polymorpha","M_polymorpha_Chr05",7,78,14,11,19,0,122,122,63.9344262295082,9.01639344262295,15.5737704918033
"3","M_polymorpha","M_polymorpha_Chr05",8,63,20,6,20,0,109,109,57.7981651376147,5.5045871559633,18.348623853211
"3","M_polymorpha","M_polymorpha_Chr05",9,59,19,6,14,0,98,98,60.2040816326531,6.12244897959184,14.2857142857143
"3","M_polymorpha","M_polymorpha_Chr05",10,38,20,12,22,0,92,92,41.304347826087,13.0434782608696,23.9130434782609
"3","M_polymorpha","M_polymorpha_Chr05",11,53,20,6,19,0,98,98,54.0816326530612,6.12244897959184,19.3877551020408
"3","M_polymorpha","M_polymorpha_Chr05",12,58,14,6,12,0,90,90,64.4444444444444,6.66666666666667,13.3333333333333
"3","M_polymorpha","M_polymorpha_Chr05",13,40,11,5,19,0,75,75,53.3333333333333,6.66666666666667,25.3333333333333
"3","M_polymorpha","M_polymorpha_Chr05",14,42,19,2,18,0,81,81,51.8518518518519,2.46913580246914,22.2222222222222
"3","M_polymorpha","M_polymorpha_Chr05",15,35,12,9,23,0,79,79,44.3037974683544,11.3924050632911,29.1139240506329
"3","M_polymorpha","M_polymorpha_Chr05",16,47,15,12,18,0,92,92,51.0869565217391,13.0434782608696,19.5652173913043
"3","M_polymorpha","M_polymorpha_Chr05",17,36,21,10,22,0,89,89,40.4494382022472,11.2359550561798,24.7191011235955
"3","M_polymorpha","M_polymorpha_Chr05",18,40,9,7,30,0,86,86,46.5116279069767,8.13953488372093,34.8837209302326
"3","M_polymorpha","M_polymorpha_Chr05",19,39,6,3,23,0,71,71,54.9295774647887,4.22535211267606,32.3943661971831
"3","M_polymorpha","M_polymorpha_Chr05",20,46,13,7,23,0,89,89,51.685393258427,7.86516853932584,25.8426966292135
"3","M_polymorpha","M_polymorpha_Chr05",21,36,18,11,34,0,99,99,36.3636363636364,11.1111111111111,34.3434343434343
"3","M_polymorpha","M_polymorpha_Chr05",22,39,20,12,23,0,94,94,41.4893617021277,12.7659574468085,24.468085106383
"3","M_polymorpha","M_polymorpha_Chr05",23,31,12,17,33,0,95,93,33.3333333333333,18.2795698924731,35.4838709677419
"3","M_polymorpha","M_polymorpha_Chr05",24,30,15,9,30,0,85,84,35.7142857142857,10.7142857142857,35.7142857142857
"3","M_polymorpha","M_polymorpha_Chr05",25,32,16,12,35,0,95,95,33.6842105263158,12.6315789473684,36.8421052631579
"3","M_polymorpha","M_polymorpha_Chr05",26,30,17,10,32,0,90,89,33.7078651685393,11.2359550561798,35.9550561797753
"3","M_polymorpha","M_polymorpha_Chr05",27,45,14,12,25,0,96,96,46.875,12.5,26.0416666666667
"3","M_polymorpha","M_polymorpha_Chr05",28,37,26,7,20,0,91,90,41.1111111111111,7.77777777777778,22.2222222222222
"3","M_polymorpha","M_polymorpha_Chr05",29,38,30,8,15,0,91,91,41.7582417582418,8.79120879120879,16.4835164835165
"3","M_polymorpha","M_polymorpha_Chr05",30,34,35,7,10,0,86,86,39.5348837209302,8.13953488372093,11.6279069767442
"3","M_polymorpha","M_polymorpha_Chr05",31,31,25,10,25,0,91,91,34.0659340659341,10.989010989011,27.4725274725275
"3","M_polymorpha","M_polymorpha_Chr05",32,34,18,5,21,0,78,78,43.5897435897436,6.41025641025641,26.9230769230769
"3","M_polymorpha","M_polymorpha_Chr05",33,36,30,12,23,0,101,101,35.6435643564356,11.8811881188119,22.7722772277228
"3","M_polymorpha","M_polymorpha_Chr05",34,47,8,3,19,0,77,77,61.038961038961,3.8961038961039,24.6753246753247
"3","M_polymorpha","M_polymorpha_Chr05",35,28,17,9,26,0,80,80,35,11.25,32.5
"3","M_polymorpha","M_polymorpha_Chr05",36,34,13,8,33,0,88,88,38.6363636363636,9.09090909090909,37.5
"3","M_polymorpha","M_polymorpha_Chr05",37,41,12,6,25,0,84,84,48.8095238095238,7.14285714285714,29.7619047619048
"3","M_polymorpha","M_polymorpha_Chr05",38,38,17,9,28,0,92,92,41.304347826087,9.78260869565217,30.4347826086957
"3","M_polymorpha","M_polymorpha_Chr05",39,37,11,15,24,0,87,87,42.5287356321839,17.2413793103448,27.5862068965517
"3","M_polymorpha","M_polymorpha_Chr05",40,42,6,13,15,0,77,76,55.2631578947368,17.1052631578947,19.7368421052632
"3","M_polymorpha","M_polymorpha_Chr05",41,30,15,13,19,0,78,77,38.961038961039,16.8831168831169,24.6753246753247
"3","M_polymorpha","M_polymorpha_Chr05",42,42,7,7,26,0,82,82,51.219512195122,8.53658536585366,31.7073170731707
"3","M_polymorpha","M_polymorpha_Chr05",43,49,19,7,18,0,94,93,52.6881720430108,7.52688172043011,19.3548387096774
"3","M_polymorpha","M_polymorpha_Chr05",44,58,15,6,16,0,95,95,61.0526315789474,6.31578947368421,16.8421052631579
"3","M_polymorpha","M_polymorpha_Chr05",45,42,10,0,18,0,70,70,60,0,25.7142857142857
"3","M_polymorpha","M_polymorpha_Chr05",46,47,12,7,7,0,74,73,64.3835616438356,9.58904109589041,9.58904109589041
"3","M_polymorpha","M_polymorpha_Chr05",47,47,11,14,16,0,89,88,53.4090909090909,15.9090909090909,18.1818181818182
"3","M_polymorpha","M_polymorpha_Chr05",48,32,13,7,20,0,72,72,44.4444444444444,9.72222222222222,27.7777777777778
"3","M_polymorpha","M_polymorpha_Chr05",49,48,12,15,15,0,90,90,53.3333333333333,16.6666666666667,16.6666666666667
"3","M_polymorpha","M_polymorpha_Chr05",50,20,13,14,32,0,80,79,25.3164556962025,17.7215189873418,40.5063291139241
"3","M_polymorpha","M_polymorpha_Chr05",51,25,21,7,34,0,87,87,28.735632183908,8.04597701149425,39.0804597701149
"3","M_polymorpha","M_polymorpha_Chr05",52,30,10,9,28,0,77,77,38.961038961039,11.6883116883117,36.3636363636364
"3","M_polymorpha","M_polymorpha_Chr05",53,27,9,6,21,0,63,63,42.8571428571429,9.52380952380952,33.3333333333333
"3","M_polymorpha","M_polymorpha_Chr05",54,42,13,10,22,0,87,87,48.2758620689655,11.4942528735632,25.2873563218391
"3","M_polymorpha","M_polymorpha_Chr05",55,26,12,9,39,0,86,86,30.2325581395349,10.4651162790698,45.3488372093023
"3","M_polymorpha","M_polymorpha_Chr05",56,26,21,19,29,0,95,95,27.3684210526316,20,30.5263157894737
"3","M_polymorpha","M_polymorpha_Chr05",57,18,15,12,20,0,65,65,27.6923076923077,18.4615384615385,30.7692307692308
"3","M_polymorpha","M_polymorpha_Chr06",0,26,25,14,29,0,94,94,27.6595744680851,14.8936170212766,30.8510638297872
"3","M_polymorpha","M_polymorpha_Chr06",1,24,24,20,37,0,106,105,22.8571428571429,19.047619047619,35.2380952380952
"3","M_polymorpha","M_polymorpha_Chr06",2,27,22,16,28,0,93,93,29.0322580645161,17.2043010752688,30.1075268817204
"3","M_polymorpha","M_polymorpha_Chr06",3,38,18,12,22,0,90,90,42.2222222222222,13.3333333333333,24.4444444444444
"3","M_polymorpha","M_polymorpha_Chr06",4,45,13,8,16,0,82,82,54.8780487804878,9.75609756097561,19.5121951219512
"3","M_polymorpha","M_polymorpha_Chr06",5,47,12,11,23,0,93,93,50.5376344086022,11.8279569892473,24.7311827956989
"3","M_polymorpha","M_polymorpha_Chr06",6,39,15,7,13,0,74,74,52.7027027027027,9.45945945945946,17.5675675675676
"3","M_polymorpha","M_polymorpha_Chr06",7,45,14,12,24,0,95,95,47.3684210526316,12.6315789473684,25.2631578947368
"3","M_polymorpha","M_polymorpha_Chr06",8,39,15,9,18,0,81,81,48.1481481481481,11.1111111111111,22.2222222222222
"3","M_polymorpha","M_polymorpha_Chr06",9,31,9,7,26,0,73,73,42.4657534246575,9.58904109589041,35.6164383561644
"3","M_polymorpha","M_polymorpha_Chr06",10,38,10,7,32,0,87,87,43.6781609195402,8.04597701149425,36.7816091954023
"3","M_polymorpha","M_polymorpha_Chr06",11,33,16,4,24,0,77,77,42.8571428571429,5.19480519480519,31.1688311688312
"3","M_polymorpha","M_polymorpha_Chr06",12,37,19,12,20,0,90,88,42.0454545454545,13.6363636363636,22.7272727272727
"3","M_polymorpha","M_polymorpha_Chr06",13,39,14,5,20,0,78,78,50,6.41025641025641,25.6410256410256
"3","M_polymorpha","M_polymorpha_Chr06",14,45,12,9,31,0,98,97,46.3917525773196,9.27835051546392,31.9587628865979
"3","M_polymorpha","M_polymorpha_Chr06",15,41,16,14,26,0,98,97,42.2680412371134,14.4329896907216,26.8041237113402
"3","M_polymorpha","M_polymorpha_Chr06",16,27,9,7,28,0,71,71,38.0281690140845,9.85915492957746,39.4366197183099
"3","M_polymorpha","M_polymorpha_Chr06",17,32,8,9,26,0,76,75,42.6666666666667,12,34.6666666666667
"3","M_polymorpha","M_polymorpha_Chr06",18,19,13,11,34,0,77,77,24.6753246753247,14.2857142857143,44.1558441558442
"3","M_polymorpha","M_polymorpha_Chr06",19,27,24,8,28,0,87,87,31.0344827586207,9.19540229885057,32.183908045977
"3","M_polymorpha","M_polymorpha_Chr06",20,36,23,8,33,0,100,100,36,8,33
"3","M_polymorpha","M_polymorpha_Chr06",21,40,11,13,32,0,96,96,41.6666666666667,13.5416666666667,33.3333333333333
"3","M_polymorpha","M_polymorpha_Chr06",22,30,12,12,34,0,88,88,34.0909090909091,13.6363636363636,38.6363636363636
"3","M_polymorpha","M_polymorpha_Chr06",23,28,10,10,33,0,81,81,34.5679012345679,12.3456790123457,40.7407407407407
"3","M_polymorpha","M_polymorpha_Chr06",24,25,18,16,19,0,78,78,32.0512820512821,20.5128205128205,24.3589743589744
"3","M_polymorpha","M_polymorpha_Chr06",25,43,17,8,28,0,97,96,44.7916666666667,8.33333333333333,29.1666666666667
"3","M_polymorpha","M_polymorpha_Chr06",26,47,15,10,25,0,97,97,48.4536082474227,10.3092783505155,25.7731958762887
"3","M_polymorpha","M_polymorpha_Chr06",27,54,17,3,26,0,100,100,54,3,26
"3","M_polymorpha","M_polymorpha_Chr06",28,49,16,4,28,0,98,97,50.5154639175258,4.12371134020619,28.8659793814433
"3","M_polymorpha","M_polymorpha_Chr06",29,39,20,8,17,0,84,84,46.4285714285714,9.52380952380952,20.2380952380952
"3","M_polymorpha","M_polymorpha_Chr06",30,47,16,16,24,0,103,103,45.6310679611651,15.5339805825243,23.3009708737864
"3","M_polymorpha","M_polymorpha_Chr06",31,44,18,10,19,0,91,91,48.3516483516484,10.989010989011,20.8791208791209
"3","M_polymorpha","M_polymorpha_Chr06",32,44,20,7,27,0,99,98,44.8979591836735,7.14285714285714,27.5510204081633
"3","M_polymorpha","M_polymorpha_Chr06",33,50,17,8,13,0,88,88,56.8181818181818,9.09090909090909,14.7727272727273
"3","M_polymorpha","M_polymorpha_Chr06",34,45,14,12,30,0,101,101,44.5544554455446,11.8811881188119,29.7029702970297
"3","M_polymorpha","M_polymorpha_Chr06",35,65,20,6,10,0,101,101,64.3564356435644,5.94059405940594,9.9009900990099
"3","M_polymorpha","M_polymorpha_Chr06",36,50,14,13,20,0,98,97,51.5463917525773,13.4020618556701,20.6185567010309
"3","M_polymorpha","M_polymorpha_Chr06",37,53,33,7,21,0,115,114,46.4912280701754,6.14035087719298,18.4210526315789
"3","M_polymorpha","M_polymorpha_Chr06",38,66,22,8,15,0,112,111,59.4594594594595,7.20720720720721,13.5135135135135
"3","M_polymorpha","M_polymorpha_Chr06",39,45,32,9,26,0,112,112,40.1785714285714,8.03571428571429,23.2142857142857
"3","M_polymorpha","M_polymorpha_Chr06",40,53,22,10,19,0,104,104,50.9615384615385,9.61538461538461,18.2692307692308
"3","M_polymorpha","M_polymorpha_Chr06",41,44,21,12,27,0,104,104,42.3076923076923,11.5384615384615,25.9615384615385
"3","M_polymorpha","M_polymorpha_Chr06",42,21,6,6,7,0,40,40,52.5,15,17.5
"3","M_polymorpha","M_polymorpha_Chr07",0,42,18,5,18,0,83,83,50.6024096385542,6.02409638554217,21.6867469879518
"3","M_polymorpha","M_polymorpha_Chr07",1,37,23,13,23,0,97,96,38.5416666666667,13.5416666666667,23.9583333333333
"3","M_polymorpha","M_polymorpha_Chr07",2,48,8,9,25,0,90,90,53.3333333333333,10,27.7777777777778
"3","M_polymorpha","M_polymorpha_Chr07",3,48,6,12,20,0,86,86,55.8139534883721,13.953488372093,23.2558139534884
"3","M_polymorpha","M_polymorpha_Chr07",4,49,10,7,35,0,101,101,48.5148514851485,6.93069306930693,34.6534653465347
"3","M_polymorpha","M_polymorpha_Chr07",5,35,12,7,26,0,80,80,43.75,8.75,32.5
"3","M_polymorpha","M_polymorpha_Chr07",6,41,6,6,22,0,75,75,54.6666666666667,8,29.3333333333333
"3","M_polymorpha","M_polymorpha_Chr07",7,34,22,6,17,0,79,79,43.0379746835443,7.59493670886076,21.5189873417722
"3","M_polymorpha","M_polymorpha_Chr07",8,23,11,12,18,0,64,64,35.9375,18.75,28.125
"3","M_polymorpha","M_polymorpha_Chr07",9,26,19,12,30,0,87,87,29.8850574712644,13.7931034482759,34.4827586206897
"3","M_polymorpha","M_polymorpha_Chr07",10,43,11,8,33,0,95,95,45.2631578947368,8.42105263157895,34.7368421052632
"3","M_polymorpha","M_polymorpha_Chr07",11,41,6,13,31,0,92,91,45.0549450549451,14.2857142857143,34.0659340659341
"3","M_polymorpha","M_polymorpha_Chr07",12,41,11,19,28,0,99,99,41.4141414141414,19.1919191919192,28.2828282828283
"3","M_polymorpha","M_polymorpha_Chr07",13,31,25,12,28,0,97,96,32.2916666666667,12.5,29.1666666666667
"3","M_polymorpha","M_polymorpha_Chr07",14,34,18,18,24,0,94,94,36.1702127659574,19.1489361702128,25.531914893617
"3","M_polymorpha","M_polymorpha_Chr07",15,32,18,16,24,0,92,90,35.5555555555556,17.7777777777778,26.6666666666667
"3","M_polymorpha","M_polymorpha_Chr07",16,29,24,10,25,0,89,88,32.9545454545455,11.3636363636364,28.4090909090909
"3","M_polymorpha","M_polymorpha_Chr07",17,41,12,9,29,0,91,91,45.0549450549451,9.89010989010989,31.8681318681319
"3","M_polymorpha","M_polymorpha_Chr07",18,45,19,14,33,0,111,111,40.5405405405405,12.6126126126126,29.7297297297297
"3","M_polymorpha","M_polymorpha_Chr07",19,43,17,9,29,0,98,98,43.8775510204082,9.18367346938776,29.5918367346939
"3","M_polymorpha","M_polymorpha_Chr07",20,35,11,15,27,0,89,88,39.7727272727273,17.0454545454545,30.6818181818182
"3","M_polymorpha","M_polymorpha_Chr07",21,35,11,10,29,0,85,85,41.1764705882353,11.7647058823529,34.1176470588235
"3","M_polymorpha","M_polymorpha_Chr07",22,35,16,8,19,0,78,78,44.8717948717949,10.2564102564103,24.3589743589744
"3","M_polymorpha","M_polymorpha_Chr07",23,26,19,9,33,0,87,87,29.8850574712644,10.3448275862069,37.9310344827586
"3","M_polymorpha","M_polymorpha_Chr07",24,29,7,19,19,0,74,74,39.1891891891892,25.6756756756757,25.6756756756757
"3","M_polymorpha","M_polymorpha_Chr07",25,36,11,13,20,0,80,80,45,16.25,25
"3","M_polymorpha","M_polymorpha_Chr07",26,45,9,9,17,0,82,80,56.25,11.25,21.25
"3","M_polymorpha","M_polymorpha_Chr07",27,47,8,7,26,0,88,88,53.4090909090909,7.95454545454545,29.5454545454545
"3","M_polymorpha","M_polymorpha_Chr07",28,48,9,8,26,0,91,91,52.7472527472527,8.79120879120879,28.5714285714286
"3","M_polymorpha","M_polymorpha_Chr07",29,47,12,8,19,0,86,86,54.6511627906977,9.30232558139535,22.093023255814
"3","M_polymorpha","M_polymorpha_Chr07",30,51,23,10,11,0,95,95,53.6842105263158,10.5263157894737,11.5789473684211
"3","M_polymorpha","M_polymorpha_Chr07",31,52,10,5,24,0,91,91,57.1428571428571,5.49450549450549,26.3736263736264
"3","M_polymorpha","M_polymorpha_Chr07",32,67,29,8,14,0,119,118,56.7796610169492,6.77966101694915,11.864406779661
"3","M_polymorpha","M_polymorpha_Chr07",33,55,18,6,20,0,99,99,55.5555555555556,6.06060606060606,20.2020202020202
"3","M_polymorpha","M_polymorpha_Chr07",34,60,16,11,14,0,101,101,59.4059405940594,10.8910891089109,13.8613861386139
"3","M_polymorpha","M_polymorpha_Chr07",35,72,9,8,31,0,120,120,60,6.66666666666667,25.8333333333333
"3","M_polymorpha","M_polymorpha_Chr07",36,71,11,2,14,0,99,98,72.4489795918367,2.04081632653061,14.2857142857143
"3","M_polymorpha","M_polymorpha_Chr07",37,54,15,10,22,0,101,101,53.4653465346535,9.9009900990099,21.7821782178218
"3","M_polymorpha","M_polymorpha_Chr07",38,54,17,7,24,0,102,102,52.9411764705882,6.86274509803922,23.5294117647059
"3","M_polymorpha","M_polymorpha_Chr07",39,63,19,6,10,0,98,98,64.2857142857143,6.12244897959184,10.2040816326531
"3","M_polymorpha","M_polymorpha_Chr07",40,58,13,11,23,0,105,105,55.2380952380952,10.4761904761905,21.9047619047619
"3","M_polymorpha","M_polymorpha_Chr07",41,50,37,6,14,0,107,107,46.7289719626168,5.60747663551402,13.0841121495327
"3","M_polymorpha","M_polymorpha_Chr07",42,56,34,10,17,0,117,117,47.8632478632479,8.54700854700855,14.5299145299145
"3","M_polymorpha","M_polymorpha_Chr07",43,49,30,6,19,0,104,104,47.1153846153846,5.76923076923077,18.2692307692308
"3","M_polymorpha","M_polymorpha_Chr07",44,68,17,11,21,0,117,117,58.1196581196581,9.4017094017094,17.9487179487179
"3","M_polymorpha","M_polymorpha_Chr07",45,58,21,6,23,0,109,108,53.7037037037037,5.55555555555556,21.2962962962963
"3","M_polymorpha","M_polymorpha_Chr07",46,73,17,11,22,0,125,123,59.349593495935,8.94308943089431,17.8861788617886
"3","M_polymorpha","M_polymorpha_Chr07",47,66,14,4,23,0,107,107,61.6822429906542,3.73831775700935,21.4953271028037
"3","M_polymorpha","M_polymorpha_Chr07",48,48,33,12,10,0,103,103,46.6019417475728,11.6504854368932,9.70873786407767
"3","M_polymorpha","M_polymorpha_Chr07",49,67,34,7,20,0,128,128,52.34375,5.46875,15.625
"3","M_polymorpha","M_polymorpha_Chr07",50,71,21,9,20,0,121,121,58.6776859504132,7.43801652892562,16.5289256198347
"3","M_polymorpha","M_polymorpha_Chr07",51,59,7,11,14,0,91,91,64.8351648351648,12.0879120879121,15.3846153846154
"3","M_polymorpha","M_polymorpha_Chr08",0,59,7,6,15,0,88,87,67.816091954023,6.89655172413793,17.2413793103448
"3","M_polymorpha","M_polymorpha_Chr08",1,56,13,2,11,0,83,82,68.2926829268293,2.4390243902439,13.4146341463415
"3","M_polymorpha","M_polymorpha_Chr08",2,58,11,20,32,0,121,121,47.9338842975207,16.5289256198347,26.4462809917355
"3","M_polymorpha","M_polymorpha_Chr08",3,44,18,3,12,0,77,77,57.1428571428571,3.8961038961039,15.5844155844156
"3","M_polymorpha","M_polymorpha_Chr08",4,59,14,7,14,0,94,94,62.7659574468085,7.4468085106383,14.8936170212766
"3","M_polymorpha","M_polymorpha_Chr08",5,45,18,13,14,0,90,90,50,14.4444444444444,15.5555555555556
"3","M_polymorpha","M_polymorpha_Chr08",6,49,11,10,16,0,86,86,56.9767441860465,11.6279069767442,18.6046511627907
"3","M_polymorpha","M_polymorpha_Chr08",7,40,12,7,17,0,78,76,52.6315789473684,9.21052631578947,22.3684210526316
"3","M_polymorpha","M_polymorpha_Chr08",8,48,8,6,18,0,80,80,60,7.5,22.5
"3","M_polymorpha","M_polymorpha_Chr08",9,50,12,5,17,0,84,84,59.5238095238095,5.95238095238095,20.2380952380952
"3","M_polymorpha","M_polymorpha_Chr08",10,66,11,10,19,0,106,106,62.2641509433962,9.43396226415094,17.9245283018868
"3","M_polymorpha","M_polymorpha_Chr08",11,53,7,6,19,0,85,85,62.3529411764706,7.05882352941176,22.3529411764706
"3","M_polymorpha","M_polymorpha_Chr08",12,59,8,4,26,0,98,97,60.8247422680412,4.12371134020619,26.8041237113402
"3","M_polymorpha","M_polymorpha_Chr08",13,46,13,4,20,0,83,83,55.421686746988,4.81927710843374,24.0963855421687
"3","M_polymorpha","M_polymorpha_Chr08",14,53,8,9,14,0,87,84,63.0952380952381,10.7142857142857,16.6666666666667
"3","M_polymorpha","M_polymorpha_Chr08",15,39,13,3,23,0,78,78,50,3.84615384615385,29.4871794871795
"3","M_polymorpha","M_polymorpha_Chr08",16,41,9,9,22,0,81,81,50.6172839506173,11.1111111111111,27.1604938271605
"3","M_polymorpha","M_polymorpha_Chr08",17,65,12,7,37,0,121,121,53.7190082644628,5.78512396694215,30.5785123966942
"3","M_polymorpha","M_polymorpha_Chr08",18,44,7,7,25,0,83,83,53.0120481927711,8.43373493975904,30.1204819277108
"3","M_polymorpha","M_polymorpha_Chr08",19,39,13,7,28,0,88,87,44.8275862068966,8.04597701149425,32.183908045977
"3","M_polymorpha","M_polymorpha_Chr08",20,33,13,15,23,0,85,84,39.2857142857143,17.8571428571429,27.3809523809524
"3","M_polymorpha","M_polymorpha_Chr08",21,42,18,10,22,0,92,92,45.6521739130435,10.8695652173913,23.9130434782609
"3","M_polymorpha","M_polymorpha_Chr08",22,51,20,19,29,0,119,119,42.8571428571429,15.9663865546218,24.3697478991597
"3","M_polymorpha","M_polymorpha_Chr08",23,42,19,20,29,0,110,110,38.1818181818182,18.1818181818182,26.3636363636364
"3","M_polymorpha","M_polymorpha_Chr08",24,31,25,17,22,0,96,95,32.6315789473684,17.8947368421053,23.1578947368421
"3","M_polymorpha","M_polymorpha_Chr08",25,41,7,13,30,0,91,91,45.0549450549451,14.2857142857143,32.967032967033
"3","M_polymorpha","M_polymorpha_Chr08",26,41,10,11,39,0,102,101,40.5940594059406,10.8910891089109,38.6138613861386
"3","M_polymorpha","M_polymorpha_Chr08",27,46,11,9,41,0,107,107,42.9906542056075,8.41121495327103,38.3177570093458
"3","M_polymorpha","M_polymorpha_Chr08",28,47,11,10,28,0,96,96,48.9583333333333,10.4166666666667,29.1666666666667
"3","M_polymorpha","M_polymorpha_Chr08",29,38,12,6,19,0,75,75,50.6666666666667,8,25.3333333333333
"3","M_polymorpha","M_polymorpha_Chr08",30,53,7,8,23,0,91,91,58.2417582417582,8.79120879120879,25.2747252747253
"3","M_polymorpha","M_polymorpha_Chr08",31,62,8,5,20,0,95,95,65.2631578947368,5.26315789473684,21.0526315789474
"3","M_polymorpha","M_polymorpha_Chr08",32,54,6,11,19,0,91,90,60,12.2222222222222,21.1111111111111
"3","M_polymorpha","M_polymorpha_Chr08",33,82,10,11,19,0,124,122,67.2131147540984,9.01639344262295,15.5737704918033
"3","M_polymorpha","M_polymorpha_Chr08",34,71,6,5,17,0,99,99,71.7171717171717,5.05050505050505,17.1717171717172
"3","M_polymorpha","M_polymorpha_Chr08",35,56,4,4,21,0,85,85,65.8823529411765,4.70588235294118,24.7058823529412
"3","M_polymorpha","M_polymorpha_Chr08",36,44,5,6,12,0,67,67,65.6716417910448,8.95522388059701,17.910447761194
"3","M_polymorpha","M_polymorpha_Chr08",37,64,5,10,15,0,94,94,68.0851063829787,10.6382978723404,15.9574468085106
"3","M_polymorpha","M_polymorpha_Chr08",38,64,7,5,17,0,94,93,68.8172043010753,5.37634408602151,18.2795698924731
"3","M_polymorpha","M_polymorpha_Chr08",39,69,5,7,8,0,90,89,77.5280898876404,7.86516853932584,8.98876404494382
"3","M_polymorpha","M_polymorpha_Chr08",40,64,7,8,20,0,99,99,64.6464646464647,8.08080808080808,20.2020202020202
"3","M_polymorpha","M_polymorpha_Chr08",41,87,9,13,16,0,125,125,69.6,10.4,12.8
"3","M_polymorpha","M_polymorpha_Chr08",42,73,3,7,20,0,103,103,70.873786407767,6.79611650485437,19.4174757281553
"3","M_polymorpha","M_polymorpha_Chr08",43,79,7,18,14,0,118,118,66.9491525423729,15.2542372881356,11.864406779661
"3","M_polymorpha","M_polymorpha_Chr08",44,65,8,14,16,0,103,103,63.1067961165049,13.5922330097087,15.5339805825243
"3","M_polymorpha","M_polymorpha_Chr08",45,67,6,11,18,0,102,102,65.6862745098039,10.7843137254902,17.6470588235294
"3","M_polymorpha","M_polymorpha_Chr08",46,67,7,8,13,0,95,95,70.5263157894737,8.42105263157895,13.6842105263158
"3","M_polymorpha","M_polymorpha_Chr08",47,68,7,11,12,0,98,98,69.3877551020408,11.2244897959184,12.2448979591837
"3","M_polymorpha","M_polymorpha_Chr08",48,81,4,4,23,0,112,112,72.3214285714286,3.57142857142857,20.5357142857143
"3","M_polymorpha","M_polymorpha_Chr08",49,61,8,12,15,0,96,96,63.5416666666667,12.5,15.625
"3","M_polymorpha","M_polymorpha_Chr08",50,70,3,8,17,0,98,98,71.4285714285714,8.16326530612245,17.3469387755102
"3","M_polymorpha","M_polymorpha_Chr08",51,69,13,6,19,0,107,107,64.4859813084112,5.60747663551402,17.7570093457944
"3","M_polymorpha","M_polymorpha_Chr08",52,59,11,12,16,0,98,98,60.2040816326531,12.2448979591837,16.3265306122449
"3","M_polymorpha","M_polymorpha_Chr08",53,62,17,11,17,0,107,107,57.9439252336449,10.2803738317757,15.8878504672897
"3","M_polymorpha","M_polymorpha_Chr08",54,75,12,12,23,0,122,122,61.4754098360656,9.83606557377049,18.8524590163934
"3","M_polymorpha","M_polymorpha_Chr08",55,50,11,14,18,0,93,93,53.7634408602151,15.0537634408602,19.3548387096774
"4","M_ruthenica_landa","M_ruthenica_landa_Chr01",0,43,24,4,2,0,73,73,58.9041095890411,5.47945205479452,2.73972602739726
"4","M_ruthenica_landa","M_ruthenica_landa_Chr01",1,31,20,12,3,0,66,66,46.969696969697,18.1818181818182,4.54545454545455
"4","M_ruthenica_landa","M_ruthenica_landa_Chr01",2,51,18,4,1,0,74,74,68.9189189189189,5.40540540540541,1.35135135135135
"4","M_ruthenica_landa","M_ruthenica_landa_Chr01",3,59,25,1,7,0,92,92,64.1304347826087,1.08695652173913,7.60869565217391
"4","M_ruthenica_landa","M_ruthenica_landa_Chr01",4,56,11,9,4,0,80,80,70,11.25,5
"4","M_ruthenica_landa","M_ruthenica_landa_Chr01",5,40,7,20,5,0,72,72,55.5555555555556,27.7777777777778,6.94444444444444
"4","M_ruthenica_landa","M_ruthenica_landa_Chr01",6,48,5,18,7,0,78,78,61.5384615384615,23.0769230769231,8.97435897435897
"4","M_ruthenica_landa","M_ruthenica_landa_Chr01",7,40,13,10,5,0,68,68,58.8235294117647,14.7058823529412,7.35294117647059
"4","M_ruthenica_landa","M_ruthenica_landa_Chr01",8,48,12,19,4,0,83,83,57.8313253012048,22.8915662650602,4.81927710843374
"4","M_ruthenica_landa","M_ruthenica_landa_Chr01",9,24,21,36,3,0,84,84,28.5714285714286,42.8571428571429,3.57142857142857
"4","M_ruthenica_landa","M_ruthenica_landa_Chr01",10,39,10,11,2,0,62,62,62.9032258064516,17.741935483871,3.2258064516129
"4","M_ruthenica_landa","M_ruthenica_landa_Chr01",11,34,9,15,1,0,59,59,57.6271186440678,25.4237288135593,1.69491525423729
"4","M_ruthenica_landa","M_ruthenica_landa_Chr01",12,49,7,19,7,0,82,82,59.7560975609756,23.1707317073171,8.53658536585366
"4","M_ruthenica_landa","M_ruthenica_landa_Chr01",13,64,4,12,5,0,85,85,75.2941176470588,14.1176470588235,5.88235294117647
"4","M_ruthenica_landa","M_ruthenica_landa_Chr01",14,56,24,6,3,0,89,89,62.9213483146067,6.74157303370786,3.37078651685393
"4","M_ruthenica_landa","M_ruthenica_landa_Chr01",15,48,21,0,7,0,76,76,63.1578947368421,0,9.21052631578947
"4","M_ruthenica_landa","M_ruthenica_landa_Chr01",16,50,11,5,5,0,71,71,70.4225352112676,7.04225352112676,7.04225352112676
"4","M_ruthenica_landa","M_ruthenica_landa_Chr01",17,33,20,4,5,0,62,62,53.2258064516129,6.45161290322581,8.06451612903226
"4","M_ruthenica_landa","M_ruthenica_landa_Chr01",18,33,18,22,4,0,77,77,42.8571428571429,28.5714285714286,5.19480519480519
"4","M_ruthenica_landa","M_ruthenica_landa_Chr01",19,40,19,14,3,0,76,76,52.6315789473684,18.4210526315789,3.94736842105263
"4","M_ruthenica_landa","M_ruthenica_landa_Chr01",20,36,22,7,2,0,67,67,53.7313432835821,10.4477611940299,2.98507462686567
"4","M_ruthenica_landa","M_ruthenica_landa_Chr01",21,31,36,8,10,0,85,85,36.4705882352941,9.41176470588235,11.7647058823529
"4","M_ruthenica_landa","M_ruthenica_landa_Chr01",22,14,22,26,4,0,66,66,21.2121212121212,39.3939393939394,6.06060606060606
"4","M_ruthenica_landa","M_ruthenica_landa_Chr01",23,34,44,8,6,0,92,92,36.9565217391304,8.69565217391304,6.52173913043478
"4","M_ruthenica_landa","M_ruthenica_landa_Chr01",24,38,34,2,2,0,76,76,50,2.63157894736842,2.63157894736842
"4","M_ruthenica_landa","M_ruthenica_landa_Chr01",25,47,12,1,8,0,68,68,69.1176470588235,1.47058823529412,11.7647058823529
"4","M_ruthenica_landa","M_ruthenica_landa_Chr01",26,47,21,3,13,0,84,84,55.9523809523809,3.57142857142857,15.4761904761905
"4","M_ruthenica_landa","M_ruthenica_landa_Chr01",27,32,38,3,6,0,79,79,40.5063291139241,3.79746835443038,7.59493670886076
"4","M_ruthenica_landa","M_ruthenica_landa_Chr01",28,27,21,12,1,0,61,61,44.2622950819672,19.672131147541,1.63934426229508
"4","M_ruthenica_landa","M_ruthenica_landa_Chr01",29,32,5,25,6,0,68,68,47.0588235294118,36.7647058823529,8.82352941176471
"4","M_ruthenica_landa","M_ruthenica_landa_Chr01",30,34,13,17,1,0,65,65,52.3076923076923,26.1538461538462,1.53846153846154
"4","M_ruthenica_landa","M_ruthenica_landa_Chr01",31,47,5,26,2,0,80,80,58.75,32.5,2.5
"4","M_ruthenica_landa","M_ruthenica_landa_Chr01",32,31,12,22,4,0,69,69,44.9275362318841,31.8840579710145,5.79710144927536
"4","M_ruthenica_landa","M_ruthenica_landa_Chr01",33,37,8,9,4,0,58,58,63.7931034482759,15.5172413793103,6.89655172413793
"4","M_ruthenica_landa","M_ruthenica_landa_Chr01",34,26,27,3,4,0,60,60,43.3333333333333,5,6.66666666666667
"4","M_ruthenica_landa","M_ruthenica_landa_Chr01",35,43,15,1,7,0,66,66,65.1515151515152,1.51515151515152,10.6060606060606
"4","M_ruthenica_landa","M_ruthenica_landa_Chr01",36,48,13,0,9,0,70,70,68.5714285714286,0,12.8571428571429
"4","M_ruthenica_landa","M_ruthenica_landa_Chr01",37,34,21,1,5,0,61,61,55.7377049180328,1.63934426229508,8.19672131147541
"4","M_ruthenica_landa","M_ruthenica_landa_Chr01",38,33,18,0,4,0,55,55,60,0,7.27272727272727
"4","M_ruthenica_landa","M_ruthenica_landa_Chr01",39,44,21,0,3,0,68,68,64.7058823529412,0,4.41176470588235
"4","M_ruthenica_landa","M_ruthenica_landa_Chr01",40,25,28,4,4,0,61,61,40.9836065573771,6.55737704918033,6.55737704918033
"4","M_ruthenica_landa","M_ruthenica_landa_Chr01",41,34,16,3,1,0,54,54,62.962962962963,5.55555555555556,1.85185185185185
"4","M_ruthenica_landa","M_ruthenica_landa_Chr01",42,46,22,1,5,0,74,74,62.1621621621622,1.35135135135135,6.75675675675676
"4","M_ruthenica_landa","M_ruthenica_landa_Chr01",43,40,24,2,5,0,71,71,56.3380281690141,2.8169014084507,7.04225352112676
"4","M_ruthenica_landa","M_ruthenica_landa_Chr01",44,56,17,0,2,0,75,75,74.6666666666667,0,2.66666666666667
"4","M_ruthenica_landa","M_ruthenica_landa_Chr01",45,41,16,1,3,0,61,61,67.2131147540984,1.63934426229508,4.91803278688525
"4","M_ruthenica_landa","M_ruthenica_landa_Chr01",46,48,35,2,3,0,88,88,54.5454545454545,2.27272727272727,3.40909090909091
"4","M_ruthenica_landa","M_ruthenica_landa_Chr01",47,36,26,2,1,0,65,65,55.3846153846154,3.07692307692308,1.53846153846154
"4","M_ruthenica_landa","M_ruthenica_landa_Chr01",48,24,31,4,5,0,64,64,37.5,6.25,7.8125
"4","M_ruthenica_landa","M_ruthenica_landa_Chr01",49,44,26,2,5,0,77,77,57.1428571428571,2.5974025974026,6.49350649350649
"4","M_ruthenica_landa","M_ruthenica_landa_Chr01",50,31,21,1,0,0,53,53,58.4905660377358,1.88679245283019,0
"4","M_ruthenica_landa","M_ruthenica_landa_Chr01",51,22,26,0,4,0,52,52,42.3076923076923,0,7.69230769230769
"4","M_ruthenica_landa","M_ruthenica_landa_Chr01",52,32,25,1,2,0,60,60,53.3333333333333,1.66666666666667,3.33333333333333
"4","M_ruthenica_landa","M_ruthenica_landa_Chr01",53,41,23,2,5,0,71,71,57.7464788732394,2.8169014084507,7.04225352112676
"4","M_ruthenica_landa","M_ruthenica_landa_Chr01",54,33,23,3,7,0,66,66,50,4.54545454545455,10.6060606060606
"4","M_ruthenica_landa","M_ruthenica_landa_Chr01",55,34,27,3,7,0,71,71,47.887323943662,4.22535211267606,9.85915492957746
"4","M_ruthenica_landa","M_ruthenica_landa_Chr01",56,46,15,3,3,0,67,67,68.6567164179104,4.47761194029851,4.47761194029851
"4","M_ruthenica_landa","M_ruthenica_landa_Chr01",57,35,20,1,3,0,59,59,59.3220338983051,1.69491525423729,5.08474576271186
"4","M_ruthenica_landa","M_ruthenica_landa_Chr01",58,36,21,1,2,0,60,60,60,1.66666666666667,3.33333333333333
"4","M_ruthenica_landa","M_ruthenica_landa_Chr01",59,40,19,0,5,0,64,64,62.5,0,7.8125
"4","M_ruthenica_landa","M_ruthenica_landa_Chr01",60,50,20,3,5,0,78,78,64.1025641025641,3.84615384615385,6.41025641025641
"4","M_ruthenica_landa","M_ruthenica_landa_Chr01",61,39,23,3,2,0,67,67,58.2089552238806,4.47761194029851,2.98507462686567
"4","M_ruthenica_landa","M_ruthenica_landa_Chr01",62,44,23,1,2,0,70,70,62.8571428571429,1.42857142857143,2.85714285714286
"4","M_ruthenica_landa","M_ruthenica_landa_Chr01",63,60,14,0,2,0,76,76,78.9473684210526,0,2.63157894736842
"4","M_ruthenica_landa","M_ruthenica_landa_Chr01",64,56,29,2,6,0,93,93,60.2150537634409,2.1505376344086,6.45161290322581
"4","M_ruthenica_landa","M_ruthenica_landa_Chr01",65,44,24,3,1,0,72,72,61.1111111111111,4.16666666666667,1.38888888888889
"4","M_ruthenica_landa","M_ruthenica_landa_Chr01",66,37,27,5,2,0,71,71,52.112676056338,7.04225352112676,2.8169014084507
"4","M_ruthenica_landa","M_ruthenica_landa_Chr01",67,32,37,4,2,0,75,75,42.6666666666667,5.33333333333333,2.66666666666667
"4","M_ruthenica_landa","M_ruthenica_landa_Chr01",68,42,29,2,4,0,77,77,54.5454545454545,2.5974025974026,5.19480519480519
"4","M_ruthenica_landa","M_ruthenica_landa_Chr01",69,31,35,0,2,0,68,68,45.5882352941176,0,2.94117647058824
"4","M_ruthenica_landa","M_ruthenica_landa_Chr01",70,38,36,3,1,0,78,78,48.7179487179487,3.84615384615385,1.28205128205128
"4","M_ruthenica_landa","M_ruthenica_landa_Chr01",71,38,31,4,1,0,74,74,51.3513513513514,5.40540540540541,1.35135135135135
"4","M_ruthenica_landa","M_ruthenica_landa_Chr01",72,30,23,4,9,0,66,66,45.4545454545455,6.06060606060606,13.6363636363636
"4","M_ruthenica_landa","M_ruthenica_landa_Chr01",73,52,40,4,7,0,103,103,50.4854368932039,3.88349514563107,6.79611650485437
"4","M_ruthenica_landa","M_ruthenica_landa_Chr01",74,25,29,2,4,0,60,60,41.6666666666667,3.33333333333333,6.66666666666667
"4","M_ruthenica_landa","M_ruthenica_landa_Chr01",75,36,19,0,2,0,57,57,63.1578947368421,0,3.50877192982456
"4","M_ruthenica_landa","M_ruthenica_landa_Chr01",76,36,29,1,2,0,68,68,52.9411764705882,1.47058823529412,2.94117647058824
"4","M_ruthenica_landa","M_ruthenica_landa_Chr01",77,38,28,1,2,0,69,69,55.0724637681159,1.44927536231884,2.89855072463768
"4","M_ruthenica_landa","M_ruthenica_landa_Chr01",78,45,34,5,1,0,85,85,52.9411764705882,5.88235294117647,1.17647058823529
"4","M_ruthenica_landa","M_ruthenica_landa_Chr01",79,30,40,1,0,0,71,71,42.2535211267606,1.40845070422535,0
"4","M_ruthenica_landa","M_ruthenica_landa_Chr01",80,43,42,5,4,0,94,94,45.7446808510638,5.31914893617021,4.25531914893617
"4","M_ruthenica_landa","M_ruthenica_landa_Chr01",81,46,45,5,2,0,98,98,46.9387755102041,5.10204081632653,2.04081632653061
"4","M_ruthenica_landa","M_ruthenica_landa_Chr01",82,44,35,2,6,0,87,87,50.5747126436782,2.29885057471264,6.89655172413793
"4","M_ruthenica_landa","M_ruthenica_landa_Chr01",83,25,31,3,3,0,62,62,40.3225806451613,4.83870967741935,4.83870967741935
"4","M_ruthenica_landa","M_ruthenica_landa_Chr01",84,51,39,3,2,0,95,95,53.6842105263158,3.15789473684211,2.10526315789474
"4","M_ruthenica_landa","M_ruthenica_landa_Chr01",85,45,35,2,2,0,84,84,53.5714285714286,2.38095238095238,2.38095238095238
"4","M_ruthenica_landa","M_ruthenica_landa_Chr01",86,32,29,1,0,0,62,62,51.6129032258064,1.61290322580645,0
"4","M_ruthenica_landa","M_ruthenica_landa_Chr01",87,31,44,3,3,0,81,81,38.2716049382716,3.7037037037037,3.7037037037037
"4","M_ruthenica_landa","M_ruthenica_landa_Chr01",88,32,27,4,0,0,63,63,50.7936507936508,6.34920634920635,0
"4","M_ruthenica_landa","M_ruthenica_landa_Chr01",89,59,30,3,3,0,95,95,62.1052631578947,3.15789473684211,3.15789473684211
"4","M_ruthenica_landa","M_ruthenica_landa_Chr01",90,29,42,2,4,0,77,77,37.6623376623377,2.5974025974026,5.19480519480519
"4","M_ruthenica_landa","M_ruthenica_landa_Chr01",91,35,27,2,3,0,67,67,52.2388059701493,2.98507462686567,4.47761194029851
"4","M_ruthenica_landa","M_ruthenica_landa_Chr01",92,30,32,2,7,0,71,71,42.2535211267606,2.8169014084507,9.85915492957746
"4","M_ruthenica_landa","M_ruthenica_landa_Chr01",93,36,23,4,5,0,68,68,52.9411764705882,5.88235294117647,7.35294117647059
"4","M_ruthenica_landa","M_ruthenica_landa_Chr01",94,41,24,4,1,0,70,70,58.5714285714286,5.71428571428571,1.42857142857143
"4","M_ruthenica_landa","M_ruthenica_landa_Chr01",95,38,35,1,4,0,78,78,48.7179487179487,1.28205128205128,5.12820512820513
"4","M_ruthenica_landa","M_ruthenica_landa_Chr01",96,35,33,9,4,0,81,81,43.2098765432099,11.1111111111111,4.93827160493827
"4","M_ruthenica_landa","M_ruthenica_landa_Chr01",97,42,38,3,2,0,85,85,49.4117647058824,3.52941176470588,2.35294117647059
"4","M_ruthenica_landa","M_ruthenica_landa_Chr01",98,36,34,5,3,0,78,78,46.1538461538462,6.41025641025641,3.84615384615385
"4","M_ruthenica_landa","M_ruthenica_landa_Chr01",99,50,34,7,5,0,96,96,52.0833333333333,7.29166666666667,5.20833333333333
"4","M_ruthenica_landa","M_ruthenica_landa_Chr01",100,50,38,8,6,0,102,102,49.0196078431373,7.84313725490196,5.88235294117647
"4","M_ruthenica_landa","M_ruthenica_landa_Chr01",101,36,28,6,1,0,71,71,50.7042253521127,8.45070422535211,1.40845070422535
"4","M_ruthenica_landa","M_ruthenica_landa_Chr01",102,38,32,7,6,0,83,83,45.7831325301205,8.43373493975904,7.2289156626506
"4","M_ruthenica_landa","M_ruthenica_landa_Chr01",103,42,32,3,3,0,80,80,52.5,3.75,3.75
"4","M_ruthenica_landa","M_ruthenica_landa_Chr01",104,51,33,9,4,0,97,97,52.5773195876289,9.27835051546392,4.12371134020619
"4","M_ruthenica_landa","M_ruthenica_landa_Chr01",105,43,29,6,6,0,84,84,51.1904761904762,7.14285714285714,7.14285714285714
"4","M_ruthenica_landa","M_ruthenica_landa_Chr01",106,37,36,7,7,0,87,87,42.5287356321839,8.04597701149425,8.04597701149425
"4","M_ruthenica_landa","M_ruthenica_landa_Chr01",107,43,28,5,3,0,79,79,54.4303797468354,6.32911392405063,3.79746835443038
"4","M_ruthenica_landa","M_ruthenica_landa_Chr01",108,49,33,4,6,0,92,92,53.2608695652174,4.34782608695652,6.52173913043478
"4","M_ruthenica_landa","M_ruthenica_landa_Chr01",109,43,33,1,5,0,82,82,52.4390243902439,1.21951219512195,6.09756097560976
"4","M_ruthenica_landa","M_ruthenica_landa_Chr01",110,46,22,3,2,0,73,73,63.013698630137,4.10958904109589,2.73972602739726
"4","M_ruthenica_landa","M_ruthenica_landa_Chr01",111,45,32,9,2,0,88,88,51.1363636363636,10.2272727272727,2.27272727272727
"4","M_ruthenica_landa","M_ruthenica_landa_Chr01",112,46,28,2,5,0,81,81,56.7901234567901,2.46913580246914,6.17283950617284
"4","M_ruthenica_landa","M_ruthenica_landa_Chr01",113,49,33,11,7,0,100,100,49,11,7
"4","M_ruthenica_landa","M_ruthenica_landa_Chr01",114,59,26,3,1,0,89,89,66.2921348314607,3.37078651685393,1.12359550561798
"4","M_ruthenica_landa","M_ruthenica_landa_Chr01",115,45,24,8,1,0,78,78,57.6923076923077,10.2564102564103,1.28205128205128
"4","M_ruthenica_landa","M_ruthenica_landa_Chr01",116,47,32,9,5,0,93,93,50.5376344086022,9.67741935483871,5.37634408602151
"4","M_ruthenica_landa","M_ruthenica_landa_Chr01",117,15,3,0,0,0,18,18,83.3333333333333,0,0
"4","M_ruthenica_landa","M_ruthenica_landa_Chr02",0,48,15,3,3,0,69,69,69.5652173913043,4.34782608695652,4.34782608695652
"4","M_ruthenica_landa","M_ruthenica_landa_Chr02",1,53,17,11,0,0,81,81,65.4320987654321,13.5802469135802,0
"4","M_ruthenica_landa","M_ruthenica_landa_Chr02",2,61,16,8,7,0,92,92,66.304347826087,8.69565217391304,7.60869565217391
"4","M_ruthenica_landa","M_ruthenica_landa_Chr02",3,58,11,7,4,0,80,80,72.5,8.75,5
"4","M_ruthenica_landa","M_ruthenica_landa_Chr02",4,44,23,10,4,0,81,81,54.320987654321,12.3456790123457,4.93827160493827
"4","M_ruthenica_landa","M_ruthenica_landa_Chr02",5,62,10,9,11,0,92,92,67.3913043478261,9.78260869565217,11.9565217391304
"4","M_ruthenica_landa","M_ruthenica_landa_Chr02",6,50,35,5,2,0,92,92,54.3478260869565,5.43478260869565,2.17391304347826
"4","M_ruthenica_landa","M_ruthenica_landa_Chr02",7,39,34,19,11,0,103,103,37.8640776699029,18.4466019417476,10.6796116504854
"4","M_ruthenica_landa","M_ruthenica_landa_Chr02",8,22,24,20,7,0,73,73,30.1369863013699,27.3972602739726,9.58904109589041
"4","M_ruthenica_landa","M_ruthenica_landa_Chr02",9,28,17,30,4,0,79,79,35.4430379746835,37.9746835443038,5.06329113924051
"4","M_ruthenica_landa","M_ruthenica_landa_Chr02",10,29,29,13,9,0,80,80,36.25,16.25,11.25
"4","M_ruthenica_landa","M_ruthenica_landa_Chr02",11,42,18,13,2,0,75,75,56,17.3333333333333,2.66666666666667
"4","M_ruthenica_landa","M_ruthenica_landa_Chr02",12,46,12,25,5,0,88,88,52.2727272727273,28.4090909090909,5.68181818181818
"4","M_ruthenica_landa","M_ruthenica_landa_Chr02",13,30,7,8,4,0,49,49,61.2244897959184,16.3265306122449,8.16326530612245
"4","M_ruthenica_landa","M_ruthenica_landa_Chr02",14,44,7,19,5,0,75,75,58.6666666666667,25.3333333333333,6.66666666666667
"4","M_ruthenica_landa","M_ruthenica_landa_Chr02",15,38,13,16,0,0,67,67,56.7164179104478,23.8805970149254,0
"4","M_ruthenica_landa","M_ruthenica_landa_Chr02",16,48,15,10,0,0,73,73,65.7534246575343,13.6986301369863,0
"4","M_ruthenica_landa","M_ruthenica_landa_Chr02",17,41,17,7,2,0,67,67,61.1940298507463,10.4477611940299,2.98507462686567
"4","M_ruthenica_landa","M_ruthenica_landa_Chr02",18,60,15,4,6,0,85,85,70.5882352941177,4.70588235294118,7.05882352941176
"4","M_ruthenica_landa","M_ruthenica_landa_Chr02",19,50,9,3,2,0,64,64,78.125,4.6875,3.125
"4","M_ruthenica_landa","M_ruthenica_landa_Chr02",20,61,9,2,1,0,73,73,83.5616438356164,2.73972602739726,1.36986301369863
"4","M_ruthenica_landa","M_ruthenica_landa_Chr02",21,68,2,1,3,0,74,74,91.8918918918919,1.35135135135135,4.05405405405405
"4","M_ruthenica_landa","M_ruthenica_landa_Chr02",22,55,1,1,3,0,60,60,91.6666666666667,1.66666666666667,5
"4","M_ruthenica_landa","M_ruthenica_landa_Chr02",23,61,7,4,9,0,81,81,75.3086419753086,4.93827160493827,11.1111111111111
"4","M_ruthenica_landa","M_ruthenica_landa_Chr02",24,48,7,1,3,0,59,59,81.3559322033898,1.69491525423729,5.08474576271186
"4","M_ruthenica_landa","M_ruthenica_landa_Chr02",25,58,6,1,3,0,68,68,85.2941176470588,1.47058823529412,4.41176470588235
"4","M_ruthenica_landa","M_ruthenica_landa_Chr02",26,52,7,4,4,0,67,67,77.6119402985075,5.97014925373134,5.97014925373134
"4","M_ruthenica_landa","M_ruthenica_landa_Chr02",27,52,8,4,9,0,73,73,71.2328767123288,5.47945205479452,12.3287671232877
"4","M_ruthenica_landa","M_ruthenica_landa_Chr02",28,54,7,3,4,0,68,68,79.4117647058823,4.41176470588235,5.88235294117647
"4","M_ruthenica_landa","M_ruthenica_landa_Chr02",29,58,10,0,4,0,72,72,80.5555555555556,0,5.55555555555556
"4","M_ruthenica_landa","M_ruthenica_landa_Chr02",30,47,6,1,2,0,56,56,83.9285714285714,1.78571428571429,3.57142857142857
"4","M_ruthenica_landa","M_ruthenica_landa_Chr02",31,51,7,3,3,0,64,64,79.6875,4.6875,4.6875
"4","M_ruthenica_landa","M_ruthenica_landa_Chr02",32,52,8,2,3,0,65,65,80,3.07692307692308,4.61538461538461
"4","M_ruthenica_landa","M_ruthenica_landa_Chr02",33,57,12,2,3,0,74,74,77.027027027027,2.7027027027027,4.05405405405405
"4","M_ruthenica_landa","M_ruthenica_landa_Chr02",34,59,5,1,2,0,67,67,88.0597014925373,1.49253731343284,2.98507462686567
"4","M_ruthenica_landa","M_ruthenica_landa_Chr02",35,53,10,3,5,0,71,71,74.6478873239437,4.22535211267606,7.04225352112676
"4","M_ruthenica_landa","M_ruthenica_landa_Chr02",36,44,9,0,4,0,57,57,77.1929824561404,0,7.01754385964912
"4","M_ruthenica_landa","M_ruthenica_landa_Chr02",37,48,14,3,3,0,68,68,70.5882352941177,4.41176470588235,4.41176470588235
"4","M_ruthenica_landa","M_ruthenica_landa_Chr02",38,61,7,4,7,0,79,79,77.2151898734177,5.06329113924051,8.86075949367089
"4","M_ruthenica_landa","M_ruthenica_landa_Chr02",39,59,13,3,6,0,81,81,72.8395061728395,3.7037037037037,7.40740740740741
"4","M_ruthenica_landa","M_ruthenica_landa_Chr02",40,51,10,4,5,0,70,70,72.8571428571429,5.71428571428571,7.14285714285714
"4","M_ruthenica_landa","M_ruthenica_landa_Chr02",41,47,9,3,5,0,64,64,73.4375,4.6875,7.8125
"4","M_ruthenica_landa","M_ruthenica_landa_Chr02",42,30,10,3,3,0,46,46,65.2173913043478,6.52173913043478,6.52173913043478
"4","M_ruthenica_landa","M_ruthenica_landa_Chr02",43,42,9,0,5,0,56,56,75,0,8.92857142857143
"4","M_ruthenica_landa","M_ruthenica_landa_Chr02",44,35,10,0,5,0,50,50,70,0,10
"4","M_ruthenica_landa","M_ruthenica_landa_Chr02",45,49,12,2,5,0,68,68,72.0588235294118,2.94117647058824,7.35294117647059
"4","M_ruthenica_landa","M_ruthenica_landa_Chr02",46,51,6,3,3,0,63,63,80.9523809523809,4.76190476190476,4.76190476190476
"4","M_ruthenica_landa","M_ruthenica_landa_Chr02",47,40,6,0,2,0,48,48,83.3333333333333,0,4.16666666666667
"4","M_ruthenica_landa","M_ruthenica_landa_Chr02",48,52,9,0,5,0,66,66,78.7878787878788,0,7.57575757575758
"4","M_ruthenica_landa","M_ruthenica_landa_Chr02",49,58,8,3,3,0,72,72,80.5555555555556,4.16666666666667,4.16666666666667
"4","M_ruthenica_landa","M_ruthenica_landa_Chr02",50,46,10,3,2,0,61,61,75.4098360655738,4.91803278688525,3.27868852459016
"4","M_ruthenica_landa","M_ruthenica_landa_Chr02",51,42,6,3,3,0,54,54,77.7777777777778,5.55555555555556,5.55555555555556
"4","M_ruthenica_landa","M_ruthenica_landa_Chr02",52,53,6,1,3,0,63,63,84.1269841269841,1.58730158730159,4.76190476190476
"4","M_ruthenica_landa","M_ruthenica_landa_Chr02",53,49,11,2,2,0,64,64,76.5625,3.125,3.125
"4","M_ruthenica_landa","M_ruthenica_landa_Chr02",54,53,16,2,7,0,78,78,67.9487179487179,2.56410256410256,8.97435897435897
"4","M_ruthenica_landa","M_ruthenica_landa_Chr02",55,39,9,1,3,0,52,52,75,1.92307692307692,5.76923076923077
"4","M_ruthenica_landa","M_ruthenica_landa_Chr02",56,42,12,2,1,0,57,57,73.6842105263158,3.50877192982456,1.75438596491228
"4","M_ruthenica_landa","M_ruthenica_landa_Chr02",57,40,7,1,2,0,50,50,80,2,4
"4","M_ruthenica_landa","M_ruthenica_landa_Chr02",58,47,7,2,3,0,59,59,79.6610169491525,3.38983050847458,5.08474576271186
"4","M_ruthenica_landa","M_ruthenica_landa_Chr02",59,52,10,4,3,0,69,69,75.3623188405797,5.79710144927536,4.34782608695652
"4","M_ruthenica_landa","M_ruthenica_landa_Chr02",60,43,10,2,1,0,56,56,76.7857142857143,3.57142857142857,1.78571428571429
"4","M_ruthenica_landa","M_ruthenica_landa_Chr02",61,49,10,1,1,0,61,61,80.327868852459,1.63934426229508,1.63934426229508
"4","M_ruthenica_landa","M_ruthenica_landa_Chr02",62,46,14,3,7,0,70,70,65.7142857142857,4.28571428571429,10
"4","M_ruthenica_landa","M_ruthenica_landa_Chr02",63,62,14,7,3,0,86,86,72.0930232558139,8.13953488372093,3.48837209302326
"4","M_ruthenica_landa","M_ruthenica_landa_Chr02",64,50,7,3,2,0,62,62,80.6451612903226,4.83870967741935,3.2258064516129
"4","M_ruthenica_landa","M_ruthenica_landa_Chr02",65,51,9,5,2,0,67,67,76.1194029850746,7.46268656716418,2.98507462686567
"4","M_ruthenica_landa","M_ruthenica_landa_Chr02",66,44,10,1,2,0,57,57,77.1929824561404,1.75438596491228,3.50877192982456
"4","M_ruthenica_landa","M_ruthenica_landa_Chr02",67,35,8,2,1,0,46,46,76.0869565217391,4.34782608695652,2.17391304347826
"4","M_ruthenica_landa","M_ruthenica_landa_Chr02",68,23,19,7,7,0,56,56,41.0714285714286,12.5,12.5
"4","M_ruthenica_landa","M_ruthenica_landa_Chr02",69,47,15,2,5,0,69,69,68.1159420289855,2.89855072463768,7.2463768115942
"4","M_ruthenica_landa","M_ruthenica_landa_Chr02",70,49,12,2,2,0,65,65,75.3846153846154,3.07692307692308,3.07692307692308
"4","M_ruthenica_landa","M_ruthenica_landa_Chr02",71,51,12,3,3,0,69,69,73.9130434782609,4.34782608695652,4.34782608695652
"4","M_ruthenica_landa","M_ruthenica_landa_Chr02",72,48,14,2,1,0,65,65,73.8461538461538,3.07692307692308,1.53846153846154
"4","M_ruthenica_landa","M_ruthenica_landa_Chr02",73,31,24,7,4,0,66,66,46.969696969697,10.6060606060606,6.06060606060606
"4","M_ruthenica_landa","M_ruthenica_landa_Chr02",74,35,25,5,5,0,70,70,50,7.14285714285714,7.14285714285714
"4","M_ruthenica_landa","M_ruthenica_landa_Chr02",75,46,20,3,7,0,76,76,60.5263157894737,3.94736842105263,9.21052631578947
"4","M_ruthenica_landa","M_ruthenica_landa_Chr02",76,34,14,4,1,0,53,53,64.1509433962264,7.54716981132075,1.88679245283019
"4","M_ruthenica_landa","M_ruthenica_landa_Chr02",77,36,10,3,4,0,53,53,67.9245283018868,5.66037735849057,7.54716981132075
"4","M_ruthenica_landa","M_ruthenica_landa_Chr02",78,40,23,3,2,0,68,68,58.8235294117647,4.41176470588235,2.94117647058824
"4","M_ruthenica_landa","M_ruthenica_landa_Chr02",79,44,16,3,4,0,67,67,65.6716417910448,4.47761194029851,5.97014925373134
"4","M_ruthenica_landa","M_ruthenica_landa_Chr02",80,37,23,7,3,0,70,70,52.8571428571429,10,4.28571428571429
"4","M_ruthenica_landa","M_ruthenica_landa_Chr02",81,44,24,7,6,0,81,81,54.320987654321,8.64197530864197,7.40740740740741
"4","M_ruthenica_landa","M_ruthenica_landa_Chr02",82,45,25,1,3,0,74,74,60.8108108108108,1.35135135135135,4.05405405405405
"4","M_ruthenica_landa","M_ruthenica_landa_Chr02",83,27,31,3,2,0,63,63,42.8571428571429,4.76190476190476,3.17460317460317
"4","M_ruthenica_landa","M_ruthenica_landa_Chr02",84,48,22,4,7,0,81,81,59.2592592592593,4.93827160493827,8.64197530864197
"4","M_ruthenica_landa","M_ruthenica_landa_Chr02",85,51,19,5,4,0,79,79,64.5569620253165,6.32911392405063,5.06329113924051
"4","M_ruthenica_landa","M_ruthenica_landa_Chr02",86,55,24,9,5,0,93,93,59.1397849462366,9.67741935483871,5.37634408602151
"4","M_ruthenica_landa","M_ruthenica_landa_Chr02",87,48,17,2,5,0,72,72,66.6666666666667,2.77777777777778,6.94444444444444
"4","M_ruthenica_landa","M_ruthenica_landa_Chr02",88,38,25,4,6,0,73,73,52.0547945205479,5.47945205479452,8.21917808219178
"4","M_ruthenica_landa","M_ruthenica_landa_Chr02",89,31,30,6,5,0,72,72,43.0555555555556,8.33333333333333,6.94444444444444
"4","M_ruthenica_landa","M_ruthenica_landa_Chr02",90,40,30,11,5,0,86,86,46.5116279069767,12.7906976744186,5.81395348837209
"4","M_ruthenica_landa","M_ruthenica_landa_Chr02",91,32,24,6,5,0,67,67,47.7611940298507,8.95522388059701,7.46268656716418
"4","M_ruthenica_landa","M_ruthenica_landa_Chr02",92,44,23,4,2,0,73,73,60.2739726027397,5.47945205479452,2.73972602739726
"4","M_ruthenica_landa","M_ruthenica_landa_Chr02",93,29,40,2,4,0,75,75,38.6666666666667,2.66666666666667,5.33333333333333
"4","M_ruthenica_landa","M_ruthenica_landa_Chr02",94,53,27,3,5,0,88,88,60.2272727272727,3.40909090909091,5.68181818181818
"4","M_ruthenica_landa","M_ruthenica_landa_Chr02",95,39,29,5,8,0,81,81,48.1481481481481,6.17283950617284,9.87654320987654
"4","M_ruthenica_landa","M_ruthenica_landa_Chr02",96,55,24,4,6,0,89,89,61.7977528089888,4.49438202247191,6.74157303370786
"4","M_ruthenica_landa","M_ruthenica_landa_Chr02",97,32,34,4,5,0,75,75,42.6666666666667,5.33333333333333,6.66666666666667
"4","M_ruthenica_landa","M_ruthenica_landa_Chr02",98,44,30,7,4,0,85,85,51.7647058823529,8.23529411764706,4.70588235294118
"4","M_ruthenica_landa","M_ruthenica_landa_Chr02",99,39,32,10,5,0,86,86,45.3488372093023,11.6279069767442,5.81395348837209
"4","M_ruthenica_landa","M_ruthenica_landa_Chr02",100,43,31,3,2,0,79,79,54.4303797468354,3.79746835443038,2.53164556962025
"4","M_ruthenica_landa","M_ruthenica_landa_Chr02",101,50,15,4,6,0,75,75,66.6666666666667,5.33333333333333,8
"4","M_ruthenica_landa","M_ruthenica_landa_Chr02",102,42,18,2,0,0,62,62,67.741935483871,3.2258064516129,0
"4","M_ruthenica_landa","M_ruthenica_landa_Chr02",103,5,4,0,1,0,10,10,50,0,10
"4","M_ruthenica_landa","M_ruthenica_landa_Chr03",0,42,22,7,2,0,73,73,57.5342465753425,9.58904109589041,2.73972602739726
"4","M_ruthenica_landa","M_ruthenica_landa_Chr03",1,49,25,1,7,0,82,82,59.7560975609756,1.21951219512195,8.53658536585366
"4","M_ruthenica_landa","M_ruthenica_landa_Chr03",2,47,29,4,2,0,82,82,57.3170731707317,4.8780487804878,2.4390243902439
"4","M_ruthenica_landa","M_ruthenica_landa_Chr03",3,38,16,10,3,0,67,67,56.7164179104478,14.9253731343284,4.47761194029851
"4","M_ruthenica_landa","M_ruthenica_landa_Chr03",4,38,15,7,5,0,65,65,58.4615384615385,10.7692307692308,7.69230769230769
"4","M_ruthenica_landa","M_ruthenica_landa_Chr03",5,22,38,6,4,0,70,70,31.4285714285714,8.57142857142857,5.71428571428571
"4","M_ruthenica_landa","M_ruthenica_landa_Chr03",6,53,11,2,5,0,71,71,74.6478873239437,2.8169014084507,7.04225352112676
"4","M_ruthenica_landa","M_ruthenica_landa_Chr03",7,43,26,8,7,0,84,84,51.1904761904762,9.52380952380952,8.33333333333333
"4","M_ruthenica_landa","M_ruthenica_landa_Chr03",8,38,18,3,3,0,62,62,61.2903225806452,4.83870967741935,4.83870967741935
"4","M_ruthenica_landa","M_ruthenica_landa_Chr03",9,42,12,2,6,0,62,62,67.741935483871,3.2258064516129,9.67741935483871
"4","M_ruthenica_landa","M_ruthenica_landa_Chr03",10,33,7,2,3,0,45,45,73.3333333333333,4.44444444444444,6.66666666666667
"4","M_ruthenica_landa","M_ruthenica_landa_Chr03",11,35,17,1,5,0,58,58,60.3448275862069,1.72413793103448,8.62068965517241
"4","M_ruthenica_landa","M_ruthenica_landa_Chr03",12,39,12,0,3,0,54,54,72.2222222222222,0,5.55555555555556
"4","M_ruthenica_landa","M_ruthenica_landa_Chr03",13,45,27,4,5,0,81,81,55.5555555555556,4.93827160493827,6.17283950617284
"4","M_ruthenica_landa","M_ruthenica_landa_Chr03",14,42,10,1,8,0,61,61,68.8524590163934,1.63934426229508,13.1147540983607
"4","M_ruthenica_landa","M_ruthenica_landa_Chr03",15,42,8,3,5,0,58,58,72.4137931034483,5.17241379310345,8.62068965517241
"4","M_ruthenica_landa","M_ruthenica_landa_Chr03",16,53,25,2,3,0,83,83,63.855421686747,2.40963855421687,3.6144578313253
"4","M_ruthenica_landa","M_ruthenica_landa_Chr03",17,47,13,3,0,0,63,63,74.6031746031746,4.76190476190476,0
"4","M_ruthenica_landa","M_ruthenica_landa_Chr03",18,47,18,2,6,0,73,73,64.3835616438356,2.73972602739726,8.21917808219178
"4","M_ruthenica_landa","M_ruthenica_landa_Chr03",19,51,14,6,4,0,75,75,68,8,5.33333333333333
"4","M_ruthenica_landa","M_ruthenica_landa_Chr03",20,45,12,0,8,0,65,65,69.2307692307692,0,12.3076923076923
"4","M_ruthenica_landa","M_ruthenica_landa_Chr03",21,49,18,2,7,0,76,76,64.4736842105263,2.63157894736842,9.21052631578947
"4","M_ruthenica_landa","M_ruthenica_landa_Chr03",22,40,20,3,2,0,65,65,61.5384615384615,4.61538461538461,3.07692307692308
"4","M_ruthenica_landa","M_ruthenica_landa_Chr03",23,41,14,2,4,0,61,61,67.2131147540984,3.27868852459016,6.55737704918033
"4","M_ruthenica_landa","M_ruthenica_landa_Chr03",24,42,22,1,4,0,69,69,60.8695652173913,1.44927536231884,5.79710144927536
"4","M_ruthenica_landa","M_ruthenica_landa_Chr03",25,38,21,6,3,0,68,68,55.8823529411765,8.82352941176471,4.41176470588235
"4","M_ruthenica_landa","M_ruthenica_landa_Chr03",26,37,13,2,2,0,54,54,68.5185185185185,3.7037037037037,3.7037037037037
"4","M_ruthenica_landa","M_ruthenica_landa_Chr03",27,46,18,5,3,0,72,72,63.8888888888889,6.94444444444444,4.16666666666667
"4","M_ruthenica_landa","M_ruthenica_landa_Chr03",28,44,29,3,3,0,79,79,55.6962025316456,3.79746835443038,3.79746835443038
"4","M_ruthenica_landa","M_ruthenica_landa_Chr03",29,40,19,3,3,0,65,65,61.5384615384615,4.61538461538461,4.61538461538461
"4","M_ruthenica_landa","M_ruthenica_landa_Chr03",30,46,15,5,3,0,69,69,66.6666666666667,7.2463768115942,4.34782608695652
"4","M_ruthenica_landa","M_ruthenica_landa_Chr03",31,48,11,1,2,0,62,62,77.4193548387097,1.61290322580645,3.2258064516129
"4","M_ruthenica_landa","M_ruthenica_landa_Chr03",32,36,16,0,2,0,54,54,66.6666666666667,0,3.7037037037037
"4","M_ruthenica_landa","M_ruthenica_landa_Chr03",33,49,16,2,4,0,71,71,69.0140845070423,2.8169014084507,5.63380281690141
"4","M_ruthenica_landa","M_ruthenica_landa_Chr03",34,36,21,4,7,0,68,68,52.9411764705882,5.88235294117647,10.2941176470588
"4","M_ruthenica_landa","M_ruthenica_landa_Chr03",35,40,11,2,3,0,56,56,71.4285714285714,3.57142857142857,5.35714285714286
"4","M_ruthenica_landa","M_ruthenica_landa_Chr03",36,48,15,3,8,0,74,74,64.8648648648649,4.05405405405405,10.8108108108108
"4","M_ruthenica_landa","M_ruthenica_landa_Chr03",37,45,14,2,5,0,66,66,68.1818181818182,3.03030303030303,7.57575757575758
"4","M_ruthenica_landa","M_ruthenica_landa_Chr03",38,36,22,2,6,0,66,66,54.5454545454545,3.03030303030303,9.09090909090909
"4","M_ruthenica_landa","M_ruthenica_landa_Chr03",39,35,15,4,5,0,59,59,59.3220338983051,6.77966101694915,8.47457627118644
"4","M_ruthenica_landa","M_ruthenica_landa_Chr03",40,54,24,2,3,0,83,83,65.0602409638554,2.40963855421687,3.6144578313253
"4","M_ruthenica_landa","M_ruthenica_landa_Chr03",41,41,14,5,3,0,63,63,65.0793650793651,7.93650793650794,4.76190476190476
"4","M_ruthenica_landa","M_ruthenica_landa_Chr03",42,42,9,5,5,0,61,61,68.8524590163934,8.19672131147541,8.19672131147541
"4","M_ruthenica_landa","M_ruthenica_landa_Chr03",43,35,6,11,0,0,52,52,67.3076923076923,21.1538461538462,0
"4","M_ruthenica_landa","M_ruthenica_landa_Chr03",44,40,10,2,2,0,54,54,74.0740740740741,3.7037037037037,3.7037037037037
"4","M_ruthenica_landa","M_ruthenica_landa_Chr03",45,47,27,3,1,0,78,78,60.2564102564103,3.84615384615385,1.28205128205128
"4","M_ruthenica_landa","M_ruthenica_landa_Chr03",46,61,14,3,7,0,85,85,71.7647058823529,3.52941176470588,8.23529411764706
"4","M_ruthenica_landa","M_ruthenica_landa_Chr03",47,42,14,4,1,0,61,61,68.8524590163934,6.55737704918033,1.63934426229508
"4","M_ruthenica_landa","M_ruthenica_landa_Chr03",48,49,9,2,4,0,64,64,76.5625,3.125,6.25
"4","M_ruthenica_landa","M_ruthenica_landa_Chr03",49,32,13,12,1,0,58,58,55.1724137931034,20.6896551724138,1.72413793103448
"4","M_ruthenica_landa","M_ruthenica_landa_Chr03",50,47,11,9,4,0,71,71,66.1971830985916,12.6760563380282,5.63380281690141
"4","M_ruthenica_landa","M_ruthenica_landa_Chr03",51,38,13,2,4,0,57,57,66.6666666666667,3.50877192982456,7.01754385964912
"4","M_ruthenica_landa","M_ruthenica_landa_Chr03",52,35,25,7,2,0,69,69,50.7246376811594,10.1449275362319,2.89855072463768
"4","M_ruthenica_landa","M_ruthenica_landa_Chr03",53,45,21,5,5,0,76,76,59.2105263157895,6.57894736842105,6.57894736842105
"4","M_ruthenica_landa","M_ruthenica_landa_Chr03",54,46,21,13,6,0,86,86,53.4883720930233,15.1162790697674,6.97674418604651
"4","M_ruthenica_landa","M_ruthenica_landa_Chr03",55,55,11,6,11,0,83,83,66.2650602409639,7.2289156626506,13.2530120481928
"4","M_ruthenica_landa","M_ruthenica_landa_Chr03",56,44,22,6,6,0,78,78,56.4102564102564,7.69230769230769,7.69230769230769
"4","M_ruthenica_landa","M_ruthenica_landa_Chr03",57,37,22,5,0,0,64,64,57.8125,7.8125,0
"4","M_ruthenica_landa","M_ruthenica_landa_Chr03",58,40,11,3,2,0,56,56,71.4285714285714,5.35714285714286,3.57142857142857
"4","M_ruthenica_landa","M_ruthenica_landa_Chr03",59,34,18,12,8,0,72,72,47.2222222222222,16.6666666666667,11.1111111111111
"4","M_ruthenica_landa","M_ruthenica_landa_Chr03",60,43,26,9,9,0,87,87,49.4252873563218,10.3448275862069,10.3448275862069
"4","M_ruthenica_landa","M_ruthenica_landa_Chr03",61,60,12,6,4,0,82,82,73.1707317073171,7.31707317073171,4.8780487804878
"4","M_ruthenica_landa","M_ruthenica_landa_Chr03",62,52,16,4,5,0,77,77,67.5324675324675,5.19480519480519,6.49350649350649
"4","M_ruthenica_landa","M_ruthenica_landa_Chr03",63,49,15,3,1,0,68,68,72.0588235294118,4.41176470588235,1.47058823529412
"4","M_ruthenica_landa","M_ruthenica_landa_Chr03",64,49,23,6,3,0,81,81,60.4938271604938,7.40740740740741,3.7037037037037
"4","M_ruthenica_landa","M_ruthenica_landa_Chr03",65,48,14,7,2,0,71,71,67.6056338028169,9.85915492957746,2.8169014084507
"4","M_ruthenica_landa","M_ruthenica_landa_Chr03",66,31,28,7,2,0,68,68,45.5882352941176,10.2941176470588,2.94117647058824
"4","M_ruthenica_landa","M_ruthenica_landa_Chr03",67,34,15,2,1,0,52,52,65.3846153846154,3.84615384615385,1.92307692307692
"4","M_ruthenica_landa","M_ruthenica_landa_Chr03",68,49,22,8,8,0,87,87,56.3218390804598,9.19540229885057,9.19540229885057
"4","M_ruthenica_landa","M_ruthenica_landa_Chr03",69,34,30,15,6,0,85,85,40,17.6470588235294,7.05882352941176
"4","M_ruthenica_landa","M_ruthenica_landa_Chr03",70,34,16,15,0,0,65,65,52.3076923076923,23.0769230769231,0
"4","M_ruthenica_landa","M_ruthenica_landa_Chr03",71,27,15,5,3,0,92,50,54,10,6
"4","M_ruthenica_landa","M_ruthenica_landa_Chr04",2,0,3,1,2,0,76,6,0,16.6666666666667,33.3333333333333
"4","M_ruthenica_landa","M_ruthenica_landa_Chr04",84,3,3,0,0,0,77,6,50,0,0
"4","M_ruthenica_landa","M_ruthenica_landa_Chr05",97,6,1,0,0,0,73,7,85.7142857142857,0,0
"4","M_ruthenica_landa","M_ruthenica_landa_Chr07",7,4,1,0,0,0,62,5,80,0,0
"4","M_ruthenica_landa","M_ruthenica_landa_Chr07",8,5,1,1,0,0,85,7,71.4285714285714,14.2857142857143,0
"4","M_ruthenica_landa","M_ruthenica_landa_Chr07",23,2,2,0,2,0,84,6,33.3333333333333,0,33.3333333333333
"4","M_ruthenica_landa","M_ruthenica_landa_Chr08",92,5,0,0,0,0,59,5,100,0,0
"5","M_ruthenica_zhiwusuo","M_ruthenica_zhiwusuo_Chr03",59,23,13,7,0,0,76,43,53.4883720930233,16.2790697674419,0
"5","M_ruthenica_zhiwusuo","M_ruthenica_zhiwusuo_Chr03",60,37,21,8,2,0,68,68,54.4117647058824,11.7647058823529,2.94117647058824
"5","M_ruthenica_zhiwusuo","M_ruthenica_zhiwusuo_Chr03",61,53,17,12,1,0,83,83,63.855421686747,14.4578313253012,1.20481927710843
"5","M_ruthenica_zhiwusuo","M_ruthenica_zhiwusuo_Chr03",62,36,17,7,2,0,62,62,58.0645161290323,11.2903225806452,3.2258064516129
"5","M_ruthenica_zhiwusuo","M_ruthenica_zhiwusuo_Chr03",63,58,10,4,4,0,76,76,76.3157894736842,5.26315789473684,5.26315789473684
"5","M_ruthenica_zhiwusuo","M_ruthenica_zhiwusuo_Chr03",64,55,13,9,11,0,88,88,62.5,10.2272727272727,12.5
"5","M_ruthenica_zhiwusuo","M_ruthenica_zhiwusuo_Chr03",65,48,19,7,4,0,79,78,61.5384615384615,8.97435897435897,5.12820512820513
"5","M_ruthenica_zhiwusuo","M_ruthenica_zhiwusuo_Chr03",66,59,23,16,4,0,104,102,57.843137254902,15.6862745098039,3.92156862745098
"5","M_ruthenica_zhiwusuo","M_ruthenica_zhiwusuo_Chr03",67,42,27,2,2,0,73,73,57.5342465753425,2.73972602739726,2.73972602739726
"5","M_ruthenica_zhiwusuo","M_ruthenica_zhiwusuo_Chr03",68,37,22,5,1,0,67,65,56.9230769230769,7.69230769230769,1.53846153846154
"5","M_ruthenica_zhiwusuo","M_ruthenica_zhiwusuo_Chr03",69,51,22,10,5,0,89,88,57.9545454545455,11.3636363636364,5.68181818181818
"5","M_ruthenica_zhiwusuo","M_ruthenica_zhiwusuo_Chr03",70,50,24,26,1,0,102,101,49.5049504950495,25.7425742574257,0.99009900990099
"5","M_ruthenica_zhiwusuo","M_ruthenica_zhiwusuo_Chr03",71,31,24,12,1,0,68,68,45.5882352941176,17.6470588235294,1.47058823529412
"5","M_ruthenica_zhiwusuo","M_ruthenica_zhiwusuo_Chr03",72,46,23,11,7,0,87,87,52.8735632183908,12.6436781609195,8.04597701149425
"5","M_ruthenica_zhiwusuo","M_ruthenica_zhiwusuo_Chr03",73,62,20,6,2,0,90,90,68.8888888888889,6.66666666666667,2.22222222222222
"5","M_ruthenica_zhiwusuo","M_ruthenica_zhiwusuo_Chr03",74,43,24,7,3,0,77,77,55.8441558441558,9.09090909090909,3.8961038961039
"5","M_ruthenica_zhiwusuo","M_ruthenica_zhiwusuo_Chr03",75,58,22,8,9,0,97,97,59.7938144329897,8.24742268041237,9.27835051546392
"5","M_ruthenica_zhiwusuo","M_ruthenica_zhiwusuo_Chr03",76,48,22,9,5,0,84,84,57.1428571428571,10.7142857142857,5.95238095238095
"5","M_ruthenica_zhiwusuo","M_ruthenica_zhiwusuo_Chr03",77,54,18,5,2,0,79,79,68.3544303797468,6.32911392405063,2.53164556962025
"5","M_ruthenica_zhiwusuo","M_ruthenica_zhiwusuo_Chr03",78,50,27,7,9,0,93,93,53.7634408602151,7.52688172043011,9.67741935483871
"5","M_ruthenica_zhiwusuo","M_ruthenica_zhiwusuo_Chr03",79,54,15,12,7,0,88,88,61.3636363636364,13.6363636363636,7.95454545454545
"5","M_ruthenica_zhiwusuo","M_ruthenica_zhiwusuo_Chr03",80,49,20,20,2,0,91,91,53.8461538461538,21.978021978022,2.1978021978022
"5","M_ruthenica_zhiwusuo","M_ruthenica_zhiwusuo_Chr03",81,48,10,9,4,0,73,71,67.6056338028169,12.6760563380282,5.63380281690141
"5","M_ruthenica_zhiwusuo","M_ruthenica_zhiwusuo_Chr03",82,54,15,3,4,0,76,76,71.0526315789474,3.94736842105263,5.26315789473684
"5","M_ruthenica_zhiwusuo","M_ruthenica_zhiwusuo_Chr03",83,40,12,3,3,0,58,58,68.9655172413793,5.17241379310345,5.17241379310345
"5","M_ruthenica_zhiwusuo","M_ruthenica_zhiwusuo_Chr03",84,47,23,9,6,0,85,85,55.2941176470588,10.5882352941176,7.05882352941176
"5","M_ruthenica_zhiwusuo","M_ruthenica_zhiwusuo_Chr03",85,61,16,10,5,0,92,92,66.304347826087,10.8695652173913,5.43478260869565
"5","M_ruthenica_zhiwusuo","M_ruthenica_zhiwusuo_Chr03",86,62,21,7,2,0,92,92,67.3913043478261,7.60869565217391,2.17391304347826
"5","M_ruthenica_zhiwusuo","M_ruthenica_zhiwusuo_Chr03",87,65,17,6,3,0,91,91,71.4285714285714,6.59340659340659,3.2967032967033
"5","M_ruthenica_zhiwusuo","M_ruthenica_zhiwusuo_Chr03",88,56,17,6,7,0,86,86,65.1162790697674,6.97674418604651,8.13953488372093
"5","M_ruthenica_zhiwusuo","M_ruthenica_zhiwusuo_Chr03",89,50,9,6,4,0,69,69,72.463768115942,8.69565217391304,5.79710144927536
"5","M_ruthenica_zhiwusuo","M_ruthenica_zhiwusuo_Chr03",90,47,15,7,7,0,76,76,61.8421052631579,9.21052631578947,9.21052631578947
"5","M_ruthenica_zhiwusuo","M_ruthenica_zhiwusuo_Chr03",91,48,12,9,4,0,73,73,65.7534246575343,12.3287671232877,5.47945205479452
"5","M_ruthenica_zhiwusuo","M_ruthenica_zhiwusuo_Chr03",92,54,18,9,5,0,86,86,62.7906976744186,10.4651162790698,5.81395348837209
"5","M_ruthenica_zhiwusuo","M_ruthenica_zhiwusuo_Chr03",93,53,19,8,4,0,84,84,63.0952380952381,9.52380952380952,4.76190476190476
"5","M_ruthenica_zhiwusuo","M_ruthenica_zhiwusuo_Chr03",94,31,11,2,0,0,44,44,70.4545454545455,4.54545454545455,0
"5","M_ruthenica_zhiwusuo","M_ruthenica_zhiwusuo_Chr03",95,55,15,7,4,0,81,81,67.9012345679012,8.64197530864197,4.93827160493827
"5","M_ruthenica_zhiwusuo","M_ruthenica_zhiwusuo_Chr03",96,55,24,3,7,0,89,89,61.7977528089888,3.37078651685393,7.86516853932584
"5","M_ruthenica_zhiwusuo","M_ruthenica_zhiwusuo_Chr03",97,56,25,3,5,0,91,89,62.9213483146067,3.37078651685393,5.61797752808989
"5","M_ruthenica_zhiwusuo","M_ruthenica_zhiwusuo_Chr03",98,64,17,7,10,0,99,98,65.3061224489796,7.14285714285714,10.2040816326531
"5","M_ruthenica_zhiwusuo","M_ruthenica_zhiwusuo_Chr03",99,49,19,4,5,0,78,77,63.6363636363636,5.19480519480519,6.49350649350649
"5","M_ruthenica_zhiwusuo","M_ruthenica_zhiwusuo_Chr03",100,51,16,5,5,0,77,77,66.2337662337662,6.49350649350649,6.49350649350649
"5","M_ruthenica_zhiwusuo","M_ruthenica_zhiwusuo_Chr03",101,48,20,3,9,0,80,80,60,3.75,11.25
"5","M_ruthenica_zhiwusuo","M_ruthenica_zhiwusuo_Chr03",102,62,21,3,9,0,99,95,65.2631578947368,3.15789473684211,9.47368421052632
"5","M_ruthenica_zhiwusuo","M_ruthenica_zhiwusuo_Chr03",103,57,21,3,6,0,89,87,65.5172413793103,3.44827586206897,6.89655172413793
"5","M_ruthenica_zhiwusuo","M_ruthenica_zhiwusuo_Chr03",104,42,25,4,6,0,77,77,54.5454545454545,5.19480519480519,7.79220779220779
"5","M_ruthenica_zhiwusuo","M_ruthenica_zhiwusuo_Chr03",105,44,14,8,6,0,73,72,61.1111111111111,11.1111111111111,8.33333333333333
"5","M_ruthenica_zhiwusuo","M_ruthenica_zhiwusuo_Chr04",0,47,23,6,4,0,83,80,58.75,7.5,5
"5","M_ruthenica_zhiwusuo","M_ruthenica_zhiwusuo_Chr04",1,54,16,4,6,0,80,80,67.5,5,7.5
"5","M_ruthenica_zhiwusuo","M_ruthenica_zhiwusuo_Chr04",2,56,13,7,7,0,83,83,67.4698795180723,8.43373493975904,8.43373493975904
"5","M_ruthenica_zhiwusuo","M_ruthenica_zhiwusuo_Chr04",3,46,22,6,9,0,84,83,55.421686746988,7.2289156626506,10.8433734939759
"5","M_ruthenica_zhiwusuo","M_ruthenica_zhiwusuo_Chr04",4,55,22,9,8,0,94,94,58.5106382978723,9.57446808510638,8.51063829787234
"5","M_ruthenica_zhiwusuo","M_ruthenica_zhiwusuo_Chr04",5,52,11,9,2,0,74,74,70.2702702702703,12.1621621621622,2.7027027027027
"5","M_ruthenica_zhiwusuo","M_ruthenica_zhiwusuo_Chr04",6,58,8,8,5,0,79,79,73.4177215189873,10.126582278481,6.32911392405063
"5","M_ruthenica_zhiwusuo","M_ruthenica_zhiwusuo_Chr04",7,52,21,6,5,0,84,84,61.9047619047619,7.14285714285714,5.95238095238095
"5","M_ruthenica_zhiwusuo","M_ruthenica_zhiwusuo_Chr04",8,59,16,7,1,0,83,83,71.0843373493976,8.43373493975904,1.20481927710843
"5","M_ruthenica_zhiwusuo","M_ruthenica_zhiwusuo_Chr04",9,57,16,4,10,0,87,87,65.5172413793103,4.59770114942529,11.4942528735632
"5","M_ruthenica_zhiwusuo","M_ruthenica_zhiwusuo_Chr04",10,55,10,4,6,0,75,75,73.3333333333333,5.33333333333333,8
"5","M_ruthenica_zhiwusuo","M_ruthenica_zhiwusuo_Chr04",11,56,16,6,6,0,84,84,66.6666666666667,7.14285714285714,7.14285714285714
"5","M_ruthenica_zhiwusuo","M_ruthenica_zhiwusuo_Chr04",12,64,6,8,6,0,85,84,76.1904761904762,9.52380952380952,7.14285714285714
"5","M_ruthenica_zhiwusuo","M_ruthenica_zhiwusuo_Chr04",13,52,11,6,1,0,70,70,74.2857142857143,8.57142857142857,1.42857142857143
"5","M_ruthenica_zhiwusuo","M_ruthenica_zhiwusuo_Chr04",14,53,13,3,6,0,75,75,70.6666666666667,4,8
"5","M_ruthenica_zhiwusuo","M_ruthenica_zhiwusuo_Chr04",15,48,17,5,12,0,82,82,58.5365853658537,6.09756097560976,14.6341463414634
"5","M_ruthenica_zhiwusuo","M_ruthenica_zhiwusuo_Chr04",16,53,9,14,8,0,84,84,63.0952380952381,16.6666666666667,9.52380952380952
"5","M_ruthenica_zhiwusuo","M_ruthenica_zhiwusuo_Chr04",17,48,12,2,2,0,64,64,75,3.125,3.125
"5","M_ruthenica_zhiwusuo","M_ruthenica_zhiwusuo_Chr04",18,45,9,2,3,0,60,59,76.271186440678,3.38983050847458,5.08474576271186
"5","M_ruthenica_zhiwusuo","M_ruthenica_zhiwusuo_Chr04",19,47,10,3,2,0,63,62,75.8064516129032,4.83870967741935,3.2258064516129
"5","M_ruthenica_zhiwusuo","M_ruthenica_zhiwusuo_Chr04",20,43,13,6,4,0,66,66,65.1515151515152,9.09090909090909,6.06060606060606
"5","M_ruthenica_zhiwusuo","M_ruthenica_zhiwusuo_Chr04",21,46,12,7,2,0,67,67,68.6567164179104,10.4477611940299,2.98507462686567
"5","M_ruthenica_zhiwusuo","M_ruthenica_zhiwusuo_Chr04",22,54,22,3,5,0,84,84,64.2857142857143,3.57142857142857,5.95238095238095
"5","M_ruthenica_zhiwusuo","M_ruthenica_zhiwusuo_Chr04",23,48,10,6,3,0,67,67,71.6417910447761,8.95522388059701,4.47761194029851
"5","M_ruthenica_zhiwusuo","M_ruthenica_zhiwusuo_Chr04",24,48,11,3,4,0,66,66,72.7272727272727,4.54545454545455,6.06060606060606
"5","M_ruthenica_zhiwusuo","M_ruthenica_zhiwusuo_Chr04",25,59,9,1,5,0,74,74,79.7297297297297,1.35135135135135,6.75675675675676
"5","M_ruthenica_zhiwusuo","M_ruthenica_zhiwusuo_Chr04",26,53,11,5,3,0,72,72,73.6111111111111,6.94444444444444,4.16666666666667
"5","M_ruthenica_zhiwusuo","M_ruthenica_zhiwusuo_Chr04",27,37,24,2,1,0,64,64,57.8125,3.125,1.5625
"5","M_ruthenica_zhiwusuo","M_ruthenica_zhiwusuo_Chr04",28,41,14,3,2,0,60,60,68.3333333333333,5,3.33333333333333
"5","M_ruthenica_zhiwusuo","M_ruthenica_zhiwusuo_Chr04",29,68,7,3,3,0,81,81,83.9506172839506,3.7037037037037,3.7037037037037
"5","M_ruthenica_zhiwusuo","M_ruthenica_zhiwusuo_Chr04",30,43,10,4,3,0,60,60,71.6666666666667,6.66666666666667,5
"5","M_ruthenica_zhiwusuo","M_ruthenica_zhiwusuo_Chr04",31,46,8,2,4,0,60,60,76.6666666666667,3.33333333333333,6.66666666666667
"5","M_ruthenica_zhiwusuo","M_ruthenica_zhiwusuo_Chr04",32,56,20,4,4,0,84,84,66.6666666666667,4.76190476190476,4.76190476190476
"5","M_ruthenica_zhiwusuo","M_ruthenica_zhiwusuo_Chr04",33,32,23,4,2,0,61,61,52.4590163934426,6.55737704918033,3.27868852459016
"5","M_ruthenica_zhiwusuo","M_ruthenica_zhiwusuo_Chr04",34,50,13,4,3,0,70,70,71.4285714285714,5.71428571428571,4.28571428571429
"5","M_ruthenica_zhiwusuo","M_ruthenica_zhiwusuo_Chr04",35,47,12,4,4,0,67,67,70.1492537313433,5.97014925373134,5.97014925373134
"5","M_ruthenica_zhiwusuo","M_ruthenica_zhiwusuo_Chr04",36,43,18,2,3,0,66,66,65.1515151515152,3.03030303030303,4.54545454545455
"5","M_ruthenica_zhiwusuo","M_ruthenica_zhiwusuo_Chr04",37,48,14,0,3,0,65,65,73.8461538461538,0,4.61538461538461
"5","M_ruthenica_zhiwusuo","M_ruthenica_zhiwusuo_Chr04",38,39,11,5,8,0,63,63,61.9047619047619,7.93650793650794,12.6984126984127
"5","M_ruthenica_zhiwusuo","M_ruthenica_zhiwusuo_Chr04",39,46,15,5,1,0,67,67,68.6567164179104,7.46268656716418,1.49253731343284
"5","M_ruthenica_zhiwusuo","M_ruthenica_zhiwusuo_Chr04",40,49,15,8,7,0,79,79,62.0253164556962,10.126582278481,8.86075949367089
"5","M_ruthenica_zhiwusuo","M_ruthenica_zhiwusuo_Chr04",41,47,16,4,5,0,72,72,65.2777777777778,5.55555555555556,6.94444444444444
"5","M_ruthenica_zhiwusuo","M_ruthenica_zhiwusuo_Chr04",42,46,18,7,9,0,80,80,57.5,8.75,11.25
"5","M_ruthenica_zhiwusuo","M_ruthenica_zhiwusuo_Chr04",43,44,22,4,4,0,74,74,59.4594594594595,5.40540540540541,5.40540540540541
"5","M_ruthenica_zhiwusuo","M_ruthenica_zhiwusuo_Chr04",44,55,18,5,5,0,83,83,66.2650602409639,6.02409638554217,6.02409638554217
"5","M_ruthenica_zhiwusuo","M_ruthenica_zhiwusuo_Chr04",45,46,16,4,7,0,73,73,63.013698630137,5.47945205479452,9.58904109589041
"5","M_ruthenica_zhiwusuo","M_ruthenica_zhiwusuo_Chr04",46,46,14,1,4,0,65,65,70.7692307692308,1.53846153846154,6.15384615384615
"5","M_ruthenica_zhiwusuo","M_ruthenica_zhiwusuo_Chr04",47,41,15,6,3,0,65,65,63.0769230769231,9.23076923076923,4.61538461538461
"5","M_ruthenica_zhiwusuo","M_ruthenica_zhiwusuo_Chr04",48,60,19,6,2,0,87,87,68.9655172413793,6.89655172413793,2.29885057471264
"5","M_ruthenica_zhiwusuo","M_ruthenica_zhiwusuo_Chr04",49,47,17,4,5,0,73,73,64.3835616438356,5.47945205479452,6.84931506849315
"5","M_ruthenica_zhiwusuo","M_ruthenica_zhiwusuo_Chr04",50,44,14,2,6,0,66,66,66.6666666666667,3.03030303030303,9.09090909090909
"5","M_ruthenica_zhiwusuo","M_ruthenica_zhiwusuo_Chr04",51,54,25,7,6,0,92,92,58.695652173913,7.60869565217391,6.52173913043478
"5","M_ruthenica_zhiwusuo","M_ruthenica_zhiwusuo_Chr04",52,48,21,4,1,0,74,74,64.8648648648649,5.40540540540541,1.35135135135135
"5","M_ruthenica_zhiwusuo","M_ruthenica_zhiwusuo_Chr04",53,42,12,5,4,0,63,63,66.6666666666667,7.93650793650794,6.34920634920635
"5","M_ruthenica_zhiwusuo","M_ruthenica_zhiwusuo_Chr04",54,63,32,2,5,0,102,102,61.7647058823529,1.96078431372549,4.90196078431373
"5","M_ruthenica_zhiwusuo","M_ruthenica_zhiwusuo_Chr04",55,43,18,4,4,0,69,69,62.3188405797101,5.79710144927536,5.79710144927536
"5","M_ruthenica_zhiwusuo","M_ruthenica_zhiwusuo_Chr04",56,46,21,2,2,0,71,71,64.7887323943662,2.8169014084507,2.8169014084507
"5","M_ruthenica_zhiwusuo","M_ruthenica_zhiwusuo_Chr04",57,38,25,3,3,0,69,69,55.0724637681159,4.34782608695652,4.34782608695652
"5","M_ruthenica_zhiwusuo","M_ruthenica_zhiwusuo_Chr04",58,57,25,6,7,0,95,95,60,6.31578947368421,7.36842105263158
"5","M_ruthenica_zhiwusuo","M_ruthenica_zhiwusuo_Chr04",59,48,23,1,5,0,77,77,62.3376623376623,1.2987012987013,6.49350649350649
"5","M_ruthenica_zhiwusuo","M_ruthenica_zhiwusuo_Chr04",60,53,27,6,7,0,93,93,56.989247311828,6.45161290322581,7.52688172043011
"5","M_ruthenica_zhiwusuo","M_ruthenica_zhiwusuo_Chr04",61,58,25,7,8,0,98,98,59.1836734693878,7.14285714285714,8.16326530612245
"5","M_ruthenica_zhiwusuo","M_ruthenica_zhiwusuo_Chr04",62,58,30,4,7,0,99,99,58.5858585858586,4.04040404040404,7.07070707070707
"5","M_ruthenica_zhiwusuo","M_ruthenica_zhiwusuo_Chr04",63,62,15,4,0,0,81,81,76.5432098765432,4.93827160493827,0
"5","M_ruthenica_zhiwusuo","M_ruthenica_zhiwusuo_Chr04",64,53,38,6,5,0,102,102,51.9607843137255,5.88235294117647,4.90196078431373
"5","M_ruthenica_zhiwusuo","M_ruthenica_zhiwusuo_Chr04",65,49,16,2,3,0,70,70,70,2.85714285714286,4.28571428571429
"5","M_ruthenica_zhiwusuo","M_ruthenica_zhiwusuo_Chr04",66,42,31,8,5,0,89,86,48.8372093023256,9.30232558139535,5.81395348837209
"5","M_ruthenica_zhiwusuo","M_ruthenica_zhiwusuo_Chr04",67,51,22,2,9,0,84,84,60.7142857142857,2.38095238095238,10.7142857142857
"5","M_ruthenica_zhiwusuo","M_ruthenica_zhiwusuo_Chr04",68,37,40,7,5,0,89,89,41.5730337078652,7.86516853932584,5.61797752808989
"5","M_ruthenica_zhiwusuo","M_ruthenica_zhiwusuo_Chr04",69,45,17,2,8,0,72,72,62.5,2.77777777777778,11.1111111111111
"5","M_ruthenica_zhiwusuo","M_ruthenica_zhiwusuo_Chr04",70,49,23,0,5,0,78,77,63.6363636363636,0,6.49350649350649
"5","M_ruthenica_zhiwusuo","M_ruthenica_zhiwusuo_Chr04",71,59,27,7,3,0,96,96,61.4583333333333,7.29166666666667,3.125
"5","M_ruthenica_zhiwusuo","M_ruthenica_zhiwusuo_Chr04",72,46,16,5,2,0,70,69,66.6666666666667,7.2463768115942,2.89855072463768
"5","M_ruthenica_zhiwusuo","M_ruthenica_zhiwusuo_Chr04",73,47,26,3,2,0,79,78,60.2564102564103,3.84615384615385,2.56410256410256
"5","M_ruthenica_zhiwusuo","M_ruthenica_zhiwusuo_Chr04",74,61,32,2,7,0,102,102,59.8039215686275,1.96078431372549,6.86274509803922
"5","M_ruthenica_zhiwusuo","M_ruthenica_zhiwusuo_Chr04",75,57,24,3,6,0,96,90,63.3333333333333,3.33333333333333,6.66666666666667
"5","M_ruthenica_zhiwusuo","M_ruthenica_zhiwusuo_Chr04",76,48,27,3,3,0,81,81,59.2592592592593,3.7037037037037,3.7037037037037
"5","M_ruthenica_zhiwusuo","M_ruthenica_zhiwusuo_Chr04",77,56,20,7,4,0,87,87,64.367816091954,8.04597701149425,4.59770114942529
"5","M_ruthenica_zhiwusuo","M_ruthenica_zhiwusuo_Chr04",78,55,24,5,7,0,91,91,60.4395604395604,5.49450549450549,7.69230769230769
"5","M_ruthenica_zhiwusuo","M_ruthenica_zhiwusuo_Chr04",79,56,18,6,2,0,82,82,68.2926829268293,7.31707317073171,2.4390243902439
"5","M_ruthenica_zhiwusuo","M_ruthenica_zhiwusuo_Chr04",80,50,19,5,4,0,78,78,64.1025641025641,6.41025641025641,5.12820512820513
"5","M_ruthenica_zhiwusuo","M_ruthenica_zhiwusuo_Chr04",81,34,21,11,6,0,72,72,47.2222222222222,15.2777777777778,8.33333333333333
"5","M_ruthenica_zhiwusuo","M_ruthenica_zhiwusuo_Chr04",82,43,32,9,7,0,91,91,47.2527472527473,9.89010989010989,7.69230769230769
"5","M_ruthenica_zhiwusuo","M_ruthenica_zhiwusuo_Chr04",83,44,26,6,9,0,85,85,51.7647058823529,7.05882352941176,10.5882352941176
"5","M_ruthenica_zhiwusuo","M_ruthenica_zhiwusuo_Chr04",84,52,21,12,1,0,86,86,60.4651162790698,13.953488372093,1.16279069767442
"5","M_ruthenica_zhiwusuo","M_ruthenica_zhiwusuo_Chr04",85,53,23,7,8,0,91,91,58.2417582417582,7.69230769230769,8.79120879120879
"5","M_ruthenica_zhiwusuo","M_ruthenica_zhiwusuo_Chr04",86,65,27,5,7,0,104,104,62.5,4.80769230769231,6.73076923076923
"5","M_ruthenica_zhiwusuo","M_ruthenica_zhiwusuo_Chr04",87,59,26,1,4,0,90,90,65.5555555555556,1.11111111111111,4.44444444444444
"5","M_ruthenica_zhiwusuo","M_ruthenica_zhiwusuo_Chr04",88,46,21,5,0,0,72,72,63.8888888888889,6.94444444444444,0
"5","M_ruthenica_zhiwusuo","M_ruthenica_zhiwusuo_Chr04",89,46,23,3,5,0,77,77,59.7402597402597,3.8961038961039,6.49350649350649
"5","M_ruthenica_zhiwusuo","M_ruthenica_zhiwusuo_Chr04",90,60,20,5,5,0,90,90,66.6666666666667,5.55555555555556,5.55555555555556
"5","M_ruthenica_zhiwusuo","M_ruthenica_zhiwusuo_Chr04",91,61,21,4,4,0,93,90,67.7777777777778,4.44444444444444,4.44444444444444
"5","M_ruthenica_zhiwusuo","M_ruthenica_zhiwusuo_Chr04",92,46,23,4,6,0,80,79,58.2278481012658,5.06329113924051,7.59493670886076
"5","M_ruthenica_zhiwusuo","M_ruthenica_zhiwusuo_Chr04",93,62,22,5,7,0,96,96,64.5833333333333,5.20833333333333,7.29166666666667
"5","M_ruthenica_zhiwusuo","M_ruthenica_zhiwusuo_Chr04",94,55,19,5,4,0,85,83,66.2650602409639,6.02409638554217,4.81927710843374
"5","M_ruthenica_zhiwusuo","M_ruthenica_zhiwusuo_Chr04",95,65,22,3,2,0,92,92,70.6521739130435,3.26086956521739,2.17391304347826
"5","M_ruthenica_zhiwusuo","M_ruthenica_zhiwusuo_Chr04",96,69,16,7,8,0,102,100,69,7,8
"5","M_ruthenica_zhiwusuo","M_ruthenica_zhiwusuo_Chr04",97,72,17,1,5,0,95,95,75.7894736842105,1.05263157894737,5.26315789473684
"5","M_ruthenica_zhiwusuo","M_ruthenica_zhiwusuo_Chr04",98,45,21,3,5,0,76,74,60.8108108108108,4.05405405405405,6.75675675675676
"5","M_ruthenica_zhiwusuo","M_ruthenica_zhiwusuo_Chr04",99,18,10,1,1,0,30,30,60,3.33333333333333,3.33333333333333
"5","M_ruthenica_zhiwusuo","M_ruthenica_zhiwusuo_Chr05",0,57,21,4,7,0,89,89,64.0449438202247,4.49438202247191,7.86516853932584
"5","M_ruthenica_zhiwusuo","M_ruthenica_zhiwusuo_Chr05",1,69,25,2,5,0,101,101,68.3168316831683,1.98019801980198,4.95049504950495
"5","M_ruthenica_zhiwusuo","M_ruthenica_zhiwusuo_Chr05",2,47,30,1,6,0,84,84,55.9523809523809,1.19047619047619,7.14285714285714
"5","M_ruthenica_zhiwusuo","M_ruthenica_zhiwusuo_Chr05",3,56,16,2,7,0,81,81,69.1358024691358,2.46913580246914,8.64197530864197
"5","M_ruthenica_zhiwusuo","M_ruthenica_zhiwusuo_Chr05",4,51,25,10,8,0,94,94,54.2553191489362,10.6382978723404,8.51063829787234
"5","M_ruthenica_zhiwusuo","M_ruthenica_zhiwusuo_Chr05",5,51,26,4,2,0,83,83,61.4457831325301,4.81927710843374,2.40963855421687
"5","M_ruthenica_zhiwusuo","M_ruthenica_zhiwusuo_Chr05",6,62,16,0,7,0,85,85,72.9411764705882,0,8.23529411764706
"5","M_ruthenica_zhiwusuo","M_ruthenica_zhiwusuo_Chr05",7,57,12,1,6,0,76,76,75,1.31578947368421,7.89473684210526
"5","M_ruthenica_zhiwusuo","M_ruthenica_zhiwusuo_Chr05",8,60,6,1,5,0,72,72,83.3333333333333,1.38888888888889,6.94444444444444
"5","M_ruthenica_zhiwusuo","M_ruthenica_zhiwusuo_Chr05",9,46,12,2,4,0,64,64,71.875,3.125,6.25
"5","M_ruthenica_zhiwusuo","M_ruthenica_zhiwusuo_Chr05",10,47,10,1,3,0,61,61,77.0491803278689,1.63934426229508,4.91803278688525
"5","M_ruthenica_zhiwusuo","M_ruthenica_zhiwusuo_Chr05",11,63,13,1,5,0,82,82,76.8292682926829,1.21951219512195,6.09756097560976
"5","M_ruthenica_zhiwusuo","M_ruthenica_zhiwusuo_Chr05",12,62,13,2,8,0,85,85,72.9411764705882,2.35294117647059,9.41176470588235
"5","M_ruthenica_zhiwusuo","M_ruthenica_zhiwusuo_Chr05",13,57,24,4,4,0,89,89,64.0449438202247,4.49438202247191,4.49438202247191
"5","M_ruthenica_zhiwusuo","M_ruthenica_zhiwusuo_Chr05",14,65,15,5,4,0,89,89,73.0337078651685,5.61797752808989,4.49438202247191
"5","M_ruthenica_zhiwusuo","M_ruthenica_zhiwusuo_Chr05",15,56,21,4,7,0,88,88,63.6363636363636,4.54545454545455,7.95454545454545
"5","M_ruthenica_zhiwusuo","M_ruthenica_zhiwusuo_Chr05",16,62,20,6,7,0,95,95,65.2631578947368,6.31578947368421,7.36842105263158
"5","M_ruthenica_zhiwusuo","M_ruthenica_zhiwusuo_Chr05",17,62,14,1,3,0,80,80,77.5,1.25,3.75
"5","M_ruthenica_zhiwusuo","M_ruthenica_zhiwusuo_Chr05",18,49,19,2,6,0,76,76,64.4736842105263,2.63157894736842,7.89473684210526
"5","M_ruthenica_zhiwusuo","M_ruthenica_zhiwusuo_Chr05",19,60,12,4,6,0,82,82,73.1707317073171,4.8780487804878,7.31707317073171
"5","M_ruthenica_zhiwusuo","M_ruthenica_zhiwusuo_Chr05",20,68,14,1,5,0,89,88,77.2727272727273,1.13636363636364,5.68181818181818
"5","M_ruthenica_zhiwusuo","M_ruthenica_zhiwusuo_Chr05",21,53,11,4,4,0,72,72,73.6111111111111,5.55555555555556,5.55555555555556
"5","M_ruthenica_zhiwusuo","M_ruthenica_zhiwusuo_Chr05",22,42,16,4,3,0,65,65,64.6153846153846,6.15384615384615,4.61538461538461
"5","M_ruthenica_zhiwusuo","M_ruthenica_zhiwusuo_Chr05",23,52,17,2,1,0,72,72,72.2222222222222,2.77777777777778,1.38888888888889
"5","M_ruthenica_zhiwusuo","M_ruthenica_zhiwusuo_Chr05",24,55,9,1,7,0,72,72,76.3888888888889,1.38888888888889,9.72222222222222
"5","M_ruthenica_zhiwusuo","M_ruthenica_zhiwusuo_Chr05",25,40,14,4,1,0,59,59,67.7966101694915,6.77966101694915,1.69491525423729
"5","M_ruthenica_zhiwusuo","M_ruthenica_zhiwusuo_Chr05",26,56,7,4,1,0,68,68,82.3529411764706,5.88235294117647,1.47058823529412
"5","M_ruthenica_zhiwusuo","M_ruthenica_zhiwusuo_Chr05",27,62,5,2,5,0,74,74,83.7837837837838,2.7027027027027,6.75675675675676
"5","M_ruthenica_zhiwusuo","M_ruthenica_zhiwusuo_Chr05",28,48,28,3,2,0,81,81,59.2592592592593,3.7037037037037,2.46913580246914
"5","M_ruthenica_zhiwusuo","M_ruthenica_zhiwusuo_Chr05",29,47,16,2,5,0,70,70,67.1428571428571,2.85714285714286,7.14285714285714
"5","M_ruthenica_zhiwusuo","M_ruthenica_zhiwusuo_Chr05",30,46,8,1,4,0,59,59,77.9661016949153,1.69491525423729,6.77966101694915
"5","M_ruthenica_zhiwusuo","M_ruthenica_zhiwusuo_Chr05",31,39,8,5,8,0,60,60,65,8.33333333333333,13.3333333333333
"5","M_ruthenica_zhiwusuo","M_ruthenica_zhiwusuo_Chr05",32,48,14,3,2,0,69,67,71.6417910447761,4.47761194029851,2.98507462686567
"5","M_ruthenica_zhiwusuo","M_ruthenica_zhiwusuo_Chr05",33,51,9,8,5,0,74,73,69.8630136986301,10.958904109589,6.84931506849315
"5","M_ruthenica_zhiwusuo","M_ruthenica_zhiwusuo_Chr05",34,32,11,0,4,0,47,47,68.0851063829787,0,8.51063829787234
"5","M_ruthenica_zhiwusuo","M_ruthenica_zhiwusuo_Chr05",35,49,12,1,7,0,71,69,71.0144927536232,1.44927536231884,10.1449275362319
"5","M_ruthenica_zhiwusuo","M_ruthenica_zhiwusuo_Chr05",36,56,10,1,4,0,72,71,78.8732394366197,1.40845070422535,5.63380281690141
"5","M_ruthenica_zhiwusuo","M_ruthenica_zhiwusuo_Chr05",37,45,11,2,3,0,61,61,73.7704918032787,3.27868852459016,4.91803278688525
"5","M_ruthenica_zhiwusuo","M_ruthenica_zhiwusuo_Chr05",38,57,9,5,4,0,75,75,76,6.66666666666667,5.33333333333333
"5","M_ruthenica_zhiwusuo","M_ruthenica_zhiwusuo_Chr05",39,57,10,2,3,0,72,72,79.1666666666667,2.77777777777778,4.16666666666667
"5","M_ruthenica_zhiwusuo","M_ruthenica_zhiwusuo_Chr05",40,47,7,1,5,0,60,60,78.3333333333333,1.66666666666667,8.33333333333333
"5","M_ruthenica_zhiwusuo","M_ruthenica_zhiwusuo_Chr05",41,53,15,1,4,0,73,73,72.6027397260274,1.36986301369863,5.47945205479452
"5","M_ruthenica_zhiwusuo","M_ruthenica_zhiwusuo_Chr05",42,40,17,3,1,0,61,61,65.5737704918033,4.91803278688525,1.63934426229508
"5","M_ruthenica_zhiwusuo","M_ruthenica_zhiwusuo_Chr05",43,52,9,2,8,0,71,71,73.2394366197183,2.8169014084507,11.2676056338028
"5","M_ruthenica_zhiwusuo","M_ruthenica_zhiwusuo_Chr05",44,38,14,3,2,0,57,57,66.6666666666667,5.26315789473684,3.50877192982456
"5","M_ruthenica_zhiwusuo","M_ruthenica_zhiwusuo_Chr05",45,42,8,1,3,0,54,54,77.7777777777778,1.85185185185185,5.55555555555556
"5","M_ruthenica_zhiwusuo","M_ruthenica_zhiwusuo_Chr05",46,38,15,5,1,0,59,59,64.406779661017,8.47457627118644,1.69491525423729
"5","M_ruthenica_zhiwusuo","M_ruthenica_zhiwusuo_Chr05",47,31,10,4,1,0,46,46,67.3913043478261,8.69565217391304,2.17391304347826
"5","M_ruthenica_zhiwusuo","M_ruthenica_zhiwusuo_Chr05",48,39,21,0,4,0,64,64,60.9375,0,6.25
"5","M_ruthenica_zhiwusuo","M_ruthenica_zhiwusuo_Chr05",49,51,12,5,1,0,69,69,73.9130434782609,7.2463768115942,1.44927536231884
"5","M_ruthenica_zhiwusuo","M_ruthenica_zhiwusuo_Chr05",50,62,10,1,5,0,78,78,79.4871794871795,1.28205128205128,6.41025641025641
"5","M_ruthenica_zhiwusuo","M_ruthenica_zhiwusuo_Chr05",51,48,11,2,12,0,73,73,65.7534246575343,2.73972602739726,16.4383561643836
"5","M_ruthenica_zhiwusuo","M_ruthenica_zhiwusuo_Chr05",52,53,11,3,4,0,71,71,74.6478873239437,4.22535211267606,5.63380281690141
"5","M_ruthenica_zhiwusuo","M_ruthenica_zhiwusuo_Chr05",53,45,10,1,3,0,59,59,76.271186440678,1.69491525423729,5.08474576271186
"5","M_ruthenica_zhiwusuo","M_ruthenica_zhiwusuo_Chr05",54,42,9,2,4,0,57,57,73.6842105263158,3.50877192982456,7.01754385964912
"5","M_ruthenica_zhiwusuo","M_ruthenica_zhiwusuo_Chr05",55,45,10,4,3,0,62,62,72.5806451612903,6.45161290322581,4.83870967741935
"5","M_ruthenica_zhiwusuo","M_ruthenica_zhiwusuo_Chr05",56,59,11,0,6,0,76,76,77.6315789473684,0,7.89473684210526
"5","M_ruthenica_zhiwusuo","M_ruthenica_zhiwusuo_Chr05",57,47,9,3,1,0,60,60,78.3333333333333,5,1.66666666666667
"5","M_ruthenica_zhiwusuo","M_ruthenica_zhiwusuo_Chr05",58,36,13,8,2,0,59,59,61.0169491525424,13.5593220338983,3.38983050847458
"5","M_ruthenica_zhiwusuo","M_ruthenica_zhiwusuo_Chr05",59,39,5,4,5,0,53,53,73.5849056603774,7.54716981132075,9.43396226415094
"5","M_ruthenica_zhiwusuo","M_ruthenica_zhiwusuo_Chr05",60,49,8,4,2,0,63,63,77.7777777777778,6.34920634920635,3.17460317460317
"5","M_ruthenica_zhiwusuo","M_ruthenica_zhiwusuo_Chr05",61,34,19,4,1,0,58,58,58.6206896551724,6.89655172413793,1.72413793103448
"5","M_ruthenica_zhiwusuo","M_ruthenica_zhiwusuo_Chr05",62,46,8,4,5,0,63,63,73.015873015873,6.34920634920635,7.93650793650794
"5","M_ruthenica_zhiwusuo","M_ruthenica_zhiwusuo_Chr05",63,49,12,2,3,0,66,66,74.2424242424242,3.03030303030303,4.54545454545455
"5","M_ruthenica_zhiwusuo","M_ruthenica_zhiwusuo_Chr05",64,55,20,2,1,0,78,78,70.5128205128205,2.56410256410256,1.28205128205128
"5","M_ruthenica_zhiwusuo","M_ruthenica_zhiwusuo_Chr05",65,44,13,7,4,0,68,68,64.7058823529412,10.2941176470588,5.88235294117647
"5","M_ruthenica_zhiwusuo","M_ruthenica_zhiwusuo_Chr05",66,44,9,4,4,0,61,61,72.1311475409836,6.55737704918033,6.55737704918033
"5","M_ruthenica_zhiwusuo","M_ruthenica_zhiwusuo_Chr05",67,47,15,4,0,0,70,66,71.2121212121212,6.06060606060606,0
"5","M_ruthenica_zhiwusuo","M_ruthenica_zhiwusuo_Chr05",68,55,12,3,3,0,74,73,75.3424657534247,4.10958904109589,4.10958904109589
"5","M_ruthenica_zhiwusuo","M_ruthenica_zhiwusuo_Chr05",69,50,7,8,7,0,72,72,69.4444444444444,11.1111111111111,9.72222222222222
"5","M_ruthenica_zhiwusuo","M_ruthenica_zhiwusuo_Chr05",70,54,7,1,4,0,66,66,81.8181818181818,1.51515151515152,6.06060606060606
"5","M_ruthenica_zhiwusuo","M_ruthenica_zhiwusuo_Chr05",71,38,21,4,6,0,69,69,55.0724637681159,5.79710144927536,8.69565217391304
"5","M_ruthenica_zhiwusuo","M_ruthenica_zhiwusuo_Chr05",72,54,17,4,2,0,77,77,70.1298701298701,5.19480519480519,2.5974025974026
"5","M_ruthenica_zhiwusuo","M_ruthenica_zhiwusuo_Chr05",73,49,10,8,5,0,72,72,68.0555555555556,11.1111111111111,6.94444444444444
"5","M_ruthenica_zhiwusuo","M_ruthenica_zhiwusuo_Chr05",74,61,10,5,2,0,78,78,78.2051282051282,6.41025641025641,2.56410256410256
"5","M_ruthenica_zhiwusuo","M_ruthenica_zhiwusuo_Chr05",75,36,18,2,3,0,59,59,61.0169491525424,3.38983050847458,5.08474576271186
"5","M_ruthenica_zhiwusuo","M_ruthenica_zhiwusuo_Chr05",76,44,8,5,4,0,61,61,72.1311475409836,8.19672131147541,6.55737704918033
"5","M_ruthenica_zhiwusuo","M_ruthenica_zhiwusuo_Chr05",77,55,12,5,7,0,79,79,69.620253164557,6.32911392405063,8.86075949367089
"5","M_ruthenica_zhiwusuo","M_ruthenica_zhiwusuo_Chr05",78,45,12,5,7,0,69,69,65.2173913043478,7.2463768115942,10.1449275362319
"5","M_ruthenica_zhiwusuo","M_ruthenica_zhiwusuo_Chr05",79,51,10,3,3,0,67,67,76.1194029850746,4.47761194029851,4.47761194029851
"5","M_ruthenica_zhiwusuo","M_ruthenica_zhiwusuo_Chr05",80,40,13,5,5,0,63,63,63.4920634920635,7.93650793650794,7.93650793650794
"5","M_ruthenica_zhiwusuo","M_ruthenica_zhiwusuo_Chr05",81,50,18,5,3,0,78,76,65.7894736842105,6.57894736842105,3.94736842105263
"5","M_ruthenica_zhiwusuo","M_ruthenica_zhiwusuo_Chr05",82,44,13,2,4,0,63,63,69.8412698412698,3.17460317460317,6.34920634920635
"5","M_ruthenica_zhiwusuo","M_ruthenica_zhiwusuo_Chr05",83,49,24,11,8,0,93,92,53.2608695652174,11.9565217391304,8.69565217391304
"5","M_ruthenica_zhiwusuo","M_ruthenica_zhiwusuo_Chr05",84,51,16,5,10,0,83,82,62.1951219512195,6.09756097560976,12.1951219512195
"5","M_ruthenica_zhiwusuo","M_ruthenica_zhiwusuo_Chr05",85,42,11,3,8,0,66,64,65.625,4.6875,12.5
"5","M_ruthenica_zhiwusuo","M_ruthenica_zhiwusuo_Chr05",86,65,23,8,8,0,105,104,62.5,7.69230769230769,7.69230769230769
"5","M_ruthenica_zhiwusuo","M_ruthenica_zhiwusuo_Chr05",87,61,22,3,7,0,93,93,65.5913978494624,3.2258064516129,7.52688172043011
"5","M_ruthenica_zhiwusuo","M_ruthenica_zhiwusuo_Chr05",88,43,14,5,2,0,64,64,67.1875,7.8125,3.125
"5","M_ruthenica_zhiwusuo","M_ruthenica_zhiwusuo_Chr05",89,38,18,3,2,0,61,61,62.2950819672131,4.91803278688525,3.27868852459016
"5","M_ruthenica_zhiwusuo","M_ruthenica_zhiwusuo_Chr05",90,54,24,9,7,0,94,94,57.4468085106383,9.57446808510638,7.4468085106383
"5","M_ruthenica_zhiwusuo","M_ruthenica_zhiwusuo_Chr05",91,67,19,4,3,0,95,93,72.0430107526882,4.3010752688172,3.2258064516129
"5","M_ruthenica_zhiwusuo","M_ruthenica_zhiwusuo_Chr05",92,58,15,8,4,0,87,85,68.2352941176471,9.41176470588235,4.70588235294118
"5","M_ruthenica_zhiwusuo","M_ruthenica_zhiwusuo_Chr05",93,54,26,2,5,0,87,87,62.0689655172414,2.29885057471264,5.74712643678161
"5","M_ruthenica_zhiwusuo","M_ruthenica_zhiwusuo_Chr05",94,59,16,9,8,0,92,92,64.1304347826087,9.78260869565217,8.69565217391304
"5","M_ruthenica_zhiwusuo","M_ruthenica_zhiwusuo_Chr05",95,53,20,7,2,0,82,82,64.6341463414634,8.53658536585366,2.4390243902439
"5","M_ruthenica_zhiwusuo","M_ruthenica_zhiwusuo_Chr05",96,50,13,3,3,0,69,69,72.463768115942,4.34782608695652,4.34782608695652
"5","M_ruthenica_zhiwusuo","M_ruthenica_zhiwusuo_Chr05",97,28,9,6,0,0,44,43,65.1162790697674,13.953488372093,0
"5","M_ruthenica_zhiwusuo","M_ruthenica_zhiwusuo_Chr06",0,44,18,4,17,0,83,83,53.0120481927711,4.81927710843374,20.4819277108434
"5","M_ruthenica_zhiwusuo","M_ruthenica_zhiwusuo_Chr06",1,47,7,5,3,0,65,62,75.8064516129032,8.06451612903226,4.83870967741935
"5","M_ruthenica_zhiwusuo","M_ruthenica_zhiwusuo_Chr06",2,61,25,7,3,0,96,96,63.5416666666667,7.29166666666667,3.125
"5","M_ruthenica_zhiwusuo","M_ruthenica_zhiwusuo_Chr06",3,38,16,3,6,0,63,63,60.3174603174603,4.76190476190476,9.52380952380952
"5","M_ruthenica_zhiwusuo","M_ruthenica_zhiwusuo_Chr06",4,52,13,8,11,0,84,84,61.9047619047619,9.52380952380952,13.0952380952381
"5","M_ruthenica_zhiwusuo","M_ruthenica_zhiwusuo_Chr06",5,60,13,7,4,0,84,84,71.4285714285714,8.33333333333333,4.76190476190476
"5","M_ruthenica_zhiwusuo","M_ruthenica_zhiwusuo_Chr06",6,57,15,3,1,0,76,76,75,3.94736842105263,1.31578947368421
"5","M_ruthenica_zhiwusuo","M_ruthenica_zhiwusuo_Chr06",7,53,12,1,2,0,68,68,77.9411764705882,1.47058823529412,2.94117647058824
"5","M_ruthenica_zhiwusuo","M_ruthenica_zhiwusuo_Chr06",8,36,14,5,3,0,62,58,62.0689655172414,8.62068965517241,5.17241379310345
"5","M_ruthenica_zhiwusuo","M_ruthenica_zhiwusuo_Chr06",9,51,15,7,4,0,79,77,66.2337662337662,9.09090909090909,5.19480519480519
"5","M_ruthenica_zhiwusuo","M_ruthenica_zhiwusuo_Chr06",10,47,7,5,4,0,63,63,74.6031746031746,7.93650793650794,6.34920634920635
"5","M_ruthenica_zhiwusuo","M_ruthenica_zhiwusuo_Chr06",11,51,12,3,6,0,72,72,70.8333333333333,4.16666666666667,8.33333333333333
"5","M_ruthenica_zhiwusuo","M_ruthenica_zhiwusuo_Chr06",12,38,11,5,4,0,58,58,65.5172413793103,8.62068965517241,6.89655172413793
"5","M_ruthenica_zhiwusuo","M_ruthenica_zhiwusuo_Chr06",13,30,17,4,1,0,52,52,57.6923076923077,7.69230769230769,1.92307692307692
"5","M_ruthenica_zhiwusuo","M_ruthenica_zhiwusuo_Chr06",14,55,14,4,3,0,76,76,72.3684210526316,5.26315789473684,3.94736842105263
"5","M_ruthenica_zhiwusuo","M_ruthenica_zhiwusuo_Chr06",15,53,11,7,7,0,78,78,67.9487179487179,8.97435897435897,8.97435897435897
"5","M_ruthenica_zhiwusuo","M_ruthenica_zhiwusuo_Chr06",16,54,8,4,1,0,67,67,80.5970149253731,5.97014925373134,1.49253731343284
"5","M_ruthenica_zhiwusuo","M_ruthenica_zhiwusuo_Chr06",17,50,11,3,4,0,68,68,73.5294117647059,4.41176470588235,5.88235294117647
"5","M_ruthenica_zhiwusuo","M_ruthenica_zhiwusuo_Chr06",18,50,14,5,7,0,76,76,65.7894736842105,6.57894736842105,9.21052631578947
"5","M_ruthenica_zhiwusuo","M_ruthenica_zhiwusuo_Chr06",19,50,10,4,6,0,70,70,71.4285714285714,5.71428571428571,8.57142857142857
"5","M_ruthenica_zhiwusuo","M_ruthenica_zhiwusuo_Chr06",20,43,5,3,4,0,55,55,78.1818181818182,5.45454545454545,7.27272727272727
"5","M_ruthenica_zhiwusuo","M_ruthenica_zhiwusuo_Chr06",21,49,11,3,2,0,65,65,75.3846153846154,4.61538461538461,3.07692307692308
"5","M_ruthenica_zhiwusuo","M_ruthenica_zhiwusuo_Chr06",22,50,3,5,4,0,62,62,80.6451612903226,8.06451612903226,6.45161290322581
"5","M_ruthenica_zhiwusuo","M_ruthenica_zhiwusuo_Chr06",23,53,13,3,3,0,72,72,73.6111111111111,4.16666666666667,4.16666666666667
"5","M_ruthenica_zhiwusuo","M_ruthenica_zhiwusuo_Chr06",24,50,7,5,3,0,65,65,76.9230769230769,7.69230769230769,4.61538461538461
"5","M_ruthenica_zhiwusuo","M_ruthenica_zhiwusuo_Chr06",25,50,7,3,2,0,62,62,80.6451612903226,4.83870967741935,3.2258064516129
"5","M_ruthenica_zhiwusuo","M_ruthenica_zhiwusuo_Chr06",26,47,5,2,4,0,58,58,81.0344827586207,3.44827586206897,6.89655172413793
"5","M_ruthenica_zhiwusuo","M_ruthenica_zhiwusuo_Chr06",27,45,2,5,5,0,57,57,78.9473684210526,8.7719298245614,8.7719298245614
"5","M_ruthenica_zhiwusuo","M_ruthenica_zhiwusuo_Chr06",28,46,8,2,4,0,60,60,76.6666666666667,3.33333333333333,6.66666666666667
"5","M_ruthenica_zhiwusuo","M_ruthenica_zhiwusuo_Chr06",29,41,10,4,4,0,59,59,69.4915254237288,6.77966101694915,6.77966101694915
"5","M_ruthenica_zhiwusuo","M_ruthenica_zhiwusuo_Chr06",30,44,7,3,9,0,63,63,69.8412698412698,4.76190476190476,14.2857142857143
"5","M_ruthenica_zhiwusuo","M_ruthenica_zhiwusuo_Chr06",31,46,7,4,5,0,62,62,74.1935483870968,6.45161290322581,8.06451612903226
"5","M_ruthenica_zhiwusuo","M_ruthenica_zhiwusuo_Chr06",32,42,4,4,4,0,54,54,77.7777777777778,7.40740740740741,7.40740740740741
"5","M_ruthenica_zhiwusuo","M_ruthenica_zhiwusuo_Chr06",33,58,3,3,4,0,68,68,85.2941176470588,4.41176470588235,5.88235294117647
"5","M_ruthenica_zhiwusuo","M_ruthenica_zhiwusuo_Chr06",34,48,14,5,4,0,71,71,67.6056338028169,7.04225352112676,5.63380281690141
"5","M_ruthenica_zhiwusuo","M_ruthenica_zhiwusuo_Chr06",35,33,11,4,1,0,49,49,67.3469387755102,8.16326530612245,2.04081632653061
"5","M_ruthenica_zhiwusuo","M_ruthenica_zhiwusuo_Chr06",36,52,3,3,2,0,60,60,86.6666666666667,5,3.33333333333333
"5","M_ruthenica_zhiwusuo","M_ruthenica_zhiwusuo_Chr06",37,38,10,8,6,0,62,62,61.2903225806452,12.9032258064516,9.67741935483871
"5","M_ruthenica_zhiwusuo","M_ruthenica_zhiwusuo_Chr06",38,49,6,5,2,0,62,62,79.0322580645161,8.06451612903226,3.2258064516129
"5","M_ruthenica_zhiwusuo","M_ruthenica_zhiwusuo_Chr06",39,58,5,6,6,0,75,75,77.3333333333333,8,8
"5","M_ruthenica_zhiwusuo","M_ruthenica_zhiwusuo_Chr06",40,50,5,2,3,0,60,60,83.3333333333333,3.33333333333333,5
"5","M_ruthenica_zhiwusuo","M_ruthenica_zhiwusuo_Chr06",41,54,7,2,5,0,68,68,79.4117647058823,2.94117647058824,7.35294117647059
"5","M_ruthenica_zhiwusuo","M_ruthenica_zhiwusuo_Chr06",42,47,9,2,3,0,61,61,77.0491803278689,3.27868852459016,4.91803278688525
"5","M_ruthenica_zhiwusuo","M_ruthenica_zhiwusuo_Chr06",43,49,12,4,4,0,69,69,71.0144927536232,5.79710144927536,5.79710144927536
"5","M_ruthenica_zhiwusuo","M_ruthenica_zhiwusuo_Chr06",44,48,10,6,6,0,70,70,68.5714285714286,8.57142857142857,8.57142857142857
"5","M_ruthenica_zhiwusuo","M_ruthenica_zhiwusuo_Chr06",45,52,4,2,4,0,62,62,83.8709677419355,3.2258064516129,6.45161290322581
"5","M_ruthenica_zhiwusuo","M_ruthenica_zhiwusuo_Chr06",46,45,6,3,3,0,57,57,78.9473684210526,5.26315789473684,5.26315789473684
"5","M_ruthenica_zhiwusuo","M_ruthenica_zhiwusuo_Chr06",47,44,2,3,1,0,50,50,88,6,2
"5","M_ruthenica_zhiwusuo","M_ruthenica_zhiwusuo_Chr06",48,40,7,3,4,0,54,54,74.0740740740741,5.55555555555556,7.40740740740741
"5","M_ruthenica_zhiwusuo","M_ruthenica_zhiwusuo_Chr06",49,48,5,4,4,0,61,61,78.6885245901639,6.55737704918033,6.55737704918033
"5","M_ruthenica_zhiwusuo","M_ruthenica_zhiwusuo_Chr06",50,59,8,5,3,0,75,75,78.6666666666667,6.66666666666667,4
"5","M_ruthenica_zhiwusuo","M_ruthenica_zhiwusuo_Chr06",51,49,12,1,8,0,70,70,70,1.42857142857143,11.4285714285714
"5","M_ruthenica_zhiwusuo","M_ruthenica_zhiwusuo_Chr06",52,42,1,4,5,0,52,52,80.7692307692308,7.69230769230769,9.61538461538461
"5","M_ruthenica_zhiwusuo","M_ruthenica_zhiwusuo_Chr06",53,44,9,3,4,0,60,60,73.3333333333333,5,6.66666666666667
"5","M_ruthenica_zhiwusuo","M_ruthenica_zhiwusuo_Chr06",54,54,4,5,7,0,70,70,77.1428571428571,7.14285714285714,10
"5","M_ruthenica_zhiwusuo","M_ruthenica_zhiwusuo_Chr06",55,40,14,2,7,0,63,63,63.4920634920635,3.17460317460317,11.1111111111111
"5","M_ruthenica_zhiwusuo","M_ruthenica_zhiwusuo_Chr06",56,54,3,3,4,0,64,64,84.375,4.6875,6.25
"5","M_ruthenica_zhiwusuo","M_ruthenica_zhiwusuo_Chr06",57,44,16,1,5,0,66,66,66.6666666666667,1.51515151515152,7.57575757575758
"5","M_ruthenica_zhiwusuo","M_ruthenica_zhiwusuo_Chr06",58,39,7,1,6,0,53,53,73.5849056603774,1.88679245283019,11.3207547169811
"5","M_ruthenica_zhiwusuo","M_ruthenica_zhiwusuo_Chr06",59,47,7,7,11,0,72,72,65.2777777777778,9.72222222222222,15.2777777777778
"5","M_ruthenica_zhiwusuo","M_ruthenica_zhiwusuo_Chr06",60,46,13,1,12,0,72,72,63.8888888888889,1.38888888888889,16.6666666666667
"5","M_ruthenica_zhiwusuo","M_ruthenica_zhiwusuo_Chr06",61,42,5,3,10,0,60,60,70,5,16.6666666666667
"5","M_ruthenica_zhiwusuo","M_ruthenica_zhiwusuo_Chr06",62,48,11,2,6,0,67,67,71.6417910447761,2.98507462686567,8.95522388059701
"5","M_ruthenica_zhiwusuo","M_ruthenica_zhiwusuo_Chr06",63,30,16,3,2,0,51,51,58.8235294117647,5.88235294117647,3.92156862745098
"5","M_ruthenica_zhiwusuo","M_ruthenica_zhiwusuo_Chr06",64,42,16,0,4,0,62,62,67.741935483871,0,6.45161290322581
"5","M_ruthenica_zhiwusuo","M_ruthenica_zhiwusuo_Chr06",65,53,8,2,9,0,72,72,73.6111111111111,2.77777777777778,12.5
"5","M_ruthenica_zhiwusuo","M_ruthenica_zhiwusuo_Chr06",66,47,6,3,3,0,59,59,79.6610169491525,5.08474576271186,5.08474576271186
"5","M_ruthenica_zhiwusuo","M_ruthenica_zhiwusuo_Chr06",67,37,4,5,4,0,50,50,74,10,8
"5","M_ruthenica_zhiwusuo","M_ruthenica_zhiwusuo_Chr06",68,44,18,3,1,0,66,66,66.6666666666667,4.54545454545455,1.51515151515152
"5","M_ruthenica_zhiwusuo","M_ruthenica_zhiwusuo_Chr06",69,40,13,4,4,0,61,61,65.5737704918033,6.55737704918033,6.55737704918033
"5","M_ruthenica_zhiwusuo","M_ruthenica_zhiwusuo_Chr06",70,54,19,3,5,0,81,81,66.6666666666667,3.7037037037037,6.17283950617284
"5","M_ruthenica_zhiwusuo","M_ruthenica_zhiwusuo_Chr06",71,45,8,2,5,0,60,60,75,3.33333333333333,8.33333333333333
"5","M_ruthenica_zhiwusuo","M_ruthenica_zhiwusuo_Chr06",72,49,11,4,2,0,66,66,74.2424242424242,6.06060606060606,3.03030303030303
"5","M_ruthenica_zhiwusuo","M_ruthenica_zhiwusuo_Chr06",73,58,15,1,9,0,83,83,69.8795180722892,1.20481927710843,10.8433734939759
"5","M_ruthenica_zhiwusuo","M_ruthenica_zhiwusuo_Chr06",74,43,14,2,6,0,65,65,66.1538461538462,3.07692307692308,9.23076923076923
"5","M_ruthenica_zhiwusuo","M_ruthenica_zhiwusuo_Chr06",75,56,17,4,8,0,85,85,65.8823529411765,4.70588235294118,9.41176470588235
"5","M_ruthenica_zhiwusuo","M_ruthenica_zhiwusuo_Chr06",76,55,6,1,9,0,71,71,77.4647887323944,1.40845070422535,12.6760563380282
"5","M_ruthenica_zhiwusuo","M_ruthenica_zhiwusuo_Chr06",77,48,23,2,2,0,77,75,64,2.66666666666667,2.66666666666667
"5","M_ruthenica_zhiwusuo","M_ruthenica_zhiwusuo_Chr06",78,47,20,1,2,0,70,70,67.1428571428571,1.42857142857143,2.85714285714286
"5","M_ruthenica_zhiwusuo","M_ruthenica_zhiwusuo_Chr06",79,50,18,8,4,0,82,80,62.5,10,5
"5","M_ruthenica_zhiwusuo","M_ruthenica_zhiwusuo_Chr06",80,42,10,6,8,0,66,66,63.6363636363636,9.09090909090909,12.1212121212121
"5","M_ruthenica_zhiwusuo","M_ruthenica_zhiwusuo_Chr06",81,56,10,3,5,0,74,74,75.6756756756757,4.05405405405405,6.75675675675676
"5","M_ruthenica_zhiwusuo","M_ruthenica_zhiwusuo_Chr06",82,38,10,2,3,0,55,53,71.6981132075472,3.77358490566038,5.66037735849057
"5","M_ruthenica_zhiwusuo","M_ruthenica_zhiwusuo_Chr06",83,43,13,9,6,0,72,71,60.5633802816901,12.6760563380282,8.45070422535211
"5","M_ruthenica_zhiwusuo","M_ruthenica_zhiwusuo_Chr06",84,43,15,5,8,0,71,71,60.5633802816901,7.04225352112676,11.2676056338028
"5","M_ruthenica_zhiwusuo","M_ruthenica_zhiwusuo_Chr06",85,54,18,2,5,0,80,79,68.3544303797468,2.53164556962025,6.32911392405063
"5","M_ruthenica_zhiwusuo","M_ruthenica_zhiwusuo_Chr06",86,60,20,2,0,0,84,82,73.1707317073171,2.4390243902439,0
"5","M_ruthenica_zhiwusuo","M_ruthenica_zhiwusuo_Chr06",87,53,14,4,3,0,75,74,71.6216216216216,5.40540540540541,4.05405405405405
"5","M_ruthenica_zhiwusuo","M_ruthenica_zhiwusuo_Chr06",88,52,11,7,6,0,79,76,68.4210526315789,9.21052631578947,7.89473684210526
"5","M_ruthenica_zhiwusuo","M_ruthenica_zhiwusuo_Chr06",89,65,11,4,10,0,98,90,72.2222222222222,4.44444444444444,11.1111111111111
"5","M_ruthenica_zhiwusuo","M_ruthenica_zhiwusuo_Chr07",0,51,15,3,2,0,71,71,71.830985915493,4.22535211267606,2.8169014084507
"5","M_ruthenica_zhiwusuo","M_ruthenica_zhiwusuo_Chr07",1,52,10,3,10,0,75,75,69.3333333333333,4,13.3333333333333
"5","M_ruthenica_zhiwusuo","M_ruthenica_zhiwusuo_Chr07",2,57,10,6,8,0,81,81,70.3703703703704,7.40740740740741,9.87654320987654
"5","M_ruthenica_zhiwusuo","M_ruthenica_zhiwusuo_Chr07",3,56,10,4,3,0,74,73,76.7123287671233,5.47945205479452,4.10958904109589
"5","M_ruthenica_zhiwusuo","M_ruthenica_zhiwusuo_Chr07",4,42,13,2,5,0,62,62,67.741935483871,3.2258064516129,8.06451612903226
"5","M_ruthenica_zhiwusuo","M_ruthenica_zhiwusuo_Chr07",5,47,24,4,2,0,77,77,61.038961038961,5.19480519480519,2.5974025974026
"5","M_ruthenica_zhiwusuo","M_ruthenica_zhiwusuo_Chr07",6,62,11,9,5,0,87,87,71.2643678160919,10.3448275862069,5.74712643678161
"5","M_ruthenica_zhiwusuo","M_ruthenica_zhiwusuo_Chr07",7,48,24,6,4,0,82,82,58.5365853658537,7.31707317073171,4.8780487804878
"5","M_ruthenica_zhiwusuo","M_ruthenica_zhiwusuo_Chr07",8,41,10,3,7,0,61,61,67.2131147540984,4.91803278688525,11.4754098360656
"5","M_ruthenica_zhiwusuo","M_ruthenica_zhiwusuo_Chr07",9,51,7,6,3,0,67,67,76.1194029850746,8.95522388059701,4.47761194029851
"5","M_ruthenica_zhiwusuo","M_ruthenica_zhiwusuo_Chr07",10,49,10,9,5,0,73,73,67.1232876712329,12.3287671232877,6.84931506849315
"5","M_ruthenica_zhiwusuo","M_ruthenica_zhiwusuo_Chr07",11,62,14,4,9,0,89,89,69.6629213483146,4.49438202247191,10.1123595505618
"5","M_ruthenica_zhiwusuo","M_ruthenica_zhiwusuo_Chr07",12,56,10,5,10,0,81,81,69.1358024691358,6.17283950617284,12.3456790123457
"5","M_ruthenica_zhiwusuo","M_ruthenica_zhiwusuo_Chr07",13,50,13,3,7,0,77,73,68.4931506849315,4.10958904109589,9.58904109589041
"5","M_ruthenica_zhiwusuo","M_ruthenica_zhiwusuo_Chr07",14,42,13,0,1,0,59,56,75,0,1.78571428571429
"5","M_ruthenica_zhiwusuo","M_ruthenica_zhiwusuo_Chr07",15,55,12,0,3,0,70,70,78.5714285714286,0,4.28571428571429
"5","M_ruthenica_zhiwusuo","M_ruthenica_zhiwusuo_Chr07",16,37,10,3,3,0,55,53,69.811320754717,5.66037735849057,5.66037735849057
"5","M_ruthenica_zhiwusuo","M_ruthenica_zhiwusuo_Chr07",17,39,17,5,0,0,61,61,63.9344262295082,8.19672131147541,0
"5","M_ruthenica_zhiwusuo","M_ruthenica_zhiwusuo_Chr07",18,53,12,3,9,0,77,77,68.8311688311688,3.8961038961039,11.6883116883117
"5","M_ruthenica_zhiwusuo","M_ruthenica_zhiwusuo_Chr07",19,48,11,9,5,0,73,73,65.7534246575343,12.3287671232877,6.84931506849315
"5","M_ruthenica_zhiwusuo","M_ruthenica_zhiwusuo_Chr07",20,45,4,3,5,0,57,57,78.9473684210526,5.26315789473684,8.7719298245614
"5","M_ruthenica_zhiwusuo","M_ruthenica_zhiwusuo_Chr07",21,45,14,3,4,0,66,66,68.1818181818182,4.54545454545455,6.06060606060606
"5","M_ruthenica_zhiwusuo","M_ruthenica_zhiwusuo_Chr07",22,50,19,2,4,0,76,75,66.6666666666667,2.66666666666667,5.33333333333333
"5","M_ruthenica_zhiwusuo","M_ruthenica_zhiwusuo_Chr07",23,56,19,1,7,0,84,83,67.4698795180723,1.20481927710843,8.43373493975904
"5","M_ruthenica_zhiwusuo","M_ruthenica_zhiwusuo_Chr07",24,52,11,3,3,0,69,69,75.3623188405797,4.34782608695652,4.34782608695652
"5","M_ruthenica_zhiwusuo","M_ruthenica_zhiwusuo_Chr07",25,39,14,3,2,0,58,58,67.2413793103448,5.17241379310345,3.44827586206897
"5","M_ruthenica_zhiwusuo","M_ruthenica_zhiwusuo_Chr07",26,38,17,4,2,0,61,61,62.2950819672131,6.55737704918033,3.27868852459016
"5","M_ruthenica_zhiwusuo","M_ruthenica_zhiwusuo_Chr07",27,54,8,3,7,0,72,72,75,4.16666666666667,9.72222222222222
"5","M_ruthenica_zhiwusuo","M_ruthenica_zhiwusuo_Chr07",28,42,9,1,1,0,53,53,79.2452830188679,1.88679245283019,1.88679245283019
"5","M_ruthenica_zhiwusuo","M_ruthenica_zhiwusuo_Chr07",29,53,19,2,7,0,81,81,65.4320987654321,2.46913580246914,8.64197530864197
"5","M_ruthenica_zhiwusuo","M_ruthenica_zhiwusuo_Chr07",30,43,7,1,3,0,54,54,79.6296296296296,1.85185185185185,5.55555555555556
"5","M_ruthenica_zhiwusuo","M_ruthenica_zhiwusuo_Chr07",31,51,8,4,3,0,66,66,77.2727272727273,6.06060606060606,4.54545454545455
"5","M_ruthenica_zhiwusuo","M_ruthenica_zhiwusuo_Chr07",32,63,10,3,2,0,79,78,80.7692307692308,3.84615384615385,2.56410256410256
"5","M_ruthenica_zhiwusuo","M_ruthenica_zhiwusuo_Chr07",33,58,11,1,7,0,78,77,75.3246753246753,1.2987012987013,9.09090909090909
"5","M_ruthenica_zhiwusuo","M_ruthenica_zhiwusuo_Chr07",34,52,10,1,1,0,64,64,81.25,1.5625,1.5625
"5","M_ruthenica_zhiwusuo","M_ruthenica_zhiwusuo_Chr07",35,57,4,5,1,0,67,67,85.0746268656716,7.46268656716418,1.49253731343284
"5","M_ruthenica_zhiwusuo","M_ruthenica_zhiwusuo_Chr07",36,49,14,7,8,0,78,78,62.8205128205128,8.97435897435897,10.2564102564103
"5","M_ruthenica_zhiwusuo","M_ruthenica_zhiwusuo_Chr07",37,44,4,6,5,0,61,59,74.5762711864407,10.1694915254237,8.47457627118644
"5","M_ruthenica_zhiwusuo","M_ruthenica_zhiwusuo_Chr07",38,43,9,0,2,0,54,54,79.6296296296296,0,3.7037037037037
"5","M_ruthenica_zhiwusuo","M_ruthenica_zhiwusuo_Chr07",39,51,16,2,5,0,74,74,68.9189189189189,2.7027027027027,6.75675675675676
"5","M_ruthenica_zhiwusuo","M_ruthenica_zhiwusuo_Chr07",40,50,13,6,5,0,74,74,67.5675675675676,8.10810810810811,6.75675675675676
"5","M_ruthenica_zhiwusuo","M_ruthenica_zhiwusuo_Chr07",41,44,13,6,5,0,69,68,64.7058823529412,8.82352941176471,7.35294117647059
"5","M_ruthenica_zhiwusuo","M_ruthenica_zhiwusuo_Chr07",42,45,2,4,4,0,55,55,81.8181818181818,7.27272727272727,7.27272727272727
"5","M_ruthenica_zhiwusuo","M_ruthenica_zhiwusuo_Chr07",43,28,11,2,6,0,47,47,59.5744680851064,4.25531914893617,12.7659574468085
"5","M_ruthenica_zhiwusuo","M_ruthenica_zhiwusuo_Chr07",44,44,24,5,3,0,76,76,57.8947368421053,6.57894736842105,3.94736842105263
"5","M_ruthenica_zhiwusuo","M_ruthenica_zhiwusuo_Chr07",45,42,15,5,5,0,67,67,62.6865671641791,7.46268656716418,7.46268656716418
"5","M_ruthenica_zhiwusuo","M_ruthenica_zhiwusuo_Chr07",46,49,24,1,6,0,81,80,61.25,1.25,7.5
"5","M_ruthenica_zhiwusuo","M_ruthenica_zhiwusuo_Chr07",47,38,21,1,9,0,69,69,55.0724637681159,1.44927536231884,13.0434782608696
"5","M_ruthenica_zhiwusuo","M_ruthenica_zhiwusuo_Chr07",48,53,13,5,3,0,77,74,71.6216216216216,6.75675675675676,4.05405405405405
"5","M_ruthenica_zhiwusuo","M_ruthenica_zhiwusuo_Chr07",49,53,23,6,5,0,87,87,60.9195402298851,6.89655172413793,5.74712643678161
"5","M_ruthenica_zhiwusuo","M_ruthenica_zhiwusuo_Chr07",50,60,15,3,4,0,82,82,73.1707317073171,3.65853658536585,4.8780487804878
"5","M_ruthenica_zhiwusuo","M_ruthenica_zhiwusuo_Chr07",51,49,5,2,4,0,62,60,81.6666666666667,3.33333333333333,6.66666666666667
"5","M_ruthenica_zhiwusuo","M_ruthenica_zhiwusuo_Chr07",52,46,12,7,5,0,72,70,65.7142857142857,10,7.14285714285714
"5","M_ruthenica_zhiwusuo","M_ruthenica_zhiwusuo_Chr07",53,63,12,4,2,0,81,81,77.7777777777778,4.93827160493827,2.46913580246914
"5","M_ruthenica_zhiwusuo","M_ruthenica_zhiwusuo_Chr07",54,57,11,2,7,0,77,77,74.025974025974,2.5974025974026,9.09090909090909
"5","M_ruthenica_zhiwusuo","M_ruthenica_zhiwusuo_Chr07",55,52,5,2,5,0,64,64,81.25,3.125,7.8125
"5","M_ruthenica_zhiwusuo","M_ruthenica_zhiwusuo_Chr07",56,33,13,2,2,0,50,50,66,4,4
"5","M_ruthenica_zhiwusuo","M_ruthenica_zhiwusuo_Chr07",57,70,12,4,1,0,87,87,80.4597701149425,4.59770114942529,1.14942528735632
"5","M_ruthenica_zhiwusuo","M_ruthenica_zhiwusuo_Chr07",58,50,14,4,8,0,76,76,65.7894736842105,5.26315789473684,10.5263157894737
"5","M_ruthenica_zhiwusuo","M_ruthenica_zhiwusuo_Chr07",59,64,13,4,6,0,87,87,73.5632183908046,4.59770114942529,6.89655172413793
"5","M_ruthenica_zhiwusuo","M_ruthenica_zhiwusuo_Chr07",60,53,17,3,8,0,81,81,65.4320987654321,3.7037037037037,9.87654320987654
"5","M_ruthenica_zhiwusuo","M_ruthenica_zhiwusuo_Chr07",61,67,16,3,7,0,93,93,72.0430107526882,3.2258064516129,7.52688172043011
"5","M_ruthenica_zhiwusuo","M_ruthenica_zhiwusuo_Chr07",62,60,14,6,6,0,86,86,69.7674418604651,6.97674418604651,6.97674418604651
"5","M_ruthenica_zhiwusuo","M_ruthenica_zhiwusuo_Chr07",63,54,16,4,6,0,80,80,67.5,5,7.5
"5","M_ruthenica_zhiwusuo","M_ruthenica_zhiwusuo_Chr07",64,47,40,3,3,0,95,93,50.5376344086022,3.2258064516129,3.2258064516129
"5","M_ruthenica_zhiwusuo","M_ruthenica_zhiwusuo_Chr07",65,57,20,5,4,0,86,86,66.2790697674419,5.81395348837209,4.65116279069767
"5","M_ruthenica_zhiwusuo","M_ruthenica_zhiwusuo_Chr07",66,42,9,4,5,0,61,60,70,6.66666666666667,8.33333333333333
"5","M_ruthenica_zhiwusuo","M_ruthenica_zhiwusuo_Chr07",67,52,25,7,3,0,88,87,59.7701149425287,8.04597701149425,3.44827586206897
"5","M_ruthenica_zhiwusuo","M_ruthenica_zhiwusuo_Chr07",68,43,25,6,2,0,76,76,56.5789473684211,7.89473684210526,2.63157894736842
"5","M_ruthenica_zhiwusuo","M_ruthenica_zhiwusuo_Chr07",69,54,19,2,8,0,83,83,65.0602409638554,2.40963855421687,9.63855421686747
"5","M_ruthenica_zhiwusuo","M_ruthenica_zhiwusuo_Chr07",70,52,23,3,2,0,80,80,65,3.75,2.5
"5","M_ruthenica_zhiwusuo","M_ruthenica_zhiwusuo_Chr07",71,63,13,5,9,0,90,90,70,5.55555555555556,10
"5","M_ruthenica_zhiwusuo","M_ruthenica_zhiwusuo_Chr07",72,65,17,5,7,0,94,94,69.1489361702128,5.31914893617021,7.4468085106383
"5","M_ruthenica_zhiwusuo","M_ruthenica_zhiwusuo_Chr07",73,48,13,5,4,0,70,70,68.5714285714286,7.14285714285714,5.71428571428571
"5","M_ruthenica_zhiwusuo","M_ruthenica_zhiwusuo_Chr07",74,55,10,2,6,0,74,73,75.3424657534247,2.73972602739726,8.21917808219178
"5","M_ruthenica_zhiwusuo","M_ruthenica_zhiwusuo_Chr07",75,51,17,3,7,0,78,78,65.3846153846154,3.84615384615385,8.97435897435897
"5","M_ruthenica_zhiwusuo","M_ruthenica_zhiwusuo_Chr07",76,54,22,2,2,0,80,80,67.5,2.5,2.5
"5","M_ruthenica_zhiwusuo","M_ruthenica_zhiwusuo_Chr07",77,63,21,3,5,0,93,92,68.4782608695652,3.26086956521739,5.43478260869565
"5","M_ruthenica_zhiwusuo","M_ruthenica_zhiwusuo_Chr07",78,56,11,2,12,0,81,81,69.1358024691358,2.46913580246914,14.8148148148148
"5","M_ruthenica_zhiwusuo","M_ruthenica_zhiwusuo_Chr07",79,64,14,10,9,0,98,97,65.979381443299,10.3092783505155,9.27835051546392
"5","M_ruthenica_zhiwusuo","M_ruthenica_zhiwusuo_Chr07",80,49,25,6,7,0,89,87,56.3218390804598,6.89655172413793,8.04597701149425
"5","M_ruthenica_zhiwusuo","M_ruthenica_zhiwusuo_Chr07",81,39,25,5,2,0,71,71,54.9295774647887,7.04225352112676,2.8169014084507
"5","M_ruthenica_zhiwusuo","M_ruthenica_zhiwusuo_Chr07",82,59,18,3,8,0,88,88,67.0454545454545,3.40909090909091,9.09090909090909
"5","M_ruthenica_zhiwusuo","M_ruthenica_zhiwusuo_Chr07",83,48,26,3,2,0,82,79,60.7594936708861,3.79746835443038,2.53164556962025
"5","M_ruthenica_zhiwusuo","M_ruthenica_zhiwusuo_Chr07",84,48,31,7,6,0,92,92,52.1739130434783,7.60869565217391,6.52173913043478
"5","M_ruthenica_zhiwusuo","M_ruthenica_zhiwusuo_Chr07",85,67,24,5,4,0,100,100,67,5,4
"5","M_ruthenica_zhiwusuo","M_ruthenica_zhiwusuo_Chr07",86,56,10,1,2,0,69,69,81.1594202898551,1.44927536231884,2.89855072463768
"5","M_ruthenica_zhiwusuo","M_ruthenica_zhiwusuo_Chr07",87,54,15,3,3,0,75,75,72,4,4
"5","M_ruthenica_zhiwusuo","M_ruthenica_zhiwusuo_Chr07",88,60,16,4,2,0,82,82,73.1707317073171,4.8780487804878,2.4390243902439
"5","M_ruthenica_zhiwusuo","M_ruthenica_zhiwusuo_Chr07",89,61,13,4,6,0,84,84,72.6190476190476,4.76190476190476,7.14285714285714
"5","M_ruthenica_zhiwusuo","M_ruthenica_zhiwusuo_Chr07",90,62,19,0,5,0,86,86,72.0930232558139,0,5.81395348837209
"5","M_ruthenica_zhiwusuo","M_ruthenica_zhiwusuo_Chr07",91,71,12,3,7,0,94,93,76.3440860215054,3.2258064516129,7.52688172043011
"5","M_ruthenica_zhiwusuo","M_ruthenica_zhiwusuo_Chr07",92,59,19,7,8,0,94,93,63.4408602150538,7.52688172043011,8.60215053763441
"5","M_ruthenica_zhiwusuo","M_ruthenica_zhiwusuo_Chr07",93,65,29,5,7,0,109,106,61.3207547169811,4.71698113207547,6.60377358490566
"5","M_ruthenica_zhiwusuo","M_ruthenica_zhiwusuo_Chr07",94,64,30,5,6,0,105,105,60.9523809523809,4.76190476190476,5.71428571428571
"5","M_ruthenica_zhiwusuo","M_ruthenica_zhiwusuo_Chr07",95,55,27,4,3,0,90,89,61.7977528089888,4.49438202247191,3.37078651685393
"5","M_ruthenica_zhiwusuo","M_ruthenica_zhiwusuo_Chr07",96,57,15,7,6,0,87,85,67.0588235294118,8.23529411764706,7.05882352941176
"5","M_ruthenica_zhiwusuo","M_ruthenica_zhiwusuo_Chr08",0,44,12,3,4,0,63,63,69.8412698412698,4.76190476190476,6.34920634920635
"5","M_ruthenica_zhiwusuo","M_ruthenica_zhiwusuo_Chr08",1,52,12,2,4,0,70,70,74.2857142857143,2.85714285714286,5.71428571428571
"5","M_ruthenica_zhiwusuo","M_ruthenica_zhiwusuo_Chr08",2,60,7,4,4,0,75,75,80,5.33333333333333,5.33333333333333
"5","M_ruthenica_zhiwusuo","M_ruthenica_zhiwusuo_Chr08",3,52,15,4,13,0,84,84,61.9047619047619,4.76190476190476,15.4761904761905
"5","M_ruthenica_zhiwusuo","M_ruthenica_zhiwusuo_Chr08",4,53,21,3,7,0,84,84,63.0952380952381,3.57142857142857,8.33333333333333
"5","M_ruthenica_zhiwusuo","M_ruthenica_zhiwusuo_Chr08",5,58,16,5,7,0,86,86,67.4418604651163,5.81395348837209,8.13953488372093
"5","M_ruthenica_zhiwusuo","M_ruthenica_zhiwusuo_Chr08",6,47,23,8,4,0,82,82,57.3170731707317,9.75609756097561,4.8780487804878
"5","M_ruthenica_zhiwusuo","M_ruthenica_zhiwusuo_Chr08",7,55,22,2,5,0,84,84,65.4761904761905,2.38095238095238,5.95238095238095
"5","M_ruthenica_zhiwusuo","M_ruthenica_zhiwusuo_Chr08",8,53,13,4,7,0,77,77,68.8311688311688,5.19480519480519,9.09090909090909
"5","M_ruthenica_zhiwusuo","M_ruthenica_zhiwusuo_Chr08",9,79,8,2,7,0,96,96,82.2916666666667,2.08333333333333,7.29166666666667
"5","M_ruthenica_zhiwusuo","M_ruthenica_zhiwusuo_Chr08",10,70,8,3,8,0,89,89,78.6516853932584,3.37078651685393,8.98876404494382
"5","M_ruthenica_zhiwusuo","M_ruthenica_zhiwusuo_Chr08",11,74,16,4,4,0,98,98,75.5102040816327,4.08163265306122,4.08163265306122
"5","M_ruthenica_zhiwusuo","M_ruthenica_zhiwusuo_Chr08",12,57,9,6,5,0,77,77,74.025974025974,7.79220779220779,6.49350649350649
"5","M_ruthenica_zhiwusuo","M_ruthenica_zhiwusuo_Chr08",13,58,10,8,3,0,81,79,73.4177215189873,10.126582278481,3.79746835443038
"5","M_ruthenica_zhiwusuo","M_ruthenica_zhiwusuo_Chr08",14,50,10,4,2,0,66,66,75.7575757575758,6.06060606060606,3.03030303030303
"5","M_ruthenica_zhiwusuo","M_ruthenica_zhiwusuo_Chr08",15,60,16,6,3,0,85,85,70.5882352941177,7.05882352941176,3.52941176470588
"5","M_ruthenica_zhiwusuo","M_ruthenica_zhiwusuo_Chr08",16,58,10,6,3,0,81,77,75.3246753246753,7.79220779220779,3.8961038961039
"5","M_ruthenica_zhiwusuo","M_ruthenica_zhiwusuo_Chr08",17,41,12,2,9,0,64,64,64.0625,3.125,14.0625
"5","M_ruthenica_zhiwusuo","M_ruthenica_zhiwusuo_Chr08",18,52,15,6,3,0,76,76,68.4210526315789,7.89473684210526,3.94736842105263
"5","M_ruthenica_zhiwusuo","M_ruthenica_zhiwusuo_Chr08",19,47,7,2,2,0,58,58,81.0344827586207,3.44827586206897,3.44827586206897
"5","M_ruthenica_zhiwusuo","M_ruthenica_zhiwusuo_Chr08",20,64,11,4,4,0,85,83,77.1084337349398,4.81927710843374,4.81927710843374
"5","M_ruthenica_zhiwusuo","M_ruthenica_zhiwusuo_Chr08",21,55,7,3,5,0,71,70,78.5714285714286,4.28571428571429,7.14285714285714
"5","M_ruthenica_zhiwusuo","M_ruthenica_zhiwusuo_Chr08",22,55,4,4,5,0,72,68,80.8823529411765,5.88235294117647,7.35294117647059
"5","M_ruthenica_zhiwusuo","M_ruthenica_zhiwusuo_Chr08",23,57,9,7,6,0,79,79,72.1518987341772,8.86075949367089,7.59493670886076
"5","M_ruthenica_zhiwusuo","M_ruthenica_zhiwusuo_Chr08",24,55,4,2,3,0,64,64,85.9375,3.125,4.6875
"5","M_ruthenica_zhiwusuo","M_ruthenica_zhiwusuo_Chr08",25,68,8,2,2,0,80,80,85,2.5,2.5
"5","M_ruthenica_zhiwusuo","M_ruthenica_zhiwusuo_Chr08",26,64,10,1,5,0,81,80,80,1.25,6.25
"5","M_ruthenica_zhiwusuo","M_ruthenica_zhiwusuo_Chr08",27,47,9,3,7,0,67,66,71.2121212121212,4.54545454545455,10.6060606060606
"5","M_ruthenica_zhiwusuo","M_ruthenica_zhiwusuo_Chr08",28,48,5,4,8,0,65,65,73.8461538461538,6.15384615384615,12.3076923076923
"5","M_ruthenica_zhiwusuo","M_ruthenica_zhiwusuo_Chr08",29,53,13,6,4,0,76,76,69.7368421052632,7.89473684210526,5.26315789473684
"5","M_ruthenica_zhiwusuo","M_ruthenica_zhiwusuo_Chr08",30,53,14,0,2,0,69,69,76.8115942028985,0,2.89855072463768
"5","M_ruthenica_zhiwusuo","M_ruthenica_zhiwusuo_Chr08",31,52,10,5,7,0,74,74,70.2702702702703,6.75675675675676,9.45945945945946
"5","M_ruthenica_zhiwusuo","M_ruthenica_zhiwusuo_Chr08",32,70,8,3,4,0,85,85,82.3529411764706,3.52941176470588,4.70588235294118
"5","M_ruthenica_zhiwusuo","M_ruthenica_zhiwusuo_Chr08",33,77,6,3,4,0,90,90,85.5555555555556,3.33333333333333,4.44444444444444
"5","M_ruthenica_zhiwusuo","M_ruthenica_zhiwusuo_Chr08",34,52,8,0,2,0,62,62,83.8709677419355,0,3.2258064516129
"5","M_ruthenica_zhiwusuo","M_ruthenica_zhiwusuo_Chr08",35,53,8,3,9,0,73,73,72.6027397260274,4.10958904109589,12.3287671232877
"5","M_ruthenica_zhiwusuo","M_ruthenica_zhiwusuo_Chr08",36,63,14,2,2,0,81,81,77.7777777777778,2.46913580246914,2.46913580246914
"5","M_ruthenica_zhiwusuo","M_ruthenica_zhiwusuo_Chr08",37,40,8,1,7,0,56,56,71.4285714285714,1.78571428571429,12.5
"5","M_ruthenica_zhiwusuo","M_ruthenica_zhiwusuo_Chr08",38,43,14,2,2,0,61,61,70.4918032786885,3.27868852459016,3.27868852459016
"5","M_ruthenica_zhiwusuo","M_ruthenica_zhiwusuo_Chr08",39,54,9,0,7,0,70,70,77.1428571428571,0,10
"5","M_ruthenica_zhiwusuo","M_ruthenica_zhiwusuo_Chr08",40,50,8,2,5,0,65,65,76.9230769230769,3.07692307692308,7.69230769230769
"5","M_ruthenica_zhiwusuo","M_ruthenica_zhiwusuo_Chr08",41,68,6,4,5,0,83,83,81.9277108433735,4.81927710843374,6.02409638554217
"5","M_ruthenica_zhiwusuo","M_ruthenica_zhiwusuo_Chr08",42,54,8,2,3,0,67,67,80.5970149253731,2.98507462686567,4.47761194029851
"5","M_ruthenica_zhiwusuo","M_ruthenica_zhiwusuo_Chr08",43,55,7,3,7,0,72,72,76.3888888888889,4.16666666666667,9.72222222222222
"5","M_ruthenica_zhiwusuo","M_ruthenica_zhiwusuo_Chr08",44,57,7,2,3,0,69,69,82.6086956521739,2.89855072463768,4.34782608695652
"5","M_ruthenica_zhiwusuo","M_ruthenica_zhiwusuo_Chr08",45,65,11,3,6,0,85,85,76.4705882352941,3.52941176470588,7.05882352941176
"5","M_ruthenica_zhiwusuo","M_ruthenica_zhiwusuo_Chr08",46,47,3,2,3,0,55,55,85.4545454545455,3.63636363636364,5.45454545454545
"5","M_ruthenica_zhiwusuo","M_ruthenica_zhiwusuo_Chr08",47,36,4,5,4,0,49,49,73.469387755102,10.2040816326531,8.16326530612245
"5","M_ruthenica_zhiwusuo","M_ruthenica_zhiwusuo_Chr08",48,49,8,4,0,0,61,61,80.327868852459,6.55737704918033,0
"5","M_ruthenica_zhiwusuo","M_ruthenica_zhiwusuo_Chr08",49,49,5,1,1,0,56,56,87.5,1.78571428571429,1.78571428571429
"5","M_ruthenica_zhiwusuo","M_ruthenica_zhiwusuo_Chr08",50,43,10,3,4,0,60,60,71.6666666666667,5,6.66666666666667
"5","M_ruthenica_zhiwusuo","M_ruthenica_zhiwusuo_Chr08",51,57,3,1,5,0,66,66,86.3636363636364,1.51515151515152,7.57575757575758
"5","M_ruthenica_zhiwusuo","M_ruthenica_zhiwusuo_Chr08",52,49,3,1,4,0,57,57,85.9649122807018,1.75438596491228,7.01754385964912
"5","M_ruthenica_zhiwusuo","M_ruthenica_zhiwusuo_Chr08",53,49,4,2,0,0,55,55,89.0909090909091,3.63636363636364,0
"5","M_ruthenica_zhiwusuo","M_ruthenica_zhiwusuo_Chr08",54,52,6,1,6,0,65,65,80,1.53846153846154,9.23076923076923
"5","M_ruthenica_zhiwusuo","M_ruthenica_zhiwusuo_Chr08",55,61,7,0,1,0,69,69,88.4057971014493,0,1.44927536231884
"5","M_ruthenica_zhiwusuo","M_ruthenica_zhiwusuo_Chr08",56,53,8,3,4,0,68,68,77.9411764705882,4.41176470588235,5.88235294117647
"5","M_ruthenica_zhiwusuo","M_ruthenica_zhiwusuo_Chr08",57,58,7,8,6,0,79,79,73.4177215189873,10.126582278481,7.59493670886076
"5","M_ruthenica_zhiwusuo","M_ruthenica_zhiwusuo_Chr08",58,45,9,3,6,0,63,63,71.4285714285714,4.76190476190476,9.52380952380952
"5","M_ruthenica_zhiwusuo","M_ruthenica_zhiwusuo_Chr08",59,51,6,0,5,0,62,62,82.258064516129,0,8.06451612903226
"5","M_ruthenica_zhiwusuo","M_ruthenica_zhiwusuo_Chr08",60,47,9,9,4,0,69,69,68.1159420289855,13.0434782608696,5.79710144927536
"5","M_ruthenica_zhiwusuo","M_ruthenica_zhiwusuo_Chr08",61,56,4,7,5,0,72,72,77.7777777777778,9.72222222222222,6.94444444444444
"5","M_ruthenica_zhiwusuo","M_ruthenica_zhiwusuo_Chr08",62,58,8,6,2,0,74,74,78.3783783783784,8.10810810810811,2.7027027027027
"5","M_ruthenica_zhiwusuo","M_ruthenica_zhiwusuo_Chr08",63,51,4,5,10,0,70,70,72.8571428571429,7.14285714285714,14.2857142857143
"5","M_ruthenica_zhiwusuo","M_ruthenica_zhiwusuo_Chr08",64,63,8,4,3,0,78,78,80.7692307692308,5.12820512820513,3.84615384615385
"5","M_ruthenica_zhiwusuo","M_ruthenica_zhiwusuo_Chr08",65,62,9,0,3,0,75,74,83.7837837837838,0,4.05405405405405
"5","M_ruthenica_zhiwusuo","M_ruthenica_zhiwusuo_Chr08",66,58,8,8,4,0,78,78,74.3589743589744,10.2564102564103,5.12820512820513
"5","M_ruthenica_zhiwusuo","M_ruthenica_zhiwusuo_Chr08",67,58,3,2,6,0,69,69,84.0579710144928,2.89855072463768,8.69565217391304
"5","M_ruthenica_zhiwusuo","M_ruthenica_zhiwusuo_Chr08",68,70,3,5,5,0,84,83,84.3373493975904,6.02409638554217,6.02409638554217
"5","M_ruthenica_zhiwusuo","M_ruthenica_zhiwusuo_Chr08",69,82,5,3,7,0,99,97,84.5360824742268,3.09278350515464,7.21649484536082
"5","M_ruthenica_zhiwusuo","M_ruthenica_zhiwusuo_Chr08",70,63,9,1,5,0,80,78,80.7692307692308,1.28205128205128,6.41025641025641
"5","M_ruthenica_zhiwusuo","M_ruthenica_zhiwusuo_Chr08",71,60,6,4,3,0,74,73,82.1917808219178,5.47945205479452,4.10958904109589
"5","M_ruthenica_zhiwusuo","M_ruthenica_zhiwusuo_Chr08",72,57,8,0,3,0,68,68,83.8235294117647,0,4.41176470588235
"5","M_ruthenica_zhiwusuo","M_ruthenica_zhiwusuo_Chr08",73,55,2,2,5,0,64,64,85.9375,3.125,7.8125
"5","M_ruthenica_zhiwusuo","M_ruthenica_zhiwusuo_Chr08",74,50,5,1,4,0,61,60,83.3333333333333,1.66666666666667,6.66666666666667
"5","M_ruthenica_zhiwusuo","M_ruthenica_zhiwusuo_Chr08",75,48,4,5,7,0,65,64,75,7.8125,10.9375
"5","M_ruthenica_zhiwusuo","M_ruthenica_zhiwusuo_Chr08",76,58,7,3,4,0,73,72,80.5555555555556,4.16666666666667,5.55555555555556
"5","M_ruthenica_zhiwusuo","M_ruthenica_zhiwusuo_Chr08",77,61,6,0,4,0,71,71,85.9154929577465,0,5.63380281690141
"5","M_ruthenica_zhiwusuo","M_ruthenica_zhiwusuo_Chr08",78,69,9,3,3,0,86,84,82.1428571428571,3.57142857142857,3.57142857142857
"5","M_ruthenica_zhiwusuo","M_ruthenica_zhiwusuo_Chr08",79,64,8,6,3,0,85,81,79.0123456790123,7.40740740740741,3.7037037037037
"5","M_ruthenica_zhiwusuo","M_ruthenica_zhiwusuo_Chr08",80,58,7,6,6,0,80,77,75.3246753246753,7.79220779220779,7.79220779220779
"5","M_ruthenica_zhiwusuo","M_ruthenica_zhiwusuo_Chr08",81,69,10,6,4,0,89,89,77.5280898876404,6.74157303370786,4.49438202247191
"5","M_ruthenica_zhiwusuo","M_ruthenica_zhiwusuo_Chr08",82,71,5,2,6,0,85,84,84.5238095238095,2.38095238095238,7.14285714285714
"5","M_ruthenica_zhiwusuo","M_ruthenica_zhiwusuo_Chr08",83,62,8,4,3,0,77,77,80.5194805194805,5.19480519480519,3.8961038961039
"5","M_ruthenica_zhiwusuo","M_ruthenica_zhiwusuo_Chr08",84,80,8,3,5,0,96,96,83.3333333333333,3.125,5.20833333333333
"5","M_ruthenica_zhiwusuo","M_ruthenica_zhiwusuo_Chr08",85,57,5,5,2,0,70,69,82.6086956521739,7.2463768115942,2.89855072463768
"5","M_ruthenica_zhiwusuo","M_ruthenica_zhiwusuo_Chr08",86,61,2,6,6,0,76,75,81.3333333333333,8,8
"5","M_ruthenica_zhiwusuo","M_ruthenica_zhiwusuo_Chr08",87,74,2,5,4,0,85,85,87.0588235294118,5.88235294117647,4.70588235294118
"5","M_ruthenica_zhiwusuo","M_ruthenica_zhiwusuo_Chr08",88,72,7,9,5,0,93,93,77.4193548387097,9.67741935483871,5.37634408602151
"5","M_ruthenica_zhiwusuo","M_ruthenica_zhiwusuo_Chr08",89,52,4,1,2,0,59,59,88.135593220339,1.69491525423729,3.38983050847458
"5","M_ruthenica_zhiwusuo","M_ruthenica_zhiwusuo_Chr08",90,68,10,10,9,0,97,97,70.1030927835052,10.3092783505155,9.27835051546392
"5","M_ruthenica_zhiwusuo","M_ruthenica_zhiwusuo_Chr08",91,63,9,2,8,0,82,82,76.8292682926829,2.4390243902439,9.75609756097561
"5","M_ruthenica_zhiwusuo","M_ruthenica_zhiwusuo_Chr08",92,55,12,4,6,0,77,77,71.4285714285714,5.19480519480519,7.79220779220779
"5","M_ruthenica_zhiwusuo","M_ruthenica_zhiwusuo_Chr08",93,59,4,3,7,0,74,73,80.8219178082192,4.10958904109589,9.58904109589041
"5","M_ruthenica_zhiwusuo","M_ruthenica_zhiwusuo_Chr08",94,77,11,4,8,0,102,100,77,4,8
"5","M_ruthenica_zhiwusuo","M_ruthenica_zhiwusuo_Chr08",95,76,4,2,3,0,88,85,89.4117647058823,2.35294117647059,3.52941176470588
"5","M_ruthenica_zhiwusuo","M_ruthenica_zhiwusuo_Chr08",96,70,10,7,6,0,96,93,75.2688172043011,7.52688172043011,6.45161290322581
"5","M_ruthenica_zhiwusuo","M_ruthenica_zhiwusuo_Chr08",97,62,7,5,1,0,75,75,82.6666666666667,6.66666666666667,1.33333333333333
"5","M_ruthenica_zhiwusuo","M_ruthenica_zhiwusuo_Chr08",98,70,7,3,5,0,85,85,82.3529411764706,3.52941176470588,5.88235294117647
"5","M_ruthenica_zhiwusuo","M_ruthenica_zhiwusuo_Chr08",99,60,10,9,11,0,90,90,66.6666666666667,10,12.2222222222222
"5","M_ruthenica_zhiwusuo","M_ruthenica_zhiwusuo_Chr08",100,49,5,8,17,0,79,79,62.0253164556962,10.126582278481,21.5189873417722
"5","M_ruthenica_zhiwusuo","M_ruthenica_zhiwusuo_Chr08",101,54,9,3,9,0,76,75,72,4,12
"5","M_ruthenica_zhiwusuo","M_ruthenica_zhiwusuo_Chr08",102,37,8,6,9,0,60,60,61.6666666666667,10,15
"5","M_ruthenica_zhiwusuo","M_ruthenica_zhiwusuo_Chr08",103,47,12,8,14,0,82,81,58.0246913580247,9.87654320987654,17.2839506172839
"5","M_ruthenica_zhiwusuo","M_ruthenica_zhiwusuo_Chr08",104,58,13,3,16,0,90,90,64.4444444444444,3.33333333333333,17.7777777777778
"5","M_ruthenica_zhiwusuo","M_ruthenica_zhiwusuo_Chr08",105,61,14,8,15,0,98,98,62.2448979591837,8.16326530612245,15.3061224489796
"5","M_ruthenica_zhiwusuo","M_ruthenica_zhiwusuo_Chr08",106,51,5,10,18,0,85,84,60.7142857142857,11.9047619047619,21.4285714285714
"5","M_ruthenica_zhiwusuo","M_ruthenica_zhiwusuo_Chr08",107,46,5,8,7,0,67,66,69.6969696969697,12.1212121212121,10.6060606060606
"6","M_sativa_XJDY","M_sativa_XJDY_hap1_Chr03",0,0,0,0,37,0,191,37,0,0,100
"6","M_sativa_XJDY","M_sativa_XJDY_hap1_Chr03",1,1,0,0,74,0,253,75,1.33333333333333,0,98.6666666666667
"6","M_sativa_XJDY","M_sativa_XJDY_hap1_Chr03",2,1,0,2,60,0,238,63,1.58730158730159,3.17460317460317,95.2380952380952
"6","M_sativa_XJDY","M_sativa_XJDY_hap1_Chr03",3,1,0,1,73,0,273,75,1.33333333333333,1.33333333333333,97.3333333333333
"6","M_sativa_XJDY","M_sativa_XJDY_hap1_Chr03",4,0,0,1,73,0,251,74,0,1.35135135135135,98.6486486486486
"6","M_sativa_XJDY","M_sativa_XJDY_hap1_Chr03",5,0,0,1,66,0,222,67,0,1.49253731343284,98.5074626865672
"6","M_sativa_XJDY","M_sativa_XJDY_hap1_Chr03",6,0,0,0,64,0,250,64,0,0,100
"6","M_sativa_XJDY","M_sativa_XJDY_hap1_Chr03",7,2,0,2,58,0,211,62,3.2258064516129,3.2258064516129,93.5483870967742
"6","M_sativa_XJDY","M_sativa_XJDY_hap1_Chr03",8,0,0,0,72,0,239,72,0,0,100
"6","M_sativa_XJDY","M_sativa_XJDY_hap1_Chr03",9,1,0,0,70,0,259,71,1.40845070422535,0,98.5915492957746
"6","M_sativa_XJDY","M_sativa_XJDY_hap1_Chr03",10,0,0,1,79,0,233,80,0,1.25,98.75
"6","M_sativa_XJDY","M_sativa_XJDY_hap1_Chr03",11,1,0,1,63,0,232,65,1.53846153846154,1.53846153846154,96.9230769230769
"6","M_sativa_XJDY","M_sativa_XJDY_hap1_Chr03",12,0,1,1,83,0,242,85,0,1.17647058823529,97.6470588235294
"6","M_sativa_XJDY","M_sativa_XJDY_hap1_Chr03",13,1,0,1,74,0,225,76,1.31578947368421,1.31578947368421,97.3684210526316
"6","M_sativa_XJDY","M_sativa_XJDY_hap1_Chr03",14,1,1,0,50,0,144,52,1.92307692307692,0,96.1538461538462
"6","M_sativa_XJDY","M_sativa_XJDY_hap1_Chr03",15,0,0,1,51,0,168,52,0,1.92307692307692,98.0769230769231
"6","M_sativa_XJDY","M_sativa_XJDY_hap1_Chr03",16,0,0,0,69,0,197,69,0,0,100
"6","M_sativa_XJDY","M_sativa_XJDY_hap1_Chr03",17,1,0,0,52,0,165,53,1.88679245283019,0,98.1132075471698
"6","M_sativa_XJDY","M_sativa_XJDY_hap1_Chr03",18,0,0,0,61,0,197,61,0,0,100
"6","M_sativa_XJDY","M_sativa_XJDY_hap1_Chr03",19,0,0,0,32,0,141,32,0,0,100
"6","M_sativa_XJDY","M_sativa_XJDY_hap1_Chr03",20,0,0,0,35,0,172,35,0,0,100
"6","M_sativa_XJDY","M_sativa_XJDY_hap1_Chr03",21,1,1,1,38,0,169,41,2.4390243902439,2.4390243902439,92.6829268292683
"6","M_sativa_XJDY","M_sativa_XJDY_hap1_Chr03",22,1,0,2,54,0,185,57,1.75438596491228,3.50877192982456,94.7368421052632
"6","M_sativa_XJDY","M_sativa_XJDY_hap1_Chr03",23,0,1,0,60,0,208,61,0,0,98.3606557377049
"6","M_sativa_XJDY","M_sativa_XJDY_hap1_Chr03",24,1,0,1,80,0,224,82,1.21951219512195,1.21951219512195,97.5609756097561
"6","M_sativa_XJDY","M_sativa_XJDY_hap1_Chr03",25,0,0,1,60,0,203,61,0,1.63934426229508,98.3606557377049
"6","M_sativa_XJDY","M_sativa_XJDY_hap1_Chr03",26,2,0,1,55,0,198,58,3.44827586206897,1.72413793103448,94.8275862068966
"6","M_sativa_XJDY","M_sativa_XJDY_hap1_Chr03",27,0,1,0,43,0,142,44,0,0,97.7272727272727
"6","M_sativa_XJDY","M_sativa_XJDY_hap1_Chr03",28,0,0,0,37,0,157,37,0,0,100
"6","M_sativa_XJDY","M_sativa_XJDY_hap1_Chr03",29,1,0,0,40,0,126,41,2.4390243902439,0,97.5609756097561
"6","M_sativa_XJDY","M_sativa_XJDY_hap1_Chr03",30,0,0,0,63,0,194,63,0,0,100
"6","M_sativa_XJDY","M_sativa_XJDY_hap1_Chr03",31,1,0,2,38,0,177,41,2.4390243902439,4.8780487804878,92.6829268292683
"6","M_sativa_XJDY","M_sativa_XJDY_hap1_Chr03",32,0,0,0,36,0,184,36,0,0,100
"6","M_sativa_XJDY","M_sativa_XJDY_hap1_Chr03",33,0,0,0,35,0,180,35,0,0,100
"6","M_sativa_XJDY","M_sativa_XJDY_hap1_Chr03",34,2,0,0,34,0,121,36,5.55555555555556,0,94.4444444444444
"6","M_sativa_XJDY","M_sativa_XJDY_hap1_Chr03",35,1,1,2,45,0,154,49,2.04081632653061,4.08163265306122,91.8367346938775
"6","M_sativa_XJDY","M_sativa_XJDY_hap1_Chr03",36,0,0,0,49,0,178,49,0,0,100
"6","M_sativa_XJDY","M_sativa_XJDY_hap1_Chr03",37,0,0,1,65,0,210,66,0,1.51515151515152,98.4848484848485
"6","M_sativa_XJDY","M_sativa_XJDY_hap1_Chr03",38,0,0,0,35,0,187,35,0,0,100
"6","M_sativa_XJDY","M_sativa_XJDY_hap1_Chr03",39,0,0,0,51,0,205,51,0,0,100
"6","M_sativa_XJDY","M_sativa_XJDY_hap1_Chr03",40,2,0,0,65,0,231,67,2.98507462686567,0,97.0149253731343
"6","M_sativa_XJDY","M_sativa_XJDY_hap1_Chr03",41,0,0,0,38,0,188,38,0,0,100
"6","M_sativa_XJDY","M_sativa_XJDY_hap1_Chr03",42,2,1,0,68,0,201,71,2.8169014084507,0,95.7746478873239
"6","M_sativa_XJDY","M_sativa_XJDY_hap1_Chr03",43,1,0,2,58,0,199,61,1.63934426229508,3.27868852459016,95.0819672131148
"6","M_sativa_XJDY","M_sativa_XJDY_hap1_Chr03",44,0,0,0,65,0,244,65,0,0,100
"6","M_sativa_XJDY","M_sativa_XJDY_hap1_Chr03",45,0,0,1,50,0,212,51,0,1.96078431372549,98.0392156862745
"6","M_sativa_XJDY","M_sativa_XJDY_hap1_Chr03",46,0,0,2,58,0,244,60,0,3.33333333333333,96.6666666666667
"6","M_sativa_XJDY","M_sativa_XJDY_hap1_Chr03",47,3,0,0,50,0,195,53,5.66037735849057,0,94.3396226415094
"6","M_sativa_XJDY","M_sativa_XJDY_hap1_Chr03",48,1,0,0,87,0,234,88,1.13636363636364,0,98.8636363636364
"6","M_sativa_XJDY","M_sativa_XJDY_hap1_Chr03",49,0,0,0,88,0,243,88,0,0,100
"6","M_sativa_XJDY","M_sativa_XJDY_hap1_Chr03",50,1,0,2,75,0,220,78,1.28205128205128,2.56410256410256,96.1538461538462
"6","M_sativa_XJDY","M_sativa_XJDY_hap1_Chr03",51,2,0,1,63,0,231,66,3.03030303030303,1.51515151515152,95.4545454545455
"6","M_sativa_XJDY","M_sativa_XJDY_hap1_Chr03",52,0,0,3,59,0,254,62,0,4.83870967741935,95.1612903225806
"6","M_sativa_XJDY","M_sativa_XJDY_hap1_Chr03",53,1,0,2,53,0,243,56,1.78571428571429,3.57142857142857,94.6428571428571
"6","M_sativa_XJDY","M_sativa_XJDY_hap1_Chr03",54,0,0,0,67,0,240,67,0,0,100
"6","M_sativa_XJDY","M_sativa_XJDY_hap1_Chr03",55,0,0,1,72,0,229,73,0,1.36986301369863,98.6301369863014
"6","M_sativa_XJDY","M_sativa_XJDY_hap1_Chr03",56,0,0,1,89,0,308,90,0,1.11111111111111,98.8888888888889
"6","M_sativa_XJDY","M_sativa_XJDY_hap1_Chr03",57,0,0,0,73,0,269,73,0,0,100
"6","M_sativa_XJDY","M_sativa_XJDY_hap1_Chr03",58,0,0,1,89,0,288,90,0,1.11111111111111,98.8888888888889
"6","M_sativa_XJDY","M_sativa_XJDY_hap1_Chr03",59,0,0,2,57,0,272,59,0,3.38983050847458,96.6101694915254
"6","M_sativa_XJDY","M_sativa_XJDY_hap1_Chr03",60,1,1,0,84,0,284,86,1.16279069767442,0,97.6744186046512
"6","M_sativa_XJDY","M_sativa_XJDY_hap1_Chr03",61,0,0,1,63,0,252,64,0,1.5625,98.4375
"6","M_sativa_XJDY","M_sativa_XJDY_hap1_Chr03",62,1,0,1,62,0,275,64,1.5625,1.5625,96.875
"6","M_sativa_XJDY","M_sativa_XJDY_hap1_Chr03",63,2,0,1,84,0,276,87,2.29885057471264,1.14942528735632,96.551724137931
"6","M_sativa_XJDY","M_sativa_XJDY_hap1_Chr03",64,1,0,0,84,0,317,85,1.17647058823529,0,98.8235294117647
"6","M_sativa_XJDY","M_sativa_XJDY_hap1_Chr03",65,0,0,0,89,0,317,89,0,0,100
"6","M_sativa_XJDY","M_sativa_XJDY_hap1_Chr03",66,0,0,0,102,0,325,102,0,0,100
"6","M_sativa_XJDY","M_sativa_XJDY_hap1_Chr03",67,1,0,0,81,0,271,82,1.21951219512195,0,98.780487804878
"6","M_sativa_XJDY","M_sativa_XJDY_hap1_Chr03",68,0,1,0,87,0,315,88,0,0,98.8636363636364
"6","M_sativa_XJDY","M_sativa_XJDY_hap1_Chr03",69,1,0,0,122,0,350,123,0.813008130081301,0,99.1869918699187
"6","M_sativa_XJDY","M_sativa_XJDY_hap1_Chr03",70,0,0,0,166,0,353,166,0,0,100
"6","M_sativa_XJDY","M_sativa_XJDY_hap1_Chr03",71,2,0,0,162,0,376,164,1.21951219512195,0,98.780487804878
"6","M_sativa_XJDY","M_sativa_XJDY_hap1_Chr03",72,0,0,0,153,0,363,153,0,0,100
"6","M_sativa_XJDY","M_sativa_XJDY_hap1_Chr03",73,0,0,0,169,0,364,169,0,0,100
"6","M_sativa_XJDY","M_sativa_XJDY_hap1_Chr03",74,0,0,0,146,0,339,146,0,0,100
"6","M_sativa_XJDY","M_sativa_XJDY_hap1_Chr03",75,3,0,0,167,0,370,170,1.76470588235294,0,98.2352941176471
"6","M_sativa_XJDY","M_sativa_XJDY_hap1_Chr03",76,0,0,2,145,0,344,147,0,1.36054421768707,98.6394557823129
"6","M_sativa_XJDY","M_sativa_XJDY_hap1_Chr03",77,0,0,0,163,0,374,163,0,0,100
"6","M_sativa_XJDY","M_sativa_XJDY_hap1_Chr03",78,0,0,2,175,0,368,177,0,1.12994350282486,98.8700564971751
"6","M_sativa_XJDY","M_sativa_XJDY_hap1_Chr03",79,0,0,0,207,0,408,207,0,0,100
"6","M_sativa_XJDY","M_sativa_XJDY_hap1_Chr03",80,1,0,0,176,0,394,177,0.564971751412429,0,99.4350282485876
"6","M_sativa_XJDY","M_sativa_XJDY_hap1_Chr03",81,2,0,0,157,0,377,159,1.25786163522013,0,98.7421383647799
"6","M_sativa_XJDY","M_sativa_XJDY_hap1_Chr03",82,1,0,0,157,0,370,158,0.632911392405063,0,99.3670886075949
"6","M_sativa_XJDY","M_sativa_XJDY_hap1_Chr03",83,0,0,1,162,0,368,163,0,0.613496932515337,99.3865030674847
"6","M_sativa_XJDY","M_sativa_XJDY_hap1_Chr03",84,0,0,1,162,0,362,163,0,0.613496932515337,99.3865030674847
"6","M_sativa_XJDY","M_sativa_XJDY_hap1_Chr03",85,2,0,2,152,0,370,156,1.28205128205128,1.28205128205128,97.4358974358974
"6","M_sativa_XJDY","M_sativa_XJDY_hap1_Chr03",86,2,0,1,179,0,378,182,1.0989010989011,0.549450549450549,98.3516483516484
"6","M_sativa_XJDY","M_sativa_XJDY_hap1_Chr03",87,1,0,1,172,0,399,174,0.574712643678161,0.574712643678161,98.8505747126437
"6","M_sativa_XJDY","M_sativa_XJDY_hap1_Chr03",88,0,0,1,157,0,346,158,0,0.632911392405063,99.3670886075949
"6","M_sativa_XJDY","M_sativa_XJDY_hap1_Chr03",89,1,1,0,157,0,356,159,0.628930817610063,0,98.7421383647799
"6","M_sativa_XJDY","M_sativa_XJDY_hap1_Chr03",90,2,0,2,162,0,346,166,1.20481927710843,1.20481927710843,97.5903614457831
"6","M_sativa_XJDY","M_sativa_XJDY_hap1_Chr03",91,0,1,1,175,0,390,177,0,0.564971751412429,98.8700564971751
"6","M_sativa_XJDY","M_sativa_XJDY_hap1_Chr03",92,0,0,2,154,0,369,156,0,1.28205128205128,98.7179487179487
"6","M_sativa_XJDY","M_sativa_XJDY_hap1_Chr03",93,0,0,0,33,0,235,33,0,0,100
"6","M_sativa_XJDY","M_sativa_XJDY_hap1_Chr04",0,24,15,10,116,0,258,165,14.5454545454545,6.06060606060606,70.3030303030303
"6","M_sativa_XJDY","M_sativa_XJDY_hap1_Chr04",1,34,17,10,171,0,338,232,14.6551724137931,4.31034482758621,73.7068965517241
"6","M_sativa_XJDY","M_sativa_XJDY_hap1_Chr04",2,31,18,20,106,0,258,175,17.7142857142857,11.4285714285714,60.5714285714286
"6","M_sativa_XJDY","M_sativa_XJDY_hap1_Chr04",3,29,5,8,104,0,240,146,19.8630136986301,5.47945205479452,71.2328767123288
"6","M_sativa_XJDY","M_sativa_XJDY_hap1_Chr04",4,38,7,8,128,0,260,181,20.9944751381215,4.41988950276243,70.7182320441989
"6","M_sativa_XJDY","M_sativa_XJDY_hap1_Chr04",5,27,20,11,109,0,266,167,16.1676646706587,6.58682634730539,65.2694610778443
"6","M_sativa_XJDY","M_sativa_XJDY_hap1_Chr04",6,31,11,11,158,0,300,211,14.6919431279621,5.21327014218009,74.8815165876777
"6","M_sativa_XJDY","M_sativa_XJDY_hap1_Chr04",7,27,12,22,130,0,278,191,14.1361256544503,11.5183246073298,68.0628272251309
"6","M_sativa_XJDY","M_sativa_XJDY_hap1_Chr04",8,41,7,19,107,0,269,174,23.5632183908046,10.9195402298851,61.4942528735632
"6","M_sativa_XJDY","M_sativa_XJDY_hap1_Chr04",9,33,11,17,101,0,233,162,20.3703703703704,10.4938271604938,62.3456790123457
"6","M_sativa_XJDY","M_sativa_XJDY_hap1_Chr04",10,34,14,11,116,0,272,175,19.4285714285714,6.28571428571429,66.2857142857143
"6","M_sativa_XJDY","M_sativa_XJDY_hap1_Chr04",11,26,21,12,113,0,247,172,15.1162790697674,6.97674418604651,65.6976744186046
"6","M_sativa_XJDY","M_sativa_XJDY_hap1_Chr04",12,31,14,19,146,0,281,210,14.7619047619048,9.04761904761905,69.5238095238095
"6","M_sativa_XJDY","M_sativa_XJDY_hap1_Chr04",13,38,5,13,115,0,254,171,22.2222222222222,7.60233918128655,67.2514619883041
"6","M_sativa_XJDY","M_sativa_XJDY_hap1_Chr04",14,41,15,11,118,0,270,185,22.1621621621622,5.94594594594595,63.7837837837838
"6","M_sativa_XJDY","M_sativa_XJDY_hap1_Chr04",15,33,11,12,114,0,228,170,19.4117647058824,7.05882352941176,67.0588235294118
"6","M_sativa_XJDY","M_sativa_XJDY_hap1_Chr04",16,32,4,18,92,0,202,146,21.9178082191781,12.3287671232877,63.013698630137
"6","M_sativa_XJDY","M_sativa_XJDY_hap1_Chr04",17,39,8,11,109,0,244,167,23.3532934131737,6.58682634730539,65.2694610778443
"6","M_sativa_XJDY","M_sativa_XJDY_hap1_Chr04",18,23,5,15,75,0,189,118,19.4915254237288,12.7118644067797,63.5593220338983
"6","M_sativa_XJDY","M_sativa_XJDY_hap1_Chr04",19,39,4,8,102,0,251,153,25.4901960784314,5.22875816993464,66.6666666666667
"6","M_sativa_XJDY","M_sativa_XJDY_hap1_Chr04",20,21,10,8,117,0,232,156,13.4615384615385,5.12820512820513,75
"6","M_sativa_XJDY","M_sativa_XJDY_hap1_Chr04",21,25,1,27,103,0,242,156,16.025641025641,17.3076923076923,66.025641025641
"6","M_sativa_XJDY","M_sativa_XJDY_hap1_Chr04",22,21,6,10,98,0,202,135,15.5555555555556,7.40740740740741,72.5925925925926
"6","M_sativa_XJDY","M_sativa_XJDY_hap1_Chr04",23,30,9,10,102,0,221,151,19.8675496688742,6.62251655629139,67.5496688741722
"6","M_sativa_XJDY","M_sativa_XJDY_hap1_Chr04",24,20,9,1,77,0,171,107,18.6915887850467,0.934579439252336,71.9626168224299
"6","M_sativa_XJDY","M_sativa_XJDY_hap1_Chr04",25,24,9,3,110,0,197,146,16.4383561643836,2.05479452054795,75.3424657534247
"6","M_sativa_XJDY","M_sativa_XJDY_hap1_Chr04",26,20,4,5,71,0,172,100,20,5,71
"6","M_sativa_XJDY","M_sativa_XJDY_hap1_Chr04",27,17,10,4,94,0,192,125,13.6,3.2,75.2
"6","M_sativa_XJDY","M_sativa_XJDY_hap1_Chr04",28,21,6,13,102,0,212,142,14.7887323943662,9.15492957746479,71.830985915493
"6","M_sativa_XJDY","M_sativa_XJDY_hap1_Chr04",29,20,13,5,72,0,181,110,18.1818181818182,4.54545454545455,65.4545454545455
"6","M_sativa_XJDY","M_sativa_XJDY_hap1_Chr04",30,16,6,11,80,0,184,113,14.1592920353982,9.73451327433628,70.7964601769911
"6","M_sativa_XJDY","M_sativa_XJDY_hap1_Chr04",31,23,10,7,57,0,140,97,23.7113402061856,7.21649484536082,58.7628865979381
"6","M_sativa_XJDY","M_sativa_XJDY_hap1_Chr04",32,29,8,5,84,0,187,126,23.015873015873,3.96825396825397,66.6666666666667
"6","M_sativa_XJDY","M_sativa_XJDY_hap1_Chr04",33,24,6,2,73,0,166,105,22.8571428571429,1.9047619047619,69.5238095238095
"6","M_sativa_XJDY","M_sativa_XJDY_hap1_Chr04",34,17,2,3,46,0,106,68,25,4.41176470588235,67.6470588235294
"6","M_sativa_XJDY","M_sativa_XJDY_hap1_Chr04",35,18,15,7,61,0,165,101,17.8217821782178,6.93069306930693,60.3960396039604
"6","M_sativa_XJDY","M_sativa_XJDY_hap1_Chr04",36,28,10,11,92,0,208,141,19.8581560283688,7.80141843971631,65.2482269503546
"6","M_sativa_XJDY","M_sativa_XJDY_hap1_Chr04",37,12,3,6,95,0,172,116,10.3448275862069,5.17241379310345,81.8965517241379
"6","M_sativa_XJDY","M_sativa_XJDY_hap1_Chr04",38,23,4,6,89,0,191,122,18.8524590163934,4.91803278688525,72.9508196721311
"6","M_sativa_XJDY","M_sativa_XJDY_hap1_Chr04",39,25,10,7,110,0,229,152,16.4473684210526,4.60526315789474,72.3684210526316
"6","M_sativa_XJDY","M_sativa_XJDY_hap1_Chr04",40,23,7,7,122,0,236,159,14.4654088050314,4.40251572327044,76.7295597484277
"6","M_sativa_XJDY","M_sativa_XJDY_hap1_Chr04",41,18,11,6,107,0,207,142,12.6760563380282,4.22535211267606,75.3521126760563
"6","M_sativa_XJDY","M_sativa_XJDY_hap1_Chr04",42,34,20,13,116,0,259,183,18.5792349726776,7.10382513661202,63.3879781420765
"6","M_sativa_XJDY","M_sativa_XJDY_hap1_Chr04",43,10,16,20,111,0,242,157,6.36942675159236,12.7388535031847,70.7006369426752
"6","M_sativa_XJDY","M_sativa_XJDY_hap1_Chr04",44,27,13,10,102,0,222,152,17.7631578947368,6.57894736842105,67.1052631578947
"6","M_sativa_XJDY","M_sativa_XJDY_hap1_Chr04",45,31,15,16,91,0,232,153,20.2614379084967,10.4575163398693,59.4771241830065
"6","M_sativa_XJDY","M_sativa_XJDY_hap1_Chr04",46,21,6,11,108,0,211,146,14.3835616438356,7.53424657534247,73.972602739726
"6","M_sativa_XJDY","M_sativa_XJDY_hap1_Chr04",47,31,10,10,122,0,264,173,17.9190751445087,5.78034682080925,70.5202312138728
"6","M_sativa_XJDY","M_sativa_XJDY_hap1_Chr04",48,21,8,11,105,0,253,145,14.4827586206897,7.58620689655172,72.4137931034483
"6","M_sativa_XJDY","M_sativa_XJDY_hap1_Chr04",49,24,12,12,126,0,295,174,13.7931034482759,6.89655172413793,72.4137931034483
"6","M_sativa_XJDY","M_sativa_XJDY_hap1_Chr04",50,28,14,4,117,0,242,163,17.1779141104294,2.45398773006135,71.7791411042945
"6","M_sativa_XJDY","M_sativa_XJDY_hap1_Chr04",51,30,15,10,126,0,270,181,16.5745856353591,5.52486187845304,69.6132596685083
"6","M_sativa_XJDY","M_sativa_XJDY_hap1_Chr04",52,36,22,6,126,0,285,190,18.9473684210526,3.15789473684211,66.3157894736842
"6","M_sativa_XJDY","M_sativa_XJDY_hap1_Chr04",53,41,9,14,166,0,354,230,17.8260869565217,6.08695652173913,72.1739130434783
"6","M_sativa_XJDY","M_sativa_XJDY_hap1_Chr04",54,48,18,9,122,0,286,197,24.3654822335025,4.56852791878173,61.9289340101523
"6","M_sativa_XJDY","M_sativa_XJDY_hap1_Chr04",55,21,11,8,170,0,327,210,10,3.80952380952381,80.9523809523809
"6","M_sativa_XJDY","M_sativa_XJDY_hap1_Chr04",56,52,19,8,141,0,310,220,23.6363636363636,3.63636363636364,64.0909090909091
"6","M_sativa_XJDY","M_sativa_XJDY_hap1_Chr04",57,29,21,11,182,0,341,243,11.9341563786008,4.52674897119342,74.8971193415638
"6","M_sativa_XJDY","M_sativa_XJDY_hap1_Chr04",58,33,35,13,177,0,379,258,12.7906976744186,5.03875968992248,68.6046511627907
"6","M_sativa_XJDY","M_sativa_XJDY_hap1_Chr04",59,36,15,8,185,0,372,244,14.7540983606557,3.27868852459016,75.8196721311475
"6","M_sativa_XJDY","M_sativa_XJDY_hap1_Chr04",60,50,22,7,148,0,349,227,22.0264317180617,3.08370044052863,65.1982378854626
"6","M_sativa_XJDY","M_sativa_XJDY_hap1_Chr04",61,41,27,9,158,0,352,235,17.4468085106383,3.82978723404255,67.2340425531915
"6","M_sativa_XJDY","M_sativa_XJDY_hap1_Chr04",62,33,32,10,172,0,358,247,13.3603238866397,4.04858299595142,69.6356275303644
"6","M_sativa_XJDY","M_sativa_XJDY_hap1_Chr04",63,36,31,10,158,0,339,235,15.3191489361702,4.25531914893617,67.2340425531915
"6","M_sativa_XJDY","M_sativa_XJDY_hap1_Chr04",64,67,26,16,222,0,453,331,20.2416918429003,4.83383685800604,67.0694864048338
"6","M_sativa_XJDY","M_sativa_XJDY_hap1_Chr04",65,50,17,10,176,0,370,253,19.7628458498024,3.95256916996047,69.5652173913043
"6","M_sativa_XJDY","M_sativa_XJDY_hap1_Chr04",66,52,27,10,165,0,385,254,20.4724409448819,3.93700787401575,64.9606299212598
"6","M_sativa_XJDY","M_sativa_XJDY_hap1_Chr04",67,25,41,14,167,0,377,247,10.1214574898785,5.66801619433198,67.6113360323887
"6","M_sativa_XJDY","M_sativa_XJDY_hap1_Chr04",68,50,22,3,187,0,395,262,19.0839694656489,1.14503816793893,71.3740458015267
"6","M_sativa_XJDY","M_sativa_XJDY_hap1_Chr04",69,45,35,10,171,0,384,261,17.2413793103448,3.83141762452107,65.5172413793103
"6","M_sativa_XJDY","M_sativa_XJDY_hap1_Chr04",70,49,25,5,171,0,347,250,19.6,2,68.4
"6","M_sativa_XJDY","M_sativa_XJDY_hap1_Chr04",71,50,23,3,175,0,376,251,19.9203187250996,1.19521912350598,69.7211155378486
"6","M_sativa_XJDY","M_sativa_XJDY_hap1_Chr04",72,50,16,15,151,0,345,232,21.551724137931,6.46551724137931,65.0862068965517
"6","M_sativa_XJDY","M_sativa_XJDY_hap1_Chr04",73,55,16,7,170,0,358,248,22.1774193548387,2.82258064516129,68.5483870967742
"6","M_sativa_XJDY","M_sativa_XJDY_hap1_Chr04",74,51,14,7,167,0,356,239,21.3389121338912,2.92887029288703,69.8744769874477
"6","M_sativa_XJDY","M_sativa_XJDY_hap1_Chr04",75,37,35,13,156,0,345,241,15.3526970954357,5.39419087136929,64.7302904564315
"6","M_sativa_XJDY","M_sativa_XJDY_hap1_Chr04",76,44,21,13,159,0,359,237,18.5654008438819,5.48523206751055,67.0886075949367
"6","M_sativa_XJDY","M_sativa_XJDY_hap1_Chr04",77,36,42,11,180,0,384,269,13.3828996282528,4.08921933085502,66.9144981412639
"6","M_sativa_XJDY","M_sativa_XJDY_hap1_Chr04",78,40,20,11,153,0,334,224,17.8571428571429,4.91071428571429,68.3035714285714
"6","M_sativa_XJDY","M_sativa_XJDY_hap1_Chr04",79,46,33,11,148,0,344,238,19.327731092437,4.6218487394958,62.1848739495798
"6","M_sativa_XJDY","M_sativa_XJDY_hap1_Chr04",80,46,24,22,213,0,418,305,15.0819672131148,7.21311475409836,69.8360655737705
"6","M_sativa_XJDY","M_sativa_XJDY_hap1_Chr04",81,39,17,11,180,0,366,247,15.7894736842105,4.45344129554656,72.8744939271255
"6","M_sativa_XJDY","M_sativa_XJDY_hap1_Chr04",82,42,16,14,185,0,386,257,16.3424124513619,5.44747081712062,71.9844357976654
"6","M_sativa_XJDY","M_sativa_XJDY_hap1_Chr04",83,52,14,7,167,0,352,240,21.6666666666667,2.91666666666667,69.5833333333333
"6","M_sativa_XJDY","M_sativa_XJDY_hap1_Chr04",84,49,19,14,173,0,362,255,19.2156862745098,5.49019607843137,67.843137254902
"6","M_sativa_XJDY","M_sativa_XJDY_hap1_Chr04",85,48,21,12,182,0,367,263,18.2509505703422,4.56273764258555,69.2015209125475
"6","M_sativa_XJDY","M_sativa_XJDY_hap1_Chr04",86,48,25,7,179,0,366,259,18.5328185328185,2.7027027027027,69.1119691119691
"6","M_sativa_XJDY","M_sativa_XJDY_hap1_Chr04",87,58,25,7,193,0,425,283,20.4946996466431,2.47349823321555,68.1978798586572
"6","M_sativa_XJDY","M_sativa_XJDY_hap1_Chr04",88,47,38,10,193,0,415,288,16.3194444444444,3.47222222222222,67.0138888888889
"6","M_sativa_XJDY","M_sativa_XJDY_hap1_Chr04",89,55,7,10,158,0,342,230,23.9130434782609,4.34782608695652,68.695652173913
"6","M_sativa_XJDY","M_sativa_XJDY_hap1_Chr04",90,20,1,0,35,0,198,56,35.7142857142857,0,62.5
"6","M_sativa_XJDY","M_sativa_XJDY_hap1_Chr05",0,44,21,9,152,0,336,226,19.4690265486726,3.98230088495575,67.2566371681416
"6","M_sativa_XJDY","M_sativa_XJDY_hap1_Chr05",1,61,25,11,144,0,356,241,25.3112033195021,4.5643153526971,59.7510373443983
"6","M_sativa_XJDY","M_sativa_XJDY_hap1_Chr05",2,53,15,15,193,0,408,276,19.2028985507246,5.43478260869565,69.9275362318841
"6","M_sativa_XJDY","M_sativa_XJDY_hap1_Chr05",3,41,31,6,178,0,370,256,16.015625,2.34375,69.53125
"6","M_sativa_XJDY","M_sativa_XJDY_hap1_Chr05",4,50,11,11,182,0,357,254,19.6850393700787,4.33070866141732,71.6535433070866
"6","M_sativa_XJDY","M_sativa_XJDY_hap1_Chr05",5,64,16,19,184,0,369,283,22.6148409893993,6.71378091872791,65.017667844523
"6","M_sativa_XJDY","M_sativa_XJDY_hap1_Chr05",6,49,11,8,157,0,330,225,21.7777777777778,3.55555555555556,69.7777777777778
"6","M_sativa_XJDY","M_sativa_XJDY_hap1_Chr05",7,39,6,12,143,0,281,200,19.5,6,71.5
"6","M_sativa_XJDY","M_sativa_XJDY_hap1_Chr05",8,52,11,5,128,0,299,196,26.530612244898,2.55102040816327,65.3061224489796
"6","M_sativa_XJDY","M_sativa_XJDY_hap1_Chr05",9,39,9,6,161,0,306,215,18.1395348837209,2.7906976744186,74.8837209302326
"6","M_sativa_XJDY","M_sativa_XJDY_hap1_Chr05",10,61,8,10,176,0,361,255,23.921568627451,3.92156862745098,69.0196078431373
"6","M_sativa_XJDY","M_sativa_XJDY_hap1_Chr05",11,46,22,8,170,0,363,246,18.6991869918699,3.2520325203252,69.1056910569106
"6","M_sativa_XJDY","M_sativa_XJDY_hap1_Chr05",12,59,19,9,171,0,369,258,22.8682170542636,3.48837209302326,66.2790697674419
"6","M_sativa_XJDY","M_sativa_XJDY_hap1_Chr05",13,56,17,13,152,0,346,238,23.5294117647059,5.46218487394958,63.8655462184874
"6","M_sativa_XJDY","M_sativa_XJDY_hap1_Chr05",14,39,14,5,124,0,280,182,21.4285714285714,2.74725274725275,68.1318681318681
"6","M_sativa_XJDY","M_sativa_XJDY_hap1_Chr05",15,48,18,12,134,0,297,212,22.6415094339623,5.66037735849057,63.2075471698113
"6","M_sativa_XJDY","M_sativa_XJDY_hap1_Chr05",16,34,12,11,152,0,322,209,16.2679425837321,5.26315789473684,72.7272727272727
"6","M_sativa_XJDY","M_sativa_XJDY_hap1_Chr05",17,51,10,11,163,0,351,235,21.7021276595745,4.68085106382979,69.3617021276596
"6","M_sativa_XJDY","M_sativa_XJDY_hap1_Chr05",18,23,4,8,142,0,263,177,12.9943502824859,4.51977401129944,80.225988700565
"6","M_sativa_XJDY","M_sativa_XJDY_hap1_Chr05",19,27,10,13,100,0,235,150,18,8.66666666666667,66.6666666666667
"6","M_sativa_XJDY","M_sativa_XJDY_hap1_Chr05",20,33,15,5,120,0,270,173,19.0751445086705,2.89017341040462,69.364161849711
"6","M_sativa_XJDY","M_sativa_XJDY_hap1_Chr05",21,41,2,9,132,0,262,184,22.2826086956522,4.89130434782609,71.7391304347826
"6","M_sativa_XJDY","M_sativa_XJDY_hap1_Chr05",22,25,14,7,104,0,235,150,16.6666666666667,4.66666666666667,69.3333333333333
"6","M_sativa_XJDY","M_sativa_XJDY_hap1_Chr05",23,29,8,7,162,0,297,206,14.0776699029126,3.39805825242718,78.6407766990291
"6","M_sativa_XJDY","M_sativa_XJDY_hap1_Chr05",24,25,7,11,102,0,227,145,17.2413793103448,7.58620689655172,70.3448275862069
"6","M_sativa_XJDY","M_sativa_XJDY_hap1_Chr05",25,24,28,9,138,0,285,199,12.0603015075377,4.52261306532663,69.3467336683417
"6","M_sativa_XJDY","M_sativa_XJDY_hap1_Chr05",26,34,12,7,91,0,218,144,23.6111111111111,4.86111111111111,63.1944444444444
"6","M_sativa_XJDY","M_sativa_XJDY_hap1_Chr05",27,29,7,12,100,0,229,148,19.5945945945946,8.10810810810811,67.5675675675676
"6","M_sativa_XJDY","M_sativa_XJDY_hap1_Chr05",28,32,5,11,111,0,240,159,20.125786163522,6.91823899371069,69.811320754717
"6","M_sativa_XJDY","M_sativa_XJDY_hap1_Chr05",29,41,6,13,85,0,221,145,28.2758620689655,8.96551724137931,58.6206896551724
"6","M_sativa_XJDY","M_sativa_XJDY_hap1_Chr05",30,39,10,15,90,0,229,154,25.3246753246753,9.74025974025974,58.4415584415584
"6","M_sativa_XJDY","M_sativa_XJDY_hap1_Chr05",31,44,10,7,103,0,231,164,26.8292682926829,4.26829268292683,62.8048780487805
"6","M_sativa_XJDY","M_sativa_XJDY_hap1_Chr05",32,30,5,8,80,0,201,123,24.390243902439,6.50406504065041,65.0406504065041
"6","M_sativa_XJDY","M_sativa_XJDY_hap1_Chr05",33,31,15,6,94,0,207,146,21.2328767123288,4.10958904109589,64.3835616438356
"6","M_sativa_XJDY","M_sativa_XJDY_hap1_Chr05",34,25,5,13,93,0,209,136,18.3823529411765,9.55882352941176,68.3823529411765
"6","M_sativa_XJDY","M_sativa_XJDY_hap1_Chr05",35,13,5,9,66,0,137,93,13.9784946236559,9.67741935483871,70.9677419354839
"6","M_sativa_XJDY","M_sativa_XJDY_hap1_Chr05",36,12,3,2,72,0,151,89,13.4831460674157,2.24719101123596,80.8988764044944
"6","M_sativa_XJDY","M_sativa_XJDY_hap1_Chr05",37,15,16,5,73,0,162,109,13.7614678899083,4.58715596330275,66.9724770642202
"6","M_sativa_XJDY","M_sativa_XJDY_hap1_Chr05",38,5,2,2,31,0,77,40,12.5,5,77.5
"6","M_sativa_XJDY","M_sativa_XJDY_hap1_Chr05",39,3,1,1,28,0,69,33,9.09090909090909,3.03030303030303,84.8484848484848
"6","M_sativa_XJDY","M_sativa_XJDY_hap1_Chr05",40,20,11,8,62,0,154,101,19.8019801980198,7.92079207920792,61.3861386138614
"6","M_sativa_XJDY","M_sativa_XJDY_hap1_Chr05",41,12,4,7,49,0,110,72,16.6666666666667,9.72222222222222,68.0555555555556
"6","M_sativa_XJDY","M_sativa_XJDY_hap1_Chr05",42,18,24,12,103,0,207,157,11.4649681528662,7.64331210191083,65.6050955414013
"6","M_sativa_XJDY","M_sativa_XJDY_hap1_Chr05",43,18,5,10,112,0,220,145,12.4137931034483,6.89655172413793,77.2413793103448
"6","M_sativa_XJDY","M_sativa_XJDY_hap1_Chr05",44,24,9,8,75,0,182,116,20.6896551724138,6.89655172413793,64.6551724137931
"6","M_sativa_XJDY","M_sativa_XJDY_hap1_Chr05",45,22,4,9,72,0,159,107,20.5607476635514,8.41121495327103,67.2897196261682
"6","M_sativa_XJDY","M_sativa_XJDY_hap1_Chr05",46,19,13,6,87,0,189,125,15.2,4.8,69.6
"6","M_sativa_XJDY","M_sativa_XJDY_hap1_Chr05",47,8,10,13,93,0,194,124,6.45161290322581,10.4838709677419,75
"6","M_sativa_XJDY","M_sativa_XJDY_hap1_Chr05",48,16,12,9,117,0,218,154,10.3896103896104,5.84415584415584,75.974025974026
"6","M_sativa_XJDY","M_sativa_XJDY_hap1_Chr05",49,26,11,11,93,0,201,141,18.4397163120567,7.80141843971631,65.9574468085106
"6","M_sativa_XJDY","M_sativa_XJDY_hap1_Chr05",50,18,11,5,105,0,225,139,12.9496402877698,3.59712230215827,75.5395683453237
"6","M_sativa_XJDY","M_sativa_XJDY_hap1_Chr05",51,33,11,10,122,0,250,176,18.75,5.68181818181818,69.3181818181818
"6","M_sativa_XJDY","M_sativa_XJDY_hap1_Chr05",52,33,12,9,124,0,248,178,18.5393258426966,5.0561797752809,69.6629213483146
"6","M_sativa_XJDY","M_sativa_XJDY_hap1_Chr05",53,34,12,22,131,0,274,199,17.0854271356784,11.0552763819095,65.8291457286432
"6","M_sativa_XJDY","M_sativa_XJDY_hap1_Chr05",54,41,15,14,103,0,270,173,23.6994219653179,8.09248554913295,59.5375722543353
"6","M_sativa_XJDY","M_sativa_XJDY_hap1_Chr05",55,37,15,6,137,0,285,195,18.974358974359,3.07692307692308,70.2564102564103
"6","M_sativa_XJDY","M_sativa_XJDY_hap1_Chr05",56,32,10,14,127,0,277,183,17.4863387978142,7.65027322404372,69.3989071038251
"6","M_sativa_XJDY","M_sativa_XJDY_hap1_Chr05",57,34,13,7,105,0,228,159,21.3836477987421,4.40251572327044,66.0377358490566
"6","M_sativa_XJDY","M_sativa_XJDY_hap1_Chr05",58,27,15,6,106,0,242,154,17.5324675324675,3.8961038961039,68.8311688311688
"6","M_sativa_XJDY","M_sativa_XJDY_hap1_Chr05",59,20,9,9,147,0,270,185,10.8108108108108,4.86486486486486,79.4594594594595
"6","M_sativa_XJDY","M_sativa_XJDY_hap1_Chr05",60,36,10,9,137,0,272,192,18.75,4.6875,71.3541666666667
"6","M_sativa_XJDY","M_sativa_XJDY_hap1_Chr05",61,21,9,12,115,0,224,157,13.3757961783439,7.64331210191083,73.2484076433121
"6","M_sativa_XJDY","M_sativa_XJDY_hap1_Chr05",62,38,17,7,98,0,244,160,23.75,4.375,61.25
"6","M_sativa_XJDY","M_sativa_XJDY_hap1_Chr05",63,24,11,8,122,0,239,165,14.5454545454545,4.84848484848485,73.9393939393939
"6","M_sativa_XJDY","M_sativa_XJDY_hap1_Chr05",64,34,10,4,120,0,262,168,20.2380952380952,2.38095238095238,71.4285714285714
"6","M_sativa_XJDY","M_sativa_XJDY_hap1_Chr05",65,37,20,6,107,0,231,170,21.7647058823529,3.52941176470588,62.9411764705882
"6","M_sativa_XJDY","M_sativa_XJDY_hap1_Chr05",66,30,8,17,151,0,299,206,14.5631067961165,8.25242718446602,73.3009708737864
"6","M_sativa_XJDY","M_sativa_XJDY_hap1_Chr05",67,30,12,7,130,0,264,179,16.7597765363128,3.91061452513966,72.6256983240224
"6","M_sativa_XJDY","M_sativa_XJDY_hap1_Chr05",68,38,8,7,128,0,276,181,20.9944751381215,3.86740331491713,70.7182320441989
"6","M_sativa_XJDY","M_sativa_XJDY_hap1_Chr05",69,37,18,13,128,0,294,196,18.8775510204082,6.63265306122449,65.3061224489796
"6","M_sativa_XJDY","M_sativa_XJDY_hap1_Chr05",70,31,16,9,126,0,273,182,17.032967032967,4.94505494505495,69.2307692307692
"6","M_sativa_XJDY","M_sativa_XJDY_hap1_Chr05",71,28,14,17,147,0,305,206,13.5922330097087,8.25242718446602,71.3592233009709
"6","M_sativa_XJDY","M_sativa_XJDY_hap1_Chr05",72,44,13,5,135,0,299,197,22.3350253807107,2.53807106598985,68.5279187817259
"6","M_sativa_XJDY","M_sativa_XJDY_hap1_Chr05",73,62,13,14,142,0,342,231,26.8398268398268,6.06060606060606,61.4718614718615
"6","M_sativa_XJDY","M_sativa_XJDY_hap1_Chr05",74,31,20,11,151,0,330,213,14.5539906103286,5.16431924882629,70.8920187793427
"6","M_sativa_XJDY","M_sativa_XJDY_hap1_Chr05",75,32,23,8,150,0,315,213,15.0234741784038,3.75586854460094,70.4225352112676
"6","M_sativa_XJDY","M_sativa_XJDY_hap1_Chr05",76,50,24,13,137,0,325,224,22.3214285714286,5.80357142857143,61.1607142857143
"6","M_sativa_XJDY","M_sativa_XJDY_hap1_Chr05",77,38,19,11,149,0,327,217,17.5115207373272,5.06912442396313,68.6635944700461
"6","M_sativa_XJDY","M_sativa_XJDY_hap1_Chr05",78,30,5,17,127,0,254,179,16.7597765363128,9.49720670391062,70.9497206703911
"6","M_sativa_XJDY","M_sativa_XJDY_hap1_Chr05",79,22,9,6,70,0,175,107,20.5607476635514,5.60747663551402,65.4205607476636
"6","M_sativa_XJDY","M_sativa_XJDY_hap1_Chr05",80,38,9,17,72,0,201,136,27.9411764705882,12.5,52.9411764705882
"6","M_sativa_XJDY","M_sativa_XJDY_hap1_Chr06",0,40,12,12,123,0,288,187,21.3903743315508,6.41711229946524,65.7754010695187
"6","M_sativa_XJDY","M_sativa_XJDY_hap1_Chr06",1,32,16,7,122,0,268,177,18.0790960451977,3.95480225988701,68.9265536723164
"6","M_sativa_XJDY","M_sativa_XJDY_hap1_Chr06",2,26,8,5,76,0,184,115,22.6086956521739,4.34782608695652,66.0869565217391
"6","M_sativa_XJDY","M_sativa_XJDY_hap1_Chr06",3,50,5,16,114,0,284,185,27.027027027027,8.64864864864865,61.6216216216216
"6","M_sativa_XJDY","M_sativa_XJDY_hap1_Chr06",4,31,16,11,119,0,269,177,17.5141242937853,6.21468926553672,67.2316384180791
"6","M_sativa_XJDY","M_sativa_XJDY_hap1_Chr06",5,26,6,10,88,0,182,130,20,7.69230769230769,67.6923076923077
"6","M_sativa_XJDY","M_sativa_XJDY_hap1_Chr06",6,28,1,14,103,0,227,146,19.1780821917808,9.58904109589041,70.5479452054795
"6","M_sativa_XJDY","M_sativa_XJDY_hap1_Chr06",7,29,6,7,98,0,198,140,20.7142857142857,5,70
"6","M_sativa_XJDY","M_sativa_XJDY_hap1_Chr06",8,17,10,16,112,0,245,155,10.9677419354839,10.3225806451613,72.258064516129
"6","M_sativa_XJDY","M_sativa_XJDY_hap1_Chr06",9,20,7,13,118,0,257,158,12.6582278481013,8.22784810126582,74.6835443037975
"6","M_sativa_XJDY","M_sativa_XJDY_hap1_Chr06",10,39,5,15,91,0,235,150,26,10,60.6666666666667
"6","M_sativa_XJDY","M_sativa_XJDY_hap1_Chr06",11,31,2,13,112,0,221,158,19.620253164557,8.22784810126582,70.8860759493671
"6","M_sativa_XJDY","M_sativa_XJDY_hap1_Chr06",12,31,6,16,96,0,222,149,20.8053691275168,10.738255033557,64.4295302013423
"6","M_sativa_XJDY","M_sativa_XJDY_hap1_Chr06",13,30,3,11,72,0,165,116,25.8620689655172,9.48275862068965,62.0689655172414
"6","M_sativa_XJDY","M_sativa_XJDY_hap1_Chr06",14,27,7,7,122,0,240,163,16.5644171779141,4.29447852760736,74.8466257668712
"6","M_sativa_XJDY","M_sativa_XJDY_hap1_Chr06",15,19,3,4,92,0,181,118,16.1016949152542,3.38983050847458,77.9661016949153
"6","M_sativa_XJDY","M_sativa_XJDY_hap1_Chr06",16,16,10,10,119,0,215,155,10.3225806451613,6.45161290322581,76.7741935483871
"6","M_sativa_XJDY","M_sativa_XJDY_hap1_Chr06",17,14,7,5,92,0,176,118,11.864406779661,4.23728813559322,77.9661016949153
"6","M_sativa_XJDY","M_sativa_XJDY_hap1_Chr06",18,16,6,10,93,0,187,125,12.8,8,74.4
"6","M_sativa_XJDY","M_sativa_XJDY_hap1_Chr06",19,18,11,4,99,0,178,132,13.6363636363636,3.03030303030303,75
"6","M_sativa_XJDY","M_sativa_XJDY_hap1_Chr06",20,27,2,12,91,0,205,132,20.4545454545455,9.09090909090909,68.9393939393939
"6","M_sativa_XJDY","M_sativa_XJDY_hap1_Chr06",21,20,3,4,77,0,145,104,19.2307692307692,3.84615384615385,74.0384615384615
"6","M_sativa_XJDY","M_sativa_XJDY_hap1_Chr06",22,19,5,5,100,0,194,129,14.7286821705426,3.87596899224806,77.5193798449612
"6","M_sativa_XJDY","M_sativa_XJDY_hap1_Chr06",23,25,4,3,90,0,176,122,20.4918032786885,2.45901639344262,73.7704918032787
"6","M_sativa_XJDY","M_sativa_XJDY_hap1_Chr06",24,21,5,5,78,0,159,109,19.2660550458716,4.58715596330275,71.5596330275229
"6","M_sativa_XJDY","M_sativa_XJDY_hap1_Chr06",25,17,5,11,95,0,192,128,13.28125,8.59375,74.21875
"6","M_sativa_XJDY","M_sativa_XJDY_hap1_Chr06",26,16,4,8,66,0,150,94,17.0212765957447,8.51063829787234,70.2127659574468
"6","M_sativa_XJDY","M_sativa_XJDY_hap1_Chr06",27,21,5,7,74,0,159,107,19.6261682242991,6.54205607476636,69.1588785046729
"6","M_sativa_XJDY","M_sativa_XJDY_hap1_Chr06",28,14,8,11,58,0,152,91,15.3846153846154,12.0879120879121,63.7362637362637
"6","M_sativa_XJDY","M_sativa_XJDY_hap1_Chr06",29,25,7,13,83,0,179,128,19.53125,10.15625,64.84375
"6","M_sativa_XJDY","M_sativa_XJDY_hap1_Chr06",30,10,9,15,68,0,152,102,9.80392156862745,14.7058823529412,66.6666666666667
"6","M_sativa_XJDY","M_sativa_XJDY_hap1_Chr06",31,17,4,12,63,0,138,96,17.7083333333333,12.5,65.625
"6","M_sativa_XJDY","M_sativa_XJDY_hap1_Chr06",32,8,3,2,82,0,152,95,8.42105263157895,2.10526315789474,86.3157894736842
"6","M_sativa_XJDY","M_sativa_XJDY_hap1_Chr06",33,19,8,3,101,0,204,131,14.5038167938931,2.29007633587786,77.0992366412214
"6","M_sativa_XJDY","M_sativa_XJDY_hap1_Chr06",34,22,8,10,74,0,167,114,19.2982456140351,8.7719298245614,64.9122807017544
"6","M_sativa_XJDY","M_sativa_XJDY_hap1_Chr06",35,25,7,5,56,0,139,93,26.8817204301075,5.37634408602151,60.2150537634409
"6","M_sativa_XJDY","M_sativa_XJDY_hap1_Chr06",36,18,1,7,79,0,166,105,17.1428571428571,6.66666666666667,75.2380952380952
"6","M_sativa_XJDY","M_sativa_XJDY_hap1_Chr06",37,8,0,6,80,0,148,94,8.51063829787234,6.38297872340426,85.1063829787234
"6","M_sativa_XJDY","M_sativa_XJDY_hap1_Chr06",38,24,2,10,55,0,143,91,26.3736263736264,10.989010989011,60.4395604395604
"6","M_sativa_XJDY","M_sativa_XJDY_hap1_Chr06",39,17,3,5,85,0,171,110,15.4545454545455,4.54545454545455,77.2727272727273
"6","M_sativa_XJDY","M_sativa_XJDY_hap1_Chr06",40,21,2,9,68,0,148,100,21,9,68
"6","M_sativa_XJDY","M_sativa_XJDY_hap1_Chr06",41,14,4,9,82,0,160,109,12.8440366972477,8.25688073394495,75.2293577981651
"6","M_sativa_XJDY","M_sativa_XJDY_hap1_Chr06",42,18,0,10,84,0,177,112,16.0714285714286,8.92857142857143,75
"6","M_sativa_XJDY","M_sativa_XJDY_hap1_Chr06",43,20,2,8,70,0,156,100,20,8,70
"6","M_sativa_XJDY","M_sativa_XJDY_hap1_Chr06",44,9,3,8,68,0,142,88,10.2272727272727,9.09090909090909,77.2727272727273
"6","M_sativa_XJDY","M_sativa_XJDY_hap1_Chr06",45,9,2,2,77,0,134,90,10,2.22222222222222,85.5555555555556
"6","M_sativa_XJDY","M_sativa_XJDY_hap1_Chr06",46,12,8,9,70,0,165,99,12.1212121212121,9.09090909090909,70.7070707070707
"6","M_sativa_XJDY","M_sativa_XJDY_hap1_Chr06",47,16,5,8,79,0,169,108,14.8148148148148,7.40740740740741,73.1481481481482
"6","M_sativa_XJDY","M_sativa_XJDY_hap1_Chr06",48,20,4,13,60,0,147,97,20.6185567010309,13.4020618556701,61.8556701030928
"6","M_sativa_XJDY","M_sativa_XJDY_hap1_Chr06",49,10,6,4,107,0,189,127,7.8740157480315,3.1496062992126,84.251968503937
"6","M_sativa_XJDY","M_sativa_XJDY_hap1_Chr06",50,16,9,11,99,0,211,135,11.8518518518519,8.14814814814815,73.3333333333333
"6","M_sativa_XJDY","M_sativa_XJDY_hap1_Chr06",51,14,10,13,85,0,185,122,11.4754098360656,10.655737704918,69.672131147541
"6","M_sativa_XJDY","M_sativa_XJDY_hap1_Chr06",52,20,10,1,77,0,181,108,18.5185185185185,0.925925925925926,71.2962962962963
"6","M_sativa_XJDY","M_sativa_XJDY_hap1_Chr06",53,23,4,5,112,0,207,144,15.9722222222222,3.47222222222222,77.7777777777778
"6","M_sativa_XJDY","M_sativa_XJDY_hap1_Chr06",54,25,9,9,75,0,163,118,21.1864406779661,7.6271186440678,63.5593220338983
"6","M_sativa_XJDY","M_sativa_XJDY_hap1_Chr06",55,17,9,7,63,0,158,96,17.7083333333333,7.29166666666667,65.625
"6","M_sativa_XJDY","M_sativa_XJDY_hap1_Chr06",56,12,1,6,65,0,129,84,14.2857142857143,7.14285714285714,77.3809523809524
"6","M_sativa_XJDY","M_sativa_XJDY_hap1_Chr06",57,6,4,3,75,0,141,88,6.81818181818182,3.40909090909091,85.2272727272727
"6","M_sativa_XJDY","M_sativa_XJDY_hap1_Chr06",58,15,5,4,74,0,154,98,15.3061224489796,4.08163265306122,75.5102040816327
"6","M_sativa_XJDY","M_sativa_XJDY_hap1_Chr06",59,24,13,5,63,0,163,105,22.8571428571429,4.76190476190476,60
"6","M_sativa_XJDY","M_sativa_XJDY_hap1_Chr06",60,36,7,6,105,0,208,154,23.3766233766234,3.8961038961039,68.1818181818182
"6","M_sativa_XJDY","M_sativa_XJDY_hap1_Chr06",61,28,5,16,71,0,170,120,23.3333333333333,13.3333333333333,59.1666666666667
"6","M_sativa_XJDY","M_sativa_XJDY_hap1_Chr06",62,14,6,8,75,0,155,103,13.5922330097087,7.76699029126214,72.8155339805825
"6","M_sativa_XJDY","M_sativa_XJDY_hap1_Chr06",63,48,8,9,86,0,214,151,31.7880794701987,5.96026490066225,56.953642384106
"6","M_sativa_XJDY","M_sativa_XJDY_hap1_Chr06",64,26,3,9,80,0,174,118,22.0338983050847,7.6271186440678,67.7966101694915
"6","M_sativa_XJDY","M_sativa_XJDY_hap1_Chr06",65,33,19,5,38,0,128,95,34.7368421052632,5.26315789473684,40
"6","M_sativa_XJDY","M_sativa_XJDY_hap1_Chr06",66,37,11,7,65,0,172,120,30.8333333333333,5.83333333333333,54.1666666666667
"6","M_sativa_XJDY","M_sativa_XJDY_hap1_Chr06",67,26,11,16,57,0,144,110,23.6363636363636,14.5454545454545,51.8181818181818
"6","M_sativa_XJDY","M_sativa_XJDY_hap1_Chr06",68,23,7,10,78,0,157,118,19.4915254237288,8.47457627118644,66.1016949152542
"6","M_sativa_XJDY","M_sativa_XJDY_hap1_Chr06",69,38,18,8,104,0,211,168,22.6190476190476,4.76190476190476,61.9047619047619
"6","M_sativa_XJDY","M_sativa_XJDY_hap1_Chr06",70,29,16,11,85,0,184,141,20.5673758865248,7.80141843971631,60.2836879432624
"6","M_sativa_XJDY","M_sativa_XJDY_hap1_Chr06",71,25,5,9,75,0,154,114,21.9298245614035,7.89473684210526,65.7894736842105
"6","M_sativa_XJDY","M_sativa_XJDY_hap1_Chr06",72,29,7,6,90,0,184,132,21.969696969697,4.54545454545455,68.1818181818182
"6","M_sativa_XJDY","M_sativa_XJDY_hap1_Chr06",73,36,14,9,77,0,196,136,26.4705882352941,6.61764705882353,56.6176470588235
"6","M_sativa_XJDY","M_sativa_XJDY_hap1_Chr06",74,33,11,9,82,0,187,135,24.4444444444444,6.66666666666667,60.7407407407407
"6","M_sativa_XJDY","M_sativa_XJDY_hap1_Chr06",75,23,11,9,85,0,172,128,17.96875,7.03125,66.40625
"6","M_sativa_XJDY","M_sativa_XJDY_hap1_Chr06",76,29,11,7,71,0,160,118,24.5762711864407,5.93220338983051,60.1694915254237
"6","M_sativa_XJDY","M_sativa_XJDY_hap1_Chr06",77,39,12,5,66,0,161,122,31.9672131147541,4.0983606557377,54.0983606557377
"6","M_sativa_XJDY","M_sativa_XJDY_hap1_Chr06",78,33,11,14,86,0,209,144,22.9166666666667,9.72222222222222,59.7222222222222
"6","M_sativa_XJDY","M_sativa_XJDY_hap1_Chr06",79,40,14,19,70,0,190,143,27.972027972028,13.2867132867133,48.951048951049
"6","M_sativa_XJDY","M_sativa_XJDY_hap1_Chr06",80,14,1,3,16,0,103,34,41.1764705882353,8.82352941176471,47.0588235294118
"6","M_sativa_XJDY","M_sativa_XJDY_hap1_Chr07",0,30,11,22,128,0,271,191,15.7068062827225,11.5183246073298,67.0157068062827
"6","M_sativa_XJDY","M_sativa_XJDY_hap1_Chr07",1,24,18,17,140,0,287,199,12.0603015075377,8.5427135678392,70.3517587939699
"6","M_sativa_XJDY","M_sativa_XJDY_hap1_Chr07",2,28,13,13,122,0,233,176,15.9090909090909,7.38636363636364,69.3181818181818
"6","M_sativa_XJDY","M_sativa_XJDY_hap1_Chr07",3,32,9,12,97,0,220,150,21.3333333333333,8,64.6666666666667
"6","M_sativa_XJDY","M_sativa_XJDY_hap1_Chr07",4,49,3,10,91,0,218,153,32.0261437908497,6.5359477124183,59.4771241830065
"6","M_sativa_XJDY","M_sativa_XJDY_hap1_Chr07",5,37,3,9,125,0,256,174,21.264367816092,5.17241379310345,71.8390804597701
"6","M_sativa_XJDY","M_sativa_XJDY_hap1_Chr07",6,26,5,7,113,0,223,151,17.2185430463576,4.63576158940397,74.8344370860927
"6","M_sativa_XJDY","M_sativa_XJDY_hap1_Chr07",7,32,13,8,96,0,222,149,21.4765100671141,5.36912751677852,64.4295302013423
"6","M_sativa_XJDY","M_sativa_XJDY_hap1_Chr07",8,34,10,15,92,0,218,151,22.5165562913907,9.93377483443709,60.9271523178808
"6","M_sativa_XJDY","M_sativa_XJDY_hap1_Chr07",9,21,5,8,133,0,231,167,12.5748502994012,4.79041916167665,79.6407185628743
"6","M_sativa_XJDY","M_sativa_XJDY_hap1_Chr07",10,32,7,4,113,0,224,156,20.5128205128205,2.56410256410256,72.4358974358974
"6","M_sativa_XJDY","M_sativa_XJDY_hap1_Chr07",11,33,8,3,96,0,212,140,23.5714285714286,2.14285714285714,68.5714285714286
"6","M_sativa_XJDY","M_sativa_XJDY_hap1_Chr07",12,21,9,11,102,0,195,143,14.6853146853147,7.69230769230769,71.3286713286713
"6","M_sativa_XJDY","M_sativa_XJDY_hap1_Chr07",13,8,4,1,98,0,177,111,7.20720720720721,0.900900900900901,88.2882882882883
"6","M_sativa_XJDY","M_sativa_XJDY_hap1_Chr07",14,12,7,6,93,0,188,118,10.1694915254237,5.08474576271186,78.8135593220339
"6","M_sativa_XJDY","M_sativa_XJDY_hap1_Chr07",15,36,7,8,110,0,216,161,22.360248447205,4.96894409937888,68.3229813664596
"6","M_sativa_XJDY","M_sativa_XJDY_hap1_Chr07",16,13,3,6,84,0,167,106,12.2641509433962,5.66037735849057,79.2452830188679
"6","M_sativa_XJDY","M_sativa_XJDY_hap1_Chr07",17,19,7,9,92,0,189,127,14.9606299212598,7.08661417322835,72.4409448818898
"6","M_sativa_XJDY","M_sativa_XJDY_hap1_Chr07",18,18,15,22,98,0,220,153,11.7647058823529,14.3790849673203,64.0522875816993
"6","M_sativa_XJDY","M_sativa_XJDY_hap1_Chr07",19,27,8,7,80,0,173,122,22.1311475409836,5.73770491803279,65.5737704918033
"6","M_sativa_XJDY","M_sativa_XJDY_hap1_Chr07",20,25,4,8,113,0,215,150,16.6666666666667,5.33333333333333,75.3333333333333
"6","M_sativa_XJDY","M_sativa_XJDY_hap1_Chr07",21,26,4,21,112,0,229,163,15.9509202453988,12.8834355828221,68.7116564417178
"6","M_sativa_XJDY","M_sativa_XJDY_hap1_Chr07",22,29,3,13,122,0,251,167,17.3652694610778,7.78443113772455,73.0538922155689
"6","M_sativa_XJDY","M_sativa_XJDY_hap1_Chr07",23,29,9,15,117,0,237,170,17.0588235294118,8.82352941176471,68.8235294117647
"6","M_sativa_XJDY","M_sativa_XJDY_hap1_Chr07",24,28,5,10,105,0,224,148,18.9189189189189,6.75675675675676,70.945945945946
"6","M_sativa_XJDY","M_sativa_XJDY_hap1_Chr07",25,18,10,21,105,0,234,154,11.6883116883117,13.6363636363636,68.1818181818182
"6","M_sativa_XJDY","M_sativa_XJDY_hap1_Chr07",26,27,8,12,69,0,177,116,23.2758620689655,10.3448275862069,59.4827586206897
"6","M_sativa_XJDY","M_sativa_XJDY_hap1_Chr07",27,23,8,8,89,0,193,128,17.96875,6.25,69.53125
"6","M_sativa_XJDY","M_sativa_XJDY_hap1_Chr07",28,28,8,9,97,0,203,142,19.7183098591549,6.33802816901408,68.3098591549296
"6","M_sativa_XJDY","M_sativa_XJDY_hap1_Chr07",29,18,7,6,94,0,188,125,14.4,4.8,75.2
"6","M_sativa_XJDY","M_sativa_XJDY_hap1_Chr07",30,23,8,6,90,0,197,127,18.1102362204724,4.7244094488189,70.8661417322835
"6","M_sativa_XJDY","M_sativa_XJDY_hap1_Chr07",31,20,9,8,66,0,147,103,19.4174757281553,7.76699029126214,64.0776699029126
"6","M_sativa_XJDY","M_sativa_XJDY_hap1_Chr07",32,25,7,13,71,0,152,116,21.551724137931,11.2068965517241,61.2068965517241
"6","M_sativa_XJDY","M_sativa_XJDY_hap1_Chr07",33,22,13,7,61,0,166,103,21.3592233009709,6.79611650485437,59.2233009708738
"6","M_sativa_XJDY","M_sativa_XJDY_hap1_Chr07",34,20,12,4,67,0,149,103,19.4174757281553,3.88349514563107,65.0485436893204
"6","M_sativa_XJDY","M_sativa_XJDY_hap1_Chr07",35,20,7,18,72,0,169,117,17.0940170940171,15.3846153846154,61.5384615384615
"6","M_sativa_XJDY","M_sativa_XJDY_hap1_Chr07",36,16,10,12,95,0,190,133,12.0300751879699,9.02255639097744,71.4285714285714
"6","M_sativa_XJDY","M_sativa_XJDY_hap1_Chr07",37,19,12,9,112,0,220,152,12.5,5.92105263157895,73.6842105263158
"6","M_sativa_XJDY","M_sativa_XJDY_hap1_Chr07",38,31,5,11,78,0,192,125,24.8,8.8,62.4
"6","M_sativa_XJDY","M_sativa_XJDY_hap1_Chr07",39,19,13,13,88,0,205,133,14.2857142857143,9.77443609022556,66.1654135338346
"6","M_sativa_XJDY","M_sativa_XJDY_hap1_Chr07",40,37,7,6,106,0,243,156,23.7179487179487,3.84615384615385,67.9487179487179
"6","M_sativa_XJDY","M_sativa_XJDY_hap1_Chr07",41,18,11,9,101,0,206,139,12.9496402877698,6.47482014388489,72.6618705035971
"6","M_sativa_XJDY","M_sativa_XJDY_hap1_Chr07",42,26,3,20,122,0,245,171,15.2046783625731,11.6959064327485,71.3450292397661
"6","M_sativa_XJDY","M_sativa_XJDY_hap1_Chr07",43,21,2,11,90,0,196,124,16.9354838709677,8.87096774193548,72.5806451612903
"6","M_sativa_XJDY","M_sativa_XJDY_hap1_Chr07",44,18,5,16,67,0,159,106,16.9811320754717,15.0943396226415,63.2075471698113
"6","M_sativa_XJDY","M_sativa_XJDY_hap1_Chr07",45,39,10,9,103,0,240,161,24.223602484472,5.59006211180124,63.9751552795031
"6","M_sativa_XJDY","M_sativa_XJDY_hap1_Chr07",46,18,11,6,103,0,196,138,13.0434782608696,4.34782608695652,74.6376811594203
"6","M_sativa_XJDY","M_sativa_XJDY_hap1_Chr07",47,25,10,11,116,0,221,162,15.4320987654321,6.79012345679012,71.6049382716049
"6","M_sativa_XJDY","M_sativa_XJDY_hap1_Chr07",48,6,6,7,87,0,163,106,5.66037735849057,6.60377358490566,82.0754716981132
"6","M_sativa_XJDY","M_sativa_XJDY_hap1_Chr07",49,23,15,10,114,0,244,162,14.1975308641975,6.17283950617284,70.3703703703704
"6","M_sativa_XJDY","M_sativa_XJDY_hap1_Chr07",50,37,1,7,95,0,213,140,26.4285714285714,5,67.8571428571429
"6","M_sativa_XJDY","M_sativa_XJDY_hap1_Chr07",51,22,18,13,89,0,206,142,15.4929577464789,9.15492957746479,62.6760563380282
"6","M_sativa_XJDY","M_sativa_XJDY_hap1_Chr07",52,30,6,17,110,0,224,163,18.4049079754601,10.4294478527607,67.4846625766871
"6","M_sativa_XJDY","M_sativa_XJDY_hap1_Chr07",53,37,11,10,106,0,245,164,22.5609756097561,6.09756097560976,64.6341463414634
"6","M_sativa_XJDY","M_sativa_XJDY_hap1_Chr07",54,32,5,13,105,0,231,155,20.6451612903226,8.38709677419355,67.741935483871
"6","M_sativa_XJDY","M_sativa_XJDY_hap1_Chr07",55,41,11,3,115,0,240,170,24.1176470588235,1.76470588235294,67.6470588235294
"6","M_sativa_XJDY","M_sativa_XJDY_hap1_Chr07",56,30,5,4,121,0,257,160,18.75,2.5,75.625
"6","M_sativa_XJDY","M_sativa_XJDY_hap1_Chr07",57,24,3,11,109,0,227,147,16.3265306122449,7.48299319727891,74.1496598639456
"6","M_sativa_XJDY","M_sativa_XJDY_hap1_Chr07",58,37,11,6,100,0,239,154,24.025974025974,3.8961038961039,64.9350649350649
"6","M_sativa_XJDY","M_sativa_XJDY_hap1_Chr07",59,53,6,10,101,0,243,170,31.1764705882353,5.88235294117647,59.4117647058824
"6","M_sativa_XJDY","M_sativa_XJDY_hap1_Chr07",60,38,13,13,130,0,279,194,19.5876288659794,6.70103092783505,67.0103092783505
"6","M_sativa_XJDY","M_sativa_XJDY_hap1_Chr07",61,40,24,7,103,0,278,174,22.9885057471264,4.02298850574713,59.1954022988506
"6","M_sativa_XJDY","M_sativa_XJDY_hap1_Chr07",62,44,9,6,124,0,313,183,24.0437158469945,3.27868852459016,67.7595628415301
"6","M_sativa_XJDY","M_sativa_XJDY_hap1_Chr07",63,43,3,13,142,0,311,201,21.3930348258706,6.46766169154229,70.6467661691542
"6","M_sativa_XJDY","M_sativa_XJDY_hap1_Chr07",64,43,42,13,185,0,405,283,15.1943462897526,4.59363957597173,65.3710247349823
"6","M_sativa_XJDY","M_sativa_XJDY_hap1_Chr07",65,36,12,8,139,0,292,195,18.4615384615385,4.1025641025641,71.2820512820513
"6","M_sativa_XJDY","M_sativa_XJDY_hap1_Chr07",66,45,16,6,120,0,294,187,24.0641711229947,3.20855614973262,64.1711229946524
"6","M_sativa_XJDY","M_sativa_XJDY_hap1_Chr07",67,49,20,8,139,0,297,216,22.6851851851852,3.7037037037037,64.3518518518518
"6","M_sativa_XJDY","M_sativa_XJDY_hap1_Chr07",68,53,8,14,151,0,347,226,23.4513274336283,6.19469026548673,66.8141592920354
"6","M_sativa_XJDY","M_sativa_XJDY_hap1_Chr07",69,77,13,11,159,0,362,260,29.6153846153846,4.23076923076923,61.1538461538462
"6","M_sativa_XJDY","M_sativa_XJDY_hap1_Chr07",70,61,10,9,143,0,349,223,27.3542600896861,4.03587443946188,64.1255605381166
"6","M_sativa_XJDY","M_sativa_XJDY_hap1_Chr07",71,50,14,7,155,0,333,226,22.1238938053097,3.09734513274336,68.5840707964602
"6","M_sativa_XJDY","M_sativa_XJDY_hap1_Chr07",72,52,10,16,171,0,369,249,20.8835341365462,6.42570281124498,68.6746987951807
"6","M_sativa_XJDY","M_sativa_XJDY_hap1_Chr07",73,48,15,11,164,0,364,238,20.1680672268908,4.6218487394958,68.9075630252101
"6","M_sativa_XJDY","M_sativa_XJDY_hap1_Chr07",74,47,15,8,157,0,324,227,20.704845814978,3.52422907488987,69.1629955947136
"6","M_sativa_XJDY","M_sativa_XJDY_hap1_Chr07",75,50,8,12,153,0,339,223,22.4215246636771,5.38116591928251,68.609865470852
"6","M_sativa_XJDY","M_sativa_XJDY_hap1_Chr07",76,19,15,10,167,0,324,211,9.00473933649289,4.739336492891,79.1469194312796
"6","M_sativa_XJDY","M_sativa_XJDY_hap1_Chr07",77,30,32,9,137,0,318,208,14.4230769230769,4.32692307692308,65.8653846153846
"6","M_sativa_XJDY","M_sativa_XJDY_hap1_Chr07",78,58,19,5,141,0,340,223,26.0089686098655,2.24215246636771,63.2286995515695
"6","M_sativa_XJDY","M_sativa_XJDY_hap1_Chr07",79,42,20,11,143,0,355,216,19.4444444444444,5.09259259259259,66.2037037037037
"6","M_sativa_XJDY","M_sativa_XJDY_hap1_Chr07",80,44,41,8,166,0,366,259,16.988416988417,3.08880308880309,64.0926640926641
"6","M_sativa_XJDY","M_sativa_XJDY_hap1_Chr07",81,51,20,10,192,0,395,273,18.6813186813187,3.66300366300366,70.3296703296703
"6","M_sativa_XJDY","M_sativa_XJDY_hap1_Chr07",82,51,12,18,157,0,357,238,21.4285714285714,7.56302521008403,65.9663865546218
"6","M_sativa_XJDY","M_sativa_XJDY_hap1_Chr07",83,53,19,12,151,0,364,235,22.5531914893617,5.1063829787234,64.2553191489362
"6","M_sativa_XJDY","M_sativa_XJDY_hap1_Chr07",84,45,22,14,182,0,383,263,17.1102661596958,5.32319391634981,69.2015209125475
"6","M_sativa_XJDY","M_sativa_XJDY_hap1_Chr07",85,73,25,10,176,0,402,284,25.7042253521127,3.52112676056338,61.9718309859155
"6","M_sativa_XJDY","M_sativa_XJDY_hap1_Chr07",86,51,21,9,178,0,390,259,19.6911196911197,3.47490347490348,68.7258687258687
"6","M_sativa_XJDY","M_sativa_XJDY_hap1_Chr07",87,78,10,15,166,0,388,269,28.996282527881,5.57620817843866,61.7100371747212
"6","M_sativa_XJDY","M_sativa_XJDY_hap1_Chr07",88,23,3,3,78,0,324,107,21.4953271028037,2.80373831775701,72.8971962616822
"6","M_sativa_XJDY","M_sativa_XJDY_hap1_Chr08",0,49,13,10,111,0,266,183,26.775956284153,5.46448087431694,60.655737704918
"6","M_sativa_XJDY","M_sativa_XJDY_hap1_Chr08",1,41,8,11,143,0,292,203,20.1970443349754,5.41871921182266,70.4433497536946
"6","M_sativa_XJDY","M_sativa_XJDY_hap1_Chr08",2,35,15,9,141,0,305,200,17.5,4.5,70.5
"6","M_sativa_XJDY","M_sativa_XJDY_hap1_Chr08",3,26,17,12,198,0,369,253,10.2766798418972,4.74308300395257,78.2608695652174
"6","M_sativa_XJDY","M_sativa_XJDY_hap1_Chr08",4,47,15,10,148,0,314,220,21.3636363636364,4.54545454545455,67.2727272727273
"6","M_sativa_XJDY","M_sativa_XJDY_hap1_Chr08",5,47,14,6,131,0,303,198,23.7373737373737,3.03030303030303,66.1616161616162
"6","M_sativa_XJDY","M_sativa_XJDY_hap1_Chr08",6,34,15,7,122,0,280,178,19.1011235955056,3.93258426966292,68.5393258426966
"6","M_sativa_XJDY","M_sativa_XJDY_hap1_Chr08",7,41,10,6,162,0,328,219,18.7214611872146,2.73972602739726,73.972602739726
"6","M_sativa_XJDY","M_sativa_XJDY_hap1_Chr08",8,45,8,5,158,0,316,216,20.8333333333333,2.31481481481481,73.1481481481482
"6","M_sativa_XJDY","M_sativa_XJDY_hap1_Chr08",9,44,14,7,159,0,309,224,19.6428571428571,3.125,70.9821428571429
"6","M_sativa_XJDY","M_sativa_XJDY_hap1_Chr08",10,30,12,8,140,0,297,190,15.7894736842105,4.21052631578947,73.6842105263158
"6","M_sativa_XJDY","M_sativa_XJDY_hap1_Chr08",11,28,7,5,93,0,220,133,21.0526315789474,3.7593984962406,69.9248120300752
"6","M_sativa_XJDY","M_sativa_XJDY_hap1_Chr08",12,56,4,3,118,0,270,181,30.939226519337,1.65745856353591,65.1933701657459
"6","M_sativa_XJDY","M_sativa_XJDY_hap1_Chr08",13,49,6,9,140,0,291,204,24.0196078431373,4.41176470588235,68.6274509803922
"6","M_sativa_XJDY","M_sativa_XJDY_hap1_Chr08",14,54,8,4,123,0,272,189,28.5714285714286,2.11640211640212,65.0793650793651
"6","M_sativa_XJDY","M_sativa_XJDY_hap1_Chr08",15,57,3,9,122,0,277,191,29.8429319371728,4.71204188481675,63.8743455497382
"6","M_sativa_XJDY","M_sativa_XJDY_hap1_Chr08",16,24,6,5,95,0,224,130,18.4615384615385,3.84615384615385,73.0769230769231
"6","M_sativa_XJDY","M_sativa_XJDY_hap1_Chr08",17,23,15,5,119,0,241,162,14.1975308641975,3.08641975308642,73.4567901234568
"6","M_sativa_XJDY","M_sativa_XJDY_hap1_Chr08",18,26,2,8,117,0,219,153,16.9934640522876,5.22875816993464,76.4705882352941
"6","M_sativa_XJDY","M_sativa_XJDY_hap1_Chr08",19,38,9,10,87,0,195,144,26.3888888888889,6.94444444444444,60.4166666666667
"6","M_sativa_XJDY","M_sativa_XJDY_hap1_Chr08",20,49,6,11,105,0,278,171,28.6549707602339,6.4327485380117,61.4035087719298
"6","M_sativa_XJDY","M_sativa_XJDY_hap1_Chr08",21,33,11,12,112,0,251,168,19.6428571428571,7.14285714285714,66.6666666666667
"6","M_sativa_XJDY","M_sativa_XJDY_hap1_Chr08",22,36,10,10,142,0,281,198,18.1818181818182,5.05050505050505,71.7171717171717
"6","M_sativa_XJDY","M_sativa_XJDY_hap1_Chr08",23,42,11,9,146,0,296,208,20.1923076923077,4.32692307692308,70.1923076923077
"6","M_sativa_XJDY","M_sativa_XJDY_hap1_Chr08",24,25,10,8,137,0,274,180,13.8888888888889,4.44444444444444,76.1111111111111
"6","M_sativa_XJDY","M_sativa_XJDY_hap1_Chr08",25,56,7,9,138,0,297,210,26.6666666666667,4.28571428571429,65.7142857142857
"6","M_sativa_XJDY","M_sativa_XJDY_hap1_Chr08",26,37,6,11,116,0,260,170,21.7647058823529,6.47058823529412,68.2352941176471
"6","M_sativa_XJDY","M_sativa_XJDY_hap1_Chr08",27,42,10,8,111,0,240,171,24.5614035087719,4.67836257309941,64.9122807017544
"6","M_sativa_XJDY","M_sativa_XJDY_hap1_Chr08",28,27,11,16,78,0,199,132,20.4545454545455,12.1212121212121,59.0909090909091
"6","M_sativa_XJDY","M_sativa_XJDY_hap1_Chr08",29,14,10,5,96,0,196,125,11.2,4,76.8
"6","M_sativa_XJDY","M_sativa_XJDY_hap1_Chr08",30,17,3,5,69,0,169,94,18.0851063829787,5.31914893617021,73.4042553191489
"6","M_sativa_XJDY","M_sativa_XJDY_hap1_Chr08",31,19,5,4,92,0,173,120,15.8333333333333,3.33333333333333,76.6666666666667
"6","M_sativa_XJDY","M_sativa_XJDY_hap1_Chr08",32,19,9,4,98,0,198,130,14.6153846153846,3.07692307692308,75.3846153846154
"6","M_sativa_XJDY","M_sativa_XJDY_hap1_Chr08",33,45,13,9,95,0,224,162,27.7777777777778,5.55555555555556,58.641975308642
"6","M_sativa_XJDY","M_sativa_XJDY_hap1_Chr08",34,45,6,6,68,0,189,125,36,4.8,54.4
"6","M_sativa_XJDY","M_sativa_XJDY_hap1_Chr08",35,26,9,9,107,0,218,151,17.2185430463576,5.96026490066225,70.8609271523179
"6","M_sativa_XJDY","M_sativa_XJDY_hap1_Chr08",36,7,2,4,74,0,146,87,8.04597701149425,4.59770114942529,85.0574712643678
"6","M_sativa_XJDY","M_sativa_XJDY_hap1_Chr08",37,22,1,7,99,0,196,129,17.0542635658915,5.42635658914729,76.7441860465116
"6","M_sativa_XJDY","M_sativa_XJDY_hap1_Chr08",38,21,4,17,72,0,179,114,18.4210526315789,14.9122807017544,63.1578947368421
"6","M_sativa_XJDY","M_sativa_XJDY_hap1_Chr08",39,26,7,19,90,0,205,142,18.3098591549296,13.3802816901408,63.3802816901408
"6","M_sativa_XJDY","M_sativa_XJDY_hap1_Chr08",40,25,11,3,116,0,232,155,16.1290322580645,1.93548387096774,74.8387096774194
"6","M_sativa_XJDY","M_sativa_XJDY_hap1_Chr08",41,29,6,16,97,0,223,148,19.5945945945946,10.8108108108108,65.5405405405405
"6","M_sativa_XJDY","M_sativa_XJDY_hap1_Chr08",42,34,2,16,119,0,263,171,19.8830409356725,9.35672514619883,69.5906432748538
"6","M_sativa_XJDY","M_sativa_XJDY_hap1_Chr08",43,27,5,15,148,0,295,195,13.8461538461538,7.69230769230769,75.8974358974359
"6","M_sativa_XJDY","M_sativa_XJDY_hap1_Chr08",44,35,10,19,104,0,244,168,20.8333333333333,11.3095238095238,61.9047619047619
"6","M_sativa_XJDY","M_sativa_XJDY_hap1_Chr08",45,31,7,12,158,0,284,208,14.9038461538462,5.76923076923077,75.9615384615385
"6","M_sativa_XJDY","M_sativa_XJDY_hap1_Chr08",46,36,8,13,115,0,246,172,20.9302325581395,7.55813953488372,66.8604651162791
"6","M_sativa_XJDY","M_sativa_XJDY_hap1_Chr08",47,38,4,18,138,0,281,198,19.1919191919192,9.09090909090909,69.6969696969697
"6","M_sativa_XJDY","M_sativa_XJDY_hap1_Chr08",48,41,11,10,121,0,275,183,22.4043715846995,5.46448087431694,66.120218579235
"6","M_sativa_XJDY","M_sativa_XJDY_hap1_Chr08",49,42,8,11,156,0,291,217,19.3548387096774,5.06912442396313,71.889400921659
"6","M_sativa_XJDY","M_sativa_XJDY_hap1_Chr08",50,45,5,12,132,0,277,194,23.1958762886598,6.18556701030928,68.0412371134021
"6","M_sativa_XJDY","M_sativa_XJDY_hap1_Chr08",51,42,6,12,175,0,333,235,17.8723404255319,5.1063829787234,74.468085106383
"6","M_sativa_XJDY","M_sativa_XJDY_hap1_Chr08",52,40,5,20,145,0,301,210,19.047619047619,9.52380952380952,69.0476190476191
"6","M_sativa_XJDY","M_sativa_XJDY_hap1_Chr08",53,43,5,14,134,0,288,196,21.9387755102041,7.14285714285714,68.3673469387755
"6","M_sativa_XJDY","M_sativa_XJDY_hap1_Chr08",54,44,4,12,181,0,361,241,18.2572614107884,4.9792531120332,75.103734439834
"6","M_sativa_XJDY","M_sativa_XJDY_hap1_Chr08",55,81,4,17,141,0,338,243,33.3333333333333,6.99588477366255,58.0246913580247
"6","M_sativa_XJDY","M_sativa_XJDY_hap1_Chr08",56,54,7,17,159,0,329,237,22.7848101265823,7.17299578059072,67.0886075949367
"6","M_sativa_XJDY","M_sativa_XJDY_hap1_Chr08",57,33,6,10,134,0,270,183,18.0327868852459,5.46448087431694,73.224043715847
"6","M_sativa_XJDY","M_sativa_XJDY_hap1_Chr08",58,38,3,7,124,0,274,172,22.093023255814,4.06976744186047,72.0930232558139
"6","M_sativa_XJDY","M_sativa_XJDY_hap1_Chr08",59,30,0,13,130,0,282,173,17.3410404624277,7.51445086705202,75.1445086705202
"6","M_sativa_XJDY","M_sativa_XJDY_hap1_Chr08",60,48,7,4,152,0,302,211,22.7488151658768,1.8957345971564,72.0379146919431
"6","M_sativa_XJDY","M_sativa_XJDY_hap1_Chr08",61,60,7,11,148,0,335,226,26.5486725663717,4.86725663716814,65.4867256637168
"6","M_sativa_XJDY","M_sativa_XJDY_hap1_Chr08",62,51,2,8,154,0,360,215,23.7209302325581,3.72093023255814,71.6279069767442
"6","M_sativa_XJDY","M_sativa_XJDY_hap1_Chr08",63,44,5,10,171,0,354,230,19.1304347826087,4.34782608695652,74.3478260869565
"6","M_sativa_XJDY","M_sativa_XJDY_hap1_Chr08",64,63,7,6,172,0,372,248,25.4032258064516,2.41935483870968,69.3548387096774
"6","M_sativa_XJDY","M_sativa_XJDY_hap1_Chr08",65,63,5,22,150,0,341,240,26.25,9.16666666666667,62.5
"6","M_sativa_XJDY","M_sativa_XJDY_hap1_Chr08",66,59,20,8,178,0,362,265,22.2641509433962,3.0188679245283,67.1698113207547
"6","M_sativa_XJDY","M_sativa_XJDY_hap1_Chr08",67,52,4,9,158,0,335,223,23.3183856502242,4.03587443946188,70.8520179372197
"6","M_sativa_XJDY","M_sativa_XJDY_hap1_Chr08",68,46,2,17,153,0,326,218,21.1009174311927,7.79816513761468,70.1834862385321
"6","M_sativa_XJDY","M_sativa_XJDY_hap1_Chr08",69,49,6,9,166,0,342,230,21.304347826087,3.91304347826087,72.1739130434783
"6","M_sativa_XJDY","M_sativa_XJDY_hap1_Chr08",70,66,5,22,134,0,319,227,29.0748898678414,9.69162995594714,59.0308370044053
"6","M_sativa_XJDY","M_sativa_XJDY_hap1_Chr08",71,70,7,13,137,0,332,227,30.8370044052863,5.72687224669604,60.352422907489
"6","M_sativa_XJDY","M_sativa_XJDY_hap1_Chr08",72,56,7,13,173,0,375,249,22.4899598393574,5.22088353413655,69.4779116465863
"6","M_sativa_XJDY","M_sativa_XJDY_hap1_Chr08",73,26,16,28,145,0,338,215,12.093023255814,13.0232558139535,67.4418604651163
"6","M_sativa_XJDY","M_sativa_XJDY_hap1_Chr08",74,56,8,13,184,0,384,261,21.455938697318,4.98084291187739,70.4980842911877
"6","M_sativa_XJDY","M_sativa_XJDY_hap1_Chr08",75,62,4,10,146,0,338,222,27.9279279279279,4.5045045045045,65.7657657657658
"6","M_sativa_XJDY","M_sativa_XJDY_hap1_Chr08",76,61,5,13,160,0,357,239,25.5230125523013,5.43933054393305,66.9456066945607
"6","M_sativa_XJDY","M_sativa_XJDY_hap1_Chr08",77,61,5,15,188,0,392,269,22.6765799256506,5.57620817843866,69.8884758364312
"6","M_sativa_XJDY","M_sativa_XJDY_hap1_Chr08",78,56,9,10,165,0,368,240,23.3333333333333,4.16666666666667,68.75
"6","M_sativa_XJDY","M_sativa_XJDY_hap1_Chr08",79,52,3,12,158,0,335,225,23.1111111111111,5.33333333333333,70.2222222222222
"6","M_sativa_XJDY","M_sativa_XJDY_hap1_Chr08",80,70,5,26,167,0,381,268,26.1194029850746,9.70149253731343,62.3134328358209
"6","M_sativa_XJDY","M_sativa_XJDY_hap1_Chr08",81,56,8,21,180,0,381,265,21.1320754716981,7.92452830188679,67.9245283018868
"6","M_sativa_XJDY","M_sativa_XJDY_hap1_Chr08",82,51,8,9,100,0,219,168,30.3571428571429,5.35714285714286,59.5238095238095
"6","M_sativa_XJDY","M_sativa_XJDY_hap1_Chr08",83,36,12,16,46,0,163,110,32.7272727272727,14.5454545454545,41.8181818181818
"6","M_sativa_XJDY","M_sativa_XJDY_hap1_Chr08",84,60,10,11,17,0,108,98,61.2244897959184,11.2244897959184,17.3469387755102
"6","M_sativa_XJDY","M_sativa_XJDY_hap1_Chr08",85,75,10,13,6,0,106,104,72.1153846153846,12.5,5.76923076923077
"6","M_sativa_XJDY","M_sativa_XJDY_hap1_Chr08",86,51,7,21,11,0,90,90,56.6666666666667,23.3333333333333,12.2222222222222
"6","M_sativa_XJDY","M_sativa_XJDY_hap1_Chr08",87,11,3,2,1,0,17,17,64.7058823529412,11.7647058823529,5.88235294117647
"7","M_sativa_ZM1","M_sativa_ZM1_Chr01",0,37,47,11,14,0,109,109,33.9449541284404,10.0917431192661,12.8440366972477
"7","M_sativa_ZM1","M_sativa_ZM1_Chr01",1,51,28,7,11,0,97,97,52.5773195876289,7.21649484536082,11.340206185567
"7","M_sativa_ZM1","M_sativa_ZM1_Chr01",2,53,26,15,12,0,106,106,50,14.1509433962264,11.3207547169811
"7","M_sativa_ZM1","M_sativa_ZM1_Chr01",3,48,4,31,15,0,98,98,48.9795918367347,31.6326530612245,15.3061224489796
"7","M_sativa_ZM1","M_sativa_ZM1_Chr01",4,58,16,20,14,0,108,108,53.7037037037037,18.5185185185185,12.962962962963
"7","M_sativa_ZM1","M_sativa_ZM1_Chr01",5,13,21,52,1,0,87,87,14.9425287356322,59.7701149425287,1.14942528735632
"7","M_sativa_ZM1","M_sativa_ZM1_Chr01",6,37,15,21,8,0,81,81,45.679012345679,25.9259259259259,9.87654320987654
"7","M_sativa_ZM1","M_sativa_ZM1_Chr01",7,57,9,24,4,0,94,94,60.6382978723404,25.531914893617,4.25531914893617
"7","M_sativa_ZM1","M_sativa_ZM1_Chr01",8,52,16,16,14,0,98,98,53.0612244897959,16.3265306122449,14.2857142857143
"7","M_sativa_ZM1","M_sativa_ZM1_Chr01",9,62,13,6,5,0,86,86,72.0930232558139,6.97674418604651,5.81395348837209
"7","M_sativa_ZM1","M_sativa_ZM1_Chr01",10,55,21,10,6,0,92,92,59.7826086956522,10.8695652173913,6.52173913043478
"7","M_sativa_ZM1","M_sativa_ZM1_Chr01",11,32,15,35,17,0,99,99,32.3232323232323,35.3535353535354,17.1717171717172
"7","M_sativa_ZM1","M_sativa_ZM1_Chr01",12,27,32,23,4,0,86,86,31.3953488372093,26.7441860465116,4.65116279069767
"7","M_sativa_ZM1","M_sativa_ZM1_Chr01",13,24,33,16,6,0,79,79,30.379746835443,20.253164556962,7.59493670886076
"7","M_sativa_ZM1","M_sativa_ZM1_Chr01",14,14,32,12,2,0,60,60,23.3333333333333,20,3.33333333333333
"7","M_sativa_ZM1","M_sativa_ZM1_Chr01",15,12,39,26,6,0,83,83,14.4578313253012,31.3253012048193,7.2289156626506
"7","M_sativa_ZM1","M_sativa_ZM1_Chr01",16,40,54,14,12,0,120,120,33.3333333333333,11.6666666666667,10
"7","M_sativa_ZM1","M_sativa_ZM1_Chr01",17,17,18,6,9,0,50,50,34,12,18
"7","M_sativa_ZM1","M_sativa_ZM1_Chr01",18,33,38,9,8,0,88,88,37.5,10.2272727272727,9.09090909090909
"7","M_sativa_ZM1","M_sativa_ZM1_Chr01",19,21,24,19,9,0,73,73,28.7671232876712,26.027397260274,12.3287671232877
"7","M_sativa_ZM1","M_sativa_ZM1_Chr01",20,15,10,23,4,0,52,52,28.8461538461538,44.2307692307692,7.69230769230769
"7","M_sativa_ZM1","M_sativa_ZM1_Chr01",21,27,15,32,6,0,80,80,33.75,40,7.5
"7","M_sativa_ZM1","M_sativa_ZM1_Chr01",22,20,25,18,5,0,68,68,29.4117647058824,26.4705882352941,7.35294117647059
"7","M_sativa_ZM1","M_sativa_ZM1_Chr01",23,30,23,17,4,0,74,74,40.5405405405405,22.972972972973,5.40540540540541
"7","M_sativa_ZM1","M_sativa_ZM1_Chr01",24,28,17,21,8,0,74,74,37.8378378378378,28.3783783783784,10.8108108108108
"7","M_sativa_ZM1","M_sativa_ZM1_Chr01",25,23,22,9,5,0,59,59,38.9830508474576,15.2542372881356,8.47457627118644
"7","M_sativa_ZM1","M_sativa_ZM1_Chr01",26,27,23,9,6,0,65,65,41.5384615384615,13.8461538461538,9.23076923076923
"7","M_sativa_ZM1","M_sativa_ZM1_Chr01",27,22,28,8,3,0,61,61,36.0655737704918,13.1147540983607,4.91803278688525
"7","M_sativa_ZM1","M_sativa_ZM1_Chr01",28,36,25,6,9,0,76,76,47.3684210526316,7.89473684210526,11.8421052631579
"7","M_sativa_ZM1","M_sativa_ZM1_Chr01",29,30,27,6,6,0,69,69,43.4782608695652,8.69565217391304,8.69565217391304
"7","M_sativa_ZM1","M_sativa_ZM1_Chr01",30,23,23,6,11,0,63,63,36.5079365079365,9.52380952380952,17.4603174603175
"7","M_sativa_ZM1","M_sativa_ZM1_Chr01",31,29,29,5,3,0,66,66,43.9393939393939,7.57575757575758,4.54545454545455
"7","M_sativa_ZM1","M_sativa_ZM1_Chr01",32,19,17,7,6,0,49,49,38.7755102040816,14.2857142857143,12.2448979591837
"7","M_sativa_ZM1","M_sativa_ZM1_Chr01",33,20,21,1,2,0,44,44,45.4545454545455,2.27272727272727,4.54545454545455
"7","M_sativa_ZM1","M_sativa_ZM1_Chr01",34,30,25,3,5,0,63,63,47.6190476190476,4.76190476190476,7.93650793650794
"7","M_sativa_ZM1","M_sativa_ZM1_Chr01",35,27,32,8,7,0,74,74,36.4864864864865,10.8108108108108,9.45945945945946
"7","M_sativa_ZM1","M_sativa_ZM1_Chr01",36,25,22,17,6,0,70,70,35.7142857142857,24.2857142857143,8.57142857142857
"7","M_sativa_ZM1","M_sativa_ZM1_Chr01",37,28,25,6,3,0,62,62,45.1612903225806,9.67741935483871,4.83870967741935
"7","M_sativa_ZM1","M_sativa_ZM1_Chr01",38,29,47,7,9,0,92,92,31.5217391304348,7.60869565217391,9.78260869565217
"7","M_sativa_ZM1","M_sativa_ZM1_Chr01",39,24,31,4,4,0,63,63,38.0952380952381,6.34920634920635,6.34920634920635
"7","M_sativa_ZM1","M_sativa_ZM1_Chr01",40,17,31,2,3,0,53,53,32.0754716981132,3.77358490566038,5.66037735849057
"7","M_sativa_ZM1","M_sativa_ZM1_Chr01",41,14,23,0,3,0,40,40,35,0,7.5
"7","M_sativa_ZM1","M_sativa_ZM1_Chr01",42,18,14,2,9,0,43,43,41.8604651162791,4.65116279069767,20.9302325581395
"7","M_sativa_ZM1","M_sativa_ZM1_Chr01",43,14,21,5,4,0,44,44,31.8181818181818,11.3636363636364,9.09090909090909
"7","M_sativa_ZM1","M_sativa_ZM1_Chr01",44,16,28,1,4,0,49,49,32.6530612244898,2.04081632653061,8.16326530612245
"7","M_sativa_ZM1","M_sativa_ZM1_Chr01",45,16,26,2,1,0,45,45,35.5555555555556,4.44444444444444,2.22222222222222
"7","M_sativa_ZM1","M_sativa_ZM1_Chr01",46,7,9,1,1,0,18,18,38.8888888888889,5.55555555555556,5.55555555555556
"7","M_sativa_ZM1","M_sativa_ZM1_Chr01",47,8,12,3,3,0,26,26,30.7692307692308,11.5384615384615,11.5384615384615
"7","M_sativa_ZM1","M_sativa_ZM1_Chr01",48,2,7,0,4,0,13,13,15.3846153846154,0,30.7692307692308
"7","M_sativa_ZM1","M_sativa_ZM1_Chr01",49,5,8,1,1,0,15,15,33.3333333333333,6.66666666666667,6.66666666666667
"7","M_sativa_ZM1","M_sativa_ZM1_Chr01",51,6,8,1,0,0,15,15,40,6.66666666666667,0
"7","M_sativa_ZM1","M_sativa_ZM1_Chr01",52,18,25,5,13,0,61,61,29.5081967213115,8.19672131147541,21.3114754098361
"7","M_sativa_ZM1","M_sativa_ZM1_Chr01",53,24,20,4,1,0,49,49,48.9795918367347,8.16326530612245,2.04081632653061
"7","M_sativa_ZM1","M_sativa_ZM1_Chr01",54,19,40,4,2,0,65,65,29.2307692307692,6.15384615384615,3.07692307692308
"7","M_sativa_ZM1","M_sativa_ZM1_Chr01",55,22,21,3,4,0,50,50,44,6,8
"7","M_sativa_ZM1","M_sativa_ZM1_Chr01",56,14,43,5,8,0,70,70,20,7.14285714285714,11.4285714285714
"7","M_sativa_ZM1","M_sativa_ZM1_Chr01",57,21,24,1,3,0,49,49,42.8571428571429,2.04081632653061,6.12244897959184
"7","M_sativa_ZM1","M_sativa_ZM1_Chr01",58,20,34,5,10,0,69,69,28.9855072463768,7.2463768115942,14.4927536231884
"7","M_sativa_ZM1","M_sativa_ZM1_Chr01",59,9,28,2,3,0,42,42,21.4285714285714,4.76190476190476,7.14285714285714
"7","M_sativa_ZM1","M_sativa_ZM1_Chr01",60,21,47,1,3,0,72,72,29.1666666666667,1.38888888888889,4.16666666666667
"7","M_sativa_ZM1","M_sativa_ZM1_Chr01",61,28,41,4,6,0,79,79,35.4430379746835,5.06329113924051,7.59493670886076
"7","M_sativa_ZM1","M_sativa_ZM1_Chr01",62,35,37,4,11,0,87,87,40.2298850574713,4.59770114942529,12.6436781609195
"7","M_sativa_ZM1","M_sativa_ZM1_Chr01",63,22,55,6,11,0,94,94,23.4042553191489,6.38297872340426,11.7021276595745
"7","M_sativa_ZM1","M_sativa_ZM1_Chr01",64,32,31,4,4,0,71,71,45.0704225352113,5.63380281690141,5.63380281690141
"7","M_sativa_ZM1","M_sativa_ZM1_Chr01",65,35,47,4,6,0,92,92,38.0434782608696,4.34782608695652,6.52173913043478
"7","M_sativa_ZM1","M_sativa_ZM1_Chr01",66,14,35,5,2,0,56,56,25,8.92857142857143,3.57142857142857
"7","M_sativa_ZM1","M_sativa_ZM1_Chr01",67,23,50,3,4,0,80,80,28.75,3.75,5
"7","M_sativa_ZM1","M_sativa_ZM1_Chr01",68,33,35,10,14,0,92,92,35.8695652173913,10.8695652173913,15.2173913043478
"7","M_sativa_ZM1","M_sativa_ZM1_Chr01",69,28,40,5,6,0,79,79,35.4430379746835,6.32911392405063,7.59493670886076
"7","M_sativa_ZM1","M_sativa_ZM1_Chr01",70,19,44,4,3,0,70,70,27.1428571428571,5.71428571428571,4.28571428571429
"7","M_sativa_ZM1","M_sativa_ZM1_Chr01",71,29,50,4,10,0,93,93,31.1827956989247,4.3010752688172,10.752688172043
"7","M_sativa_ZM1","M_sativa_ZM1_Chr01",72,30,32,8,7,0,77,77,38.961038961039,10.3896103896104,9.09090909090909
"7","M_sativa_ZM1","M_sativa_ZM1_Chr01",73,35,39,8,6,0,88,88,39.7727272727273,9.09090909090909,6.81818181818182
"7","M_sativa_ZM1","M_sativa_ZM1_Chr01",74,34,49,2,5,0,90,90,37.7777777777778,2.22222222222222,5.55555555555556
"7","M_sativa_ZM1","M_sativa_ZM1_Chr01",75,42,30,5,3,0,80,80,52.5,6.25,3.75
"7","M_sativa_ZM1","M_sativa_ZM1_Chr01",76,34,44,5,6,0,89,89,38.2022471910112,5.61797752808989,6.74157303370786
"7","M_sativa_ZM1","M_sativa_ZM1_Chr01",77,43,44,12,9,0,108,108,39.8148148148148,11.1111111111111,8.33333333333333
"7","M_sativa_ZM1","M_sativa_ZM1_Chr01",78,36,59,7,13,0,115,115,31.304347826087,6.08695652173913,11.304347826087
"7","M_sativa_ZM1","M_sativa_ZM1_Chr01",79,37,36,17,7,0,97,97,38.1443298969072,17.5257731958763,7.21649484536082
"7","M_sativa_ZM1","M_sativa_ZM1_Chr01",80,43,61,7,18,0,129,129,33.3333333333333,5.42635658914729,13.953488372093
"7","M_sativa_ZM1","M_sativa_ZM1_Chr01",81,36,53,2,6,0,97,97,37.1134020618557,2.06185567010309,6.18556701030928
"7","M_sativa_ZM1","M_sativa_ZM1_Chr01",82,42,50,7,6,0,105,105,40,6.66666666666667,5.71428571428571
"7","M_sativa_ZM1","M_sativa_ZM1_Chr01",83,37,54,11,11,0,113,113,32.7433628318584,9.73451327433628,9.73451327433628
"7","M_sativa_ZM1","M_sativa_ZM1_Chr01",84,48,28,6,8,0,90,90,53.3333333333333,6.66666666666667,8.88888888888889
"7","M_sativa_ZM1","M_sativa_ZM1_Chr01",85,38,37,9,9,0,93,93,40.8602150537634,9.67741935483871,9.67741935483871
"7","M_sativa_ZM1","M_sativa_ZM1_Chr01",86,47,26,11,3,0,87,87,54.0229885057471,12.6436781609195,3.44827586206897
"7","M_sativa_ZM1","M_sativa_ZM1_Chr01",87,32,37,9,9,0,87,87,36.7816091954023,10.3448275862069,10.3448275862069
"7","M_sativa_ZM1","M_sativa_ZM1_Chr01",88,30,17,11,18,0,76,76,39.4736842105263,14.4736842105263,23.6842105263158
"7","M_sativa_ZM1","M_sativa_ZM1_Chr01",89,30,29,11,31,0,101,101,29.7029702970297,10.8910891089109,30.6930693069307
"7","M_sativa_ZM1","M_sativa_ZM1_Chr01",90,28,22,19,29,0,98,98,28.5714285714286,19.3877551020408,29.5918367346939
"7","M_sativa_ZM1","M_sativa_ZM1_Chr01",91,33,24,15,44,0,116,116,28.448275862069,12.9310344827586,37.9310344827586
"7","M_sativa_ZM1","M_sativa_ZM1_Chr01",92,31,25,6,37,0,99,99,31.3131313131313,6.06060606060606,37.3737373737374
"7","M_sativa_ZM1","M_sativa_ZM1_Chr01",93,31,30,13,19,0,93,93,33.3333333333333,13.9784946236559,20.4301075268817
"7","M_sativa_ZM1","M_sativa_ZM1_Chr01",94,39,31,5,25,0,100,100,39,5,25
"7","M_sativa_ZM1","M_sativa_ZM1_Chr01",95,20,30,12,24,0,86,86,23.2558139534884,13.953488372093,27.906976744186
"7","M_sativa_ZM1","M_sativa_ZM1_Chr01",96,44,27,13,23,0,108,107,41.1214953271028,12.1495327102804,21.4953271028037
"7","M_sativa_ZM1","M_sativa_ZM1_Chr01",97,39,44,9,23,0,115,115,33.9130434782609,7.82608695652174,20
"7","M_sativa_ZM1","M_sativa_ZM1_Chr01",98,29,30,11,30,0,100,100,29,11,30
"7","M_sativa_ZM1","M_sativa_ZM1_Chr01",99,39,19,9,34,0,101,101,38.6138613861386,8.91089108910891,33.6633663366337
"7","M_sativa_ZM1","M_sativa_ZM1_Chr01",100,40,23,17,52,0,132,132,30.3030303030303,12.8787878787879,39.3939393939394
"7","M_sativa_ZM1","M_sativa_ZM1_Chr01",101,54,16,15,37,0,122,122,44.2622950819672,12.2950819672131,30.327868852459
"7","M_sativa_ZM1","M_sativa_ZM1_Chr01",102,4,11,4,4,0,23,23,17.3913043478261,17.3913043478261,17.3913043478261
"7","M_sativa_ZM1","M_sativa_ZM1_Chr02",0,55,17,15,41,0,129,128,42.96875,11.71875,32.03125
"7","M_sativa_ZM1","M_sativa_ZM1_Chr02",1,51,7,21,21,0,100,100,51,21,21
"7","M_sativa_ZM1","M_sativa_ZM1_Chr02",2,30,20,17,29,0,96,96,31.25,17.7083333333333,30.2083333333333
"7","M_sativa_ZM1","M_sativa_ZM1_Chr02",3,23,41,13,36,0,113,113,20.353982300885,11.5044247787611,31.858407079646
"7","M_sativa_ZM1","M_sativa_ZM1_Chr02",4,16,31,21,32,0,101,100,16,21,32
"7","M_sativa_ZM1","M_sativa_ZM1_Chr02",5,24,24,27,26,0,101,101,23.7623762376238,26.7326732673267,25.7425742574257
"7","M_sativa_ZM1","M_sativa_ZM1_Chr02",6,31,26,18,29,0,104,104,29.8076923076923,17.3076923076923,27.8846153846154
"7","M_sativa_ZM1","M_sativa_ZM1_Chr02",7,27,9,20,39,0,95,95,28.4210526315789,21.0526315789474,41.0526315789474
"7","M_sativa_ZM1","M_sativa_ZM1_Chr02",8,22,6,33,21,0,82,82,26.8292682926829,40.2439024390244,25.609756097561
"7","M_sativa_ZM1","M_sativa_ZM1_Chr02",9,29,12,23,46,0,110,110,26.3636363636364,20.9090909090909,41.8181818181818
"7","M_sativa_ZM1","M_sativa_ZM1_Chr02",10,41,16,10,35,0,103,102,40.1960784313725,9.80392156862745,34.3137254901961
"7","M_sativa_ZM1","M_sativa_ZM1_Chr02",11,40,9,14,32,0,95,95,42.1052631578947,14.7368421052632,33.6842105263158
"7","M_sativa_ZM1","M_sativa_ZM1_Chr02",12,40,6,7,30,0,83,83,48.1927710843374,8.43373493975904,36.144578313253
"7","M_sativa_ZM1","M_sativa_ZM1_Chr02",13,34,6,12,30,0,83,82,41.4634146341463,14.6341463414634,36.5853658536585
"7","M_sativa_ZM1","M_sativa_ZM1_Chr02",14,46,7,9,18,0,80,80,57.5,11.25,22.5
"7","M_sativa_ZM1","M_sativa_ZM1_Chr02",15,35,6,4,29,0,74,74,47.2972972972973,5.40540540540541,39.1891891891892
"7","M_sativa_ZM1","M_sativa_ZM1_Chr02",16,46,5,4,29,0,84,84,54.7619047619048,4.76190476190476,34.5238095238095
"7","M_sativa_ZM1","M_sativa_ZM1_Chr02",17,39,12,10,24,0,85,85,45.8823529411765,11.7647058823529,28.2352941176471
"7","M_sativa_ZM1","M_sativa_ZM1_Chr02",18,37,3,17,21,0,78,78,47.4358974358974,21.7948717948718,26.9230769230769
"7","M_sativa_ZM1","M_sativa_ZM1_Chr02",19,46,11,1,31,0,89,89,51.685393258427,1.12359550561798,34.8314606741573
"7","M_sativa_ZM1","M_sativa_ZM1_Chr02",20,38,6,14,19,0,78,77,49.3506493506493,18.1818181818182,24.6753246753247
"7","M_sativa_ZM1","M_sativa_ZM1_Chr02",21,31,9,9,26,0,75,75,41.3333333333333,12,34.6666666666667
"7","M_sativa_ZM1","M_sativa_ZM1_Chr02",22,41,10,3,21,0,75,75,54.6666666666667,4,28
"7","M_sativa_ZM1","M_sativa_ZM1_Chr02",23,40,12,6,29,0,88,87,45.9770114942529,6.89655172413793,33.3333333333333
"7","M_sativa_ZM1","M_sativa_ZM1_Chr02",24,52,7,8,11,0,78,78,66.6666666666667,10.2564102564103,14.1025641025641
"7","M_sativa_ZM1","M_sativa_ZM1_Chr02",25,52,11,9,30,0,102,102,50.9803921568627,8.82352941176471,29.4117647058824
"7","M_sativa_ZM1","M_sativa_ZM1_Chr02",26,17,13,7,8,0,45,45,37.7777777777778,15.5555555555556,17.7777777777778
"7","M_sativa_ZM1","M_sativa_ZM1_Chr02",27,22,5,8,18,0,53,53,41.5094339622642,15.0943396226415,33.9622641509434
"7","M_sativa_ZM1","M_sativa_ZM1_Chr02",28,22,14,9,33,0,78,78,28.2051282051282,11.5384615384615,42.3076923076923
"7","M_sativa_ZM1","M_sativa_ZM1_Chr02",29,34,19,9,26,0,89,88,38.6363636363636,10.2272727272727,29.5454545454545
"7","M_sativa_ZM1","M_sativa_ZM1_Chr02",30,31,11,2,26,0,70,70,44.2857142857143,2.85714285714286,37.1428571428571
"7","M_sativa_ZM1","M_sativa_ZM1_Chr02",31,25,3,17,18,0,63,63,39.6825396825397,26.984126984127,28.5714285714286
"7","M_sativa_ZM1","M_sativa_ZM1_Chr02",32,24,8,6,34,0,72,72,33.3333333333333,8.33333333333333,47.2222222222222
"7","M_sativa_ZM1","M_sativa_ZM1_Chr02",33,27,8,11,22,0,68,68,39.7058823529412,16.1764705882353,32.3529411764706
"7","M_sativa_ZM1","M_sativa_ZM1_Chr02",34,27,7,5,24,0,63,63,42.8571428571429,7.93650793650794,38.0952380952381
"7","M_sativa_ZM1","M_sativa_ZM1_Chr02",35,23,5,10,23,0,61,61,37.7049180327869,16.3934426229508,37.7049180327869
"7","M_sativa_ZM1","M_sativa_ZM1_Chr02",36,31,11,12,18,0,72,72,43.0555555555556,16.6666666666667,25
"7","M_sativa_ZM1","M_sativa_ZM1_Chr02",37,26,13,11,23,0,73,73,35.6164383561644,15.0684931506849,31.5068493150685
"7","M_sativa_ZM1","M_sativa_ZM1_Chr02",38,11,4,6,20,0,41,41,26.8292682926829,14.6341463414634,48.780487804878
"7","M_sativa_ZM1","M_sativa_ZM1_Chr02",39,19,4,8,27,0,58,58,32.7586206896552,13.7931034482759,46.551724137931
"7","M_sativa_ZM1","M_sativa_ZM1_Chr02",40,23,8,7,21,0,59,59,38.9830508474576,11.864406779661,35.5932203389831
"7","M_sativa_ZM1","M_sativa_ZM1_Chr02",41,29,10,7,27,0,73,73,39.7260273972603,9.58904109589041,36.986301369863
"7","M_sativa_ZM1","M_sativa_ZM1_Chr02",42,21,6,7,7,0,41,41,51.219512195122,17.0731707317073,17.0731707317073
"7","M_sativa_ZM1","M_sativa_ZM1_Chr02",43,29,3,8,17,0,57,57,50.8771929824561,14.0350877192982,29.8245614035088
"7","M_sativa_ZM1","M_sativa_ZM1_Chr02",44,10,6,4,31,0,51,51,19.6078431372549,7.84313725490196,60.7843137254902
"7","M_sativa_ZM1","M_sativa_ZM1_Chr02",45,29,5,6,38,0,78,78,37.1794871794872,7.69230769230769,48.7179487179487
"7","M_sativa_ZM1","M_sativa_ZM1_Chr02",46,25,11,11,26,0,73,73,34.2465753424658,15.0684931506849,35.6164383561644
"7","M_sativa_ZM1","M_sativa_ZM1_Chr02",47,20,7,8,11,0,46,46,43.4782608695652,17.3913043478261,23.9130434782609
"7","M_sativa_ZM1","M_sativa_ZM1_Chr02",48,30,12,4,24,0,70,70,42.8571428571429,5.71428571428571,34.2857142857143
"7","M_sativa_ZM1","M_sativa_ZM1_Chr02",49,25,11,6,27,0,69,69,36.231884057971,8.69565217391304,39.1304347826087
"7","M_sativa_ZM1","M_sativa_ZM1_Chr02",50,25,15,5,26,0,71,71,35.2112676056338,7.04225352112676,36.6197183098592
"7","M_sativa_ZM1","M_sativa_ZM1_Chr02",51,44,19,12,31,0,106,106,41.5094339622642,11.3207547169811,29.2452830188679
"7","M_sativa_ZM1","M_sativa_ZM1_Chr02",52,17,15,7,20,0,59,59,28.8135593220339,11.864406779661,33.8983050847458
"7","M_sativa_ZM1","M_sativa_ZM1_Chr02",53,23,7,8,26,0,64,64,35.9375,12.5,40.625
"7","M_sativa_ZM1","M_sativa_ZM1_Chr02",54,21,14,8,20,0,63,63,33.3333333333333,12.6984126984127,31.7460317460317
"7","M_sativa_ZM1","M_sativa_ZM1_Chr02",55,30,14,9,28,0,82,81,37.037037037037,11.1111111111111,34.5679012345679
"7","M_sativa_ZM1","M_sativa_ZM1_Chr02",56,26,15,1,26,0,68,68,38.2352941176471,1.47058823529412,38.2352941176471
"7","M_sativa_ZM1","M_sativa_ZM1_Chr02",57,27,17,12,32,0,89,88,30.6818181818182,13.6363636363636,36.3636363636364
"7","M_sativa_ZM1","M_sativa_ZM1_Chr02",58,18,14,6,17,0,55,55,32.7272727272727,10.9090909090909,30.9090909090909
"7","M_sativa_ZM1","M_sativa_ZM1_Chr02",59,26,14,7,16,0,63,63,41.2698412698413,11.1111111111111,25.3968253968254
"7","M_sativa_ZM1","M_sativa_ZM1_Chr02",60,20,6,9,23,0,58,58,34.4827586206897,15.5172413793103,39.6551724137931
"7","M_sativa_ZM1","M_sativa_ZM1_Chr02",61,13,14,15,29,0,71,71,18.3098591549296,21.1267605633803,40.8450704225352
"7","M_sativa_ZM1","M_sativa_ZM1_Chr02",62,23,23,9,27,0,82,82,28.0487804878049,10.9756097560976,32.9268292682927
"7","M_sativa_ZM1","M_sativa_ZM1_Chr02",63,13,7,7,15,0,43,42,30.952380952381,16.6666666666667,35.7142857142857
"7","M_sativa_ZM1","M_sativa_ZM1_Chr02",64,20,8,14,20,0,62,62,32.258064516129,22.5806451612903,32.258064516129
"7","M_sativa_ZM1","M_sativa_ZM1_Chr02",65,40,15,10,30,0,96,95,42.1052631578947,10.5263157894737,31.5789473684211
"7","M_sativa_ZM1","M_sativa_ZM1_Chr02",66,26,27,12,20,0,85,85,30.5882352941176,14.1176470588235,23.5294117647059
"7","M_sativa_ZM1","M_sativa_ZM1_Chr02",67,26,13,12,27,0,78,78,33.3333333333333,15.3846153846154,34.6153846153846
"7","M_sativa_ZM1","M_sativa_ZM1_Chr02",68,18,15,9,21,0,64,63,28.5714285714286,14.2857142857143,33.3333333333333
"7","M_sativa_ZM1","M_sativa_ZM1_Chr02",69,22,30,18,39,0,109,109,20.1834862385321,16.5137614678899,35.7798165137615
"7","M_sativa_ZM1","M_sativa_ZM1_Chr02",70,20,23,13,41,0,97,97,20.6185567010309,13.4020618556701,42.2680412371134
"7","M_sativa_ZM1","M_sativa_ZM1_Chr02",71,21,32,12,18,0,83,83,25.3012048192771,14.4578313253012,21.6867469879518
"7","M_sativa_ZM1","M_sativa_ZM1_Chr02",72,20,19,8,46,0,93,93,21.505376344086,8.60215053763441,49.4623655913978
"7","M_sativa_ZM1","M_sativa_ZM1_Chr02",73,26,14,10,44,0,94,94,27.6595744680851,10.6382978723404,46.8085106382979
"7","M_sativa_ZM1","M_sativa_ZM1_Chr02",74,20,11,5,34,0,70,70,28.5714285714286,7.14285714285714,48.5714285714286
"7","M_sativa_ZM1","M_sativa_ZM1_Chr02",75,34,27,9,36,0,106,106,32.0754716981132,8.49056603773585,33.9622641509434
"7","M_sativa_ZM1","M_sativa_ZM1_Chr02",76,28,18,14,28,0,89,88,31.8181818181818,15.9090909090909,31.8181818181818
"7","M_sativa_ZM1","M_sativa_ZM1_Chr02",77,33,21,11,35,0,100,100,33,11,35
"7","M_sativa_ZM1","M_sativa_ZM1_Chr02",78,42,34,4,29,0,109,109,38.5321100917431,3.6697247706422,26.605504587156
"7","M_sativa_ZM1","M_sativa_ZM1_Chr02",79,34,22,15,32,0,103,103,33.0097087378641,14.5631067961165,31.0679611650485
"7","M_sativa_ZM1","M_sativa_ZM1_Chr02",80,44,20,7,50,0,121,121,36.3636363636364,5.78512396694215,41.3223140495868
"7","M_sativa_ZM1","M_sativa_ZM1_Chr02",81,43,41,9,30,0,123,123,34.9593495934959,7.31707317073171,24.390243902439
"7","M_sativa_ZM1","M_sativa_ZM1_Chr02",82,28,19,11,31,0,89,89,31.4606741573034,12.3595505617978,34.8314606741573
"7","M_sativa_ZM1","M_sativa_ZM1_Chr02",83,38,36,5,24,0,103,103,36.8932038834951,4.85436893203883,23.3009708737864
"7","M_sativa_ZM1","M_sativa_ZM1_Chr02",84,27,4,6,25,0,62,62,43.5483870967742,9.67741935483871,40.3225806451613
"7","M_sativa_ZM1","M_sativa_ZM1_Chr03",0,32,5,7,13,0,57,57,56.140350877193,12.280701754386,22.8070175438597
"7","M_sativa_ZM1","M_sativa_ZM1_Chr03",1,21,9,11,26,0,67,67,31.3432835820896,16.4179104477612,38.8059701492537
"7","M_sativa_ZM1","M_sativa_ZM1_Chr03",2,32,7,8,22,0,69,69,46.3768115942029,11.5942028985507,31.8840579710145
"7","M_sativa_ZM1","M_sativa_ZM1_Chr03",3,23,24,10,24,0,81,81,28.3950617283951,12.3456790123457,29.6296296296296
"7","M_sativa_ZM1","M_sativa_ZM1_Chr03",4,16,14,14,37,0,81,81,19.7530864197531,17.2839506172839,45.679012345679
"7","M_sativa_ZM1","M_sativa_ZM1_Chr03",5,25,8,5,16,0,54,54,46.2962962962963,9.25925925925926,29.6296296296296
"7","M_sativa_ZM1","M_sativa_ZM1_Chr03",6,25,9,6,13,0,53,53,47.1698113207547,11.3207547169811,24.5283018867925
"7","M_sativa_ZM1","M_sativa_ZM1_Chr03",7,19,17,12,14,0,62,62,30.6451612903226,19.3548387096774,22.5806451612903
"7","M_sativa_ZM1","M_sativa_ZM1_Chr03",8,31,10,7,18,0,66,66,46.969696969697,10.6060606060606,27.2727272727273
"7","M_sativa_ZM1","M_sativa_ZM1_Chr03",9,24,11,12,17,0,64,64,37.5,18.75,26.5625
"7","M_sativa_ZM1","M_sativa_ZM1_Chr03",10,23,13,16,16,0,68,68,33.8235294117647,23.5294117647059,23.5294117647059
"7","M_sativa_ZM1","M_sativa_ZM1_Chr03",11,27,12,10,17,0,66,66,40.9090909090909,15.1515151515152,25.7575757575758
"7","M_sativa_ZM1","M_sativa_ZM1_Chr03",12,28,12,11,22,0,73,73,38.3561643835616,15.0684931506849,30.1369863013699
"7","M_sativa_ZM1","M_sativa_ZM1_Chr03",13,15,24,8,18,0,65,65,23.0769230769231,12.3076923076923,27.6923076923077
"7","M_sativa_ZM1","M_sativa_ZM1_Chr03",14,20,18,11,20,0,70,69,28.9855072463768,15.9420289855072,28.9855072463768
"7","M_sativa_ZM1","M_sativa_ZM1_Chr03",15,16,8,15,18,0,58,57,28.0701754385965,26.3157894736842,31.5789473684211
"7","M_sativa_ZM1","M_sativa_ZM1_Chr03",16,31,13,6,6,0,56,56,55.3571428571429,10.7142857142857,10.7142857142857
"7","M_sativa_ZM1","M_sativa_ZM1_Chr03",17,6,2,4,7,0,19,19,31.5789473684211,21.0526315789474,36.8421052631579
"7","M_sativa_ZM1","M_sativa_ZM1_Chr03",18,17,8,5,8,0,38,38,44.7368421052632,13.1578947368421,21.0526315789474
"7","M_sativa_ZM1","M_sativa_ZM1_Chr03",19,15,10,5,22,0,52,52,28.8461538461538,9.61538461538461,42.3076923076923
"7","M_sativa_ZM1","M_sativa_ZM1_Chr03",20,12,11,5,19,0,47,47,25.531914893617,10.6382978723404,40.4255319148936
"7","M_sativa_ZM1","M_sativa_ZM1_Chr03",21,19,5,5,25,0,54,54,35.1851851851852,9.25925925925926,46.2962962962963
"7","M_sativa_ZM1","M_sativa_ZM1_Chr03",22,31,0,4,19,0,54,54,57.4074074074074,7.40740740740741,35.1851851851852
"7","M_sativa_ZM1","M_sativa_ZM1_Chr03",23,16,9,8,23,0,56,56,28.5714285714286,14.2857142857143,41.0714285714286
"7","M_sativa_ZM1","M_sativa_ZM1_Chr03",24,28,8,7,20,0,63,63,44.4444444444444,11.1111111111111,31.7460317460317
"7","M_sativa_ZM1","M_sativa_ZM1_Chr03",25,17,8,12,25,0,62,62,27.4193548387097,19.3548387096774,40.3225806451613
"7","M_sativa_ZM1","M_sativa_ZM1_Chr03",26,14,11,6,17,0,48,48,29.1666666666667,12.5,35.4166666666667
"7","M_sativa_ZM1","M_sativa_ZM1_Chr03",27,26,6,2,24,0,58,58,44.8275862068966,3.44827586206897,41.3793103448276
"7","M_sativa_ZM1","M_sativa_ZM1_Chr03",28,18,3,14,17,0,52,52,34.6153846153846,26.9230769230769,32.6923076923077
"7","M_sativa_ZM1","M_sativa_ZM1_Chr03",29,26,17,4,19,0,66,66,39.3939393939394,6.06060606060606,28.7878787878788
"7","M_sativa_ZM1","M_sativa_ZM1_Chr03",30,17,13,4,25,0,59,59,28.8135593220339,6.77966101694915,42.3728813559322
"7","M_sativa_ZM1","M_sativa_ZM1_Chr03",31,15,3,5,8,0,31,31,48.3870967741936,16.1290322580645,25.8064516129032
"7","M_sativa_ZM1","M_sativa_ZM1_Chr03",32,18,7,3,9,0,37,37,48.6486486486486,8.10810810810811,24.3243243243243
"7","M_sativa_ZM1","M_sativa_ZM1_Chr03",33,23,3,3,14,0,43,43,53.4883720930233,6.97674418604651,32.5581395348837
"7","M_sativa_ZM1","M_sativa_ZM1_Chr03",34,13,8,12,29,0,62,62,20.9677419354839,19.3548387096774,46.7741935483871
"7","M_sativa_ZM1","M_sativa_ZM1_Chr03",35,26,13,12,20,0,71,71,36.6197183098592,16.9014084507042,28.169014084507
"7","M_sativa_ZM1","M_sativa_ZM1_Chr03",36,23,6,2,14,0,45,45,51.1111111111111,4.44444444444444,31.1111111111111
"7","M_sativa_ZM1","M_sativa_ZM1_Chr03",37,14,3,7,14,0,38,38,36.8421052631579,18.4210526315789,36.8421052631579
"7","M_sativa_ZM1","M_sativa_ZM1_Chr03",38,20,5,6,25,0,56,56,35.7142857142857,10.7142857142857,44.6428571428571
"7","M_sativa_ZM1","M_sativa_ZM1_Chr03",39,21,10,9,25,0,65,65,32.3076923076923,13.8461538461538,38.4615384615385
"7","M_sativa_ZM1","M_sativa_ZM1_Chr03",40,16,8,6,16,0,46,46,34.7826086956522,13.0434782608696,34.7826086956522
"7","M_sativa_ZM1","M_sativa_ZM1_Chr03",41,20,9,11,19,0,60,59,33.8983050847458,18.6440677966102,32.2033898305085
"7","M_sativa_ZM1","M_sativa_ZM1_Chr03",42,22,9,9,16,0,56,56,39.2857142857143,16.0714285714286,28.5714285714286
"7","M_sativa_ZM1","M_sativa_ZM1_Chr03",43,20,12,7,32,0,71,71,28.169014084507,9.85915492957746,45.0704225352113
"7","M_sativa_ZM1","M_sativa_ZM1_Chr03",44,14,4,19,21,0,58,58,24.1379310344828,32.7586206896552,36.2068965517241
"7","M_sativa_ZM1","M_sativa_ZM1_Chr03",45,41,11,15,25,0,92,92,44.5652173913044,16.304347826087,27.1739130434783
"7","M_sativa_ZM1","M_sativa_ZM1_Chr03",46,30,10,11,37,0,88,88,34.0909090909091,12.5,42.0454545454545
"7","M_sativa_ZM1","M_sativa_ZM1_Chr03",47,6,19,14,34,0,73,73,8.21917808219178,19.1780821917808,46.5753424657534
"7","M_sativa_ZM1","M_sativa_ZM1_Chr03",48,67,22,23,76,0,188,188,35.6382978723404,12.2340425531915,40.4255319148936
"7","M_sativa_ZM1","M_sativa_ZM1_Chr03",49,10,14,5,17,0,48,46,21.7391304347826,10.8695652173913,36.9565217391304
"7","M_sativa_ZM1","M_sativa_ZM1_Chr03",50,19,23,8,30,0,80,80,23.75,10,37.5
"7","M_sativa_ZM1","M_sativa_ZM1_Chr03",51,18,12,25,21,0,76,76,23.6842105263158,32.8947368421053,27.6315789473684
"7","M_sativa_ZM1","M_sativa_ZM1_Chr03",52,21,17,12,21,0,71,71,29.5774647887324,16.9014084507042,29.5774647887324
"7","M_sativa_ZM1","M_sativa_ZM1_Chr03",53,28,9,16,27,0,80,80,35,20,33.75
"7","M_sativa_ZM1","M_sativa_ZM1_Chr03",54,16,6,6,21,0,49,49,32.6530612244898,12.2448979591837,42.8571428571429
"7","M_sativa_ZM1","M_sativa_ZM1_Chr03",55,18,14,11,21,0,64,64,28.125,17.1875,32.8125
"7","M_sativa_ZM1","M_sativa_ZM1_Chr03",56,38,15,11,36,0,100,100,38,11,36
"7","M_sativa_ZM1","M_sativa_ZM1_Chr03",57,33,12,12,29,0,86,86,38.3720930232558,13.953488372093,33.7209302325581
"7","M_sativa_ZM1","M_sativa_ZM1_Chr03",58,29,17,8,28,0,83,82,35.3658536585366,9.75609756097561,34.1463414634146
"7","M_sativa_ZM1","M_sativa_ZM1_Chr03",59,11,18,9,43,0,81,81,13.5802469135802,11.1111111111111,53.0864197530864
"7","M_sativa_ZM1","M_sativa_ZM1_Chr03",60,13,20,6,21,0,60,60,21.6666666666667,10,35
"7","M_sativa_ZM1","M_sativa_ZM1_Chr03",61,22,13,15,23,0,73,73,30.1369863013699,20.5479452054795,31.5068493150685
"7","M_sativa_ZM1","M_sativa_ZM1_Chr03",62,26,23,14,12,0,75,75,34.6666666666667,18.6666666666667,16
"7","M_sativa_ZM1","M_sativa_ZM1_Chr03",63,28,13,14,29,0,84,84,33.3333333333333,16.6666666666667,34.5238095238095
"7","M_sativa_ZM1","M_sativa_ZM1_Chr03",64,21,16,13,28,0,78,78,26.9230769230769,16.6666666666667,35.8974358974359
"7","M_sativa_ZM1","M_sativa_ZM1_Chr03",65,31,22,17,39,0,109,109,28.4403669724771,15.5963302752294,35.7798165137615
"7","M_sativa_ZM1","M_sativa_ZM1_Chr03",66,48,13,8,26,0,95,95,50.5263157894737,8.42105263157895,27.3684210526316
"7","M_sativa_ZM1","M_sativa_ZM1_Chr03",67,18,5,8,31,0,62,62,29.0322580645161,12.9032258064516,50
"7","M_sativa_ZM1","M_sativa_ZM1_Chr03",68,27,19,16,16,0,78,78,34.6153846153846,20.5128205128205,20.5128205128205
"7","M_sativa_ZM1","M_sativa_ZM1_Chr03",69,25,14,10,44,0,93,93,26.8817204301075,10.752688172043,47.3118279569892
"7","M_sativa_ZM1","M_sativa_ZM1_Chr03",70,21,28,10,30,0,89,89,23.5955056179775,11.2359550561798,33.7078651685393
"7","M_sativa_ZM1","M_sativa_ZM1_Chr03",71,28,25,22,22,0,97,97,28.8659793814433,22.680412371134,22.680412371134
"7","M_sativa_ZM1","M_sativa_ZM1_Chr03",72,28,26,23,24,0,101,101,27.7227722772277,22.7722772277228,23.7623762376238
"7","M_sativa_ZM1","M_sativa_ZM1_Chr03",73,30,14,8,20,0,72,72,41.6666666666667,11.1111111111111,27.7777777777778
"7","M_sativa_ZM1","M_sativa_ZM1_Chr03",74,39,12,14,45,0,110,110,35.4545454545455,12.7272727272727,40.9090909090909
"7","M_sativa_ZM1","M_sativa_ZM1_Chr03",75,47,16,9,29,0,102,101,46.5346534653465,8.91089108910891,28.7128712871287
"7","M_sativa_ZM1","M_sativa_ZM1_Chr03",76,48,17,13,29,0,107,107,44.8598130841121,12.1495327102804,27.1028037383178
"7","M_sativa_ZM1","M_sativa_ZM1_Chr03",77,33,24,19,30,0,107,106,31.1320754716981,17.9245283018868,28.3018867924528
"7","M_sativa_ZM1","M_sativa_ZM1_Chr03",78,33,23,20,21,0,98,97,34.020618556701,20.6185567010309,21.6494845360825
"7","M_sativa_ZM1","M_sativa_ZM1_Chr03",79,36,26,26,34,0,122,122,29.5081967213115,21.3114754098361,27.8688524590164
"7","M_sativa_ZM1","M_sativa_ZM1_Chr03",80,44,22,21,48,0,135,135,32.5925925925926,15.5555555555556,35.5555555555556
"7","M_sativa_ZM1","M_sativa_ZM1_Chr03",81,52,16,10,12,0,90,90,57.7777777777778,11.1111111111111,13.3333333333333
"7","M_sativa_ZM1","M_sativa_ZM1_Chr03",82,42,18,14,48,0,123,122,34.4262295081967,11.4754098360656,39.344262295082
"7","M_sativa_ZM1","M_sativa_ZM1_Chr03",83,31,21,14,29,0,95,95,32.6315789473684,14.7368421052632,30.5263157894737
"7","M_sativa_ZM1","M_sativa_ZM1_Chr03",84,35,19,12,35,0,101,101,34.6534653465347,11.8811881188119,34.6534653465347
"7","M_sativa_ZM1","M_sativa_ZM1_Chr03",85,38,16,17,41,0,112,112,33.9285714285714,15.1785714285714,36.6071428571429
"7","M_sativa_ZM1","M_sativa_ZM1_Chr03",86,47,16,13,30,0,106,106,44.3396226415094,12.2641509433962,28.3018867924528
"7","M_sativa_ZM1","M_sativa_ZM1_Chr03",87,41,17,18,39,0,116,115,35.6521739130435,15.6521739130435,33.9130434782609
"7","M_sativa_ZM1","M_sativa_ZM1_Chr03",88,47,12,17,53,0,129,129,36.4341085271318,13.1782945736434,41.0852713178295
"7","M_sativa_ZM1","M_sativa_ZM1_Chr03",89,42,12,16,38,0,109,108,38.8888888888889,14.8148148148148,35.1851851851852
"7","M_sativa_ZM1","M_sativa_ZM1_Chr03",90,51,13,11,12,0,87,87,58.6206896551724,12.6436781609195,13.7931034482759
"7","M_sativa_ZM1","M_sativa_ZM1_Chr03",91,38,17,12,35,0,102,102,37.2549019607843,11.7647058823529,34.3137254901961
"7","M_sativa_ZM1","M_sativa_ZM1_Chr03",92,37,15,13,20,0,85,85,43.5294117647059,15.2941176470588,23.5294117647059
"7","M_sativa_ZM1","M_sativa_ZM1_Chr03",93,38,14,17,29,0,98,98,38.7755102040816,17.3469387755102,29.5918367346939
"7","M_sativa_ZM1","M_sativa_ZM1_Chr03",94,40,14,15,40,0,109,109,36.697247706422,13.7614678899083,36.697247706422
"7","M_sativa_ZM1","M_sativa_ZM1_Chr03",95,44,19,14,38,0,115,115,38.2608695652174,12.1739130434783,33.0434782608696
"7","M_sativa_ZM1","M_sativa_ZM1_Chr03",96,38,12,20,51,0,121,121,31.404958677686,16.5289256198347,42.1487603305785
"7","M_sativa_ZM1","M_sativa_ZM1_Chr03",97,47,16,13,22,0,99,98,47.9591836734694,13.265306122449,22.4489795918367
"7","M_sativa_ZM1","M_sativa_ZM1_Chr03",98,42,11,8,34,0,95,95,44.2105263157895,8.42105263157895,35.7894736842105
"7","M_sativa_ZM1","M_sativa_ZM1_Chr03",99,53,13,11,25,0,102,102,51.9607843137255,10.7843137254902,24.5098039215686
"7","M_sativa_ZM1","M_sativa_ZM1_Chr03",100,49,19,12,29,0,109,109,44.954128440367,11.0091743119266,26.605504587156
"7","M_sativa_ZM1","M_sativa_ZM1_Chr03",101,52,15,8,29,0,104,104,50,7.69230769230769,27.8846153846154
"7","M_sativa_ZM1","M_sativa_ZM1_Chr03",102,47,23,12,35,0,118,117,40.1709401709402,10.2564102564103,29.9145299145299
"7","M_sativa_ZM1","M_sativa_ZM1_Chr03",103,46,15,9,57,0,127,127,36.2204724409449,7.08661417322835,44.8818897637795
"7","M_sativa_ZM1","M_sativa_ZM1_Chr03",104,5,3,1,5,0,14,14,35.7142857142857,7.14285714285714,35.7142857142857
"7","M_sativa_ZM1","M_sativa_ZM1_Chr04",0,41,16,16,28,0,101,101,40.5940594059406,15.8415841584158,27.7227722772277
"7","M_sativa_ZM1","M_sativa_ZM1_Chr04",1,34,13,14,16,0,77,77,44.1558441558442,18.1818181818182,20.7792207792208
"7","M_sativa_ZM1","M_sativa_ZM1_Chr04",2,26,13,19,21,0,79,79,32.9113924050633,24.0506329113924,26.5822784810127
"7","M_sativa_ZM1","M_sativa_ZM1_Chr04",3,35,8,9,26,0,78,78,44.8717948717949,11.5384615384615,33.3333333333333
"7","M_sativa_ZM1","M_sativa_ZM1_Chr04",4,31,21,15,17,0,85,84,36.9047619047619,17.8571428571429,20.2380952380952
"7","M_sativa_ZM1","M_sativa_ZM1_Chr04",5,32,12,11,24,0,79,79,40.5063291139241,13.9240506329114,30.379746835443
"7","M_sativa_ZM1","M_sativa_ZM1_Chr04",6,39,23,14,27,0,103,103,37.8640776699029,13.5922330097087,26.2135922330097
"7","M_sativa_ZM1","M_sativa_ZM1_Chr04",7,34,8,8,26,0,76,76,44.7368421052632,10.5263157894737,34.2105263157895
"7","M_sativa_ZM1","M_sativa_ZM1_Chr04",8,33,9,16,29,0,87,87,37.9310344827586,18.3908045977011,33.3333333333333
"7","M_sativa_ZM1","M_sativa_ZM1_Chr04",9,20,17,11,22,0,70,70,28.5714285714286,15.7142857142857,31.4285714285714
"7","M_sativa_ZM1","M_sativa_ZM1_Chr04",10,32,10,17,16,0,75,75,42.6666666666667,22.6666666666667,21.3333333333333
"7","M_sativa_ZM1","M_sativa_ZM1_Chr04",11,31,15,15,33,0,94,94,32.9787234042553,15.9574468085106,35.1063829787234
"7","M_sativa_ZM1","M_sativa_ZM1_Chr04",12,35,6,14,22,0,78,77,45.4545454545455,18.1818181818182,28.5714285714286
"7","M_sativa_ZM1","M_sativa_ZM1_Chr04",13,22,11,9,29,0,71,71,30.9859154929577,12.6760563380282,40.8450704225352
"7","M_sativa_ZM1","M_sativa_ZM1_Chr04",14,32,10,8,26,0,76,76,42.1052631578947,10.5263157894737,34.2105263157895
"7","M_sativa_ZM1","M_sativa_ZM1_Chr04",15,38,5,16,22,0,81,81,46.9135802469136,19.7530864197531,27.1604938271605
"7","M_sativa_ZM1","M_sativa_ZM1_Chr04",16,35,9,14,12,0,70,70,50,20,17.1428571428571
"7","M_sativa_ZM1","M_sativa_ZM1_Chr04",17,19,4,13,12,0,48,48,39.5833333333333,27.0833333333333,25
"7","M_sativa_ZM1","M_sativa_ZM1_Chr04",18,38,5,10,37,0,90,90,42.2222222222222,11.1111111111111,41.1111111111111
"7","M_sativa_ZM1","M_sativa_ZM1_Chr04",19,39,8,16,24,0,87,87,44.8275862068966,18.3908045977011,27.5862068965517
"7","M_sativa_ZM1","M_sativa_ZM1_Chr04",20,36,2,18,26,0,82,82,43.9024390243902,21.9512195121951,31.7073170731707
"7","M_sativa_ZM1","M_sativa_ZM1_Chr04",21,32,6,17,40,0,95,95,33.6842105263158,17.8947368421053,42.1052631578947
"7","M_sativa_ZM1","M_sativa_ZM1_Chr04",22,18,7,13,18,0,56,56,32.1428571428571,23.2142857142857,32.1428571428571
"7","M_sativa_ZM1","M_sativa_ZM1_Chr04",23,19,6,7,27,0,59,59,32.2033898305085,11.864406779661,45.7627118644068
"7","M_sativa_ZM1","M_sativa_ZM1_Chr04",24,21,3,6,17,0,47,47,44.6808510638298,12.7659574468085,36.1702127659574
"7","M_sativa_ZM1","M_sativa_ZM1_Chr04",25,20,7,5,25,0,57,57,35.0877192982456,8.7719298245614,43.859649122807
"7","M_sativa_ZM1","M_sativa_ZM1_Chr04",26,25,8,12,19,0,65,64,39.0625,18.75,29.6875
"7","M_sativa_ZM1","M_sativa_ZM1_Chr04",27,22,5,14,13,0,54,54,40.7407407407407,25.9259259259259,24.0740740740741
"7","M_sativa_ZM1","M_sativa_ZM1_Chr04",28,26,13,10,21,0,70,70,37.1428571428571,14.2857142857143,30
"7","M_sativa_ZM1","M_sativa_ZM1_Chr04",29,21,5,14,20,0,60,60,35,23.3333333333333,33.3333333333333
"7","M_sativa_ZM1","M_sativa_ZM1_Chr04",30,22,4,6,12,0,44,44,50,13.6363636363636,27.2727272727273
"7","M_sativa_ZM1","M_sativa_ZM1_Chr04",31,34,9,7,23,0,73,73,46.5753424657534,9.58904109589041,31.5068493150685
"7","M_sativa_ZM1","M_sativa_ZM1_Chr04",32,25,5,10,22,0,62,62,40.3225806451613,16.1290322580645,35.4838709677419
"7","M_sativa_ZM1","M_sativa_ZM1_Chr04",33,22,13,8,13,0,56,56,39.2857142857143,14.2857142857143,23.2142857142857
"7","M_sativa_ZM1","M_sativa_ZM1_Chr04",34,18,8,10,11,0,47,47,38.2978723404255,21.2765957446809,23.4042553191489
"7","M_sativa_ZM1","M_sativa_ZM1_Chr04",35,12,8,5,16,0,41,41,29.2682926829268,12.1951219512195,39.0243902439024
"7","M_sativa_ZM1","M_sativa_ZM1_Chr04",36,15,1,3,8,0,27,27,55.5555555555556,11.1111111111111,29.6296296296296
"7","M_sativa_ZM1","M_sativa_ZM1_Chr04",37,19,6,3,14,0,42,42,45.2380952380952,7.14285714285714,33.3333333333333
"7","M_sativa_ZM1","M_sativa_ZM1_Chr04",38,24,10,10,35,0,79,79,30.379746835443,12.6582278481013,44.3037974683544
"7","M_sativa_ZM1","M_sativa_ZM1_Chr04",39,19,9,13,17,0,58,58,32.7586206896552,22.4137931034483,29.3103448275862
"7","M_sativa_ZM1","M_sativa_ZM1_Chr04",40,28,10,7,21,0,66,66,42.4242424242424,10.6060606060606,31.8181818181818
"7","M_sativa_ZM1","M_sativa_ZM1_Chr04",41,16,12,9,14,0,51,51,31.3725490196078,17.6470588235294,27.4509803921569
"7","M_sativa_ZM1","M_sativa_ZM1_Chr04",42,24,16,11,14,0,65,65,36.9230769230769,16.9230769230769,21.5384615384615
"7","M_sativa_ZM1","M_sativa_ZM1_Chr04",43,25,17,14,9,0,65,65,38.4615384615385,21.5384615384615,13.8461538461538
"7","M_sativa_ZM1","M_sativa_ZM1_Chr04",44,21,5,11,15,0,52,52,40.3846153846154,21.1538461538462,28.8461538461538
"7","M_sativa_ZM1","M_sativa_ZM1_Chr04",45,18,11,7,12,0,49,48,37.5,14.5833333333333,25
"7","M_sativa_ZM1","M_sativa_ZM1_Chr04",46,21,13,9,28,0,71,71,29.5774647887324,12.6760563380282,39.4366197183099
"7","M_sativa_ZM1","M_sativa_ZM1_Chr04",47,19,5,7,24,0,55,55,34.5454545454545,12.7272727272727,43.6363636363636
"7","M_sativa_ZM1","M_sativa_ZM1_Chr04",48,18,14,12,18,0,63,62,29.0322580645161,19.3548387096774,29.0322580645161
"7","M_sativa_ZM1","M_sativa_ZM1_Chr04",49,45,16,12,1,0,74,74,60.8108108108108,16.2162162162162,1.35135135135135
"7","M_sativa_ZM1","M_sativa_ZM1_Chr04",50,54,12,13,4,0,83,83,65.0602409638554,15.6626506024096,4.81927710843374
"7","M_sativa_ZM1","M_sativa_ZM1_Chr04",51,35,22,10,6,0,73,73,47.9452054794521,13.6986301369863,8.21917808219178
"7","M_sativa_ZM1","M_sativa_ZM1_Chr04",52,44,37,14,9,0,104,104,42.3076923076923,13.4615384615385,8.65384615384615
"7","M_sativa_ZM1","M_sativa_ZM1_Chr04",53,22,26,6,8,0,62,62,35.4838709677419,9.67741935483871,12.9032258064516
"7","M_sativa_ZM1","M_sativa_ZM1_Chr04",54,37,36,33,3,0,109,109,33.9449541284404,30.2752293577982,2.75229357798165
"7","M_sativa_ZM1","M_sativa_ZM1_Chr04",55,32,24,9,10,0,75,75,42.6666666666667,12,13.3333333333333
"7","M_sativa_ZM1","M_sativa_ZM1_Chr04",56,42,28,26,7,0,103,103,40.7766990291262,25.2427184466019,6.79611650485437
"7","M_sativa_ZM1","M_sativa_ZM1_Chr04",57,56,23,41,7,0,127,127,44.0944881889764,32.2834645669291,5.51181102362205
"7","M_sativa_ZM1","M_sativa_ZM1_Chr04",58,44,21,13,8,0,86,86,51.1627906976744,15.1162790697674,9.30232558139535
"7","M_sativa_ZM1","M_sativa_ZM1_Chr04",59,25,18,4,0,0,47,47,53.1914893617021,8.51063829787234,0
"7","M_sativa_ZM1","M_sativa_ZM1_Chr04",60,20,8,1,1,0,30,30,66.6666666666667,3.33333333333333,3.33333333333333
"7","M_sativa_ZM1","M_sativa_ZM1_Chr04",61,23,9,1,1,0,34,34,67.6470588235294,2.94117647058824,2.94117647058824
"7","M_sativa_ZM1","M_sativa_ZM1_Chr04",62,34,7,3,2,0,46,46,73.9130434782609,6.52173913043478,4.34782608695652
"7","M_sativa_ZM1","M_sativa_ZM1_Chr04",63,66,16,4,8,0,94,94,70.2127659574468,4.25531914893617,8.51063829787234
"7","M_sativa_ZM1","M_sativa_ZM1_Chr04",64,65,19,6,8,0,98,98,66.3265306122449,6.12244897959184,8.16326530612245
"7","M_sativa_ZM1","M_sativa_ZM1_Chr04",65,80,33,5,14,0,132,132,60.6060606060606,3.78787878787879,10.6060606060606
"7","M_sativa_ZM1","M_sativa_ZM1_Chr04",66,81,24,10,7,0,122,122,66.3934426229508,8.19672131147541,5.73770491803279
"7","M_sativa_ZM1","M_sativa_ZM1_Chr04",67,77,18,11,10,0,116,116,66.3793103448276,9.48275862068965,8.62068965517241
"7","M_sativa_ZM1","M_sativa_ZM1_Chr04",68,63,24,9,7,0,103,103,61.1650485436893,8.7378640776699,6.79611650485437
"7","M_sativa_ZM1","M_sativa_ZM1_Chr04",69,61,24,6,12,0,103,103,59.2233009708738,5.8252427184466,11.6504854368932
"7","M_sativa_ZM1","M_sativa_ZM1_Chr04",70,57,24,14,12,0,107,107,53.2710280373832,13.0841121495327,11.214953271028
"7","M_sativa_ZM1","M_sativa_ZM1_Chr04",71,51,29,6,4,0,90,90,56.6666666666667,6.66666666666667,4.44444444444444
"7","M_sativa_ZM1","M_sativa_ZM1_Chr04",72,71,29,13,6,0,119,119,59.6638655462185,10.9243697478992,5.04201680672269
"7","M_sativa_ZM1","M_sativa_ZM1_Chr04",73,62,31,7,5,0,105,105,59.0476190476191,6.66666666666667,4.76190476190476
"7","M_sativa_ZM1","M_sativa_ZM1_Chr04",74,84,32,6,9,0,131,131,64.1221374045802,4.58015267175572,6.87022900763359
"7","M_sativa_ZM1","M_sativa_ZM1_Chr04",75,55,24,7,8,0,94,94,58.5106382978723,7.4468085106383,8.51063829787234
"7","M_sativa_ZM1","M_sativa_ZM1_Chr04",76,64,31,9,9,0,113,113,56.6371681415929,7.9646017699115,7.9646017699115
"7","M_sativa_ZM1","M_sativa_ZM1_Chr04",77,64,20,9,11,0,104,104,61.5384615384615,8.65384615384615,10.5769230769231
"7","M_sativa_ZM1","M_sativa_ZM1_Chr04",78,57,29,8,4,0,98,98,58.1632653061224,8.16326530612245,4.08163265306122
"7","M_sativa_ZM1","M_sativa_ZM1_Chr04",79,54,33,13,17,0,117,117,46.1538461538462,11.1111111111111,14.5299145299145
"7","M_sativa_ZM1","M_sativa_ZM1_Chr04",80,42,23,13,12,0,90,90,46.6666666666667,14.4444444444444,13.3333333333333
"7","M_sativa_ZM1","M_sativa_ZM1_Chr04",81,60,43,8,12,0,123,123,48.780487804878,6.50406504065041,9.75609756097561
"7","M_sativa_ZM1","M_sativa_ZM1_Chr04",82,47,38,5,10,0,100,100,47,5,10
"7","M_sativa_ZM1","M_sativa_ZM1_Chr04",83,46,43,6,6,0,101,101,45.5445544554455,5.94059405940594,5.94059405940594
"7","M_sativa_ZM1","M_sativa_ZM1_Chr04",84,63,42,12,11,0,128,128,49.21875,9.375,8.59375
"7","M_sativa_ZM1","M_sativa_ZM1_Chr04",85,48,31,5,13,0,97,97,49.4845360824742,5.15463917525773,13.4020618556701
"7","M_sativa_ZM1","M_sativa_ZM1_Chr04",86,50,35,17,12,0,114,114,43.859649122807,14.9122807017544,10.5263157894737
"7","M_sativa_ZM1","M_sativa_ZM1_Chr04",87,59,21,11,15,0,106,106,55.6603773584906,10.377358490566,14.1509433962264
"7","M_sativa_ZM1","M_sativa_ZM1_Chr04",88,73,40,13,13,0,139,139,52.5179856115108,9.35251798561151,9.35251798561151
"7","M_sativa_ZM1","M_sativa_ZM1_Chr04",89,54,42,5,6,0,107,107,50.4672897196262,4.67289719626168,5.60747663551402
"7","M_sativa_ZM1","M_sativa_ZM1_Chr04",90,63,36,20,12,0,131,131,48.0916030534351,15.2671755725191,9.16030534351145
"7","M_sativa_ZM1","M_sativa_ZM1_Chr04",91,59,41,12,13,0,125,125,47.2,9.6,10.4
"7","M_sativa_ZM1","M_sativa_ZM1_Chr04",92,43,16,5,6,0,70,70,61.4285714285714,7.14285714285714,8.57142857142857
"7","M_sativa_ZM1","M_sativa_ZM1_Chr05",0,49,41,8,10,0,108,108,45.3703703703704,7.40740740740741,9.25925925925926
"7","M_sativa_ZM1","M_sativa_ZM1_Chr05",1,53,67,10,10,0,140,140,37.8571428571429,7.14285714285714,7.14285714285714
"7","M_sativa_ZM1","M_sativa_ZM1_Chr05",2,63,20,7,10,0,100,100,63,7,10
"7","M_sativa_ZM1","M_sativa_ZM1_Chr05",3,61,27,7,6,0,101,101,60.3960396039604,6.93069306930693,5.94059405940594
"7","M_sativa_ZM1","M_sativa_ZM1_Chr05",4,51,35,11,12,0,109,109,46.7889908256881,10.0917431192661,11.0091743119266
"7","M_sativa_ZM1","M_sativa_ZM1_Chr05",5,65,42,14,8,0,129,129,50.3875968992248,10.8527131782946,6.2015503875969
"7","M_sativa_ZM1","M_sativa_ZM1_Chr05",6,63,37,6,12,0,118,118,53.3898305084746,5.08474576271186,10.1694915254237
"7","M_sativa_ZM1","M_sativa_ZM1_Chr05",7,43,16,7,6,0,72,72,59.7222222222222,9.72222222222222,8.33333333333333
"7","M_sativa_ZM1","M_sativa_ZM1_Chr05",8,32,20,13,5,0,70,70,45.7142857142857,18.5714285714286,7.14285714285714
"7","M_sativa_ZM1","M_sativa_ZM1_Chr05",9,54,25,3,5,0,87,87,62.0689655172414,3.44827586206897,5.74712643678161
"7","M_sativa_ZM1","M_sativa_ZM1_Chr05",10,52,32,5,9,0,98,98,53.0612244897959,5.10204081632653,9.18367346938776
"7","M_sativa_ZM1","M_sativa_ZM1_Chr05",11,44,38,9,7,0,98,98,44.8979591836735,9.18367346938776,7.14285714285714
"7","M_sativa_ZM1","M_sativa_ZM1_Chr05",12,48,44,8,6,0,106,106,45.2830188679245,7.54716981132075,5.66037735849057
"7","M_sativa_ZM1","M_sativa_ZM1_Chr05",13,47,31,5,3,0,86,86,54.6511627906977,5.81395348837209,3.48837209302326
"7","M_sativa_ZM1","M_sativa_ZM1_Chr05",14,39,12,8,33,0,92,92,42.3913043478261,8.69565217391304,35.8695652173913
"7","M_sativa_ZM1","M_sativa_ZM1_Chr05",15,39,18,9,31,0,97,97,40.2061855670103,9.27835051546392,31.9587628865979
"7","M_sativa_ZM1","M_sativa_ZM1_Chr05",16,40,12,10,30,0,92,92,43.4782608695652,10.8695652173913,32.6086956521739
"7","M_sativa_ZM1","M_sativa_ZM1_Chr05",17,39,6,5,34,0,86,84,46.4285714285714,5.95238095238095,40.4761904761905
"7","M_sativa_ZM1","M_sativa_ZM1_Chr05",18,33,9,8,17,0,67,67,49.2537313432836,11.9402985074627,25.3731343283582
"7","M_sativa_ZM1","M_sativa_ZM1_Chr05",19,22,26,6,32,0,86,86,25.5813953488372,6.97674418604651,37.2093023255814
"7","M_sativa_ZM1","M_sativa_ZM1_Chr05",20,33,7,3,28,0,72,71,46.4788732394366,4.22535211267606,39.4366197183099
"7","M_sativa_ZM1","M_sativa_ZM1_Chr05",21,37,6,13,17,0,73,73,50.6849315068493,17.8082191780822,23.2876712328767
"7","M_sativa_ZM1","M_sativa_ZM1_Chr05",22,25,4,5,14,0,49,48,52.0833333333333,10.4166666666667,29.1666666666667
"7","M_sativa_ZM1","M_sativa_ZM1_Chr05",23,36,9,14,22,0,81,81,44.4444444444444,17.2839506172839,27.1604938271605
"7","M_sativa_ZM1","M_sativa_ZM1_Chr05",24,22,22,16,28,0,88,88,25,18.1818181818182,31.8181818181818
"7","M_sativa_ZM1","M_sativa_ZM1_Chr05",25,25,10,10,20,0,65,65,38.4615384615385,15.3846153846154,30.7692307692308
"7","M_sativa_ZM1","M_sativa_ZM1_Chr05",26,22,4,8,25,0,59,59,37.2881355932203,13.5593220338983,42.3728813559322
"7","M_sativa_ZM1","M_sativa_ZM1_Chr05",27,13,3,9,31,0,56,56,23.2142857142857,16.0714285714286,55.3571428571429
"7","M_sativa_ZM1","M_sativa_ZM1_Chr05",28,26,13,11,22,0,72,72,36.1111111111111,15.2777777777778,30.5555555555556
"7","M_sativa_ZM1","M_sativa_ZM1_Chr05",29,32,4,10,24,0,70,70,45.7142857142857,14.2857142857143,34.2857142857143
"7","M_sativa_ZM1","M_sativa_ZM1_Chr05",30,31,4,8,16,0,59,59,52.5423728813559,13.5593220338983,27.1186440677966
"7","M_sativa_ZM1","M_sativa_ZM1_Chr05",31,45,7,13,18,0,83,83,54.2168674698795,15.6626506024096,21.6867469879518
"7","M_sativa_ZM1","M_sativa_ZM1_Chr05",32,38,12,7,24,0,81,81,46.9135802469136,8.64197530864197,29.6296296296296
"7","M_sativa_ZM1","M_sativa_ZM1_Chr05",33,24,5,9,16,0,54,54,44.4444444444444,16.6666666666667,29.6296296296296
"7","M_sativa_ZM1","M_sativa_ZM1_Chr05",34,24,5,7,22,0,58,58,41.3793103448276,12.0689655172414,37.9310344827586
"7","M_sativa_ZM1","M_sativa_ZM1_Chr05",35,14,11,5,15,0,45,45,31.1111111111111,11.1111111111111,33.3333333333333
"7","M_sativa_ZM1","M_sativa_ZM1_Chr05",36,12,4,13,22,0,51,51,23.5294117647059,25.4901960784314,43.1372549019608
"7","M_sativa_ZM1","M_sativa_ZM1_Chr05",37,25,12,7,10,0,54,54,46.2962962962963,12.962962962963,18.5185185185185
"7","M_sativa_ZM1","M_sativa_ZM1_Chr05",38,28,14,5,27,0,74,74,37.8378378378378,6.75675675675676,36.4864864864865
"7","M_sativa_ZM1","M_sativa_ZM1_Chr05",39,10,7,12,21,0,50,50,20,24,42
"7","M_sativa_ZM1","M_sativa_ZM1_Chr05",40,20,9,7,19,0,55,55,36.3636363636364,12.7272727272727,34.5454545454545
"7","M_sativa_ZM1","M_sativa_ZM1_Chr05",41,18,10,7,15,0,50,50,36,14,30
"7","M_sativa_ZM1","M_sativa_ZM1_Chr05",42,19,9,4,10,0,42,42,45.2380952380952,9.52380952380952,23.8095238095238
"7","M_sativa_ZM1","M_sativa_ZM1_Chr05",43,22,4,1,17,0,45,44,50,2.27272727272727,38.6363636363636
"7","M_sativa_ZM1","M_sativa_ZM1_Chr05",44,15,6,4,17,0,42,42,35.7142857142857,9.52380952380952,40.4761904761905
"7","M_sativa_ZM1","M_sativa_ZM1_Chr05",45,19,12,0,9,0,40,40,47.5,0,22.5
"7","M_sativa_ZM1","M_sativa_ZM1_Chr05",46,21,10,6,24,0,61,61,34.4262295081967,9.83606557377049,39.344262295082
"7","M_sativa_ZM1","M_sativa_ZM1_Chr05",47,17,3,5,15,0,40,40,42.5,12.5,37.5
"7","M_sativa_ZM1","M_sativa_ZM1_Chr05",48,14,6,6,17,0,43,43,32.5581395348837,13.953488372093,39.5348837209302
"7","M_sativa_ZM1","M_sativa_ZM1_Chr05",49,5,1,1,5,0,12,12,41.6666666666667,8.33333333333333,41.6666666666667
"7","M_sativa_ZM1","M_sativa_ZM1_Chr05",50,12,5,3,9,0,30,29,41.3793103448276,10.3448275862069,31.0344827586207
"7","M_sativa_ZM1","M_sativa_ZM1_Chr05",51,24,11,9,20,0,64,64,37.5,14.0625,31.25
"7","M_sativa_ZM1","M_sativa_ZM1_Chr05",52,17,10,5,12,0,44,44,38.6363636363636,11.3636363636364,27.2727272727273
"7","M_sativa_ZM1","M_sativa_ZM1_Chr05",53,16,7,4,15,0,42,42,38.0952380952381,9.52380952380952,35.7142857142857
"7","M_sativa_ZM1","M_sativa_ZM1_Chr05",54,24,6,7,22,0,59,59,40.6779661016949,11.864406779661,37.2881355932203
"7","M_sativa_ZM1","M_sativa_ZM1_Chr05",55,28,7,8,17,0,60,60,46.6666666666667,13.3333333333333,28.3333333333333
"7","M_sativa_ZM1","M_sativa_ZM1_Chr05",56,23,13,8,24,0,68,68,33.8235294117647,11.7647058823529,35.2941176470588
"7","M_sativa_ZM1","M_sativa_ZM1_Chr05",57,28,13,11,19,0,71,71,39.4366197183099,15.4929577464789,26.7605633802817
"7","M_sativa_ZM1","M_sativa_ZM1_Chr05",58,26,5,11,17,0,59,59,44.0677966101695,18.6440677966102,28.8135593220339
"7","M_sativa_ZM1","M_sativa_ZM1_Chr05",59,21,10,10,37,0,78,78,26.9230769230769,12.8205128205128,47.4358974358974
"7","M_sativa_ZM1","M_sativa_ZM1_Chr05",60,23,4,9,17,0,53,53,43.3962264150943,16.9811320754717,32.0754716981132
"7","M_sativa_ZM1","M_sativa_ZM1_Chr05",61,16,15,12,18,0,61,61,26.2295081967213,19.672131147541,29.5081967213115
"7","M_sativa_ZM1","M_sativa_ZM1_Chr05",62,15,14,10,15,0,54,54,27.7777777777778,18.5185185185185,27.7777777777778
"7","M_sativa_ZM1","M_sativa_ZM1_Chr05",63,18,16,9,32,0,75,75,24,12,42.6666666666667
"7","M_sativa_ZM1","M_sativa_ZM1_Chr05",64,20,8,14,16,0,58,58,34.4827586206897,24.1379310344828,27.5862068965517
"7","M_sativa_ZM1","M_sativa_ZM1_Chr05",65,11,8,2,10,0,31,31,35.4838709677419,6.45161290322581,32.258064516129
"7","M_sativa_ZM1","M_sativa_ZM1_Chr05",66,12,3,1,10,0,26,26,46.1538461538462,3.84615384615385,38.4615384615385
"7","M_sativa_ZM1","M_sativa_ZM1_Chr05",67,17,6,7,9,0,39,39,43.5897435897436,17.9487179487179,23.0769230769231
"7","M_sativa_ZM1","M_sativa_ZM1_Chr05",68,31,10,5,18,0,64,64,48.4375,7.8125,28.125
"7","M_sativa_ZM1","M_sativa_ZM1_Chr05",69,17,18,9,13,0,58,57,29.8245614035088,15.7894736842105,22.8070175438597
"7","M_sativa_ZM1","M_sativa_ZM1_Chr05",70,25,5,15,15,0,60,60,41.6666666666667,25,25
"7","M_sativa_ZM1","M_sativa_ZM1_Chr05",71,19,18,8,21,0,66,66,28.7878787878788,12.1212121212121,31.8181818181818
"7","M_sativa_ZM1","M_sativa_ZM1_Chr05",72,26,7,7,26,0,66,66,39.3939393939394,10.6060606060606,39.3939393939394
"7","M_sativa_ZM1","M_sativa_ZM1_Chr05",73,28,7,19,25,0,79,79,35.4430379746835,24.0506329113924,31.6455696202532
"7","M_sativa_ZM1","M_sativa_ZM1_Chr05",74,34,12,19,23,0,88,88,38.6363636363636,21.5909090909091,26.1363636363636
"7","M_sativa_ZM1","M_sativa_ZM1_Chr05",75,17,5,6,18,0,47,46,36.9565217391304,13.0434782608696,39.1304347826087
"7","M_sativa_ZM1","M_sativa_ZM1_Chr05",76,11,16,4,29,0,60,60,18.3333333333333,6.66666666666667,48.3333333333333
"7","M_sativa_ZM1","M_sativa_ZM1_Chr05",77,36,16,10,23,0,85,85,42.3529411764706,11.7647058823529,27.0588235294118
"7","M_sativa_ZM1","M_sativa_ZM1_Chr05",78,23,7,7,14,0,51,51,45.0980392156863,13.7254901960784,27.4509803921569
"7","M_sativa_ZM1","M_sativa_ZM1_Chr05",79,29,9,13,25,0,76,76,38.1578947368421,17.1052631578947,32.8947368421053
"7","M_sativa_ZM1","M_sativa_ZM1_Chr05",80,39,12,11,32,0,94,94,41.4893617021277,11.7021276595745,34.0425531914894
"7","M_sativa_ZM1","M_sativa_ZM1_Chr05",81,24,13,5,17,0,59,59,40.6779661016949,8.47457627118644,28.8135593220339
"7","M_sativa_ZM1","M_sativa_ZM1_Chr05",82,23,12,11,29,0,75,75,30.6666666666667,14.6666666666667,38.6666666666667
"7","M_sativa_ZM1","M_sativa_ZM1_Chr05",83,33,13,7,18,0,71,71,46.4788732394366,9.85915492957746,25.3521126760563
"7","M_sativa_ZM1","M_sativa_ZM1_Chr05",84,23,10,8,11,0,52,52,44.2307692307692,15.3846153846154,21.1538461538462
"7","M_sativa_ZM1","M_sativa_ZM1_Chr05",85,28,9,10,26,0,73,73,38.3561643835616,13.6986301369863,35.6164383561644
"7","M_sativa_ZM1","M_sativa_ZM1_Chr05",86,29,9,11,17,0,67,66,43.9393939393939,16.6666666666667,25.7575757575758
"7","M_sativa_ZM1","M_sativa_ZM1_Chr05",87,27,4,7,30,0,68,68,39.7058823529412,10.2941176470588,44.1176470588235
"7","M_sativa_ZM1","M_sativa_ZM1_Chr05",88,34,13,9,32,0,88,88,38.6363636363636,10.2272727272727,36.3636363636364
"7","M_sativa_ZM1","M_sativa_ZM1_Chr05",89,19,7,14,17,0,58,57,33.3333333333333,24.5614035087719,29.8245614035088
"7","M_sativa_ZM1","M_sativa_ZM1_Chr05",90,32,18,8,34,0,92,92,34.7826086956522,8.69565217391304,36.9565217391304
"7","M_sativa_ZM1","M_sativa_ZM1_Chr05",91,25,11,10,15,0,61,61,40.9836065573771,16.3934426229508,24.5901639344262
"7","M_sativa_ZM1","M_sativa_ZM1_Chr05",92,22,15,10,12,0,59,59,37.2881355932203,16.9491525423729,20.3389830508475
"7","M_sativa_ZM1","M_sativa_ZM1_Chr05",93,36,7,12,17,0,74,72,50,16.6666666666667,23.6111111111111
"7","M_sativa_ZM1","M_sativa_ZM1_Chr05",94,36,15,10,21,0,82,82,43.9024390243902,12.1951219512195,25.609756097561
"7","M_sativa_ZM1","M_sativa_ZM1_Chr05",95,18,15,10,30,0,74,73,24.6575342465753,13.6986301369863,41.0958904109589
"7","M_sativa_ZM1","M_sativa_ZM1_Chr05",96,41,12,6,43,0,102,102,40.1960784313725,5.88235294117647,42.156862745098
"7","M_sativa_ZM1","M_sativa_ZM1_Chr05",97,45,10,14,25,0,94,94,47.8723404255319,14.8936170212766,26.5957446808511
"7","M_sativa_ZM1","M_sativa_ZM1_Chr05",98,33,15,14,28,0,91,90,36.6666666666667,15.5555555555556,31.1111111111111
"7","M_sativa_ZM1","M_sativa_ZM1_Chr05",99,26,11,15,39,0,91,91,28.5714285714286,16.4835164835165,42.8571428571429
"7","M_sativa_ZM1","M_sativa_ZM1_Chr05",100,42,15,15,36,0,108,108,38.8888888888889,13.8888888888889,33.3333333333333
"7","M_sativa_ZM1","M_sativa_ZM1_Chr05",101,58,10,10,30,0,108,108,53.7037037037037,9.25925925925926,27.7777777777778
"7","M_sativa_ZM1","M_sativa_ZM1_Chr05",102,24,13,7,18,0,62,62,38.7096774193548,11.2903225806452,29.0322580645161
"7","M_sativa_ZM1","M_sativa_ZM1_Chr05",103,34,23,10,17,0,84,84,40.4761904761905,11.9047619047619,20.2380952380952
"7","M_sativa_ZM1","M_sativa_ZM1_Chr05",104,47,14,15,32,0,108,108,43.5185185185185,13.8888888888889,29.6296296296296
"7","M_sativa_ZM1","M_sativa_ZM1_Chr05",105,18,9,6,30,0,63,63,28.5714285714286,9.52380952380952,47.6190476190476
"7","M_sativa_ZM1","M_sativa_ZM1_Chr05",106,30,9,18,22,0,79,79,37.9746835443038,22.7848101265823,27.8481012658228
"7","M_sativa_ZM1","M_sativa_ZM1_Chr05",107,21,5,13,30,0,69,69,30.4347826086957,18.8405797101449,43.4782608695652
"7","M_sativa_ZM1","M_sativa_ZM1_Chr05",108,37,6,16,26,0,85,85,43.5294117647059,18.8235294117647,30.5882352941176
"7","M_sativa_ZM1","M_sativa_ZM1_Chr05",109,2,2,5,10,0,19,19,10.5263157894737,26.3157894736842,52.6315789473684
"7","M_sativa_ZM1","M_sativa_ZM1_Chr06",0,37,10,13,11,0,71,71,52.112676056338,18.3098591549296,15.4929577464789
"7","M_sativa_ZM1","M_sativa_ZM1_Chr06",1,34,14,12,23,0,84,83,40.9638554216867,14.4578313253012,27.710843373494
"7","M_sativa_ZM1","M_sativa_ZM1_Chr06",2,15,7,3,16,0,42,41,36.5853658536585,7.31707317073171,39.0243902439024
"7","M_sativa_ZM1","M_sativa_ZM1_Chr06",3,27,1,12,19,0,59,59,45.7627118644068,20.3389830508475,32.2033898305085
"7","M_sativa_ZM1","M_sativa_ZM1_Chr06",4,22,3,9,12,0,46,46,47.8260869565217,19.5652173913043,26.0869565217391
"7","M_sativa_ZM1","M_sativa_ZM1_Chr06",5,28,3,11,25,0,67,67,41.7910447761194,16.4179104477612,37.3134328358209
"7","M_sativa_ZM1","M_sativa_ZM1_Chr06",6,44,8,13,32,0,97,97,45.360824742268,13.4020618556701,32.9896907216495
"7","M_sativa_ZM1","M_sativa_ZM1_Chr06",7,22,7,7,26,0,62,62,35.4838709677419,11.2903225806452,41.9354838709677
"7","M_sativa_ZM1","M_sativa_ZM1_Chr06",8,24,6,4,14,0,48,48,50,8.33333333333333,29.1666666666667
"7","M_sativa_ZM1","M_sativa_ZM1_Chr06",9,25,6,7,21,0,59,59,42.3728813559322,11.864406779661,35.5932203389831
"7","M_sativa_ZM1","M_sativa_ZM1_Chr06",10,24,7,5,17,0,53,53,45.2830188679245,9.43396226415094,32.0754716981132
"7","M_sativa_ZM1","M_sativa_ZM1_Chr06",11,33,10,9,26,0,78,78,42.3076923076923,11.5384615384615,33.3333333333333
"7","M_sativa_ZM1","M_sativa_ZM1_Chr06",12,38,17,15,28,0,98,98,38.7755102040816,15.3061224489796,28.5714285714286
"7","M_sativa_ZM1","M_sativa_ZM1_Chr06",13,26,8,9,17,0,60,60,43.3333333333333,15,28.3333333333333
"7","M_sativa_ZM1","M_sativa_ZM1_Chr06",14,21,4,10,20,0,55,55,38.1818181818182,18.1818181818182,36.3636363636364
"7","M_sativa_ZM1","M_sativa_ZM1_Chr06",15,20,5,19,11,0,55,55,36.3636363636364,34.5454545454545,20
"7","M_sativa_ZM1","M_sativa_ZM1_Chr06",16,13,4,10,31,0,58,58,22.4137931034483,17.2413793103448,53.448275862069
"7","M_sativa_ZM1","M_sativa_ZM1_Chr06",17,20,12,12,33,0,77,77,25.974025974026,15.5844155844156,42.8571428571429
"7","M_sativa_ZM1","M_sativa_ZM1_Chr06",18,32,7,4,23,0,66,66,48.4848484848485,6.06060606060606,34.8484848484849
"7","M_sativa_ZM1","M_sativa_ZM1_Chr06",19,18,8,13,17,0,56,56,32.1428571428571,23.2142857142857,30.3571428571429
"7","M_sativa_ZM1","M_sativa_ZM1_Chr06",20,46,4,13,24,0,88,87,52.8735632183908,14.9425287356322,27.5862068965517
"7","M_sativa_ZM1","M_sativa_ZM1_Chr06",21,27,5,11,12,0,55,55,49.0909090909091,20,21.8181818181818
"7","M_sativa_ZM1","M_sativa_ZM1_Chr06",22,20,10,16,38,0,84,84,23.8095238095238,19.047619047619,45.2380952380952
"7","M_sativa_ZM1","M_sativa_ZM1_Chr06",23,30,4,8,19,0,61,61,49.1803278688525,13.1147540983607,31.1475409836066
"7","M_sativa_ZM1","M_sativa_ZM1_Chr06",24,30,5,17,30,0,82,82,36.5853658536585,20.7317073170732,36.5853658536585
"7","M_sativa_ZM1","M_sativa_ZM1_Chr06",25,22,3,12,16,0,54,53,41.5094339622642,22.6415094339623,30.188679245283
"7","M_sativa_ZM1","M_sativa_ZM1_Chr06",26,28,2,14,28,0,72,72,38.8888888888889,19.4444444444444,38.8888888888889
"7","M_sativa_ZM1","M_sativa_ZM1_Chr06",27,37,4,10,14,0,65,65,56.9230769230769,15.3846153846154,21.5384615384615
"7","M_sativa_ZM1","M_sativa_ZM1_Chr06",28,14,6,10,14,0,44,44,31.8181818181818,22.7272727272727,31.8181818181818
"7","M_sativa_ZM1","M_sativa_ZM1_Chr06",29,9,1,8,15,0,33,33,27.2727272727273,24.2424242424242,45.4545454545455
"7","M_sativa_ZM1","M_sativa_ZM1_Chr06",30,18,3,4,15,0,40,40,45,10,37.5
"7","M_sativa_ZM1","M_sativa_ZM1_Chr06",31,18,10,12,19,0,59,59,30.5084745762712,20.3389830508475,32.2033898305085
"7","M_sativa_ZM1","M_sativa_ZM1_Chr06",32,13,8,5,17,0,43,43,30.2325581395349,11.6279069767442,39.5348837209302
"7","M_sativa_ZM1","M_sativa_ZM1_Chr06",33,29,9,15,37,0,90,90,32.2222222222222,16.6666666666667,41.1111111111111
"7","M_sativa_ZM1","M_sativa_ZM1_Chr06",34,8,5,2,15,0,30,30,26.6666666666667,6.66666666666667,50
"7","M_sativa_ZM1","M_sativa_ZM1_Chr06",35,15,7,8,16,0,46,46,32.6086956521739,17.3913043478261,34.7826086956522
"7","M_sativa_ZM1","M_sativa_ZM1_Chr06",36,11,2,13,7,0,33,33,33.3333333333333,39.3939393939394,21.2121212121212
"7","M_sativa_ZM1","M_sativa_ZM1_Chr06",37,45,5,8,15,0,73,73,61.6438356164384,10.958904109589,20.5479452054795
"7","M_sativa_ZM1","M_sativa_ZM1_Chr06",38,26,1,5,19,0,51,51,50.9803921568627,9.80392156862745,37.2549019607843
"7","M_sativa_ZM1","M_sativa_ZM1_Chr06",39,16,4,10,14,0,44,44,36.3636363636364,22.7272727272727,31.8181818181818
"7","M_sativa_ZM1","M_sativa_ZM1_Chr06",40,26,2,13,19,0,61,60,43.3333333333333,21.6666666666667,31.6666666666667
"7","M_sativa_ZM1","M_sativa_ZM1_Chr06",41,19,9,6,9,0,43,43,44.1860465116279,13.953488372093,20.9302325581395
"7","M_sativa_ZM1","M_sativa_ZM1_Chr06",42,25,8,13,25,0,71,71,35.2112676056338,18.3098591549296,35.2112676056338
"7","M_sativa_ZM1","M_sativa_ZM1_Chr06",43,19,2,10,25,0,56,56,33.9285714285714,17.8571428571429,44.6428571428571
"7","M_sativa_ZM1","M_sativa_ZM1_Chr06",44,24,9,6,34,0,73,73,32.8767123287671,8.21917808219178,46.5753424657534
"7","M_sativa_ZM1","M_sativa_ZM1_Chr06",45,14,3,10,18,0,45,45,31.1111111111111,22.2222222222222,40
"7","M_sativa_ZM1","M_sativa_ZM1_Chr06",46,26,5,4,18,0,54,53,49.0566037735849,7.54716981132075,33.9622641509434
"7","M_sativa_ZM1","M_sativa_ZM1_Chr06",47,15,9,7,12,0,43,43,34.8837209302326,16.2790697674419,27.906976744186
"7","M_sativa_ZM1","M_sativa_ZM1_Chr06",48,13,8,2,7,0,31,30,43.3333333333333,6.66666666666667,23.3333333333333
"7","M_sativa_ZM1","M_sativa_ZM1_Chr06",49,27,3,11,22,0,63,63,42.8571428571429,17.4603174603175,34.9206349206349
"7","M_sativa_ZM1","M_sativa_ZM1_Chr06",50,27,8,16,22,0,73,73,36.986301369863,21.9178082191781,30.1369863013699
"7","M_sativa_ZM1","M_sativa_ZM1_Chr06",51,18,6,5,15,0,44,44,40.9090909090909,11.3636363636364,34.0909090909091
"7","M_sativa_ZM1","M_sativa_ZM1_Chr06",52,14,3,12,18,0,47,47,29.7872340425532,25.531914893617,38.2978723404255
"7","M_sativa_ZM1","M_sativa_ZM1_Chr06",53,21,8,13,22,0,64,64,32.8125,20.3125,34.375
"7","M_sativa_ZM1","M_sativa_ZM1_Chr06",54,6,6,12,23,0,47,47,12.7659574468085,25.531914893617,48.936170212766
"7","M_sativa_ZM1","M_sativa_ZM1_Chr06",55,15,5,5,16,0,42,41,36.5853658536585,12.1951219512195,39.0243902439024
"7","M_sativa_ZM1","M_sativa_ZM1_Chr06",56,19,10,7,7,0,43,43,44.1860465116279,16.2790697674419,16.2790697674419
"7","M_sativa_ZM1","M_sativa_ZM1_Chr06",57,11,4,10,9,0,35,34,32.3529411764706,29.4117647058824,26.4705882352941
"7","M_sativa_ZM1","M_sativa_ZM1_Chr06",58,17,11,9,23,0,60,60,28.3333333333333,15,38.3333333333333
"7","M_sativa_ZM1","M_sativa_ZM1_Chr06",59,13,5,3,15,0,36,36,36.1111111111111,8.33333333333333,41.6666666666667
"7","M_sativa_ZM1","M_sativa_ZM1_Chr06",60,23,0,13,24,0,60,60,38.3333333333333,21.6666666666667,40
"7","M_sativa_ZM1","M_sativa_ZM1_Chr06",61,15,4,3,18,0,41,40,37.5,7.5,45
"7","M_sativa_ZM1","M_sativa_ZM1_Chr06",62,13,4,7,23,0,47,47,27.6595744680851,14.8936170212766,48.936170212766
"7","M_sativa_ZM1","M_sativa_ZM1_Chr06",63,25,7,5,26,0,63,63,39.6825396825397,7.93650793650794,41.2698412698413
"7","M_sativa_ZM1","M_sativa_ZM1_Chr06",64,26,4,7,15,0,52,52,50,13.4615384615385,28.8461538461538
"7","M_sativa_ZM1","M_sativa_ZM1_Chr06",65,21,5,10,11,0,48,47,44.6808510638298,21.2765957446809,23.4042553191489
"7","M_sativa_ZM1","M_sativa_ZM1_Chr06",66,20,6,10,11,0,47,47,42.5531914893617,21.2765957446809,23.4042553191489
"7","M_sativa_ZM1","M_sativa_ZM1_Chr06",67,21,1,8,13,0,43,43,48.8372093023256,18.6046511627907,30.2325581395349
"7","M_sativa_ZM1","M_sativa_ZM1_Chr06",68,25,8,5,27,0,65,65,38.4615384615385,7.69230769230769,41.5384615384615
"7","M_sativa_ZM1","M_sativa_ZM1_Chr06",69,19,6,10,18,0,54,53,35.8490566037736,18.8679245283019,33.9622641509434
"7","M_sativa_ZM1","M_sativa_ZM1_Chr06",70,14,2,14,46,0,77,76,18.4210526315789,18.4210526315789,60.5263157894737
"7","M_sativa_ZM1","M_sativa_ZM1_Chr06",71,16,13,7,15,0,51,51,31.3725490196078,13.7254901960784,29.4117647058824
"7","M_sativa_ZM1","M_sativa_ZM1_Chr06",72,9,4,9,32,0,55,54,16.6666666666667,16.6666666666667,59.2592592592593
"7","M_sativa_ZM1","M_sativa_ZM1_Chr06",73,12,1,1,26,0,40,40,30,2.5,65
"7","M_sativa_ZM1","M_sativa_ZM1_Chr06",74,13,2,13,14,0,42,42,30.952380952381,30.952380952381,33.3333333333333
"7","M_sativa_ZM1","M_sativa_ZM1_Chr06",75,18,12,16,23,0,69,69,26.0869565217391,23.1884057971014,33.3333333333333
"7","M_sativa_ZM1","M_sativa_ZM1_Chr06",76,14,9,6,13,0,42,42,33.3333333333333,14.2857142857143,30.952380952381
"7","M_sativa_ZM1","M_sativa_ZM1_Chr06",77,23,10,4,2,0,39,39,58.974358974359,10.2564102564103,5.12820512820513
"7","M_sativa_ZM1","M_sativa_ZM1_Chr06",78,16,7,7,14,0,45,44,36.3636363636364,15.9090909090909,31.8181818181818
"7","M_sativa_ZM1","M_sativa_ZM1_Chr06",79,16,7,9,31,0,63,63,25.3968253968254,14.2857142857143,49.2063492063492
"7","M_sativa_ZM1","M_sativa_ZM1_Chr06",80,18,11,8,15,0,52,52,34.6153846153846,15.3846153846154,28.8461538461538
"7","M_sativa_ZM1","M_sativa_ZM1_Chr06",81,21,3,9,16,0,49,49,42.8571428571429,18.3673469387755,32.6530612244898
"7","M_sativa_ZM1","M_sativa_ZM1_Chr06",82,7,5,8,23,0,43,43,16.2790697674419,18.6046511627907,53.4883720930233
"7","M_sativa_ZM1","M_sativa_ZM1_Chr06",83,14,7,4,8,0,33,33,42.4242424242424,12.1212121212121,24.2424242424242
"7","M_sativa_ZM1","M_sativa_ZM1_Chr06",84,19,8,12,14,0,53,53,35.8490566037736,22.6415094339623,26.4150943396226
"7","M_sativa_ZM1","M_sativa_ZM1_Chr06",85,20,19,8,18,0,65,65,30.7692307692308,12.3076923076923,27.6923076923077
"7","M_sativa_ZM1","M_sativa_ZM1_Chr06",86,25,7,8,32,0,72,72,34.7222222222222,11.1111111111111,44.4444444444444
"7","M_sativa_ZM1","M_sativa_ZM1_Chr06",87,24,11,11,18,0,64,64,37.5,17.1875,28.125
"7","M_sativa_ZM1","M_sativa_ZM1_Chr06",88,29,3,11,31,0,74,74,39.1891891891892,14.8648648648649,41.8918918918919
"7","M_sativa_ZM1","M_sativa_ZM1_Chr06",89,17,3,11,25,0,56,56,30.3571428571429,19.6428571428571,44.6428571428571
"7","M_sativa_ZM1","M_sativa_ZM1_Chr06",90,22,6,5,18,0,51,51,43.1372549019608,9.80392156862745,35.2941176470588
"7","M_sativa_ZM1","M_sativa_ZM1_Chr06",91,32,4,6,22,0,64,64,50,9.375,34.375
"7","M_sativa_ZM1","M_sativa_ZM1_Chr06",92,33,4,9,19,0,65,65,50.7692307692308,13.8461538461538,29.2307692307692
"7","M_sativa_ZM1","M_sativa_ZM1_Chr06",93,30,15,7,17,0,69,69,43.4782608695652,10.1449275362319,24.6376811594203
"7","M_sativa_ZM1","M_sativa_ZM1_Chr06",94,23,17,20,8,0,68,68,33.8235294117647,29.4117647058824,11.7647058823529
"7","M_sativa_ZM1","M_sativa_ZM1_Chr06",95,24,14,14,26,0,78,78,30.7692307692308,17.9487179487179,33.3333333333333
"7","M_sativa_ZM1","M_sativa_ZM1_Chr06",96,37,14,12,23,0,86,86,43.0232558139535,13.953488372093,26.7441860465116
"7","M_sativa_ZM1","M_sativa_ZM1_Chr06",97,20,13,8,20,0,62,61,32.7868852459016,13.1147540983607,32.7868852459016
"7","M_sativa_ZM1","M_sativa_ZM1_Chr06",98,15,5,8,48,0,77,76,19.7368421052632,10.5263157894737,63.1578947368421
"7","M_sativa_ZM1","M_sativa_ZM1_Chr06",99,14,11,4,13,0,42,42,33.3333333333333,9.52380952380952,30.952380952381
"7","M_sativa_ZM1","M_sativa_ZM1_Chr06",100,21,10,12,42,0,85,85,24.7058823529412,14.1176470588235,49.4117647058824
"7","M_sativa_ZM1","M_sativa_ZM1_Chr06",101,25,3,9,29,0,66,66,37.8787878787879,13.6363636363636,43.9393939393939
"7","M_sativa_ZM1","M_sativa_ZM1_Chr06",102,16,5,5,15,0,41,41,39.0243902439024,12.1951219512195,36.5853658536585
"7","M_sativa_ZM1","M_sativa_ZM1_Chr06",103,16,3,6,18,0,43,43,37.2093023255814,13.953488372093,41.8604651162791
"7","M_sativa_ZM1","M_sativa_ZM1_Chr06",104,9,8,9,18,0,44,44,20.4545454545455,20.4545454545455,40.9090909090909
"7","M_sativa_ZM1","M_sativa_ZM1_Chr06",105,20,4,9,20,0,53,53,37.7358490566038,16.9811320754717,37.7358490566038
"7","M_sativa_ZM1","M_sativa_ZM1_Chr06",106,19,7,11,23,0,60,60,31.6666666666667,18.3333333333333,38.3333333333333
"7","M_sativa_ZM1","M_sativa_ZM1_Chr06",107,24,6,9,22,0,62,61,39.344262295082,14.7540983606557,36.0655737704918
"7","M_sativa_ZM1","M_sativa_ZM1_Chr06",108,25,16,12,23,0,76,76,32.8947368421053,15.7894736842105,30.2631578947368
"7","M_sativa_ZM1","M_sativa_ZM1_Chr06",109,24,8,9,26,0,67,67,35.8208955223881,13.4328358208955,38.8059701492537
"7","M_sativa_ZM1","M_sativa_ZM1_Chr06",110,31,9,8,27,0,75,75,41.3333333333333,10.6666666666667,36
"7","M_sativa_ZM1","M_sativa_ZM1_Chr06",111,44,9,13,25,0,91,91,48.3516483516484,14.2857142857143,27.4725274725275
"7","M_sativa_ZM1","M_sativa_ZM1_Chr06",112,24,18,12,27,0,82,81,29.6296296296296,14.8148148148148,33.3333333333333
"7","M_sativa_ZM1","M_sativa_ZM1_Chr06",113,29,7,10,48,0,94,94,30.8510638297872,10.6382978723404,51.063829787234
"7","M_sativa_ZM1","M_sativa_ZM1_Chr06",114,12,3,4,6,0,25,25,48,16,24
"7","M_sativa_ZM1","M_sativa_ZM1_Chr07",0,34,11,19,16,0,80,80,42.5,23.75,20
"7","M_sativa_ZM1","M_sativa_ZM1_Chr07",1,29,10,20,20,0,79,79,36.7088607594937,25.3164556962025,25.3164556962025
"7","M_sativa_ZM1","M_sativa_ZM1_Chr07",2,23,13,16,20,0,72,72,31.9444444444444,22.2222222222222,27.7777777777778
"7","M_sativa_ZM1","M_sativa_ZM1_Chr07",3,25,5,5,15,0,50,50,50,10,30
"7","M_sativa_ZM1","M_sativa_ZM1_Chr07",4,27,14,11,34,0,86,86,31.3953488372093,12.7906976744186,39.5348837209302
"7","M_sativa_ZM1","M_sativa_ZM1_Chr07",5,17,9,10,15,0,51,51,33.3333333333333,19.6078431372549,29.4117647058824
"7","M_sativa_ZM1","M_sativa_ZM1_Chr07",6,42,5,13,14,0,74,74,56.7567567567568,17.5675675675676,18.9189189189189
"7","M_sativa_ZM1","M_sativa_ZM1_Chr07",7,36,1,14,13,0,64,64,56.25,21.875,20.3125
"7","M_sativa_ZM1","M_sativa_ZM1_Chr07",8,19,10,10,16,0,55,55,34.5454545454545,18.1818181818182,29.0909090909091
"7","M_sativa_ZM1","M_sativa_ZM1_Chr07",9,19,4,10,14,0,47,47,40.4255319148936,21.2765957446809,29.7872340425532
"7","M_sativa_ZM1","M_sativa_ZM1_Chr07",10,41,6,10,19,0,76,76,53.9473684210526,13.1578947368421,25
"7","M_sativa_ZM1","M_sativa_ZM1_Chr07",11,20,15,4,18,0,57,57,35.0877192982456,7.01754385964912,31.5789473684211
"7","M_sativa_ZM1","M_sativa_ZM1_Chr07",12,21,6,12,37,0,76,76,27.6315789473684,15.7894736842105,48.6842105263158
"7","M_sativa_ZM1","M_sativa_ZM1_Chr07",13,18,7,10,20,0,55,55,32.7272727272727,18.1818181818182,36.3636363636364
"7","M_sativa_ZM1","M_sativa_ZM1_Chr07",14,26,5,8,21,0,60,60,43.3333333333333,13.3333333333333,35
"7","M_sativa_ZM1","M_sativa_ZM1_Chr07",15,25,14,6,18,0,63,63,39.6825396825397,9.52380952380952,28.5714285714286
"7","M_sativa_ZM1","M_sativa_ZM1_Chr07",16,29,13,15,15,0,72,72,40.2777777777778,20.8333333333333,20.8333333333333
"7","M_sativa_ZM1","M_sativa_ZM1_Chr07",17,25,11,14,12,0,62,62,40.3225806451613,22.5806451612903,19.3548387096774
"7","M_sativa_ZM1","M_sativa_ZM1_Chr07",18,24,6,12,20,0,62,62,38.7096774193548,19.3548387096774,32.258064516129
"7","M_sativa_ZM1","M_sativa_ZM1_Chr07",19,25,9,12,21,0,67,67,37.3134328358209,17.910447761194,31.3432835820896
"7","M_sativa_ZM1","M_sativa_ZM1_Chr07",20,30,7,6,30,0,73,73,41.0958904109589,8.21917808219178,41.0958904109589
"7","M_sativa_ZM1","M_sativa_ZM1_Chr07",21,23,3,8,35,0,69,69,33.3333333333333,11.5942028985507,50.7246376811594
"7","M_sativa_ZM1","M_sativa_ZM1_Chr07",22,30,5,15,38,0,88,88,34.0909090909091,17.0454545454545,43.1818181818182
"7","M_sativa_ZM1","M_sativa_ZM1_Chr07",23,17,1,5,26,0,49,49,34.6938775510204,10.2040816326531,53.0612244897959
"7","M_sativa_ZM1","M_sativa_ZM1_Chr07",24,19,8,12,14,0,53,53,35.8490566037736,22.6415094339623,26.4150943396226
"7","M_sativa_ZM1","M_sativa_ZM1_Chr07",25,17,2,13,11,0,43,43,39.5348837209302,30.2325581395349,25.5813953488372
"7","M_sativa_ZM1","M_sativa_ZM1_Chr07",26,21,11,7,23,0,62,62,33.8709677419355,11.2903225806452,37.0967741935484
"7","M_sativa_ZM1","M_sativa_ZM1_Chr07",27,22,4,14,8,0,48,48,45.8333333333333,29.1666666666667,16.6666666666667
"7","M_sativa_ZM1","M_sativa_ZM1_Chr07",28,10,4,15,23,0,53,52,19.2307692307692,28.8461538461538,44.2307692307692
"7","M_sativa_ZM1","M_sativa_ZM1_Chr07",29,22,6,16,18,0,62,62,35.4838709677419,25.8064516129032,29.0322580645161
"7","M_sativa_ZM1","M_sativa_ZM1_Chr07",30,14,11,5,17,0,47,47,29.7872340425532,10.6382978723404,36.1702127659574
"7","M_sativa_ZM1","M_sativa_ZM1_Chr07",31,16,5,2,19,0,42,42,38.0952380952381,4.76190476190476,45.2380952380952
"7","M_sativa_ZM1","M_sativa_ZM1_Chr07",32,18,4,10,23,0,55,55,32.7272727272727,18.1818181818182,41.8181818181818
"7","M_sativa_ZM1","M_sativa_ZM1_Chr07",33,16,9,5,16,0,46,46,34.7826086956522,10.8695652173913,34.7826086956522
"7","M_sativa_ZM1","M_sativa_ZM1_Chr07",34,19,9,9,23,0,60,60,31.6666666666667,15,38.3333333333333
"7","M_sativa_ZM1","M_sativa_ZM1_Chr07",35,22,8,12,16,0,58,58,37.9310344827586,20.6896551724138,27.5862068965517
"7","M_sativa_ZM1","M_sativa_ZM1_Chr07",36,19,20,18,13,0,70,70,27.1428571428571,25.7142857142857,18.5714285714286
"7","M_sativa_ZM1","M_sativa_ZM1_Chr07",37,20,7,5,17,0,49,49,40.8163265306122,10.2040816326531,34.6938775510204
"7","M_sativa_ZM1","M_sativa_ZM1_Chr07",38,19,6,9,15,0,49,49,38.7755102040816,18.3673469387755,30.6122448979592
"7","M_sativa_ZM1","M_sativa_ZM1_Chr07",39,18,13,4,21,0,56,56,32.1428571428571,7.14285714285714,37.5
"7","M_sativa_ZM1","M_sativa_ZM1_Chr07",40,24,5,6,10,0,45,45,53.3333333333333,13.3333333333333,22.2222222222222
"7","M_sativa_ZM1","M_sativa_ZM1_Chr07",41,13,7,13,20,0,54,53,24.5283018867925,24.5283018867925,37.7358490566038
"7","M_sativa_ZM1","M_sativa_ZM1_Chr07",42,15,6,9,16,0,46,46,32.6086956521739,19.5652173913043,34.7826086956522
"7","M_sativa_ZM1","M_sativa_ZM1_Chr07",43,23,13,14,11,0,62,61,37.7049180327869,22.9508196721311,18.0327868852459
"7","M_sativa_ZM1","M_sativa_ZM1_Chr07",44,27,4,6,22,0,59,59,45.7627118644068,10.1694915254237,37.2881355932203
"7","M_sativa_ZM1","M_sativa_ZM1_Chr07",45,19,11,5,16,0,52,51,37.2549019607843,9.80392156862745,31.3725490196078
"7","M_sativa_ZM1","M_sativa_ZM1_Chr07",46,19,6,2,19,0,46,46,41.304347826087,4.34782608695652,41.304347826087
"7","M_sativa_ZM1","M_sativa_ZM1_Chr07",47,20,7,27,28,0,82,82,24.390243902439,32.9268292682927,34.1463414634146
"7","M_sativa_ZM1","M_sativa_ZM1_Chr07",48,20,4,21,18,0,63,63,31.7460317460317,33.3333333333333,28.5714285714286
"7","M_sativa_ZM1","M_sativa_ZM1_Chr07",49,23,4,9,14,0,50,50,46,18,28
"7","M_sativa_ZM1","M_sativa_ZM1_Chr07",50,21,10,6,28,0,65,65,32.3076923076923,9.23076923076923,43.0769230769231
"7","M_sativa_ZM1","M_sativa_ZM1_Chr07",51,5,14,9,21,0,49,49,10.2040816326531,18.3673469387755,42.8571428571429
"7","M_sativa_ZM1","M_sativa_ZM1_Chr07",52,16,4,11,16,0,47,47,34.0425531914894,23.4042553191489,34.0425531914894
"7","M_sativa_ZM1","M_sativa_ZM1_Chr07",53,16,16,21,27,0,80,80,20,26.25,33.75
"7","M_sativa_ZM1","M_sativa_ZM1_Chr07",54,16,2,9,28,0,55,55,29.0909090909091,16.3636363636364,50.9090909090909
"7","M_sativa_ZM1","M_sativa_ZM1_Chr07",55,15,11,7,24,0,57,57,26.3157894736842,12.280701754386,42.1052631578947
"7","M_sativa_ZM1","M_sativa_ZM1_Chr07",56,19,7,11,14,0,51,51,37.2549019607843,21.5686274509804,27.4509803921569
"7","M_sativa_ZM1","M_sativa_ZM1_Chr07",57,45,16,9,9,0,79,79,56.9620253164557,11.3924050632911,11.3924050632911
"7","M_sativa_ZM1","M_sativa_ZM1_Chr07",58,47,20,2,1,0,70,70,67.1428571428571,2.85714285714286,1.42857142857143
"7","M_sativa_ZM1","M_sativa_ZM1_Chr07",59,36,10,6,7,0,59,59,61.0169491525424,10.1694915254237,11.864406779661
"7","M_sativa_ZM1","M_sativa_ZM1_Chr07",60,33,30,9,8,0,80,80,41.25,11.25,10
"7","M_sativa_ZM1","M_sativa_ZM1_Chr07",61,32,20,6,2,0,60,60,53.3333333333333,10,3.33333333333333
"7","M_sativa_ZM1","M_sativa_ZM1_Chr07",62,35,18,8,5,0,66,66,53.030303030303,12.1212121212121,7.57575757575758
"7","M_sativa_ZM1","M_sativa_ZM1_Chr07",63,48,9,6,10,0,73,73,65.7534246575343,8.21917808219178,13.6986301369863
"7","M_sativa_ZM1","M_sativa_ZM1_Chr07",64,57,32,9,16,0,114,114,50,7.89473684210526,14.0350877192982
"7","M_sativa_ZM1","M_sativa_ZM1_Chr07",65,44,25,14,5,0,88,88,50,15.9090909090909,5.68181818181818
"7","M_sativa_ZM1","M_sativa_ZM1_Chr07",66,42,32,7,10,0,91,91,46.1538461538462,7.69230769230769,10.989010989011
"7","M_sativa_ZM1","M_sativa_ZM1_Chr07",67,43,25,15,9,0,92,92,46.7391304347826,16.304347826087,9.78260869565217
"7","M_sativa_ZM1","M_sativa_ZM1_Chr07",68,58,14,5,0,0,77,77,75.3246753246753,6.49350649350649,0
"7","M_sativa_ZM1","M_sativa_ZM1_Chr07",69,64,43,7,5,0,119,119,53.781512605042,5.88235294117647,4.20168067226891
"7","M_sativa_ZM1","M_sativa_ZM1_Chr07",70,53,30,4,2,0,89,89,59.5505617977528,4.49438202247191,2.24719101123596
"7","M_sativa_ZM1","M_sativa_ZM1_Chr07",71,55,16,8,9,0,88,88,62.5,9.09090909090909,10.2272727272727
"7","M_sativa_ZM1","M_sativa_ZM1_Chr07",72,66,19,4,6,0,95,95,69.4736842105263,4.21052631578947,6.31578947368421
"7","M_sativa_ZM1","M_sativa_ZM1_Chr07",73,57,26,13,15,0,111,111,51.3513513513514,11.7117117117117,13.5135135135135
"7","M_sativa_ZM1","M_sativa_ZM1_Chr07",74,56,32,6,13,0,107,107,52.3364485981308,5.60747663551402,12.1495327102804
"7","M_sativa_ZM1","M_sativa_ZM1_Chr07",75,71,18,8,7,0,104,104,68.2692307692308,7.69230769230769,6.73076923076923
"7","M_sativa_ZM1","M_sativa_ZM1_Chr07",76,50,24,8,7,0,89,89,56.1797752808989,8.98876404494382,7.86516853932584
"7","M_sativa_ZM1","M_sativa_ZM1_Chr07",77,50,26,6,8,0,90,90,55.5555555555556,6.66666666666667,8.88888888888889
"7","M_sativa_ZM1","M_sativa_ZM1_Chr07",78,56,15,20,9,0,100,100,56,20,9
"7","M_sativa_ZM1","M_sativa_ZM1_Chr07",79,60,21,8,7,0,96,96,62.5,8.33333333333333,7.29166666666667
"7","M_sativa_ZM1","M_sativa_ZM1_Chr07",80,34,29,12,5,0,80,80,42.5,15,6.25
"7","M_sativa_ZM1","M_sativa_ZM1_Chr07",81,33,42,8,15,0,98,98,33.6734693877551,8.16326530612245,15.3061224489796
"7","M_sativa_ZM1","M_sativa_ZM1_Chr07",82,45,37,12,5,0,99,99,45.4545454545455,12.1212121212121,5.05050505050505
"7","M_sativa_ZM1","M_sativa_ZM1_Chr07",83,55,42,16,25,0,138,138,39.8550724637681,11.5942028985507,18.1159420289855
"7","M_sativa_ZM1","M_sativa_ZM1_Chr07",84,50,23,7,7,0,87,87,57.4712643678161,8.04597701149425,8.04597701149425
"7","M_sativa_ZM1","M_sativa_ZM1_Chr07",85,76,34,6,5,0,121,121,62.8099173553719,4.95867768595041,4.13223140495868
"7","M_sativa_ZM1","M_sativa_ZM1_Chr07",86,46,44,11,10,0,111,111,41.4414414414414,9.90990990990991,9.00900900900901
"7","M_sativa_ZM1","M_sativa_ZM1_Chr07",87,32,35,9,8,0,84,84,38.0952380952381,10.7142857142857,9.52380952380952
"7","M_sativa_ZM1","M_sativa_ZM1_Chr07",88,55,36,16,14,0,121,121,45.4545454545455,13.2231404958678,11.5702479338843
"7","M_sativa_ZM1","M_sativa_ZM1_Chr07",89,59,31,22,10,0,122,122,48.3606557377049,18.0327868852459,8.19672131147541
"7","M_sativa_ZM1","M_sativa_ZM1_Chr07",90,72,24,9,7,0,112,112,64.2857142857143,8.03571428571429,6.25
"7","M_sativa_ZM1","M_sativa_ZM1_Chr07",91,43,40,13,9,0,105,105,40.9523809523809,12.3809523809524,8.57142857142857
"7","M_sativa_ZM1","M_sativa_ZM1_Chr07",92,68,34,11,7,0,120,120,56.6666666666667,9.16666666666667,5.83333333333333
"7","M_sativa_ZM1","M_sativa_ZM1_Chr07",93,42,58,13,5,0,118,118,35.5932203389831,11.0169491525424,4.23728813559322
"7","M_sativa_ZM1","M_sativa_ZM1_Chr07",94,60,26,27,11,0,124,124,48.3870967741936,21.7741935483871,8.87096774193548
"7","M_sativa_ZM1","M_sativa_ZM1_Chr07",95,36,17,14,6,0,73,73,49.3150684931507,19.1780821917808,8.21917808219178
"7","M_sativa_ZM1","M_sativa_ZM1_Chr08",0,46,30,14,1,0,91,91,50.5494505494505,15.3846153846154,1.0989010989011
"7","M_sativa_ZM1","M_sativa_ZM1_Chr08",1,76,12,2,5,0,95,95,80,2.10526315789474,5.26315789473684
"7","M_sativa_ZM1","M_sativa_ZM1_Chr08",2,67,14,8,11,0,100,100,67,8,11
"7","M_sativa_ZM1","M_sativa_ZM1_Chr08",3,64,12,9,10,0,95,95,67.3684210526316,9.47368421052632,10.5263157894737
"7","M_sativa_ZM1","M_sativa_ZM1_Chr08",4,31,27,22,10,0,90,90,34.4444444444444,24.4444444444444,11.1111111111111
"7","M_sativa_ZM1","M_sativa_ZM1_Chr08",5,34,11,24,6,0,75,75,45.3333333333333,32,8
"7","M_sativa_ZM1","M_sativa_ZM1_Chr08",6,36,19,11,7,0,73,73,49.3150684931507,15.0684931506849,9.58904109589041
"7","M_sativa_ZM1","M_sativa_ZM1_Chr08",7,48,39,7,3,0,97,97,49.4845360824742,7.21649484536082,3.09278350515464
"7","M_sativa_ZM1","M_sativa_ZM1_Chr08",8,30,26,9,6,0,71,71,42.2535211267606,12.6760563380282,8.45070422535211
"7","M_sativa_ZM1","M_sativa_ZM1_Chr08",9,58,23,11,4,0,96,96,60.4166666666667,11.4583333333333,4.16666666666667
"7","M_sativa_ZM1","M_sativa_ZM1_Chr08",10,52,28,7,2,0,89,89,58.4269662921348,7.86516853932584,2.24719101123596
"7","M_sativa_ZM1","M_sativa_ZM1_Chr08",11,49,17,14,8,0,88,88,55.6818181818182,15.9090909090909,9.09090909090909
"7","M_sativa_ZM1","M_sativa_ZM1_Chr08",12,33,25,6,1,0,65,65,50.7692307692308,9.23076923076923,1.53846153846154
"7","M_sativa_ZM1","M_sativa_ZM1_Chr08",13,52,27,5,10,0,94,94,55.3191489361702,5.31914893617021,10.6382978723404
"7","M_sativa_ZM1","M_sativa_ZM1_Chr08",14,55,26,10,9,0,100,100,55,10,9
"7","M_sativa_ZM1","M_sativa_ZM1_Chr08",15,31,26,11,4,0,72,72,43.0555555555556,15.2777777777778,5.55555555555556
"7","M_sativa_ZM1","M_sativa_ZM1_Chr08",16,32,12,8,0,0,52,52,61.5384615384615,15.3846153846154,0
"7","M_sativa_ZM1","M_sativa_ZM1_Chr08",17,46,12,13,9,0,80,80,57.5,16.25,11.25
"7","M_sativa_ZM1","M_sativa_ZM1_Chr08",18,59,11,13,7,0,90,90,65.5555555555556,14.4444444444444,7.77777777777778
"7","M_sativa_ZM1","M_sativa_ZM1_Chr08",19,56,20,10,4,0,90,90,62.2222222222222,11.1111111111111,4.44444444444444
"7","M_sativa_ZM1","M_sativa_ZM1_Chr08",20,53,9,4,6,0,72,72,73.6111111111111,5.55555555555556,8.33333333333333
"7","M_sativa_ZM1","M_sativa_ZM1_Chr08",21,49,10,7,6,0,72,72,68.0555555555556,9.72222222222222,8.33333333333333
"7","M_sativa_ZM1","M_sativa_ZM1_Chr08",22,32,15,3,1,0,51,51,62.7450980392157,5.88235294117647,1.96078431372549
"7","M_sativa_ZM1","M_sativa_ZM1_Chr08",23,31,5,13,1,0,50,50,62,26,2
"7","M_sativa_ZM1","M_sativa_ZM1_Chr08",24,39,9,10,5,0,63,63,61.9047619047619,15.8730158730159,7.93650793650794
"7","M_sativa_ZM1","M_sativa_ZM1_Chr08",25,48,22,7,7,0,84,84,57.1428571428571,8.33333333333333,8.33333333333333
"7","M_sativa_ZM1","M_sativa_ZM1_Chr08",26,40,18,8,5,0,71,71,56.3380281690141,11.2676056338028,7.04225352112676
"7","M_sativa_ZM1","M_sativa_ZM1_Chr08",27,55,7,7,7,0,76,76,72.3684210526316,9.21052631578947,9.21052631578947
"7","M_sativa_ZM1","M_sativa_ZM1_Chr08",28,34,12,16,7,0,69,69,49.2753623188406,23.1884057971014,10.1449275362319
"7","M_sativa_ZM1","M_sativa_ZM1_Chr08",29,47,21,4,7,0,79,79,59.4936708860759,5.06329113924051,8.86075949367089
"7","M_sativa_ZM1","M_sativa_ZM1_Chr08",30,40,25,6,8,0,79,79,50.6329113924051,7.59493670886076,10.126582278481
"7","M_sativa_ZM1","M_sativa_ZM1_Chr08",31,67,20,11,7,0,105,105,63.8095238095238,10.4761904761905,6.66666666666667
"7","M_sativa_ZM1","M_sativa_ZM1_Chr08",32,47,19,8,7,0,81,81,58.0246913580247,9.87654320987654,8.64197530864197
"7","M_sativa_ZM1","M_sativa_ZM1_Chr08",33,37,6,1,4,0,48,48,77.0833333333333,2.08333333333333,8.33333333333333
"7","M_sativa_ZM1","M_sativa_ZM1_Chr08",34,46,9,5,3,0,63,63,73.015873015873,7.93650793650794,4.76190476190476
"7","M_sativa_ZM1","M_sativa_ZM1_Chr08",35,41,13,9,7,0,70,70,58.5714285714286,12.8571428571429,10
"7","M_sativa_ZM1","M_sativa_ZM1_Chr08",36,36,14,0,2,0,52,52,69.2307692307692,0,3.84615384615385
"7","M_sativa_ZM1","M_sativa_ZM1_Chr08",37,35,18,6,13,0,72,72,48.6111111111111,8.33333333333333,18.0555555555556
"7","M_sativa_ZM1","M_sativa_ZM1_Chr08",38,25,16,1,4,0,46,46,54.3478260869565,2.17391304347826,8.69565217391304
"7","M_sativa_ZM1","M_sativa_ZM1_Chr08",39,31,17,9,9,0,66,66,46.969696969697,13.6363636363636,13.6363636363636
"7","M_sativa_ZM1","M_sativa_ZM1_Chr08",40,45,14,4,7,0,70,70,64.2857142857143,5.71428571428571,10
"7","M_sativa_ZM1","M_sativa_ZM1_Chr08",41,31,17,1,1,0,50,50,62,2,2
"7","M_sativa_ZM1","M_sativa_ZM1_Chr08",42,23,8,10,11,0,52,52,44.2307692307692,19.2307692307692,21.1538461538462
"7","M_sativa_ZM1","M_sativa_ZM1_Chr08",43,10,9,5,12,0,36,36,27.7777777777778,13.8888888888889,33.3333333333333
"7","M_sativa_ZM1","M_sativa_ZM1_Chr08",44,24,6,8,11,0,49,49,48.9795918367347,16.3265306122449,22.4489795918367
"7","M_sativa_ZM1","M_sativa_ZM1_Chr08",45,23,9,22,26,0,80,80,28.75,27.5,32.5
"7","M_sativa_ZM1","M_sativa_ZM1_Chr08",46,17,2,19,21,0,59,59,28.8135593220339,32.2033898305085,35.5932203389831
"7","M_sativa_ZM1","M_sativa_ZM1_Chr08",47,23,6,3,17,0,49,49,46.9387755102041,6.12244897959184,34.6938775510204
"7","M_sativa_ZM1","M_sativa_ZM1_Chr08",48,31,6,17,20,0,74,74,41.8918918918919,22.972972972973,27.027027027027
"7","M_sativa_ZM1","M_sativa_ZM1_Chr08",49,34,3,18,18,0,73,73,46.5753424657534,24.6575342465753,24.6575342465753
"7","M_sativa_ZM1","M_sativa_ZM1_Chr08",50,34,6,14,21,0,75,75,45.3333333333333,18.6666666666667,28
"7","M_sativa_ZM1","M_sativa_ZM1_Chr08",51,33,12,12,19,0,76,76,43.4210526315789,15.7894736842105,25
"7","M_sativa_ZM1","M_sativa_ZM1_Chr08",52,44,7,19,35,0,105,105,41.9047619047619,18.0952380952381,33.3333333333333
"7","M_sativa_ZM1","M_sativa_ZM1_Chr08",53,20,8,9,14,0,51,51,39.2156862745098,17.6470588235294,27.4509803921569
"7","M_sativa_ZM1","M_sativa_ZM1_Chr08",54,35,8,10,40,0,93,93,37.6344086021505,10.752688172043,43.010752688172
"7","M_sativa_ZM1","M_sativa_ZM1_Chr08",55,32,5,7,18,0,62,62,51.6129032258064,11.2903225806452,29.0322580645161
"7","M_sativa_ZM1","M_sativa_ZM1_Chr08",56,40,5,13,29,0,87,87,45.9770114942529,14.9425287356322,33.3333333333333
"7","M_sativa_ZM1","M_sativa_ZM1_Chr08",57,31,4,15,20,0,70,70,44.2857142857143,21.4285714285714,28.5714285714286
"7","M_sativa_ZM1","M_sativa_ZM1_Chr08",58,39,3,10,26,0,79,78,50,12.8205128205128,33.3333333333333
"7","M_sativa_ZM1","M_sativa_ZM1_Chr08",59,29,9,13,24,0,75,75,38.6666666666667,17.3333333333333,32
"7","M_sativa_ZM1","M_sativa_ZM1_Chr08",60,36,5,11,24,0,76,76,47.3684210526316,14.4736842105263,31.5789473684211
"7","M_sativa_ZM1","M_sativa_ZM1_Chr08",61,56,4,10,18,0,89,88,63.6363636363636,11.3636363636364,20.4545454545455
"7","M_sativa_ZM1","M_sativa_ZM1_Chr08",62,50,8,16,32,0,106,106,47.1698113207547,15.0943396226415,30.188679245283
"7","M_sativa_ZM1","M_sativa_ZM1_Chr08",63,40,2,13,32,0,87,87,45.9770114942529,14.9425287356322,36.7816091954023
"7","M_sativa_ZM1","M_sativa_ZM1_Chr08",64,37,4,8,23,0,72,72,51.3888888888889,11.1111111111111,31.9444444444444
"7","M_sativa_ZM1","M_sativa_ZM1_Chr08",65,41,1,8,17,0,67,67,61.1940298507463,11.9402985074627,25.3731343283582
"7","M_sativa_ZM1","M_sativa_ZM1_Chr08",66,46,8,5,25,0,84,84,54.7619047619048,5.95238095238095,29.7619047619048
"7","M_sativa_ZM1","M_sativa_ZM1_Chr08",67,44,7,6,17,0,74,74,59.4594594594595,8.10810810810811,22.972972972973
"7","M_sativa_ZM1","M_sativa_ZM1_Chr08",68,42,3,10,31,0,86,86,48.8372093023256,11.6279069767442,36.046511627907
"7","M_sativa_ZM1","M_sativa_ZM1_Chr08",69,46,7,7,20,0,80,80,57.5,8.75,25
"7","M_sativa_ZM1","M_sativa_ZM1_Chr08",70,54,10,16,20,0,100,100,54,16,20
"7","M_sativa_ZM1","M_sativa_ZM1_Chr08",71,50,8,13,38,0,109,109,45.8715596330275,11.9266055045872,34.8623853211009
"7","M_sativa_ZM1","M_sativa_ZM1_Chr08",72,71,2,10,20,0,103,103,68.9320388349515,9.70873786407767,19.4174757281553
"7","M_sativa_ZM1","M_sativa_ZM1_Chr08",73,55,5,17,34,0,111,111,49.5495495495495,15.3153153153153,30.6306306306306
"7","M_sativa_ZM1","M_sativa_ZM1_Chr08",74,61,6,12,29,0,108,108,56.4814814814815,11.1111111111111,26.8518518518519
"7","M_sativa_ZM1","M_sativa_ZM1_Chr08",75,38,6,20,31,0,95,95,40,21.0526315789474,32.6315789473684
"7","M_sativa_ZM1","M_sativa_ZM1_Chr08",76,54,3,23,15,0,95,95,56.8421052631579,24.2105263157895,15.7894736842105
"7","M_sativa_ZM1","M_sativa_ZM1_Chr08",77,45,9,14,44,0,112,112,40.1785714285714,12.5,39.2857142857143
"7","M_sativa_ZM1","M_sativa_ZM1_Chr08",78,44,6,11,37,0,98,98,44.8979591836735,11.2244897959184,37.7551020408163
"7","M_sativa_ZM1","M_sativa_ZM1_Chr08",79,54,4,12,34,0,105,104,51.9230769230769,11.5384615384615,32.6923076923077
"7","M_sativa_ZM1","M_sativa_ZM1_Chr08",80,54,4,19,19,0,96,96,56.25,19.7916666666667,19.7916666666667
"7","M_sativa_ZM1","M_sativa_ZM1_Chr08",81,61,8,11,22,0,102,102,59.8039215686275,10.7843137254902,21.5686274509804
"7","M_sativa_ZM1","M_sativa_ZM1_Chr08",82,50,13,7,39,0,109,109,45.8715596330275,6.42201834862385,35.7798165137615
"7","M_sativa_ZM1","M_sativa_ZM1_Chr08",83,44,7,18,33,0,102,102,43.1372549019608,17.6470588235294,32.3529411764706
"7","M_sativa_ZM1","M_sativa_ZM1_Chr08",84,52,4,11,45,0,112,112,46.4285714285714,9.82142857142857,40.1785714285714
"7","M_sativa_ZM1","M_sativa_ZM1_Chr08",85,56,11,18,46,0,131,131,42.7480916030534,13.7404580152672,35.1145038167939
"7","M_sativa_ZM1","M_sativa_ZM1_Chr08",86,31,11,15,49,0,106,106,29.2452830188679,14.1509433962264,46.2264150943396
"7","M_sativa_ZM1","M_sativa_ZM1_Chr08",87,43,11,3,24,0,81,81,53.0864197530864,3.7037037037037,29.6296296296296
"7","M_sativa_ZM1","M_sativa_ZM1_Chr08",88,75,13,11,24,0,123,123,60.9756097560976,8.94308943089431,19.5121951219512
"7","M_sativa_ZM1","M_sativa_ZM1_Chr08",89,58,9,21,45,0,134,133,43.609022556391,15.7894736842105,33.8345864661654
"7","M_sativa_ZM1","M_sativa_ZM1_Chr08",90,39,7,20,9,0,75,75,52,26.6666666666667,12
"8","M_sativa_ZM4_hap4","M_sativa_ZM4_hap4_Chr01",0,25,20,4,3,0,52,52,48.0769230769231,7.69230769230769,5.76923076923077
"8","M_sativa_ZM4_hap4","M_sativa_ZM4_hap4_Chr01",1,34,20,11,8,0,75,73,46.5753424657534,15.0684931506849,10.958904109589
"8","M_sativa_ZM4_hap4","M_sativa_ZM4_hap4_Chr01",2,43,28,10,51,0,183,132,32.5757575757576,7.57575757575758,38.6363636363636
"8","M_sativa_ZM4_hap4","M_sativa_ZM4_hap4_Chr01",3,59,10,15,54,0,181,138,42.7536231884058,10.8695652173913,39.1304347826087
"8","M_sativa_ZM4_hap4","M_sativa_ZM4_hap4_Chr01",4,41,6,33,148,0,357,228,17.9824561403509,14.4736842105263,64.9122807017544
"8","M_sativa_ZM4_hap4","M_sativa_ZM4_hap4_Chr01",5,40,16,29,147,0,351,232,17.2413793103448,12.5,63.3620689655172
"8","M_sativa_ZM4_hap4","M_sativa_ZM4_hap4_Chr01",6,18,20,50,143,0,360,231,7.79220779220779,21.6450216450216,61.9047619047619
"8","M_sativa_ZM4_hap4","M_sativa_ZM4_hap4_Chr01",7,52,13,20,138,0,339,223,23.3183856502242,8.96860986547085,61.8834080717489
"8","M_sativa_ZM4_hap4","M_sativa_ZM4_hap4_Chr01",8,51,9,25,132,0,330,217,23.5023041474654,11.5207373271889,60.8294930875576
"8","M_sativa_ZM4_hap4","M_sativa_ZM4_hap4_Chr01",9,49,16,12,137,0,317,214,22.8971962616822,5.60747663551402,64.018691588785
"8","M_sativa_ZM4_hap4","M_sativa_ZM4_hap4_Chr01",10,59,8,13,118,0,309,198,29.7979797979798,6.56565656565657,59.5959595959596
"8","M_sativa_ZM4_hap4","M_sativa_ZM4_hap4_Chr01",11,48,14,12,132,0,324,206,23.3009708737864,5.8252427184466,64.0776699029126
"8","M_sativa_ZM4_hap4","M_sativa_ZM4_hap4_Chr01",12,24,19,26,128,0,313,197,12.1827411167513,13.1979695431472,64.9746192893401
"8","M_sativa_ZM4_hap4","M_sativa_ZM4_hap4_Chr01",13,33,17,22,114,0,284,186,17.741935483871,11.8279569892473,61.2903225806452
"8","M_sativa_ZM4_hap4","M_sativa_ZM4_hap4_Chr01",14,21,33,13,116,0,299,183,11.4754098360656,7.10382513661202,63.3879781420765
"8","M_sativa_ZM4_hap4","M_sativa_ZM4_hap4_Chr01",15,16,28,29,114,0,297,187,8.55614973262032,15.5080213903743,60.9625668449198
"8","M_sativa_ZM4_hap4","M_sativa_ZM4_hap4_Chr01",16,9,34,19,114,0,284,176,5.11363636363636,10.7954545454545,64.7727272727273
"8","M_sativa_ZM4_hap4","M_sativa_ZM4_hap4_Chr01",17,0,1,1,112,0,216,114,0,0.87719298245614,98.2456140350877
"8","M_sativa_ZM4_hap4","M_sativa_ZM4_hap4_Chr01",18,29,30,6,116,0,289,181,16.0220994475138,3.31491712707182,64.0883977900553
"8","M_sativa_ZM4_hap4","M_sativa_ZM4_hap4_Chr01",19,34,23,15,120,0,278,192,17.7083333333333,7.8125,62.5
"8","M_sativa_ZM4_hap4","M_sativa_ZM4_hap4_Chr01",20,29,32,11,124,0,329,196,14.7959183673469,5.61224489795918,63.265306122449
"8","M_sativa_ZM4_hap4","M_sativa_ZM4_hap4_Chr01",21,26,21,19,112,0,263,178,14.6067415730337,10.6741573033708,62.9213483146067
"8","M_sativa_ZM4_hap4","M_sativa_ZM4_hap4_Chr01",22,20,5,18,122,0,258,165,12.1212121212121,10.9090909090909,73.9393939393939
"8","M_sativa_ZM4_hap4","M_sativa_ZM4_hap4_Chr01",23,15,16,24,110,0,263,165,9.09090909090909,14.5454545454545,66.6666666666667
"8","M_sativa_ZM4_hap4","M_sativa_ZM4_hap4_Chr01",24,15,4,10,72,0,186,101,14.8514851485149,9.9009900990099,71.2871287128713
"8","M_sativa_ZM4_hap4","M_sativa_ZM4_hap4_Chr01",25,1,0,0,92,0,186,93,1.0752688172043,0,98.9247311827957
"8","M_sativa_ZM4_hap4","M_sativa_ZM4_hap4_Chr01",26,11,14,23,88,0,222,136,8.08823529411765,16.9117647058824,64.7058823529412
"8","M_sativa_ZM4_hap4","M_sativa_ZM4_hap4_Chr01",27,21,25,17,47,0,141,110,19.0909090909091,15.4545454545455,42.7272727272727
"8","M_sativa_ZM4_hap4","M_sativa_ZM4_hap4_Chr01",28,26,12,4,75,0,169,117,22.2222222222222,3.41880341880342,64.1025641025641
"8","M_sativa_ZM4_hap4","M_sativa_ZM4_hap4_Chr01",29,28,13,10,108,0,255,159,17.6100628930818,6.28930817610063,67.9245283018868
"8","M_sativa_ZM4_hap4","M_sativa_ZM4_hap4_Chr01",30,32,28,8,110,0,262,178,17.9775280898876,4.49438202247191,61.7977528089888
"8","M_sativa_ZM4_hap4","M_sativa_ZM4_hap4_Chr01",31,24,17,6,80,0,209,127,18.8976377952756,4.7244094488189,62.992125984252
"8","M_sativa_ZM4_hap4","M_sativa_ZM4_hap4_Chr01",32,27,20,9,96,0,246,152,17.7631578947368,5.92105263157895,63.1578947368421
"8","M_sativa_ZM4_hap4","M_sativa_ZM4_hap4_Chr01",33,19,21,11,117,0,284,168,11.3095238095238,6.54761904761905,69.6428571428571
"8","M_sativa_ZM4_hap4","M_sativa_ZM4_hap4_Chr01",34,25,23,5,109,0,269,162,15.4320987654321,3.08641975308642,67.2839506172839
"8","M_sativa_ZM4_hap4","M_sativa_ZM4_hap4_Chr01",35,31,27,9,114,0,268,181,17.1270718232044,4.97237569060773,62.9834254143646
"8","M_sativa_ZM4_hap4","M_sativa_ZM4_hap4_Chr01",36,29,23,8,91,0,233,151,19.205298013245,5.29801324503311,60.2649006622517
"8","M_sativa_ZM4_hap4","M_sativa_ZM4_hap4_Chr01",37,26,14,4,99,0,232,143,18.1818181818182,2.7972027972028,69.2307692307692
"8","M_sativa_ZM4_hap4","M_sativa_ZM4_hap4_Chr01",38,21,27,11,91,0,259,150,14,7.33333333333333,60.6666666666667
"8","M_sativa_ZM4_hap4","M_sativa_ZM4_hap4_Chr01",39,3,3,1,64,0,142,71,4.22535211267606,1.40845070422535,90.1408450704225
"8","M_sativa_ZM4_hap4","M_sativa_ZM4_hap4_Chr01",40,0,0,0,40,0,94,40,0,0,100
"8","M_sativa_ZM4_hap4","M_sativa_ZM4_hap4_Chr01",41,3,0,1,47,0,86,51,5.88235294117647,1.96078431372549,92.156862745098
"8","M_sativa_ZM4_hap4","M_sativa_ZM4_hap4_Chr01",42,3,0,0,30,0,62,33,9.09090909090909,0,90.9090909090909
"8","M_sativa_ZM4_hap4","M_sativa_ZM4_hap4_Chr01",43,3,3,0,6,0,18,12,25,0,50
"8","M_sativa_ZM4_hap4","M_sativa_ZM4_hap4_Chr01",45,0,0,1,35,0,67,36,0,2.77777777777778,97.2222222222222
"8","M_sativa_ZM4_hap4","M_sativa_ZM4_hap4_Chr01",46,7,1,1,16,0,48,25,28,4,64
"8","M_sativa_ZM4_hap4","M_sativa_ZM4_hap4_Chr01",47,30,17,12,37,0,112,96,31.25,12.5,38.5416666666667
"8","M_sativa_ZM4_hap4","M_sativa_ZM4_hap4_Chr01",48,25,13,6,39,0,113,83,30.1204819277108,7.2289156626506,46.9879518072289
"8","M_sativa_ZM4_hap4","M_sativa_ZM4_hap4_Chr01",49,24,14,6,74,0,177,118,20.3389830508475,5.08474576271186,62.7118644067797
"8","M_sativa_ZM4_hap4","M_sativa_ZM4_hap4_Chr01",50,18,18,14,63,0,162,113,15.929203539823,12.3893805309735,55.7522123893805
"8","M_sativa_ZM4_hap4","M_sativa_ZM4_hap4_Chr01",51,26,15,12,64,0,176,117,22.2222222222222,10.2564102564103,54.7008547008547
"8","M_sativa_ZM4_hap4","M_sativa_ZM4_hap4_Chr01",52,22,28,5,105,0,235,160,13.75,3.125,65.625
"8","M_sativa_ZM4_hap4","M_sativa_ZM4_hap4_Chr01",53,32,24,14,83,0,237,153,20.9150326797386,9.15032679738562,54.2483660130719
"8","M_sativa_ZM4_hap4","M_sativa_ZM4_hap4_Chr01",54,18,21,9,103,0,251,151,11.9205298013245,5.96026490066225,68.2119205298013
"8","M_sativa_ZM4_hap4","M_sativa_ZM4_hap4_Chr01",55,30,25,8,109,0,274,172,17.4418604651163,4.65116279069767,63.3720930232558
"8","M_sativa_ZM4_hap4","M_sativa_ZM4_hap4_Chr01",56,19,50,13,104,0,291,186,10.2150537634409,6.98924731182796,55.9139784946237
"8","M_sativa_ZM4_hap4","M_sativa_ZM4_hap4_Chr01",57,22,34,10,113,0,258,179,12.2905027932961,5.58659217877095,63.1284916201117
"8","M_sativa_ZM4_hap4","M_sativa_ZM4_hap4_Chr01",58,35,31,4,120,0,309,190,18.4210526315789,2.10526315789474,63.1578947368421
"8","M_sativa_ZM4_hap4","M_sativa_ZM4_hap4_Chr01",59,16,38,9,125,0,286,188,8.51063829787234,4.78723404255319,66.4893617021277
"8","M_sativa_ZM4_hap4","M_sativa_ZM4_hap4_Chr01",60,26,42,7,135,0,302,210,12.3809523809524,3.33333333333333,64.2857142857143
"8","M_sativa_ZM4_hap4","M_sativa_ZM4_hap4_Chr01",61,27,33,7,136,0,303,203,13.3004926108374,3.44827586206897,66.9950738916256
"8","M_sativa_ZM4_hap4","M_sativa_ZM4_hap4_Chr01",62,34,37,8,107,0,295,186,18.2795698924731,4.3010752688172,57.5268817204301
"8","M_sativa_ZM4_hap4","M_sativa_ZM4_hap4_Chr01",63,17,37,7,131,0,282,192,8.85416666666667,3.64583333333333,68.2291666666667
"8","M_sativa_ZM4_hap4","M_sativa_ZM4_hap4_Chr01",64,38,39,3,118,0,307,198,19.1919191919192,1.51515151515152,59.5959595959596
"8","M_sativa_ZM4_hap4","M_sativa_ZM4_hap4_Chr01",65,25,36,4,123,0,302,188,13.2978723404255,2.12765957446809,65.4255319148936
"8","M_sativa_ZM4_hap4","M_sativa_ZM4_hap4_Chr01",66,27,32,13,129,0,318,201,13.4328358208955,6.46766169154229,64.1791044776119
"8","M_sativa_ZM4_hap4","M_sativa_ZM4_hap4_Chr01",67,28,35,7,126,0,302,196,14.2857142857143,3.57142857142857,64.2857142857143
"8","M_sativa_ZM4_hap4","M_sativa_ZM4_hap4_Chr01",68,26,39,6,133,0,302,204,12.7450980392157,2.94117647058824,65.1960784313726
"8","M_sativa_ZM4_hap4","M_sativa_ZM4_hap4_Chr01",69,33,26,4,131,0,319,194,17.0103092783505,2.06185567010309,67.5257731958763
"8","M_sativa_ZM4_hap4","M_sativa_ZM4_hap4_Chr01",70,34,37,20,139,0,352,230,14.7826086956522,8.69565217391304,60.4347826086956
"8","M_sativa_ZM4_hap4","M_sativa_ZM4_hap4_Chr01",71,37,38,10,120,0,328,205,18.0487804878049,4.8780487804878,58.5365853658537
"8","M_sativa_ZM4_hap4","M_sativa_ZM4_hap4_Chr01",72,45,26,17,145,0,361,233,19.31330472103,7.29613733905579,62.2317596566524
"8","M_sativa_ZM4_hap4","M_sativa_ZM4_hap4_Chr01",73,35,51,13,153,0,375,252,13.8888888888889,5.15873015873016,60.7142857142857
"8","M_sativa_ZM4_hap4","M_sativa_ZM4_hap4_Chr01",74,31,40,10,152,0,385,233,13.3047210300429,4.29184549356223,65.2360515021459
"8","M_sativa_ZM4_hap4","M_sativa_ZM4_hap4_Chr01",75,42,38,7,149,0,370,236,17.7966101694915,2.96610169491525,63.135593220339
"8","M_sativa_ZM4_hap4","M_sativa_ZM4_hap4_Chr01",76,33,41,6,145,0,362,225,14.6666666666667,2.66666666666667,64.4444444444444
"8","M_sativa_ZM4_hap4","M_sativa_ZM4_hap4_Chr01",77,32,50,24,130,0,358,236,13.5593220338983,10.1694915254237,55.0847457627119
"8","M_sativa_ZM4_hap4","M_sativa_ZM4_hap4_Chr01",78,40,22,13,133,0,343,208,19.2307692307692,6.25,63.9423076923077
"8","M_sativa_ZM4_hap4","M_sativa_ZM4_hap4_Chr01",79,25,35,13,156,0,346,229,10.9170305676856,5.67685589519651,68.1222707423581
"8","M_sativa_ZM4_hap4","M_sativa_ZM4_hap4_Chr01",80,42,32,6,131,0,321,211,19.9052132701422,2.8436018957346,62.085308056872
"8","M_sativa_ZM4_hap4","M_sativa_ZM4_hap4_Chr01",81,35,30,20,162,0,374,247,14.17004048583,8.09716599190283,65.587044534413
"8","M_sativa_ZM4_hap4","M_sativa_ZM4_hap4_Chr01",82,33,30,10,126,0,328,199,16.5829145728643,5.0251256281407,63.3165829145729
"8","M_sativa_ZM4_hap4","M_sativa_ZM4_hap4_Chr01",83,54,41,17,127,0,357,239,22.5941422594142,7.11297071129707,53.1380753138075
"8","M_sativa_ZM4_hap4","M_sativa_ZM4_hap4_Chr01",84,39,39,23,137,0,367,238,16.3865546218487,9.66386554621849,57.563025210084
"8","M_sativa_ZM4_hap4","M_sativa_ZM4_hap4_Chr01",85,35,34,13,143,0,366,225,15.5555555555556,5.77777777777778,63.5555555555556
"8","M_sativa_ZM4_hap4","M_sativa_ZM4_hap4_Chr01",86,52,37,10,146,0,372,245,21.2244897959184,4.08163265306122,59.5918367346939
"8","M_sativa_ZM4_hap4","M_sativa_ZM4_hap4_Chr01",87,42,31,8,138,0,355,219,19.1780821917808,3.65296803652968,63.013698630137
"8","M_sativa_ZM4_hap4","M_sativa_ZM4_hap4_Chr01",88,61,28,13,145,0,392,247,24.6963562753036,5.26315789473684,58.7044534412955
"8","M_sativa_ZM4_hap4","M_sativa_ZM4_hap4_Chr01",89,39,34,11,157,0,387,241,16.1825726141079,4.5643153526971,65.1452282157676
"8","M_sativa_ZM4_hap4","M_sativa_ZM4_hap4_Chr01",90,42,40,13,156,0,371,251,16.7330677290837,5.1792828685259,62.1513944223108
"8","M_sativa_ZM4_hap4","M_sativa_ZM4_hap4_Chr01",91,50,31,9,167,0,382,257,19.4552529182879,3.50194552529183,64.9805447470817
"8","M_sativa_ZM4_hap4","M_sativa_ZM4_hap4_Chr01",92,46,24,19,129,0,326,218,21.1009174311927,8.71559633027523,59.1743119266055
"8","M_sativa_ZM4_hap4","M_sativa_ZM4_hap4_Chr01",93,48,18,14,95,0,270,175,27.4285714285714,8,54.2857142857143
"8","M_sativa_ZM4_hap4","M_sativa_ZM4_hap4_Chr02",0,53,20,15,154,0,373,242,21.900826446281,6.19834710743802,63.6363636363636
"8","M_sativa_ZM4_hap4","M_sativa_ZM4_hap4_Chr02",1,48,6,14,144,0,323,212,22.6415094339623,6.60377358490566,67.9245283018868
"8","M_sativa_ZM4_hap4","M_sativa_ZM4_hap4_Chr02",2,47,28,12,145,0,350,232,20.2586206896552,5.17241379310345,62.5
"8","M_sativa_ZM4_hap4","M_sativa_ZM4_hap4_Chr02",3,44,50,16,157,0,415,267,16.4794007490637,5.99250936329588,58.8014981273408
"8","M_sativa_ZM4_hap4","M_sativa_ZM4_hap4_Chr02",4,17,59,21,133,0,351,230,7.39130434782609,9.1304347826087,57.8260869565217
"8","M_sativa_ZM4_hap4","M_sativa_ZM4_hap4_Chr02",5,29,20,38,126,0,342,213,13.6150234741784,17.8403755868545,59.1549295774648
"8","M_sativa_ZM4_hap4","M_sativa_ZM4_hap4_Chr02",6,29,35,19,128,0,338,211,13.7440758293839,9.00473933649289,60.6635071090047
"8","M_sativa_ZM4_hap4","M_sativa_ZM4_hap4_Chr02",7,40,9,34,141,0,348,224,17.8571428571429,15.1785714285714,62.9464285714286
"8","M_sativa_ZM4_hap4","M_sativa_ZM4_hap4_Chr02",8,45,19,25,122,0,338,211,21.3270142180095,11.8483412322275,57.8199052132701
"8","M_sativa_ZM4_hap4","M_sativa_ZM4_hap4_Chr02",9,48,19,27,136,0,369,230,20.8695652173913,11.7391304347826,59.1304347826087
"8","M_sativa_ZM4_hap4","M_sativa_ZM4_hap4_Chr02",10,46,18,21,164,0,375,249,18.4738955823293,8.43373493975904,65.863453815261
"8","M_sativa_ZM4_hap4","M_sativa_ZM4_hap4_Chr02",11,54,12,8,124,0,319,198,27.2727272727273,4.04040404040404,62.6262626262626
"8","M_sativa_ZM4_hap4","M_sativa_ZM4_hap4_Chr02",12,66,6,8,133,0,332,213,30.9859154929577,3.75586854460094,62.4413145539906
"8","M_sativa_ZM4_hap4","M_sativa_ZM4_hap4_Chr02",13,63,16,8,133,0,328,220,28.6363636363636,3.63636363636364,60.4545454545455
"8","M_sativa_ZM4_hap4","M_sativa_ZM4_hap4_Chr02",14,51,15,5,128,0,312,199,25.6281407035176,2.51256281407035,64.321608040201
"8","M_sativa_ZM4_hap4","M_sativa_ZM4_hap4_Chr02",15,52,8,15,129,0,321,204,25.4901960784314,7.35294117647059,63.2352941176471
"8","M_sativa_ZM4_hap4","M_sativa_ZM4_hap4_Chr02",16,48,8,7,120,0,298,183,26.2295081967213,3.82513661202186,65.5737704918033
"8","M_sativa_ZM4_hap4","M_sativa_ZM4_hap4_Chr02",17,59,15,5,118,0,298,197,29.9492385786802,2.53807106598985,59.8984771573604
"8","M_sativa_ZM4_hap4","M_sativa_ZM4_hap4_Chr02",18,45,9,8,117,0,284,179,25.1396648044693,4.46927374301676,65.3631284916201
"8","M_sativa_ZM4_hap4","M_sativa_ZM4_hap4_Chr02",19,45,7,10,139,0,309,201,22.3880597014925,4.97512437810945,69.1542288557214
"8","M_sativa_ZM4_hap4","M_sativa_ZM4_hap4_Chr02",20,54,15,6,127,0,307,202,26.7326732673267,2.97029702970297,62.8712871287129
"8","M_sativa_ZM4_hap4","M_sativa_ZM4_hap4_Chr02",21,46,11,11,137,0,317,205,22.4390243902439,5.36585365853659,66.8292682926829
"8","M_sativa_ZM4_hap4","M_sativa_ZM4_hap4_Chr02",22,61,16,10,119,0,329,206,29.6116504854369,4.85436893203883,57.7669902912621
"8","M_sativa_ZM4_hap4","M_sativa_ZM4_hap4_Chr02",23,35,12,11,105,0,258,163,21.4723926380368,6.74846625766871,64.4171779141104
"8","M_sativa_ZM4_hap4","M_sativa_ZM4_hap4_Chr02",24,37,12,14,113,0,266,176,21.0227272727273,7.95454545454545,64.2045454545455
"8","M_sativa_ZM4_hap4","M_sativa_ZM4_hap4_Chr02",25,26,17,9,98,0,248,150,17.3333333333333,6,65.3333333333333
"8","M_sativa_ZM4_hap4","M_sativa_ZM4_hap4_Chr02",26,34,8,13,107,0,248,162,20.9876543209877,8.02469135802469,66.0493827160494
"8","M_sativa_ZM4_hap4","M_sativa_ZM4_hap4_Chr02",27,36,8,8,97,0,213,149,24.1610738255034,5.36912751677852,65.1006711409396
"8","M_sativa_ZM4_hap4","M_sativa_ZM4_hap4_Chr02",28,26,12,7,79,0,195,124,20.9677419354839,5.64516129032258,63.7096774193548
"8","M_sativa_ZM4_hap4","M_sativa_ZM4_hap4_Chr02",29,33,13,8,94,0,244,148,22.2972972972973,5.40540540540541,63.5135135135135
"8","M_sativa_ZM4_hap4","M_sativa_ZM4_hap4_Chr02",30,37,5,5,116,0,246,163,22.6993865030675,3.06748466257669,71.1656441717791
"8","M_sativa_ZM4_hap4","M_sativa_ZM4_hap4_Chr02",31,26,19,5,91,0,218,141,18.4397163120567,3.54609929078014,64.5390070921986
"8","M_sativa_ZM4_hap4","M_sativa_ZM4_hap4_Chr02",32,42,14,8,67,0,189,131,32.0610687022901,6.10687022900763,51.1450381679389
"8","M_sativa_ZM4_hap4","M_sativa_ZM4_hap4_Chr02",33,30,8,4,86,0,207,128,23.4375,3.125,67.1875
"8","M_sativa_ZM4_hap4","M_sativa_ZM4_hap4_Chr02",34,28,7,13,90,0,214,138,20.2898550724638,9.42028985507246,65.2173913043478
"8","M_sativa_ZM4_hap4","M_sativa_ZM4_hap4_Chr02",35,32,14,11,92,0,228,149,21.4765100671141,7.38255033557047,61.744966442953
"8","M_sativa_ZM4_hap4","M_sativa_ZM4_hap4_Chr02",36,34,14,5,76,0,210,129,26.3565891472868,3.87596899224806,58.9147286821705
"8","M_sativa_ZM4_hap4","M_sativa_ZM4_hap4_Chr02",37,23,4,12,93,0,193,132,17.4242424242424,9.09090909090909,70.4545454545455
"8","M_sativa_ZM4_hap4","M_sativa_ZM4_hap4_Chr02",38,34,10,10,77,0,188,131,25.9541984732824,7.63358778625954,58.7786259541985
"8","M_sativa_ZM4_hap4","M_sativa_ZM4_hap4_Chr02",39,30,9,10,80,0,195,129,23.2558139534884,7.75193798449612,62.015503875969
"8","M_sativa_ZM4_hap4","M_sativa_ZM4_hap4_Chr02",40,40,8,6,19,0,84,73,54.7945205479452,8.21917808219178,26.027397260274
"8","M_sativa_ZM4_hap4","M_sativa_ZM4_hap4_Chr02",42,1,0,1,4,0,7,6,16.6666666666667,16.6666666666667,66.6666666666667
"8","M_sativa_ZM4_hap4","M_sativa_ZM4_hap4_Chr02",43,4,0,0,4,0,11,8,50,0,50
"8","M_sativa_ZM4_hap4","M_sativa_ZM4_hap4_Chr02",44,9,6,4,7,0,32,26,34.6153846153846,15.3846153846154,26.9230769230769
"8","M_sativa_ZM4_hap4","M_sativa_ZM4_hap4_Chr02",45,27,7,8,39,0,105,81,33.3333333333333,9.87654320987654,48.1481481481481
"8","M_sativa_ZM4_hap4","M_sativa_ZM4_hap4_Chr02",46,24,16,2,81,0,172,123,19.5121951219512,1.6260162601626,65.8536585365854
"8","M_sativa_ZM4_hap4","M_sativa_ZM4_hap4_Chr02",47,20,14,10,73,0,188,117,17.0940170940171,8.54700854700855,62.3931623931624
"8","M_sativa_ZM4_hap4","M_sativa_ZM4_hap4_Chr02",48,25,15,7,64,0,185,111,22.5225225225225,6.30630630630631,57.6576576576577
"8","M_sativa_ZM4_hap4","M_sativa_ZM4_hap4_Chr02",49,21,15,9,87,0,211,132,15.9090909090909,6.81818181818182,65.9090909090909
"8","M_sativa_ZM4_hap4","M_sativa_ZM4_hap4_Chr02",50,49,19,7,71,0,215,146,33.5616438356164,4.79452054794521,48.6301369863014
"8","M_sativa_ZM4_hap4","M_sativa_ZM4_hap4_Chr02",51,38,21,17,86,0,278,162,23.4567901234568,10.4938271604938,53.0864197530864
"8","M_sativa_ZM4_hap4","M_sativa_ZM4_hap4_Chr02",52,27,21,11,129,0,305,188,14.3617021276596,5.85106382978723,68.6170212765958
"8","M_sativa_ZM4_hap4","M_sativa_ZM4_hap4_Chr02",53,36,24,8,104,0,258,172,20.9302325581395,4.65116279069767,60.4651162790698
"8","M_sativa_ZM4_hap4","M_sativa_ZM4_hap4_Chr02",54,21,22,8,75,0,205,126,16.6666666666667,6.34920634920635,59.5238095238095
"8","M_sativa_ZM4_hap4","M_sativa_ZM4_hap4_Chr02",55,44,24,13,104,0,264,185,23.7837837837838,7.02702702702703,56.2162162162162
"8","M_sativa_ZM4_hap4","M_sativa_ZM4_hap4_Chr02",56,38,17,9,121,0,286,185,20.5405405405405,4.86486486486486,65.4054054054054
"8","M_sativa_ZM4_hap4","M_sativa_ZM4_hap4_Chr02",57,17,12,5,108,0,251,142,11.9718309859155,3.52112676056338,76.056338028169
"8","M_sativa_ZM4_hap4","M_sativa_ZM4_hap4_Chr02",58,28,20,6,93,0,217,147,19.047619047619,4.08163265306122,63.265306122449
"8","M_sativa_ZM4_hap4","M_sativa_ZM4_hap4_Chr02",59,4,1,0,70,0,163,75,5.33333333333333,0,93.3333333333333
"8","M_sativa_ZM4_hap4","M_sativa_ZM4_hap4_Chr02",60,17,4,3,42,0,122,66,25.7575757575758,4.54545454545455,63.6363636363636
"8","M_sativa_ZM4_hap4","M_sativa_ZM4_hap4_Chr02",61,22,11,14,60,0,149,107,20.5607476635514,13.0841121495327,56.0747663551402
"8","M_sativa_ZM4_hap4","M_sativa_ZM4_hap4_Chr02",62,22,23,11,93,0,234,149,14.7651006711409,7.38255033557047,62.4161073825503
"8","M_sativa_ZM4_hap4","M_sativa_ZM4_hap4_Chr02",63,31,14,14,108,0,232,167,18.562874251497,8.38323353293413,64.6706586826347
"8","M_sativa_ZM4_hap4","M_sativa_ZM4_hap4_Chr02",64,43,22,9,120,0,303,194,22.1649484536082,4.63917525773196,61.8556701030928
"8","M_sativa_ZM4_hap4","M_sativa_ZM4_hap4_Chr02",65,21,29,7,115,0,276,172,12.2093023255814,4.06976744186047,66.8604651162791
"8","M_sativa_ZM4_hap4","M_sativa_ZM4_hap4_Chr02",66,34,21,14,121,0,292,190,17.8947368421053,7.36842105263158,63.6842105263158
"8","M_sativa_ZM4_hap4","M_sativa_ZM4_hap4_Chr02",67,36,25,16,122,0,308,199,18.0904522613065,8.04020100502512,61.3065326633166
"8","M_sativa_ZM4_hap4","M_sativa_ZM4_hap4_Chr02",68,33,29,13,122,0,299,197,16.751269035533,6.5989847715736,61.9289340101523
"8","M_sativa_ZM4_hap4","M_sativa_ZM4_hap4_Chr02",69,30,24,14,114,0,299,182,16.4835164835165,7.69230769230769,62.6373626373626
"8","M_sativa_ZM4_hap4","M_sativa_ZM4_hap4_Chr02",70,37,32,10,122,0,304,201,18.407960199005,4.97512437810945,60.6965174129353
"8","M_sativa_ZM4_hap4","M_sativa_ZM4_hap4_Chr02",71,29,26,11,119,0,292,185,15.6756756756757,5.94594594594595,64.3243243243243
"8","M_sativa_ZM4_hap4","M_sativa_ZM4_hap4_Chr02",72,25,31,13,140,0,304,209,11.9617224880383,6.2200956937799,66.9856459330144
"8","M_sativa_ZM4_hap4","M_sativa_ZM4_hap4_Chr02",73,50,26,10,120,0,331,206,24.2718446601942,4.85436893203883,58.252427184466
"8","M_sativa_ZM4_hap4","M_sativa_ZM4_hap4_Chr02",74,35,45,13,153,0,356,246,14.2276422764228,5.28455284552845,62.1951219512195
"8","M_sativa_ZM4_hap4","M_sativa_ZM4_hap4_Chr02",75,30,29,13,136,0,330,208,14.4230769230769,6.25,65.3846153846154
"8","M_sativa_ZM4_hap4","M_sativa_ZM4_hap4_Chr02",76,37,34,10,124,0,321,205,18.0487804878049,4.8780487804878,60.4878048780488
"8","M_sativa_ZM4_hap4","M_sativa_ZM4_hap4_Chr02",77,52,31,9,129,0,344,221,23.5294117647059,4.07239819004525,58.3710407239819
"8","M_sativa_ZM4_hap4","M_sativa_ZM4_hap4_Chr02",78,45,38,14,160,0,369,257,17.5097276264591,5.44747081712062,62.2568093385214
"8","M_sativa_ZM4_hap4","M_sativa_ZM4_hap4_Chr02",79,51,32,8,128,0,353,219,23.2876712328767,3.65296803652968,58.4474885844749
"8","M_sativa_ZM4_hap4","M_sativa_ZM4_hap4_Chr02",80,37,25,14,144,0,342,220,16.8181818181818,6.36363636363636,65.4545454545455
"8","M_sativa_ZM4_hap4","M_sativa_ZM4_hap4_Chr02",81,39,38,22,153,0,378,252,15.4761904761905,8.73015873015873,60.7142857142857
"8","M_sativa_ZM4_hap4","M_sativa_ZM4_hap4_Chr02",82,44,7,11,162,0,349,224,19.6428571428571,4.91071428571429,72.3214285714286
"8","M_sativa_ZM4_hap4","M_sativa_ZM4_hap4_Chr02",83,12,11,3,126,0,274,152,7.89473684210526,1.97368421052632,82.8947368421053
"8","M_sativa_ZM4_hap4","M_sativa_ZM4_hap4_Chr02",84,1,0,0,75,0,155,76,1.31578947368421,0,98.6842105263158
"8","M_sativa_ZM4_hap4","M_sativa_ZM4_hap4_Chr02",85,1,0,2,40,0,85,43,2.32558139534884,4.65116279069767,93.0232558139535
"8","M_sativa_ZM4_hap4","M_sativa_ZM4_hap4_Chr02",86,2,0,0,13,0,37,15,13.3333333333333,0,86.6666666666667
"8","M_sativa_ZM4_hap4","M_sativa_ZM4_hap4_Chr03",2,34,10,7,4,0,56,55,61.8181818181818,12.7272727272727,7.27272727272727
"8","M_sativa_ZM4_hap4","M_sativa_ZM4_hap4_Chr03",3,41,10,12,39,0,129,102,40.1960784313725,11.7647058823529,38.2352941176471
"8","M_sativa_ZM4_hap4","M_sativa_ZM4_hap4_Chr03",4,26,12,13,56,0,154,107,24.2990654205607,12.1495327102804,52.3364485981308
"8","M_sativa_ZM4_hap4","M_sativa_ZM4_hap4_Chr03",5,35,34,13,86,0,239,168,20.8333333333333,7.73809523809524,51.1904761904762
"8","M_sativa_ZM4_hap4","M_sativa_ZM4_hap4_Chr03",6,36,28,10,110,0,288,184,19.5652173913043,5.43478260869565,59.7826086956522
"8","M_sativa_ZM4_hap4","M_sativa_ZM4_hap4_Chr03",7,43,17,19,112,0,302,191,22.5130890052356,9.94764397905759,58.6387434554974
"8","M_sativa_ZM4_hap4","M_sativa_ZM4_hap4_Chr03",8,35,23,15,99,0,260,172,20.3488372093023,8.72093023255814,57.5581395348837
"8","M_sativa_ZM4_hap4","M_sativa_ZM4_hap4_Chr03",9,26,27,12,103,0,270,168,15.4761904761905,7.14285714285714,61.3095238095238
"8","M_sativa_ZM4_hap4","M_sativa_ZM4_hap4_Chr03",10,39,18,8,100,0,256,165,23.6363636363636,4.84848484848485,60.6060606060606
"8","M_sativa_ZM4_hap4","M_sativa_ZM4_hap4_Chr03",11,25,13,11,114,0,255,163,15.3374233128834,6.74846625766871,69.9386503067485
"8","M_sativa_ZM4_hap4","M_sativa_ZM4_hap4_Chr03",12,27,25,10,105,0,249,167,16.1676646706587,5.98802395209581,62.874251497006
"8","M_sativa_ZM4_hap4","M_sativa_ZM4_hap4_Chr03",13,42,31,6,76,0,236,155,27.0967741935484,3.87096774193548,49.0322580645161
"8","M_sativa_ZM4_hap4","M_sativa_ZM4_hap4_Chr03",14,35,11,12,91,0,212,149,23.489932885906,8.05369127516779,61.0738255033557
"8","M_sativa_ZM4_hap4","M_sativa_ZM4_hap4_Chr03",15,38,7,18,106,0,248,169,22.4852071005917,10.6508875739645,62.7218934911243
"8","M_sativa_ZM4_hap4","M_sativa_ZM4_hap4_Chr03",16,22,12,10,106,0,240,150,14.6666666666667,6.66666666666667,70.6666666666667
"8","M_sativa_ZM4_hap4","M_sativa_ZM4_hap4_Chr03",17,1,2,2,105,0,204,110,0.909090909090909,1.81818181818182,95.4545454545455
"8","M_sativa_ZM4_hap4","M_sativa_ZM4_hap4_Chr03",18,5,3,2,95,0,200,105,4.76190476190476,1.9047619047619,90.4761904761905
"8","M_sativa_ZM4_hap4","M_sativa_ZM4_hap4_Chr03",19,31,6,7,83,0,189,127,24.4094488188976,5.51181102362205,65.3543307086614
"8","M_sativa_ZM4_hap4","M_sativa_ZM4_hap4_Chr03",20,33,24,6,77,0,179,140,23.5714285714286,4.28571428571429,55
"8","M_sativa_ZM4_hap4","M_sativa_ZM4_hap4_Chr03",21,15,12,3,30,0,78,60,25,5,50
"8","M_sativa_ZM4_hap4","M_sativa_ZM4_hap4_Chr03",22,18,16,6,41,0,124,81,22.2222222222222,7.40740740740741,50.6172839506173
"8","M_sativa_ZM4_hap4","M_sativa_ZM4_hap4_Chr03",23,31,10,12,80,0,198,133,23.3082706766917,9.02255639097744,60.1503759398496
"8","M_sativa_ZM4_hap4","M_sativa_ZM4_hap4_Chr03",24,45,8,14,86,0,232,153,29.4117647058824,9.15032679738562,56.2091503267974
"8","M_sativa_ZM4_hap4","M_sativa_ZM4_hap4_Chr03",25,29,11,10,90,0,201,140,20.7142857142857,7.14285714285714,64.2857142857143
"8","M_sativa_ZM4_hap4","M_sativa_ZM4_hap4_Chr03",26,43,11,13,87,0,226,154,27.9220779220779,8.44155844155844,56.4935064935065
"8","M_sativa_ZM4_hap4","M_sativa_ZM4_hap4_Chr03",27,23,14,14,95,0,225,146,15.7534246575342,9.58904109589041,65.0684931506849
"8","M_sativa_ZM4_hap4","M_sativa_ZM4_hap4_Chr03",28,43,17,7,82,0,228,149,28.8590604026846,4.69798657718121,55.0335570469799
"8","M_sativa_ZM4_hap4","M_sativa_ZM4_hap4_Chr03",29,24,12,12,102,0,212,150,16,8,68
"8","M_sativa_ZM4_hap4","M_sativa_ZM4_hap4_Chr03",30,35,24,8,84,0,240,151,23.1788079470199,5.29801324503311,55.6291390728477
"8","M_sativa_ZM4_hap4","M_sativa_ZM4_hap4_Chr03",31,35,20,7,75,0,203,137,25.5474452554745,5.10948905109489,54.7445255474453
"8","M_sativa_ZM4_hap4","M_sativa_ZM4_hap4_Chr03",32,22,15,3,78,0,184,118,18.6440677966102,2.54237288135593,66.1016949152542
"8","M_sativa_ZM4_hap4","M_sativa_ZM4_hap4_Chr03",33,31,8,6,89,0,215,134,23.134328358209,4.47761194029851,66.4179104477612
"8","M_sativa_ZM4_hap4","M_sativa_ZM4_hap4_Chr03",34,28,11,10,70,0,186,119,23.5294117647059,8.40336134453782,58.8235294117647
"8","M_sativa_ZM4_hap4","M_sativa_ZM4_hap4_Chr03",35,29,12,10,91,0,216,142,20.4225352112676,7.04225352112676,64.0845070422535
"8","M_sativa_ZM4_hap4","M_sativa_ZM4_hap4_Chr03",36,37,11,10,90,0,218,148,25,6.75675675675676,60.8108108108108
"8","M_sativa_ZM4_hap4","M_sativa_ZM4_hap4_Chr03",37,27,11,8,51,0,156,97,27.8350515463918,8.24742268041237,52.5773195876289
"8","M_sativa_ZM4_hap4","M_sativa_ZM4_hap4_Chr03",38,0,0,0,45,0,91,45,0,0,100
"8","M_sativa_ZM4_hap4","M_sativa_ZM4_hap4_Chr03",39,4,0,0,58,0,108,62,6.45161290322581,0,93.5483870967742
"8","M_sativa_ZM4_hap4","M_sativa_ZM4_hap4_Chr03",40,3,1,0,54,0,105,58,5.17241379310345,0,93.1034482758621
"8","M_sativa_ZM4_hap4","M_sativa_ZM4_hap4_Chr03",41,3,0,0,39,0,78,42,7.14285714285714,0,92.8571428571429
"8","M_sativa_ZM4_hap4","M_sativa_ZM4_hap4_Chr03",42,25,7,4,23,0,78,59,42.3728813559322,6.77966101694915,38.9830508474576
"8","M_sativa_ZM4_hap4","M_sativa_ZM4_hap4_Chr03",43,29,11,6,29,0,88,75,38.6666666666667,8,38.6666666666667
"8","M_sativa_ZM4_hap4","M_sativa_ZM4_hap4_Chr03",44,25,20,7,31,0,106,83,30.1204819277108,8.43373493975904,37.3493975903614
"8","M_sativa_ZM4_hap4","M_sativa_ZM4_hap4_Chr03",45,16,28,14,33,0,114,91,17.5824175824176,15.3846153846154,36.2637362637363
"8","M_sativa_ZM4_hap4","M_sativa_ZM4_hap4_Chr03",46,24,12,6,49,0,125,91,26.3736263736264,6.59340659340659,53.8461538461538
"8","M_sativa_ZM4_hap4","M_sativa_ZM4_hap4_Chr03",47,20,12,12,68,0,157,112,17.8571428571429,10.7142857142857,60.7142857142857
"8","M_sativa_ZM4_hap4","M_sativa_ZM4_hap4_Chr03",48,29,12,6,79,0,193,126,23.015873015873,4.76190476190476,62.6984126984127
"8","M_sativa_ZM4_hap4","M_sativa_ZM4_hap4_Chr03",49,40,8,10,80,0,213,138,28.9855072463768,7.2463768115942,57.9710144927536
"8","M_sativa_ZM4_hap4","M_sativa_ZM4_hap4_Chr03",50,23,40,16,93,0,254,172,13.3720930232558,9.30232558139535,54.0697674418605
"8","M_sativa_ZM4_hap4","M_sativa_ZM4_hap4_Chr03",51,23,22,16,85,0,225,146,15.7534246575342,10.958904109589,58.2191780821918
"8","M_sativa_ZM4_hap4","M_sativa_ZM4_hap4_Chr03",52,31,25,13,89,0,251,158,19.620253164557,8.22784810126582,56.3291139240506
"8","M_sativa_ZM4_hap4","M_sativa_ZM4_hap4_Chr03",53,36,25,12,95,0,246,168,21.4285714285714,7.14285714285714,56.5476190476191
"8","M_sativa_ZM4_hap4","M_sativa_ZM4_hap4_Chr03",54,28,17,16,112,0,255,173,16.1849710982659,9.2485549132948,64.7398843930636
"8","M_sativa_ZM4_hap4","M_sativa_ZM4_hap4_Chr03",55,35,14,9,111,0,248,169,20.7100591715976,5.32544378698225,65.6804733727811
"8","M_sativa_ZM4_hap4","M_sativa_ZM4_hap4_Chr03",56,28,28,11,99,0,259,166,16.8674698795181,6.62650602409639,59.6385542168675
"8","M_sativa_ZM4_hap4","M_sativa_ZM4_hap4_Chr03",57,1,0,0,99,0,173,100,1,0,99
"8","M_sativa_ZM4_hap4","M_sativa_ZM4_hap4_Chr03",58,36,17,10,134,0,286,197,18.2741116751269,5.0761421319797,68.0203045685279
"8","M_sativa_ZM4_hap4","M_sativa_ZM4_hap4_Chr03",59,45,23,12,67,0,217,147,30.6122448979592,8.16326530612245,45.578231292517
"8","M_sativa_ZM4_hap4","M_sativa_ZM4_hap4_Chr03",60,38,21,14,92,0,227,165,23.030303030303,8.48484848484848,55.7575757575758
"8","M_sativa_ZM4_hap4","M_sativa_ZM4_hap4_Chr03",61,34,25,9,96,0,246,164,20.7317073170732,5.48780487804878,58.5365853658537
"8","M_sativa_ZM4_hap4","M_sativa_ZM4_hap4_Chr03",62,2,11,5,63,0,138,81,2.46913580246914,6.17283950617284,77.7777777777778
"8","M_sativa_ZM4_hap4","M_sativa_ZM4_hap4_Chr03",63,18,31,11,69,0,174,129,13.953488372093,8.52713178294574,53.4883720930233
"8","M_sativa_ZM4_hap4","M_sativa_ZM4_hap4_Chr03",64,27,33,15,95,0,224,170,15.8823529411765,8.82352941176471,55.8823529411765
"8","M_sativa_ZM4_hap4","M_sativa_ZM4_hap4_Chr03",65,23,19,18,109,0,257,169,13.6094674556213,10.6508875739645,64.4970414201184
"8","M_sativa_ZM4_hap4","M_sativa_ZM4_hap4_Chr03",66,29,15,15,116,0,269,175,16.5714285714286,8.57142857142857,66.2857142857143
"8","M_sativa_ZM4_hap4","M_sativa_ZM4_hap4_Chr03",67,45,24,13,101,0,258,183,24.5901639344262,7.10382513661202,55.1912568306011
"8","M_sativa_ZM4_hap4","M_sativa_ZM4_hap4_Chr03",68,43,16,12,120,0,290,191,22.5130890052356,6.28272251308901,62.82722513089
"8","M_sativa_ZM4_hap4","M_sativa_ZM4_hap4_Chr03",69,30,20,16,123,0,290,189,15.8730158730159,8.46560846560847,65.0793650793651
"8","M_sativa_ZM4_hap4","M_sativa_ZM4_hap4_Chr03",70,35,17,8,114,0,288,174,20.1149425287356,4.59770114942529,65.5172413793103
"8","M_sativa_ZM4_hap4","M_sativa_ZM4_hap4_Chr03",71,30,44,8,118,0,296,200,15,4,59
"8","M_sativa_ZM4_hap4","M_sativa_ZM4_hap4_Chr03",72,29,31,25,105,0,270,190,15.2631578947368,13.1578947368421,55.2631578947368
"8","M_sativa_ZM4_hap4","M_sativa_ZM4_hap4_Chr03",73,35,24,22,120,0,308,201,17.4129353233831,10.9452736318408,59.7014925373134
"8","M_sativa_ZM4_hap4","M_sativa_ZM4_hap4_Chr03",74,41,21,11,116,0,310,189,21.6931216931217,5.82010582010582,61.3756613756614
"8","M_sativa_ZM4_hap4","M_sativa_ZM4_hap4_Chr03",75,56,16,9,129,0,313,210,26.6666666666667,4.28571428571429,61.4285714285714
"8","M_sativa_ZM4_hap4","M_sativa_ZM4_hap4_Chr03",76,62,13,5,115,0,306,195,31.7948717948718,2.56410256410256,58.974358974359
"8","M_sativa_ZM4_hap4","M_sativa_ZM4_hap4_Chr03",77,57,24,19,128,0,328,228,25,8.33333333333333,56.140350877193
"8","M_sativa_ZM4_hap4","M_sativa_ZM4_hap4_Chr03",78,30,30,18,121,0,325,199,15.0753768844221,9.04522613065327,60.8040201005025
"8","M_sativa_ZM4_hap4","M_sativa_ZM4_hap4_Chr03",79,39,16,24,139,0,331,218,17.8899082568807,11.0091743119266,63.7614678899083
"8","M_sativa_ZM4_hap4","M_sativa_ZM4_hap4_Chr03",80,41,30,23,138,0,356,232,17.6724137931034,9.91379310344828,59.4827586206897
"8","M_sativa_ZM4_hap4","M_sativa_ZM4_hap4_Chr03",81,46,24,17,124,0,319,211,21.8009478672986,8.05687203791469,58.7677725118483
"8","M_sativa_ZM4_hap4","M_sativa_ZM4_hap4_Chr03",82,55,20,12,151,0,368,238,23.109243697479,5.04201680672269,63.4453781512605
"8","M_sativa_ZM4_hap4","M_sativa_ZM4_hap4_Chr03",83,56,27,13,131,0,345,227,24.6696035242291,5.72687224669604,57.7092511013216
"8","M_sativa_ZM4_hap4","M_sativa_ZM4_hap4_Chr03",84,48,28,13,140,0,366,229,20.9606986899563,5.67685589519651,61.1353711790393
"8","M_sativa_ZM4_hap4","M_sativa_ZM4_hap4_Chr03",85,42,30,7,133,0,349,212,19.811320754717,3.30188679245283,62.7358490566038
"8","M_sativa_ZM4_hap4","M_sativa_ZM4_hap4_Chr03",86,53,19,29,156,0,399,257,20.6225680933852,11.284046692607,60.7003891050584
"8","M_sativa_ZM4_hap4","M_sativa_ZM4_hap4_Chr03",87,41,28,14,146,0,355,229,17.9039301310044,6.11353711790393,63.7554585152838
"8","M_sativa_ZM4_hap4","M_sativa_ZM4_hap4_Chr03",88,60,18,23,161,0,401,262,22.9007633587786,8.77862595419847,61.4503816793893
"8","M_sativa_ZM4_hap4","M_sativa_ZM4_hap4_Chr03",89,58,19,16,118,0,355,211,27.4881516587678,7.58293838862559,55.9241706161137
"8","M_sativa_ZM4_hap4","M_sativa_ZM4_hap4_Chr03",90,52,11,11,126,0,330,200,26,5.5,63
"8","M_sativa_ZM4_hap4","M_sativa_ZM4_hap4_Chr03",91,53,21,14,157,0,384,245,21.6326530612245,5.71428571428571,64.0816326530612
"8","M_sativa_ZM4_hap4","M_sativa_ZM4_hap4_Chr03",92,54,17,13,153,0,386,237,22.7848101265823,5.48523206751055,64.5569620253165
"8","M_sativa_ZM4_hap4","M_sativa_ZM4_hap4_Chr03",93,51,17,22,149,0,366,239,21.3389121338912,9.20502092050209,62.3430962343096
"8","M_sativa_ZM4_hap4","M_sativa_ZM4_hap4_Chr03",94,35,18,14,144,0,328,211,16.5876777251185,6.63507109004739,68.2464454976303
"8","M_sativa_ZM4_hap4","M_sativa_ZM4_hap4_Chr03",95,53,30,21,140,0,387,244,21.7213114754098,8.60655737704918,57.3770491803279
"8","M_sativa_ZM4_hap4","M_sativa_ZM4_hap4_Chr03",96,55,20,13,120,0,351,208,26.4423076923077,6.25,57.6923076923077
"8","M_sativa_ZM4_hap4","M_sativa_ZM4_hap4_Chr03",97,38,20,7,143,0,339,208,18.2692307692308,3.36538461538462,68.75
"8","M_sativa_ZM4_hap4","M_sativa_ZM4_hap4_Chr03",98,62,22,17,144,0,376,245,25.3061224489796,6.93877551020408,58.7755102040816
"8","M_sativa_ZM4_hap4","M_sativa_ZM4_hap4_Chr03",99,59,15,16,143,0,349,233,25.3218884120172,6.86695278969957,61.3733905579399
"8","M_sativa_ZM4_hap4","M_sativa_ZM4_hap4_Chr03",100,58,21,13,146,0,357,238,24.3697478991597,5.46218487394958,61.3445378151261
"8","M_sativa_ZM4_hap4","M_sativa_ZM4_hap4_Chr03",101,57,31,9,155,0,383,252,22.6190476190476,3.57142857142857,61.5079365079365
"8","M_sativa_ZM4_hap4","M_sativa_ZM4_hap4_Chr03",102,55,23,17,143,0,376,238,23.109243697479,7.14285714285714,60.0840336134454
"8","M_sativa_ZM4_hap4","M_sativa_ZM4_hap4_Chr03",103,65,21,10,151,0,382,247,26.3157894736842,4.04858299595142,61.1336032388664
"8","M_sativa_ZM4_hap4","M_sativa_ZM4_hap4_Chr04",1,5,1,3,7,0,22,16,31.25,18.75,43.75
"8","M_sativa_ZM4_hap4","M_sativa_ZM4_hap4_Chr04",2,39,20,13,64,0,179,136,28.6764705882353,9.55882352941176,47.0588235294118
"8","M_sativa_ZM4_hap4","M_sativa_ZM4_hap4_Chr04",3,39,16,18,62,0,193,135,28.8888888888889,13.3333333333333,45.9259259259259
"8","M_sativa_ZM4_hap4","M_sativa_ZM4_hap4_Chr04",4,38,14,24,109,0,287,185,20.5405405405405,12.972972972973,58.9189189189189
"8","M_sativa_ZM4_hap4","M_sativa_ZM4_hap4_Chr04",5,37,10,15,122,0,295,184,20.1086956521739,8.15217391304348,66.304347826087
"8","M_sativa_ZM4_hap4","M_sativa_ZM4_hap4_Chr04",6,42,21,8,124,0,302,195,21.5384615384615,4.1025641025641,63.5897435897436
"8","M_sativa_ZM4_hap4","M_sativa_ZM4_hap4_Chr04",7,40,16,21,118,0,305,195,20.5128205128205,10.7692307692308,60.5128205128205
"8","M_sativa_ZM4_hap4","M_sativa_ZM4_hap4_Chr04",8,47,22,10,115,0,317,194,24.2268041237113,5.15463917525773,59.2783505154639
"8","M_sativa_ZM4_hap4","M_sativa_ZM4_hap4_Chr04",9,34,13,7,135,0,289,189,17.989417989418,3.7037037037037,71.4285714285714
"8","M_sativa_ZM4_hap4","M_sativa_ZM4_hap4_Chr04",10,24,17,31,117,0,284,189,12.6984126984127,16.4021164021164,61.9047619047619
"8","M_sativa_ZM4_hap4","M_sativa_ZM4_hap4_Chr04",11,45,12,6,90,0,245,153,29.4117647058824,3.92156862745098,58.8235294117647
"8","M_sativa_ZM4_hap4","M_sativa_ZM4_hap4_Chr04",12,34,24,16,102,0,259,176,19.3181818181818,9.09090909090909,57.9545454545455
"8","M_sativa_ZM4_hap4","M_sativa_ZM4_hap4_Chr04",13,44,9,14,125,0,270,192,22.9166666666667,7.29166666666667,65.1041666666667
"8","M_sativa_ZM4_hap4","M_sativa_ZM4_hap4_Chr04",14,42,13,9,110,0,285,174,24.1379310344828,5.17241379310345,63.2183908045977
"8","M_sativa_ZM4_hap4","M_sativa_ZM4_hap4_Chr04",15,37,14,26,103,0,277,180,20.5555555555556,14.4444444444444,57.2222222222222
"8","M_sativa_ZM4_hap4","M_sativa_ZM4_hap4_Chr04",16,43,11,13,115,0,279,182,23.6263736263736,7.14285714285714,63.1868131868132
"8","M_sativa_ZM4_hap4","M_sativa_ZM4_hap4_Chr04",17,36,10,10,78,0,189,134,26.865671641791,7.46268656716418,58.2089552238806
"8","M_sativa_ZM4_hap4","M_sativa_ZM4_hap4_Chr04",18,27,6,16,90,0,231,139,19.4244604316547,11.5107913669065,64.7482014388489
"8","M_sativa_ZM4_hap4","M_sativa_ZM4_hap4_Chr04",19,42,8,10,29,0,106,89,47.1910112359551,11.2359550561798,32.5842696629214
"8","M_sativa_ZM4_hap4","M_sativa_ZM4_hap4_Chr04",20,44,9,8,41,0,132,102,43.1372549019608,7.84313725490196,40.1960784313725
"8","M_sativa_ZM4_hap4","M_sativa_ZM4_hap4_Chr04",21,31,11,17,53,0,148,112,27.6785714285714,15.1785714285714,47.3214285714286
"8","M_sativa_ZM4_hap4","M_sativa_ZM4_hap4_Chr04",22,35,10,16,65,0,174,126,27.7777777777778,12.6984126984127,51.5873015873016
"8","M_sativa_ZM4_hap4","M_sativa_ZM4_hap4_Chr04",23,34,6,22,104,0,236,166,20.4819277108434,13.2530120481928,62.6506024096386
"8","M_sativa_ZM4_hap4","M_sativa_ZM4_hap4_Chr04",24,16,6,7,116,0,211,145,11.0344827586207,4.82758620689655,80
"8","M_sativa_ZM4_hap4","M_sativa_ZM4_hap4_Chr04",25,16,7,2,102,0,228,127,12.5984251968504,1.5748031496063,80.3149606299213
"8","M_sativa_ZM4_hap4","M_sativa_ZM4_hap4_Chr04",26,37,12,6,120,0,271,175,21.1428571428571,3.42857142857143,68.5714285714286
"8","M_sativa_ZM4_hap4","M_sativa_ZM4_hap4_Chr04",27,28,13,7,107,0,242,155,18.0645161290323,4.51612903225806,69.0322580645161
"8","M_sativa_ZM4_hap4","M_sativa_ZM4_hap4_Chr04",28,22,16,12,119,0,264,169,13.0177514792899,7.10059171597633,70.414201183432
"8","M_sativa_ZM4_hap4","M_sativa_ZM4_hap4_Chr04",29,21,8,11,93,0,222,133,15.7894736842105,8.27067669172932,69.9248120300752
"8","M_sativa_ZM4_hap4","M_sativa_ZM4_hap4_Chr04",30,15,12,16,84,0,208,127,11.8110236220472,12.5984251968504,66.1417322834646
"8","M_sativa_ZM4_hap4","M_sativa_ZM4_hap4_Chr04",31,24,11,11,82,0,196,128,18.75,8.59375,64.0625
"8","M_sativa_ZM4_hap4","M_sativa_ZM4_hap4_Chr04",32,23,1,4,92,0,189,120,19.1666666666667,3.33333333333333,76.6666666666667
"8","M_sativa_ZM4_hap4","M_sativa_ZM4_hap4_Chr04",33,29,10,5,84,0,205,128,22.65625,3.90625,65.625
"8","M_sativa_ZM4_hap4","M_sativa_ZM4_hap4_Chr04",34,24,13,2,77,0,186,116,20.6896551724138,1.72413793103448,66.3793103448276
"8","M_sativa_ZM4_hap4","M_sativa_ZM4_hap4_Chr04",35,1,0,4,73,0,155,78,1.28205128205128,5.12820512820513,93.5897435897436
"8","M_sativa_ZM4_hap4","M_sativa_ZM4_hap4_Chr04",36,2,1,0,63,0,126,66,3.03030303030303,0,95.4545454545455
"8","M_sativa_ZM4_hap4","M_sativa_ZM4_hap4_Chr04",37,0,0,0,38,0,87,38,0,0,100
"8","M_sativa_ZM4_hap4","M_sativa_ZM4_hap4_Chr04",38,0,0,0,54,0,103,54,0,0,100
"8","M_sativa_ZM4_hap4","M_sativa_ZM4_hap4_Chr04",39,1,0,1,37,0,70,39,2.56410256410256,2.56410256410256,94.8717948717949
"8","M_sativa_ZM4_hap4","M_sativa_ZM4_hap4_Chr04",40,1,0,0,11,0,20,12,8.33333333333333,0,91.6666666666667
"8","M_sativa_ZM4_hap4","M_sativa_ZM4_hap4_Chr04",41,11,0,4,7,0,31,22,50,18.1818181818182,31.8181818181818
"8","M_sativa_ZM4_hap4","M_sativa_ZM4_hap4_Chr04",42,20,14,6,6,0,48,46,43.4782608695652,13.0434782608696,13.0434782608696
"8","M_sativa_ZM4_hap4","M_sativa_ZM4_hap4_Chr04",43,38,8,9,11,0,69,66,57.5757575757576,13.6363636363636,16.6666666666667
"8","M_sativa_ZM4_hap4","M_sativa_ZM4_hap4_Chr04",44,23,1,7,13,0,49,44,52.2727272727273,15.9090909090909,29.5454545454545
"8","M_sativa_ZM4_hap4","M_sativa_ZM4_hap4_Chr04",45,25,8,16,14,0,72,63,39.6825396825397,25.3968253968254,22.2222222222222
"8","M_sativa_ZM4_hap4","M_sativa_ZM4_hap4_Chr04",46,27,12,4,38,0,105,81,33.3333333333333,4.93827160493827,46.9135802469136
"8","M_sativa_ZM4_hap4","M_sativa_ZM4_hap4_Chr04",47,20,20,9,48,0,151,97,20.6185567010309,9.27835051546392,49.4845360824742
"8","M_sativa_ZM4_hap4","M_sativa_ZM4_hap4_Chr04",48,31,18,12,80,0,199,141,21.9858156028369,8.51063829787234,56.7375886524823
"8","M_sativa_ZM4_hap4","M_sativa_ZM4_hap4_Chr04",49,24,16,14,107,0,239,161,14.9068322981366,8.69565217391304,66.4596273291925
"8","M_sativa_ZM4_hap4","M_sativa_ZM4_hap4_Chr04",50,26,17,8,74,0,193,125,20.8,6.4,59.2
"8","M_sativa_ZM4_hap4","M_sativa_ZM4_hap4_Chr04",51,25,18,15,80,0,214,138,18.1159420289855,10.8695652173913,57.9710144927536
"8","M_sativa_ZM4_hap4","M_sativa_ZM4_hap4_Chr04",52,31,11,5,89,0,211,136,22.7941176470588,3.67647058823529,65.4411764705882
"8","M_sativa_ZM4_hap4","M_sativa_ZM4_hap4_Chr04",53,46,6,17,111,0,255,180,25.5555555555556,9.44444444444444,61.6666666666667
"8","M_sativa_ZM4_hap4","M_sativa_ZM4_hap4_Chr04",54,33,13,10,111,0,245,167,19.7604790419162,5.98802395209581,66.4670658682635
"8","M_sativa_ZM4_hap4","M_sativa_ZM4_hap4_Chr04",55,22,10,12,105,0,231,149,14.7651006711409,8.05369127516779,70.4697986577181
"8","M_sativa_ZM4_hap4","M_sativa_ZM4_hap4_Chr04",56,36,25,14,116,0,282,191,18.848167539267,7.32984293193717,60.7329842931937
"8","M_sativa_ZM4_hap4","M_sativa_ZM4_hap4_Chr04",57,29,12,5,112,0,239,158,18.3544303797468,3.16455696202532,70.8860759493671
"8","M_sativa_ZM4_hap4","M_sativa_ZM4_hap4_Chr04",58,41,20,10,83,0,264,154,26.6233766233766,6.49350649350649,53.8961038961039
"8","M_sativa_ZM4_hap4","M_sativa_ZM4_hap4_Chr04",59,44,20,7,119,0,300,190,23.1578947368421,3.68421052631579,62.6315789473684
"8","M_sativa_ZM4_hap4","M_sativa_ZM4_hap4_Chr04",60,36,14,11,93,0,236,154,23.3766233766234,7.14285714285714,60.3896103896104
"8","M_sativa_ZM4_hap4","M_sativa_ZM4_hap4_Chr04",61,33,27,4,117,0,274,181,18.232044198895,2.20994475138122,64.6408839779006
"8","M_sativa_ZM4_hap4","M_sativa_ZM4_hap4_Chr04",62,53,23,9,111,0,309,196,27.0408163265306,4.59183673469388,56.6326530612245
"8","M_sativa_ZM4_hap4","M_sativa_ZM4_hap4_Chr04",63,40,16,9,116,0,284,181,22.0994475138122,4.97237569060773,64.0883977900553
"8","M_sativa_ZM4_hap4","M_sativa_ZM4_hap4_Chr04",64,43,25,11,111,0,311,190,22.6315789473684,5.78947368421053,58.4210526315789
"8","M_sativa_ZM4_hap4","M_sativa_ZM4_hap4_Chr04",65,46,22,13,132,0,326,213,21.5962441314554,6.10328638497653,61.9718309859155
"8","M_sativa_ZM4_hap4","M_sativa_ZM4_hap4_Chr04",66,45,28,12,114,0,312,199,22.6130653266332,6.03015075376884,57.286432160804
"8","M_sativa_ZM4_hap4","M_sativa_ZM4_hap4_Chr04",67,38,27,5,138,0,314,208,18.2692307692308,2.40384615384615,66.3461538461538
"8","M_sativa_ZM4_hap4","M_sativa_ZM4_hap4_Chr04",68,44,33,4,156,0,349,237,18.5654008438819,1.68776371308017,65.8227848101266
"8","M_sativa_ZM4_hap4","M_sativa_ZM4_hap4_Chr04",69,38,42,11,113,0,336,204,18.6274509803922,5.3921568627451,55.3921568627451
"8","M_sativa_ZM4_hap4","M_sativa_ZM4_hap4_Chr04",70,56,25,10,134,0,328,225,24.8888888888889,4.44444444444444,59.5555555555556
"8","M_sativa_ZM4_hap4","M_sativa_ZM4_hap4_Chr04",71,43,21,4,143,0,330,211,20.3791469194313,1.8957345971564,67.7725118483412
"8","M_sativa_ZM4_hap4","M_sativa_ZM4_hap4_Chr04",72,48,19,8,145,0,355,220,21.8181818181818,3.63636363636364,65.9090909090909
"8","M_sativa_ZM4_hap4","M_sativa_ZM4_hap4_Chr04",73,56,30,10,140,0,358,236,23.728813559322,4.23728813559322,59.3220338983051
"8","M_sativa_ZM4_hap4","M_sativa_ZM4_hap4_Chr04",74,32,48,14,152,0,377,246,13.0081300813008,5.69105691056911,61.7886178861789
"8","M_sativa_ZM4_hap4","M_sativa_ZM4_hap4_Chr04",75,44,33,10,144,0,368,231,19.047619047619,4.32900432900433,62.3376623376623
"8","M_sativa_ZM4_hap4","M_sativa_ZM4_hap4_Chr04",76,50,28,11,140,0,362,229,21.8340611353712,4.80349344978166,61.1353711790393
"8","M_sativa_ZM4_hap4","M_sativa_ZM4_hap4_Chr04",77,45,37,10,141,0,361,233,19.31330472103,4.29184549356223,60.5150214592275
"8","M_sativa_ZM4_hap4","M_sativa_ZM4_hap4_Chr04",78,56,31,10,146,0,370,243,23.0452674897119,4.11522633744856,60.082304526749
"8","M_sativa_ZM4_hap4","M_sativa_ZM4_hap4_Chr04",79,51,34,13,159,0,386,257,19.8443579766537,5.05836575875486,61.8677042801556
"8","M_sativa_ZM4_hap4","M_sativa_ZM4_hap4_Chr04",80,51,19,10,157,0,387,237,21.5189873417722,4.21940928270042,66.2447257383966
"8","M_sativa_ZM4_hap4","M_sativa_ZM4_hap4_Chr04",81,61,22,11,180,0,414,274,22.2627737226277,4.01459854014599,65.6934306569343
"8","M_sativa_ZM4_hap4","M_sativa_ZM4_hap4_Chr04",82,51,20,7,147,0,375,225,22.6666666666667,3.11111111111111,65.3333333333333
"8","M_sativa_ZM4_hap4","M_sativa_ZM4_hap4_Chr04",83,32,28,17,156,0,388,233,13.7339055793991,7.29613733905579,66.9527896995708
"8","M_sativa_ZM4_hap4","M_sativa_ZM4_hap4_Chr04",84,47,27,19,155,0,374,248,18.9516129032258,7.66129032258065,62.5
"8","M_sativa_ZM4_hap4","M_sativa_ZM4_hap4_Chr04",85,50,38,7,139,0,355,234,21.3675213675214,2.99145299145299,59.4017094017094
"8","M_sativa_ZM4_hap4","M_sativa_ZM4_hap4_Chr04",86,43,18,9,151,0,361,221,19.4570135746606,4.07239819004525,68.3257918552036
"8","M_sativa_ZM4_hap4","M_sativa_ZM4_hap4_Chr04",87,52,31,16,144,0,360,243,21.3991769547325,6.5843621399177,59.2592592592593
"8","M_sativa_ZM4_hap4","M_sativa_ZM4_hap4_Chr04",88,46,21,13,157,0,356,237,19.4092827004219,5.48523206751055,66.2447257383966
"8","M_sativa_ZM4_hap4","M_sativa_ZM4_hap4_Chr04",89,42,25,17,171,0,394,255,16.4705882352941,6.66666666666667,67.0588235294118
"8","M_sativa_ZM4_hap4","M_sativa_ZM4_hap4_Chr04",90,44,25,13,149,0,349,231,19.047619047619,5.62770562770563,64.5021645021645
"8","M_sativa_ZM4_hap4","M_sativa_ZM4_hap4_Chr04",91,60,17,11,162,0,390,250,24,4.4,64.8
"8","M_sativa_ZM4_hap4","M_sativa_ZM4_hap4_Chr04",92,60,17,10,128,0,358,215,27.906976744186,4.65116279069767,59.5348837209302
"8","M_sativa_ZM4_hap4","M_sativa_ZM4_hap4_Chr04",93,51,28,8,128,0,342,215,23.7209302325581,3.72093023255814,59.5348837209302
"8","M_sativa_ZM4_hap4","M_sativa_ZM4_hap4_Chr04",94,67,23,3,148,0,374,241,27.8008298755187,1.2448132780083,61.4107883817427
"8","M_sativa_ZM4_hap4","M_sativa_ZM4_hap4_Chr04",95,57,33,8,138,0,361,236,24.1525423728814,3.38983050847458,58.4745762711864
"8","M_sativa_ZM4_hap4","M_sativa_ZM4_hap4_Chr04",96,53,29,4,149,0,365,235,22.5531914893617,1.70212765957447,63.4042553191489
"8","M_sativa_ZM4_hap4","M_sativa_ZM4_hap4_Chr04",97,57,24,12,144,0,382,237,24.0506329113924,5.06329113924051,60.7594936708861
"8","M_sativa_ZM4_hap4","M_sativa_ZM4_hap4_Chr04",98,39,9,5,105,0,348,158,24.6835443037975,3.16455696202532,66.4556962025316
"8","M_sativa_ZM4_hap4","M_sativa_ZM4_hap4_Chr05",0,52,23,8,139,0,335,222,23.4234234234234,3.6036036036036,62.6126126126126
"8","M_sativa_ZM4_hap4","M_sativa_ZM4_hap4_Chr05",1,66,24,20,176,0,448,286,23.0769230769231,6.99300699300699,61.5384615384615
"8","M_sativa_ZM4_hap4","M_sativa_ZM4_hap4_Chr05",2,69,23,17,168,0,423,277,24.9097472924188,6.13718411552347,60.6498194945848
"8","M_sativa_ZM4_hap4","M_sativa_ZM4_hap4_Chr05",3,58,30,10,168,0,385,266,21.8045112781955,3.7593984962406,63.1578947368421
"8","M_sativa_ZM4_hap4","M_sativa_ZM4_hap4_Chr05",4,58,18,19,157,0,389,252,23.015873015873,7.53968253968254,62.3015873015873
"8","M_sativa_ZM4_hap4","M_sativa_ZM4_hap4_Chr05",5,70,10,15,155,0,375,250,28,6,62
"8","M_sativa_ZM4_hap4","M_sativa_ZM4_hap4_Chr05",6,41,12,20,111,0,284,184,22.2826086956522,10.8695652173913,60.3260869565217
"8","M_sativa_ZM4_hap4","M_sativa_ZM4_hap4_Chr05",7,48,13,12,117,0,280,190,25.2631578947368,6.31578947368421,61.5789473684211
"8","M_sativa_ZM4_hap4","M_sativa_ZM4_hap4_Chr05",8,63,10,10,126,0,323,209,30.1435406698565,4.78468899521531,60.2870813397129
"8","M_sativa_ZM4_hap4","M_sativa_ZM4_hap4_Chr05",9,57,12,13,139,0,351,221,25.7918552036199,5.88235294117647,62.89592760181
"8","M_sativa_ZM4_hap4","M_sativa_ZM4_hap4_Chr05",10,60,16,8,124,0,333,208,28.8461538461538,3.84615384615385,59.6153846153846
"8","M_sativa_ZM4_hap4","M_sativa_ZM4_hap4_Chr05",11,52,19,11,138,0,338,220,23.6363636363636,5,62.7272727272727
"8","M_sativa_ZM4_hap4","M_sativa_ZM4_hap4_Chr05",12,54,25,13,160,0,387,252,21.4285714285714,5.15873015873016,63.4920634920635
"8","M_sativa_ZM4_hap4","M_sativa_ZM4_hap4_Chr05",13,58,18,12,136,0,344,224,25.8928571428571,5.35714285714286,60.7142857142857
"8","M_sativa_ZM4_hap4","M_sativa_ZM4_hap4_Chr05",14,45,19,7,125,0,322,196,22.9591836734694,3.57142857142857,63.7755102040816
"8","M_sativa_ZM4_hap4","M_sativa_ZM4_hap4_Chr05",15,46,15,13,122,0,317,196,23.469387755102,6.63265306122449,62.2448979591837
"8","M_sativa_ZM4_hap4","M_sativa_ZM4_hap4_Chr05",16,65,17,5,111,0,306,198,32.8282828282828,2.52525252525253,56.0606060606061
"8","M_sativa_ZM4_hap4","M_sativa_ZM4_hap4_Chr05",17,37,9,10,102,0,233,158,23.4177215189873,6.32911392405063,64.5569620253165
"8","M_sativa_ZM4_hap4","M_sativa_ZM4_hap4_Chr05",18,41,30,7,101,0,262,179,22.9050279329609,3.91061452513966,56.4245810055866
"8","M_sativa_ZM4_hap4","M_sativa_ZM4_hap4_Chr05",19,60,11,8,99,0,268,178,33.7078651685393,4.49438202247191,55.6179775280899
"8","M_sativa_ZM4_hap4","M_sativa_ZM4_hap4_Chr05",20,42,11,11,107,0,276,171,24.5614035087719,6.4327485380117,62.5730994152047
"8","M_sativa_ZM4_hap4","M_sativa_ZM4_hap4_Chr05",21,39,18,14,98,0,252,169,23.0769230769231,8.28402366863905,57.9881656804734
"8","M_sativa_ZM4_hap4","M_sativa_ZM4_hap4_Chr05",22,25,25,14,109,0,250,173,14.4508670520231,8.09248554913295,63.0057803468208
"8","M_sativa_ZM4_hap4","M_sativa_ZM4_hap4_Chr05",23,40,18,13,105,0,266,176,22.7272727272727,7.38636363636364,59.6590909090909
"8","M_sativa_ZM4_hap4","M_sativa_ZM4_hap4_Chr05",24,35,15,22,93,0,260,165,21.2121212121212,13.3333333333333,56.3636363636364
"8","M_sativa_ZM4_hap4","M_sativa_ZM4_hap4_Chr05",25,55,6,9,87,0,234,157,35.031847133758,5.73248407643312,55.4140127388535
"8","M_sativa_ZM4_hap4","M_sativa_ZM4_hap4_Chr05",26,46,12,10,90,0,242,158,29.1139240506329,6.32911392405063,56.9620253164557
"8","M_sativa_ZM4_hap4","M_sativa_ZM4_hap4_Chr05",27,40,12,16,123,0,292,191,20.9424083769633,8.37696335078534,64.3979057591623
"8","M_sativa_ZM4_hap4","M_sativa_ZM4_hap4_Chr05",28,40,13,8,111,0,277,172,23.2558139534884,4.65116279069767,64.5348837209302
"8","M_sativa_ZM4_hap4","M_sativa_ZM4_hap4_Chr05",29,30,10,11,107,0,252,158,18.9873417721519,6.9620253164557,67.7215189873418
"8","M_sativa_ZM4_hap4","M_sativa_ZM4_hap4_Chr05",30,43,14,11,91,0,246,159,27.0440251572327,6.91823899371069,57.2327044025157
"8","M_sativa_ZM4_hap4","M_sativa_ZM4_hap4_Chr05",31,31,20,9,102,0,257,162,19.1358024691358,5.55555555555556,62.962962962963
"8","M_sativa_ZM4_hap4","M_sativa_ZM4_hap4_Chr05",32,30,9,21,113,0,256,173,17.3410404624277,12.1387283236994,65.3179190751445
"8","M_sativa_ZM4_hap4","M_sativa_ZM4_hap4_Chr05",33,24,6,7,121,0,256,158,15.1898734177215,4.43037974683544,76.5822784810127
"8","M_sativa_ZM4_hap4","M_sativa_ZM4_hap4_Chr05",34,20,9,7,80,0,185,116,17.2413793103448,6.03448275862069,68.9655172413793
"8","M_sativa_ZM4_hap4","M_sativa_ZM4_hap4_Chr05",35,14,5,6,48,0,117,73,19.1780821917808,8.21917808219178,65.7534246575343
"8","M_sativa_ZM4_hap4","M_sativa_ZM4_hap4_Chr05",36,27,13,3,32,0,108,75,36,4,42.6666666666667
"8","M_sativa_ZM4_hap4","M_sativa_ZM4_hap4_Chr05",37,0,0,0,48,0,85,48,0,0,100
"8","M_sativa_ZM4_hap4","M_sativa_ZM4_hap4_Chr05",38,1,0,0,10,0,23,11,9.09090909090909,0,90.9090909090909
"8","M_sativa_ZM4_hap4","M_sativa_ZM4_hap4_Chr05",39,7,0,0,4,0,18,11,63.6363636363636,0,36.3636363636364
"8","M_sativa_ZM4_hap4","M_sativa_ZM4_hap4_Chr05",40,6,0,2,38,0,80,46,13.0434782608696,4.34782608695652,82.6086956521739
"8","M_sativa_ZM4_hap4","M_sativa_ZM4_hap4_Chr05",41,6,5,3,23,0,74,37,16.2162162162162,8.10810810810811,62.1621621621622
"8","M_sativa_ZM4_hap4","M_sativa_ZM4_hap4_Chr05",42,29,9,9,30,0,97,77,37.6623376623377,11.6883116883117,38.961038961039
"8","M_sativa_ZM4_hap4","M_sativa_ZM4_hap4_Chr05",43,28,22,7,20,0,99,77,36.3636363636364,9.09090909090909,25.974025974026
"8","M_sativa_ZM4_hap4","M_sativa_ZM4_hap4_Chr05",44,22,14,10,60,0,171,106,20.7547169811321,9.43396226415094,56.6037735849057
"8","M_sativa_ZM4_hap4","M_sativa_ZM4_hap4_Chr05",45,32,7,12,72,0,154,123,26.0162601626016,9.75609756097561,58.5365853658537
"8","M_sativa_ZM4_hap4","M_sativa_ZM4_hap4_Chr05",46,41,10,9,49,0,146,109,37.6146788990826,8.25688073394495,44.954128440367
"8","M_sativa_ZM4_hap4","M_sativa_ZM4_hap4_Chr05",47,25,7,14,74,0,181,120,20.8333333333333,11.6666666666667,61.6666666666667
"8","M_sativa_ZM4_hap4","M_sativa_ZM4_hap4_Chr05",48,26,18,14,69,0,162,127,20.4724409448819,11.0236220472441,54.3307086614173
"8","M_sativa_ZM4_hap4","M_sativa_ZM4_hap4_Chr05",49,27,10,12,75,0,177,124,21.7741935483871,9.67741935483871,60.4838709677419
"8","M_sativa_ZM4_hap4","M_sativa_ZM4_hap4_Chr05",50,33,10,7,90,0,213,140,23.5714285714286,5,64.2857142857143
"8","M_sativa_ZM4_hap4","M_sativa_ZM4_hap4_Chr05",51,34,16,17,81,0,226,148,22.972972972973,11.4864864864865,54.7297297297297
"8","M_sativa_ZM4_hap4","M_sativa_ZM4_hap4_Chr05",52,30,22,11,84,0,206,147,20.4081632653061,7.48299319727891,57.1428571428571
"8","M_sativa_ZM4_hap4","M_sativa_ZM4_hap4_Chr05",53,34,17,12,88,0,241,151,22.5165562913907,7.94701986754967,58.2781456953642
"8","M_sativa_ZM4_hap4","M_sativa_ZM4_hap4_Chr05",54,45,15,17,79,0,229,156,28.8461538461538,10.8974358974359,50.6410256410256
"8","M_sativa_ZM4_hap4","M_sativa_ZM4_hap4_Chr05",55,40,14,20,95,0,249,169,23.6686390532544,11.8343195266272,56.2130177514793
"8","M_sativa_ZM4_hap4","M_sativa_ZM4_hap4_Chr05",56,46,13,10,105,0,252,174,26.4367816091954,5.74712643678161,60.3448275862069
"8","M_sativa_ZM4_hap4","M_sativa_ZM4_hap4_Chr05",57,42,12,9,105,0,275,168,25,5.35714285714286,62.5
"8","M_sativa_ZM4_hap4","M_sativa_ZM4_hap4_Chr05",58,38,11,4,127,0,261,180,21.1111111111111,2.22222222222222,70.5555555555556
"8","M_sativa_ZM4_hap4","M_sativa_ZM4_hap4_Chr05",59,2,1,0,111,0,213,114,1.75438596491228,0,97.3684210526316
"8","M_sativa_ZM4_hap4","M_sativa_ZM4_hap4_Chr05",60,3,0,0,91,0,184,94,3.19148936170213,0,96.8085106382979
"8","M_sativa_ZM4_hap4","M_sativa_ZM4_hap4_Chr05",61,0,0,0,57,0,112,57,0,0,100
"8","M_sativa_ZM4_hap4","M_sativa_ZM4_hap4_Chr05",62,4,5,2,62,0,144,73,5.47945205479452,2.73972602739726,84.9315068493151
"8","M_sativa_ZM4_hap4","M_sativa_ZM4_hap4_Chr05",63,47,20,6,75,0,219,148,31.7567567567568,4.05405405405405,50.6756756756757
"8","M_sativa_ZM4_hap4","M_sativa_ZM4_hap4_Chr05",64,39,23,12,76,0,212,150,26,8,50.6666666666667
"8","M_sativa_ZM4_hap4","M_sativa_ZM4_hap4_Chr05",65,26,15,13,79,0,198,133,19.5488721804511,9.77443609022556,59.3984962406015
"8","M_sativa_ZM4_hap4","M_sativa_ZM4_hap4_Chr05",66,43,13,14,88,0,249,158,27.2151898734177,8.86075949367089,55.6962025316456
"8","M_sativa_ZM4_hap4","M_sativa_ZM4_hap4_Chr05",67,27,12,13,78,0,205,130,20.7692307692308,10,60
"8","M_sativa_ZM4_hap4","M_sativa_ZM4_hap4_Chr05",68,51,19,6,69,0,212,145,35.1724137931034,4.13793103448276,47.5862068965517
"8","M_sativa_ZM4_hap4","M_sativa_ZM4_hap4_Chr05",69,33,11,6,70,0,187,120,27.5,5,58.3333333333333
"8","M_sativa_ZM4_hap4","M_sativa_ZM4_hap4_Chr05",70,34,17,5,112,0,267,168,20.2380952380952,2.97619047619048,66.6666666666667
"8","M_sativa_ZM4_hap4","M_sativa_ZM4_hap4_Chr05",71,38,12,14,102,0,269,166,22.8915662650602,8.43373493975904,61.4457831325301
"8","M_sativa_ZM4_hap4","M_sativa_ZM4_hap4_Chr05",72,40,16,8,114,0,268,178,22.4719101123596,4.49438202247191,64.0449438202247
"8","M_sativa_ZM4_hap4","M_sativa_ZM4_hap4_Chr05",73,33,14,23,134,0,284,204,16.1764705882353,11.2745098039216,65.6862745098039
"8","M_sativa_ZM4_hap4","M_sativa_ZM4_hap4_Chr05",74,42,18,9,129,0,294,198,21.2121212121212,4.54545454545455,65.1515151515152
"8","M_sativa_ZM4_hap4","M_sativa_ZM4_hap4_Chr05",75,49,17,9,122,0,308,197,24.8730964467005,4.56852791878173,61.9289340101523
"8","M_sativa_ZM4_hap4","M_sativa_ZM4_hap4_Chr05",76,50,15,11,108,0,273,184,27.1739130434783,5.97826086956522,58.695652173913
"8","M_sativa_ZM4_hap4","M_sativa_ZM4_hap4_Chr05",77,31,15,15,118,0,300,179,17.3184357541899,8.37988826815642,65.9217877094972
"8","M_sativa_ZM4_hap4","M_sativa_ZM4_hap4_Chr05",78,57,22,12,139,0,354,230,24.7826086956522,5.21739130434783,60.4347826086956
"8","M_sativa_ZM4_hap4","M_sativa_ZM4_hap4_Chr05",79,68,20,16,102,0,312,206,33.0097087378641,7.76699029126214,49.5145631067961
"8","M_sativa_ZM4_hap4","M_sativa_ZM4_hap4_Chr05",80,35,19,21,99,0,287,174,20.1149425287356,12.0689655172414,56.8965517241379
"8","M_sativa_ZM4_hap4","M_sativa_ZM4_hap4_Chr05",81,49,33,11,135,0,363,228,21.4912280701754,4.82456140350877,59.2105263157895
"8","M_sativa_ZM4_hap4","M_sativa_ZM4_hap4_Chr05",82,54,24,17,141,0,353,236,22.8813559322034,7.20338983050847,59.7457627118644
"8","M_sativa_ZM4_hap4","M_sativa_ZM4_hap4_Chr05",83,43,11,27,109,0,298,190,22.6315789473684,14.2105263157895,57.3684210526316
"8","M_sativa_ZM4_hap4","M_sativa_ZM4_hap4_Chr05",84,46,16,16,104,0,269,182,25.2747252747253,8.79120879120879,57.1428571428571
"8","M_sativa_ZM4_hap4","M_sativa_ZM4_hap4_Chr05",85,15,11,8,97,0,211,131,11.4503816793893,6.10687022900763,74.0458015267176
"8","M_sativa_ZM4_hap4","M_sativa_ZM4_hap4_Chr05",86,1,0,0,85,0,167,86,1.16279069767442,0,98.8372093023256
"8","M_sativa_ZM4_hap4","M_sativa_ZM4_hap4_Chr05",87,2,0,0,17,0,149,19,10.5263157894737,0,89.4736842105263
"8","M_sativa_ZM4_hap4","M_sativa_ZM4_hap4_Chr06",0,46,13,16,135,0,335,210,21.9047619047619,7.61904761904762,64.2857142857143
"8","M_sativa_ZM4_hap4","M_sativa_ZM4_hap4_Chr06",1,34,13,9,109,0,259,165,20.6060606060606,5.45454545454545,66.0606060606061
"8","M_sativa_ZM4_hap4","M_sativa_ZM4_hap4_Chr06",2,35,6,12,97,0,237,150,23.3333333333333,8,64.6666666666667
"8","M_sativa_ZM4_hap4","M_sativa_ZM4_hap4_Chr06",3,55,10,14,113,0,289,192,28.6458333333333,7.29166666666667,58.8541666666667
"8","M_sativa_ZM4_hap4","M_sativa_ZM4_hap4_Chr06",4,40,15,11,91,0,245,157,25.4777070063694,7.00636942675159,57.9617834394904
"8","M_sativa_ZM4_hap4","M_sativa_ZM4_hap4_Chr06",5,40,13,7,115,0,271,175,22.8571428571429,4,65.7142857142857
"8","M_sativa_ZM4_hap4","M_sativa_ZM4_hap4_Chr06",6,39,8,6,106,0,246,159,24.5283018867925,3.77358490566038,66.6666666666667
"8","M_sativa_ZM4_hap4","M_sativa_ZM4_hap4_Chr06",7,27,6,6,94,0,216,133,20.3007518796992,4.51127819548872,70.6766917293233
"8","M_sativa_ZM4_hap4","M_sativa_ZM4_hap4_Chr06",8,57,14,4,69,0,219,144,39.5833333333333,2.77777777777778,47.9166666666667
"8","M_sativa_ZM4_hap4","M_sativa_ZM4_hap4_Chr06",9,32,9,11,119,0,255,171,18.7134502923977,6.4327485380117,69.5906432748538
"8","M_sativa_ZM4_hap4","M_sativa_ZM4_hap4_Chr06",10,30,17,11,120,0,284,178,16.8539325842697,6.17977528089888,67.4157303370787
"8","M_sativa_ZM4_hap4","M_sativa_ZM4_hap4_Chr06",11,39,6,13,125,0,293,183,21.3114754098361,7.10382513661202,68.3060109289618
"8","M_sativa_ZM4_hap4","M_sativa_ZM4_hap4_Chr06",12,23,5,24,92,0,232,144,15.9722222222222,16.6666666666667,63.8888888888889
"8","M_sativa_ZM4_hap4","M_sativa_ZM4_hap4_Chr06",13,16,8,11,104,0,226,139,11.5107913669065,7.9136690647482,74.8201438848921
"8","M_sativa_ZM4_hap4","M_sativa_ZM4_hap4_Chr06",14,21,23,10,76,0,185,130,16.1538461538462,7.69230769230769,58.4615384615385
"8","M_sativa_ZM4_hap4","M_sativa_ZM4_hap4_Chr06",15,55,7,12,99,0,258,173,31.7919075144509,6.9364161849711,57.2254335260116
"8","M_sativa_ZM4_hap4","M_sativa_ZM4_hap4_Chr06",16,27,3,17,88,0,223,135,20,12.5925925925926,65.1851851851852
"8","M_sativa_ZM4_hap4","M_sativa_ZM4_hap4_Chr06",17,40,9,14,97,0,249,160,25,8.75,60.625
"8","M_sativa_ZM4_hap4","M_sativa_ZM4_hap4_Chr06",18,28,9,13,107,0,264,157,17.8343949044586,8.28025477707006,68.1528662420382
"8","M_sativa_ZM4_hap4","M_sativa_ZM4_hap4_Chr06",19,29,18,10,84,0,218,141,20.5673758865248,7.09219858156028,59.5744680851064
"8","M_sativa_ZM4_hap4","M_sativa_ZM4_hap4_Chr06",20,29,5,15,90,0,223,139,20.863309352518,10.7913669064748,64.7482014388489
"8","M_sativa_ZM4_hap4","M_sativa_ZM4_hap4_Chr06",21,38,5,7,87,0,224,137,27.7372262773723,5.10948905109489,63.5036496350365
"8","M_sativa_ZM4_hap4","M_sativa_ZM4_hap4_Chr06",22,15,3,22,114,0,233,154,9.74025974025974,14.2857142857143,74.025974025974
"8","M_sativa_ZM4_hap4","M_sativa_ZM4_hap4_Chr06",23,19,0,38,101,0,208,158,12.0253164556962,24.0506329113924,63.9240506329114
"8","M_sativa_ZM4_hap4","M_sativa_ZM4_hap4_Chr06",24,15,0,60,99,0,234,174,8.62068965517241,34.4827586206897,56.8965517241379
"8","M_sativa_ZM4_hap4","M_sativa_ZM4_hap4_Chr06",25,13,3,40,129,0,243,185,7.02702702702703,21.6216216216216,69.7297297297297
"8","M_sativa_ZM4_hap4","M_sativa_ZM4_hap4_Chr06",26,33,8,13,76,0,195,130,25.3846153846154,10,58.4615384615385
"8","M_sativa_ZM4_hap4","M_sativa_ZM4_hap4_Chr06",27,27,7,10,83,0,199,127,21.259842519685,7.8740157480315,65.3543307086614
"8","M_sativa_ZM4_hap4","M_sativa_ZM4_hap4_Chr06",28,29,14,6,87,0,213,136,21.3235294117647,4.41176470588235,63.9705882352941
"8","M_sativa_ZM4_hap4","M_sativa_ZM4_hap4_Chr06",29,21,6,9,88,0,199,124,16.9354838709677,7.25806451612903,70.9677419354839
"8","M_sativa_ZM4_hap4","M_sativa_ZM4_hap4_Chr06",30,21,11,14,70,0,187,116,18.1034482758621,12.0689655172414,60.3448275862069
"8","M_sativa_ZM4_hap4","M_sativa_ZM4_hap4_Chr06",31,27,5,6,80,0,196,118,22.8813559322034,5.08474576271186,67.7966101694915
"8","M_sativa_ZM4_hap4","M_sativa_ZM4_hap4_Chr06",32,22,15,14,99,0,204,150,14.6666666666667,9.33333333333333,66
"8","M_sativa_ZM4_hap4","M_sativa_ZM4_hap4_Chr06",33,20,6,7,79,0,177,112,17.8571428571429,6.25,70.5357142857143
"8","M_sativa_ZM4_hap4","M_sativa_ZM4_hap4_Chr06",34,22,9,9,69,0,179,109,20.1834862385321,8.25688073394495,63.302752293578
"8","M_sativa_ZM4_hap4","M_sativa_ZM4_hap4_Chr06",35,30,5,4,72,0,176,111,27.027027027027,3.6036036036036,64.8648648648649
"8","M_sativa_ZM4_hap4","M_sativa_ZM4_hap4_Chr06",36,25,6,7,84,0,178,122,20.4918032786885,5.73770491803279,68.8524590163934
"8","M_sativa_ZM4_hap4","M_sativa_ZM4_hap4_Chr06",37,27,6,8,83,0,193,124,21.7741935483871,6.45161290322581,66.9354838709677
"8","M_sativa_ZM4_hap4","M_sativa_ZM4_hap4_Chr06",38,23,4,12,57,0,163,96,23.9583333333333,12.5,59.375
"8","M_sativa_ZM4_hap4","M_sativa_ZM4_hap4_Chr06",39,23,7,6,71,0,179,107,21.4953271028037,5.60747663551402,66.3551401869159
"8","M_sativa_ZM4_hap4","M_sativa_ZM4_hap4_Chr06",40,28,0,6,85,0,176,119,23.5294117647059,5.04201680672269,71.4285714285714
"8","M_sativa_ZM4_hap4","M_sativa_ZM4_hap4_Chr06",41,27,4,9,80,0,185,120,22.5,7.5,66.6666666666667
"8","M_sativa_ZM4_hap4","M_sativa_ZM4_hap4_Chr06",42,17,12,11,100,0,199,140,12.1428571428571,7.85714285714286,71.4285714285714
"8","M_sativa_ZM4_hap4","M_sativa_ZM4_hap4_Chr06",43,30,6,17,71,0,180,124,24.1935483870968,13.7096774193548,57.258064516129
"8","M_sativa_ZM4_hap4","M_sativa_ZM4_hap4_Chr06",44,22,12,9,80,0,186,123,17.8861788617886,7.31707317073171,65.0406504065041
"8","M_sativa_ZM4_hap4","M_sativa_ZM4_hap4_Chr06",45,22,11,2,82,0,184,117,18.8034188034188,1.70940170940171,70.0854700854701
"8","M_sativa_ZM4_hap4","M_sativa_ZM4_hap4_Chr06",46,1,0,0,76,0,140,77,1.2987012987013,0,98.7012987012987
"8","M_sativa_ZM4_hap4","M_sativa_ZM4_hap4_Chr06",47,2,0,0,51,0,95,53,3.77358490566038,0,96.2264150943396
"8","M_sativa_ZM4_hap4","M_sativa_ZM4_hap4_Chr06",48,8,0,0,32,0,64,40,20,0,80
"8","M_sativa_ZM4_hap4","M_sativa_ZM4_hap4_Chr06",49,0,0,0,29,0,56,29,0,0,100
"8","M_sativa_ZM4_hap4","M_sativa_ZM4_hap4_Chr06",50,4,3,1,16,0,53,24,16.6666666666667,4.16666666666667,66.6666666666667
"8","M_sativa_ZM4_hap4","M_sativa_ZM4_hap4_Chr06",51,21,8,5,15,0,53,49,42.8571428571429,10.2040816326531,30.6122448979592
"8","M_sativa_ZM4_hap4","M_sativa_ZM4_hap4_Chr06",52,21,7,7,14,0,54,49,42.8571428571429,14.2857142857143,28.5714285714286
"8","M_sativa_ZM4_hap4","M_sativa_ZM4_hap4_Chr06",53,28,7,3,12,0,54,50,56,6,24
"8","M_sativa_ZM4_hap4","M_sativa_ZM4_hap4_Chr06",54,17,5,10,40,0,97,72,23.6111111111111,13.8888888888889,55.5555555555556
"8","M_sativa_ZM4_hap4","M_sativa_ZM4_hap4_Chr06",55,15,8,4,66,0,137,93,16.1290322580645,4.3010752688172,70.9677419354839
"8","M_sativa_ZM4_hap4","M_sativa_ZM4_hap4_Chr06",56,12,2,9,68,0,148,91,13.1868131868132,9.89010989010989,74.7252747252747
"8","M_sativa_ZM4_hap4","M_sativa_ZM4_hap4_Chr06",57,25,3,9,74,0,165,111,22.5225225225225,8.10810810810811,66.6666666666667
"8","M_sativa_ZM4_hap4","M_sativa_ZM4_hap4_Chr06",58,18,7,9,58,0,147,92,19.5652173913043,9.78260869565217,63.0434782608696
"8","M_sativa_ZM4_hap4","M_sativa_ZM4_hap4_Chr06",59,19,8,7,59,0,139,93,20.4301075268817,7.52688172043011,63.4408602150538
"8","M_sativa_ZM4_hap4","M_sativa_ZM4_hap4_Chr06",60,15,6,6,59,0,142,86,17.4418604651163,6.97674418604651,68.6046511627907
"8","M_sativa_ZM4_hap4","M_sativa_ZM4_hap4_Chr06",61,23,4,7,58,0,141,92,25,7.60869565217391,63.0434782608696
"8","M_sativa_ZM4_hap4","M_sativa_ZM4_hap4_Chr06",62,26,2,7,67,0,144,102,25.4901960784314,6.86274509803922,65.6862745098039
"8","M_sativa_ZM4_hap4","M_sativa_ZM4_hap4_Chr06",63,25,14,13,70,0,174,122,20.4918032786885,10.655737704918,57.3770491803279
"8","M_sativa_ZM4_hap4","M_sativa_ZM4_hap4_Chr06",64,21,6,13,81,0,186,121,17.3553719008264,10.7438016528926,66.9421487603306
"8","M_sativa_ZM4_hap4","M_sativa_ZM4_hap4_Chr06",65,21,13,7,68,0,185,109,19.2660550458716,6.42201834862385,62.3853211009174
"8","M_sativa_ZM4_hap4","M_sativa_ZM4_hap4_Chr06",66,9,4,12,66,0,162,91,9.89010989010989,13.1868131868132,72.5274725274725
"8","M_sativa_ZM4_hap4","M_sativa_ZM4_hap4_Chr06",67,12,4,9,81,0,168,106,11.3207547169811,8.49056603773585,76.4150943396226
"8","M_sativa_ZM4_hap4","M_sativa_ZM4_hap4_Chr06",68,3,0,0,83,0,149,86,3.48837209302326,0,96.5116279069767
"8","M_sativa_ZM4_hap4","M_sativa_ZM4_hap4_Chr06",69,19,4,1,89,0,179,113,16.8141592920354,0.884955752212389,78.7610619469027
"8","M_sativa_ZM4_hap4","M_sativa_ZM4_hap4_Chr06",70,24,9,4,71,0,186,108,22.2222222222222,3.7037037037037,65.7407407407407
"8","M_sativa_ZM4_hap4","M_sativa_ZM4_hap4_Chr06",71,17,10,7,80,0,184,114,14.9122807017544,6.14035087719298,70.1754385964912
"8","M_sativa_ZM4_hap4","M_sativa_ZM4_hap4_Chr06",72,19,5,14,48,0,131,86,22.093023255814,16.2790697674419,55.8139534883721
"8","M_sativa_ZM4_hap4","M_sativa_ZM4_hap4_Chr06",73,28,6,7,67,0,153,108,25.9259259259259,6.48148148148148,62.037037037037
"8","M_sativa_ZM4_hap4","M_sativa_ZM4_hap4_Chr06",74,11,7,5,73,0,141,96,11.4583333333333,5.20833333333333,76.0416666666667
"8","M_sativa_ZM4_hap4","M_sativa_ZM4_hap4_Chr06",75,18,6,5,65,0,150,94,19.1489361702128,5.31914893617021,69.1489361702128
"8","M_sativa_ZM4_hap4","M_sativa_ZM4_hap4_Chr06",76,33,16,10,63,0,194,122,27.0491803278689,8.19672131147541,51.6393442622951
"8","M_sativa_ZM4_hap4","M_sativa_ZM4_hap4_Chr06",77,39,17,6,86,0,213,148,26.3513513513514,4.05405405405405,58.1081081081081
"8","M_sativa_ZM4_hap4","M_sativa_ZM4_hap4_Chr06",78,28,13,8,78,0,189,127,22.0472440944882,6.2992125984252,61.4173228346457
"8","M_sativa_ZM4_hap4","M_sativa_ZM4_hap4_Chr06",79,39,5,13,65,0,175,122,31.9672131147541,10.655737704918,53.2786885245902
"8","M_sativa_ZM4_hap4","M_sativa_ZM4_hap4_Chr06",80,29,4,2,57,0,139,92,31.5217391304348,2.17391304347826,61.9565217391304
"8","M_sativa_ZM4_hap4","M_sativa_ZM4_hap4_Chr06",81,21,17,5,55,0,157,98,21.4285714285714,5.10204081632653,56.1224489795918
"8","M_sativa_ZM4_hap4","M_sativa_ZM4_hap4_Chr06",82,37,24,9,93,0,232,163,22.6993865030675,5.52147239263804,57.0552147239264
"8","M_sativa_ZM4_hap4","M_sativa_ZM4_hap4_Chr06",83,26,11,16,93,0,234,146,17.8082191780822,10.958904109589,63.6986301369863
"8","M_sativa_ZM4_hap4","M_sativa_ZM4_hap4_Chr06",84,38,10,14,86,0,231,148,25.6756756756757,9.45945945945946,58.1081081081081
"8","M_sativa_ZM4_hap4","M_sativa_ZM4_hap4_Chr06",85,43,15,9,146,0,309,213,20.18779342723,4.22535211267606,68.5446009389671
"8","M_sativa_ZM4_hap4","M_sativa_ZM4_hap4_Chr06",86,23,4,13,91,0,203,131,17.5572519083969,9.9236641221374,69.4656488549618
"8","M_sativa_ZM4_hap4","M_sativa_ZM4_hap4_Chr06",87,36,5,7,70,0,205,118,30.5084745762712,5.93220338983051,59.3220338983051
"8","M_sativa_ZM4_hap4","M_sativa_ZM4_hap4_Chr06",88,26,9,11,91,0,213,137,18.978102189781,8.02919708029197,66.4233576642336
"8","M_sativa_ZM4_hap4","M_sativa_ZM4_hap4_Chr06",89,23,9,7,102,0,227,141,16.3120567375887,4.9645390070922,72.3404255319149
"8","M_sativa_ZM4_hap4","M_sativa_ZM4_hap4_Chr06",90,44,10,13,108,0,283,175,25.1428571428571,7.42857142857143,61.7142857142857
"8","M_sativa_ZM4_hap4","M_sativa_ZM4_hap4_Chr06",91,26,13,9,119,0,284,167,15.5688622754491,5.38922155688623,71.2574850299401
"8","M_sativa_ZM4_hap4","M_sativa_ZM4_hap4_Chr06",92,43,6,10,123,0,272,182,23.6263736263736,5.49450549450549,67.5824175824176
"8","M_sativa_ZM4_hap4","M_sativa_ZM4_hap4_Chr06",93,48,15,8,95,0,250,166,28.9156626506024,4.81927710843374,57.2289156626506
"8","M_sativa_ZM4_hap4","M_sativa_ZM4_hap4_Chr06",94,26,16,10,113,0,268,165,15.7575757575758,6.06060606060606,68.4848484848485
"8","M_sativa_ZM4_hap4","M_sativa_ZM4_hap4_Chr06",95,30,11,24,170,0,376,235,12.7659574468085,10.2127659574468,72.3404255319149
"8","M_sativa_ZM4_hap4","M_sativa_ZM4_hap4_Chr06",96,20,5,5,27,0,168,57,35.0877192982456,8.7719298245614,47.3684210526316
"8","M_sativa_ZM4_hap4","M_sativa_ZM4_hap4_Chr07",0,1,2,0,4,0,9,7,14.2857142857143,0,57.1428571428571
"8","M_sativa_ZM4_hap4","M_sativa_ZM4_hap4_Chr07",2,21,7,10,11,0,53,49,42.8571428571429,20.4081632653061,22.4489795918367
"8","M_sativa_ZM4_hap4","M_sativa_ZM4_hap4_Chr07",3,33,15,12,54,0,150,114,28.9473684210526,10.5263157894737,47.3684210526316
"8","M_sativa_ZM4_hap4","M_sativa_ZM4_hap4_Chr07",4,30,17,20,89,0,215,156,19.2307692307692,12.8205128205128,57.0512820512821
"8","M_sativa_ZM4_hap4","M_sativa_ZM4_hap4_Chr07",5,24,7,9,73,0,165,113,21.2389380530973,7.9646017699115,64.6017699115044
"8","M_sativa_ZM4_hap4","M_sativa_ZM4_hap4_Chr07",6,18,11,9,61,0,161,99,18.1818181818182,9.09090909090909,61.6161616161616
"8","M_sativa_ZM4_hap4","M_sativa_ZM4_hap4_Chr07",7,38,16,11,64,0,176,129,29.4573643410853,8.52713178294574,49.6124031007752
"8","M_sativa_ZM4_hap4","M_sativa_ZM4_hap4_Chr07",8,32,12,12,114,0,254,170,18.8235294117647,7.05882352941176,67.0588235294118
"8","M_sativa_ZM4_hap4","M_sativa_ZM4_hap4_Chr07",9,38,12,26,95,0,271,171,22.2222222222222,15.2046783625731,55.5555555555556
"8","M_sativa_ZM4_hap4","M_sativa_ZM4_hap4_Chr07",10,30,15,6,105,0,242,156,19.2307692307692,3.84615384615385,67.3076923076923
"8","M_sativa_ZM4_hap4","M_sativa_ZM4_hap4_Chr07",11,41,6,11,105,0,240,163,25.1533742331288,6.74846625766871,64.4171779141104
"8","M_sativa_ZM4_hap4","M_sativa_ZM4_hap4_Chr07",12,14,9,3,79,0,177,105,13.3333333333333,2.85714285714286,75.2380952380952
"8","M_sativa_ZM4_hap4","M_sativa_ZM4_hap4_Chr07",13,37,2,16,108,0,257,163,22.6993865030675,9.8159509202454,66.2576687116564
"8","M_sativa_ZM4_hap4","M_sativa_ZM4_hap4_Chr07",14,38,3,10,97,0,230,148,25.6756756756757,6.75675675675676,65.5405405405405
"8","M_sativa_ZM4_hap4","M_sativa_ZM4_hap4_Chr07",15,49,13,8,97,0,284,167,29.3413173652695,4.79041916167665,58.0838323353293
"8","M_sativa_ZM4_hap4","M_sativa_ZM4_hap4_Chr07",16,31,6,14,99,0,234,150,20.6666666666667,9.33333333333333,66
"8","M_sativa_ZM4_hap4","M_sativa_ZM4_hap4_Chr07",17,25,9,16,105,0,234,155,16.1290322580645,10.3225806451613,67.741935483871
"8","M_sativa_ZM4_hap4","M_sativa_ZM4_hap4_Chr07",18,39,10,7,89,0,211,145,26.8965517241379,4.82758620689655,61.3793103448276
"8","M_sativa_ZM4_hap4","M_sativa_ZM4_hap4_Chr07",19,31,6,1,50,0,133,88,35.2272727272727,1.13636363636364,56.8181818181818
"8","M_sativa_ZM4_hap4","M_sativa_ZM4_hap4_Chr07",20,33,17,18,81,0,218,149,22.1476510067114,12.0805369127517,54.3624161073826
"8","M_sativa_ZM4_hap4","M_sativa_ZM4_hap4_Chr07",21,2,4,0,75,0,166,81,2.46913580246914,0,92.5925925925926
"8","M_sativa_ZM4_hap4","M_sativa_ZM4_hap4_Chr07",22,13,8,4,98,0,190,123,10.5691056910569,3.2520325203252,79.6747967479675
"8","M_sativa_ZM4_hap4","M_sativa_ZM4_hap4_Chr07",23,31,17,10,66,0,178,124,25,8.06451612903226,53.2258064516129
"8","M_sativa_ZM4_hap4","M_sativa_ZM4_hap4_Chr07",24,34,18,2,58,0,169,112,30.3571428571429,1.78571428571429,51.7857142857143
"8","M_sativa_ZM4_hap4","M_sativa_ZM4_hap4_Chr07",25,44,10,13,104,0,258,171,25.7309941520468,7.60233918128655,60.8187134502924
"8","M_sativa_ZM4_hap4","M_sativa_ZM4_hap4_Chr07",26,39,13,9,117,0,268,178,21.9101123595506,5.0561797752809,65.7303370786517
"8","M_sativa_ZM4_hap4","M_sativa_ZM4_hap4_Chr07",27,37,11,13,94,0,231,155,23.8709677419355,8.38709677419355,60.6451612903226
"8","M_sativa_ZM4_hap4","M_sativa_ZM4_hap4_Chr07",28,34,17,8,75,0,206,134,25.3731343283582,5.97014925373134,55.9701492537313
"8","M_sativa_ZM4_hap4","M_sativa_ZM4_hap4_Chr07",29,39,9,5,86,0,208,139,28.0575539568345,3.59712230215827,61.8705035971223
"8","M_sativa_ZM4_hap4","M_sativa_ZM4_hap4_Chr07",30,35,8,20,105,0,251,168,20.8333333333333,11.9047619047619,62.5
"8","M_sativa_ZM4_hap4","M_sativa_ZM4_hap4_Chr07",31,48,7,11,73,0,206,139,34.5323741007194,7.9136690647482,52.5179856115108
"8","M_sativa_ZM4_hap4","M_sativa_ZM4_hap4_Chr07",32,56,12,9,86,0,224,163,34.3558282208589,5.52147239263804,52.760736196319
"8","M_sativa_ZM4_hap4","M_sativa_ZM4_hap4_Chr07",33,22,17,13,105,0,262,157,14.0127388535032,8.28025477707006,66.8789808917197
"8","M_sativa_ZM4_hap4","M_sativa_ZM4_hap4_Chr07",34,31,15,10,96,0,211,152,20.3947368421053,6.57894736842105,63.1578947368421
"8","M_sativa_ZM4_hap4","M_sativa_ZM4_hap4_Chr07",35,22,6,6,80,0,181,114,19.2982456140351,5.26315789473684,70.1754385964912
"8","M_sativa_ZM4_hap4","M_sativa_ZM4_hap4_Chr07",36,0,0,0,64,0,119,64,0,0,100
"8","M_sativa_ZM4_hap4","M_sativa_ZM4_hap4_Chr07",37,0,0,0,67,0,132,67,0,0,100
"8","M_sativa_ZM4_hap4","M_sativa_ZM4_hap4_Chr07",38,0,0,0,54,0,99,54,0,0,100
"8","M_sativa_ZM4_hap4","M_sativa_ZM4_hap4_Chr07",39,3,0,2,21,0,46,26,11.5384615384615,7.69230769230769,80.7692307692308
"8","M_sativa_ZM4_hap4","M_sativa_ZM4_hap4_Chr07",40,0,1,0,23,0,43,24,0,0,95.8333333333333
"8","M_sativa_ZM4_hap4","M_sativa_ZM4_hap4_Chr07",41,2,0,2,26,0,57,30,6.66666666666667,6.66666666666667,86.6666666666667
"8","M_sativa_ZM4_hap4","M_sativa_ZM4_hap4_Chr07",42,1,3,0,15,0,36,19,5.26315789473684,0,78.9473684210526
"8","M_sativa_ZM4_hap4","M_sativa_ZM4_hap4_Chr07",43,19,16,8,14,0,69,57,33.3333333333333,14.0350877192982,24.5614035087719
"8","M_sativa_ZM4_hap4","M_sativa_ZM4_hap4_Chr07",44,33,8,10,24,0,93,75,44,13.3333333333333,32
"8","M_sativa_ZM4_hap4","M_sativa_ZM4_hap4_Chr07",45,38,9,9,44,0,133,100,38,9,44
"8","M_sativa_ZM4_hap4","M_sativa_ZM4_hap4_Chr07",46,24,17,10,49,0,137,100,24,10,49
"8","M_sativa_ZM4_hap4","M_sativa_ZM4_hap4_Chr07",47,36,11,7,69,0,166,123,29.2682926829268,5.69105691056911,56.0975609756098
"8","M_sativa_ZM4_hap4","M_sativa_ZM4_hap4_Chr07",48,16,13,10,59,0,139,98,16.3265306122449,10.2040816326531,60.2040816326531
"8","M_sativa_ZM4_hap4","M_sativa_ZM4_hap4_Chr07",49,28,16,16,44,0,145,104,26.9230769230769,15.3846153846154,42.3076923076923
"8","M_sativa_ZM4_hap4","M_sativa_ZM4_hap4_Chr07",50,31,20,12,86,0,200,149,20.8053691275168,8.05369127516779,57.7181208053691
"8","M_sativa_ZM4_hap4","M_sativa_ZM4_hap4_Chr07",51,35,13,7,84,0,205,139,25.1798561151079,5.03597122302158,60.431654676259
"8","M_sativa_ZM4_hap4","M_sativa_ZM4_hap4_Chr07",52,41,3,15,93,0,233,152,26.9736842105263,9.86842105263158,61.1842105263158
"8","M_sativa_ZM4_hap4","M_sativa_ZM4_hap4_Chr07",53,36,10,12,83,0,207,141,25.531914893617,8.51063829787234,58.8652482269504
"8","M_sativa_ZM4_hap4","M_sativa_ZM4_hap4_Chr07",54,38,15,15,88,0,228,156,24.3589743589744,9.61538461538461,56.4102564102564
"8","M_sativa_ZM4_hap4","M_sativa_ZM4_hap4_Chr07",55,27,8,30,84,0,218,149,18.1208053691275,20.1342281879195,56.3758389261745
"8","M_sativa_ZM4_hap4","M_sativa_ZM4_hap4_Chr07",56,29,12,24,109,0,263,174,16.6666666666667,13.7931034482759,62.6436781609195
"8","M_sativa_ZM4_hap4","M_sativa_ZM4_hap4_Chr07",57,34,10,5,100,0,246,149,22.8187919463087,3.35570469798658,67.1140939597315
"8","M_sativa_ZM4_hap4","M_sativa_ZM4_hap4_Chr07",58,38,15,4,82,0,217,139,27.3381294964029,2.87769784172662,58.9928057553957
"8","M_sativa_ZM4_hap4","M_sativa_ZM4_hap4_Chr07",59,26,18,11,89,0,221,144,18.0555555555556,7.63888888888889,61.8055555555556
"8","M_sativa_ZM4_hap4","M_sativa_ZM4_hap4_Chr07",60,27,11,13,99,0,227,150,18,8.66666666666667,66
"8","M_sativa_ZM4_hap4","M_sativa_ZM4_hap4_Chr07",61,37,24,11,103,0,256,175,21.1428571428571,6.28571428571429,58.8571428571429
"8","M_sativa_ZM4_hap4","M_sativa_ZM4_hap4_Chr07",62,28,7,14,82,0,190,131,21.3740458015267,10.6870229007634,62.5954198473282
"8","M_sativa_ZM4_hap4","M_sativa_ZM4_hap4_Chr07",63,35,17,23,90,0,259,165,21.2121212121212,13.9393939393939,54.5454545454545
"8","M_sativa_ZM4_hap4","M_sativa_ZM4_hap4_Chr07",64,43,17,10,97,0,248,167,25.748502994012,5.98802395209581,58.0838323353293
"8","M_sativa_ZM4_hap4","M_sativa_ZM4_hap4_Chr07",65,30,8,7,80,0,210,125,24,5.6,64
"8","M_sativa_ZM4_hap4","M_sativa_ZM4_hap4_Chr07",66,42,11,21,100,0,287,174,24.1379310344828,12.0689655172414,57.4712643678161
"8","M_sativa_ZM4_hap4","M_sativa_ZM4_hap4_Chr07",67,50,12,11,87,0,245,160,31.25,6.875,54.375
"8","M_sativa_ZM4_hap4","M_sativa_ZM4_hap4_Chr07",68,14,2,1,104,0,199,121,11.5702479338843,0.826446280991736,85.9504132231405
"8","M_sativa_ZM4_hap4","M_sativa_ZM4_hap4_Chr07",69,19,3,7,98,0,207,127,14.9606299212598,5.51181102362205,77.1653543307087
"8","M_sativa_ZM4_hap4","M_sativa_ZM4_hap4_Chr07",70,45,12,14,79,0,225,150,30,9.33333333333333,52.6666666666667
"8","M_sativa_ZM4_hap4","M_sativa_ZM4_hap4_Chr07",71,42,10,5,39,0,133,96,43.75,5.20833333333333,40.625
"8","M_sativa_ZM4_hap4","M_sativa_ZM4_hap4_Chr07",72,49,8,16,70,0,200,143,34.2657342657343,11.1888111888112,48.951048951049
"8","M_sativa_ZM4_hap4","M_sativa_ZM4_hap4_Chr07",73,30,7,10,96,0,235,143,20.979020979021,6.99300699300699,67.1328671328671
"8","M_sativa_ZM4_hap4","M_sativa_ZM4_hap4_Chr07",74,46,14,15,104,0,283,179,25.6983240223464,8.37988826815642,58.1005586592179
"8","M_sativa_ZM4_hap4","M_sativa_ZM4_hap4_Chr07",75,61,28,9,136,0,342,234,26.0683760683761,3.84615384615385,58.1196581196581
"8","M_sativa_ZM4_hap4","M_sativa_ZM4_hap4_Chr07",76,50,11,18,133,0,329,212,23.5849056603774,8.49056603773585,62.7358490566038
"8","M_sativa_ZM4_hap4","M_sativa_ZM4_hap4_Chr07",77,57,7,17,135,0,334,216,26.3888888888889,7.87037037037037,62.5
"8","M_sativa_ZM4_hap4","M_sativa_ZM4_hap4_Chr07",78,42,21,9,128,0,289,200,21,4.5,64
"8","M_sativa_ZM4_hap4","M_sativa_ZM4_hap4_Chr07",79,48,19,12,144,0,345,223,21.52466367713,5.38116591928251,64.5739910313901
"8","M_sativa_ZM4_hap4","M_sativa_ZM4_hap4_Chr07",80,51,16,11,148,0,336,226,22.5663716814159,4.86725663716814,65.4867256637168
"8","M_sativa_ZM4_hap4","M_sativa_ZM4_hap4_Chr07",81,63,22,16,135,0,364,236,26.6949152542373,6.77966101694915,57.2033898305085
"8","M_sativa_ZM4_hap4","M_sativa_ZM4_hap4_Chr07",82,48,10,16,118,0,300,192,25,8.33333333333333,61.4583333333333
"8","M_sativa_ZM4_hap4","M_sativa_ZM4_hap4_Chr07",83,60,8,14,148,0,358,230,26.0869565217391,6.08695652173913,64.3478260869565
"8","M_sativa_ZM4_hap4","M_sativa_ZM4_hap4_Chr07",84,64,7,19,123,0,337,213,30.0469483568075,8.92018779342723,57.7464788732394
"8","M_sativa_ZM4_hap4","M_sativa_ZM4_hap4_Chr07",85,63,9,13,115,0,336,200,31.5,6.5,57.5
"8","M_sativa_ZM4_hap4","M_sativa_ZM4_hap4_Chr07",86,49,20,15,142,0,362,226,21.6814159292035,6.63716814159292,62.8318584070796
"8","M_sativa_ZM4_hap4","M_sativa_ZM4_hap4_Chr07",87,56,18,7,134,0,330,215,26.046511627907,3.25581395348837,62.3255813953488
"8","M_sativa_ZM4_hap4","M_sativa_ZM4_hap4_Chr07",88,35,16,9,140,0,321,200,17.5,4.5,70
"8","M_sativa_ZM4_hap4","M_sativa_ZM4_hap4_Chr07",89,57,29,14,146,0,366,246,23.1707317073171,5.69105691056911,59.349593495935
"8","M_sativa_ZM4_hap4","M_sativa_ZM4_hap4_Chr07",90,58,15,9,139,0,347,221,26.2443438914027,4.07239819004525,62.89592760181
"8","M_sativa_ZM4_hap4","M_sativa_ZM4_hap4_Chr07",91,39,42,12,144,0,352,237,16.4556962025316,5.06329113924051,60.7594936708861
"8","M_sativa_ZM4_hap4","M_sativa_ZM4_hap4_Chr07",92,54,26,9,140,0,353,229,23.5807860262009,3.93013100436681,61.1353711790393
"8","M_sativa_ZM4_hap4","M_sativa_ZM4_hap4_Chr07",93,49,43,14,153,0,395,259,18.9189189189189,5.40540540540541,59.0733590733591
"8","M_sativa_ZM4_hap4","M_sativa_ZM4_hap4_Chr07",94,50,26,8,144,0,362,228,21.9298245614035,3.50877192982456,63.1578947368421
"8","M_sativa_ZM4_hap4","M_sativa_ZM4_hap4_Chr07",95,61,17,12,128,0,336,218,27.9816513761468,5.5045871559633,58.7155963302752
"8","M_sativa_ZM4_hap4","M_sativa_ZM4_hap4_Chr07",96,60,11,11,160,0,374,242,24.7933884297521,4.54545454545455,66.1157024793388
"8","M_sativa_ZM4_hap4","M_sativa_ZM4_hap4_Chr07",97,50,27,9,156,0,386,242,20.6611570247934,3.71900826446281,64.4628099173554
"8","M_sativa_ZM4_hap4","M_sativa_ZM4_hap4_Chr07",98,78,18,12,153,0,394,261,29.8850574712644,4.59770114942529,58.6206896551724
"8","M_sativa_ZM4_hap4","M_sativa_ZM4_hap4_Chr07",99,61,16,15,157,0,372,249,24.4979919678715,6.02409638554217,63.0522088353414
"8","M_sativa_ZM4_hap4","M_sativa_ZM4_hap4_Chr07",100,54,28,16,138,0,373,236,22.8813559322034,6.77966101694915,58.4745762711864
"8","M_sativa_ZM4_hap4","M_sativa_ZM4_hap4_Chr07",101,58,31,11,146,0,387,246,23.5772357723577,4.47154471544715,59.349593495935
"8","M_sativa_ZM4_hap4","M_sativa_ZM4_hap4_Chr07",102,54,36,14,183,0,442,287,18.815331010453,4.8780487804878,63.7630662020906
"8","M_sativa_ZM4_hap4","M_sativa_ZM4_hap4_Chr07",103,60,20,13,148,0,376,241,24.896265560166,5.39419087136929,61.4107883817427
"8","M_sativa_ZM4_hap4","M_sativa_ZM4_hap4_Chr07",104,71,9,21,160,0,393,261,27.2030651340996,8.04597701149425,61.3026819923372
"8","M_sativa_ZM4_hap4","M_sativa_ZM4_hap4_Chr07",105,22,4,3,44,0,253,73,30.1369863013699,4.10958904109589,60.2739726027397
"8","M_sativa_ZM4_hap4","M_sativa_ZM4_hap4_Chr08",0,3,1,0,48,0,99,52,5.76923076923077,0,92.3076923076923
"8","M_sativa_ZM4_hap4","M_sativa_ZM4_hap4_Chr08",1,1,0,0,49,0,81,50,2,0,98
"8","M_sativa_ZM4_hap4","M_sativa_ZM4_hap4_Chr08",2,29,6,7,63,0,168,105,27.6190476190476,6.66666666666667,60
"8","M_sativa_ZM4_hap4","M_sativa_ZM4_hap4_Chr08",3,48,9,18,125,0,316,200,24,9,62.5
"8","M_sativa_ZM4_hap4","M_sativa_ZM4_hap4_Chr08",4,52,15,15,127,0,332,209,24.8803827751196,7.17703349282297,60.7655502392345
"8","M_sativa_ZM4_hap4","M_sativa_ZM4_hap4_Chr08",5,59,8,8,129,0,330,204,28.921568627451,3.92156862745098,63.2352941176471
"8","M_sativa_ZM4_hap4","M_sativa_ZM4_hap4_Chr08",6,47,15,12,139,0,319,213,22.0657276995305,5.63380281690141,65.2582159624413
"8","M_sativa_ZM4_hap4","M_sativa_ZM4_hap4_Chr08",7,36,22,4,112,0,269,174,20.6896551724138,2.29885057471264,64.367816091954
"8","M_sativa_ZM4_hap4","M_sativa_ZM4_hap4_Chr08",8,54,18,7,133,0,303,212,25.4716981132075,3.30188679245283,62.7358490566038
"8","M_sativa_ZM4_hap4","M_sativa_ZM4_hap4_Chr08",9,33,11,12,120,0,314,176,18.75,6.81818181818182,68.1818181818182
"8","M_sativa_ZM4_hap4","M_sativa_ZM4_hap4_Chr08",10,48,23,8,116,0,292,195,24.6153846153846,4.1025641025641,59.4871794871795
"8","M_sativa_ZM4_hap4","M_sativa_ZM4_hap4_Chr08",11,44,13,4,114,0,282,175,25.1428571428571,2.28571428571429,65.1428571428571
"8","M_sativa_ZM4_hap4","M_sativa_ZM4_hap4_Chr08",12,43,7,11,114,0,273,175,24.5714285714286,6.28571428571429,65.1428571428571
"8","M_sativa_ZM4_hap4","M_sativa_ZM4_hap4_Chr08",13,50,15,12,116,0,304,193,25.9067357512953,6.21761658031088,60.1036269430052
"8","M_sativa_ZM4_hap4","M_sativa_ZM4_hap4_Chr08",14,40,13,11,121,0,286,185,21.6216216216216,5.94594594594595,65.4054054054054
"8","M_sativa_ZM4_hap4","M_sativa_ZM4_hap4_Chr08",15,33,12,10,122,0,286,177,18.6440677966102,5.64971751412429,68.9265536723164
"8","M_sativa_ZM4_hap4","M_sativa_ZM4_hap4_Chr08",16,49,4,10,145,0,320,208,23.5576923076923,4.80769230769231,69.7115384615385
"8","M_sativa_ZM4_hap4","M_sativa_ZM4_hap4_Chr08",17,65,6,7,99,0,259,177,36.7231638418079,3.95480225988701,55.9322033898305
"8","M_sativa_ZM4_hap4","M_sativa_ZM4_hap4_Chr08",18,56,9,8,105,0,256,178,31.4606741573034,4.49438202247191,58.9887640449438
"8","M_sativa_ZM4_hap4","M_sativa_ZM4_hap4_Chr08",19,49,8,10,146,0,325,213,23.0046948356808,4.69483568075117,68.5446009389671
"8","M_sativa_ZM4_hap4","M_sativa_ZM4_hap4_Chr08",20,79,3,37,80,0,261,199,39.6984924623116,18.5929648241206,40.2010050251256
"8","M_sativa_ZM4_hap4","M_sativa_ZM4_hap4_Chr08",21,4,2,0,93,0,185,99,4.04040404040404,0,93.9393939393939
"8","M_sativa_ZM4_hap4","M_sativa_ZM4_hap4_Chr08",22,2,0,0,45,0,86,47,4.25531914893617,0,95.7446808510638
"8","M_sativa_ZM4_hap4","M_sativa_ZM4_hap4_Chr08",23,2,0,2,69,0,124,73,2.73972602739726,2.73972602739726,94.5205479452055
"8","M_sativa_ZM4_hap4","M_sativa_ZM4_hap4_Chr08",24,10,2,1,90,0,210,103,9.70873786407767,0.970873786407767,87.378640776699
"8","M_sativa_ZM4_hap4","M_sativa_ZM4_hap4_Chr08",25,32,13,9,102,0,239,156,20.5128205128205,5.76923076923077,65.3846153846154
"8","M_sativa_ZM4_hap4","M_sativa_ZM4_hap4_Chr08",26,38,9,7,109,0,260,163,23.3128834355828,4.29447852760736,66.8711656441718
"8","M_sativa_ZM4_hap4","M_sativa_ZM4_hap4_Chr08",27,59,5,10,123,0,299,197,29.9492385786802,5.0761421319797,62.4365482233503
"8","M_sativa_ZM4_hap4","M_sativa_ZM4_hap4_Chr08",28,24,13,9,98,0,246,144,16.6666666666667,6.25,68.0555555555556
"8","M_sativa_ZM4_hap4","M_sativa_ZM4_hap4_Chr08",29,52,7,6,110,0,263,175,29.7142857142857,3.42857142857143,62.8571428571429
"8","M_sativa_ZM4_hap4","M_sativa_ZM4_hap4_Chr08",30,42,12,5,101,0,232,160,26.25,3.125,63.125
"8","M_sativa_ZM4_hap4","M_sativa_ZM4_hap4_Chr08",31,40,13,8,101,0,224,162,24.6913580246914,4.93827160493827,62.3456790123457
"8","M_sativa_ZM4_hap4","M_sativa_ZM4_hap4_Chr08",32,55,2,6,99,0,255,162,33.9506172839506,3.7037037037037,61.1111111111111
"8","M_sativa_ZM4_hap4","M_sativa_ZM4_hap4_Chr08",33,44,15,5,92,0,233,156,28.2051282051282,3.20512820512821,58.974358974359
"8","M_sativa_ZM4_hap4","M_sativa_ZM4_hap4_Chr08",34,46,7,8,81,0,218,142,32.3943661971831,5.63380281690141,57.0422535211268
"8","M_sativa_ZM4_hap4","M_sativa_ZM4_hap4_Chr08",35,27,8,7,71,0,174,113,23.8938053097345,6.19469026548673,62.8318584070796
"8","M_sativa_ZM4_hap4","M_sativa_ZM4_hap4_Chr08",36,21,13,7,84,0,191,125,16.8,5.6,67.2
"8","M_sativa_ZM4_hap4","M_sativa_ZM4_hap4_Chr08",37,21,4,15,79,0,195,119,17.6470588235294,12.6050420168067,66.3865546218487
"8","M_sativa_ZM4_hap4","M_sativa_ZM4_hap4_Chr08",38,28,8,0,60,0,155,96,29.1666666666667,0,62.5
"8","M_sativa_ZM4_hap4","M_sativa_ZM4_hap4_Chr08",39,22,14,11,72,0,170,119,18.4873949579832,9.2436974789916,60.5042016806723
"8","M_sativa_ZM4_hap4","M_sativa_ZM4_hap4_Chr08",40,49,11,4,56,0,172,120,40.8333333333333,3.33333333333333,46.6666666666667
"8","M_sativa_ZM4_hap4","M_sativa_ZM4_hap4_Chr08",41,47,6,7,32,0,118,92,51.0869565217391,7.60869565217391,34.7826086956522
"8","M_sativa_ZM4_hap4","M_sativa_ZM4_hap4_Chr08",42,22,9,8,42,0,89,81,27.1604938271605,9.87654320987654,51.8518518518519
"8","M_sativa_ZM4_hap4","M_sativa_ZM4_hap4_Chr08",43,11,5,6,15,0,49,37,29.7297297297297,16.2162162162162,40.5405405405405
"8","M_sativa_ZM4_hap4","M_sativa_ZM4_hap4_Chr08",44,2,0,0,33,0,63,35,5.71428571428571,0,94.2857142857143
"8","M_sativa_ZM4_hap4","M_sativa_ZM4_hap4_Chr08",45,0,1,1,42,0,80,44,0,2.27272727272727,95.4545454545455
"8","M_sativa_ZM4_hap4","M_sativa_ZM4_hap4_Chr08",46,5,2,0,58,0,116,65,7.69230769230769,0,89.2307692307692
"8","M_sativa_ZM4_hap4","M_sativa_ZM4_hap4_Chr08",47,0,1,2,67,0,118,70,0,2.85714285714286,95.7142857142857
"8","M_sativa_ZM4_hap4","M_sativa_ZM4_hap4_Chr08",48,3,0,1,50,0,117,54,5.55555555555556,1.85185185185185,92.5925925925926
"8","M_sativa_ZM4_hap4","M_sativa_ZM4_hap4_Chr08",49,0,0,0,47,0,121,47,0,0,100
"8","M_sativa_ZM4_hap4","M_sativa_ZM4_hap4_Chr08",50,7,1,1,88,0,188,97,7.21649484536082,1.03092783505155,90.7216494845361
"8","M_sativa_ZM4_hap4","M_sativa_ZM4_hap4_Chr08",51,18,5,4,109,0,228,136,13.2352941176471,2.94117647058824,80.1470588235294
"8","M_sativa_ZM4_hap4","M_sativa_ZM4_hap4_Chr08",52,30,7,13,99,0,226,149,20.1342281879195,8.7248322147651,66.4429530201342
"8","M_sativa_ZM4_hap4","M_sativa_ZM4_hap4_Chr08",53,21,11,6,111,0,266,149,14.0939597315436,4.02684563758389,74.496644295302
"8","M_sativa_ZM4_hap4","M_sativa_ZM4_hap4_Chr08",54,27,5,23,115,0,282,170,15.8823529411765,13.5294117647059,67.6470588235294
"8","M_sativa_ZM4_hap4","M_sativa_ZM4_hap4_Chr08",55,42,15,18,118,0,286,193,21.7616580310881,9.32642487046632,61.139896373057
"8","M_sativa_ZM4_hap4","M_sativa_ZM4_hap4_Chr08",56,30,10,22,110,0,287,172,17.4418604651163,12.7906976744186,63.953488372093
"8","M_sativa_ZM4_hap4","M_sativa_ZM4_hap4_Chr08",57,38,1,6,118,0,250,163,23.3128834355828,3.68098159509202,72.3926380368098
"8","M_sativa_ZM4_hap4","M_sativa_ZM4_hap4_Chr08",58,42,15,13,125,0,289,195,21.5384615384615,6.66666666666667,64.1025641025641
"8","M_sativa_ZM4_hap4","M_sativa_ZM4_hap4_Chr08",59,52,16,11,119,0,297,198,26.2626262626263,5.55555555555556,60.1010101010101
"8","M_sativa_ZM4_hap4","M_sativa_ZM4_hap4_Chr08",60,32,3,14,126,0,294,175,18.2857142857143,8,72
"8","M_sativa_ZM4_hap4","M_sativa_ZM4_hap4_Chr08",61,47,26,10,119,0,317,202,23.2673267326733,4.95049504950495,58.9108910891089
"8","M_sativa_ZM4_hap4","M_sativa_ZM4_hap4_Chr08",62,33,4,8,113,0,262,158,20.8860759493671,5.06329113924051,71.5189873417721
"8","M_sativa_ZM4_hap4","M_sativa_ZM4_hap4_Chr08",63,33,12,12,140,0,319,197,16.751269035533,6.09137055837563,71.0659898477157
"8","M_sativa_ZM4_hap4","M_sativa_ZM4_hap4_Chr08",64,58,13,11,133,0,325,215,26.9767441860465,5.11627906976744,61.8604651162791
"8","M_sativa_ZM4_hap4","M_sativa_ZM4_hap4_Chr08",65,41,8,18,140,0,337,207,19.8067632850242,8.69565217391304,67.6328502415459
"8","M_sativa_ZM4_hap4","M_sativa_ZM4_hap4_Chr08",66,50,12,19,111,0,292,192,26.0416666666667,9.89583333333333,57.8125
"8","M_sativa_ZM4_hap4","M_sativa_ZM4_hap4_Chr08",67,35,3,10,119,0,273,167,20.9580838323353,5.98802395209581,71.2574850299401
"8","M_sativa_ZM4_hap4","M_sativa_ZM4_hap4_Chr08",68,61,7,4,137,0,313,209,29.1866028708134,1.91387559808612,65.5502392344498
"8","M_sativa_ZM4_hap4","M_sativa_ZM4_hap4_Chr08",69,77,8,16,152,0,364,253,30.4347826086957,6.32411067193676,60.0790513833992
"8","M_sativa_ZM4_hap4","M_sativa_ZM4_hap4_Chr08",70,61,6,8,140,0,315,215,28.3720930232558,3.72093023255814,65.1162790697674
"8","M_sativa_ZM4_hap4","M_sativa_ZM4_hap4_Chr08",71,57,4,6,142,0,332,209,27.2727272727273,2.87081339712919,67.9425837320574
"8","M_sativa_ZM4_hap4","M_sativa_ZM4_hap4_Chr08",72,44,3,23,135,0,313,205,21.4634146341463,11.219512195122,65.8536585365854
"8","M_sativa_ZM4_hap4","M_sativa_ZM4_hap4_Chr08",73,55,3,11,125,0,342,194,28.3505154639175,5.67010309278351,64.4329896907217
"8","M_sativa_ZM4_hap4","M_sativa_ZM4_hap4_Chr08",74,66,5,11,132,0,331,214,30.8411214953271,5.14018691588785,61.6822429906542
"8","M_sativa_ZM4_hap4","M_sativa_ZM4_hap4_Chr08",75,57,7,4,151,0,332,219,26.027397260274,1.82648401826484,68.9497716894977
"8","M_sativa_ZM4_hap4","M_sativa_ZM4_hap4_Chr08",76,65,10,5,147,0,346,227,28.6343612334802,2.20264317180617,64.7577092511013
"8","M_sativa_ZM4_hap4","M_sativa_ZM4_hap4_Chr08",77,60,5,17,148,0,354,230,26.0869565217391,7.39130434782609,64.3478260869565
"8","M_sativa_ZM4_hap4","M_sativa_ZM4_hap4_Chr08",78,67,11,12,157,0,355,247,27.1255060728745,4.8582995951417,63.5627530364373
"8","M_sativa_ZM4_hap4","M_sativa_ZM4_hap4_Chr08",79,80,5,16,135,0,380,236,33.8983050847458,6.77966101694915,57.2033898305085
"8","M_sativa_ZM4_hap4","M_sativa_ZM4_hap4_Chr08",80,46,2,17,135,0,309,200,23,8.5,67.5
"8","M_sativa_ZM4_hap4","M_sativa_ZM4_hap4_Chr08",81,71,3,10,154,0,368,238,29.8319327731092,4.20168067226891,64.7058823529412
"8","M_sativa_ZM4_hap4","M_sativa_ZM4_hap4_Chr08",82,65,11,21,146,0,373,243,26.7489711934156,8.64197530864197,60.082304526749
"8","M_sativa_ZM4_hap4","M_sativa_ZM4_hap4_Chr08",83,64,5,16,131,0,348,216,29.6296296296296,7.40740740740741,60.6481481481481
"8","M_sativa_ZM4_hap4","M_sativa_ZM4_hap4_Chr08",84,49,5,18,124,0,315,196,25,9.18367346938776,63.265306122449
"8","M_sativa_ZM4_hap4","M_sativa_ZM4_hap4_Chr08",85,55,6,7,110,0,311,178,30.8988764044944,3.93258426966292,61.7977528089888
"8","M_sativa_ZM4_hap4","M_sativa_ZM4_hap4_Chr08",86,71,6,8,135,0,357,220,32.2727272727273,3.63636363636364,61.3636363636364
"8","M_sativa_ZM4_hap4","M_sativa_ZM4_hap4_Chr08",87,78,6,18,154,0,382,256,30.46875,7.03125,60.15625
"8","M_sativa_ZM4_hap4","M_sativa_ZM4_hap4_Chr08",88,93,6,7,153,0,385,259,35.9073359073359,2.7027027027027,59.0733590733591
"8","M_sativa_ZM4_hap4","M_sativa_ZM4_hap4_Chr08",89,43,9,6,129,0,281,187,22.9946524064171,3.20855614973262,68.9839572192513
"8","M_sativa_ZM4_hap4","M_sativa_ZM4_hap4_Chr08",90,61,5,14,98,0,276,178,34.2696629213483,7.86516853932584,55.0561797752809
"8","M_sativa_ZM4_hap4","M_sativa_ZM4_hap4_Chr08",91,72,2,16,94,0,263,184,39.1304347826087,8.69565217391304,51.0869565217391
"8","M_sativa_ZM4_hap4","M_sativa_ZM4_hap4_Chr08",92,61,12,14,84,0,243,171,35.672514619883,8.18713450292398,49.1228070175439
"8","M_sativa_ZM4_hap4","M_sativa_ZM4_hap4_Chr08",93,61,12,15,59,0,196,147,41.4965986394558,10.2040816326531,40.1360544217687
"8","M_sativa_ZM4_hap4","M_sativa_ZM4_hap4_Chr08",94,42,13,10,48,0,152,113,37.1681415929204,8.84955752212389,42.4778761061947
"8","M_sativa_ZM4_hap4","M_sativa_ZM4_hap4_Chr08",95,52,12,18,51,0,178,133,39.0977443609023,13.5338345864662,38.3458646616541
"8","M_sativa_ZM4_hap4","M_sativa_ZM4_hap4_Chr08",96,83,11,11,26,0,154,131,63.3587786259542,8.3969465648855,19.8473282442748
"8","M_sativa_ZM4_hap4","M_sativa_ZM4_hap4_Chr08",97,46,6,20,4,0,76,76,60.5263157894737,26.3157894736842,5.26315789473684
"8","M_sativa_ZM4_hap4","M_sativa_ZM4_hap4_Chr08",98,29,4,7,4,0,44,44,65.9090909090909,15.9090909090909,9.09090909090909
"9","M_sativa_ssp_caerulea_landa","M_sativa_ssp_caerulea_landa_Chr08",52,26,4,7,2,0,76,39,66.6666666666667,17.9487179487179,5.12820512820513
"9","M_sativa_ssp_caerulea_landa","M_sativa_ssp_caerulea_landa_Chr08",53,42,4,14,9,0,71,69,60.8695652173913,20.2898550724638,13.0434782608696
"9","M_sativa_ssp_caerulea_landa","M_sativa_ssp_caerulea_landa_Chr08",54,46,6,11,9,0,72,72,63.8888888888889,15.2777777777778,12.5
"9","M_sativa_ssp_caerulea_landa","M_sativa_ssp_caerulea_landa_Chr08",55,39,0,15,9,0,63,63,61.9047619047619,23.8095238095238,14.2857142857143
"9","M_sativa_ssp_caerulea_landa","M_sativa_ssp_caerulea_landa_Chr08",56,62,4,7,8,0,81,81,76.5432098765432,8.64197530864197,9.87654320987654
"9","M_sativa_ssp_caerulea_landa","M_sativa_ssp_caerulea_landa_Chr08",57,75,3,12,11,0,101,101,74.2574257425743,11.8811881188119,10.8910891089109
"9","M_sativa_ssp_caerulea_landa","M_sativa_ssp_caerulea_landa_Chr08",58,60,5,13,13,0,91,91,65.9340659340659,14.2857142857143,14.2857142857143
"9","M_sativa_ssp_caerulea_landa","M_sativa_ssp_caerulea_landa_Chr08",59,54,3,9,9,0,76,75,72,12,12
"9","M_sativa_ssp_caerulea_landa","M_sativa_ssp_caerulea_landa_Chr08",60,49,3,8,6,0,66,66,74.2424242424242,12.1212121212121,9.09090909090909
"9","M_sativa_ssp_caerulea_landa","M_sativa_ssp_caerulea_landa_Chr08",61,53,3,10,18,0,85,84,63.0952380952381,11.9047619047619,21.4285714285714
"9","M_sativa_ssp_caerulea_landa","M_sativa_ssp_caerulea_landa_Chr08",62,56,4,12,12,0,84,84,66.6666666666667,14.2857142857143,14.2857142857143
"9","M_sativa_ssp_caerulea_landa","M_sativa_ssp_caerulea_landa_Chr08",63,54,2,7,12,0,75,75,72,9.33333333333333,16
"9","M_sativa_ssp_caerulea_landa","M_sativa_ssp_caerulea_landa_Chr08",64,60,7,6,16,0,89,89,67.4157303370787,6.74157303370786,17.9775280898876
"9","M_sativa_ssp_caerulea_landa","M_sativa_ssp_caerulea_landa_Chr08",65,58,3,13,8,0,83,82,70.7317073170732,15.8536585365854,9.75609756097561
"9","M_sativa_ssp_caerulea_landa","M_sativa_ssp_caerulea_landa_Chr08",66,64,11,8,13,0,96,96,66.6666666666667,8.33333333333333,13.5416666666667
"9","M_sativa_ssp_caerulea_landa","M_sativa_ssp_caerulea_landa_Chr08",67,67,5,19,12,0,103,103,65.0485436893204,18.4466019417476,11.6504854368932
"9","M_sativa_ssp_caerulea_landa","M_sativa_ssp_caerulea_landa_Chr08",68,53,1,19,17,0,90,90,58.8888888888889,21.1111111111111,18.8888888888889
"9","M_sativa_ssp_caerulea_landa","M_sativa_ssp_caerulea_landa_Chr08",69,64,1,15,8,0,89,88,72.7272727272727,17.0454545454545,9.09090909090909
"9","M_sativa_ssp_caerulea_landa","M_sativa_ssp_caerulea_landa_Chr08",70,73,3,21,11,0,108,108,67.5925925925926,19.4444444444444,10.1851851851852
"9","M_sativa_ssp_caerulea_landa","M_sativa_ssp_caerulea_landa_Chr08",71,60,5,18,8,0,92,91,65.9340659340659,19.7802197802198,8.79120879120879
"9","M_sativa_ssp_caerulea_landa","M_sativa_ssp_caerulea_landa_Chr08",72,40,4,15,12,0,71,71,56.3380281690141,21.1267605633803,16.9014084507042
"9","M_sativa_ssp_caerulea_landa","M_sativa_ssp_caerulea_landa_Chr08",73,59,7,17,12,0,95,95,62.1052631578947,17.8947368421053,12.6315789473684
"9","M_sativa_ssp_caerulea_landa","M_sativa_ssp_caerulea_landa_Chr08",74,61,5,7,9,0,82,82,74.390243902439,8.53658536585366,10.9756097560976
"9","M_sativa_ssp_caerulea_landa","M_sativa_ssp_caerulea_landa_Chr08",75,70,1,17,11,0,99,99,70.7070707070707,17.1717171717172,11.1111111111111
"9","M_sativa_ssp_caerulea_landa","M_sativa_ssp_caerulea_landa_Chr08",76,74,2,16,11,0,103,103,71.8446601941748,15.5339805825243,10.6796116504854
"9","M_sativa_ssp_caerulea_landa","M_sativa_ssp_caerulea_landa_Chr08",77,70,6,17,21,0,114,114,61.4035087719298,14.9122807017544,18.4210526315789
"9","M_sativa_ssp_caerulea_landa","M_sativa_ssp_caerulea_landa_Chr08",78,64,2,13,10,0,89,89,71.9101123595506,14.6067415730337,11.2359550561798
"9","M_sativa_ssp_caerulea_landa","M_sativa_ssp_caerulea_landa_Chr08",79,72,5,18,11,0,107,106,67.9245283018868,16.9811320754717,10.377358490566
"9","M_sativa_ssp_caerulea_landa","M_sativa_ssp_caerulea_landa_Chr08",80,61,9,21,8,0,99,99,61.6161616161616,21.2121212121212,8.08080808080808
"9","M_sativa_ssp_caerulea_landa","M_sativa_ssp_caerulea_landa_Chr08",81,56,11,11,16,0,94,94,59.5744680851064,11.7021276595745,17.0212765957447
"9","M_sativa_ssp_caerulea_landa","M_sativa_ssp_caerulea_landa_Chr08",82,35,7,24,10,0,76,76,46.0526315789474,31.5789473684211,13.1578947368421
"9","M_sativa_ssp_caerulea_landa","M_sativa_ssp_caerulea_landa_Chr08",83,68,11,17,8,0,104,104,65.3846153846154,16.3461538461538,7.69230769230769
"9","M_sativa_ssp_caerulea_landa","M_sativa_ssp_caerulea_landa_Chr08",84,65,9,12,6,0,92,92,70.6521739130435,13.0434782608696,6.52173913043478
"9","M_sativa_ssp_caerulea_landa","M_sativa_ssp_caerulea_landa_Chr08",85,49,9,18,10,0,86,86,56.9767441860465,20.9302325581395,11.6279069767442
"9","M_sativa_ssp_caerulea_landa","M_sativa_ssp_caerulea_landa_Chr08",86,5,0,1,3,0,9,9,55.5555555555556,11.1111111111111,33.3333333333333
"10","M_sativa_ssp_caerulea_long","M_sativa_ssp_caerulea_long_Chr01",0,6,12,0,1,0,19,19,31.5789473684211,0,5.26315789473684
"10","M_sativa_ssp_caerulea_long","M_sativa_ssp_caerulea_long_Chr01",1,28,18,7,2,0,55,55,50.9090909090909,12.7272727272727,3.63636363636364
"10","M_sativa_ssp_caerulea_long","M_sativa_ssp_caerulea_long_Chr01",2,22,14,11,1,0,48,48,45.8333333333333,22.9166666666667,2.08333333333333
"10","M_sativa_ssp_caerulea_long","M_sativa_ssp_caerulea_long_Chr01",3,48,23,12,4,0,87,87,55.1724137931034,13.7931034482759,4.59770114942529
"10","M_sativa_ssp_caerulea_long","M_sativa_ssp_caerulea_long_Chr01",4,63,32,13,6,0,114,114,55.2631578947368,11.4035087719298,5.26315789473684
"10","M_sativa_ssp_caerulea_long","M_sativa_ssp_caerulea_long_Chr01",5,51,6,40,2,0,99,99,51.5151515151515,40.4040404040404,2.02020202020202
"10","M_sativa_ssp_caerulea_long","M_sativa_ssp_caerulea_long_Chr01",6,54,5,25,6,0,90,90,60,27.7777777777778,6.66666666666667
"10","M_sativa_ssp_caerulea_long","M_sativa_ssp_caerulea_long_Chr01",7,43,21,29,5,0,98,98,43.8775510204082,29.5918367346939,5.10204081632653
"10","M_sativa_ssp_caerulea_long","M_sativa_ssp_caerulea_long_Chr01",8,25,20,39,4,0,88,88,28.4090909090909,44.3181818181818,4.54545454545455
"10","M_sativa_ssp_caerulea_long","M_sativa_ssp_caerulea_long_Chr01",9,39,18,25,4,0,86,86,45.3488372093023,29.0697674418605,4.65116279069767
"10","M_sativa_ssp_caerulea_long","M_sativa_ssp_caerulea_long_Chr01",10,57,15,20,5,0,97,97,58.7628865979381,20.6185567010309,5.15463917525773
"10","M_sativa_ssp_caerulea_long","M_sativa_ssp_caerulea_long_Chr01",11,62,13,15,9,0,99,99,62.6262626262626,15.1515151515152,9.09090909090909
"10","M_sativa_ssp_caerulea_long","M_sativa_ssp_caerulea_long_Chr01",12,62,13,10,5,0,90,90,68.8888888888889,11.1111111111111,5.55555555555556
"10","M_sativa_ssp_caerulea_long","M_sativa_ssp_caerulea_long_Chr01",13,47,18,16,5,0,86,86,54.6511627906977,18.6046511627907,5.81395348837209
"10","M_sativa_ssp_caerulea_long","M_sativa_ssp_caerulea_long_Chr01",14,24,23,38,2,0,87,87,27.5862068965517,43.6781609195402,2.29885057471264
"10","M_sativa_ssp_caerulea_long","M_sativa_ssp_caerulea_long_Chr01",15,34,26,10,2,0,72,72,47.2222222222222,13.8888888888889,2.77777777777778
"10","M_sativa_ssp_caerulea_long","M_sativa_ssp_caerulea_long_Chr01",16,15,35,12,5,0,67,67,22.3880597014925,17.910447761194,7.46268656716418
"10","M_sativa_ssp_caerulea_long","M_sativa_ssp_caerulea_long_Chr01",17,16,35,22,3,0,76,76,21.0526315789474,28.9473684210526,3.94736842105263
"10","M_sativa_ssp_caerulea_long","M_sativa_ssp_caerulea_long_Chr01",18,24,59,23,4,0,110,110,21.8181818181818,20.9090909090909,3.63636363636364
"10","M_sativa_ssp_caerulea_long","M_sativa_ssp_caerulea_long_Chr01",19,40,38,6,2,0,86,86,46.5116279069767,6.97674418604651,2.32558139534884
"10","M_sativa_ssp_caerulea_long","M_sativa_ssp_caerulea_long_Chr01",20,35,30,9,6,0,80,80,43.75,11.25,7.5
"10","M_sativa_ssp_caerulea_long","M_sativa_ssp_caerulea_long_Chr01",21,16,44,6,5,0,71,71,22.5352112676056,8.45070422535211,7.04225352112676
"10","M_sativa_ssp_caerulea_long","M_sativa_ssp_caerulea_long_Chr01",22,20,28,21,4,0,73,73,27.3972602739726,28.7671232876712,5.47945205479452
"10","M_sativa_ssp_caerulea_long","M_sativa_ssp_caerulea_long_Chr01",23,34,16,28,8,0,86,86,39.5348837209302,32.5581395348837,9.30232558139535
"10","M_sativa_ssp_caerulea_long","M_sativa_ssp_caerulea_long_Chr01",24,24,4,25,3,0,56,56,42.8571428571429,44.6428571428571,5.35714285714286
"10","M_sativa_ssp_caerulea_long","M_sativa_ssp_caerulea_long_Chr01",25,19,17,37,2,0,75,75,25.3333333333333,49.3333333333333,2.66666666666667
"10","M_sativa_ssp_caerulea_long","M_sativa_ssp_caerulea_long_Chr01",26,16,17,24,6,0,63,63,25.3968253968254,38.0952380952381,9.52380952380952
"10","M_sativa_ssp_caerulea_long","M_sativa_ssp_caerulea_long_Chr01",27,24,21,12,2,0,59,59,40.6779661016949,20.3389830508475,3.38983050847458
"10","M_sativa_ssp_caerulea_long","M_sativa_ssp_caerulea_long_Chr01",28,30,31,5,3,0,69,69,43.4782608695652,7.2463768115942,4.34782608695652
"10","M_sativa_ssp_caerulea_long","M_sativa_ssp_caerulea_long_Chr01",29,35,20,3,7,0,65,65,53.8461538461538,4.61538461538461,10.7692307692308
"10","M_sativa_ssp_caerulea_long","M_sativa_ssp_caerulea_long_Chr01",30,40,34,0,4,0,78,78,51.2820512820513,0,5.12820512820513
"10","M_sativa_ssp_caerulea_long","M_sativa_ssp_caerulea_long_Chr01",31,36,31,4,6,0,77,77,46.7532467532468,5.19480519480519,7.79220779220779
"10","M_sativa_ssp_caerulea_long","M_sativa_ssp_caerulea_long_Chr01",32,26,24,2,9,0,61,61,42.6229508196721,3.27868852459016,14.7540983606557
"10","M_sativa_ssp_caerulea_long","M_sativa_ssp_caerulea_long_Chr01",33,34,37,7,3,0,81,81,41.9753086419753,8.64197530864197,3.7037037037037
"10","M_sativa_ssp_caerulea_long","M_sativa_ssp_caerulea_long_Chr01",34,22,22,5,3,0,52,52,42.3076923076923,9.61538461538461,5.76923076923077
"10","M_sativa_ssp_caerulea_long","M_sativa_ssp_caerulea_long_Chr01",35,34,24,6,6,0,70,70,48.5714285714286,8.57142857142857,8.57142857142857
"10","M_sativa_ssp_caerulea_long","M_sativa_ssp_caerulea_long_Chr01",36,39,35,9,5,0,88,88,44.3181818181818,10.2272727272727,5.68181818181818
"10","M_sativa_ssp_caerulea_long","M_sativa_ssp_caerulea_long_Chr01",37,26,26,2,3,0,57,57,45.6140350877193,3.50877192982456,5.26315789473684
"10","M_sativa_ssp_caerulea_long","M_sativa_ssp_caerulea_long_Chr01",38,16,20,2,4,0,42,42,38.0952380952381,4.76190476190476,9.52380952380952
"10","M_sativa_ssp_caerulea_long","M_sativa_ssp_caerulea_long_Chr01",39,33,35,7,3,0,78,78,42.3076923076923,8.97435897435897,3.84615384615385
"10","M_sativa_ssp_caerulea_long","M_sativa_ssp_caerulea_long_Chr01",40,31,10,3,8,0,52,52,59.6153846153846,5.76923076923077,15.3846153846154
"10","M_sativa_ssp_caerulea_long","M_sativa_ssp_caerulea_long_Chr01",41,19,18,4,7,0,48,48,39.5833333333333,8.33333333333333,14.5833333333333
"10","M_sativa_ssp_caerulea_long","M_sativa_ssp_caerulea_long_Chr01",42,19,23,6,4,0,52,52,36.5384615384615,11.5384615384615,7.69230769230769
"10","M_sativa_ssp_caerulea_long","M_sativa_ssp_caerulea_long_Chr01",43,21,15,2,2,0,40,40,52.5,5,5
"10","M_sativa_ssp_caerulea_long","M_sativa_ssp_caerulea_long_Chr01",44,32,21,11,2,0,66,66,48.4848484848485,16.6666666666667,3.03030303030303
"10","M_sativa_ssp_caerulea_long","M_sativa_ssp_caerulea_long_Chr01",45,28,23,5,2,0,58,58,48.2758620689655,8.62068965517241,3.44827586206897
"10","M_sativa_ssp_caerulea_long","M_sativa_ssp_caerulea_long_Chr01",46,31,23,2,5,0,61,61,50.8196721311475,3.27868852459016,8.19672131147541
"10","M_sativa_ssp_caerulea_long","M_sativa_ssp_caerulea_long_Chr01",47,24,18,3,5,0,50,50,48,6,10
"10","M_sativa_ssp_caerulea_long","M_sativa_ssp_caerulea_long_Chr01",48,18,27,1,4,0,50,50,36,2,8
"10","M_sativa_ssp_caerulea_long","M_sativa_ssp_caerulea_long_Chr01",49,31,28,5,7,0,71,71,43.6619718309859,7.04225352112676,9.85915492957746
"10","M_sativa_ssp_caerulea_long","M_sativa_ssp_caerulea_long_Chr01",50,13,37,4,8,0,62,62,20.9677419354839,6.45161290322581,12.9032258064516
"10","M_sativa_ssp_caerulea_long","M_sativa_ssp_caerulea_long_Chr01",51,13,34,4,4,0,55,55,23.6363636363636,7.27272727272727,7.27272727272727
"10","M_sativa_ssp_caerulea_long","M_sativa_ssp_caerulea_long_Chr01",52,26,28,4,1,0,59,59,44.0677966101695,6.77966101694915,1.69491525423729
"10","M_sativa_ssp_caerulea_long","M_sativa_ssp_caerulea_long_Chr01",53,31,32,2,1,0,66,66,46.969696969697,3.03030303030303,1.51515151515152
"10","M_sativa_ssp_caerulea_long","M_sativa_ssp_caerulea_long_Chr01",54,28,35,11,4,0,78,78,35.8974358974359,14.1025641025641,5.12820512820513
"10","M_sativa_ssp_caerulea_long","M_sativa_ssp_caerulea_long_Chr01",55,17,32,4,0,0,53,53,32.0754716981132,7.54716981132075,0
"10","M_sativa_ssp_caerulea_long","M_sativa_ssp_caerulea_long_Chr01",56,23,60,6,5,0,94,94,24.468085106383,6.38297872340426,5.31914893617021
"10","M_sativa_ssp_caerulea_long","M_sativa_ssp_caerulea_long_Chr01",57,16,32,2,6,0,56,56,28.5714285714286,3.57142857142857,10.7142857142857
"10","M_sativa_ssp_caerulea_long","M_sativa_ssp_caerulea_long_Chr01",58,40,42,12,6,0,100,100,40,12,6
"10","M_sativa_ssp_caerulea_long","M_sativa_ssp_caerulea_long_Chr01",59,26,53,10,7,0,96,96,27.0833333333333,10.4166666666667,7.29166666666667
"10","M_sativa_ssp_caerulea_long","M_sativa_ssp_caerulea_long_Chr01",60,29,41,6,7,0,83,83,34.9397590361446,7.2289156626506,8.43373493975904
"10","M_sativa_ssp_caerulea_long","M_sativa_ssp_caerulea_long_Chr01",61,36,48,6,3,0,93,93,38.7096774193548,6.45161290322581,3.2258064516129
"10","M_sativa_ssp_caerulea_long","M_sativa_ssp_caerulea_long_Chr01",62,20,34,9,7,0,70,70,28.5714285714286,12.8571428571429,10
"10","M_sativa_ssp_caerulea_long","M_sativa_ssp_caerulea_long_Chr01",63,26,41,4,3,0,74,74,35.1351351351351,5.40540540540541,4.05405405405405
"10","M_sativa_ssp_caerulea_long","M_sativa_ssp_caerulea_long_Chr01",64,20,50,8,4,0,82,82,24.390243902439,9.75609756097561,4.8780487804878
"10","M_sativa_ssp_caerulea_long","M_sativa_ssp_caerulea_long_Chr01",65,38,38,6,1,0,83,83,45.7831325301205,7.2289156626506,1.20481927710843
"10","M_sativa_ssp_caerulea_long","M_sativa_ssp_caerulea_long_Chr01",66,37,40,10,12,0,99,99,37.3737373737374,10.1010101010101,12.1212121212121
"10","M_sativa_ssp_caerulea_long","M_sativa_ssp_caerulea_long_Chr01",67,22,48,6,8,0,84,84,26.1904761904762,7.14285714285714,9.52380952380952
"10","M_sativa_ssp_caerulea_long","M_sativa_ssp_caerulea_long_Chr01",68,37,42,4,6,0,89,89,41.5730337078652,4.49438202247191,6.74157303370786
"10","M_sativa_ssp_caerulea_long","M_sativa_ssp_caerulea_long_Chr01",69,44,32,4,5,0,85,85,51.7647058823529,4.70588235294118,5.88235294117647
"10","M_sativa_ssp_caerulea_long","M_sativa_ssp_caerulea_long_Chr01",70,36,51,7,3,0,97,97,37.1134020618557,7.21649484536082,3.09278350515464
"10","M_sativa_ssp_caerulea_long","M_sativa_ssp_caerulea_long_Chr01",71,37,58,7,4,0,106,106,34.9056603773585,6.60377358490566,3.77358490566038
"10","M_sativa_ssp_caerulea_long","M_sativa_ssp_caerulea_long_Chr01",72,41,55,10,6,0,112,112,36.6071428571429,8.92857142857143,5.35714285714286
"10","M_sativa_ssp_caerulea_long","M_sativa_ssp_caerulea_long_Chr01",73,33,49,3,7,0,92,92,35.8695652173913,3.26086956521739,7.60869565217391
"10","M_sativa_ssp_caerulea_long","M_sativa_ssp_caerulea_long_Chr01",74,37,50,7,5,0,99,99,37.3737373737374,7.07070707070707,5.05050505050505
"10","M_sativa_ssp_caerulea_long","M_sativa_ssp_caerulea_long_Chr01",75,40,58,7,3,0,108,108,37.037037037037,6.48148148148148,2.77777777777778
"10","M_sativa_ssp_caerulea_long","M_sativa_ssp_caerulea_long_Chr01",76,44,38,9,3,0,94,94,46.8085106382979,9.57446808510638,3.19148936170213
"10","M_sativa_ssp_caerulea_long","M_sativa_ssp_caerulea_long_Chr01",77,40,40,10,2,0,92,92,43.4782608695652,10.8695652173913,2.17391304347826
"10","M_sativa_ssp_caerulea_long","M_sativa_ssp_caerulea_long_Chr01",78,37,45,10,4,0,96,96,38.5416666666667,10.4166666666667,4.16666666666667
"10","M_sativa_ssp_caerulea_long","M_sativa_ssp_caerulea_long_Chr01",79,40,33,14,6,0,93,93,43.010752688172,15.0537634408602,6.45161290322581
"10","M_sativa_ssp_caerulea_long","M_sativa_ssp_caerulea_long_Chr01",80,36,42,10,6,0,94,94,38.2978723404255,10.6382978723404,6.38297872340426
"10","M_sativa_ssp_caerulea_long","M_sativa_ssp_caerulea_long_Chr01",81,29,28,15,11,0,83,83,34.9397590361446,18.0722891566265,13.2530120481928
"10","M_sativa_ssp_caerulea_long","M_sativa_ssp_caerulea_long_Chr01",82,44,52,14,10,0,120,120,36.6666666666667,11.6666666666667,8.33333333333333
"10","M_sativa_ssp_caerulea_long","M_sativa_ssp_caerulea_long_Chr01",83,44,44,10,4,0,102,102,43.1372549019608,9.80392156862745,3.92156862745098
"10","M_sativa_ssp_caerulea_long","M_sativa_ssp_caerulea_long_Chr01",84,47,42,16,10,0,115,115,40.8695652173913,13.9130434782609,8.69565217391304
"10","M_sativa_ssp_caerulea_long","M_sativa_ssp_caerulea_long_Chr01",85,44,41,10,6,0,101,101,43.5643564356436,9.9009900990099,5.94059405940594
"10","M_sativa_ssp_caerulea_long","M_sativa_ssp_caerulea_long_Chr01",86,50,34,5,3,0,92,92,54.3478260869565,5.43478260869565,3.26086956521739
"10","M_sativa_ssp_caerulea_long","M_sativa_ssp_caerulea_long_Chr01",87,46,45,9,7,0,107,107,42.9906542056075,8.41121495327103,6.54205607476636
"10","M_sativa_ssp_caerulea_long","M_sativa_ssp_caerulea_long_Chr01",88,56,39,8,3,0,106,106,52.8301886792453,7.54716981132075,2.83018867924528
"10","M_sativa_ssp_caerulea_long","M_sativa_ssp_caerulea_long_Chr01",89,39,51,5,5,0,100,100,39,5,5
"10","M_sativa_ssp_caerulea_long","M_sativa_ssp_caerulea_long_Chr01",90,51,46,7,2,0,106,106,48.1132075471698,6.60377358490566,1.88679245283019
"10","M_sativa_ssp_caerulea_long","M_sativa_ssp_caerulea_long_Chr01",91,63,35,13,9,0,120,120,52.5,10.8333333333333,7.5
"10","M_sativa_ssp_caerulea_long","M_sativa_ssp_caerulea_long_Chr01",92,65,32,9,5,0,111,111,58.5585585585586,8.10810810810811,4.5045045045045
"10","M_sativa_ssp_caerulea_long","M_sativa_ssp_caerulea_long_Chr01",93,31,14,11,2,0,58,58,53.448275862069,18.9655172413793,3.44827586206897
"10","M_sativa_ssp_caerulea_long","M_sativa_ssp_caerulea_long_Chr02",0,28,8,6,1,0,43,43,65.1162790697674,13.953488372093,2.32558139534884
"10","M_sativa_ssp_caerulea_long","M_sativa_ssp_caerulea_long_Chr02",1,66,22,21,3,0,112,112,58.9285714285714,18.75,2.67857142857143
"10","M_sativa_ssp_caerulea_long","M_sativa_ssp_caerulea_long_Chr02",2,64,11,28,5,0,108,108,59.2592592592593,25.9259259259259,4.62962962962963
"10","M_sativa_ssp_caerulea_long","M_sativa_ssp_caerulea_long_Chr02",3,50,35,9,7,0,101,101,49.5049504950495,8.91089108910891,6.93069306930693
"10","M_sativa_ssp_caerulea_long","M_sativa_ssp_caerulea_long_Chr02",4,45,26,13,10,0,94,94,47.8723404255319,13.8297872340426,10.6382978723404
"10","M_sativa_ssp_caerulea_long","M_sativa_ssp_caerulea_long_Chr02",5,29,52,18,5,0,104,104,27.8846153846154,17.3076923076923,4.80769230769231
"10","M_sativa_ssp_caerulea_long","M_sativa_ssp_caerulea_long_Chr02",6,20,28,44,3,0,95,95,21.0526315789474,46.3157894736842,3.15789473684211
"10","M_sativa_ssp_caerulea_long","M_sativa_ssp_caerulea_long_Chr02",7,39,42,17,4,0,102,102,38.2352941176471,16.6666666666667,3.92156862745098
"10","M_sativa_ssp_caerulea_long","M_sativa_ssp_caerulea_long_Chr02",8,48,22,31,4,0,105,105,45.7142857142857,29.5238095238095,3.80952380952381
"10","M_sativa_ssp_caerulea_long","M_sativa_ssp_caerulea_long_Chr02",9,35,13,34,6,0,88,88,39.7727272727273,38.6363636363636,6.81818181818182
"10","M_sativa_ssp_caerulea_long","M_sativa_ssp_caerulea_long_Chr02",10,47,16,26,1,0,90,90,52.2222222222222,28.8888888888889,1.11111111111111
"10","M_sativa_ssp_caerulea_long","M_sativa_ssp_caerulea_long_Chr02",11,49,24,9,3,0,85,85,57.6470588235294,10.5882352941176,3.52941176470588
"10","M_sativa_ssp_caerulea_long","M_sativa_ssp_caerulea_long_Chr02",12,48,15,3,2,0,68,68,70.5882352941177,4.41176470588235,2.94117647058824
"10","M_sativa_ssp_caerulea_long","M_sativa_ssp_caerulea_long_Chr02",13,64,14,4,3,0,85,85,75.2941176470588,4.70588235294118,3.52941176470588
"10","M_sativa_ssp_caerulea_long","M_sativa_ssp_caerulea_long_Chr02",14,71,7,2,1,0,81,81,87.6543209876543,2.46913580246914,1.23456790123457
"10","M_sativa_ssp_caerulea_long","M_sativa_ssp_caerulea_long_Chr02",15,59,8,6,5,0,78,78,75.6410256410256,7.69230769230769,6.41025641025641
"10","M_sativa_ssp_caerulea_long","M_sativa_ssp_caerulea_long_Chr02",16,68,6,5,5,0,84,84,80.9523809523809,5.95238095238095,5.95238095238095
"10","M_sativa_ssp_caerulea_long","M_sativa_ssp_caerulea_long_Chr02",17,61,17,9,9,0,96,96,63.5416666666667,9.375,9.375
"10","M_sativa_ssp_caerulea_long","M_sativa_ssp_caerulea_long_Chr02",18,57,8,8,9,0,82,82,69.5121951219512,9.75609756097561,10.9756097560976
"10","M_sativa_ssp_caerulea_long","M_sativa_ssp_caerulea_long_Chr02",19,45,9,2,0,0,56,56,80.3571428571429,3.57142857142857,0
"10","M_sativa_ssp_caerulea_long","M_sativa_ssp_caerulea_long_Chr02",20,61,9,6,4,0,80,80,76.25,7.5,5
"10","M_sativa_ssp_caerulea_long","M_sativa_ssp_caerulea_long_Chr02",21,50,17,6,2,0,75,75,66.6666666666667,8,2.66666666666667
"10","M_sativa_ssp_caerulea_long","M_sativa_ssp_caerulea_long_Chr02",22,73,10,10,4,0,97,97,75.2577319587629,10.3092783505155,4.12371134020619
"10","M_sativa_ssp_caerulea_long","M_sativa_ssp_caerulea_long_Chr02",23,54,14,8,3,0,79,79,68.3544303797468,10.126582278481,3.79746835443038
"10","M_sativa_ssp_caerulea_long","M_sativa_ssp_caerulea_long_Chr02",24,38,18,3,5,0,64,64,59.375,4.6875,7.8125
"10","M_sativa_ssp_caerulea_long","M_sativa_ssp_caerulea_long_Chr02",25,27,17,5,3,0,52,52,51.9230769230769,9.61538461538461,5.76923076923077
"10","M_sativa_ssp_caerulea_long","M_sativa_ssp_caerulea_long_Chr02",26,40,10,8,5,0,63,63,63.4920634920635,12.6984126984127,7.93650793650794
"10","M_sativa_ssp_caerulea_long","M_sativa_ssp_caerulea_long_Chr02",27,43,18,4,1,0,66,66,65.1515151515152,6.06060606060606,1.51515151515152
"10","M_sativa_ssp_caerulea_long","M_sativa_ssp_caerulea_long_Chr02",28,48,13,7,5,0,73,73,65.7534246575343,9.58904109589041,6.84931506849315
"10","M_sativa_ssp_caerulea_long","M_sativa_ssp_caerulea_long_Chr02",29,19,12,2,7,0,40,40,47.5,5,17.5
"10","M_sativa_ssp_caerulea_long","M_sativa_ssp_caerulea_long_Chr02",30,51,11,2,3,0,67,67,76.1194029850746,2.98507462686567,4.47761194029851
"10","M_sativa_ssp_caerulea_long","M_sativa_ssp_caerulea_long_Chr02",31,43,13,3,2,0,61,61,70.4918032786885,4.91803278688525,3.27868852459016
"10","M_sativa_ssp_caerulea_long","M_sativa_ssp_caerulea_long_Chr02",32,22,18,6,3,0,49,49,44.8979591836735,12.2448979591837,6.12244897959184
"10","M_sativa_ssp_caerulea_long","M_sativa_ssp_caerulea_long_Chr02",33,38,19,6,1,0,64,64,59.375,9.375,1.5625
"10","M_sativa_ssp_caerulea_long","M_sativa_ssp_caerulea_long_Chr02",34,46,8,6,4,0,64,64,71.875,9.375,6.25
"10","M_sativa_ssp_caerulea_long","M_sativa_ssp_caerulea_long_Chr02",35,24,8,3,2,0,37,37,64.8648648648649,8.10810810810811,5.40540540540541
"10","M_sativa_ssp_caerulea_long","M_sativa_ssp_caerulea_long_Chr02",36,40,19,7,6,0,72,72,55.5555555555556,9.72222222222222,8.33333333333333
"10","M_sativa_ssp_caerulea_long","M_sativa_ssp_caerulea_long_Chr02",37,31,13,8,4,0,56,56,55.3571428571429,14.2857142857143,7.14285714285714
"10","M_sativa_ssp_caerulea_long","M_sativa_ssp_caerulea_long_Chr02",38,44,10,5,2,0,61,61,72.1311475409836,8.19672131147541,3.27868852459016
"10","M_sativa_ssp_caerulea_long","M_sativa_ssp_caerulea_long_Chr02",39,29,6,3,2,0,40,40,72.5,7.5,5
"10","M_sativa_ssp_caerulea_long","M_sativa_ssp_caerulea_long_Chr02",40,39,18,9,2,0,68,68,57.3529411764706,13.2352941176471,2.94117647058824
"10","M_sativa_ssp_caerulea_long","M_sativa_ssp_caerulea_long_Chr02",41,40,16,6,4,0,66,66,60.6060606060606,9.09090909090909,6.06060606060606
"10","M_sativa_ssp_caerulea_long","M_sativa_ssp_caerulea_long_Chr02",42,35,4,5,1,0,45,45,77.7777777777778,11.1111111111111,2.22222222222222
"10","M_sativa_ssp_caerulea_long","M_sativa_ssp_caerulea_long_Chr02",43,13,2,1,0,0,16,16,81.25,6.25,0
"10","M_sativa_ssp_caerulea_long","M_sativa_ssp_caerulea_long_Chr02",44,46,7,5,4,0,62,62,74.1935483870968,8.06451612903226,6.45161290322581
"10","M_sativa_ssp_caerulea_long","M_sativa_ssp_caerulea_long_Chr02",45,33,20,2,4,0,59,59,55.9322033898305,3.38983050847458,6.77966101694915
"10","M_sativa_ssp_caerulea_long","M_sativa_ssp_caerulea_long_Chr02",46,42,11,6,1,0,60,60,70,10,1.66666666666667
"10","M_sativa_ssp_caerulea_long","M_sativa_ssp_caerulea_long_Chr02",47,31,17,6,5,0,59,59,52.5423728813559,10.1694915254237,8.47457627118644
"10","M_sativa_ssp_caerulea_long","M_sativa_ssp_caerulea_long_Chr02",48,50,20,2,5,0,77,77,64.9350649350649,2.5974025974026,6.49350649350649
"10","M_sativa_ssp_caerulea_long","M_sativa_ssp_caerulea_long_Chr02",49,64,24,6,5,0,99,99,64.6464646464647,6.06060606060606,5.05050505050505
"10","M_sativa_ssp_caerulea_long","M_sativa_ssp_caerulea_long_Chr02",50,30,24,5,5,0,64,64,46.875,7.8125,7.8125
"10","M_sativa_ssp_caerulea_long","M_sativa_ssp_caerulea_long_Chr02",51,37,23,3,3,0,66,66,56.0606060606061,4.54545454545455,4.54545454545455
"10","M_sativa_ssp_caerulea_long","M_sativa_ssp_caerulea_long_Chr02",52,30,27,5,3,0,65,65,46.1538461538462,7.69230769230769,4.61538461538461
"10","M_sativa_ssp_caerulea_long","M_sativa_ssp_caerulea_long_Chr02",53,23,26,4,3,0,56,56,41.0714285714286,7.14285714285714,5.35714285714286
"10","M_sativa_ssp_caerulea_long","M_sativa_ssp_caerulea_long_Chr02",54,34,20,3,6,0,63,63,53.968253968254,4.76190476190476,9.52380952380952
"10","M_sativa_ssp_caerulea_long","M_sativa_ssp_caerulea_long_Chr02",55,38,26,9,4,0,77,77,49.3506493506493,11.6883116883117,5.19480519480519
"10","M_sativa_ssp_caerulea_long","M_sativa_ssp_caerulea_long_Chr02",56,41,25,7,3,0,76,76,53.9473684210526,9.21052631578947,3.94736842105263
"10","M_sativa_ssp_caerulea_long","M_sativa_ssp_caerulea_long_Chr02",57,27,17,11,2,0,57,57,47.3684210526316,19.2982456140351,3.50877192982456
"10","M_sativa_ssp_caerulea_long","M_sativa_ssp_caerulea_long_Chr02",58,32,26,5,5,0,68,68,47.0588235294118,7.35294117647059,7.35294117647059
"10","M_sativa_ssp_caerulea_long","M_sativa_ssp_caerulea_long_Chr02",59,41,18,5,2,0,66,66,62.1212121212121,7.57575757575758,3.03030303030303
"10","M_sativa_ssp_caerulea_long","M_sativa_ssp_caerulea_long_Chr02",60,25,20,9,5,0,59,59,42.3728813559322,15.2542372881356,8.47457627118644
"10","M_sativa_ssp_caerulea_long","M_sativa_ssp_caerulea_long_Chr02",61,33,31,5,5,0,74,74,44.5945945945946,6.75675675675676,6.75675675675676
"10","M_sativa_ssp_caerulea_long","M_sativa_ssp_caerulea_long_Chr02",62,37,15,8,0,0,60,60,61.6666666666667,13.3333333333333,0
"10","M_sativa_ssp_caerulea_long","M_sativa_ssp_caerulea_long_Chr02",63,32,32,17,8,0,89,89,35.9550561797753,19.1011235955056,8.98876404494382
"10","M_sativa_ssp_caerulea_long","M_sativa_ssp_caerulea_long_Chr02",64,42,30,11,6,0,89,89,47.1910112359551,12.3595505617978,6.74157303370786
"10","M_sativa_ssp_caerulea_long","M_sativa_ssp_caerulea_long_Chr02",65,30,9,7,1,0,47,47,63.8297872340426,14.8936170212766,2.12765957446809
"10","M_sativa_ssp_caerulea_long","M_sativa_ssp_caerulea_long_Chr02",66,44,32,9,3,0,88,88,50,10.2272727272727,3.40909090909091
"10","M_sativa_ssp_caerulea_long","M_sativa_ssp_caerulea_long_Chr02",67,27,32,11,6,0,76,76,35.5263157894737,14.4736842105263,7.89473684210526
"10","M_sativa_ssp_caerulea_long","M_sativa_ssp_caerulea_long_Chr02",68,44,26,11,1,0,82,82,53.6585365853659,13.4146341463415,1.21951219512195
"10","M_sativa_ssp_caerulea_long","M_sativa_ssp_caerulea_long_Chr02",69,32,41,5,5,0,83,83,38.5542168674699,6.02409638554217,6.02409638554217
"10","M_sativa_ssp_caerulea_long","M_sativa_ssp_caerulea_long_Chr02",70,30,33,8,6,0,77,77,38.961038961039,10.3896103896104,7.79220779220779
"10","M_sativa_ssp_caerulea_long","M_sativa_ssp_caerulea_long_Chr02",71,30,35,11,7,0,83,83,36.144578313253,13.2530120481928,8.43373493975904
"10","M_sativa_ssp_caerulea_long","M_sativa_ssp_caerulea_long_Chr02",72,47,38,9,5,0,99,99,47.4747474747475,9.09090909090909,5.05050505050505
"10","M_sativa_ssp_caerulea_long","M_sativa_ssp_caerulea_long_Chr02",73,30,54,7,3,0,94,94,31.9148936170213,7.4468085106383,3.19148936170213
"10","M_sativa_ssp_caerulea_long","M_sativa_ssp_caerulea_long_Chr02",74,38,37,17,8,0,100,100,38,17,8
"10","M_sativa_ssp_caerulea_long","M_sativa_ssp_caerulea_long_Chr02",75,45,47,9,6,0,107,107,42.0560747663551,8.41121495327103,5.60747663551402
"10","M_sativa_ssp_caerulea_long","M_sativa_ssp_caerulea_long_Chr02",76,49,41,9,4,0,103,103,47.5728155339806,8.7378640776699,3.88349514563107
"10","M_sativa_ssp_caerulea_long","M_sativa_ssp_caerulea_long_Chr02",77,57,51,6,2,0,116,116,49.1379310344828,5.17241379310345,1.72413793103448
"10","M_sativa_ssp_caerulea_long","M_sativa_ssp_caerulea_long_Chr02",78,48,32,5,6,0,91,91,52.7472527472527,5.49450549450549,6.59340659340659
"10","M_sativa_ssp_caerulea_long","M_sativa_ssp_caerulea_long_Chr02",79,44,33,13,2,0,92,92,47.8260869565217,14.1304347826087,2.17391304347826
"10","M_sativa_ssp_caerulea_long","M_sativa_ssp_caerulea_long_Chr02",80,41,53,10,3,0,107,107,38.3177570093458,9.34579439252336,2.80373831775701
"10","M_sativa_ssp_caerulea_long","M_sativa_ssp_caerulea_long_Chr02",81,49,24,8,5,0,86,86,56.9767441860465,9.30232558139535,5.81395348837209
"10","M_sativa_ssp_caerulea_long","M_sativa_ssp_caerulea_long_Chr02",82,22,25,7,3,0,57,57,38.5964912280702,12.280701754386,5.26315789473684
"10","M_sativa_ssp_caerulea_long","M_sativa_ssp_caerulea_long_Chr03",0,5,3,0,3,0,11,11,45.4545454545455,0,27.2727272727273
"10","M_sativa_ssp_caerulea_long","M_sativa_ssp_caerulea_long_Chr03",1,16,19,4,1,0,40,40,40,10,2.5
"10","M_sativa_ssp_caerulea_long","M_sativa_ssp_caerulea_long_Chr03",2,56,20,7,1,0,84,84,66.6666666666667,8.33333333333333,1.19047619047619
"10","M_sativa_ssp_caerulea_long","M_sativa_ssp_caerulea_long_Chr03",3,41,21,8,1,0,71,71,57.7464788732394,11.2676056338028,1.40845070422535
"10","M_sativa_ssp_caerulea_long","M_sativa_ssp_caerulea_long_Chr03",4,51,27,7,10,0,95,95,53.6842105263158,7.36842105263158,10.5263157894737
"10","M_sativa_ssp_caerulea_long","M_sativa_ssp_caerulea_long_Chr03",5,27,31,6,3,0,67,67,40.2985074626866,8.95522388059701,4.47761194029851
"10","M_sativa_ssp_caerulea_long","M_sativa_ssp_caerulea_long_Chr03",6,38,31,9,4,0,82,82,46.3414634146341,10.9756097560976,4.8780487804878
"10","M_sativa_ssp_caerulea_long","M_sativa_ssp_caerulea_long_Chr03",7,26,9,2,4,0,41,41,63.4146341463415,4.8780487804878,9.75609756097561
"10","M_sativa_ssp_caerulea_long","M_sativa_ssp_caerulea_long_Chr03",8,37,19,11,3,0,70,70,52.8571428571429,15.7142857142857,4.28571428571429
"10","M_sativa_ssp_caerulea_long","M_sativa_ssp_caerulea_long_Chr03",9,38,22,10,7,0,77,77,49.3506493506493,12.987012987013,9.09090909090909
"10","M_sativa_ssp_caerulea_long","M_sativa_ssp_caerulea_long_Chr03",10,28,14,7,4,0,53,53,52.8301886792453,13.2075471698113,7.54716981132075
"10","M_sativa_ssp_caerulea_long","M_sativa_ssp_caerulea_long_Chr03",11,47,16,3,4,0,70,70,67.1428571428571,4.28571428571429,5.71428571428571
"10","M_sativa_ssp_caerulea_long","M_sativa_ssp_caerulea_long_Chr03",12,39,21,8,3,0,71,71,54.9295774647887,11.2676056338028,4.22535211267606
"10","M_sativa_ssp_caerulea_long","M_sativa_ssp_caerulea_long_Chr03",13,37,31,5,3,0,76,76,48.6842105263158,6.57894736842105,3.94736842105263
"10","M_sativa_ssp_caerulea_long","M_sativa_ssp_caerulea_long_Chr03",14,50,16,7,5,0,78,78,64.1025641025641,8.97435897435897,6.41025641025641
"10","M_sativa_ssp_caerulea_long","M_sativa_ssp_caerulea_long_Chr03",15,38,16,6,2,0,62,62,61.2903225806452,9.67741935483871,3.2258064516129
"10","M_sativa_ssp_caerulea_long","M_sativa_ssp_caerulea_long_Chr03",16,22,8,4,2,0,36,36,61.1111111111111,11.1111111111111,5.55555555555556
"10","M_sativa_ssp_caerulea_long","M_sativa_ssp_caerulea_long_Chr03",17,16,11,1,3,0,31,31,51.6129032258064,3.2258064516129,9.67741935483871
"10","M_sativa_ssp_caerulea_long","M_sativa_ssp_caerulea_long_Chr03",18,28,46,8,8,0,90,90,31.1111111111111,8.88888888888889,8.88888888888889
"10","M_sativa_ssp_caerulea_long","M_sativa_ssp_caerulea_long_Chr03",19,29,19,2,7,0,57,57,50.8771929824561,3.50877192982456,12.280701754386
"10","M_sativa_ssp_caerulea_long","M_sativa_ssp_caerulea_long_Chr03",20,31,11,6,3,0,51,51,60.7843137254902,11.7647058823529,5.88235294117647
"10","M_sativa_ssp_caerulea_long","M_sativa_ssp_caerulea_long_Chr03",21,25,23,6,6,0,60,60,41.6666666666667,10,10
"10","M_sativa_ssp_caerulea_long","M_sativa_ssp_caerulea_long_Chr03",22,37,16,6,3,0,62,62,59.6774193548387,9.67741935483871,4.83870967741935
"10","M_sativa_ssp_caerulea_long","M_sativa_ssp_caerulea_long_Chr03",23,35,20,7,3,0,65,65,53.8461538461538,10.7692307692308,4.61538461538461
"10","M_sativa_ssp_caerulea_long","M_sativa_ssp_caerulea_long_Chr03",24,34,5,4,3,0,46,46,73.9130434782609,8.69565217391304,6.52173913043478
"10","M_sativa_ssp_caerulea_long","M_sativa_ssp_caerulea_long_Chr03",25,31,19,1,2,0,53,53,58.4905660377358,1.88679245283019,3.77358490566038
"10","M_sativa_ssp_caerulea_long","M_sativa_ssp_caerulea_long_Chr03",26,31,20,7,3,0,61,61,50.8196721311475,11.4754098360656,4.91803278688525
"10","M_sativa_ssp_caerulea_long","M_sativa_ssp_caerulea_long_Chr03",27,31,22,2,6,0,61,61,50.8196721311475,3.27868852459016,9.83606557377049
"10","M_sativa_ssp_caerulea_long","M_sativa_ssp_caerulea_long_Chr03",28,34,27,0,5,0,66,66,51.5151515151515,0,7.57575757575758
"10","M_sativa_ssp_caerulea_long","M_sativa_ssp_caerulea_long_Chr03",29,32,19,2,2,0,55,55,58.1818181818182,3.63636363636364,3.63636363636364
"10","M_sativa_ssp_caerulea_long","M_sativa_ssp_caerulea_long_Chr03",30,34,16,6,1,0,57,57,59.6491228070175,10.5263157894737,1.75438596491228
"10","M_sativa_ssp_caerulea_long","M_sativa_ssp_caerulea_long_Chr03",31,46,12,5,3,0,66,66,69.6969696969697,7.57575757575758,4.54545454545455
"10","M_sativa_ssp_caerulea_long","M_sativa_ssp_caerulea_long_Chr03",32,29,21,7,4,0,61,61,47.5409836065574,11.4754098360656,6.55737704918033
"10","M_sativa_ssp_caerulea_long","M_sativa_ssp_caerulea_long_Chr03",33,26,14,2,2,0,44,44,59.0909090909091,4.54545454545455,4.54545454545455
"10","M_sativa_ssp_caerulea_long","M_sativa_ssp_caerulea_long_Chr03",34,35,14,4,4,0,57,57,61.4035087719298,7.01754385964912,7.01754385964912
"10","M_sativa_ssp_caerulea_long","M_sativa_ssp_caerulea_long_Chr03",35,34,19,4,7,0,64,64,53.125,6.25,10.9375
"10","M_sativa_ssp_caerulea_long","M_sativa_ssp_caerulea_long_Chr03",36,25,11,3,6,0,45,45,55.5555555555556,6.66666666666667,13.3333333333333
"10","M_sativa_ssp_caerulea_long","M_sativa_ssp_caerulea_long_Chr03",37,31,18,6,1,0,56,56,55.3571428571429,10.7142857142857,1.78571428571429
"10","M_sativa_ssp_caerulea_long","M_sativa_ssp_caerulea_long_Chr03",38,28,18,4,6,0,56,56,50,7.14285714285714,10.7142857142857
"10","M_sativa_ssp_caerulea_long","M_sativa_ssp_caerulea_long_Chr03",39,51,5,6,5,0,67,67,76.1194029850746,8.95522388059701,7.46268656716418
"10","M_sativa_ssp_caerulea_long","M_sativa_ssp_caerulea_long_Chr03",40,28,12,4,2,0,46,46,60.8695652173913,8.69565217391304,4.34782608695652
"10","M_sativa_ssp_caerulea_long","M_sativa_ssp_caerulea_long_Chr03",41,36,13,11,4,0,64,64,56.25,17.1875,6.25
"10","M_sativa_ssp_caerulea_long","M_sativa_ssp_caerulea_long_Chr03",42,27,7,2,1,0,37,37,72.972972972973,5.40540540540541,2.7027027027027
"10","M_sativa_ssp_caerulea_long","M_sativa_ssp_caerulea_long_Chr03",43,19,3,3,1,0,26,26,73.0769230769231,11.5384615384615,3.84615384615385
"10","M_sativa_ssp_caerulea_long","M_sativa_ssp_caerulea_long_Chr03",44,28,15,4,3,0,50,50,56,8,6
"10","M_sativa_ssp_caerulea_long","M_sativa_ssp_caerulea_long_Chr03",45,19,3,4,1,0,27,27,70.3703703703704,14.8148148148148,3.7037037037037
"10","M_sativa_ssp_caerulea_long","M_sativa_ssp_caerulea_long_Chr03",46,28,17,3,0,0,48,48,58.3333333333333,6.25,0
"10","M_sativa_ssp_caerulea_long","M_sativa_ssp_caerulea_long_Chr03",47,22,21,6,0,0,49,49,44.8979591836735,12.2448979591837,0
"10","M_sativa_ssp_caerulea_long","M_sativa_ssp_caerulea_long_Chr03",48,26,22,6,3,0,57,57,45.6140350877193,10.5263157894737,5.26315789473684
"10","M_sativa_ssp_caerulea_long","M_sativa_ssp_caerulea_long_Chr03",49,29,13,5,5,0,52,52,55.7692307692308,9.61538461538461,9.61538461538461
"10","M_sativa_ssp_caerulea_long","M_sativa_ssp_caerulea_long_Chr03",50,34,13,2,2,0,51,51,66.6666666666667,3.92156862745098,3.92156862745098
"10","M_sativa_ssp_caerulea_long","M_sativa_ssp_caerulea_long_Chr03",51,45,12,2,5,0,64,64,70.3125,3.125,7.8125
"10","M_sativa_ssp_caerulea_long","M_sativa_ssp_caerulea_long_Chr03",52,21,17,6,1,0,45,45,46.6666666666667,13.3333333333333,2.22222222222222
"10","M_sativa_ssp_caerulea_long","M_sativa_ssp_caerulea_long_Chr03",53,29,12,2,1,0,44,44,65.9090909090909,4.54545454545455,2.27272727272727
"10","M_sativa_ssp_caerulea_long","M_sativa_ssp_caerulea_long_Chr03",54,30,9,8,2,0,49,49,61.2244897959184,16.3265306122449,4.08163265306122
"10","M_sativa_ssp_caerulea_long","M_sativa_ssp_caerulea_long_Chr03",55,35,18,5,7,0,65,65,53.8461538461538,7.69230769230769,10.7692307692308
"10","M_sativa_ssp_caerulea_long","M_sativa_ssp_caerulea_long_Chr03",56,35,21,10,4,0,70,70,50,14.2857142857143,5.71428571428571
"10","M_sativa_ssp_caerulea_long","M_sativa_ssp_caerulea_long_Chr03",57,34,29,11,3,0,77,77,44.1558441558442,14.2857142857143,3.8961038961039
"10","M_sativa_ssp_caerulea_long","M_sativa_ssp_caerulea_long_Chr03",58,31,25,4,2,0,62,62,50,6.45161290322581,3.2258064516129
"10","M_sativa_ssp_caerulea_long","M_sativa_ssp_caerulea_long_Chr03",59,36,16,3,2,0,57,57,63.1578947368421,5.26315789473684,3.50877192982456
"10","M_sativa_ssp_caerulea_long","M_sativa_ssp_caerulea_long_Chr03",60,22,21,3,3,0,49,49,44.8979591836735,6.12244897959184,6.12244897959184
"10","M_sativa_ssp_caerulea_long","M_sativa_ssp_caerulea_long_Chr03",61,23,10,12,5,0,50,50,46,24,10
"10","M_sativa_ssp_caerulea_long","M_sativa_ssp_caerulea_long_Chr03",62,21,22,5,4,0,52,52,40.3846153846154,9.61538461538461,7.69230769230769
"10","M_sativa_ssp_caerulea_long","M_sativa_ssp_caerulea_long_Chr03",63,45,9,4,2,0,60,60,75,6.66666666666667,3.33333333333333
"10","M_sativa_ssp_caerulea_long","M_sativa_ssp_caerulea_long_Chr03",64,64,15,5,5,0,89,89,71.9101123595506,5.61797752808989,5.61797752808989
"10","M_sativa_ssp_caerulea_long","M_sativa_ssp_caerulea_long_Chr03",65,39,29,9,4,0,81,81,48.1481481481481,11.1111111111111,4.93827160493827
"10","M_sativa_ssp_caerulea_long","M_sativa_ssp_caerulea_long_Chr03",66,22,38,7,5,0,72,72,30.5555555555556,9.72222222222222,6.94444444444444
"10","M_sativa_ssp_caerulea_long","M_sativa_ssp_caerulea_long_Chr03",67,23,26,9,6,0,64,64,35.9375,14.0625,9.375
"10","M_sativa_ssp_caerulea_long","M_sativa_ssp_caerulea_long_Chr03",68,33,35,14,7,0,89,89,37.0786516853933,15.7303370786517,7.86516853932584
"10","M_sativa_ssp_caerulea_long","M_sativa_ssp_caerulea_long_Chr03",69,32,18,5,1,0,56,56,57.1428571428571,8.92857142857143,1.78571428571429
"10","M_sativa_ssp_caerulea_long","M_sativa_ssp_caerulea_long_Chr03",70,40,13,11,4,0,68,68,58.8235294117647,16.1764705882353,5.88235294117647
"10","M_sativa_ssp_caerulea_long","M_sativa_ssp_caerulea_long_Chr03",71,21,7,6,0,0,34,34,61.7647058823529,17.6470588235294,0
"10","M_sativa_ssp_caerulea_long","M_sativa_ssp_caerulea_long_Chr03",72,43,16,9,7,0,75,75,57.3333333333333,12,9.33333333333333
"10","M_sativa_ssp_caerulea_long","M_sativa_ssp_caerulea_long_Chr03",73,57,25,12,8,0,102,102,55.8823529411765,11.7647058823529,7.84313725490196
"10","M_sativa_ssp_caerulea_long","M_sativa_ssp_caerulea_long_Chr03",74,39,19,9,6,0,73,73,53.4246575342466,12.3287671232877,8.21917808219178
"10","M_sativa_ssp_caerulea_long","M_sativa_ssp_caerulea_long_Chr03",75,30,23,7,3,0,63,63,47.6190476190476,11.1111111111111,4.76190476190476
"10","M_sativa_ssp_caerulea_long","M_sativa_ssp_caerulea_long_Chr03",76,40,29,8,5,0,82,82,48.780487804878,9.75609756097561,6.09756097560976
"10","M_sativa_ssp_caerulea_long","M_sativa_ssp_caerulea_long_Chr03",77,34,44,10,4,0,92,92,36.9565217391304,10.8695652173913,4.34782608695652
"10","M_sativa_ssp_caerulea_long","M_sativa_ssp_caerulea_long_Chr03",78,36,52,16,3,0,107,107,33.6448598130841,14.9532710280374,2.80373831775701
"10","M_sativa_ssp_caerulea_long","M_sativa_ssp_caerulea_long_Chr03",79,32,32,12,3,0,79,79,40.5063291139241,15.1898734177215,3.79746835443038
"10","M_sativa_ssp_caerulea_long","M_sativa_ssp_caerulea_long_Chr03",80,45,22,27,3,0,97,97,46.3917525773196,27.8350515463918,3.09278350515464
"10","M_sativa_ssp_caerulea_long","M_sativa_ssp_caerulea_long_Chr03",81,52,26,11,5,0,94,94,55.3191489361702,11.7021276595745,5.31914893617021
"10","M_sativa_ssp_caerulea_long","M_sativa_ssp_caerulea_long_Chr03",82,58,23,8,6,0,95,95,61.0526315789474,8.42105263157895,6.31578947368421
"10","M_sativa_ssp_caerulea_long","M_sativa_ssp_caerulea_long_Chr03",83,58,30,19,15,0,122,122,47.5409836065574,15.5737704918033,12.2950819672131
"10","M_sativa_ssp_caerulea_long","M_sativa_ssp_caerulea_long_Chr03",84,45,32,8,3,0,88,88,51.1363636363636,9.09090909090909,3.40909090909091
"10","M_sativa_ssp_caerulea_long","M_sativa_ssp_caerulea_long_Chr03",85,42,53,18,4,0,117,117,35.8974358974359,15.3846153846154,3.41880341880342
"10","M_sativa_ssp_caerulea_long","M_sativa_ssp_caerulea_long_Chr03",86,39,27,20,7,0,93,93,41.9354838709677,21.505376344086,7.52688172043011
"10","M_sativa_ssp_caerulea_long","M_sativa_ssp_caerulea_long_Chr03",87,44,27,26,5,0,102,102,43.1372549019608,25.4901960784314,4.90196078431373
"10","M_sativa_ssp_caerulea_long","M_sativa_ssp_caerulea_long_Chr03",88,73,30,16,7,0,126,126,57.9365079365079,12.6984126984127,5.55555555555556
"10","M_sativa_ssp_caerulea_long","M_sativa_ssp_caerulea_long_Chr03",89,48,19,6,3,0,76,76,63.1578947368421,7.89473684210526,3.94736842105263
"10","M_sativa_ssp_caerulea_long","M_sativa_ssp_caerulea_long_Chr03",90,54,30,15,2,0,101,101,53.4653465346535,14.8514851485149,1.98019801980198
"10","M_sativa_ssp_caerulea_long","M_sativa_ssp_caerulea_long_Chr03",91,43,46,9,6,0,104,104,41.3461538461538,8.65384615384615,5.76923076923077
"10","M_sativa_ssp_caerulea_long","M_sativa_ssp_caerulea_long_Chr03",92,59,31,26,4,0,120,120,49.1666666666667,21.6666666666667,3.33333333333333
"10","M_sativa_ssp_caerulea_long","M_sativa_ssp_caerulea_long_Chr03",93,43,38,20,4,0,105,105,40.9523809523809,19.047619047619,3.80952380952381
"10","M_sativa_ssp_caerulea_long","M_sativa_ssp_caerulea_long_Chr03",94,53,30,25,5,0,113,113,46.9026548672566,22.1238938053097,4.42477876106195
"10","M_sativa_ssp_caerulea_long","M_sativa_ssp_caerulea_long_Chr03",95,49,30,15,9,0,103,103,47.5728155339806,14.5631067961165,8.7378640776699
"10","M_sativa_ssp_caerulea_long","M_sativa_ssp_caerulea_long_Chr03",96,69,17,12,4,0,102,102,67.6470588235294,11.7647058823529,3.92156862745098
"10","M_sativa_ssp_caerulea_long","M_sativa_ssp_caerulea_long_Chr03",97,66,21,16,2,0,105,105,62.8571428571429,15.2380952380952,1.9047619047619
"10","M_sativa_ssp_caerulea_long","M_sativa_ssp_caerulea_long_Chr03",98,58,30,14,5,0,107,107,54.2056074766355,13.0841121495327,4.67289719626168
"10","M_sativa_ssp_caerulea_long","M_sativa_ssp_caerulea_long_Chr03",99,46,38,14,2,0,100,100,46,14,2
"10","M_sativa_ssp_caerulea_long","M_sativa_ssp_caerulea_long_Chr03",100,57,28,15,6,0,106,106,53.7735849056604,14.1509433962264,5.66037735849057
"10","M_sativa_ssp_caerulea_long","M_sativa_ssp_caerulea_long_Chr03",101,59,33,24,2,0,118,118,50,20.3389830508475,1.69491525423729
"10","M_sativa_ssp_caerulea_long","M_sativa_ssp_caerulea_long_Chr03",102,69,25,24,7,0,125,125,55.2,19.2,5.6
"10","M_sativa_ssp_caerulea_long","M_sativa_ssp_caerulea_long_Chr03",103,64,22,12,8,0,106,106,60.377358490566,11.3207547169811,7.54716981132075
"10","M_sativa_ssp_caerulea_long","M_sativa_ssp_caerulea_long_Chr03",104,83,18,14,2,0,117,117,70.9401709401709,11.965811965812,1.70940170940171
"10","M_sativa_ssp_caerulea_long","M_sativa_ssp_caerulea_long_Chr03",105,74,22,9,7,0,112,112,66.0714285714286,8.03571428571429,6.25
"10","M_sativa_ssp_caerulea_long","M_sativa_ssp_caerulea_long_Chr03",106,62,23,19,2,0,106,106,58.4905660377358,17.9245283018868,1.88679245283019
"10","M_sativa_ssp_caerulea_long","M_sativa_ssp_caerulea_long_Chr03",107,68,33,12,5,0,118,118,57.6271186440678,10.1694915254237,4.23728813559322
"10","M_sativa_ssp_caerulea_long","M_sativa_ssp_caerulea_long_Chr03",108,25,16,4,0,0,45,45,55.5555555555556,8.88888888888889,0
"10","M_sativa_ssp_caerulea_long","M_sativa_ssp_caerulea_long_Chr03",109,0,2,2,1,0,5,5,0,40,20
"10","M_sativa_ssp_caerulea_long","M_sativa_ssp_caerulea_long_Chr04",0,4,1,0,0,0,5,5,80,0,0
"10","M_sativa_ssp_caerulea_long","M_sativa_ssp_caerulea_long_Chr04",1,23,14,2,2,0,41,41,56.0975609756098,4.8780487804878,4.8780487804878
"10","M_sativa_ssp_caerulea_long","M_sativa_ssp_caerulea_long_Chr04",2,34,13,7,3,0,57,57,59.6491228070175,12.280701754386,5.26315789473684
"10","M_sativa_ssp_caerulea_long","M_sativa_ssp_caerulea_long_Chr04",3,46,24,8,3,0,81,81,56.7901234567901,9.87654320987654,3.7037037037037
"10","M_sativa_ssp_caerulea_long","M_sativa_ssp_caerulea_long_Chr04",4,39,19,4,3,0,65,65,60,6.15384615384615,4.61538461538461
"10","M_sativa_ssp_caerulea_long","M_sativa_ssp_caerulea_long_Chr04",5,48,24,12,6,0,90,90,53.3333333333333,13.3333333333333,6.66666666666667
"10","M_sativa_ssp_caerulea_long","M_sativa_ssp_caerulea_long_Chr04",6,55,9,8,4,0,76,76,72.3684210526316,10.5263157894737,5.26315789473684
"10","M_sativa_ssp_caerulea_long","M_sativa_ssp_caerulea_long_Chr04",7,45,17,7,2,0,71,71,63.3802816901408,9.85915492957746,2.8169014084507
"10","M_sativa_ssp_caerulea_long","M_sativa_ssp_caerulea_long_Chr04",8,40,15,6,5,0,66,66,60.6060606060606,9.09090909090909,7.57575757575758
"10","M_sativa_ssp_caerulea_long","M_sativa_ssp_caerulea_long_Chr04",9,39,16,4,6,0,65,65,60,6.15384615384615,9.23076923076923
"10","M_sativa_ssp_caerulea_long","M_sativa_ssp_caerulea_long_Chr04",10,52,25,9,5,0,91,91,57.1428571428571,9.89010989010989,5.49450549450549
"10","M_sativa_ssp_caerulea_long","M_sativa_ssp_caerulea_long_Chr04",11,59,30,8,3,0,100,100,59,8,3
"10","M_sativa_ssp_caerulea_long","M_sativa_ssp_caerulea_long_Chr04",12,67,12,7,2,0,88,88,76.1363636363636,7.95454545454545,2.27272727272727
"10","M_sativa_ssp_caerulea_long","M_sativa_ssp_caerulea_long_Chr04",13,53,30,8,0,0,91,91,58.2417582417582,8.79120879120879,0
"10","M_sativa_ssp_caerulea_long","M_sativa_ssp_caerulea_long_Chr04",14,29,9,5,4,0,47,47,61.7021276595745,10.6382978723404,8.51063829787234
"10","M_sativa_ssp_caerulea_long","M_sativa_ssp_caerulea_long_Chr04",15,38,17,14,3,0,72,72,52.7777777777778,19.4444444444444,4.16666666666667
"10","M_sativa_ssp_caerulea_long","M_sativa_ssp_caerulea_long_Chr04",16,38,16,18,6,0,78,78,48.7179487179487,23.0769230769231,7.69230769230769
"10","M_sativa_ssp_caerulea_long","M_sativa_ssp_caerulea_long_Chr04",17,38,9,5,5,0,57,57,66.6666666666667,8.7719298245614,8.7719298245614
"10","M_sativa_ssp_caerulea_long","M_sativa_ssp_caerulea_long_Chr04",18,47,24,8,6,0,85,85,55.2941176470588,9.41176470588235,7.05882352941176
"10","M_sativa_ssp_caerulea_long","M_sativa_ssp_caerulea_long_Chr04",19,60,17,7,4,0,88,88,68.1818181818182,7.95454545454545,4.54545454545455
"10","M_sativa_ssp_caerulea_long","M_sativa_ssp_caerulea_long_Chr04",20,51,22,9,5,0,87,87,58.6206896551724,10.3448275862069,5.74712643678161
"10","M_sativa_ssp_caerulea_long","M_sativa_ssp_caerulea_long_Chr04",21,36,22,17,2,0,77,77,46.7532467532468,22.0779220779221,2.5974025974026
"10","M_sativa_ssp_caerulea_long","M_sativa_ssp_caerulea_long_Chr04",22,39,15,8,2,0,64,64,60.9375,12.5,3.125
"10","M_sativa_ssp_caerulea_long","M_sativa_ssp_caerulea_long_Chr04",23,35,20,5,3,0,63,63,55.5555555555556,7.93650793650794,4.76190476190476
"10","M_sativa_ssp_caerulea_long","M_sativa_ssp_caerulea_long_Chr04",24,34,9,10,1,0,54,54,62.962962962963,18.5185185185185,1.85185185185185
"10","M_sativa_ssp_caerulea_long","M_sativa_ssp_caerulea_long_Chr04",25,52,15,6,9,0,82,82,63.4146341463415,7.31707317073171,10.9756097560976
"10","M_sativa_ssp_caerulea_long","M_sativa_ssp_caerulea_long_Chr04",26,28,20,9,9,0,66,66,42.4242424242424,13.6363636363636,13.6363636363636
"10","M_sativa_ssp_caerulea_long","M_sativa_ssp_caerulea_long_Chr04",27,31,3,10,2,0,46,46,67.3913043478261,21.7391304347826,4.34782608695652
"10","M_sativa_ssp_caerulea_long","M_sativa_ssp_caerulea_long_Chr04",28,46,10,9,1,0,66,66,69.6969696969697,13.6363636363636,1.51515151515152
"10","M_sativa_ssp_caerulea_long","M_sativa_ssp_caerulea_long_Chr04",29,45,16,9,1,0,71,71,63.3802816901408,12.6760563380282,1.40845070422535
"10","M_sativa_ssp_caerulea_long","M_sativa_ssp_caerulea_long_Chr04",30,33,17,4,1,0,55,55,60,7.27272727272727,1.81818181818182
"10","M_sativa_ssp_caerulea_long","M_sativa_ssp_caerulea_long_Chr04",31,42,11,2,1,0,56,56,75,3.57142857142857,1.78571428571429
"10","M_sativa_ssp_caerulea_long","M_sativa_ssp_caerulea_long_Chr04",32,29,9,5,5,0,48,48,60.4166666666667,10.4166666666667,10.4166666666667
"10","M_sativa_ssp_caerulea_long","M_sativa_ssp_caerulea_long_Chr04",33,41,13,7,2,0,63,63,65.0793650793651,11.1111111111111,3.17460317460317
"10","M_sativa_ssp_caerulea_long","M_sativa_ssp_caerulea_long_Chr04",34,28,14,3,3,0,48,48,58.3333333333333,6.25,6.25
"10","M_sativa_ssp_caerulea_long","M_sativa_ssp_caerulea_long_Chr04",35,34,13,8,7,0,62,62,54.8387096774194,12.9032258064516,11.2903225806452
"10","M_sativa_ssp_caerulea_long","M_sativa_ssp_caerulea_long_Chr04",36,27,11,0,4,0,42,42,64.2857142857143,0,9.52380952380952
"10","M_sativa_ssp_caerulea_long","M_sativa_ssp_caerulea_long_Chr04",37,33,15,5,2,0,55,55,60,9.09090909090909,3.63636363636364
"10","M_sativa_ssp_caerulea_long","M_sativa_ssp_caerulea_long_Chr04",38,31,7,13,8,0,59,59,52.5423728813559,22.0338983050847,13.5593220338983
"10","M_sativa_ssp_caerulea_long","M_sativa_ssp_caerulea_long_Chr04",39,23,10,5,1,0,39,39,58.974358974359,12.8205128205128,2.56410256410256
"10","M_sativa_ssp_caerulea_long","M_sativa_ssp_caerulea_long_Chr04",40,49,7,4,2,0,62,62,79.0322580645161,6.45161290322581,3.2258064516129
"10","M_sativa_ssp_caerulea_long","M_sativa_ssp_caerulea_long_Chr04",41,26,7,4,0,0,37,37,70.2702702702703,10.8108108108108,0
"10","M_sativa_ssp_caerulea_long","M_sativa_ssp_caerulea_long_Chr04",42,41,10,3,1,0,55,55,74.5454545454545,5.45454545454545,1.81818181818182
"10","M_sativa_ssp_caerulea_long","M_sativa_ssp_caerulea_long_Chr04",43,41,16,3,9,0,69,69,59.4202898550725,4.34782608695652,13.0434782608696
"10","M_sativa_ssp_caerulea_long","M_sativa_ssp_caerulea_long_Chr04",44,36,8,8,4,0,56,56,64.2857142857143,14.2857142857143,7.14285714285714
"10","M_sativa_ssp_caerulea_long","M_sativa_ssp_caerulea_long_Chr04",45,35,7,6,0,0,48,48,72.9166666666667,12.5,0
"10","M_sativa_ssp_caerulea_long","M_sativa_ssp_caerulea_long_Chr04",46,34,4,15,4,0,57,57,59.6491228070175,26.3157894736842,7.01754385964912
"10","M_sativa_ssp_caerulea_long","M_sativa_ssp_caerulea_long_Chr04",47,36,17,7,3,0,63,63,57.1428571428571,11.1111111111111,4.76190476190476
"10","M_sativa_ssp_caerulea_long","M_sativa_ssp_caerulea_long_Chr04",48,29,22,9,1,0,61,61,47.5409836065574,14.7540983606557,1.63934426229508
"10","M_sativa_ssp_caerulea_long","M_sativa_ssp_caerulea_long_Chr04",49,31,17,15,13,0,76,76,40.7894736842105,19.7368421052632,17.1052631578947
"10","M_sativa_ssp_caerulea_long","M_sativa_ssp_caerulea_long_Chr04",50,36,19,4,1,0,60,60,60,6.66666666666667,1.66666666666667
"10","M_sativa_ssp_caerulea_long","M_sativa_ssp_caerulea_long_Chr04",51,33,30,12,8,0,83,83,39.7590361445783,14.4578313253012,9.63855421686747
"10","M_sativa_ssp_caerulea_long","M_sativa_ssp_caerulea_long_Chr04",52,42,18,5,2,0,67,67,62.6865671641791,7.46268656716418,2.98507462686567
"10","M_sativa_ssp_caerulea_long","M_sativa_ssp_caerulea_long_Chr04",53,40,20,5,1,0,66,66,60.6060606060606,7.57575757575758,1.51515151515152
"10","M_sativa_ssp_caerulea_long","M_sativa_ssp_caerulea_long_Chr04",54,26,16,6,3,0,51,51,50.9803921568627,11.7647058823529,5.88235294117647
"10","M_sativa_ssp_caerulea_long","M_sativa_ssp_caerulea_long_Chr04",55,41,12,11,8,0,72,72,56.9444444444444,15.2777777777778,11.1111111111111
"10","M_sativa_ssp_caerulea_long","M_sativa_ssp_caerulea_long_Chr04",56,33,18,10,7,0,68,68,48.5294117647059,14.7058823529412,10.2941176470588
"10","M_sativa_ssp_caerulea_long","M_sativa_ssp_caerulea_long_Chr04",57,41,21,7,1,0,70,70,58.5714285714286,10,1.42857142857143
"10","M_sativa_ssp_caerulea_long","M_sativa_ssp_caerulea_long_Chr04",58,27,14,6,3,0,50,50,54,12,6
"10","M_sativa_ssp_caerulea_long","M_sativa_ssp_caerulea_long_Chr04",59,48,27,8,2,0,85,85,56.4705882352941,9.41176470588235,2.35294117647059
"10","M_sativa_ssp_caerulea_long","M_sativa_ssp_caerulea_long_Chr04",60,55,28,6,1,0,90,90,61.1111111111111,6.66666666666667,1.11111111111111
"10","M_sativa_ssp_caerulea_long","M_sativa_ssp_caerulea_long_Chr04",61,62,24,11,4,0,101,101,61.3861386138614,10.8910891089109,3.96039603960396
"10","M_sativa_ssp_caerulea_long","M_sativa_ssp_caerulea_long_Chr04",62,49,25,7,9,0,90,90,54.4444444444444,7.77777777777778,10
"10","M_sativa_ssp_caerulea_long","M_sativa_ssp_caerulea_long_Chr04",63,45,25,9,4,0,83,83,54.2168674698795,10.8433734939759,4.81927710843374
"10","M_sativa_ssp_caerulea_long","M_sativa_ssp_caerulea_long_Chr04",64,45,24,18,8,0,95,95,47.3684210526316,18.9473684210526,8.42105263157895
"10","M_sativa_ssp_caerulea_long","M_sativa_ssp_caerulea_long_Chr04",65,47,30,10,9,0,96,96,48.9583333333333,10.4166666666667,9.375
"10","M_sativa_ssp_caerulea_long","M_sativa_ssp_caerulea_long_Chr04",66,57,26,12,10,0,105,105,54.2857142857143,11.4285714285714,9.52380952380952
"10","M_sativa_ssp_caerulea_long","M_sativa_ssp_caerulea_long_Chr04",67,45,24,8,7,0,84,84,53.5714285714286,9.52380952380952,8.33333333333333
"10","M_sativa_ssp_caerulea_long","M_sativa_ssp_caerulea_long_Chr04",68,51,29,9,3,0,92,92,55.4347826086956,9.78260869565217,3.26086956521739
"10","M_sativa_ssp_caerulea_long","M_sativa_ssp_caerulea_long_Chr04",69,39,40,10,2,0,91,91,42.8571428571429,10.989010989011,2.1978021978022
"10","M_sativa_ssp_caerulea_long","M_sativa_ssp_caerulea_long_Chr04",70,56,40,7,4,0,107,107,52.3364485981308,6.54205607476636,3.73831775700935
"10","M_sativa_ssp_caerulea_long","M_sativa_ssp_caerulea_long_Chr04",71,52,39,10,6,0,107,107,48.5981308411215,9.34579439252336,5.60747663551402
"10","M_sativa_ssp_caerulea_long","M_sativa_ssp_caerulea_long_Chr04",72,40,28,13,4,0,85,85,47.0588235294118,15.2941176470588,4.70588235294118
"10","M_sativa_ssp_caerulea_long","M_sativa_ssp_caerulea_long_Chr04",73,68,32,9,10,0,119,119,57.1428571428571,7.56302521008403,8.40336134453782
"10","M_sativa_ssp_caerulea_long","M_sativa_ssp_caerulea_long_Chr04",74,57,30,15,8,0,110,110,51.8181818181818,13.6363636363636,7.27272727272727
"10","M_sativa_ssp_caerulea_long","M_sativa_ssp_caerulea_long_Chr04",75,46,36,11,5,0,98,98,46.9387755102041,11.2244897959184,5.10204081632653
"10","M_sativa_ssp_caerulea_long","M_sativa_ssp_caerulea_long_Chr04",76,43,34,11,4,0,92,92,46.7391304347826,11.9565217391304,4.34782608695652
"10","M_sativa_ssp_caerulea_long","M_sativa_ssp_caerulea_long_Chr04",77,62,35,7,8,0,112,112,55.3571428571429,6.25,7.14285714285714
"10","M_sativa_ssp_caerulea_long","M_sativa_ssp_caerulea_long_Chr04",78,45,35,10,13,0,103,103,43.6893203883495,9.70873786407767,12.621359223301
"10","M_sativa_ssp_caerulea_long","M_sativa_ssp_caerulea_long_Chr04",79,65,48,4,10,0,127,127,51.1811023622047,3.1496062992126,7.8740157480315
"10","M_sativa_ssp_caerulea_long","M_sativa_ssp_caerulea_long_Chr04",80,62,42,6,10,0,120,120,51.6666666666667,5,8.33333333333333
"10","M_sativa_ssp_caerulea_long","M_sativa_ssp_caerulea_long_Chr04",81,57,30,6,4,0,97,97,58.7628865979381,6.18556701030928,4.12371134020619
"10","M_sativa_ssp_caerulea_long","M_sativa_ssp_caerulea_long_Chr04",82,62,33,8,2,0,105,105,59.0476190476191,7.61904761904762,1.9047619047619
"10","M_sativa_ssp_caerulea_long","M_sativa_ssp_caerulea_long_Chr04",83,58,30,10,1,0,99,99,58.5858585858586,10.1010101010101,1.01010101010101
"10","M_sativa_ssp_caerulea_long","M_sativa_ssp_caerulea_long_Chr04",84,65,21,8,7,0,101,101,64.3564356435644,7.92079207920792,6.93069306930693
"10","M_sativa_ssp_caerulea_long","M_sativa_ssp_caerulea_long_Chr04",85,38,33,10,5,0,86,86,44.1860465116279,11.6279069767442,5.81395348837209
"10","M_sativa_ssp_caerulea_long","M_sativa_ssp_caerulea_long_Chr04",86,39,52,11,3,0,105,105,37.1428571428571,10.4761904761905,2.85714285714286
"10","M_sativa_ssp_caerulea_long","M_sativa_ssp_caerulea_long_Chr04",87,62,42,7,2,0,113,113,54.8672566371681,6.19469026548673,1.76991150442478
"10","M_sativa_ssp_caerulea_long","M_sativa_ssp_caerulea_long_Chr04",88,54,39,10,2,0,105,105,51.4285714285714,9.52380952380952,1.9047619047619
"10","M_sativa_ssp_caerulea_long","M_sativa_ssp_caerulea_long_Chr04",89,64,36,8,9,0,117,117,54.7008547008547,6.83760683760684,7.69230769230769
"10","M_sativa_ssp_caerulea_long","M_sativa_ssp_caerulea_long_Chr04",90,64,41,12,8,0,125,125,51.2,9.6,6.4
"10","M_sativa_ssp_caerulea_long","M_sativa_ssp_caerulea_long_Chr04",91,51,26,5,4,0,86,86,59.3023255813954,5.81395348837209,4.65116279069767
"10","M_sativa_ssp_caerulea_long","M_sativa_ssp_caerulea_long_Chr04",92,69,26,12,1,0,108,108,63.8888888888889,11.1111111111111,0.925925925925926
"10","M_sativa_ssp_caerulea_long","M_sativa_ssp_caerulea_long_Chr04",93,71,20,13,2,0,106,106,66.9811320754717,12.2641509433962,1.88679245283019
"10","M_sativa_ssp_caerulea_long","M_sativa_ssp_caerulea_long_Chr04",94,48,25,8,9,0,90,90,53.3333333333333,8.88888888888889,10
"10","M_sativa_ssp_caerulea_long","M_sativa_ssp_caerulea_long_Chr04",95,47,44,11,11,0,113,113,41.5929203539823,9.73451327433628,9.73451327433628
"10","M_sativa_ssp_caerulea_long","M_sativa_ssp_caerulea_long_Chr04",96,68,37,8,3,0,116,116,58.6206896551724,6.89655172413793,2.58620689655172
"10","M_sativa_ssp_caerulea_long","M_sativa_ssp_caerulea_long_Chr04",97,60,37,6,4,0,107,107,56.0747663551402,5.60747663551402,3.73831775700935
"10","M_sativa_ssp_caerulea_long","M_sativa_ssp_caerulea_long_Chr04",98,60,35,9,2,0,106,106,56.6037735849057,8.49056603773585,1.88679245283019
"10","M_sativa_ssp_caerulea_long","M_sativa_ssp_caerulea_long_Chr04",99,36,9,7,2,0,54,54,66.6666666666667,12.962962962963,3.7037037037037
"10","M_sativa_ssp_caerulea_long","M_sativa_ssp_caerulea_long_Chr05",0,30,15,2,5,0,52,52,57.6923076923077,3.84615384615385,9.61538461538461
"10","M_sativa_ssp_caerulea_long","M_sativa_ssp_caerulea_long_Chr05",1,58,33,14,9,0,114,114,50.8771929824561,12.280701754386,7.89473684210526
"10","M_sativa_ssp_caerulea_long","M_sativa_ssp_caerulea_long_Chr05",2,55,40,18,9,0,122,122,45.0819672131148,14.7540983606557,7.37704918032787
"10","M_sativa_ssp_caerulea_long","M_sativa_ssp_caerulea_long_Chr05",3,60,38,9,11,0,118,118,50.8474576271186,7.6271186440678,9.32203389830508
"10","M_sativa_ssp_caerulea_long","M_sativa_ssp_caerulea_long_Chr05",4,63,31,5,13,0,112,112,56.25,4.46428571428571,11.6071428571429
"10","M_sativa_ssp_caerulea_long","M_sativa_ssp_caerulea_long_Chr05",5,71,28,12,3,0,114,114,62.280701754386,10.5263157894737,2.63157894736842
"10","M_sativa_ssp_caerulea_long","M_sativa_ssp_caerulea_long_Chr05",6,64,23,14,7,0,108,108,59.2592592592593,12.962962962963,6.48148148148148
"10","M_sativa_ssp_caerulea_long","M_sativa_ssp_caerulea_long_Chr05",7,40,17,6,4,0,67,67,59.7014925373134,8.95522388059701,5.97014925373134
"10","M_sativa_ssp_caerulea_long","M_sativa_ssp_caerulea_long_Chr05",8,56,16,11,6,0,89,89,62.9213483146067,12.3595505617978,6.74157303370786
"10","M_sativa_ssp_caerulea_long","M_sativa_ssp_caerulea_long_Chr05",9,69,17,8,4,0,98,98,70.4081632653061,8.16326530612245,4.08163265306122
"10","M_sativa_ssp_caerulea_long","M_sativa_ssp_caerulea_long_Chr05",10,70,21,8,2,0,101,101,69.3069306930693,7.92079207920792,1.98019801980198
"10","M_sativa_ssp_caerulea_long","M_sativa_ssp_caerulea_long_Chr05",11,59,28,10,9,0,106,106,55.6603773584906,9.43396226415094,8.49056603773585
"10","M_sativa_ssp_caerulea_long","M_sativa_ssp_caerulea_long_Chr05",12,65,26,2,10,0,103,103,63.1067961165049,1.94174757281553,9.70873786407767
"10","M_sativa_ssp_caerulea_long","M_sativa_ssp_caerulea_long_Chr05",13,59,37,7,4,0,107,107,55.1401869158879,6.54205607476636,3.73831775700935
"10","M_sativa_ssp_caerulea_long","M_sativa_ssp_caerulea_long_Chr05",14,45,27,4,2,0,78,78,57.6923076923077,5.12820512820513,2.56410256410256
"10","M_sativa_ssp_caerulea_long","M_sativa_ssp_caerulea_long_Chr05",15,38,25,11,8,0,82,82,46.3414634146341,13.4146341463415,9.75609756097561
"10","M_sativa_ssp_caerulea_long","M_sativa_ssp_caerulea_long_Chr05",16,66,16,7,10,0,99,99,66.6666666666667,7.07070707070707,10.1010101010101
"10","M_sativa_ssp_caerulea_long","M_sativa_ssp_caerulea_long_Chr05",17,56,16,7,6,0,85,85,65.8823529411765,8.23529411764706,7.05882352941176
"10","M_sativa_ssp_caerulea_long","M_sativa_ssp_caerulea_long_Chr05",18,34,22,8,5,0,69,69,49.2753623188406,11.5942028985507,7.2463768115942
"10","M_sativa_ssp_caerulea_long","M_sativa_ssp_caerulea_long_Chr05",19,56,11,5,8,0,80,80,70,6.25,10
"10","M_sativa_ssp_caerulea_long","M_sativa_ssp_caerulea_long_Chr05",20,43,18,7,4,0,72,72,59.7222222222222,9.72222222222222,5.55555555555556
"10","M_sativa_ssp_caerulea_long","M_sativa_ssp_caerulea_long_Chr05",21,44,19,11,8,0,82,82,53.6585365853659,13.4146341463415,9.75609756097561
"10","M_sativa_ssp_caerulea_long","M_sativa_ssp_caerulea_long_Chr05",22,42,24,10,3,0,79,79,53.1645569620253,12.6582278481013,3.79746835443038
"10","M_sativa_ssp_caerulea_long","M_sativa_ssp_caerulea_long_Chr05",23,45,15,6,4,0,70,70,64.2857142857143,8.57142857142857,5.71428571428571
"10","M_sativa_ssp_caerulea_long","M_sativa_ssp_caerulea_long_Chr05",24,44,16,8,2,0,70,70,62.8571428571429,11.4285714285714,2.85714285714286
"10","M_sativa_ssp_caerulea_long","M_sativa_ssp_caerulea_long_Chr05",25,49,7,7,2,0,65,65,75.3846153846154,10.7692307692308,3.07692307692308
"10","M_sativa_ssp_caerulea_long","M_sativa_ssp_caerulea_long_Chr05",26,36,13,5,2,0,56,56,64.2857142857143,8.92857142857143,3.57142857142857
"10","M_sativa_ssp_caerulea_long","M_sativa_ssp_caerulea_long_Chr05",27,54,8,12,3,0,77,77,70.1298701298701,15.5844155844156,3.8961038961039
"10","M_sativa_ssp_caerulea_long","M_sativa_ssp_caerulea_long_Chr05",28,55,8,3,4,0,70,70,78.5714285714286,4.28571428571429,5.71428571428571
"10","M_sativa_ssp_caerulea_long","M_sativa_ssp_caerulea_long_Chr05",29,35,13,7,1,0,56,56,62.5,12.5,1.78571428571429
"10","M_sativa_ssp_caerulea_long","M_sativa_ssp_caerulea_long_Chr05",30,41,9,9,5,0,64,64,64.0625,14.0625,7.8125
"10","M_sativa_ssp_caerulea_long","M_sativa_ssp_caerulea_long_Chr05",31,47,11,6,4,0,68,68,69.1176470588235,8.82352941176471,5.88235294117647
"10","M_sativa_ssp_caerulea_long","M_sativa_ssp_caerulea_long_Chr05",32,33,20,7,7,0,67,67,49.2537313432836,10.4477611940299,10.4477611940299
"10","M_sativa_ssp_caerulea_long","M_sativa_ssp_caerulea_long_Chr05",33,31,13,3,4,0,51,51,60.7843137254902,5.88235294117647,7.84313725490196
"10","M_sativa_ssp_caerulea_long","M_sativa_ssp_caerulea_long_Chr05",34,26,23,7,3,0,59,59,44.0677966101695,11.864406779661,5.08474576271186
"10","M_sativa_ssp_caerulea_long","M_sativa_ssp_caerulea_long_Chr05",35,25,12,1,1,0,39,39,64.1025641025641,2.56410256410256,2.56410256410256
"10","M_sativa_ssp_caerulea_long","M_sativa_ssp_caerulea_long_Chr05",36,21,9,6,2,0,38,38,55.2631578947368,15.7894736842105,5.26315789473684
"10","M_sativa_ssp_caerulea_long","M_sativa_ssp_caerulea_long_Chr05",37,18,4,2,3,0,27,27,66.6666666666667,7.40740740740741,11.1111111111111
"10","M_sativa_ssp_caerulea_long","M_sativa_ssp_caerulea_long_Chr05",38,37,19,5,5,0,66,66,56.0606060606061,7.57575757575758,7.57575757575758
"10","M_sativa_ssp_caerulea_long","M_sativa_ssp_caerulea_long_Chr05",39,31,8,6,4,0,49,49,63.265306122449,12.2448979591837,8.16326530612245
"10","M_sativa_ssp_caerulea_long","M_sativa_ssp_caerulea_long_Chr05",40,35,17,4,4,0,60,60,58.3333333333333,6.66666666666667,6.66666666666667
"10","M_sativa_ssp_caerulea_long","M_sativa_ssp_caerulea_long_Chr05",41,58,11,10,6,0,85,85,68.2352941176471,11.7647058823529,7.05882352941176
"10","M_sativa_ssp_caerulea_long","M_sativa_ssp_caerulea_long_Chr05",42,45,15,7,3,0,70,70,64.2857142857143,10,4.28571428571429
"10","M_sativa_ssp_caerulea_long","M_sativa_ssp_caerulea_long_Chr05",43,28,14,11,5,0,58,58,48.2758620689655,18.9655172413793,8.62068965517241
"10","M_sativa_ssp_caerulea_long","M_sativa_ssp_caerulea_long_Chr05",44,36,25,4,6,0,71,71,50.7042253521127,5.63380281690141,8.45070422535211
"10","M_sativa_ssp_caerulea_long","M_sativa_ssp_caerulea_long_Chr05",45,30,11,9,8,0,58,58,51.7241379310345,15.5172413793103,13.7931034482759
"10","M_sativa_ssp_caerulea_long","M_sativa_ssp_caerulea_long_Chr05",46,31,11,1,6,0,49,49,63.265306122449,2.04081632653061,12.2448979591837
"10","M_sativa_ssp_caerulea_long","M_sativa_ssp_caerulea_long_Chr05",47,32,11,8,6,0,57,57,56.140350877193,14.0350877192982,10.5263157894737
"10","M_sativa_ssp_caerulea_long","M_sativa_ssp_caerulea_long_Chr05",48,35,21,14,2,0,72,72,48.6111111111111,19.4444444444444,2.77777777777778
"10","M_sativa_ssp_caerulea_long","M_sativa_ssp_caerulea_long_Chr05",49,42,17,7,12,0,78,78,53.8461538461538,8.97435897435897,15.3846153846154
"10","M_sativa_ssp_caerulea_long","M_sativa_ssp_caerulea_long_Chr05",50,34,32,6,3,0,75,75,45.3333333333333,8,4
"10","M_sativa_ssp_caerulea_long","M_sativa_ssp_caerulea_long_Chr05",51,36,19,10,1,0,66,66,54.5454545454545,15.1515151515152,1.51515151515152
"10","M_sativa_ssp_caerulea_long","M_sativa_ssp_caerulea_long_Chr05",52,39,25,3,6,0,73,73,53.4246575342466,4.10958904109589,8.21917808219178
"10","M_sativa_ssp_caerulea_long","M_sativa_ssp_caerulea_long_Chr05",53,46,19,10,5,0,80,80,57.5,12.5,6.25
"10","M_sativa_ssp_caerulea_long","M_sativa_ssp_caerulea_long_Chr05",54,52,20,9,7,0,88,88,59.0909090909091,10.2272727272727,7.95454545454545
"10","M_sativa_ssp_caerulea_long","M_sativa_ssp_caerulea_long_Chr05",55,45,21,4,3,0,73,73,61.6438356164384,5.47945205479452,4.10958904109589
"10","M_sativa_ssp_caerulea_long","M_sativa_ssp_caerulea_long_Chr05",56,68,21,8,11,0,108,108,62.962962962963,7.40740740740741,10.1851851851852
"10","M_sativa_ssp_caerulea_long","M_sativa_ssp_caerulea_long_Chr05",57,30,6,5,0,0,41,41,73.1707317073171,12.1951219512195,0
"10","M_sativa_ssp_caerulea_long","M_sativa_ssp_caerulea_long_Chr05",58,31,17,7,2,0,57,57,54.3859649122807,12.280701754386,3.50877192982456
"10","M_sativa_ssp_caerulea_long","M_sativa_ssp_caerulea_long_Chr05",59,50,12,4,3,0,69,69,72.463768115942,5.79710144927536,4.34782608695652
"10","M_sativa_ssp_caerulea_long","M_sativa_ssp_caerulea_long_Chr05",60,30,21,11,1,0,63,63,47.6190476190476,17.4603174603175,1.58730158730159
"10","M_sativa_ssp_caerulea_long","M_sativa_ssp_caerulea_long_Chr05",61,29,12,4,2,0,47,47,61.7021276595745,8.51063829787234,4.25531914893617
"10","M_sativa_ssp_caerulea_long","M_sativa_ssp_caerulea_long_Chr05",62,49,12,11,2,0,74,74,66.2162162162162,14.8648648648649,2.7027027027027
"10","M_sativa_ssp_caerulea_long","M_sativa_ssp_caerulea_long_Chr05",63,39,16,8,9,0,72,72,54.1666666666667,11.1111111111111,12.5
"10","M_sativa_ssp_caerulea_long","M_sativa_ssp_caerulea_long_Chr05",64,43,23,2,3,0,71,71,60.5633802816901,2.8169014084507,4.22535211267606
"10","M_sativa_ssp_caerulea_long","M_sativa_ssp_caerulea_long_Chr05",65,37,15,6,4,0,62,62,59.6774193548387,9.67741935483871,6.45161290322581
"10","M_sativa_ssp_caerulea_long","M_sativa_ssp_caerulea_long_Chr05",66,40,16,8,2,0,66,66,60.6060606060606,12.1212121212121,3.03030303030303
"10","M_sativa_ssp_caerulea_long","M_sativa_ssp_caerulea_long_Chr05",67,47,24,13,14,0,98,98,47.9591836734694,13.265306122449,14.2857142857143
"10","M_sativa_ssp_caerulea_long","M_sativa_ssp_caerulea_long_Chr05",68,35,16,8,2,0,61,61,57.3770491803279,13.1147540983607,3.27868852459016
"10","M_sativa_ssp_caerulea_long","M_sativa_ssp_caerulea_long_Chr05",69,55,25,5,3,0,88,88,62.5,5.68181818181818,3.40909090909091
"10","M_sativa_ssp_caerulea_long","M_sativa_ssp_caerulea_long_Chr05",70,51,17,7,0,0,75,75,68,9.33333333333333,0
"10","M_sativa_ssp_caerulea_long","M_sativa_ssp_caerulea_long_Chr05",71,41,25,16,2,0,84,84,48.8095238095238,19.047619047619,2.38095238095238
"10","M_sativa_ssp_caerulea_long","M_sativa_ssp_caerulea_long_Chr05",72,63,21,17,6,0,107,107,58.8785046728972,15.8878504672897,5.60747663551402
"10","M_sativa_ssp_caerulea_long","M_sativa_ssp_caerulea_long_Chr05",73,67,35,20,6,0,128,128,52.34375,15.625,4.6875
"10","M_sativa_ssp_caerulea_long","M_sativa_ssp_caerulea_long_Chr05",74,37,28,6,6,0,77,77,48.0519480519481,7.79220779220779,7.79220779220779
"10","M_sativa_ssp_caerulea_long","M_sativa_ssp_caerulea_long_Chr05",75,41,23,9,4,0,77,77,53.2467532467532,11.6883116883117,5.19480519480519
"10","M_sativa_ssp_caerulea_long","M_sativa_ssp_caerulea_long_Chr05",76,50,20,3,3,0,76,76,65.7894736842105,3.94736842105263,3.94736842105263
"10","M_sativa_ssp_caerulea_long","M_sativa_ssp_caerulea_long_Chr05",77,55,30,14,9,0,108,108,50.9259259259259,12.962962962963,8.33333333333333
"10","M_sativa_ssp_caerulea_long","M_sativa_ssp_caerulea_long_Chr05",78,57,15,11,2,0,85,85,67.0588235294118,12.9411764705882,2.35294117647059
"10","M_sativa_ssp_caerulea_long","M_sativa_ssp_caerulea_long_Chr05",79,23,16,10,1,0,50,50,46,20,2
"10","M_sativa_ssp_caerulea_long","M_sativa_ssp_caerulea_long_Chr05",80,45,16,11,6,0,78,78,57.6923076923077,14.1025641025641,7.69230769230769
"10","M_sativa_ssp_caerulea_long","M_sativa_ssp_caerulea_long_Chr05",81,6,3,2,6,0,17,17,35.2941176470588,11.7647058823529,35.2941176470588
"10","M_sativa_ssp_caerulea_long","M_sativa_ssp_caerulea_long_Chr06",0,47,21,8,2,0,78,78,60.2564102564103,10.2564102564103,2.56410256410256
"10","M_sativa_ssp_caerulea_long","M_sativa_ssp_caerulea_long_Chr06",1,48,18,11,3,0,80,80,60,13.75,3.75
"10","M_sativa_ssp_caerulea_long","M_sativa_ssp_caerulea_long_Chr06",2,46,14,7,4,0,71,71,64.7887323943662,9.85915492957746,5.63380281690141
"10","M_sativa_ssp_caerulea_long","M_sativa_ssp_caerulea_long_Chr06",3,62,19,9,10,0,100,100,62,9,10
"10","M_sativa_ssp_caerulea_long","M_sativa_ssp_caerulea_long_Chr06",4,44,16,5,8,0,73,73,60.2739726027397,6.84931506849315,10.958904109589
"10","M_sativa_ssp_caerulea_long","M_sativa_ssp_caerulea_long_Chr06",5,34,16,2,4,0,56,56,60.7142857142857,3.57142857142857,7.14285714285714
"10","M_sativa_ssp_caerulea_long","M_sativa_ssp_caerulea_long_Chr06",6,39,10,3,8,0,60,60,65,5,13.3333333333333
"10","M_sativa_ssp_caerulea_long","M_sativa_ssp_caerulea_long_Chr06",7,39,13,6,1,0,59,59,66.1016949152542,10.1694915254237,1.69491525423729
"10","M_sativa_ssp_caerulea_long","M_sativa_ssp_caerulea_long_Chr06",8,38,13,4,1,0,56,56,67.8571428571429,7.14285714285714,1.78571428571429
"10","M_sativa_ssp_caerulea_long","M_sativa_ssp_caerulea_long_Chr06",9,21,14,5,2,0,42,42,50,11.9047619047619,4.76190476190476
"10","M_sativa_ssp_caerulea_long","M_sativa_ssp_caerulea_long_Chr06",10,53,22,14,11,0,100,100,53,14,11
"10","M_sativa_ssp_caerulea_long","M_sativa_ssp_caerulea_long_Chr06",11,42,15,6,3,0,66,66,63.6363636363636,9.09090909090909,4.54545454545455
"10","M_sativa_ssp_caerulea_long","M_sativa_ssp_caerulea_long_Chr06",12,36,6,5,3,0,50,50,72,10,6
"10","M_sativa_ssp_caerulea_long","M_sativa_ssp_caerulea_long_Chr06",13,28,20,6,8,0,62,62,45.1612903225806,9.67741935483871,12.9032258064516
"10","M_sativa_ssp_caerulea_long","M_sativa_ssp_caerulea_long_Chr06",14,33,8,15,2,0,58,58,56.8965517241379,25.8620689655172,3.44827586206897
"10","M_sativa_ssp_caerulea_long","M_sativa_ssp_caerulea_long_Chr06",15,36,17,8,4,0,65,65,55.3846153846154,12.3076923076923,6.15384615384615
"10","M_sativa_ssp_caerulea_long","M_sativa_ssp_caerulea_long_Chr06",16,36,10,9,1,0,56,56,64.2857142857143,16.0714285714286,1.78571428571429
"10","M_sativa_ssp_caerulea_long","M_sativa_ssp_caerulea_long_Chr06",17,27,9,13,7,0,56,56,48.2142857142857,23.2142857142857,12.5
"10","M_sativa_ssp_caerulea_long","M_sativa_ssp_caerulea_long_Chr06",18,41,12,6,1,0,60,60,68.3333333333333,10,1.66666666666667
"10","M_sativa_ssp_caerulea_long","M_sativa_ssp_caerulea_long_Chr06",19,37,16,3,1,0,57,57,64.9122807017544,5.26315789473684,1.75438596491228
"10","M_sativa_ssp_caerulea_long","M_sativa_ssp_caerulea_long_Chr06",20,68,9,5,1,0,83,83,81.9277108433735,6.02409638554217,1.20481927710843
"10","M_sativa_ssp_caerulea_long","M_sativa_ssp_caerulea_long_Chr06",21,46,33,7,16,0,102,102,45.0980392156863,6.86274509803922,15.6862745098039
"10","M_sativa_ssp_caerulea_long","M_sativa_ssp_caerulea_long_Chr06",22,34,47,2,62,0,145,145,23.448275862069,1.37931034482759,42.7586206896552
"10","M_sativa_ssp_caerulea_long","M_sativa_ssp_caerulea_long_Chr06",23,41,27,12,42,0,122,122,33.6065573770492,9.83606557377049,34.4262295081967
"10","M_sativa_ssp_caerulea_long","M_sativa_ssp_caerulea_long_Chr06",24,38,20,6,28,0,92,92,41.304347826087,6.52173913043478,30.4347826086957
"10","M_sativa_ssp_caerulea_long","M_sativa_ssp_caerulea_long_Chr06",25,31,5,6,15,0,57,57,54.3859649122807,10.5263157894737,26.3157894736842
"10","M_sativa_ssp_caerulea_long","M_sativa_ssp_caerulea_long_Chr06",26,18,8,7,4,0,37,37,48.6486486486486,18.9189189189189,10.8108108108108
"10","M_sativa_ssp_caerulea_long","M_sativa_ssp_caerulea_long_Chr06",27,27,20,9,7,0,63,63,42.8571428571429,14.2857142857143,11.1111111111111
"10","M_sativa_ssp_caerulea_long","M_sativa_ssp_caerulea_long_Chr06",28,32,15,8,3,0,58,58,55.1724137931034,13.7931034482759,5.17241379310345
"10","M_sativa_ssp_caerulea_long","M_sativa_ssp_caerulea_long_Chr06",29,34,15,3,3,0,55,55,61.8181818181818,5.45454545454545,5.45454545454545
"10","M_sativa_ssp_caerulea_long","M_sativa_ssp_caerulea_long_Chr06",30,35,9,6,6,0,56,56,62.5,10.7142857142857,10.7142857142857
"10","M_sativa_ssp_caerulea_long","M_sativa_ssp_caerulea_long_Chr06",31,42,10,8,3,0,63,63,66.6666666666667,12.6984126984127,4.76190476190476
"10","M_sativa_ssp_caerulea_long","M_sativa_ssp_caerulea_long_Chr06",32,42,8,12,4,0,66,66,63.6363636363636,18.1818181818182,6.06060606060606
"10","M_sativa_ssp_caerulea_long","M_sativa_ssp_caerulea_long_Chr06",33,34,16,11,6,0,67,67,50.7462686567164,16.4179104477612,8.95522388059701
"10","M_sativa_ssp_caerulea_long","M_sativa_ssp_caerulea_long_Chr06",34,39,13,12,7,0,71,71,54.9295774647887,16.9014084507042,9.85915492957746
"10","M_sativa_ssp_caerulea_long","M_sativa_ssp_caerulea_long_Chr06",35,34,11,1,4,0,50,50,68,2,8
"10","M_sativa_ssp_caerulea_long","M_sativa_ssp_caerulea_long_Chr06",36,47,7,9,4,0,67,67,70.1492537313433,13.4328358208955,5.97014925373134
"10","M_sativa_ssp_caerulea_long","M_sativa_ssp_caerulea_long_Chr06",37,36,13,1,3,0,53,53,67.9245283018868,1.88679245283019,5.66037735849057
"10","M_sativa_ssp_caerulea_long","M_sativa_ssp_caerulea_long_Chr06",38,36,6,3,6,0,51,51,70.5882352941177,5.88235294117647,11.7647058823529
"10","M_sativa_ssp_caerulea_long","M_sativa_ssp_caerulea_long_Chr06",39,34,11,11,8,0,64,64,53.125,17.1875,12.5
"10","M_sativa_ssp_caerulea_long","M_sativa_ssp_caerulea_long_Chr06",40,34,12,11,1,0,58,58,58.6206896551724,18.9655172413793,1.72413793103448
"10","M_sativa_ssp_caerulea_long","M_sativa_ssp_caerulea_long_Chr06",41,40,9,6,4,0,59,59,67.7966101694915,10.1694915254237,6.77966101694915
"10","M_sativa_ssp_caerulea_long","M_sativa_ssp_caerulea_long_Chr06",42,40,9,7,4,0,60,60,66.6666666666667,11.6666666666667,6.66666666666667
"10","M_sativa_ssp_caerulea_long","M_sativa_ssp_caerulea_long_Chr06",43,40,9,6,3,0,58,58,68.9655172413793,10.3448275862069,5.17241379310345
"10","M_sativa_ssp_caerulea_long","M_sativa_ssp_caerulea_long_Chr06",44,25,10,15,5,0,55,55,45.4545454545455,27.2727272727273,9.09090909090909
"10","M_sativa_ssp_caerulea_long","M_sativa_ssp_caerulea_long_Chr06",45,33,10,6,7,0,56,56,58.9285714285714,10.7142857142857,12.5
"10","M_sativa_ssp_caerulea_long","M_sativa_ssp_caerulea_long_Chr06",46,27,6,12,3,0,48,48,56.25,25,6.25
"10","M_sativa_ssp_caerulea_long","M_sativa_ssp_caerulea_long_Chr06",47,29,21,9,6,0,65,65,44.6153846153846,13.8461538461538,9.23076923076923
"10","M_sativa_ssp_caerulea_long","M_sativa_ssp_caerulea_long_Chr06",48,28,8,12,3,0,51,51,54.9019607843137,23.5294117647059,5.88235294117647
"10","M_sativa_ssp_caerulea_long","M_sativa_ssp_caerulea_long_Chr06",49,44,7,9,6,0,66,66,66.6666666666667,13.6363636363636,9.09090909090909
"10","M_sativa_ssp_caerulea_long","M_sativa_ssp_caerulea_long_Chr06",50,33,15,7,4,0,59,59,55.9322033898305,11.864406779661,6.77966101694915
"10","M_sativa_ssp_caerulea_long","M_sativa_ssp_caerulea_long_Chr06",51,23,15,6,3,0,47,47,48.936170212766,12.7659574468085,6.38297872340426
"10","M_sativa_ssp_caerulea_long","M_sativa_ssp_caerulea_long_Chr06",52,21,15,12,1,0,49,49,42.8571428571429,24.4897959183673,2.04081632653061
"10","M_sativa_ssp_caerulea_long","M_sativa_ssp_caerulea_long_Chr06",53,36,5,7,6,0,54,54,66.6666666666667,12.962962962963,11.1111111111111
"10","M_sativa_ssp_caerulea_long","M_sativa_ssp_caerulea_long_Chr06",54,36,13,8,2,0,59,59,61.0169491525424,13.5593220338983,3.38983050847458
"10","M_sativa_ssp_caerulea_long","M_sativa_ssp_caerulea_long_Chr06",55,40,5,7,2,0,54,54,74.0740740740741,12.962962962963,3.7037037037037
"10","M_sativa_ssp_caerulea_long","M_sativa_ssp_caerulea_long_Chr06",56,33,8,5,3,0,49,49,67.3469387755102,10.2040816326531,6.12244897959184
"10","M_sativa_ssp_caerulea_long","M_sativa_ssp_caerulea_long_Chr06",57,38,6,6,0,0,50,50,76,12,0
"10","M_sativa_ssp_caerulea_long","M_sativa_ssp_caerulea_long_Chr06",58,27,15,4,2,0,48,48,56.25,8.33333333333333,4.16666666666667
"10","M_sativa_ssp_caerulea_long","M_sativa_ssp_caerulea_long_Chr06",59,22,11,7,1,0,41,41,53.6585365853659,17.0731707317073,2.4390243902439
"10","M_sativa_ssp_caerulea_long","M_sativa_ssp_caerulea_long_Chr06",60,17,5,2,3,0,27,27,62.962962962963,7.40740740740741,11.1111111111111
"10","M_sativa_ssp_caerulea_long","M_sativa_ssp_caerulea_long_Chr06",61,27,7,10,4,0,48,48,56.25,20.8333333333333,8.33333333333333
"10","M_sativa_ssp_caerulea_long","M_sativa_ssp_caerulea_long_Chr06",62,32,9,3,2,0,46,46,69.5652173913043,6.52173913043478,4.34782608695652
"10","M_sativa_ssp_caerulea_long","M_sativa_ssp_caerulea_long_Chr06",63,22,7,3,2,0,34,34,64.7058823529412,8.82352941176471,5.88235294117647
"10","M_sativa_ssp_caerulea_long","M_sativa_ssp_caerulea_long_Chr06",64,34,10,4,4,0,52,52,65.3846153846154,7.69230769230769,7.69230769230769
"10","M_sativa_ssp_caerulea_long","M_sativa_ssp_caerulea_long_Chr06",65,38,5,8,5,0,56,56,67.8571428571429,14.2857142857143,8.92857142857143
"10","M_sativa_ssp_caerulea_long","M_sativa_ssp_caerulea_long_Chr06",66,28,7,11,7,0,53,53,52.8301886792453,20.7547169811321,13.2075471698113
"10","M_sativa_ssp_caerulea_long","M_sativa_ssp_caerulea_long_Chr06",67,26,7,4,1,0,38,38,68.4210526315789,10.5263157894737,2.63157894736842
"10","M_sativa_ssp_caerulea_long","M_sativa_ssp_caerulea_long_Chr06",68,29,12,4,3,0,48,48,60.4166666666667,8.33333333333333,6.25
"10","M_sativa_ssp_caerulea_long","M_sativa_ssp_caerulea_long_Chr06",69,27,11,0,4,0,42,42,64.2857142857143,0,9.52380952380952
"10","M_sativa_ssp_caerulea_long","M_sativa_ssp_caerulea_long_Chr06",70,20,4,6,8,0,38,38,52.6315789473684,15.7894736842105,21.0526315789474
"10","M_sativa_ssp_caerulea_long","M_sativa_ssp_caerulea_long_Chr06",71,11,8,4,5,0,28,28,39.2857142857143,14.2857142857143,17.8571428571429
"10","M_sativa_ssp_caerulea_long","M_sativa_ssp_caerulea_long_Chr06",72,31,9,8,2,0,50,50,62,16,4
"10","M_sativa_ssp_caerulea_long","M_sativa_ssp_caerulea_long_Chr06",73,30,10,0,3,0,43,43,69.7674418604651,0,6.97674418604651
"10","M_sativa_ssp_caerulea_long","M_sativa_ssp_caerulea_long_Chr06",74,43,13,6,7,0,69,69,62.3188405797101,8.69565217391304,10.1449275362319
"10","M_sativa_ssp_caerulea_long","M_sativa_ssp_caerulea_long_Chr06",75,27,10,6,3,0,46,46,58.695652173913,13.0434782608696,6.52173913043478
"10","M_sativa_ssp_caerulea_long","M_sativa_ssp_caerulea_long_Chr06",76,20,10,9,4,0,43,43,46.5116279069767,20.9302325581395,9.30232558139535
"10","M_sativa_ssp_caerulea_long","M_sativa_ssp_caerulea_long_Chr06",77,22,16,11,8,0,57,57,38.5964912280702,19.2982456140351,14.0350877192982
"10","M_sativa_ssp_caerulea_long","M_sativa_ssp_caerulea_long_Chr06",78,32,9,3,8,0,52,52,61.5384615384615,5.76923076923077,15.3846153846154
"10","M_sativa_ssp_caerulea_long","M_sativa_ssp_caerulea_long_Chr06",79,31,4,5,5,0,45,45,68.8888888888889,11.1111111111111,11.1111111111111
"10","M_sativa_ssp_caerulea_long","M_sativa_ssp_caerulea_long_Chr06",80,31,15,5,5,0,56,56,55.3571428571429,8.92857142857143,8.92857142857143
"10","M_sativa_ssp_caerulea_long","M_sativa_ssp_caerulea_long_Chr06",81,31,10,4,2,0,47,47,65.9574468085106,8.51063829787234,4.25531914893617
"10","M_sativa_ssp_caerulea_long","M_sativa_ssp_caerulea_long_Chr06",82,35,14,14,10,0,73,73,47.9452054794521,19.1780821917808,13.6986301369863
"10","M_sativa_ssp_caerulea_long","M_sativa_ssp_caerulea_long_Chr06",83,24,9,4,0,0,37,37,64.8648648648649,10.8108108108108,0
"10","M_sativa_ssp_caerulea_long","M_sativa_ssp_caerulea_long_Chr06",84,44,2,2,6,0,55,54,81.4814814814815,3.7037037037037,11.1111111111111
"10","M_sativa_ssp_caerulea_long","M_sativa_ssp_caerulea_long_Chr06",85,29,5,5,5,0,44,44,65.9090909090909,11.3636363636364,11.3636363636364
"10","M_sativa_ssp_caerulea_long","M_sativa_ssp_caerulea_long_Chr06",86,26,6,6,6,0,44,44,59.0909090909091,13.6363636363636,13.6363636363636
"10","M_sativa_ssp_caerulea_long","M_sativa_ssp_caerulea_long_Chr06",87,30,5,12,3,0,50,50,60,24,6
"10","M_sativa_ssp_caerulea_long","M_sativa_ssp_caerulea_long_Chr06",88,15,5,5,8,0,33,33,45.4545454545455,15.1515151515152,24.2424242424242
"10","M_sativa_ssp_caerulea_long","M_sativa_ssp_caerulea_long_Chr06",89,33,5,1,2,0,41,41,80.4878048780488,2.4390243902439,4.8780487804878
"10","M_sativa_ssp_caerulea_long","M_sativa_ssp_caerulea_long_Chr06",90,41,13,5,2,0,61,61,67.2131147540984,8.19672131147541,3.27868852459016
"10","M_sativa_ssp_caerulea_long","M_sativa_ssp_caerulea_long_Chr06",91,37,9,3,3,0,52,52,71.1538461538462,5.76923076923077,5.76923076923077
"10","M_sativa_ssp_caerulea_long","M_sativa_ssp_caerulea_long_Chr06",92,30,12,8,2,0,52,52,57.6923076923077,15.3846153846154,3.84615384615385
"10","M_sativa_ssp_caerulea_long","M_sativa_ssp_caerulea_long_Chr06",93,36,13,5,3,0,57,57,63.1578947368421,8.7719298245614,5.26315789473684
"10","M_sativa_ssp_caerulea_long","M_sativa_ssp_caerulea_long_Chr06",94,9,6,6,2,0,23,23,39.1304347826087,26.0869565217391,8.69565217391304
"10","M_sativa_ssp_caerulea_long","M_sativa_ssp_caerulea_long_Chr06",95,23,9,5,2,0,39,39,58.974358974359,12.8205128205128,5.12820512820513
"10","M_sativa_ssp_caerulea_long","M_sativa_ssp_caerulea_long_Chr06",96,21,5,1,5,0,32,32,65.625,3.125,15.625
"10","M_sativa_ssp_caerulea_long","M_sativa_ssp_caerulea_long_Chr06",97,16,11,2,1,0,30,30,53.3333333333333,6.66666666666667,3.33333333333333
"10","M_sativa_ssp_caerulea_long","M_sativa_ssp_caerulea_long_Chr06",98,35,12,8,4,0,59,59,59.3220338983051,13.5593220338983,6.77966101694915
"10","M_sativa_ssp_caerulea_long","M_sativa_ssp_caerulea_long_Chr06",99,43,11,4,2,0,60,60,71.6666666666667,6.66666666666667,3.33333333333333
"10","M_sativa_ssp_caerulea_long","M_sativa_ssp_caerulea_long_Chr06",100,21,12,3,5,0,41,41,51.219512195122,7.31707317073171,12.1951219512195
"10","M_sativa_ssp_caerulea_long","M_sativa_ssp_caerulea_long_Chr06",101,40,17,11,13,0,81,81,49.3827160493827,13.5802469135802,16.0493827160494
"10","M_sativa_ssp_caerulea_long","M_sativa_ssp_caerulea_long_Chr06",102,39,9,8,2,0,58,58,67.2413793103448,13.7931034482759,3.44827586206897
"10","M_sativa_ssp_caerulea_long","M_sativa_ssp_caerulea_long_Chr06",103,45,13,3,8,0,69,69,65.2173913043478,4.34782608695652,11.5942028985507
"10","M_sativa_ssp_caerulea_long","M_sativa_ssp_caerulea_long_Chr06",104,52,11,6,6,0,75,75,69.3333333333333,8,8
"10","M_sativa_ssp_caerulea_long","M_sativa_ssp_caerulea_long_Chr06",105,50,13,6,13,0,82,82,60.9756097560976,7.31707317073171,15.8536585365854
"10","M_sativa_ssp_caerulea_long","M_sativa_ssp_caerulea_long_Chr06",106,40,12,6,8,0,66,66,60.6060606060606,9.09090909090909,12.1212121212121
"10","M_sativa_ssp_caerulea_long","M_sativa_ssp_caerulea_long_Chr06",107,43,8,6,1,0,58,58,74.1379310344828,10.3448275862069,1.72413793103448
"10","M_sativa_ssp_caerulea_long","M_sativa_ssp_caerulea_long_Chr06",108,21,4,7,7,0,39,39,53.8461538461538,17.9487179487179,17.9487179487179
"10","M_sativa_ssp_caerulea_long","M_sativa_ssp_caerulea_long_Chr06",109,21,6,11,2,0,40,40,52.5,27.5,5
"10","M_sativa_ssp_caerulea_long","M_sativa_ssp_caerulea_long_Chr06",110,50,9,12,23,0,94,94,53.1914893617021,12.7659574468085,24.468085106383
"10","M_sativa_ssp_caerulea_long","M_sativa_ssp_caerulea_long_Chr06",111,40,20,4,7,0,71,71,56.3380281690141,5.63380281690141,9.85915492957746
"10","M_sativa_ssp_caerulea_long","M_sativa_ssp_caerulea_long_Chr06",112,48,18,3,3,0,72,72,66.6666666666667,4.16666666666667,4.16666666666667
"10","M_sativa_ssp_caerulea_long","M_sativa_ssp_caerulea_long_Chr06",113,29,5,7,4,0,46,45,64.4444444444444,15.5555555555556,8.88888888888889
"10","M_sativa_ssp_caerulea_long","M_sativa_ssp_caerulea_long_Chr06",114,76,25,16,2,0,119,119,63.8655462184874,13.4453781512605,1.68067226890756
"10","M_sativa_ssp_caerulea_long","M_sativa_ssp_caerulea_long_Chr06",115,54,8,4,7,0,73,73,73.972602739726,5.47945205479452,9.58904109589041
"10","M_sativa_ssp_caerulea_long","M_sativa_ssp_caerulea_long_Chr06",116,47,20,6,0,0,73,73,64.3835616438356,8.21917808219178,0
"10","M_sativa_ssp_caerulea_long","M_sativa_ssp_caerulea_long_Chr06",117,36,16,8,14,0,74,74,48.6486486486486,10.8108108108108,18.9189189189189
"10","M_sativa_ssp_caerulea_long","M_sativa_ssp_caerulea_long_Chr06",118,43,13,9,13,0,78,78,55.1282051282051,11.5384615384615,16.6666666666667
"10","M_sativa_ssp_caerulea_long","M_sativa_ssp_caerulea_long_Chr06",119,32,13,7,9,0,61,61,52.4590163934426,11.4754098360656,14.7540983606557
"10","M_sativa_ssp_caerulea_long","M_sativa_ssp_caerulea_long_Chr06",120,12,3,6,2,0,23,23,52.1739130434783,26.0869565217391,8.69565217391304
"10","M_sativa_ssp_caerulea_long","M_sativa_ssp_caerulea_long_Chr07",0,36,19,10,3,0,68,68,52.9411764705882,14.7058823529412,4.41176470588235
"10","M_sativa_ssp_caerulea_long","M_sativa_ssp_caerulea_long_Chr07",1,45,13,3,4,0,65,65,69.2307692307692,4.61538461538461,6.15384615384615
"10","M_sativa_ssp_caerulea_long","M_sativa_ssp_caerulea_long_Chr07",2,28,9,6,0,0,43,43,65.1162790697674,13.953488372093,0
"10","M_sativa_ssp_caerulea_long","M_sativa_ssp_caerulea_long_Chr07",3,35,12,4,5,0,56,56,62.5,7.14285714285714,8.92857142857143
"10","M_sativa_ssp_caerulea_long","M_sativa_ssp_caerulea_long_Chr07",4,46,12,5,6,0,69,69,66.6666666666667,7.2463768115942,8.69565217391304
"10","M_sativa_ssp_caerulea_long","M_sativa_ssp_caerulea_long_Chr07",5,32,8,4,4,0,48,48,66.6666666666667,8.33333333333333,8.33333333333333
"10","M_sativa_ssp_caerulea_long","M_sativa_ssp_caerulea_long_Chr07",6,20,13,6,5,0,44,44,45.4545454545455,13.6363636363636,11.3636363636364
"10","M_sativa_ssp_caerulea_long","M_sativa_ssp_caerulea_long_Chr07",7,12,5,3,1,0,21,21,57.1428571428571,14.2857142857143,4.76190476190476
"10","M_sativa_ssp_caerulea_long","M_sativa_ssp_caerulea_long_Chr07",8,22,14,7,2,0,45,45,48.8888888888889,15.5555555555556,4.44444444444444
"10","M_sativa_ssp_caerulea_long","M_sativa_ssp_caerulea_long_Chr07",9,33,11,5,3,0,52,52,63.4615384615385,9.61538461538461,5.76923076923077
"10","M_sativa_ssp_caerulea_long","M_sativa_ssp_caerulea_long_Chr07",10,31,16,4,7,0,58,58,53.448275862069,6.89655172413793,12.0689655172414
"10","M_sativa_ssp_caerulea_long","M_sativa_ssp_caerulea_long_Chr07",11,22,7,4,2,0,35,35,62.8571428571429,11.4285714285714,5.71428571428571
"10","M_sativa_ssp_caerulea_long","M_sativa_ssp_caerulea_long_Chr07",12,46,13,12,3,0,74,74,62.1621621621622,16.2162162162162,4.05405405405405
"10","M_sativa_ssp_caerulea_long","M_sativa_ssp_caerulea_long_Chr07",13,36,11,4,9,0,60,60,60,6.66666666666667,15
"10","M_sativa_ssp_caerulea_long","M_sativa_ssp_caerulea_long_Chr07",14,32,8,3,8,0,51,51,62.7450980392157,5.88235294117647,15.6862745098039
"10","M_sativa_ssp_caerulea_long","M_sativa_ssp_caerulea_long_Chr07",15,28,9,2,2,0,41,41,68.2926829268293,4.8780487804878,4.8780487804878
"10","M_sativa_ssp_caerulea_long","M_sativa_ssp_caerulea_long_Chr07",16,50,8,6,6,0,70,70,71.4285714285714,8.57142857142857,8.57142857142857
"10","M_sativa_ssp_caerulea_long","M_sativa_ssp_caerulea_long_Chr07",17,62,6,7,4,0,79,79,78.4810126582279,8.86075949367089,5.06329113924051
"10","M_sativa_ssp_caerulea_long","M_sativa_ssp_caerulea_long_Chr07",18,31,14,6,1,0,52,52,59.6153846153846,11.5384615384615,1.92307692307692
"10","M_sativa_ssp_caerulea_long","M_sativa_ssp_caerulea_long_Chr07",19,39,14,13,11,0,77,77,50.6493506493507,16.8831168831169,14.2857142857143
"10","M_sativa_ssp_caerulea_long","M_sativa_ssp_caerulea_long_Chr07",20,47,11,4,5,0,67,67,70.1492537313433,5.97014925373134,7.46268656716418
"10","M_sativa_ssp_caerulea_long","M_sativa_ssp_caerulea_long_Chr07",21,29,7,9,5,0,50,50,58,18,10
"10","M_sativa_ssp_caerulea_long","M_sativa_ssp_caerulea_long_Chr07",22,25,19,3,5,0,52,52,48.0769230769231,5.76923076923077,9.61538461538461
"10","M_sativa_ssp_caerulea_long","M_sativa_ssp_caerulea_long_Chr07",23,46,8,18,15,0,87,87,52.8735632183908,20.6896551724138,17.2413793103448
"10","M_sativa_ssp_caerulea_long","M_sativa_ssp_caerulea_long_Chr07",24,28,5,10,3,0,46,46,60.8695652173913,21.7391304347826,6.52173913043478
"10","M_sativa_ssp_caerulea_long","M_sativa_ssp_caerulea_long_Chr07",25,30,7,5,1,0,43,43,69.7674418604651,11.6279069767442,2.32558139534884
"10","M_sativa_ssp_caerulea_long","M_sativa_ssp_caerulea_long_Chr07",26,45,18,11,8,0,82,82,54.8780487804878,13.4146341463415,9.75609756097561
"10","M_sativa_ssp_caerulea_long","M_sativa_ssp_caerulea_long_Chr07",27,24,6,2,3,0,35,35,68.5714285714286,5.71428571428571,8.57142857142857
"10","M_sativa_ssp_caerulea_long","M_sativa_ssp_caerulea_long_Chr07",28,20,8,4,4,0,36,36,55.5555555555556,11.1111111111111,11.1111111111111
"10","M_sativa_ssp_caerulea_long","M_sativa_ssp_caerulea_long_Chr07",29,39,14,6,4,0,63,63,61.9047619047619,9.52380952380952,6.34920634920635
"10","M_sativa_ssp_caerulea_long","M_sativa_ssp_caerulea_long_Chr07",30,40,6,6,5,0,57,57,70.1754385964912,10.5263157894737,8.7719298245614
"10","M_sativa_ssp_caerulea_long","M_sativa_ssp_caerulea_long_Chr07",31,38,8,5,2,0,53,53,71.6981132075472,9.43396226415094,3.77358490566038
"10","M_sativa_ssp_caerulea_long","M_sativa_ssp_caerulea_long_Chr07",32,32,14,4,3,0,53,53,60.377358490566,7.54716981132075,5.66037735849057
"10","M_sativa_ssp_caerulea_long","M_sativa_ssp_caerulea_long_Chr07",33,20,16,7,1,0,44,44,45.4545454545455,15.9090909090909,2.27272727272727
"10","M_sativa_ssp_caerulea_long","M_sativa_ssp_caerulea_long_Chr07",34,26,17,8,1,0,52,52,50,15.3846153846154,1.92307692307692
"10","M_sativa_ssp_caerulea_long","M_sativa_ssp_caerulea_long_Chr07",35,29,12,5,5,0,51,51,56.8627450980392,9.80392156862745,9.80392156862745
"10","M_sativa_ssp_caerulea_long","M_sativa_ssp_caerulea_long_Chr07",36,24,16,3,3,0,46,46,52.1739130434783,6.52173913043478,6.52173913043478
"10","M_sativa_ssp_caerulea_long","M_sativa_ssp_caerulea_long_Chr07",37,28,13,4,7,0,52,52,53.8461538461538,7.69230769230769,13.4615384615385
"10","M_sativa_ssp_caerulea_long","M_sativa_ssp_caerulea_long_Chr07",38,35,16,7,7,0,65,65,53.8461538461538,10.7692307692308,10.7692307692308
"10","M_sativa_ssp_caerulea_long","M_sativa_ssp_caerulea_long_Chr07",39,28,19,14,3,0,64,64,43.75,21.875,4.6875
"10","M_sativa_ssp_caerulea_long","M_sativa_ssp_caerulea_long_Chr07",40,26,19,7,9,0,61,61,42.6229508196721,11.4754098360656,14.7540983606557
"10","M_sativa_ssp_caerulea_long","M_sativa_ssp_caerulea_long_Chr07",41,32,12,6,4,0,54,54,59.2592592592593,11.1111111111111,7.40740740740741
"10","M_sativa_ssp_caerulea_long","M_sativa_ssp_caerulea_long_Chr07",42,38,13,6,3,0,60,60,63.3333333333333,10,5
"10","M_sativa_ssp_caerulea_long","M_sativa_ssp_caerulea_long_Chr07",43,26,6,14,14,0,60,60,43.3333333333333,23.3333333333333,23.3333333333333
"10","M_sativa_ssp_caerulea_long","M_sativa_ssp_caerulea_long_Chr07",44,21,5,19,8,0,53,53,39.622641509434,35.8490566037736,15.0943396226415
"10","M_sativa_ssp_caerulea_long","M_sativa_ssp_caerulea_long_Chr07",45,36,16,13,8,0,73,73,49.3150684931507,17.8082191780822,10.958904109589
"10","M_sativa_ssp_caerulea_long","M_sativa_ssp_caerulea_long_Chr07",46,42,17,12,9,0,80,80,52.5,15,11.25
"10","M_sativa_ssp_caerulea_long","M_sativa_ssp_caerulea_long_Chr07",47,18,10,6,1,0,35,35,51.4285714285714,17.1428571428571,2.85714285714286
"10","M_sativa_ssp_caerulea_long","M_sativa_ssp_caerulea_long_Chr07",48,19,17,12,0,0,48,48,39.5833333333333,25,0
"10","M_sativa_ssp_caerulea_long","M_sativa_ssp_caerulea_long_Chr07",49,37,21,8,4,0,71,70,52.8571428571429,11.4285714285714,5.71428571428571
"10","M_sativa_ssp_caerulea_long","M_sativa_ssp_caerulea_long_Chr07",50,33,9,15,3,0,60,60,55,25,5
"10","M_sativa_ssp_caerulea_long","M_sativa_ssp_caerulea_long_Chr07",51,41,18,5,9,0,73,73,56.1643835616438,6.84931506849315,12.3287671232877
"10","M_sativa_ssp_caerulea_long","M_sativa_ssp_caerulea_long_Chr07",52,46,5,14,3,0,68,68,67.6470588235294,20.5882352941176,4.41176470588235
"10","M_sativa_ssp_caerulea_long","M_sativa_ssp_caerulea_long_Chr07",53,32,20,10,6,0,68,68,47.0588235294118,14.7058823529412,8.82352941176471
"10","M_sativa_ssp_caerulea_long","M_sativa_ssp_caerulea_long_Chr07",54,31,14,10,2,0,57,57,54.3859649122807,17.5438596491228,3.50877192982456
"10","M_sativa_ssp_caerulea_long","M_sativa_ssp_caerulea_long_Chr07",55,55,14,0,12,0,81,81,67.9012345679012,0,14.8148148148148
"10","M_sativa_ssp_caerulea_long","M_sativa_ssp_caerulea_long_Chr07",56,40,7,2,4,0,53,53,75.4716981132076,3.77358490566038,7.54716981132075
"10","M_sativa_ssp_caerulea_long","M_sativa_ssp_caerulea_long_Chr07",57,58,9,11,1,0,79,79,73.4177215189873,13.9240506329114,1.26582278481013
"10","M_sativa_ssp_caerulea_long","M_sativa_ssp_caerulea_long_Chr07",58,53,16,9,4,0,82,82,64.6341463414634,10.9756097560976,4.8780487804878
"10","M_sativa_ssp_caerulea_long","M_sativa_ssp_caerulea_long_Chr07",59,43,23,8,3,0,77,77,55.8441558441558,10.3896103896104,3.8961038961039
"10","M_sativa_ssp_caerulea_long","M_sativa_ssp_caerulea_long_Chr07",60,51,30,7,7,0,95,95,53.6842105263158,7.36842105263158,7.36842105263158
"10","M_sativa_ssp_caerulea_long","M_sativa_ssp_caerulea_long_Chr07",61,59,15,6,5,0,85,85,69.4117647058823,7.05882352941176,5.88235294117647
"10","M_sativa_ssp_caerulea_long","M_sativa_ssp_caerulea_long_Chr07",62,50,6,6,2,0,64,64,78.125,9.375,3.125
"10","M_sativa_ssp_caerulea_long","M_sativa_ssp_caerulea_long_Chr07",63,73,38,8,5,0,124,124,58.8709677419355,6.45161290322581,4.03225806451613
"10","M_sativa_ssp_caerulea_long","M_sativa_ssp_caerulea_long_Chr07",64,43,28,13,4,0,88,88,48.8636363636364,14.7727272727273,4.54545454545455
"10","M_sativa_ssp_caerulea_long","M_sativa_ssp_caerulea_long_Chr07",65,52,18,11,3,0,84,84,61.9047619047619,13.0952380952381,3.57142857142857
"10","M_sativa_ssp_caerulea_long","M_sativa_ssp_caerulea_long_Chr07",66,53,23,5,11,0,92,92,57.6086956521739,5.43478260869565,11.9565217391304
"10","M_sativa_ssp_caerulea_long","M_sativa_ssp_caerulea_long_Chr07",67,40,10,14,8,0,72,72,55.5555555555556,19.4444444444444,11.1111111111111
"10","M_sativa_ssp_caerulea_long","M_sativa_ssp_caerulea_long_Chr07",68,59,16,5,5,0,85,85,69.4117647058823,5.88235294117647,5.88235294117647
"10","M_sativa_ssp_caerulea_long","M_sativa_ssp_caerulea_long_Chr07",69,82,13,8,7,0,110,110,74.5454545454545,7.27272727272727,6.36363636363636
"10","M_sativa_ssp_caerulea_long","M_sativa_ssp_caerulea_long_Chr07",70,74,16,3,3,0,96,96,77.0833333333333,3.125,3.125
"10","M_sativa_ssp_caerulea_long","M_sativa_ssp_caerulea_long_Chr07",71,78,16,10,8,0,112,112,69.6428571428571,8.92857142857143,7.14285714285714
"10","M_sativa_ssp_caerulea_long","M_sativa_ssp_caerulea_long_Chr07",72,54,22,10,5,0,91,91,59.3406593406593,10.989010989011,5.49450549450549
"10","M_sativa_ssp_caerulea_long","M_sativa_ssp_caerulea_long_Chr07",73,61,23,8,4,0,96,96,63.5416666666667,8.33333333333333,4.16666666666667
"10","M_sativa_ssp_caerulea_long","M_sativa_ssp_caerulea_long_Chr07",74,57,19,13,7,0,96,96,59.375,13.5416666666667,7.29166666666667
"10","M_sativa_ssp_caerulea_long","M_sativa_ssp_caerulea_long_Chr07",75,60,18,8,11,0,97,97,61.8556701030928,8.24742268041237,11.340206185567
"10","M_sativa_ssp_caerulea_long","M_sativa_ssp_caerulea_long_Chr07",76,45,26,8,3,0,82,82,54.8780487804878,9.75609756097561,3.65853658536585
"10","M_sativa_ssp_caerulea_long","M_sativa_ssp_caerulea_long_Chr07",77,44,41,4,2,0,91,91,48.3516483516484,4.3956043956044,2.1978021978022
"10","M_sativa_ssp_caerulea_long","M_sativa_ssp_caerulea_long_Chr07",78,61,17,6,7,0,91,91,67.032967032967,6.59340659340659,7.69230769230769
"10","M_sativa_ssp_caerulea_long","M_sativa_ssp_caerulea_long_Chr07",79,50,44,7,8,0,109,109,45.8715596330275,6.42201834862385,7.3394495412844
"10","M_sativa_ssp_caerulea_long","M_sativa_ssp_caerulea_long_Chr07",80,60,26,7,4,0,97,97,61.8556701030928,7.21649484536082,4.12371134020619
"10","M_sativa_ssp_caerulea_long","M_sativa_ssp_caerulea_long_Chr07",81,58,23,11,6,0,98,98,59.1836734693878,11.2244897959184,6.12244897959184
"10","M_sativa_ssp_caerulea_long","M_sativa_ssp_caerulea_long_Chr07",82,77,21,9,7,0,114,114,67.5438596491228,7.89473684210526,6.14035087719298
"10","M_sativa_ssp_caerulea_long","M_sativa_ssp_caerulea_long_Chr07",83,65,17,11,3,0,96,96,67.7083333333333,11.4583333333333,3.125
"10","M_sativa_ssp_caerulea_long","M_sativa_ssp_caerulea_long_Chr07",84,59,22,5,8,0,94,94,62.7659574468085,5.31914893617021,8.51063829787234
"10","M_sativa_ssp_caerulea_long","M_sativa_ssp_caerulea_long_Chr07",85,78,21,24,4,0,127,127,61.4173228346457,18.8976377952756,3.1496062992126
"10","M_sativa_ssp_caerulea_long","M_sativa_ssp_caerulea_long_Chr07",86,66,31,6,5,0,108,108,61.1111111111111,5.55555555555556,4.62962962962963
"10","M_sativa_ssp_caerulea_long","M_sativa_ssp_caerulea_long_Chr07",87,44,33,9,1,0,87,87,50.5747126436782,10.3448275862069,1.14942528735632
"10","M_sativa_ssp_caerulea_long","M_sativa_ssp_caerulea_long_Chr07",88,63,33,9,4,0,109,109,57.7981651376147,8.25688073394495,3.6697247706422
"10","M_sativa_ssp_caerulea_long","M_sativa_ssp_caerulea_long_Chr07",89,67,35,12,3,0,117,117,57.2649572649573,10.2564102564103,2.56410256410256
"10","M_sativa_ssp_caerulea_long","M_sativa_ssp_caerulea_long_Chr07",90,70,19,12,7,0,108,108,64.8148148148148,11.1111111111111,6.48148148148148
"10","M_sativa_ssp_caerulea_long","M_sativa_ssp_caerulea_long_Chr07",91,12,2,1,0,0,15,15,80,6.66666666666667,0
"10","M_sativa_ssp_caerulea_long","M_sativa_ssp_caerulea_long_Chr08",0,7,1,0,0,0,8,8,87.5,0,0
"10","M_sativa_ssp_caerulea_long","M_sativa_ssp_caerulea_long_Chr08",1,38,11,4,4,0,57,57,66.6666666666667,7.01754385964912,7.01754385964912
"10","M_sativa_ssp_caerulea_long","M_sativa_ssp_caerulea_long_Chr08",2,24,7,6,5,0,42,42,57.1428571428571,14.2857142857143,11.9047619047619
"10","M_sativa_ssp_caerulea_long","M_sativa_ssp_caerulea_long_Chr08",3,34,16,3,0,0,53,53,64.1509433962264,5.66037735849057,0
"10","M_sativa_ssp_caerulea_long","M_sativa_ssp_caerulea_long_Chr08",4,29,8,3,5,0,45,45,64.4444444444444,6.66666666666667,11.1111111111111
"10","M_sativa_ssp_caerulea_long","M_sativa_ssp_caerulea_long_Chr08",5,49,9,6,1,0,65,65,75.3846153846154,9.23076923076923,1.53846153846154
"10","M_sativa_ssp_caerulea_long","M_sativa_ssp_caerulea_long_Chr08",6,55,12,6,3,0,76,76,72.3684210526316,7.89473684210526,3.94736842105263
"10","M_sativa_ssp_caerulea_long","M_sativa_ssp_caerulea_long_Chr08",7,62,19,12,6,0,99,99,62.6262626262626,12.1212121212121,6.06060606060606
"10","M_sativa_ssp_caerulea_long","M_sativa_ssp_caerulea_long_Chr08",8,62,14,13,4,0,93,93,66.6666666666667,13.9784946236559,4.3010752688172
"10","M_sativa_ssp_caerulea_long","M_sativa_ssp_caerulea_long_Chr08",9,56,21,3,5,0,85,85,65.8823529411765,3.52941176470588,5.88235294117647
"10","M_sativa_ssp_caerulea_long","M_sativa_ssp_caerulea_long_Chr08",10,48,28,8,5,0,89,89,53.9325842696629,8.98876404494382,5.61797752808989
"10","M_sativa_ssp_caerulea_long","M_sativa_ssp_caerulea_long_Chr08",11,57,14,11,5,0,87,87,65.5172413793103,12.6436781609195,5.74712643678161
"10","M_sativa_ssp_caerulea_long","M_sativa_ssp_caerulea_long_Chr08",12,39,13,10,1,0,63,63,61.9047619047619,15.8730158730159,1.58730158730159
"10","M_sativa_ssp_caerulea_long","M_sativa_ssp_caerulea_long_Chr08",13,38,35,2,6,0,81,81,46.9135802469136,2.46913580246914,7.40740740740741
"10","M_sativa_ssp_caerulea_long","M_sativa_ssp_caerulea_long_Chr08",14,55,22,6,0,0,83,83,66.2650602409639,7.2289156626506,0
"10","M_sativa_ssp_caerulea_long","M_sativa_ssp_caerulea_long_Chr08",15,56,16,7,1,0,80,80,70,8.75,1.25
"10","M_sativa_ssp_caerulea_long","M_sativa_ssp_caerulea_long_Chr08",16,50,17,3,2,0,72,72,69.4444444444444,4.16666666666667,2.77777777777778
"10","M_sativa_ssp_caerulea_long","M_sativa_ssp_caerulea_long_Chr08",17,49,23,11,4,0,87,87,56.3218390804598,12.6436781609195,4.59770114942529
"10","M_sativa_ssp_caerulea_long","M_sativa_ssp_caerulea_long_Chr08",18,52,8,11,2,0,73,73,71.2328767123288,15.0684931506849,2.73972602739726
"10","M_sativa_ssp_caerulea_long","M_sativa_ssp_caerulea_long_Chr08",19,60,12,7,6,0,85,85,70.5882352941177,8.23529411764706,7.05882352941176
"10","M_sativa_ssp_caerulea_long","M_sativa_ssp_caerulea_long_Chr08",20,64,12,7,5,0,88,88,72.7272727272727,7.95454545454545,5.68181818181818
"10","M_sativa_ssp_caerulea_long","M_sativa_ssp_caerulea_long_Chr08",21,52,16,4,6,0,78,78,66.6666666666667,5.12820512820513,7.69230769230769
"10","M_sativa_ssp_caerulea_long","M_sativa_ssp_caerulea_long_Chr08",22,63,12,4,3,0,82,82,76.8292682926829,4.8780487804878,3.65853658536585
"10","M_sativa_ssp_caerulea_long","M_sativa_ssp_caerulea_long_Chr08",23,29,8,3,7,0,47,47,61.7021276595745,6.38297872340426,14.8936170212766
"10","M_sativa_ssp_caerulea_long","M_sativa_ssp_caerulea_long_Chr08",24,44,14,9,5,0,72,72,61.1111111111111,12.5,6.94444444444444
"10","M_sativa_ssp_caerulea_long","M_sativa_ssp_caerulea_long_Chr08",25,46,17,4,7,0,74,74,62.1621621621622,5.40540540540541,9.45945945945946
"10","M_sativa_ssp_caerulea_long","M_sativa_ssp_caerulea_long_Chr08",26,38,13,7,2,0,60,60,63.3333333333333,11.6666666666667,3.33333333333333
"10","M_sativa_ssp_caerulea_long","M_sativa_ssp_caerulea_long_Chr08",27,51,8,10,5,0,74,74,68.9189189189189,13.5135135135135,6.75675675675676
"10","M_sativa_ssp_caerulea_long","M_sativa_ssp_caerulea_long_Chr08",28,47,12,6,5,0,70,70,67.1428571428571,8.57142857142857,7.14285714285714
"10","M_sativa_ssp_caerulea_long","M_sativa_ssp_caerulea_long_Chr08",29,41,20,6,5,0,72,72,56.9444444444444,8.33333333333333,6.94444444444444
"10","M_sativa_ssp_caerulea_long","M_sativa_ssp_caerulea_long_Chr08",30,48,33,2,11,0,94,94,51.063829787234,2.12765957446809,11.7021276595745
"10","M_sativa_ssp_caerulea_long","M_sativa_ssp_caerulea_long_Chr08",31,61,15,9,4,0,89,89,68.5393258426966,10.1123595505618,4.49438202247191
"10","M_sativa_ssp_caerulea_long","M_sativa_ssp_caerulea_long_Chr08",32,36,14,6,1,0,57,57,63.1578947368421,10.5263157894737,1.75438596491228
"10","M_sativa_ssp_caerulea_long","M_sativa_ssp_caerulea_long_Chr08",33,34,35,8,2,0,79,79,43.0379746835443,10.126582278481,2.53164556962025
"10","M_sativa_ssp_caerulea_long","M_sativa_ssp_caerulea_long_Chr08",34,39,15,9,4,0,67,67,58.2089552238806,13.4328358208955,5.97014925373134
"10","M_sativa_ssp_caerulea_long","M_sativa_ssp_caerulea_long_Chr08",35,30,7,3,3,0,43,43,69.7674418604651,6.97674418604651,6.97674418604651
"10","M_sativa_ssp_caerulea_long","M_sativa_ssp_caerulea_long_Chr08",36,24,6,3,1,0,34,34,70.5882352941177,8.82352941176471,2.94117647058824
"10","M_sativa_ssp_caerulea_long","M_sativa_ssp_caerulea_long_Chr08",37,35,7,8,3,0,53,53,66.0377358490566,15.0943396226415,5.66037735849057
"10","M_sativa_ssp_caerulea_long","M_sativa_ssp_caerulea_long_Chr08",38,38,11,1,2,0,52,52,73.0769230769231,1.92307692307692,3.84615384615385
"10","M_sativa_ssp_caerulea_long","M_sativa_ssp_caerulea_long_Chr08",39,33,6,3,3,0,45,45,73.3333333333333,6.66666666666667,6.66666666666667
"10","M_sativa_ssp_caerulea_long","M_sativa_ssp_caerulea_long_Chr08",40,28,18,2,3,0,51,51,54.9019607843137,3.92156862745098,5.88235294117647
"10","M_sativa_ssp_caerulea_long","M_sativa_ssp_caerulea_long_Chr08",41,23,8,3,0,0,34,34,67.6470588235294,8.82352941176471,0
"10","M_sativa_ssp_caerulea_long","M_sativa_ssp_caerulea_long_Chr08",42,69,22,0,10,0,101,101,68.3168316831683,0,9.9009900990099
"10","M_sativa_ssp_caerulea_long","M_sativa_ssp_caerulea_long_Chr08",43,53,15,7,1,0,76,76,69.7368421052632,9.21052631578947,1.31578947368421
"10","M_sativa_ssp_caerulea_long","M_sativa_ssp_caerulea_long_Chr08",44,45,16,5,5,0,71,71,63.3802816901408,7.04225352112676,7.04225352112676
"10","M_sativa_ssp_caerulea_long","M_sativa_ssp_caerulea_long_Chr08",45,12,15,6,1,0,34,34,35.2941176470588,17.6470588235294,2.94117647058824
"10","M_sativa_ssp_caerulea_long","M_sativa_ssp_caerulea_long_Chr08",46,20,6,5,0,0,31,31,64.5161290322581,16.1290322580645,0
"10","M_sativa_ssp_caerulea_long","M_sativa_ssp_caerulea_long_Chr08",47,32,12,4,0,0,48,48,66.6666666666667,8.33333333333333,0
"10","M_sativa_ssp_caerulea_long","M_sativa_ssp_caerulea_long_Chr08",48,47,12,12,1,0,72,72,65.2777777777778,16.6666666666667,1.38888888888889
"10","M_sativa_ssp_caerulea_long","M_sativa_ssp_caerulea_long_Chr08",49,30,16,7,4,0,57,57,52.6315789473684,12.280701754386,7.01754385964912
"10","M_sativa_ssp_caerulea_long","M_sativa_ssp_caerulea_long_Chr08",50,31,17,6,1,0,55,55,56.3636363636364,10.9090909090909,1.81818181818182
"10","M_sativa_ssp_caerulea_long","M_sativa_ssp_caerulea_long_Chr08",51,50,14,6,3,0,73,73,68.4931506849315,8.21917808219178,4.10958904109589
"10","M_sativa_ssp_caerulea_long","M_sativa_ssp_caerulea_long_Chr08",52,48,15,7,5,0,75,75,64,9.33333333333333,6.66666666666667
"10","M_sativa_ssp_caerulea_long","M_sativa_ssp_caerulea_long_Chr08",53,53,6,12,3,0,74,74,71.6216216216216,16.2162162162162,4.05405405405405
"10","M_sativa_ssp_caerulea_long","M_sativa_ssp_caerulea_long_Chr08",54,51,8,7,1,0,67,67,76.1194029850746,10.4477611940299,1.49253731343284
"10","M_sativa_ssp_caerulea_long","M_sativa_ssp_caerulea_long_Chr08",55,42,15,6,4,0,67,67,62.6865671641791,8.95522388059701,5.97014925373134
"10","M_sativa_ssp_caerulea_long","M_sativa_ssp_caerulea_long_Chr08",56,67,17,8,7,0,99,99,67.6767676767677,8.08080808080808,7.07070707070707
"10","M_sativa_ssp_caerulea_long","M_sativa_ssp_caerulea_long_Chr08",57,40,8,7,4,0,59,59,67.7966101694915,11.864406779661,6.77966101694915
"10","M_sativa_ssp_caerulea_long","M_sativa_ssp_caerulea_long_Chr08",58,64,17,6,3,0,90,90,71.1111111111111,6.66666666666667,3.33333333333333
"10","M_sativa_ssp_caerulea_long","M_sativa_ssp_caerulea_long_Chr08",59,36,8,5,1,0,50,50,72,10,2
"10","M_sativa_ssp_caerulea_long","M_sativa_ssp_caerulea_long_Chr08",60,47,21,6,8,0,82,82,57.3170731707317,7.31707317073171,9.75609756097561
"10","M_sativa_ssp_caerulea_long","M_sativa_ssp_caerulea_long_Chr08",61,57,15,12,7,0,91,91,62.6373626373626,13.1868131868132,7.69230769230769
"10","M_sativa_ssp_caerulea_long","M_sativa_ssp_caerulea_long_Chr08",62,50,16,5,1,0,72,72,69.4444444444444,6.94444444444444,1.38888888888889
"10","M_sativa_ssp_caerulea_long","M_sativa_ssp_caerulea_long_Chr08",63,52,16,9,3,0,80,80,65,11.25,3.75
"10","M_sativa_ssp_caerulea_long","M_sativa_ssp_caerulea_long_Chr08",64,52,17,4,3,0,76,76,68.4210526315789,5.26315789473684,3.94736842105263
"10","M_sativa_ssp_caerulea_long","M_sativa_ssp_caerulea_long_Chr08",65,53,10,6,3,0,72,72,73.6111111111111,8.33333333333333,4.16666666666667
"10","M_sativa_ssp_caerulea_long","M_sativa_ssp_caerulea_long_Chr08",66,74,16,8,1,0,99,99,74.7474747474748,8.08080808080808,1.01010101010101
"10","M_sativa_ssp_caerulea_long","M_sativa_ssp_caerulea_long_Chr08",67,66,17,8,5,0,96,96,68.75,8.33333333333333,5.20833333333333
"10","M_sativa_ssp_caerulea_long","M_sativa_ssp_caerulea_long_Chr08",68,64,9,7,2,0,82,82,78.0487804878049,8.53658536585366,2.4390243902439
"10","M_sativa_ssp_caerulea_long","M_sativa_ssp_caerulea_long_Chr08",69,58,4,6,3,0,71,71,81.6901408450704,8.45070422535211,4.22535211267606
"10","M_sativa_ssp_caerulea_long","M_sativa_ssp_caerulea_long_Chr08",70,56,8,4,0,0,68,68,82.3529411764706,5.88235294117647,0
"10","M_sativa_ssp_caerulea_long","M_sativa_ssp_caerulea_long_Chr08",71,69,12,6,1,0,88,88,78.4090909090909,6.81818181818182,1.13636363636364
"10","M_sativa_ssp_caerulea_long","M_sativa_ssp_caerulea_long_Chr08",72,56,9,8,4,0,77,77,72.7272727272727,10.3896103896104,5.19480519480519
"10","M_sativa_ssp_caerulea_long","M_sativa_ssp_caerulea_long_Chr08",73,52,14,9,4,0,79,79,65.8227848101266,11.3924050632911,5.06329113924051
"10","M_sativa_ssp_caerulea_long","M_sativa_ssp_caerulea_long_Chr08",74,75,9,5,5,0,94,94,79.7872340425532,5.31914893617021,5.31914893617021
"10","M_sativa_ssp_caerulea_long","M_sativa_ssp_caerulea_long_Chr08",75,76,10,13,4,0,103,103,73.7864077669903,12.621359223301,3.88349514563107
"10","M_sativa_ssp_caerulea_long","M_sativa_ssp_caerulea_long_Chr08",76,73,10,6,3,0,92,92,79.3478260869565,6.52173913043478,3.26086956521739
"10","M_sativa_ssp_caerulea_long","M_sativa_ssp_caerulea_long_Chr08",77,85,13,5,5,0,108,108,78.7037037037037,4.62962962962963,4.62962962962963
"10","M_sativa_ssp_caerulea_long","M_sativa_ssp_caerulea_long_Chr08",78,69,4,12,5,0,90,90,76.6666666666667,13.3333333333333,5.55555555555556
"10","M_sativa_ssp_caerulea_long","M_sativa_ssp_caerulea_long_Chr08",79,79,12,6,1,0,98,98,80.6122448979592,6.12244897959184,1.02040816326531
"10","M_sativa_ssp_caerulea_long","M_sativa_ssp_caerulea_long_Chr08",80,95,10,8,11,0,124,124,76.6129032258064,6.45161290322581,8.87096774193548
"10","M_sativa_ssp_caerulea_long","M_sativa_ssp_caerulea_long_Chr08",81,57,13,11,7,0,88,88,64.7727272727273,12.5,7.95454545454545
"10","M_sativa_ssp_caerulea_long","M_sativa_ssp_caerulea_long_Chr08",82,58,3,8,11,0,80,80,72.5,10,13.75
"10","M_sativa_ssp_caerulea_long","M_sativa_ssp_caerulea_long_Chr08",83,69,12,10,5,0,96,96,71.875,10.4166666666667,5.20833333333333
"10","M_sativa_ssp_caerulea_long","M_sativa_ssp_caerulea_long_Chr08",84,77,14,5,1,0,97,97,79.3814432989691,5.15463917525773,1.03092783505155
"10","M_sativa_ssp_caerulea_long","M_sativa_ssp_caerulea_long_Chr08",85,72,6,10,2,0,90,90,80,11.1111111111111,2.22222222222222
"10","M_sativa_ssp_caerulea_long","M_sativa_ssp_caerulea_long_Chr08",86,57,14,8,4,0,83,83,68.6746987951807,9.63855421686747,4.81927710843374
"10","M_sativa_ssp_caerulea_long","M_sativa_ssp_caerulea_long_Chr08",87,85,10,11,6,0,112,112,75.8928571428571,9.82142857142857,5.35714285714286
"10","M_sativa_ssp_caerulea_long","M_sativa_ssp_caerulea_long_Chr08",88,68,10,10,9,0,97,97,70.1030927835052,10.3092783505155,9.27835051546392
"10","M_sativa_ssp_caerulea_long","M_sativa_ssp_caerulea_long_Chr08",89,87,5,18,2,0,112,112,77.6785714285714,16.0714285714286,1.78571428571429
"10","M_sativa_ssp_caerulea_long","M_sativa_ssp_caerulea_long_Chr08",90,66,14,12,9,0,101,101,65.3465346534653,11.8811881188119,8.91089108910891
"10","M_sativa_ssp_caerulea_long","M_sativa_ssp_caerulea_long_Chr08",91,64,14,8,6,0,92,92,69.5652173913043,8.69565217391304,6.52173913043478
"10","M_sativa_ssp_caerulea_long","M_sativa_ssp_caerulea_long_Chr08",92,60,15,8,7,0,90,90,66.6666666666667,8.88888888888889,7.77777777777778
"10","M_sativa_ssp_caerulea_long","M_sativa_ssp_caerulea_long_Chr08",93,89,11,9,9,0,118,118,75.4237288135593,7.6271186440678,7.6271186440678
"10","M_sativa_ssp_caerulea_long","M_sativa_ssp_caerulea_long_Chr08",94,79,13,13,3,0,108,108,73.1481481481482,12.037037037037,2.77777777777778
"10","M_sativa_ssp_caerulea_long","M_sativa_ssp_caerulea_long_Chr08",95,60,14,14,3,0,91,91,65.9340659340659,15.3846153846154,3.2967032967033
"10","M_sativa_ssp_caerulea_long","M_sativa_ssp_caerulea_long_Chr08",96,34,19,9,5,0,67,67,50.7462686567164,13.4328358208955,7.46268656716418
"11","M_truncatula_A17","M_truncatula_A17_Chr01",0,41,23,39,30,0,133,133,30.8270676691729,29.3233082706767,22.5563909774436
"11","M_truncatula_A17","M_truncatula_A17_Chr01",1,65,10,13,37,0,126,125,52,10.4,29.6
"11","M_truncatula_A17","M_truncatula_A17_Chr01",2,54,15,29,22,0,121,120,45,24.1666666666667,18.3333333333333
"11","M_truncatula_A17","M_truncatula_A17_Chr01",3,40,11,36,31,0,119,118,33.8983050847458,30.5084745762712,26.271186440678
"11","M_truncatula_A17","M_truncatula_A17_Chr01",4,24,20,52,39,0,136,135,17.7777777777778,38.5185185185185,28.8888888888889
"11","M_truncatula_A17","M_truncatula_A17_Chr01",5,48,7,45,44,0,144,144,33.3333333333333,31.25,30.5555555555556
"11","M_truncatula_A17","M_truncatula_A17_Chr01",6,65,13,36,31,0,145,145,44.8275862068966,24.8275862068966,21.3793103448276
"11","M_truncatula_A17","M_truncatula_A17_Chr01",7,51,36,21,45,0,158,153,33.3333333333333,13.7254901960784,29.4117647058824
"11","M_truncatula_A17","M_truncatula_A17_Chr01",8,39,36,29,42,0,148,146,26.7123287671233,19.8630136986301,28.7671232876712
"11","M_truncatula_A17","M_truncatula_A17_Chr01",9,37,25,17,58,0,137,137,27.007299270073,12.4087591240876,42.3357664233577
"11","M_truncatula_A17","M_truncatula_A17_Chr01",10,8,46,33,41,0,131,128,6.25,25.78125,32.03125
"11","M_truncatula_A17","M_truncatula_A17_Chr01",11,29,50,23,50,0,152,152,19.0789473684211,15.1315789473684,32.8947368421053
"11","M_truncatula_A17","M_truncatula_A17_Chr01",12,29,45,32,41,0,149,147,19.7278911564626,21.7687074829932,27.891156462585
"11","M_truncatula_A17","M_truncatula_A17_Chr01",13,14,14,35,36,0,101,99,14.1414141414141,35.3535353535354,36.3636363636364
"11","M_truncatula_A17","M_truncatula_A17_Chr01",14,26,15,42,42,0,128,125,20.8,33.6,33.6
"11","M_truncatula_A17","M_truncatula_A17_Chr01",15,24,19,33,56,0,133,132,18.1818181818182,25,42.4242424242424
"11","M_truncatula_A17","M_truncatula_A17_Chr01",16,33,19,18,52,0,123,122,27.0491803278689,14.7540983606557,42.6229508196721
"11","M_truncatula_A17","M_truncatula_A17_Chr01",17,27,25,20,47,0,122,119,22.6890756302521,16.8067226890756,39.4957983193277
"11","M_truncatula_A17","M_truncatula_A17_Chr01",18,30,38,17,52,0,137,137,21.8978102189781,12.4087591240876,37.956204379562
"11","M_truncatula_A17","M_truncatula_A17_Chr01",19,20,25,11,43,0,101,99,20.2020202020202,11.1111111111111,43.4343434343434
"11","M_truncatula_A17","M_truncatula_A17_Chr01",20,30,29,22,44,0,127,125,24,17.6,35.2
"11","M_truncatula_A17","M_truncatula_A17_Chr01",21,17,11,11,25,0,64,64,26.5625,17.1875,39.0625
"11","M_truncatula_A17","M_truncatula_A17_Chr01",22,12,18,17,28,0,75,75,16,22.6666666666667,37.3333333333333
"11","M_truncatula_A17","M_truncatula_A17_Chr01",30,1,2,1,3,0,7,7,14.2857142857143,14.2857142857143,42.8571428571429
"11","M_truncatula_A17","M_truncatula_A17_Chr01",31,20,10,2,23,0,56,55,36.3636363636364,3.63636363636364,41.8181818181818
"11","M_truncatula_A17","M_truncatula_A17_Chr01",32,12,5,11,34,0,63,62,19.3548387096774,17.741935483871,54.8387096774194
"11","M_truncatula_A17","M_truncatula_A17_Chr01",33,6,13,12,26,0,57,57,10.5263157894737,21.0526315789474,45.6140350877193
"11","M_truncatula_A17","M_truncatula_A17_Chr01",34,23,22,11,47,0,104,103,22.3300970873786,10.6796116504854,45.6310679611651
"11","M_truncatula_A17","M_truncatula_A17_Chr01",35,24,35,15,19,0,93,93,25.8064516129032,16.1290322580645,20.4301075268817
"11","M_truncatula_A17","M_truncatula_A17_Chr01",36,28,27,13,54,0,123,122,22.9508196721311,10.655737704918,44.2622950819672
"11","M_truncatula_A17","M_truncatula_A17_Chr01",37,22,42,20,47,0,133,131,16.793893129771,15.2671755725191,35.8778625954198
"11","M_truncatula_A17","M_truncatula_A17_Chr01",38,20,54,19,41,0,134,134,14.9253731343284,14.1791044776119,30.5970149253731
"11","M_truncatula_A17","M_truncatula_A17_Chr01",39,37,35,18,27,0,117,117,31.6239316239316,15.3846153846154,23.0769230769231
"11","M_truncatula_A17","M_truncatula_A17_Chr01",40,30,47,15,35,0,129,127,23.6220472440945,11.8110236220472,27.5590551181102
"11","M_truncatula_A17","M_truncatula_A17_Chr01",41,29,43,14,36,0,124,122,23.7704918032787,11.4754098360656,29.5081967213115
"11","M_truncatula_A17","M_truncatula_A17_Chr01",42,30,47,16,41,0,135,134,22.3880597014925,11.9402985074627,30.5970149253731
"11","M_truncatula_A17","M_truncatula_A17_Chr01",43,26,45,21,30,0,124,122,21.3114754098361,17.2131147540984,24.5901639344262
"11","M_truncatula_A17","M_truncatula_A17_Chr01",44,33,44,17,48,0,143,142,23.2394366197183,11.9718309859155,33.8028169014084
"11","M_truncatula_A17","M_truncatula_A17_Chr01",45,34,43,16,35,0,129,128,26.5625,12.5,27.34375
"11","M_truncatula_A17","M_truncatula_A17_Chr01",46,41,44,13,35,0,134,133,30.8270676691729,9.77443609022556,26.3157894736842
"11","M_truncatula_A17","M_truncatula_A17_Chr01",47,44,51,15,30,0,142,140,31.4285714285714,10.7142857142857,21.4285714285714
"11","M_truncatula_A17","M_truncatula_A17_Chr01",48,49,47,23,29,0,148,148,33.1081081081081,15.5405405405405,19.5945945945946
"11","M_truncatula_A17","M_truncatula_A17_Chr01",49,29,51,21,41,0,142,142,20.4225352112676,14.7887323943662,28.8732394366197
"11","M_truncatula_A17","M_truncatula_A17_Chr01",50,37,47,16,30,0,130,130,28.4615384615385,12.3076923076923,23.0769230769231
"11","M_truncatula_A17","M_truncatula_A17_Chr01",51,41,39,21,31,0,134,132,31.0606060606061,15.9090909090909,23.4848484848485
"11","M_truncatula_A17","M_truncatula_A17_Chr01",52,46,49,26,39,0,161,160,28.75,16.25,24.375
"11","M_truncatula_A17","M_truncatula_A17_Chr01",53,34,31,23,40,0,128,128,26.5625,17.96875,31.25
"11","M_truncatula_A17","M_truncatula_A17_Chr01",54,37,37,16,49,0,142,139,26.6187050359712,11.5107913669065,35.2517985611511
"11","M_truncatula_A17","M_truncatula_A17_Chr01",55,31,38,32,34,0,136,135,22.962962962963,23.7037037037037,25.1851851851852
"11","M_truncatula_A17","M_truncatula_A17_Chr01",56,43,42,24,36,0,147,145,29.6551724137931,16.551724137931,24.8275862068966
"11","M_truncatula_A17","M_truncatula_A17_Chr01",57,36,50,23,45,0,156,154,23.3766233766234,14.9350649350649,29.2207792207792
"11","M_truncatula_A17","M_truncatula_A17_Chr01",58,39,44,27,43,0,154,153,25.4901960784314,17.6470588235294,28.1045751633987
"11","M_truncatula_A17","M_truncatula_A17_Chr01",59,57,40,20,46,0,163,163,34.9693251533742,12.2699386503067,28.2208588957055
"11","M_truncatula_A17","M_truncatula_A17_Chr01",60,58,32,24,39,0,153,153,37.9084967320261,15.6862745098039,25.4901960784314
"11","M_truncatula_A17","M_truncatula_A17_Chr01",61,43,42,9,37,0,131,131,32.824427480916,6.87022900763359,28.2442748091603
"11","M_truncatula_A17","M_truncatula_A17_Chr01",62,49,35,21,28,0,134,133,36.8421052631579,15.7894736842105,21.0526315789474
"11","M_truncatula_A17","M_truncatula_A17_Chr01",63,49,35,29,45,0,160,158,31.0126582278481,18.3544303797468,28.4810126582278
"11","M_truncatula_A17","M_truncatula_A17_Chr01",64,40,15,20,18,0,95,93,43.010752688172,21.505376344086,19.3548387096774
"11","M_truncatula_A17","M_truncatula_A17_Chr02",0,58,18,29,66,0,171,171,33.9181286549708,16.9590643274854,38.5964912280702
"11","M_truncatula_A17","M_truncatula_A17_Chr02",1,65,27,29,46,0,168,167,38.9221556886228,17.3652694610778,27.5449101796407
"11","M_truncatula_A17","M_truncatula_A17_Chr02",2,42,55,27,58,0,185,182,23.0769230769231,14.8351648351648,31.8681318681319
"11","M_truncatula_A17","M_truncatula_A17_Chr02",3,35,27,48,43,0,155,153,22.8758169934641,31.3725490196078,28.1045751633987
"11","M_truncatula_A17","M_truncatula_A17_Chr02",4,37,38,40,46,0,162,161,22.9813664596273,24.8447204968944,28.5714285714286
"11","M_truncatula_A17","M_truncatula_A17_Chr02",5,44,12,44,47,0,147,147,29.9319727891156,29.9319727891156,31.9727891156463
"11","M_truncatula_A17","M_truncatula_A17_Chr02",6,48,21,30,26,0,127,125,38.4,24,20.8
"11","M_truncatula_A17","M_truncatula_A17_Chr02",7,48,21,31,59,0,160,159,30.188679245283,19.4968553459119,37.1069182389937
"11","M_truncatula_A17","M_truncatula_A17_Chr02",8,71,10,22,49,0,152,152,46.7105263157895,14.4736842105263,32.2368421052632
"11","M_truncatula_A17","M_truncatula_A17_Chr02",9,60,11,16,78,0,166,165,36.3636363636364,9.6969696969697,47.2727272727273
"11","M_truncatula_A17","M_truncatula_A17_Chr02",10,65,6,23,68,0,164,162,40.1234567901235,14.1975308641975,41.9753086419753
"11","M_truncatula_A17","M_truncatula_A17_Chr02",11,65,17,14,22,0,120,118,55.0847457627119,11.864406779661,18.6440677966102
"11","M_truncatula_A17","M_truncatula_A17_Chr02",12,50,9,21,53,0,134,133,37.593984962406,15.7894736842105,39.8496240601504
"11","M_truncatula_A17","M_truncatula_A17_Chr02",13,68,8,16,59,0,153,151,45.0331125827815,10.5960264900662,39.0728476821192
"11","M_truncatula_A17","M_truncatula_A17_Chr02",14,60,18,19,31,0,131,128,46.875,14.84375,24.21875
"11","M_truncatula_A17","M_truncatula_A17_Chr02",15,54,21,18,64,0,159,157,34.3949044585987,11.4649681528662,40.7643312101911
"11","M_truncatula_A17","M_truncatula_A17_Chr02",16,48,17,21,65,0,151,151,31.7880794701987,13.9072847682119,43.046357615894
"11","M_truncatula_A17","M_truncatula_A17_Chr02",17,44,14,21,70,0,152,149,29.5302013422819,14.0939597315436,46.9798657718121
"11","M_truncatula_A17","M_truncatula_A17_Chr02",18,47,15,13,47,0,124,122,38.5245901639344,10.655737704918,38.5245901639344
"11","M_truncatula_A17","M_truncatula_A17_Chr02",19,53,15,14,57,0,141,139,38.1294964028777,10.0719424460432,41.0071942446043
"11","M_truncatula_A17","M_truncatula_A17_Chr02",20,32,6,24,40,0,102,102,31.3725490196078,23.5294117647059,39.2156862745098
"11","M_truncatula_A17","M_truncatula_A17_Chr02",21,40,12,12,68,0,133,132,30.3030303030303,9.09090909090909,51.5151515151515
"11","M_truncatula_A17","M_truncatula_A17_Chr02",22,19,3,7,28,0,57,57,33.3333333333333,12.280701754386,49.1228070175439
"11","M_truncatula_A17","M_truncatula_A17_Chr02",23,21,7,19,28,0,76,75,28,25.3333333333333,37.3333333333333
"11","M_truncatula_A17","M_truncatula_A17_Chr02",24,7,2,0,8,0,17,17,41.1764705882353,0,47.0588235294118
"11","M_truncatula_A17","M_truncatula_A17_Chr02",25,6,3,3,7,0,19,19,31.5789473684211,15.7894736842105,36.8421052631579
"11","M_truncatula_A17","M_truncatula_A17_Chr02",26,19,1,6,18,0,44,44,43.1818181818182,13.6363636363636,40.9090909090909
"11","M_truncatula_A17","M_truncatula_A17_Chr02",27,6,0,0,3,0,10,9,66.6666666666667,0,33.3333333333333
"11","M_truncatula_A17","M_truncatula_A17_Chr02",35,5,4,1,7,0,17,17,29.4117647058824,5.88235294117647,41.1764705882353
"11","M_truncatula_A17","M_truncatula_A17_Chr02",36,8,3,6,9,0,27,26,30.7692307692308,23.0769230769231,34.6153846153846
"11","M_truncatula_A17","M_truncatula_A17_Chr02",37,17,11,15,29,0,73,72,23.6111111111111,20.8333333333333,40.2777777777778
"11","M_truncatula_A17","M_truncatula_A17_Chr02",38,27,15,15,51,0,109,108,25,13.8888888888889,47.2222222222222
"11","M_truncatula_A17","M_truncatula_A17_Chr02",39,26,16,11,44,0,98,97,26.8041237113402,11.340206185567,45.360824742268
"11","M_truncatula_A17","M_truncatula_A17_Chr02",40,42,23,16,39,0,121,120,35,13.3333333333333,32.5
"11","M_truncatula_A17","M_truncatula_A17_Chr02",41,23,12,21,34,0,91,90,25.5555555555556,23.3333333333333,37.7777777777778
"11","M_truncatula_A17","M_truncatula_A17_Chr02",42,20,18,13,40,0,91,91,21.978021978022,14.2857142857143,43.956043956044
"11","M_truncatula_A17","M_truncatula_A17_Chr02",43,46,19,13,55,0,137,133,34.5864661654135,9.77443609022556,41.3533834586466
"11","M_truncatula_A17","M_truncatula_A17_Chr02",44,35,23,21,43,0,126,122,28.6885245901639,17.2131147540984,35.2459016393443
"11","M_truncatula_A17","M_truncatula_A17_Chr02",45,33,17,30,60,0,140,140,23.5714285714286,21.4285714285714,42.8571428571429
"11","M_truncatula_A17","M_truncatula_A17_Chr02",46,35,21,19,56,0,132,131,26.7175572519084,14.5038167938931,42.7480916030534
"11","M_truncatula_A17","M_truncatula_A17_Chr02",47,40,33,26,33,0,133,132,30.3030303030303,19.6969696969697,25
"11","M_truncatula_A17","M_truncatula_A17_Chr02",48,36,29,26,57,0,149,148,24.3243243243243,17.5675675675676,38.5135135135135
"11","M_truncatula_A17","M_truncatula_A17_Chr02",49,41,35,22,58,0,156,156,26.2820512820513,14.1025641025641,37.1794871794872
"11","M_truncatula_A17","M_truncatula_A17_Chr02",50,39,32,21,47,0,139,139,28.0575539568345,15.1079136690647,33.8129496402878
"11","M_truncatula_A17","M_truncatula_A17_Chr02",51,29,51,20,48,0,148,148,19.5945945945946,13.5135135135135,32.4324324324324
"11","M_truncatula_A17","M_truncatula_A17_Chr02",52,35,37,30,48,0,151,150,23.3333333333333,20,32
"11","M_truncatula_A17","M_truncatula_A17_Chr02",53,37,41,20,53,0,152,151,24.5033112582781,13.2450331125828,35.0993377483444
"11","M_truncatula_A17","M_truncatula_A17_Chr02",54,33,27,27,41,0,128,128,25.78125,21.09375,32.03125
"11","M_truncatula_A17","M_truncatula_A17_Chr02",55,46,47,10,45,0,152,148,31.0810810810811,6.75675675675676,30.4054054054054
"11","M_truncatula_A17","M_truncatula_A17_Chr02",56,55,32,19,43,0,149,149,36.9127516778523,12.751677852349,28.8590604026846
"11","M_truncatula_A17","M_truncatula_A17_Chr02",57,55,43,12,46,0,156,156,35.2564102564103,7.69230769230769,29.4871794871795
"11","M_truncatula_A17","M_truncatula_A17_Chr02",58,51,30,16,46,0,144,143,35.6643356643357,11.1888111888112,32.1678321678322
"11","M_truncatula_A17","M_truncatula_A17_Chr02",59,58,37,26,53,0,176,174,33.3333333333333,14.9425287356322,30.4597701149425
"11","M_truncatula_A17","M_truncatula_A17_Chr02",60,11,11,4,12,0,39,38,28.9473684210526,10.5263157894737,31.5789473684211
"11","M_truncatula_A17","M_truncatula_A17_Chr03",0,50,21,21,44,0,139,136,36.7647058823529,15.4411764705882,32.3529411764706
"11","M_truncatula_A17","M_truncatula_A17_Chr03",1,38,38,22,30,0,129,128,29.6875,17.1875,23.4375
"11","M_truncatula_A17","M_truncatula_A17_Chr03",2,49,24,26,46,0,145,145,33.7931034482759,17.9310344827586,31.7241379310345
"11","M_truncatula_A17","M_truncatula_A17_Chr03",3,31,32,17,40,0,123,120,25.8333333333333,14.1666666666667,33.3333333333333
"11","M_truncatula_A17","M_truncatula_A17_Chr03",4,46,4,14,77,0,141,141,32.6241134751773,9.9290780141844,54.6099290780142
"11","M_truncatula_A17","M_truncatula_A17_Chr03",5,25,33,17,56,0,131,131,19.0839694656489,12.9770992366412,42.7480916030534
"11","M_truncatula_A17","M_truncatula_A17_Chr03",6,26,26,8,52,0,115,112,23.2142857142857,7.14285714285714,46.4285714285714
"11","M_truncatula_A17","M_truncatula_A17_Chr03",7,41,15,16,39,0,114,111,36.9369369369369,14.4144144144144,35.1351351351351
"11","M_truncatula_A17","M_truncatula_A17_Chr03",8,35,15,21,51,0,127,122,28.6885245901639,17.2131147540984,41.8032786885246
"11","M_truncatula_A17","M_truncatula_A17_Chr03",9,31,15,25,57,0,129,128,24.21875,19.53125,44.53125
"11","M_truncatula_A17","M_truncatula_A17_Chr03",10,36,11,19,50,0,119,116,31.0344827586207,16.3793103448276,43.1034482758621
"11","M_truncatula_A17","M_truncatula_A17_Chr03",11,30,9,13,57,0,111,109,27.5229357798165,11.9266055045872,52.2935779816514
"11","M_truncatula_A17","M_truncatula_A17_Chr03",12,28,6,21,42,0,97,97,28.8659793814433,21.6494845360825,43.298969072165
"11","M_truncatula_A17","M_truncatula_A17_Chr03",13,31,28,10,21,0,92,90,34.4444444444444,11.1111111111111,23.3333333333333
"11","M_truncatula_A17","M_truncatula_A17_Chr03",14,12,3,11,32,0,61,58,20.6896551724138,18.9655172413793,55.1724137931034
"11","M_truncatula_A17","M_truncatula_A17_Chr03",15,16,11,20,22,0,70,69,23.1884057971014,28.9855072463768,31.8840579710145
"11","M_truncatula_A17","M_truncatula_A17_Chr03",16,20,14,12,24,0,71,70,28.5714285714286,17.1428571428571,34.2857142857143
"11","M_truncatula_A17","M_truncatula_A17_Chr03",17,4,0,5,13,0,24,22,18.1818181818182,22.7272727272727,59.0909090909091
"11","M_truncatula_A17","M_truncatula_A17_Chr03",18,3,5,3,16,0,27,27,11.1111111111111,11.1111111111111,59.2592592592593
"11","M_truncatula_A17","M_truncatula_A17_Chr03",27,2,1,3,6,0,12,12,16.6666666666667,25,50
"11","M_truncatula_A17","M_truncatula_A17_Chr03",28,13,6,8,22,0,49,49,26.530612244898,16.3265306122449,44.8979591836735
"11","M_truncatula_A17","M_truncatula_A17_Chr03",29,17,6,15,36,0,75,74,22.972972972973,20.2702702702703,48.6486486486486
"11","M_truncatula_A17","M_truncatula_A17_Chr03",30,15,18,10,20,0,63,63,23.8095238095238,15.8730158730159,31.7460317460317
"11","M_truncatula_A17","M_truncatula_A17_Chr03",31,22,12,8,35,0,78,77,28.5714285714286,10.3896103896104,45.4545454545455
"11","M_truncatula_A17","M_truncatula_A17_Chr03",32,22,9,14,22,0,70,67,32.8358208955224,20.8955223880597,32.8358208955224
"11","M_truncatula_A17","M_truncatula_A17_Chr03",33,29,12,25,50,0,116,116,25,21.551724137931,43.1034482758621
"11","M_truncatula_A17","M_truncatula_A17_Chr03",34,21,31,20,43,0,115,115,18.2608695652174,17.3913043478261,37.3913043478261
"11","M_truncatula_A17","M_truncatula_A17_Chr03",35,35,21,33,49,0,140,138,25.3623188405797,23.9130434782609,35.5072463768116
"11","M_truncatula_A17","M_truncatula_A17_Chr03",36,37,29,18,46,0,133,130,28.4615384615385,13.8461538461538,35.3846153846154
"11","M_truncatula_A17","M_truncatula_A17_Chr03",37,35,30,15,23,0,108,103,33.9805825242718,14.5631067961165,22.3300970873786
"11","M_truncatula_A17","M_truncatula_A17_Chr03",38,48,24,21,45,0,138,138,34.7826086956522,15.2173913043478,32.6086956521739
"11","M_truncatula_A17","M_truncatula_A17_Chr03",39,33,33,25,54,0,146,145,22.7586206896552,17.2413793103448,37.2413793103448
"11","M_truncatula_A17","M_truncatula_A17_Chr03",40,26,33,20,35,0,116,114,22.8070175438597,17.5438596491228,30.7017543859649
"11","M_truncatula_A17","M_truncatula_A17_Chr03",41,28,30,29,31,0,125,118,23.728813559322,24.5762711864407,26.271186440678
"11","M_truncatula_A17","M_truncatula_A17_Chr03",42,33,26,22,48,0,136,129,25.5813953488372,17.0542635658915,37.2093023255814
"11","M_truncatula_A17","M_truncatula_A17_Chr03",43,56,28,11,44,0,139,139,40.2877697841727,7.9136690647482,31.6546762589928
"11","M_truncatula_A17","M_truncatula_A17_Chr03",44,23,25,24,66,0,138,138,16.6666666666667,17.3913043478261,47.8260869565217
"11","M_truncatula_A17","M_truncatula_A17_Chr03",45,42,38,22,60,0,168,162,25.9259259259259,13.5802469135802,37.037037037037
"11","M_truncatula_A17","M_truncatula_A17_Chr03",46,26,38,30,39,0,138,133,19.5488721804511,22.5563909774436,29.3233082706767
"11","M_truncatula_A17","M_truncatula_A17_Chr03",47,41,28,23,38,0,131,130,31.5384615384615,17.6923076923077,29.2307692307692
"11","M_truncatula_A17","M_truncatula_A17_Chr03",48,55,26,19,38,0,139,138,39.8550724637681,13.768115942029,27.536231884058
"11","M_truncatula_A17","M_truncatula_A17_Chr03",49,65,13,15,40,0,134,133,48.8721804511278,11.2781954887218,30.0751879699248
"11","M_truncatula_A17","M_truncatula_A17_Chr03",50,48,31,26,32,0,139,137,35.036496350365,18.978102189781,23.3576642335766
"11","M_truncatula_A17","M_truncatula_A17_Chr03",51,43,34,26,57,0,161,160,26.875,16.25,35.625
"11","M_truncatula_A17","M_truncatula_A17_Chr03",52,47,29,40,40,0,158,156,30.1282051282051,25.6410256410256,25.6410256410256
"11","M_truncatula_A17","M_truncatula_A17_Chr03",53,63,29,24,29,0,147,145,43.448275862069,16.551724137931,20
"11","M_truncatula_A17","M_truncatula_A17_Chr03",54,61,28,17,43,0,149,149,40.9395973154362,11.4093959731544,28.8590604026846
"11","M_truncatula_A17","M_truncatula_A17_Chr03",55,50,35,23,35,0,144,143,34.965034965035,16.0839160839161,24.4755244755245
"11","M_truncatula_A17","M_truncatula_A17_Chr03",56,47,28,24,40,0,141,139,33.8129496402878,17.2661870503597,28.7769784172662
"11","M_truncatula_A17","M_truncatula_A17_Chr03",57,47,30,31,39,0,148,147,31.9727891156463,21.0884353741497,26.530612244898
"11","M_truncatula_A17","M_truncatula_A17_Chr03",58,69,18,25,33,0,146,145,47.5862068965517,17.2413793103448,22.7586206896552
"11","M_truncatula_A17","M_truncatula_A17_Chr03",59,65,23,20,34,0,142,142,45.7746478873239,14.0845070422535,23.943661971831
"11","M_truncatula_A17","M_truncatula_A17_Chr03",60,64,15,18,27,0,127,124,51.6129032258064,14.5161290322581,21.7741935483871
"11","M_truncatula_A17","M_truncatula_A17_Chr03",61,63,16,35,26,0,140,140,45,25,18.5714285714286
"11","M_truncatula_A17","M_truncatula_A17_Chr03",62,53,31,28,34,0,148,146,36.3013698630137,19.1780821917808,23.2876712328767
"11","M_truncatula_A17","M_truncatula_A17_Chr03",63,60,25,20,37,0,143,142,42.2535211267606,14.0845070422535,26.056338028169
"11","M_truncatula_A17","M_truncatula_A17_Chr03",64,61,26,25,33,0,146,145,42.0689655172414,17.2413793103448,22.7586206896552
"11","M_truncatula_A17","M_truncatula_A17_Chr03",65,69,18,21,42,0,153,150,46,14,28
"11","M_truncatula_A17","M_truncatula_A17_Chr03",66,58,23,26,24,0,133,131,44.2748091603053,19.8473282442748,18.3206106870229
"11","M_truncatula_A17","M_truncatula_A17_Chr03",67,66,22,26,33,0,147,147,44.8979591836735,17.687074829932,22.4489795918367
"11","M_truncatula_A17","M_truncatula_A17_Chr03",68,56,26,21,30,0,134,133,42.1052631578947,15.7894736842105,22.5563909774436
"11","M_truncatula_A17","M_truncatula_A17_Chr03",69,66,23,15,45,0,151,149,44.2953020134228,10.0671140939597,30.2013422818792
"11","M_truncatula_A17","M_truncatula_A17_Chr04",0,43,28,23,32,0,129,126,34.1269841269841,18.2539682539683,25.3968253968254
"11","M_truncatula_A17","M_truncatula_A17_Chr04",1,42,15,31,62,0,151,150,28,20.6666666666667,41.3333333333333
"11","M_truncatula_A17","M_truncatula_A17_Chr04",2,43,21,25,45,0,134,134,32.089552238806,18.6567164179104,33.5820895522388
"11","M_truncatula_A17","M_truncatula_A17_Chr04",3,53,27,15,32,0,129,127,41.7322834645669,11.8110236220472,25.1968503937008
"11","M_truncatula_A17","M_truncatula_A17_Chr04",4,56,21,19,42,0,139,138,40.5797101449275,13.768115942029,30.4347826086957
"11","M_truncatula_A17","M_truncatula_A17_Chr04",5,51,16,21,57,0,149,145,35.1724137931034,14.4827586206897,39.3103448275862
"11","M_truncatula_A17","M_truncatula_A17_Chr04",6,34,21,20,54,0,130,129,26.3565891472868,15.5038759689922,41.8604651162791
"11","M_truncatula_A17","M_truncatula_A17_Chr04",7,47,14,19,47,0,130,127,37.007874015748,14.9606299212598,37.007874015748
"11","M_truncatula_A17","M_truncatula_A17_Chr04",8,49,21,29,57,0,157,156,31.4102564102564,18.5897435897436,36.5384615384615
"11","M_truncatula_A17","M_truncatula_A17_Chr04",9,36,10,11,67,0,127,124,29.0322580645161,8.87096774193548,54.0322580645161
"11","M_truncatula_A17","M_truncatula_A17_Chr04",10,48,10,13,45,0,116,116,41.3793103448276,11.2068965517241,38.7931034482759
"11","M_truncatula_A17","M_truncatula_A17_Chr04",11,40,17,32,46,0,136,135,29.6296296296296,23.7037037037037,34.0740740740741
"11","M_truncatula_A17","M_truncatula_A17_Chr04",12,54,18,18,51,0,143,141,38.2978723404255,12.7659574468085,36.1702127659574
"11","M_truncatula_A17","M_truncatula_A17_Chr04",13,31,10,17,47,0,107,105,29.5238095238095,16.1904761904762,44.7619047619048
"11","M_truncatula_A17","M_truncatula_A17_Chr04",14,17,10,29,44,0,102,100,17,29,44
"11","M_truncatula_A17","M_truncatula_A17_Chr04",15,17,5,12,21,0,55,55,30.9090909090909,21.8181818181818,38.1818181818182
"11","M_truncatula_A17","M_truncatula_A17_Chr04",16,21,6,22,28,0,78,77,27.2727272727273,28.5714285714286,36.3636363636364
"11","M_truncatula_A17","M_truncatula_A17_Chr04",17,26,6,7,28,0,67,67,38.8059701492537,10.4477611940299,41.7910447761194
"11","M_truncatula_A17","M_truncatula_A17_Chr04",18,6,2,6,18,0,33,32,18.75,18.75,56.25
"11","M_truncatula_A17","M_truncatula_A17_Chr04",24,3,2,2,4,0,11,11,27.2727272727273,18.1818181818182,36.3636363636364
"11","M_truncatula_A17","M_truncatula_A17_Chr04",25,3,1,9,21,0,34,34,8.82352941176471,26.4705882352941,61.7647058823529
"11","M_truncatula_A17","M_truncatula_A17_Chr04",26,15,8,11,28,0,62,62,24.1935483870968,17.741935483871,45.1612903225806
"11","M_truncatula_A17","M_truncatula_A17_Chr04",27,20,7,12,25,0,64,64,31.25,18.75,39.0625
"11","M_truncatula_A17","M_truncatula_A17_Chr04",28,23,3,9,19,0,54,54,42.5925925925926,16.6666666666667,35.1851851851852
"11","M_truncatula_A17","M_truncatula_A17_Chr04",29,21,13,14,51,0,100,99,21.2121212121212,14.1414141414141,51.5151515151515
"11","M_truncatula_A17","M_truncatula_A17_Chr04",30,22,14,14,35,0,85,85,25.8823529411765,16.4705882352941,41.1764705882353
"11","M_truncatula_A17","M_truncatula_A17_Chr04",31,36,21,21,34,0,114,112,32.1428571428571,18.75,30.3571428571429
"11","M_truncatula_A17","M_truncatula_A17_Chr04",32,37,29,23,44,0,135,133,27.8195488721805,17.2932330827068,33.0827067669173
"11","M_truncatula_A17","M_truncatula_A17_Chr04",33,34,10,19,40,0,103,103,33.0097087378641,18.4466019417476,38.8349514563107
"11","M_truncatula_A17","M_truncatula_A17_Chr04",34,35,21,23,46,0,126,125,28,18.4,36.8
"11","M_truncatula_A17","M_truncatula_A17_Chr04",35,35,27,30,54,0,146,146,23.972602739726,20.5479452054795,36.986301369863
"11","M_truncatula_A17","M_truncatula_A17_Chr04",36,47,21,20,33,0,121,121,38.8429752066116,16.5289256198347,27.2727272727273
"11","M_truncatula_A17","M_truncatula_A17_Chr04",37,58,25,13,70,0,170,166,34.9397590361446,7.83132530120482,42.1686746987952
"11","M_truncatula_A17","M_truncatula_A17_Chr04",38,37,19,18,47,0,122,121,30.5785123966942,14.8760330578512,38.8429752066116
"11","M_truncatula_A17","M_truncatula_A17_Chr04",39,51,29,20,47,0,147,147,34.6938775510204,13.6054421768707,31.9727891156463
"11","M_truncatula_A17","M_truncatula_A17_Chr04",40,54,30,31,76,0,193,191,28.2722513089005,16.2303664921466,39.7905759162304
"11","M_truncatula_A17","M_truncatula_A17_Chr04",41,57,28,19,30,0,135,134,42.5373134328358,14.1791044776119,22.3880597014925
"11","M_truncatula_A17","M_truncatula_A17_Chr04",42,46,33,14,44,0,137,137,33.5766423357664,10.2189781021898,32.1167883211679
"11","M_truncatula_A17","M_truncatula_A17_Chr04",43,51,43,15,32,0,141,141,36.1702127659574,10.6382978723404,22.6950354609929
"11","M_truncatula_A17","M_truncatula_A17_Chr04",44,60,32,18,40,0,152,150,40,12,26.6666666666667
"11","M_truncatula_A17","M_truncatula_A17_Chr04",45,54,39,11,44,0,149,148,36.4864864864865,7.43243243243243,29.7297297297297
"11","M_truncatula_A17","M_truncatula_A17_Chr04",46,63,21,18,38,0,142,140,45,12.8571428571429,27.1428571428571
"11","M_truncatula_A17","M_truncatula_A17_Chr04",47,40,52,12,26,0,130,130,30.7692307692308,9.23076923076923,20
"11","M_truncatula_A17","M_truncatula_A17_Chr04",48,61,41,14,45,0,164,161,37.888198757764,8.69565217391304,27.9503105590062
"11","M_truncatula_A17","M_truncatula_A17_Chr04",49,48,36,31,52,0,169,167,28.7425149700599,18.562874251497,31.1377245508982
"11","M_truncatula_A17","M_truncatula_A17_Chr04",50,60,39,19,37,0,158,155,38.7096774193548,12.258064516129,23.8709677419355
"11","M_truncatula_A17","M_truncatula_A17_Chr04",51,62,41,17,29,0,149,149,41.6107382550336,11.4093959731544,19.4630872483221
"11","M_truncatula_A17","M_truncatula_A17_Chr04",52,62,19,21,24,0,128,126,49.2063492063492,16.6666666666667,19.047619047619
"11","M_truncatula_A17","M_truncatula_A17_Chr04",53,60,20,13,32,0,128,125,48,10.4,25.6
"11","M_truncatula_A17","M_truncatula_A17_Chr04",54,45,41,26,37,0,152,149,30.2013422818792,17.4496644295302,24.8322147651007
"11","M_truncatula_A17","M_truncatula_A17_Chr04",55,55,37,17,54,0,168,163,33.7423312883436,10.4294478527607,33.1288343558282
"11","M_truncatula_A17","M_truncatula_A17_Chr04",56,63,31,12,38,0,146,144,43.75,8.33333333333333,26.3888888888889
"11","M_truncatula_A17","M_truncatula_A17_Chr04",57,65,29,29,32,0,156,155,41.9354838709677,18.7096774193548,20.6451612903226
"11","M_truncatula_A17","M_truncatula_A17_Chr04",58,52,29,23,44,0,148,148,35.1351351351351,15.5405405405405,29.7297297297297
"11","M_truncatula_A17","M_truncatula_A17_Chr04",59,61,18,26,35,0,141,140,43.5714285714286,18.5714285714286,25
"11","M_truncatula_A17","M_truncatula_A17_Chr04",60,73,26,10,35,0,146,144,50.6944444444444,6.94444444444444,24.3055555555556
"11","M_truncatula_A17","M_truncatula_A17_Chr04",61,62,26,16,42,0,149,146,42.4657534246575,10.958904109589,28.7671232876712
"11","M_truncatula_A17","M_truncatula_A17_Chr04",62,63,44,22,34,0,163,163,38.6503067484663,13.4969325153374,20.8588957055215
"11","M_truncatula_A17","M_truncatula_A17_Chr04",63,48,34,19,35,0,137,136,35.2941176470588,13.9705882352941,25.7352941176471
"11","M_truncatula_A17","M_truncatula_A17_Chr04",64,75,14,25,48,0,164,162,46.2962962962963,15.4320987654321,29.6296296296296
"11","M_truncatula_A17","M_truncatula_A17_Chr05",0,64,31,20,25,0,142,140,45.7142857142857,14.2857142857143,17.8571428571429
"11","M_truncatula_A17","M_truncatula_A17_Chr05",1,70,24,31,49,0,177,174,40.2298850574713,17.816091954023,28.1609195402299
"11","M_truncatula_A17","M_truncatula_A17_Chr05",2,64,25,31,40,0,160,160,40,19.375,25
"11","M_truncatula_A17","M_truncatula_A17_Chr05",3,75,19,18,38,0,152,150,50,12,25.3333333333333
"11","M_truncatula_A17","M_truncatula_A17_Chr05",4,70,10,22,26,0,129,128,54.6875,17.1875,20.3125
"11","M_truncatula_A17","M_truncatula_A17_Chr05",5,68,13,19,27,0,129,127,53.5433070866142,14.9606299212598,21.259842519685
"11","M_truncatula_A17","M_truncatula_A17_Chr05",6,69,15,20,39,0,146,143,48.2517482517483,13.986013986014,27.2727272727273
"11","M_truncatula_A17","M_truncatula_A17_Chr05",7,69,16,12,39,0,137,136,50.7352941176471,8.82352941176471,28.6764705882353
"11","M_truncatula_A17","M_truncatula_A17_Chr05",8,62,26,15,22,0,127,125,49.6,12,17.6
"11","M_truncatula_A17","M_truncatula_A17_Chr05",9,62,22,24,51,0,161,159,38.9937106918239,15.0943396226415,32.0754716981132
"11","M_truncatula_A17","M_truncatula_A17_Chr05",10,58,24,28,38,0,149,148,39.1891891891892,18.9189189189189,25.6756756756757
"11","M_truncatula_A17","M_truncatula_A17_Chr05",11,62,8,18,35,0,125,123,50.4065040650407,14.6341463414634,28.4552845528455
"11","M_truncatula_A17","M_truncatula_A17_Chr05",12,34,21,19,44,0,121,118,28.8135593220339,16.1016949152542,37.2881355932203
"11","M_truncatula_A17","M_truncatula_A17_Chr05",13,58,11,15,30,0,114,114,50.8771929824561,13.1578947368421,26.3157894736842
"11","M_truncatula_A17","M_truncatula_A17_Chr05",14,48,15,17,49,0,129,129,37.2093023255814,13.1782945736434,37.984496124031
"11","M_truncatula_A17","M_truncatula_A17_Chr05",15,38,28,23,55,0,147,144,26.3888888888889,15.9722222222222,38.1944444444444
"11","M_truncatula_A17","M_truncatula_A17_Chr05",16,58,6,17,46,0,130,127,45.6692913385827,13.3858267716535,36.2204724409449
"11","M_truncatula_A17","M_truncatula_A17_Chr05",17,46,13,21,47,0,128,127,36.2204724409449,16.5354330708661,37.007874015748
"11","M_truncatula_A17","M_truncatula_A17_Chr05",18,46,15,20,40,0,123,121,38.0165289256198,16.5289256198347,33.0578512396694
"11","M_truncatula_A17","M_truncatula_A17_Chr05",19,50,30,16,45,0,142,141,35.4609929078014,11.3475177304965,31.9148936170213
"11","M_truncatula_A17","M_truncatula_A17_Chr05",20,35,7,14,31,0,87,87,40.2298850574713,16.0919540229885,35.632183908046
"11","M_truncatula_A17","M_truncatula_A17_Chr05",21,21,14,16,44,0,97,95,22.1052631578947,16.8421052631579,46.3157894736842
"11","M_truncatula_A17","M_truncatula_A17_Chr05",22,16,3,8,29,0,56,56,28.5714285714286,14.2857142857143,51.7857142857143
"11","M_truncatula_A17","M_truncatula_A17_Chr05",23,3,6,19,46,0,74,74,4.05405405405405,25.6756756756757,62.1621621621622
"11","M_truncatula_A17","M_truncatula_A17_Chr05",24,4,2,1,4,0,11,11,36.3636363636364,9.09090909090909,36.3636363636364
"11","M_truncatula_A17","M_truncatula_A17_Chr05",25,5,0,8,18,0,31,31,16.1290322580645,25.8064516129032,58.0645161290323
"11","M_truncatula_A17","M_truncatula_A17_Chr05",26,1,0,4,3,0,8,8,12.5,50,37.5
"11","M_truncatula_A17","M_truncatula_A17_Chr05",34,7,5,3,12,0,31,27,25.9259259259259,11.1111111111111,44.4444444444444
"11","M_truncatula_A17","M_truncatula_A17_Chr05",35,15,8,20,37,0,80,80,18.75,25,46.25
"11","M_truncatula_A17","M_truncatula_A17_Chr05",36,12,0,19,29,0,65,60,20,31.6666666666667,48.3333333333333
"11","M_truncatula_A17","M_truncatula_A17_Chr05",37,11,14,11,33,0,71,69,15.9420289855072,15.9420289855072,47.8260869565217
"11","M_truncatula_A17","M_truncatula_A17_Chr05",38,43,14,28,48,0,134,133,32.3308270676692,21.0526315789474,36.0902255639098
"11","M_truncatula_A17","M_truncatula_A17_Chr05",39,18,6,31,41,0,96,96,18.75,32.2916666666667,42.7083333333333
"11","M_truncatula_A17","M_truncatula_A17_Chr05",40,21,10,37,51,0,122,119,17.6470588235294,31.0924369747899,42.8571428571429
"11","M_truncatula_A17","M_truncatula_A17_Chr05",41,24,15,33,44,0,116,116,20.6896551724138,28.448275862069,37.9310344827586
"11","M_truncatula_A17","M_truncatula_A17_Chr05",42,37,20,28,44,0,130,129,28.6821705426357,21.7054263565891,34.1085271317829
"11","M_truncatula_A17","M_truncatula_A17_Chr05",43,50,10,23,44,0,129,127,39.3700787401575,18.1102362204724,34.6456692913386
"11","M_truncatula_A17","M_truncatula_A17_Chr05",44,61,19,29,53,0,164,162,37.6543209876543,17.9012345679012,32.7160493827161
"11","M_truncatula_A17","M_truncatula_A17_Chr05",45,46,20,19,55,0,142,140,32.8571428571429,13.5714285714286,39.2857142857143
"11","M_truncatula_A17","M_truncatula_A17_Chr05",46,44,29,21,33,0,128,127,34.6456692913386,16.5354330708661,25.9842519685039
"11","M_truncatula_A17","M_truncatula_A17_Chr05",47,49,16,31,47,0,145,143,34.2657342657343,21.6783216783217,32.8671328671329
"11","M_truncatula_A17","M_truncatula_A17_Chr05",48,44,18,21,49,0,132,132,33.3333333333333,15.9090909090909,37.1212121212121
"11","M_truncatula_A17","M_truncatula_A17_Chr05",49,41,28,20,52,0,142,141,29.0780141843972,14.1843971631206,36.8794326241135
"11","M_truncatula_A17","M_truncatula_A17_Chr05",50,51,19,25,48,0,145,143,35.6643356643357,17.4825174825175,33.5664335664336
"11","M_truncatula_A17","M_truncatula_A17_Chr05",51,48,19,26,61,0,155,154,31.1688311688312,16.8831168831169,39.6103896103896
"11","M_truncatula_A17","M_truncatula_A17_Chr05",52,56,8,12,37,0,115,113,49.5575221238938,10.6194690265487,32.7433628318584
"11","M_truncatula_A17","M_truncatula_A17_Chr05",53,56,25,22,49,0,153,152,36.8421052631579,14.4736842105263,32.2368421052632
"11","M_truncatula_A17","M_truncatula_A17_Chr05",54,65,26,20,37,0,149,148,43.9189189189189,13.5135135135135,25
"11","M_truncatula_A17","M_truncatula_A17_Chr05",55,64,21,33,45,0,166,163,39.2638036809816,20.2453987730061,27.6073619631902
"11","M_truncatula_A17","M_truncatula_A17_Chr05",56,61,30,36,58,0,190,185,32.972972972973,19.4594594594595,31.3513513513514
"11","M_truncatula_A17","M_truncatula_A17_Chr05",57,55,25,22,45,0,151,147,37.4149659863946,14.9659863945578,30.6122448979592
"11","M_truncatula_A17","M_truncatula_A17_Chr05",58,26,7,12,22,0,68,67,38.8059701492537,17.910447761194,32.8358208955224
"11","M_truncatula_A17","M_truncatula_A17_Chr06",0,62,18,20,34,0,136,134,46.2686567164179,14.9253731343284,25.3731343283582
"11","M_truncatula_A17","M_truncatula_A17_Chr06",1,52,10,19,56,0,139,137,37.956204379562,13.8686131386861,40.8759124087591
"11","M_truncatula_A17","M_truncatula_A17_Chr06",2,65,11,17,38,0,132,131,49.618320610687,12.9770992366412,29.0076335877863
"11","M_truncatula_A17","M_truncatula_A17_Chr06",3,56,13,12,36,0,121,117,47.8632478632479,10.2564102564103,30.7692307692308
"11","M_truncatula_A17","M_truncatula_A17_Chr06",4,52,14,16,51,0,134,133,39.0977443609023,12.0300751879699,38.3458646616541
"11","M_truncatula_A17","M_truncatula_A17_Chr06",5,48,31,18,47,0,144,144,33.3333333333333,12.5,32.6388888888889
"11","M_truncatula_A17","M_truncatula_A17_Chr06",6,52,9,29,46,0,137,136,38.2352941176471,21.3235294117647,33.8235294117647
"11","M_truncatula_A17","M_truncatula_A17_Chr06",7,46,18,29,41,0,134,134,34.3283582089552,21.6417910447761,30.5970149253731
"11","M_truncatula_A17","M_truncatula_A17_Chr06",8,47,11,32,67,0,158,157,29.9363057324841,20.3821656050955,42.6751592356688
"11","M_truncatula_A17","M_truncatula_A17_Chr06",9,32,11,32,36,0,112,111,28.8288288288288,28.8288288288288,32.4324324324324
"11","M_truncatula_A17","M_truncatula_A17_Chr06",10,48,8,22,34,0,114,112,42.8571428571429,19.6428571428571,30.3571428571429
"11","M_truncatula_A17","M_truncatula_A17_Chr06",11,41,3,24,51,0,119,119,34.453781512605,20.1680672268908,42.8571428571429
"11","M_truncatula_A17","M_truncatula_A17_Chr06",12,25,16,23,42,0,107,106,23.5849056603774,21.6981132075472,39.622641509434
"11","M_truncatula_A17","M_truncatula_A17_Chr06",13,31,16,15,44,0,106,106,29.2452830188679,14.1509433962264,41.5094339622642
"11","M_truncatula_A17","M_truncatula_A17_Chr06",14,41,11,24,45,0,122,121,33.8842975206612,19.8347107438017,37.1900826446281
"11","M_truncatula_A17","M_truncatula_A17_Chr06",15,38,12,19,49,0,118,118,32.2033898305085,16.1016949152542,41.5254237288136
"11","M_truncatula_A17","M_truncatula_A17_Chr06",16,27,7,29,43,0,106,106,25.4716981132075,27.3584905660377,40.5660377358491
"11","M_truncatula_A17","M_truncatula_A17_Chr06",17,29,8,16,37,0,93,90,32.2222222222222,17.7777777777778,41.1111111111111
"11","M_truncatula_A17","M_truncatula_A17_Chr06",18,17,5,17,36,0,75,75,22.6666666666667,22.6666666666667,48
"11","M_truncatula_A17","M_truncatula_A17_Chr06",19,25,5,21,54,0,105,105,23.8095238095238,20,51.4285714285714
"11","M_truncatula_A17","M_truncatula_A17_Chr06",20,17,3,8,19,0,48,47,36.1702127659574,17.0212765957447,40.4255319148936
"11","M_truncatula_A17","M_truncatula_A17_Chr06",21,21,3,16,32,0,72,72,29.1666666666667,22.2222222222222,44.4444444444444
"11","M_truncatula_A17","M_truncatula_A17_Chr06",22,17,3,7,16,0,43,43,39.5348837209302,16.2790697674419,37.2093023255814
"11","M_truncatula_A17","M_truncatula_A17_Chr06",23,16,5,17,38,0,79,76,21.0526315789474,22.3684210526316,50
"11","M_truncatula_A17","M_truncatula_A17_Chr06",24,12,6,6,16,0,40,40,30,15,40
"11","M_truncatula_A17","M_truncatula_A17_Chr06",25,8,8,2,21,0,39,39,20.5128205128205,5.12820512820513,53.8461538461538
"11","M_truncatula_A17","M_truncatula_A17_Chr06",31,3,2,3,15,0,23,23,13.0434782608696,13.0434782608696,65.2173913043478
"11","M_truncatula_A17","M_truncatula_A17_Chr06",32,9,2,12,34,0,58,57,15.7894736842105,21.0526315789474,59.6491228070175
"11","M_truncatula_A17","M_truncatula_A17_Chr06",33,8,1,9,33,0,51,51,15.6862745098039,17.6470588235294,64.7058823529412
"11","M_truncatula_A17","M_truncatula_A17_Chr06",34,19,6,14,36,0,76,75,25.3333333333333,18.6666666666667,48
"11","M_truncatula_A17","M_truncatula_A17_Chr06",35,22,4,12,37,0,76,75,29.3333333333333,16,49.3333333333333
"11","M_truncatula_A17","M_truncatula_A17_Chr06",36,13,6,7,29,0,56,55,23.6363636363636,12.7272727272727,52.7272727272727
"11","M_truncatula_A17","M_truncatula_A17_Chr06",37,19,9,14,32,0,75,74,25.6756756756757,18.9189189189189,43.2432432432432
"11","M_truncatula_A17","M_truncatula_A17_Chr06",38,36,15,21,52,0,125,124,29.0322580645161,16.9354838709677,41.9354838709677
"11","M_truncatula_A17","M_truncatula_A17_Chr06",39,33,21,16,58,0,131,128,25.78125,12.5,45.3125
"11","M_truncatula_A17","M_truncatula_A17_Chr06",40,43,8,14,34,0,102,99,43.4343434343434,14.1414141414141,34.3434343434343
"11","M_truncatula_A17","M_truncatula_A17_Chr06",41,27,14,19,41,0,102,101,26.7326732673267,18.8118811881188,40.5940594059406
"11","M_truncatula_A17","M_truncatula_A17_Chr06",42,25,19,17,42,0,106,103,24.2718446601942,16.504854368932,40.7766990291262
"11","M_truncatula_A17","M_truncatula_A17_Chr06",43,42,20,22,43,0,127,127,33.0708661417323,17.3228346456693,33.8582677165354
"11","M_truncatula_A17","M_truncatula_A17_Chr06",44,36,9,21,68,0,135,134,26.865671641791,15.6716417910448,50.7462686567164
"11","M_truncatula_A17","M_truncatula_A17_Chr06",45,38,13,14,42,0,108,107,35.5140186915888,13.0841121495327,39.2523364485981
"11","M_truncatula_A17","M_truncatula_A17_Chr06",46,40,12,22,42,0,117,116,34.4827586206897,18.9655172413793,36.2068965517241
"11","M_truncatula_A17","M_truncatula_A17_Chr06",47,55,8,22,53,0,142,138,39.8550724637681,15.9420289855072,38.4057971014493
"11","M_truncatula_A17","M_truncatula_A17_Chr06",48,42,17,21,46,0,127,126,33.3333333333333,16.6666666666667,36.5079365079365
"11","M_truncatula_A17","M_truncatula_A17_Chr06",49,44,11,21,47,0,124,123,35.7723577235772,17.0731707317073,38.2113821138211
"11","M_truncatula_A17","M_truncatula_A17_Chr07",0,34,15,17,51,0,119,117,29.0598290598291,14.5299145299145,43.5897435897436
"11","M_truncatula_A17","M_truncatula_A17_Chr07",1,33,14,37,67,0,155,151,21.8543046357616,24.5033112582781,44.3708609271523
"11","M_truncatula_A17","M_truncatula_A17_Chr07",2,37,16,24,112,0,189,189,19.5767195767196,12.6984126984127,59.2592592592593
"11","M_truncatula_A17","M_truncatula_A17_Chr07",3,70,10,10,55,0,148,145,48.2758620689655,6.89655172413793,37.9310344827586
"11","M_truncatula_A17","M_truncatula_A17_Chr07",4,45,11,17,34,0,111,107,42.0560747663551,15.8878504672897,31.7757009345794
"11","M_truncatula_A17","M_truncatula_A17_Chr07",5,40,15,19,62,0,137,136,29.4117647058824,13.9705882352941,45.5882352941176
"11","M_truncatula_A17","M_truncatula_A17_Chr07",6,39,6,19,30,0,94,94,41.4893617021277,20.2127659574468,31.9148936170213
"11","M_truncatula_A17","M_truncatula_A17_Chr07",7,61,26,13,41,0,143,141,43.2624113475177,9.21985815602837,29.0780141843972
"11","M_truncatula_A17","M_truncatula_A17_Chr07",8,47,21,13,61,0,142,142,33.0985915492958,9.15492957746479,42.9577464788732
"11","M_truncatula_A17","M_truncatula_A17_Chr07",9,39,14,16,53,0,123,122,31.9672131147541,13.1147540983607,43.4426229508197
"11","M_truncatula_A17","M_truncatula_A17_Chr07",10,44,8,16,64,0,132,132,33.3333333333333,12.1212121212121,48.4848484848485
"11","M_truncatula_A17","M_truncatula_A17_Chr07",11,32,2,25,75,0,136,134,23.8805970149254,18.6567164179104,55.9701492537313
"11","M_truncatula_A17","M_truncatula_A17_Chr07",12,37,9,19,51,0,117,116,31.8965517241379,16.3793103448276,43.9655172413793
"11","M_truncatula_A17","M_truncatula_A17_Chr07",13,29,9,14,37,0,91,89,32.5842696629214,15.7303370786517,41.5730337078652
"11","M_truncatula_A17","M_truncatula_A17_Chr07",14,20,3,18,48,0,90,89,22.4719101123596,20.2247191011236,53.9325842696629
"11","M_truncatula_A17","M_truncatula_A17_Chr07",15,6,4,4,12,0,27,26,23.0769230769231,15.3846153846154,46.1538461538462
"11","M_truncatula_A17","M_truncatula_A17_Chr07",16,11,5,2,20,0,38,38,28.9473684210526,5.26315789473684,52.6315789473684
"11","M_truncatula_A17","M_truncatula_A17_Chr07",17,4,7,10,22,0,44,43,9.30232558139535,23.2558139534884,51.1627906976744
"11","M_truncatula_A17","M_truncatula_A17_Chr07",18,13,11,8,14,0,46,46,28.2608695652174,17.3913043478261,30.4347826086957
"11","M_truncatula_A17","M_truncatula_A17_Chr07",26,5,6,4,7,0,22,22,22.7272727272727,18.1818181818182,31.8181818181818
"11","M_truncatula_A17","M_truncatula_A17_Chr07",27,9,6,9,14,0,38,38,23.6842105263158,23.6842105263158,36.8421052631579
"11","M_truncatula_A17","M_truncatula_A17_Chr07",28,29,8,22,44,0,104,103,28.1553398058252,21.3592233009709,42.7184466019417
"11","M_truncatula_A17","M_truncatula_A17_Chr07",29,14,8,8,31,0,62,61,22.9508196721311,13.1147540983607,50.8196721311475
"11","M_truncatula_A17","M_truncatula_A17_Chr07",30,18,12,15,45,0,91,90,20,16.6666666666667,50
"11","M_truncatula_A17","M_truncatula_A17_Chr07",31,36,19,21,80,0,158,156,23.0769230769231,13.4615384615385,51.2820512820513
"11","M_truncatula_A17","M_truncatula_A17_Chr07",32,36,20,16,35,0,109,107,33.6448598130841,14.9532710280374,32.7102803738318
"11","M_truncatula_A17","M_truncatula_A17_Chr07",33,40,8,27,50,0,126,125,32,21.6,40
"11","M_truncatula_A17","M_truncatula_A17_Chr07",34,25,9,31,58,0,124,123,20.3252032520325,25.2032520325203,47.1544715447154
"11","M_truncatula_A17","M_truncatula_A17_Chr07",35,41,23,21,45,0,132,130,31.5384615384615,16.1538461538462,34.6153846153846
"11","M_truncatula_A17","M_truncatula_A17_Chr07",36,39,19,20,40,0,120,118,33.0508474576271,16.9491525423729,33.8983050847458
"11","M_truncatula_A17","M_truncatula_A17_Chr07",37,31,13,32,48,0,125,124,25,25.8064516129032,38.7096774193548
"11","M_truncatula_A17","M_truncatula_A17_Chr07",38,44,21,35,48,0,148,148,29.7297297297297,23.6486486486486,32.4324324324324
"11","M_truncatula_A17","M_truncatula_A17_Chr07",39,52,11,23,35,0,122,121,42.9752066115703,19.0082644628099,28.9256198347107
"11","M_truncatula_A17","M_truncatula_A17_Chr07",40,63,9,25,56,0,153,153,41.1764705882353,16.3398692810458,36.6013071895425
"11","M_truncatula_A17","M_truncatula_A17_Chr07",41,59,12,17,44,0,134,132,44.6969696969697,12.8787878787879,33.3333333333333
"11","M_truncatula_A17","M_truncatula_A17_Chr07",42,62,18,27,50,0,158,157,39.4904458598726,17.1974522292994,31.8471337579618
"11","M_truncatula_A17","M_truncatula_A17_Chr07",43,70,18,28,67,0,185,183,38.2513661202186,15.3005464480874,36.6120218579235
"11","M_truncatula_A17","M_truncatula_A17_Chr07",44,66,18,19,71,0,174,174,37.9310344827586,10.9195402298851,40.8045977011494
"11","M_truncatula_A17","M_truncatula_A17_Chr07",45,50,33,23,54,0,161,160,31.25,14.375,33.75
"11","M_truncatula_A17","M_truncatula_A17_Chr07",46,62,20,20,56,0,164,158,39.2405063291139,12.6582278481013,35.4430379746835
"11","M_truncatula_A17","M_truncatula_A17_Chr07",47,70,16,32,72,0,191,190,36.8421052631579,16.8421052631579,37.8947368421053
"11","M_truncatula_A17","M_truncatula_A17_Chr07",48,79,15,18,53,0,170,165,47.8787878787879,10.9090909090909,32.1212121212121
"11","M_truncatula_A17","M_truncatula_A17_Chr07",49,58,18,12,59,0,148,147,39.4557823129252,8.16326530612245,40.1360544217687
"11","M_truncatula_A17","M_truncatula_A17_Chr07",50,71,17,24,40,0,155,152,46.7105263157895,15.7894736842105,26.3157894736842
"11","M_truncatula_A17","M_truncatula_A17_Chr07",51,68,18,28,52,0,168,166,40.9638554216867,16.8674698795181,31.3253012048193
"11","M_truncatula_A17","M_truncatula_A17_Chr07",52,65,10,31,39,0,145,145,44.8275862068966,21.3793103448276,26.8965517241379
"11","M_truncatula_A17","M_truncatula_A17_Chr07",53,51,41,17,46,0,157,155,32.9032258064516,10.9677419354839,29.6774193548387
"11","M_truncatula_A17","M_truncatula_A17_Chr07",54,59,33,21,39,0,154,152,38.8157894736842,13.8157894736842,25.6578947368421
"11","M_truncatula_A17","M_truncatula_A17_Chr07",55,44,31,25,52,0,153,152,28.9473684210526,16.4473684210526,34.2105263157895
"11","M_truncatula_A17","M_truncatula_A17_Chr07",56,70,13,13,38,0,135,134,52.2388059701493,9.70149253731343,28.3582089552239
"11","M_truncatula_A17","M_truncatula_A17_Chr07",57,65,19,24,45,0,154,153,42.483660130719,15.6862745098039,29.4117647058824
"11","M_truncatula_A17","M_truncatula_A17_Chr07",58,78,24,25,33,0,162,160,48.75,15.625,20.625
"11","M_truncatula_A17","M_truncatula_A17_Chr07",59,72,17,21,46,0,156,156,46.1538461538462,13.4615384615385,29.4871794871795
"11","M_truncatula_A17","M_truncatula_A17_Chr07",60,53,32,28,50,0,166,163,32.5153374233129,17.1779141104294,30.6748466257669
"11","M_truncatula_A17","M_truncatula_A17_Chr07",61,68,32,28,60,0,188,188,36.1702127659574,14.8936170212766,31.9148936170213
"11","M_truncatula_A17","M_truncatula_A17_Chr07",62,73,27,26,26,0,154,152,48.0263157894737,17.1052631578947,17.1052631578947
"11","M_truncatula_A17","M_truncatula_A17_Chr07",63,75,7,21,43,0,146,146,51.3698630136986,14.3835616438356,29.4520547945205
"11","M_truncatula_A17","M_truncatula_A17_Chr08",0,63,11,20,39,0,134,133,47.3684210526316,15.0375939849624,29.3233082706767
"11","M_truncatula_A17","M_truncatula_A17_Chr08",1,57,15,34,48,0,155,154,37.012987012987,22.0779220779221,31.1688311688312
"11","M_truncatula_A17","M_truncatula_A17_Chr08",2,73,11,30,60,0,177,174,41.9540229885057,17.2413793103448,34.4827586206897
"11","M_truncatula_A17","M_truncatula_A17_Chr08",3,56,19,18,60,0,155,153,36.6013071895425,11.7647058823529,39.2156862745098
"11","M_truncatula_A17","M_truncatula_A17_Chr08",4,55,22,19,36,0,135,132,41.6666666666667,14.3939393939394,27.2727272727273
"11","M_truncatula_A17","M_truncatula_A17_Chr08",5,50,19,19,43,0,132,131,38.1679389312977,14.5038167938931,32.824427480916
"11","M_truncatula_A17","M_truncatula_A17_Chr08",6,48,12,16,38,0,114,114,42.1052631578947,14.0350877192982,33.3333333333333
"11","M_truncatula_A17","M_truncatula_A17_Chr08",7,60,12,16,39,0,130,127,47.244094488189,12.5984251968504,30.7086614173228
"11","M_truncatula_A17","M_truncatula_A17_Chr08",8,56,13,17,42,0,130,128,43.75,13.28125,32.8125
"11","M_truncatula_A17","M_truncatula_A17_Chr08",9,49,8,13,37,0,109,107,45.7943925233645,12.1495327102804,34.5794392523364
"11","M_truncatula_A17","M_truncatula_A17_Chr08",10,66,12,18,34,0,130,130,50.7692307692308,13.8461538461538,26.1538461538462
"11","M_truncatula_A17","M_truncatula_A17_Chr08",11,74,6,24,34,0,139,138,53.6231884057971,17.3913043478261,24.6376811594203
"11","M_truncatula_A17","M_truncatula_A17_Chr08",12,40,19,26,34,0,120,119,33.6134453781513,21.8487394957983,28.5714285714286
"11","M_truncatula_A17","M_truncatula_A17_Chr08",13,81,6,16,23,0,128,126,64.2857142857143,12.6984126984127,18.2539682539683
"11","M_truncatula_A17","M_truncatula_A17_Chr08",14,53,17,22,71,0,163,163,32.5153374233129,13.4969325153374,43.558282208589
"11","M_truncatula_A17","M_truncatula_A17_Chr08",15,47,19,21,42,0,131,129,36.4341085271318,16.2790697674419,32.5581395348837
"11","M_truncatula_A17","M_truncatula_A17_Chr08",16,72,4,15,51,0,144,142,50.7042253521127,10.5633802816901,35.9154929577465
"11","M_truncatula_A17","M_truncatula_A17_Chr08",17,49,10,17,57,0,134,133,36.8421052631579,12.781954887218,42.8571428571429
"11","M_truncatula_A17","M_truncatula_A17_Chr08",18,21,8,16,38,0,88,83,25.3012048192771,19.2771084337349,45.7831325301205
"11","M_truncatula_A17","M_truncatula_A17_Chr08",19,21,6,17,33,0,78,77,27.2727272727273,22.0779220779221,42.8571428571429
"11","M_truncatula_A17","M_truncatula_A17_Chr08",20,25,1,13,39,0,80,78,32.0512820512821,16.6666666666667,50
"11","M_truncatula_A17","M_truncatula_A17_Chr08",21,24,7,10,38,0,83,79,30.379746835443,12.6582278481013,48.1012658227848
"11","M_truncatula_A17","M_truncatula_A17_Chr08",22,5,1,0,8,0,14,14,35.7142857142857,0,57.1428571428571
"11","M_truncatula_A17","M_truncatula_A17_Chr08",29,4,9,5,4,0,22,22,18.1818181818182,22.7272727272727,18.1818181818182
"11","M_truncatula_A17","M_truncatula_A17_Chr08",30,21,6,11,27,0,66,65,32.3076923076923,16.9230769230769,41.5384615384615
"11","M_truncatula_A17","M_truncatula_A17_Chr08",31,37,4,16,26,0,83,83,44.578313253012,19.2771084337349,31.3253012048193
"11","M_truncatula_A17","M_truncatula_A17_Chr08",32,38,4,19,39,0,100,100,38,19,39
"11","M_truncatula_A17","M_truncatula_A17_Chr08",33,31,8,16,53,0,108,108,28.7037037037037,14.8148148148148,49.0740740740741
"11","M_truncatula_A17","M_truncatula_A17_Chr08",34,42,6,17,37,0,102,102,41.1764705882353,16.6666666666667,36.2745098039216
"11","M_truncatula_A17","M_truncatula_A17_Chr08",35,38,11,17,39,0,107,105,36.1904761904762,16.1904761904762,37.1428571428571
"11","M_truncatula_A17","M_truncatula_A17_Chr08",36,56,25,23,48,0,153,152,36.8421052631579,15.1315789473684,31.5789473684211
"11","M_truncatula_A17","M_truncatula_A17_Chr08",37,49,14,27,53,0,146,143,34.2657342657343,18.8811188811189,37.0629370629371
"11","M_truncatula_A17","M_truncatula_A17_Chr08",38,66,14,20,43,0,143,143,46.1538461538462,13.986013986014,30.0699300699301
"11","M_truncatula_A17","M_truncatula_A17_Chr08",39,62,5,23,45,0,140,135,45.9259259259259,17.037037037037,33.3333333333333
"11","M_truncatula_A17","M_truncatula_A17_Chr08",40,59,5,20,45,0,131,129,45.7364341085271,15.5038759689922,34.8837209302326
"11","M_truncatula_A17","M_truncatula_A17_Chr08",41,88,7,15,43,0,153,153,57.516339869281,9.80392156862745,28.1045751633987
"11","M_truncatula_A17","M_truncatula_A17_Chr08",42,78,7,21,33,0,139,139,56.1151079136691,15.1079136690647,23.7410071942446
"11","M_truncatula_A17","M_truncatula_A17_Chr08",43,65,5,15,52,0,138,137,47.4452554744526,10.9489051094891,37.956204379562
"11","M_truncatula_A17","M_truncatula_A17_Chr08",44,61,6,17,25,0,111,109,55.9633027522936,15.5963302752294,22.9357798165138
"11","M_truncatula_A17","M_truncatula_A17_Chr08",45,68,3,18,26,0,116,115,59.1304347826087,15.6521739130435,22.6086956521739
"11","M_truncatula_A17","M_truncatula_A17_Chr08",46,72,9,13,26,0,121,120,60,10.8333333333333,21.6666666666667
"11","M_truncatula_A17","M_truncatula_A17_Chr08",47,75,5,23,22,0,126,125,60,18.4,17.6
"11","M_truncatula_A17","M_truncatula_A17_Chr08",48,75,4,20,44,0,144,143,52.4475524475524,13.986013986014,30.7692307692308
"11","M_truncatula_A17","M_truncatula_A17_Chr08",49,79,5,17,33,0,135,134,58.955223880597,12.6865671641791,24.6268656716418
"11","M_truncatula_A17","M_truncatula_A17_Chr08",50,86,3,24,38,0,152,151,56.953642384106,15.8940397350993,25.1655629139073
"11","M_truncatula_A17","M_truncatula_A17_Chr08",51,67,8,27,40,0,142,142,47.1830985915493,19.0140845070423,28.169014084507
"11","M_truncatula_A17","M_truncatula_A17_Chr08",52,63,7,25,40,0,136,135,46.6666666666667,18.5185185185185,29.6296296296296
"11","M_truncatula_A17","M_truncatula_A17_Chr08",53,73,6,22,46,0,149,147,49.6598639455782,14.9659863945578,31.2925170068027
"11","M_truncatula_A17","M_truncatula_A17_Chr08",54,82,4,28,42,0,156,156,52.5641025641026,17.9487179487179,26.9230769230769
"11","M_truncatula_A17","M_truncatula_A17_Chr08",55,81,10,20,36,0,148,147,55.1020408163265,13.6054421768707,24.4897959183673
"11","M_truncatula_A17","M_truncatula_A17_Chr08",56,67,3,31,35,0,138,136,49.2647058823529,22.7941176470588,25.7352941176471
"11","M_truncatula_A17","M_truncatula_A17_Chr08",57,80,6,23,25,0,136,134,59.7014925373134,17.1641791044776,18.6567164179104
"11","M_truncatula_A17","M_truncatula_A17_Chr08",58,63,11,29,38,0,142,141,44.6808510638298,20.5673758865248,26.9503546099291
"11","M_truncatula_A17","M_truncatula_A17_Chr08",59,60,11,16,52,0,139,139,43.1654676258993,11.5107913669065,37.410071942446
"11","M_truncatula_A17","M_truncatula_A17_Chr08",60,75,14,23,42,0,155,154,48.7012987012987,14.9350649350649,27.2727272727273
"11","M_truncatula_A17","M_truncatula_A17_Chr08",61,72,13,36,39,0,165,160,45,22.5,24.375
"11","M_truncatula_A17","M_truncatula_A17_Chr08",62,11,2,6,4,0,24,23,47.8260869565217,26.0869565217391,17.3913043478261
"12","M_truncatula_HM078","M_truncatula_HM078_Chr01",0,48,13,33,5,0,99,99,48.4848484848485,33.3333333333333,5.05050505050505
"12","M_truncatula_HM078","M_truncatula_HM078_Chr01",1,21,18,51,9,0,99,99,21.2121212121212,51.5151515151515,9.09090909090909
"12","M_truncatula_HM078","M_truncatula_HM078_Chr01",2,50,9,28,11,0,98,98,51.0204081632653,28.5714285714286,11.2244897959184
"12","M_truncatula_HM078","M_truncatula_HM078_Chr01",3,49,18,22,15,0,104,104,47.1153846153846,21.1538461538462,14.4230769230769
"12","M_truncatula_HM078","M_truncatula_HM078_Chr01",4,55,10,17,13,0,95,95,57.8947368421053,17.8947368421053,13.6842105263158
"12","M_truncatula_HM078","M_truncatula_HM078_Chr01",5,36,25,49,11,0,121,121,29.7520661157025,40.495867768595,9.09090909090909
"12","M_truncatula_HM078","M_truncatula_HM078_Chr01",6,62,14,34,14,0,124,124,50,27.4193548387097,11.2903225806452
"12","M_truncatula_HM078","M_truncatula_HM078_Chr01",7,48,32,19,17,0,116,116,41.3793103448276,16.3793103448276,14.6551724137931
"12","M_truncatula_HM078","M_truncatula_HM078_Chr01",8,36,35,32,13,0,116,116,31.0344827586207,27.5862068965517,11.2068965517241
"12","M_truncatula_HM078","M_truncatula_HM078_Chr01",9,32,31,26,13,0,102,102,31.3725490196078,25.4901960784314,12.7450980392157
"12","M_truncatula_HM078","M_truncatula_HM078_Chr01",10,11,50,38,15,0,114,114,9.64912280701754,33.3333333333333,13.1578947368421
"12","M_truncatula_HM078","M_truncatula_HM078_Chr01",11,33,45,18,9,0,105,105,31.4285714285714,17.1428571428571,8.57142857142857
"12","M_truncatula_HM078","M_truncatula_HM078_Chr01",12,28,43,30,7,0,108,108,25.9259259259259,27.7777777777778,6.48148148148148
"12","M_truncatula_HM078","M_truncatula_HM078_Chr01",13,20,14,28,15,0,77,77,25.974025974026,36.3636363636364,19.4805194805195
"12","M_truncatula_HM078","M_truncatula_HM078_Chr01",14,16,10,40,20,0,87,86,18.6046511627907,46.5116279069767,23.2558139534884
"12","M_truncatula_HM078","M_truncatula_HM078_Chr01",15,19,32,27,29,0,107,107,17.7570093457944,25.2336448598131,27.1028037383178
"12","M_truncatula_HM078","M_truncatula_HM078_Chr01",16,34,15,18,11,0,78,78,43.5897435897436,23.0769230769231,14.1025641025641
"12","M_truncatula_HM078","M_truncatula_HM078_Chr01",17,38,28,16,20,0,103,102,37.2549019607843,15.6862745098039,19.6078431372549
"12","M_truncatula_HM078","M_truncatula_HM078_Chr01",18,22,33,14,12,0,81,81,27.1604938271605,17.2839506172839,14.8148148148148
"12","M_truncatula_HM078","M_truncatula_HM078_Chr01",19,27,33,15,27,0,102,102,26.4705882352941,14.7058823529412,26.4705882352941
"12","M_truncatula_HM078","M_truncatula_HM078_Chr01",20,27,20,19,18,0,85,84,32.1428571428571,22.6190476190476,21.4285714285714
"12","M_truncatula_HM078","M_truncatula_HM078_Chr01",21,22,24,14,26,0,86,86,25.5813953488372,16.2790697674419,30.2325581395349
"12","M_truncatula_HM078","M_truncatula_HM078_Chr01",22,4,2,3,6,0,15,15,26.6666666666667,20,40
"12","M_truncatula_HM078","M_truncatula_HM078_Chr01",29,2,1,3,1,0,7,7,28.5714285714286,42.8571428571429,14.2857142857143
"12","M_truncatula_HM078","M_truncatula_HM078_Chr01",30,15,12,4,13,0,44,44,34.0909090909091,9.09090909090909,29.5454545454545
"12","M_truncatula_HM078","M_truncatula_HM078_Chr01",31,15,12,16,19,0,62,62,24.1935483870968,25.8064516129032,30.6451612903226
"12","M_truncatula_HM078","M_truncatula_HM078_Chr01",32,8,23,9,10,0,50,50,16,18,20
"12","M_truncatula_HM078","M_truncatula_HM078_Chr01",33,21,23,11,17,0,72,72,29.1666666666667,15.2777777777778,23.6111111111111
"12","M_truncatula_HM078","M_truncatula_HM078_Chr01",34,28,29,9,15,0,81,81,34.5679012345679,11.1111111111111,18.5185185185185
"12","M_truncatula_HM078","M_truncatula_HM078_Chr01",35,24,31,11,16,0,82,82,29.2682926829268,13.4146341463415,19.5121951219512
"12","M_truncatula_HM078","M_truncatula_HM078_Chr01",36,17,45,25,9,0,96,96,17.7083333333333,26.0416666666667,9.375
"12","M_truncatula_HM078","M_truncatula_HM078_Chr01",37,23,48,16,8,0,95,95,24.2105263157895,16.8421052631579,8.42105263157895
"12","M_truncatula_HM078","M_truncatula_HM078_Chr01",38,33,37,15,13,0,98,98,33.6734693877551,15.3061224489796,13.265306122449
"12","M_truncatula_HM078","M_truncatula_HM078_Chr01",39,25,47,15,8,0,95,95,26.3157894736842,15.7894736842105,8.42105263157895
"12","M_truncatula_HM078","M_truncatula_HM078_Chr01",40,37,41,17,12,0,107,107,34.5794392523364,15.8878504672897,11.214953271028
"12","M_truncatula_HM078","M_truncatula_HM078_Chr01",41,26,47,13,14,0,100,100,26,13,14
"12","M_truncatula_HM078","M_truncatula_HM078_Chr01",42,25,55,14,8,0,103,102,24.5098039215686,13.7254901960784,7.84313725490196
"12","M_truncatula_HM078","M_truncatula_HM078_Chr01",43,33,34,13,10,0,90,90,36.6666666666667,14.4444444444444,11.1111111111111
"12","M_truncatula_HM078","M_truncatula_HM078_Chr01",44,34,45,14,10,0,103,103,33.0097087378641,13.5922330097087,9.70873786407767
"12","M_truncatula_HM078","M_truncatula_HM078_Chr01",45,45,37,11,16,0,109,109,41.2844036697248,10.0917431192661,14.6788990825688
"12","M_truncatula_HM078","M_truncatula_HM078_Chr01",46,44,51,12,8,0,115,115,38.2608695652174,10.4347826086957,6.95652173913043
"12","M_truncatula_HM078","M_truncatula_HM078_Chr01",47,46,46,22,5,0,119,119,38.6554621848739,18.4873949579832,4.20168067226891
"12","M_truncatula_HM078","M_truncatula_HM078_Chr01",48,30,54,18,8,0,110,110,27.2727272727273,16.3636363636364,7.27272727272727
"12","M_truncatula_HM078","M_truncatula_HM078_Chr01",49,44,47,19,13,0,123,123,35.7723577235772,15.4471544715447,10.5691056910569
"12","M_truncatula_HM078","M_truncatula_HM078_Chr01",50,51,35,18,6,0,110,110,46.3636363636364,16.3636363636364,5.45454545454545
"12","M_truncatula_HM078","M_truncatula_HM078_Chr01",51,40,49,18,14,0,121,121,33.0578512396694,14.8760330578512,11.5702479338843
"12","M_truncatula_HM078","M_truncatula_HM078_Chr01",52,36,30,22,17,0,105,105,34.2857142857143,20.952380952381,16.1904761904762
"12","M_truncatula_HM078","M_truncatula_HM078_Chr01",53,36,35,19,9,0,99,99,36.3636363636364,19.1919191919192,9.09090909090909
"12","M_truncatula_HM078","M_truncatula_HM078_Chr01",54,32,41,27,11,0,111,111,28.8288288288288,24.3243243243243,9.90990990990991
"12","M_truncatula_HM078","M_truncatula_HM078_Chr01",55,40,43,28,18,0,129,129,31.0077519379845,21.7054263565891,13.953488372093
"12","M_truncatula_HM078","M_truncatula_HM078_Chr01",56,39,44,20,19,0,122,122,31.9672131147541,16.3934426229508,15.5737704918033
"12","M_truncatula_HM078","M_truncatula_HM078_Chr01",57,40,42,23,4,0,109,109,36.697247706422,21.1009174311927,3.6697247706422
"12","M_truncatula_HM078","M_truncatula_HM078_Chr01",58,47,43,24,5,0,119,119,39.4957983193277,20.1680672268908,4.20168067226891
"12","M_truncatula_HM078","M_truncatula_HM078_Chr01",59,53,33,17,20,0,124,123,43.0894308943089,13.8211382113821,16.260162601626
"12","M_truncatula_HM078","M_truncatula_HM078_Chr01",60,45,33,9,3,0,90,90,50,10,3.33333333333333
"12","M_truncatula_HM078","M_truncatula_HM078_Chr01",61,45,41,21,14,0,121,121,37.1900826446281,17.3553719008264,11.5702479338843
"12","M_truncatula_HM078","M_truncatula_HM078_Chr01",62,55,31,28,13,0,127,127,43.3070866141732,22.0472440944882,10.2362204724409
"12","M_truncatula_HM078","M_truncatula_HM078_Chr01",63,44,18,18,6,0,86,86,51.1627906976744,20.9302325581395,6.97674418604651
"12","M_truncatula_HM078","M_truncatula_HM078_Chr02",0,57,19,32,12,0,120,120,47.5,26.6666666666667,10
"12","M_truncatula_HM078","M_truncatula_HM078_Chr02",1,59,24,25,15,0,123,123,47.9674796747967,20.3252032520325,12.1951219512195
"12","M_truncatula_HM078","M_truncatula_HM078_Chr02",2,36,52,25,10,0,123,123,29.2682926829268,20.3252032520325,8.13008130081301
"12","M_truncatula_HM078","M_truncatula_HM078_Chr02",3,26,24,44,12,0,106,106,24.5283018867925,41.5094339622642,11.3207547169811
"12","M_truncatula_HM078","M_truncatula_HM078_Chr02",4,38,36,35,13,0,122,122,31.1475409836066,28.6885245901639,10.655737704918
"12","M_truncatula_HM078","M_truncatula_HM078_Chr02",5,50,14,47,10,0,121,121,41.3223140495868,38.8429752066116,8.26446280991735
"12","M_truncatula_HM078","M_truncatula_HM078_Chr02",6,53,22,28,11,0,114,114,46.4912280701754,24.5614035087719,9.64912280701754
"12","M_truncatula_HM078","M_truncatula_HM078_Chr02",7,49,20,25,15,0,109,109,44.954128440367,22.9357798165138,13.7614678899083
"12","M_truncatula_HM078","M_truncatula_HM078_Chr02",8,54,7,8,7,0,76,76,71.0526315789474,10.5263157894737,9.21052631578947
"12","M_truncatula_HM078","M_truncatula_HM078_Chr02",9,60,12,11,11,0,94,94,63.8297872340426,11.7021276595745,11.7021276595745
"12","M_truncatula_HM078","M_truncatula_HM078_Chr02",10,70,7,23,9,0,109,109,64.2201834862385,21.1009174311927,8.25688073394495
"12","M_truncatula_HM078","M_truncatula_HM078_Chr02",11,60,15,11,8,0,95,94,63.8297872340426,11.7021276595745,8.51063829787234
"12","M_truncatula_HM078","M_truncatula_HM078_Chr02",12,47,9,15,12,0,84,83,56.6265060240964,18.0722891566265,14.4578313253012
"12","M_truncatula_HM078","M_truncatula_HM078_Chr02",13,57,10,16,11,0,94,94,60.6382978723404,17.0212765957447,11.7021276595745
"12","M_truncatula_HM078","M_truncatula_HM078_Chr02",14,63,22,16,11,0,112,112,56.25,14.2857142857143,9.82142857142857
"12","M_truncatula_HM078","M_truncatula_HM078_Chr02",15,50,17,18,9,0,94,94,53.1914893617021,19.1489361702128,9.57446808510638
"12","M_truncatula_HM078","M_truncatula_HM078_Chr02",16,35,18,23,4,0,80,80,43.75,28.75,5
"12","M_truncatula_HM078","M_truncatula_HM078_Chr02",17,42,20,10,14,0,86,86,48.8372093023256,11.6279069767442,16.2790697674419
"12","M_truncatula_HM078","M_truncatula_HM078_Chr02",18,42,17,20,22,0,101,101,41.5841584158416,19.8019801980198,21.7821782178218
"12","M_truncatula_HM078","M_truncatula_HM078_Chr02",19,35,11,9,15,0,70,70,50,12.8571428571429,21.4285714285714
"12","M_truncatula_HM078","M_truncatula_HM078_Chr02",20,38,13,19,15,0,85,85,44.7058823529412,22.3529411764706,17.6470588235294
"12","M_truncatula_HM078","M_truncatula_HM078_Chr02",21,26,5,7,8,0,46,46,56.5217391304348,15.2173913043478,17.3913043478261
"12","M_truncatula_HM078","M_truncatula_HM078_Chr02",22,23,8,13,19,0,63,63,36.5079365079365,20.6349206349206,30.1587301587302
"12","M_truncatula_HM078","M_truncatula_HM078_Chr02",23,32,14,14,26,0,86,86,37.2093023255814,16.2790697674419,30.2325581395349
"12","M_truncatula_HM078","M_truncatula_HM078_Chr02",24,17,7,24,10,0,59,58,29.3103448275862,41.3793103448276,17.2413793103448
"12","M_truncatula_HM078","M_truncatula_HM078_Chr02",25,33,9,17,15,0,74,74,44.5945945945946,22.972972972973,20.2702702702703
"12","M_truncatula_HM078","M_truncatula_HM078_Chr02",26,19,10,10,4,0,44,43,44.1860465116279,23.2558139534884,9.30232558139535
"12","M_truncatula_HM078","M_truncatula_HM078_Chr02",27,10,38,7,7,0,62,62,16.1290322580645,11.2903225806452,11.2903225806452
"12","M_truncatula_HM078","M_truncatula_HM078_Chr02",40,4,4,2,2,0,12,12,33.3333333333333,16.6666666666667,16.6666666666667
"12","M_truncatula_HM078","M_truncatula_HM078_Chr02",41,13,14,7,15,0,49,49,26.530612244898,14.2857142857143,30.6122448979592
"12","M_truncatula_HM078","M_truncatula_HM078_Chr02",42,18,11,14,17,0,62,60,30,23.3333333333333,28.3333333333333
"12","M_truncatula_HM078","M_truncatula_HM078_Chr02",43,32,22,13,22,0,91,89,35.9550561797753,14.6067415730337,24.7191011235955
"12","M_truncatula_HM078","M_truncatula_HM078_Chr02",44,23,17,16,7,0,63,63,36.5079365079365,25.3968253968254,11.1111111111111
"12","M_truncatula_HM078","M_truncatula_HM078_Chr02",45,38,31,14,21,0,104,104,36.5384615384615,13.4615384615385,20.1923076923077
"12","M_truncatula_HM078","M_truncatula_HM078_Chr02",46,28,17,14,17,0,76,76,36.8421052631579,18.4210526315789,22.3684210526316
"12","M_truncatula_HM078","M_truncatula_HM078_Chr02",47,40,24,14,15,0,93,93,43.010752688172,15.0537634408602,16.1290322580645
"12","M_truncatula_HM078","M_truncatula_HM078_Chr02",48,34,20,15,19,0,89,88,38.6363636363636,17.0454545454545,21.5909090909091
"12","M_truncatula_HM078","M_truncatula_HM078_Chr02",49,37,28,12,14,0,91,91,40.6593406593407,13.1868131868132,15.3846153846154
"12","M_truncatula_HM078","M_truncatula_HM078_Chr02",50,19,27,30,10,0,86,86,22.093023255814,34.8837209302326,11.6279069767442
"12","M_truncatula_HM078","M_truncatula_HM078_Chr02",51,37,21,15,8,0,81,81,45.679012345679,18.5185185185185,9.87654320987654
"12","M_truncatula_HM078","M_truncatula_HM078_Chr02",52,33,27,30,14,0,104,104,31.7307692307692,28.8461538461538,13.4615384615385
"12","M_truncatula_HM078","M_truncatula_HM078_Chr02",53,36,33,21,5,0,95,95,37.8947368421053,22.1052631578947,5.26315789473684
"12","M_truncatula_HM078","M_truncatula_HM078_Chr02",54,37,40,18,7,0,102,102,36.2745098039216,17.6470588235294,6.86274509803922
"12","M_truncatula_HM078","M_truncatula_HM078_Chr02",55,36,31,19,18,0,105,104,34.6153846153846,18.2692307692308,17.3076923076923
"12","M_truncatula_HM078","M_truncatula_HM078_Chr02",56,29,48,12,11,0,100,100,29,12,11
"12","M_truncatula_HM078","M_truncatula_HM078_Chr02",57,41,35,25,21,0,122,122,33.6065573770492,20.4918032786885,17.2131147540984
"12","M_truncatula_HM078","M_truncatula_HM078_Chr02",58,38,39,19,20,0,116,116,32.7586206896552,16.3793103448276,17.2413793103448
"12","M_truncatula_HM078","M_truncatula_HM078_Chr02",59,31,31,24,11,0,97,97,31.9587628865979,24.7422680412371,11.340206185567
"12","M_truncatula_HM078","M_truncatula_HM078_Chr02",60,43,48,9,10,0,110,110,39.0909090909091,8.18181818181818,9.09090909090909
"12","M_truncatula_HM078","M_truncatula_HM078_Chr02",61,48,33,19,10,0,110,110,43.6363636363636,17.2727272727273,9.09090909090909
"12","M_truncatula_HM078","M_truncatula_HM078_Chr02",62,59,43,9,15,0,126,126,46.8253968253968,7.14285714285714,11.9047619047619
"12","M_truncatula_HM078","M_truncatula_HM078_Chr02",63,47,36,18,6,0,108,107,43.9252336448598,16.8224299065421,5.60747663551402
"12","M_truncatula_HM078","M_truncatula_HM078_Chr02",64,55,33,17,14,0,119,119,46.218487394958,14.2857142857143,11.7647058823529
"12","M_truncatula_HM078","M_truncatula_HM078_Chr02",65,8,6,5,1,0,20,20,40,25,5
"12","M_truncatula_HM078","M_truncatula_HM078_Chr03",0,46,22,15,7,0,90,90,51.1111111111111,16.6666666666667,7.77777777777778
"12","M_truncatula_HM078","M_truncatula_HM078_Chr03",1,38,36,16,17,0,107,107,35.5140186915888,14.9532710280374,15.8878504672897
"12","M_truncatula_HM078","M_truncatula_HM078_Chr03",2,36,28,16,14,0,94,94,38.2978723404255,17.0212765957447,14.8936170212766
"12","M_truncatula_HM078","M_truncatula_HM078_Chr03",3,32,27,17,18,0,95,94,34.0425531914894,18.0851063829787,19.1489361702128
"12","M_truncatula_HM078","M_truncatula_HM078_Chr03",4,31,13,15,15,0,74,74,41.8918918918919,20.2702702702703,20.2702702702703
"12","M_truncatula_HM078","M_truncatula_HM078_Chr03",5,27,25,19,18,0,89,89,30.3370786516854,21.3483146067416,20.2247191011236
"12","M_truncatula_HM078","M_truncatula_HM078_Chr03",6,42,17,12,13,0,84,84,50,14.2857142857143,15.4761904761905
"12","M_truncatula_HM078","M_truncatula_HM078_Chr03",7,42,19,12,15,0,88,88,47.7272727272727,13.6363636363636,17.0454545454545
"12","M_truncatula_HM078","M_truncatula_HM078_Chr03",8,18,15,11,11,0,56,55,32.7272727272727,20,20
"12","M_truncatula_HM078","M_truncatula_HM078_Chr03",9,36,10,17,11,0,74,74,48.6486486486486,22.972972972973,14.8648648648649
"12","M_truncatula_HM078","M_truncatula_HM078_Chr03",10,25,11,11,21,0,68,68,36.7647058823529,16.1764705882353,30.8823529411765
"12","M_truncatula_HM078","M_truncatula_HM078_Chr03",11,30,5,19,26,0,80,80,37.5,23.75,32.5
"12","M_truncatula_HM078","M_truncatula_HM078_Chr03",12,25,28,15,23,0,91,91,27.4725274725275,16.4835164835165,25.2747252747253
"12","M_truncatula_HM078","M_truncatula_HM078_Chr03",13,25,5,14,22,0,67,66,37.8787878787879,21.2121212121212,33.3333333333333
"12","M_truncatula_HM078","M_truncatula_HM078_Chr03",14,14,10,12,18,0,54,54,25.9259259259259,22.2222222222222,33.3333333333333
"12","M_truncatula_HM078","M_truncatula_HM078_Chr03",15,19,17,13,19,0,69,68,27.9411764705882,19.1176470588235,27.9411764705882
"12","M_truncatula_HM078","M_truncatula_HM078_Chr03",16,12,18,17,19,0,66,66,18.1818181818182,25.7575757575758,28.7878787878788
"12","M_truncatula_HM078","M_truncatula_HM078_Chr03",17,9,8,9,4,0,30,30,30,30,13.3333333333333
"12","M_truncatula_HM078","M_truncatula_HM078_Chr03",21,6,6,5,10,0,27,27,22.2222222222222,18.5185185185185,37.037037037037
"12","M_truncatula_HM078","M_truncatula_HM078_Chr03",22,20,14,11,12,0,57,57,35.0877192982456,19.2982456140351,21.0526315789474
"12","M_truncatula_HM078","M_truncatula_HM078_Chr03",23,26,15,20,21,0,82,82,31.7073170731707,24.390243902439,25.609756097561
"12","M_truncatula_HM078","M_truncatula_HM078_Chr03",24,24,17,17,19,0,77,77,31.1688311688312,22.0779220779221,24.6753246753247
"12","M_truncatula_HM078","M_truncatula_HM078_Chr03",25,21,17,11,15,0,65,64,32.8125,17.1875,23.4375
"12","M_truncatula_HM078","M_truncatula_HM078_Chr03",26,35,15,25,14,0,89,89,39.3258426966292,28.0898876404494,15.7303370786517
"12","M_truncatula_HM078","M_truncatula_HM078_Chr03",27,13,27,23,11,0,74,74,17.5675675675676,31.0810810810811,14.8648648648649
"12","M_truncatula_HM078","M_truncatula_HM078_Chr03",28,39,21,24,16,0,100,100,39,24,16
"12","M_truncatula_HM078","M_truncatula_HM078_Chr03",29,36,12,16,18,0,82,82,43.9024390243902,19.5121951219512,21.9512195121951
"12","M_truncatula_HM078","M_truncatula_HM078_Chr03",30,38,20,16,18,0,92,92,41.304347826087,17.3913043478261,19.5652173913043
"12","M_truncatula_HM078","M_truncatula_HM078_Chr03",31,45,22,14,13,0,95,94,47.8723404255319,14.8936170212766,13.8297872340426
"12","M_truncatula_HM078","M_truncatula_HM078_Chr03",32,31,25,20,13,0,89,89,34.8314606741573,22.4719101123596,14.6067415730337
"12","M_truncatula_HM078","M_truncatula_HM078_Chr03",33,21,38,17,8,0,84,84,25,20.2380952380952,9.52380952380952
"12","M_truncatula_HM078","M_truncatula_HM078_Chr03",34,29,23,25,12,0,89,89,32.5842696629214,28.0898876404494,13.4831460674157
"12","M_truncatula_HM078","M_truncatula_HM078_Chr03",35,42,31,23,17,0,113,113,37.1681415929204,20.353982300885,15.0442477876106
"12","M_truncatula_HM078","M_truncatula_HM078_Chr03",36,58,18,10,9,0,95,95,61.0526315789474,10.5263157894737,9.47368421052632
"12","M_truncatula_HM078","M_truncatula_HM078_Chr03",37,36,23,25,17,0,101,101,35.6435643564356,24.7524752475248,16.8316831683168
"12","M_truncatula_HM078","M_truncatula_HM078_Chr03",38,28,45,19,7,0,99,99,28.2828282828283,19.1919191919192,7.07070707070707
"12","M_truncatula_HM078","M_truncatula_HM078_Chr03",39,38,32,31,14,0,115,115,33.0434782608696,26.9565217391304,12.1739130434783
"12","M_truncatula_HM078","M_truncatula_HM078_Chr03",40,37,24,21,11,0,93,93,39.7849462365591,22.5806451612903,11.8279569892473
"12","M_truncatula_HM078","M_truncatula_HM078_Chr03",41,64,26,14,11,0,115,115,55.6521739130435,12.1739130434783,9.56521739130435
"12","M_truncatula_HM078","M_truncatula_HM078_Chr03",42,65,11,15,9,0,100,100,65,15,9
"12","M_truncatula_HM078","M_truncatula_HM078_Chr03",43,46,40,23,10,0,119,119,38.6554621848739,19.327731092437,8.40336134453782
"12","M_truncatula_HM078","M_truncatula_HM078_Chr03",44,50,31,36,8,0,125,125,40,28.8,6.4
"12","M_truncatula_HM078","M_truncatula_HM078_Chr03",45,44,33,32,14,0,123,123,35.7723577235772,26.0162601626016,11.3821138211382
"12","M_truncatula_HM078","M_truncatula_HM078_Chr03",46,73,25,19,12,0,129,129,56.5891472868217,14.7286821705426,9.30232558139535
"12","M_truncatula_HM078","M_truncatula_HM078_Chr03",47,52,34,25,10,0,121,121,42.9752066115703,20.6611570247934,8.26446280991735
"12","M_truncatula_HM078","M_truncatula_HM078_Chr03",48,49,37,14,14,0,114,114,42.9824561403509,12.280701754386,12.280701754386
"12","M_truncatula_HM078","M_truncatula_HM078_Chr03",49,50,23,35,11,0,120,119,42.0168067226891,29.4117647058824,9.2436974789916
"12","M_truncatula_HM078","M_truncatula_HM078_Chr03",50,56,24,16,10,0,106,106,52.8301886792453,15.0943396226415,9.43396226415094
"12","M_truncatula_HM078","M_truncatula_HM078_Chr03",51,64,23,23,11,0,121,121,52.8925619834711,19.0082644628099,9.09090909090909
"12","M_truncatula_HM078","M_truncatula_HM078_Chr03",52,75,17,21,8,0,121,121,61.9834710743802,17.3553719008264,6.61157024793388
"12","M_truncatula_HM078","M_truncatula_HM078_Chr03",53,60,20,21,10,0,111,111,54.0540540540541,18.9189189189189,9.00900900900901
"12","M_truncatula_HM078","M_truncatula_HM078_Chr03",54,54,20,30,16,0,120,120,45,25,13.3333333333333
"12","M_truncatula_HM078","M_truncatula_HM078_Chr03",55,60,30,22,12,0,124,124,48.3870967741936,17.741935483871,9.67741935483871
"12","M_truncatula_HM078","M_truncatula_HM078_Chr03",56,72,28,22,9,0,132,131,54.9618320610687,16.793893129771,6.87022900763359
"12","M_truncatula_HM078","M_truncatula_HM078_Chr03",57,59,22,25,16,0,122,122,48.3606557377049,20.4918032786885,13.1147540983607
"12","M_truncatula_HM078","M_truncatula_HM078_Chr03",58,63,16,21,11,0,111,111,56.7567567567568,18.9189189189189,9.90990990990991
"12","M_truncatula_HM078","M_truncatula_HM078_Chr03",59,68,23,24,13,0,128,128,53.125,18.75,10.15625
"12","M_truncatula_HM078","M_truncatula_HM078_Chr03",60,56,23,20,10,0,109,109,51.3761467889908,18.348623853211,9.1743119266055
"12","M_truncatula_HM078","M_truncatula_HM078_Chr03",61,65,18,19,12,0,114,114,57.0175438596491,16.6666666666667,10.5263157894737
"12","M_truncatula_HM078","M_truncatula_HM078_Chr03",62,24,19,7,4,0,54,54,44.4444444444444,12.962962962963,7.40740740740741
"12","M_truncatula_HM078","M_truncatula_HM078_Chr04",0,37,32,21,7,0,97,97,38.1443298969072,21.6494845360825,7.21649484536082
"12","M_truncatula_HM078","M_truncatula_HM078_Chr04",1,48,14,24,28,0,114,114,42.1052631578947,21.0526315789474,24.5614035087719
"12","M_truncatula_HM078","M_truncatula_HM078_Chr04",2,45,21,15,14,0,95,95,47.3684210526316,15.7894736842105,14.7368421052632
"12","M_truncatula_HM078","M_truncatula_HM078_Chr04",3,55,27,19,25,0,126,126,43.6507936507937,15.0793650793651,19.8412698412698
"12","M_truncatula_HM078","M_truncatula_HM078_Chr04",4,39,19,22,22,0,102,102,38.2352941176471,21.5686274509804,21.5686274509804
"12","M_truncatula_HM078","M_truncatula_HM078_Chr04",5,36,8,17,22,0,83,83,43.3734939759036,20.4819277108434,26.5060240963855
"12","M_truncatula_HM078","M_truncatula_HM078_Chr04",6,34,11,16,16,0,77,77,44.1558441558442,20.7792207792208,20.7792207792208
"12","M_truncatula_HM078","M_truncatula_HM078_Chr04",7,34,22,20,19,0,95,95,35.7894736842105,21.0526315789474,20
"12","M_truncatula_HM078","M_truncatula_HM078_Chr04",8,64,17,14,19,0,114,114,56.140350877193,12.280701754386,16.6666666666667
"12","M_truncatula_HM078","M_truncatula_HM078_Chr04",9,35,19,12,21,0,87,87,40.2298850574713,13.7931034482759,24.1379310344828
"12","M_truncatula_HM078","M_truncatula_HM078_Chr04",10,51,10,10,19,0,90,90,56.6666666666667,11.1111111111111,21.1111111111111
"12","M_truncatula_HM078","M_truncatula_HM078_Chr04",11,44,6,16,18,0,84,84,52.3809523809524,19.047619047619,21.4285714285714
"12","M_truncatula_HM078","M_truncatula_HM078_Chr04",12,28,12,19,18,0,77,77,36.3636363636364,24.6753246753247,23.3766233766234
"12","M_truncatula_HM078","M_truncatula_HM078_Chr04",13,53,8,21,17,0,99,99,53.5353535353535,21.2121212121212,17.1717171717172
"12","M_truncatula_HM078","M_truncatula_HM078_Chr04",14,31,13,14,10,0,68,68,45.5882352941176,20.5882352941176,14.7058823529412
"12","M_truncatula_HM078","M_truncatula_HM078_Chr04",15,15,14,33,35,0,98,97,15.4639175257732,34.020618556701,36.0824742268041
"12","M_truncatula_HM078","M_truncatula_HM078_Chr04",16,26,15,11,21,0,73,73,35.6164383561644,15.0684931506849,28.7671232876712
"12","M_truncatula_HM078","M_truncatula_HM078_Chr04",17,31,14,15,15,0,76,75,41.3333333333333,20,20
"12","M_truncatula_HM078","M_truncatula_HM078_Chr04",18,22,12,7,16,0,57,57,38.5964912280702,12.280701754386,28.0701754385965
"12","M_truncatula_HM078","M_truncatula_HM078_Chr04",19,14,7,9,10,0,40,40,35,22.5,25
"12","M_truncatula_HM078","M_truncatula_HM078_Chr04",26,2,2,3,1,0,8,8,25,37.5,12.5
"12","M_truncatula_HM078","M_truncatula_HM078_Chr04",27,15,14,13,24,0,66,66,22.7272727272727,19.6969696969697,36.3636363636364
"12","M_truncatula_HM078","M_truncatula_HM078_Chr04",28,18,17,6,12,0,54,53,33.9622641509434,11.3207547169811,22.6415094339623
"12","M_truncatula_HM078","M_truncatula_HM078_Chr04",29,28,14,13,16,0,71,71,39.4366197183099,18.3098591549296,22.5352112676056
"12","M_truncatula_HM078","M_truncatula_HM078_Chr04",30,23,11,12,20,0,67,66,34.8484848484849,18.1818181818182,30.3030303030303
"12","M_truncatula_HM078","M_truncatula_HM078_Chr04",31,26,14,11,17,0,68,68,38.2352941176471,16.1764705882353,25
"12","M_truncatula_HM078","M_truncatula_HM078_Chr04",32,27,21,17,16,0,81,81,33.3333333333333,20.9876543209877,19.7530864197531
"12","M_truncatula_HM078","M_truncatula_HM078_Chr04",33,37,32,17,14,0,100,100,37,17,14
"12","M_truncatula_HM078","M_truncatula_HM078_Chr04",34,33,16,18,10,0,77,77,42.8571428571429,23.3766233766234,12.987012987013
"12","M_truncatula_HM078","M_truncatula_HM078_Chr04",35,44,22,22,20,0,108,108,40.7407407407407,20.3703703703704,18.5185185185185
"12","M_truncatula_HM078","M_truncatula_HM078_Chr04",36,35,29,21,12,0,97,97,36.0824742268041,21.6494845360825,12.3711340206186
"12","M_truncatula_HM078","M_truncatula_HM078_Chr04",37,42,22,16,11,0,91,91,46.1538461538462,17.5824175824176,12.0879120879121
"12","M_truncatula_HM078","M_truncatula_HM078_Chr04",38,59,23,17,19,0,118,118,50,14.4067796610169,16.1016949152542
"12","M_truncatula_HM078","M_truncatula_HM078_Chr04",39,40,16,16,15,0,87,87,45.9770114942529,18.3908045977011,17.2413793103448
"12","M_truncatula_HM078","M_truncatula_HM078_Chr04",40,54,35,15,10,0,114,114,47.3684210526316,13.1578947368421,8.7719298245614
"12","M_truncatula_HM078","M_truncatula_HM078_Chr04",41,53,31,22,11,0,117,117,45.2991452991453,18.8034188034188,9.4017094017094
"12","M_truncatula_HM078","M_truncatula_HM078_Chr04",42,58,25,25,9,0,117,117,49.5726495726496,21.3675213675214,7.69230769230769
"12","M_truncatula_HM078","M_truncatula_HM078_Chr04",43,40,34,15,8,0,97,97,41.2371134020619,15.4639175257732,8.24742268041237
"12","M_truncatula_HM078","M_truncatula_HM078_Chr04",44,54,39,10,6,0,109,109,49.5412844036697,9.1743119266055,5.5045871559633
"12","M_truncatula_HM078","M_truncatula_HM078_Chr04",45,56,37,13,15,0,121,121,46.2809917355372,10.7438016528926,12.396694214876
"12","M_truncatula_HM078","M_truncatula_HM078_Chr04",46,47,27,22,17,0,113,113,41.5929203539823,19.4690265486726,15.0442477876106
"12","M_truncatula_HM078","M_truncatula_HM078_Chr04",47,54,22,16,15,0,107,107,50.4672897196262,14.9532710280374,14.018691588785
"12","M_truncatula_HM078","M_truncatula_HM078_Chr04",48,51,37,10,7,0,105,105,48.5714285714286,9.52380952380952,6.66666666666667
"12","M_truncatula_HM078","M_truncatula_HM078_Chr04",49,42,41,14,21,0,119,118,35.5932203389831,11.864406779661,17.7966101694915
"12","M_truncatula_HM078","M_truncatula_HM078_Chr04",50,51,38,21,11,0,122,121,42.1487603305785,17.3553719008264,9.09090909090909
"12","M_truncatula_HM078","M_truncatula_HM078_Chr04",51,64,42,26,22,0,155,154,41.5584415584416,16.8831168831169,14.2857142857143
"12","M_truncatula_HM078","M_truncatula_HM078_Chr04",52,55,40,12,9,0,116,116,47.4137931034483,10.3448275862069,7.75862068965517
"12","M_truncatula_HM078","M_truncatula_HM078_Chr04",53,65,20,17,11,0,113,113,57.5221238938053,15.0442477876106,9.73451327433628
"12","M_truncatula_HM078","M_truncatula_HM078_Chr04",54,67,19,14,18,0,118,118,56.7796610169492,11.864406779661,15.2542372881356
"12","M_truncatula_HM078","M_truncatula_HM078_Chr04",55,43,40,21,11,0,115,115,37.3913043478261,18.2608695652174,9.56521739130435
"12","M_truncatula_HM078","M_truncatula_HM078_Chr04",56,54,28,22,16,0,120,120,45,18.3333333333333,13.3333333333333
"12","M_truncatula_HM078","M_truncatula_HM078_Chr04",57,59,37,10,10,0,116,116,50.8620689655172,8.62068965517241,8.62068965517241
"12","M_truncatula_HM078","M_truncatula_HM078_Chr04",58,59,34,22,10,0,125,125,47.2,17.6,8
"12","M_truncatula_HM078","M_truncatula_HM078_Chr04",59,50,29,23,13,0,115,115,43.4782608695652,20,11.304347826087
"12","M_truncatula_HM078","M_truncatula_HM078_Chr04",60,65,21,26,14,0,126,126,51.5873015873016,20.6349206349206,11.1111111111111
"12","M_truncatula_HM078","M_truncatula_HM078_Chr04",61,73,21,17,10,0,122,121,60.3305785123967,14.0495867768595,8.26446280991735
"12","M_truncatula_HM078","M_truncatula_HM078_Chr04",62,49,25,24,13,0,112,111,44.1441441441441,21.6216216216216,11.7117117117117
"12","M_truncatula_HM078","M_truncatula_HM078_Chr04",63,60,35,10,17,0,122,122,49.1803278688525,8.19672131147541,13.9344262295082
"12","M_truncatula_HM078","M_truncatula_HM078_Chr04",64,65,33,25,15,0,138,138,47.1014492753623,18.1159420289855,10.8695652173913
"12","M_truncatula_HM078","M_truncatula_HM078_Chr04",65,62,33,19,12,0,126,126,49.2063492063492,15.0793650793651,9.52380952380952
"12","M_truncatula_HM078","M_truncatula_HM078_Chr04",66,37,4,9,7,0,57,57,64.9122807017544,15.7894736842105,12.280701754386
"12","M_truncatula_HM078","M_truncatula_HM078_Chr05",0,67,32,19,11,0,130,129,51.937984496124,14.7286821705426,8.52713178294574
"12","M_truncatula_HM078","M_truncatula_HM078_Chr05",1,64,22,23,16,0,125,125,51.2,18.4,12.8
"12","M_truncatula_HM078","M_truncatula_HM078_Chr05",2,62,26,21,16,0,125,125,49.6,16.8,12.8
"12","M_truncatula_HM078","M_truncatula_HM078_Chr05",3,74,19,18,9,0,120,120,61.6666666666667,15,7.5
"12","M_truncatula_HM078","M_truncatula_HM078_Chr05",4,68,11,22,14,0,115,115,59.1304347826087,19.1304347826087,12.1739130434783
"12","M_truncatula_HM078","M_truncatula_HM078_Chr05",5,68,11,17,12,0,108,108,62.962962962963,15.7407407407407,11.1111111111111
"12","M_truncatula_HM078","M_truncatula_HM078_Chr05",6,62,14,29,13,0,118,118,52.5423728813559,24.5762711864407,11.0169491525424
"12","M_truncatula_HM078","M_truncatula_HM078_Chr05",7,72,22,6,9,0,109,109,66.0550458715596,5.5045871559633,8.25688073394495
"12","M_truncatula_HM078","M_truncatula_HM078_Chr05",8,59,25,14,10,0,108,108,54.6296296296296,12.962962962963,9.25925925925926
"12","M_truncatula_HM078","M_truncatula_HM078_Chr05",9,62,20,20,10,0,113,112,55.3571428571429,17.8571428571429,8.92857142857143
"12","M_truncatula_HM078","M_truncatula_HM078_Chr05",10,79,20,19,11,0,129,129,61.2403100775194,14.7286821705426,8.52713178294574
"12","M_truncatula_HM078","M_truncatula_HM078_Chr05",11,60,11,15,10,0,96,96,62.5,15.625,10.4166666666667
"12","M_truncatula_HM078","M_truncatula_HM078_Chr05",12,43,21,15,15,0,94,94,45.7446808510638,15.9574468085106,15.9574468085106
"12","M_truncatula_HM078","M_truncatula_HM078_Chr05",13,51,13,10,9,0,83,83,61.4457831325301,12.0481927710843,10.8433734939759
"12","M_truncatula_HM078","M_truncatula_HM078_Chr05",14,35,30,14,18,0,97,97,36.0824742268041,14.4329896907216,18.5567010309278
"12","M_truncatula_HM078","M_truncatula_HM078_Chr05",15,45,15,15,18,0,94,93,48.3870967741936,16.1290322580645,19.3548387096774
"12","M_truncatula_HM078","M_truncatula_HM078_Chr05",16,53,7,11,15,0,86,86,61.6279069767442,12.7906976744186,17.4418604651163
"12","M_truncatula_HM078","M_truncatula_HM078_Chr05",17,41,11,19,15,0,86,86,47.6744186046512,22.093023255814,17.4418604651163
"12","M_truncatula_HM078","M_truncatula_HM078_Chr05",18,48,21,15,15,0,100,99,48.4848484848485,15.1515151515152,15.1515151515152
"12","M_truncatula_HM078","M_truncatula_HM078_Chr05",19,40,26,16,14,0,96,96,41.6666666666667,16.6666666666667,14.5833333333333
"12","M_truncatula_HM078","M_truncatula_HM078_Chr05",20,34,9,23,18,0,84,84,40.4761904761905,27.3809523809524,21.4285714285714
"12","M_truncatula_HM078","M_truncatula_HM078_Chr05",21,20,14,10,17,0,61,61,32.7868852459016,16.3934426229508,27.8688524590164
"12","M_truncatula_HM078","M_truncatula_HM078_Chr05",22,28,7,11,21,0,68,67,41.7910447761194,16.4179104477612,31.3432835820896
"12","M_truncatula_HM078","M_truncatula_HM078_Chr05",23,15,5,4,9,0,34,33,45.4545454545455,12.1212121212121,27.2727272727273
"12","M_truncatula_HM078","M_truncatula_HM078_Chr05",24,2,1,1,18,0,26,22,9.09090909090909,4.54545454545455,81.8181818181818
"12","M_truncatula_HM078","M_truncatula_HM078_Chr05",25,1,4,0,40,0,45,45,2.22222222222222,0,88.8888888888889
"12","M_truncatula_HM078","M_truncatula_HM078_Chr05",27,5,0,0,1,0,6,6,83.3333333333333,0,16.6666666666667
"12","M_truncatula_HM078","M_truncatula_HM078_Chr05",29,9,6,6,12,0,33,33,27.2727272727273,18.1818181818182,36.3636363636364
"12","M_truncatula_HM078","M_truncatula_HM078_Chr05",30,21,15,16,21,0,73,73,28.7671232876712,21.9178082191781,28.7671232876712
"12","M_truncatula_HM078","M_truncatula_HM078_Chr05",31,17,2,8,98,0,125,125,13.6,6.4,78.4
"12","M_truncatula_HM078","M_truncatula_HM078_Chr05",32,16,17,11,19,0,63,63,25.3968253968254,17.4603174603175,30.1587301587302
"12","M_truncatula_HM078","M_truncatula_HM078_Chr05",33,33,14,24,15,0,86,86,38.3720930232558,27.906976744186,17.4418604651163
"12","M_truncatula_HM078","M_truncatula_HM078_Chr05",34,22,11,19,19,0,71,71,30.9859154929577,26.7605633802817,26.7605633802817
"12","M_truncatula_HM078","M_truncatula_HM078_Chr05",35,20,12,27,17,0,76,76,26.3157894736842,35.5263157894737,22.3684210526316
"12","M_truncatula_HM078","M_truncatula_HM078_Chr05",36,19,14,25,16,0,74,74,25.6756756756757,33.7837837837838,21.6216216216216
"12","M_truncatula_HM078","M_truncatula_HM078_Chr05",37,41,18,19,9,0,88,87,47.1264367816092,21.8390804597701,10.3448275862069
"12","M_truncatula_HM078","M_truncatula_HM078_Chr05",38,44,14,14,25,0,97,97,45.360824742268,14.4329896907216,25.7731958762887
"12","M_truncatula_HM078","M_truncatula_HM078_Chr05",39,53,19,22,18,0,112,112,47.3214285714286,19.6428571428571,16.0714285714286
"12","M_truncatula_HM078","M_truncatula_HM078_Chr05",40,49,15,22,22,0,108,108,45.3703703703704,20.3703703703704,20.3703703703704
"12","M_truncatula_HM078","M_truncatula_HM078_Chr05",41,43,25,13,12,0,93,93,46.2365591397849,13.9784946236559,12.9032258064516
"12","M_truncatula_HM078","M_truncatula_HM078_Chr05",42,41,16,20,12,0,89,89,46.0674157303371,22.4719101123596,13.4831460674157
"12","M_truncatula_HM078","M_truncatula_HM078_Chr05",43,36,20,16,11,0,83,83,43.3734939759036,19.2771084337349,13.2530120481928
"12","M_truncatula_HM078","M_truncatula_HM078_Chr05",44,43,23,22,16,0,105,104,41.3461538461538,21.1538461538462,15.3846153846154
"12","M_truncatula_HM078","M_truncatula_HM078_Chr05",45,53,18,18,15,0,104,104,50.9615384615385,17.3076923076923,14.4230769230769
"12","M_truncatula_HM078","M_truncatula_HM078_Chr05",46,41,14,23,16,0,94,94,43.6170212765957,24.468085106383,17.0212765957447
"12","M_truncatula_HM078","M_truncatula_HM078_Chr05",47,70,18,15,14,0,117,117,59.8290598290598,12.8205128205128,11.965811965812
"12","M_truncatula_HM078","M_truncatula_HM078_Chr05",48,47,20,17,21,0,105,105,44.7619047619048,16.1904761904762,20
"12","M_truncatula_HM078","M_truncatula_HM078_Chr05",49,65,25,17,16,0,123,123,52.8455284552846,13.8211382113821,13.0081300813008
"12","M_truncatula_HM078","M_truncatula_HM078_Chr05",50,66,24,21,15,0,127,126,52.3809523809524,16.6666666666667,11.9047619047619
"12","M_truncatula_HM078","M_truncatula_HM078_Chr05",51,48,28,36,15,0,127,127,37.7952755905512,28.3464566929134,11.8110236220472
"12","M_truncatula_HM078","M_truncatula_HM078_Chr05",52,51,29,14,24,0,118,118,43.2203389830508,11.864406779661,20.3389830508475
"12","M_truncatula_HM078","M_truncatula_HM078_Chr05",53,32,13,13,11,0,69,69,46.3768115942029,18.8405797101449,15.9420289855072
"12","M_truncatula_HM078","M_truncatula_HM078_Chr06",0,57,22,17,13,0,109,109,52.2935779816514,15.5963302752294,11.9266055045872
"12","M_truncatula_HM078","M_truncatula_HM078_Chr06",1,55,12,20,13,0,101,100,55,20,13
"12","M_truncatula_HM078","M_truncatula_HM078_Chr06",2,55,7,16,13,0,91,91,60.4395604395604,17.5824175824176,14.2857142857143
"12","M_truncatula_HM078","M_truncatula_HM078_Chr06",3,52,11,15,18,0,96,96,54.1666666666667,15.625,18.75
"12","M_truncatula_HM078","M_truncatula_HM078_Chr06",4,58,14,19,14,0,106,105,55.2380952380952,18.0952380952381,13.3333333333333
"12","M_truncatula_HM078","M_truncatula_HM078_Chr06",5,45,21,35,13,0,114,114,39.4736842105263,30.7017543859649,11.4035087719298
"12","M_truncatula_HM078","M_truncatula_HM078_Chr06",6,42,9,15,10,0,76,76,55.2631578947368,19.7368421052632,13.1578947368421
"12","M_truncatula_HM078","M_truncatula_HM078_Chr06",7,45,17,23,12,0,97,97,46.3917525773196,23.7113402061856,12.3711340206186
"12","M_truncatula_HM078","M_truncatula_HM078_Chr06",8,41,5,16,14,0,76,76,53.9473684210526,21.0526315789474,18.4210526315789
"12","M_truncatula_HM078","M_truncatula_HM078_Chr06",9,38,15,25,12,0,90,90,42.2222222222222,27.7777777777778,13.3333333333333
"12","M_truncatula_HM078","M_truncatula_HM078_Chr06",10,55,7,17,11,0,90,90,61.1111111111111,18.8888888888889,12.2222222222222
"12","M_truncatula_HM078","M_truncatula_HM078_Chr06",11,29,8,13,19,0,70,69,42.0289855072464,18.8405797101449,27.536231884058
"12","M_truncatula_HM078","M_truncatula_HM078_Chr06",12,25,12,20,23,0,80,80,31.25,25,28.75
"12","M_truncatula_HM078","M_truncatula_HM078_Chr06",13,26,10,19,26,0,81,81,32.0987654320988,23.4567901234568,32.0987654320988
"12","M_truncatula_HM078","M_truncatula_HM078_Chr06",14,32,4,9,17,0,63,62,51.6129032258064,14.5161290322581,27.4193548387097
"12","M_truncatula_HM078","M_truncatula_HM078_Chr06",15,44,12,13,10,0,79,79,55.6962025316456,16.4556962025316,12.6582278481013
"12","M_truncatula_HM078","M_truncatula_HM078_Chr06",16,30,8,19,26,0,83,83,36.144578313253,22.8915662650602,31.3253012048193
"12","M_truncatula_HM078","M_truncatula_HM078_Chr06",17,27,5,14,19,0,66,65,41.5384615384615,21.5384615384615,29.2307692307692
"12","M_truncatula_HM078","M_truncatula_HM078_Chr06",18,19,8,25,23,0,75,75,25.3333333333333,33.3333333333333,30.6666666666667
"12","M_truncatula_HM078","M_truncatula_HM078_Chr06",19,27,13,21,24,0,85,85,31.7647058823529,24.7058823529412,28.2352941176471
"12","M_truncatula_HM078","M_truncatula_HM078_Chr06",20,32,6,19,24,0,81,81,39.5061728395062,23.4567901234568,29.6296296296296
"12","M_truncatula_HM078","M_truncatula_HM078_Chr06",21,24,9,10,16,0,60,59,40.6779661016949,16.9491525423729,27.1186440677966
"12","M_truncatula_HM078","M_truncatula_HM078_Chr06",22,19,16,17,26,0,78,78,24.3589743589744,21.7948717948718,33.3333333333333
"12","M_truncatula_HM078","M_truncatula_HM078_Chr06",23,17,12,15,11,0,55,55,30.9090909090909,27.2727272727273,20
"12","M_truncatula_HM078","M_truncatula_HM078_Chr06",24,35,13,8,24,0,80,80,43.75,10,30
"12","M_truncatula_HM078","M_truncatula_HM078_Chr06",25,3,1,1,1,0,6,6,50,16.6666666666667,16.6666666666667
"12","M_truncatula_HM078","M_truncatula_HM078_Chr06",29,2,1,2,0,0,5,5,40,40,0
"12","M_truncatula_HM078","M_truncatula_HM078_Chr06",30,2,6,0,2,0,10,10,20,0,20
"12","M_truncatula_HM078","M_truncatula_HM078_Chr06",31,16,9,16,23,0,65,64,25,25,35.9375
"12","M_truncatula_HM078","M_truncatula_HM078_Chr06",32,10,7,17,24,0,58,58,17.2413793103448,29.3103448275862,41.3793103448276
"12","M_truncatula_HM078","M_truncatula_HM078_Chr06",33,19,8,8,10,0,46,45,42.2222222222222,17.7777777777778,22.2222222222222
"12","M_truncatula_HM078","M_truncatula_HM078_Chr06",34,25,15,8,23,0,71,71,35.2112676056338,11.2676056338028,32.3943661971831
"12","M_truncatula_HM078","M_truncatula_HM078_Chr06",35,23,10,12,17,0,65,62,37.0967741935484,19.3548387096774,27.4193548387097
"12","M_truncatula_HM078","M_truncatula_HM078_Chr06",36,26,9,24,14,0,73,73,35.6164383561644,32.8767123287671,19.1780821917808
"12","M_truncatula_HM078","M_truncatula_HM078_Chr06",37,39,13,14,22,0,88,88,44.3181818181818,15.9090909090909,25
"12","M_truncatula_HM078","M_truncatula_HM078_Chr06",38,29,17,14,31,0,91,91,31.8681318681319,15.3846153846154,34.0659340659341
"12","M_truncatula_HM078","M_truncatula_HM078_Chr06",39,53,9,21,27,0,111,110,48.1818181818182,19.0909090909091,24.5454545454545
"12","M_truncatula_HM078","M_truncatula_HM078_Chr06",40,40,12,16,10,0,78,78,51.2820512820513,20.5128205128205,12.8205128205128
"12","M_truncatula_HM078","M_truncatula_HM078_Chr06",41,26,18,17,13,0,74,74,35.1351351351351,22.972972972973,17.5675675675676
"12","M_truncatula_HM078","M_truncatula_HM078_Chr06",42,38,21,14,16,0,89,89,42.6966292134831,15.7303370786517,17.9775280898876
"12","M_truncatula_HM078","M_truncatula_HM078_Chr06",43,15,17,11,26,0,70,69,21.7391304347826,15.9420289855072,37.6811594202899
"12","M_truncatula_HM078","M_truncatula_HM078_Chr06",44,43,7,13,16,0,80,79,54.4303797468354,16.4556962025316,20.253164556962
"12","M_truncatula_HM078","M_truncatula_HM078_Chr06",45,36,13,15,10,0,74,74,48.6486486486486,20.2702702702703,13.5135135135135
"12","M_truncatula_HM078","M_truncatula_HM078_Chr06",46,42,10,19,15,0,86,86,48.8372093023256,22.093023255814,17.4418604651163
"12","M_truncatula_HM078","M_truncatula_HM078_Chr06",47,52,17,11,15,0,95,95,54.7368421052632,11.5789473684211,15.7894736842105
"12","M_truncatula_HM078","M_truncatula_HM078_Chr06",48,40,13,23,16,0,92,92,43.4782608695652,25,17.3913043478261
"12","M_truncatula_HM078","M_truncatula_HM078_Chr06",49,21,4,7,9,0,41,41,51.219512195122,17.0731707317073,21.9512195121951
"12","M_truncatula_HM078","M_truncatula_HM078_Chr07",0,42,16,27,17,0,102,102,41.1764705882353,26.4705882352941,16.6666666666667
"12","M_truncatula_HM078","M_truncatula_HM078_Chr07",1,32,12,22,15,0,81,81,39.5061728395062,27.1604938271605,18.5185185185185
"12","M_truncatula_HM078","M_truncatula_HM078_Chr07",2,40,17,12,9,0,78,78,51.2820512820513,15.3846153846154,11.5384615384615
"12","M_truncatula_HM078","M_truncatula_HM078_Chr07",3,59,6,15,13,0,93,93,63.4408602150538,16.1290322580645,13.9784946236559
"12","M_truncatula_HM078","M_truncatula_HM078_Chr07",4,45,15,15,12,0,88,87,51.7241379310345,17.2413793103448,13.7931034482759
"12","M_truncatula_HM078","M_truncatula_HM078_Chr07",5,46,13,16,15,0,90,90,51.1111111111111,17.7777777777778,16.6666666666667
"12","M_truncatula_HM078","M_truncatula_HM078_Chr07",6,39,16,8,17,0,80,80,48.75,10,21.25
"12","M_truncatula_HM078","M_truncatula_HM078_Chr07",7,30,24,12,13,0,79,79,37.9746835443038,15.1898734177215,16.4556962025316
"12","M_truncatula_HM078","M_truncatula_HM078_Chr07",8,31,15,17,15,0,78,78,39.7435897435897,21.7948717948718,19.2307692307692
"12","M_truncatula_HM078","M_truncatula_HM078_Chr07",9,24,14,15,18,0,71,71,33.8028169014084,21.1267605633803,25.3521126760563
"12","M_truncatula_HM078","M_truncatula_HM078_Chr07",10,50,5,14,27,0,96,96,52.0833333333333,14.5833333333333,28.125
"12","M_truncatula_HM078","M_truncatula_HM078_Chr07",11,37,13,16,19,0,85,85,43.5294117647059,18.8235294117647,22.3529411764706
"12","M_truncatula_HM078","M_truncatula_HM078_Chr07",12,28,9,17,17,0,72,71,39.4366197183099,23.943661971831,23.943661971831
"12","M_truncatula_HM078","M_truncatula_HM078_Chr07",13,35,11,16,24,0,86,86,40.6976744186046,18.6046511627907,27.906976744186
"12","M_truncatula_HM078","M_truncatula_HM078_Chr07",14,13,7,10,17,0,47,47,27.6595744680851,21.2765957446809,36.1702127659574
"12","M_truncatula_HM078","M_truncatula_HM078_Chr07",15,14,17,10,12,0,53,53,26.4150943396226,18.8679245283019,22.6415094339623
"12","M_truncatula_HM078","M_truncatula_HM078_Chr07",16,4,1,1,5,0,11,11,36.3636363636364,9.09090909090909,45.4545454545455
"12","M_truncatula_HM078","M_truncatula_HM078_Chr07",22,16,9,16,15,0,56,56,28.5714285714286,28.5714285714286,26.7857142857143
"12","M_truncatula_HM078","M_truncatula_HM078_Chr07",23,16,18,15,14,0,63,63,25.3968253968254,23.8095238095238,22.2222222222222
"12","M_truncatula_HM078","M_truncatula_HM078_Chr07",24,28,16,16,23,0,83,83,33.7349397590361,19.2771084337349,27.710843373494
"12","M_truncatula_HM078","M_truncatula_HM078_Chr07",25,19,13,8,14,0,54,54,35.1851851851852,14.8148148148148,25.9259259259259
"12","M_truncatula_HM078","M_truncatula_HM078_Chr07",26,35,12,11,23,0,82,81,43.2098765432099,13.5802469135802,28.3950617283951
"12","M_truncatula_HM078","M_truncatula_HM078_Chr07",27,32,16,14,11,0,73,73,43.8356164383562,19.1780821917808,15.0684931506849
"12","M_truncatula_HM078","M_truncatula_HM078_Chr07",28,41,19,15,14,0,89,89,46.0674157303371,16.8539325842697,15.7303370786517
"12","M_truncatula_HM078","M_truncatula_HM078_Chr07",29,28,9,32,20,0,90,89,31.4606741573034,35.9550561797753,22.4719101123596
"12","M_truncatula_HM078","M_truncatula_HM078_Chr07",30,37,28,12,18,0,95,95,38.9473684210526,12.6315789473684,18.9473684210526
"12","M_truncatula_HM078","M_truncatula_HM078_Chr07",31,26,19,25,12,0,82,82,31.7073170731707,30.4878048780488,14.6341463414634
"12","M_truncatula_HM078","M_truncatula_HM078_Chr07",32,34,19,29,16,0,98,98,34.6938775510204,29.5918367346939,16.3265306122449
"12","M_truncatula_HM078","M_truncatula_HM078_Chr07",33,39,27,29,9,0,104,104,37.5,27.8846153846154,8.65384615384615
"12","M_truncatula_HM078","M_truncatula_HM078_Chr07",34,48,9,22,11,0,90,90,53.3333333333333,24.4444444444444,12.2222222222222
"12","M_truncatula_HM078","M_truncatula_HM078_Chr07",35,53,8,21,20,0,103,102,51.9607843137255,20.5882352941176,19.6078431372549
"12","M_truncatula_HM078","M_truncatula_HM078_Chr07",36,62,14,15,9,0,100,100,62,15,9
"12","M_truncatula_HM078","M_truncatula_HM078_Chr07",37,54,17,16,5,0,92,92,58.695652173913,17.3913043478261,5.43478260869565
"12","M_truncatula_HM078","M_truncatula_HM078_Chr07",38,54,22,22,10,0,109,108,50,20.3703703703704,9.25925925925926
"12","M_truncatula_HM078","M_truncatula_HM078_Chr07",39,65,15,20,7,0,107,107,60.7476635514019,18.6915887850467,6.54205607476636
"12","M_truncatula_HM078","M_truncatula_HM078_Chr07",40,55,36,12,6,0,109,109,50.4587155963303,11.0091743119266,5.5045871559633
"12","M_truncatula_HM078","M_truncatula_HM078_Chr07",41,61,21,20,17,0,119,119,51.2605042016807,16.8067226890756,14.2857142857143
"12","M_truncatula_HM078","M_truncatula_HM078_Chr07",42,57,12,28,14,0,111,111,51.3513513513514,25.2252252252252,12.6126126126126
"12","M_truncatula_HM078","M_truncatula_HM078_Chr07",43,77,14,17,14,0,122,122,63.1147540983607,13.9344262295082,11.4754098360656
"12","M_truncatula_HM078","M_truncatula_HM078_Chr07",44,61,9,7,10,0,88,87,70.1149425287356,8.04597701149425,11.4942528735632
"12","M_truncatula_HM078","M_truncatula_HM078_Chr07",45,67,22,18,15,0,122,122,54.9180327868852,14.7540983606557,12.2950819672131
"12","M_truncatula_HM078","M_truncatula_HM078_Chr07",46,63,15,27,10,0,115,115,54.7826086956522,23.4782608695652,8.69565217391304
"12","M_truncatula_HM078","M_truncatula_HM078_Chr07",47,69,10,23,12,0,114,114,60.5263157894737,20.1754385964912,10.5263157894737
"12","M_truncatula_HM078","M_truncatula_HM078_Chr07",48,42,33,14,19,0,109,108,38.8888888888889,12.962962962963,17.5925925925926
"12","M_truncatula_HM078","M_truncatula_HM078_Chr07",49,50,26,23,11,0,110,110,45.4545454545455,20.9090909090909,10
"12","M_truncatula_HM078","M_truncatula_HM078_Chr07",50,42,42,24,17,0,125,125,33.6,19.2,13.6
"12","M_truncatula_HM078","M_truncatula_HM078_Chr07",51,66,21,12,16,0,115,115,57.3913043478261,10.4347826086957,13.9130434782609
"12","M_truncatula_HM078","M_truncatula_HM078_Chr07",52,67,15,16,12,0,110,110,60.9090909090909,14.5454545454545,10.9090909090909
"12","M_truncatula_HM078","M_truncatula_HM078_Chr07",53,59,23,19,12,0,114,113,52.212389380531,16.8141592920354,10.6194690265487
"12","M_truncatula_HM078","M_truncatula_HM078_Chr07",54,86,20,18,7,0,131,131,65.6488549618321,13.7404580152672,5.34351145038168
"12","M_truncatula_HM078","M_truncatula_HM078_Chr07",55,60,27,20,8,0,115,115,52.1739130434783,17.3913043478261,6.95652173913043
"12","M_truncatula_HM078","M_truncatula_HM078_Chr07",56,71,33,17,15,0,136,136,52.2058823529412,12.5,11.0294117647059
"12","M_truncatula_HM078","M_truncatula_HM078_Chr07",57,67,30,19,8,0,124,124,54.0322580645161,15.3225806451613,6.45161290322581
"12","M_truncatula_HM078","M_truncatula_HM078_Chr07",58,85,16,23,15,0,139,139,61.1510791366906,16.5467625899281,10.7913669064748
"12","M_truncatula_HM078","M_truncatula_HM078_Chr07",59,13,0,3,4,0,20,20,65,15,20
"12","M_truncatula_HM078","M_truncatula_HM078_Chr08",0,62,9,20,4,0,95,95,65.2631578947368,21.0526315789474,4.21052631578947
"12","M_truncatula_HM078","M_truncatula_HM078_Chr08",1,52,12,24,13,0,101,101,51.4851485148515,23.7623762376238,12.8712871287129
"12","M_truncatula_HM078","M_truncatula_HM078_Chr08",2,72,10,24,21,0,127,127,56.6929133858268,18.8976377952756,16.5354330708661
"12","M_truncatula_HM078","M_truncatula_HM078_Chr08",3,44,16,12,14,0,86,86,51.1627906976744,13.953488372093,16.2790697674419
"12","M_truncatula_HM078","M_truncatula_HM078_Chr08",4,57,24,14,9,0,104,104,54.8076923076923,13.4615384615385,8.65384615384615
"12","M_truncatula_HM078","M_truncatula_HM078_Chr08",5,46,27,19,17,0,109,109,42.2018348623853,17.4311926605505,15.5963302752294
"12","M_truncatula_HM078","M_truncatula_HM078_Chr08",6,50,14,14,5,0,83,83,60.2409638554217,16.8674698795181,6.02409638554217
"12","M_truncatula_HM078","M_truncatula_HM078_Chr08",7,63,16,10,9,0,98,98,64.2857142857143,10.2040816326531,9.18367346938776
"12","M_truncatula_HM078","M_truncatula_HM078_Chr08",8,52,14,17,12,0,95,95,54.7368421052632,17.8947368421053,12.6315789473684
"12","M_truncatula_HM078","M_truncatula_HM078_Chr08",9,50,7,14,10,0,81,81,61.7283950617284,17.2839506172839,12.3456790123457
"12","M_truncatula_HM078","M_truncatula_HM078_Chr08",10,62,10,14,7,0,93,93,66.6666666666667,15.0537634408602,7.52688172043011
"12","M_truncatula_HM078","M_truncatula_HM078_Chr08",11,70,6,15,21,0,112,112,62.5,13.3928571428571,18.75
"12","M_truncatula_HM078","M_truncatula_HM078_Chr08",12,48,17,14,14,0,93,93,51.6129032258064,15.0537634408602,15.0537634408602
"12","M_truncatula_HM078","M_truncatula_HM078_Chr08",13,66,7,11,11,0,95,95,69.4736842105263,11.5789473684211,11.5789473684211
"12","M_truncatula_HM078","M_truncatula_HM078_Chr08",14,52,16,17,18,0,103,103,50.4854368932039,16.504854368932,17.4757281553398
"12","M_truncatula_HM078","M_truncatula_HM078_Chr08",15,46,17,13,12,0,88,88,52.2727272727273,14.7727272727273,13.6363636363636
"12","M_truncatula_HM078","M_truncatula_HM078_Chr08",16,71,6,16,13,0,106,106,66.9811320754717,15.0943396226415,12.2641509433962
"12","M_truncatula_HM078","M_truncatula_HM078_Chr08",17,31,14,10,18,0,73,73,42.4657534246575,13.6986301369863,24.6575342465753
"12","M_truncatula_HM078","M_truncatula_HM078_Chr08",18,34,13,16,15,0,79,78,43.5897435897436,20.5128205128205,19.2307692307692
"12","M_truncatula_HM078","M_truncatula_HM078_Chr08",19,36,9,16,23,0,84,84,42.8571428571429,19.047619047619,27.3809523809524
"12","M_truncatula_HM078","M_truncatula_HM078_Chr08",20,14,10,12,21,0,57,57,24.5614035087719,21.0526315789474,36.8421052631579
"12","M_truncatula_HM078","M_truncatula_HM078_Chr08",21,13,5,3,10,0,31,31,41.9354838709677,9.67741935483871,32.258064516129
"12","M_truncatula_HM078","M_truncatula_HM078_Chr08",29,27,16,9,16,0,68,68,39.7058823529412,13.2352941176471,23.5294117647059
"12","M_truncatula_HM078","M_truncatula_HM078_Chr08",30,39,9,21,14,0,83,83,46.9879518072289,25.3012048192771,16.8674698795181
"12","M_truncatula_HM078","M_truncatula_HM078_Chr08",31,41,11,14,21,0,87,87,47.1264367816092,16.0919540229885,24.1379310344828
"12","M_truncatula_HM078","M_truncatula_HM078_Chr08",32,28,5,15,12,0,60,60,46.6666666666667,25,20
"12","M_truncatula_HM078","M_truncatula_HM078_Chr08",33,39,8,20,18,0,85,85,45.8823529411765,23.5294117647059,21.1764705882353
"12","M_truncatula_HM078","M_truncatula_HM078_Chr08",34,62,9,16,21,0,108,108,57.4074074074074,14.8148148148148,19.4444444444444
"12","M_truncatula_HM078","M_truncatula_HM078_Chr08",35,45,14,24,26,0,109,109,41.2844036697248,22.0183486238532,23.8532110091743
"12","M_truncatula_HM078","M_truncatula_HM078_Chr08",36,51,10,14,16,0,91,91,56.043956043956,15.3846153846154,17.5824175824176
"12","M_truncatula_HM078","M_truncatula_HM078_Chr08",37,57,8,25,11,0,101,101,56.4356435643564,24.7524752475248,10.8910891089109
"12","M_truncatula_HM078","M_truncatula_HM078_Chr08",38,60,6,18,14,0,98,98,61.2244897959184,18.3673469387755,14.2857142857143
"12","M_truncatula_HM078","M_truncatula_HM078_Chr08",39,73,3,15,16,0,107,107,68.2242990654206,14.018691588785,14.9532710280374
"12","M_truncatula_HM078","M_truncatula_HM078_Chr08",40,79,4,8,10,0,102,101,78.2178217821782,7.92079207920792,9.9009900990099
"12","M_truncatula_HM078","M_truncatula_HM078_Chr08",41,65,9,11,10,0,96,95,68.4210526315789,11.5789473684211,10.5263157894737
"12","M_truncatula_HM078","M_truncatula_HM078_Chr08",42,63,0,14,14,0,91,91,69.2307692307692,15.3846153846154,15.3846153846154
"12","M_truncatula_HM078","M_truncatula_HM078_Chr08",43,71,6,13,5,0,95,95,74.7368421052632,13.6842105263158,5.26315789473684
"12","M_truncatula_HM078","M_truncatula_HM078_Chr08",44,62,4,19,11,0,96,96,64.5833333333333,19.7916666666667,11.4583333333333
"12","M_truncatula_HM078","M_truncatula_HM078_Chr08",45,75,7,16,11,0,109,109,68.8073394495413,14.6788990825688,10.0917431192661
"12","M_truncatula_HM078","M_truncatula_HM078_Chr08",46,66,7,20,18,0,111,111,59.4594594594595,18.018018018018,16.2162162162162
"12","M_truncatula_HM078","M_truncatula_HM078_Chr08",47,86,6,17,10,0,119,119,72.2689075630252,14.2857142857143,8.40336134453782
"12","M_truncatula_HM078","M_truncatula_HM078_Chr08",48,79,2,20,14,0,115,115,68.695652173913,17.3913043478261,12.1739130434783
"12","M_truncatula_HM078","M_truncatula_HM078_Chr08",49,82,9,26,14,0,131,131,62.5954198473282,19.8473282442748,10.6870229007634
"12","M_truncatula_HM078","M_truncatula_HM078_Chr08",50,64,6,25,18,0,113,113,56.6371681415929,22.1238938053097,15.929203539823
"12","M_truncatula_HM078","M_truncatula_HM078_Chr08",51,69,6,20,17,0,112,112,61.6071428571429,17.8571428571429,15.1785714285714
"12","M_truncatula_HM078","M_truncatula_HM078_Chr08",52,76,6,20,6,0,108,108,70.3703703703704,18.5185185185185,5.55555555555556
"12","M_truncatula_HM078","M_truncatula_HM078_Chr08",53,86,5,24,14,0,129,129,66.6666666666667,18.6046511627907,10.8527131782946
"12","M_truncatula_HM078","M_truncatula_HM078_Chr08",54,75,10,19,9,0,113,113,66.3716814159292,16.8141592920354,7.9646017699115
"12","M_truncatula_HM078","M_truncatula_HM078_Chr08",55,73,3,27,14,0,118,117,62.3931623931624,23.0769230769231,11.965811965812
"12","M_truncatula_HM078","M_truncatula_HM078_Chr08",56,72,12,27,16,0,127,127,56.6929133858268,21.259842519685,12.5984251968504
"12","M_truncatula_HM078","M_truncatula_HM078_Chr08",57,71,12,22,7,0,112,112,63.3928571428571,19.6428571428571,6.25
"12","M_truncatula_HM078","M_truncatula_HM078_Chr08",58,56,13,13,16,0,98,98,57.1428571428571,13.265306122449,16.3265306122449
"12","M_truncatula_HM078","M_truncatula_HM078_Chr08",59,77,11,19,6,0,114,113,68.141592920354,16.8141592920354,5.30973451327434
"12","M_truncatula_HM078","M_truncatula_HM078_Chr08",60,65,9,37,15,0,126,126,51.5873015873016,29.3650793650794,11.9047619047619
