cluster_id,accession_name,gene_name,gene_length
4,M_arabica,Mara041967,20782
4,M_lupulina,evm.TU.Chr08.1509,21268
4,M_polymorpha,Mpoly015834,21171
4,M_ruthenica_landa,Mru002210,15932
4,M_ruthenica_zhiwusuo,Mru051292,26171
4,M_sativa_XJDY,Msa111691,16668
4,M_sativa_ZM1,Msa048283,21925
4,M_sativa_ZM4_hap4,zm4.84G0020820,18676
4,M_sativa_ssp_caerulea_landa,Mca052573,6687
4,M_sativa_ssp_caerulea_long,Mca033951,23892
4,M_truncatula_A17,LOC_00026963,12385
4,M_truncatula_HM078,Mtrun027231,15723
7,M_arabica,Mara000270,8694
7,M_lupulina,evm.TU.Chr06.729,1960
7,M_polymorpha,Mpoly000290,17343
7,M_ruthenica_landa,Mru000996,20263
7,M_ruthenica_zhiwusuo,Mru029773,7282
7,M_sativa_XJDY,Msa072267,7945
7,M_sativa_ZM1,Msa000201,16879
7,M_sativa_ZM4_hap4,zm4.14G0002170,10502
7,M_sativa_ssp_caerulea_landa,Mca050994,1223
7,M_sativa_ssp_caerulea_long,Mca000276,22726
7,M_truncatula_A17,LOC_00021113,8834
7,M_truncatula_HM078,Mtrun000819,11419
9,M_arabica,Mara028653,11287
9,M_lupulina,evm.TU.Chr06.911,11880
9,M_polymorpha,Mpoly001952,16426
9,M_ruthenica_landa,Mru001226,21154
9,M_ruthenica_zhiwusuo,Mru031234,17992
9,M_sativa_XJDY,Msa091344,11783
9,M_sativa_ZM1,Msa000132,18486
9,M_sativa_ZM4_hap4,zm4.54G0011800,11180
9,M_sativa_ssp_caerulea_landa,Mca051226,6965
9,M_sativa_ssp_caerulea_long,Mca000032,14732
9,M_truncatula_A17,LOC_00021217,12080
9,M_truncatula_HM078,Mtrun000780,13549
15,M_arabica,Mara000273,14916
15,M_lupulina,evm.TU.Chr06.836,5964
15,M_polymorpha,Mpoly013319,18732
15,M_ruthenica_landa,Mru000333,14781
15,M_ruthenica_zhiwusuo,Mru025236,11353
15,M_sativa_XJDY,Msa149542,5396
15,M_sativa_ZM1,Msa000241,14833
15,M_sativa_ZM4_hap4,zm4.14G0003280,26789
15,M_sativa_ssp_caerulea_landa,Mca050902,5602
15,M_sativa_ssp_caerulea_long,Mca000243,20670
15,M_truncatula_A17,LOC_00038843,16878
15,M_truncatula_HM078,Mtrun015289,15440
16,M_arabica,Mara000295,24607
16,M_lupulina,evm.TU.Chr08.2565,3778
16,M_polymorpha,Mpoly000278,14188
16,M_ruthenica_landa,Mru000900,16300
16,M_ruthenica_zhiwusuo,Mru032623,19795
16,M_sativa_XJDY,Msa094803,5330
16,M_sativa_ZM1,Msa000258,26444
16,M_sativa_ZM4_hap4,zm4.14G0002200,10291
16,M_sativa_ssp_caerulea_landa,Mca050628,3319
16,M_sativa_ssp_caerulea_long,Mca047755,11815
16,M_truncatula_A17,LOC_00021083,7881
16,M_truncatula_HM078,Mtrun000578,9163
17,M_arabica,Mara000733,11492
17,M_lupulina,evm.TU.Chr08.2866,6873
17,M_polymorpha,Mpoly013521,11026
17,M_ruthenica_landa,Mru000281,13456
17,M_ruthenica_zhiwusuo,Mru022971,13567
17,M_sativa_XJDY,Msa128124,7010
17,M_sativa_ZM1,Msa000847,15116
17,M_sativa_ZM4_hap4,zm4.14G0007410,9392
17,M_sativa_ssp_caerulea_landa,Mca050960,12185
17,M_sativa_ssp_caerulea_long,Mca048081,15036
17,M_truncatula_A17,LOC_00020515,9816
17,M_truncatula_HM078,Mtrun000286,12674
18,M_arabica,Mara044772,8694
18,M_lupulina,evm.TU.Chr08.3861,12704
18,M_polymorpha,Mpoly034460,9872
18,M_ruthenica_landa,Mru010813,9157
18,M_ruthenica_zhiwusuo,Mru026343,18837
18,M_sativa_XJDY,Msa110795,9450
18,M_sativa_ZM1,Msa033721,9797
18,M_sativa_ZM4_hap4,zm4.34G0020660,13987
18,M_sativa_ssp_caerulea_landa,Mca052196,9215
18,M_sativa_ssp_caerulea_long,Mca009889,15874
18,M_truncatula_A17,LOC_00052277,10969
18,M_truncatula_HM078,Mtrun028434,19682
27,M_arabica,Mara000361,8153
27,M_lupulina,evm.TU.Chr07.3308,6163
27,M_polymorpha,Mpoly021236,9763
27,M_ruthenica_landa,Mru000376,21387
27,M_ruthenica_zhiwusuo,Mru046039,13706
27,M_sativa_XJDY,Msa066969,8903
27,M_sativa_ZM1,Msa047952,15252
27,M_sativa_ZM4_hap4,zm4.34G0005490,8739
27,M_sativa_ssp_caerulea_landa,Mca052316,6379
27,M_sativa_ssp_caerulea_long,Mca014166,13620
27,M_truncatula_A17,LOC_00021043,26039
27,M_truncatula_HM078,Mtrun010549,10998
30,M_arabica,Mara000462,16089
30,M_lupulina,evm.TU.Chr08.2823,3030
30,M_polymorpha,Mpoly000447,16467
30,M_ruthenica_landa,Mru000531,14763
30,M_ruthenica_zhiwusuo,Mru054301,7276
30,M_sativa_XJDY,Msa152779,2130
30,M_sativa_ZM1,Msa000423,19574
30,M_sativa_ZM4_hap4,zm4.14G0003830,16017
30,M_sativa_ssp_caerulea_landa,Mca052307,2359
30,M_sativa_ssp_caerulea_long,Mca000502,22014
30,M_truncatula_A17,LOC_00020831,15598
30,M_truncatula_HM078,Mtrun000081,15560
31,M_arabica,Mara003598,21695
31,M_lupulina,evm.TU.Chr08.4362,15096
31,M_polymorpha,Mpoly020237,16545
31,M_ruthenica_landa,Mru011711,20650
31,M_ruthenica_zhiwusuo,Mru047820,17913
31,M_sativa_XJDY,Msa153103,14793
31,M_sativa_ZM1,Msa004077,19677
31,M_sativa_ZM4_hap4,zm4.14G0035180,17619
31,M_sativa_ssp_caerulea_landa,Mca052782,24477
31,M_sativa_ssp_caerulea_long,Mca042744,20442
31,M_truncatula_A17,LOC_00024185,24558
31,M_truncatula_HM078,Mtrun002968,24573
33,M_arabica,Mara016906,15122
33,M_lupulina,evm.TU.Chr08.1266,6603
33,M_polymorpha,Mpoly012799,17389
33,M_ruthenica_landa,Mru000470,13996
33,M_ruthenica_zhiwusuo,Mru021987,21812
33,M_sativa_XJDY,Msa149337,5575
33,M_sativa_ZM1,Msa000681,8661
33,M_sativa_ZM4_hap4,zm4.14G0006810,20126
33,M_sativa_ssp_caerulea_landa,Mca053099,5177
33,M_sativa_ssp_caerulea_long,Mca018696,20045
33,M_truncatula_A17,LOC_00038410,19083
33,M_truncatula_HM078,Mtrun014944,19100
43,M_arabica,Mara000896,16006
43,M_lupulina,evm.TU.Chr08.4339,2875
43,M_polymorpha,Mpoly000831,17656
43,M_ruthenica_landa,Mru001084,22191
43,M_ruthenica_zhiwusuo,Mru021216,9970
43,M_sativa_XJDY,Msa067411,4045
43,M_sativa_ZM1,Msa000897,18462
43,M_sativa_ZM4_hap4,zm4.14G0009500,23303
43,M_sativa_ssp_caerulea_landa,Mca052752,2788
43,M_sativa_ssp_caerulea_long,Mca000918,22291
43,M_truncatula_A17,LOC_00020375,21137
43,M_truncatula_HM078,Mtrun000414,21010
44,M_arabica,Mara019016,13910
44,M_lupulina,evm.TU.Chr07.4615,5050
44,M_polymorpha,Mpoly025509,12305
44,M_ruthenica_landa,Mru015785,10428
44,M_ruthenica_zhiwusuo,Mru042729,11961
44,M_sativa_XJDY,Msa071403,22055
44,M_sativa_ZM1,Msa021699,11350
44,M_sativa_ZM4_hap4,zm4.44G0008920,12948
44,M_sativa_ssp_caerulea_landa,Mca052592,14178
44,M_sativa_ssp_caerulea_long,Mca020851,21115
44,M_truncatula_A17,LOC_00004245,12275
44,M_truncatula_HM078,Mtrun018860,12227
47,M_arabica,Mara004969,10977
47,M_lupulina,evm.TU.Chr08.3053,5952
47,M_polymorpha,Mpoly015397,25644
47,M_ruthenica_landa,Mru019225,11154
47,M_ruthenica_zhiwusuo,Mru054139,19446
47,M_sativa_XJDY,Msa111442,15372
47,M_sativa_ZM1,Msa031540,13090
47,M_sativa_ZM4_hap4,zm4.14G0048410,9806
47,M_sativa_ssp_caerulea_landa,Mca051161,6188
47,M_sativa_ssp_caerulea_long,Mca005286,19510
47,M_truncatula_A17,LOC_00028680,8902
47,M_truncatula_HM078,Mtrun004196,11077
54,M_arabica,Mara000927,14142
54,M_lupulina,evm.TU.Chr08.478,5032
54,M_polymorpha,Mpoly000867,15118
54,M_ruthenica_landa,Mru001141,15309
54,M_ruthenica_zhiwusuo,Mru051933,12068
54,M_sativa_XJDY,Msa128123,3677
54,M_sativa_ZM1,Msa000654,10500
54,M_sativa_ZM4_hap4,zm4.14G0009150,14481
54,M_sativa_ssp_caerulea_landa,Mca051513,1841
54,M_sativa_ssp_caerulea_long,Mca000731,19539
54,M_truncatula_A17,LOC_00020335,14876
54,M_truncatula_HM078,Mtrun036330,19473
56,M_arabica,Mara008278,7660
56,M_lupulina,evm.TU.Chr08.4467,7078
56,M_polymorpha,Mpoly032871,14096
56,M_ruthenica_landa,Mru002564,21089
56,M_ruthenica_zhiwusuo,Mru049534,22175
56,M_sativa_XJDY,Msa153241,7074
56,M_sativa_ZM1,Msa002157,7524
56,M_sativa_ZM4_hap4,zm4.14G0031960,10806
56,M_sativa_ssp_caerulea_landa,Mca052906,7116
56,M_sativa_ssp_caerulea_long,Mca021075,15289
56,M_truncatula_A17,LOC_00020401,8475
56,M_truncatula_HM078,Mtrun000398,8094
59,M_arabica,Mara000971,14688
59,M_lupulina,evm.TU.Chr08.815,4410
59,M_polymorpha,Mpoly000912,20514
59,M_ruthenica_landa,Mru001197,8751
59,M_ruthenica_zhiwusuo,Mru021278,17336
59,M_sativa_XJDY,Msa067367,5872
59,M_sativa_ZM1,Msa000969,21226
59,M_sativa_ZM4_hap4,zm4.14G0009470,21475
59,M_sativa_ssp_caerulea_landa,Mca050856,1551
59,M_sativa_ssp_caerulea_long,Mca000059,24371
59,M_truncatula_A17,LOC_00020295,19788
59,M_truncatula_HM078,Mtrun000484,19683
63,M_arabica,Mara001056,9643
63,M_lupulina,evm.TU.Chr06.3383,4470
63,M_polymorpha,Mpoly000998,23979
63,M_ruthenica_landa,Mru001364,11383
63,M_ruthenica_zhiwusuo,Mru055395,19495
63,M_sativa_XJDY,Msa151895,5551
63,M_sativa_ZM1,Msa001103,14310
63,M_sativa_ZM4_hap4,zm4.14G0010620,18253
63,M_sativa_ssp_caerulea_landa,Mca051482,2943
63,M_sativa_ssp_caerulea_long,Mca001141,17521
63,M_truncatula_A17,LOC_00021468,16373
63,M_truncatula_HM078,Mtrun027473,16782
68,M_arabica,Mara024053,12292
68,M_lupulina,evm.TU.Chr06.1165,6014
68,M_polymorpha,Mpoly014250,50422
68,M_ruthenica_landa,Mru000886,12570
68,M_ruthenica_zhiwusuo,Mru040012,11318
68,M_sativa_XJDY,Msa091606,8152
68,M_sativa_ZM1,Msa051250,16569
68,M_sativa_ZM4_hap4,zm4.44G0032210,8704
68,M_sativa_ssp_caerulea_landa,Mca051724,3627
68,M_sativa_ssp_caerulea_long,Mca015886,14326
68,M_truncatula_A17,LOC_00031957,14429
68,M_truncatula_HM078,Mtrun029434,14776
74,M_arabica,Mara005774,10932
74,M_lupulina,evm.TU.Chr06.3420,9851
74,M_polymorpha,Mpoly004413,15607
74,M_ruthenica_landa,Mru007511,20552
74,M_ruthenica_zhiwusuo,Mru048413,15178
74,M_sativa_XJDY,Msa114221,10647
74,M_sativa_ZM1,Msa021644,19394
74,M_sativa_ZM4_hap4,zm4.84G0020930,11659
74,M_sativa_ssp_caerulea_landa,Mca051494,6361
74,M_sativa_ssp_caerulea_long,Mca021165,17773
74,M_truncatula_A17,LOC_00026474,13464
74,M_truncatula_HM078,Mtrun004760,13749
76,M_arabica,Mara001349,25287
76,M_lupulina,evm.TU.Chr08.2969,15920
76,M_polymorpha,Mpoly001223,31380
76,M_ruthenica_landa,Mru001676,18483
76,M_ruthenica_zhiwusuo,Mru052599,13537
76,M_sativa_XJDY,Msa072362,9154
76,M_sativa_ZM1,Msa001489,11249
76,M_sativa_ZM4_hap4,zm4.14G0014590,10544
76,M_sativa_ssp_caerulea_landa,Mca051067,4567
76,M_sativa_ssp_caerulea_long,Mca001375,21312
76,M_truncatula_A17,LOC_00021817,15642
76,M_truncatula_HM078,Mtrun001193,13693
77,M_arabica,Mara004229,14448
77,M_lupulina,evm.TU.Chr07.4591,4187
77,M_polymorpha,Mpoly030555,11337
77,M_ruthenica_landa,Mru005463,16002
77,M_ruthenica_zhiwusuo,Mru048957,7285
77,M_sativa_XJDY,Msa130525,4761
77,M_sativa_ZM1,Msa004823,14713
77,M_sativa_ZM4_hap4,zm4.14G0041270,10978
77,M_sativa_ssp_caerulea_landa,Mca052640,2732
77,M_sativa_ssp_caerulea_long,Mca044322,13238
77,M_truncatula_A17,LOC_00024905,11403
77,M_truncatula_HM078,Mtrun016990,16345
78,M_arabica,Mara039452,9931
78,M_lupulina,evm.TU.Chr07.4170,11346
78,M_polymorpha,Mpoly034351,12329
78,M_ruthenica_landa,Mru004826,10794
78,M_ruthenica_zhiwusuo,Mru032563,12890
78,M_sativa_XJDY,Msa070796,12613
78,M_sativa_ZM1,Msa038532,14862
78,M_sativa_ZM4_hap4,zm4.74G0060110,10392
78,M_sativa_ssp_caerulea_landa,Mca052063,6930
78,M_sativa_ssp_caerulea_long,Mca049193,18257
78,M_truncatula_A17,LOC_00045806,10741
78,M_truncatula_HM078,Mtrun038344,10858
79,M_arabica,Mara018916,13153
79,M_lupulina,evm.TU.Chr08.3540,5688
79,M_polymorpha,Mpoly014318,13145
79,M_ruthenica_landa,Mru018840,9670
79,M_ruthenica_zhiwusuo,Mru023978,19165
79,M_sativa_XJDY,Msa067899,15877
79,M_sativa_ZM1,Msa021602,20182
79,M_sativa_ZM4_hap4,zm4.34G0044520,16124
79,M_sativa_ssp_caerulea_landa,Mca051740,2550
79,M_sativa_ssp_caerulea_long,Mca021106,14279
79,M_truncatula_A17,LOC_00001494,13457
79,M_truncatula_HM078,Mtrun016814,13458
83,M_arabica,Mara045926,9667
83,M_lupulina,evm.TU.Chr08.4868,9884
83,M_polymorpha,Mpoly021814,10817
83,M_ruthenica_landa,Mru003167,7521
83,M_ruthenica_zhiwusuo,Mru035842,20367
83,M_sativa_XJDY,Msa095110,13442
83,M_sativa_ZM1,Msa040092,27669
83,M_sativa_ZM4_hap4,zm4.54G0052740,27928
83,M_sativa_ssp_caerulea_landa,Mca053311,8585
83,M_sativa_ssp_caerulea_long,Mca031110,12671
83,M_truncatula_A17,LOC_00053619,8848
83,M_truncatula_HM078,Mtrun025419,15653
84,M_arabica,Mara041794,13349
84,M_lupulina,evm.TU.Chr07.4224,4881
84,M_polymorpha,Mpoly004361,9867
84,M_ruthenica_landa,Mru005526,12713
84,M_ruthenica_zhiwusuo,Mru055443,9549
84,M_sativa_XJDY,Msa149952,6786
84,M_sativa_ZM1,Msa005683,19935
84,M_sativa_ZM4_hap4,zm4.14G0054900,7556
84,M_sativa_ssp_caerulea_landa,Mca052970,1817
84,M_sativa_ssp_caerulea_long,Mca006035,13525
84,M_truncatula_A17,LOC_00025977,8423
84,M_truncatula_HM078,Mtrun004869,23574
86,M_arabica,Mara031857,27556
86,M_lupulina,evm.TU.Chr08.1230,3680
86,M_polymorpha,Mpoly001282,3435
86,M_ruthenica_landa,Mru001816,3663
86,M_ruthenica_zhiwusuo,Mru050873,3887
86,M_sativa_XJDY,Msa149288,3384
86,M_sativa_ZM1,Msa001869,3145
86,M_sativa_ZM4_hap4,zm4.14G0014490,3255
86,M_sativa_ssp_caerulea_landa,Mca053305,2680
86,M_sativa_ssp_caerulea_long,Mca001494,4114
86,M_truncatula_A17,LOC_00021869,3957
86,M_truncatula_HM078,Mtrun001247,3894
89,M_arabica,Mara040614,15516
89,M_lupulina,evm.TU.Chr08.1242,19312
89,M_polymorpha,Mpoly020151,16816
89,M_ruthenica_landa,Mru013966,17654
89,M_ruthenica_zhiwusuo,Mru047487,14434
89,M_sativa_XJDY,Msa151006,19836
89,M_sativa_ZM1,Msa049652,19909
89,M_sativa_ZM4_hap4,zm4.24G0024840,16963
89,M_sativa_ssp_caerulea_landa,Mca050610,17383
89,M_sativa_ssp_caerulea_long,Mca045747,15347
89,M_truncatula_A17,LOC_00048640,13312
89,M_truncatula_HM078,Mtrun037107,24506
93,M_arabica,Mara003879,10841
93,M_lupulina,evm.TU.Chr06.3085,5345
93,M_polymorpha,Mpoly006206,12963
93,M_ruthenica_landa,Mru005400,15916
93,M_ruthenica_zhiwusuo,Mru042288,14090
93,M_sativa_XJDY,Msa148453,5374
93,M_sativa_ZM1,Msa004379,13653
93,M_sativa_ZM4_hap4,zm4.14G0050900,9011
93,M_sativa_ssp_caerulea_landa,Mca050815,2454
93,M_sativa_ssp_caerulea_long,Mca038755,11503
93,M_truncatula_A17,LOC_00026033,11369
93,M_truncatula_HM078,Mtrun004412,11249
95,M_arabica,Mara002433,14138
95,M_lupulina,evm.TU.Chr07.4390,5761
95,M_polymorpha,Mpoly030391,22752
95,M_ruthenica_landa,Mru002609,7932
95,M_ruthenica_zhiwusuo,Mru056278,6872
95,M_sativa_XJDY,Msa094213,12713
95,M_sativa_ZM1,Msa002714,15413
95,M_sativa_ZM4_hap4,zm4.14G0024730,18039
95,M_sativa_ssp_caerulea_landa,Mca053210,3826
95,M_sativa_ssp_caerulea_long,Mca043669,30339
95,M_truncatula_A17,LOC_00022276,6704
95,M_truncatula_HM078,Mtrun002061,20648
97,M_arabica,Mara038614,17085
97,M_lupulina,evm.TU.Chr07.3482,18781
97,M_polymorpha,Mpoly013620,16159
97,M_ruthenica_landa,Mru017111,18881
97,M_ruthenica_zhiwusuo,Mru041073,35651
97,M_sativa_XJDY,Msa129479,17540
97,M_sativa_ZM1,Msa035217,11017
97,M_sativa_ZM4_hap4,zm4.74G0045120,16367
97,M_sativa_ssp_caerulea_landa,Mca052165,5831
97,M_sativa_ssp_caerulea_long,Mca042549,18180
97,M_truncatula_A17,LOC_00044755,17779
97,M_truncatula_HM078,Mtrun032998,17842
101,M_arabica,Mara001605,12191
101,M_lupulina,evm.TU.Chr08.828,4926
101,M_polymorpha,Mpoly017295,9876
101,M_ruthenica_landa,Mru012298,14795
101,M_ruthenica_zhiwusuo,Mru034243,12943
101,M_sativa_XJDY,Msa129661,12606
101,M_sativa_ZM1,Msa037162,18041
101,M_sativa_ZM4_hap4,zm4.24G0026890,14205
101,M_sativa_ssp_caerulea_landa,Mca050937,3052
101,M_sativa_ssp_caerulea_long,Mca030974,13235
101,M_truncatula_A17,LOC_00005566,8515
101,M_truncatula_HM078,Mtrun007609,9396
102,M_arabica,Mara021076,16399
102,M_lupulina,evm.TU.Chr07.4135,7075
102,M_polymorpha,Mpoly002855,11325
102,M_ruthenica_landa,Mru003820,14454
102,M_ruthenica_zhiwusuo,Mru035819,10742
102,M_sativa_XJDY,Msa149649,18833
102,M_sativa_ZM1,Msa004128,18161
102,M_sativa_ZM4_hap4,zm4.14G0035720,10037
102,M_sativa_ssp_caerulea_landa,Mca052118,2324
102,M_sativa_ssp_caerulea_long,Mca012823,32262
102,M_truncatula_A17,LOC_00024255,10468
102,M_truncatula_HM078,Mtrun003023,10714
104,M_arabica,Mara001845,26864
104,M_lupulina,evm.TU.Chr07.1894,5785
104,M_polymorpha,Mpoly001589,13371
104,M_ruthenica_landa,Mru002397,13732
104,M_ruthenica_zhiwusuo,Mru049286,13004
104,M_sativa_XJDY,Msa150401,11463
104,M_sativa_ZM1,Msa001942,18141
104,M_sativa_ZM4_hap4,zm4.14G0019570,10218
104,M_sativa_ssp_caerulea_landa,Mca051588,2237
104,M_sativa_ssp_caerulea_long,Mca002104,10513
104,M_truncatula_A17,LOC_00022247,10800
104,M_truncatula_HM078,Mtrun001755,13151
112,M_arabica,Mara025820,16662
112,M_lupulina,evm.TU.Chr08.4865,6260
112,M_polymorpha,Mpoly015622,13877
112,M_ruthenica_landa,Mru018342,11543
112,M_ruthenica_zhiwusuo,Mru035555,15252
112,M_sativa_XJDY,Msa070731,13908
112,M_sativa_ZM1,Msa025185,13549
112,M_sativa_ZM4_hap4,zm4.44G0044190,12958
112,M_sativa_ssp_caerulea_landa,Mca053307,5966
112,M_sativa_ssp_caerulea_long,Mca026494,16081
112,M_truncatula_A17,LOC_00005078,14091
112,M_truncatula_HM078,Mtrun018183,15231
119,M_arabica,Mara018952,235320
119,M_lupulina,evm.TU.Chr07.810,4364
119,M_polymorpha,Mpoly021813,5553
119,M_ruthenica_landa,Mru009737,4681
119,M_ruthenica_zhiwusuo,Mru038274,13744
119,M_sativa_XJDY,Msa111097,5657
119,M_sativa_ZM1,Msa034790,24169
119,M_sativa_ZM4_hap4,zm4.54G0036340,20116
119,M_sativa_ssp_caerulea_landa,Mca053182,5806
119,M_sativa_ssp_caerulea_long,Mca005216,20975
119,M_truncatula_A17,LOC_00048286,9079
119,M_truncatula_HM078,Mtrun026760,5755
124,M_arabica,Mara045396,8584
124,M_lupulina,evm.TU.Chr08.484,11499
124,M_polymorpha,Mpoly001374,10406
124,M_ruthenica_landa,Mru015370,1379
124,M_ruthenica_zhiwusuo,Mru054486,17891
124,M_sativa_XJDY,Msa153129,15880
124,M_sativa_ZM1,Msa046795,24915
124,M_sativa_ZM4_hap4,zm4.84G0006020,11977
124,M_sativa_ssp_caerulea_landa,Mca052798,10580
124,M_sativa_ssp_caerulea_long,Mca002404,20582
124,M_truncatula_A17,LOC_00009647,30332
124,M_truncatula_HM078,Mtrun034944,16149
133,M_arabica,Mara016350,14305
133,M_lupulina,evm.TU.Chr08.2056,6888
133,M_polymorpha,Mpoly012278,14099
133,M_ruthenica_landa,Mru019227,8316
133,M_ruthenica_zhiwusuo,Mru021023,12603
133,M_sativa_XJDY,Msa070043,9322
133,M_sativa_ZM1,Msa029178,21692
133,M_sativa_ZM4_hap4,zm4.34G0055620,14380
133,M_sativa_ssp_caerulea_landa,Mca052648,6365
133,M_sativa_ssp_caerulea_long,Mca018785,19028
133,M_truncatula_A17,LOC_00037739,14178
133,M_truncatula_HM078,Mtrun014389,14674
138,M_arabica,Mara015253,16696
138,M_lupulina,evm.TU.Chr08.3394,7748
138,M_polymorpha,Mpoly011320,44242
138,M_ruthenica_landa,Mru018785,81198
138,M_ruthenica_zhiwusuo,Mru033080,12905
138,M_sativa_XJDY,Msa095302,19034
138,M_sativa_ZM1,Msa017505,13685
138,M_sativa_ZM4_hap4,zm4.34G0044180,54739
138,M_sativa_ssp_caerulea_landa,Mca051561,7983
138,M_sativa_ssp_caerulea_long,Mca017026,55245
138,M_truncatula_A17,LOC_00036392,66806
138,M_truncatula_HM078,Mtrun013345,67148
139,M_arabica,Mara034109,20095
139,M_lupulina,evm.TU.Chr07.319,7279
139,M_polymorpha,Mpoly022148,18680
139,M_ruthenica_landa,Mru006128,11239
139,M_ruthenica_zhiwusuo,Mru023341,17964
139,M_sativa_XJDY,Msa128111,17231
139,M_sativa_ZM1,Msa034194,22371
139,M_sativa_ZM4_hap4,zm4.14G0048300,10813
139,M_sativa_ssp_caerulea_landa,Mca052394,4627
139,M_sativa_ssp_caerulea_long,Mca044097,14390
139,M_truncatula_A17,LOC_00025720,11088
139,M_truncatula_HM078,Mtrun029786,14205
150,M_arabica,Mara014656,21020
150,M_lupulina,evm.TU.Chr08.2602,3327
150,M_polymorpha,Mpoly009545,20307
150,M_ruthenica_landa,Mru014857,17259
150,M_ruthenica_zhiwusuo,Mru021663,10896
150,M_sativa_XJDY,Msa126985,10180
150,M_sativa_ZM1,Msa012834,27960
150,M_sativa_ZM4_hap4,zm4.24G0053130,11552
150,M_sativa_ssp_caerulea_landa,Mca051613,1942
150,M_sativa_ssp_caerulea_long,Mca012139,29059
150,M_truncatula_A17,LOC_00037993,14358
150,M_truncatula_HM078,Mtrun010070,21224
154,M_arabica,Mara032027,13872
154,M_lupulina,evm.TU.Chr06.2614,3426
154,M_polymorpha,Mpoly005998,20337
154,M_ruthenica_landa,Mru019151,15280
154,M_ruthenica_zhiwusuo,Mru028077,15609
154,M_sativa_XJDY,Msa069986,9419
154,M_sativa_ZM1,Msa008357,10528
154,M_sativa_ZM4_hap4,zm4.24G0010560,11315
154,M_sativa_ssp_caerulea_landa,Mca050932,2420
154,M_sativa_ssp_caerulea_long,Mca008914,16552
154,M_truncatula_A17,LOC_00014952,12771
154,M_truncatula_HM078,Mtrun006366,12216
156,M_arabica,Mara016171,7236
156,M_lupulina,evm.TU.Chr08.1281,6740
156,M_polymorpha,Mpoly012811,14581
156,M_ruthenica_landa,Mru015676,18843
156,M_ruthenica_zhiwusuo,Mru055322,14488
156,M_sativa_XJDY,Msa067280,15734
156,M_sativa_ZM1,Msa020718,36441
156,M_sativa_ZM4_hap4,zm4.34G0067830,8777
156,M_sativa_ssp_caerulea_landa,Mca051659,977
156,M_sativa_ssp_caerulea_long,Mca029053,8905
156,M_truncatula_A17,LOC_00048703,12044
156,M_truncatula_HM078,Mtrun014219,6355
158,M_arabica,Mara030770,20829
158,M_lupulina,evm.TU.Chr08.1125,13106
158,M_polymorpha,Mpoly026006,10630
158,M_ruthenica_landa,Mru001481,13723
158,M_ruthenica_zhiwusuo,Mru035309,18632
158,M_sativa_XJDY,Msa094049,8973
158,M_sativa_ZM1,Msa013457,15058
158,M_sativa_ZM4_hap4,zm4.54G0029970,44539
158,M_sativa_ssp_caerulea_landa,Mca053217,8129
158,M_sativa_ssp_caerulea_long,Mca015646,20856
158,M_truncatula_A17,LOC_00011452,16518
158,M_truncatula_HM078,Mtrun025728,10232
160,M_arabica,Mara043256,20602
160,M_lupulina,evm.TU.Chr08.2523,7756
160,M_polymorpha,Mpoly006314,17246
160,M_ruthenica_landa,Mru006879,16873
160,M_ruthenica_zhiwusuo,Mru053218,12667
160,M_sativa_XJDY,Msa149871,9408
160,M_sativa_ZM1,Msa024088,14037
160,M_sativa_ZM4_hap4,zm4.14G0027510,13349
160,M_sativa_ssp_caerulea_landa,Mca050573,7789
160,M_sativa_ssp_caerulea_long,Mca003635,14004
160,M_truncatula_A17,LOC_00026164,12892
160,M_truncatula_HM078,Mtrun004665,17141
165,M_arabica,Mara045897,13883
165,M_lupulina,evm.TU.Chr08.2001,11246
165,M_polymorpha,Mpoly032632,12972
165,M_ruthenica_landa,Mru002824,15251
165,M_ruthenica_zhiwusuo,Mru053767,28300
165,M_sativa_XJDY,Msa150226,12295
165,M_sativa_ZM1,Msa052390,16222
165,M_sativa_ZM4_hap4,zm4.84G0026350,12474
165,M_sativa_ssp_caerulea_landa,Mca053295,5850
165,M_sativa_ssp_caerulea_long,Mca050389,15376
165,M_truncatula_A17,LOC_00049702,18540
165,M_truncatula_HM078,Mtrun036587,9659
167,M_arabica,Mara019215,26067
167,M_lupulina,evm.TU.Chr07.3514,10600
167,M_polymorpha,Mpoly031714,22808
167,M_ruthenica_landa,Mru008579,9357
167,M_ruthenica_zhiwusuo,Mru054486,17891
167,M_sativa_XJDY,Msa068956,18818
167,M_sativa_ZM1,Msa044462,9432
167,M_sativa_ZM4_hap4,zm4.74G0045920,12763
167,M_sativa_ssp_caerulea_landa,Mca052445,2359
167,M_sativa_ssp_caerulea_long,Mca043630,23154
167,M_truncatula_A17,LOC_00044826,11690
167,M_truncatula_HM078,Mtrun034046,14823
168,M_arabica,Mara020450,32154
168,M_lupulina,evm.TU.Chr07.557,10012
168,M_polymorpha,Mpoly015356,26776
168,M_ruthenica_landa,Mru011526,16743
168,M_ruthenica_zhiwusuo,Mru046128,30866
168,M_sativa_XJDY,Msa069056,25137
168,M_sativa_ZM1,Msa028571,20382
168,M_sativa_ZM4_hap4,zm4.44G0025790,26679
168,M_sativa_ssp_caerulea_landa,Mca052326,8269
168,M_sativa_ssp_caerulea_long,Mca022617,25859
168,M_truncatula_A17,LOC_00002880,25800
168,M_truncatula_HM078,Mtrun017889,25685
170,M_arabica,Mara005668,15021
170,M_lupulina,evm.TU.Chr08.2266,12532
170,M_polymorpha,Mpoly016727,16882
170,M_ruthenica_landa,Mru004250,10499
170,M_ruthenica_zhiwusuo,Mru040530,31855
170,M_sativa_XJDY,Msa130160,18150
170,M_sativa_ZM1,Msa041436,18254
170,M_sativa_ZM4_hap4,zm4.84G0043100,9977
170,M_sativa_ssp_caerulea_landa,Mca051438,7795
170,M_sativa_ssp_caerulea_long,Mca046481,10492
170,M_truncatula_A17,LOC_00022917,9389
170,M_truncatula_HM078,Mtrun001991,9575
175,M_arabica,Mara003975,20320
175,M_lupulina,evm.TU.Chr07.3592,7854
175,M_polymorpha,Mpoly003106,21975
175,M_ruthenica_landa,Mru005049,20204
175,M_ruthenica_zhiwusuo,Mru047016,15416
175,M_sativa_XJDY,Msa129779,11593
175,M_sativa_ZM1,Msa003081,11793
175,M_sativa_ZM4_hap4,zm4.14G0038940,7054
175,M_sativa_ssp_caerulea_landa,Mca051511,6225
175,M_sativa_ssp_caerulea_long,Mca003149,19208
175,M_truncatula_A17,LOC_00024633,13323
175,M_truncatula_HM078,Mtrun003302,13332
176,M_arabica,Mara043578,15143
176,M_lupulina,evm.TU.Chr08.2801,27555
176,M_polymorpha,Mpoly033411,14718
176,M_ruthenica_landa,Mru006375,8598
176,M_ruthenica_zhiwusuo,Mru053668,29835
176,M_sativa_XJDY,Msa151533,9546
176,M_sativa_ZM1,Msa047768,19205
176,M_sativa_ZM4_hap4,zm4.84G0037760,16710
176,M_sativa_ssp_caerulea_landa,Mca050903,15219
176,M_sativa_ssp_caerulea_long,Mca047999,15352
176,M_truncatula_A17,LOC_00050881,21762
176,M_truncatula_HM078,Mtrun037357,21652
180,M_arabica,Mara041588,12005
180,M_lupulina,evm.TU.Chr07.936,7506
180,M_polymorpha,Mpoly020169,16707
180,M_ruthenica_landa,Mru005340,13653
180,M_ruthenica_zhiwusuo,Mru047749,10614
180,M_sativa_XJDY,Msa110943,11115
180,M_sativa_ZM1,Msa003406,10717
180,M_sativa_ZM4_hap4,zm4.74G0011220,14114
180,M_sativa_ssp_caerulea_landa,Mca052675,4704
180,M_sativa_ssp_caerulea_long,Mca004675,15972
180,M_truncatula_A17,LOC_00019968,9660
180,M_truncatula_HM078,Mtrun029951,9838
181,M_arabica,Mara009958,20970
181,M_lupulina,evm.TU.Chr06.3181,11397
181,M_polymorpha,Mpoly008281,32877
181,M_ruthenica_landa,Mru012452,7406
181,M_ruthenica_zhiwusuo,Mru023222,15141
181,M_sativa_XJDY,Msa126072,10251
181,M_sativa_ZM1,Msa002257,8791
181,M_sativa_ZM4_hap4,zm4.44G0006120,16821
181,M_sativa_ssp_caerulea_landa,Mca050784,4366
181,M_sativa_ssp_caerulea_long,Mca010630,22572
181,M_truncatula_A17,LOC_00000685,14898
181,M_truncatula_HM078,Mtrun016203,14832
183,M_arabica,Mara013929,26703
183,M_lupulina,evm.TU.Chr07.3576,2015
183,M_polymorpha,Mpoly003026,18010
183,M_ruthenica_landa,Mru004628,27168
183,M_ruthenica_zhiwusuo,Mru052483,11886
183,M_sativa_XJDY,Msa149624,8210
183,M_sativa_ZM1,Msa004355,21320
183,M_sativa_ZM4_hap4,zm4.14G0037840,26302
183,M_sativa_ssp_caerulea_landa,Mca050983,12609
183,M_sativa_ssp_caerulea_long,Mca004229,21304
183,M_truncatula_A17,LOC_00024498,18153
183,M_truncatula_HM078,Mtrun003207,18203
191,M_arabica,Mara005337,15901
191,M_lupulina,evm.TU.Chr08.708,8891
191,M_polymorpha,Mpoly004111,15979
191,M_ruthenica_landa,Mru006431,17859
191,M_ruthenica_zhiwusuo,Mru054869,6802
191,M_sativa_XJDY,Msa130189,6155
191,M_sativa_ZM1,Msa005204,21011
191,M_sativa_ZM4_hap4,zm4.14G0050590,16264
191,M_sativa_ssp_caerulea_landa,Mca052715,4891
191,M_sativa_ssp_caerulea_long,Mca005478,16673
191,M_truncatula_A17,LOC_00026002,17130
191,M_truncatula_HM078,Mtrun004386,17792
192,M_arabica,Mara004193,11709
192,M_lupulina,evm.TU.Chr08.4258,6583
192,M_polymorpha,Mpoly003625,20781
192,M_ruthenica_landa,Mru005445,12853
192,M_ruthenica_zhiwusuo,Mru023383,14071
192,M_sativa_XJDY,Msa153012,7267
192,M_sativa_ZM1,Msa004121,13369
192,M_sativa_ZM4_hap4,zm4.74G0024890,9101
192,M_sativa_ssp_caerulea_landa,Mca052657,6260
192,M_sativa_ssp_caerulea_long,Mca042728,13244
192,M_truncatula_A17,LOC_00024864,7167
192,M_truncatula_HM078,Mtrun003850,18782
196,M_arabica,Mara015759,6604
196,M_lupulina,evm.TU.Chr08.3497,3178
196,M_polymorpha,Mpoly010747,16413
196,M_ruthenica_landa,Mru017668,22539
196,M_ruthenica_zhiwusuo,Mru019789,16741
196,M_sativa_XJDY,Msa129592,3327
196,M_sativa_ZM1,Msa045955,11834
196,M_sativa_ZM4_hap4,zm4.34G0057900,27470
196,M_sativa_ssp_caerulea_landa,Mca051689,2959
196,M_sativa_ssp_caerulea_long,Mca018339,28996
196,M_truncatula_A17,LOC_00036495,7762
196,M_truncatula_HM078,Mtrun012751,11189
198,M_arabica,Mara003312,8920
198,M_lupulina,evm.TU.Chr07.3691,8180
198,M_polymorpha,Mpoly002560,19804
198,M_ruthenica_landa,Mru003328,11796
198,M_ruthenica_zhiwusuo,Mru047773,7989
198,M_sativa_XJDY,Msa129761,7440
198,M_sativa_ZM1,Msa045703,12429
198,M_sativa_ZM4_hap4,zm4.14G0034360,10816
198,M_sativa_ssp_caerulea_landa,Mca052551,2440
198,M_sativa_ssp_caerulea_long,Mca046282,25524
198,M_truncatula_A17,LOC_00023862,13172
198,M_truncatula_HM078,Mtrun002426,9307
199,M_arabica,Mara025545,12242
199,M_lupulina,evm.TU.Chr07.2657,3510
199,M_polymorpha,Mpoly025437,29109
199,M_ruthenica_landa,Mru018325,15285
199,M_ruthenica_zhiwusuo,Mru035381,25538
199,M_sativa_XJDY,Msa066792,13096
199,M_sativa_ZM1,Msa032518,20176
199,M_sativa_ZM4_hap4,zm4.24G0027720,12437
199,M_sativa_ssp_caerulea_landa,Mca052333,16551
199,M_sativa_ssp_caerulea_long,Mca021314,24164
199,M_truncatula_A17,LOC_00032781,9976
199,M_truncatula_HM078,Mtrun016253,20730
201,M_arabica,Mara038522,17238
201,M_lupulina,evm.TU.Chr07.3396,16108
201,M_polymorpha,Mpoly029350,14393
201,M_ruthenica_landa,Mru004183,8900
201,M_ruthenica_zhiwusuo,Mru047366,17304
201,M_sativa_XJDY,Msa112958,21416
201,M_sativa_ZM1,Msa013964,22737
201,M_sativa_ZM4_hap4,zm4.74G0044110,17909
201,M_sativa_ssp_caerulea_landa,Mca050563,15052
201,M_sativa_ssp_caerulea_long,Mca045527,20276
201,M_truncatula_A17,LOC_00044625,18485
201,M_truncatula_HM078,Mtrun032905,18274
203,M_arabica,Mara028868,8692
203,M_lupulina,evm.TU.Chr06.777,7681
203,M_polymorpha,Mpoly016611,17387
203,M_ruthenica_landa,Mru010584,9090
203,M_ruthenica_zhiwusuo,Mru043561,19000
203,M_sativa_XJDY,Msa070453,12792
203,M_sativa_ZM1,Msa027857,13287
203,M_sativa_ZM4_hap4,zm4.44G0040570,12215
203,M_sativa_ssp_caerulea_landa,Mca050731,6314
203,M_sativa_ssp_caerulea_long,Mca010231,13997
203,M_truncatula_A17,LOC_00004659,12441
203,M_truncatula_HM078,Mtrun019190,12486
205,M_arabica,Mara040260,13452
205,M_lupulina,evm.TU.Chr08.134,13473
205,M_polymorpha,Mpoly016514,13652
205,M_ruthenica_landa,Mru008473,15191
205,M_ruthenica_zhiwusuo,Mru049793,20974
205,M_sativa_XJDY,Msa147997,14898
205,M_sativa_ZM1,Msa046054,14017
205,M_sativa_ZM4_hap4,zm4.84G0001660,14308
205,M_sativa_ssp_caerulea_landa,Mca051909,9228
205,M_sativa_ssp_caerulea_long,Mca044252,14215
205,M_truncatula_A17,LOC_00011390,13698
205,M_truncatula_HM078,Mtrun024415,13664
209,M_arabica,Mara032969,7249
209,M_lupulina,evm.TU.Chr07.2732,7422
209,M_polymorpha,Mpoly022625,24696
209,M_ruthenica_landa,Mru002112,20752
209,M_ruthenica_zhiwusuo,Mru022980,25148
209,M_sativa_XJDY,Msa111505,11633
209,M_sativa_ZM1,Msa010064,11904
209,M_sativa_ZM4_hap4,zm4.64G0015880,10248
209,M_sativa_ssp_caerulea_landa,Mca051103,4114
209,M_sativa_ssp_caerulea_long,Mca026756,12691
209,M_truncatula_A17,LOC_00028876,11942
209,M_truncatula_HM078,Mtrun027024,11798
213,M_arabica,Mara002161,24552
213,M_lupulina,evm.TU.Chr08.3541,3931
213,M_polymorpha,Mpoly001758,25832
213,M_ruthenica_landa,Mru002739,25240
213,M_ruthenica_zhiwusuo,Mru026651,23203
213,M_sativa_XJDY,Msa095033,19567
213,M_sativa_ZM1,Msa032677,27014
213,M_sativa_ZM4_hap4,zm4.14G0022080,23268
213,M_sativa_ssp_caerulea_landa,Mca051742,1252
213,M_sativa_ssp_caerulea_long,Mca002340,23237
213,M_truncatula_A17,LOC_00012708,22387
213,M_truncatula_HM078,Mtrun001837,22529
217,M_arabica,Mara006355,11729
217,M_lupulina,evm.TU.Chr07.3872,6214
217,M_polymorpha,Mpoly005094,19062
217,M_ruthenica_landa,Mru008069,18683
217,M_ruthenica_zhiwusuo,Mru048380,12741
217,M_sativa_XJDY,Msa067665,5104
217,M_sativa_ZM1,Msa027125,19865
217,M_sativa_ZM4_hap4,zm4.14G0062530,13035
217,M_sativa_ssp_caerulea_landa,Mca052729,1559
217,M_sativa_ssp_caerulea_long,Mca006648,16233
217,M_truncatula_A17,LOC_00026862,18094
217,M_truncatula_HM078,Mtrun005451,13295
219,M_arabica,Mara014173,17545
219,M_lupulina,evm.TU.Chr08.3257,8284
219,M_polymorpha,Mpoly010354,17130
219,M_ruthenica_landa,Mru016143,17705
219,M_ruthenica_zhiwusuo,Mru030132,13582
219,M_sativa_XJDY,Msa149118,28110
219,M_sativa_ZM1,Msa034364,14837
219,M_sativa_ZM4_hap4,zm4.34G0032280,20413
219,M_sativa_ssp_caerulea_landa,Mca051415,8225
219,M_sativa_ssp_caerulea_long,Mca031818,21781
219,M_truncatula_A17,LOC_00034929,16035
219,M_truncatula_HM078,Mtrun012334,15882
227,M_arabica,Mara025340,10110
227,M_lupulina,evm.TU.Chr07.2866,9474
227,M_polymorpha,Mpoly024444,12842
227,M_ruthenica_landa,Mru002957,14369
227,M_ruthenica_zhiwusuo,Mru034528,28357
227,M_sativa_XJDY,Msa094043,23803
227,M_sativa_ZM1,Msa041068,15142
227,M_sativa_ZM4_hap4,zm4.54G0035490,28073
227,M_sativa_ssp_caerulea_landa,Mca051529,3575
227,M_sativa_ssp_caerulea_long,Mca029865,28775
227,M_truncatula_A17,LOC_00011435,24385
227,M_truncatula_HM078,Mtrun024440,25638
230,M_arabica,Mara004429,19495
230,M_lupulina,evm.TU.Chr07.4574,8452
230,M_polymorpha,Mpoly003264,18617
230,M_ruthenica_landa,Mru005190,17063
230,M_ruthenica_zhiwusuo,Mru048878,19782
230,M_sativa_XJDY,Msa130509,10807
230,M_sativa_ZM1,Msa015613,23841
230,M_sativa_ZM4_hap4,zm4.14G0041830,12240
230,M_sativa_ssp_caerulea_landa,Mca051210,434
230,M_sativa_ssp_caerulea_long,Mca007403,18001
230,M_truncatula_A17,LOC_00024961,12616
230,M_truncatula_HM078,Mtrun003553,12622
249,M_arabica,Mara004273,29824
249,M_lupulina,evm.TU.Chr07.4491,10531
249,M_polymorpha,Mpoly003345,27350
249,M_ruthenica_landa,Mru004316,16299
249,M_ruthenica_zhiwusuo,Mru054209,12643
249,M_sativa_XJDY,Msa130374,6180
249,M_sativa_ZM1,Msa003234,18865
249,M_sativa_ZM4_hap4,zm4.14G0041810,29892
249,M_sativa_ssp_caerulea_landa,Mca052423,3691
249,M_sativa_ssp_caerulea_long,Mca004188,19476
249,M_truncatula_A17,LOC_00024960,27501
249,M_truncatula_HM078,Mtrun003552,28629
253,M_arabica,Mara004067,7947
253,M_lupulina,evm.TU.Chr07.3560,3230
253,M_polymorpha,Mpoly026702,21254
253,M_ruthenica_landa,Mru003779,15896
253,M_ruthenica_zhiwusuo,Mru030233,10905
253,M_sativa_XJDY,Msa113289,9651
253,M_sativa_ZM1,Msa003566,25915
253,M_sativa_ZM4_hap4,zm4.14G0037240,8813
253,M_sativa_ssp_caerulea_landa,Mca050756,2946
253,M_sativa_ssp_caerulea_long,Mca003262,23169
253,M_truncatula_A17,LOC_00024716,10384
253,M_truncatula_HM078,Mtrun003366,10045
256,M_arabica,Mara003856,14815
256,M_lupulina,evm.TU.Chr08.554,7973
256,M_polymorpha,Mpoly003016,15767
256,M_ruthenica_landa,Mru004614,14744
256,M_ruthenica_zhiwusuo,Mru025743,28782
256,M_sativa_XJDY,Msa116912,9543
256,M_sativa_ZM1,Msa004343,13499
256,M_sativa_ZM4_hap4,zm4.14G0037720,14419
256,M_sativa_ssp_caerulea_landa,Mca052757,4932
256,M_sativa_ssp_caerulea_long,Mca004220,15580
256,M_truncatula_A17,LOC_00024484,16516
256,M_truncatula_HM078,Mtrun003196,16205
258,M_arabica,Mara006159,13660
258,M_lupulina,evm.TU.Chr07.3432,6774
258,M_polymorpha,Mpoly004923,25406
258,M_ruthenica_landa,Mru004249,11959
258,M_ruthenica_zhiwusuo,Mru030935,20759
258,M_sativa_XJDY,Msa094590,6906
258,M_sativa_ZM1,Msa002032,15297
258,M_sativa_ZM4_hap4,zm4.14G0054580,13360
258,M_sativa_ssp_caerulea_landa,Mca053153,4593
258,M_sativa_ssp_caerulea_long,Mca006476,12983
258,M_truncatula_A17,LOC_00025330,11819
258,M_truncatula_HM078,Mtrun003847,12252
272,M_arabica,Mara025860,27045
272,M_lupulina,evm.TU.Chr06.2377,5615
272,M_polymorpha,Mpoly011930,9559
272,M_ruthenica_landa,Mru006464,8242
272,M_ruthenica_zhiwusuo,Mru020673,17105
272,M_sativa_XJDY,Msa149511,8876
272,M_sativa_ZM1,Msa018320,15244
272,M_sativa_ZM4_hap4,zm4.44G0044870,30253
272,M_sativa_ssp_caerulea_landa,Mca052625,8907
272,M_sativa_ssp_caerulea_long,Mca017805,21013
272,M_truncatula_A17,LOC_00026025,8694
272,M_truncatula_HM078,Mtrun037275,10529
273,M_arabica,Mara004118,9731
273,M_lupulina,evm.TU.Chr07.3846,5873
273,M_polymorpha,Mpoly003219,16722
273,M_ruthenica_landa,Mru003211,20167
273,M_ruthenica_zhiwusuo,Mru052558,16177
273,M_sativa_XJDY,Msa062234,6301
273,M_sativa_ZM1,Msa004716,16986
273,M_sativa_ZM4_hap4,zm4.14G0040220,16760
273,M_sativa_ssp_caerulea_landa,Mca050997,5094
273,M_sativa_ssp_caerulea_long,Mca004506,17317
273,M_truncatula_A17,LOC_00024772,17632
273,M_truncatula_HM078,Mtrun003409,17602
274,M_arabica,Mara044867,8920
274,M_lupulina,evm.TU.Chr08.1381,11636
274,M_polymorpha,Mpoly032025,11577
274,M_ruthenica_landa,Mru017881,20442
274,M_ruthenica_zhiwusuo,Mru051183,21696
274,M_sativa_XJDY,Msa149491,16641
274,M_sativa_ZM1,Msa032034,25201
274,M_sativa_ZM4_hap4,zm4.84G0019080,10411
274,M_sativa_ssp_caerulea_landa,Mca052291,8988
274,M_sativa_ssp_caerulea_long,Mca003218,14371
274,M_truncatula_A17,LOC_00049277,8118
274,M_truncatula_HM078,Mtrun036195,8286
278,M_arabica,Mara025153,10992
278,M_lupulina,evm.TU.Chr07.1891,9851
278,M_polymorpha,Mpoly025798,9749
278,M_ruthenica_landa,Mru003273,15231
278,M_ruthenica_zhiwusuo,Mru053168,25489
278,M_sativa_XJDY,Msa150197,8634
278,M_sativa_ZM1,Msa020002,13375
278,M_sativa_ZM4_hap4,zm4.54G0049130,10206
278,M_sativa_ssp_caerulea_landa,Mca051725,4157
278,M_sativa_ssp_caerulea_long,Mca016644,18302
278,M_truncatula_A17,LOC_00012861,10104
278,M_truncatula_HM078,Mtrun031350,10826
279,M_arabica,Mara030048,10781
279,M_lupulina,evm.TU.Chr06.3309,14231
279,M_polymorpha,Mpoly023565,11204
279,M_ruthenica_landa,Mru005083,10079
279,M_ruthenica_zhiwusuo,Mru044469,17540
279,M_sativa_XJDY,Msa114039,13922
279,M_sativa_ZM1,Msa039290,14694
279,M_sativa_ZM4_hap4,zm4.34G0060720,11335
279,M_sativa_ssp_caerulea_landa,Mca052185,7026
279,M_sativa_ssp_caerulea_long,Mca037264,14599
279,M_truncatula_A17,LOC_00031571,13181
279,M_truncatula_HM078,Mtrun029182,13219
284,M_arabica,Mara005398,10328
284,M_lupulina,evm.TU.Chr08.259,6277
284,M_polymorpha,Mpoly026312,20193
284,M_ruthenica_landa,Mru007660,15685
284,M_ruthenica_zhiwusuo,Mru050991,9446
284,M_sativa_XJDY,Msa113571,7192
284,M_sativa_ZM1,Msa006020,18288
284,M_sativa_ZM4_hap4,zm4.14G0052890,28953
284,M_sativa_ssp_caerulea_landa,Mca052876,5693
284,M_sativa_ssp_caerulea_long,Mca030691,23394
284,M_truncatula_A17,LOC_00026269,11391
284,M_truncatula_HM078,Mtrun004599,11074
294,M_arabica,Mara004825,15446
294,M_lupulina,evm.TU.Chr07.3447,4128
294,M_polymorpha,Mpoly003809,21636
294,M_ruthenica_landa,Mru005965,23521
294,M_ruthenica_zhiwusuo,Mru032083,18694
294,M_sativa_XJDY,Msa091254,12236
294,M_sativa_ZM1,Msa005412,9135
294,M_sativa_ZM4_hap4,zm4.14G0046900,8643
294,M_sativa_ssp_caerulea_landa,Mca052637,2143
294,M_sativa_ssp_caerulea_long,Mca005155,21969
294,M_truncatula_A17,LOC_00025564,22123
294,M_truncatula_HM078,Mtrun004050,21912
295,M_arabica,Mara030061,11172
295,M_lupulina,evm.TU.Chr06.3299,10049
295,M_polymorpha,Mpoly017742,12539
295,M_ruthenica_landa,Mru012423,17970
295,M_ruthenica_zhiwusuo,Mru029790,15648
295,M_sativa_XJDY,Msa114028,9469
295,M_sativa_ZM1,Msa011134,9666
295,M_sativa_ZM4_hap4,zm4.64G0042470,12367
295,M_sativa_ssp_caerulea_landa,Mca050797,3647
295,M_sativa_ssp_caerulea_long,Mca046524,18193
295,M_truncatula_A17,LOC_00018030,17007
295,M_truncatula_HM078,Mtrun008682,16688
298,M_arabica,Mara024576,9018
298,M_lupulina,evm.TU.Chr06.235,7430
298,M_polymorpha,Mpoly026181,8812
298,M_ruthenica_landa,Mru035515,17199
298,M_ruthenica_zhiwusuo,Mru046639,17226
298,M_sativa_XJDY,Msa111524,10088
298,M_sativa_ZM1,Msa027212,17684
298,M_sativa_ZM4_hap4,zm4.31G0034180,20054
298,M_sativa_ssp_caerulea_landa,Mca052232,9856
298,M_sativa_ssp_caerulea_long,Mca026740,12558
298,M_truncatula_A17,LOC_00028913,10834
298,M_truncatula_HM078,Mtrun032490,12468
303,M_arabica,Mara005690,10826
303,M_lupulina,evm.TU.Chr08.3656,14654
303,M_polymorpha,Mpoly003825,16518
303,M_ruthenica_landa,Mru001903,21221
303,M_ruthenica_zhiwusuo,Mru042341,14765
303,M_sativa_XJDY,Msa130313,8658
303,M_sativa_ZM1,Msa006333,22682
303,M_sativa_ZM4_hap4,zm4.14G0056020,14252
303,M_sativa_ssp_caerulea_landa,Mca051924,11470
303,M_sativa_ssp_caerulea_long,Mca011067,17923
303,M_truncatula_A17,LOC_00026073,10758
303,M_truncatula_HM078,Mtrun004443,10349
304,M_arabica,Mara001926,13792
304,M_lupulina,evm.TU.Chr08.488,7058
304,M_polymorpha,Mpoly001675,15436
304,M_ruthenica_landa,Mru017058,25640
304,M_ruthenica_zhiwusuo,Mru049582,7262
304,M_sativa_XJDY,Msa149690,7929
304,M_sativa_ZM1,Msa002122,15930
304,M_sativa_ZM4_hap4,zm4.14G0020230,13857
304,M_sativa_ssp_caerulea_landa,Mca050605,5627
304,M_sativa_ssp_caerulea_long,Mca002156,15086
304,M_truncatula_A17,LOC_00025737,16492
304,M_truncatula_HM078,Mtrun030746,19905
308,M_arabica,Mara017329,18707
308,M_lupulina,evm.TU.Chr07.967,5595
308,M_polymorpha,Mpoly013306,9751
308,M_ruthenica_landa,Mru017580,9754
308,M_ruthenica_zhiwusuo,Mru022363,14905
308,M_sativa_XJDY,Msa067366,8279
308,M_sativa_ZM1,Msa019864,8791
308,M_sativa_ZM4_hap4,zm4.34G0065870,14167
308,M_sativa_ssp_caerulea_landa,Mca050894,4315
308,M_sativa_ssp_caerulea_long,Mca020266,24431
308,M_truncatula_A17,LOC_00038857,10388
308,M_truncatula_HM078,Mtrun015301,10282
310,M_arabica,Mara005402,8849
310,M_lupulina,evm.TU.Chr06.3175,5508
310,M_polymorpha,Mpoly014111,8834
310,M_ruthenica_landa,Mru006082,17543
310,M_ruthenica_zhiwusuo,Mru031506,15921
310,M_sativa_XJDY,Msa067594,10746
310,M_sativa_ZM1,Msa038922,9169
310,M_sativa_ZM4_hap4,zm4.44G0009860,10306
310,M_sativa_ssp_caerulea_landa,Mca051378,4594
310,M_sativa_ssp_caerulea_long,Mca020742,22350
310,M_truncatula_A17,LOC_00001130,8947
310,M_truncatula_HM078,Mtrun016575,9990
312,M_arabica,Mara005506,22229
312,M_lupulina,evm.TU.Chr06.1328,6865
312,M_polymorpha,Mpoly008870,15720
312,M_ruthenica_landa,Mru010414,16245
312,M_ruthenica_zhiwusuo,Mru042428,21262
312,M_sativa_XJDY,Msa091074,10000
312,M_sativa_ZM1,Msa008694,22274
312,M_sativa_ZM4_hap4,zm4.24G0016710,14512
312,M_sativa_ssp_caerulea_landa,Mca052872,3856
312,M_sativa_ssp_caerulea_long,Mca008316,14087
312,M_truncatula_A17,LOC_00015702,15952
312,M_truncatula_HM078,Mtrun006839,15546
318,M_arabica,Mara045414,11765
318,M_lupulina,evm.TU.Chr08.4116,7007
318,M_polymorpha,Mpoly006889,11168
318,M_ruthenica_landa,Mru010378,22292
318,M_ruthenica_zhiwusuo,Mru025809,11125
318,M_sativa_XJDY,Msa070936,8127
318,M_sativa_ZM1,Msa028511,19137
318,M_sativa_ZM4_hap4,zm4.44G0023210,37765
318,M_sativa_ssp_caerulea_landa,Mca052489,7166
318,M_sativa_ssp_caerulea_long,Mca044768,21900
318,M_truncatula_A17,LOC_00016413,11768
318,M_truncatula_HM078,Mtrun007289,12452
324,M_arabica,Mara026693,6968
324,M_lupulina,evm.TU.Chr07.2415,11128
324,M_polymorpha,Mpoly023702,20868
324,M_ruthenica_landa,Mru012713,3854
324,M_ruthenica_zhiwusuo,Mru045995,13043
324,M_sativa_XJDY,Msa128319,12790
324,M_sativa_ZM1,Msa043085,21135
324,M_sativa_ZM4_hap4,zm4.74G0007110,5014
324,M_sativa_ssp_caerulea_landa,Mca052655,6193
324,M_sativa_ssp_caerulea_long,Mca046672,13939
324,M_truncatula_A17,LOC_00043118,9175
324,M_truncatula_HM078,Mtrun031395,7357
326,M_arabica,Mara021699,9046
326,M_lupulina,evm.TU.Chr08.2537,3150
326,M_polymorpha,Mpoly006493,35676
326,M_ruthenica_landa,Mru009840,20160
326,M_ruthenica_zhiwusuo,Mru026929,8921
326,M_sativa_XJDY,Msa110947,5917
326,M_sativa_ZM1,Msa008854,13859
326,M_sativa_ZM4_hap4,zm4.24G0030960,18223
326,M_sativa_ssp_caerulea_landa,Mca053160,5694
326,M_sativa_ssp_caerulea_long,Mca008348,16347
326,M_truncatula_A17,LOC_00015507,9757
326,M_truncatula_HM078,Mtrun006728,9747
327,M_arabica,Mara024203,13586
327,M_lupulina,evm.TU.Chr08.1411,7295
327,M_polymorpha,Mpoly028043,9696
327,M_ruthenica_landa,Mru012712,9032
327,M_ruthenica_zhiwusuo,Mru025982,10593
327,M_sativa_XJDY,Msa129974,12779
327,M_sativa_ZM1,Msa042510,27559
327,M_sativa_ZM4_hap4,zm4.74G0028460,16621
327,M_sativa_ssp_caerulea_landa,Mca051882,3854
327,M_sativa_ssp_caerulea_long,Mca040971,17972
327,M_truncatula_A17,LOC_00003555,8757
327,M_truncatula_HM078,Mtrun024358,9935
328,M_arabica,Mara028226,21822
328,M_lupulina,evm.TU.Chr08.2867,9873
328,M_polymorpha,Mpoly014036,17531
328,M_ruthenica_landa,Mru001753,13013
328,M_ruthenica_zhiwusuo,Mru040718,18128
328,M_sativa_XJDY,Msa093177,14344
328,M_sativa_ZM1,Msa005872,11233
328,M_sativa_ZM4_hap4,zm4.84G0047710,8406
328,M_sativa_ssp_caerulea_landa,Mca051934,8874
328,M_sativa_ssp_caerulea_long,Mca018491,13524
328,M_truncatula_A17,LOC_00052001,8990
328,M_truncatula_HM078,Mtrun038235,8921
331,M_arabica,Mara006159,13660
331,M_lupulina,evm.TU.Chr06.2287,6082
331,M_polymorpha,Mpoly004897,13719
331,M_ruthenica_landa,Mru007738,27492
331,M_ruthenica_zhiwusuo,Mru028615,14796
331,M_sativa_XJDY,Msa095799,7494
331,M_sativa_ZM1,Msa005229,12436
331,M_sativa_ZM4_hap4,zm4.14G0060280,14173
331,M_sativa_ssp_caerulea_landa,Mca051238,1747
331,M_sativa_ssp_caerulea_long,Mca006450,14823
331,M_truncatula_A17,LOC_00027141,14219
331,M_truncatula_HM078,Mtrun005247,14195
334,M_arabica,Mara021849,13677
334,M_lupulina,evm.TU.Chr08.1737,6849
334,M_polymorpha,Mpoly012338,12041
334,M_ruthenica_landa,Mru010112,18595
334,M_ruthenica_zhiwusuo,Mru027174,15440
334,M_sativa_XJDY,Msa070335,12185
334,M_sativa_ZM1,Msa026500,13683
334,M_sativa_ZM4_hap4,zm4.24G0040040,20773
334,M_sativa_ssp_caerulea_landa,Mca053125,1103
334,M_sativa_ssp_caerulea_long,Mca016641,17980
334,M_truncatula_A17,LOC_00018556,13533
334,M_truncatula_HM078,Mtrun008286,19152
335,M_arabica,Mara039661,10052
335,M_lupulina,evm.TU.Chr07.4358,10700
335,M_polymorpha,Mpoly030308,10403
335,M_ruthenica_landa,Mru011745,12848
335,M_ruthenica_zhiwusuo,Mru033937,20430
335,M_sativa_XJDY,Msa149502,7327
335,M_sativa_ZM1,Msa041054,12246
335,M_sativa_ZM4_hap4,zm4.74G0062190,10160
335,M_sativa_ssp_caerulea_landa,Mca052238,5989
335,M_sativa_ssp_caerulea_long,Mca018556,9459
335,M_truncatula_A17,LOC_00048541,13289
335,M_truncatula_HM078,Mtrun033971,10644
340,M_arabica,Mara040559,18039
340,M_lupulina,evm.TU.Chr08.238,5352
340,M_polymorpha,Mpoly017225,8958
340,M_ruthenica_landa,Mru016054,17446
340,M_ruthenica_zhiwusuo,Mru020267,31162
340,M_sativa_XJDY,Msa070954,9964
340,M_sativa_ZM1,Msa025344,9841
340,M_sativa_ZM4_hap4,zm4.74G0057370,14131
340,M_sativa_ssp_caerulea_landa,Mca050525,3821
340,M_sativa_ssp_caerulea_long,Mca044279,17188
340,M_truncatula_A17,LOC_00030649,8212
340,M_truncatula_HM078,Mtrun003541,12381
341,M_arabica,Mara009481,15028
341,M_lupulina,evm.TU.Chr06.3083,11098
341,M_polymorpha,Mpoly007740,15882
341,M_ruthenica_landa,Mru011446,26310
341,M_ruthenica_zhiwusuo,Mru020389,9549
341,M_sativa_XJDY,Msa113765,28179
341,M_sativa_ZM1,Msa025206,23741
341,M_sativa_ZM4_hap4,zm4.24G0031300,16349
341,M_sativa_ssp_caerulea_landa,Mca052003,3182
341,M_sativa_ssp_caerulea_long,Mca009847,16573
341,M_truncatula_A17,LOC_00031229,15097
341,M_truncatula_HM078,Mtrun028956,23513
343,M_arabica,Mara023508,20608
343,M_lupulina,evm.TU.Chr06.851,5101
343,M_polymorpha,Mpoly010323,7911
343,M_ruthenica_landa,Mru009547,12906
343,M_ruthenica_zhiwusuo,Mru046934,13036
343,M_sativa_XJDY,Msa068331,12081
343,M_sativa_ZM1,Msa008081,34211
343,M_sativa_ZM4_hap4,zm4.64G0007980,19776
343,M_sativa_ssp_caerulea_landa,Mca053130,3351
343,M_sativa_ssp_caerulea_long,Mca028960,21047
343,M_truncatula_A17,LOC_00048350,11415
343,M_truncatula_HM078,Mtrun006289,8448
344,M_arabica,Mara043557,14807
344,M_lupulina,evm.TU.Chr08.2770,10996
344,M_polymorpha,Mpoly033393,8012
344,M_ruthenica_landa,Mru003214,25628
344,M_ruthenica_zhiwusuo,Mru025692,20257
344,M_sativa_XJDY,Msa151221,7494
344,M_sativa_ZM1,Msa049923,8205
344,M_sativa_ZM4_hap4,zm4.54G0001320,17418
344,M_sativa_ssp_caerulea_landa,Mca050881,7909
344,M_sativa_ssp_caerulea_long,Mca045688,6456
344,M_truncatula_A17,LOC_00050851,8118
344,M_truncatula_HM078,Mtrun028785,9967
345,M_arabica,Mara034276,16399
345,M_lupulina,evm.TU.Chr08.3032,10746
345,M_polymorpha,Mpoly021422,19491
345,M_ruthenica_landa,Mru002083,14838
345,M_ruthenica_zhiwusuo,Mru036691,15952
345,M_sativa_XJDY,Msa149237,18945
345,M_sativa_ZM1,Msa034732,12508
345,M_sativa_ZM4_hap4,zm4.64G0002920,21041
345,M_sativa_ssp_caerulea_landa,Mca050692,26478
345,M_sativa_ssp_caerulea_long,Mca032202,16089
345,M_truncatula_A17,LOC_00027705,11302
345,M_truncatula_HM078,Mtrun016733,15486
347,M_arabica,Mara006022,14799
347,M_lupulina,evm.TU.Chr07.2848,5319
347,M_polymorpha,Mpoly004677,16760
347,M_ruthenica_landa,Mru007438,24106
347,M_ruthenica_zhiwusuo,Mru026828,13859
347,M_sativa_XJDY,Msa128793,6237
347,M_sativa_ZM1,Msa006265,21641
347,M_sativa_ZM4_hap4,zm4.14G0053190,10104
347,M_sativa_ssp_caerulea_landa,Mca051776,2315
347,M_sativa_ssp_caerulea_long,Mca033914,28286
347,M_truncatula_A17,LOC_00026305,9320
347,M_truncatula_HM078,Mtrun004632,9443
348,M_arabica,Mara007532,18639
348,M_lupulina,evm.TU.Chr06.2411,7256
348,M_polymorpha,Mpoly019652,11720
348,M_ruthenica_landa,Mru010091,15822
348,M_ruthenica_zhiwusuo,Mru040617,15389
348,M_sativa_XJDY,Msa092150,5252
348,M_sativa_ZM1,Msa028174,13310
348,M_sativa_ZM4_hap4,zm4.54G0012660,13917
348,M_sativa_ssp_caerulea_landa,Mca052822,7713
348,M_sativa_ssp_caerulea_long,Mca027697,13625
348,M_truncatula_A17,LOC_00005722,12571
348,M_truncatula_HM078,Mtrun020042,19336
349,M_arabica,Mara041992,20858
349,M_lupulina,evm.TU.Chr08.917,22840
349,M_polymorpha,Mpoly032211,20408
349,M_ruthenica_landa,Mru019036,11547
349,M_ruthenica_zhiwusuo,Mru030316,18438
349,M_sativa_XJDY,Msa149756,21151
349,M_sativa_ZM1,Msa048347,21029
349,M_sativa_ZM4_hap4,zm4.84G0021270,20729
349,M_sativa_ssp_caerulea_landa,Mca050928,13929
349,M_sativa_ssp_caerulea_long,Mca045250,25693
349,M_truncatula_A17,LOC_00049180,22485
349,M_truncatula_HM078,Mtrun036116,22403
350,M_arabica,Mara026635,15590
350,M_lupulina,evm.TU.Chr08.1139,12696
350,M_polymorpha,Mpoly011606,19058
350,M_ruthenica_landa,Mru019270,21210
350,M_ruthenica_zhiwusuo,Mru020192,24965
350,M_sativa_XJDY,Msa149159,10854
350,M_sativa_ZM1,Msa029237,10458
350,M_sativa_ZM4_hap4,zm4.34G0047730,19519
350,M_sativa_ssp_caerulea_landa,Mca051368,3297
350,M_sativa_ssp_caerulea_long,Mca017428,20070
350,M_truncatula_A17,LOC_00036818,19922
350,M_truncatula_HM078,Mtrun013662,19760
352,M_arabica,Mara020729,8856
352,M_lupulina,evm.TU.Chr08.3142,13689
352,M_polymorpha,Mpoly016995,12593
352,M_ruthenica_landa,Mru004809,9993
352,M_ruthenica_zhiwusuo,Mru052394,26424
352,M_sativa_XJDY,Msa069312,9974
352,M_sativa_ZM1,Msa013323,14074
352,M_sativa_ZM4_hap4,zm4.34G0011250,22239
352,M_sativa_ssp_caerulea_landa,Mca051262,12207
352,M_sativa_ssp_caerulea_long,Mca013392,20502
352,M_truncatula_A17,LOC_00003181,10039
352,M_truncatula_HM078,Mtrun037669,11188
359,M_arabica,Mara040244,12589
359,M_lupulina,evm.TU.Chr07.2874,10950
359,M_polymorpha,Mpoly028877,15106
359,M_ruthenica_landa,Mru001479,6622
359,M_ruthenica_zhiwusuo,Mru046795,17533
359,M_sativa_XJDY,Msa128823,12137
359,M_sativa_ZM1,Msa033044,29844
359,M_sativa_ZM4_hap4,zm4.74G0050060,21578
359,M_sativa_ssp_caerulea_landa,Mca053260,11677
359,M_sativa_ssp_caerulea_long,Mca041272,18769
359,M_truncatula_A17,LOC_00043873,10020
359,M_truncatula_HM078,Mtrun032388,10157
362,M_arabica,Mara017609,8120
362,M_lupulina,evm.TU.Chr06.1191,7967
362,M_polymorpha,Mpoly028781,19962
362,M_ruthenica_landa,Mru019256,15839
362,M_ruthenica_zhiwusuo,Mru032914,17901
362,M_sativa_XJDY,Msa092677,7503
362,M_sativa_ZM1,Msa027341,8366
362,M_sativa_ZM4_hap4,zm4.44G0017460,14636
362,M_sativa_ssp_caerulea_landa,Mca050958,4130
362,M_sativa_ssp_caerulea_long,Mca006015,13794
362,M_truncatula_A17,LOC_00009203,6146
362,M_truncatula_HM078,Mtrun022770,6023
363,M_arabica,Mara024341,12776
363,M_lupulina,evm.TU.Chr08.3213,3626
363,M_polymorpha,Mpoly004710,13632
363,M_ruthenica_landa,Mru007452,16765
363,M_ruthenica_zhiwusuo,Mru035054,9715
363,M_sativa_XJDY,Msa072447,15297
363,M_sativa_ZM1,Msa006520,13514
363,M_sativa_ZM4_hap4,zm4.14G0058010,13051
363,M_sativa_ssp_caerulea_landa,Mca051359,7826
363,M_sativa_ssp_caerulea_long,Mca006230,13623
363,M_truncatula_A17,LOC_00026895,17389
363,M_truncatula_HM078,Mtrun005051,17510
364,M_arabica,Mara011871,22662
364,M_lupulina,evm.TU.Chr07.3543,4547
364,M_polymorpha,Mpoly007755,8508
364,M_ruthenica_landa,Mru015510,23796
364,M_ruthenica_zhiwusuo,Mru040891,11362
364,M_sativa_XJDY,Msa112819,17014
364,M_sativa_ZM1,Msa044817,16356
364,M_sativa_ZM4_hap4,zm4.74G0033760,29508
364,M_sativa_ssp_caerulea_landa,Mca051876,9757
364,M_sativa_ssp_caerulea_long,Mca041566,17247
364,M_truncatula_A17,LOC_00044859,19296
364,M_truncatula_HM078,Mtrun017244,13672
367,M_arabica,Mara040226,9516
367,M_lupulina,evm.TU.Chr07.1152,7719
367,M_polymorpha,Mpoly027376,8214
367,M_ruthenica_landa,Mru012861,12191
367,M_ruthenica_zhiwusuo,Mru044350,17001
367,M_sativa_XJDY,Msa126800,7436
367,M_sativa_ZM1,Msa010392,7690
367,M_sativa_ZM4_hap4,zm4.34G0001210,12752
367,M_sativa_ssp_caerulea_landa,Mca050791,2845
367,M_sativa_ssp_caerulea_long,Mca009800,13873
367,M_truncatula_A17,LOC_00046783,8173
367,M_truncatula_HM078,Mtrun014060,9483
369,M_arabica,Mara013794,11879
369,M_lupulina,evm.TU.Chr08.1386,14725
369,M_polymorpha,Mpoly010057,13305
369,M_ruthenica_landa,Mru016363,14840
369,M_ruthenica_zhiwusuo,Mru043668,10442
369,M_sativa_XJDY,Msa150502,31004
369,M_sativa_ZM1,Msa046593,23979
369,M_sativa_ZM4_hap4,zm4.84G0029790,13556
369,M_sativa_ssp_caerulea_landa,Mca051972,3575
369,M_sativa_ssp_caerulea_long,Mca039050,26997
369,M_truncatula_A17,LOC_00040959,14685
369,M_truncatula_HM078,Mtrun030408,15003
373,M_arabica,Mara010030,13260
373,M_lupulina,evm.TU.Chr08.4352,5257
373,M_polymorpha,Mpoly008235,7431
373,M_ruthenica_landa,Mru011562,10264
373,M_ruthenica_zhiwusuo,Mru030254,11406
373,M_sativa_XJDY,Msa155922,12860
373,M_sativa_ZM1,Msa006273,12838
373,M_sativa_ZM4_hap4,zm4.64G0022850,13394
373,M_sativa_ssp_caerulea_landa,Mca052287,3885
373,M_sativa_ssp_caerulea_long,Mca021862,17587
373,M_truncatula_A17,LOC_00017247,6985
373,M_truncatula_HM078,Mtrun011251,9156
375,M_arabica,Mara005896,8048
375,M_lupulina,evm.TU.Chr07.3822,2529
375,M_polymorpha,Mpoly004724,6552
375,M_ruthenica_landa,Mru014510,20350
375,M_ruthenica_zhiwusuo,Mru035737,5892
375,M_sativa_XJDY,Msa126706,15724
375,M_sativa_ZM1,Msa031534,12954
375,M_sativa_ZM4_hap4,zm4.54G0044050,23108
375,M_sativa_ssp_caerulea_landa,Mca053189,2102
375,M_sativa_ssp_caerulea_long,Mca029922,11946
375,M_truncatula_A17,LOC_00026916,7456
375,M_truncatula_HM078,Mtrun005066,8775
376,M_arabica,Mara014154,8837
376,M_lupulina,evm.TU.Chr08.1332,8832
376,M_polymorpha,Mpoly021091,10081
376,M_ruthenica_landa,Mru007940,14237
376,M_ruthenica_zhiwusuo,Mru025254,17725
376,M_sativa_XJDY,Msa095511,10260
376,M_sativa_ZM1,Msa016193,18625
376,M_sativa_ZM4_hap4,zm4.34G0032010,8213
376,M_sativa_ssp_caerulea_landa,Mca052054,7291
376,M_sativa_ssp_caerulea_long,Mca031562,18129
376,M_truncatula_A17,LOC_00034905,8738
376,M_truncatula_HM078,Mtrun035092,26516
377,M_arabica,Mara021235,8635
377,M_lupulina,evm.TU.Chr06.1201,6333
377,M_polymorpha,Mpoly015595,11627
377,M_ruthenica_landa,Mru004536,10959
377,M_ruthenica_zhiwusuo,Mru038222,13960
377,M_sativa_XJDY,Msa069813,11476
377,M_sativa_ZM1,Msa036376,23126
377,M_sativa_ZM4_hap4,zm4.44G0033830,10254
377,M_sativa_ssp_caerulea_landa,Mca051349,1032
377,M_sativa_ssp_caerulea_long,Mca023382,10572
377,M_truncatula_A17,LOC_00003817,10541
377,M_truncatula_HM078,Mtrun027650,17151
378,M_arabica,Mara006047,14598
378,M_lupulina,evm.TU.Chr07.608,5911
378,M_polymorpha,Mpoly004841,13620
378,M_ruthenica_landa,Mru008244,16282
378,M_ruthenica_zhiwusuo,Mru037116,5839
378,M_sativa_XJDY,Msa126123,5848
378,M_sativa_ZM1,Msa006616,14376
378,M_sativa_ZM4_hap4,zm4.14G0059590,13223
378,M_sativa_ssp_caerulea_landa,Mca052783,1880
378,M_sativa_ssp_caerulea_long,Mca044875,14252
378,M_truncatula_A17,LOC_00027075,12928
378,M_truncatula_HM078,Mtrun032339,16804
380,M_arabica,Mara034240,19513
380,M_lupulina,evm.TU.Chr08.2638,16364
380,M_polymorpha,Mpoly033254,16169
380,M_ruthenica_landa,Mru017321,12751
380,M_ruthenica_zhiwusuo,Mru046224,27271
380,M_sativa_XJDY,Msa092198,17489
380,M_sativa_ZM1,Msa034106,20613
380,M_sativa_ZM4_hap4,zm4.84G0036070,15262
380,M_sativa_ssp_caerulea_landa,Mca050720,15742
380,M_sativa_ssp_caerulea_long,Mca032218,15924
380,M_truncatula_A17,LOC_00050659,18727
380,M_truncatula_HM078,Mtrun037197,18560
388,M_arabica,Mara044732,9875
388,M_lupulina,evm.TU.Chr07.3912,11229
388,M_polymorpha,Mpoly029876,10966
388,M_ruthenica_landa,Mru016047,10059
388,M_ruthenica_zhiwusuo,Mru048138,12015
388,M_sativa_XJDY,Msa128015,13735
388,M_sativa_ZM1,Msa010043,12221
388,M_sativa_ZM4_hap4,zm4.74G0057170,9944
388,M_sativa_ssp_caerulea_landa,Mca052160,6875
388,M_sativa_ssp_caerulea_long,Mca036866,9984
388,M_truncatula_A17,LOC_00045447,12628
388,M_truncatula_HM078,Mtrun017237,15288
390,M_arabica,Mara010533,12031
390,M_lupulina,evm.TU.Chr07.2153,7647
390,M_polymorpha,Mpoly031409,7543
390,M_ruthenica_landa,Mru012050,20577
390,M_ruthenica_zhiwusuo,Mru019776,23187
390,M_sativa_XJDY,Msa128004,10470
390,M_sativa_ZM1,Msa034761,13035
390,M_sativa_ZM4_hap4,zm4.24G0035250,5699
390,M_sativa_ssp_caerulea_landa,Mca050924,5240
390,M_sativa_ssp_caerulea_long,Mca032765,8630
390,M_truncatula_A17,LOC_00028402,6862
390,M_truncatula_HM078,Mtrun031639,7756
393,M_arabica,Mara008421,8742
393,M_lupulina,evm.TU.Chr08.4382,9300
393,M_polymorpha,Mpoly007072,13286
393,M_ruthenica_landa,Mru011170,15804
393,M_ruthenica_zhiwusuo,Mru049969,12840
393,M_sativa_XJDY,Msa153152,8532
393,M_sativa_ZM1,Msa005439,9275
393,M_sativa_ZM4_hap4,zm4.24G0022290,17056
393,M_sativa_ssp_caerulea_landa,Mca052814,8469
393,M_sativa_ssp_caerulea_long,Mca006465,12291
393,M_truncatula_A17,LOC_00016546,9282
393,M_truncatula_HM078,Mtrun009893,9544
395,M_arabica,Mara006428,8029
395,M_lupulina,evm.TU.Chr07.28,5335
395,M_polymorpha,Mpoly018437,8877
395,M_ruthenica_landa,Mru008420,8270
395,M_ruthenica_zhiwusuo,Mru042774,9760
395,M_sativa_XJDY,Msa069344,8746
395,M_sativa_ZM1,Msa043084,9712
395,M_sativa_ZM4_hap4,zm4.44G0063120,9099
395,M_sativa_ssp_caerulea_landa,Mca052786,698
395,M_sativa_ssp_caerulea_long,Mca008255,17912
395,M_truncatula_A17,LOC_00027154,9166
395,M_truncatula_HM078,Mtrun005257,9442
396,M_arabica,Mara008052,17061
396,M_lupulina,evm.TU.Chr07.4169,10942
396,M_polymorpha,Mpoly006517,19063
396,M_ruthenica_landa,Mru010560,22633
396,M_ruthenica_zhiwusuo,Mru047330,10368
396,M_sativa_XJDY,Msa152905,7951
396,M_sativa_ZM1,Msa009094,11338
396,M_sativa_ZM4_hap4,zm4.24G0017460,19389
396,M_sativa_ssp_caerulea_landa,Mca052495,8070
396,M_sativa_ssp_caerulea_long,Mca029579,32449
396,M_truncatula_A17,LOC_00015773,18438
396,M_truncatula_HM078,Mtrun006892,17369
397,M_arabica,Mara045772,11745
397,M_lupulina,evm.TU.Chr08.4675,6816
397,M_polymorpha,Mpoly023160,13025
397,M_ruthenica_landa,Mru012998,13689
397,M_ruthenica_zhiwusuo,Mru029645,19910
397,M_sativa_XJDY,Msa150665,13203
397,M_sativa_ZM1,Msa011245,15613
397,M_sativa_ZM4_hap4,zm4.84G0030970,14864
397,M_sativa_ssp_caerulea_landa,Mca051297,13518
397,M_sativa_ssp_caerulea_long,Mca048405,15392
397,M_truncatula_A17,LOC_00017817,5878
397,M_truncatula_HM078,Mtrun010594,6013
399,M_arabica,Mara016372,15738
399,M_lupulina,evm.TU.Chr07.1305,5157
399,M_polymorpha,Mpoly016359,10211
399,M_ruthenica_landa,Mru017129,7447
399,M_ruthenica_zhiwusuo,Mru030205,19222
399,M_sativa_XJDY,Msa070173,8728
399,M_sativa_ZM1,Msa027470,20818
399,M_sativa_ZM4_hap4,zm4.34G0055820,11628
399,M_sativa_ssp_caerulea_landa,Mca053300,6127
399,M_sativa_ssp_caerulea_long,Mca024885,20529
399,M_truncatula_A17,LOC_00004294,8481
399,M_truncatula_HM078,Mtrun018906,8372
401,M_arabica,Mara012294,17575
401,M_lupulina,evm.TU.Chr08.3187,6006
401,M_polymorpha,Mpoly015015,17431
401,M_ruthenica_landa,Mru014169,20822
401,M_ruthenica_zhiwusuo,Mru024665,19179
401,M_sativa_XJDY,Msa067528,10443
401,M_sativa_ZM1,Msa046122,20974
401,M_sativa_ZM4_hap4,zm4.24G0045170,12773
401,M_sativa_ssp_caerulea_landa,Mca051333,6367
401,M_sativa_ssp_caerulea_long,Mca012488,13752
401,M_truncatula_A17,LOC_00018971,13473
401,M_truncatula_HM078,Mtrun009335,13373
402,M_arabica,Mara006473,16764
402,M_lupulina,evm.TU.Chr08.98,4266
402,M_polymorpha,Mpoly005199,15541
402,M_ruthenica_landa,Mru008690,9455
402,M_ruthenica_zhiwusuo,Mru049845,3818
402,M_sativa_XJDY,Msa094053,15372
402,M_sativa_ZM1,Msa023287,16023
402,M_sativa_ZM4_hap4,zm4.24G0000910,17169
402,M_sativa_ssp_caerulea_landa,Mca051379,3921
402,M_sativa_ssp_caerulea_long,Mca007078,29014
402,M_truncatula_A17,LOC_00013782,17467
402,M_truncatula_HM078,Mtrun005548,17409
403,M_arabica,Mara018624,22130
403,M_lupulina,evm.TU.Chr07.3216,7244
403,M_polymorpha,Mpoly005165,20866
403,M_ruthenica_landa,Mru008394,9790
403,M_ruthenica_zhiwusuo,Mru041254,13879
403,M_sativa_XJDY,Msa148447,7174
403,M_sativa_ZM1,Msa046812,17544
403,M_sativa_ZM4_hap4,zm4.84G0006930,9526
403,M_sativa_ssp_caerulea_landa,Mca050811,5604
403,M_sativa_ssp_caerulea_long,Mca047839,10242
403,M_truncatula_A17,LOC_00047568,14973
403,M_truncatula_HM078,Mtrun035013,13426
404,M_arabica,Mara003130,20465
404,M_lupulina,evm.TU.Chr08.1546,707
404,M_polymorpha,Mpoly015574,20726
404,M_ruthenica_landa,Mru008419,19545
404,M_ruthenica_zhiwusuo,Mru025692,20257
404,M_sativa_XJDY,Msa148367,19944
404,M_sativa_ZM1,Msa023163,19774
404,M_sativa_ZM4_hap4,zm4.44G0028990,23268
404,M_sativa_ssp_caerulea_landa,Mca052793,1133
404,M_sativa_ssp_caerulea_long,Mca019398,19862
404,M_truncatula_A17,LOC_00003207,20242
404,M_truncatula_HM078,Mtrun018136,24920
405,M_arabica,Mara040119,8911
405,M_lupulina,evm.TU.Chr06.420,7998
405,M_polymorpha,Mpoly019639,14365
405,M_ruthenica_landa,Mru008169,6126
405,M_ruthenica_zhiwusuo,Mru030216,14484
405,M_sativa_XJDY,Msa094320,9233
405,M_sativa_ZM1,Msa031890,9602
405,M_sativa_ZM4_hap4,zm4.54G0028270,11478
405,M_sativa_ssp_caerulea_landa,Mca050770,5299
405,M_sativa_ssp_caerulea_long,Mca029092,23679
405,M_truncatula_A17,LOC_00011938,11399
405,M_truncatula_HM078,Mtrun021899,14381
406,M_arabica,Mara042018,32834
406,M_lupulina,evm.TU.Chr08.1423,17365
406,M_polymorpha,Mpoly025543,28448
406,M_ruthenica_landa,Mru016401,6354
406,M_ruthenica_zhiwusuo,Mru045447,29750
406,M_sativa_XJDY,Msa149615,25921
406,M_sativa_ZM1,Msa048364,16543
406,M_sativa_ZM4_hap4,zm4.84G0021520,26668
406,M_sativa_ssp_caerulea_landa,Mca050910,13849
406,M_sativa_ssp_caerulea_long,Mca046207,87157
406,M_truncatula_A17,LOC_00048943,19198
406,M_truncatula_HM078,Mtrun035987,19188
410,M_arabica,Mara006511,18952
410,M_lupulina,evm.TU.Chr08.1539,1812
410,M_polymorpha,Mpoly005238,19169
410,M_ruthenica_landa,Mru008302,24047
410,M_ruthenica_zhiwusuo,Mru026514,18901
410,M_sativa_XJDY,Msa126084,7924
410,M_sativa_ZM1,Msa040565,22831
410,M_sativa_ZM4_hap4,zm4.24G0001330,18327
410,M_sativa_ssp_caerulea_landa,Mca051848,1844
410,M_sativa_ssp_caerulea_long,Mca006928,18938
410,M_truncatula_A17,LOC_00013850,18504
410,M_truncatula_HM078,Mtrun005587,19042
412,M_arabica,Mara015349,6697
412,M_lupulina,evm.TU.Chr08.4113,5531
412,M_polymorpha,Mpoly011408,6071
412,M_ruthenica_landa,Mru016937,6487
412,M_ruthenica_zhiwusuo,Mru035436,16208
412,M_sativa_XJDY,Msa151058,3886
412,M_sativa_ZM1,Msa046819,7759
412,M_sativa_ZM4_hap4,zm4.34G0051120,7710
412,M_sativa_ssp_caerulea_landa,Mca052486,1114
412,M_sativa_ssp_caerulea_long,Mca017146,22515
412,M_truncatula_A17,LOC_00038092,6595
412,M_truncatula_HM078,Mtrun014194,11330
413,M_arabica,Mara034560,28604
413,M_lupulina,evm.TU.Chr07.31,21971
413,M_polymorpha,Mpoly005211,37415
413,M_ruthenica_landa,Mru008269,35478
413,M_ruthenica_zhiwusuo,Mru042771,31865
413,M_sativa_XJDY,Msa071735,28029
413,M_sativa_ZM1,Msa007115,22546
413,M_sativa_ZM4_hap4,zm4.24G0001030,39272
413,M_sativa_ssp_caerulea_landa,Mca051956,3918
413,M_sativa_ssp_caerulea_long,Mca025698,28623
413,M_truncatula_A17,LOC_00013807,37995
413,M_truncatula_HM078,Mtrun005564,39785
420,M_arabica,Mara006604,12066
420,M_lupulina,evm.TU.Chr08.4385,5062
420,M_polymorpha,Mpoly005309,11138
420,M_ruthenica_landa,Mru008484,13500
420,M_ruthenica_zhiwusuo,Mru056482,52409
420,M_sativa_XJDY,Msa150210,7007
420,M_sativa_ZM1,Msa033682,11382
420,M_sativa_ZM4_hap4,zm4.24G0002270,11106
420,M_sativa_ssp_caerulea_landa,Mca052818,6099
420,M_sativa_ssp_caerulea_long,Mca007054,25276
420,M_truncatula_A17,LOC_00016296,8346
420,M_truncatula_HM078,Mtrun005669,11124
422,M_arabica,Mara013279,11919
422,M_lupulina,evm.TU.Chr08.742,2866
422,M_polymorpha,Mpoly006647,9875
422,M_ruthenica_landa,Mru010821,11693
422,M_ruthenica_zhiwusuo,Mru046261,12665
422,M_sativa_XJDY,Msa070307,6534
422,M_sativa_ZM1,Msa043135,17982
422,M_sativa_ZM4_hap4,zm4.34G0063240,14355
422,M_sativa_ssp_caerulea_landa,Mca052838,1733
422,M_sativa_ssp_caerulea_long,Mca009009,14073
422,M_truncatula_A17,LOC_00015980,8679
422,M_truncatula_HM078,Mtrun007042,14147
432,M_arabica,Mara006892,7333
432,M_lupulina,evm.TU.Chr08.4869,4915
432,M_polymorpha,Mpoly005508,11629
432,M_ruthenica_landa,Mru009255,11398
432,M_ruthenica_zhiwusuo,Mru023298,9868
432,M_sativa_XJDY,Msa067167,6147
432,M_sativa_ZM1,Msa023573,14363
432,M_sativa_ZM4_hap4,zm4.44G0043940,26691
432,M_sativa_ssp_caerulea_landa,Mca053312,1659
432,M_sativa_ssp_caerulea_long,Mca007304,10384
432,M_truncatula_A17,LOC_00039196,8817
432,M_truncatula_HM078,Mtrun005898,7347
433,M_arabica,Mara010698,8086
433,M_lupulina,evm.TU.Chr07.1892,5904
433,M_polymorpha,Mpoly008571,15802
433,M_ruthenica_landa,Mru013963,9938
433,M_ruthenica_zhiwusuo,Mru052002,7572
433,M_sativa_XJDY,Msa068560,4308
433,M_sativa_ZM1,Msa027227,15818
433,M_sativa_ZM4_hap4,zm4.24G0041390,13923
433,M_sativa_ssp_caerulea_landa,Mca052173,1487
433,M_sativa_ssp_caerulea_long,Mca011428,22310
433,M_truncatula_A17,LOC_00017812,8787
433,M_truncatula_HM078,Mtrun008533,8828
438,M_arabica,Mara011196,9007
438,M_lupulina,evm.TU.Chr08.498,4493
438,M_polymorpha,Mpoly009194,8549
438,M_ruthenica_landa,Mru008603,19545
438,M_ruthenica_zhiwusuo,Mru026742,11673
438,M_sativa_XJDY,Msa150677,14990
438,M_sativa_ZM1,Msa012854,11224
438,M_sativa_ZM4_hap4,zm4.24G0049210,7773
438,M_sativa_ssp_caerulea_landa,Mca050621,3959
438,M_sativa_ssp_caerulea_long,Mca044699,12939
438,M_truncatula_A17,LOC_00019476,8471
438,M_truncatula_HM078,Mtrun009706,12260
439,M_arabica,Mara006998,6977
439,M_lupulina,evm.TU.Chr07.2258,3890
439,M_polymorpha,Mpoly028280,11538
439,M_ruthenica_landa,Mru009035,9396
439,M_ruthenica_zhiwusuo,Mru036489,27039
439,M_sativa_XJDY,Msa070621,6477
439,M_sativa_ZM1,Msa023708,9039
439,M_sativa_ZM4_hap4,zm4.24G0006300,7081
439,M_sativa_ssp_caerulea_landa,Mca052014,1231
439,M_sativa_ssp_caerulea_long,Mca011775,21205
439,M_truncatula_A17,LOC_00014447,7618
439,M_truncatula_HM078,Mtrun005994,10643
440,M_arabica,Mara007974,19080
440,M_lupulina,evm.TU.Chr08.4832,3934
440,M_polymorpha,Mpoly006462,21462
440,M_ruthenica_landa,Mru010411,19544
440,M_ruthenica_zhiwusuo,Mru023639,20417
440,M_sativa_XJDY,Msa153598,3947
440,M_sativa_ZM1,Msa008811,15578
440,M_sativa_ZM4_hap4,zm4.24G0016680,18626
440,M_sativa_ssp_caerulea_landa,Mca053265,3752
440,M_sativa_ssp_caerulea_long,Mca008251,22951
440,M_truncatula_A17,LOC_00015697,19403
440,M_truncatula_HM078,Mtrun006835,18986
444,M_arabica,Mara007169,19800
444,M_lupulina,evm.TU.Chr07.1385,14864
444,M_polymorpha,Mpoly005805,18342
444,M_ruthenica_landa,Mru009278,19722
444,M_ruthenica_zhiwusuo,Mru021955,18041
444,M_sativa_XJDY,Msa126983,14650
444,M_sativa_ZM1,Msa013539,15113
444,M_sativa_ZM4_hap4,zm4.24G0007800,21110
444,M_sativa_ssp_caerulea_landa,Mca052432,7179
444,M_sativa_ssp_caerulea_long,Mca007660,22511
444,M_truncatula_A17,LOC_00014650,19783
444,M_truncatula_HM078,Mtrun006145,20165
449,M_arabica,Mara016881,14065
449,M_lupulina,evm.TU.Chr06.673_evm.TU.Chr06.674,20102
449,M_polymorpha,Mpoly019360,30174
449,M_ruthenica_landa,Mru009186,6249
449,M_ruthenica_zhiwusuo,Mru026553,24186
449,M_sativa_XJDY,Msa093790,16977
449,M_sativa_ZM1,Msa023801,12058
449,M_sativa_ZM4_hap4,zm4.34G0061460,12815
449,M_sativa_ssp_caerulea_landa,Mca051043,3763
449,M_sativa_ssp_caerulea_long,Mca027355,30747
449,M_truncatula_A17,LOC_00038343,12651
449,M_truncatula_HM078,Mtrun022199,17076
450,M_arabica,Mara017289,19060
450,M_lupulina,evm.TU.Chr07.976,7983
450,M_polymorpha,Mpoly013073,18844
450,M_ruthenica_landa,Mru016012,14234
450,M_ruthenica_zhiwusuo,Mru022334,20190
450,M_sativa_XJDY,Msa069832,8949
450,M_sativa_ZM1,Msa019825,19893
450,M_sativa_ZM4_hap4,zm4.34G0065490,19445
450,M_sativa_ssp_caerulea_landa,Mca051616,8736
450,M_sativa_ssp_caerulea_long,Mca013212,19619
450,M_truncatula_A17,LOC_00038805,18661
450,M_truncatula_HM078,Mtrun015259,18426
455,M_arabica,Mara007268,23666
455,M_lupulina,evm.TU.Chr08.4041,2656
455,M_polymorpha,Mpoly005882,17732
455,M_ruthenica_landa,Mru009243,17338
455,M_ruthenica_zhiwusuo,Mru028864,8995
455,M_sativa_XJDY,Msa071417,4850
455,M_sativa_ZM1,Msa007820,27807
455,M_sativa_ZM4_hap4,zm4.24G0008050,14531
455,M_sativa_ssp_caerulea_landa,Mca052409,3021
455,M_sativa_ssp_caerulea_long,Mca007543,25895
455,M_truncatula_A17,LOC_00014664,14585
455,M_truncatula_HM078,Mtrun006160,14273
456,M_arabica,Mara031344,11588
456,M_lupulina,evm.TU.Chr07.1139,12599
456,M_polymorpha,Mpoly031358,16711
456,M_ruthenica_landa,Mru036217,1301
456,M_ruthenica_zhiwusuo,Mru050920,19157
456,M_sativa_XJDY,Msa072207,12125
456,M_sativa_ZM1,Msa026568,12282
456,M_sativa_ZM4_hap4,zm4.44G0061550,11541
456,M_sativa_ssp_caerulea_landa,Mca050862,2574
456,M_sativa_ssp_caerulea_long,Mca041364,15348
456,M_truncatula_A17,LOC_00043471,11687
456,M_truncatula_HM078,Mtrun030583,17543
458,M_arabica,Mara025316,10445
458,M_lupulina,evm.TU.Chr08.4612,8030
458,M_polymorpha,Mpoly024469,6255
458,M_ruthenica_landa,Mru003607,8797
458,M_ruthenica_zhiwusuo,Mru053735,13190
458,M_sativa_XJDY,Msa093199,10454
458,M_sativa_ZM1,Msa029348,10306
458,M_sativa_ZM4_hap4,zm4.34G0016990,7813
458,M_sativa_ssp_caerulea_landa,Mca051112,6202
458,M_sativa_ssp_caerulea_long,Mca038796,20000
458,M_truncatula_A17,LOC_00010847,6498
458,M_truncatula_HM078,Mtrun024057,6752
461,M_arabica,Mara044958,9726
461,M_lupulina,evm.TU.Chr08.4008,10263
461,M_polymorpha,Mpoly005951,19082
461,M_ruthenica_landa,Mru009543,14808
461,M_ruthenica_zhiwusuo,Mru047862,24794
461,M_sativa_XJDY,Msa152839,9943
461,M_sativa_ZM1,Msa024074,12198
461,M_sativa_ZM4_hap4,zm4.84G0051870,9551
461,M_sativa_ssp_caerulea_landa,Mca052372,17514
461,M_sativa_ssp_caerulea_long,Mca007953,15545
461,M_truncatula_A17,LOC_00053467,7325
461,M_truncatula_HM078,Mtrun027151,30073
462,M_arabica,Mara043364,9974
462,M_lupulina,evm.TU.Chr08.2601,10932
462,M_polymorpha,Mpoly033216,12412
462,M_ruthenica_landa,Mru010441,14651
462,M_ruthenica_zhiwusuo,Mru037641,24137
462,M_sativa_XJDY,Msa068036,13086
462,M_sativa_ZM1,Msa016776,17366
462,M_sativa_ZM4_hap4,zm4.84G0035550,11164
462,M_sativa_ssp_caerulea_landa,Mca050668,6911
462,M_sativa_ssp_caerulea_long,Mca020378,13177
462,M_truncatula_A17,LOC_00050609,12134
462,M_truncatula_HM078,Mtrun037162,12134
463,M_arabica,Mara007301,7194
463,M_lupulina,evm.TU.Chr08.4690,1516
463,M_polymorpha,Mpoly005862,10695
463,M_ruthenica_landa,Mru008106,14084
463,M_ruthenica_zhiwusuo,Mru026430,19738
463,M_sativa_XJDY,Msa097397,12051
463,M_sativa_ZM1,Msa023931,20283
463,M_sativa_ZM4_hap4,zm4.24G0009060,9667
463,M_sativa_ssp_caerulea_landa,Mca052954,7160
463,M_sativa_ssp_caerulea_long,Mca007908,15759
463,M_truncatula_A17,LOC_00014891,5614
463,M_truncatula_HM078,Mtrun006398,5348
465,M_arabica,Mara045507,12695
465,M_lupulina,evm.TU.Chr08.4127,8781
465,M_polymorpha,Mpoly006700,8638
465,M_ruthenica_landa,Mru010327,18353
465,M_ruthenica_zhiwusuo,Mru019821,26978
465,M_sativa_XJDY,Msa153242,9975
465,M_sativa_ZM1,Msa024708,13319
465,M_sativa_ZM4_hap4,zm4.84G0057470,12480
465,M_sativa_ssp_caerulea_landa,Mca052908,14767
465,M_sativa_ssp_caerulea_long,Mca008366,31503
465,M_truncatula_A17,LOC_00015803,9146
465,M_truncatula_HM078,Mtrun006908,9114
467,M_arabica,Mara018742,13599
467,M_lupulina,evm.TU.Chr08.4054,3081
467,M_polymorpha,Mpoly012322,12671
467,M_ruthenica_landa,Mru018800,5220
467,M_ruthenica_zhiwusuo,Mru021611,17953
467,M_sativa_XJDY,Msa067055,10744
467,M_sativa_ZM1,Msa048622,16212
467,M_sativa_ZM4_hap4,zm4.44G0011560,14251
467,M_sativa_ssp_caerulea_landa,Mca051702,2738
467,M_sativa_ssp_caerulea_long,Mca018366,12114
467,M_truncatula_A17,LOC_00038001,12898
467,M_truncatula_HM078,Mtrun014609,12827
468,M_arabica,Mara007358,17859
468,M_lupulina,evm.TU.Chr07.999,11498
468,M_polymorpha,Mpoly010458,10399
468,M_ruthenica_landa,Mru015942,18529
468,M_ruthenica_zhiwusuo,Mru052594,23418
468,M_sativa_XJDY,Msa126610,13452
468,M_sativa_ZM1,Msa027602,32630
468,M_sativa_ZM4_hap4,zm4.74G0005170,10855
468,M_sativa_ssp_caerulea_landa,Mca052354,11669
468,M_sativa_ssp_caerulea_long,Mca039215,11643
468,M_truncatula_A17,LOC_00041001,10144
468,M_truncatula_HM078,Mtrun030440,10700
469,M_arabica,Mara041661,16406
469,M_lupulina,evm.TU.Chr08.1296,17882
469,M_polymorpha,Mpoly031968,14726
469,M_ruthenica_landa,Mru009577,8781
469,M_ruthenica_zhiwusuo,Mru051044,17205
469,M_sativa_XJDY,Msa149404,15839
469,M_sativa_ZM1,Msa047952,15252
469,M_sativa_ZM4_hap4,zm4.84G0018030,14630
469,M_sativa_ssp_caerulea_landa,Mca051459,6297
469,M_sativa_ssp_caerulea_long,Mca045816,15667
469,M_truncatula_A17,LOC_00048730,15188
469,M_truncatula_HM078,Mtrun035842,15730
470,M_arabica,Mara032701,13766
470,M_lupulina,evm.TU.Chr08.4277,1844
470,M_polymorpha,Mpoly022724,14278
470,M_ruthenica_landa,Mru008353,20244
470,M_ruthenica_zhiwusuo,Mru039719,10644
470,M_sativa_XJDY,Msa095872,5204
470,M_sativa_ZM1,Msa017809,16110
470,M_sativa_ZM4_hap4,zm4.74G0004120,10745
470,M_sativa_ssp_caerulea_landa,Mca052677,2060
470,M_sativa_ssp_caerulea_long,Mca017920,13809
470,M_truncatula_A17,LOC_00036732,7101
470,M_truncatula_HM078,Mtrun013596,7032
474,M_arabica,Mara024822,14015
474,M_lupulina,evm.TU.Chr08.4687,6978
474,M_polymorpha,Mpoly006126,16544
474,M_ruthenica_landa,Mru009655,16700
474,M_ruthenica_zhiwusuo,Mru039778,7535
474,M_sativa_XJDY,Msa072475,13820
474,M_sativa_ZM1,Msa008304,17506
474,M_sativa_ZM4_hap4,zm4.24G0011120,8344
474,M_sativa_ssp_caerulea_landa,Mca053174,11336
474,M_sativa_ssp_caerulea_long,Mca050268,11424
474,M_truncatula_A17,LOC_00053451,8429
474,M_truncatula_HM078,Mtrun006321,8746
475,M_arabica,Mara010066,16414
475,M_lupulina,evm.TU.Chr08.1944,18252
475,M_polymorpha,Mpoly008275,16985
475,M_ruthenica_landa,Mru014462,12632
475,M_ruthenica_zhiwusuo,Mru055641,10582
475,M_sativa_XJDY,Msa150114,12764
475,M_sativa_ZM1,Msa048771,12299
475,M_sativa_ZM4_hap4,zm4.84G0025670,12881
475,M_sativa_ssp_caerulea_landa,Mca051655,4569
475,M_sativa_ssp_caerulea_long,Mca011945,22610
475,M_truncatula_A17,LOC_00018055,28236
475,M_truncatula_HM078,Mtrun008694,14991
478,M_arabica,Mara007729,13208
478,M_lupulina,evm.TU.Chr06.2724,7873
478,M_polymorpha,Mpoly006355,18327
478,M_ruthenica_landa,Mru009519,9545
478,M_ruthenica_zhiwusuo,Mru042170,15407
478,M_sativa_XJDY,Msa113165,6803
478,M_sativa_ZM1,Msa021500,15503
478,M_sativa_ZM4_hap4,zm4.54G0039030,8672
478,M_sativa_ssp_caerulea_landa,Mca052533,1982
478,M_sativa_ssp_caerulea_long,Mca029112,18240
478,M_truncatula_A17,LOC_00015441,7900
478,M_truncatula_HM078,Mtrun021751,8827
481,M_arabica,Mara021442,22649
481,M_lupulina,evm.TU.Chr06.1424,16375
481,M_polymorpha,Mpoly016156,23634
481,M_ruthenica_landa,Mru015975,8177
481,M_ruthenica_zhiwusuo,Mru026609,21448
481,M_sativa_XJDY,Msa069999,14411
481,M_sativa_ZM1,Msa024097,14287
481,M_sativa_ZM4_hap4,zm4.44G0035680,14406
481,M_sativa_ssp_caerulea_landa,Mca051122,12812
481,M_sativa_ssp_caerulea_long,Mca023558,13070
481,M_truncatula_A17,LOC_00004067,14382
481,M_truncatula_HM078,Mtrun018734,14244
482,M_arabica,Mara020640,18180
482,M_lupulina,evm.TU.Chr08.4380,8377
482,M_polymorpha,Mpoly016995,12593
482,M_ruthenica_landa,Mru008316,12749
482,M_ruthenica_zhiwusuo,Mru025358,25544
482,M_sativa_XJDY,Msa070125,10818
482,M_sativa_ZM1,Msa025061,19267
482,M_sativa_ZM4_hap4,zm4.44G0045270,23265
482,M_sativa_ssp_caerulea_landa,Mca052812,9077
482,M_sativa_ssp_caerulea_long,Mca022335,17965
482,M_truncatula_A17,LOC_00005214,12884
482,M_truncatula_HM078,Mtrun039041,8916
484,M_arabica,Mara018066,19477
484,M_lupulina,evm.TU.Chr08.1298,4127
484,M_polymorpha,Mpoly013711,18487
484,M_ruthenica_landa,Mru014571,11207
484,M_ruthenica_zhiwusuo,Mru021099,17188
484,M_sativa_XJDY,Msa067024,13501
484,M_sativa_ZM1,Msa020614,13863
484,M_sativa_ZM4_hap4,zm4.34G0060620,14214
484,M_sativa_ssp_caerulea_landa,Mca051703,1786
484,M_sativa_ssp_caerulea_long,Mca020327,23605
484,M_truncatula_A17,LOC_00019931,14868
484,M_truncatula_HM078,Mtrun014816,14747
485,M_arabica,Mara007681,13211
485,M_lupulina,evm.TU.Chr08.4727,5996
485,M_polymorpha,Mpoly008870,15720
485,M_ruthenica_landa,Mru013843,13008
485,M_ruthenica_zhiwusuo,Mru029516,14000
485,M_sativa_XJDY,Msa069338,11669
485,M_sativa_ZM1,Msa011941,34632
485,M_sativa_ZM4_hap4,zm4.24G0013130,17905
485,M_sativa_ssp_caerulea_landa,Mca053224,10685
485,M_sativa_ssp_caerulea_long,Mca007998,26771
485,M_truncatula_A17,LOC_00019283,12803
485,M_truncatula_HM078,Mtrun009573,12792
486,M_arabica,Mara007911,14533
486,M_lupulina,evm.TU.Chr08.4453,6958
486,M_polymorpha,Mpoly006410,24143
486,M_ruthenica_landa,Mru010287,24413
486,M_ruthenica_zhiwusuo,Mru048086,17629
486,M_sativa_XJDY,Msa129222,17289
486,M_sativa_ZM1,Msa008757,25185
486,M_sativa_ZM4_hap4,zm4.24G0015880,24233
486,M_sativa_ssp_caerulea_landa,Mca052888,7118
486,M_sativa_ssp_caerulea_long,Mca008252,25133
486,M_truncatula_A17,LOC_00015586,22673
486,M_truncatula_HM078,Mtrun006779,22542
491,M_arabica,Mara007650,8933
491,M_lupulina,evm.TU.Chr08.4661,4447
491,M_polymorpha,Mpoly006281,10537
491,M_ruthenica_landa,Mru009908,13799
491,M_ruthenica_zhiwusuo,Mru055752,9084
491,M_sativa_XJDY,Msa070169,6457
491,M_sativa_ZM1,Msa008979,22399
491,M_sativa_ZM4_hap4,zm4.24G0015030,8974
491,M_sativa_ssp_caerulea_landa,Mca051900,13531
491,M_sativa_ssp_caerulea_long,Mca008088,12067
491,M_truncatula_A17,LOC_00015269,10355
491,M_truncatula_HM078,Mtrun030432,10709
499,M_arabica,Mara022459,11094
499,M_lupulina,evm.TU.Chr06.1849,16282
499,M_polymorpha,Mpoly016354,23613
499,M_ruthenica_landa,Mru009707,7188
499,M_ruthenica_zhiwusuo,Mru025946,17336
499,M_sativa_XJDY,Msa093219,12787
499,M_sativa_ZM1,Msa029403,12070
499,M_sativa_ZM4_hap4,zm4.54G0024580,11529
499,M_sativa_ssp_caerulea_landa,Mca053279,4416
499,M_sativa_ssp_caerulea_long,Mca024730,15602
499,M_truncatula_A17,LOC_00004039,11730
499,M_truncatula_HM078,Mtrun023389,12266
500,M_arabica,Mara007757,10106
500,M_lupulina,evm.TU.Chr08.4173,7393
500,M_polymorpha,Mpoly006799,16370
500,M_ruthenica_landa,Mru010833,21435
500,M_ruthenica_zhiwusuo,Mru031686,10378
500,M_sativa_XJDY,Msa153501,14669
500,M_sativa_ZM1,Msa026866,20554
500,M_sativa_ZM4_hap4,zm4.24G0021610,11842
500,M_sativa_ssp_caerulea_landa,Mca053165,16446
500,M_sativa_ssp_caerulea_long,Mca008801,20492
500,M_truncatula_A17,LOC_00001082,12894
500,M_truncatula_HM078,Mtrun020705,11837
502,M_arabica,Mara033200,10920
502,M_lupulina,evm.TU.Chr06.136,9230
502,M_polymorpha,Mpoly025252,9107
502,M_ruthenica_landa,Mru002302,6492
502,M_ruthenica_zhiwusuo,Mru035176,13475
502,M_sativa_XJDY,Msa111494,10543
502,M_sativa_ZM1,Msa032224,8825
502,M_sativa_ZM4_hap4,zm4.64G0015740,10090
502,M_sativa_ssp_caerulea_landa,Mca050554,6622
502,M_sativa_ssp_caerulea_long,Mca030576,10610
502,M_truncatula_A17,LOC_00006122,9928
502,M_truncatula_HM078,Mtrun020364,9853
507,M_arabica,Mara008096,7563
507,M_lupulina,evm.TU.Chr08.4476,7657
507,M_polymorpha,Mpoly009078,13543
507,M_ruthenica_landa,Mru010645,18470
507,M_ruthenica_zhiwusuo,Mru035387,17089
507,M_sativa_XJDY,Msa153252,6256
507,M_sativa_ZM1,Msa024614,15854
507,M_sativa_ZM4_hap4,zm4.24G0017980,11711
507,M_sativa_ssp_caerulea_landa,Mca052918,7206
507,M_sativa_ssp_caerulea_long,Mca024587,17890
507,M_truncatula_A17,LOC_00015834,12155
507,M_truncatula_HM078,Mtrun007238,23209
515,M_arabica,Mara043329,8322
515,M_lupulina,evm.TU.Chr08.2577,7914
515,M_polymorpha,Mpoly006242,11413
515,M_ruthenica_landa,Mru009994,14467
515,M_ruthenica_zhiwusuo,Mru037342,25235
515,M_sativa_XJDY,Msa151037,7185
515,M_sativa_ZM1,Msa045602,8092
515,M_sativa_ZM4_hap4,zm4.64G0032340,11273
515,M_sativa_ssp_caerulea_landa,Mca050642,7274
515,M_sativa_ssp_caerulea_long,Mca017243,12245
515,M_truncatula_A17,LOC_00036821,15615
515,M_truncatula_HM078,Mtrun036299,12940
518,M_arabica,Mara044913,22148
518,M_lupulina,evm.TU.Chr08.2509,20677
518,M_polymorpha,Mpoly033122,20067
518,M_ruthenica_landa,Mru011245,23807
518,M_ruthenica_zhiwusuo,Mru048489,16134
518,M_sativa_XJDY,Msa150944,21902
518,M_sativa_ZM1,Msa020766,23561
518,M_sativa_ZM4_hap4,zm4.84G0034060,20356
518,M_sativa_ssp_caerulea_landa,Mca050553,20753
518,M_sativa_ssp_caerulea_long,Mca047691,20891
518,M_truncatula_A17,LOC_00050470,21578
518,M_truncatula_HM078,Mtrun037062,21821
519,M_arabica,Mara008225,11864
519,M_lupulina,evm.TU.Chr08.4317,12721
519,M_polymorpha,Mpoly006665,10809
519,M_ruthenica_landa,Mru010993,12992
519,M_ruthenica_zhiwusuo,Mru027602,18186
519,M_sativa_XJDY,Msa125533,19452
519,M_sativa_ZM1,Msa009130,25357
519,M_sativa_ZM4_hap4,zm4.24G0028280,14139
519,M_sativa_ssp_caerulea_landa,Mca052727,6662
519,M_sativa_ssp_caerulea_long,Mca048160,27202
519,M_truncatula_A17,LOC_00016089,11140
519,M_truncatula_HM078,Mtrun007108,11220
521,M_arabica,Mara028429,12804
521,M_lupulina,evm.TU.Chr06.1106,13705
521,M_polymorpha,Mpoly031809,26119
521,M_ruthenica_landa,Mru018878,8634
521,M_ruthenica_zhiwusuo,Mru053265,18017
521,M_sativa_XJDY,Msa092336,15804
521,M_sativa_ZM1,Msa028328,12070
521,M_sativa_ZM4_hap4,zm4.54G0014360,12431
521,M_sativa_ssp_caerulea_landa,Mca051435,4071
521,M_sativa_ssp_caerulea_long,Mca027870,14691
521,M_truncatula_A17,LOC_00009062,13990
521,M_truncatula_HM078,Mtrun022662,13886
522,M_arabica,Mara042835,19602
522,M_lupulina,evm.TU.Chr08.2187,18515
522,M_polymorpha,Mpoly017022,16245
522,M_ruthenica_landa,Mru003864,11606
522,M_ruthenica_zhiwusuo,Mru046477,19622
522,M_sativa_XJDY,Msa150470,18801
522,M_sativa_ZM1,Msa049194,13359
522,M_sativa_ZM4_hap4,zm4.84G0029670,17539
522,M_sativa_ssp_caerulea_landa,Mca052344,10865
522,M_sativa_ssp_caerulea_long,Mca046952,12556
522,M_truncatula_A17,LOC_00050488,26454
522,M_truncatula_HM078,Mtrun036736,18722
527,M_arabica,Mara008136,30968
527,M_lupulina,evm.TU.Chr07.4241,8313
527,M_polymorpha,Mpoly021952,9857
527,M_ruthenica_landa,Mru014955,20498
527,M_ruthenica_zhiwusuo,Mru040366,18052
527,M_sativa_XJDY,Msa130225,8265
527,M_sativa_ZM1,Msa008994,15748
527,M_sativa_ZM4_hap4,zm4.74G0060920,8043
527,M_sativa_ssp_caerulea_landa,Mca051493,3746
527,M_sativa_ssp_caerulea_long,Mca007443,23879
527,M_truncatula_A17,LOC_00045909,8334
527,M_truncatula_HM078,Mtrun006981,12313
533,M_arabica,Mara019472,9054
533,M_lupulina,evm.TU.Chr07.2125,8971
533,M_polymorpha,Mpoly000260,14694
533,M_ruthenica_landa,Mru011762,13447
533,M_ruthenica_zhiwusuo,Mru039867,12708
533,M_sativa_XJDY,Msa112017,9517
533,M_sativa_ZM1,Msa042675,29345
533,M_sativa_ZM4_hap4,zm4.44G0047110,15487
533,M_sativa_ssp_caerulea_landa,Mca050700,6782
533,M_sativa_ssp_caerulea_long,Mca029921,18507
533,M_truncatula_A17,LOC_00011501,13280
533,M_truncatula_HM078,Mtrun004731,10598
538,M_arabica,Mara010328,22379
538,M_lupulina,evm.TU.Chr08.1727,19951
538,M_polymorpha,Mpoly008499,20667
538,M_ruthenica_landa,Mru012378,14541
538,M_ruthenica_zhiwusuo,Mru052087,11695
538,M_sativa_XJDY,Msa150097,11331
538,M_sativa_ZM1,Msa011474,15225
538,M_sativa_ZM4_hap4,zm4.24G0023540,22048
538,M_sativa_ssp_caerulea_landa,Mca052281,1564
538,M_sativa_ssp_caerulea_long,Mca010559,21182
538,M_truncatula_A17,LOC_00016490,13371
538,M_truncatula_HM078,Mtrun036505,15226
548,M_arabica,Mara026106,24332
548,M_lupulina,evm.TU.Chr08.4368,5174
548,M_polymorpha,Mpoly024966,20099
548,M_ruthenica_landa,Mru011255,4876
548,M_ruthenica_zhiwusuo,Mru052666,23961
548,M_sativa_XJDY,Msa094889,8810
548,M_sativa_ZM1,Msa029181,12649
548,M_sativa_ZM4_hap4,zm4.54G0046360,9487
548,M_sativa_ssp_caerulea_landa,Mca052796,5276
548,M_sativa_ssp_caerulea_long,Mca008960,18097
548,M_truncatula_A17,LOC_00016353,10912
548,M_truncatula_HM078,Mtrun007250,10138
550,M_arabica,Mara023032,10501
550,M_lupulina,evm.TU.Chr08.1166,16217
550,M_polymorpha,Mpoly014039,19353
550,M_ruthenica_landa,Mru012441,8358
550,M_ruthenica_zhiwusuo,Mru030575,20532
550,M_sativa_XJDY,Msa071227,11404
550,M_sativa_ZM1,Msa025595,13817
550,M_sativa_ZM4_hap4,zm4.44G0050830,14590
550,M_sativa_ssp_caerulea_landa,Mca051249,14901
550,M_sativa_ssp_caerulea_long,Mca019790,15248
550,M_truncatula_A17,LOC_00009108,5755
550,M_truncatula_HM078,Mtrun016473,7537
554,M_arabica,Mara024448,10133
554,M_lupulina,evm.TU.Chr06.2817,6891
554,M_polymorpha,Mpoly024046,10249
554,M_ruthenica_landa,Mru003154,1556
554,M_ruthenica_zhiwusuo,Mru052824,8084
554,M_sativa_XJDY,Msa095880,10078
554,M_sativa_ZM1,Msa030359,22657
554,M_sativa_ZM4_hap4,zm4.34G0010470,13727
554,M_sativa_ssp_caerulea_landa,Mca051471,1849
554,M_sativa_ssp_caerulea_long,Mca034363,15662
554,M_truncatula_A17,LOC_00013630,10761
554,M_truncatula_HM078,Mtrun026019,10697
555,M_arabica,Mara011554,14260
555,M_lupulina,evm.TU.Chr08.327,7458
555,M_polymorpha,Mpoly009486,16373
555,M_ruthenica_landa,Mru014521,15133
555,M_ruthenica_zhiwusuo,Mru020697,9862
555,M_sativa_XJDY,Msa070427,8291
555,M_sativa_ZM1,Msa048103,16143
555,M_sativa_ZM4_hap4,zm4.24G0047840,8805
555,M_sativa_ssp_caerulea_landa,Mca051836,8078
555,M_sativa_ssp_caerulea_long,Mca012057,33132
555,M_truncatula_A17,LOC_00019886,11287
555,M_truncatula_HM078,Mtrun009134,17647
557,M_arabica,Mara008119,10142
557,M_lupulina,evm.TU.Chr07.3858,21948
557,M_polymorpha,Mpoly033296,16335
557,M_ruthenica_landa,Mru008150,12019
557,M_ruthenica_zhiwusuo,Mru049058,22771
557,M_sativa_XJDY,Msa068154,20801
557,M_sativa_ZM1,Msa042598,16095
557,M_sativa_ZM4_hap4,zm4.54G0028520,14664
557,M_sativa_ssp_caerulea_landa,Mca051676,13166
557,M_sativa_ssp_caerulea_long,Mca041245,24152
557,M_truncatula_A17,LOC_00015877,9884
557,M_truncatula_HM078,Mtrun006973,10020
558,M_arabica,Mara018262,24234
558,M_lupulina,evm.TU.Chr08.4169,9036
558,M_polymorpha,Mpoly007160,13855
558,M_ruthenica_landa,Mru012217,13355
558,M_ruthenica_zhiwusuo,Mru019999,11013
558,M_sativa_XJDY,Msa067233,8912
558,M_sativa_ZM1,Msa011633,13207
558,M_sativa_ZM4_hap4,zm4.24G0040020,15160
558,M_sativa_ssp_caerulea_landa,Mca050809,7864
558,M_sativa_ssp_caerulea_long,Mca026525,23828
558,M_truncatula_A17,LOC_00036654,18241
558,M_truncatula_HM078,Mtrun007540,13665
560,M_arabica,Mara044035,30165
560,M_lupulina,evm.TU.Chr08.3218,26260
560,M_polymorpha,Mpoly033808,27273
560,M_ruthenica_landa,Mru053640,18746
560,M_ruthenica_zhiwusuo,Mru054876,18692
560,M_sativa_XJDY,Msa152243,20550
560,M_sativa_ZM1,Msa050421,27119
560,M_sativa_ZM4_hap4,zm4.84G0042350,29854
560,M_sativa_ssp_caerulea_landa,Mca051366,27344
560,M_sativa_ssp_caerulea_long,Mca048528,25814
560,M_truncatula_A17,LOC_00051416,27619
560,M_truncatula_HM078,Mtrun037757,27877
562,M_arabica,Mara029030,22884
562,M_lupulina,evm.TU.Chr06.2206,8563
562,M_polymorpha,Mpoly018022,12806
562,M_ruthenica_landa,Mru006253,7264
562,M_ruthenica_zhiwusuo,Mru029456,6806
562,M_sativa_XJDY,Msa071903,11269
562,M_sativa_ZM1,Msa025175,6803
562,M_sativa_ZM4_hap4,zm4.44G0058260,10748
562,M_sativa_ssp_caerulea_landa,Mca051188,2113
562,M_sativa_ssp_caerulea_long,Mca025713,14213
562,M_truncatula_A17,LOC_00006662,11186
562,M_truncatula_HM078,Mtrun020784,11135
568,M_arabica,Mara040433,15630
568,M_lupulina,evm.TU.Chr07.2115,5625
568,M_polymorpha,Mpoly017703,20728
568,M_ruthenica_landa,Mru011705,3890
568,M_ruthenica_zhiwusuo,Mru028188,8368
568,M_sativa_XJDY,Msa071525,15779
568,M_sativa_ZM1,Msa019150,12945
568,M_sativa_ZM4_hap4,zm4.44G0053960,15779
568,M_sativa_ssp_caerulea_landa,Mca053317,3019
568,M_sativa_ssp_caerulea_long,Mca013466,36056
568,M_truncatula_A17,LOC_00005380,8763
568,M_truncatula_HM078,Mtrun019769,8782
572,M_arabica,Mara030362,5552
572,M_lupulina,evm.TU.Chr06.3047,8027
572,M_polymorpha,Mpoly015821,8152
572,M_ruthenica_landa,Mru015050,15251
572,M_ruthenica_zhiwusuo,Mru039658,2914
572,M_sativa_XJDY,Msa067624,28280
572,M_sativa_ZM1,Msa040095,20457
572,M_sativa_ZM4_hap4,zm4.24G0034790,25344
572,M_sativa_ssp_caerulea_landa,Mca052002,1703
572,M_sativa_ssp_caerulea_long,Mca042865,9095
572,M_truncatula_A17,LOC_00003565,8300
572,M_truncatula_HM078,Mtrun018367,8330
573,M_arabica,Mara013544,12867
573,M_lupulina,evm.TU.Chr08.3678,5865
573,M_polymorpha,Mpoly021417,17752
573,M_ruthenica_landa,Mru014510,20350
573,M_ruthenica_zhiwusuo,Mru051468,24887
573,M_sativa_XJDY,Msa152313,5385
573,M_sativa_ZM1,Msa015169,12965
573,M_sativa_ZM4_hap4,zm4.34G0023530,20404
573,M_sativa_ssp_caerulea_landa,Mca052342,5311
573,M_sativa_ssp_caerulea_long,Mca014873,13068
573,M_truncatula_A17,LOC_00034107,13102
573,M_truncatula_HM078,Mtrun011787,13023
574,M_arabica,Mara008755,17983
574,M_lupulina,evm.TU.Chr06.1885,10495
574,M_polymorpha,Mpoly007130,18476
574,M_ruthenica_landa,Mru011842,5983
574,M_ruthenica_zhiwusuo,Mru027422,15558
574,M_sativa_XJDY,Msa071085,10539
574,M_sativa_ZM1,Msa027862,14369
574,M_sativa_ZM4_hap4,zm4.84G0025150,28162
574,M_sativa_ssp_caerulea_landa,Mca051004,4525
574,M_sativa_ssp_caerulea_long,Mca009235,23201
574,M_truncatula_A17,LOC_00016738,16972
574,M_truncatula_HM078,Mtrun007512,16855
578,M_arabica,Mara021573,30376
578,M_lupulina,evm.TU.Chr08.3781,5162
578,M_polymorpha,Mpoly016266,13449
578,M_ruthenica_landa,Mru011040,7807
578,M_ruthenica_zhiwusuo,Mru032875,14465
578,M_sativa_XJDY,Msa070147,17904
578,M_sativa_ZM1,Msa009981,12520
578,M_sativa_ZM4_hap4,zm4.44G0039190,9230
578,M_sativa_ssp_caerulea_landa,Mca052091,5105
578,M_sativa_ssp_caerulea_long,Mca027320,19210
578,M_truncatula_A17,LOC_00017065,14020
578,M_truncatula_HM078,Mtrun007861,21336
581,M_arabica,Mara034735,23027
581,M_lupulina,evm.TU.Chr07.153,23084
581,M_polymorpha,Mpoly026414,11794
581,M_ruthenica_landa,Mru012116,4703
581,M_ruthenica_zhiwusuo,Mru041791,14626
581,M_sativa_XJDY,Msa148208,15690
581,M_sativa_ZM1,Msa039874,12954
581,M_sativa_ZM4_hap4,zm4.44G0014670,13388
581,M_sativa_ssp_caerulea_landa,Mca051193,5610
581,M_sativa_ssp_caerulea_long,Mca040785,30025
581,M_truncatula_A17,LOC_00039663,69781
581,M_truncatula_HM078,Mtrun029611,33634
582,M_arabica,Mara034032,10430
582,M_lupulina,evm.TU.Chr08.200,11215
582,M_polymorpha,Mpoly021800,19956
582,M_ruthenica_landa,Mru009209,17113
582,M_ruthenica_zhiwusuo,Mru021841,12544
582,M_sativa_XJDY,Msa128324,9783
582,M_sativa_ZM1,Msa019924,17938
582,M_sativa_ZM4_hap4,zm4.24G0024480,8469
582,M_sativa_ssp_caerulea_landa,Mca051849,7308
582,M_sativa_ssp_caerulea_long,Mca009318,12884
582,M_truncatula_A17,LOC_00043976,13645
582,M_truncatula_HM078,Mtrun032456,12064
583,M_arabica,Mara009898,21451
583,M_lupulina,evm.TU.Chr08.4565,6722
583,M_polymorpha,Mpoly008137,12550
583,M_ruthenica_landa,Mru013002,22337
583,M_ruthenica_zhiwusuo,Mru054285,16028
583,M_sativa_XJDY,Msa091079,12140
583,M_sativa_ZM1,Msa046293,28731
583,M_sativa_ZM4_hap4,zm4.24G0037420,14735
583,M_sativa_ssp_caerulea_landa,Mca053017,9666
583,M_sativa_ssp_caerulea_long,Mca010433,20842
583,M_truncatula_A17,LOC_00017021,9296
583,M_truncatula_HM078,Mtrun008553,23304
584,M_arabica,Mara002187,15131
584,M_lupulina,evm.TU.Chr08.937,4845
584,M_polymorpha,Mpoly001772,14245
584,M_ruthenica_landa,Mru012921,11990
584,M_ruthenica_zhiwusuo,Mru049840,19750
584,M_sativa_XJDY,Msa068087,42259
584,M_sativa_ZM1,Msa002382,14386
584,M_sativa_ZM4_hap4,zm4.14G0022320,14395
584,M_sativa_ssp_caerulea_landa,Mca051944,4175
584,M_sativa_ssp_caerulea_long,Mca021390,24192
584,M_truncatula_A17,LOC_00013642,18469
584,M_truncatula_HM078,Mtrun026028,18353
585,M_arabica,Mara044636,11102
585,M_lupulina,evm.TU.Chr08.3745,11189
585,M_polymorpha,Mpoly027606,18213
585,M_ruthenica_landa,Mru015886,13738
585,M_ruthenica_zhiwusuo,Mru033097,28834
585,M_sativa_XJDY,Msa152443,11422
585,M_sativa_ZM1,Msa033661,23745
585,M_sativa_ZM4_hap4,zm4.14G0015400,19293
585,M_sativa_ssp_caerulea_landa,Mca052042,10997
585,M_sativa_ssp_caerulea_long,Mca030276,15878
585,M_truncatula_A17,LOC_00052100,11912
585,M_truncatula_HM078,Mtrun038330,11623
589,M_arabica,Mara019892,7398
589,M_lupulina,evm.TU.Chr07.3845,6722
589,M_polymorpha,Mpoly007176,12571
589,M_ruthenica_landa,Mru017527,15362
589,M_ruthenica_zhiwusuo,Mru052480,15758
589,M_sativa_XJDY,Msa094856,8047
589,M_sativa_ZM1,Msa006106,11011
589,M_sativa_ZM4_hap4,zm4.34G0031480,11501
589,M_sativa_ssp_caerulea_landa,Mca052086,1970
589,M_sativa_ssp_caerulea_long,Mca013825,12059
589,M_truncatula_A17,LOC_00017819,8202
589,M_truncatula_HM078,Mtrun028865,30084
590,M_arabica,Mara011134,14640
590,M_lupulina,evm.TU.Chr06.2171,3376
590,M_polymorpha,Mpoly015060,18994
590,M_ruthenica_landa,Mru013941,13404
590,M_ruthenica_zhiwusuo,Mru027659,13495
590,M_sativa_XJDY,Msa129354,17029
590,M_sativa_ZM1,Msa022525,22432
590,M_sativa_ZM4_hap4,zm4.54G0026030,13054
590,M_sativa_ssp_caerulea_landa,Mca051965,3398
590,M_sativa_ssp_caerulea_long,Mca022922,22306
590,M_truncatula_A17,LOC_00019401,15415
590,M_truncatula_HM078,Mtrun009652,15346
591,M_arabica,Mara006065,13197
591,M_lupulina,evm.TU.Chr07.4393,6960
591,M_polymorpha,Mpoly015674,39645
591,M_ruthenica_landa,Mru012274,11507
591,M_ruthenica_zhiwusuo,Mru044955,11936
591,M_sativa_XJDY,Msa093739,17988
591,M_sativa_ZM1,Msa001942,18141
591,M_sativa_ZM4_hap4,zm4.64G0045700,10155
591,M_sativa_ssp_caerulea_landa,Mca053051,3455
591,M_sativa_ssp_caerulea_long,Mca038188,27143
591,M_truncatula_A17,LOC_00027088,8667
591,M_truncatula_HM078,Mtrun003728,9541
593,M_arabica,Mara012512,13023
593,M_lupulina,evm.TU.Chr08.1256,4251
593,M_polymorpha,Mpoly021574,9618
593,M_ruthenica_landa,Mru015786,8991
593,M_ruthenica_zhiwusuo,Mru035341,17572
593,M_sativa_XJDY,Msa095611,9120
593,M_sativa_ZM1,Msa014052,12387
593,M_sativa_ZM4_hap4,zm4.14G0027190,18086
593,M_sativa_ssp_caerulea_landa,Mca051617,12623
593,M_sativa_ssp_caerulea_long,Mca034681,22897
593,M_truncatula_A17,LOC_00033354,7200
593,M_truncatula_HM078,Mtrun011076,7338
595,M_arabica,Mara035763,14553
595,M_lupulina,evm.TU.Chr08.4615,11265
595,M_polymorpha,Mpoly020858,38080
595,M_ruthenica_landa,Mru018124,15398
595,M_ruthenica_zhiwusuo,Mru042843,16234
595,M_sativa_XJDY,Msa129078,10601
595,M_sativa_ZM1,Msa026940,17207
595,M_sativa_ZM4_hap4,zm4.64G0036960,29419
595,M_sativa_ssp_caerulea_landa,Mca053090,6626
595,M_sativa_ssp_caerulea_long,Mca037773,19347
595,M_truncatula_A17,LOC_00022007,9935
595,M_truncatula_HM078,Mtrun028767,9055
604,M_arabica,Mara023292,27539
604,M_lupulina,evm.TU.Chr07.3405,6017
604,M_polymorpha,Mpoly002040,8706
604,M_ruthenica_landa,Mru001236,11591
604,M_ruthenica_zhiwusuo,Mru046618,8412
604,M_sativa_XJDY,Msa126015,11253
604,M_sativa_ZM1,Msa025829,46355
604,M_sativa_ZM4_hap4,zm4.72G0007160,14067
604,M_sativa_ssp_caerulea_landa,Mca052355,8758
604,M_sativa_ssp_caerulea_long,Mca021317,15326
604,M_truncatula_A17,LOC_00036053,20941
604,M_truncatula_HM078,Mtrun002190,9403
605,M_arabica,Mara009292,15516
605,M_lupulina,evm.TU.Chr07.4356,5028
605,M_polymorpha,Mpoly017378,6237
605,M_ruthenica_landa,Mru002645,21538
605,M_ruthenica_zhiwusuo,Mru027696,9197
605,M_sativa_XJDY,Msa071158,6010
605,M_sativa_ZM1,Msa040617,14325
605,M_sativa_ZM4_hap4,zm4.74G0020740,6390
605,M_sativa_ssp_caerulea_landa,Mca052641,3543
605,M_sativa_ssp_caerulea_long,Mca009437,15447
605,M_truncatula_A17,LOC_00016656,5917
605,M_truncatula_HM078,Mtrun024915,7771
608,M_arabica,Mara008941,9603
608,M_lupulina,evm.TU.Chr08.22,8198
608,M_polymorpha,Mpoly031735,16893
608,M_ruthenica_landa,Mru018731,4399
608,M_ruthenica_zhiwusuo,Mru045774,8686
608,M_sativa_XJDY,Msa148755,5517
608,M_sativa_ZM1,Msa025799,9859
608,M_sativa_ZM4_hap4,zm4.84G0014550,21261
608,M_sativa_ssp_caerulea_landa,Mca051309,5473
608,M_sativa_ssp_caerulea_long,Mca046463,14562
608,M_truncatula_A17,LOC_00044553,8180
608,M_truncatula_HM078,Mtrun035567,6256
610,M_arabica,Mara035254,24350
610,M_lupulina,evm.TU.Chr07.525,31043
610,M_polymorpha,Mpoly026817,22527
610,M_ruthenica_landa,Mru010905,8576
610,M_ruthenica_zhiwusuo,Mru043214,25173
610,M_sativa_XJDY,Msa126013,26674
610,M_sativa_ZM1,Msa040490,32395
610,M_sativa_ZM4_hap4,zm4.54G0030330,22459
610,M_sativa_ssp_caerulea_landa,Mca050887,3987
610,M_sativa_ssp_caerulea_long,Mca038342,29940
610,M_truncatula_A17,LOC_00040296,27911
610,M_truncatula_HM078,Mtrun030011,27645
611,M_arabica,Mara039101,5561
611,M_lupulina,evm.TU.Chr06.2899,6264
611,M_polymorpha,Mpoly027882,5899
611,M_ruthenica_landa,Mru016940,15270
611,M_ruthenica_zhiwusuo,Mru021773,40117
611,M_sativa_XJDY,Msa128014,9813
611,M_sativa_ZM1,Msa051326,14882
611,M_sativa_ZM4_hap4,zm4.71G0017970,22782
611,M_sativa_ssp_caerulea_landa,Mca052043,3915
611,M_sativa_ssp_caerulea_long,Mca001953,22238
611,M_truncatula_A17,LOC_00042176,6035
611,M_truncatula_HM078,Mtrun031900,11153
614,M_arabica,Mara011290,13271
614,M_lupulina,evm.TU.Chr08.517,7218
614,M_polymorpha,Mpoly006297,8630
614,M_ruthenica_landa,Mru010105,9547
614,M_ruthenica_zhiwusuo,Mru049636,6721
614,M_sativa_XJDY,Msa091555,5858
614,M_sativa_ZM1,Msa027602,32630
614,M_sativa_ZM4_hap4,zm4.24G0052550,10022
614,M_sativa_ssp_caerulea_landa,Mca052476,1961
614,M_sativa_ssp_caerulea_long,Mca049746,21697
614,M_truncatula_A17,LOC_00019726,7367
614,M_truncatula_HM078,Mtrun006670,7441
616,M_arabica,Mara026381,12630
616,M_lupulina,evm.TU.Chr07.1433,19611
616,M_polymorpha,Mpoly027536,20410
616,M_ruthenica_landa,Mru012374,8660
616,M_ruthenica_zhiwusuo,Mru040166,19675
616,M_sativa_XJDY,Msa093922,13730
616,M_sativa_ZM1,Msa041793,19527
616,M_sativa_ZM4_hap4,zm4.74G0021980,18384
616,M_sativa_ssp_caerulea_landa,Mca052161,3473
616,M_sativa_ssp_caerulea_long,Mca000034,16754
616,M_truncatula_A17,LOC_00041593,19090
616,M_truncatula_HM078,Mtrun030904,19025
619,M_arabica,Mara010247,11590
619,M_lupulina,evm.TU.Chr06.1626,7676
619,M_polymorpha,Mpoly015802,15969
619,M_ruthenica_landa,Mru014005,20444
619,M_ruthenica_zhiwusuo,Mru030339,11395
619,M_sativa_XJDY,Msa069357,9651
619,M_sativa_ZM1,Msa026637,18443
619,M_sativa_ZM4_hap4,zm4.24G0044050,13246
619,M_sativa_ssp_caerulea_landa,Mca053142,5301
619,M_sativa_ssp_caerulea_long,Mca012138,18733
619,M_truncatula_A17,LOC_00019447,14052
619,M_truncatula_HM078,Mtrun009685,14066
620,M_arabica,Mara024073,12221
620,M_lupulina,evm.TU.Chr07.2725,9666
620,M_polymorpha,Mpoly018310,11331
620,M_ruthenica_landa,Mru009057,4412
620,M_ruthenica_zhiwusuo,Mru035851,14674
620,M_sativa_XJDY,Msa130599,11391
620,M_sativa_ZM1,Msa014449,15867
620,M_sativa_ZM4_hap4,zm4.74G0066110,13222
620,M_sativa_ssp_caerulea_landa,Mca051205,6566
620,M_sativa_ssp_caerulea_long,Mca030439,19549
620,M_truncatula_A17,LOC_00046541,11979
620,M_truncatula_HM078,Mtrun034311,12054
628,M_arabica,Mara044086,13065
628,M_lupulina,evm.TU.Chr08.3261,13624
628,M_polymorpha,Mpoly033849,14886
628,M_ruthenica_landa,Mru012207,11557
628,M_ruthenica_zhiwusuo,Mru033164,28281
628,M_sativa_XJDY,Msa151803,25533
628,M_sativa_ZM1,Msa027083,9277
628,M_sativa_ZM4_hap4,zm4.84G0042930,12346
628,M_sativa_ssp_caerulea_landa,Mca051422,14497
628,M_sativa_ssp_caerulea_long,Mca048577,13765
628,M_truncatula_A17,LOC_00030996,20461
628,M_truncatula_HM078,Mtrun037801,13474
630,M_arabica,Mara016557,13268
630,M_lupulina,evm.TU.Chr08.2486,3716
630,M_polymorpha,Mpoly017366,23076
630,M_ruthenica_landa,Mru013660,7451
630,M_ruthenica_zhiwusuo,Mru039817,15856
630,M_sativa_XJDY,Msa066810,7153
630,M_sativa_ZM1,Msa019947,13223
630,M_sativa_ZM4_hap4,zm4.24G0036190,17772
630,M_sativa_ssp_caerulea_landa,Mca050528,2918
630,M_sativa_ssp_caerulea_long,Mca035892,21199
630,M_truncatula_A17,LOC_00017487,10022
630,M_truncatula_HM078,Mtrun020060,13030
633,M_arabica,Mara021447,7953
633,M_lupulina,evm.TU.Chr08.3750,996
633,M_polymorpha,Mpoly015712,12078
633,M_ruthenica_landa,Mru013190,14167
633,M_ruthenica_zhiwusuo,Mru051756,11632
633,M_sativa_XJDY,Msa070225,8542
633,M_sativa_ZM1,Msa023350,8642
633,M_sativa_ZM4_hap4,zm4.44G0049180,13467
633,M_sativa_ssp_caerulea_landa,Mca052048,1248
633,M_sativa_ssp_caerulea_long,Mca023064,15281
633,M_truncatula_A17,LOC_00003486,7635
633,M_truncatula_HM078,Mtrun018325,7424
636,M_arabica,Mara011814,19911
636,M_lupulina,evm.TU.Chr08.4456,9678
636,M_polymorpha,Mpoly009703,19221
636,M_ruthenica_landa,Mru002798,15849
636,M_ruthenica_zhiwusuo,Mru019984,10565
636,M_sativa_XJDY,Msa153229,9934
636,M_sativa_ZM1,Msa044105,15350
636,M_sativa_ZM4_hap4,zm4.24G0055060,16916
636,M_sativa_ssp_caerulea_landa,Mca051749,9762
636,M_sativa_ssp_caerulea_long,Mca012322,21345
636,M_truncatula_A17,LOC_00020198,20407
636,M_truncatula_HM078,Mtrun010222,20749
638,M_arabica,Mara034242,9441
638,M_lupulina,evm.TU.Chr08.3500,9995
638,M_polymorpha,Mpoly022234,40308
638,M_ruthenica_landa,Mru017344,21166
638,M_ruthenica_zhiwusuo,Mru031666,20858
638,M_sativa_XJDY,Msa152187,8659
638,M_sativa_ZM1,Msa034095,9606
638,M_sativa_ZM4_hap4,zm4.34G0012660,12732
638,M_sativa_ssp_caerulea_landa,Mca051693,6509
638,M_sativa_ssp_caerulea_long,Mca032226,9345
638,M_truncatula_A17,LOC_00027740,9395
638,M_truncatula_HM078,Mtrun026274,9354
657,M_arabica,Mara010178,21979
657,M_lupulina,evm.TU.Chr08.1744,4078
657,M_polymorpha,Mpoly011842,9155
657,M_ruthenica_landa,Mru018785,81198
657,M_ruthenica_zhiwusuo,Mru019706,78407
657,M_sativa_XJDY,Msa092091,12229
657,M_sativa_ZM1,Msa046054,14017
657,M_sativa_ZM4_hap4,zm4.34G0037090,12758
657,M_sativa_ssp_caerulea_landa,Mca051711,2819
657,M_sativa_ssp_caerulea_long,Mca016327,13217
657,M_truncatula_A17,LOC_00035613,8878
657,M_truncatula_HM078,Mtrun012806,8866
659,M_arabica,Mara014626,36147
659,M_lupulina,evm.TU.Chr07.4283,999
659,M_polymorpha,Mpoly008410,17659
659,M_ruthenica_landa,Mru014324,12073
659,M_ruthenica_zhiwusuo,Mru051874,11884
659,M_sativa_XJDY,Msa069208,20386
659,M_sativa_ZM1,Msa011359,18941
659,M_sativa_ZM4_hap4,zm4.24G0043550,18974
659,M_sativa_ssp_caerulea_landa,Mca050972,2529
659,M_sativa_ssp_caerulea_long,Mca011156,34079
659,M_truncatula_A17,LOC_00018755,9916
659,M_truncatula_HM078,Mtrun009190,10299
662,M_arabica,Mara015623,9591
662,M_lupulina,evm.TU.Chr08.3223,4590
662,M_polymorpha,Mpoly033183,11685
662,M_ruthenica_landa,Mru018496,10493
662,M_ruthenica_zhiwusuo,Mru043464,14385
662,M_sativa_XJDY,Msa094697,9418
662,M_sativa_ZM1,Msa046209,11645
662,M_sativa_ZM4_hap4,zm4.34G0048400,11321
662,M_sativa_ssp_caerulea_landa,Mca051371,1923
662,M_sativa_ssp_caerulea_long,Mca017496,11606
662,M_truncatula_A17,LOC_00036899,9940
662,M_truncatula_HM078,Mtrun013723,9859
663,M_arabica,Mara037934,10089
663,M_lupulina,evm.TU.Chr07.2542,5421
663,M_polymorpha,Mpoly022467,8571
663,M_ruthenica_landa,Mru014213,10979
663,M_ruthenica_zhiwusuo,Mru027928,22226
663,M_sativa_XJDY,Msa130609,14617
663,M_sativa_ZM1,Msa016016,17288
663,M_sativa_ZM4_hap4,zm4.34G0046710,13204
663,M_sativa_ssp_caerulea_landa,Mca052049,3920
663,M_sativa_ssp_caerulea_long,Mca034681,22897
663,M_truncatula_A17,LOC_00029859,8262
663,M_truncatula_HM078,Mtrun031341,8742
666,M_arabica,Mara016576,20962
666,M_lupulina,evm.TU.Chr08.2671,4917
666,M_polymorpha,Mpoly013365,13145
666,M_ruthenica_landa,Mru014594,4471
666,M_ruthenica_zhiwusuo,Mru022422,12084
666,M_sativa_XJDY,Msa067095,17962
666,M_sativa_ZM1,Msa020656,10069
666,M_sativa_ZM4_hap4,zm4.84G0036410,23467
666,M_sativa_ssp_caerulea_landa,Mca050772,6008
666,M_sativa_ssp_caerulea_long,Mca020213,16694
666,M_truncatula_A17,LOC_00039242,9808
666,M_truncatula_HM078,Mtrun007078,11507
669,M_arabica,Mara034951,15550
669,M_lupulina,evm.TU.Chr07.431,14150
669,M_polymorpha,Mpoly022319,15688
669,M_ruthenica_landa,Mru019043,5831
669,M_ruthenica_zhiwusuo,Mru042339,31545
669,M_sativa_XJDY,Msa125900,14469
669,M_sativa_ZM1,Msa034183,17262
669,M_sativa_ZM4_hap4,zm4.74G0014190,13980
669,M_sativa_ssp_caerulea_landa,Mca052366,3817
669,M_sativa_ssp_caerulea_long,Mca032160,17690
669,M_truncatula_A17,LOC_00027658,29953
669,M_truncatula_HM078,Mtrun029911,12548
684,M_arabica,Mara040142,20798
684,M_lupulina,evm.TU.Chr08.45,23227
684,M_polymorpha,Mpoly030700,22138
684,M_ruthenica_landa,Mru013993,18753
684,M_ruthenica_zhiwusuo,Mru049945,21965
684,M_sativa_XJDY,Msa112390,10519
684,M_sativa_ZM1,Msa038689,17589
684,M_sativa_ZM4_hap4,zm4.84G0000320,22758
684,M_sativa_ssp_caerulea_landa,Mca053058,2047
684,M_sativa_ssp_caerulea_long,Mca046270,24944
684,M_truncatula_A17,LOC_00046687,21856
684,M_truncatula_HM078,Mtrun007242,43681
696,M_arabica,Mara010922,18667
696,M_lupulina,evm.TU.Chr08.2546,5891
696,M_polymorpha,Mpoly008971,19722
696,M_ruthenica_landa,Mru013669,24078
696,M_ruthenica_zhiwusuo,Mru029828,16635
696,M_sativa_XJDY,Msa070848,16580
696,M_sativa_ZM1,Msa012061,19402
696,M_sativa_ZM4_hap4,zm4.24G0046510,18748
696,M_sativa_ssp_caerulea_landa,Mca050607,11657
696,M_sativa_ssp_caerulea_long,Mca012367,33597
696,M_truncatula_A17,LOC_00019110,21769
696,M_truncatula_HM078,Mtrun009442,22965
699,M_arabica,Mara024421,11964
699,M_lupulina,evm.TU.Chr08.4724,7784
699,M_polymorpha,Mpoly014411,20537
699,M_ruthenica_landa,Mru015504,19518
699,M_ruthenica_zhiwusuo,Mru024046,17278
699,M_sativa_XJDY,Msa068655,16710
699,M_sativa_ZM1,Msa022890,12445
699,M_sativa_ZM4_hap4,zm4.44G0022140,16125
699,M_sativa_ssp_caerulea_landa,Mca052880,6623
699,M_sativa_ssp_caerulea_long,Mca022155,16113
699,M_truncatula_A17,LOC_00002478,16746
699,M_truncatula_HM078,Mtrun017607,16561
715,M_arabica,Mara029177,55386
715,M_lupulina,evm.TU.Chr06.462,54654
715,M_polymorpha,Mpoly019081,55130
715,M_ruthenica_landa,Mru014614,950
715,M_ruthenica_zhiwusuo,Mru030620,28759
715,M_sativa_XJDY,Msa091565,57072
715,M_sativa_ZM1,Msa050249,13969
715,M_sativa_ZM4_hap4,zm4.54G0006240,56178
715,M_sativa_ssp_caerulea_landa,Mca051177,16155
715,M_sativa_ssp_caerulea_long,Mca027081,60189
715,M_truncatula_A17,LOC_00008162,54721
715,M_truncatula_HM078,Mtrun021951,54555
717,M_arabica,Mara011305,9837
717,M_lupulina,evm.TU.Chr06.287,6055
717,M_polymorpha,Mpoly007719,11060
717,M_ruthenica_landa,Mru014986,13485
717,M_ruthenica_zhiwusuo,Mru027022,6979
717,M_sativa_XJDY,Msa066693,15621
717,M_sativa_ZM1,Msa013028,24747
717,M_sativa_ZM4_hap4,zm4.54G0019150,17488
717,M_sativa_ssp_caerulea_landa,Mca051984,4921
717,M_sativa_ssp_caerulea_long,Mca037684,16531
717,M_truncatula_A17,LOC_00020076,8988
717,M_truncatula_HM078,Mtrun018991,9251
718,M_arabica,Mara030813,17159
718,M_lupulina,evm.TU.Chr06.3190,9729
718,M_polymorpha,Mpoly023657,12426
718,M_ruthenica_landa,Mru002598,11262
718,M_ruthenica_zhiwusuo,Mru041595,9622
718,M_sativa_XJDY,Msa113915,10105
718,M_sativa_ZM1,Msa045697,17669
718,M_sativa_ZM4_hap4,zm4.73G0027860,20302
718,M_sativa_ssp_caerulea_landa,Mca051821,6247
718,M_sativa_ssp_caerulea_long,Mca037330,19418
718,M_truncatula_A17,LOC_00031414,13554
718,M_truncatula_HM078,Mtrun029074,19477
719,M_arabica,Mara018077,15398
719,M_lupulina,evm.TU.Chr08.2155,4548
719,M_polymorpha,Mpoly013701,15629
719,M_ruthenica_landa,Mru014798,13359
719,M_ruthenica_zhiwusuo,Mru023139,16445
719,M_sativa_XJDY,Msa067018,17672
719,M_sativa_ZM1,Msa020608,17491
719,M_sativa_ZM4_hap4,zm4.44G0003930,16110
719,M_sativa_ssp_caerulea_landa,Mca053007,5954
719,M_sativa_ssp_caerulea_long,Mca012475,17348
719,M_truncatula_A17,LOC_00000435,15643
719,M_truncatula_HM078,Mtrun015972,15512
721,M_arabica,Mara022161,9542
721,M_lupulina,evm.TU.Chr06.3032,5264
721,M_polymorpha,Mpoly016760,10171
721,M_ruthenica_landa,Mru016622,341
721,M_ruthenica_zhiwusuo,Mru025060,14686
721,M_sativa_XJDY,Msa126775,24503
721,M_sativa_ZM1,Msa035638,25194
721,M_sativa_ZM4_hap4,zm4.74G0004960,15501
721,M_sativa_ssp_caerulea_landa,Mca052478,1310
721,M_sativa_ssp_caerulea_long,Mca033914,28286
721,M_truncatula_A17,LOC_00000287,10477
721,M_truncatula_HM078,Mtrun019360,10401
723,M_arabica,Mara016521,15040
723,M_lupulina,evm.TU.Chr08.451,9111
723,M_polymorpha,Mpoly012440,13316
723,M_ruthenica_landa,Mru018726,10752
723,M_ruthenica_zhiwusuo,Mru048952,22268
723,M_sativa_XJDY,Msa111203,4136
723,M_sativa_ZM1,Msa046736,26820
723,M_sativa_ZM4_hap4,zm4.34G0057550,15441
723,M_sativa_ssp_caerulea_landa,Mca050619,13150
723,M_sativa_ssp_caerulea_long,Mca018304,13999
723,M_truncatula_A17,LOC_00037936,12943
723,M_truncatula_HM078,Mtrun014547,13504
732,M_arabica,Mara013620,8180
732,M_lupulina,evm.TU.Chr07.4471,3796
732,M_polymorpha,Mpoly022059,30778
732,M_ruthenica_landa,Mru014373,26307
732,M_ruthenica_zhiwusuo,Mru044581,7542
732,M_sativa_XJDY,Msa130627,6582
732,M_sativa_ZM1,Msa027981,20796
732,M_sativa_ZM4_hap4,zm4.54G0045020,13090
732,M_sativa_ssp_caerulea_landa,Mca053052,3767
732,M_sativa_ssp_caerulea_long,Mca013035,19735
732,M_truncatula_A17,LOC_00034229,12234
732,M_truncatula_HM078,Mtrun011863,12151
739,M_arabica,Mara025079,23529
739,M_lupulina,evm.TU.Chr08.394,10585
739,M_polymorpha,Mpoly025733,23439
739,M_ruthenica_landa,Mru015423,18030
739,M_ruthenica_zhiwusuo,Mru036002,24758
739,M_sativa_XJDY,Msa095217,23814
739,M_sativa_ZM1,Msa042675,29345
739,M_sativa_ZM4_hap4,zm4.54G0049830,21917
739,M_sativa_ssp_caerulea_landa,Mca050538,431
739,M_sativa_ssp_caerulea_long,Mca031222,23831
739,M_truncatula_A17,LOC_00012949,24136
739,M_truncatula_HM078,Mtrun011646,23191
740,M_arabica,Mara011790,18429
740,M_lupulina,evm.TU.Chr07.3088,7469
740,M_polymorpha,Mpoly009678,18247
740,M_ruthenica_landa,Mru016196,10650
740,M_ruthenica_zhiwusuo,Mru020823,12460
740,M_sativa_XJDY,Msa129078,10601
740,M_sativa_ZM1,Msa051304,22574
740,M_sativa_ZM4_hap4,zm4.74G0008710,13753
740,M_sativa_ssp_caerulea_landa,Mca051081,5311
740,M_sativa_ssp_caerulea_long,Mca033026,22317
740,M_truncatula_A17,LOC_00037407,13731
740,M_truncatula_HM078,Mtrun010189,13788
742,M_arabica,Mara014207,21502
742,M_lupulina,evm.TU.Chr08.3634,2706
742,M_polymorpha,Mpoly010396,19312
742,M_ruthenica_landa,Mru016064,22247
742,M_ruthenica_zhiwusuo,Mru051539,15172
742,M_sativa_XJDY,Msa067034,5073
742,M_sativa_ZM1,Msa045508,25027
742,M_sativa_ZM4_hap4,zm4.34G0032910,17897
742,M_sativa_ssp_caerulea_landa,Mca051625,3123
742,M_sativa_ssp_caerulea_long,Mca015860,18060
742,M_truncatula_A17,LOC_00034983,18032
742,M_truncatula_HM078,Mtrun012370,18113
743,M_arabica,Mara011848,8289
743,M_lupulina,evm.TU.Chr08.1402,6593
743,M_polymorpha,Mpoly022243,16893
743,M_ruthenica_landa,Mru019024,15067
743,M_ruthenica_zhiwusuo,Mru037010,31188
743,M_sativa_XJDY,Msa092914,8707
743,M_sativa_ZM1,Msa027981,20796
743,M_sativa_ZM4_hap4,zm4.44G0057360,11294
743,M_sativa_ssp_caerulea_landa,Mca053180,1130
743,M_sativa_ssp_caerulea_long,Mca030816,22173
743,M_truncatula_A17,LOC_00031992,9650
743,M_truncatula_HM078,Mtrun028785,9967
744,M_arabica,Mara014979,8854
744,M_lupulina,evm.TU.Chr07.3270,5287
744,M_polymorpha,Mpoly006654,9578
744,M_ruthenica_landa,Mru016677,8447
744,M_ruthenica_zhiwusuo,Mru038972,12145
744,M_sativa_XJDY,Msa111439,15972
744,M_sativa_ZM1,Msa018575,9567
744,M_sativa_ZM4_hap4,zm4.44G0027060,17850
744,M_sativa_ssp_caerulea_landa,Mca051183,2284
744,M_sativa_ssp_caerulea_long,Mca022756,18539
744,M_truncatula_A17,LOC_00036068,9159
744,M_truncatula_HM078,Mtrun014348,11972
749,M_arabica,Mara030365,45618
749,M_lupulina,evm.TU.Chr07.4635,20128
749,M_polymorpha,Mpoly033499,27237
749,M_ruthenica_landa,Mru014910,8560
749,M_ruthenica_zhiwusuo,Mru029959,25245
749,M_sativa_XJDY,Msa072416,20706
749,M_sativa_ZM1,Msa038558,18739
749,M_sativa_ZM4_hap4,zm4.44G0030530,43865
749,M_sativa_ssp_caerulea_landa,Mca052475,8884
749,M_sativa_ssp_caerulea_long,Mca044572,14853
749,M_truncatula_A17,LOC_00046518,25014
749,M_truncatula_HM078,Mtrun034292,26181
752,M_arabica,Mara011484,9525
752,M_lupulina,evm.TU.Chr08.408,7565
752,M_polymorpha,Mpoly025334,11941
752,M_ruthenica_landa,Mru014434,14241
752,M_ruthenica_zhiwusuo,Mru037118,14064
752,M_sativa_XJDY,Msa071826,19815
752,M_sativa_ZM1,Msa046593,23979
752,M_sativa_ZM4_hap4,zm4.24G0051990,8592
752,M_sativa_ssp_caerulea_landa,Mca052192,4506
752,M_sativa_ssp_caerulea_long,Mca031866,13539
752,M_truncatula_A17,LOC_00047336,8909
752,M_truncatula_HM078,Mtrun020698,12662
753,M_arabica,Mara029391,21082
753,M_lupulina,evm.TU.Chr06.303,21306
753,M_polymorpha,Mpoly018902,23403
753,M_ruthenica_landa,Mru018032,12715
753,M_ruthenica_zhiwusuo,Mru036194,14626
753,M_sativa_XJDY,Msa111094,28123
753,M_sativa_ZM1,Msa034782,15682
753,M_sativa_ZM4_hap4,zm4.44G0017210,19790
753,M_sativa_ssp_caerulea_landa,Mca052563,8345
753,M_sativa_ssp_caerulea_long,Mca031416,14357
753,M_truncatula_A17,LOC_00007894,22672
753,M_truncatula_HM078,Mtrun021752,22649
759,M_arabica,Mara040361,28214
759,M_lupulina,evm.TU.Chr08.1511,6040
759,M_polymorpha,Mpoly014432,21069
759,M_ruthenica_landa,Mru012119,8201
759,M_ruthenica_zhiwusuo,Mru024064,24361
759,M_sativa_XJDY,Msa068076,24067
759,M_sativa_ZM1,Msa021791,19794
759,M_sativa_ZM4_hap4,zm4.64G0007320,17270
759,M_sativa_ssp_caerulea_landa,Mca052005,6766
759,M_sativa_ssp_caerulea_long,Mca021370,19177
759,M_truncatula_A17,LOC_00001713,24547
759,M_truncatula_HM078,Mtrun016928,24516
761,M_arabica,Mara043103,24453
761,M_lupulina,evm.TU.Chr06.168,12477
761,M_polymorpha,Mpoly031716,16625
761,M_ruthenica_landa,Mru018845,8747
761,M_ruthenica_zhiwusuo,Mru053024,25306
761,M_sativa_XJDY,Msa072427,14986
761,M_sativa_ZM1,Msa029499,17261
761,M_sativa_ZM4_hap4,zm4.84G0032830,13052
761,M_sativa_ssp_caerulea_landa,Mca052262,13367
761,M_sativa_ssp_caerulea_long,Mca050036,15034
761,M_truncatula_A17,LOC_00007717,13056
761,M_truncatula_HM078,Mtrun039232,16776
768,M_arabica,Mara039777,24732
768,M_lupulina,evm.TU.Chr08.3274,9063
768,M_polymorpha,Mpoly030391,22752
768,M_ruthenica_landa,Mru012648,14077
768,M_ruthenica_zhiwusuo,Mru054203,22835
768,M_sativa_XJDY,Msa130310,15672
768,M_sativa_ZM1,Msa035589,13009
768,M_sativa_ZM4_hap4,zm4.74G0034760,22995
768,M_sativa_ssp_caerulea_landa,Mca052965,16393
768,M_sativa_ssp_caerulea_long,Mca042678,12311
768,M_truncatula_A17,LOC_00003579,40497
768,M_truncatula_HM078,Mtrun034066,10977
773,M_arabica,Mara039395,14701
773,M_lupulina,evm.TU.Chr07.4130,17028
773,M_polymorpha,Mpoly030080,13925
773,M_ruthenica_landa,Mru000697,26162
773,M_ruthenica_zhiwusuo,Mru053151,24883
773,M_sativa_XJDY,Msa130128,14097
773,M_sativa_ZM1,Msa049101,9700
773,M_sativa_ZM4_hap4,zm4.34G0025030,16437
773,M_sativa_ssp_caerulea_landa,Mca053316,9742
773,M_sativa_ssp_caerulea_long,Mca043350,15124
773,M_truncatula_A17,LOC_00029743,33563
773,M_truncatula_HM078,Mtrun033729,14271
775,M_arabica,Mara012385,5891
775,M_lupulina,evm.TU.Chr07.3304,3950
775,M_polymorpha,Mpoly003235,15049
775,M_ruthenica_landa,Mru016180,12015
775,M_ruthenica_zhiwusuo,Mru045336,8310
775,M_sativa_XJDY,Msa068465,9339
775,M_sativa_ZM1,Msa013869,12586
775,M_sativa_ZM4_hap4,zm4.74G0021430,15326
775,M_sativa_ssp_caerulea_landa,Mca053242,9758
775,M_sativa_ssp_caerulea_long,Mca039363,10111
775,M_truncatula_A17,LOC_00032829,4641
775,M_truncatula_HM078,Mtrun011034,7539
777,M_arabica,Mara016546,30099
777,M_lupulina,evm.TU.Chr08.3884,20676
777,M_polymorpha,Mpoly012464,25114
777,M_ruthenica_landa,Mru015683,19615
777,M_ruthenica_zhiwusuo,Mru021570,39907
777,M_sativa_XJDY,Msa094015,23666
777,M_sativa_ZM1,Msa019010,22658
777,M_sativa_ZM4_hap4,zm4.54G0020220,31326
777,M_sativa_ssp_caerulea_landa,Mca052225,19349
777,M_sativa_ssp_caerulea_long,Mca018329,35757
777,M_truncatula_A17,LOC_00037964,29779
777,M_truncatula_HM078,Mtrun014572,29591
781,M_arabica,Mara009525,14650
781,M_lupulina,evm.TU.Chr07.838,8112
781,M_polymorpha,Mpoly010301,17284
781,M_ruthenica_landa,Mru017577,13153
781,M_ruthenica_zhiwusuo,Mru042099,11592
781,M_sativa_XJDY,Msa095656,6975
781,M_sativa_ZM1,Msa016139,14047
781,M_sativa_ZM4_hap4,zm4.34G0031140,18304
781,M_sativa_ssp_caerulea_landa,Mca051547,5227
781,M_sativa_ssp_caerulea_long,Mca015732,24623
781,M_truncatula_A17,LOC_00034489,9252
781,M_truncatula_HM078,Mtrun012285,23142
783,M_arabica,Mara026086,19216
783,M_lupulina,evm.TU.Chr08.3526,6904
783,M_polymorpha,Mpoly024943,11818
783,M_ruthenica_landa,Mru018677,17330
783,M_ruthenica_zhiwusuo,Mru044009,13013
783,M_sativa_XJDY,Msa152094,7108
783,M_sativa_ZM1,Msa031253,9954
783,M_sativa_ZM4_hap4,zm4.54G0038090,9964
783,M_sativa_ssp_caerulea_landa,Mca051722,7101
783,M_sativa_ssp_caerulea_long,Mca046908,8249
783,M_truncatula_A17,LOC_00013476,6829
783,M_truncatula_HM078,Mtrun038084,6779
785,M_arabica,Mara015435,10067
785,M_lupulina,evm.TU.Chr07.518,12492
785,M_polymorpha,Mpoly031650,10639
785,M_ruthenica_landa,Mru019059,9254
785,M_ruthenica_zhiwusuo,Mru036244,10880
785,M_sativa_XJDY,Msa071926,10636
785,M_sativa_ZM1,Msa018995,11287
785,M_sativa_ZM4_hap4,zm4.34G0057680,10932
785,M_sativa_ssp_caerulea_landa,Mca051594,1686
785,M_sativa_ssp_caerulea_long,Mca035019,12389
785,M_truncatula_A17,LOC_00036644,10176
785,M_truncatula_HM078,Mtrun013542,10067
787,M_arabica,Mara012754,12346
787,M_lupulina,evm.TU.Chr08.3648,1877
787,M_polymorpha,Mpoly021564,25676
787,M_ruthenica_landa,Mru016548,18306
787,M_ruthenica_zhiwusuo,Mru023043,12377
787,M_sativa_XJDY,Msa066910,12189
787,M_sativa_ZM1,Msa014359,13787
787,M_sativa_ZM4_hap4,zm4.44G0002730,12138
787,M_sativa_ssp_caerulea_landa,Mca051911,1795
787,M_sativa_ssp_caerulea_long,Mca041910,12819
787,M_truncatula_A17,LOC_00000310,11561
787,M_truncatula_HM078,Mtrun011073,13253
789,M_arabica,Mara022254,12387
789,M_lupulina,evm.TU.Chr07.3193,11582
789,M_polymorpha,Mpoly016838,12317
789,M_ruthenica_landa,Mru018947,16567
789,M_ruthenica_zhiwusuo,Mru054138,18849
789,M_sativa_XJDY,Msa148980,17523
789,M_sativa_ZM1,Msa047403,36461
789,M_sativa_ZM4_hap4,zm4.64G0004620,18670
789,M_sativa_ssp_caerulea_landa,Mca052999,6332
789,M_sativa_ssp_caerulea_long,Mca024413,22666
789,M_truncatula_A17,LOC_00044341,11046
789,M_truncatula_HM078,Mtrun038474,12096
794,M_arabica,Mara031590,5489
794,M_lupulina,evm.TU.Chr08.2807,2479
794,M_polymorpha,Mpoly023787,12065
794,M_ruthenica_landa,Mru016006,2829
794,M_ruthenica_zhiwusuo,Mru039702,12311
794,M_sativa_XJDY,Msa112727,17759
794,M_sativa_ZM1,Msa032412,15119
794,M_sativa_ZM4_hap4,zm4.54G0043870,28183
794,M_sativa_ssp_caerulea_landa,Mca050986,6382
794,M_sativa_ssp_caerulea_long,Mca003240,17818
794,M_truncatula_A17,LOC_00003220,5741
794,M_truncatula_HM078,Mtrun007810,13751
797,M_arabica,Mara005049,9926
797,M_lupulina,evm.TU.Chr08.468,7679
797,M_polymorpha,Mpoly004019,10380
797,M_ruthenica_landa,Mru004689,14243
797,M_ruthenica_zhiwusuo,Mru039202,14059
797,M_sativa_XJDY,Msa151303,9816
797,M_sativa_ZM1,Msa045197,13575
797,M_sativa_ZM4_hap4,zm4.14G0049340,10114
797,M_sativa_ssp_caerulea_landa,Mca050962,4763
797,M_sativa_ssp_caerulea_long,Mca027129,13547
797,M_truncatula_A17,LOC_00025855,10908
797,M_truncatula_HM078,Mtrun004274,10847
799,M_arabica,Mara043710,28365
799,M_lupulina,evm.TU.Chr08.2935,27949
799,M_polymorpha,Mpoly033523,31268
799,M_ruthenica_landa,Mru017224,24421
799,M_ruthenica_zhiwusuo,Mru053831,29789
799,M_sativa_XJDY,Msa151390,29260
799,M_sativa_ZM1,Msa050098,11582
799,M_sativa_ZM4_hap4,zm4.84G0039060,29062
799,M_sativa_ssp_caerulea_landa,Mca051026,29304
799,M_sativa_ssp_caerulea_long,Mca048160,27202
799,M_truncatula_A17,LOC_00051051,27444
799,M_truncatula_HM078,Mtrun037473,27806
803,M_arabica,Mara038933,26087
803,M_lupulina,evm.TU.Chr07.3743,24399
803,M_polymorpha,Mpoly029699,25482
803,M_ruthenica_landa,Mru015925,16577
803,M_ruthenica_zhiwusuo,Mru021207,13121
803,M_sativa_XJDY,Msa130007,24436
803,M_sativa_ZM1,Msa044735,44093
803,M_sativa_ZM4_hap4,zm4.74G0055130,25890
803,M_sativa_ssp_caerulea_landa,Mca052080,2758
803,M_sativa_ssp_caerulea_long,Mca042771,26256
803,M_truncatula_A17,LOC_00045180,25651
803,M_truncatula_HM078,Mtrun033304,30712
806,M_arabica,Mara045222,12223
806,M_lupulina,evm.TU.Chr08.4237,12343
806,M_polymorpha,Mpoly034816,12069
806,M_ruthenica_landa,Mru005327,18075
806,M_ruthenica_zhiwusuo,Mru045188,23955
806,M_sativa_XJDY,Msa152987,12159
806,M_sativa_ZM1,Msa021889,12571
806,M_sativa_ZM4_hap4,zm4.84G0054930,12104
806,M_sativa_ssp_caerulea_landa,Mca052317,7270
806,M_sativa_ssp_caerulea_long,Mca021646,13115
806,M_truncatula_A17,LOC_00035483,14749
806,M_truncatula_HM078,Mtrun012708,22412
809,M_arabica,Mara040901,11335
809,M_lupulina,evm.TU.Chr07.2916,15025
809,M_polymorpha,Mpoly031377,10688
809,M_ruthenica_landa,Mru015678,13824
809,M_ruthenica_zhiwusuo,Mru031412,14167
809,M_sativa_XJDY,Msa148575,23151
809,M_sativa_ZM1,Msa029203,16223
809,M_sativa_ZM4_hap4,zm4.34G0028150,12149
809,M_sativa_ssp_caerulea_landa,Mca053331,11145
809,M_sativa_ssp_caerulea_long,Mca041216,29326
809,M_truncatula_A17,LOC_00047786,11556
809,M_truncatula_HM078,Mtrun027896,18148
810,M_arabica,Mara034284,8043
810,M_lupulina,evm.TU.Chr07.3103,10417
810,M_polymorpha,Mpoly021564,25676
810,M_ruthenica_landa,Mru003000,14015
810,M_ruthenica_zhiwusuo,Mru037250,18433
810,M_sativa_XJDY,Msa068199,12900
810,M_sativa_ZM1,Msa044049,24007
810,M_sativa_ZM4_hap4,zm4.44G0016960,10895
810,M_sativa_ssp_caerulea_landa,Mca050639,3675
810,M_sativa_ssp_caerulea_long,Mca014062,14640
810,M_truncatula_A17,LOC_00001837,12364
810,M_truncatula_HM078,Mtrun017009,12223
811,M_arabica,Mara045165,6296
811,M_lupulina,evm.TU.Chr08.3240,9023
811,M_polymorpha,Mpoly024966,20099
811,M_ruthenica_landa,Mru005946,11406
811,M_ruthenica_zhiwusuo,Mru030546,24300
811,M_sativa_XJDY,Msa092979,13386
811,M_sativa_ZM1,Msa035642,10527
811,M_sativa_ZM4_hap4,zm4.84G0050780,8049
811,M_sativa_ssp_caerulea_landa,Mca051348,9105
811,M_sativa_ssp_caerulea_long,Mca030110,18669
811,M_truncatula_A17,LOC_00049854,7303
811,M_truncatula_HM078,Mtrun037777,8353
813,M_arabica,Mara040447,12204
813,M_lupulina,evm.TU.Chr08.1690,12965
813,M_polymorpha,Mpoly032347,13069
813,M_ruthenica_landa,Mru006515,16468
813,M_ruthenica_zhiwusuo,Mru038778,18871
813,M_sativa_XJDY,Msa149908,13105
813,M_sativa_ZM1,Msa052369,13053
813,M_sativa_ZM4_hap4,zm4.84G0023530,13677
813,M_sativa_ssp_caerulea_landa,Mca052251,19301
813,M_sativa_ssp_caerulea_long,Mca039975,14424
813,M_truncatula_A17,LOC_00049381,15429
813,M_truncatula_HM078,Mtrun036276,15265
823,M_arabica,Mara045299,18402
823,M_lupulina,evm.TU.Chr08.4288,20263
823,M_polymorpha,Mpoly034871,19872
823,M_ruthenica_landa,Mru017558,35720
823,M_ruthenica_zhiwusuo,Mru055646,19907
823,M_sativa_XJDY,Msa067514,13365
823,M_sativa_ZM1,Msa049917,17086
823,M_sativa_ZM4_hap4,zm4.84G0055510,19374
823,M_sativa_ssp_caerulea_landa,Mca052694,20671
823,M_sativa_ssp_caerulea_long,Mca049813,20610
823,M_truncatula_A17,LOC_00052892,20632
823,M_truncatula_HM078,Mtrun016484,20890
832,M_arabica,Mara014393,11941
832,M_lupulina,evm.TU.Chr07.49,9780
832,M_polymorpha,Mpoly010766,8360
832,M_ruthenica_landa,Mru015584,15934
832,M_ruthenica_zhiwusuo,Mru045508,11904
832,M_sativa_XJDY,Msa093096,8853
832,M_sativa_ZM1,Msa016487,13490
832,M_sativa_ZM4_hap4,zm4.34G0013200,11699
832,M_sativa_ssp_caerulea_landa,Mca051624,6093
832,M_sativa_ssp_caerulea_long,Mca045870,26426
832,M_truncatula_A17,LOC_00033209,12110
832,M_truncatula_HM078,Mtrun010991,9759
837,M_arabica,Mara041225,19780
837,M_lupulina,evm.TU.Chr07.3096,13032
837,M_polymorpha,Mpoly031632,14256
837,M_ruthenica_landa,Mru017835,5287
837,M_ruthenica_zhiwusuo,Mru046970,13746
837,M_sativa_XJDY,Msa148891,20852
837,M_sativa_ZM1,Msa044017,12841
837,M_sativa_ZM4_hap4,zm4.74G0047710,10765
837,M_sativa_ssp_caerulea_landa,Mca052644,5902
837,M_sativa_ssp_caerulea_long,Mca042083,16999
837,M_truncatula_A17,LOC_00049731,14306
837,M_truncatula_HM078,Mtrun032590,11233
841,M_arabica,Mara019029,10543
841,M_lupulina,evm.TU.Chr07.2054,6654
841,M_polymorpha,Mpoly028115,8194
841,M_ruthenica_landa,Mru017876,10537
841,M_ruthenica_zhiwusuo,Mru044268,19300
841,M_sativa_XJDY,Msa094465,10519
841,M_sativa_ZM1,Msa021181,16525
841,M_sativa_ZM4_hap4,zm4.74G0031600,11656
841,M_sativa_ssp_caerulea_landa,Mca051258,2634
841,M_sativa_ssp_caerulea_long,Mca040779,14250
841,M_truncatula_A17,LOC_00042572,8133
841,M_truncatula_HM078,Mtrun031539,8341
846,M_arabica,Mara034250,14213
846,M_lupulina,evm.TU.Chr08.3512,6174
846,M_polymorpha,Mpoly011877,13929
846,M_ruthenica_landa,Mru016890,13942
846,M_ruthenica_zhiwusuo,Mru020576,15506
846,M_sativa_XJDY,Msa152120,5875
846,M_sativa_ZM1,Msa016171,18074
846,M_sativa_ZM4_hap4,zm4.34G0051350,14093
846,M_sativa_ssp_caerulea_landa,Mca051707,5862
846,M_sativa_ssp_caerulea_long,Mca031263,17840
846,M_truncatula_A17,LOC_00037191,15000
846,M_truncatula_HM078,Mtrun013959,14923
848,M_arabica,Mara015337,12543
848,M_lupulina,evm.TU.Chr07.4311,7590
848,M_polymorpha,Mpoly011395,13629
848,M_ruthenica_landa,Mru018909,11787
848,M_ruthenica_zhiwusuo,Mru020362,8821
848,M_sativa_XJDY,Msa058026,10713
848,M_sativa_ZM1,Msa046565,18508
848,M_sativa_ZM4_hap4,zm4.34G0056890,8432
848,M_sativa_ssp_caerulea_landa,Mca051884,4477
848,M_sativa_ssp_caerulea_long,Mca019011,20239
848,M_truncatula_A17,LOC_00037903,9106
848,M_truncatula_HM078,Mtrun014523,9439
849,M_arabica,Mara033277,19494
849,M_lupulina,evm.TU.Chr07.3548,10401
849,M_polymorpha,Mpoly022425,20365
849,M_ruthenica_landa,Mru002964,8556
849,M_ruthenica_zhiwusuo,Mru046376,20199
849,M_sativa_XJDY,Msa090997,9651
849,M_sativa_ZM1,Msa035116,20422
849,M_sativa_ZM4_hap4,zm4.54G0000110,9086
849,M_sativa_ssp_caerulea_landa,Mca051005,8930
849,M_sativa_ssp_caerulea_long,Mca033069,26091
849,M_truncatula_A17,LOC_00007492,10955
849,M_truncatula_HM078,Mtrun036324,11140
852,M_arabica,Mara045311,11090
852,M_lupulina,evm.TU.Chr08.4302,12152
852,M_polymorpha,Mpoly022431,16286
852,M_ruthenica_landa,Mru016803,7642
852,M_ruthenica_zhiwusuo,Mru049360,15898
852,M_sativa_XJDY,Msa126254,21379
852,M_sativa_ZM1,Msa037825,12610
852,M_sativa_ZM4_hap4,zm4.84G0055610,10494
852,M_sativa_ssp_caerulea_landa,Mca052708,11043
852,M_sativa_ssp_caerulea_long,Mca049828,11368
852,M_truncatula_A17,LOC_00052902,12122
852,M_truncatula_HM078,Mtrun038944,12075
853,M_arabica,Mara037729,10473
853,M_lupulina,evm.TU.Chr07.499,10368
853,M_polymorpha,Mpoly023002,11472
853,M_ruthenica_landa,Mru000231,9587
853,M_ruthenica_zhiwusuo,Mru053103,18915
853,M_sativa_XJDY,Msa128594,10056
853,M_sativa_ZM1,Msa044556,9769
853,M_sativa_ZM4_hap4,zm4.74G0041530,9183
853,M_sativa_ssp_caerulea_landa,Mca052473,1596
853,M_sativa_ssp_caerulea_long,Mca042709,9923
853,M_truncatula_A17,LOC_00042183,14962
853,M_truncatula_HM078,Mtrun029982,10223
857,M_arabica,Mara016346,13570
857,M_lupulina,evm.TU.Chr08.439,9642
857,M_polymorpha,Mpoly012275,15232
857,M_ruthenica_landa,Mru018126,6343
857,M_ruthenica_zhiwusuo,Mru052407,11786
857,M_sativa_XJDY,Msa129122,20555
857,M_sativa_ZM1,Msa038152,17529
857,M_sativa_ZM4_hap4,zm4.34G0055590,13075
857,M_sativa_ssp_caerulea_landa,Mca051106,9046
857,M_sativa_ssp_caerulea_long,Mca044627,17560
857,M_truncatula_A17,LOC_00037730,17838
857,M_truncatula_HM078,Mtrun014380,17653
866,M_arabica,Mara044370,8102
866,M_lupulina,evm.TU.Chr08.3428,5374
866,M_polymorpha,Mpoly034098,13782
866,M_ruthenica_landa,Mru015419,19287
866,M_ruthenica_zhiwusuo,Mru021607,24138
866,M_sativa_XJDY,Msa103092,15253
866,M_sativa_ZM1,Msa043085,21135
866,M_sativa_ZM4_hap4,zm4.44G0037210,12094
866,M_sativa_ssp_caerulea_landa,Mca051595,3454
866,M_sativa_ssp_caerulea_long,Mca012823,32262
866,M_truncatula_A17,LOC_00035614,8127
866,M_truncatula_HM078,Mtrun012807,7330
867,M_arabica,Mara016765,35386
867,M_lupulina,evm.TU.Chr08.253,8292
867,M_polymorpha,Mpoly012651,28617
867,M_ruthenica_landa,Mru001371,11283
867,M_ruthenica_zhiwusuo,Mru021803,36167
867,M_sativa_XJDY,Msa125637,8362
867,M_sativa_ZM1,Msa019224,26780
867,M_sativa_ZM4_hap4,zm4.34G0060180,36842
867,M_sativa_ssp_caerulea_landa,Mca052655,6193
867,M_sativa_ssp_caerulea_long,Mca018533,29047
867,M_truncatula_A17,LOC_00038197,27142
867,M_truncatula_HM078,Mtrun014781,27647
870,M_arabica,Mara029676,15029
870,M_lupulina,evm.TU.Chr06.3510,9184
870,M_polymorpha,Mpoly023372,15289
870,M_ruthenica_landa,Mru012659,13532
870,M_ruthenica_zhiwusuo,Mru051403,19291
870,M_sativa_XJDY,Msa092472,22834
870,M_sativa_ZM1,Msa049136,11823
870,M_sativa_ZM4_hap4,zm4.64G0017280,21802
870,M_sativa_ssp_caerulea_landa,Mca050636,10980
870,M_sativa_ssp_caerulea_long,Mca040626,33402
870,M_truncatula_A17,LOC_00029067,19110
870,M_truncatula_HM078,Mtrun009818,9752
873,M_arabica,Mara030331,37104
873,M_lupulina,evm.TU.Chr06.3065,19483
873,M_polymorpha,Mpoly023727,9224
873,M_ruthenica_landa,Mru011338,12225
873,M_ruthenica_zhiwusuo,Mru041551,14767
873,M_sativa_XJDY,Msa113702,11821
873,M_sativa_ZM1,Msa031922,14551
873,M_sativa_ZM4_hap4,zm4.64G0028300,14709
873,M_sativa_ssp_caerulea_landa,Mca050855,2143
873,M_sativa_ssp_caerulea_long,Mca031588,13293
873,M_truncatula_A17,LOC_00031325,9996
873,M_truncatula_HM078,Mtrun028908,12394
875,M_arabica,Mara027376,14757
875,M_lupulina,evm.TU.Chr06.1110,8314
875,M_polymorpha,Mpoly025609,15060
875,M_ruthenica_landa,Mru006313,2275
875,M_ruthenica_zhiwusuo,Mru033652,17575
875,M_sativa_XJDY,Msa094511,12462
875,M_sativa_ZM1,Msa032086,8742
875,M_sativa_ZM4_hap4,zm4.74G0019230,17963
875,M_sativa_ssp_caerulea_landa,Mca051347,3527
875,M_sativa_ssp_caerulea_long,Mca030483,19885
875,M_truncatula_A17,LOC_00009068,8209
875,M_truncatula_HM078,Mtrun030599,16019
877,M_arabica,Mara005899,7170
877,M_lupulina,evm.TU.Chr06.1171,4859
877,M_polymorpha,Mpoly007143,17592
877,M_ruthenica_landa,Mru003106,21120
877,M_ruthenica_zhiwusuo,Mru026690,14504
877,M_sativa_XJDY,Msa111627,19420
877,M_sativa_ZM1,Msa006514,17264
877,M_sativa_ZM4_hap4,zm4.64G0017290,8249
877,M_sativa_ssp_caerulea_landa,Mca050899,5572
877,M_sativa_ssp_caerulea_long,Mca033616,29145
877,M_truncatula_A17,LOC_00026923,8369
877,M_truncatula_HM078,Mtrun005069,7460
878,M_arabica,Mara039114,8959
878,M_lupulina,evm.TU.Chr07.3887,34854
878,M_polymorpha,Mpoly029851,33720
878,M_ruthenica_landa,Mru018526,17040
878,M_ruthenica_zhiwusuo,Mru048094,43061
878,M_sativa_XJDY,Msa129811,35326
878,M_sativa_ZM1,Msa044935,35358
878,M_sativa_ZM4_hap4,zm4.74G0056840,34948
878,M_sativa_ssp_caerulea_landa,Mca051981,7102
878,M_sativa_ssp_caerulea_long,Mca042936,21364
878,M_truncatula_A17,LOC_00045404,34820
878,M_truncatula_HM078,Mtrun033477,36090
880,M_arabica,Mara015584,14387
880,M_lupulina,evm.TU.Chr08.2207,7075
880,M_polymorpha,Mpoly035029,16509
880,M_ruthenica_landa,Mru019284,13426
880,M_ruthenica_zhiwusuo,Mru020213,14233
880,M_sativa_XJDY,Msa150559,7322
880,M_sativa_ZM1,Msa017907,16256
880,M_sativa_ZM4_hap4,zm4.34G0047870,14419
880,M_sativa_ssp_caerulea_landa,Mca052885,9786
880,M_sativa_ssp_caerulea_long,Mca047381,16530
880,M_truncatula_A17,LOC_00036844,14373
880,M_truncatula_HM078,Mtrun013219,15952
882,M_arabica,Mara040322,9997
882,M_lupulina,evm.TU.Chr08.184,12486
882,M_polymorpha,Mpoly031312,15351
882,M_ruthenica_landa,Mru016712,13675
882,M_ruthenica_zhiwusuo,Mru036093,9445
882,M_sativa_XJDY,Msa150380,13318
882,M_sativa_ZM1,Msa016810,19484
882,M_sativa_ZM4_hap4,zm4.34G0037280,18141
882,M_sativa_ssp_caerulea_landa,Mca052847,4367
882,M_sativa_ssp_caerulea_long,Mca047044,13427
882,M_truncatula_A17,LOC_00036364,10267
882,M_truncatula_HM078,Mtrun034582,29610
883,M_arabica,Mara014744,10175
883,M_lupulina,evm.TU.Chr07.4539,8222
883,M_polymorpha,Mpoly030503,8069
883,M_ruthenica_landa,Mru015472,12132
883,M_ruthenica_zhiwusuo,Mru024241,27837
883,M_sativa_XJDY,Msa150652,9911
883,M_sativa_ZM1,Msa037777,18191
883,M_sativa_ZM4_hap4,zm4.14G0045690,7496
883,M_sativa_ssp_caerulea_landa,Mca051037,6664
883,M_sativa_ssp_caerulea_long,Mca004921,8144
883,M_truncatula_A17,LOC_00046389,7975
883,M_truncatula_HM078,Mtrun034184,7934
884,M_arabica,Mara019529,12944
884,M_lupulina,evm.TU.Chr08.4006,9841
884,M_polymorpha,Mpoly014641,13649
884,M_ruthenica_landa,Mru050596,10233
884,M_ruthenica_zhiwusuo,Mru027567,15381
884,M_sativa_XJDY,Msa068385,14088
884,M_sativa_ZM1,Msa022107,13927
884,M_sativa_ZM4_hap4,zm4.44G0018740,13422
884,M_sativa_ssp_caerulea_landa,Mca051479,9045
884,M_sativa_ssp_caerulea_long,Mca046264,62025
884,M_truncatula_A17,LOC_00002006,14361
884,M_truncatula_HM078,Mtrun017161,14416
887,M_arabica,Mara008778,17960
887,M_lupulina,evm.TU.Chr07.1619,10439
887,M_polymorpha,Mpoly007155,17888
887,M_ruthenica_landa,Mru010696,7743
887,M_ruthenica_zhiwusuo,Mru028196,16059
887,M_sativa_XJDY,Msa094306,17226
887,M_sativa_ZM1,Msa009734,17292
887,M_sativa_ZM4_hap4,zm4.24G0026090,17899
887,M_sativa_ssp_caerulea_landa,Mca050581,11255
887,M_sativa_ssp_caerulea_long,Mca009254,17839
887,M_truncatula_A17,LOC_00016776,18575
887,M_truncatula_HM078,Mtrun007534,18496
893,M_arabica,Mara040462,13459
893,M_lupulina,evm.TU.Chr08.1710,22802
893,M_polymorpha,Mpoly010867,12902
893,M_ruthenica_landa,Mru002083,14838
893,M_ruthenica_zhiwusuo,Mru051769,25336
893,M_sativa_XJDY,Msa149929,18985
893,M_sativa_ZM1,Msa047705,11223
893,M_sativa_ZM4_hap4,zm4.34G0038980,42614
893,M_sativa_ssp_caerulea_landa,Mca052267,2425
893,M_sativa_ssp_caerulea_long,Mca046524,18193
893,M_truncatula_A17,LOC_00022444,16529
893,M_truncatula_HM078,Mtrun036332,25355
899,M_arabica,Mara027474,12141
899,M_lupulina,evm.TU.Chr07.220,9993
899,M_polymorpha,Mpoly020196,18066
899,M_ruthenica_landa,Mru018293,2352
899,M_ruthenica_zhiwusuo,Mru044527,14866
899,M_sativa_XJDY,Msa114205,13378
899,M_sativa_ZM1,Msa039999,12581
899,M_sativa_ZM4_hap4,zm4.74G0005280,18272
899,M_sativa_ssp_caerulea_landa,Mca053064,6747
899,M_sativa_ssp_caerulea_long,Mca018369,18009
899,M_truncatula_A17,LOC_00041356,10228
899,M_truncatula_HM078,Mtrun030638,10124
901,M_arabica,Mara014420,14193
901,M_lupulina,evm.TU.Chr07.4115,11786
901,M_polymorpha,Mpoly010575,16108
901,M_ruthenica_landa,Mru017423,18412
901,M_ruthenica_zhiwusuo,Mru051594,13522
901,M_sativa_XJDY,Msa153455,13241
901,M_sativa_ZM1,Msa029307,16560
901,M_sativa_ZM4_hap4,zm4.34G0034990,14881
901,M_sativa_ssp_caerulea_landa,Mca053118,11683
901,M_sativa_ssp_caerulea_long,Mca016048,15279
901,M_truncatula_A17,LOC_00035266,15581
901,M_truncatula_HM078,Mtrun012557,15500
903,M_arabica,Mara042950,16970
903,M_lupulina,evm.TU.Chr08.178,14493
903,M_polymorpha,Mpoly032893,23140
903,M_ruthenica_landa,Mru005048,20609
903,M_ruthenica_zhiwusuo,Mru040135,21036
903,M_sativa_XJDY,Msa129337,17579
903,M_sativa_ZM1,Msa052276,17952
903,M_sativa_ZM4_hap4,zm4.84G0060270,17203
903,M_sativa_ssp_caerulea_landa,Mca053179,16129
903,M_sativa_ssp_caerulea_long,Mca048973,10261
903,M_truncatula_A17,LOC_00046941,20616
903,M_truncatula_HM078,Mtrun034574,14465
904,M_arabica,Mara043783,11667
904,M_lupulina,evm.TU.Chr08.2145,11309
904,M_polymorpha,Mpoly022861,15054
904,M_ruthenica_landa,Mru000624,8333
904,M_ruthenica_zhiwusuo,Mru047291,36413
904,M_sativa_XJDY,Msa126693,17828
904,M_sativa_ZM1,Msa035625,14586
904,M_sativa_ZM4_hap4,zm4.74G0005890,10448
904,M_sativa_ssp_caerulea_landa,Mca052852,7548
904,M_sativa_ssp_caerulea_long,Mca039249,18154
904,M_truncatula_A17,LOC_00030828,11825
904,M_truncatula_HM078,Mtrun017335,12203
905,M_arabica,Mara012127,14833
905,M_lupulina,evm.TU.Chr08.2732,4017
905,M_polymorpha,Mpoly021285,15644
905,M_ruthenica_landa,Mru016454,11520
905,M_ruthenica_zhiwusuo,Mru038816,7817
905,M_sativa_XJDY,Msa092022,6885
905,M_sativa_ZM1,Msa013938,22447
905,M_sativa_ZM4_hap4,zm4.34G0028900,11448
905,M_sativa_ssp_caerulea_landa,Mca050831,3966
905,M_sativa_ssp_caerulea_long,Mca012844,22278
905,M_truncatula_A17,LOC_00034604,12676
905,M_truncatula_HM078,Mtrun012140,12557
912,M_arabica,Mara016412,15699
912,M_lupulina,evm.TU.Chr08.2475,6440
912,M_polymorpha,Mpoly012303,13211
912,M_ruthenica_landa,Mru018860,8235
912,M_ruthenica_zhiwusuo,Mru019421,17201
912,M_sativa_XJDY,Msa095086,7463
912,M_sativa_ZM1,Msa046682,12683
912,M_sativa_ZM4_hap4,zm4.34G0056230,11880
912,M_sativa_ssp_caerulea_landa,Mca050519,5982
912,M_sativa_ssp_caerulea_long,Mca027520,24006
912,M_truncatula_A17,LOC_00037763,13406
912,M_truncatula_HM078,Mtrun014412,13371
913,M_arabica,Mara029038,8355
913,M_lupulina,evm.TU.Chr06.3367_evm.TU.Chr06.3368,9175
913,M_polymorpha,Mpoly026123,8266
913,M_ruthenica_landa,Mru007438,24106
913,M_ruthenica_zhiwusuo,Mru039188,14255
913,M_sativa_XJDY,Msa095639,8364
913,M_sativa_ZM1,Msa042848,13091
913,M_sativa_ZM4_hap4,zm4.13G0008920,17948
913,M_sativa_ssp_caerulea_landa,Mca052655,6193
913,M_sativa_ssp_caerulea_long,Mca039670,14688
913,M_truncatula_A17,LOC_00013433,8033
913,M_truncatula_HM078,Mtrun025859,7975
916,M_arabica,Mara034587,8450
916,M_lupulina,evm.TU.Chr08.4034,14925
916,M_polymorpha,Mpoly008824,13022
916,M_ruthenica_landa,Mru013395,17466
916,M_ruthenica_zhiwusuo,Mru019602,15108
916,M_sativa_XJDY,Msa152866,20328
916,M_sativa_ZM1,Msa011883,15004
916,M_sativa_ZM4_hap4,zm4.84G0016260,8875
916,M_sativa_ssp_caerulea_landa,Mca052400,9321
916,M_sativa_ssp_caerulea_long,Mca046691,21232
916,M_truncatula_A17,LOC_00052544,9519
916,M_truncatula_HM078,Mtrun037460,14620
917,M_arabica,Mara042954,16775
917,M_lupulina,evm.TU.Chr07.3612,9622
917,M_polymorpha,Mpoly009481,20688
917,M_ruthenica_landa,Mru007077,5696
917,M_ruthenica_zhiwusuo,Mru039753,12021
917,M_sativa_XJDY,Msa156115,20243
917,M_sativa_ZM1,Msa029227,14100
917,M_sativa_ZM4_hap4,zm4.74G0017740,16416
917,M_sativa_ssp_caerulea_landa,Mca053033,7528
917,M_sativa_ssp_caerulea_long,Mca044450,29221
917,M_truncatula_A17,LOC_00044974,9429
917,M_truncatula_HM078,Mtrun027547,10396
918,M_arabica,Mara014702,7857
918,M_lupulina,evm.TU.Chr06.535,7408
918,M_polymorpha,Mpoly020366,10234
918,M_ruthenica_landa,Mru011060,9704
918,M_ruthenica_zhiwusuo,Mru019590,36816
918,M_sativa_XJDY,Msa152702,16668
918,M_sativa_ZM1,Msa029236,10597
918,M_sativa_ZM4_hap4,zm4.34G0044870,6987
918,M_sativa_ssp_caerulea_landa,Mca052881,5095
918,M_sativa_ssp_caerulea_long,Mca021344,11546
918,M_truncatula_A17,LOC_00005056,6376
918,M_truncatula_HM078,Mtrun023277,6919
920,M_arabica,Mara015483,13388
920,M_lupulina,evm.TU.Chr07.4687,6779
920,M_polymorpha,Mpoly011524,12791
920,M_ruthenica_landa,Mru019155,19846
920,M_ruthenica_zhiwusuo,Mru020059,14765
920,M_sativa_XJDY,Msa068745,6727
920,M_sativa_ZM1,Msa006995,14442
920,M_sativa_ZM4_hap4,zm4.34G0046760,13268
920,M_sativa_ssp_caerulea_landa,Mca052963,4194
920,M_sativa_ssp_caerulea_long,Mca017290,14590
920,M_truncatula_A17,LOC_00036716,14520
920,M_truncatula_HM078,Mtrun013584,14458
921,M_arabica,Mara045214,51042
921,M_lupulina,evm.TU.Chr08.4232,56288
921,M_polymorpha,Mpoly034812,66863
921,M_ruthenica_landa,Mru019167,7513
921,M_ruthenica_zhiwusuo,Mru055571,50578
921,M_sativa_XJDY,Msa152982,49510
921,M_sativa_ZM1,Msa051713,35234
921,M_sativa_ZM4_hap4,zm4.84G0054870,54434
921,M_sativa_ssp_caerulea_landa,Mca052626,55917
921,M_sativa_ssp_caerulea_long,Mca049744,49481
921,M_truncatula_A17,LOC_00052806,50350
921,M_truncatula_HM078,Mtrun038860,50255
930,M_arabica,Mara038110,13541
930,M_lupulina,evm.TU.Chr08.2626,14150
930,M_polymorpha,Mpoly028999,12623
930,M_ruthenica_landa,Mru015977,7947
930,M_ruthenica_zhiwusuo,Mru046840,13122
930,M_sativa_XJDY,Msa129308,13631
930,M_sativa_ZM1,Msa002670,19007
930,M_sativa_ZM4_hap4,zm4.84G0035860,12364
930,M_sativa_ssp_caerulea_landa,Mca050706,9698
930,M_sativa_ssp_caerulea_long,Mca048194,13500
930,M_truncatula_A17,LOC_00044046,12945
930,M_truncatula_HM078,Mtrun032502,12930
932,M_arabica,Mara012719,8259
932,M_lupulina,evm.TU.Chr07.2397,4324
932,M_polymorpha,Mpoly021555,8235
932,M_ruthenica_landa,Mru015620,8713
932,M_ruthenica_zhiwusuo,Mru019580,11113
932,M_sativa_XJDY,Msa111148,12044
932,M_sativa_ZM1,Msa045832,12421
932,M_sativa_ZM4_hap4,zm4.44G0007230,8207
932,M_sativa_ssp_caerulea_landa,Mca051572,3151
932,M_sativa_ssp_caerulea_long,Mca010186,18570
932,M_truncatula_A17,LOC_00033308,8548
932,M_truncatula_HM078,Mtrun011041,8573
933,M_arabica,Mara015409,16951
933,M_lupulina,evm.TU.Chr06.3014,1043
933,M_polymorpha,Mpoly011459,24020
933,M_ruthenica_landa,Mru019012,29077
933,M_ruthenica_zhiwusuo,Mru019923,36046
933,M_sativa_XJDY,Msa066998,7011
933,M_sativa_ZM1,Msa017695,21386
933,M_sativa_ZM4_hap4,zm4.34G0045900,24197
933,M_sativa_ssp_caerulea_landa,Mca053231,1315
933,M_sativa_ssp_caerulea_long,Mca017206,21509
933,M_truncatula_A17,LOC_00036593,25793
933,M_truncatula_HM078,Mtrun013511,25719
934,M_arabica,Mara029667,12374
934,M_lupulina,evm.TU.Chr08.4670,8501
934,M_polymorpha,Mpoly018670,11590
934,M_ruthenica_landa,Mru011740,8130
934,M_ruthenica_zhiwusuo,Mru039628,22549
934,M_sativa_XJDY,Msa092966,39396
934,M_sativa_ZM1,Msa038038,13426
934,M_sativa_ZM4_hap4,zm4.54G0021280,43718
934,M_sativa_ssp_caerulea_landa,Mca053156,7862
934,M_sativa_ssp_caerulea_long,Mca031380,9201
934,M_truncatula_A17,LOC_00007567,11518
934,M_truncatula_HM078,Mtrun021521,11450
935,M_arabica,Mara040385,9739
935,M_lupulina,evm.TU.Chr08.539,30784
935,M_polymorpha,Mpoly030874,24715
935,M_ruthenica_landa,Mru003417,4039
935,M_ruthenica_zhiwusuo,Mru020526,10891
935,M_sativa_XJDY,Msa091733,15885
935,M_sativa_ZM1,Msa027757,18135
935,M_sativa_ZM4_hap4,zm4.74G0003670,12441
935,M_sativa_ssp_caerulea_landa,Mca050688,5477
935,M_sativa_ssp_caerulea_long,Mca027266,15907
935,M_truncatula_A17,LOC_00047082,8645
935,M_truncatula_HM078,Mtrun035021,20135
936,M_arabica,Mara016599,12645
936,M_lupulina,evm.TU.Chr07.2037,8541
936,M_polymorpha,Mpoly013996,12679
936,M_ruthenica_landa,Mru017994,6203
936,M_ruthenica_zhiwusuo,Mru023588,13575
936,M_sativa_XJDY,Msa067409,12949
936,M_sativa_ZM1,Msa019066,15350
936,M_sativa_ZM4_hap4,zm4.44G0008480,13127
936,M_sativa_ssp_caerulea_landa,Mca050517,601
936,M_sativa_ssp_caerulea_long,Mca020187,18112
936,M_truncatula_A17,LOC_00000941,13534
936,M_truncatula_HM078,Mtrun016416,13875
938,M_arabica,Mara030647,20385
938,M_lupulina,evm.TU.Chr06.2860,23371
938,M_polymorpha,Mpoly024004,22440
938,M_ruthenica_landa,Mru012881,7844
938,M_ruthenica_zhiwusuo,Mru041270,30297
938,M_sativa_XJDY,Msa113365,21052
938,M_sativa_ZM1,Msa033849,21207
938,M_sativa_ZM4_hap4,zm4.64G0035550,20747
938,M_sativa_ssp_caerulea_landa,Mca053262,4251
938,M_sativa_ssp_caerulea_long,Mca037093,20463
938,M_truncatula_A17,LOC_00030801,19768
938,M_truncatula_HM078,Mtrun028604,19957
940,M_arabica,Mara044278,10491
940,M_lupulina,evm.TU.Chr08.3475,8934
940,M_polymorpha,Mpoly034021,11024
940,M_ruthenica_landa,Mru018733,10225
940,M_ruthenica_zhiwusuo,Mru021975,16886
940,M_sativa_XJDY,Msa152216,9950
940,M_sativa_ZM1,Msa019408,13602
940,M_sativa_ZM4_hap4,zm4.84G0045270,9880
940,M_sativa_ssp_caerulea_landa,Mca051662,9715
940,M_sativa_ssp_caerulea_long,Mca048795,10154
940,M_truncatula_A17,LOC_00038424,9024
940,M_truncatula_HM078,Mtrun037990,15907
941,M_arabica,Mara044002,13153
941,M_lupulina,evm.TU.Chr08.3192,13478
941,M_polymorpha,Mpoly015358,13764
941,M_ruthenica_landa,Mru001186,13091
941,M_ruthenica_zhiwusuo,Mru043338,24200
941,M_sativa_XJDY,Msa151730,12917
941,M_sativa_ZM1,Msa050395,12373
941,M_sativa_ZM4_hap4,zm4.84G0042100,11787
941,M_sativa_ssp_caerulea_landa,Mca051336,12264
941,M_sativa_ssp_caerulea_long,Mca048509,12343
941,M_truncatula_A17,LOC_00051386,13115
941,M_truncatula_HM078,Mtrun037732,13160
944,M_arabica,Mara024009,19024
944,M_lupulina,evm.TU.Chr07.3110,5376
944,M_polymorpha,Mpoly011871,24195
944,M_ruthenica_landa,Mru016666,12086
944,M_ruthenica_zhiwusuo,Mru054233,29015
944,M_sativa_XJDY,Msa091484,15195
944,M_sativa_ZM1,Msa023667,23310
944,M_sativa_ZM4_hap4,zm4.34G0038260,18096
944,M_sativa_ssp_caerulea_landa,Mca052279,1252
944,M_sativa_ssp_caerulea_long,Mca017729,19886
944,M_truncatula_A17,LOC_00037184,17224
944,M_truncatula_HM078,Mtrun013953,17199
946,M_arabica,Mara017964,14602
946,M_lupulina,evm.TU.Chr08.3296,8392
946,M_polymorpha,Mpoly013211,14058
946,M_ruthenica_landa,Mru019002,4743
946,M_ruthenica_zhiwusuo,Mru022659,19116
946,M_sativa_XJDY,Msa067481,19289
946,M_sativa_ZM1,Msa019972,14078
946,M_sativa_ZM4_hap4,zm4.34G0045780,23200
946,M_sativa_ssp_caerulea_landa,Mca051457,7719
946,M_sativa_ssp_caerulea_long,Mca017200,22989
946,M_truncatula_A17,LOC_00038995,14036
946,M_truncatula_HM078,Mtrun016437,26373
949,M_arabica,Mara016897,8061
949,M_lupulina,evm.TU.Chr06.299,3788
949,M_polymorpha,Mpoly013032,33792
949,M_ruthenica_landa,Mru012729,9624
949,M_ruthenica_zhiwusuo,Mru034913,18797
949,M_sativa_XJDY,Msa071982,14252
949,M_sativa_ZM1,Msa026384,14194
949,M_sativa_ZM4_hap4,zm4.44G0059250,18551
949,M_sativa_ssp_caerulea_landa,Mca053220,4424
949,M_sativa_ssp_caerulea_long,Mca025953,13874
949,M_truncatula_A17,LOC_00020255,9631
949,M_truncatula_HM078,Mtrun020060,13030
951,M_arabica,Mara018671,16380
951,M_lupulina,evm.TU.Chr08.3399,7065
951,M_polymorpha,Mpoly014004,17049
951,M_ruthenica_landa,Mru019057,4555
951,M_ruthenica_zhiwusuo,Mru021020,23789
951,M_sativa_XJDY,Msa067481,19289
951,M_sativa_ZM1,Msa018358,20176
951,M_sativa_ZM4_hap4,zm4.44G0008630,20362
951,M_sativa_ssp_caerulea_landa,Mca051568,5514
951,M_sativa_ssp_caerulea_long,Mca021446,15376
951,M_truncatula_A17,LOC_00000960,17870
951,M_truncatula_HM078,Mtrun014276,16187
953,M_arabica,Mara016410,13080
953,M_lupulina,evm.TU.Chr07.2229,2574
953,M_polymorpha,Mpoly012335,14369
953,M_ruthenica_landa,Mru018983,6740
953,M_ruthenica_zhiwusuo,Mru021346,14551
953,M_sativa_XJDY,Msa066891,10657
953,M_sativa_ZM1,Msa047297,19289
953,M_sativa_ZM4_hap4,zm4.34G0056210,14387
953,M_sativa_ssp_caerulea_landa,Mca052061,3746
953,M_sativa_ssp_caerulea_long,Mca020704,15341
953,M_truncatula_A17,LOC_00037803,13873
953,M_truncatula_HM078,Mtrun014441,13842
956,M_arabica,Mara014673,17949
956,M_lupulina,evm.TU.Chr08.3438,4102
956,M_polymorpha,Mpoly013775,19906
956,M_ruthenica_landa,Mru018676,20828
956,M_ruthenica_zhiwusuo,Mru021582,37060
956,M_sativa_XJDY,Msa071435,14990
956,M_sativa_ZM1,Msa048161,27702
956,M_sativa_ZM4_hap4,zm4.84G0019830,30802
956,M_sativa_ssp_caerulea_landa,Mca051606,3923
956,M_sativa_ssp_caerulea_long,Mca019754,26123
956,M_truncatula_A17,LOC_00035620,10808
956,M_truncatula_HM078,Mtrun012814,11033
957,M_arabica,Mara043220,15872
957,M_lupulina,evm.TU.Chr08.2499,16540
957,M_polymorpha,Mpoly033109,16352
957,M_ruthenica_landa,Mru009630,10702
957,M_ruthenica_zhiwusuo,Mru053198,24463
957,M_sativa_XJDY,Msa150935,16877
957,M_sativa_ZM1,Msa050510,14165
957,M_sativa_ZM4_hap4,zm4.84G0033970,15804
957,M_sativa_ssp_caerulea_landa,Mca050542,18608
957,M_sativa_ssp_caerulea_long,Mca047679,16275
957,M_truncatula_A17,LOC_00050456,16584
957,M_truncatula_HM078,Mtrun037051,16631
964,M_arabica,Mara041851,12279
964,M_lupulina,evm.TU.Chr07.2511,12925
964,M_polymorpha,Mpoly028511,10739
964,M_ruthenica_landa,Mru017781,20357
964,M_ruthenica_zhiwusuo,Mru038308,17739
964,M_sativa_XJDY,Msa129259,14811
964,M_sativa_ZM1,Msa043137,12363
964,M_sativa_ZM4_hap4,zm4.74G0039320,7282
964,M_sativa_ssp_caerulea_landa,Mca053017,9666
964,M_sativa_ssp_caerulea_long,Mca041228,13404
964,M_truncatula_A17,LOC_00047647,8923
964,M_truncatula_HM078,Mtrun031993,12684
965,M_arabica,Mara019795,9726
965,M_lupulina,evm.TU.Chr06.942,9002
965,M_polymorpha,Mpoly010284,8857
965,M_ruthenica_landa,Mru002921,13666
965,M_ruthenica_zhiwusuo,Mru050874,21514
965,M_sativa_XJDY,Msa150562,11965
965,M_sativa_ZM1,Msa034272,36042
965,M_sativa_ZM4_hap4,zm4.34G0031280,7740
965,M_sativa_ssp_caerulea_landa,Mca051049,13573
965,M_sativa_ssp_caerulea_long,Mca048179,15514
965,M_truncatula_A17,LOC_00034828,10535
965,M_truncatula_HM078,Mtrun012269,10210
968,M_arabica,Mara022844,23202
968,M_lupulina,evm.TU.Chr08.4534,9664
968,M_polymorpha,Mpoly017307,19486
968,M_ruthenica_landa,Mru013052,8203
968,M_ruthenica_zhiwusuo,Mru027108,18919
968,M_sativa_XJDY,Msa153334,10851
968,M_sativa_ZM1,Msa025447,22177
968,M_sativa_ZM4_hap4,zm4.84G0058270,10742
968,M_sativa_ssp_caerulea_landa,Mca052982,10244
968,M_sativa_ssp_caerulea_long,Mca050084,10945
968,M_truncatula_A17,LOC_00001349,56541
968,M_truncatula_HM078,Mtrun007836,14340
971,M_arabica,Mara035366,10442
971,M_lupulina,evm.TU.Chr07.597,14579
971,M_polymorpha,Mpoly012810,18440
971,M_ruthenica_landa,Mru012499,12891
971,M_ruthenica_zhiwusuo,Mru020911,13503
971,M_sativa_XJDY,Msa126091,11617
971,M_sativa_ZM1,Msa026291,18291
971,M_sativa_ZM4_hap4,zm4.44G0003170,14320
971,M_sativa_ssp_caerulea_landa,Mca052803,1821
971,M_sativa_ssp_caerulea_long,Mca038478,11370
971,M_truncatula_A17,LOC_00040422,10671
971,M_truncatula_HM078,Mtrun030071,14070
978,M_arabica,Mara028330,13089
978,M_lupulina,evm.TU.Chr06.1184,15900
978,M_polymorpha,Mpoly020123,14164
978,M_ruthenica_landa,Mru014274,5866
978,M_ruthenica_zhiwusuo,Mru052807,15445
978,M_sativa_XJDY,Msa092793,15649
978,M_sativa_ZM1,Msa047298,21127
978,M_sativa_ZM4_hap4,zm4.54G0015540,15444
978,M_sativa_ssp_caerulea_landa,Mca051524,1999
978,M_sativa_ssp_caerulea_long,Mca030275,16938
978,M_truncatula_A17,LOC_00009549,13970
978,M_truncatula_HM078,Mtrun027430,14003
979,M_arabica,Mara016822,9721
979,M_lupulina,evm.TU.Chr08.1197,6926
979,M_polymorpha,Mpoly024711,25918
979,M_ruthenica_landa,Mru017071,18702
979,M_ruthenica_zhiwusuo,Mru035081,19014
979,M_sativa_XJDY,Msa066914,15239
979,M_sativa_ZM1,Msa048535,19879
979,M_sativa_ZM4_hap4,zm4.34G0020800,14839
979,M_sativa_ssp_caerulea_landa,Mca051527,9750
979,M_sativa_ssp_caerulea_long,Mca020146,28409
979,M_truncatula_A17,LOC_00033214,8602
979,M_truncatula_HM078,Mtrun011343,9638
982,M_arabica,Mara024453,37110
982,M_lupulina,evm.TU.Chr08.3979,1636
982,M_polymorpha,Mpoly026274,21371
982,M_ruthenica_landa,Mru018946,5876
982,M_ruthenica_zhiwusuo,Mru022519,18802
982,M_sativa_XJDY,Msa069824,11366
982,M_sativa_ZM1,Msa019778,25843
982,M_sativa_ZM4_hap4,zm4.84G0046280,19398
982,M_sativa_ssp_caerulea_landa,Mca051771,20567
982,M_sativa_ssp_caerulea_long,Mca017787,26884
982,M_truncatula_A17,LOC_00039109,17442
982,M_truncatula_HM078,Mtrun026017,21119
983,M_arabica,Mara026218,12220
983,M_lupulina,evm.TU.Chr06.1058,8281
983,M_polymorpha,Mpoly022059,30778
983,M_ruthenica_landa,Mru007154,9424
983,M_ruthenica_zhiwusuo,Mru030547,17748
983,M_sativa_XJDY,Msa094203,33525
983,M_sativa_ZM1,Msa031345,12696
983,M_sativa_ZM4_hap4,zm4.54G0037390,21708
983,M_sativa_ssp_caerulea_landa,Mca050664,6105
983,M_sativa_ssp_caerulea_long,Mca032455,18373
983,M_truncatula_A17,LOC_00011521,10184
983,M_truncatula_HM078,Mtrun025868,16859
984,M_arabica,Mara022028,19870
984,M_lupulina,evm.TU.Chr06.1505,6871
984,M_polymorpha,Mpoly016652,15473
984,M_ruthenica_landa,Mru015577,3338
984,M_ruthenica_zhiwusuo,Mru034336,18131
984,M_sativa_XJDY,Msa149704,7608
984,M_sativa_ZM1,Msa024614,15854
984,M_sativa_ZM4_hap4,zm4.44G0040970,15835
984,M_sativa_ssp_caerulea_landa,Mca051721,6116
984,M_sativa_ssp_caerulea_long,Mca024141,17090
984,M_truncatula_A17,LOC_00004721,16447
984,M_truncatula_HM078,Mtrun019233,16903
986,M_arabica,Mara029861,16233
986,M_lupulina,evm.TU.Chr07.2146,15338
986,M_polymorpha,Mpoly021662,13776
986,M_ruthenica_landa,Mru015115,16648
986,M_ruthenica_zhiwusuo,Mru045539,13257
986,M_sativa_XJDY,Msa127991,13506
986,M_sativa_ZM1,Msa044049,24007
986,M_sativa_ZM4_hap4,zm4.34G0017020,13773
986,M_sativa_ssp_caerulea_landa,Mca053136,463
986,M_sativa_ssp_caerulea_long,Mca014199,14507
986,M_truncatula_A17,LOC_00033554,14072
986,M_truncatula_HM078,Mtrun011215,14965
987,M_arabica,Mara018675,20145
987,M_lupulina,evm.TU.Chr08.4625,5976
987,M_polymorpha,Mpoly014142,19790
987,M_ruthenica_landa,Mru016210,4638
987,M_ruthenica_zhiwusuo,Mru023751,21493
987,M_sativa_XJDY,Msa067661,20457
987,M_sativa_ZM1,Msa048015,24846
987,M_sativa_ZM4_hap4,zm4.44G0010330,21253
987,M_sativa_ssp_caerulea_landa,Mca053107,8488
987,M_sativa_ssp_caerulea_long,Mca020814,20309
987,M_truncatula_A17,LOC_00001193,20923
987,M_truncatula_HM078,Mtrun016608,21186
988,M_arabica,Mara045385,23453
988,M_lupulina,evm.TU.Chr07.4554,11927
988,M_polymorpha,Mpoly030516,11876
988,M_ruthenica_landa,Mru004415,24825
988,M_ruthenica_zhiwusuo,Mru021496,17923
988,M_sativa_XJDY,Msa150524,27669
988,M_sativa_ZM1,Msa051897,13246
988,M_sativa_ZM4_hap4,zm4.64G0044990,14200
988,M_sativa_ssp_caerulea_landa,Mca053296,2594
988,M_sativa_ssp_caerulea_long,Mca038660,13318
988,M_truncatula_A17,LOC_00024358,14273
988,M_truncatula_HM078,Mtrun003079,17869
989,M_arabica,Mara025511,29735
989,M_lupulina,evm.TU.Chr06.700,13091
989,M_polymorpha,Mpoly025463,29203
989,M_ruthenica_landa,Mru017339,18465
989,M_ruthenica_zhiwusuo,Mru038731,56492
989,M_sativa_XJDY,Msa094817,28471
989,M_sativa_ZM1,Msa006311,28731
989,M_sativa_ZM4_hap4,zm4.54G0045440,29312
989,M_sativa_ssp_caerulea_landa,Mca052097,7968
989,M_sativa_ssp_caerulea_long,Mca030841,30443
989,M_truncatula_A17,LOC_00012437,31058
989,M_truncatula_HM078,Mtrun025164,30849
991,M_arabica,Mara041466,12979
991,M_lupulina,evm.TU.Chr08.890,13424
991,M_polymorpha,Mpoly031799,27420
991,M_ruthenica_landa,Mru008784,3182
991,M_ruthenica_zhiwusuo,Mru055119,20866
991,M_sativa_XJDY,Msa149129,11296
991,M_sativa_ZM1,Msa047589,16102
991,M_sativa_ZM4_hap4,zm4.84G0015570,18334
991,M_sativa_ssp_caerulea_landa,Mca051409,9538
991,M_sativa_ssp_caerulea_long,Mca045564,18804
991,M_truncatula_A17,LOC_00052409,13840
991,M_truncatula_HM078,Mtrun038564,14543
992,M_arabica,Mara017033,13328
992,M_lupulina,evm.TU.Chr07.2736,5785
992,M_polymorpha,Mpoly017945,10097
992,M_ruthenica_landa,Mru011767,5430
992,M_ruthenica_zhiwusuo,Mru029837,12085
992,M_sativa_XJDY,Msa071818,10842
992,M_sativa_ZM1,Msa026197,15553
992,M_sativa_ZM4_hap4,zm4.44G0032130,10533
992,M_sativa_ssp_caerulea_landa,Mca052138,1874
992,M_sativa_ssp_caerulea_long,Mca025767,16598
992,M_truncatula_A17,LOC_00006543,9862
992,M_truncatula_HM078,Mtrun020694,9644
1002,M_arabica,Mara041323,8609
1002,M_lupulina,evm.TU.Chr08.1019,9440
1002,M_polymorpha,Mpoly031701,8569
1002,M_ruthenica_landa,Mru008285,6188
1002,M_ruthenica_zhiwusuo,Mru050636,9363
1002,M_sativa_XJDY,Msa150703,11419
1002,M_sativa_ZM1,Msa041288,25146
1002,M_sativa_ZM4_hap4,zm4.44G0005860,14494
1002,M_sativa_ssp_caerulea_landa,Mca052861,5752
1002,M_sativa_ssp_caerulea_long,Mca014015,48724
1002,M_truncatula_A17,LOC_00048280,8696
1002,M_truncatula_HM078,Mtrun035531,9443
1003,M_arabica,Mara045402,9941
1003,M_lupulina,evm.TU.Chr06.570,14232
1003,M_polymorpha,Mpoly019213,13733
1003,M_ruthenica_landa,Mru013426,8161
1003,M_ruthenica_zhiwusuo,Mru030838,13631
1003,M_sativa_XJDY,Msa091683,14231
1003,M_sativa_ZM1,Msa021966,11754
1003,M_sativa_ZM4_hap4,zm4.54G0037030,15664
1003,M_sativa_ssp_caerulea_landa,Mca053054,6740
1003,M_sativa_ssp_caerulea_long,Mca010638,17839
1003,M_truncatula_A17,LOC_00008324,13047
1003,M_truncatula_HM078,Mtrun022074,13042
1005,M_arabica,Mara022113,12555
1005,M_lupulina,evm.TU.Chr08.2569,7974
1005,M_polymorpha,Mpoly016725,12733
1005,M_ruthenica_landa,Mru002379,5948
1005,M_ruthenica_zhiwusuo,Mru028987,21012
1005,M_sativa_XJDY,Msa070517,13180
1005,M_sativa_ZM1,Msa051521,9448
1005,M_sativa_ZM4_hap4,zm4.44G0041900,12307
1005,M_sativa_ssp_caerulea_landa,Mca051805,6913
1005,M_sativa_ssp_caerulea_long,Mca024245,13141
1005,M_truncatula_A17,LOC_00004831,17665
1005,M_truncatula_HM078,Mtrun019303,17522
1010,M_arabica,Mara010395,10855
1010,M_lupulina,evm.TU.Chr06.603,11385
1010,M_polymorpha,Mpoly016429,13345
1010,M_ruthenica_landa,Mru012923,12109
1010,M_ruthenica_zhiwusuo,Mru029592,23624
1010,M_sativa_XJDY,Msa091729,13131
1010,M_sativa_ZM1,Msa035523,19742
1010,M_sativa_ZM4_hap4,zm4.64G0017460,16459
1010,M_sativa_ssp_caerulea_landa,Mca050849,2024
1010,M_sativa_ssp_caerulea_long,Mca021749,14608
1010,M_truncatula_A17,LOC_00008366,11012
1010,M_truncatula_HM078,Mtrun008986,11393
1011,M_arabica,Mara041072,14874
1011,M_lupulina,evm.TU.Chr08.804,15128
1011,M_polymorpha,Mpoly031498,14254
1011,M_ruthenica_landa,Mru000695,19799
1011,M_ruthenica_zhiwusuo,Mru050876,12671
1011,M_sativa_XJDY,Msa148729,14916
1011,M_sativa_ZM1,Msa044559,15853
1011,M_sativa_ZM4_hap4,zm4.34G0062980,7485
1011,M_sativa_ssp_caerulea_landa,Mca051713,4892
1011,M_sativa_ssp_caerulea_long,Mca047625,10145
1011,M_truncatula_A17,LOC_00047978,15232
1011,M_truncatula_HM078,Mtrun035306,14933
1012,M_arabica,Mara041202,11915
1012,M_lupulina,evm.TU.Chr07.2296,12579
1012,M_polymorpha,Mpoly029138,14518
1012,M_ruthenica_landa,Mru050514,9550
1012,M_ruthenica_zhiwusuo,Mru052768,20085
1012,M_sativa_XJDY,Msa129172,18981
1012,M_sativa_ZM1,Msa028920,13424
1012,M_sativa_ZM4_hap4,zm4.44G0052690,20837
1012,M_sativa_ssp_caerulea_landa,Mca051185,3535
1012,M_sativa_ssp_caerulea_long,Mca027961,27194
1012,M_truncatula_A17,LOC_00045481,10128
1012,M_truncatula_HM078,Mtrun032690,13627
1021,M_arabica,Mara040912,8996
1021,M_lupulina,evm.TU.Chr07.1811,9538
1021,M_polymorpha,Mpoly027172,18710
1021,M_ruthenica_landa,Mru013042,17256
1021,M_ruthenica_zhiwusuo,Mru044542,19028
1021,M_sativa_XJDY,Msa127496,11904
1021,M_sativa_ZM1,Msa032310,8704
1021,M_sativa_ZM4_hap4,zm4.54G0003770,15369
1021,M_sativa_ssp_caerulea_landa,Mca050900,4161
1021,M_sativa_ssp_caerulea_long,Mca040302,19993
1021,M_truncatula_A17,LOC_00012219,8400
1021,M_truncatula_HM078,Mtrun031237,9548
1024,M_arabica,Mara021838,8528
1024,M_lupulina,evm.TU.Chr06.2627,4534
1024,M_polymorpha,Mpoly002891,36871
1024,M_ruthenica_landa,Mru023039,12758
1024,M_ruthenica_zhiwusuo,Mru022660,19721
1024,M_sativa_XJDY,Msa113916,13268
1024,M_sativa_ZM1,Msa048318,13119
1024,M_sativa_ZM4_hap4,zm4.64G0012430,11347
1024,M_sativa_ssp_caerulea_landa,Mca051763,1812
1024,M_sativa_ssp_caerulea_long,Mca037334,23821
1024,M_truncatula_A17,LOC_00004476,9135
1024,M_truncatula_HM078,Mtrun016311,9692
1026,M_arabica,Mara017261,11871
1026,M_lupulina,evm.TU.Chr08.2120,7471
1026,M_polymorpha,Mpoly017664,21380
1026,M_ruthenica_landa,Mru002719,17629
1026,M_ruthenica_zhiwusuo,Mru029123,20420
1026,M_sativa_XJDY,Msa071487,20920
1026,M_sativa_ZM1,Msa025829,46355
1026,M_sativa_ZM4_hap4,zm4.44G0053520,20032
1026,M_sativa_ssp_caerulea_landa,Mca050968,7156
1026,M_sativa_ssp_caerulea_long,Mca047133,8702
1026,M_truncatula_A17,LOC_00006139,21179
1026,M_truncatula_HM078,Mtrun020379,22068
1029,M_arabica,Mara044614,11344
1029,M_lupulina,evm.TU.Chr07.3203,8476
1029,M_polymorpha,Mpoly031843,14793
1029,M_ruthenica_landa,Mru015961,1758
1029,M_ruthenica_zhiwusuo,Mru020977,12203
1029,M_sativa_XJDY,Msa149664,18249
1029,M_sativa_ZM1,Msa047187,19471
1029,M_sativa_ZM4_hap4,zm4.44G0027580,34377
1029,M_sativa_ssp_caerulea_landa,Mca052016,4848
1029,M_sativa_ssp_caerulea_long,Mca020238,38594
1029,M_truncatula_A17,LOC_00044355,15378
1029,M_truncatula_HM078,Mtrun032712,15369
1030,M_arabica,Mara036797,13471
1030,M_lupulina,evm.TU.Chr08.966,7478
1030,M_polymorpha,Mpoly017860,12526
1030,M_ruthenica_landa,Mru008951,2834
1030,M_ruthenica_zhiwusuo,Mru042278,12460
1030,M_sativa_XJDY,Msa071731,11789
1030,M_sativa_ZM1,Msa026097,11551
1030,M_sativa_ZM4_hap4,zm4.44G0056340,11216
1030,M_sativa_ssp_caerulea_landa,Mca051897,1737
1030,M_sativa_ssp_caerulea_long,Mca044897,14353
1030,M_truncatula_A17,LOC_00006420,12077
1030,M_truncatula_HM078,Mtrun035096,19115
1032,M_arabica,Mara019212,21209
1032,M_lupulina,evm.TU.Chr06.810,7411
1032,M_polymorpha,Mpoly013782,15698
1032,M_ruthenica_landa,Mru001026,5627
1032,M_ruthenica_zhiwusuo,Mru023977,15579
1032,M_sativa_XJDY,Msa067897,13452
1032,M_sativa_ZM1,Msa027961,15963
1032,M_sativa_ZM4_hap4,zm4.44G0016270,17426
1032,M_sativa_ssp_caerulea_landa,Mca051957,2158
1032,M_sativa_ssp_caerulea_long,Mca028924,17777
1032,M_truncatula_A17,LOC_00001493,12089
1032,M_truncatula_HM078,Mtrun022321,12415
1036,M_arabica,Mara032425,12478
1036,M_lupulina,evm.TU.Chr06.1337,8664
1036,M_polymorpha,Mpoly022234,40308
1036,M_ruthenica_landa,Mru002600,9912
1036,M_ruthenica_zhiwusuo,Mru039642,23345
1036,M_sativa_XJDY,Msa066858,16888
1036,M_sativa_ZM1,Msa021171,12433
1036,M_sativa_ZM4_hap4,zm4.64G0003260,15997
1036,M_sativa_ssp_caerulea_landa,Mca050645,4394
1036,M_sativa_ssp_caerulea_long,Mca032218,15924
1036,M_truncatula_A17,LOC_00011582,12289
1036,M_truncatula_HM078,Mtrun026265,24384
1045,M_arabica,Mara045542,4483
1045,M_lupulina,evm.TU.Chr08.4497,4395
1045,M_polymorpha,Mpoly026943,34506
1045,M_ruthenica_landa,Mru009329,5094
1045,M_ruthenica_zhiwusuo,Mru043044,7930
1045,M_sativa_XJDY,Msa126120,22383
1045,M_sativa_ZM1,Msa049552,22278
1045,M_sativa_ZM4_hap4,zm4.54G0037340,16968
1045,M_sativa_ssp_caerulea_landa,Mca052939,7821
1045,M_sativa_ssp_caerulea_long,Mca019445,8398
1045,M_truncatula_A17,LOC_00053160,5142
1045,M_truncatula_HM078,Mtrun039162,5268
1047,M_arabica,Mara008488,17889
1047,M_lupulina,evm.TU.Chr06.1268,5390
1047,M_polymorpha,Mpoly006887,16138
1047,M_ruthenica_landa,Mru011234,18704
1047,M_ruthenica_zhiwusuo,Mru022373,19567
1047,M_sativa_XJDY,Msa093310,11982
1047,M_sativa_ZM1,Msa029641,23984
1047,M_sativa_ZM4_hap4,zm4.24G0022640,16645
1047,M_sativa_ssp_caerulea_landa,Mca052369,2004
1047,M_sativa_ssp_caerulea_long,Mca008894,17335
1047,M_truncatula_A17,LOC_00016409,17838
1047,M_truncatula_HM078,Mtrun007287,17706
1048,M_arabica,Mara039083,8298
1048,M_lupulina,evm.TU.Chr07.4719,10841
1048,M_polymorpha,Mpoly014361,13758
1048,M_ruthenica_landa,Mru010950,15140
1048,M_ruthenica_zhiwusuo,Mru034061,15726
1048,M_sativa_XJDY,Msa094320,9233
1048,M_sativa_ZM1,Msa017809,16110
1048,M_sativa_ZM4_hap4,zm4.54G0038760,8653
1048,M_sativa_ssp_caerulea_landa,Mca051374,1153
1048,M_sativa_ssp_caerulea_long,Mca021877,26228
1048,M_truncatula_A17,LOC_00000949,10389
1048,M_truncatula_HM078,Mtrun016437,26373
1057,M_arabica,Mara026251,15571
1057,M_lupulina,evm.TU.Chr08.2307,7091
1057,M_polymorpha,Mpoly015409,21360
1057,M_ruthenica_landa,Mru011001,8597
1057,M_ruthenica_zhiwusuo,Mru034470,18396
1057,M_sativa_XJDY,Msa094085,15260
1057,M_sativa_ZM1,Msa041811,17907
1057,M_sativa_ZM4_hap4,zm4.54G0035990,16759
1057,M_sativa_ssp_caerulea_landa,Mca052545,3502
1057,M_sativa_ssp_caerulea_long,Mca022754,17719
1057,M_truncatula_A17,LOC_00011489,15963
1057,M_truncatula_HM078,Mtrun024477,15851
1059,M_arabica,Mara015786,12897
1059,M_lupulina,evm.TU.Chr07.1315,9441
1059,M_polymorpha,Mpoly014032,14664
1059,M_ruthenica_landa,Mru011701,3571
1059,M_ruthenica_zhiwusuo,Mru042176,15856
1059,M_sativa_XJDY,Msa093371,10492
1059,M_sativa_ZM1,Msa020661,14469
1059,M_sativa_ZM4_hap4,zm4.64G0019380,15883
1059,M_sativa_ssp_caerulea_landa,Mca050591,10640
1059,M_sativa_ssp_caerulea_long,Mca019782,19676
1059,M_truncatula_A17,LOC_00037078,13129
1059,M_truncatula_HM078,Mtrun013876,15189
1060,M_arabica,Mara018090,19220
1060,M_lupulina,evm.TU.Chr07.1330,9804
1060,M_polymorpha,Mpoly011349,11010
1060,M_ruthenica_landa,Mru011047,3178
1060,M_ruthenica_zhiwusuo,Mru023125,16071
1060,M_sativa_XJDY,Msa091131,12881
1060,M_sativa_ZM1,Msa022901,8953
1060,M_sativa_ZM4_hap4,zm4.34G0044500,11945
1060,M_sativa_ssp_caerulea_landa,Mca051316,944
1060,M_sativa_ssp_caerulea_long,Mca012139,29059
1060,M_truncatula_A17,LOC_00036433,9990
1060,M_truncatula_HM078,Mtrun013378,10099
1068,M_arabica,Mara040994,10939
1068,M_lupulina,evm.TU.Chr08.746,11855
1068,M_polymorpha,Mpoly032384,13364
1068,M_ruthenica_landa,Mru012320,5010
1068,M_ruthenica_zhiwusuo,Mru050078,20220
1068,M_sativa_XJDY,Msa148639,14872
1068,M_sativa_ZM1,Msa048547,26958
1068,M_sativa_ZM4_hap4,zm4.84G0023810,12649
1068,M_sativa_ssp_caerulea_landa,Mca050499,6950
1068,M_sativa_ssp_caerulea_long,Mca040285,10955
1068,M_truncatula_A17,LOC_00047897,13300
1068,M_truncatula_HM078,Mtrun035244,11919
1076,M_arabica,Mara024185,22817
1076,M_lupulina,evm.TU.Chr06.984,10060
1076,M_polymorpha,Mpoly017313,29157
1076,M_ruthenica_landa,Mru005940,9371
1076,M_ruthenica_zhiwusuo,Mru029821,25871
1076,M_sativa_XJDY,Msa072305,18956
1076,M_sativa_ZM1,Msa021357,17665
1076,M_sativa_ZM4_hap4,zm4.44G0062720,18585
1076,M_sativa_ssp_caerulea_landa,Mca051019,2064
1076,M_sativa_ssp_caerulea_long,Mca025054,16601
1076,M_truncatula_A17,LOC_00005641,21847
1076,M_truncatula_HM078,Mtrun019977,22201
1087,M_arabica,Mara019062,16762
1087,M_lupulina,evm.TU.Chr08.4871,10521
1087,M_polymorpha,Mpoly014643,39057
1087,M_ruthenica_landa,Mru016022,8645
1087,M_ruthenica_zhiwusuo,Mru056471,29265
1087,M_sativa_XJDY,Msa067892,12715
1087,M_sativa_ZM1,Msa021164,35288
1087,M_sativa_ZM4_hap4,zm4.44G0013490,19634
1087,M_sativa_ssp_caerulea_landa,Mca053314,11085
1087,M_sativa_ssp_caerulea_long,Mca022403,28670
1087,M_truncatula_A17,LOC_00001480,15159
1087,M_truncatula_HM078,Mtrun016806,14638
1092,M_arabica,Mara044149,13908
1092,M_lupulina,evm.TU.Chr08.2673_evm.TU.Chr08.2674,30405
1092,M_polymorpha,Mpoly033907,17690
1092,M_ruthenica_landa,Mru013180,22556
1092,M_ruthenica_zhiwusuo,Mru054405,15262
1092,M_sativa_XJDY,Msa151864,14894
1092,M_sativa_ZM1,Msa043669,16406
1092,M_sativa_ZM4_hap4,zm4.74G0050450,27501
1092,M_sativa_ssp_caerulea_landa,Mca051492,14981
1092,M_sativa_ssp_caerulea_long,Mca044867,26657
1092,M_truncatula_A17,LOC_00051549,14991
1092,M_truncatula_HM078,Mtrun032339,16804
1094,M_arabica,Mara018664,14511
1094,M_lupulina,evm.TU.Chr07.2349,29166
1094,M_polymorpha,Mpoly026561,16110
1094,M_ruthenica_landa,Mru016136,14293
1094,M_ruthenica_zhiwusuo,Mru043633,13165
1094,M_sativa_XJDY,Msa067929,11768
1094,M_sativa_ZM1,Msa021629,11246
1094,M_sativa_ZM4_hap4,zm4.74G0036870,11542
1094,M_sativa_ssp_caerulea_landa,Mca051747,2011
1094,M_sativa_ssp_caerulea_long,Mca016398,20198
1094,M_truncatula_A17,LOC_00001545,11849
1094,M_truncatula_HM078,Mtrun031835,19769
1095,M_arabica,Mara018656,16628
1095,M_lupulina,evm.TU.Chr07.957,7300
1095,M_polymorpha,Mpoly014124,19070
1095,M_ruthenica_landa,Mru017426,9028
1095,M_ruthenica_zhiwusuo,Mru043659,22357
1095,M_sativa_XJDY,Msa126486,44236
1095,M_sativa_ZM1,Msa021298,12187
1095,M_sativa_ZM4_hap4,zm4.74G0005830,12376
1095,M_sativa_ssp_caerulea_landa,Mca052360,3433
1095,M_sativa_ssp_caerulea_long,Mca020764,22333
1095,M_truncatula_A17,LOC_00001231,10120
1095,M_truncatula_HM078,Mtrun016589,13806
1097,M_arabica,Mara029122,11709
1097,M_lupulina,evm.TU.Chr06.1272,8863
1097,M_polymorpha,Mpoly017206,34732
1097,M_ruthenica_landa,Mru012428,7471
1097,M_ruthenica_zhiwusuo,Mru028315,20152
1097,M_sativa_XJDY,Msa070926,21204
1097,M_sativa_ZM1,Msa028445,11985
1097,M_sativa_ZM4_hap4,zm4.54G0016900,8453
1097,M_sativa_ssp_caerulea_landa,Mca051991,3553
1097,M_sativa_ssp_caerulea_long,Mca024325,18145
1097,M_truncatula_A17,LOC_00007620,8831
1097,M_truncatula_HM078,Mtrun021561,8717
1098,M_arabica,Mara018757,21442
1098,M_lupulina,evm.TU.Chr08.2586,8634
1098,M_polymorpha,Mpoly003929,11747
1098,M_ruthenica_landa,Mru017207,3835
1098,M_ruthenica_zhiwusuo,Mru036052,19975
1098,M_sativa_XJDY,Msa093990,7974
1098,M_sativa_ZM1,Msa028865,19873
1098,M_sativa_ZM4_hap4,zm4.34G0028370,14397
1098,M_sativa_ssp_caerulea_landa,Mca050977,11657
1098,M_sativa_ssp_caerulea_long,Mca032160,17690
1098,M_truncatula_A17,LOC_00011359,7950
1098,M_truncatula_HM078,Mtrun037425,11787
1100,M_arabica,Mara037710,11552
1100,M_lupulina,evm.TU.Chr08.1922,8003
1100,M_polymorpha,Mpoly013810,19910
1100,M_ruthenica_landa,Mru007646,15659
1100,M_ruthenica_zhiwusuo,Mru038456,26745
1100,M_sativa_XJDY,Msa066901,12461
1100,M_sativa_ZM1,Msa020748,19705
1100,M_sativa_ZM4_hap4,zm4.44G0002630,11264
1100,M_sativa_ssp_caerulea_landa,Mca053126,5384
1100,M_sativa_ssp_caerulea_long,Mca020187,18112
1100,M_truncatula_A17,LOC_00016915,19246
1100,M_truncatula_HM078,Mtrun015879,11018
1103,M_arabica,Mara025311,4327
1103,M_lupulina,evm.TU.Chr08.4677,3476
1103,M_polymorpha,Mpoly000140,4567
1103,M_ruthenica_landa,Mru004635,4185
1103,M_ruthenica_zhiwusuo,Mru055542,15684
1103,M_sativa_XJDY,Msa093982,13530
1103,M_sativa_ZM1,Msa037251,15437
1103,M_sativa_ZM4_hap4,zm4.34G0011530,21998
1103,M_sativa_ssp_caerulea_landa,Mca053166,3411
1103,M_sativa_ssp_caerulea_long,Mca035869,13671
1103,M_truncatula_A17,LOC_00012655,3524
1103,M_truncatula_HM078,Mtrun007972,13584
1105,M_arabica,Mara028459,10088
1105,M_lupulina,evm.TU.Chr06.1078,10199
1105,M_polymorpha,Mpoly026350,11019
1105,M_ruthenica_landa,Mru014228,14154
1105,M_ruthenica_zhiwusuo,Mru033871,29046
1105,M_sativa_XJDY,Msa092287,10689
1105,M_sativa_ZM1,Msa028305,23865
1105,M_sativa_ZM4_hap4,zm4.54G0013920,10058
1105,M_sativa_ssp_caerulea_landa,Mca051940,1994
1105,M_sativa_ssp_caerulea_long,Mca021036,16782
1105,M_truncatula_A17,LOC_00050064,9265
1105,M_truncatula_HM078,Mtrun036782,9446
1109,M_arabica,Mara022798,15607
1109,M_lupulina,evm.TU.Chr08.3522,5863
1109,M_polymorpha,Mpoly017260,16924
1109,M_ruthenica_landa,Mru004674,9520
1109,M_ruthenica_zhiwusuo,Mru029438,13755
1109,M_sativa_XJDY,Msa070990,17504
1109,M_sativa_ZM1,Msa048039,12894
1109,M_sativa_ZM4_hap4,zm4.44G0048540,16628
1109,M_sativa_ssp_caerulea_landa,Mca051718,5367
1109,M_sativa_ssp_caerulea_long,Mca024998,17609
1109,M_truncatula_A17,LOC_00005577,18000
1109,M_truncatula_HM078,Mtrun019923,19487
1111,M_arabica,Mara022080,10336
1111,M_lupulina,evm.TU.Chr06.2738,5367
1111,M_polymorpha,Mpoly009107,24323
1111,M_ruthenica_landa,Mru017347,8529
1111,M_ruthenica_zhiwusuo,Mru023755,11165
1111,M_sativa_XJDY,Msa070480,9938
1111,M_sativa_ZM1,Msa037913,5564
1111,M_sativa_ZM4_hap4,zm4.24G0037800,5711
1111,M_sativa_ssp_caerulea_landa,Mca052389,2399
1111,M_sativa_ssp_caerulea_long,Mca045165,19417
1111,M_truncatula_A17,LOC_00017866,6614
1111,M_truncatula_HM078,Mtrun023678,10956
1112,M_arabica,Mara003472,16270
1112,M_lupulina,evm.TU.Chr07.371,12744
1112,M_polymorpha,Mpoly026424,7932
1112,M_ruthenica_landa,Mru004716,10262
1112,M_ruthenica_zhiwusuo,Mru027046,10239
1112,M_sativa_XJDY,Msa125554,9271
1112,M_sativa_ZM1,Msa015211,20149
1112,M_sativa_ZM4_hap4,zm4.74G0004470,14493
1112,M_sativa_ssp_caerulea_landa,Mca050838,6369
1112,M_sativa_ssp_caerulea_long,Mca040803,29408
1112,M_truncatula_A17,LOC_00039692,8757
1112,M_truncatula_HM078,Mtrun029856,12648
1117,M_arabica,Mara037534,19633
1117,M_lupulina,evm.TU.Chr07.2512,14919
1117,M_polymorpha,Mpoly028512,16617
1117,M_ruthenica_landa,Mru017017,16793
1117,M_ruthenica_zhiwusuo,Mru040719,18071
1117,M_sativa_XJDY,Msa128424,18519
1117,M_sativa_ZM1,Msa031160,16160
1117,M_sativa_ZM4_hap4,zm4.74G0019560,18480
1117,M_sativa_ssp_caerulea_landa,Mca051621,7653
1117,M_sativa_ssp_caerulea_long,Mca003080,22668
1117,M_truncatula_A17,LOC_00043263,18893
1117,M_truncatula_HM078,Mtrun034585,20095
1121,M_arabica,Mara044124,7594
1121,M_lupulina,evm.TU.Chr08.3304,5643
1121,M_polymorpha,Mpoly018088,9631
1121,M_ruthenica_landa,Mru011694,7761
1121,M_ruthenica_zhiwusuo,Mru039226,19029
1121,M_sativa_XJDY,Msa127396,12531
1121,M_sativa_ZM1,Msa013118,30476
1121,M_sativa_ZM4_hap4,zm4.34G0035470,19743
1121,M_sativa_ssp_caerulea_landa,Mca051467,8949
1121,M_sativa_ssp_caerulea_long,Mca036078,22182
1121,M_truncatula_A17,LOC_00051521,6629
1121,M_truncatula_HM078,Mtrun016787,8356
1124,M_arabica,Mara043774,18306
1124,M_lupulina,evm.TU.Chr08.2980,20041
1124,M_polymorpha,Mpoly033568,19256
1124,M_ruthenica_landa,Mru016489,13045
1124,M_ruthenica_zhiwusuo,Mru053905,21374
1124,M_sativa_XJDY,Msa151430,17801
1124,M_sativa_ZM1,Msa050154,26345
1124,M_sativa_ZM4_hap4,zm4.84G0039690,17271
1124,M_sativa_ssp_caerulea_landa,Mca051079,15656
1124,M_sativa_ssp_caerulea_long,Mca048207,17644
1124,M_truncatula_A17,LOC_00040029,8386
1124,M_truncatula_HM078,Mtrun037513,18051
1125,M_arabica,Mara033879,16059
1125,M_lupulina,evm.TU.Chr07.3578,9826
1125,M_polymorpha,Mpoly021958,16116
1125,M_ruthenica_landa,Mru012998,13689
1125,M_ruthenica_zhiwusuo,Mru037639,21159
1125,M_sativa_XJDY,Msa130560,13809
1125,M_sativa_ZM1,Msa034459,16591
1125,M_sativa_ZM4_hap4,zm4.74G0033800,28497
1125,M_sativa_ssp_caerulea_landa,Mca053019,7711
1125,M_sativa_ssp_caerulea_long,Mca050121,19219
1125,M_truncatula_A17,LOC_00028190,15719
1125,M_truncatula_HM078,Mtrun026605,15899
1130,M_arabica,Mara044790,15957
1130,M_lupulina,evm.TU.Chr08.3879,18178
1130,M_polymorpha,Mpoly015396,19450
1130,M_ruthenica_landa,Mru018754,14469
1130,M_ruthenica_zhiwusuo,Mru055088,18297
1130,M_sativa_XJDY,Msa152698,18184
1130,M_sativa_ZM1,Msa037411,22070
1130,M_sativa_ZM4_hap4,zm4.84G0050410,17741
1130,M_sativa_ssp_caerulea_landa,Mca052219,17022
1130,M_sativa_ssp_caerulea_long,Mca022674,20540
1130,M_truncatula_A17,LOC_00052297,20083
1130,M_truncatula_HM078,Mtrun038482,20066
1138,M_arabica,Mara041628,15859
1138,M_lupulina,evm.TU.Chr08.1252,18721
1138,M_polymorpha,Mpoly031931,19074
1138,M_ruthenica_landa,Mru001364,11383
1138,M_ruthenica_zhiwusuo,Mru022951,11764
1138,M_sativa_XJDY,Msa149321,18826
1138,M_sativa_ZM1,Msa034659,20720
1138,M_sativa_ZM4_hap4,zm4.24G0013100,18116
1138,M_sativa_ssp_caerulea_landa,Mca051046,11136
1138,M_sativa_ssp_caerulea_long,Mca014772,21768
1138,M_truncatula_A17,LOC_00048670,16535
1138,M_truncatula_HM078,Mtrun035804,19277
1139,M_arabica,Mara011972,8286
1139,M_lupulina,evm.TU.Chr06.1824,6837
1139,M_polymorpha,Mpoly026372,15672
1139,M_ruthenica_landa,Mru003604,6353
1139,M_ruthenica_zhiwusuo,Mru019801,13150
1139,M_sativa_XJDY,Msa093203,31106
1139,M_sativa_ZM1,Msa022756,23071
1139,M_sativa_ZM4_hap4,zm4.54G0024450,12400
1139,M_sativa_ssp_caerulea_landa,Mca051898,4654
1139,M_sativa_ssp_caerulea_long,Mca008565,14943
1139,M_truncatula_A17,LOC_00010059,6874
1139,M_truncatula_HM078,Mtrun016552,10104
1145,M_arabica,Mara021491,17359
1145,M_lupulina,evm.TU.Chr08.2773,3251
1145,M_polymorpha,Mpoly016914,25719
1145,M_ruthenica_landa,Mru011510,10863
1145,M_ruthenica_zhiwusuo,Mru026615,20662
1145,M_sativa_XJDY,Msa069242,26801
1145,M_sativa_ZM1,Msa024970,18843
1145,M_sativa_ZM4_hap4,zm4.44G0035750,17804
1145,M_sativa_ssp_caerulea_landa,Mca050885,2636
1145,M_sativa_ssp_caerulea_long,Mca023566,20875
1145,M_truncatula_A17,LOC_00004076,17801
1145,M_truncatula_HM078,Mtrun018769,21876
1147,M_arabica,Mara038477,19707
1147,M_lupulina,evm.TU.Chr07.3349,27442
1147,M_polymorpha,Mpoly029315,28268
1147,M_ruthenica_landa,Mru015565,7205
1147,M_ruthenica_zhiwusuo,Mru040350,15562
1147,M_sativa_XJDY,Msa129303,25461
1147,M_sativa_ZM1,Msa037580,16072
1147,M_sativa_ZM4_hap4,zm4.74G0043620,24925
1147,M_sativa_ssp_caerulea_landa,Mca050713,4508
1147,M_sativa_ssp_caerulea_long,Mca042364,25519
1147,M_truncatula_A17,LOC_00044567,24292
1147,M_truncatula_HM078,Mtrun032855,23154
1164,M_arabica,Mara031121,8396
1164,M_lupulina,evm.TU.Chr06.2517,8010
1164,M_polymorpha,Mpoly024402,20467
1164,M_ruthenica_landa,Mru008541,14314
1164,M_ruthenica_zhiwusuo,Mru024647,17902
1164,M_sativa_XJDY,Msa093526,13990
1164,M_sativa_ZM1,Msa030167,9652
1164,M_sativa_ZM4_hap4,zm4.44G0009930,37864
1164,M_sativa_ssp_caerulea_landa,Mca052257,5646
1164,M_sativa_ssp_caerulea_long,Mca029195,21398
1164,M_truncatula_A17,LOC_00010619,20217
1164,M_truncatula_HM078,Mtrun023837,20680
1171,M_arabica,Mara028395,12980
1171,M_lupulina,evm.TU.Chr06.1140,19850
1171,M_polymorpha,Mpoly002207,19060
1171,M_ruthenica_landa,Mru004083,18789
1171,M_ruthenica_zhiwusuo,Mru028113,20087
1171,M_sativa_XJDY,Msa092376,13248
1171,M_sativa_ZM1,Msa003234,18865
1171,M_sativa_ZM4_hap4,zm4.54G0014830,12923
1171,M_sativa_ssp_caerulea_landa,Mca050500,6469
1171,M_sativa_ssp_caerulea_long,Mca003149,19208
1171,M_truncatula_A17,LOC_00023318,18284
1171,M_truncatula_HM078,Mtrun002344,18239
1179,M_arabica,Mara020278,10599
1179,M_lupulina,evm.TU.Chr06.955,7250
1179,M_polymorpha,Mpoly003625,20781
1179,M_ruthenica_landa,Mru001643,13003
1179,M_ruthenica_zhiwusuo,Mru021078,19013
1179,M_sativa_XJDY,Msa068846,10815
1179,M_sativa_ZM1,Msa022677,11682
1179,M_sativa_ZM4_hap4,zm4.44G0023700,10775
1179,M_sativa_ssp_caerulea_landa,Mca051248,11966
1179,M_sativa_ssp_caerulea_long,Mca022326,11320
1179,M_truncatula_A17,LOC_00002652,9857
1179,M_truncatula_HM078,Mtrun035575,10939
1180,M_arabica,Mara033943,12783
1180,M_lupulina,evm.TU.Chr08.3940,11394
1180,M_polymorpha,Mpoly012475,29515
1180,M_ruthenica_landa,Mru003448,19523
1180,M_ruthenica_zhiwusuo,Mru026900,23360
1180,M_sativa_XJDY,Msa069141,14416
1180,M_sativa_ZM1,Msa019019,27799
1180,M_sativa_ZM4_hap4,zm4.44G0026890,18945
1180,M_sativa_ssp_caerulea_landa,Mca052292,10745
1180,M_sativa_ssp_caerulea_long,Mca018339,28996
1180,M_truncatula_A17,LOC_00037978,29957
1180,M_truncatula_HM078,Mtrun014587,30418
1182,M_arabica,Mara045258,9346
1182,M_lupulina,evm.TU.Chr08.4263,9730
1182,M_polymorpha,Mpoly034843,9765
1182,M_ruthenica_landa,Mru017802,11646
1182,M_ruthenica_zhiwusuo,Mru039252,16914
1182,M_sativa_XJDY,Msa095570,13096
1182,M_sativa_ZM1,Msa051763,10502
1182,M_sativa_ZM4_hap4,zm4.24G0015440,16899
1182,M_sativa_ssp_caerulea_landa,Mca051930,11988
1182,M_sativa_ssp_caerulea_long,Mca030898,17843
1182,M_truncatula_A17,LOC_00028419,10187
1182,M_truncatula_HM078,Mtrun010429,10325
1183,M_arabica,Mara030786,11223
1183,M_lupulina,evm.TU.Chr07.4127,3730
1183,M_polymorpha,Mpoly029767,11786
1183,M_ruthenica_landa,Mru005195,5111
1183,M_ruthenica_zhiwusuo,Mru036378,12713
1183,M_sativa_XJDY,Msa111174,8796
1183,M_sativa_ZM1,Msa037956,25064
1183,M_sativa_ZM4_hap4,zm4.64G0034030,29959
1183,M_sativa_ssp_caerulea_landa,Mca050867,15731
1183,M_sativa_ssp_caerulea_long,Mca036857,19830
1183,M_truncatula_A17,LOC_00028544,8150
1183,M_truncatula_HM078,Mtrun027329,13181
1184,M_arabica,Mara021051,15892
1184,M_lupulina,evm.TU.Chr06.611,12948
1184,M_polymorpha,Mpoly015853,29793
1184,M_ruthenica_landa,Mru012086,4799
1184,M_ruthenica_zhiwusuo,Mru026107,19449
1184,M_sativa_XJDY,Msa069621,17263
1184,M_sativa_ZM1,Msa039396,19203
1184,M_sativa_ZM4_hap4,zm4.44G0027270,19615
1184,M_sativa_ssp_caerulea_landa,Mca052047,7253
1184,M_sativa_ssp_caerulea_long,Mca023211,16881
1184,M_truncatula_A17,LOC_00003602,15896
1184,M_truncatula_HM078,Mtrun018402,14376
1186,M_arabica,Mara044939,7924
1186,M_lupulina,evm.TU.Chr08.4000,10186
1186,M_polymorpha,Mpoly034589,8158
1186,M_ruthenica_landa,Mru011062,18111
1186,M_ruthenica_zhiwusuo,Mru038705,16960
1186,M_sativa_XJDY,Msa152821,10456
1186,M_sativa_ZM1,Msa010479,12194
1186,M_sativa_ZM4_hap4,zm4.34G0007050,10923
1186,M_sativa_ssp_caerulea_landa,Mca052356,8355
1186,M_sativa_ssp_caerulea_long,Mca037119,15591
1186,M_truncatula_A17,LOC_00052476,10727
1186,M_truncatula_HM078,Mtrun038611,10656
1187,M_arabica,Mara034903,12847
1187,M_lupulina,evm.TU.Chr07.4473,16652
1187,M_polymorpha,Mpoly010539,13924
1187,M_ruthenica_landa,Mru013180,22556
1187,M_ruthenica_zhiwusuo,Mru048797,23152
1187,M_sativa_XJDY,Msa130424,19336
1187,M_sativa_ZM1,Msa045610,19724
1187,M_sativa_ZM4_hap4,zm4.74G0063700,19343
1187,M_sativa_ssp_caerulea_landa,Mca051639,6833
1187,M_sativa_ssp_caerulea_long,Mca043746,20861
1187,M_truncatula_A17,LOC_00046288,18399
1187,M_truncatula_HM078,Mtrun034113,18996
1188,M_arabica,Mara044213,26522
1188,M_lupulina,evm.TU.Chr07.3521,30905
1188,M_polymorpha,Mpoly015350,21726
1188,M_ruthenica_landa,Mru006175,20352
1188,M_ruthenica_zhiwusuo,Mru047541,15708
1188,M_sativa_XJDY,Msa129527,20128
1188,M_sativa_ZM1,Msa043021,16359
1188,M_sativa_ZM4_hap4,zm4.84G0044240,55017
1188,M_sativa_ssp_caerulea_landa,Mca051540,36041
1188,M_sativa_ssp_caerulea_long,Mca022796,16082
1188,M_truncatula_A17,LOC_00044956,11913
1188,M_truncatula_HM078,Mtrun037925,13938
1189,M_arabica,Mara030378,5257
1189,M_lupulina,evm.TU.Chr06.2784,6029
1189,M_polymorpha,Mpoly023668,13938
1189,M_ruthenica_landa,Mru008271,7689
1189,M_ruthenica_zhiwusuo,Mru041593,22809
1189,M_sativa_XJDY,Msa113916,13268
1189,M_sativa_ZM1,Msa039057,28377
1189,M_sativa_ZM4_hap4,zm4.44G0034830,7917
1189,M_sativa_ssp_caerulea_landa,Mca051508,4540
1189,M_sativa_ssp_caerulea_long,Mca037333,18215
1189,M_truncatula_A17,LOC_00030681,6569
1189,M_truncatula_HM078,Mtrun029083,8191
1213,M_arabica,Mara023726,8248
1213,M_lupulina,evm.TU.Chr06.1670,7851
1213,M_polymorpha,Mpoly018030,8264
1213,M_ruthenica_landa,Mru003025,10621
1213,M_ruthenica_zhiwusuo,Mru034181,17093
1213,M_sativa_XJDY,Msa071912,8047
1213,M_sativa_ZM1,Msa039172,9704
1213,M_sativa_ZM4_hap4,zm4.54G0055080,15737
1213,M_sativa_ssp_caerulea_landa,Mca052280,2805
1213,M_sativa_ssp_caerulea_long,Mca025865,8504
1213,M_truncatula_A17,LOC_00009839,8050
1213,M_truncatula_HM078,Mtrun020791,9802
1214,M_arabica,Mara044800,12272
1214,M_lupulina,evm.TU.Chr08.3887,11189
1214,M_polymorpha,Mpoly015761,14430
1214,M_ruthenica_landa,Mru007362,12878
1214,M_ruthenica_zhiwusuo,Mru025743,28782
1214,M_sativa_XJDY,Msa070951,10352
1214,M_sativa_ZM1,Msa040517,9388
1214,M_sativa_ZM4_hap4,zm4.84G0050480,10988
1214,M_sativa_ssp_caerulea_landa,Mca051317,5504
1214,M_sativa_ssp_caerulea_long,Mca041508,11185
1214,M_truncatula_A17,LOC_00040367,11120
1214,M_truncatula_HM078,Mtrun018418,10260
1219,M_arabica,Mara033624,13258
1219,M_lupulina,evm.TU.Chr07.1041,9430
1219,M_polymorpha,Mpoly027297,9542
1219,M_ruthenica_landa,Mru018127,12028
1219,M_ruthenica_zhiwusuo,Mru044810,21106
1219,M_sativa_XJDY,Msa126708,9847
1219,M_sativa_ZM1,Msa039087,15059
1219,M_sativa_ZM4_hap4,zm4.64G0010110,8349
1219,M_sativa_ssp_caerulea_landa,Mca051495,6116
1219,M_sativa_ssp_caerulea_long,Mca032879,11520
1219,M_truncatula_A17,LOC_00041082,8855
1219,M_truncatula_HM078,Mtrun030491,9527
1220,M_arabica,Mara043183,9340
1220,M_lupulina,evm.TU.Chr08.2474,19133
1220,M_polymorpha,Mpoly033087,11281
1220,M_ruthenica_landa,Mru013558,19710
1220,M_ruthenica_zhiwusuo,Mru051087,15092
1220,M_sativa_XJDY,Msa092688,10232
1220,M_sativa_ZM1,Msa049539,20010
1220,M_sativa_ZM4_hap4,zm4.54G0018090,10313
1220,M_sativa_ssp_caerulea_landa,Mca050750,20030
1220,M_sativa_ssp_caerulea_long,Mca028152,15172
1220,M_truncatula_A17,LOC_00050418,8872
1220,M_truncatula_HM078,Mtrun022943,8738
1222,M_arabica,Mara027905,13807
1222,M_lupulina,evm.TU.Chr06.1541,14696
1222,M_polymorpha,Mpoly020206,13297
1222,M_ruthenica_landa,Mru015295,6474
1222,M_ruthenica_zhiwusuo,Mru039728,12232
1222,M_sativa_XJDY,Msa111117,15963
1222,M_sativa_ZM1,Msa028937,13055
1222,M_sativa_ZM4_hap4,zm4.54G0020450,12471
1222,M_sativa_ssp_caerulea_landa,Mca051546,7033
1222,M_sativa_ssp_caerulea_long,Mca028377,13528
1222,M_truncatula_A17,LOC_00009684,14019
1222,M_truncatula_HM078,Mtrun023121,14383
1234,M_arabica,Mara034299,32580
1234,M_lupulina,evm.TU.Chr07.2817,11837
1234,M_polymorpha,Mpoly028816,11878
1234,M_ruthenica_landa,Mru013526,15016
1234,M_ruthenica_zhiwusuo,Mru036952,15789
1234,M_sativa_XJDY,Msa111006,23507
1234,M_sativa_ZM1,Msa034051,19728
1234,M_sativa_ZM4_hap4,zm4.74G0050780,14911
1234,M_sativa_ssp_caerulea_landa,Mca050785,2932
1234,M_sativa_ssp_caerulea_long,Mca032173,31397
1234,M_truncatula_A17,LOC_00043778,12995
1234,M_truncatula_HM078,Mtrun030071,14070
1248,M_arabica,Mara004714,21954
1248,M_lupulina,evm.TU.Chr07.4603,3928
1248,M_polymorpha,Mpoly017065,8521
1248,M_ruthenica_landa,Mru018268,5671
1248,M_ruthenica_zhiwusuo,Mru046052,11428
1248,M_sativa_XJDY,Msa093043,11767
1248,M_sativa_ZM1,Msa021804,7201
1248,M_sativa_ZM4_hap4,zm4.24G0025070,15482
1248,M_sativa_ssp_caerulea_landa,Mca050976,3798
1248,M_sativa_ssp_caerulea_long,Mca037334,23821
1248,M_truncatula_A17,LOC_00005435,7913
1248,M_truncatula_HM078,Mtrun019808,24261
1264,M_arabica,Mara039322,18975
1264,M_lupulina,evm.TU.Chr07.4076,17206
1264,M_polymorpha,Mpoly030021,17597
1264,M_ruthenica_landa,Mru004721,10420
1264,M_ruthenica_zhiwusuo,Mru048232,29002
1264,M_sativa_XJDY,Msa130082,25490
1264,M_sativa_ZM1,Msa046085,20369
1264,M_sativa_ZM4_hap4,zm4.74G0059040,19281
1264,M_sativa_ssp_caerulea_landa,Mca051216,1846
1264,M_sativa_ssp_caerulea_long,Mca043295,19914
1264,M_truncatula_A17,LOC_00046638,21577
1264,M_truncatula_HM078,Mtrun034372,20891
1265,M_arabica,Mara037495,19142
1265,M_lupulina,evm.TU.Chr07.411,8650
1265,M_polymorpha,Mpoly026703,25674
1265,M_ruthenica_landa,Mru005037,12180
1265,M_ruthenica_zhiwusuo,Mru051549,16539
1265,M_sativa_XJDY,Msa128391,21393
1265,M_sativa_ZM1,Msa008947,18397
1265,M_sativa_ZM4_hap4,zm4.74G0039020,17032
1265,M_sativa_ssp_caerulea_landa,Mca052309,5623
1265,M_sativa_ssp_caerulea_long,Mca026692,21521
1265,M_truncatula_A17,LOC_00040102,14115
1265,M_truncatula_HM078,Mtrun029884,17069
1272,M_arabica,Mara023096,16681
1272,M_lupulina,evm.TU.Chr06.247,10901
1272,M_polymorpha,Mpoly018848,22649
1272,M_ruthenica_landa,Mru012926,7120
1272,M_ruthenica_zhiwusuo,Mru028681,18180
1272,M_sativa_XJDY,Msa071286,17632
1272,M_sativa_ZM1,Msa025606,10258
1272,M_sativa_ZM4_hap4,zm4.44G0042410,11769
1272,M_sativa_ssp_caerulea_landa,Mca052028,3519
1272,M_sativa_ssp_caerulea_long,Mca026754,17681
1272,M_truncatula_A17,LOC_00005917,17880
1272,M_truncatula_HM078,Mtrun020211,17855
1276,M_arabica,Mara044022,9933
1276,M_lupulina,evm.TU.Chr07.3986,6057
1276,M_polymorpha,Mpoly011255,20632
1276,M_ruthenica_landa,Mru009141,14194
1276,M_ruthenica_zhiwusuo,Mru041692,17707
1276,M_sativa_XJDY,Msa071193,7557
1276,M_sativa_ZM1,Msa028511,19137
1276,M_sativa_ZM4_hap4,zm4.34G0045300,16059
1276,M_sativa_ssp_caerulea_landa,Mca051355,4858
1276,M_sativa_ssp_caerulea_long,Mca008672,24482
1276,M_truncatula_A17,LOC_00034297,9618
1276,M_truncatula_HM078,Mtrun007122,11761
1277,M_arabica,Mara029760,15250
1277,M_lupulina,evm.TU.Chr06.3506,10720
1277,M_polymorpha,Mpoly022573,15893
1277,M_ruthenica_landa,Mru006478,10231
1277,M_ruthenica_zhiwusuo,Mru040954,16718
1277,M_sativa_XJDY,Msa091230,11762
1277,M_sativa_ZM1,Msa027196,11636
1277,M_sativa_ZM4_hap4,zm4.54G0002660,11188
1277,M_sativa_ssp_caerulea_landa,Mca050529,5083
1277,M_sativa_ssp_caerulea_long,Mca026723,11518
1277,M_truncatula_A17,LOC_00007783,12220
1277,M_truncatula_HM078,Mtrun008668,30220
1278,M_arabica,Mara024944,7794
1278,M_lupulina,evm.TU.Chr07.4316,9132
1278,M_polymorpha,Mpoly031455,9184
1278,M_ruthenica_landa,Mru003246,18298
1278,M_ruthenica_zhiwusuo,Mru024559,23250
1278,M_sativa_XJDY,Msa095387,7579
1278,M_sativa_ZM1,Msa036569,17859
1278,M_sativa_ZM4_hap4,zm4.24G0036320,13535
1278,M_sativa_ssp_caerulea_landa,Mca051132,5712
1278,M_sativa_ssp_caerulea_long,Mca045086,14666
1278,M_truncatula_A17,LOC_00012405,8566
1278,M_truncatula_HM078,Mtrun025622,9608
1291,M_arabica,Mara035221,14088
1291,M_lupulina,evm.TU.Chr07.501,12668
1291,M_polymorpha,Mpoly021914,12356
1291,M_ruthenica_landa,Mru015664,11460
1291,M_ruthenica_zhiwusuo,Mru037567,15043
1291,M_sativa_XJDY,Msa128111,17231
1291,M_sativa_ZM1,Msa040452,12881
1291,M_sativa_ZM4_hap4,zm4.64G0007510,13146
1291,M_sativa_ssp_caerulea_landa,Mca052278,4520
1291,M_sativa_ssp_caerulea_long,Mca038373,12972
1291,M_truncatula_A17,LOC_00040257,12085
1291,M_truncatula_HM078,Mtrun031736,14530
1303,M_arabica,Mara040318,12402
1303,M_lupulina,evm.TU.Chr08.183,11130
1303,M_polymorpha,Mpoly030838,11688
1303,M_ruthenica_landa,Mru009368,3881
1303,M_ruthenica_zhiwusuo,Mru049700,13089
1303,M_sativa_XJDY,Msa153623,11724
1303,M_sativa_ZM1,Msa037834,11680
1303,M_sativa_ZM4_hap4,zm4.24G0027900,15260
1303,M_sativa_ssp_caerulea_landa,Mca053286,8294
1303,M_sativa_ssp_caerulea_long,Mca013210,13963
1303,M_truncatula_A17,LOC_00032880,20556
1303,M_truncatula_HM078,Mtrun032355,12237
1305,M_arabica,Mara019476,7299
1305,M_lupulina,evm.TU.Chr08.434,6291
1305,M_polymorpha,Mpoly025841,8650
1305,M_ruthenica_landa,Mru014252,3009
1305,M_ruthenica_zhiwusuo,Mru028314,12775
1305,M_sativa_XJDY,Msa128560,23438
1305,M_sativa_ZM1,Msa009918,17664
1305,M_sativa_ZM4_hap4,zm4.74G0041070,20557
1305,M_sativa_ssp_caerulea_landa,Mca050603,6981
1305,M_sativa_ssp_caerulea_long,Mca030919,33648
1305,M_truncatula_A17,LOC_00001966,5339
1305,M_truncatula_HM078,Mtrun008069,9946
1311,M_arabica,Mara039853,15025
1311,M_lupulina,evm.TU.Chr06.865,8816
1311,M_polymorpha,Mpoly019119,13717
1311,M_ruthenica_landa,Mru048851,13152
1311,M_ruthenica_zhiwusuo,Mru046761,16890
1311,M_sativa_XJDY,Msa072171,22075
1311,M_sativa_ZM1,Msa010002,12989
1311,M_sativa_ZM4_hap4,zm4.24G0028520,12390
1311,M_sativa_ssp_caerulea_landa,Mca052022,1650
1311,M_sativa_ssp_caerulea_long,Mca009570,13109
1311,M_truncatula_A17,LOC_00017027,11107
1311,M_truncatula_HM078,Mtrun007809,11625
1312,M_arabica,Mara025139,31020
1312,M_lupulina,evm.TU.Chr08.3780,16110
1312,M_polymorpha,Mpoly025785,30526
1312,M_ruthenica_landa,Mru002424,6389
1312,M_ruthenica_zhiwusuo,Mru035933,37822
1312,M_sativa_XJDY,Msa150930,37834
1312,M_sativa_ZM1,Msa049559,44231
1312,M_sativa_ZM4_hap4,zm4.54G0049230,31692
1312,M_sativa_ssp_caerulea_landa,Mca052088,18777
1312,M_sativa_ssp_caerulea_long,Mca047671,50585
1312,M_truncatula_A17,LOC_00012875,30518
1312,M_truncatula_HM078,Mtrun025461,30693
1317,M_arabica,Mara032783,19745
1317,M_lupulina,evm.TU.Chr07.3236,6958
1317,M_polymorpha,Mpoly024806,24601
1317,M_ruthenica_landa,Mru014439,27446
1317,M_ruthenica_zhiwusuo,Mru054901,20191
1317,M_sativa_XJDY,Msa094481,13490
1317,M_sativa_ZM1,Msa031977,13224
1317,M_sativa_ZM4_hap4,zm4.44G0029170,8409
1317,M_sativa_ssp_caerulea_landa,Mca052957,6008
1317,M_sativa_ssp_caerulea_long,Mca029842,31563
1317,M_truncatula_A17,LOC_00011409,23628
1317,M_truncatula_HM078,Mtrun024427,24001
1318,M_arabica,Mara023152,11411
1318,M_lupulina,evm.TU.Chr08.2651,8451
1318,M_polymorpha,Mpoly014206,15058
1318,M_ruthenica_landa,Mru001812,979
1318,M_ruthenica_zhiwusuo,Mru042175,10134
1318,M_sativa_XJDY,Msa111938,8299
1318,M_sativa_ZM1,Msa049794,18047
1318,M_sativa_ZM4_hap4,zm4.44G0006460,22757
1318,M_sativa_ssp_caerulea_landa,Mca050744,8281
1318,M_sativa_ssp_caerulea_long,Mca020424,17542
1318,M_truncatula_A17,LOC_00050683,7555
1318,M_truncatula_HM078,Mtrun016254,9493
1319,M_arabica,Mara028059,16676
1319,M_lupulina,evm.TU.Chr06.240,9358
1319,M_polymorpha,Mpoly019683,55001
1319,M_ruthenica_landa,Mru016637,4910
1319,M_ruthenica_zhiwusuo,Mru054077,16209
1319,M_sativa_XJDY,Msa092769,12660
1319,M_sativa_ZM1,Msa028209,14408
1319,M_sativa_ZM4_hap4,zm4.54G0007740,12133
1319,M_sativa_ssp_caerulea_landa,Mca051392,3620
1319,M_sativa_ssp_caerulea_long,Mca028224,10151
1319,M_truncatula_A17,LOC_00050128,8520
1319,M_truncatula_HM078,Mtrun004183,10487
1324,M_arabica,Mara035758,11794
1324,M_lupulina,evm.TU.Chr06.2913,9817
1324,M_polymorpha,Mpoly028258,11222
1324,M_ruthenica_landa,Mru017170,13882
1324,M_ruthenica_zhiwusuo,Mru041467,16519
1324,M_sativa_XJDY,Msa094949,14219
1324,M_sativa_ZM1,Msa041095,8161
1324,M_sativa_ZM4_hap4,zm4.54G0046990,10976
1324,M_sativa_ssp_caerulea_landa,Mca052294,2801
1324,M_sativa_ssp_caerulea_long,Mca032160,17690
1324,M_truncatula_A17,LOC_00012609,11184
1324,M_truncatula_HM078,Mtrun025279,11159
1330,M_arabica,Mara034286,8282
1330,M_lupulina,evm.TU.Chr07.3801,9080
1330,M_polymorpha,Mpoly022279,10070
1330,M_ruthenica_landa,Mru012062,1193
1330,M_ruthenica_zhiwusuo,Mru047934,8456
1330,M_sativa_XJDY,Msa129946,9185
1330,M_sativa_ZM1,Msa034894,14257
1330,M_sativa_ZM4_hap4,zm4.74G0055850,7372
1330,M_sativa_ssp_caerulea_landa,Mca051577,3626
1330,M_sativa_ssp_caerulea_long,Mca032193,8738
1330,M_truncatula_A17,LOC_00045250,7156
1330,M_truncatula_HM078,Mtrun026037,9473
1334,M_arabica,Mara029209,8356
1334,M_lupulina,evm.TU.Chr08.2853,5873
1334,M_polymorpha,Mpoly034515,8583
1334,M_ruthenica_landa,Mru012174,14301
1334,M_ruthenica_zhiwusuo,Mru024262,19689
1334,M_sativa_XJDY,Msa151281,6460
1334,M_sativa_ZM1,Msa046669,19278
1334,M_sativa_ZM4_hap4,zm4.44G0055420,28501
1334,M_sativa_ssp_caerulea_landa,Mca050943,6494
1334,M_sativa_ssp_caerulea_long,Mca037445,14369
1334,M_truncatula_A17,LOC_00006179,11127
1334,M_truncatula_HM078,Mtrun020410,17825
1342,M_arabica,Mara040227,13456
1342,M_lupulina,evm.TU.Chr08.4153,18286
1342,M_polymorpha,Mpoly031203,15686
1342,M_ruthenica_landa,Mru013099,15766
1342,M_ruthenica_zhiwusuo,Mru049623,15577
1342,M_sativa_XJDY,Msa148430,15403
1342,M_sativa_ZM1,Msa046007,11562
1342,M_sativa_ZM4_hap4,zm4.84G0006660,18731
1342,M_sativa_ssp_caerulea_landa,Mca052531,20627
1342,M_sativa_ssp_caerulea_long,Mca042551,7315
1342,M_truncatula_A17,LOC_00047542,10607
1342,M_truncatula_HM078,Mtrun019253,12986
1348,M_arabica,Mara010784,8253
1348,M_lupulina,evm.TU.Chr08.3222,13982
1348,M_polymorpha,Mpoly008860,7590
1348,M_ruthenica_landa,Mru014153,15101
1348,M_ruthenica_zhiwusuo,Mru054238,17252
1348,M_sativa_XJDY,Msa151826,7784
1348,M_sativa_ZM1,Msa026742,12429
1348,M_sativa_ZM4_hap4,zm4.24G0045030,8035
1348,M_sativa_ssp_caerulea_landa,Mca051452,7497
1348,M_sativa_ssp_caerulea_long,Mca028426,19707
1348,M_truncatula_A17,LOC_00018950,8358
1348,M_truncatula_HM078,Mtrun009130,15970
1350,M_arabica,Mara024347,18500
1350,M_lupulina,evm.TU.Chr06.1099,16115
1350,M_polymorpha,Mpoly018532,11632
1350,M_ruthenica_landa,Mru002344,4325
1350,M_ruthenica_zhiwusuo,Mru030459,14541
1350,M_sativa_XJDY,Msa072452,17059
1350,M_sativa_ZM1,Msa038872,11704
1350,M_sativa_ZM4_hap4,zm4.64G0030590,10558
1350,M_sativa_ssp_caerulea_landa,Mca051376,1935
1350,M_sativa_ssp_caerulea_long,Mca026327,16997
1350,M_truncatula_A17,LOC_00031311,12691
1350,M_truncatula_HM078,Mtrun029014,12660
1352,M_arabica,Mara024021,23058
1352,M_lupulina,evm.TU.Chr06.3287,11280
1352,M_polymorpha,Mpoly006356,10921
1352,M_ruthenica_landa,Mru029641,5012
1352,M_ruthenica_zhiwusuo,Mru046128,30866
1352,M_sativa_XJDY,Msa126304,16018
1352,M_sativa_ZM1,Msa026538,9285
1352,M_sativa_ZM4_hap4,zm4.54G0027030,8484
1352,M_sativa_ssp_caerulea_landa,Mca051305,10592
1352,M_sativa_ssp_caerulea_long,Mca046407,15137
1352,M_truncatula_A17,LOC_00007008,9451
1352,M_truncatula_HM078,Mtrun033706,15960
1353,M_arabica,Mara029741,23400
1353,M_lupulina,evm.TU.Chr07.2182,10993
1353,M_polymorpha,Mpoly028164,13886
1353,M_ruthenica_landa,Mru015258,14001
1353,M_ruthenica_zhiwusuo,Mru051655,21162
1353,M_sativa_XJDY,Msa151582,13754
1353,M_sativa_ZM1,Msa042815,10363
1353,M_sativa_ZM4_hap4,zm4.24G0014230,15688
1353,M_sativa_ssp_caerulea_landa,Mca052899,1397
1353,M_sativa_ssp_caerulea_long,Mca000001,10594
1353,M_truncatula_A17,LOC_00042742,11434
1353,M_truncatula_HM078,Mtrun031662,10347
1356,M_arabica,Mara038013,17930
1356,M_lupulina,evm.TU.Chr07.2907,22711
1356,M_polymorpha,Mpoly029921,18567
1356,M_ruthenica_landa,Mru011780,19611
1356,M_ruthenica_zhiwusuo,Mru055948,22781
1356,M_sativa_XJDY,Msa127215,18265
1356,M_sativa_ZM1,Msa043194,13370
1356,M_sativa_ZM4_hap4,zm4.74G0057750,19174
1356,M_sativa_ssp_caerulea_landa,Mca053146,11330
1356,M_sativa_ssp_caerulea_long,Mca043170,22980
1356,M_truncatula_A17,LOC_00045503,24608
1356,M_truncatula_HM078,Mtrun033544,24561
1357,M_arabica,Mara039052,6857
1357,M_lupulina,evm.TU.Chr08.723,10461
1357,M_polymorpha,Mpoly038660,12589
1357,M_ruthenica_landa,Mru011050,10218
1357,M_ruthenica_zhiwusuo,Mru032244,19087
1357,M_sativa_XJDY,Msa149517,10093
1357,M_sativa_ZM1,Msa040842,38885
1357,M_sativa_ZM4_hap4,zm4.84G0004410,8441
1357,M_sativa_ssp_caerulea_landa,Mca052837,4253
1357,M_sativa_ssp_caerulea_long,Mca045002,14057
1357,M_truncatula_A17,LOC_00017476,13551
1357,M_truncatula_HM078,Mtrun035929,15310
1358,M_arabica,Mara025223,5386
1358,M_lupulina,evm.TU.Chr06.1164,5949
1358,M_polymorpha,Mpoly024516,13980
1358,M_ruthenica_landa,Mru001181,9208
1358,M_ruthenica_zhiwusuo,Mru035791,27132
1358,M_sativa_XJDY,Msa095045,13359
1358,M_sativa_ZM1,Msa029471,9438
1358,M_sativa_ZM4_hap4,zm4.54G0027920,8904
1358,M_sativa_ssp_caerulea_landa,Mca050823,2536
1358,M_sativa_ssp_caerulea_long,Mca031056,10872
1358,M_truncatula_A17,LOC_00010906,9805
1358,M_truncatula_HM078,Mtrun023002,6292
1359,M_arabica,Mara021847,21856
1359,M_lupulina,evm.TU.Chr07.3663,13400
1359,M_polymorpha,Mpoly016490,11802
1359,M_ruthenica_landa,Mru009943,17109
1359,M_ruthenica_zhiwusuo,Mru027080,20930
1359,M_sativa_XJDY,Msa070331,24071
1359,M_sativa_ZM1,Msa024480,23460
1359,M_sativa_ZM4_hap4,zm4.74G0017390,12745
1359,M_sativa_ssp_caerulea_landa,Mca052627,9295
1359,M_sativa_ssp_caerulea_long,Mca045889,17401
1359,M_truncatula_A17,LOC_00045041,12879
1359,M_truncatula_HM078,Mtrun033210,12739
1360,M_arabica,Mara028594,11538
1360,M_lupulina,evm.TU.Chr06.958,13618
1360,M_polymorpha,Mpoly018366,12632
1360,M_ruthenica_landa,Mru001707,5873
1360,M_ruthenica_zhiwusuo,Mru020596,15963
1360,M_sativa_XJDY,Msa071935,13515
1360,M_sativa_ZM1,Msa029370,24576
1360,M_sativa_ZM4_hap4,zm4.54G0012520,10573
1360,M_sativa_ssp_caerulea_landa,Mca050965,10178
1360,M_sativa_ssp_caerulea_long,Mca027683,12355
1360,M_truncatula_A17,LOC_00008840,11589
1360,M_truncatula_HM078,Mtrun022487,11419
1363,M_arabica,Mara043106,13585
1363,M_lupulina,evm.TU.Chr07.4661,11252
1363,M_polymorpha,Mpoly008281,32877
1363,M_ruthenica_landa,Mru003880,13832
1363,M_ruthenica_zhiwusuo,Mru021960,19224
1363,M_sativa_XJDY,Msa072325,15438
1363,M_sativa_ZM1,Msa032057,13086
1363,M_sativa_ZM4_hap4,zm4.84G0050940,11867
1363,M_sativa_ssp_caerulea_landa,Mca052283,11286
1363,M_sativa_ssp_caerulea_long,Mca039438,18438
1363,M_truncatula_A17,LOC_00007229,13739
1363,M_truncatula_HM078,Mtrun021256,13649
1366,M_arabica,Mara038101,23009
1366,M_lupulina,evm.TU.Chr06.407,13577
1366,M_polymorpha,Mpoly019019,24630
1366,M_ruthenica_landa,Mru011881,4586
1366,M_ruthenica_zhiwusuo,Mru030536,27569
1366,M_sativa_XJDY,Msa091509,26526
1366,M_sativa_ZM1,Msa043748,26085
1366,M_sativa_ZM4_hap4,zm4.54G0005370,11265
1366,M_sativa_ssp_caerulea_landa,Mca051431,7292
1366,M_sativa_ssp_caerulea_long,Mca026974,13218
1366,M_truncatula_A17,LOC_00008087,13270
1366,M_truncatula_HM078,Mtrun021887,13238
1371,M_arabica,Mara040351,21428
1371,M_lupulina,evm.TU.Chr07.827,8354
1371,M_polymorpha,Mpoly015998,11914
1371,M_ruthenica_landa,Mru005747,8111
1371,M_ruthenica_zhiwusuo,Mru054794,19950
1371,M_sativa_XJDY,Msa127345,9097
1371,M_sativa_ZM1,Msa042096,9316
1371,M_sativa_ZM4_hap4,zm4.74G0026200,14334
1371,M_sativa_ssp_caerulea_landa,Mca052180,5643
1371,M_sativa_ssp_caerulea_long,Mca025141,15967
1371,M_truncatula_A17,LOC_00041969,8626
1371,M_truncatula_HM078,Mtrun034618,17779
1372,M_arabica,Mara022698,8573
1372,M_lupulina,evm.TU.Chr06.3273,6908
1372,M_polymorpha,Mpoly008788,12611
1372,M_ruthenica_landa,Mru015988,10400
1372,M_ruthenica_zhiwusuo,Mru032770,26415
1372,M_sativa_XJDY,Msa111061,18253
1372,M_sativa_ZM1,Msa039460,19791
1372,M_sativa_ZM4_hap4,zm4.54G0039060,24708
1372,M_sativa_ssp_caerulea_landa,Mca050648,4848
1372,M_sativa_ssp_caerulea_long,Mca000028,29229
1372,M_truncatula_A17,LOC_00034294,45520
1372,M_truncatula_HM078,Mtrun026623,12396
1383,M_arabica,Mara015130,14486
1383,M_lupulina,evm.TU.Chr08.202,13300
1383,M_polymorpha,Mpoly011196,13436
1383,M_ruthenica_landa,Mru018582,14517
1383,M_ruthenica_zhiwusuo,Mru045622,16365
1383,M_sativa_XJDY,Msa148876,6720
1383,M_sativa_ZM1,Msa051977,18590
1383,M_sativa_ZM4_hap4,zm4.34G0042790,14382
1383,M_sativa_ssp_caerulea_landa,Mca052104,5575
1383,M_sativa_ssp_caerulea_long,Mca038712,15768
1383,M_truncatula_A17,LOC_00036251,13190
1383,M_truncatula_HM078,Mtrun013227,13727
1386,M_arabica,Mara012921,17896
1386,M_lupulina,evm.TU.Chr07.3072,8526
1386,M_polymorpha,Mpoly022483,15021
1386,M_ruthenica_landa,Mru002000,21598
1386,M_ruthenica_zhiwusuo,Mru038312,16764
1386,M_sativa_XJDY,Msa129054,8378
1386,M_sativa_ZM1,Msa022463,20461
1386,M_sativa_ZM4_hap4,zm4.44G0014850,13467
1386,M_sativa_ssp_caerulea_landa,Mca052898,3805
1386,M_sativa_ssp_caerulea_long,Mca010802,9013
1386,M_truncatula_A17,LOC_00044135,9530
1386,M_truncatula_HM078,Mtrun001373,12324
1388,M_arabica,Mara003771,6490
1388,M_lupulina,evm.TU.Chr06.2760,3763
1388,M_polymorpha,Mpoly002065,6114
1388,M_ruthenica_landa,Mru004455,5625
1388,M_ruthenica_zhiwusuo,Mru033781,17865
1388,M_sativa_XJDY,Msa112221,8349
1388,M_sativa_ZM1,Msa024096,12822
1388,M_sativa_ZM4_hap4,zm4.54G0044100,8177
1388,M_sativa_ssp_caerulea_landa,Mca052468,3556
1388,M_sativa_ssp_caerulea_long,Mca029074,28131
1388,M_truncatula_A17,LOC_00024375,7321
1388,M_truncatula_HM078,Mtrun027894,26094
1392,M_arabica,Mara029489,20183
1392,M_lupulina,evm.TU.Chr08.3975,13932
1392,M_polymorpha,Mpoly018769,20365
1392,M_ruthenica_landa,Mru008772,12571
1392,M_ruthenica_zhiwusuo,Mru038518,11517
1392,M_sativa_XJDY,Msa152796,13129
1392,M_sativa_ZM1,Msa035319,11820
1392,M_sativa_ZM4_hap4,zm4.84G0051410,13137
1392,M_sativa_ssp_caerulea_landa,Mca052334,13424
1392,M_sativa_ssp_caerulea_long,Mca049469,13479
1392,M_truncatula_A17,LOC_00052441,15339
1392,M_truncatula_HM078,Mtrun038585,15252
1397,M_arabica,Mara040846,8896
1397,M_lupulina,evm.TU.Chr07.4706,9148
1397,M_polymorpha,Mpoly015664,11902
1397,M_ruthenica_landa,Mru002154,15607
1397,M_ruthenica_zhiwusuo,Mru027256,11068
1397,M_sativa_XJDY,Msa130651,10210
1397,M_sativa_ZM1,Msa033484,8448
1397,M_sativa_ZM4_hap4,zm4.74G0066660,9347
1397,M_sativa_ssp_caerulea_landa,Mca051343,8014
1397,M_sativa_ssp_caerulea_long,Mca001141,17521
1397,M_truncatula_A17,LOC_00041855,11091
1397,M_truncatula_HM078,Mtrun020698,12662
1399,M_arabica,Mara045244,6850
1399,M_lupulina,evm.TU.Chr08.4255,8997
1399,M_polymorpha,Mpoly030814,21919
1399,M_ruthenica_landa,Mru018023,17997
1399,M_ruthenica_zhiwusuo,Mru025008,18108
1399,M_sativa_XJDY,Msa153007,8682
1399,M_sativa_ZM1,Msa035024,13323
1399,M_sativa_ZM4_hap4,zm4.84G0055150,8283
1399,M_sativa_ssp_caerulea_landa,Mca052653,8683
1399,M_sativa_ssp_caerulea_long,Mca049774,9868
1399,M_truncatula_A17,LOC_00052844,9210
1399,M_truncatula_HM078,Mtrun038893,9082
1400,M_arabica,Mara040930,6696
1400,M_lupulina,evm.TU.Chr06.1016,8362
1400,M_polymorpha,Mpoly015182,9156
1400,M_ruthenica_landa,Mru010675,13808
1400,M_ruthenica_zhiwusuo,Mru045866,14491
1400,M_sativa_XJDY,Msa092203,8263
1400,M_sativa_ZM1,Msa022345,16019
1400,M_sativa_ZM4_hap4,zm4.54G0023170,19100
1400,M_sativa_ssp_caerulea_landa,Mca051608,5280
1400,M_sativa_ssp_caerulea_long,Mca023099,10370
1400,M_truncatula_A17,LOC_00051410,9512
1400,M_truncatula_HM078,Mtrun017981,9893
1401,M_arabica,Mara038526,10094
1401,M_lupulina,evm.TU.Chr08.2545,10894
1401,M_polymorpha,Mpoly033161,9311
1401,M_ruthenica_landa,Mru016012,14234
1401,M_ruthenica_zhiwusuo,Mru037822,21763
1401,M_sativa_XJDY,Msa125719,14837
1401,M_sativa_ZM1,Msa040100,15818
1401,M_sativa_ZM4_hap4,zm4.74G0016590,10198
1401,M_sativa_ssp_caerulea_landa,Mca050606,9744
1401,M_sativa_ssp_caerulea_long,Mca014226,11548
1401,M_truncatula_A17,LOC_00050532,10118
1401,M_truncatula_HM078,Mtrun037105,10000
1418,M_arabica,Mara040941,25235
1418,M_lupulina,evm.TU.Chr08.704,26000
1418,M_polymorpha,Mpoly031401,27000
1418,M_ruthenica_landa,Mru002947,21331
1418,M_ruthenica_zhiwusuo,Mru050276,28387
1418,M_sativa_XJDY,Msa148608,46363
1418,M_sativa_ZM1,Msa000201,16879
1418,M_sativa_ZM4_hap4,zm4.84G0009100,22634
1418,M_sativa_ssp_caerulea_landa,Mca051387,1167
1418,M_sativa_ssp_caerulea_long,Mca038836,29441
1418,M_truncatula_A17,LOC_00047837,25831
1418,M_truncatula_HM078,Mtrun035198,25721
1420,M_arabica,Mara035405,16858
1420,M_lupulina,evm.TU.Chr07.624,23696
1420,M_polymorpha,Mpoly026906,18571
1420,M_ruthenica_landa,Mru004345,6289
1420,M_ruthenica_zhiwusuo,Mru037985,17128
1420,M_sativa_XJDY,Msa126134,17026
1420,M_sativa_ZM1,Msa040612,13792
1420,M_sativa_ZM4_hap4,zm4.74G0010700,16945
1420,M_sativa_ssp_caerulea_landa,Mca051362,2264
1420,M_sativa_ssp_caerulea_long,Mca038530,20135
1420,M_truncatula_A17,LOC_00040464,12903
1420,M_truncatula_HM078,Mtrun030100,19328
1426,M_arabica,Mara013853,3554
1426,M_lupulina,evm.TU.Chr08.3878,2610
1426,M_polymorpha,Mpoly028320,5784
1426,M_ruthenica_landa,Mru016540,18421
1426,M_ruthenica_zhiwusuo,Mru030608,28062
1426,M_sativa_XJDY,Msa112768,7875
1426,M_sativa_ZM1,Msa016421,16491
1426,M_sativa_ZM4_hap4,zm4.44G0033050,19841
1426,M_sativa_ssp_caerulea_landa,Mca052095,18029
1426,M_sativa_ssp_caerulea_long,Mca008366,31503
1426,M_truncatula_A17,LOC_00034523,5930
1426,M_truncatula_HM078,Mtrun027465,5871
1429,M_arabica,Mara028435,12075
1429,M_lupulina,evm.TU.Chr06.1100,12244
1429,M_polymorpha,Mpoly019832,20123
1429,M_ruthenica_landa,Mru012113,15895
1429,M_ruthenica_zhiwusuo,Mru024987,16191
1429,M_sativa_XJDY,Msa071951,15075
1429,M_sativa_ZM1,Msa029190,22588
1429,M_sativa_ZM4_hap4,zm4.54G0030460,14962
1429,M_sativa_ssp_caerulea_landa,Mca050687,2726
1429,M_sativa_ssp_caerulea_long,Mca031028,22909
1429,M_truncatula_A17,LOC_00010888,11470
1429,M_truncatula_HM078,Mtrun024086,14959
1430,M_arabica,Mara045290,10316
1430,M_lupulina,evm.TU.Chr08.4283,7481
1430,M_polymorpha,Mpoly034864,9516
1430,M_ruthenica_landa,Mru054830,12658
1430,M_ruthenica_zhiwusuo,Mru025126,14286
1430,M_sativa_XJDY,Msa152843,12122
1430,M_sativa_ZM1,Msa022785,10072
1430,M_sativa_ZM4_hap4,zm4.14G0029820,15943
1430,M_sativa_ssp_caerulea_landa,Mca052685,10276
1430,M_sativa_ssp_caerulea_long,Mca049496,18899
1430,M_truncatula_A17,LOC_00002766,9638
1430,M_truncatula_HM078,Mtrun017813,15107
1432,M_arabica,Mara036382,5839
1432,M_lupulina,evm.TU.Chr08.2758,6577
1432,M_polymorpha,Mpoly017605,10912
1432,M_ruthenica_landa,Mru018632,6287
1432,M_ruthenica_zhiwusuo,Mru053306,5803
1432,M_sativa_XJDY,Msa094419,9241
1432,M_sativa_ZM1,Msa031315,15699
1432,M_sativa_ZM4_hap4,zm4.64G0028820,38901
1432,M_sativa_ssp_caerulea_landa,Mca050626,6147
1432,M_sativa_ssp_caerulea_long,Mca031047,22738
1432,M_truncatula_A17,LOC_00030177,8011
1432,M_truncatula_HM078,Mtrun035880,13678
1439,M_arabica,Mara025392,7976
1439,M_lupulina,evm.TU.Chr06.1637,13496
1439,M_polymorpha,Mpoly020377,31109
1439,M_ruthenica_landa,Mru007064,2940
1439,M_ruthenica_zhiwusuo,Mru034791,16410
1439,M_sativa_XJDY,Msa094932,14789
1439,M_sativa_ZM1,Msa028583,11244
1439,M_sativa_ZM4_hap4,zm4.54G0038560,8329
1439,M_sativa_ssp_caerulea_landa,Mca053198,2835
1439,M_sativa_ssp_caerulea_long,Mca030440,17758
1439,M_truncatula_A17,LOC_00011800,11743
1439,M_truncatula_HM078,Mtrun024703,12809
1440,M_arabica,Mara033955,16774
1440,M_lupulina,evm.TU.Chr06.3486,9603
1440,M_polymorpha,Mpoly022052,15187
1440,M_ruthenica_landa,Mru013643,22980
1440,M_ruthenica_zhiwusuo,Mru054484,22738
1440,M_sativa_XJDY,Msa114330,9119
1440,M_sativa_ZM1,Msa046055,19478
1440,M_sativa_ZM4_hap4,zm4.64G0043740,18325
1440,M_sativa_ssp_caerulea_landa,Mca053027,3811
1440,M_sativa_ssp_caerulea_long,Mca032564,15422
1440,M_truncatula_A17,LOC_00028040,17134
1440,M_truncatula_HM078,Mtrun026479,17124
1451,M_arabica,Mara020080,13131
1451,M_lupulina,evm.TU.Chr08.969,6985
1451,M_polymorpha,Mpoly015396,19450
1451,M_ruthenica_landa,Mru008289,4272
1451,M_ruthenica_zhiwusuo,Mru040140,13291
1451,M_sativa_XJDY,Msa069127,15363
1451,M_sativa_ZM1,Msa011039,22686
1451,M_sativa_ZM4_hap4,zm4.24G0028150,23729
1451,M_sativa_ssp_caerulea_landa,Mca051254,1375
1451,M_sativa_ssp_caerulea_long,Mca022674,20540
1451,M_truncatula_A17,LOC_00002871,8571
1451,M_truncatula_HM078,Mtrun017884,12383
1453,M_arabica,Mara033329,18529
1453,M_lupulina,evm.TU.Chr07.2022,8004
1453,M_polymorpha,Mpoly025849,12236
1453,M_ruthenica_landa,Mru007968,5611
1453,M_ruthenica_zhiwusuo,Mru038208,16992
1453,M_sativa_XJDY,Msa111333,20878
1453,M_sativa_ZM1,Msa013353,17164
1453,M_sativa_ZM4_hap4,zm4.64G0012050,20315
1453,M_sativa_ssp_caerulea_landa,Mca053184,7148
1453,M_sativa_ssp_caerulea_long,Mca040595,29003
1453,M_truncatula_A17,LOC_00039932,17329
1453,M_truncatula_HM078,Mtrun026928,15778
1466,M_arabica,Mara029698,34167
1466,M_lupulina,evm.TU.Chr06.3288,8057
1466,M_polymorpha,Mpoly018638,34570
1466,M_ruthenica_landa,Mru016992,5421
1466,M_ruthenica_zhiwusuo,Mru030064,39567
1466,M_sativa_XJDY,Msa091027,36907
1466,M_sativa_ZM1,Msa026928,36815
1466,M_sativa_ZM4_hap4,zm4.54G0000430,36241
1466,M_sativa_ssp_caerulea_landa,Mca052150,1128
1466,M_sativa_ssp_caerulea_long,Mca027971,35516
1466,M_truncatula_A17,LOC_00007527,33425
1466,M_truncatula_HM078,Mtrun021486,33535
1467,M_arabica,Mara012885,19690
1467,M_lupulina,evm.TU.Chr06.2877,15989
1467,M_polymorpha,Mpoly023983,14739
1467,M_ruthenica_landa,Mru015796,8295
1467,M_ruthenica_zhiwusuo,Mru038533,15071
1467,M_sativa_XJDY,Msa094544,9050
1467,M_sativa_ZM1,Msa014588,7320
1467,M_sativa_ZM4_hap4,zm4.34G0017280,7132
1467,M_sativa_ssp_caerulea_landa,Mca050566,6970
1467,M_sativa_ssp_caerulea_long,Mca045109,17852
1467,M_truncatula_A17,LOC_00030860,14709
1467,M_truncatula_HM078,Mtrun031701,17325
1472,M_arabica,Mara040404,10578
1472,M_lupulina,evm.TU.Chr08.270,10868
1472,M_polymorpha,Mpoly015358,13764
1472,M_ruthenica_landa,Mru010981,7220
1472,M_ruthenica_zhiwusuo,Mru039032,14931
1472,M_sativa_XJDY,Msa149809,11018
1472,M_sativa_ZM1,Msa022622,14486
1472,M_sativa_ZM4_hap4,zm4.54G0028810,18997
1472,M_sativa_ssp_caerulea_landa,Mca050776,6046
1472,M_sativa_ssp_caerulea_long,Mca028341,13859
1472,M_truncatula_A17,LOC_00047113,11849
1472,M_truncatula_HM078,Mtrun034689,9847
1474,M_arabica,Mara026593,21220
1474,M_lupulina,evm.TU.Chr06.1276,16719
1474,M_polymorpha,Mpoly026784,12799
1474,M_ruthenica_landa,Mru018541,3320
1474,M_ruthenica_zhiwusuo,Mru050604,23737
1474,M_sativa_XJDY,Msa091752,10828
1474,M_sativa_ZM1,Msa030771,18815
1474,M_sativa_ZM4_hap4,zm4.74G0012750,8721
1474,M_sativa_ssp_caerulea_landa,Mca051110,5992
1474,M_sativa_ssp_caerulea_long,Mca029865,28775
1474,M_truncatula_A17,LOC_00009330,13507
1474,M_truncatula_HM078,Mtrun005707,20250
1479,M_arabica,Mara026301,8631
1479,M_lupulina,evm.TU.Chr06.1131,8470
1479,M_polymorpha,Mpoly018281,8372
1479,M_ruthenica_landa,Mru018953,9525
1479,M_ruthenica_zhiwusuo,Mru038041,11265
1479,M_sativa_XJDY,Msa111040,9437
1479,M_sativa_ZM1,Msa032771,16585
1479,M_sativa_ZM4_hap4,zm4.54G0047720,28577
1479,M_sativa_ssp_caerulea_landa,Mca050641,7506
1479,M_sativa_ssp_caerulea_long,Mca047909,17621
1479,M_truncatula_A17,LOC_00036547,9113
1479,M_truncatula_HM078,Mtrun025318,16717
1481,M_arabica,Mara026329,13073
1481,M_lupulina,evm.TU.Chr08.3865,18818
1481,M_polymorpha,Mpoly024792,13749
1481,M_ruthenica_landa,Mru015844,11088
1481,M_ruthenica_zhiwusuo,Mru034252,17888
1481,M_sativa_XJDY,Msa094005,14846
1481,M_sativa_ZM1,Msa031475,16826
1481,M_sativa_ZM4_hap4,zm4.74G0038230,25536
1481,M_sativa_ssp_caerulea_landa,Mca052842,21473
1481,M_sativa_ssp_caerulea_long,Mca049951,20780
1481,M_truncatula_A17,LOC_00047938,25015
1481,M_truncatula_HM078,Mtrun024405,19326
1498,M_arabica,Mara028388,18369
1498,M_lupulina,evm.TU.Chr06.466,13506
1498,M_polymorpha,Mpoly018548,14206
1498,M_ruthenica_landa,Mru010055,22767
1498,M_ruthenica_zhiwusuo,Mru030856,18316
1498,M_sativa_XJDY,Msa152920,8952
1498,M_sativa_ZM1,Msa015943,8760
1498,M_sativa_ZM4_hap4,zm4.54G0006350,12405
1498,M_sativa_ssp_caerulea_landa,Mca052013,4332
1498,M_sativa_ssp_caerulea_long,Mca027994,15896
1498,M_truncatula_A17,LOC_00008165,12118
1498,M_truncatula_HM078,Mtrun021954,13168
1507,M_arabica,Mara028346,12260
1507,M_lupulina,evm.TU.Chr08.140,10188
1507,M_polymorpha,Mpoly026916,18129
1507,M_ruthenica_landa,Mru018867,6676
1507,M_ruthenica_zhiwusuo,Mru049838,20471
1507,M_sativa_XJDY,Msa092452,14300
1507,M_sativa_ZM1,Msa032709,11145
1507,M_sativa_ZM4_hap4,zm4.54G0015330,21640
1507,M_sativa_ssp_caerulea_landa,Mca052633,4313
1507,M_sativa_ssp_caerulea_long,Mca027964,20771
1507,M_truncatula_A17,LOC_00009167,21090
1507,M_truncatula_HM078,Mtrun022749,34270
1510,M_arabica,Mara037753,13170
1510,M_lupulina,evm.TU.Chr07.2701,9657
1510,M_polymorpha,Mpoly028684,9420
1510,M_ruthenica_landa,Mru009124,25737
1510,M_ruthenica_zhiwusuo,Mru043836,28500
1510,M_sativa_XJDY,Msa128621,9511
1510,M_sativa_ZM1,Msa046616,14803
1510,M_sativa_ZM4_hap4,zm4.74G0041830,9184
1510,M_sativa_ssp_caerulea_landa,Mca053227,5592
1510,M_sativa_ssp_caerulea_long,Mca003320,16542
1510,M_truncatula_A17,LOC_00043584,10770
1510,M_truncatula_HM078,Mtrun032183,10499
1511,M_arabica,Mara036229,20699
1511,M_lupulina,evm.TU.Chr07.1130,14292
1511,M_polymorpha,Mpoly026754,8364
1511,M_ruthenica_landa,Mru012759,6507
1511,M_ruthenica_zhiwusuo,Mru033691,26559
1511,M_sativa_XJDY,Msa093736,16243
1511,M_sativa_ZM1,Msa040411,14221
1511,M_sativa_ZM4_hap4,zm4.74G0019780,15339
1511,M_sativa_ssp_caerulea_landa,Mca050959,6812
1511,M_sativa_ssp_caerulea_long,Mca044440,18197
1511,M_truncatula_A17,LOC_00005915,10514
1511,M_truncatula_HM078,Mtrun024193,15017
1520,M_arabica,Mara042538,25925
1520,M_lupulina,evm.TU.Chr07.3089,27466
1520,M_polymorpha,Mpoly029070,20661
1520,M_ruthenica_landa,Mru000044,8366
1520,M_ruthenica_zhiwusuo,Mru046958,38287
1520,M_sativa_XJDY,Msa148769,9799
1520,M_sativa_ZM1,Msa044007,21662
1520,M_sativa_ZM4_hap4,zm4.84G0028870,28583
1520,M_sativa_ssp_caerulea_landa,Mca051046,11136
1520,M_sativa_ssp_caerulea_long,Mca042075,22031
1520,M_truncatula_A17,LOC_00049924,35550
1520,M_truncatula_HM078,Mtrun036508,31262
1524,M_arabica,Mara039964,33081
1524,M_lupulina,evm.TU.Chr07.4589,28042
1524,M_polymorpha,Mpoly030554,37245
1524,M_ruthenica_landa,Mru001852,11947
1524,M_ruthenica_zhiwusuo,Mru048910,29201
1524,M_sativa_XJDY,Msa150343,39792
1524,M_sativa_ZM1,Msa045742,13409
1524,M_sativa_ZM4_hap4,zm4.74G0065320,30175
1524,M_sativa_ssp_caerulea_landa,Mca053261,12786
1524,M_sativa_ssp_caerulea_long,Mca046240,26493
1524,M_truncatula_A17,LOC_00046458,30326
1524,M_truncatula_HM078,Mtrun034244,30248
1526,M_arabica,Mara009493,14523
1526,M_lupulina,evm.TU.Chr07.2927,7446
1526,M_polymorpha,Mpoly022335,14467
1526,M_ruthenica_landa,Mru011461,18398
1526,M_ruthenica_zhiwusuo,Mru043539,14907
1526,M_sativa_XJDY,Msa092003,14026
1526,M_sativa_ZM1,Msa027812,22797
1526,M_sativa_ZM4_hap4,zm4.24G0031400,26869
1526,M_sativa_ssp_caerulea_landa,Mca051988,6347
1526,M_sativa_ssp_caerulea_long,Mca012042,19460
1526,M_truncatula_A17,LOC_00017340,18883
1526,M_truncatula_HM078,Mtrun008195,18743
1528,M_arabica,Mara027392,12973
1528,M_lupulina,evm.TU.Chr06.1949,13568
1528,M_polymorpha,Mpoly020563,13750
1528,M_ruthenica_landa,Mru018603,8788
1528,M_ruthenica_zhiwusuo,Mru032934,17741
1528,M_sativa_XJDY,Msa092963,21335
1528,M_sativa_ZM1,Msa048456,13191
1528,M_sativa_ZM4_hap4,zm4.44G0021330,18946
1528,M_sativa_ssp_caerulea_landa,Mca050929,3739
1528,M_sativa_ssp_caerulea_long,Mca046384,30741
1528,M_truncatula_A17,LOC_00010177,12203
1528,M_truncatula_HM078,Mtrun023454,12141
1532,M_arabica,Mara028731,16233
1532,M_lupulina,evm.TU.Chr08.2778,9410
1532,M_polymorpha,Mpoly009762,12972
1532,M_ruthenica_landa,Mru015217,16345
1532,M_ruthenica_zhiwusuo,Mru031963,15623
1532,M_sativa_XJDY,Msa128952,12301
1532,M_sativa_ZM1,Msa032136,56349
1532,M_sativa_ZM4_hap4,zm4.54G0006610,25001
1532,M_sativa_ssp_caerulea_landa,Mca050893,6235
1532,M_sativa_ssp_caerulea_long,Mca028417,11107
1532,M_truncatula_A17,LOC_00050861,8225
1532,M_truncatula_HM078,Mtrun037346,8365
1539,M_arabica,Mara001305,18642
1539,M_lupulina,evm.TU.Chr08.4194,9523
1539,M_polymorpha,Mpoly021391,30384
1539,M_ruthenica_landa,Mru011022,15773
1539,M_ruthenica_zhiwusuo,Mru051558,22469
1539,M_sativa_XJDY,Msa113080,13994
1539,M_sativa_ZM1,Msa001339,20600
1539,M_sativa_ZM4_hap4,zm4.14G0013360,21408
1539,M_sativa_ssp_caerulea_landa,Mca050763,11476
1539,M_sativa_ssp_caerulea_long,Mca001375,21312
1539,M_truncatula_A17,LOC_00021744,18379
1539,M_truncatula_HM078,Mtrun001159,18282
1544,M_arabica,Mara045546,6363
1544,M_lupulina,evm.TU.Chr08.1090,34284
1544,M_polymorpha,Mpoly031772,16839
1544,M_ruthenica_landa,Mru009831,4831
1544,M_ruthenica_zhiwusuo,Mru033686,26296
1544,M_sativa_XJDY,Msa149084,13927
1544,M_sativa_ZM1,Msa051304,22574
1544,M_sativa_ZM4_hap4,zm4.84G0014900,23741
1544,M_sativa_ssp_caerulea_landa,Mca053257,7628
1544,M_sativa_ssp_caerulea_long,Mca045507,14070
1544,M_truncatula_A17,LOC_00051368,8071
1544,M_truncatula_HM078,Mtrun035621,31338
1548,M_arabica,Mara042777,7448
1548,M_lupulina,evm.TU.Chr06.1583,16010
1548,M_polymorpha,Mpoly008325,8858
1548,M_ruthenica_landa,Mru013292,4852
1548,M_ruthenica_zhiwusuo,Mru045618,14647
1548,M_sativa_XJDY,Msa151384,10388
1548,M_sativa_ZM1,Msa039325,11058
1548,M_sativa_ZM4_hap4,zm4.24G0028850,7440
1548,M_sativa_ssp_caerulea_landa,Mca052871,8052
1548,M_sativa_ssp_caerulea_long,Mca045112,20471
1548,M_truncatula_A17,LOC_00053080,7354
1548,M_truncatula_HM078,Mtrun036703,10779
1553,M_arabica,Mara036148,12861
1553,M_lupulina,evm.TU.Chr07.1167,20436
1553,M_polymorpha,Mpoly027353,13206
1553,M_ruthenica_landa,Mru002182,886
1553,M_ruthenica_zhiwusuo,Mru043806,14311
1553,M_sativa_XJDY,Msa126795,14297
1553,M_sativa_ZM1,Msa045216,8732
1553,M_sativa_ZM4_hap4,zm4.74G0002670,13850
1553,M_sativa_ssp_caerulea_landa,Mca051373,8892
1553,M_sativa_ssp_caerulea_long,Mca044772,13966
1553,M_truncatula_A17,LOC_00041144,13043
1553,M_truncatula_HM078,Mtrun030549,13409
1557,M_arabica,Mara024953,8355
1557,M_lupulina,evm.TU.Chr08.725,10899
1557,M_polymorpha,Mpoly025437,29109
1557,M_ruthenica_landa,Mru015070,10444
1557,M_ruthenica_zhiwusuo,Mru033240,13021
1557,M_sativa_XJDY,Msa067146,21553
1557,M_sativa_ZM1,Msa039067,22617
1557,M_sativa_ZM4_hap4,zm4.44G0005040,19155
1557,M_sativa_ssp_caerulea_landa,Mca052202,3548
1557,M_sativa_ssp_caerulea_long,Mca021203,15369
1557,M_truncatula_A17,LOC_00000558,9308
1557,M_truncatula_HM078,Mtrun016083,19269
1559,M_arabica,Mara039198,12428
1559,M_lupulina,evm.TU.Chr06.2072,19252
1559,M_polymorpha,Mpoly020663,16922
1559,M_ruthenica_landa,Mru018621,11458
1559,M_ruthenica_zhiwusuo,Mru050205,22535
1559,M_sativa_XJDY,Msa128956,8667
1559,M_sativa_ZM1,Msa028633,32469
1559,M_sativa_ZM4_hap4,zm4.84G0005470,43215
1559,M_sativa_ssp_caerulea_landa,Mca050930,1252
1559,M_sativa_ssp_caerulea_long,Mca028100,18347
1559,M_truncatula_A17,LOC_00010256,20668
1559,M_truncatula_HM078,Mtrun023521,12233
1563,M_arabica,Mara011295,13018
1563,M_lupulina,evm.TU.Chr06.117,16558
1563,M_polymorpha,Mpoly018720,27385
1563,M_ruthenica_landa,Mru014163,11475
1563,M_ruthenica_zhiwusuo,Mru031855,19361
1563,M_sativa_XJDY,Msa093768,10891
1563,M_sativa_ZM1,Msa025499,9443
1563,M_sativa_ZM4_hap4,zm4.54G0017050,14824
1563,M_sativa_ssp_caerulea_landa,Mca052233,19724
1563,M_sativa_ssp_caerulea_long,Mca013185,20548
1563,M_truncatula_A17,LOC_00005745,9903
1563,M_truncatula_HM078,Mtrun022873,21118
1567,M_arabica,Mara024339,20521
1567,M_lupulina,evm.TU.Chr08.3962,8028
1567,M_polymorpha,Mpoly018526,11909
1567,M_ruthenica_landa,Mru001185,7041
1567,M_ruthenica_zhiwusuo,Mru046545,7459
1567,M_sativa_XJDY,Msa130609,14617
1567,M_sativa_ZM1,Msa034211,27587
1567,M_sativa_ZM4_hap4,zm4.83G0035310,34534
1567,M_sativa_ssp_caerulea_landa,Mca052866,8471
1567,M_sativa_ssp_caerulea_long,Mca037707,12446
1567,M_truncatula_A17,LOC_00007371,12162
1567,M_truncatula_HM078,Mtrun017296,55805
1569,M_arabica,Mara028472,13589
1569,M_lupulina,evm.TU.Chr06.2341,12395
1569,M_polymorpha,Mpoly030847,19532
1569,M_ruthenica_landa,Mru005583,6692
1569,M_ruthenica_zhiwusuo,Mru040219,13603
1569,M_sativa_XJDY,Msa072438,15158
1569,M_sativa_ZM1,Msa040842,38885
1569,M_sativa_ZM4_hap4,zm4.54G0013770,35147
1569,M_sativa_ssp_caerulea_landa,Mca052310,3918
1569,M_sativa_ssp_caerulea_long,Mca036015,21408
1569,M_truncatula_A17,LOC_00029683,16957
1569,M_truncatula_HM078,Mtrun027599,17561
1570,M_arabica,Mara035903,7248
1570,M_lupulina,evm.TU.Chr08.546,10909
1570,M_polymorpha,Mpoly010216,6968
1570,M_ruthenica_landa,Mru009462,16805
1570,M_ruthenica_zhiwusuo,Mru022384,14437
1570,M_sativa_XJDY,Msa151082,6533
1570,M_sativa_ZM1,Msa049755,16909
1570,M_sativa_ZM4_hap4,zm4.84G0007070,6060
1570,M_sativa_ssp_caerulea_landa,Mca051436,6396
1570,M_sativa_ssp_caerulea_long,Mca032095,14984
1570,M_truncatula_A17,LOC_00034572,8151
1570,M_truncatula_HM078,Mtrun026168,8120
1579,M_arabica,Mara005387,7672
1579,M_lupulina,evm.TU.Chr08.2507,7234
1579,M_polymorpha,Mpoly017682,17685
1579,M_ruthenica_landa,Mru006751,10837
1579,M_ruthenica_zhiwusuo,Mru020947,15462
1579,M_sativa_XJDY,Msa150901,17549
1579,M_sativa_ZM1,Msa046599,13197
1579,M_sativa_ZM4_hap4,zm4.84G0005220,13550
1579,M_sativa_ssp_caerulea_landa,Mca050549,6260
1579,M_sativa_ssp_caerulea_long,Mca047982,11188
1579,M_truncatula_A17,LOC_00026256,9342
1579,M_truncatula_HM078,Mtrun004585,11004
1584,M_arabica,Mara036806,14576
1584,M_lupulina,evm.TU.Chr08.2568,14203
1584,M_polymorpha,Mpoly018720,27385
1584,M_ruthenica_landa,Mru016441,20252
1584,M_ruthenica_zhiwusuo,Mru049210,20184
1584,M_sativa_XJDY,Msa153091,13302
1584,M_sativa_ZM1,Msa049692,10670
1584,M_sativa_ZM4_hap4,zm4.64G0009650,17399
1584,M_sativa_ssp_caerulea_landa,Mca050631,13117
1584,M_sativa_ssp_caerulea_long,Mca030380,17260
1584,M_truncatula_A17,LOC_00049067,13771
1584,M_truncatula_HM078,Mtrun037127,12714
1594,M_arabica,Mara045575,12272
1594,M_lupulina,evm.TU.Chr08.4527,6957
1594,M_polymorpha,Mpoly002278,8073
1594,M_ruthenica_landa,Mru009427,10327
1594,M_ruthenica_zhiwusuo,Mru050046,14859
1594,M_sativa_XJDY,Msa128466,6375
1594,M_sativa_ZM1,Msa050247,12917
1594,M_sativa_ZM4_hap4,zm4.24G0037040,9312
1594,M_sativa_ssp_caerulea_landa,Mca052966,6213
1594,M_sativa_ssp_caerulea_long,Mca029479,21710
1594,M_truncatula_A17,LOC_00017093,8250
1594,M_truncatula_HM078,Mtrun007937,8240
1597,M_arabica,Mara029255,8105
1597,M_lupulina,evm.TU.Chr06.402,9136
1597,M_polymorpha,Mpoly019013,8815
1597,M_ruthenica_landa,Mru011831,19247
1597,M_ruthenica_zhiwusuo,Mru039900,31765
1597,M_sativa_XJDY,Msa091487,9527
1597,M_sativa_ZM1,Msa013798,13541
1597,M_sativa_ZM4_hap4,zm4.54G0005120,8550
1597,M_sativa_ssp_caerulea_landa,Mca051427,7996
1597,M_sativa_ssp_caerulea_long,Mca028439,17901
1597,M_truncatula_A17,LOC_00008077,9658
1597,M_truncatula_HM078,Mtrun021881,9574
1609,M_arabica,Mara028187,7837
1609,M_lupulina,evm.TU.Chr06.1311,8434
1609,M_polymorpha,Mpoly030941,9119
1609,M_ruthenica_landa,Mru012443,17601
1609,M_ruthenica_zhiwusuo,Mru039293,19194
1609,M_sativa_XJDY,Msa092594,8120
1609,M_sativa_ZM1,Msa028630,8067
1609,M_sativa_ZM4_hap4,zm4.54G0017330,6166
1609,M_sativa_ssp_caerulea_landa,Mca052163,2835
1609,M_sativa_ssp_caerulea_long,Mca034208,32893
1609,M_truncatula_A17,LOC_00009371,8774
1609,M_truncatula_HM078,Mtrun012023,5704
1611,M_arabica,Mara043576,10752
1611,M_lupulina,evm.TU.Chr08.2799,11533
1611,M_polymorpha,Mpoly023513,12010
1611,M_ruthenica_landa,Mru015838,8907
1611,M_ruthenica_zhiwusuo,Mru044231,13028
1611,M_sativa_XJDY,Msa113446,29822
1611,M_sativa_ZM1,Msa028017,22027
1611,M_sativa_ZM4_hap4,zm4.84G0037740,16434
1611,M_sativa_ssp_caerulea_landa,Mca050901,10847
1611,M_sativa_ssp_caerulea_long,Mca048001,13352
1611,M_truncatula_A17,LOC_00050876,11182
1611,M_truncatula_HM078,Mtrun032436,13294
1618,M_arabica,Mara039942,20475
1618,M_lupulina,evm.TU.Chr06.1111,20181
1618,M_polymorpha,Mpoly019790,20515
1618,M_ruthenica_landa,Mru011508,14784
1618,M_ruthenica_zhiwusuo,Mru051739,47717
1618,M_sativa_XJDY,Msa092347,20399
1618,M_sativa_ZM1,Msa045722,22748
1618,M_sativa_ZM4_hap4,zm4.54G0014460,19545
1618,M_sativa_ssp_caerulea_landa,Mca052248,5926
1618,M_sativa_ssp_caerulea_long,Mca027880,20590
1618,M_truncatula_A17,LOC_00009069,20234
1618,M_truncatula_HM078,Mtrun022667,20846
1620,M_arabica,Mara024528,6459
1620,M_lupulina,evm.TU.Chr06.2739,10114
1620,M_polymorpha,Mpoly024117,7683
1620,M_ruthenica_landa,Mru019284,13426
1620,M_ruthenica_zhiwusuo,Mru037578,28444
1620,M_sativa_XJDY,Msa059970,16070
1620,M_sativa_ZM1,Msa048369,11725
1620,M_sativa_ZM4_hap4,zm4.64G0033870,7494
1620,M_sativa_ssp_caerulea_landa,Mca050571,5570
1620,M_sativa_ssp_caerulea_long,Mca022597,28100
1620,M_truncatula_A17,LOC_00013544,7142
1620,M_truncatula_HM078,Mtrun028477,9014
1624,M_arabica,Mara043410,9101
1624,M_lupulina,evm.TU.Chr08.2639,9431
1624,M_polymorpha,Mpoly032277,21264
1624,M_ruthenica_landa,Mru004430,3330
1624,M_ruthenica_zhiwusuo,Mru053477,9061
1624,M_sativa_XJDY,Msa149841,18726
1624,M_sativa_ZM1,Msa031875,22208
1624,M_sativa_ZM4_hap4,zm4.34G0030820,14175
1624,M_sativa_ssp_caerulea_landa,Mca052575,9205
1624,M_sativa_ssp_caerulea_long,Mca022599,29902
1624,M_truncatula_A17,LOC_00050660,8920
1624,M_truncatula_HM078,Mtrun037199,8767
1628,M_arabica,Mara024906,18722
1628,M_lupulina,evm.TU.Chr06.2867,13201
1628,M_polymorpha,Mpoly025932,22720
1628,M_ruthenica_landa,Mru016242,7286
1628,M_ruthenica_zhiwusuo,Mru050176,18498
1628,M_sativa_XJDY,Msa114074,27428
1628,M_sativa_ZM1,Msa039422,8826
1628,M_sativa_ZM4_hap4,zm4.54G0051570,18337
1628,M_sativa_ssp_caerulea_landa,Mca051839,3522
1628,M_sativa_ssp_caerulea_long,Mca004375,17871
1628,M_truncatula_A17,LOC_00013126,17785
1628,M_truncatula_HM078,Mtrun025652,17821
1630,M_arabica,Mara035234,8854
1630,M_lupulina,evm.TU.Chr07.511,10833
1630,M_polymorpha,Mpoly026802,10344
1630,M_ruthenica_landa,Mru016772,16869
1630,M_ruthenica_zhiwusuo,Mru033867,17901
1630,M_sativa_XJDY,Msa125996,10606
1630,M_sativa_ZM1,Msa030069,14902
1630,M_sativa_ZM4_hap4,zm4.74G0012620,9949
1630,M_sativa_ssp_caerulea_landa,Mca050537,6314
1630,M_sativa_ssp_caerulea_long,Mca031488,17123
1630,M_truncatula_A17,LOC_00040271,10935
1630,M_truncatula_HM078,Mtrun029996,10887
1638,M_arabica,Mara030132,5173
1638,M_lupulina,evm.TU.Chr06.3244,5781
1638,M_polymorpha,Mpoly023624,5585
1638,M_ruthenica_landa,Mru002958,2180
1638,M_ruthenica_zhiwusuo,Mru034360,8063
1638,M_sativa_XJDY,Msa150054,10832
1638,M_sativa_ZM1,Msa020559,28158
1638,M_sativa_ZM4_hap4,zm4.84G0021130,14579
1638,M_sativa_ssp_caerulea_landa,Mca052662,1419
1638,M_sativa_ssp_caerulea_long,Mca016234,14400
1638,M_truncatula_A17,LOC_00001431,8134
1638,M_truncatula_HM078,Mtrun029971,24421
1641,M_arabica,Mara030228,13992
1641,M_lupulina,evm.TU.Chr07.875,10383
1641,M_polymorpha,Mpoly014228,4471
1641,M_ruthenica_landa,Mru000050,2730
1641,M_ruthenica_zhiwusuo,Mru023829,5332
1641,M_sativa_XJDY,Msa151852,15226
1641,M_sativa_ZM1,Msa038482,22053
1641,M_sativa_ZM4_hap4,zm4.74G0009380,16242
1641,M_sativa_ssp_caerulea_landa,Mca051383,2818
1641,M_sativa_ssp_caerulea_long,Mca038188,27143
1641,M_truncatula_A17,LOC_00017808,7202
1641,M_truncatula_HM078,Mtrun001553,8415
1643,M_arabica,Mara036662,11123
1643,M_lupulina,evm.TU.Chr07.1711,9685
1643,M_polymorpha,Mpoly027770,9597
1643,M_ruthenica_landa,Mru018571,10285
1643,M_ruthenica_zhiwusuo,Mru044414,15719
1643,M_sativa_XJDY,Msa127346,12296
1643,M_sativa_ZM1,Msa038962,14282
1643,M_sativa_ZM4_hap4,zm4.74G0026310,11200
1643,M_sativa_ssp_caerulea_landa,Mca051674,698
1643,M_sativa_ssp_caerulea_long,Mca041063,17190
1643,M_truncatula_A17,LOC_00041992,11046
1643,M_truncatula_HM078,Mtrun031154,10894
1644,M_arabica,Mara040973,5852
1644,M_lupulina,evm.TU.Chr07.3010,5058
1644,M_polymorpha,Mpoly025933,17726
1644,M_ruthenica_landa,Mru015687,9700
1644,M_ruthenica_zhiwusuo,Mru038261,16997
1644,M_sativa_XJDY,Msa148651,14599
1644,M_sativa_ZM1,Msa038894,5967
1644,M_sativa_ZM4_hap4,zm4.54G0051580,10947
1644,M_sativa_ssp_caerulea_landa,Mca050950,5833
1644,M_sativa_ssp_caerulea_long,Mca045047,13197
1644,M_truncatula_A17,LOC_00031335,5961
1644,M_truncatula_HM078,Mtrun029604,10493
1649,M_arabica,Mara034898,16602
1649,M_lupulina,evm.TU.Chr06.1187,11598
1649,M_polymorpha,Mpoly031109,16607
1649,M_ruthenica_landa,Mru003493,12128
1649,M_ruthenica_zhiwusuo,Mru045017,15575
1649,M_sativa_XJDY,Msa148298,51302
1649,M_sativa_ZM1,Msa049619,9996
1649,M_sativa_ZM4_hap4,zm4.84G0005700,41369
1649,M_sativa_ssp_caerulea_landa,Mca050602,8974
1649,M_sativa_ssp_caerulea_long,Mca044688,27469
1649,M_truncatula_A17,LOC_00042913,10380
1649,M_truncatula_HM078,Mtrun031784,10305
1650,M_arabica,Mara044996,9194
1650,M_lupulina,evm.TU.Chr08.4043,16135
1650,M_polymorpha,Mpoly032659,11221
1650,M_ruthenica_landa,Mru003634,3771
1650,M_ruthenica_zhiwusuo,Mru054003,15056
1650,M_sativa_XJDY,Msa113892,11241
1650,M_sativa_ZM1,Msa051456,19423
1650,M_sativa_ZM4_hap4,zm4.84G0052290,14462
1650,M_sativa_ssp_caerulea_landa,Mca052413,10967
1650,M_sativa_ssp_caerulea_long,Mca022949,23464
1650,M_truncatula_A17,LOC_00052560,9397
1650,M_truncatula_HM078,Mtrun038667,9312
1665,M_arabica,Mara045303,14449
1665,M_lupulina,evm.TU.Chr08.4304,12225
1665,M_polymorpha,Mpoly034875,22628
1665,M_ruthenica_landa,Mru000033,12213
1665,M_ruthenica_zhiwusuo,Mru049839,17370
1665,M_sativa_XJDY,Msa110911,30334
1665,M_sativa_ZM1,Msa030403,9390
1665,M_sativa_ZM4_hap4,zm4.84G0029850,14936
1665,M_sativa_ssp_caerulea_landa,Mca052710,10374
1665,M_sativa_ssp_caerulea_long,Mca031610,11143
1665,M_truncatula_A17,LOC_00030679,9281
1665,M_truncatula_HM078,Mtrun038948,9933
1667,M_arabica,Mara040021,20256
1667,M_lupulina,evm.TU.Chr06.2332,11905
1667,M_polymorpha,Mpoly028739,17186
1667,M_ruthenica_landa,Mru009206,2144
1667,M_ruthenica_zhiwusuo,Mru056025,20972
1667,M_sativa_XJDY,Msa095859,22878
1667,M_sativa_ZM1,Msa007796,15933
1667,M_sativa_ZM4_hap4,zm4.84G0021450,13687
1667,M_sativa_ssp_caerulea_landa,Mca052707,3497
1667,M_sativa_ssp_caerulea_long,Mca013990,22177
1667,M_truncatula_A17,LOC_00029966,8396
1667,M_truncatula_HM078,Mtrun027800,8802
1676,M_arabica,Mara044818,10924
1676,M_lupulina,evm.TU.Chr08.4512,11493
1676,M_polymorpha,Mpoly035095,13597
1676,M_ruthenica_landa,Mru003737,9246
1676,M_ruthenica_zhiwusuo,Mru056003,11681
1676,M_sativa_XJDY,Msa150492,16916
1676,M_sativa_ZM1,Msa034272,36042
1676,M_sativa_ZM4_hap4,zm4.64G0044220,11652
1676,M_sativa_ssp_caerulea_landa,Mca052953,19532
1676,M_sativa_ssp_caerulea_long,Mca050061,19558
1676,M_truncatula_A17,LOC_00053180,11985
1676,M_truncatula_HM078,Mtrun039180,12061
1704,M_arabica,Mara035532,6994
1704,M_lupulina,evm.TU.Chr06.3296,5912
1704,M_polymorpha,Mpoly021449,11724
1704,M_ruthenica_landa,Mru004471,13584
1704,M_ruthenica_zhiwusuo,Mru022896,13384
1704,M_sativa_XJDY,Msa150660,15411
1704,M_sativa_ZM1,Msa011418,17039
1704,M_sativa_ZM4_hap4,zm4.64G0033460,13896
1704,M_sativa_ssp_caerulea_landa,Mca051262,12207
1704,M_sativa_ssp_caerulea_long,Mca003553,10593
1704,M_truncatula_A17,LOC_00040643,9490
1704,M_truncatula_HM078,Mtrun024044,13171
1715,M_arabica,Mara040206,14045
1715,M_lupulina,evm.TU.Chr08.93,15709
1715,M_polymorpha,Mpoly031717,14974
1715,M_ruthenica_landa,Mru007472,589
1715,M_ruthenica_zhiwusuo,Mru050659,27463
1715,M_sativa_XJDY,Msa147949,15047
1715,M_sativa_ZM1,Msa030088,9598
1715,M_sativa_ZM4_hap4,zm4.84G0006000,16614
1715,M_sativa_ssp_caerulea_landa,Mca053288,8413
1715,M_sativa_ssp_caerulea_long,Mca044201,14904
1715,M_truncatula_A17,LOC_00046762,20675
1715,M_truncatula_HM078,Mtrun034456,15533
1732,M_arabica,Mara034396,15064
1732,M_lupulina,evm.TU.Chr07.3381,9896
1732,M_polymorpha,Mpoly022400,13695
1732,M_ruthenica_landa,Mru017174,14231
1732,M_ruthenica_zhiwusuo,Mru055823,31012
1732,M_sativa_XJDY,Msa129348,13947
1732,M_sativa_ZM1,Msa041388,17810
1732,M_sativa_ZM4_hap4,zm4.64G0001150,10878
1732,M_sativa_ssp_caerulea_landa,Mca052661,9939
1732,M_sativa_ssp_caerulea_long,Mca039345,19236
1732,M_truncatula_A17,LOC_00028053,15235
1732,M_truncatula_HM078,Mtrun026490,14339
1749,M_arabica,Mara039278,16591
1749,M_lupulina,evm.TU.Chr08.2990,12238
1749,M_polymorpha,Mpoly029984,13160
1749,M_ruthenica_landa,Mru054318,2499
1749,M_ruthenica_zhiwusuo,Mru023485,16029
1749,M_sativa_XJDY,Msa067947,14098
1749,M_sativa_ZM1,Msa045099,16284
1749,M_sativa_ZM4_hap4,zm4.64G0024060,12986
1749,M_sativa_ssp_caerulea_landa,Mca051089,11583
1749,M_sativa_ssp_caerulea_long,Mca035703,20014
1749,M_truncatula_A17,LOC_00051138,14830
1749,M_truncatula_HM078,Mtrun037522,13364
1760,M_arabica,Mara043285,7300
1760,M_lupulina,evm.TU.Chr06.3227,10912
1760,M_polymorpha,Mpoly012761,7376
1760,M_ruthenica_landa,Mru018997,4489
1760,M_ruthenica_zhiwusuo,Mru041120,17375
1760,M_sativa_XJDY,Msa126965,9786
1760,M_sativa_ZM1,Msa015363,17612
1760,M_sativa_ZM4_hap4,zm4.54G0023920,18218
1760,M_sativa_ssp_caerulea_landa,Mca050604,6983
1760,M_sativa_ssp_caerulea_long,Mca045165,19417
1760,M_truncatula_A17,LOC_00031444,9006
1760,M_truncatula_HM078,Mtrun029097,8778
1765,M_arabica,Mara033307,8594
1765,M_lupulina,evm.TU.Chr07.506,6614
1765,M_polymorpha,Mpoly022929,20653
1765,M_ruthenica_landa,Mru043657,9004
1765,M_ruthenica_zhiwusuo,Mru039807,14000
1765,M_sativa_XJDY,Msa153384,16481
1765,M_sativa_ZM1,Msa036090,14093
1765,M_sativa_ZM4_hap4,zm4.24G0020170,34335
1765,M_sativa_ssp_caerulea_landa,Mca052562,8077
1765,M_sativa_ssp_caerulea_long,Mca031310,11993
1765,M_truncatula_A17,LOC_00031738,15688
1765,M_truncatula_HM078,Mtrun029298,16448
1766,M_arabica,Mara036638,12423
1766,M_lupulina,evm.TU.Chr06.3029,7350
1766,M_polymorpha,Mpoly034801,17978
1766,M_ruthenica_landa,Mru007186,2166
1766,M_ruthenica_zhiwusuo,Mru033426,18026
1766,M_sativa_XJDY,Msa152972,27007
1766,M_sativa_ZM1,Msa051697,17412
1766,M_sativa_ZM4_hap4,zm4.64G0020840,10049
1766,M_sativa_ssp_caerulea_landa,Mca052615,18632
1766,M_sativa_ssp_caerulea_long,Mca045086,14666
1766,M_truncatula_A17,LOC_00052793,12725
1766,M_truncatula_HM078,Mtrun038847,13446
1784,M_arabica,Mara044463,8617
1784,M_lupulina,evm.TU.Chr07.4229,12676
1784,M_polymorpha,Mpoly032482,11010
1784,M_ruthenica_landa,Mru016430,7234
1784,M_ruthenica_zhiwusuo,Mru054847,10389
1784,M_sativa_XJDY,Msa151222,6688
1784,M_sativa_ZM1,Msa040465,8629
1784,M_sativa_ZM4_hap4,zm4.34G0010480,34793
1784,M_sativa_ssp_caerulea_landa,Mca051400,11820
1784,M_sativa_ssp_caerulea_long,Mca048966,9375
1784,M_truncatula_A17,LOC_00051894,8719
1784,M_truncatula_HM078,Mtrun030970,9982
1785,M_arabica,Mara034016,8868
1785,M_lupulina,evm.TU.Chr07.489,6152
1785,M_polymorpha,Mpoly027323,18812
1785,M_ruthenica_landa,Mru012484,697
1785,M_ruthenica_zhiwusuo,Mru042332,12500
1785,M_sativa_XJDY,Msa125974,6416
1785,M_sativa_ZM1,Msa015140,15739
1785,M_sativa_ZM4_hap4,zm4.14G0025790,13863
1785,M_sativa_ssp_caerulea_landa,Mca051751,697
1785,M_sativa_ssp_caerulea_long,Mca046828,8740
1785,M_truncatula_A17,LOC_00027971,9264
1785,M_truncatula_HM078,Mtrun026427,9364
1787,M_arabica,Mara034959,15234
1787,M_lupulina,evm.TU.Chr07.1602,20139
1787,M_polymorpha,Mpoly026395,10406
1787,M_ruthenica_landa,Mru010017,242
1787,M_ruthenica_zhiwusuo,Mru043990,14700
1787,M_sativa_XJDY,Msa127214,20774
1787,M_sativa_ZM1,Msa010752,13795
1787,M_sativa_ZM4_hap4,zm4.74G0024770,33198
1787,M_sativa_ssp_caerulea_landa,Mca052359,6105
1787,M_sativa_ssp_caerulea_long,Mca027324,19601
1787,M_truncatula_A17,LOC_00041864,16509
1787,M_truncatula_HM078,Mtrun031061,18818
1788,M_arabica,Mara025372,12750
1788,M_lupulina,evm.TU.Chr07.2836,7151
1788,M_polymorpha,Mpoly009939,36194
1788,M_ruthenica_landa,Mru017855,16419
1788,M_ruthenica_zhiwusuo,Mru035620,13528
1788,M_sativa_XJDY,Msa152126,28666
1788,M_sativa_ZM1,Msa032705,20702
1788,M_sativa_ZM4_hap4,zm4.51G0003560,22185
1788,M_sativa_ssp_caerulea_landa,Mca051165,5236
1788,M_sativa_ssp_caerulea_long,Mca030941,18758
1788,M_truncatula_A17,LOC_00046700,9432
1788,M_truncatula_HM078,Mtrun032339,16804
1793,M_arabica,Mara029759,18255
1793,M_lupulina,evm.TU.Chr06.3513,21017
1793,M_polymorpha,Mpoly018600,24871
1793,M_ruthenica_landa,Mru019023,20476
1793,M_ruthenica_zhiwusuo,Mru042097,22017
1793,M_sativa_XJDY,Msa114326,22233
1793,M_sativa_ZM1,Msa020230,16591
1793,M_sativa_ZM4_hap4,zm4.34G0069350,21847
1793,M_sativa_ssp_caerulea_landa,Mca051615,3422
1793,M_sativa_ssp_caerulea_long,Mca048461,11102
1793,M_truncatula_A17,LOC_00008543,19925
1793,M_truncatula_HM078,Mtrun022261,22624
1802,M_arabica,Mara041522,12303
1802,M_lupulina,evm.TU.Chr07.4439,14767
1802,M_polymorpha,Mpoly025460,15565
1802,M_ruthenica_landa,Mru017961,11127
1802,M_ruthenica_zhiwusuo,Mru048749,15508
1802,M_sativa_XJDY,Msa149190,16828
1802,M_sativa_ZM1,Msa047648,15394
1802,M_sativa_ZM4_hap4,zm4.54G0045390,14695
1802,M_sativa_ssp_caerulea_landa,Mca050773,14396
1802,M_sativa_ssp_caerulea_long,Mca048254,18811
1802,M_truncatula_A17,LOC_00012433,15557
1802,M_truncatula_HM078,Mtrun029852,25259
1808,M_arabica,Mara034154,29613
1808,M_lupulina,evm.TU.Chr07.2501,30261
1808,M_polymorpha,Mpoly028503,29796
1808,M_ruthenica_landa,Mru014774,7119
1808,M_ruthenica_zhiwusuo,Mru042614,20376
1808,M_sativa_XJDY,Msa128407,30336
1808,M_sativa_ZM1,Msa043157,8000
1808,M_sativa_ZM4_hap4,zm4.74G0039200,27988
1808,M_sativa_ssp_caerulea_landa,Mca051133,3940
1808,M_sativa_ssp_caerulea_long,Mca041205,31239
1808,M_truncatula_A17,LOC_00043245,30888
1808,M_truncatula_HM078,Mtrun031981,30773
1818,M_arabica,Mara041813,18872
1818,M_lupulina,evm.TU.Chr07.4433,10089
1818,M_polymorpha,Mpoly026645,29538
1818,M_ruthenica_landa,Mru001398,6274
1818,M_ruthenica_zhiwusuo,Mru042109,11590
1818,M_sativa_XJDY,Msa125804,14577
1818,M_sativa_ZM1,Msa051774,11952
1818,M_sativa_ZM4_hap4,zm4.74G0030170,14648
1818,M_sativa_ssp_caerulea_landa,Mca052676,11038
1818,M_sativa_ssp_caerulea_long,Mca042852,10360
1818,M_truncatula_A17,LOC_00031954,17595
1818,M_truncatula_HM078,Mtrun029432,14853
1819,M_arabica,Mara037673,8274
1819,M_lupulina,evm.TU.Chr06.2930,13618
1819,M_polymorpha,Mpoly030814,21919
1819,M_ruthenica_landa,Mru041333,3174
1819,M_ruthenica_zhiwusuo,Mru041192,17921
1819,M_sativa_XJDY,Msa152852,20223
1819,M_sativa_ZM1,Msa046097,17001
1819,M_sativa_ZM4_hap4,zm4.64G0037240,10610
1819,M_sativa_ssp_caerulea_landa,Mca052382,4396
1819,M_sativa_ssp_caerulea_long,Mca037760,26393
1819,M_truncatula_A17,LOC_00031081,12188
1819,M_truncatula_HM078,Mtrun034560,12051
1821,M_arabica,Mara042790,22183
1821,M_lupulina,evm.TU.Chr08.2162,22965
1821,M_polymorpha,Mpoly032774,22397
1821,M_ruthenica_landa,Mru012806,7179
1821,M_ruthenica_zhiwusuo,Mru032246,30878
1821,M_sativa_XJDY,Msa150437,25154
1821,M_sativa_ZM1,Msa049168,27322
1821,M_sativa_ZM4_hap4,zm4.84G0029210,24763
1821,M_sativa_ssp_caerulea_landa,Mca052271,5958
1821,M_sativa_ssp_caerulea_long,Mca046982,27240
1821,M_truncatula_A17,LOC_00049966,23554
1821,M_truncatula_HM078,Mtrun036712,23220
1824,M_arabica,Mara038846,23425
1824,M_lupulina,evm.TU.Chr07.3692,27038
1824,M_polymorpha,Mpoly030358,17726
1824,M_ruthenica_landa,Mru016542,7485
1824,M_ruthenica_zhiwusuo,Mru046615,18839
1824,M_sativa_XJDY,Msa129742,22177
1824,M_sativa_ZM1,Msa044628,14659
1824,M_sativa_ZM4_hap4,zm4.74G0054570,16282
1824,M_sativa_ssp_caerulea_landa,Mca051056,5858
1824,M_sativa_ssp_caerulea_long,Mca043630,23154
1824,M_truncatula_A17,LOC_00044829,12666
1824,M_truncatula_HM078,Mtrun033245,38989
1831,M_arabica,Mara037905,12077
1831,M_lupulina,evm.TU.Chr07.2046,9658
1831,M_polymorpha,Mpoly034735,9434
1831,M_ruthenica_landa,Mru012305,13578
1831,M_ruthenica_zhiwusuo,Mru026489,15093
1831,M_sativa_XJDY,Msa113640,8612
1831,M_sativa_ZM1,Msa038691,21311
1831,M_sativa_ZM4_hap4,zm4.84G0053630,11583
1831,M_sativa_ssp_caerulea_landa,Mca052526,8116
1831,M_sativa_ssp_caerulea_long,Mca044306,17474
1831,M_truncatula_A17,LOC_00017015,10474
1831,M_truncatula_HM078,Mtrun007722,10643
1837,M_arabica,Mara038097,15665
1837,M_lupulina,evm.TU.Chr07.2255,21937
1837,M_polymorpha,Mpoly028277,18643
1837,M_ruthenica_landa,Mru013387,9933
1837,M_ruthenica_zhiwusuo,Mru045722,21518
1837,M_sativa_XJDY,Msa128125,16503
1837,M_sativa_ZM1,Msa035157,7016
1837,M_sativa_ZM4_hap4,zm4.73G0054980,28864
1837,M_sativa_ssp_caerulea_landa,Mca050952,3114
1837,M_sativa_ssp_caerulea_long,Mca039296,24338
1837,M_truncatula_A17,LOC_00042852,18035
1837,M_truncatula_HM078,Mtrun027988,23031
1851,M_arabica,Mara045461,11941
1851,M_lupulina,evm.TU.Chr08.4433,11280
1851,M_polymorpha,Mpoly006754,12162
1851,M_ruthenica_landa,Mru011014,11914
1851,M_ruthenica_zhiwusuo,Mru055868,12222
1851,M_sativa_XJDY,Msa153176,23071
1851,M_sativa_ZM1,Msa016481,5971
1851,M_sativa_ZM4_hap4,zm4.84G0057050,11312
1851,M_sativa_ssp_caerulea_landa,Mca052868,11676
1851,M_sativa_ssp_caerulea_long,Mca015616,16094
1851,M_truncatula_A17,LOC_00053075,11726
1851,M_truncatula_HM078,Mtrun039095,11741
1854,M_arabica,Mara044661,13461
1854,M_lupulina,evm.TU.Chr08.3766,15351
1854,M_polymorpha,Mpoly034360,16562
1854,M_ruthenica_landa,Mru013632,7040
1854,M_ruthenica_zhiwusuo,Mru024506,16952
1854,M_sativa_XJDY,Msa152482,15261
1854,M_sativa_ZM1,Msa051098,15187
1854,M_sativa_ZM4_hap4,zm4.84G0048950,14947
1854,M_sativa_ssp_caerulea_landa,Mca052072,15244
1854,M_sativa_ssp_caerulea_long,Mca042395,17288
1854,M_truncatula_A17,LOC_00040747,14794
1854,M_truncatula_HM078,Mtrun030264,22185
1880,M_arabica,Mara018785,11274
1880,M_lupulina,evm.TU.Chr07.21,9519
1880,M_polymorpha,Mpoly014227,12772
1880,M_ruthenica_landa,Mru014423,8794
1880,M_ruthenica_zhiwusuo,Mru051422,22016
1880,M_sativa_XJDY,Msa067801,12953
1880,M_sativa_ZM1,Msa039689,14903
1880,M_sativa_ZM4_hap4,zm4.74G0001640,12401
1880,M_sativa_ssp_caerulea_landa,Mca052494,6176
1880,M_sativa_ssp_caerulea_long,Mca040343,13112
1880,M_truncatula_A17,LOC_00001365,14749
1880,M_truncatula_HM078,Mtrun016703,14537
1881,M_arabica,Mara025009,8630
1881,M_lupulina,evm.TU.Chr08.2902,15309
1881,M_polymorpha,Mpoly014035,15137
1881,M_ruthenica_landa,Mru012121,16773
1881,M_ruthenica_zhiwusuo,Mru039883,22725
1881,M_sativa_XJDY,Msa095300,11986
1881,M_sativa_ZM1,Msa044873,9934
1881,M_sativa_ZM4_hap4,zm4.14G0023980,11090
1881,M_sativa_ssp_caerulea_landa,Mca052485,7551
1881,M_sativa_ssp_caerulea_long,Mca021497,10870
1881,M_truncatula_A17,LOC_00013030,10333
1881,M_truncatula_HM078,Mtrun025568,15727
1884,M_arabica,Mara024956,15204
1884,M_lupulina,evm.TU.Chr07.1945,14973
1884,M_polymorpha,Mpoly009545,20307
1884,M_ruthenica_landa,Mru001345,10985
1884,M_ruthenica_zhiwusuo,Mru045040,14076
1884,M_sativa_XJDY,Msa094235,13324
1884,M_sativa_ZM1,Msa042407,13592
1884,M_sativa_ZM4_hap4,zm4.74G0029850,13356
1884,M_sativa_ssp_caerulea_landa,Mca051150,7531
1884,M_sativa_ssp_caerulea_long,Mca046263,18176
1884,M_truncatula_A17,LOC_00040943,22593
1884,M_truncatula_HM078,Mtrun031423,13669
1885,M_arabica,Mara033657,16964
1885,M_lupulina,evm.TU.Chr06.982,11058
1885,M_polymorpha,Mpoly012252,17343
1885,M_ruthenica_landa,Mru001844,14991
1885,M_ruthenica_zhiwusuo,Mru041593,22809
1885,M_sativa_XJDY,Msa110937,12158
1885,M_sativa_ZM1,Msa034825,19967
1885,M_sativa_ZM4_hap4,zm4.84G0036190,9677
1885,M_sativa_ssp_caerulea_landa,Mca050732,9595
1885,M_sativa_ssp_caerulea_long,Mca025739,14496
1885,M_truncatula_A17,LOC_00050681,10768
1885,M_truncatula_HM078,Mtrun020667,15434
1898,M_arabica,Mara043148,16739
1898,M_lupulina,evm.TU.Chr08.2441,17538
1898,M_polymorpha,Mpoly033060,18295
1898,M_ruthenica_landa,Mru006781,1558
1898,M_ruthenica_zhiwusuo,Mru050567,15544
1898,M_sativa_XJDY,Msa150858,16838
1898,M_sativa_ZM1,Msa003453,15425
1898,M_sativa_ZM4_hap4,zm4.84G0033330,16337
1898,M_sativa_ssp_caerulea_landa,Mca051255,6540
1898,M_sativa_ssp_caerulea_long,Mca038182,21480
1898,M_truncatula_A17,LOC_00050371,16028
1898,M_truncatula_HM078,Mtrun036984,16073
1917,M_arabica,Mara041497,30143
1917,M_lupulina,evm.TU.Chr08.1143,31460
1917,M_polymorpha,Mpoly033507,28032
1917,M_ruthenica_landa,Mru011364,6234
1917,M_ruthenica_zhiwusuo,Mru052527,31743
1917,M_sativa_XJDY,Msa149167,25551
1917,M_sativa_ZM1,Msa047621,27394
1917,M_sativa_ZM4_hap4,zm4.84G0015850,29534
1917,M_sativa_ssp_caerulea_landa,Mca053242,9758
1917,M_sativa_ssp_caerulea_long,Mca042884,27071
1917,M_truncatula_A17,LOC_00045336,13516
1917,M_truncatula_HM078,Mtrun035670,30073
1920,M_arabica,Mara035015,5679
1920,M_lupulina,evm.TU.Chr08.951,5811
1920,M_polymorpha,Mpoly021391,30384
1920,M_ruthenica_landa,Mru017038,52386
1920,M_ruthenica_zhiwusuo,Mru044142,18151
1920,M_sativa_XJDY,Msa148884,12643
1920,M_sativa_ZM1,Msa039585,16530
1920,M_sativa_ZM4_hap4,zm4.54G0006100,15546
1920,M_sativa_ssp_caerulea_landa,Mca052917,12567
1920,M_sativa_ssp_caerulea_long,Mca030277,11228
1920,M_truncatula_A17,LOC_00029854,9718
1920,M_truncatula_HM078,Mtrun027715,10418
1926,M_arabica,Mara013933,10132
1926,M_lupulina,evm.TU.Chr08.4160,12234
1926,M_polymorpha,Mpoly028214,17777
1926,M_ruthenica_landa,Mru012383,3046
1926,M_ruthenica_zhiwusuo,Mru054642,17051
1926,M_sativa_XJDY,Msa152214,8832
1926,M_sativa_ZM1,Msa014908,15464
1926,M_sativa_ZM4_hap4,zm4.74G0028670,10732
1926,M_sativa_ssp_caerulea_landa,Mca051665,8980
1926,M_sativa_ssp_caerulea_long,Mca001474,10974
1926,M_truncatula_A17,LOC_00017534,10337
1926,M_truncatula_HM078,Mtrun038028,8783
1935,M_arabica,Mara038290,15272
1935,M_lupulina,evm.TU.Chr08.1364,17407
1935,M_polymorpha,Mpoly034147,15056
1935,M_ruthenica_landa,Mru012521,3091
1935,M_ruthenica_zhiwusuo,Mru054765,15610
1935,M_sativa_XJDY,Msa152150,14004
1935,M_sativa_ZM1,Msa048048,32448
1935,M_sativa_ZM4_hap4,zm4.84G0022540,21336
1935,M_sativa_ssp_caerulea_landa,Mca051812,21002
1935,M_sativa_ssp_caerulea_long,Mca046282,25524
1935,M_truncatula_A17,LOC_00051851,15697
1935,M_truncatula_HM078,Mtrun038116,15648
1937,M_arabica,Mara037457,12411
1937,M_lupulina,evm.TU.Chr07.4063,13213
1937,M_polymorpha,Mpoly031684,13145
1937,M_ruthenica_landa,Mru012563,1090
1937,M_ruthenica_zhiwusuo,Mru050605,25581
1937,M_sativa_XJDY,Msa130067,12746
1937,M_sativa_ZM1,Msa044172,9270
1937,M_sativa_ZM4_hap4,zm4.74G0058940,11004
1937,M_sativa_ssp_caerulea_landa,Mca051294,5991
1937,M_sativa_ssp_caerulea_long,Mca043284,12680
1937,M_truncatula_A17,LOC_00045658,12660
1937,M_truncatula_HM078,Mtrun033655,12620
1940,M_arabica,Mara045498,2635
1940,M_lupulina,evm.TU.Chr08.4464,2960
1940,M_polymorpha,Mpoly035045,7788
1940,M_ruthenica_landa,Mru001722,682
1940,M_ruthenica_zhiwusuo,Mru025794,3838
1940,M_sativa_XJDY,Msa153239,2841
1940,M_sativa_ZM1,Msa052019,2857
1940,M_sativa_ZM4_hap4,zm4.82G0057060,3969
1940,M_sativa_ssp_caerulea_landa,Mca052903,3037
1940,M_sativa_ssp_caerulea_long,Mca050011,3044
1940,M_truncatula_A17,LOC_00052391,2288
1940,M_truncatula_HM078,Mtrun039125,2438
1944,M_arabica,Mara040212,17456
1944,M_lupulina,evm.TU.Chr08.95,17123
1944,M_polymorpha,Mpoly008606,19232
1944,M_ruthenica_landa,Mru012738,3004
1944,M_ruthenica_zhiwusuo,Mru032854,15442
1944,M_sativa_XJDY,Msa147954,16175
1944,M_sativa_ZM1,Msa030583,19242
1944,M_sativa_ZM4_hap4,zm4.84G0001130,15681
1944,M_sativa_ssp_caerulea_landa,Mca051590,2080
1944,M_sativa_ssp_caerulea_long,Mca044206,15657
1944,M_truncatula_A17,LOC_00046776,16507
1944,M_truncatula_HM078,Mtrun034462,16772
1953,M_arabica,Mara033341,23023
1953,M_lupulina,evm.TU.Chr07.3126,11151
1953,M_polymorpha,Mpoly031562,13666
1953,M_ruthenica_landa,Mru009118,23014
1953,M_ruthenica_zhiwusuo,Mru038341,20685
1953,M_sativa_XJDY,Msa129129,17435
1953,M_sativa_ZM1,Msa035038,12142
1953,M_sativa_ZM4_hap4,zm4.64G0011900,11956
1953,M_sativa_ssp_caerulea_landa,Mca051120,1285
1953,M_sativa_ssp_caerulea_long,Mca042119,14077
1953,M_truncatula_A17,LOC_00028745,14230
1953,M_truncatula_HM078,Mtrun026919,14185
1982,M_arabica,Mara039531,6092
1982,M_lupulina,evm.TU.Chr08.4462,8099
1982,M_polymorpha,Mpoly024107,33511
1982,M_ruthenica_landa,Mru013514,11312
1982,M_ruthenica_zhiwusuo,Mru032047,10767
1982,M_sativa_XJDY,Msa114320,23250
1982,M_sativa_ZM1,Msa001828,16946
1982,M_sativa_ZM4_hap4,zm4.74G0060070,17486
1982,M_sativa_ssp_caerulea_landa,Mca052901,8171
1982,M_sativa_ssp_caerulea_long,Mca035373,12184
1982,M_truncatula_A17,LOC_00053108,8438
1982,M_truncatula_HM078,Mtrun039123,9931
1990,M_arabica,Mara038991,7480
1990,M_lupulina,evm.TU.Chr08.475,9124
1990,M_polymorpha,Mpoly012772,8589
1990,M_ruthenica_landa,Mru015251,6747
1990,M_ruthenica_zhiwusuo,Mru049508,6993
1990,M_sativa_XJDY,Msa130185,8060
1990,M_sativa_ZM1,Msa019366,8821
1990,M_sativa_ZM4_hap4,zm4.34G0033410,12488
1990,M_sativa_ssp_caerulea_landa,Mca051593,3912
1990,M_sativa_ssp_caerulea_long,Mca044963,14999
1990,M_truncatula_A17,LOC_00038369,8776
1990,M_truncatula_HM078,Mtrun014915,8674
1991,M_arabica,Mara024758,7686
1991,M_lupulina,evm.TU.Chr07.4456,6393
1991,M_polymorpha,Mpoly026051,7331
1991,M_ruthenica_landa,Mru001619,10331
1991,M_ruthenica_zhiwusuo,Mru038671,14739
1991,M_sativa_XJDY,Msa111878,13218
1991,M_sativa_ZM1,Msa037196,19360
1991,M_sativa_ZM4_hap4,zm4.64G0017060,19723
1991,M_sativa_ssp_caerulea_landa,Mca052619,2226
1991,M_sativa_ssp_caerulea_long,Mca036901,16404
1991,M_truncatula_A17,LOC_00013306,8685
1991,M_truncatula_HM078,Mtrun025777,8062
1992,M_arabica,Mara030000,10904
1992,M_lupulina,evm.TU.Chr07.1729,11133
1992,M_polymorpha,Mpoly019683,55001
1992,M_ruthenica_landa,Mru014311,20283
1992,M_ruthenica_zhiwusuo,Mru036989,15747
1992,M_sativa_XJDY,Msa112447,9459
1992,M_sativa_ZM1,Msa006734,12602
1992,M_sativa_ZM4_hap4,zm4.54G0033910,17559
1992,M_sativa_ssp_caerulea_landa,Mca050719,1721
1992,M_sativa_ssp_caerulea_long,Mca041453,18240
1992,M_truncatula_A17,LOC_00042027,10792
1992,M_truncatula_HM078,Mtrun008438,12060
1996,M_arabica,Mara041249,18875
1996,M_lupulina,evm.TU.Chr08.4078,18867
1996,M_polymorpha,Mpoly034671,17472
1996,M_ruthenica_landa,Mru019317,7729
1996,M_ruthenica_zhiwusuo,Mru050548,12280
1996,M_sativa_XJDY,Msa148903,22823
1996,M_sativa_ZM1,Msa051493,18005
1996,M_sativa_ZM4_hap4,zm4.84G0052660,17465
1996,M_sativa_ssp_caerulea_landa,Mca052455,19310
1996,M_sativa_ssp_caerulea_long,Mca049589,19338
1996,M_truncatula_A17,LOC_00052605,21024
1996,M_truncatula_HM078,Mtrun038700,20778
2000,M_arabica,Mara040109,3401
2000,M_lupulina,evm.TU.Chr07.4714,4879
2000,M_polymorpha,Mpoly030665,3480
2000,M_ruthenica_landa,Mru015742,281
2000,M_ruthenica_zhiwusuo,Mru049838,20471
2000,M_sativa_XJDY,Msa130663,4062
2000,M_sativa_ZM1,Msa010944,19072
2000,M_sativa_ZM4_hap4,zm4.51G0002920,5173
2000,M_sativa_ssp_caerulea_landa,Mca052776,671
2000,M_sativa_ssp_caerulea_long,Mca047126,9005
2000,M_truncatula_A17,LOC_00037396,5481
2000,M_truncatula_HM078,Mtrun036678,4544
2007,M_arabica,Mara040405,13306
2007,M_lupulina,evm.TU.Chr08.4308,18159
2007,M_polymorpha,Mpoly034893,15010
2007,M_ruthenica_landa,Mru035631,20904
2007,M_ruthenica_zhiwusuo,Mru029041,13250
2007,M_sativa_XJDY,Msa152539,16238
2007,M_sativa_ZM1,Msa025861,9391
2007,M_sativa_ZM4_hap4,zm4.84G0055700,15733
2007,M_sativa_ssp_caerulea_landa,Mca052716,16865
2007,M_sativa_ssp_caerulea_long,Mca040944,9862
2007,M_truncatula_A17,LOC_00052913,16516
2007,M_truncatula_HM078,Mtrun038952,16522
2028,M_arabica,Mara023083,8380
2028,M_lupulina,evm.TU.Chr07.2926,7949
2028,M_polymorpha,Mpoly017492,7847
2028,M_ruthenica_landa,Mru014976,16559
2028,M_ruthenica_zhiwusuo,Mru025496,27641
2028,M_sativa_XJDY,Msa157059,14356
2028,M_sativa_ZM1,Msa036368,8747
2028,M_sativa_ZM4_hap4,zm4.74G0028620,16937
2028,M_sativa_ssp_caerulea_landa,Mca052188,10100
2028,M_sativa_ssp_caerulea_long,Mca025231,13445
2028,M_truncatula_A17,LOC_00005901,9866
2028,M_truncatula_HM078,Mtrun020199,9943
2035,M_arabica,Mara009449,16029
2035,M_lupulina,evm.TU.Chr08.2959,22713
2035,M_polymorpha,Mpoly034311,23447
2035,M_ruthenica_landa,Mru011397,15850
2035,M_ruthenica_zhiwusuo,Mru025529,17217
2035,M_sativa_XJDY,Msa152385,24758
2035,M_sativa_ZM1,Msa047177,19056
2035,M_sativa_ZM4_hap4,zm4.84G0010830,14555
2035,M_sativa_ssp_caerulea_landa,Mca052010,8961
2035,M_sativa_ssp_caerulea_long,Mca045139,26990
2035,M_truncatula_A17,LOC_00048005,15112
2035,M_truncatula_HM078,Mtrun037495,25675
2036,M_arabica,Mara044902,6905
2036,M_lupulina,evm.TU.Chr07.1871,9403
2036,M_polymorpha,Mpoly027920,9172
2036,M_ruthenica_landa,Mru008148,10331
2036,M_ruthenica_zhiwusuo,Mru049545,12695
2036,M_sativa_XJDY,Msa150141,17212
2036,M_sativa_ZM1,Msa040832,12921
2036,M_sativa_ZM4_hap4,zm4.84G0013130,14053
2036,M_sativa_ssp_caerulea_landa,Mca052320,6459
2036,M_sativa_ssp_caerulea_long,Mca045404,13059
2036,M_truncatula_A17,LOC_00042236,9245
2036,M_truncatula_HM078,Mtrun031322,9136
2048,M_arabica,Mara036079,18931
2048,M_lupulina,evm.TU.Chr08.2872,5288
2048,M_polymorpha,Mpoly010674,6379
2048,M_ruthenica_landa,Mru005299,8726
2048,M_ruthenica_zhiwusuo,Mru039099,23901
2048,M_sativa_XJDY,Msa111521,13385
2048,M_sativa_ZM1,Msa035302,12817
2048,M_sativa_ZM4_hap4,zm4.64G0016030,12609
2048,M_sativa_ssp_caerulea_landa,Mca050967,3670
2048,M_sativa_ssp_caerulea_long,Mca030511,21646
2048,M_truncatula_A17,LOC_00028909,11525
2048,M_truncatula_HM078,Mtrun027726,15252
2067,M_arabica,Mara004463,5641
2067,M_lupulina,evm.TU.Chr08.1742,6560
2067,M_polymorpha,Mpoly038841,12332
2067,M_ruthenica_landa,Mru005465,7260
2067,M_ruthenica_zhiwusuo,Mru038277,11010
2067,M_sativa_XJDY,Msa068731,22780
2067,M_sativa_ZM1,Msa041902,17814
2067,M_sativa_ZM4_hap4,zm4.64G0018140,19058
2067,M_sativa_ssp_caerulea_landa,Mca053250,1882
2067,M_sativa_ssp_caerulea_long,Mca018370,17034
2067,M_truncatula_A17,LOC_00022099,6102
2067,M_truncatula_HM078,Mtrun023731,7786
2072,M_arabica,Mara044084,18331
2072,M_lupulina,evm.TU.Chr08.4202,11953
2072,M_polymorpha,Mpoly034789,11790
2072,M_ruthenica_landa,Mru011229,10850
2072,M_ruthenica_zhiwusuo,Mru020203,15357
2072,M_sativa_XJDY,Msa152944,11437
2072,M_sativa_ZM1,Msa016428,30191
2072,M_sativa_ZM4_hap4,zm4.84G0054510,10363
2072,M_sativa_ssp_caerulea_landa,Mca050715,16581
2072,M_sativa_ssp_caerulea_long,Mca047863,16430
2072,M_truncatula_A17,LOC_00052769,11215
2072,M_truncatula_HM078,Mtrun012482,20490
2088,M_arabica,Mara035399,13178
2088,M_lupulina,evm.TU.Chr07.620,14558
2088,M_polymorpha,Mpoly026901,12663
2088,M_ruthenica_landa,Mru054237,4609
2088,M_ruthenica_zhiwusuo,Mru039579,13316
2088,M_sativa_XJDY,Msa126128,11809
2088,M_sativa_ZM1,Msa049714,13263
2088,M_sativa_ZM4_hap4,zm4.84G0015890,16675
2088,M_sativa_ssp_caerulea_landa,Mca050656,4733
2088,M_sativa_ssp_caerulea_long,Mca045602,15073
2088,M_truncatula_A17,LOC_00018946,12749
2088,M_truncatula_HM078,Mtrun030095,12165
2097,M_arabica,Mara000834,6659
2097,M_lupulina,evm.TU.Chr07.3244,5211
2097,M_polymorpha,Mpoly014149,7858
2097,M_ruthenica_landa,Mru008788,3598
2097,M_ruthenica_zhiwusuo,Mru049334,10416
2097,M_sativa_XJDY,Msa148179,20892
2097,M_sativa_ZM1,Msa043625,21007
2097,M_sativa_ZM4_hap4,zm4.11G0032930,17057
2097,M_sativa_ssp_caerulea_landa,Mca050588,3864
2097,M_sativa_ssp_caerulea_long,Mca039253,18689
2097,M_truncatula_A17,LOC_00031083,5951
2097,M_truncatula_HM078,Mtrun034911,6109
2114,M_arabica,Mara043950,3372
2114,M_lupulina,evm.TU.Chr08.3144,3792
2114,M_polymorpha,Mpoly027813,3486
2114,M_ruthenica_landa,Mru007207,4307
2114,M_ruthenica_zhiwusuo,Mru052874,6794
2114,M_sativa_XJDY,Msa152536,7425
2114,M_sativa_ZM1,Msa041168,11468
2114,M_sativa_ZM4_hap4,zm4.64G0023880,10455
2114,M_sativa_ssp_caerulea_landa,Mca051268,3617
2114,M_sativa_ssp_caerulea_long,Mca048379,3606
2114,M_truncatula_A17,LOC_00051320,3509
2114,M_truncatula_HM078,Mtrun037672,3477
2115,M_arabica,Mara043960,887
2115,M_lupulina,evm.TU.Chr08.3155,2329
2115,M_polymorpha,Mpoly033743,893
2115,M_ruthenica_landa,Mru010608,3097
2115,M_ruthenica_zhiwusuo,Mru038061,3266
2115,M_sativa_XJDY,Msa151649,1565
2115,M_sativa_ZM1,Msa050350,889
2115,M_sativa_ZM4_hap4,zm4.84G0041660,887
2115,M_sativa_ssp_caerulea_landa,Mca051285,1513
2115,M_sativa_ssp_caerulea_long,Mca048397,1564
2115,M_truncatula_A17,LOC_00051338,1532
2115,M_truncatula_HM078,Mtrun037689,1189
2135,M_arabica,Mara029502,8167
2135,M_lupulina,evm.TU.Chr06.201,6314
2135,M_polymorpha,Mpoly009778,14333
2135,M_ruthenica_landa,Mru017298,10626
2135,M_ruthenica_zhiwusuo,Mru039483,19528
2135,M_sativa_XJDY,Msa094110,10890
2135,M_sativa_ZM1,Msa030929,25516
2135,M_sativa_ZM4_hap4,zm4.74G0052390,15099
2135,M_sativa_ssp_caerulea_landa,Mca052820,4749
2135,M_sativa_ssp_caerulea_long,Mca021539,19592
2135,M_truncatula_A17,LOC_00007757,8075
2135,M_truncatula_HM078,Mtrun024008,11501
2167,M_arabica,Mara043528,7065
2167,M_lupulina,evm.TU.Chr08.2749,7679
2167,M_polymorpha,Mpoly010702,8675
2167,M_ruthenica_landa,Mru004157,1406
2167,M_ruthenica_zhiwusuo,Mru053611,7541
2167,M_sativa_XJDY,Msa151191,6700
2167,M_sativa_ZM1,Msa035073,8344
2167,M_sativa_ZM4_hap4,zm4.71G0038220,10787
2167,M_sativa_ssp_caerulea_landa,Mca050851,6689
2167,M_sativa_ssp_caerulea_long,Mca048952,12467
2167,M_truncatula_A17,LOC_00050814,7206
2167,M_truncatula_HM078,Mtrun037312,7210
2177,M_arabica,Mara039852,6220
2177,M_lupulina,evm.TU.Chr07.4497,7480
2177,M_polymorpha,Mpoly016283,4965
2177,M_ruthenica_landa,Mru012070,15294
2177,M_ruthenica_zhiwusuo,Mru052216,23502
2177,M_sativa_XJDY,Msa150963,16311
2177,M_sativa_ZM1,Msa009958,17217
2177,M_sativa_ZM4_hap4,zm4.74G0015540,28115
2177,M_sativa_ssp_caerulea_landa,Mca052322,4577
2177,M_sativa_ssp_caerulea_long,Mca031161,35732
2177,M_truncatula_A17,LOC_00001948,7008
2177,M_truncatula_HM078,Mtrun027517,11857
2183,M_arabica,Mara039972,22344
2183,M_lupulina,evm.TU.Chr07.4597,22367
2183,M_polymorpha,Mpoly030560,22653
2183,M_ruthenica_landa,Mru013139,6893
2183,M_ruthenica_zhiwusuo,Mru053389,5048
2183,M_sativa_XJDY,Msa130531,23126
2183,M_sativa_ZM1,Msa045756,23776
2183,M_sativa_ZM4_hap4,zm4.74G0065440,27301
2183,M_sativa_ssp_caerulea_landa,Mca053132,6007
2183,M_sativa_ssp_caerulea_long,Mca043058,23360
2183,M_truncatula_A17,LOC_00046466,15129
2183,M_truncatula_HM078,Mtrun034252,23698
2237,M_arabica,Mara001071,8810
2237,M_lupulina,evm.TU.Chr08.4471,8656
2237,M_polymorpha,Mpoly000996,11915
2237,M_ruthenica_landa,Mru001248,49760
2237,M_ruthenica_zhiwusuo,Mru041192,17921
2237,M_sativa_XJDY,Msa113507,15027
2237,M_sativa_ZM1,Msa001150,23675
2237,M_sativa_ZM4_hap4,zm4.14G0011040,11927
2237,M_sativa_ssp_caerulea_landa,Mca052911,8338
2237,M_sativa_ssp_caerulea_long,Mca038188,27143
2237,M_truncatula_A17,LOC_00021418,12070
2237,M_truncatula_HM078,Mtrun027933,13561
2268,M_arabica,Mara043814,11534
2268,M_lupulina,evm.TU.Chr07.1492,9300
2268,M_polymorpha,Mpoly014413,11986
2268,M_ruthenica_landa,Mru002888,7714
2268,M_ruthenica_zhiwusuo,Mru051185,20200
2268,M_sativa_XJDY,Msa129222,17289
2268,M_sativa_ZM1,Msa049014,18733
2268,M_sativa_ZM4_hap4,zm4.84G0018830,11764
2268,M_sativa_ssp_caerulea_landa,Mca050806,17572
2268,M_sativa_ssp_caerulea_long,Mca045913,15137
2268,M_truncatula_A17,LOC_00041699,10688
2268,M_truncatula_HM078,Mtrun030966,11356
2435,M_arabica,Mara043624,4921
2435,M_lupulina,evm.TU.Chr08.2861,4501
2435,M_polymorpha,Mpoly022973,5813
2435,M_ruthenica_landa,Mru015258,14001
2435,M_ruthenica_zhiwusuo,Mru042018,11152
2435,M_sativa_XJDY,Msa152429,6331
2435,M_sativa_ZM1,Msa048015,24846
2435,M_sativa_ZM4_hap4,zm4.14G0059360,23512
2435,M_sativa_ssp_caerulea_landa,Mca050953,5173
2435,M_sativa_ssp_caerulea_long,Mca009645,17625
2435,M_truncatula_A17,LOC_00050946,5134
2435,M_truncatula_HM078,Mtrun011643,12212
2439,M_arabica,Mara008949,10803
2439,M_lupulina,evm.TU.Chr07.4097,3706
2439,M_polymorpha,Mpoly007294,10168
2439,M_ruthenica_landa,Mru018026,12580
2439,M_ruthenica_zhiwusuo,Mru047022,18522
2439,M_sativa_XJDY,Msa139915,8896
2439,M_sativa_ZM1,Msa021525,17833
2439,M_sativa_ZM4_hap4,zm4.34G0016590,17309
2439,M_sativa_ssp_caerulea_landa,Mca051206,1064
2439,M_sativa_ssp_caerulea_long,Mca015646,20856
2439,M_truncatula_A17,LOC_00016954,10833
2439,M_truncatula_HM078,Mtrun031381,13813
2463,M_arabica,Mara040877,16166
2463,M_lupulina,evm.TU.Chr08.651,17944
2463,M_polymorpha,Mpoly031354,19279
2463,M_ruthenica_landa,Mru003813,13447
2463,M_ruthenica_zhiwusuo,Mru050193,24624
2463,M_sativa_XJDY,Msa148559,20220
2463,M_sativa_ZM1,Msa001773,19810
2463,M_sativa_ZM4_hap4,zm4.84G0008380,19902
2463,M_sativa_ssp_caerulea_landa,Mca052605,661
2463,M_sativa_ssp_caerulea_long,Mca044947,20274
2463,M_truncatula_A17,LOC_00047741,18567
2463,M_truncatula_HM078,Mtrun035139,19297
2511,M_arabica,Mara024663,7263
2511,M_lupulina,evm.TU.Chr06.3139,12533
2511,M_polymorpha,Mpoly009242,6575
2511,M_ruthenica_landa,Mru017263,4139
2511,M_ruthenica_zhiwusuo,Mru034677,9221
2511,M_sativa_XJDY,Msa111072,10750
2511,M_sativa_ZM1,Msa035409,16092
2511,M_sativa_ZM4_hap4,zm4.42G0029650,9518
2511,M_sativa_ssp_caerulea_landa,Mca052785,1937
2511,M_sativa_ssp_caerulea_long,Mca032769,10728
2511,M_truncatula_A17,LOC_00012797,6849
2511,M_truncatula_HM078,Mtrun010954,9612
2520,M_arabica,Mara044247,1565
2520,M_lupulina,evm.TU.Chr08.1034,2768
2520,M_polymorpha,Mpoly027787,2315
2520,M_ruthenica_landa,Mru015365,22046
2520,M_ruthenica_zhiwusuo,Mru020262,15452
2520,M_sativa_XJDY,Msa149108,2859
2520,M_sativa_ZM1,Msa037376,3825
2520,M_sativa_ZM4_hap4,zm4.44G0048610,2920
2520,M_sativa_ssp_caerulea_landa,Mca051576,1568
2520,M_sativa_ssp_caerulea_long,Mca020019,2920
2520,M_truncatula_A17,LOC_00051657,1565
2520,M_truncatula_HM078,Mtrun037959,1565
2550,M_arabica,Mara028365,8778
2550,M_lupulina,evm.TU.Chr08.1243,19565
2550,M_polymorpha,Mpoly031902,8433
2550,M_ruthenica_landa,Mru012077,26753
2550,M_ruthenica_zhiwusuo,Mru032914,17901
2550,M_sativa_XJDY,Msa093105,13561
2550,M_sativa_ZM1,Msa040479,12586
2550,M_sativa_ZM4_hap4,zm4.74G0012450,11302
2550,M_sativa_ssp_caerulea_landa,Mca051544,3595
2550,M_sativa_ssp_caerulea_long,Mca048762,16984
2550,M_truncatula_A17,LOC_00040291,11320
2550,M_truncatula_HM078,Mtrun030009,11353
2656,M_arabica,Mara029074,8280
2656,M_lupulina,evm.TU.Chr06.647,4649
2656,M_polymorpha,Mpoly010798,7254
2656,M_ruthenica_landa,Mru011667,696
2656,M_ruthenica_zhiwusuo,Mru036287,19048
2656,M_sativa_XJDY,Msa113212,18140
2656,M_sativa_ZM1,Msa006725,23111
2656,M_sativa_ZM4_hap4,zm4.34G0015100,30468
2656,M_sativa_ssp_caerulea_landa,Mca051704,4633
2656,M_sativa_ssp_caerulea_long,Mca048978,15877
2656,M_truncatula_A17,LOC_00024834,7142
2656,M_truncatula_HM078,Mtrun000047,9552
2751,M_arabica,Mara022614,3346
2751,M_lupulina,evm.TU.Chr07.2515,3077
2751,M_polymorpha,Mpoly022531,4528
2751,M_ruthenica_landa,Mru019112,290
2751,M_ruthenica_zhiwusuo,Mru028046,4786
2751,M_sativa_XJDY,Msa111362,13166
2751,M_sativa_ZM1,Msa039855,18828
2751,M_sativa_ZM4_hap4,zm4.24G0027640,22264
2751,M_sativa_ssp_caerulea_landa,Mca050535,2221
2751,M_sativa_ssp_caerulea_long,Mca039521,27274
2751,M_truncatula_A17,LOC_00005397,5397
2751,M_truncatula_HM078,Mtrun028908,12394
2897,M_arabica,Mara026063,13718
2897,M_lupulina,evm.TU.Chr08.1141,12123
2897,M_polymorpha,Mpoly031823,15313
2897,M_ruthenica_landa,Mru005763,4088
2897,M_ruthenica_zhiwusuo,Mru034583,15151
2897,M_sativa_XJDY,Msa151018,15895
2897,M_sativa_ZM1,Msa034749,15811
2897,M_sativa_ZM4_hap4,zm4.34G0022190,20670
2897,M_sativa_ssp_caerulea_landa,Mca050617,21232
2897,M_sativa_ssp_caerulea_long,Mca047744,18331
2897,M_truncatula_A17,LOC_00051662,9101
2897,M_truncatula_HM078,Mtrun035664,12471
3041,M_arabica,Mara012401,10344
3041,M_lupulina,evm.TU.Chr06.473,5631
3041,M_polymorpha,Mpoly021361,9975
3041,M_ruthenica_landa,Mru015355,10016
3041,M_ruthenica_zhiwusuo,Mru042830,4632
3041,M_sativa_XJDY,Msa067736,11737
3041,M_sativa_ZM1,Msa022163,18889
3041,M_sativa_ZM4_hap4,zm4.34G0021110,12732
3041,M_sativa_ssp_caerulea_landa,Mca051082,4398
3041,M_sativa_ssp_caerulea_long,Mca014166,13620
3041,M_truncatula_A17,LOC_00032885,10078
3041,M_truncatula_HM078,Mtrun010793,9672
3079,M_arabica,Mara016904,5434
3079,M_lupulina,evm.TU.Chr07.2670,1274
3079,M_polymorpha,Mpoly012827,7772
3079,M_ruthenica_landa,Mru009286,3495
3079,M_ruthenica_zhiwusuo,Mru054446,1417
3079,M_sativa_XJDY,Msa067829,12791
3079,M_sativa_ZM1,Msa021474,8251
3079,M_sativa_ZM4_hap4,zm4.74G0018130,8108
3079,M_sativa_ssp_caerulea_landa,Mca052417,4338
3079,M_sativa_ssp_caerulea_long,Mca035040,5613
3079,M_truncatula_A17,LOC_00014745,6971
3079,M_truncatula_HM078,Mtrun006227,4419
3086,M_arabica,Mara043619,4329
3086,M_lupulina,evm.TU.Chr08.2856,4499
3086,M_polymorpha,Mpoly033446,4499
3086,M_ruthenica_landa,Mru015800,7602
3086,M_ruthenica_zhiwusuo,Mru052405,8261
3086,M_sativa_XJDY,Msa151286,4660
3086,M_sativa_ZM1,Msa049995,4520
3086,M_sativa_ZM4_hap4,zm4.84G0038220,4185
3086,M_sativa_ssp_caerulea_landa,Mca050947,4356
3086,M_sativa_ssp_caerulea_long,Mca046020,7850
3086,M_truncatula_A17,LOC_00051975,5178
3086,M_truncatula_HM078,Mtrun037395,7969
3100,M_arabica,Mara036483,5915
3100,M_lupulina,evm.TU.Chr07.1514,6698
3100,M_polymorpha,Mpoly019978,42067
3100,M_ruthenica_landa,Mru002720,19225
3100,M_ruthenica_zhiwusuo,Mru034196,21145
3100,M_sativa_XJDY,Msa127110,5985
3100,M_sativa_ZM1,Msa007193,28315
3100,M_sativa_ZM4_hap4,zm4.24G0001820,6186
3100,M_sativa_ssp_caerulea_landa,Mca052472,3631
3100,M_sativa_ssp_caerulea_long,Mca006969,18902
3100,M_truncatula_A17,LOC_00016724,6844
3100,M_truncatula_HM078,Mtrun005626,10292
3104,M_arabica,Mara030435,13227
3104,M_lupulina,evm.TU.Chr07.4663,5323
3104,M_polymorpha,Mpoly030618,5568
3104,M_ruthenica_landa,Mru014843,2351
3104,M_ruthenica_zhiwusuo,Mru044693,13686
3104,M_sativa_XJDY,Msa095690,10953
3104,M_sativa_ZM1,Msa012483,17993
3104,M_sativa_ZM4_hap4,zm4.81G0060900,33391
3104,M_sativa_ssp_caerulea_landa,Mca052123,8303
3104,M_sativa_ssp_caerulea_long,Mca039328,14144
3104,M_truncatula_A17,LOC_00046544,4865
3104,M_truncatula_HM078,Mtrun002700,10317
3118,M_arabica,Mara042720,8265
3118,M_lupulina,evm.TU.Chr08.2078,10289
3118,M_polymorpha,Mpoly032916,18463
3118,M_ruthenica_landa,Mru006502,14197
3118,M_ruthenica_zhiwusuo,Mru052403,7351
3118,M_sativa_XJDY,Msa129941,17986
3118,M_sativa_ZM1,Msa049341,22847
3118,M_sativa_ZM4_hap4,zm4.44G0035780,21096
3118,M_sativa_ssp_caerulea_landa,Mca053203,3697
3118,M_sativa_ssp_caerulea_long,Mca047472,28284
3118,M_truncatula_A17,LOC_00049788,7749
3118,M_truncatula_HM078,Mtrun036847,16379
3169,M_arabica,Mara041416,4000
3169,M_lupulina,evm.TU.Chr08.1083,4268
3169,M_polymorpha,Mpoly031766,6993
3169,M_ruthenica_landa,Mru006339,365
3169,M_ruthenica_zhiwusuo,Mru056105,2852
3169,M_sativa_XJDY,Msa068835,5182
3169,M_sativa_ZM1,Msa010236,14662
3169,M_sativa_ZM4_hap4,zm4.84G0015050,4869
3169,M_sativa_ssp_caerulea_landa,Mca052427,2014
3169,M_sativa_ssp_caerulea_long,Mca048507,5827
3169,M_truncatula_A17,LOC_00048392,4279
3169,M_truncatula_HM078,Mtrun028558,11613
3204,M_arabica,Mara037868,3694
3204,M_lupulina,evm.TU.Chr07.2790,6059
3204,M_polymorpha,Mpoly028788,4419
3204,M_ruthenica_landa,Mru004102,701
3204,M_ruthenica_zhiwusuo,Mru026907,8164
3204,M_sativa_XJDY,Msa148456,2571
3204,M_sativa_ZM1,Msa043605,3592
3204,M_sativa_ZM4_hap4,zm4.74G0051190,3207
3204,M_sativa_ssp_caerulea_landa,Mca050699,621
3204,M_sativa_ssp_caerulea_long,Mca044815,5908
3204,M_truncatula_A17,LOC_00043727,5468
3204,M_truncatula_HM078,Mtrun032282,5393
3245,M_arabica,Mara044666,8815
3245,M_lupulina,evm.TU.Chr08.3776,19445
3245,M_polymorpha,Mpoly034369,8191
3245,M_ruthenica_landa,Mru018225,1411
3245,M_ruthenica_zhiwusuo,Mru032018,9848
3245,M_sativa_XJDY,Msa152533,10839
3245,M_sativa_ZM1,Msa051107,6410
3245,M_sativa_ZM4_hap4,zm4.84G0049080,10195
3245,M_sativa_ssp_caerulea_landa,Mca052084,9166
3245,M_sativa_ssp_caerulea_long,Mca049209,9161
3245,M_truncatula_A17,LOC_00052153,10601
3245,M_truncatula_HM078,Mtrun038369,10073
3259,M_arabica,Mara045739,10298
3259,M_lupulina,evm.TU.Chr08.4653,10270
3259,M_polymorpha,Mpoly035243,9998
3259,M_ruthenica_landa,Mru055499,10355
3259,M_ruthenica_zhiwusuo,Mru054668,12244
3259,M_sativa_XJDY,Msa153474,10613
3259,M_sativa_ZM1,Msa052230,10339
3259,M_sativa_ZM4_hap4,zm4.84G0059840,10161
3259,M_sativa_ssp_caerulea_landa,Mca053138,10436
3259,M_sativa_ssp_caerulea_long,Mca050227,10552
3259,M_truncatula_A17,LOC_00053395,10321
3259,M_truncatula_HM078,Mtrun039328,10229
3286,M_arabica,Mara045887,2681
3286,M_lupulina,evm.TU.Chr08.4837,6662
3286,M_polymorpha,Mpoly035387,2839
3286,M_ruthenica_landa,Mru009218,3132
3286,M_ruthenica_zhiwusuo,Mru056411,6211
3286,M_sativa_XJDY,Msa153616,6015
3286,M_sativa_ZM1,Msa008226,4457
3286,M_sativa_ZM4_hap4,zm4.84G0030960,3439
3286,M_sativa_ssp_caerulea_landa,Mca053280,5965
3286,M_sativa_ssp_caerulea_long,Mca050274,5922
3286,M_truncatula_A17,LOC_00053582,5859
3286,M_truncatula_HM078,Mtrun039464,5798
3438,M_arabica,Mara040979,6299
3438,M_lupulina,evm.TU.Chr08.731,5696
3438,M_polymorpha,Mpoly015639,9336
3438,M_ruthenica_landa,Mru015006,1165
3438,M_ruthenica_zhiwusuo,Mru027146,7437
3438,M_sativa_XJDY,Msa093067,10715
3438,M_sativa_ZM1,Msa030627,17797
3438,M_sativa_ZM4_hap4,zm4.44G0039040,28191
3438,M_sativa_ssp_caerulea_landa,Mca050990,1871
3438,M_sativa_ssp_caerulea_long,Mca030285,13763
3438,M_truncatula_A17,LOC_00047882,6159
3438,M_truncatula_HM078,Mtrun026614,8057
3510,M_arabica,Mara043340,3414
3510,M_lupulina,evm.TU.Chr08.2584,3761
3510,M_polymorpha,Mpoly011246,3797
3510,M_ruthenica_landa,Mru018676,20828
3510,M_ruthenica_zhiwusuo,Mru053349,9155
3510,M_sativa_XJDY,Msa151045,4331
3510,M_sativa_ZM1,Msa046042,12126
3510,M_sativa_ZM4_hap4,zm4.84G0035340,3934
3510,M_sativa_ssp_caerulea_landa,Mca050649,4104
3510,M_sativa_ssp_caerulea_long,Mca047785,4928
3510,M_truncatula_A17,LOC_00050585,4322
3510,M_truncatula_HM078,Mtrun037143,4337
3538,M_arabica,Mara026154,2620
3538,M_lupulina,evm.TU.Chr08.3012,2390
3538,M_polymorpha,Mpoly033603,8422
3538,M_ruthenica_landa,Mru014362,836
3538,M_ruthenica_zhiwusuo,Mru051546,7580
3538,M_sativa_XJDY,Msa112392,5191
3538,M_sativa_ZM1,Msa019090,13392
3538,M_sativa_ZM4_hap4,zm4.74G0022600,3285
3538,M_sativa_ssp_caerulea_landa,Mca051121,1686
3538,M_sativa_ssp_caerulea_long,Mca012189,10484
3538,M_truncatula_A17,LOC_00039441,2912
3538,M_truncatula_HM078,Mtrun011708,3968
4306,M_arabica,Mara042571,4929
4306,M_lupulina,evm.TU.Chr08.1966,3947
4306,M_polymorpha,Mpoly032594,2442
4306,M_ruthenica_landa,Mru055498,4683
4306,M_ruthenica_zhiwusuo,Mru033573,3537
4306,M_sativa_XJDY,Msa150206,12894
4306,M_sativa_ZM1,Msa014945,26688
4306,M_sativa_ZM4_hap4,zm4.84G0026550,5138
4306,M_sativa_ssp_caerulea_landa,Mca052571,2477
4306,M_sativa_ssp_caerulea_long,Mca046845,5482
4306,M_truncatula_A17,LOC_00049676,5306
4306,M_truncatula_HM078,Mtrun036572,4947
4560,M_arabica,Mara044677,6104
4560,M_lupulina,evm.TU.Chr08.3784,10058
4560,M_polymorpha,Mpoly034379,10286
4560,M_ruthenica_landa,Mru011052,6123
4560,M_ruthenica_zhiwusuo,Mru044758,17204
4560,M_sativa_XJDY,Msa128798,6601
4560,M_sativa_ZM1,Msa050205,22680
4560,M_sativa_ZM4_hap4,zm4.84G0049190,10564
4560,M_sativa_ssp_caerulea_landa,Mca052096,11243
4560,M_sativa_ssp_caerulea_long,Mca049242,9897
4560,M_truncatula_A17,LOC_00052165,9999
4560,M_truncatula_HM078,Mtrun038384,10195
4719,M_arabica,Mara040850,855
4719,M_lupulina,evm.TU.Chr08.3702,18188
4719,M_polymorpha,Mpoly034287,7659
4719,M_ruthenica_landa,Mru002711,2668
4719,M_ruthenica_zhiwusuo,Mru053849,13319
4719,M_sativa_XJDY,Msa152333,20136
4719,M_sativa_ZM1,Msa050942,20036
4719,M_sativa_ZM4_hap4,zm4.14G0016100,1334
4719,M_sativa_ssp_caerulea_landa,Mca051350,1349
4719,M_sativa_ssp_caerulea_long,Mca034553,3437
4719,M_truncatula_A17,LOC_00029786,7322
4719,M_truncatula_HM078,Mtrun027664,7438
4727,M_arabica,Mara044199,4113
4727,M_lupulina,evm.TU.Chr08.3356,4229
4727,M_polymorpha,Mpoly031883,4223
4727,M_ruthenica_landa,Mru035361,1389
4727,M_ruthenica_zhiwusuo,Mru050845,11933
4727,M_sativa_XJDY,Msa151927,4193
4727,M_sativa_ZM1,Msa050537,4084
4727,M_sativa_ZM4_hap4,zm4.84G0044060,3822
4727,M_sativa_ssp_caerulea_landa,Mca051526,3894
4727,M_sativa_ssp_caerulea_long,Mca048672,4179
4727,M_truncatula_A17,LOC_00051596,4260
4727,M_truncatula_HM078,Mtrun037905,4097
4755,M_arabica,Mara045660,4660
4755,M_lupulina,evm.TU.Chr08.4586,5248
4755,M_polymorpha,Mpoly035171,4724
4755,M_ruthenica_landa,Mru015594,10042
4755,M_ruthenica_zhiwusuo,Mru056131,5027
4755,M_sativa_XJDY,Msa153399,5094
4755,M_sativa_ZM1,Msa014236,2291
4755,M_sativa_ZM4_hap4,zm4.84G0059040,4710
4755,M_sativa_ssp_caerulea_landa,Mca053056,5039
4755,M_sativa_ssp_caerulea_long,Mca050145,5043
4755,M_truncatula_A17,LOC_00053299,4646
4755,M_truncatula_HM078,Mtrun039258,4980
(6732 rows)
